Patient_ID,Cancer_Type,Cancer_Category,N_Severe_Mutations,N_Severe_Driver_Mutations,Age,Sex,Tumour_Stage,Genetic_Ancestry
TCGA-2F-A9KO,Bladder_Urothelial_Carcinoma,urinary,49,5.0,63.0,Male,STAGE IV,EUR
TCGA-2F-A9KP,Bladder_Urothelial_Carcinoma,urinary,15,2.0,66.0,Male,STAGE IV,EUR
TCGA-2F-A9KQ,Bladder_Urothelial_Carcinoma,urinary,5,2.0,69.0,Male,STAGE III,EUR
TCGA-2F-A9KR,Bladder_Urothelial_Carcinoma,urinary,24,2.0,59.0,Female,STAGE III,EUR
TCGA-2F-A9KT,Bladder_Urothelial_Carcinoma,urinary,44,3.0,83.0,Male,STAGE II,EUR
TCGA-2F-A9KW,Bladder_Urothelial_Carcinoma,urinary,8,0.0,67.0,Female,STAGE III,EUR
TCGA-4Z-AA7M,Bladder_Urothelial_Carcinoma,urinary,53,2.0,65.0,Male,STAGE III,EUR
TCGA-4Z-AA7N,Bladder_Urothelial_Carcinoma,urinary,2,0.0,65.0,Male,STAGE III,EUR
TCGA-4Z-AA7O,Bladder_Urothelial_Carcinoma,urinary,16,3.0,64.0,Male,STAGE II, 
TCGA-4Z-AA7Q,Bladder_Urothelial_Carcinoma,urinary,24,1.0,79.0,Male,STAGE III,EUR
TCGA-4Z-AA7R,Bladder_Urothelial_Carcinoma,urinary,32,5.0,73.0,Male,STAGE IV, 
TCGA-4Z-AA7S,Bladder_Urothelial_Carcinoma,urinary,6,1.0,66.0,Male,STAGE III, 
TCGA-4Z-AA7W,Bladder_Urothelial_Carcinoma,urinary,54,5.0,55.0,Male,STAGE II,EUR
TCGA-4Z-AA7Y,Bladder_Urothelial_Carcinoma,urinary,35,3.0,60.0,Male,STAGE II,EUR
TCGA-4Z-AA80,Bladder_Urothelial_Carcinoma,urinary,40,2.0,73.0,Male,STAGE II,EUR
TCGA-4Z-AA81,Bladder_Urothelial_Carcinoma,urinary,25,4.0,80.0,Male,STAGE II, 
TCGA-4Z-AA82,Bladder_Urothelial_Carcinoma,urinary,11,2.0,59.0,Male,STAGE IV, 
TCGA-4Z-AA83,Bladder_Urothelial_Carcinoma,urinary,11,4.0,52.0,Male,STAGE II,EUR
TCGA-4Z-AA84,Bladder_Urothelial_Carcinoma,urinary,40,7.0,61.0,Male,STAGE IV,EUR
TCGA-4Z-AA86,Bladder_Urothelial_Carcinoma,urinary,22,3.0,66.0,Male,STAGE IV,AFR_ADMIX
TCGA-4Z-AA87,Bladder_Urothelial_Carcinoma,urinary,28,0.0,72.0,Male,STAGE III, 
TCGA-4Z-AA89,Bladder_Urothelial_Carcinoma,urinary,24,2.0,60.0,Male,STAGE IV, 
TCGA-5N-A9KI,Bladder_Urothelial_Carcinoma,urinary,17,3.0,76.0,Female,STAGE III,EUR
TCGA-5N-A9KM,Bladder_Urothelial_Carcinoma,urinary,24,4.0,73.0,Female,STAGE III,EUR
TCGA-BL-A0C8,Bladder_Urothelial_Carcinoma,urinary,13,1.0,73.0,Male,STAGE I,EUR
TCGA-BL-A13I,Bladder_Urothelial_Carcinoma,urinary,9,1.0,57.0,Female,STAGE III,EUR
TCGA-BL-A13J,Bladder_Urothelial_Carcinoma,urinary,10,0.0,65.0,Male,STAGE IV,EUR
TCGA-BL-A3JM,Bladder_Urothelial_Carcinoma,urinary,20,3.0,62.0,Male,STAGE III,EUR
TCGA-BL-A5ZZ,Bladder_Urothelial_Carcinoma,urinary,24,5.0,80.0,Female,STAGE III,EUR
TCGA-BT-A0S7,Bladder_Urothelial_Carcinoma,urinary,8,1.0,75.0,Male,STAGE III,EUR
TCGA-BT-A0YX,Bladder_Urothelial_Carcinoma,urinary,52,3.0,70.0,Female,STAGE III,EUR
TCGA-BT-A20J,Bladder_Urothelial_Carcinoma,urinary,35,5.0,75.0,Male,STAGE II,EUR
TCGA-BT-A20N,Bladder_Urothelial_Carcinoma,urinary,25,2.0,72.0,Male,STAGE III,EUR
TCGA-BT-A20O,Bladder_Urothelial_Carcinoma,urinary,17,3.0,75.0,Male,STAGE III,EUR
TCGA-BT-A20P,Bladder_Urothelial_Carcinoma,urinary,14,3.0,81.0,Female,STAGE III,EUR
TCGA-BT-A20Q,Bladder_Urothelial_Carcinoma,urinary,18,4.0,73.0,Male,STAGE IV,EUR
TCGA-BT-A20R,Bladder_Urothelial_Carcinoma,urinary,28,4.0,79.0,Female,STAGE IV,EUR
TCGA-BT-A20T,Bladder_Urothelial_Carcinoma,urinary,29,4.0,63.0,Male,STAGE IV,EUR
TCGA-BT-A20U,Bladder_Urothelial_Carcinoma,urinary,10,1.0,70.0,Female,STAGE III,EUR
TCGA-BT-A20V,Bladder_Urothelial_Carcinoma,urinary,11,0.0,59.0,Female,STAGE IV,AFR_ADMIX
TCGA-BT-A20W,Bladder_Urothelial_Carcinoma,urinary,6,0.0,71.0,Male,STAGE II,EUR
TCGA-BT-A20X,Bladder_Urothelial_Carcinoma,urinary,6,3.0,56.0,Male,STAGE IV,EUR
TCGA-BT-A2LA,Bladder_Urothelial_Carcinoma,urinary,17,2.0,54.0,Male,STAGE III,EUR
TCGA-BT-A2LB,Bladder_Urothelial_Carcinoma,urinary,56,9.0,73.0,Female,STAGE III,EUR
TCGA-BT-A2LD,Bladder_Urothelial_Carcinoma,urinary,10,3.0,78.0,Female,STAGE IV,EUR
TCGA-BT-A3PH,Bladder_Urothelial_Carcinoma,urinary,48,3.0,76.0,Male,STAGE IV,EUR
TCGA-BT-A3PJ,Bladder_Urothelial_Carcinoma,urinary,46,3.0,76.0,Male,STAGE III,EUR
TCGA-BT-A3PK,Bladder_Urothelial_Carcinoma,urinary,29,2.0,80.0,Male,STAGE II,EUR
TCGA-BT-A42B,Bladder_Urothelial_Carcinoma,urinary,10,4.0,59.0,Male,STAGE IV,EUR
TCGA-BT-A42C,Bladder_Urothelial_Carcinoma,urinary,34,5.0,64.0,Male,STAGE II,EUR
TCGA-BT-A42E,Bladder_Urothelial_Carcinoma,urinary,16,2.0,74.0,Male,STAGE III,EUR
TCGA-BT-A42F,Bladder_Urothelial_Carcinoma,urinary,15,2.0,64.0,Male,STAGE IV,EUR
TCGA-C4-A0EZ,Bladder_Urothelial_Carcinoma,urinary,22,1.0,69.0,Female,STAGE IV,EUR
TCGA-C4-A0F0,Bladder_Urothelial_Carcinoma,urinary,17,1.0,60.0,Male,STAGE II,EUR
TCGA-C4-A0F1,Bladder_Urothelial_Carcinoma,urinary,15,6.0,71.0,Male,STAGE III,EUR
TCGA-C4-A0F6,Bladder_Urothelial_Carcinoma,urinary,16,3.0,82.0,Female,STAGE III,EUR
TCGA-C4-A0F7,Bladder_Urothelial_Carcinoma,urinary,8,2.0,77.0,Male,STAGE IV,EUR
TCGA-CF-A1HR,Bladder_Urothelial_Carcinoma,urinary,26,6.0,62.0,Male,STAGE III,EAS
TCGA-CF-A1HS,Bladder_Urothelial_Carcinoma,urinary,19,1.0,75.0,Female,STAGE III,EAS
TCGA-CF-A27C,Bladder_Urothelial_Carcinoma,urinary,22,6.0,52.0,Male,STAGE III,EAS
TCGA-CF-A3MF,Bladder_Urothelial_Carcinoma,urinary,4,2.0,34.0,Male,STAGE III,EAS
TCGA-CF-A3MG,Bladder_Urothelial_Carcinoma,urinary,21,1.0,48.0,Male,STAGE II,EAS
TCGA-CF-A3MH,Bladder_Urothelial_Carcinoma,urinary,5,0.0,75.0,Male,STAGE II,EAS
TCGA-CF-A3MI,Bladder_Urothelial_Carcinoma,urinary,5,1.0,62.0,Male,STAGE II,EAS
TCGA-CF-A47S,Bladder_Urothelial_Carcinoma,urinary,9,0.0,41.0,Male,STAGE II,EAS
TCGA-CF-A47T,Bladder_Urothelial_Carcinoma,urinary,8,2.0,58.0,Female,STAGE II,EAS
TCGA-CF-A47V,Bladder_Urothelial_Carcinoma,urinary,2,0.0,52.0,Male,STAGE II,EAS
TCGA-CF-A47W,Bladder_Urothelial_Carcinoma,urinary,4,3.0,42.0,Male,STAGE II,EAS
TCGA-CF-A47X,Bladder_Urothelial_Carcinoma,urinary,33,3.0,60.0,Male,STAGE II,EAS
TCGA-CF-A47Y,Bladder_Urothelial_Carcinoma,urinary,10,2.0,55.0,Male,STAGE II,EAS
TCGA-CF-A5U8,Bladder_Urothelial_Carcinoma,urinary,4,1.0,59.0,Male,STAGE II,EAS
TCGA-CF-A5UA,Bladder_Urothelial_Carcinoma,urinary,4,0.0,67.0,Male,STAGE II,EAS
TCGA-CF-A7I0,Bladder_Urothelial_Carcinoma,urinary,4,1.0,54.0,Male,STAGE II,EAS
TCGA-CF-A8HX,Bladder_Urothelial_Carcinoma,urinary,3,0.0,55.0,Female,STAGE II,EAS
TCGA-CF-A8HY,Bladder_Urothelial_Carcinoma,urinary,16,1.0,59.0,Male,STAGE II,EAS
TCGA-CF-A9FF,Bladder_Urothelial_Carcinoma,urinary,26,4.0,52.0,Male,STAGE II,EAS
TCGA-CF-A9FH,Bladder_Urothelial_Carcinoma,urinary,5,1.0,85.0,Male,STAGE II,EAS
TCGA-CF-A9FL,Bladder_Urothelial_Carcinoma,urinary,14,3.0,85.0,Male,STAGE III,EAS
TCGA-CF-A9FM,Bladder_Urothelial_Carcinoma,urinary,4,0.0,50.0,Male,STAGE I,EAS
TCGA-CU-A0YN,Bladder_Urothelial_Carcinoma,urinary,16,0.0,60.0,Male,STAGE III,EUR
TCGA-CU-A0YO,Bladder_Urothelial_Carcinoma,urinary,16,2.0,84.0,Male,STAGE IV,EUR
TCGA-CU-A0YR,Bladder_Urothelial_Carcinoma,urinary,17,1.0,83.0,Male,STAGE IV,EUR
TCGA-CU-A3KJ,Bladder_Urothelial_Carcinoma,urinary,18,3.0,75.0,Male,STAGE III,EUR
TCGA-CU-A3QU,Bladder_Urothelial_Carcinoma,urinary,11,3.0,58.0,Male,STAGE IV,EUR
TCGA-CU-A3YL,Bladder_Urothelial_Carcinoma,urinary,22,6.0,67.0,Male,STAGE III,EUR
TCGA-CU-A5W6,Bladder_Urothelial_Carcinoma,urinary,18,2.0,70.0,Male,STAGE III,EUR
TCGA-CU-A72E,Bladder_Urothelial_Carcinoma,urinary,15,3.0,76.0,Male,STAGE IV,EUR
TCGA-DK-A1A3,Bladder_Urothelial_Carcinoma,urinary,61,6.0,60.0,Male,STAGE IV,EUR
TCGA-DK-A1A5,Bladder_Urothelial_Carcinoma,urinary,19,1.0,79.0,Male,STAGE II,EUR
TCGA-DK-A1A7,Bladder_Urothelial_Carcinoma,urinary,27,2.0,67.0,Female,STAGE IV,EUR
TCGA-DK-A1AA,Bladder_Urothelial_Carcinoma,urinary,11,3.0,57.0,Male,STAGE III,EUR
TCGA-DK-A1AB,Bladder_Urothelial_Carcinoma,urinary,21,2.0,74.0,Female,STAGE IV,EUR
TCGA-DK-A1AC,Bladder_Urothelial_Carcinoma,urinary,130,4.0,72.0,Male,STAGE III,EUR
TCGA-DK-A1AD,Bladder_Urothelial_Carcinoma,urinary,20,3.0,69.0,Male,STAGE IV,EUR
TCGA-DK-A1AE,Bladder_Urothelial_Carcinoma,urinary,11,4.0,84.0,Male,STAGE III,EUR
TCGA-DK-A1AF,Bladder_Urothelial_Carcinoma,urinary,7,1.0,84.0,Female,STAGE IV,EUR
TCGA-DK-A1AG,Bladder_Urothelial_Carcinoma,urinary,21,3.0,65.0,Male,STAGE III,EUR
TCGA-DK-A2HX,Bladder_Urothelial_Carcinoma,urinary,15,3.0,80.0,Female,STAGE IV,EUR
TCGA-DK-A2I1,Bladder_Urothelial_Carcinoma,urinary,27,1.0,73.0,Female,STAGE II,EUR
TCGA-DK-A2I2,Bladder_Urothelial_Carcinoma,urinary,14,3.0,63.0,Female,STAGE IV,EUR
TCGA-DK-A2I4,Bladder_Urothelial_Carcinoma,urinary,88,4.0,79.0,Male,STAGE III,EUR
TCGA-DK-A2I6,Bladder_Urothelial_Carcinoma,urinary,23,4.0,81.0,Male,STAGE IV,EUR
TCGA-DK-A3IK,Bladder_Urothelial_Carcinoma,urinary,15,1.0,87.0,Male,STAGE IV,EUR
TCGA-DK-A3IL,Bladder_Urothelial_Carcinoma,urinary,13,1.0,79.0,Female,STAGE IV,EUR
TCGA-DK-A3IM,Bladder_Urothelial_Carcinoma,urinary,12,4.0,76.0,Male,STAGE III,EUR
TCGA-DK-A3IN,Bladder_Urothelial_Carcinoma,urinary,31,6.0,72.0,Male,STAGE III,EUR
TCGA-DK-A3IQ,Bladder_Urothelial_Carcinoma,urinary,17,0.0,74.0,Male,STAGE III,EUR
TCGA-DK-A3IS,Bladder_Urothelial_Carcinoma,urinary,34,6.0,68.0,Male,STAGE II,EUR
TCGA-DK-A3IT,Bladder_Urothelial_Carcinoma,urinary,45,1.0,62.0,Male,STAGE III,EUR
TCGA-DK-A3IU,Bladder_Urothelial_Carcinoma,urinary,36,3.0,58.0,Male,STAGE II,EUR
TCGA-DK-A3IV,Bladder_Urothelial_Carcinoma,urinary,8,1.0,60.0,Male,STAGE II,EUR
TCGA-DK-A3WW,Bladder_Urothelial_Carcinoma,urinary,112,9.0,57.0,Male,STAGE III,EUR
TCGA-DK-A3WX,Bladder_Urothelial_Carcinoma,urinary,3,0.0,67.0,Female,STAGE III,EUR
TCGA-DK-A3WY,Bladder_Urothelial_Carcinoma,urinary,4,0.0,67.0,Female,STAGE III,EUR
TCGA-DK-A3X1,Bladder_Urothelial_Carcinoma,urinary,91,8.0,78.0,Female,STAGE III,EUR
TCGA-DK-A3X2,Bladder_Urothelial_Carcinoma,urinary,15,4.0,85.0,Male,STAGE IV,EUR
TCGA-DK-A6AV,Bladder_Urothelial_Carcinoma,urinary,15,1.0,82.0,Female,STAGE II,EAS
TCGA-DK-A6AW,Bladder_Urothelial_Carcinoma,urinary,456,23.0,70.0,Male,STAGE II,EUR
TCGA-DK-A6B0,Bladder_Urothelial_Carcinoma,urinary,4,2.0,61.0,Male,STAGE II,EUR
TCGA-DK-A6B1,Bladder_Urothelial_Carcinoma,urinary,17,1.0,67.0,Male,STAGE II,EUR
TCGA-DK-A6B2,Bladder_Urothelial_Carcinoma,urinary,22,1.0,70.0,Male,STAGE IV,EUR
TCGA-DK-A6B5,Bladder_Urothelial_Carcinoma,urinary,12,3.0,45.0,Male,STAGE IV,EUR
TCGA-DK-A6B6,Bladder_Urothelial_Carcinoma,urinary,97,6.0,57.0,Male,STAGE II,EUR
TCGA-DK-AA6L,Bladder_Urothelial_Carcinoma,urinary,47,0.0,48.0,Male,STAGE IV,EUR
TCGA-DK-AA6M,Bladder_Urothelial_Carcinoma,urinary,9,4.0,64.0,Female,STAGE II,EUR
TCGA-DK-AA6P,Bladder_Urothelial_Carcinoma,urinary,27,3.0,72.0,Female,STAGE II,EUR
TCGA-DK-AA6Q,Bladder_Urothelial_Carcinoma,urinary,11,1.0,61.0,Female,STAGE IV, 
TCGA-DK-AA6R,Bladder_Urothelial_Carcinoma,urinary,34,2.0,68.0,Male,STAGE IV,EUR
TCGA-DK-AA6S,Bladder_Urothelial_Carcinoma,urinary,62,4.0,60.0,Male,STAGE III,EUR
TCGA-DK-AA6T,Bladder_Urothelial_Carcinoma,urinary,7,1.0,63.0,Male,STAGE II,EUR
TCGA-DK-AA6U,Bladder_Urothelial_Carcinoma,urinary,42,5.0,64.0,Male,STAGE II,EUR
TCGA-DK-AA6W,Bladder_Urothelial_Carcinoma,urinary,27,4.0,78.0,Male,STAGE II,EUR
TCGA-DK-AA6X,Bladder_Urothelial_Carcinoma,urinary,12,1.0,63.0,Male,STAGE II,EUR
TCGA-DK-AA71,Bladder_Urothelial_Carcinoma,urinary,53,6.0,71.0,Male,STAGE II,EUR
TCGA-DK-AA74,Bladder_Urothelial_Carcinoma,urinary,27,2.0,75.0,Male,STAGE III,EUR
TCGA-DK-AA75,Bladder_Urothelial_Carcinoma,urinary,43,1.0,82.0,Male,STAGE III,EUR
TCGA-DK-AA76,Bladder_Urothelial_Carcinoma,urinary,27,3.0,64.0,Female,STAGE II,EUR
TCGA-DK-AA77,Bladder_Urothelial_Carcinoma,urinary,22,0.0,61.0,Male,STAGE II, 
TCGA-E5-A2PC,Bladder_Urothelial_Carcinoma,urinary,18,2.0,61.0,Female,STAGE IV,EUR
TCGA-E5-A4TZ,Bladder_Urothelial_Carcinoma,urinary,44,0.0,64.0,Male,STAGE IV,EUR
TCGA-E5-A4U1,Bladder_Urothelial_Carcinoma,urinary,62,5.0,72.0,Male,STAGE II,EUR
TCGA-E7-A3X6,Bladder_Urothelial_Carcinoma,urinary,12,2.0,70.0,Male,STAGE II,EUR
TCGA-E7-A3Y1,Bladder_Urothelial_Carcinoma,urinary,28,6.0,57.0,Male,STAGE II,EUR
TCGA-E7-A4IJ,Bladder_Urothelial_Carcinoma,urinary,28,3.0,56.0,Male,STAGE II,EAS
TCGA-E7-A4XJ,Bladder_Urothelial_Carcinoma,urinary,7,3.0,66.0,Male,STAGE II,EAS
TCGA-E7-A519,Bladder_Urothelial_Carcinoma,urinary,12,4.0,72.0,Male,STAGE II,EUR
TCGA-E7-A541,Bladder_Urothelial_Carcinoma,urinary,41,2.0,66.0,Male,STAGE II,EUR
TCGA-E7-A5KE,Bladder_Urothelial_Carcinoma,urinary,20,2.0,78.0,Female,STAGE II,EAS
TCGA-E7-A5KF,Bladder_Urothelial_Carcinoma,urinary,19,5.0,67.0,Male,STAGE II,EAS
TCGA-E7-A677,Bladder_Urothelial_Carcinoma,urinary,21,2.0,81.0,Male,STAGE II,EAS
TCGA-E7-A678,Bladder_Urothelial_Carcinoma,urinary,4,1.0,55.0,Male,STAGE III,EAS
TCGA-E7-A6MD,Bladder_Urothelial_Carcinoma,urinary,40,1.0,66.0,Male,STAGE IV,EUR
TCGA-E7-A6ME,Bladder_Urothelial_Carcinoma,urinary,14,4.0,75.0,Male,STAGE II,EAS
TCGA-E7-A6MF,Bladder_Urothelial_Carcinoma,urinary,6,0.0,37.0,Male,STAGE II,EAS
TCGA-E7-A7DU,Bladder_Urothelial_Carcinoma,urinary,21,1.0,73.0,Male,STAGE III,EUR
TCGA-E7-A7DV,Bladder_Urothelial_Carcinoma,urinary,24,0.0,44.0,Male,STAGE IV,EUR
TCGA-E7-A7PW,Bladder_Urothelial_Carcinoma,urinary,7,0.0,63.0,Male,STAGE III,EAS
TCGA-E7-A7XN,Bladder_Urothelial_Carcinoma,urinary,79,11.0,66.0,Male,STAGE III,EAS
TCGA-E7-A85H,Bladder_Urothelial_Carcinoma,urinary,31,2.0,64.0,Male,STAGE III,EAS
TCGA-E7-A8O7,Bladder_Urothelial_Carcinoma,urinary,8,0.0,52.0,Male,STAGE II,EAS
TCGA-E7-A97P,Bladder_Urothelial_Carcinoma,urinary,28,0.0,73.0,Male,STAGE II,EAS
TCGA-E7-A97Q,Bladder_Urothelial_Carcinoma,urinary,14,5.0,60.0,Female,STAGE IV,EUR
TCGA-FD-A3B3,Bladder_Urothelial_Carcinoma,urinary,19,1.0,74.0,Female,STAGE III,EUR
TCGA-FD-A3B4,Bladder_Urothelial_Carcinoma,urinary,9,0.0,55.0,Female,STAGE III, 
TCGA-FD-A3B5,Bladder_Urothelial_Carcinoma,urinary,18,3.0,86.0,Male,STAGE IV, 
TCGA-FD-A3B6,Bladder_Urothelial_Carcinoma,urinary,35,2.0,75.0,Male,STAGE II,EUR
TCGA-FD-A3B7,Bladder_Urothelial_Carcinoma,urinary,9,2.0,66.0,Male,STAGE III, 
TCGA-FD-A3B8,Bladder_Urothelial_Carcinoma,urinary,3,2.0,56.0,Male,STAGE II, 
TCGA-FD-A3N5,Bladder_Urothelial_Carcinoma,urinary,29,3.0,69.0,Male,STAGE II, 
TCGA-FD-A3N6,Bladder_Urothelial_Carcinoma,urinary,12,3.0,43.0,Female,STAGE II, 
TCGA-FD-A3NA,Bladder_Urothelial_Carcinoma,urinary,15,1.0,60.0,Male,STAGE II,EUR
TCGA-FD-A3SJ,Bladder_Urothelial_Carcinoma,urinary,23,1.0,59.0,Male,STAGE IV,EUR
TCGA-FD-A3SL,Bladder_Urothelial_Carcinoma,urinary,24,6.0,60.0,Male,STAGE IV,EUR
TCGA-FD-A3SM,Bladder_Urothelial_Carcinoma,urinary,28,7.0,70.0,Male,STAGE IV,EUR
TCGA-FD-A3SN,Bladder_Urothelial_Carcinoma,urinary,41,5.0,79.0,Male,STAGE III, 
TCGA-FD-A3SO,Bladder_Urothelial_Carcinoma,urinary,35,7.0,68.0,Male,STAGE IV,EUR
TCGA-FD-A3SP,Bladder_Urothelial_Carcinoma,urinary,14,2.0,60.0,Male,STAGE III,EUR
TCGA-FD-A3SQ,Bladder_Urothelial_Carcinoma,urinary,14,2.0,62.0,Male,STAGE IV,EUR
TCGA-FD-A3SR,Bladder_Urothelial_Carcinoma,urinary,15,1.0,68.0,Male,STAGE IV,EUR
TCGA-FD-A3SS,Bladder_Urothelial_Carcinoma,urinary,41,1.0,66.0,Male,STAGE IV,EUR
TCGA-FD-A43N,Bladder_Urothelial_Carcinoma,urinary,18,2.0,76.0,Male,STAGE III,EUR
TCGA-FD-A43P,Bladder_Urothelial_Carcinoma,urinary,39,3.0,74.0,Male,STAGE II, 
TCGA-FD-A43U,Bladder_Urothelial_Carcinoma,urinary,3,0.0,70.0,Male,STAGE IV,EUR
TCGA-FD-A43X,Bladder_Urothelial_Carcinoma,urinary,41,2.0,84.0,Male,STAGE II,EUR
TCGA-FD-A43Y,Bladder_Urothelial_Carcinoma,urinary,9,1.0,65.0,Male,STAGE III,EUR
TCGA-FD-A5BR,Bladder_Urothelial_Carcinoma,urinary,11,1.0,57.0,Male,STAGE II,EUR
TCGA-FD-A5BT,Bladder_Urothelial_Carcinoma,urinary,11,1.0,84.0,Male,STAGE III,EUR
TCGA-FD-A5BU,Bladder_Urothelial_Carcinoma,urinary,8,1.0,76.0,Female,STAGE II, 
TCGA-FD-A5BV,Bladder_Urothelial_Carcinoma,urinary,11,4.0,47.0,Female,STAGE III, 
TCGA-FD-A5BX,Bladder_Urothelial_Carcinoma,urinary,31,4.0,82.0,Male,STAGE IV,EUR
TCGA-FD-A5BY,Bladder_Urothelial_Carcinoma,urinary,4,1.0,63.0,Female,STAGE III,EUR
TCGA-FD-A5BZ,Bladder_Urothelial_Carcinoma,urinary,5,0.0,77.0,Female,STAGE IV,EUR
TCGA-FD-A5C0,Bladder_Urothelial_Carcinoma,urinary,16,1.0,61.0,Male,STAGE IV,EUR
TCGA-FD-A5C1,Bladder_Urothelial_Carcinoma,urinary,12,2.0,61.0,Female,STAGE III,EUR
TCGA-FD-A62N,Bladder_Urothelial_Carcinoma,urinary,9,2.0,69.0,Male,STAGE III,SAS
TCGA-FD-A62O,Bladder_Urothelial_Carcinoma,urinary,18,4.0,74.0,Male,STAGE IV,EUR
TCGA-FD-A62P,Bladder_Urothelial_Carcinoma,urinary,36,2.0,76.0,Male,STAGE II,EUR
TCGA-FD-A62S,Bladder_Urothelial_Carcinoma,urinary,9,0.0,60.0,Female,STAGE III, 
TCGA-FD-A6TA,Bladder_Urothelial_Carcinoma,urinary,25,3.0,58.0,Male,STAGE IV,EUR
TCGA-FD-A6TB,Bladder_Urothelial_Carcinoma,urinary,20,3.0,82.0,Male,STAGE III,EUR
TCGA-FD-A6TC,Bladder_Urothelial_Carcinoma,urinary,89,6.0,79.0,Female,STAGE III, 
TCGA-FD-A6TD,Bladder_Urothelial_Carcinoma,urinary,15,2.0,77.0,Male,STAGE III,EUR
TCGA-FD-A6TE,Bladder_Urothelial_Carcinoma,urinary,26,3.0,54.0,Male,STAGE IV,EUR
TCGA-FD-A6TF,Bladder_Urothelial_Carcinoma,urinary,17,1.0,80.0,Female,STAGE IV,EUR
TCGA-FD-A6TG,Bladder_Urothelial_Carcinoma,urinary,31,3.0,73.0,Male,STAGE IV,EUR
TCGA-FD-A6TH,Bladder_Urothelial_Carcinoma,urinary,12,1.0,63.0,Male,STAGE IV,EUR
TCGA-FD-A6TI,Bladder_Urothelial_Carcinoma,urinary,7,2.0,73.0,Male,STAGE IV,EUR
TCGA-FD-A6TK,Bladder_Urothelial_Carcinoma,urinary,13,4.0,60.0,Male,STAGE III,EUR
TCGA-FJ-A3Z7,Bladder_Urothelial_Carcinoma,urinary,33,5.0,76.0,Male,STAGE IV,EUR
TCGA-FJ-A3Z9,Bladder_Urothelial_Carcinoma,urinary,10,5.0,72.0,Male,,EUR
TCGA-FJ-A3ZE,Bladder_Urothelial_Carcinoma,urinary,29,2.0,65.0,Male,STAGE IV,EUR
TCGA-FJ-A3ZF,Bladder_Urothelial_Carcinoma,urinary,22,2.0,73.0,Male,STAGE III,EUR
TCGA-FJ-A871,Bladder_Urothelial_Carcinoma,urinary,6,3.0,49.0,Male,STAGE III,EUR
TCGA-FT-A3EE,Bladder_Urothelial_Carcinoma,urinary,13,1.0,80.0,Female,STAGE III, 
TCGA-FT-A61P,Bladder_Urothelial_Carcinoma,urinary,13,1.0,76.0,Male,STAGE IV,EUR
TCGA-G2-A2EC,Bladder_Urothelial_Carcinoma,urinary,20,3.0,58.0,Female,STAGE II, 
TCGA-G2-A2EF,Bladder_Urothelial_Carcinoma,urinary,26,4.0,50.0,Male,STAGE II,EUR
TCGA-G2-A2EJ,Bladder_Urothelial_Carcinoma,urinary,30,2.0,56.0,Female,STAGE II,EUR
TCGA-G2-A2EK,Bladder_Urothelial_Carcinoma,urinary,7,2.0,57.0,Male,STAGE II,EUR
TCGA-G2-A2EL,Bladder_Urothelial_Carcinoma,urinary,25,6.0,77.0,Male,STAGE II,EUR
TCGA-G2-A2EO,Bladder_Urothelial_Carcinoma,urinary,76,6.0,69.0,Male,STAGE III,EUR
TCGA-G2-A2ES,Bladder_Urothelial_Carcinoma,urinary,42,3.0,85.0,Male,STAGE II,EUR
TCGA-G2-A3IB,Bladder_Urothelial_Carcinoma,urinary,9,4.0,66.0,Male,STAGE II, 
TCGA-G2-A3IE,Bladder_Urothelial_Carcinoma,urinary,42,2.0,51.0,Male,STAGE II,EUR
TCGA-G2-A3VY,Bladder_Urothelial_Carcinoma,urinary,73,2.0,66.0,Male,STAGE II,SAS_ADMIX
TCGA-G2-AA3B,Bladder_Urothelial_Carcinoma,urinary,63,3.0,75.0,Female,STAGE II,EUR
TCGA-G2-AA3C,Bladder_Urothelial_Carcinoma,urinary,24,1.0,66.0,Male,STAGE IV,EUR
TCGA-G2-AA3D,Bladder_Urothelial_Carcinoma,urinary,23,2.0,60.0,Male,STAGE IV,EUR
TCGA-G2-AA3F,Bladder_Urothelial_Carcinoma,urinary,18,4.0,77.0,Male,STAGE IV,EUR
TCGA-GC-A3BM,Bladder_Urothelial_Carcinoma,urinary,13,5.0,70.0,Male,STAGE II,EUR
TCGA-GC-A3I6,Bladder_Urothelial_Carcinoma,urinary,19,3.0,45.0,Male,STAGE III,EUR
TCGA-GC-A3OO,Bladder_Urothelial_Carcinoma,urinary,9,0.0,79.0,Male,STAGE II,EUR
TCGA-GC-A3RB,Bladder_Urothelial_Carcinoma,urinary,11,3.0,54.0,Male,STAGE III,EUR
TCGA-GC-A3RC,Bladder_Urothelial_Carcinoma,urinary,36,4.0,59.0,Male,STAGE II,EUR
TCGA-GC-A3RD,Bladder_Urothelial_Carcinoma,urinary,11,1.0,83.0,Female,STAGE III,EUR
TCGA-GC-A3WC,Bladder_Urothelial_Carcinoma,urinary,19,9.0,80.0,Female,STAGE III,EUR
TCGA-GC-A3YS,Bladder_Urothelial_Carcinoma,urinary,17,2.0,61.0,Male,STAGE IV,EUR
TCGA-GC-A4ZW,Bladder_Urothelial_Carcinoma,urinary,55,5.0,71.0,Male,STAGE III,EUR
TCGA-GC-A6I1,Bladder_Urothelial_Carcinoma,urinary,29,2.0,90.0,Female,STAGE II,EUR
TCGA-GC-A6I3,Bladder_Urothelial_Carcinoma,urinary,19,1.0,90.0,Female,STAGE IV, 
TCGA-GD-A2C5,Bladder_Urothelial_Carcinoma,urinary,30,2.0,53.0,Female,STAGE IV,EUR
TCGA-GD-A3OP,Bladder_Urothelial_Carcinoma,urinary,35,3.0,84.0,Female,STAGE IV,EUR
TCGA-GD-A3OQ,Bladder_Urothelial_Carcinoma,urinary,11,2.0,48.0,Male,STAGE IV,EUR
TCGA-GD-A3OS,Bladder_Urothelial_Carcinoma,urinary,8,1.0,54.0,Female,STAGE II,EUR
TCGA-GD-A6C6,Bladder_Urothelial_Carcinoma,urinary,28,3.0,64.0,Male,STAGE III,EUR
TCGA-GD-A76B,Bladder_Urothelial_Carcinoma,urinary,17,2.0,86.0,Female,STAGE II,EUR
TCGA-GU-A42P,Bladder_Urothelial_Carcinoma,urinary,27,3.0,72.0,Male,STAGE IV,EUR
TCGA-GU-A42Q,Bladder_Urothelial_Carcinoma,urinary,20,2.0,67.0,Male,STAGE III,EUR
TCGA-GU-A42R,Bladder_Urothelial_Carcinoma,urinary,15,2.0,68.0,Male,STAGE IV,EUR
TCGA-GU-A762,Bladder_Urothelial_Carcinoma,urinary,14,2.0,87.0,Male,STAGE IV,EUR
TCGA-GU-A763,Bladder_Urothelial_Carcinoma,urinary,9,1.0,72.0,Male,STAGE III,EUR
TCGA-GU-A764,Bladder_Urothelial_Carcinoma,urinary,15,3.0,66.0,Male,STAGE II,EUR
TCGA-GU-A766,Bladder_Urothelial_Carcinoma,urinary,19,4.0,62.0,Male,STAGE II,EUR
TCGA-GU-A767,Bladder_Urothelial_Carcinoma,urinary,39,2.0,81.0,Male,STAGE IV,EUR
TCGA-GU-AATO,Bladder_Urothelial_Carcinoma,urinary,27,3.0,75.0,Male,STAGE IV,EUR
TCGA-GU-AATP,Bladder_Urothelial_Carcinoma,urinary,39,5.0,74.0,Male,STAGE IV,EUR
TCGA-GU-AATQ,Bladder_Urothelial_Carcinoma,urinary,17,1.0,68.0,Male,STAGE III,EUR
TCGA-GV-A3JV,Bladder_Urothelial_Carcinoma,urinary,11,2.0,66.0,Male,STAGE IV,EUR
TCGA-GV-A3JW,Bladder_Urothelial_Carcinoma,urinary,6,0.0,74.0,Male,STAGE II,EUR
TCGA-GV-A3JX,Bladder_Urothelial_Carcinoma,urinary,21,3.0,59.0,Male,STAGE III,EUR
TCGA-GV-A3JZ,Bladder_Urothelial_Carcinoma,urinary,39,2.0,55.0,Male,STAGE IV,EUR
TCGA-GV-A3QF,Bladder_Urothelial_Carcinoma,urinary,20,2.0,79.0,Male,STAGE IV,EUR
TCGA-GV-A3QG,Bladder_Urothelial_Carcinoma,urinary,10,0.0,65.0,Male,STAGE IV,EUR
TCGA-GV-A3QH,Bladder_Urothelial_Carcinoma,urinary,11,0.0,67.0,Male,STAGE II,EUR
TCGA-GV-A3QI,Bladder_Urothelial_Carcinoma,urinary,41,2.0,47.0,Male,STAGE III,EUR
TCGA-GV-A3QK,Bladder_Urothelial_Carcinoma,urinary,14,3.0,56.0,Female,STAGE IV,EUR
TCGA-GV-A40E,Bladder_Urothelial_Carcinoma,urinary,21,4.0,75.0,Male,STAGE II,EUR
TCGA-GV-A40G,Bladder_Urothelial_Carcinoma,urinary,13,1.0,77.0,Male,STAGE II,EUR
TCGA-GV-A6ZA,Bladder_Urothelial_Carcinoma,urinary,31,2.0,54.0,Male,STAGE II,EUR
TCGA-H4-A2HO,Bladder_Urothelial_Carcinoma,urinary,14,1.0,53.0,Male,STAGE III,EUR
TCGA-H4-A2HQ,Bladder_Urothelial_Carcinoma,urinary,42,4.0,64.0,Female,STAGE IV, 
TCGA-HQ-A2OE,Bladder_Urothelial_Carcinoma,urinary,18,0.0,69.0,Male,,EUR
TCGA-HQ-A2OF,Bladder_Urothelial_Carcinoma,urinary,11,1.0,52.0,Female,STAGE III,EUR
TCGA-HQ-A5ND,Bladder_Urothelial_Carcinoma,urinary,14,3.0,78.0,Male,STAGE IV,EUR
TCGA-HQ-A5NE,Bladder_Urothelial_Carcinoma,urinary,35,1.0,57.0,Male,STAGE III,EUR
TCGA-K4-A3WS,Bladder_Urothelial_Carcinoma,urinary,30,5.0,66.0,Male,STAGE III,EUR
TCGA-K4-A3WU,Bladder_Urothelial_Carcinoma,urinary,14,1.0,87.0,Male,STAGE III, 
TCGA-K4-A3WV,Bladder_Urothelial_Carcinoma,urinary,3,1.0,77.0,Female,STAGE II,EUR
TCGA-K4-A4AB,Bladder_Urothelial_Carcinoma,urinary,12,2.0,76.0,Male,STAGE III,EUR
TCGA-K4-A4AC,Bladder_Urothelial_Carcinoma,urinary,18,0.0,83.0,Male,STAGE II,EUR
TCGA-K4-A54R,Bladder_Urothelial_Carcinoma,urinary,93,8.0,59.0,Male,STAGE II,EUR
TCGA-K4-A5RH,Bladder_Urothelial_Carcinoma,urinary,19,3.0,69.0,Male,STAGE III,EUR
TCGA-K4-A5RI,Bladder_Urothelial_Carcinoma,urinary,18,0.0,67.0,Female,STAGE III,EUR
TCGA-K4-A5RJ,Bladder_Urothelial_Carcinoma,urinary,32,4.0,75.0,Male,STAGE II,EUR
TCGA-K4-A6FZ,Bladder_Urothelial_Carcinoma,urinary,34,1.0,75.0,Female,STAGE III,EUR
TCGA-K4-A6MB,Bladder_Urothelial_Carcinoma,urinary,36,3.0,64.0,Male,STAGE IV,EUR
TCGA-K4-A83P,Bladder_Urothelial_Carcinoma,urinary,20,1.0,77.0,Male,STAGE IV,EUR
TCGA-K4-AAQO,Bladder_Urothelial_Carcinoma,urinary,16,1.0,56.0,Male,STAGE III,EUR
TCGA-KQ-A41N,Bladder_Urothelial_Carcinoma,urinary,41,3.0,73.0,Male,STAGE III, 
TCGA-KQ-A41O,Bladder_Urothelial_Carcinoma,urinary,26,6.0,84.0,Male,STAGE IV, 
TCGA-KQ-A41P,Bladder_Urothelial_Carcinoma,urinary,39,1.0,76.0,Male,STAGE IV,EUR
TCGA-KQ-A41Q,Bladder_Urothelial_Carcinoma,urinary,18,3.0,89.0,Male,STAGE III, 
TCGA-KQ-A41R,Bladder_Urothelial_Carcinoma,urinary,86,4.0,80.0,Female,STAGE II, 
TCGA-KQ-A41S,Bladder_Urothelial_Carcinoma,urinary,18,3.0,87.0,Female,STAGE III,EUR
TCGA-LC-A66R,Bladder_Urothelial_Carcinoma,urinary,15,4.0,78.0,Male,STAGE IV, 
TCGA-LT-A5Z6,Bladder_Urothelial_Carcinoma,urinary,51,4.0,56.0,Male,STAGE II,EUR
TCGA-LT-A8JT,Bladder_Urothelial_Carcinoma,urinary,9,1.0,69.0,Female,STAGE II,EUR
TCGA-MV-A51V,Bladder_Urothelial_Carcinoma,urinary,134,6.0,75.0,Male,STAGE III,EUR
TCGA-PQ-A6FI,Bladder_Urothelial_Carcinoma,urinary,15,6.0,70.0,Male,STAGE II,EUR
TCGA-PQ-A6FN,Bladder_Urothelial_Carcinoma,urinary,11,2.0,78.0,Female,STAGE III,EUR
TCGA-R3-A69X,Bladder_Urothelial_Carcinoma,urinary,19,2.0,70.0,Male,STAGE III,EUR
TCGA-S5-A6DX,Bladder_Urothelial_Carcinoma,urinary,62,2.0,83.0,Male,STAGE IV,EUR
TCGA-S5-AA26,Bladder_Urothelial_Carcinoma,urinary,17,4.0,46.0,Male,STAGE III, 
TCGA-SY-A9G0,Bladder_Urothelial_Carcinoma,urinary,7,0.0,82.0,Male,STAGE IV,EUR
TCGA-SY-A9G5,Bladder_Urothelial_Carcinoma,urinary,92,10.0,66.0,Male,STAGE III,EUR
TCGA-UY-A78K,Bladder_Urothelial_Carcinoma,urinary,87,6.0,60.0,Male,STAGE IV,EUR
TCGA-UY-A78L,Bladder_Urothelial_Carcinoma,urinary,19,3.0,62.0,Male,STAGE IV,EUR
TCGA-UY-A78M,Bladder_Urothelial_Carcinoma,urinary,21,3.0,81.0,Female,STAGE IV, 
TCGA-UY-A78N,Bladder_Urothelial_Carcinoma,urinary,20,2.0,80.0,Male,STAGE IV,EUR
TCGA-UY-A78O,Bladder_Urothelial_Carcinoma,urinary,10,2.0,75.0,Female,STAGE II,EUR
TCGA-UY-A78P,Bladder_Urothelial_Carcinoma,urinary,24,2.0,78.0,Female,STAGE II, 
TCGA-UY-A8OB,Bladder_Urothelial_Carcinoma,urinary,30,1.0,63.0,Male,STAGE IV, 
TCGA-UY-A8OC,Bladder_Urothelial_Carcinoma,urinary,8,1.0,90.0,Male,STAGE IV,EUR
TCGA-UY-A8OD,Bladder_Urothelial_Carcinoma,urinary,14,1.0,68.0,Female,STAGE II, 
TCGA-UY-A9PA,Bladder_Urothelial_Carcinoma,urinary,13,0.0,48.0,Male,STAGE III,EUR
TCGA-UY-A9PB,Bladder_Urothelial_Carcinoma,urinary,49,0.0,49.0,Male,STAGE III,EUR
TCGA-UY-A9PD,Bladder_Urothelial_Carcinoma,urinary,29,0.0,80.0,Male,STAGE III,EUR
TCGA-UY-A9PE,Bladder_Urothelial_Carcinoma,urinary,27,4.0,86.0,Male,STAGE IV, 
TCGA-UY-A9PF,Bladder_Urothelial_Carcinoma,urinary,39,5.0,77.0,Male,STAGE IV,EUR
TCGA-UY-A9PH,Bladder_Urothelial_Carcinoma,urinary,36,4.0,73.0,Male,STAGE II,EUR
TCGA-XF-A8HB,Bladder_Urothelial_Carcinoma,urinary,1,0.0,50.0,Female,STAGE II, 
TCGA-XF-A8HC,Bladder_Urothelial_Carcinoma,urinary,15,1.0,79.0,Male,STAGE IV, 
TCGA-XF-A8HD,Bladder_Urothelial_Carcinoma,urinary,37,8.0,77.0,Male,STAGE III, 
TCGA-XF-A8HE,Bladder_Urothelial_Carcinoma,urinary,36,5.0,47.0,Male,STAGE III,EUR
TCGA-XF-A8HF,Bladder_Urothelial_Carcinoma,urinary,11,1.0,80.0,Male,STAGE III,EUR
TCGA-XF-A8HG,Bladder_Urothelial_Carcinoma,urinary,30,2.0,69.0,Male,STAGE III,EUR
TCGA-XF-A8HH,Bladder_Urothelial_Carcinoma,urinary,10,3.0,61.0,Female,STAGE IV,EUR
TCGA-XF-A8HI,Bladder_Urothelial_Carcinoma,urinary,10,5.0,57.0,Female,STAGE IV,EUR
TCGA-XF-A9SG,Bladder_Urothelial_Carcinoma,urinary,16,3.0,81.0,Male,STAGE II, 
TCGA-XF-A9SH,Bladder_Urothelial_Carcinoma,urinary,2,0.0,65.0,Female,STAGE II, 
TCGA-XF-A9SI,Bladder_Urothelial_Carcinoma,urinary,32,3.0,73.0,Female,STAGE II, 
TCGA-XF-A9SJ,Bladder_Urothelial_Carcinoma,urinary,27,4.0,83.0,Male,STAGE IV,EUR
TCGA-XF-A9SK,Bladder_Urothelial_Carcinoma,urinary,14,2.0,65.0,Male,STAGE IV,EUR
TCGA-XF-A9SL,Bladder_Urothelial_Carcinoma,urinary,8,0.0,69.0,Male,STAGE IV,EUR
TCGA-XF-A9SM,Bladder_Urothelial_Carcinoma,urinary,19,4.0,76.0,Male,STAGE III,EUR
TCGA-XF-A9SP,Bladder_Urothelial_Carcinoma,urinary,30,1.0,59.0,Male,STAGE III,EUR
TCGA-XF-A9ST,Bladder_Urothelial_Carcinoma,urinary,56,3.0,68.0,Male,STAGE III,EUR
TCGA-XF-A9SU,Bladder_Urothelial_Carcinoma,urinary,2,0.0,74.0,Female,STAGE IV,EUR
TCGA-XF-A9SV,Bladder_Urothelial_Carcinoma,urinary,7,1.0,82.0,Male,STAGE IV,EUR
TCGA-XF-A9SW,Bladder_Urothelial_Carcinoma,urinary,3,2.0,85.0,Male,STAGE IV,EUR
TCGA-XF-A9SX,Bladder_Urothelial_Carcinoma,urinary,17,3.0,63.0,Female,STAGE IV,EUR
TCGA-XF-A9SY,Bladder_Urothelial_Carcinoma,urinary,35,4.0,60.0,Female,STAGE IV,EUR
TCGA-XF-A9SZ,Bladder_Urothelial_Carcinoma,urinary,20,4.0,79.0,Male,STAGE IV,EUR
TCGA-XF-A9T0,Bladder_Urothelial_Carcinoma,urinary,78,3.0,68.0,Male,STAGE III,EUR
TCGA-XF-A9T2,Bladder_Urothelial_Carcinoma,urinary,11,5.0,54.0,Male,STAGE III,EUR
TCGA-XF-A9T3,Bladder_Urothelial_Carcinoma,urinary,31,4.0,69.0,Female,STAGE IV,EUR
TCGA-XF-A9T4,Bladder_Urothelial_Carcinoma,urinary,2,0.0,48.0,Male,STAGE IV,EUR_ADMIX
TCGA-XF-A9T5,Bladder_Urothelial_Carcinoma,urinary,61,7.0,78.0,Female,STAGE IV,EUR
TCGA-XF-A9T6,Bladder_Urothelial_Carcinoma,urinary,31,1.0,88.0,Female,STAGE III,EUR
TCGA-XF-A9T8,Bladder_Urothelial_Carcinoma,urinary,71,5.0,64.0,Male,STAGE III,EUR
TCGA-XF-AAME,Bladder_Urothelial_Carcinoma,urinary,1,1.0,64.0,Female,STAGE II, 
TCGA-XF-AAMF,Bladder_Urothelial_Carcinoma,urinary,6,2.0,68.0,Male,STAGE IV,EUR
TCGA-XF-AAMG,Bladder_Urothelial_Carcinoma,urinary,84,8.0,49.0,Male,STAGE III, 
TCGA-XF-AAMH,Bladder_Urothelial_Carcinoma,urinary,13,1.0,80.0,Male,STAGE IV,EUR
TCGA-XF-AAMJ,Bladder_Urothelial_Carcinoma,urinary,4,2.0,70.0,Male,STAGE III, 
TCGA-XF-AAML,Bladder_Urothelial_Carcinoma,urinary,50,2.0,75.0,Male,STAGE II,EUR
TCGA-XF-AAMQ,Bladder_Urothelial_Carcinoma,urinary,21,1.0,59.0,Female,STAGE II,EUR
TCGA-XF-AAMR,Bladder_Urothelial_Carcinoma,urinary,5,1.0,48.0,Male,STAGE III,EUR
TCGA-XF-AAMT,Bladder_Urothelial_Carcinoma,urinary,12,2.0,75.0,Female,STAGE IV, 
TCGA-XF-AAMW,Bladder_Urothelial_Carcinoma,urinary,3,1.0,79.0,Female,STAGE IV,EUR
TCGA-XF-AAMX,Bladder_Urothelial_Carcinoma,urinary,29,3.0,87.0,Female,STAGE III, 
TCGA-XF-AAMY,Bladder_Urothelial_Carcinoma,urinary,11,1.0,78.0,Male,STAGE III, 
TCGA-XF-AAMZ,Bladder_Urothelial_Carcinoma,urinary,23,0.0,81.0,Female,STAGE IV, 
TCGA-XF-AAN0,Bladder_Urothelial_Carcinoma,urinary,39,4.0,68.0,Male,STAGE IV,EUR
TCGA-XF-AAN1,Bladder_Urothelial_Carcinoma,urinary,4,1.0,75.0,Female,STAGE III, 
TCGA-XF-AAN2,Bladder_Urothelial_Carcinoma,urinary,38,5.0,73.0,Male,STAGE II,EUR
TCGA-XF-AAN3,Bladder_Urothelial_Carcinoma,urinary,8,0.0,76.0,Male,STAGE IV,EUR
TCGA-XF-AAN4,Bladder_Urothelial_Carcinoma,urinary,2,0.0,77.0,Female,STAGE III,EUR
TCGA-XF-AAN5,Bladder_Urothelial_Carcinoma,urinary,41,6.0,61.0,Female,STAGE III,EUR
TCGA-XF-AAN7,Bladder_Urothelial_Carcinoma,urinary,17,3.0,60.0,Male,STAGE IV,EUR
TCGA-YC-A89H,Bladder_Urothelial_Carcinoma,urinary,153,16.0,78.0,Female,STAGE II,EUR
TCGA-YC-A8S6,Bladder_Urothelial_Carcinoma,urinary,12,3.0,71.0,Male,STAGE II,EUR
TCGA-YC-A9TC,Bladder_Urothelial_Carcinoma,urinary,9,5.0,71.0,Male,STAGE IV,EUR
TCGA-YF-AA3L,Bladder_Urothelial_Carcinoma,urinary,33,0.0,47.0,Female,STAGE II,AFR_ADMIX
TCGA-YF-AA3M,Bladder_Urothelial_Carcinoma,urinary,21,2.0,57.0,Male,STAGE II, 
TCGA-ZF-A9R0,Bladder_Urothelial_Carcinoma,urinary,20,1.0,82.0,Male,STAGE III,EUR
TCGA-ZF-A9R1,Bladder_Urothelial_Carcinoma,urinary,9,2.0,81.0,Male,STAGE IV,EUR
TCGA-ZF-A9R2,Bladder_Urothelial_Carcinoma,urinary,10,1.0,75.0,Male,STAGE II,EUR
TCGA-ZF-A9R3,Bladder_Urothelial_Carcinoma,urinary,10,2.0,53.0,Female,STAGE II,EUR
TCGA-ZF-A9R4,Bladder_Urothelial_Carcinoma,urinary,26,6.0,83.0,Male,STAGE II,EUR
TCGA-ZF-A9R5,Bladder_Urothelial_Carcinoma,urinary,14,3.0,59.0,Male,STAGE III,EUR
TCGA-ZF-A9R7,Bladder_Urothelial_Carcinoma,urinary,65,1.0,76.0,Female,STAGE II,EUR
TCGA-ZF-A9R9,Bladder_Urothelial_Carcinoma,urinary,21,5.0,58.0,Male,STAGE IV,EUR
TCGA-ZF-A9RC,Bladder_Urothelial_Carcinoma,urinary,68,2.0,77.0,Male,STAGE III,EUR
TCGA-ZF-A9RD,Bladder_Urothelial_Carcinoma,urinary,13,1.0,75.0,Female,STAGE IV,EUR
TCGA-ZF-A9RE,Bladder_Urothelial_Carcinoma,urinary,8,1.0,78.0,Female,STAGE II,EUR
TCGA-ZF-A9RF,Bladder_Urothelial_Carcinoma,urinary,29,3.0,74.0,Male,STAGE II,EUR
TCGA-ZF-A9RG,Bladder_Urothelial_Carcinoma,urinary,18,4.0,70.0,Female,STAGE III,EUR
TCGA-ZF-A9RL,Bladder_Urothelial_Carcinoma,urinary,30,3.0,61.0,Male,STAGE II,EUR
TCGA-ZF-A9RM,Bladder_Urothelial_Carcinoma,urinary,7,0.0,70.0,Male,STAGE II,EUR
TCGA-ZF-A9RN,Bladder_Urothelial_Carcinoma,urinary,15,1.0,67.0,Female,STAGE III,EUR
TCGA-ZF-AA4N,Bladder_Urothelial_Carcinoma,urinary,20,1.0,74.0,Male,STAGE II,EUR
TCGA-ZF-AA4R,Bladder_Urothelial_Carcinoma,urinary,9,1.0,67.0,Male,STAGE IV,EUR
TCGA-ZF-AA4T,Bladder_Urothelial_Carcinoma,urinary,6,1.0,65.0,Male,STAGE IV,EUR
TCGA-ZF-AA4U,Bladder_Urothelial_Carcinoma,urinary,6,0.0,70.0,Male,STAGE III,EUR
TCGA-ZF-AA4V,Bladder_Urothelial_Carcinoma,urinary,48,2.0,66.0,Male,STAGE III,EUR
TCGA-ZF-AA4W,Bladder_Urothelial_Carcinoma,urinary,96,6.0,56.0,Male,STAGE III,EUR
TCGA-ZF-AA4X,Bladder_Urothelial_Carcinoma,urinary,57,3.0,56.0,Male,STAGE II,EUR
TCGA-ZF-AA51,Bladder_Urothelial_Carcinoma,urinary,74,5.0,69.0,Female,STAGE II,EUR
TCGA-ZF-AA52,Bladder_Urothelial_Carcinoma,urinary,7,1.0,70.0,Male,STAGE III,EUR
TCGA-ZF-AA53,Bladder_Urothelial_Carcinoma,urinary,18,5.0,60.0,Male,STAGE II,EUR
TCGA-ZF-AA54,Bladder_Urothelial_Carcinoma,urinary,23,4.0,71.0,Male,STAGE III,EUR
TCGA-ZF-AA56,Bladder_Urothelial_Carcinoma,urinary,7,2.0,79.0,Female,STAGE III,EUR
TCGA-ZF-AA58,Bladder_Urothelial_Carcinoma,urinary,17,1.0,61.0,Female,STAGE IV,EUR
TCGA-ZF-AA5H,Bladder_Urothelial_Carcinoma,urinary,4,1.0,60.0,Female,STAGE IV,EUR
TCGA-ZF-AA5N,Bladder_Urothelial_Carcinoma,urinary,8,3.0,62.0,Female,STAGE IV,EUR
TCGA-ZF-AA5P,Bladder_Urothelial_Carcinoma,urinary,4,0.0,65.0,Male,STAGE IV,EUR
TCGA-3C-AAAU,Breast_Invasive_Carcinoma,breast,3,2.0,55.0,Female,STAGE X,EUR
TCGA-3C-AALI,Breast_Invasive_Carcinoma,breast,39,2.0,50.0,Female,STAGE IIB,AFR
TCGA-3C-AALJ,Breast_Invasive_Carcinoma,breast,5,2.0,62.0,Female,STAGE IIB,AFR_ADMIX
TCGA-3C-AALK,Breast_Invasive_Carcinoma,breast,4,1.0,52.0,Female,STAGE IA,AFR
TCGA-4H-AAAK,Breast_Invasive_Carcinoma,breast,1,0.0,50.0,Female,STAGE IIIA,EUR
TCGA-5L-AAT0,Breast_Invasive_Carcinoma,breast,14,3.0,42.0,Female,STAGE IIA, 
TCGA-5T-A9QA,Breast_Invasive_Carcinoma,breast,3,0.0,52.0,Female,STAGE IIA,AFR
TCGA-A1-A0SB,Breast_Invasive_Carcinoma,breast,2,1.0,70.0,Female,STAGE I,EUR
TCGA-A1-A0SD,Breast_Invasive_Carcinoma,breast,5,2.0,59.0,Female,STAGE IIA,EUR
TCGA-A1-A0SE,Breast_Invasive_Carcinoma,breast,5,0.0,56.0,Female,STAGE I,EUR
TCGA-A1-A0SF,Breast_Invasive_Carcinoma,breast,4,1.0,54.0,Female,STAGE IIA,EUR
TCGA-A1-A0SG,Breast_Invasive_Carcinoma,breast,2,1.0,61.0,Female,STAGE IIB,EUR
TCGA-A1-A0SH,Breast_Invasive_Carcinoma,breast,11,1.0,39.0,Female,STAGE IIA,EUR
TCGA-A1-A0SI,Breast_Invasive_Carcinoma,breast,19,2.0,52.0,Female,STAGE IIB,EUR
TCGA-A1-A0SJ,Breast_Invasive_Carcinoma,breast,4,0.0,39.0,Female,STAGE IIIA,AFR_ADMIX
TCGA-A1-A0SK,Breast_Invasive_Carcinoma,breast,5,0.0,54.0,Female,STAGE IIA,EAS
TCGA-A1-A0SM,Breast_Invasive_Carcinoma,breast,3,1.0,77.0,Male,STAGE IIA,EUR
TCGA-A1-A0SN,Breast_Invasive_Carcinoma,breast,5,0.0,50.0,Female,STAGE IIA,EUR
TCGA-A1-A0SO,Breast_Invasive_Carcinoma,breast,32,0.0,67.0,Female,STAGE IIB,EUR
TCGA-A1-A0SP,Breast_Invasive_Carcinoma,breast,8,2.0,40.0,Female,STAGE IIA,EUR
TCGA-A2-A04N,Breast_Invasive_Carcinoma,breast,6,3.0,66.0,Female,STAGE IA,EUR
TCGA-A2-A04R,Breast_Invasive_Carcinoma,breast,7,0.0,36.0,Female,STAGE IA,AFR_ADMIX
TCGA-A2-A04U,Breast_Invasive_Carcinoma,breast,3,1.0,47.0,Female,STAGE IIA,EUR
TCGA-A2-A04W,Breast_Invasive_Carcinoma,breast,16,1.0,50.0,Female,STAGE IIB,EUR
TCGA-A2-A0CK,Breast_Invasive_Carcinoma,breast,3,2.0,60.0,Female,STAGE IIIA,EUR
TCGA-A2-A0CL,Breast_Invasive_Carcinoma,breast,19,0.0,37.0,Female,STAGE IIIA,AFR
TCGA-A2-A0CR,Breast_Invasive_Carcinoma,breast,8,3.0,54.0,Female,STAGE IIB,EAS
TCGA-A2-A0CS,Breast_Invasive_Carcinoma,breast,9,3.0,73.0,Female,STAGE IV,EUR
TCGA-A2-A0CV,Breast_Invasive_Carcinoma,breast,2,0.0,41.0,Female,STAGE IIB,EAS
TCGA-A2-A0CW,Breast_Invasive_Carcinoma,breast,6,2.0,67.0,Female,STAGE IIB,EUR
TCGA-A2-A0D3,Breast_Invasive_Carcinoma,breast,8,2.0,42.0,Female,STAGE IA,EUR
TCGA-A2-A0EN,Breast_Invasive_Carcinoma,breast,5,2.0,70.0,Female,STAGE IIA,EUR
TCGA-A2-A0EP,Breast_Invasive_Carcinoma,breast,1,0.0,56.0,Female,STAGE I,EUR
TCGA-A2-A0ES,Breast_Invasive_Carcinoma,breast,2,1.0,52.0,Female,STAGE IIA,EUR
TCGA-A2-A0ST,Breast_Invasive_Carcinoma,breast,3,0.0,62.0,Female,STAGE IIA,EUR
TCGA-A2-A0SU,Breast_Invasive_Carcinoma,breast,8,2.0,66.0,Female,STAGE IIA,EUR
TCGA-A2-A0SX,Breast_Invasive_Carcinoma,breast,2,1.0,48.0,Female,STAGE IA,EUR
TCGA-A2-A0SY,Breast_Invasive_Carcinoma,breast,13,3.0,62.0,Female,STAGE IIIA,EUR
TCGA-A2-A0T0,Breast_Invasive_Carcinoma,breast,25,3.0,59.0,Female,STAGE IIB,EUR
TCGA-A2-A0T1,Breast_Invasive_Carcinoma,breast,2,0.0,55.0,Female,STAGE IIIC, 
TCGA-A2-A0T3,Breast_Invasive_Carcinoma,breast,6,1.0,37.0,Female,STAGE IB,EUR
TCGA-A2-A0T4,Breast_Invasive_Carcinoma,breast,5,1.0,62.0,Female,STAGE IIA,EUR
TCGA-A2-A0T5,Breast_Invasive_Carcinoma,breast,4,3.0,39.0,Female,STAGE IIA,EUR
TCGA-A2-A0T6,Breast_Invasive_Carcinoma,breast,2,1.0,50.0,Female,STAGE IIB,EUR
TCGA-A2-A0T7,Breast_Invasive_Carcinoma,breast,4,1.0,51.0,Female,STAGE IIA,EUR
TCGA-A2-A0YC,Breast_Invasive_Carcinoma,breast,3,1.0,59.0,Female,STAGE IIB,EUR
TCGA-A2-A0YD,Breast_Invasive_Carcinoma,breast,5,2.0,63.0,Female,STAGE IIB,EUR
TCGA-A2-A0YE,Breast_Invasive_Carcinoma,breast,7,3.0,48.0,Female,STAGE IIB,EUR
TCGA-A2-A0YF,Breast_Invasive_Carcinoma,breast,7,2.0,67.0,Female,STAGE I,AFR_ADMIX
TCGA-A2-A0YG,Breast_Invasive_Carcinoma,breast,5,0.0,63.0,Female,STAGE IIIC,EUR
TCGA-A2-A0YH,Breast_Invasive_Carcinoma,breast,7,0.0,53.0,Female,STAGE IIIA,EUR
TCGA-A2-A0YJ,Breast_Invasive_Carcinoma,breast,6,1.0,39.0,Female,STAGE IIIA,EUR
TCGA-A2-A0YK,Breast_Invasive_Carcinoma,breast,31,3.0,61.0,Female,STAGE IIA,EUR
TCGA-A2-A0YL,Breast_Invasive_Carcinoma,breast,7,5.0,48.0,Female,STAGE IIIA,EUR
TCGA-A2-A0YM,Breast_Invasive_Carcinoma,breast,9,1.0,67.0,Female,STAGE IIA,EUR
TCGA-A2-A0YT,Breast_Invasive_Carcinoma,breast,7,1.0,56.0,Female,STAGE IIIB,EUR
TCGA-A2-A1FV,Breast_Invasive_Carcinoma,breast,8,2.0,74.0,Female,STAGE IIB,EUR
TCGA-A2-A1FW,Breast_Invasive_Carcinoma,breast,6,0.0,62.0,Female,STAGE IIIA,EUR
TCGA-A2-A1FX,Breast_Invasive_Carcinoma,breast,2,0.0,61.0,Female,STAGE IIIA,EUR
TCGA-A2-A1FZ,Breast_Invasive_Carcinoma,breast,4,1.0,63.0,Female,STAGE IIA,EUR
TCGA-A2-A1G0,Breast_Invasive_Carcinoma,breast,5,1.0,49.0,Female,STAGE IIB,EUR
TCGA-A2-A1G1,Breast_Invasive_Carcinoma,breast,3,0.0,85.0,Female,STAGE IIB,EUR
TCGA-A2-A259,Breast_Invasive_Carcinoma,breast,5,3.0,70.0,Female,STAGE I,AFR_ADMIX
TCGA-A2-A25A,Breast_Invasive_Carcinoma,breast,11,0.0,44.0,Female,STAGE IIA,EUR
TCGA-A2-A25B,Breast_Invasive_Carcinoma,breast,10,2.0,39.0,Female,STAGE IIB,AFR
TCGA-A2-A25C,Breast_Invasive_Carcinoma,breast,1,0.0,50.0,Female,STAGE IIB,EUR
TCGA-A2-A25D,Breast_Invasive_Carcinoma,breast,9,1.0,90.0,Female,STAGE IIIC,EUR
TCGA-A2-A25E,Breast_Invasive_Carcinoma,breast,7,1.0,34.0,Female,STAGE IIIA,AFR
TCGA-A2-A25F,Breast_Invasive_Carcinoma,breast,1,0.0,66.0,Female,STAGE IIA,EUR
TCGA-A2-A3KD,Breast_Invasive_Carcinoma,breast,1,0.0,47.0,Female,STAGE IIIA,EUR
TCGA-A2-A3XT,Breast_Invasive_Carcinoma,breast,5,1.0,45.0,Female,STAGE IIB,AFR
TCGA-A2-A3XU,Breast_Invasive_Carcinoma,breast,4,0.0,35.0,Female,STAGE IIB,AFR_ADMIX
TCGA-A2-A3XV,Breast_Invasive_Carcinoma,breast,7,0.0,46.0,Female,STAGE IIA,AFR_ADMIX
TCGA-A2-A3XW,Breast_Invasive_Carcinoma,breast,1,0.0,42.0,Female,STAGE IIB,AFR_ADMIX
TCGA-A2-A3XX,Breast_Invasive_Carcinoma,breast,1,0.0,49.0,Female,STAGE IIA,AFR
TCGA-A2-A3XZ,Breast_Invasive_Carcinoma,breast,2,0.0,46.0,Female,STAGE I,AFR
TCGA-A2-A3Y0,Breast_Invasive_Carcinoma,breast,10,2.0,57.0,Female,STAGE IIB,AFR
TCGA-A2-A4S1,Breast_Invasive_Carcinoma,breast,9,1.0,66.0,Female,STAGE IIA,EUR
TCGA-A2-A4S2,Breast_Invasive_Carcinoma,breast,5,2.0,62.0,Female,STAGE IIIA,EUR
TCGA-A2-A4S3,Breast_Invasive_Carcinoma,breast,6,0.0,59.0,Female,STAGE IIB,AFR_ADMIX
TCGA-A7-A0CE,Breast_Invasive_Carcinoma,breast,1,0.0,57.0,Female,STAGE IIA,EUR
TCGA-A7-A0CH,Breast_Invasive_Carcinoma,breast,2,0.0,79.0,Female,STAGE IIA,EUR
TCGA-A7-A0D9,Breast_Invasive_Carcinoma,breast,2,0.0,37.0,Female,STAGE IIA,EUR
TCGA-A7-A0DA,Breast_Invasive_Carcinoma,breast,21,0.0,62.0,Female,STAGE IIA,EUR
TCGA-A7-A0DB,Breast_Invasive_Carcinoma,breast,4,2.0,56.0,Female,STAGE IIA,EUR
TCGA-A7-A13D,Breast_Invasive_Carcinoma,breast,17,1.0,46.0,Female,STAGE IIA,AFR
TCGA-A7-A13E,Breast_Invasive_Carcinoma,breast,7,1.0,62.0,Female,STAGE IIB,EUR
TCGA-A7-A13F,Breast_Invasive_Carcinoma,breast,4,0.0,44.0,Female,STAGE IIIA,EUR
TCGA-A7-A13G,Breast_Invasive_Carcinoma,breast,2,0.0,79.0,Female,STAGE IIA,EUR
TCGA-A7-A26E,Breast_Invasive_Carcinoma,breast,3,1.0,71.0,Female,STAGE IIIA,EUR
TCGA-A7-A26F,Breast_Invasive_Carcinoma,breast,5,2.0,55.0,Female,STAGE IA,EUR
TCGA-A7-A26G,Breast_Invasive_Carcinoma,breast,1,0.0,50.0,Female,STAGE IIA,AFR
TCGA-A7-A26H,Breast_Invasive_Carcinoma,breast,19,1.0,72.0,Female,STAGE IIA,EUR
TCGA-A7-A26I,Breast_Invasive_Carcinoma,breast,1,0.0,65.0,Female,STAGE IIA,EUR
TCGA-A7-A26J,Breast_Invasive_Carcinoma,breast,3,0.0,49.0,Female,STAGE IIA,EUR
TCGA-A7-A2KD,Breast_Invasive_Carcinoma,breast,5,1.0,53.0,Female,STAGE IIIA,AFR
TCGA-A7-A3RF,Breast_Invasive_Carcinoma,breast,4,2.0,79.0,Female,STAGE IIA,EUR
TCGA-A7-A425,Breast_Invasive_Carcinoma,breast,2,1.0,70.0,Female,STAGE IIIC,EUR
TCGA-A7-A4SC,Breast_Invasive_Carcinoma,breast,4,1.0,62.0,Female,STAGE IIB,EUR
TCGA-A7-A4SD,Breast_Invasive_Carcinoma,breast,6,1.0,52.0,Female,STAGE IIA,AFR
TCGA-A7-A4SE,Breast_Invasive_Carcinoma,breast,9,0.0,54.0,Female,STAGE IIA,AFR
TCGA-A7-A56D,Breast_Invasive_Carcinoma,breast,18,2.0,84.0,Female,STAGE IIA,AFR
TCGA-A7-A5ZV,Breast_Invasive_Carcinoma,breast,16,1.0,62.0,Female,STAGE IIA,AFR
TCGA-A7-A5ZW,Breast_Invasive_Carcinoma,breast,3,1.0,47.0,Female,STAGE IIA,AFR_ADMIX
TCGA-A7-A5ZX,Breast_Invasive_Carcinoma,breast,4,2.0,48.0,Female,STAGE IIIC,EUR
TCGA-A7-A6VV,Breast_Invasive_Carcinoma,breast,4,1.0,51.0,Female,STAGE IIA,AFR
TCGA-A7-A6VW,Breast_Invasive_Carcinoma,breast,7,1.0,48.0,Female,STAGE IIA,AFR_ADMIX
TCGA-A7-A6VX,Breast_Invasive_Carcinoma,breast,18,1.0,68.0,Female,STAGE IIA,AFR
TCGA-A7-A6VY,Breast_Invasive_Carcinoma,breast,7,1.0,48.0,Female,STAGE IIB,AFR_ADMIX
TCGA-A8-A075,Breast_Invasive_Carcinoma,breast,12,4.0,42.0,Female,STAGE IIB,EUR
TCGA-AC-A23C,Breast_Invasive_Carcinoma,breast,15,3.0,62.0,Female,STAGE IIB,EUR
TCGA-AC-A23E,Breast_Invasive_Carcinoma,breast,3,1.0,50.0,Female,STAGE IIB,EUR
TCGA-AC-A23H,Breast_Invasive_Carcinoma,breast,440,9.0,90.0,Female,STAGE IIA,EUR
TCGA-AC-A2B8,Breast_Invasive_Carcinoma,breast,7,1.0,84.0,Female,STAGE IIB,EUR
TCGA-AC-A2BK,Breast_Invasive_Carcinoma,breast,13,2.0,78.0,Female,STAGE IIIA,AFR
TCGA-AC-A2BM,Breast_Invasive_Carcinoma,breast,1,0.0,41.0,Female,STAGE IIB,AFR
TCGA-AC-A2FB,Breast_Invasive_Carcinoma,breast,3,2.0,65.0,Female,STAGE IIA,EUR
TCGA-AC-A2FF,Breast_Invasive_Carcinoma,breast,4,2.0,40.0,Female,STAGE IIB,SAS_ADMIX
TCGA-AC-A2FG,Breast_Invasive_Carcinoma,breast,3,2.0,79.0,Female,STAGE IIB,EUR
TCGA-AC-A2FO,Breast_Invasive_Carcinoma,breast,5,1.0,65.0,Female,STAGE IIB,EUR
TCGA-AC-A2QH,Breast_Invasive_Carcinoma,breast,8,1.0,58.0,Female,STAGE IIB,EUR
TCGA-AC-A3HN,Breast_Invasive_Carcinoma,breast,1,1.0,87.0,Female,STAGE IIB,EUR
TCGA-AC-A3OD,Breast_Invasive_Carcinoma,breast,7,2.0,68.0,Female,STAGE IIB,EUR
TCGA-AC-A3QP,Breast_Invasive_Carcinoma,breast,3,0.0,79.0,Female,STAGE IIB,EUR
TCGA-AC-A3QQ,Breast_Invasive_Carcinoma,breast,3,1.0,54.0,Female,STAGE IA,EUR
TCGA-AC-A3W5,Breast_Invasive_Carcinoma,breast,13,1.0,65.0,Female,STAGE IIA,AFR
TCGA-AC-A3YI,Breast_Invasive_Carcinoma,breast,1,1.0,74.0,Female,STAGE IIIC,EUR
TCGA-AC-A3YJ,Breast_Invasive_Carcinoma,breast,3,1.0,66.0,Female,STAGE IIA,EUR
TCGA-AC-A4ZE,Breast_Invasive_Carcinoma,breast,3,0.0,63.0,Female,STAGE IIB,EUR
TCGA-AC-A5EH,Breast_Invasive_Carcinoma,breast,17,2.0,76.0,Female,STAGE IIB,AFR_ADMIX
TCGA-AC-A5EI,Breast_Invasive_Carcinoma,breast,4,1.0,88.0,Female,STAGE IB,EUR
TCGA-AC-A5XS,Breast_Invasive_Carcinoma,breast,32,2.0,74.0,Female,STAGE IIA,EUR
TCGA-AC-A5XU,Breast_Invasive_Carcinoma,breast,6,0.0,74.0,Female,STAGE IIB,AFR
TCGA-AC-A62V,Breast_Invasive_Carcinoma,breast,4,1.0,58.0,Male,STAGE IV,AFR
TCGA-AC-A62X,Breast_Invasive_Carcinoma,breast,4,1.0,72.0,Female,STAGE IIA,AFR
TCGA-AC-A62Y,Breast_Invasive_Carcinoma,breast,8,1.0,79.0,Female,STAGE IIB,EUR
TCGA-AC-A6IV,Breast_Invasive_Carcinoma,breast,2,2.0,47.0,Female,STAGE IIB,EUR
TCGA-AC-A6IW,Breast_Invasive_Carcinoma,breast,5,1.0,73.0,Female,STAGE IIA,AFR
TCGA-AC-A6IX,Breast_Invasive_Carcinoma,breast,5,2.0,49.0,Female,STAGE IIIC,EUR
TCGA-AC-A6NO,Breast_Invasive_Carcinoma,breast,3,1.0,43.0,Female,STAGE IIB,AFR_ADMIX
TCGA-AC-A7VB,Breast_Invasive_Carcinoma,breast,4,0.0,51.0,Female,STAGE IIA,AFR_ADMIX
TCGA-AC-A7VC,Breast_Invasive_Carcinoma,breast,3,2.0,56.0,Female,STAGE IIB,EUR
TCGA-AC-A8OP,Breast_Invasive_Carcinoma,breast,17,3.0,72.0,Female,STAGE IA,AFR
TCGA-AC-A8OQ,Breast_Invasive_Carcinoma,breast,6,1.0,72.0,Female,STAGE IIB,AFR_ADMIX
TCGA-AC-A8OR,Breast_Invasive_Carcinoma,breast,1,0.0,75.0,Female,STAGE IA,EUR
TCGA-AC-A8OS,Breast_Invasive_Carcinoma,breast,8,1.0,71.0,Female,STAGE IIA,EUR
TCGA-AN-A0XL,Breast_Invasive_Carcinoma,breast,9,0.0,61.0,Female,STAGE IIA,EUR
TCGA-AN-A0XN,Breast_Invasive_Carcinoma,breast,18,1.0,68.0,Female,STAGE IIIA,EUR
TCGA-AN-A0XO,Breast_Invasive_Carcinoma,breast,5,0.0,59.0,Female,STAGE IIIA,EUR
TCGA-AN-A0XP,Breast_Invasive_Carcinoma,breast,4,2.0,69.0,Female,STAGE IIIA,EUR
TCGA-AN-A0XR,Breast_Invasive_Carcinoma,breast,3,3.0,55.0,Female,STAGE IIIA,EUR
TCGA-AN-A0XS,Breast_Invasive_Carcinoma,breast,3,1.0,63.0,Female,STAGE IIIA,EUR
TCGA-AN-A0XU,Breast_Invasive_Carcinoma,breast,16,1.0,54.0,Female,STAGE IIA,EUR
TCGA-AN-A0XV,Breast_Invasive_Carcinoma,breast,6,1.0,67.0,Female,STAGE IIIA,EUR
TCGA-AN-A0XW,Breast_Invasive_Carcinoma,breast,29,0.0,36.0,Female,STAGE IIIA,EUR
TCGA-AO-A03M,Breast_Invasive_Carcinoma,breast,53,1.0,29.0,Female,STAGE I,EUR
TCGA-AO-A03N,Breast_Invasive_Carcinoma,breast,8,1.0,59.0,Female,STAGE IIB,EUR
TCGA-AO-A03U,Breast_Invasive_Carcinoma,breast,2,0.0,31.0,Female,STAGE I,EUR
TCGA-AO-A03V,Breast_Invasive_Carcinoma,breast,4,0.0,41.0,Female,STAGE I,EUR
TCGA-AO-A0JG,Breast_Invasive_Carcinoma,breast,1,1.0,49.0,Female,STAGE IIIA,EUR
TCGA-AO-A124,Breast_Invasive_Carcinoma,breast,15,2.0,38.0,Female,STAGE IIA,EUR
TCGA-AO-A125,Breast_Invasive_Carcinoma,breast,4,1.0,72.0,Female,STAGE IIA,AFR
TCGA-AO-A126,Breast_Invasive_Carcinoma,breast,2,0.0,39.0,Female,STAGE IIA,EAS
TCGA-AO-A128,Breast_Invasive_Carcinoma,breast,64,4.0,61.0,Female,STAGE IIA,EUR
TCGA-AO-A129,Breast_Invasive_Carcinoma,breast,11,1.0,29.0,Female,STAGE IIB,EUR
TCGA-AO-A12A,Breast_Invasive_Carcinoma,breast,1,0.0,47.0,Female,STAGE IIA,EUR
TCGA-AO-A12B,Breast_Invasive_Carcinoma,breast,4,2.0,63.0,Female,STAGE IIA, 
TCGA-AO-A12D,Breast_Invasive_Carcinoma,breast,3,1.0,43.0,Female,STAGE IIA,EUR
TCGA-AO-A12E,Breast_Invasive_Carcinoma,breast,3,0.0,51.0,Female,STAGE IIB,EUR
TCGA-AO-A12F,Breast_Invasive_Carcinoma,breast,5,1.0,36.0,Female,STAGE IIA,EUR
TCGA-AO-A12G,Breast_Invasive_Carcinoma,breast,8,3.0,75.0,Female,STAGE IIA,EUR
TCGA-AO-A12H,Breast_Invasive_Carcinoma,breast,3,1.0,69.0,Female,STAGE IIA,AFR
TCGA-AO-A1KO,Breast_Invasive_Carcinoma,breast,1,0.0,46.0,Female,STAGE IIB,EUR
TCGA-AO-A1KR,Breast_Invasive_Carcinoma,breast,7,1.0,51.0,Female,STAGE IIA,EUR
TCGA-AO-A1KT,Breast_Invasive_Carcinoma,breast,4,0.0,78.0,Female,STAGE IIA,EUR
TCGA-AQ-A04H,Breast_Invasive_Carcinoma,breast,7,1.0,61.0,Female,STAGE IIIA,EUR
TCGA-AQ-A0Y5,Breast_Invasive_Carcinoma,breast,8,0.0,70.0,Female,STAGE IIIA,EUR
TCGA-AQ-A1H2,Breast_Invasive_Carcinoma,breast,6,1.0,84.0,Female,STAGE IIIA,EUR
TCGA-AQ-A1H3,Breast_Invasive_Carcinoma,breast,5,3.0,49.0,Female,STAGE IIIC,EUR
TCGA-AQ-A54O,Breast_Invasive_Carcinoma,breast,2,0.0,51.0,Male,STAGE IIA,AFR
TCGA-AQ-A7U7,Breast_Invasive_Carcinoma,breast,10,2.0,55.0,Female,STAGE IIIA,EUR
TCGA-AR-A0TP,Breast_Invasive_Carcinoma,breast,8,0.0,43.0,Female,STAGE IIA,EUR
TCGA-AR-A0TQ,Breast_Invasive_Carcinoma,breast,2,1.0,27.0,Female,STAGE IIIA,EUR
TCGA-AR-A0TR,Breast_Invasive_Carcinoma,breast,4,0.0,68.0,Female,STAGE IIB,EUR
TCGA-AR-A0TS,Breast_Invasive_Carcinoma,breast,7,1.0,46.0,Female,STAGE IIB,EUR
TCGA-AR-A0TT,Breast_Invasive_Carcinoma,breast,5,0.0,53.0,Female,STAGE IIIA,AFR_ADMIX
TCGA-AR-A0TU,Breast_Invasive_Carcinoma,breast,10,1.0,35.0,Female,STAGE IIA,EUR
TCGA-AR-A0TV,Breast_Invasive_Carcinoma,breast,6,0.0,66.0,Female,STAGE IIA,EUR
TCGA-AR-A0TW,Breast_Invasive_Carcinoma,breast,8,2.0,50.0,Female,STAGE IIIA,EUR
TCGA-AR-A0TX,Breast_Invasive_Carcinoma,breast,35,4.0,64.0,Female,STAGE IIA,EUR
TCGA-AR-A0TZ,Breast_Invasive_Carcinoma,breast,6,0.0,43.0,Female,STAGE IIIA,EUR
TCGA-AR-A0U0,Breast_Invasive_Carcinoma,breast,6,3.0,73.0,Female,STAGE IIB,EUR
TCGA-AR-A0U1,Breast_Invasive_Carcinoma,breast,6,0.0,36.0,Female,STAGE IIB,EUR
TCGA-AR-A0U2,Breast_Invasive_Carcinoma,breast,5,1.0,47.0,Female,STAGE IIIA,EUR
TCGA-AR-A0U3,Breast_Invasive_Carcinoma,breast,8,0.0,59.0,Female,STAGE IIB,EUR
TCGA-AR-A0U4,Breast_Invasive_Carcinoma,breast,16,1.0,54.0,Female,STAGE IIA,EUR
TCGA-AR-A1AH,Breast_Invasive_Carcinoma,breast,9,1.0,51.0,Female,STAGE IIB,EUR
TCGA-AR-A1AI,Breast_Invasive_Carcinoma,breast,4,1.0,47.0,Female,STAGE IIA,EUR
TCGA-AR-A1AJ,Breast_Invasive_Carcinoma,breast,2,0.0,83.0,Female,STAGE I,EUR
TCGA-AR-A1AK,Breast_Invasive_Carcinoma,breast,8,1.0,70.0,Female,STAGE I,EUR
TCGA-AR-A1AL,Breast_Invasive_Carcinoma,breast,2,1.0,60.0,Female,STAGE IIIA,EUR
TCGA-AR-A1AN,Breast_Invasive_Carcinoma,breast,3,1.0,46.0,Female,STAGE IIA,EUR
TCGA-AR-A1AO,Breast_Invasive_Carcinoma,breast,8,0.0,47.0,Female,STAGE IIA,EUR
TCGA-AR-A1AP,Breast_Invasive_Carcinoma,breast,1,1.0,80.0,Female,STAGE I,EUR
TCGA-AR-A1AQ,Breast_Invasive_Carcinoma,breast,10,2.0,49.0,Female,STAGE IIA,EUR
TCGA-AR-A1AR,Breast_Invasive_Carcinoma,breast,8,1.0,50.0,Female,STAGE IIIA,EUR
TCGA-AR-A1AS,Breast_Invasive_Carcinoma,breast,4,0.0,54.0,Female,STAGE IIB,SAS
TCGA-AR-A1AT,Breast_Invasive_Carcinoma,breast,4,2.0,62.0,Female,STAGE IIA,EUR
TCGA-AR-A1AU,Breast_Invasive_Carcinoma,breast,3,2.0,39.0,Female,STAGE IIIA,EUR
TCGA-AR-A1AV,Breast_Invasive_Carcinoma,breast,7,1.0,68.0,Male,STAGE IIB,EUR
TCGA-AR-A1AW,Breast_Invasive_Carcinoma,breast,3,0.0,65.0,Female,STAGE IIA,EUR
TCGA-AR-A1AX,Breast_Invasive_Carcinoma,breast,3,1.0,64.0,Female,STAGE I,EUR
TCGA-AR-A1AY,Breast_Invasive_Carcinoma,breast,9,1.0,65.0,Female,STAGE I,EUR
TCGA-AR-A24H,Breast_Invasive_Carcinoma,breast,17,0.0,65.0,Female,STAGE IIA,EUR
TCGA-AR-A24K,Breast_Invasive_Carcinoma,breast,1,1.0,46.0,Female,STAGE IIA,EUR
TCGA-AR-A24L,Breast_Invasive_Carcinoma,breast,4,0.0,26.0,Female,STAGE IIB,EUR
TCGA-AR-A24M,Breast_Invasive_Carcinoma,breast,1,0.0,38.0,Female,STAGE IIIA,EUR
TCGA-AR-A24N,Breast_Invasive_Carcinoma,breast,4,1.0,54.0,Female,STAGE I,EUR
TCGA-AR-A24O,Breast_Invasive_Carcinoma,breast,2,1.0,43.0,Female,STAGE IIIA,EUR
TCGA-AR-A24P,Breast_Invasive_Carcinoma,breast,3,1.0,47.0,Female,STAGE I,EUR
TCGA-AR-A24Q,Breast_Invasive_Carcinoma,breast,14,1.0,49.0,Female,STAGE IIB,EUR
TCGA-AR-A24R,Breast_Invasive_Carcinoma,breast,4,1.0,45.0,Female,STAGE IIIA,EUR
TCGA-AR-A24S,Breast_Invasive_Carcinoma,breast,4,1.0,61.0,Female,STAGE I,EUR
TCGA-AR-A24T,Breast_Invasive_Carcinoma,breast,8,0.0,46.0,Female,STAGE IIIC,EUR
TCGA-AR-A24U,Breast_Invasive_Carcinoma,breast,5,2.0,47.0,Female,STAGE IIA,EUR
TCGA-AR-A24W,Breast_Invasive_Carcinoma,breast,1,1.0,55.0,Female,STAGE IIB,EUR
TCGA-AR-A24X,Breast_Invasive_Carcinoma,breast,3,0.0,52.0,Female,STAGE IIA,EUR
TCGA-AR-A24Z,Breast_Invasive_Carcinoma,breast,4,0.0,57.0,Female,STAGE IIA,EUR
TCGA-AR-A250,Breast_Invasive_Carcinoma,breast,14,0.0,58.0,Female,STAGE IIA,EUR
TCGA-AR-A251,Breast_Invasive_Carcinoma,breast,15,0.0,51.0,Female,STAGE IIIA,EUR
TCGA-AR-A254,Breast_Invasive_Carcinoma,breast,5,2.0,50.0,Female,STAGE IIIA,EUR
TCGA-AR-A255,Breast_Invasive_Carcinoma,breast,8,1.0,62.0,Female,STAGE I,EUR
TCGA-AR-A256,Breast_Invasive_Carcinoma,breast,22,1.0,45.0,Female,STAGE IIA,EUR
TCGA-AR-A2LE,Breast_Invasive_Carcinoma,breast,28,5.0,69.0,Female,STAGE I,EUR
TCGA-AR-A2LH,Breast_Invasive_Carcinoma,breast,9,1.0,55.0,Female,STAGE III,EUR
TCGA-AR-A2LK,Breast_Invasive_Carcinoma,breast,3,1.0,62.0,Female,STAGE III,EUR
TCGA-AR-A2LM,Breast_Invasive_Carcinoma,breast,1,0.0,49.0,Female,STAGE II,EUR
TCGA-AR-A2LN,Breast_Invasive_Carcinoma,breast,6,1.0,65.0,Female,STAGE IIA,EUR
TCGA-AR-A5QM,Breast_Invasive_Carcinoma,breast,3,1.0,62.0,Female,STAGE IIA,EUR
TCGA-AR-A5QN,Breast_Invasive_Carcinoma,breast,7,0.0,68.0,Female,STAGE IIIC,EUR
TCGA-AR-A5QP,Breast_Invasive_Carcinoma,breast,2,0.0,54.0,Female,STAGE IIB,EUR
TCGA-AR-A5QQ,Breast_Invasive_Carcinoma,breast,5,1.0,68.0,Female,STAGE IIIA,EUR
TCGA-B6-A0I1,Breast_Invasive_Carcinoma,breast,3,0.0,73.0,Female,STAGE IIA,AFR_ADMIX
TCGA-B6-A0IH,Breast_Invasive_Carcinoma,breast,7,2.0,81.0,Female,STAGE IIIA,EUR
TCGA-B6-A0RH,Breast_Invasive_Carcinoma,breast,6,0.0,51.0,Female,STAGE IIA,AFR
TCGA-B6-A0RL,Breast_Invasive_Carcinoma,breast,7,1.0,60.0,Female,STAGE IIA,AFR
TCGA-B6-A0RM,Breast_Invasive_Carcinoma,breast,6,2.0,57.0,Female,STAGE X,AFR_ADMIX
TCGA-B6-A0RN,Breast_Invasive_Carcinoma,breast,4,0.0,60.0,Female,STAGE IA,EUR
TCGA-B6-A0RO,Breast_Invasive_Carcinoma,breast,8,0.0,71.0,Female,STAGE IIIB,EUR
TCGA-B6-A0RP,Breast_Invasive_Carcinoma,breast,1,1.0,73.0,Female,STAGE IIIB,EUR
TCGA-B6-A0RQ,Breast_Invasive_Carcinoma,breast,3,1.0,68.0,Female,STAGE IIB,EUR
TCGA-B6-A0RT,Breast_Invasive_Carcinoma,breast,4,0.0,39.0,Female,STAGE IIIA,EUR
TCGA-B6-A0RU,Breast_Invasive_Carcinoma,breast,10,1.0,40.0,Female,STAGE IA,EUR
TCGA-B6-A0RV,Breast_Invasive_Carcinoma,breast,3,1.0,42.0,Female,STAGE IIIA,EUR
TCGA-B6-A0WS,Breast_Invasive_Carcinoma,breast,1,0.0,58.0,Female,STAGE X,AFR_ADMIX
TCGA-B6-A0WT,Breast_Invasive_Carcinoma,breast,2,0.0,61.0,Female,STAGE IIB,EUR
TCGA-B6-A0WV,Breast_Invasive_Carcinoma,breast,8,2.0,67.0,Female,STAGE IIB,EUR
TCGA-B6-A0WW,Breast_Invasive_Carcinoma,breast,6,2.0,58.0,Female,STAGE X,AFR
TCGA-B6-A0WX,Breast_Invasive_Carcinoma,breast,1,1.0,40.0,Female,STAGE IIIA,AFR
TCGA-B6-A0WY,Breast_Invasive_Carcinoma,breast,8,4.0,40.0,Female,STAGE IIIA,EUR
TCGA-B6-A0WZ,Breast_Invasive_Carcinoma,breast,3,0.0,50.0,Female,STAGE II,AFR_ADMIX
TCGA-B6-A0X0,Breast_Invasive_Carcinoma,breast,2,1.0,54.0,Female,STAGE I,EUR
TCGA-B6-A0X1,Breast_Invasive_Carcinoma,breast,9,1.0,48.0,Female,STAGE IIB,EUR
TCGA-B6-A0X4,Breast_Invasive_Carcinoma,breast,6,2.0,62.0,Female,STAGE IIB,EUR
TCGA-B6-A0X5,Breast_Invasive_Carcinoma,breast,5,1.0,61.0,Female,STAGE IIB,AFR_ADMIX
TCGA-B6-A0X7,Breast_Invasive_Carcinoma,breast,4,1.0,62.0,Female,STAGE X,EUR
TCGA-B6-A1KN,Breast_Invasive_Carcinoma,breast,6,0.0,57.0,Female,STAGE IIIB,EUR
TCGA-B6-A2IU,Breast_Invasive_Carcinoma,breast,7,2.0,62.0,Female,STAGE IIA,EUR
TCGA-B6-A401,Breast_Invasive_Carcinoma,breast,4,1.0,47.0,Female,STAGE IIA,AFR_ADMIX
TCGA-B6-A409,Breast_Invasive_Carcinoma,breast,4,2.0,44.0,Female,STAGE IIIA,AFR
TCGA-B6-A40B,Breast_Invasive_Carcinoma,breast,1,1.0,76.0,Female,STAGE I,EUR
TCGA-B6-A40C,Breast_Invasive_Carcinoma,breast,5,1.0,51.0,Female,STAGE IIB,EUR
TCGA-BH-A0AU,Breast_Invasive_Carcinoma,breast,5,0.0,45.0,Female,STAGE IIA,EUR
TCGA-BH-A0AV,Breast_Invasive_Carcinoma,breast,4,0.0,52.0,Female,STAGE I,AFR_ADMIX
TCGA-BH-A0AY,Breast_Invasive_Carcinoma,breast,5,0.0,62.0,Female,STAGE IIA,EUR
TCGA-BH-A0AZ,Breast_Invasive_Carcinoma,breast,8,1.0,47.0,Female,STAGE IIIA,EUR
TCGA-BH-A0B0,Breast_Invasive_Carcinoma,breast,6,0.0,56.0,Female,STAGE I,AFR_ADMIX
TCGA-BH-A0B3,Breast_Invasive_Carcinoma,breast,3,0.0,53.0,Female,STAGE IIB,EUR
TCGA-BH-A0B7,Breast_Invasive_Carcinoma,breast,3,0.0,42.0,Female,STAGE IIB,EUR
TCGA-BH-A0BA,Breast_Invasive_Carcinoma,breast,2,0.0,51.0,Female,STAGE IIIC,EUR
TCGA-BH-A0BC,Breast_Invasive_Carcinoma,breast,5,0.0,60.0,Female,STAGE IIIC,EUR
TCGA-BH-A0BF,Breast_Invasive_Carcinoma,breast,2,0.0,56.0,Female,STAGE IIB,EUR
TCGA-BH-A0BG,Breast_Invasive_Carcinoma,breast,3,1.0,73.0,Female,STAGE I,EUR
TCGA-BH-A0BJ,Breast_Invasive_Carcinoma,breast,3,0.0,41.0,Female,STAGE IIB,EUR
TCGA-BH-A0BL,Breast_Invasive_Carcinoma,breast,12,0.0,35.0,Female,STAGE I,EUR
TCGA-BH-A0BM,Breast_Invasive_Carcinoma,breast,3,0.0,54.0,Female,STAGE IIB,EUR
TCGA-BH-A0BO,Breast_Invasive_Carcinoma,breast,4,2.0,54.0,Female,STAGE I,EUR
TCGA-BH-A0BP,Breast_Invasive_Carcinoma,breast,12,1.0,76.0,Female,STAGE I,EUR
TCGA-BH-A0BQ,Breast_Invasive_Carcinoma,breast,4,1.0,39.0,Female,STAGE I,EUR
TCGA-BH-A0BS,Breast_Invasive_Carcinoma,breast,1,0.0,55.0,Female,STAGE IIIA,EUR
TCGA-BH-A0BT,Breast_Invasive_Carcinoma,breast,3,0.0,56.0,Female,STAGE IIA,EUR
TCGA-BH-A0BV,Breast_Invasive_Carcinoma,breast,2,0.0,78.0,Female,STAGE IIB,EUR
TCGA-BH-A0BW,Breast_Invasive_Carcinoma,breast,18,1.0,71.0,Female,STAGE I,AFR_ADMIX
TCGA-BH-A0BZ,Breast_Invasive_Carcinoma,breast,41,1.0,59.0,Female,STAGE IIIA,EUR
TCGA-BH-A0C0,Breast_Invasive_Carcinoma,breast,2,1.0,62.0,Female,STAGE IIA,EUR
TCGA-BH-A0C1,Breast_Invasive_Carcinoma,breast,6,1.0,61.0,Female,STAGE IIIA,EUR
TCGA-BH-A0C3,Breast_Invasive_Carcinoma,breast,2,0.0,47.0,Female,STAGE I,EUR
TCGA-BH-A0C7,Breast_Invasive_Carcinoma,breast,6,3.0,48.0,Female,STAGE IIB,EUR
TCGA-BH-A0DD,Breast_Invasive_Carcinoma,breast,2,0.0,58.0,Male,STAGE IIB,EUR
TCGA-BH-A0DE,Breast_Invasive_Carcinoma,breast,4,3.0,62.0,Female,STAGE IIA,EUR
TCGA-BH-A0DG,Breast_Invasive_Carcinoma,breast,1,1.0,30.0,Female,STAGE IIA,AFR
TCGA-BH-A0DH,Breast_Invasive_Carcinoma,breast,7,0.0,63.0,Female,STAGE IIB,EUR
TCGA-BH-A0DI,Breast_Invasive_Carcinoma,breast,5,1.0,63.0,Female,STAGE IIB,EUR
TCGA-BH-A0DK,Breast_Invasive_Carcinoma,breast,8,1.0,49.0,Female,STAGE IIA,EUR
TCGA-BH-A0DL,Breast_Invasive_Carcinoma,breast,1,0.0,64.0,Female,STAGE IIA,EUR
TCGA-BH-A0DO,Breast_Invasive_Carcinoma,breast,4,1.0,78.0,Female,STAGE I,EUR
TCGA-BH-A0DP,Breast_Invasive_Carcinoma,breast,2,0.0,60.0,Female,STAGE IIB,EUR
TCGA-BH-A0DQ,Breast_Invasive_Carcinoma,breast,5,0.0,42.0,Female,STAGE IIB,EUR
TCGA-BH-A0DT,Breast_Invasive_Carcinoma,breast,4,3.0,41.0,Female,STAGE IIA,EUR
TCGA-BH-A0DV,Breast_Invasive_Carcinoma,breast,3,2.0,54.0,Female,STAGE IIIA,EUR
TCGA-BH-A0DX,Breast_Invasive_Carcinoma,breast,4,0.0,62.0,Female,STAGE I,EUR
TCGA-BH-A0DZ,Breast_Invasive_Carcinoma,breast,11,0.0,43.0,Female,STAGE IIB,EUR
TCGA-BH-A0E0,Breast_Invasive_Carcinoma,breast,3,1.0,38.0,Female,STAGE IIIC,EUR
TCGA-BH-A0E1,Breast_Invasive_Carcinoma,breast,1,0.0,52.0,Female,STAGE IIB,EUR
TCGA-BH-A0E9,Breast_Invasive_Carcinoma,breast,6,1.0,53.0,Female,STAGE IIB,EUR
TCGA-BH-A0EA,Breast_Invasive_Carcinoma,breast,2,0.0,72.0,Female,STAGE IIA,EUR
TCGA-BH-A0EI,Breast_Invasive_Carcinoma,breast,1,0.0,51.0,Female,STAGE IIA,EUR
TCGA-BH-A0H3,Breast_Invasive_Carcinoma,breast,3,2.0,46.0,Female,STAGE I,EUR
TCGA-BH-A0H5,Breast_Invasive_Carcinoma,breast,11,1.0,45.0,Female,STAGE I,EUR
TCGA-BH-A0H7,Breast_Invasive_Carcinoma,breast,1,0.0,65.0,Female,STAGE IIIA,EUR
TCGA-BH-A0H9,Breast_Invasive_Carcinoma,breast,2,0.0,69.0,Female,STAGE IIA,EUR
TCGA-BH-A0HA,Breast_Invasive_Carcinoma,breast,73,3.0,31.0,Female,STAGE I,EUR
TCGA-BH-A0HI,Breast_Invasive_Carcinoma,breast,3,0.0,78.0,Female,STAGE IA,EUR
TCGA-BH-A0HK,Breast_Invasive_Carcinoma,breast,3,0.0,81.0,Female,STAGE IIB,EUR
TCGA-BH-A0HN,Breast_Invasive_Carcinoma,breast,4,0.0,67.0,Female,STAGE IA,EUR
TCGA-BH-A0HP,Breast_Invasive_Carcinoma,breast,20,1.0,65.0,Female,STAGE IIIA,EUR
TCGA-BH-A0RX,Breast_Invasive_Carcinoma,breast,6,2.0,59.0,Female,STAGE IIA,EUR
TCGA-BH-A0W3,Breast_Invasive_Carcinoma,breast,1,0.0,58.0,Female,STAGE IIA,EUR
TCGA-BH-A0W4,Breast_Invasive_Carcinoma,breast,4,1.0,46.0,Female,STAGE IIA,EUR
TCGA-BH-A0W5,Breast_Invasive_Carcinoma,breast,3,2.0,77.0,Female,STAGE IIA,EUR
TCGA-BH-A0W7,Breast_Invasive_Carcinoma,breast,12,1.0,49.0,Female,STAGE I,EUR
TCGA-BH-A0WA,Breast_Invasive_Carcinoma,breast,8,0.0,82.0,Female,STAGE I,EUR
TCGA-BH-A18F,Breast_Invasive_Carcinoma,breast,6,2.0,50.0,Female,STAGE IIA,EUR
TCGA-BH-A18G,Breast_Invasive_Carcinoma,breast,229,13.0,81.0,Female,STAGE IA,EUR
TCGA-BH-A18H,Breast_Invasive_Carcinoma,breast,5,1.0,63.0,Female,STAGE IA,EUR
TCGA-BH-A18I,Breast_Invasive_Carcinoma,breast,5,1.0,53.0,Female,STAGE IIA,EUR
TCGA-BH-A18J,Breast_Invasive_Carcinoma,breast,10,1.0,56.0,Female,STAGE IV,EUR
TCGA-BH-A18K,Breast_Invasive_Carcinoma,breast,8,2.0,46.0,Female,STAGE I,EUR
TCGA-BH-A18L,Breast_Invasive_Carcinoma,breast,3,0.0,50.0,Female,STAGE IIIA,EUR
TCGA-BH-A18N,Breast_Invasive_Carcinoma,breast,5,3.0,88.0,Female,STAGE IIA,EUR
TCGA-BH-A18P,Breast_Invasive_Carcinoma,breast,38,7.0,60.0,Female,STAGE I,EUR
TCGA-BH-A18Q,Breast_Invasive_Carcinoma,breast,13,2.0,56.0,Female,STAGE IIB,EUR
TCGA-BH-A18R,Breast_Invasive_Carcinoma,breast,4,1.0,50.0,Female,STAGE IIA,EUR
TCGA-BH-A18S,Breast_Invasive_Carcinoma,breast,2,0.0,79.0,Female,STAGE I,EUR
TCGA-BH-A18T,Breast_Invasive_Carcinoma,breast,3,0.0,70.0,Female,STAGE IIA,EUR
TCGA-BH-A18U,Breast_Invasive_Carcinoma,breast,16,1.0,72.0,Female,STAGE IIIA,EUR
TCGA-BH-A18V,Breast_Invasive_Carcinoma,breast,12,1.0,48.0,Female,STAGE IIB,EUR
TCGA-BH-A1EO,Breast_Invasive_Carcinoma,breast,8,1.0,68.0,Female,STAGE IIA,EUR
TCGA-BH-A1ET,Breast_Invasive_Carcinoma,breast,1,0.0,55.0,Female,STAGE I,EUR
TCGA-BH-A1EU,Breast_Invasive_Carcinoma,breast,2,0.0,83.0,Female,STAGE I,EUR
TCGA-BH-A1EV,Breast_Invasive_Carcinoma,breast,2,0.0,45.0,Female,STAGE IIIA,EUR
TCGA-BH-A1EW,Breast_Invasive_Carcinoma,breast,1,0.0,38.0,Female,STAGE IIA,EUR
TCGA-BH-A1EX,Breast_Invasive_Carcinoma,breast,1,0.0,67.0,Female,STAGE IIB,EAS
TCGA-BH-A1EY,Breast_Invasive_Carcinoma,breast,3,0.0,79.0,Female,STAGE IIA,EUR
TCGA-BH-A1F0,Breast_Invasive_Carcinoma,breast,4,1.0,80.0,Female,STAGE IIA,EUR
TCGA-BH-A1F2,Breast_Invasive_Carcinoma,breast,5,0.0,53.0,Female,STAGE IIIB,EUR
TCGA-BH-A1F5,Breast_Invasive_Carcinoma,breast,4,2.0,62.0,Female,STAGE IIA,EUR
TCGA-BH-A1F6,Breast_Invasive_Carcinoma,breast,4,0.0,51.0,Female,,EUR
TCGA-BH-A1F8,Breast_Invasive_Carcinoma,breast,17,0.0,90.0,Female,STAGE IIIB,EUR
TCGA-BH-A1FC,Breast_Invasive_Carcinoma,breast,6,0.0,78.0,Female,STAGE IIA, 
TCGA-BH-A1FE,Breast_Invasive_Carcinoma,breast,3,0.0,31.0,Female,STAGE IIB,EUR
TCGA-BH-A1FG,Breast_Invasive_Carcinoma,breast,2,1.0,88.0,Female,STAGE I,EUR
TCGA-BH-A1FH,Breast_Invasive_Carcinoma,breast,5,1.0,47.0,Female,STAGE IV,EUR
TCGA-BH-A1FJ,Breast_Invasive_Carcinoma,breast,3,1.0,66.0,Female,STAGE IIIA,EUR
TCGA-BH-A1FL,Breast_Invasive_Carcinoma,breast,3,0.0,69.0,Female,STAGE IIB,EUR
TCGA-BH-A1FM,Breast_Invasive_Carcinoma,breast,4,1.0,44.0,Female,STAGE IIIA,EUR
TCGA-BH-A1FN,Breast_Invasive_Carcinoma,breast,10,1.0,34.0,Female,STAGE IIA,EUR
TCGA-BH-A1FR,Breast_Invasive_Carcinoma,breast,1,0.0,73.0,Female,STAGE IIIB,EUR
TCGA-BH-A1FU,Breast_Invasive_Carcinoma,breast,7,0.0,44.0,Female,STAGE IA,EUR
TCGA-BH-A201,Breast_Invasive_Carcinoma,breast,1,1.0,64.0,Female,STAGE IA,EUR
TCGA-BH-A202,Breast_Invasive_Carcinoma,breast,5,4.0,60.0,Female,STAGE II,EUR
TCGA-BH-A203,Breast_Invasive_Carcinoma,breast,6,0.0,78.0,Female,STAGE IIB,EUR
TCGA-BH-A204,Breast_Invasive_Carcinoma,breast,4,0.0,80.0,Female,STAGE IIB,EUR
TCGA-BH-A208,Breast_Invasive_Carcinoma,breast,8,0.0,48.0,Female,STAGE IIB,EUR
TCGA-BH-A209,Breast_Invasive_Carcinoma,breast,8,1.0,77.0,Female,STAGE I, 
TCGA-BH-A28Q,Breast_Invasive_Carcinoma,breast,3,2.0,46.0,Female,STAGE IIB,EUR
TCGA-BH-A2L8,Breast_Invasive_Carcinoma,breast,39,4.0,45.0,Female,STAGE IIA,EUR
TCGA-BH-A42U,Breast_Invasive_Carcinoma,breast,2,0.0,80.0,Female,STAGE IIA, 
TCGA-BH-A42V,Breast_Invasive_Carcinoma,breast,7,1.0,41.0,Female,STAGE IB, 
TCGA-BH-A5IZ,Breast_Invasive_Carcinoma,breast,9,0.0,51.0,Female,STAGE IIB, 
TCGA-BH-A5J0,Breast_Invasive_Carcinoma,breast,8,0.0,63.0,Female,STAGE IA, 
TCGA-BH-A6R8,Breast_Invasive_Carcinoma,breast,3,2.0,46.0,Female,STAGE IIA,AFR
TCGA-BH-A8FY,Breast_Invasive_Carcinoma,breast,3,2.0,87.0,Female,STAGE IA,EUR
TCGA-BH-A8FZ,Breast_Invasive_Carcinoma,breast,5,0.0,58.0,Female,STAGE IA,EUR
TCGA-BH-A8G0,Breast_Invasive_Carcinoma,breast,2,0.0,54.0,Female,STAGE IIB,EUR
TCGA-BH-AB28,Breast_Invasive_Carcinoma,breast,4,3.0,53.0,Female,STAGE IIIA,EUR
TCGA-C8-A12K,Breast_Invasive_Carcinoma,breast,11,0.0,80.0,Female,STAGE IIB, 
TCGA-C8-A12L,Breast_Invasive_Carcinoma,breast,11,0.0,67.0,Female,STAGE IIA, 
TCGA-C8-A12M,Breast_Invasive_Carcinoma,breast,8,1.0,70.0,Female,STAGE IIA, 
TCGA-C8-A12N,Breast_Invasive_Carcinoma,breast,4,4.0,58.0,Female,STAGE IIA, 
TCGA-C8-A12O,Breast_Invasive_Carcinoma,breast,3,0.0,50.0,Female,STAGE IIA, 
TCGA-C8-A12P,Breast_Invasive_Carcinoma,breast,13,2.0,55.0,Female,STAGE IIB, 
TCGA-C8-A12Q,Breast_Invasive_Carcinoma,breast,14,0.0,78.0,Female,STAGE IIIA, 
TCGA-C8-A12T,Breast_Invasive_Carcinoma,breast,16,3.0,43.0,Female,STAGE IIA, 
TCGA-C8-A12U,Breast_Invasive_Carcinoma,breast,6,1.0,46.0,Female,STAGE IIB, 
TCGA-C8-A12V,Breast_Invasive_Carcinoma,breast,3,1.0,55.0,Female,STAGE IIA, 
TCGA-C8-A12W,Breast_Invasive_Carcinoma,breast,3,0.0,49.0,Female,STAGE IIIB, 
TCGA-C8-A12X,Breast_Invasive_Carcinoma,breast,7,0.0,62.0,Female,STAGE IIB, 
TCGA-C8-A12Y,Breast_Invasive_Carcinoma,breast,2,0.0,44.0,Female,STAGE IIB, 
TCGA-C8-A12Z,Breast_Invasive_Carcinoma,breast,3,1.0,45.0,Female,STAGE IIB, 
TCGA-C8-A130,Breast_Invasive_Carcinoma,breast,4,1.0,52.0,Female,STAGE IIIA, 
TCGA-C8-A131,Breast_Invasive_Carcinoma,breast,7,1.0,82.0,Female,STAGE IIIA, 
TCGA-C8-A132,Breast_Invasive_Carcinoma,breast,6,0.0,56.0,Female,STAGE IIB, 
TCGA-C8-A133,Breast_Invasive_Carcinoma,breast,4,1.0,65.0,Female,STAGE IIIA,SAS_ADMIX
TCGA-C8-A134,Breast_Invasive_Carcinoma,breast,9,0.0,52.0,Female,STAGE IIA, 
TCGA-C8-A135,Breast_Invasive_Carcinoma,breast,4,1.0,64.0,Female,STAGE IIB, 
TCGA-C8-A137,Breast_Invasive_Carcinoma,breast,5,1.0,34.0,Female,STAGE IIB, 
TCGA-C8-A138,Breast_Invasive_Carcinoma,breast,5,1.0,54.0,Female,STAGE IIIA, 
TCGA-C8-A1HE,Breast_Invasive_Carcinoma,breast,4,0.0,59.0,Female,STAGE IIA, 
TCGA-C8-A1HF,Breast_Invasive_Carcinoma,breast,2,0.0,48.0,Female,STAGE IIA,EAS
TCGA-C8-A1HG,Breast_Invasive_Carcinoma,breast,4,0.0,50.0,Female,STAGE IIA, 
TCGA-C8-A1HI,Breast_Invasive_Carcinoma,breast,2,1.0,40.0,Female,STAGE IIIA, 
TCGA-C8-A1HJ,Breast_Invasive_Carcinoma,breast,13,1.0,53.0,Female,STAGE IIA, 
TCGA-C8-A1HK,Breast_Invasive_Carcinoma,breast,4,1.0,53.0,Female,STAGE IIB, 
TCGA-C8-A1HL,Breast_Invasive_Carcinoma,breast,3,1.0,38.0,Female,STAGE IIIA, 
TCGA-C8-A1HM,Breast_Invasive_Carcinoma,breast,21,0.0,74.0,Female,STAGE IIA,EAS
TCGA-C8-A1HN,Breast_Invasive_Carcinoma,breast,10,2.0,56.0,Female,STAGE IIA, 
TCGA-C8-A1HO,Breast_Invasive_Carcinoma,breast,5,2.0,34.0,Female,STAGE IIIC, 
TCGA-C8-A26V,Breast_Invasive_Carcinoma,breast,3,0.0,47.0,Female,STAGE IIIA, 
TCGA-C8-A26W,Breast_Invasive_Carcinoma,breast,3,0.0,58.0,Female,STAGE IIB, 
TCGA-C8-A26X,Breast_Invasive_Carcinoma,breast,11,2.0,58.0,Female,STAGE IIA, 
TCGA-C8-A26Y,Breast_Invasive_Carcinoma,breast,79,5.0,90.0,Female,STAGE IIA, 
TCGA-C8-A26Z,Breast_Invasive_Carcinoma,breast,5,0.0,59.0,Female,STAGE IIA, 
TCGA-C8-A273,Breast_Invasive_Carcinoma,breast,2,1.0,29.0,Female,STAGE IIB, 
TCGA-C8-A274,Breast_Invasive_Carcinoma,breast,20,8.0,63.0,Female,STAGE IIA, 
TCGA-C8-A275,Breast_Invasive_Carcinoma,breast,6,1.0,56.0,Female,STAGE IIA, 
TCGA-C8-A278,Breast_Invasive_Carcinoma,breast,3,0.0,61.0,Female,STAGE IIIA, 
TCGA-C8-A27A,Breast_Invasive_Carcinoma,breast,1,0.0,48.0,Female,STAGE IIB, 
TCGA-C8-A27B,Breast_Invasive_Carcinoma,breast,10,0.0,48.0,Female,STAGE IIB, 
TCGA-C8-A3M7,Breast_Invasive_Carcinoma,breast,15,4.0,60.0,Female,STAGE IIIB,EAS
TCGA-C8-A3M8,Breast_Invasive_Carcinoma,breast,6,1.0,68.0,Female,STAGE IA,EAS
TCGA-C8-A8HP,Breast_Invasive_Carcinoma,breast,18,2.0,59.0,Female,STAGE IIIA,EAS
TCGA-C8-A8HQ,Breast_Invasive_Carcinoma,breast,24,4.0,53.0,Female,STAGE IIB,EAS
TCGA-C8-A8HR,Breast_Invasive_Carcinoma,breast,2,0.0,49.0,Female,STAGE IIIA,EAS
TCGA-C8-A9FZ,Breast_Invasive_Carcinoma,breast,3,0.0,49.0,Female,STAGE IIB,EUR
TCGA-D8-A13Y,Breast_Invasive_Carcinoma,breast,9,1.0,52.0,Female,STAGE IA,EUR
TCGA-D8-A13Z,Breast_Invasive_Carcinoma,breast,6,1.0,51.0,Female,,EUR
TCGA-D8-A140,Breast_Invasive_Carcinoma,breast,18,1.0,62.0,Female,STAGE IIB,EUR
TCGA-D8-A141,Breast_Invasive_Carcinoma,breast,2,1.0,40.0,Female,,EUR
TCGA-D8-A142,Breast_Invasive_Carcinoma,breast,11,0.0,74.0,Female,STAGE IIB,EUR
TCGA-D8-A143,Breast_Invasive_Carcinoma,breast,10,1.0,51.0,Female,STAGE IIA,EUR
TCGA-D8-A145,Breast_Invasive_Carcinoma,breast,3,1.0,80.0,Female,STAGE IIA,EUR
TCGA-D8-A147,Breast_Invasive_Carcinoma,breast,15,0.0,45.0,Female,,EUR
TCGA-D8-A1J8,Breast_Invasive_Carcinoma,breast,99,8.0,77.0,Female,STAGE IIB,EUR
TCGA-D8-A1J9,Breast_Invasive_Carcinoma,breast,19,1.0,48.0,Female,STAGE IA,EUR
TCGA-D8-A1JB,Breast_Invasive_Carcinoma,breast,4,1.0,54.0,Female,STAGE IIB,EUR
TCGA-D8-A1JC,Breast_Invasive_Carcinoma,breast,9,1.0,59.0,Female,STAGE IIIA,EUR
TCGA-D8-A1JD,Breast_Invasive_Carcinoma,breast,12,0.0,41.0,Female,STAGE IIB,EUR
TCGA-D8-A1JE,Breast_Invasive_Carcinoma,breast,3,0.0,62.0,Female,STAGE IIA,EUR
TCGA-D8-A1JF,Breast_Invasive_Carcinoma,breast,6,0.0,79.0,Female,STAGE IIIA,EUR
TCGA-D8-A1JG,Breast_Invasive_Carcinoma,breast,25,3.0,62.0,Female,STAGE IIA,EUR
TCGA-D8-A1JH,Breast_Invasive_Carcinoma,breast,3,2.0,56.0,Female,STAGE IA,EUR
TCGA-D8-A1JI,Breast_Invasive_Carcinoma,breast,2,1.0,54.0,Female,STAGE IIA,EUR
TCGA-D8-A1JJ,Breast_Invasive_Carcinoma,breast,1,0.0,54.0,Female,STAGE IIA,EUR
TCGA-D8-A1JK,Breast_Invasive_Carcinoma,breast,36,0.0,90.0,Female,STAGE IIA,EUR
TCGA-D8-A1JL,Breast_Invasive_Carcinoma,breast,7,2.0,72.0,Female,STAGE IIA,EUR
TCGA-D8-A1JM,Breast_Invasive_Carcinoma,breast,6,1.0,59.0,Female,STAGE IIB,EUR
TCGA-D8-A1JN,Breast_Invasive_Carcinoma,breast,15,3.0,80.0,Female,STAGE IIIC,EUR
TCGA-D8-A1JP,Breast_Invasive_Carcinoma,breast,9,2.0,73.0,Female,STAGE IA,EUR
TCGA-D8-A1JS,Breast_Invasive_Carcinoma,breast,1,0.0,77.0,Female,STAGE IA,EUR
TCGA-D8-A1JT,Breast_Invasive_Carcinoma,breast,3,2.0,70.0,Female,STAGE IIA,EUR
TCGA-D8-A1JU,Breast_Invasive_Carcinoma,breast,1,1.0,51.0,Female,STAGE IA,EUR
TCGA-D8-A1X5,Breast_Invasive_Carcinoma,breast,9,0.0,81.0,Female,STAGE IIIC,EUR
TCGA-D8-A1X6,Breast_Invasive_Carcinoma,breast,6,3.0,80.0,Female,STAGE IIIA,EUR
TCGA-D8-A1X7,Breast_Invasive_Carcinoma,breast,2,1.0,40.0,Female,STAGE IIA,EUR
TCGA-D8-A1X9,Breast_Invasive_Carcinoma,breast,7,1.0,66.0,Female,STAGE IIB,EUR
TCGA-D8-A1XA,Breast_Invasive_Carcinoma,breast,8,2.0,64.0,Female,STAGE IA,EUR
TCGA-D8-A1XB,Breast_Invasive_Carcinoma,breast,5,1.0,62.0,Female,STAGE IIB,EUR
TCGA-D8-A1XC,Breast_Invasive_Carcinoma,breast,2,1.0,85.0,Female,STAGE IIIB,EUR
TCGA-D8-A1XF,Breast_Invasive_Carcinoma,breast,2,0.0,45.0,Female,STAGE IIA,EUR
TCGA-D8-A1XG,Breast_Invasive_Carcinoma,breast,4,1.0,86.0,Female,STAGE IIIB,EUR
TCGA-D8-A1XK,Breast_Invasive_Carcinoma,breast,103,4.0,55.0,Female,STAGE IIB,EUR
TCGA-D8-A1XL,Breast_Invasive_Carcinoma,breast,8,1.0,34.0,Female,STAGE IIB,EUR
TCGA-D8-A1XM,Breast_Invasive_Carcinoma,breast,5,0.0,57.0,Female,STAGE IA,EUR
TCGA-D8-A1XO,Breast_Invasive_Carcinoma,breast,4,1.0,56.0,Female,STAGE IIB,EUR
TCGA-D8-A1XQ,Breast_Invasive_Carcinoma,breast,144,3.0,69.0,Female,STAGE IIA,EUR
TCGA-D8-A1XR,Breast_Invasive_Carcinoma,breast,3,1.0,56.0,Female,STAGE IIB,EUR
TCGA-D8-A1XS,Breast_Invasive_Carcinoma,breast,1,0.0,48.0,Male,STAGE IIIC,EUR
TCGA-D8-A1XT,Breast_Invasive_Carcinoma,breast,5,0.0,61.0,Female,STAGE IIA,EUR
TCGA-D8-A1XU,Breast_Invasive_Carcinoma,breast,5,2.0,56.0,Female,STAGE IA,EUR
TCGA-D8-A1XV,Breast_Invasive_Carcinoma,breast,3,1.0,84.0,Female,STAGE IIA,EUR
TCGA-D8-A1XW,Breast_Invasive_Carcinoma,breast,9,0.0,53.0,Female,STAGE IIA,EUR
TCGA-D8-A1XY,Breast_Invasive_Carcinoma,breast,4,0.0,74.0,Female,STAGE IIA,EUR
TCGA-D8-A1XZ,Breast_Invasive_Carcinoma,breast,8,1.0,81.0,Female,STAGE IIIA,EUR
TCGA-D8-A1Y0,Breast_Invasive_Carcinoma,breast,5,0.0,65.0,Female,STAGE IIIA,EUR
TCGA-D8-A1Y1,Breast_Invasive_Carcinoma,breast,57,6.0,80.0,Female,STAGE IIIA,EUR
TCGA-D8-A1Y3,Breast_Invasive_Carcinoma,breast,4,1.0,61.0,Female,STAGE IIIA,EUR
TCGA-D8-A27E,Breast_Invasive_Carcinoma,breast,2,0.0,66.0,Female,STAGE IA,EUR
TCGA-D8-A27F,Breast_Invasive_Carcinoma,breast,11,2.0,40.0,Female,STAGE IIA,EUR
TCGA-D8-A27G,Breast_Invasive_Carcinoma,breast,83,5.0,75.0,Female,STAGE IIA,EUR
TCGA-D8-A27H,Breast_Invasive_Carcinoma,breast,6,0.0,72.0,Female,STAGE IIA,EUR
TCGA-D8-A27I,Breast_Invasive_Carcinoma,breast,3,1.0,58.0,Female,STAGE IIIA,EUR
TCGA-D8-A27K,Breast_Invasive_Carcinoma,breast,5,2.0,47.0,Female,STAGE IIB,EUR
TCGA-D8-A27L,Breast_Invasive_Carcinoma,breast,6,4.0,49.0,Female,STAGE IIIA,EUR
TCGA-D8-A27M,Breast_Invasive_Carcinoma,breast,8,2.0,59.0,Female,STAGE IA,EUR
TCGA-D8-A27N,Breast_Invasive_Carcinoma,breast,5,0.0,36.0,Female,STAGE IIIA,EUR
TCGA-D8-A27P,Breast_Invasive_Carcinoma,breast,2,0.0,64.0,Female,STAGE IA,EUR
TCGA-D8-A27R,Breast_Invasive_Carcinoma,breast,2,1.0,41.0,Female,STAGE IIIC,EUR
TCGA-D8-A27T,Breast_Invasive_Carcinoma,breast,1,0.0,53.0,Female,STAGE IIIC,EUR
TCGA-D8-A27V,Breast_Invasive_Carcinoma,breast,2886,54.0,62.0,Female,STAGE IIA,EUR
TCGA-D8-A27W,Breast_Invasive_Carcinoma,breast,4,1.0,55.0,Female,STAGE IIIB,EUR
TCGA-D8-A3Z6,Breast_Invasive_Carcinoma,breast,4,2.0,56.0,Female,STAGE IIIC,EUR
TCGA-D8-A4Z1,Breast_Invasive_Carcinoma,breast,3,0.0,68.0,Female,STAGE IA,EUR
TCGA-D8-A73U,Breast_Invasive_Carcinoma,breast,14,1.0,88.0,Female,STAGE IIA,EUR
TCGA-D8-A73W,Breast_Invasive_Carcinoma,breast,6,2.0,79.0,Female,STAGE IIIA,EUR
TCGA-D8-A73X,Breast_Invasive_Carcinoma,breast,4,1.0,53.0,Female,STAGE IIA,EUR
TCGA-E2-A105,Breast_Invasive_Carcinoma,breast,7,1.0,79.0,Female,STAGE IIA,EUR
TCGA-E2-A107,Breast_Invasive_Carcinoma,breast,4,0.0,54.0,Female,STAGE IIIA,EUR
TCGA-E2-A108,Breast_Invasive_Carcinoma,breast,18,0.0,64.0,Female,STAGE IIIA,EUR
TCGA-E2-A109,Breast_Invasive_Carcinoma,breast,5,0.0,64.0,Female,STAGE IIA,EUR
TCGA-E2-A10A,Breast_Invasive_Carcinoma,breast,6,3.0,41.0,Female,STAGE IIB, 
TCGA-E2-A10B,Breast_Invasive_Carcinoma,breast,5,0.0,67.0,Female,STAGE IIB,EUR
TCGA-E2-A10C,Breast_Invasive_Carcinoma,breast,34,1.0,54.0,Female,STAGE IIB,EUR
TCGA-E2-A10F,Breast_Invasive_Carcinoma,breast,4,1.0,47.0,Female,STAGE IIA,EUR
TCGA-E2-A14N,Breast_Invasive_Carcinoma,breast,7,2.0,37.0,Female,STAGE IIB,EUR
TCGA-E2-A14O,Breast_Invasive_Carcinoma,breast,4,0.0,76.0,Female,STAGE IIIA,EUR
TCGA-E2-A14P,Breast_Invasive_Carcinoma,breast,7,0.0,79.0,Female,STAGE IIIC,EUR
TCGA-E2-A14Q,Breast_Invasive_Carcinoma,breast,3,1.0,50.0,Female,STAGE IIB,EUR
TCGA-E2-A14R,Breast_Invasive_Carcinoma,breast,13,0.0,62.0,Female,STAGE IIA,EUR
TCGA-E2-A14T,Breast_Invasive_Carcinoma,breast,4,1.0,52.0,Female,STAGE IIA,EUR
TCGA-E2-A14V,Breast_Invasive_Carcinoma,breast,7,0.0,53.0,Female,STAGE IIB,EUR
TCGA-E2-A14W,Breast_Invasive_Carcinoma,breast,22,3.0,78.0,Male,STAGE IIA, 
TCGA-E2-A14X,Breast_Invasive_Carcinoma,breast,4,1.0,55.0,Female,STAGE IIIA, 
TCGA-E2-A14Y,Breast_Invasive_Carcinoma,breast,4,0.0,35.0,Female,STAGE IIA,EUR
TCGA-E2-A14Z,Breast_Invasive_Carcinoma,breast,7,1.0,64.0,Female,STAGE I,EUR
TCGA-E2-A150,Breast_Invasive_Carcinoma,breast,6,1.0,48.0,Female,STAGE IIA,EUR
TCGA-E2-A152,Breast_Invasive_Carcinoma,breast,16,0.0,56.0,Female,STAGE I,EUR
TCGA-E2-A153,Breast_Invasive_Carcinoma,breast,4,2.0,51.0,Female,STAGE IIB,EUR
TCGA-E2-A154,Breast_Invasive_Carcinoma,breast,5,2.0,68.0,Female,STAGE I,EUR
TCGA-E2-A155,Breast_Invasive_Carcinoma,breast,11,2.0,58.0,Female,STAGE IIB,EUR
TCGA-E2-A156,Breast_Invasive_Carcinoma,breast,5,2.0,61.0,Female,STAGE I,EUR
TCGA-E2-A158,Breast_Invasive_Carcinoma,breast,7,0.0,43.0,Female,STAGE IIA,EUR
TCGA-E2-A159,Breast_Invasive_Carcinoma,breast,10,1.0,50.0,Female,STAGE IIA, 
TCGA-E2-A15A,Breast_Invasive_Carcinoma,breast,6,0.0,45.0,Female,STAGE IIIC,EUR
TCGA-E2-A15C,Breast_Invasive_Carcinoma,breast,3,1.0,61.0,Female,STAGE I,EUR
TCGA-E2-A15D,Breast_Invasive_Carcinoma,breast,4,0.0,47.0,Female,STAGE IIA,EUR
TCGA-E2-A15E,Breast_Invasive_Carcinoma,breast,1,0.0,40.0,Female,STAGE IIA,EUR
TCGA-E2-A15F,Breast_Invasive_Carcinoma,breast,3,0.0,64.0,Female,STAGE I,EUR
TCGA-E2-A15G,Breast_Invasive_Carcinoma,breast,9,3.0,76.0,Female,STAGE IIA,EUR
TCGA-E2-A15H,Breast_Invasive_Carcinoma,breast,5,1.0,38.0,Female,STAGE IIA,EUR
TCGA-E2-A15I,Breast_Invasive_Carcinoma,breast,4,1.0,44.0,Female,STAGE IIA,EUR
TCGA-E2-A15J,Breast_Invasive_Carcinoma,breast,2,0.0,51.0,Female,STAGE I,EUR
TCGA-E2-A15K,Breast_Invasive_Carcinoma,breast,4,0.0,58.0,Female,STAGE IIB,EUR
TCGA-E2-A15L,Breast_Invasive_Carcinoma,breast,5,2.0,65.0,Female,STAGE IIA, 
TCGA-E2-A15M,Breast_Invasive_Carcinoma,breast,6,0.0,66.0,Female,STAGE IIA,EUR
TCGA-E2-A15O,Breast_Invasive_Carcinoma,breast,3,1.0,89.0,Female,STAGE I, 
TCGA-E2-A15P,Breast_Invasive_Carcinoma,breast,23,1.0,61.0,Female,STAGE IA,EUR
TCGA-E2-A15R,Breast_Invasive_Carcinoma,breast,4,0.0,64.0,Female,STAGE IIA,EUR
TCGA-E2-A15S,Breast_Invasive_Carcinoma,breast,9,0.0,34.0,Female,STAGE IIB,EUR
TCGA-E2-A15T,Breast_Invasive_Carcinoma,breast,3,1.0,65.0,Female,STAGE IIA,EUR
TCGA-E2-A1AZ,Breast_Invasive_Carcinoma,breast,7,0.0,63.0,Female,STAGE IIB, 
TCGA-E2-A1B0,Breast_Invasive_Carcinoma,breast,3,0.0,50.0,Female,STAGE IIIA,EUR
TCGA-E2-A1B1,Breast_Invasive_Carcinoma,breast,4,0.0,45.0,Female,STAGE IIB,EUR
TCGA-E2-A1B4,Breast_Invasive_Carcinoma,breast,5,2.0,74.0,Female,STAGE IIIA,EUR
TCGA-E2-A1B5,Breast_Invasive_Carcinoma,breast,4,1.0,46.0,Female,STAGE IIA,EUR
TCGA-E2-A1B6,Breast_Invasive_Carcinoma,breast,3,1.0,44.0,Female,STAGE IIA,EUR
TCGA-E2-A1BC,Breast_Invasive_Carcinoma,breast,6,0.0,63.0,Female,STAGE IA,EUR
TCGA-E2-A1BD,Breast_Invasive_Carcinoma,breast,6,2.0,53.0,Female,STAGE IIA,EUR
TCGA-E2-A1IF,Breast_Invasive_Carcinoma,breast,2,0.0,74.0,Female,STAGE I,EUR
TCGA-E2-A1IG,Breast_Invasive_Carcinoma,breast,7,1.0,45.0,Female,STAGE IIB,EUR
TCGA-E2-A1IH,Breast_Invasive_Carcinoma,breast,7,2.0,80.0,Female,STAGE I,EUR
TCGA-E2-A1II,Breast_Invasive_Carcinoma,breast,3,0.0,51.0,Female,STAGE I,EUR
TCGA-E2-A1IJ,Breast_Invasive_Carcinoma,breast,4,2.0,57.0,Female,STAGE I,EUR
TCGA-E2-A1IK,Breast_Invasive_Carcinoma,breast,2,1.0,71.0,Female,STAGE IIA,EUR
TCGA-E2-A1IL,Breast_Invasive_Carcinoma,breast,4,1.0,78.0,Female,STAGE IIA,EUR
TCGA-E2-A1IN,Breast_Invasive_Carcinoma,breast,13,1.0,60.0,Female,STAGE I,EUR
TCGA-E2-A1IO,Breast_Invasive_Carcinoma,breast,1,0.0,37.0,Female,STAGE I,EUR
TCGA-E2-A1IU,Breast_Invasive_Carcinoma,breast,4,1.0,60.0,Female,STAGE IA,EUR
TCGA-E2-A1L6,Breast_Invasive_Carcinoma,breast,3,0.0,44.0,Female,STAGE IIA,EUR
TCGA-E2-A1L7,Breast_Invasive_Carcinoma,breast,4,1.0,40.0,Female,STAGE IIIA,EUR
TCGA-E2-A1L8,Breast_Invasive_Carcinoma,breast,1,0.0,52.0,Female,STAGE IIB,AFR
TCGA-E2-A1L9,Breast_Invasive_Carcinoma,breast,4,4.0,40.0,Female,STAGE IIA,EUR
TCGA-E2-A1LA,Breast_Invasive_Carcinoma,breast,8,0.0,59.0,Female,STAGE IIA, 
TCGA-E2-A1LB,Breast_Invasive_Carcinoma,breast,9,1.0,41.0,Female,STAGE IIB, 
TCGA-E2-A1LG,Breast_Invasive_Carcinoma,breast,13,2.0,50.0,Female,STAGE IIA, 
TCGA-E2-A1LH,Breast_Invasive_Carcinoma,breast,17,0.0,59.0,Female,STAGE I,EUR
TCGA-E2-A1LI,Breast_Invasive_Carcinoma,breast,1,0.0,57.0,Female,STAGE IIB,EUR
TCGA-E2-A1LK,Breast_Invasive_Carcinoma,breast,4,1.0,84.0,Female,STAGE IIIC, 
TCGA-E2-A1LL,Breast_Invasive_Carcinoma,breast,4,0.0,73.0,Female,STAGE IIIA, 
TCGA-E2-A2P6,Breast_Invasive_Carcinoma,breast,14,0.0,77.0,Female,STAGE IIB,AMR
TCGA-E2-A56Z,Breast_Invasive_Carcinoma,breast,4,0.0,69.0,Female,STAGE IIB, 
TCGA-E2-A570,Breast_Invasive_Carcinoma,breast,7,1.0,47.0,Female,STAGE IB, 
TCGA-E2-A573,Breast_Invasive_Carcinoma,breast,6,0.0,48.0,Female,STAGE IA, 
TCGA-E2-A574,Breast_Invasive_Carcinoma,breast,8,0.0,44.0,Female,STAGE IIA, 
TCGA-E2-A576,Breast_Invasive_Carcinoma,breast,4,1.0,69.0,Female,STAGE IA, 
TCGA-E2-A9RU,Breast_Invasive_Carcinoma,breast,6,1.0,90.0,Female,STAGE IIIC, 
TCGA-E9-A1N3,Breast_Invasive_Carcinoma,breast,4,1.0,70.0,Female,STAGE IIIA,EUR
TCGA-E9-A1N4,Breast_Invasive_Carcinoma,breast,3,1.0,41.0,Female,STAGE IIIA,EUR
TCGA-E9-A1N5,Breast_Invasive_Carcinoma,breast,5,1.0,45.0,Female,STAGE IIB,EUR
TCGA-E9-A1N8,Breast_Invasive_Carcinoma,breast,4,1.0,48.0,Female,STAGE IIA,EUR
TCGA-E9-A1N9,Breast_Invasive_Carcinoma,breast,1,1.0,58.0,Female,STAGE IIA,EUR
TCGA-E9-A1NA,Breast_Invasive_Carcinoma,breast,11,2.0,58.0,Female,STAGE IIA,EUR
TCGA-E9-A1NE,Breast_Invasive_Carcinoma,breast,2,0.0,28.0,Female,STAGE IIB,EUR
TCGA-E9-A1NF,Breast_Invasive_Carcinoma,breast,5,2.0,60.0,Female,STAGE IIA,EUR
TCGA-E9-A1NG,Breast_Invasive_Carcinoma,breast,2,0.0,62.0,Female,STAGE IIA,EUR
TCGA-E9-A1NH,Breast_Invasive_Carcinoma,breast,6,0.0,71.0,Female,STAGE IIB,EUR
TCGA-E9-A1QZ,Breast_Invasive_Carcinoma,breast,3,0.0,61.0,Female,STAGE IIA,EUR
TCGA-E9-A1R0,Breast_Invasive_Carcinoma,breast,2,0.0,58.0,Female,STAGE IIA,EUR
TCGA-E9-A1R2,Breast_Invasive_Carcinoma,breast,14,1.0,51.0,Female,STAGE IIIC,EUR
TCGA-E9-A1R3,Breast_Invasive_Carcinoma,breast,3,0.0,70.0,Female,STAGE IIIC,EUR
TCGA-E9-A1R4,Breast_Invasive_Carcinoma,breast,14,0.0,66.0,Female,STAGE IA,EUR
TCGA-E9-A1R5,Breast_Invasive_Carcinoma,breast,10,1.0,63.0,Female,STAGE IA,EUR
TCGA-E9-A1R6,Breast_Invasive_Carcinoma,breast,4,3.0,63.0,Female,STAGE IIA,EUR
TCGA-E9-A1R7,Breast_Invasive_Carcinoma,breast,5,1.0,64.0,Female,STAGE IIA,EUR
TCGA-E9-A1RA,Breast_Invasive_Carcinoma,breast,2,1.0,48.0,Female,STAGE IA,EUR
TCGA-E9-A1RB,Breast_Invasive_Carcinoma,breast,2,0.0,40.0,Female,STAGE IIA,EUR
TCGA-E9-A1RC,Breast_Invasive_Carcinoma,breast,6,2.0,56.0,Female,STAGE IIIC,EUR
TCGA-E9-A1RD,Breast_Invasive_Carcinoma,breast,3,2.0,67.0,Female,STAGE IIA,EUR
TCGA-E9-A1RE,Breast_Invasive_Carcinoma,breast,6,0.0,74.0,Female,STAGE IIIA,EUR
TCGA-E9-A1RF,Breast_Invasive_Carcinoma,breast,8,2.0,68.0,Female,STAGE IIIA,EUR
TCGA-E9-A1RG,Breast_Invasive_Carcinoma,breast,5,1.0,62.0,Female,STAGE IIIA,EUR
TCGA-E9-A1RH,Breast_Invasive_Carcinoma,breast,15,2.0,63.0,Female,STAGE IIA,EUR
TCGA-E9-A1RI,Breast_Invasive_Carcinoma,breast,1,0.0,43.0,Female,STAGE IIIA,EUR
TCGA-E9-A226,Breast_Invasive_Carcinoma,breast,6,2.0,45.0,Female,STAGE IIIA,EUR
TCGA-E9-A227,Breast_Invasive_Carcinoma,breast,4,1.0,42.0,Female,STAGE IIB,EUR
TCGA-E9-A228,Breast_Invasive_Carcinoma,breast,3,0.0,58.0,Female,STAGE IIB,EUR
TCGA-E9-A229,Breast_Invasive_Carcinoma,breast,5,0.0,37.0,Female,STAGE IA,EUR
TCGA-E9-A22A,Breast_Invasive_Carcinoma,breast,4,0.0,74.0,Female,STAGE IIA,EUR
TCGA-E9-A22B,Breast_Invasive_Carcinoma,breast,3,0.0,71.0,Female,STAGE IA,EUR
TCGA-E9-A22D,Breast_Invasive_Carcinoma,breast,2,1.0,38.0,Female,STAGE IIA,EUR
TCGA-E9-A22E,Breast_Invasive_Carcinoma,breast,9,1.0,56.0,Female,STAGE IIIA,EUR
TCGA-E9-A22G,Breast_Invasive_Carcinoma,breast,12,2.0,47.0,Female,STAGE IIA,EUR
TCGA-E9-A22H,Breast_Invasive_Carcinoma,breast,3,0.0,42.0,Female,STAGE IIB,EUR_ADMIX
TCGA-E9-A243,Breast_Invasive_Carcinoma,breast,8,1.0,52.0,Female,STAGE IIA,EUR
TCGA-E9-A244,Breast_Invasive_Carcinoma,breast,10,1.0,54.0,Female,STAGE IIA,EUR
TCGA-E9-A245,Breast_Invasive_Carcinoma,breast,5,0.0,47.0,Female,STAGE IIB,EUR
TCGA-E9-A247,Breast_Invasive_Carcinoma,breast,3,0.0,59.0,Female,STAGE IA,EUR
TCGA-E9-A248,Breast_Invasive_Carcinoma,breast,6,2.0,51.0,Female,STAGE IIA,EUR
TCGA-E9-A249,Breast_Invasive_Carcinoma,breast,1,0.0,45.0,Female,STAGE IIA,EUR
TCGA-E9-A24A,Breast_Invasive_Carcinoma,breast,3,0.0,69.0,Female,STAGE IIA,EUR
TCGA-E9-A295,Breast_Invasive_Carcinoma,breast,11,0.0,71.0,Female,STAGE IIA,EUR
TCGA-E9-A2JS,Breast_Invasive_Carcinoma,breast,7,0.0,72.0,Female,STAGE IIB,EUR
TCGA-E9-A2JT,Breast_Invasive_Carcinoma,breast,4,0.0,63.0,Female,STAGE IIA,EUR
TCGA-E9-A3HO,Breast_Invasive_Carcinoma,breast,8,3.0,49.0,Female,STAGE IIA,EUR
TCGA-E9-A3QA,Breast_Invasive_Carcinoma,breast,1,0.0,33.0,Female,STAGE IIA,EUR
TCGA-E9-A3X8,Breast_Invasive_Carcinoma,breast,4,2.0,48.0,Female,STAGE IIB,EUR
TCGA-E9-A54Y,Breast_Invasive_Carcinoma,breast,6,2.0,63.0,Female,STAGE IIIA,EUR
TCGA-E9-A5FK,Breast_Invasive_Carcinoma,breast,4,1.0,60.0,Female,STAGE IIIC,EUR
TCGA-E9-A5FL,Breast_Invasive_Carcinoma,breast,11,0.0,65.0,Female,STAGE IIB,EUR
TCGA-E9-A5UO,Breast_Invasive_Carcinoma,breast,7,1.0,41.0,Female,STAGE IIA,EUR
TCGA-E9-A6HE,Breast_Invasive_Carcinoma,breast,4,2.0,45.0,Female,STAGE IIIC,EUR
TCGA-EW-A1IW,Breast_Invasive_Carcinoma,breast,9,0.0,80.0,Female,STAGE IIB,EUR
TCGA-EW-A1IX,Breast_Invasive_Carcinoma,breast,4,0.0,48.0,Female,STAGE IIA, 
TCGA-EW-A1IY,Breast_Invasive_Carcinoma,breast,6,3.0,38.0,Female,STAGE I, 
TCGA-EW-A1IZ,Breast_Invasive_Carcinoma,breast,101,3.0,53.0,Female,STAGE IIIA, 
TCGA-EW-A1J1,Breast_Invasive_Carcinoma,breast,3,2.0,38.0,Female,STAGE IIB, 
TCGA-EW-A1J5,Breast_Invasive_Carcinoma,breast,30,3.0,59.0,Female,STAGE IIB,EUR
TCGA-EW-A1J6,Breast_Invasive_Carcinoma,breast,5,0.0,70.0,Female,STAGE I, 
TCGA-EW-A1OV,Breast_Invasive_Carcinoma,breast,16,1.0,56.0,Female,STAGE IIB,EUR
TCGA-EW-A1OX,Breast_Invasive_Carcinoma,breast,2,1.0,43.0,Female,STAGE IIA,AFR_ADMIX
TCGA-EW-A1OZ,Breast_Invasive_Carcinoma,breast,5,1.0,56.0,Female,STAGE IIA, 
TCGA-EW-A1P0,Breast_Invasive_Carcinoma,breast,1,0.0,55.0,Female,STAGE IIB,EUR
TCGA-EW-A1P3,Breast_Invasive_Carcinoma,breast,5,3.0,48.0,Female,STAGE IIA,EUR
TCGA-EW-A1P4,Breast_Invasive_Carcinoma,breast,5,0.0,43.0,Female,STAGE IIA, 
TCGA-EW-A1P5,Breast_Invasive_Carcinoma,breast,3,1.0,77.0,Female,STAGE IIB, 
TCGA-EW-A1P6,Breast_Invasive_Carcinoma,breast,2,1.0,64.0,Female,STAGE IIB,EUR
TCGA-EW-A1P7,Breast_Invasive_Carcinoma,breast,4,0.0,59.0,Female,STAGE IIA, 
TCGA-EW-A1P8,Breast_Invasive_Carcinoma,breast,8,1.0,58.0,Female,STAGE IIIC,EUR
TCGA-EW-A1PA,Breast_Invasive_Carcinoma,breast,4,1.0,59.0,Female,STAGE IIB,EUR
TCGA-EW-A1PB,Breast_Invasive_Carcinoma,breast,16,1.0,70.0,Female,STAGE IIIA, 
TCGA-EW-A1PD,Breast_Invasive_Carcinoma,breast,10,3.0,61.0,Male,STAGE IIA,EUR
TCGA-EW-A1PE,Breast_Invasive_Carcinoma,breast,6,1.0,56.0,Female,STAGE IIA, 
TCGA-EW-A1PG,Breast_Invasive_Carcinoma,breast,4,1.0,53.0,Female,STAGE IIB,EUR
TCGA-EW-A1PH,Breast_Invasive_Carcinoma,breast,6,1.0,52.0,Female,STAGE IIA,EUR
TCGA-EW-A2FS,Breast_Invasive_Carcinoma,breast,6,1.0,41.0,Female,STAGE IIB, 
TCGA-EW-A2FV,Breast_Invasive_Carcinoma,breast,3824,82.0,39.0,Female,STAGE IIIC,EUR
TCGA-EW-A2FW,Breast_Invasive_Carcinoma,breast,5,1.0,52.0,Female,STAGE IIA, 
TCGA-EW-A423,Breast_Invasive_Carcinoma,breast,4,1.0,75.0,Female,STAGE IIA, 
TCGA-EW-A6S9,Breast_Invasive_Carcinoma,breast,1,0.0,34.0,Female,STAGE IIA,AFR_ADMIX
TCGA-EW-A6SA,Breast_Invasive_Carcinoma,breast,4,2.0,59.0,Male,STAGE II,AFR
TCGA-EW-A6SB,Breast_Invasive_Carcinoma,breast,8,0.0,62.0,Female,STAGE II,AFR
TCGA-EW-A6SC,Breast_Invasive_Carcinoma,breast,4,1.0,60.0,Female,STAGE IIA,AFR
TCGA-EW-A6SD,Breast_Invasive_Carcinoma,breast,6,0.0,32.0,Female,STAGE IIB, 
TCGA-GI-A2C8,Breast_Invasive_Carcinoma,breast,6,0.0,63.0,Female,STAGE IIIB,EUR
TCGA-GM-A2D9,Breast_Invasive_Carcinoma,breast,39,5.0,69.0,Female,STAGE I,EUR
TCGA-GM-A2DA,Breast_Invasive_Carcinoma,breast,3,0.0,46.0,Female,STAGE IIB,EUR
TCGA-GM-A2DB,Breast_Invasive_Carcinoma,breast,35,4.0,62.0,Female,STAGE IIA,EUR
TCGA-GM-A2DC,Breast_Invasive_Carcinoma,breast,2,0.0,57.0,Female,STAGE IIA,EUR
TCGA-GM-A2DD,Breast_Invasive_Carcinoma,breast,2,0.0,53.0,Female,STAGE I,EUR
TCGA-GM-A2DF,Breast_Invasive_Carcinoma,breast,2,0.0,53.0,Female,STAGE IIA, 
TCGA-GM-A2DH,Breast_Invasive_Carcinoma,breast,22,1.0,58.0,Female,STAGE I,EUR
TCGA-GM-A2DI,Breast_Invasive_Carcinoma,breast,4,1.0,52.0,Female,STAGE I,EUR
TCGA-GM-A2DK,Breast_Invasive_Carcinoma,breast,2,0.0,58.0,Female,STAGE I,EUR
TCGA-GM-A2DL,Breast_Invasive_Carcinoma,breast,6,1.0,50.0,Female,STAGE I,EUR
TCGA-GM-A2DN,Breast_Invasive_Carcinoma,breast,1,0.0,58.0,Female,STAGE IIA,EUR
TCGA-GM-A2DO,Breast_Invasive_Carcinoma,breast,13,0.0,54.0,Female,STAGE I, 
TCGA-GM-A3NW,Breast_Invasive_Carcinoma,breast,2,0.0,63.0,Female,STAGE IIA,EUR
TCGA-GM-A3XL,Breast_Invasive_Carcinoma,breast,18,1.0,49.0,Female,STAGE IIA, 
TCGA-GM-A4E0,Breast_Invasive_Carcinoma,breast,2,1.0,67.0,Female,STAGE IIIC,EUR
TCGA-GM-A5PV,Breast_Invasive_Carcinoma,breast,1,1.0,63.0,Female,STAGE IIB,EUR
TCGA-GM-A5PX,Breast_Invasive_Carcinoma,breast,6,1.0,65.0,Female,STAGE IIB,EUR
TCGA-HN-A2NL,Breast_Invasive_Carcinoma,breast,10,1.0,56.0,Female,STAGE IIA,EUR
TCGA-HN-A2OB,Breast_Invasive_Carcinoma,breast,2,1.0,45.0,Female,STAGE IIB,EUR
TCGA-JL-A3YX,Breast_Invasive_Carcinoma,breast,7,3.0,46.0,Female,STAGE IIA,SAS_ADMIX
TCGA-LD-A66U,Breast_Invasive_Carcinoma,breast,3,0.0,44.0,Female,STAGE IIB,EUR
TCGA-LD-A74U,Breast_Invasive_Carcinoma,breast,18,3.0,79.0,Female,STAGE IIIC,EUR
TCGA-LD-A7W5,Breast_Invasive_Carcinoma,breast,3,0.0,52.0,Female,STAGE IIIC,AFR
TCGA-LD-A7W6,Breast_Invasive_Carcinoma,breast,4,1.0,54.0,Female,STAGE IIB,EUR
TCGA-LD-A9QF,Breast_Invasive_Carcinoma,breast,2,0.0,73.0,Female,STAGE IA,AFR_ADMIX
TCGA-LL-A50Y,Breast_Invasive_Carcinoma,breast,7,2.0,84.0,Female,STAGE IIA,EUR
TCGA-LL-A5YL,Breast_Invasive_Carcinoma,breast,5,2.0,64.0,Female,STAGE IIB,EUR
TCGA-LL-A5YM,Breast_Invasive_Carcinoma,breast,5,1.0,88.0,Female,STAGE IIIB, 
TCGA-LL-A5YN,Breast_Invasive_Carcinoma,breast,1,1.0,46.0,Female,STAGE IIA, 
TCGA-LL-A5YO,Breast_Invasive_Carcinoma,breast,1,0.0,50.0,Female,STAGE IA, 
TCGA-LL-A5YP,Breast_Invasive_Carcinoma,breast,6,0.0,49.0,Female,STAGE IIB, 
TCGA-LL-A6FP,Breast_Invasive_Carcinoma,breast,12,2.0,90.0,Female,STAGE IIA,EUR
TCGA-LL-A6FQ,Breast_Invasive_Carcinoma,breast,6,0.0,77.0,Female,STAGE IIIA, 
TCGA-LL-A6FR,Breast_Invasive_Carcinoma,breast,7,1.0,50.0,Female,STAGE IIA, 
TCGA-LL-A73Y,Breast_Invasive_Carcinoma,breast,10,0.0,67.0,Female,STAGE IA, 
TCGA-LL-A73Z,Breast_Invasive_Carcinoma,breast,6,1.0,55.0,Female,STAGE IV,AFR
TCGA-LL-A740,Breast_Invasive_Carcinoma,breast,8,1.0,61.0,Female,STAGE IA,AFR
TCGA-LL-A7SZ,Breast_Invasive_Carcinoma,breast,1,0.0,49.0,Female,STAGE IIB,AFR
TCGA-LL-A7T0,Breast_Invasive_Carcinoma,breast,5,1.0,70.0,Female,STAGE IIB,AFR
TCGA-LL-A8F5,Breast_Invasive_Carcinoma,breast,17,3.0,61.0,Female,STAGE IIA,AFR
TCGA-LL-A9Q3,Breast_Invasive_Carcinoma,breast,10,3.0,69.0,Female,STAGE IIIC,EUR
TCGA-OK-A5Q2,Breast_Invasive_Carcinoma,breast,5,1.0,59.0,Female,STAGE II, 
TCGA-OL-A5D6,Breast_Invasive_Carcinoma,breast,3,0.0,71.0,Female,STAGE IIA, 
TCGA-OL-A5D7,Breast_Invasive_Carcinoma,breast,4,1.0,70.0,Female,STAGE IIA, 
TCGA-OL-A5D8,Breast_Invasive_Carcinoma,breast,7,2.0,40.0,Female,STAGE IIB, 
TCGA-OL-A5DA,Breast_Invasive_Carcinoma,breast,3,0.0,61.0,Female,STAGE IIA,EUR
TCGA-OL-A5RU,Breast_Invasive_Carcinoma,breast,4,1.0,63.0,Female,STAGE IIA,AFR
TCGA-OL-A5RW,Breast_Invasive_Carcinoma,breast,13,1.0,40.0,Female,STAGE IIA, 
TCGA-OL-A5RX,Breast_Invasive_Carcinoma,breast,4,3.0,51.0,Female,STAGE IA, 
TCGA-OL-A5RZ,Breast_Invasive_Carcinoma,breast,6,0.0,57.0,Female,STAGE IA, 
TCGA-OL-A5S0,Breast_Invasive_Carcinoma,breast,5,0.0,66.0,Female,STAGE IIB, 
TCGA-OL-A66H,Breast_Invasive_Carcinoma,breast,3,2.0,74.0,Female,STAGE IB, 
TCGA-OL-A66I,Breast_Invasive_Carcinoma,breast,5,1.0,36.0,Female,STAGE IIA, 
TCGA-OL-A66J,Breast_Invasive_Carcinoma,breast,4,0.0,80.0,Female,STAGE I,EUR
TCGA-OL-A66K,Breast_Invasive_Carcinoma,breast,3,1.0,72.0,Female,STAGE IIA,EUR
TCGA-OL-A66L,Breast_Invasive_Carcinoma,breast,2,0.0,71.0,Female,STAGE IA, 
TCGA-OL-A66N,Breast_Invasive_Carcinoma,breast,4,1.0,59.0,Female,STAGE IIIC,EUR
TCGA-OL-A66O,Breast_Invasive_Carcinoma,breast,7,1.0,39.0,Female,STAGE IIB, 
TCGA-OL-A66P,Breast_Invasive_Carcinoma,breast,19,1.0,75.0,Female,STAGE IIA, 
TCGA-OL-A6VQ,Breast_Invasive_Carcinoma,breast,6,3.0,49.0,Female,STAGE IIA, 
TCGA-OL-A6VR,Breast_Invasive_Carcinoma,breast,1,0.0,48.0,Female,STAGE IA, 
TCGA-OL-A97C,Breast_Invasive_Carcinoma,breast,14,2.0,67.0,Female,STAGE IIB,AFR
TCGA-PE-A5DC,Breast_Invasive_Carcinoma,breast,13,0.0,72.0,Female,STAGE IIIA,EUR
TCGA-PE-A5DD,Breast_Invasive_Carcinoma,breast,6,1.0,64.0,Female,STAGE IIA,EAS_ADMIX
TCGA-PE-A5DE,Breast_Invasive_Carcinoma,breast,30,3.0,41.0,Female,STAGE IIA,EUR
TCGA-PL-A8LV,Breast_Invasive_Carcinoma,breast,7,1.0,54.0,Female,STAGE IIIB,AFR
TCGA-PL-A8LX,Breast_Invasive_Carcinoma,breast,3,2.0,35.0,Female,STAGE IV,AFR
TCGA-PL-A8LZ,Breast_Invasive_Carcinoma,breast,10,0.0,29.0,Female,STAGE IIIB,AFR
TCGA-S3-A6ZF,Breast_Invasive_Carcinoma,breast,6,0.0,64.0,Female,STAGE IIA,AFR
TCGA-S3-A6ZG,Breast_Invasive_Carcinoma,breast,5,1.0,71.0,Female,STAGE IIB,AFR_ADMIX
TCGA-S3-A6ZH,Breast_Invasive_Carcinoma,breast,5,1.0,29.0,Female,STAGE IIIC,AFR
TCGA-S3-AA0Z,Breast_Invasive_Carcinoma,breast,8,0.0,63.0,Female,STAGE IIB,AFR
TCGA-S3-AA10,Breast_Invasive_Carcinoma,breast,13,2.0,65.0,Female,STAGE IIA,AFR
TCGA-S3-AA11,Breast_Invasive_Carcinoma,breast,9,2.0,67.0,Female,STAGE IIA,AFR
TCGA-S3-AA12,Breast_Invasive_Carcinoma,breast,4,1.0,82.0,Female,STAGE IIIA,AFR
TCGA-S3-AA14,Breast_Invasive_Carcinoma,breast,1,1.0,47.0,Female,STAGE I,AFR
TCGA-S3-AA15,Breast_Invasive_Carcinoma,breast,3,1.0,51.0,Female,STAGE IIB,AFR
TCGA-S3-AA17,Breast_Invasive_Carcinoma,breast,16,2.0,64.0,Female,STAGE IIB,AFR_ADMIX
TCGA-UL-AAZ6,Breast_Invasive_Carcinoma,breast,8,1.0,73.0,Female,STAGE IIA,AFR
TCGA-UU-A93S,Breast_Invasive_Carcinoma,breast,14,0.0,63.0,Female,STAGE IV,AFR_ADMIX
TCGA-V7-A7HQ,Breast_Invasive_Carcinoma,breast,5,2.0,75.0,Female,STAGE IIIA, 
TCGA-W8-A86G,Breast_Invasive_Carcinoma,breast,2,1.0,66.0,Female,STAGE IIA,EUR
TCGA-WT-AB41,Breast_Invasive_Carcinoma,breast,3,1.0,55.0,Female,STAGE IIB,AFR
TCGA-WT-AB44,Breast_Invasive_Carcinoma,breast,6,2.0,77.0,Female,STAGE IA,EUR
TCGA-XX-A899,Breast_Invasive_Carcinoma,breast,4,2.0,46.0,Female,STAGE IIIA,EUR
TCGA-XX-A89A,Breast_Invasive_Carcinoma,breast,9,1.0,68.0,Female,STAGE IIB,EUR
TCGA-Z7-A8R5,Breast_Invasive_Carcinoma,breast,4,1.0,61.0,Female,STAGE IIIA,EUR
TCGA-Z7-A8R6,Breast_Invasive_Carcinoma,breast,13,1.0,46.0,Female,STAGE I,EUR
TCGA-2W-A8YY,Cervical_Squamous_Cell_Carcinoma,gynaecological,878,27.0,51.0,Female,,EUR
TCGA-4J-AA1J,Cervical_Squamous_Cell_Carcinoma,gynaecological,11,0.0,31.0,Female,,EUR
TCGA-BI-A0VR,Cervical_Squamous_Cell_Carcinoma,gynaecological,8,1.0,53.0,Female,,EUR
TCGA-BI-A0VS,Cervical_Squamous_Cell_Carcinoma,gynaecological,15,1.0,48.0,Female,,EUR
TCGA-BI-A20A,Cervical_Squamous_Cell_Carcinoma,gynaecological,5,0.0,49.0,Female,,EUR
TCGA-C5-A1BE,Cervical_Squamous_Cell_Carcinoma,gynaecological,10,0.0,64.0,Female,,EAS
TCGA-C5-A1BF,Cervical_Squamous_Cell_Carcinoma,gynaecological,10,4.0,46.0,Female,,EUR
TCGA-C5-A1BI,Cervical_Squamous_Cell_Carcinoma,gynaecological,6,0.0,31.0,Female,,EUR
TCGA-C5-A1BJ,Cervical_Squamous_Cell_Carcinoma,gynaecological,15,0.0,34.0,Female,,EUR
TCGA-C5-A1BK,Cervical_Squamous_Cell_Carcinoma,gynaecological,17,0.0,36.0,Female,,AFR_ADMIX
TCGA-C5-A1BL,Cervical_Squamous_Cell_Carcinoma,gynaecological,25,2.0,32.0,Female,,EUR
TCGA-C5-A1BM,Cervical_Squamous_Cell_Carcinoma,gynaecological,14,3.0,78.0,Female,,AFR_ADMIX
TCGA-C5-A1BN,Cervical_Squamous_Cell_Carcinoma,gynaecological,7,1.0,26.0,Female,,EUR
TCGA-C5-A1M5,Cervical_Squamous_Cell_Carcinoma,gynaecological,6,1.0,53.0,Female,,EUR
TCGA-C5-A1M6,Cervical_Squamous_Cell_Carcinoma,gynaecological,19,1.0,55.0,Female,,EUR
TCGA-C5-A1M7,Cervical_Squamous_Cell_Carcinoma,gynaecological,10,0.0,37.0,Female,,EUR
TCGA-C5-A1M8,Cervical_Squamous_Cell_Carcinoma,gynaecological,5,0.0,43.0,Female,,EUR
TCGA-C5-A1M9,Cervical_Squamous_Cell_Carcinoma,gynaecological,3,1.0,46.0,Female,,EUR
TCGA-C5-A1ME,Cervical_Squamous_Cell_Carcinoma,gynaecological,4,0.0,40.0,Female,,EUR
TCGA-C5-A1MF,Cervical_Squamous_Cell_Carcinoma,gynaecological,12,0.0,49.0,Female,,EUR
TCGA-C5-A1MH,Cervical_Squamous_Cell_Carcinoma,gynaecological,41,3.0,71.0,Female,,AFR_ADMIX
TCGA-C5-A1MI,Cervical_Squamous_Cell_Carcinoma,gynaecological,3,1.0,50.0,Female,,EUR
TCGA-C5-A1MJ,Cervical_Squamous_Cell_Carcinoma,gynaecological,7,0.0,61.0,Female,,EUR
TCGA-C5-A1MK,Cervical_Squamous_Cell_Carcinoma,gynaecological,27,2.0,79.0,Female,,EUR
TCGA-C5-A1ML,Cervical_Squamous_Cell_Carcinoma,gynaecological,9,2.0,49.0,Female,,EUR
TCGA-C5-A1MN,Cervical_Squamous_Cell_Carcinoma,gynaecological,12,2.0,42.0,Female,,EUR
TCGA-C5-A1MP,Cervical_Squamous_Cell_Carcinoma,gynaecological,2,0.0,34.0,Female,,AFR_ADMIX
TCGA-C5-A1MQ,Cervical_Squamous_Cell_Carcinoma,gynaecological,9,1.0,35.0,Female,,EUR
TCGA-C5-A2LS,Cervical_Squamous_Cell_Carcinoma,gynaecological,5,0.0,37.0,Female,,EUR
TCGA-C5-A2LT,Cervical_Squamous_Cell_Carcinoma,gynaecological,1,0.0,38.0,Female,,EUR
TCGA-C5-A2LV,Cervical_Squamous_Cell_Carcinoma,gynaecological,6,0.0,36.0,Female,,AFR
TCGA-C5-A2LX,Cervical_Squamous_Cell_Carcinoma,gynaecological,14,0.0,54.0,Female,,EUR
TCGA-C5-A2LY,Cervical_Squamous_Cell_Carcinoma,gynaecological,6,1.0,30.0,Female,,EUR
TCGA-C5-A2M1,Cervical_Squamous_Cell_Carcinoma,gynaecological,11,2.0,37.0,Female,,EUR
TCGA-C5-A2M2,Cervical_Squamous_Cell_Carcinoma,gynaecological,6,0.0,56.0,Female,,EUR
TCGA-C5-A3HF,Cervical_Squamous_Cell_Carcinoma,gynaecological,1,0.0,24.0,Female,,EUR
TCGA-C5-A7CG,Cervical_Squamous_Cell_Carcinoma,gynaecological,9,2.0,55.0,Female,,EUR
TCGA-C5-A7CH,Cervical_Squamous_Cell_Carcinoma,gynaecological,5,0.0,43.0,Female,,EUR
TCGA-C5-A7CJ,Cervical_Squamous_Cell_Carcinoma,gynaecological,7,0.0,42.0,Female,,EUR
TCGA-C5-A7CK,Cervical_Squamous_Cell_Carcinoma,gynaecological,15,3.0,58.0,Female,,EUR
TCGA-C5-A7CL,Cervical_Squamous_Cell_Carcinoma,gynaecological,10,1.0,48.0,Female,,EUR
TCGA-C5-A7CO,Cervical_Squamous_Cell_Carcinoma,gynaecological,13,1.0,68.0,Female,,EUR
TCGA-C5-A7UC,Cervical_Squamous_Cell_Carcinoma,gynaecological,7,0.0,48.0,Female,,EUR
TCGA-C5-A7UE,Cervical_Squamous_Cell_Carcinoma,gynaecological,11,2.0,45.0,Female,,EUR
TCGA-C5-A7UH,Cervical_Squamous_Cell_Carcinoma,gynaecological,24,2.0,55.0,Female,,EUR
TCGA-C5-A7UI,Cervical_Squamous_Cell_Carcinoma,gynaecological,9,2.0,42.0,Female,,AFR
TCGA-C5-A7X3,Cervical_Squamous_Cell_Carcinoma,gynaecological,10,1.0,70.0,Female,,EUR
TCGA-C5-A7X5,Cervical_Squamous_Cell_Carcinoma,gynaecological,17,0.0,72.0,Female,,AFR
TCGA-C5-A7X8,Cervical_Squamous_Cell_Carcinoma,gynaecological,5,0.0,35.0,Female,,EUR
TCGA-C5-A7XC,Cervical_Squamous_Cell_Carcinoma,gynaecological,3,0.0,26.0,Female,,EUR
TCGA-C5-A8XH,Cervical_Squamous_Cell_Carcinoma,gynaecological,34,2.0,39.0,Female,,EUR
TCGA-C5-A8XI,Cervical_Squamous_Cell_Carcinoma,gynaecological,2,1.0,69.0,Female,,AFR_ADMIX
TCGA-C5-A8XJ,Cervical_Squamous_Cell_Carcinoma,gynaecological,30,2.0,74.0,Female,,EUR
TCGA-C5-A8XK,Cervical_Squamous_Cell_Carcinoma,gynaecological,15,1.0,30.0,Female,,AFR
TCGA-C5-A8YQ,Cervical_Squamous_Cell_Carcinoma,gynaecological,10,3.0,79.0,Female,,EUR
TCGA-C5-A8YR,Cervical_Squamous_Cell_Carcinoma,gynaecological,9,2.0,56.0,Female,,EUR
TCGA-C5-A8ZZ,Cervical_Squamous_Cell_Carcinoma,gynaecological,3,1.0,41.0,Female,,EUR
TCGA-C5-A907,Cervical_Squamous_Cell_Carcinoma,gynaecological,8,2.0,47.0,Female,,EUR
TCGA-DG-A2KH,Cervical_Squamous_Cell_Carcinoma,gynaecological,3,0.0,25.0,Female,,EUR
TCGA-DG-A2KJ,Cervical_Squamous_Cell_Carcinoma,gynaecological,5,0.0,50.0,Female,,EUR
TCGA-DG-A2KK,Cervical_Squamous_Cell_Carcinoma,gynaecological,39,2.0,51.0,Female,,EUR
TCGA-DG-A2KL,Cervical_Squamous_Cell_Carcinoma,gynaecological,13,0.0,53.0,Female,,EUR
TCGA-DG-A2KM,Cervical_Squamous_Cell_Carcinoma,gynaecological,8,0.0,46.0,Female,,EUR
TCGA-DR-A0ZL,Cervical_Squamous_Cell_Carcinoma,gynaecological,3,0.0,53.0,Female,,EAS
TCGA-DR-A0ZM,Cervical_Squamous_Cell_Carcinoma,gynaecological,119,6.0,61.0,Female,,EUR
TCGA-DS-A0VK,Cervical_Squamous_Cell_Carcinoma,gynaecological,9,0.0,45.0,Female,,EUR
TCGA-DS-A0VL,Cervical_Squamous_Cell_Carcinoma,gynaecological,7,1.0,25.0,Female,, 
TCGA-DS-A0VM,Cervical_Squamous_Cell_Carcinoma,gynaecological,34,3.0,51.0,Female,,EUR
TCGA-DS-A0VN,Cervical_Squamous_Cell_Carcinoma,gynaecological,10,2.0,47.0,Female,,EUR
TCGA-DS-A3LQ,Cervical_Squamous_Cell_Carcinoma,gynaecological,5,0.0,46.0,Female,,AFR
TCGA-DS-A5RQ,Cervical_Squamous_Cell_Carcinoma,gynaecological,9,0.0,80.0,Female,,EUR
TCGA-DS-A7WF,Cervical_Squamous_Cell_Carcinoma,gynaecological,5,0.0,41.0,Female,, 
TCGA-DS-A7WH,Cervical_Squamous_Cell_Carcinoma,gynaecological,8,1.0,34.0,Female,,EUR
TCGA-DS-A7WI,Cervical_Squamous_Cell_Carcinoma,gynaecological,4,0.0,43.0,Female,, 
TCGA-EA-A1QS,Cervical_Squamous_Cell_Carcinoma,gynaecological,5,1.0,46.0,Female,,EUR
TCGA-EA-A1QT,Cervical_Squamous_Cell_Carcinoma,gynaecological,5,3.0,47.0,Female,,EUR
TCGA-EA-A3HQ,Cervical_Squamous_Cell_Carcinoma,gynaecological,14,2.0,60.0,Female,,EUR
TCGA-EA-A3HR,Cervical_Squamous_Cell_Carcinoma,gynaecological,10,2.0,57.0,Female,,EUR
TCGA-EA-A3HS,Cervical_Squamous_Cell_Carcinoma,gynaecological,63,5.0,35.0,Female,,EUR
TCGA-EA-A3HT,Cervical_Squamous_Cell_Carcinoma,gynaecological,7,1.0,68.0,Female,,EUR
TCGA-EA-A3HU,Cervical_Squamous_Cell_Carcinoma,gynaecological,125,8.0,43.0,Female,,EUR
TCGA-EA-A3QD,Cervical_Squamous_Cell_Carcinoma,gynaecological,8,0.0,59.0,Female,,EUR
TCGA-EA-A3QE,Cervical_Squamous_Cell_Carcinoma,gynaecological,7,0.0,45.0,Female,,EUR
TCGA-EA-A3Y4,Cervical_Squamous_Cell_Carcinoma,gynaecological,10,0.0,40.0,Female,,EUR
TCGA-EA-A410,Cervical_Squamous_Cell_Carcinoma,gynaecological,368,16.0,51.0,Female,,EUR
TCGA-EA-A411,Cervical_Squamous_Cell_Carcinoma,gynaecological,4,0.0,50.0,Female,,EUR
TCGA-EA-A439,Cervical_Squamous_Cell_Carcinoma,gynaecological,7,0.0,50.0,Female,,EAS
TCGA-EA-A43B,Cervical_Squamous_Cell_Carcinoma,gynaecological,10,2.0,43.0,Female,,EUR
TCGA-EA-A5FO,Cervical_Squamous_Cell_Carcinoma,gynaecological,7,1.0,59.0,Female,,EUR
TCGA-EA-A5O9,Cervical_Squamous_Cell_Carcinoma,gynaecological,8,0.0,39.0,Female,,EUR
TCGA-EA-A5ZD,Cervical_Squamous_Cell_Carcinoma,gynaecological,2,0.0,40.0,Female,,EAS
TCGA-EA-A5ZE,Cervical_Squamous_Cell_Carcinoma,gynaecological,7,0.0,54.0,Female,,EAS
TCGA-EA-A5ZF,Cervical_Squamous_Cell_Carcinoma,gynaecological,11,1.0,56.0,Female,,EAS
TCGA-EA-A6QX,Cervical_Squamous_Cell_Carcinoma,gynaecological,7,2.0,49.0,Female,,EAS
TCGA-EA-A78R,Cervical_Squamous_Cell_Carcinoma,gynaecological,6,2.0,54.0,Female,,EAS
TCGA-EA-A97N,Cervical_Squamous_Cell_Carcinoma,gynaecological,12,1.0,38.0,Female,,EUR
TCGA-EK-A2GZ,Cervical_Squamous_Cell_Carcinoma,gynaecological,6,0.0,64.0,Female,,AFR
TCGA-EK-A2H0,Cervical_Squamous_Cell_Carcinoma,gynaecological,20,1.0,24.0,Female,,EUR
TCGA-EK-A2H1,Cervical_Squamous_Cell_Carcinoma,gynaecological,4,1.0,20.0,Female,,EUR
TCGA-EK-A2IP,Cervical_Squamous_Cell_Carcinoma,gynaecological,8,0.0,28.0,Female,,EUR
TCGA-EK-A2PG,Cervical_Squamous_Cell_Carcinoma,gynaecological,38,2.0,88.0,Female,,AFR
TCGA-EK-A2PI,Cervical_Squamous_Cell_Carcinoma,gynaecological,7,0.0,44.0,Female,,EUR
TCGA-EK-A2PK,Cervical_Squamous_Cell_Carcinoma,gynaecological,2,1.0,43.0,Female,,EUR
TCGA-EK-A2PL,Cervical_Squamous_Cell_Carcinoma,gynaecological,17,1.0,36.0,Female,,EUR
TCGA-EK-A2PM,Cervical_Squamous_Cell_Carcinoma,gynaecological,24,1.0,81.0,Female,,EUR
TCGA-EK-A2R7,Cervical_Squamous_Cell_Carcinoma,gynaecological,13,1.0,45.0,Female,,EUR
TCGA-EK-A2R8,Cervical_Squamous_Cell_Carcinoma,gynaecological,24,2.0,48.0,Female,,EUR
TCGA-EK-A2R9,Cervical_Squamous_Cell_Carcinoma,gynaecological,8,0.0,58.0,Female,,EUR
TCGA-EK-A2RA,Cervical_Squamous_Cell_Carcinoma,gynaecological,20,0.0,74.0,Female,,AMR
TCGA-EK-A2RB,Cervical_Squamous_Cell_Carcinoma,gynaecological,10,2.0,48.0,Female,,EUR
TCGA-EK-A2RC,Cervical_Squamous_Cell_Carcinoma,gynaecological,14,4.0,33.0,Female,,EUR
TCGA-EK-A2RD,Cervical_Squamous_Cell_Carcinoma,gynaecological,11,1.0,47.0,Female,, 
TCGA-EK-A2RE,Cervical_Squamous_Cell_Carcinoma,gynaecological,3,0.0,26.0,Female,,EUR
TCGA-EK-A2RJ,Cervical_Squamous_Cell_Carcinoma,gynaecological,31,0.0,51.0,Female,,EUR
TCGA-EK-A2RK,Cervical_Squamous_Cell_Carcinoma,gynaecological,24,4.0,67.0,Female,,EUR
TCGA-EK-A2RL,Cervical_Squamous_Cell_Carcinoma,gynaecological,2,1.0,32.0,Female,,AFR
TCGA-EK-A2RM,Cervical_Squamous_Cell_Carcinoma,gynaecological,11,2.0,40.0,Female,, 
TCGA-EK-A2RN,Cervical_Squamous_Cell_Carcinoma,gynaecological,12,1.0,45.0,Female,,EUR
TCGA-EK-A2RO,Cervical_Squamous_Cell_Carcinoma,gynaecological,15,2.0,59.0,Female,,EUR
TCGA-EK-A3GJ,Cervical_Squamous_Cell_Carcinoma,gynaecological,30,2.0,51.0,Female,, 
TCGA-EK-A3GK,Cervical_Squamous_Cell_Carcinoma,gynaecological,122,6.0,33.0,Female,,EUR
TCGA-EK-A3GM,Cervical_Squamous_Cell_Carcinoma,gynaecological,16,2.0,65.0,Female,, 
TCGA-EK-A3GN,Cervical_Squamous_Cell_Carcinoma,gynaecological,8,1.0,47.0,Female,,EUR
TCGA-EX-A1H5,Cervical_Squamous_Cell_Carcinoma,gynaecological,7,0.0,58.0,Female,,AFR
TCGA-EX-A1H6,Cervical_Squamous_Cell_Carcinoma,gynaecological,8,2.0,38.0,Female,,EUR
TCGA-EX-A3L1,Cervical_Squamous_Cell_Carcinoma,gynaecological,5,1.0,32.0,Female,, 
TCGA-EX-A69M,Cervical_Squamous_Cell_Carcinoma,gynaecological,6,1.0,62.0,Female,,EUR
TCGA-EX-A8YF,Cervical_Squamous_Cell_Carcinoma,gynaecological,8,1.0,44.0,Female,,EUR
TCGA-FU-A23K,Cervical_Squamous_Cell_Carcinoma,gynaecological,9,0.0,28.0,Female,,EUR_ADMIX
TCGA-FU-A23L,Cervical_Squamous_Cell_Carcinoma,gynaecological,15,0.0,60.0,Female,,EUR
TCGA-FU-A2QG,Cervical_Squamous_Cell_Carcinoma,gynaecological,8,1.0,29.0,Female,,EUR
TCGA-FU-A3EO,Cervical_Squamous_Cell_Carcinoma,gynaecological,3,0.0,55.0,Female,,EUR
TCGA-FU-A3HY,Cervical_Squamous_Cell_Carcinoma,gynaecological,10,0.0,47.0,Female,,EUR
TCGA-FU-A3HZ,Cervical_Squamous_Cell_Carcinoma,gynaecological,216,10.0,64.0,Female,,EUR
TCGA-FU-A3NI,Cervical_Squamous_Cell_Carcinoma,gynaecological,8,1.0,45.0,Female,,EUR
TCGA-FU-A3TQ,Cervical_Squamous_Cell_Carcinoma,gynaecological,5,2.0,55.0,Female,,EUR
TCGA-FU-A3TX,Cervical_Squamous_Cell_Carcinoma,gynaecological,8,2.0,78.0,Female,,EUR
TCGA-FU-A3WB,Cervical_Squamous_Cell_Carcinoma,gynaecological,7,1.0,43.0,Female,,EUR
TCGA-FU-A3YQ,Cervical_Squamous_Cell_Carcinoma,gynaecological,6,0.0,35.0,Female,,EUR
TCGA-FU-A40J,Cervical_Squamous_Cell_Carcinoma,gynaecological,17,1.0,38.0,Female,,EUR
TCGA-FU-A5XV,Cervical_Squamous_Cell_Carcinoma,gynaecological,12,1.0,32.0,Female,,EUR
TCGA-FU-A770,Cervical_Squamous_Cell_Carcinoma,gynaecological,6,2.0,33.0,Female,,EUR
TCGA-GH-A9DA,Cervical_Squamous_Cell_Carcinoma,gynaecological,11,0.0,27.0,Female,,EUR
TCGA-HG-A2PA,Cervical_Squamous_Cell_Carcinoma,gynaecological,4,0.0,38.0,Female,,EUR
TCGA-HG-A9SC,Cervical_Squamous_Cell_Carcinoma,gynaecological,13,2.0,49.0,Female,,EUR
TCGA-HM-A3JJ,Cervical_Squamous_Cell_Carcinoma,gynaecological,7,1.0,40.0,Female,,AFR_ADMIX
TCGA-HM-A3JK,Cervical_Squamous_Cell_Carcinoma,gynaecological,5,1.0,64.0,Female,,EUR
TCGA-HM-A6W2,Cervical_Squamous_Cell_Carcinoma,gynaecological,5,0.0,34.0,Female,,AFR_ADMIX
TCGA-IR-A3L7,Cervical_Squamous_Cell_Carcinoma,gynaecological,3,1.0,37.0,Female,,EUR
TCGA-IR-A3LA,Cervical_Squamous_Cell_Carcinoma,gynaecological,89,4.0,60.0,Female,,EUR
TCGA-IR-A3LB,Cervical_Squamous_Cell_Carcinoma,gynaecological,5,0.0,53.0,Female,,EUR
TCGA-IR-A3LC,Cervical_Squamous_Cell_Carcinoma,gynaecological,6,0.0,40.0,Female,,EUR
TCGA-IR-A3LF,Cervical_Squamous_Cell_Carcinoma,gynaecological,10,0.0,64.0,Female,,EUR
TCGA-IR-A3LH,Cervical_Squamous_Cell_Carcinoma,gynaecological,79,3.0,49.0,Female,,AFR
TCGA-IR-A3LI,Cervical_Squamous_Cell_Carcinoma,gynaecological,30,1.0,48.0,Female,,EUR
TCGA-IR-A3LK,Cervical_Squamous_Cell_Carcinoma,gynaecological,117,7.0,69.0,Female,,EUR
TCGA-IR-A3LL,Cervical_Squamous_Cell_Carcinoma,gynaecological,29,2.0,60.0,Female,,EUR
TCGA-JW-A5VG,Cervical_Squamous_Cell_Carcinoma,gynaecological,3,1.0,35.0,Female,, 
TCGA-JW-A5VH,Cervical_Squamous_Cell_Carcinoma,gynaecological,5,1.0,53.0,Female,, 
TCGA-JW-A5VI,Cervical_Squamous_Cell_Carcinoma,gynaecological,10,2.0,45.0,Female,, 
TCGA-JW-A5VJ,Cervical_Squamous_Cell_Carcinoma,gynaecological,23,1.0,56.0,Female,, 
TCGA-JW-A5VK,Cervical_Squamous_Cell_Carcinoma,gynaecological,8,3.0,43.0,Female,,AFR_ADMIX
TCGA-JW-A5VL,Cervical_Squamous_Cell_Carcinoma,gynaecological,175,5.0,37.0,Female,, 
TCGA-JW-A69B,Cervical_Squamous_Cell_Carcinoma,gynaecological,2,0.0,44.0,Female,, 
TCGA-JW-A852,Cervical_Squamous_Cell_Carcinoma,gynaecological,5,1.0,42.0,Female,, 
TCGA-JW-AAVH,Cervical_Squamous_Cell_Carcinoma,gynaecological,12,1.0,46.0,Female,, 
TCGA-JX-A3PZ,Cervical_Squamous_Cell_Carcinoma,gynaecological,4,0.0,25.0,Female,,EUR
TCGA-JX-A3Q0,Cervical_Squamous_Cell_Carcinoma,gynaecological,68,6.0,63.0,Female,,AFR
TCGA-JX-A3Q8,Cervical_Squamous_Cell_Carcinoma,gynaecological,1,0.0,40.0,Female,,EAS
TCGA-JX-A5QV,Cervical_Squamous_Cell_Carcinoma,gynaecological,2,0.0,37.0,Female,,EUR
TCGA-LP-A4AU,Cervical_Squamous_Cell_Carcinoma,gynaecological,4,0.0,35.0,Female,,EAS
TCGA-LP-A4AV,Cervical_Squamous_Cell_Carcinoma,gynaecological,45,1.0,63.0,Female,,EAS
TCGA-LP-A4AW,Cervical_Squamous_Cell_Carcinoma,gynaecological,11,3.0,52.0,Female,,EAS
TCGA-LP-A4AX,Cervical_Squamous_Cell_Carcinoma,gynaecological,5,1.0,45.0,Female,,EAS
TCGA-LP-A5U2,Cervical_Squamous_Cell_Carcinoma,gynaecological,13,3.0,30.0,Female,,EAS
TCGA-LP-A5U3,Cervical_Squamous_Cell_Carcinoma,gynaecological,3,1.0,40.0,Female,,EAS
TCGA-LP-A7HU,Cervical_Squamous_Cell_Carcinoma,gynaecological,16,0.0,53.0,Female,,EAS
TCGA-MA-AA3W,Cervical_Squamous_Cell_Carcinoma,gynaecological,8,0.0,54.0,Female,, 
TCGA-MA-AA3X,Cervical_Squamous_Cell_Carcinoma,gynaecological,6,2.0,50.0,Female,,AFR
TCGA-MA-AA3Y,Cervical_Squamous_Cell_Carcinoma,gynaecological,17,1.0,48.0,Female,, 
TCGA-MA-AA3Z,Cervical_Squamous_Cell_Carcinoma,gynaecological,13,1.0,43.0,Female,, 
TCGA-MA-AA41,Cervical_Squamous_Cell_Carcinoma,gynaecological,45,3.0,33.0,Female,,EUR
TCGA-MA-AA42,Cervical_Squamous_Cell_Carcinoma,gynaecological,77,3.0,75.0,Female,, 
TCGA-MA-AA43,Cervical_Squamous_Cell_Carcinoma,gynaecological,9,0.0,48.0,Female,, 
TCGA-MU-A5YI,Cervical_Squamous_Cell_Carcinoma,gynaecological,4,0.0,60.0,Female,, 
TCGA-MU-A8JM,Cervical_Squamous_Cell_Carcinoma,gynaecological,12,1.0,46.0,Female,,EUR
TCGA-MY-A913,Cervical_Squamous_Cell_Carcinoma,gynaecological,17,0.0,28.0,Female,, 
TCGA-PN-A8MA,Cervical_Squamous_Cell_Carcinoma,gynaecological,12,0.0,43.0,Female,,AFR
TCGA-Q1-A5R1,Cervical_Squamous_Cell_Carcinoma,gynaecological,10,0.0,32.0,Female,,EUR
TCGA-Q1-A5R2,Cervical_Squamous_Cell_Carcinoma,gynaecological,36,5.0,64.0,Female,,EUR
TCGA-Q1-A5R3,Cervical_Squamous_Cell_Carcinoma,gynaecological,6,2.0,56.0,Female,,EUR
TCGA-Q1-A6DT,Cervical_Squamous_Cell_Carcinoma,gynaecological,17,0.0,55.0,Female,,EUR
TCGA-Q1-A6DV,Cervical_Squamous_Cell_Carcinoma,gynaecological,4,2.0,36.0,Female,,EAS
TCGA-Q1-A6DW,Cervical_Squamous_Cell_Carcinoma,gynaecological,8,1.0,44.0,Female,,EUR
TCGA-Q1-A73O,Cervical_Squamous_Cell_Carcinoma,gynaecological,121,6.0,37.0,Female,, 
TCGA-Q1-A73P,Cervical_Squamous_Cell_Carcinoma,gynaecological,32,1.0,45.0,Female,,EUR
TCGA-Q1-A73Q,Cervical_Squamous_Cell_Carcinoma,gynaecological,5,0.0,46.0,Female,,EUR
TCGA-Q1-A73R,Cervical_Squamous_Cell_Carcinoma,gynaecological,6,0.0,45.0,Female,,EUR
TCGA-Q1-A73S,Cervical_Squamous_Cell_Carcinoma,gynaecological,3,2.0,33.0,Female,,EUR_ADMIX
TCGA-R2-A69V,Cervical_Squamous_Cell_Carcinoma,gynaecological,6,1.0,42.0,Female,,EUR
TCGA-RA-A741,Cervical_Squamous_Cell_Carcinoma,gynaecological,4,0.0,34.0,Female,, 
TCGA-UC-A7PD,Cervical_Squamous_Cell_Carcinoma,gynaecological,3,0.0,21.0,Female,, 
TCGA-UC-A7PF,Cervical_Squamous_Cell_Carcinoma,gynaecological,45,1.0,44.0,Female,,EUR
TCGA-UC-A7PG,Cervical_Squamous_Cell_Carcinoma,gynaecological,23,0.0,44.0,Female,,EUR
TCGA-UC-A7PI,Cervical_Squamous_Cell_Carcinoma,gynaecological,6,1.0,44.0,Female,,EUR
TCGA-VS-A8EB,Cervical_Squamous_Cell_Carcinoma,gynaecological,5,1.0,41.0,Female,,EUR
TCGA-VS-A8EC,Cervical_Squamous_Cell_Carcinoma,gynaecological,8,0.0,55.0,Female,,EUR_ADMIX
TCGA-VS-A8EG,Cervical_Squamous_Cell_Carcinoma,gynaecological,5,1.0,36.0,Female,,EUR_ADMIX
TCGA-VS-A8EH,Cervical_Squamous_Cell_Carcinoma,gynaecological,5,0.0,56.0,Female,,AFR_ADMIX
TCGA-VS-A8EI,Cervical_Squamous_Cell_Carcinoma,gynaecological,14,1.0,38.0,Female,, 
TCGA-VS-A8EJ,Cervical_Squamous_Cell_Carcinoma,gynaecological,21,2.0,60.0,Female,,EUR
TCGA-VS-A8EL,Cervical_Squamous_Cell_Carcinoma,gynaecological,20,2.0,38.0,Female,, 
TCGA-VS-A8Q8,Cervical_Squamous_Cell_Carcinoma,gynaecological,6,1.0,26.0,Female,,EUR
TCGA-VS-A8Q9,Cervical_Squamous_Cell_Carcinoma,gynaecological,5,2.0,79.0,Female,,EUR
TCGA-VS-A8QA,Cervical_Squamous_Cell_Carcinoma,gynaecological,12,0.0,44.0,Female,, 
TCGA-VS-A8QC,Cervical_Squamous_Cell_Carcinoma,gynaecological,19,1.0,51.0,Female,,EUR
TCGA-VS-A8QF,Cervical_Squamous_Cell_Carcinoma,gynaecological,13,0.0,42.0,Female,,EUR_ADMIX
TCGA-VS-A8QH,Cervical_Squamous_Cell_Carcinoma,gynaecological,8,2.0,76.0,Female,, 
TCGA-VS-A8QM,Cervical_Squamous_Cell_Carcinoma,gynaecological,7,0.0,47.0,Female,,EUR_ADMIX
TCGA-VS-A94W,Cervical_Squamous_Cell_Carcinoma,gynaecological,7,1.0,39.0,Female,,EUR
TCGA-VS-A94X,Cervical_Squamous_Cell_Carcinoma,gynaecological,33,2.0,40.0,Female,,AFR
TCGA-VS-A94Y,Cervical_Squamous_Cell_Carcinoma,gynaecological,4,0.0,47.0,Female,,EUR_ADMIX
TCGA-VS-A94Z,Cervical_Squamous_Cell_Carcinoma,gynaecological,124,7.0,38.0,Female,,EUR
TCGA-VS-A950,Cervical_Squamous_Cell_Carcinoma,gynaecological,11,0.0,42.0,Female,,EUR_ADMIX
TCGA-VS-A952,Cervical_Squamous_Cell_Carcinoma,gynaecological,14,1.0,66.0,Female,,EUR
TCGA-VS-A953,Cervical_Squamous_Cell_Carcinoma,gynaecological,28,4.0,63.0,Female,,EUR_ADMIX
TCGA-VS-A954,Cervical_Squamous_Cell_Carcinoma,gynaecological,8,0.0,67.0,Female,,AFR_ADMIX
TCGA-VS-A957,Cervical_Squamous_Cell_Carcinoma,gynaecological,7,1.0,64.0,Female,,EUR
TCGA-VS-A958,Cervical_Squamous_Cell_Carcinoma,gynaecological,62,8.0,46.0,Female,,EUR
TCGA-VS-A959,Cervical_Squamous_Cell_Carcinoma,gynaecological,20,1.0,76.0,Female,,EUR_ADMIX
TCGA-VS-A9U5,Cervical_Squamous_Cell_Carcinoma,gynaecological,6,0.0,57.0,Female,,EUR
TCGA-VS-A9U6,Cervical_Squamous_Cell_Carcinoma,gynaecological,89,4.0,52.0,Female,,EUR
TCGA-VS-A9U7,Cervical_Squamous_Cell_Carcinoma,gynaecological,18,0.0,30.0,Female,,EUR
TCGA-VS-A9UA,Cervical_Squamous_Cell_Carcinoma,gynaecological,18,2.0,60.0,Female,,EUR
TCGA-VS-A9UB,Cervical_Squamous_Cell_Carcinoma,gynaecological,6,2.0,54.0,Female,, 
TCGA-VS-A9UC,Cervical_Squamous_Cell_Carcinoma,gynaecological,22,1.0,32.0,Female,,EUR
TCGA-VS-A9UD,Cervical_Squamous_Cell_Carcinoma,gynaecological,19,3.0,73.0,Female,,EUR_ADMIX
TCGA-VS-A9UH,Cervical_Squamous_Cell_Carcinoma,gynaecological,21,4.0,53.0,Female,, 
TCGA-VS-A9UI,Cervical_Squamous_Cell_Carcinoma,gynaecological,11,0.0,76.0,Female,,EUR
TCGA-VS-A9UJ,Cervical_Squamous_Cell_Carcinoma,gynaecological,96,5.0,55.0,Female,, 
TCGA-VS-A9UL,Cervical_Squamous_Cell_Carcinoma,gynaecological,8,0.0,79.0,Female,,EUR
TCGA-VS-A9UM,Cervical_Squamous_Cell_Carcinoma,gynaecological,9,1.0,39.0,Female,, 
TCGA-VS-A9UO,Cervical_Squamous_Cell_Carcinoma,gynaecological,6,0.0,43.0,Female,,EUR
TCGA-VS-A9UP,Cervical_Squamous_Cell_Carcinoma,gynaecological,27,1.0,43.0,Female,, 
TCGA-VS-A9UQ,Cervical_Squamous_Cell_Carcinoma,gynaecological,2,0.0,32.0,Female,,EUR
TCGA-VS-A9UR,Cervical_Squamous_Cell_Carcinoma,gynaecological,13,0.0,53.0,Female,,EUR_ADMIX
TCGA-VS-A9UT,Cervical_Squamous_Cell_Carcinoma,gynaecological,5,1.0,72.0,Female,,EAS
TCGA-VS-A9UU,Cervical_Squamous_Cell_Carcinoma,gynaecological,6,0.0,42.0,Female,, 
TCGA-VS-A9UV,Cervical_Squamous_Cell_Carcinoma,gynaecological,11,4.0,74.0,Female,, 
TCGA-VS-A9UY,Cervical_Squamous_Cell_Carcinoma,gynaecological,22,1.0,29.0,Female,, 
TCGA-VS-A9UZ,Cervical_Squamous_Cell_Carcinoma,gynaecological,19,2.0,61.0,Female,,EUR
TCGA-VS-A9V0,Cervical_Squamous_Cell_Carcinoma,gynaecological,3,0.0,58.0,Female,,AFR_ADMIX
TCGA-VS-A9V1,Cervical_Squamous_Cell_Carcinoma,gynaecological,12,0.0,46.0,Female,,EUR
TCGA-VS-A9V2,Cervical_Squamous_Cell_Carcinoma,gynaecological,3,0.0,29.0,Female,, 
TCGA-VS-A9V3,Cervical_Squamous_Cell_Carcinoma,gynaecological,19,3.0,62.0,Female,,EUR
TCGA-VS-A9V4,Cervical_Squamous_Cell_Carcinoma,gynaecological,10,2.0,63.0,Female,,EUR
TCGA-VS-A9V5,Cervical_Squamous_Cell_Carcinoma,gynaecological,14,4.0,50.0,Female,,EUR_ADMIX
TCGA-VS-AA62,Cervical_Squamous_Cell_Carcinoma,gynaecological,3,0.0,51.0,Female,,EUR_ADMIX
TCGA-WL-A834,Cervical_Squamous_Cell_Carcinoma,gynaecological,4,0.0,57.0,Female,,EUR
TCGA-XS-A8TJ,Cervical_Squamous_Cell_Carcinoma,gynaecological,12,0.0,41.0,Female,,AFR_ADMIX
TCGA-ZJ-A8QO,Cervical_Squamous_Cell_Carcinoma,gynaecological,9,1.0,73.0,Female,, 
TCGA-ZJ-A8QR,Cervical_Squamous_Cell_Carcinoma,gynaecological,15,2.0,38.0,Female,,EAS_ADMIX
TCGA-ZJ-AAX4,Cervical_Squamous_Cell_Carcinoma,gynaecological,1,0.0,85.0,Female,,EUR
TCGA-ZJ-AAX8,Cervical_Squamous_Cell_Carcinoma,gynaecological,8,0.0,58.0,Female,,EUR
TCGA-ZJ-AAXA,Cervical_Squamous_Cell_Carcinoma,gynaecological,7,0.0,64.0,Female,,EUR
TCGA-ZJ-AAXB,Cervical_Squamous_Cell_Carcinoma,gynaecological,16,0.0,42.0,Female,,EUR
TCGA-ZJ-AAXD,Cervical_Squamous_Cell_Carcinoma,gynaecological,7,0.0,35.0,Female,,EUR
TCGA-ZJ-AAXF,Cervical_Squamous_Cell_Carcinoma,gynaecological,5,1.0,62.0,Female,,EUR
TCGA-ZJ-AAXI,Cervical_Squamous_Cell_Carcinoma,gynaecological,9,2.0,67.0,Female,,EUR
TCGA-ZJ-AAXJ,Cervical_Squamous_Cell_Carcinoma,gynaecological,17,1.0,43.0,Female,,EUR
TCGA-ZJ-AAXN,Cervical_Squamous_Cell_Carcinoma,gynaecological,4,0.0,34.0,Female,,EUR
TCGA-ZJ-AAXT,Cervical_Squamous_Cell_Carcinoma,gynaecological,23,4.0,54.0,Female,,EUR
TCGA-ZJ-AAXU,Cervical_Squamous_Cell_Carcinoma,gynaecological,44,6.0,51.0,Female,,EUR
TCGA-ZJ-AB0H,Cervical_Squamous_Cell_Carcinoma,gynaecological,6,0.0,48.0,Female,,AFR
TCGA-ZJ-AB0I,Cervical_Squamous_Cell_Carcinoma,gynaecological,7,2.0,25.0,Female,,EUR
TCGA-ZX-AA5X,Cervical_Squamous_Cell_Carcinoma,gynaecological,5,1.0,64.0,Female,,EUR
TCGA-3X-AAV9,Cholangiocarcinoma,digestive,7,1.0,72.0,Male,STAGE I,EUR_ADMIX
TCGA-3X-AAVA,Cholangiocarcinoma,digestive,4,0.0,50.0,Female,STAGE II,EUR
TCGA-3X-AAVB,Cholangiocarcinoma,digestive,4,0.0,70.0,Female,STAGE IVB,EUR
TCGA-3X-AAVC,Cholangiocarcinoma,digestive,6,0.0,72.0,Female,STAGE I,EUR
TCGA-3X-AAVE,Cholangiocarcinoma,digestive,4,0.0,60.0,Male,STAGE II,EAS
TCGA-4G-AAZO,Cholangiocarcinoma,digestive,6,1.0,71.0,Female,STAGE II,EUR
TCGA-4G-AAZT,Cholangiocarcinoma,digestive,5,2.0,62.0,Male,STAGE I,EUR
TCGA-W5-AA2G,Cholangiocarcinoma,digestive,7,2.0,62.0,Female,STAGE I,EUR
TCGA-W5-AA2I,Cholangiocarcinoma,digestive,8,1.0,66.0,Male,STAGE I,EUR
TCGA-W5-AA2O,Cholangiocarcinoma,digestive,4,2.0,57.0,Male,STAGE I,EUR
TCGA-W5-AA2Q,Cholangiocarcinoma,digestive,6,0.0,68.0,Male,STAGE II,EUR
TCGA-W5-AA2R,Cholangiocarcinoma,digestive,2,0.0,77.0,Female,STAGE I,EUR
TCGA-W5-AA2T,Cholangiocarcinoma,digestive,3,0.0,64.0,Female,STAGE II,EUR
TCGA-W5-AA2U,Cholangiocarcinoma,digestive,11,0.0,78.0,Female,STAGE I,EUR
TCGA-W5-AA2W,Cholangiocarcinoma,digestive,5,1.0,31.0,Female,STAGE IVA,EUR
TCGA-W5-AA2X,Cholangiocarcinoma,digestive,10,3.0,67.0,Male,STAGE IVB,EUR
TCGA-W5-AA2Z,Cholangiocarcinoma,digestive,5,1.0,29.0,Female,STAGE II,EUR
TCGA-W5-AA30,Cholangiocarcinoma,digestive,4,1.0,82.0,Male,STAGE I,EUR
TCGA-W5-AA31,Cholangiocarcinoma,digestive,4,1.0,71.0,Male,STAGE I,EUR
TCGA-W5-AA33,Cholangiocarcinoma,digestive,4,0.0,60.0,Male,STAGE I,EUR
TCGA-W5-AA34,Cholangiocarcinoma,digestive,1,0.0,75.0,Female,STAGE I,EUR
TCGA-W5-AA36,Cholangiocarcinoma,digestive,5,1.0,51.0,Female,STAGE IV,EUR
TCGA-W5-AA38,Cholangiocarcinoma,digestive,7,1.0,55.0,Female,STAGE I,EUR
TCGA-W5-AA39,Cholangiocarcinoma,digestive,64,3.0,81.0,Male,STAGE II,EUR
TCGA-W6-AA0S,Cholangiocarcinoma,digestive,8,0.0,46.0,Female,STAGE I, 
TCGA-WD-A7RX,Cholangiocarcinoma,digestive,2,1.0,71.0,Female,STAGE II, 
TCGA-YR-A95A,Cholangiocarcinoma,digestive,3,2.0,52.0,Male,STAGE IV,EUR
TCGA-ZD-A8I3,Cholangiocarcinoma,digestive,6,0.0,73.0,Female,STAGE II,EAS
TCGA-ZH-A8Y1,Cholangiocarcinoma,digestive,2,2.0,74.0,Female,STAGE IVA,EUR
TCGA-ZH-A8Y2,Cholangiocarcinoma,digestive,7,0.0,59.0,Female,STAGE I,AFR
TCGA-ZH-A8Y4,Cholangiocarcinoma,digestive,12,3.0,58.0,Male,STAGE I,EUR
TCGA-ZH-A8Y5,Cholangiocarcinoma,digestive,1,0.0,69.0,Male,STAGE IVB,EUR
TCGA-ZH-A8Y8,Cholangiocarcinoma,digestive,6,0.0,73.0,Male,STAGE I,EUR
TCGA-ZU-A8S4,Cholangiocarcinoma,digestive,3,2.0,52.0,Male,STAGE I,EUR
TCGA-FA-8693,Diffuse_Large_B_Cell_Lymphoma,blood,22,2.0,75.0,Male,,EUR
TCGA-FA-A4BB,Diffuse_Large_B_Cell_Lymphoma,blood,17,3.0,67.0,Male,,EUR
TCGA-FA-A4XK,Diffuse_Large_B_Cell_Lymphoma,blood,7,0.0,40.0,Male,,EAS
TCGA-FA-A6HN,Diffuse_Large_B_Cell_Lymphoma,blood,22,2.0,73.0,Male,,EAS
TCGA-FA-A6HO,Diffuse_Large_B_Cell_Lymphoma,blood,6,2.0,58.0,Female,,EAS
TCGA-FA-A7DS,Diffuse_Large_B_Cell_Lymphoma,blood,11,2.0,54.0,Female,,EAS
TCGA-FA-A7Q1,Diffuse_Large_B_Cell_Lymphoma,blood,19,0.0,61.0,Female,,EAS
TCGA-FA-A82F,Diffuse_Large_B_Cell_Lymphoma,blood,14,1.0,48.0,Female,,EAS
TCGA-FA-A86F,Diffuse_Large_B_Cell_Lymphoma,blood,15,3.0,64.0,Female,,EUR
TCGA-FF-8041,Diffuse_Large_B_Cell_Lymphoma,blood,22,2.0,28.0,Female,, 
TCGA-FF-8042,Diffuse_Large_B_Cell_Lymphoma,blood,20,2.0,57.0,Female,,EAS
TCGA-FF-8043,Diffuse_Large_B_Cell_Lymphoma,blood,8,2.0,70.0,Female,,EAS
TCGA-FF-8046,Diffuse_Large_B_Cell_Lymphoma,blood,7,1.0,51.0,Male,,SAS
TCGA-FF-8047,Diffuse_Large_B_Cell_Lymphoma,blood,16,0.0,38.0,Female,,EAS
TCGA-FF-8061,Diffuse_Large_B_Cell_Lymphoma,blood,12,0.0,42.0,Male,,EAS
TCGA-FF-A7CQ,Diffuse_Large_B_Cell_Lymphoma,blood,21,0.0,74.0,Male,,EAS_ADMIX
TCGA-FF-A7CR,Diffuse_Large_B_Cell_Lymphoma,blood,12,1.0,61.0,Male,,EAS
TCGA-FF-A7CW,Diffuse_Large_B_Cell_Lymphoma,blood,7,1.0,72.0,Male,,EAS
TCGA-FF-A7CX,Diffuse_Large_B_Cell_Lymphoma,blood,11,2.0,46.0,Male,,EAS
TCGA-GR-A4D4,Diffuse_Large_B_Cell_Lymphoma,blood,6,0.0,57.0,Female,,EUR
TCGA-GR-A4D5,Diffuse_Large_B_Cell_Lymphoma,blood,5,0.0,46.0,Female,,EUR
TCGA-GR-A4D6,Diffuse_Large_B_Cell_Lymphoma,blood,2,0.0,54.0,Female,,EAS
TCGA-GR-A4D9,Diffuse_Large_B_Cell_Lymphoma,blood,6,3.0,66.0,Female,,EUR
TCGA-GS-A9TQ,Diffuse_Large_B_Cell_Lymphoma,blood,19,1.0,69.0,Female,,EUR
TCGA-GS-A9TT,Diffuse_Large_B_Cell_Lymphoma,blood,23,1.0,70.0,Male,,EUR
TCGA-GS-A9TU,Diffuse_Large_B_Cell_Lymphoma,blood,8,0.0,45.0,Male,,EUR
TCGA-GS-A9TV,Diffuse_Large_B_Cell_Lymphoma,blood,5,2.0,40.0,Female,,EUR
TCGA-GS-A9TW,Diffuse_Large_B_Cell_Lymphoma,blood,33,2.0,23.0,Female,,EUR
TCGA-GS-A9TX,Diffuse_Large_B_Cell_Lymphoma,blood,8,1.0,37.0,Male,,EUR
TCGA-GS-A9TY,Diffuse_Large_B_Cell_Lymphoma,blood,17,2.0,82.0,Female,,EUR
TCGA-GS-A9TZ,Diffuse_Large_B_Cell_Lymphoma,blood,41,1.0,51.0,Male,,EUR
TCGA-GS-A9U3,Diffuse_Large_B_Cell_Lymphoma,blood,9,0.0,77.0,Female,,EUR
TCGA-GS-A9U4,Diffuse_Large_B_Cell_Lymphoma,blood,1,0.0,27.0,Female,,EUR
TCGA-RQ-A68N,Diffuse_Large_B_Cell_Lymphoma,blood,18,0.0,63.0,Male,, 
TCGA-RQ-A6JB,Diffuse_Large_B_Cell_Lymphoma,blood,6,0.0,62.0,Female,,EUR
TCGA-RQ-AAAT,Diffuse_Large_B_Cell_Lymphoma,blood,9,0.0,63.0,Female,,EUR
TCGA-VB-A8QN,Diffuse_Large_B_Cell_Lymphoma,blood,20,2.0,55.0,Male,,EUR
TCGA-02-2470,Glioblastoma_Multiforme,brain,5,1.0,57.0,Male,,EUR
TCGA-02-2483,Glioblastoma_Multiforme,brain,1,1.0,43.0,Male,,SAS_ADMIX
TCGA-02-2485,Glioblastoma_Multiforme,brain,6,0.0,53.0,Male,,AFR_ADMIX
TCGA-02-2486,Glioblastoma_Multiforme,brain,5,1.0,64.0,Male,,EUR
TCGA-06-1804,Glioblastoma_Multiforme,brain,4,0.0,81.0,Female,,EUR
TCGA-06-1806,Glioblastoma_Multiforme,brain,1,0.0,47.0,Male,,EUR
TCGA-06-2557,Glioblastoma_Multiforme,brain,5,1.0,76.0,Male,,AFR_ADMIX
TCGA-06-2558,Glioblastoma_Multiforme,brain,6,1.0,75.0,Female,,ADMIX
TCGA-06-2559,Glioblastoma_Multiforme,brain,5,1.0,83.0,Male,,EUR_ADMIX
TCGA-06-2561,Glioblastoma_Multiforme,brain,7,1.0,53.0,Female,,EAS
TCGA-06-2562,Glioblastoma_Multiforme,brain,7,2.0,81.0,Male,,EUR
TCGA-06-2563,Glioblastoma_Multiforme,brain,4,0.0,72.0,Female,,EUR
TCGA-06-2564,Glioblastoma_Multiforme,brain,6,1.0,50.0,Male,,EUR
TCGA-06-2565,Glioblastoma_Multiforme,brain,6,0.0,59.0,Male,,SAS_ADMIX
TCGA-06-2567,Glioblastoma_Multiforme,brain,8,2.0,65.0,Male,,EUR
TCGA-06-2569,Glioblastoma_Multiforme,brain,5,2.0,24.0,Female,,AFR_ADMIX
TCGA-06-2570,Glioblastoma_Multiforme,brain,1,1.0,21.0,Female,,EUR
TCGA-06-5408,Glioblastoma_Multiforme,brain,1,0.0,54.0,Female,,EUR
TCGA-06-5410,Glioblastoma_Multiforme,brain,4,2.0,72.0,Female,,EUR
TCGA-06-5411,Glioblastoma_Multiforme,brain,3,1.0,51.0,Male,,EUR
TCGA-06-5412,Glioblastoma_Multiforme,brain,9,2.0,78.0,Female,,EUR
TCGA-06-5413,Glioblastoma_Multiforme,brain,5,2.0,67.0,Male,,EUR
TCGA-06-5414,Glioblastoma_Multiforme,brain,4,1.0,61.0,Male,,EUR
TCGA-06-5415,Glioblastoma_Multiforme,brain,6,0.0,60.0,Male,,EUR
TCGA-06-5416,Glioblastoma_Multiforme,brain,1055,25.0,23.0,Female,,EUR
TCGA-06-5417,Glioblastoma_Multiforme,brain,9,2.0,45.0,Female,,EUR
TCGA-06-5418,Glioblastoma_Multiforme,brain,6,0.0,75.0,Female,,EUR
TCGA-06-5856,Glioblastoma_Multiforme,brain,2,0.0,58.0,Male,,EUR
TCGA-06-5858,Glioblastoma_Multiforme,brain,7,1.0,45.0,Female,,EUR
TCGA-06-5859,Glioblastoma_Multiforme,brain,5,0.0,63.0,Male,,EUR
TCGA-06-6388,Glioblastoma_Multiforme,brain,3,1.0,64.0,Female,,EUR
TCGA-06-6389,Glioblastoma_Multiforme,brain,1,0.0,49.0,Female,,EUR
TCGA-06-6390,Glioblastoma_Multiforme,brain,2,0.0,58.0,Male,,EUR
TCGA-06-6693,Glioblastoma_Multiforme,brain,7,0.0,64.0,Female,,EUR
TCGA-06-6694,Glioblastoma_Multiforme,brain,6,0.0,76.0,Female,,EUR
TCGA-06-6695,Glioblastoma_Multiforme,brain,4,2.0,64.0,Male,,EUR
TCGA-06-6697,Glioblastoma_Multiforme,brain,4,0.0,65.0,Male,,EUR
TCGA-06-6698,Glioblastoma_Multiforme,brain,3,2.0,53.0,Female,,EUR
TCGA-06-6699,Glioblastoma_Multiforme,brain,3,0.0,58.0,Female,,EUR
TCGA-06-6700,Glioblastoma_Multiforme,brain,3,0.0,76.0,Male,,EUR
TCGA-06-6701,Glioblastoma_Multiforme,brain,3,1.0,60.0,Male,,EUR
TCGA-06-A5U0,Glioblastoma_Multiforme,brain,6,3.0,21.0,Female,,AFR_ADMIX
TCGA-06-A5U1,Glioblastoma_Multiforme,brain,6,0.0,78.0,Female,,AFR
TCGA-06-A6S0,Glioblastoma_Multiforme,brain,6,1.0,79.0,Male,,AFR_ADMIX
TCGA-06-A6S1,Glioblastoma_Multiforme,brain,4,1.0,53.0,Female,,AFR
TCGA-06-A7TK,Glioblastoma_Multiforme,brain,5,0.0,64.0,Male,,AFR_ADMIX
TCGA-06-A7TL,Glioblastoma_Multiforme,brain,4,1.0,30.0,Female,,AFR_ADMIX
TCGA-12-1597,Glioblastoma_Multiforme,brain,7,1.0,62.0,Female,,EUR
TCGA-12-3649,Glioblastoma_Multiforme,brain,8,0.0,76.0,Male,,EUR
TCGA-12-3650,Glioblastoma_Multiforme,brain,5,0.0,46.0,Male,,EUR
TCGA-12-3652,Glioblastoma_Multiforme,brain,6,0.0,60.0,Male,,EUR
TCGA-12-3653,Glioblastoma_Multiforme,brain,4,0.0,34.0,Female,,EUR
TCGA-12-5295,Glioblastoma_Multiforme,brain,5,0.0,60.0,Female,,EUR
TCGA-12-5299,Glioblastoma_Multiforme,brain,2,0.0,56.0,Female,,EUR
TCGA-12-5301,Glioblastoma_Multiforme,brain,6,0.0,59.0,Male,,EUR
TCGA-14-1034,Glioblastoma_Multiforme,brain,7,0.0,60.0,Female,,EUR
TCGA-14-1043,Glioblastoma_Multiforme,brain,5,2.0,61.0,Male,,EUR
TCGA-14-1395,Glioblastoma_Multiforme,brain,9,2.0,52.0,Male,,EUR
TCGA-14-1450,Glioblastoma_Multiforme,brain,3,0.0,57.0,Female,,AFR
TCGA-14-1823,Glioblastoma_Multiforme,brain,1,0.0,58.0,Female,,EUR
TCGA-14-1825,Glioblastoma_Multiforme,brain,2,2.0,70.0,Male,,EUR
TCGA-14-1829,Glioblastoma_Multiforme,brain,1,0.0,57.0,Male,,AFR
TCGA-14-2554,Glioblastoma_Multiforme,brain,3,0.0,52.0,Female,,EUR
TCGA-14-3476,Glioblastoma_Multiforme,brain,2,0.0,74.0,Male,,EUR
TCGA-14-4157,Glioblastoma_Multiforme,brain,5,1.0,40.0,Male,,AFR
TCGA-16-1045,Glioblastoma_Multiforme,brain,9,1.0,49.0,Female,,EUR
TCGA-19-1390,Glioblastoma_Multiforme,brain,5,1.0,63.0,Female,,EUR
TCGA-19-1787,Glioblastoma_Multiforme,brain,74,3.0,48.0,Male,,EUR
TCGA-19-1790,Glioblastoma_Multiforme,brain,12,0.0,56.0,Male,,EUR
TCGA-19-2619,Glioblastoma_Multiforme,brain,6,0.0,55.0,Female,,AFR_ADMIX
TCGA-19-2620,Glioblastoma_Multiforme,brain,7,0.0,70.0,Male,,EUR
TCGA-19-2623,Glioblastoma_Multiforme,brain,12,1.0,65.0,Male,,EUR
TCGA-19-2624,Glioblastoma_Multiforme,brain,4,0.0,51.0,Male,,EUR
TCGA-19-2625,Glioblastoma_Multiforme,brain,5,1.0,76.0,Female,,EUR
TCGA-19-2629,Glioblastoma_Multiforme,brain,27,3.0,60.0,Male,,EUR
TCGA-19-2631,Glioblastoma_Multiforme,brain,9,0.0,74.0,Female,,EUR
TCGA-19-4065,Glioblastoma_Multiforme,brain,3,1.0,36.0,Male,, 
TCGA-19-4068,Glioblastoma_Multiforme,brain,7,0.0,68.0,Female,,EUR
TCGA-19-5947,Glioblastoma_Multiforme,brain,3,0.0,47.0,Female,,AFR
TCGA-19-5950,Glioblastoma_Multiforme,brain,4,0.0,52.0,Female,,EUR
TCGA-19-5951,Glioblastoma_Multiforme,brain,7,1.0,76.0,Female,,EUR
TCGA-19-5952,Glioblastoma_Multiforme,brain,5,0.0,62.0,Male,,EUR
TCGA-19-5953,Glioblastoma_Multiforme,brain,2,1.0,58.0,Male,,EUR
TCGA-19-5954,Glioblastoma_Multiforme,brain,9,1.0,72.0,Female,,EUR
TCGA-19-5955,Glioblastoma_Multiforme,brain,7,3.0,83.0,Male,,EUR
TCGA-19-5956,Glioblastoma_Multiforme,brain,695,25.0,53.0,Female,,EUR
TCGA-19-5958,Glioblastoma_Multiforme,brain,2,0.0,56.0,Male,,EUR
TCGA-19-5959,Glioblastoma_Multiforme,brain,8,1.0,77.0,Female,,EUR
TCGA-19-5960,Glioblastoma_Multiforme,brain,3,0.0,56.0,Male,,EUR
TCGA-19-A60I,Glioblastoma_Multiforme,brain,2,1.0,39.0,Male,,AFR_ADMIX
TCGA-19-A6J4,Glioblastoma_Multiforme,brain,3,0.0,68.0,Male,,AFR
TCGA-19-A6J5,Glioblastoma_Multiforme,brain,5,1.0,40.0,Male,,AFR
TCGA-26-1439,Glioblastoma_Multiforme,brain,8,0.0,63.0,Male,,EUR
TCGA-26-1442,Glioblastoma_Multiforme,brain,1,0.0,43.0,Male,,EUR
TCGA-26-5132,Glioblastoma_Multiforme,brain,5,2.0,74.0,Male,,EUR
TCGA-26-5133,Glioblastoma_Multiforme,brain,4,1.0,59.0,Male,,EUR
TCGA-26-5134,Glioblastoma_Multiforme,brain,3,0.0,74.0,Male,,EUR
TCGA-26-5135,Glioblastoma_Multiforme,brain,4,0.0,72.0,Female,,EUR
TCGA-26-5136,Glioblastoma_Multiforme,brain,5,0.0,78.0,Female,,EUR
TCGA-26-5139,Glioblastoma_Multiforme,brain,2,0.0,65.0,Female,,EUR
TCGA-26-6173,Glioblastoma_Multiforme,brain,2,0.0,57.0,Male,,EUR
TCGA-26-6174,Glioblastoma_Multiforme,brain,5,2.0,65.0,Female,,EUR
TCGA-26-A7UX,Glioblastoma_Multiforme,brain,1,1.0,47.0,Male,,AFR
TCGA-27-1830,Glioblastoma_Multiforme,brain,4,0.0,57.0,Male,,EUR
TCGA-27-1831,Glioblastoma_Multiforme,brain,8,0.0,66.0,Male,,EUR
TCGA-27-1832,Glioblastoma_Multiforme,brain,4,0.0,59.0,Female,,EUR
TCGA-27-1833,Glioblastoma_Multiforme,brain,9,0.0,67.0,Female,,EUR
TCGA-27-1834,Glioblastoma_Multiforme,brain,3,0.0,56.0,Male,,EUR
TCGA-27-1835,Glioblastoma_Multiforme,brain,8,0.0,53.0,Female,,EUR
TCGA-27-1836,Glioblastoma_Multiforme,brain,4,0.0,33.0,Female,,EUR
TCGA-27-1837,Glioblastoma_Multiforme,brain,2,0.0,36.0,Male,,EUR
TCGA-27-1838,Glioblastoma_Multiforme,brain,10,0.0,59.0,Female,,EUR
TCGA-27-2518,Glioblastoma_Multiforme,brain,3,0.0,52.0,Male,,EUR
TCGA-27-2519,Glioblastoma_Multiforme,brain,4,1.0,48.0,Male,,EUR
TCGA-27-2521,Glioblastoma_Multiforme,brain,7,3.0,34.0,Male,,EUR
TCGA-27-2523,Glioblastoma_Multiforme,brain,4,1.0,63.0,Male,,EUR
TCGA-27-2524,Glioblastoma_Multiforme,brain,5,1.0,56.0,Male,,EUR
TCGA-27-2526,Glioblastoma_Multiforme,brain,4,1.0,79.0,Female,,EUR
TCGA-27-2527,Glioblastoma_Multiforme,brain,3,0.0,81.0,Male,,EUR
TCGA-27-2528,Glioblastoma_Multiforme,brain,7,2.0,62.0,Male,,EUR
TCGA-28-1747,Glioblastoma_Multiforme,brain,6,0.0,44.0,Male,,EUR
TCGA-28-1753,Glioblastoma_Multiforme,brain,3,2.0,53.0,Male,, 
TCGA-28-2499,Glioblastoma_Multiforme,brain,2,0.0,59.0,Male,,EUR
TCGA-28-2502,Glioblastoma_Multiforme,brain,7,1.0,65.0,Male,,EUR
TCGA-28-2509,Glioblastoma_Multiforme,brain,8,0.0,77.0,Female,,EUR
TCGA-28-2513,Glioblastoma_Multiforme,brain,7,1.0,69.0,Female,,EUR
TCGA-28-2514,Glioblastoma_Multiforme,brain,7,0.0,45.0,Male,,EAS
TCGA-28-5204,Glioblastoma_Multiforme,brain,6,0.0,72.0,Male,,EUR
TCGA-28-5207,Glioblastoma_Multiforme,brain,1,0.0,71.0,Male,,EUR
TCGA-28-5208,Glioblastoma_Multiforme,brain,5,1.0,52.0,Male,,EUR
TCGA-28-5209,Glioblastoma_Multiforme,brain,10,1.0,66.0,Female,,EUR
TCGA-28-5211,Glioblastoma_Multiforme,brain,2,0.0,42.0,Male,,AFR_ADMIX
TCGA-28-5213,Glioblastoma_Multiforme,brain,1,0.0,72.0,Male,,EUR
TCGA-28-5214,Glioblastoma_Multiforme,brain,5,0.0,53.0,Male,,EUR
TCGA-28-5215,Glioblastoma_Multiforme,brain,2,0.0,62.0,Female,,EUR
TCGA-28-5216,Glioblastoma_Multiforme,brain,1,0.0,52.0,Male,,EUR
TCGA-28-5218,Glioblastoma_Multiforme,brain,5,1.0,63.0,Male,,EUR
TCGA-28-5219,Glioblastoma_Multiforme,brain,4,1.0,47.0,Female,,EUR
TCGA-28-5220,Glioblastoma_Multiforme,brain,2,0.0,67.0,Male,,EUR
TCGA-28-6450,Glioblastoma_Multiforme,brain,6,1.0,60.0,Male,,EUR
TCGA-32-1970,Glioblastoma_Multiforme,brain,6,1.0,59.0,Male,,EUR
TCGA-32-1977,Glioblastoma_Multiforme,brain,7,0.0,63.0,Female,, 
TCGA-32-1979,Glioblastoma_Multiforme,brain,6,1.0,69.0,Female,,EUR
TCGA-32-1982,Glioblastoma_Multiforme,brain,6,1.0,76.0,Female,,EUR
TCGA-32-1986,Glioblastoma_Multiforme,brain,2,0.0,68.0,Male,,EUR
TCGA-32-1991,Glioblastoma_Multiforme,brain,6,2.0,60.0,Male,,EUR
TCGA-32-2491,Glioblastoma_Multiforme,brain,4,1.0,63.0,Male,,EUR
TCGA-32-2494,Glioblastoma_Multiforme,brain,3,0.0,58.0,Female,,EUR
TCGA-32-2495,Glioblastoma_Multiforme,brain,7,1.0,59.0,Female,,EUR
TCGA-32-2615,Glioblastoma_Multiforme,brain,3,0.0,62.0,Male,,EUR
TCGA-32-2616,Glioblastoma_Multiforme,brain,63,3.0,48.0,Female,, 
TCGA-32-2632,Glioblastoma_Multiforme,brain,9,2.0,80.0,Male,,EUR
TCGA-32-2634,Glioblastoma_Multiforme,brain,7,2.0,82.0,Male,,EUR
TCGA-32-2638,Glioblastoma_Multiforme,brain,6,1.0,67.0,Male,,EUR
TCGA-32-4208,Glioblastoma_Multiforme,brain,6,1.0,25.0,Male,,EUR
TCGA-32-4209,Glioblastoma_Multiforme,brain,1,0.0,40.0,Male,, 
TCGA-32-4211,Glioblastoma_Multiforme,brain,4,0.0,56.0,Male,, 
TCGA-32-4213,Glioblastoma_Multiforme,brain,7,2.0,47.0,Female,,EUR
TCGA-32-4719,Glioblastoma_Multiforme,brain,2,0.0,73.0,Male,, 
TCGA-32-5222,Glioblastoma_Multiforme,brain,3,0.0,66.0,Male,,EUR
TCGA-41-2571,Glioblastoma_Multiforme,brain,4,1.0,89.0,Male,,EUR
TCGA-41-2572,Glioblastoma_Multiforme,brain,2,0.0,67.0,Male,,EUR
TCGA-41-2573,Glioblastoma_Multiforme,brain,1,0.0,59.0,Male,,EUR
TCGA-41-2575,Glioblastoma_Multiforme,brain,5,0.0,75.0,Male,,EUR
TCGA-41-3392,Glioblastoma_Multiforme,brain,7,1.0,88.0,Male,,EUR
TCGA-41-3393,Glioblastoma_Multiforme,brain,6,0.0,81.0,Female,,EUR
TCGA-41-3915,Glioblastoma_Multiforme,brain,4,0.0,48.0,Male,,EUR
TCGA-41-4097,Glioblastoma_Multiforme,brain,2,1.0,63.0,Female,,EUR
TCGA-41-5651,Glioblastoma_Multiforme,brain,4,0.0,59.0,Female,,AFR_ADMIX
TCGA-41-6646,Glioblastoma_Multiforme,brain,11,1.0,73.0,Female,,EUR
TCGA-4W-AA9R,Glioblastoma_Multiforme,brain,4,2.0,61.0,Male,,AFR
TCGA-4W-AA9S,Glioblastoma_Multiforme,brain,8,2.0,69.0,Male,,AFR
TCGA-4W-AA9T,Glioblastoma_Multiforme,brain,5,1.0,54.0,Female,,AFR
TCGA-74-6573,Glioblastoma_Multiforme,brain,3,1.0,67.0,Male,,EUR
TCGA-74-6575,Glioblastoma_Multiforme,brain,8,2.0,73.0,Female,,EUR
TCGA-74-6577,Glioblastoma_Multiforme,brain,5,3.0,51.0,Male,,EUR
TCGA-74-6578,Glioblastoma_Multiforme,brain,5,0.0,58.0,Male,,EUR
TCGA-74-6581,Glioblastoma_Multiforme,brain,6,0.0,77.0,Male,,EUR
TCGA-74-6584,Glioblastoma_Multiforme,brain,2,0.0,55.0,Female,,EUR
TCGA-76-4925,Glioblastoma_Multiforme,brain,5,1.0,76.0,Male,,EUR
TCGA-76-4926,Glioblastoma_Multiforme,brain,7,0.0,68.0,Male,,EUR
TCGA-76-4927,Glioblastoma_Multiforme,brain,3,1.0,58.0,Male,,EUR
TCGA-76-4928,Glioblastoma_Multiforme,brain,5,0.0,85.0,Female,,EUR
TCGA-76-4929,Glioblastoma_Multiforme,brain,5,2.0,76.0,Female,,EUR
TCGA-76-4931,Glioblastoma_Multiforme,brain,6,1.0,70.0,Female,,EUR
TCGA-76-4932,Glioblastoma_Multiforme,brain,4,0.0,50.0,Female,,EUR
TCGA-76-4934,Glioblastoma_Multiforme,brain,6,0.0,66.0,Female,,EUR
TCGA-76-4935,Glioblastoma_Multiforme,brain,3,1.0,52.0,Female,,EUR
TCGA-76-6191,Glioblastoma_Multiforme,brain,6,1.0,57.0,Male,,EUR
TCGA-76-6192,Glioblastoma_Multiforme,brain,3,0.0,74.0,Male,,EUR
TCGA-76-6193,Glioblastoma_Multiforme,brain,6,1.0,78.0,Male,,EUR
TCGA-76-6280,Glioblastoma_Multiforme,brain,6,1.0,57.0,Male,,EUR
TCGA-76-6282,Glioblastoma_Multiforme,brain,5,0.0,63.0,Male,,EUR
TCGA-76-6283,Glioblastoma_Multiforme,brain,13,3.0,71.0,Female,,EUR
TCGA-76-6285,Glioblastoma_Multiforme,brain,5,0.0,64.0,Female,,EUR
TCGA-76-6286,Glioblastoma_Multiforme,brain,5,1.0,60.0,Male,,EUR
TCGA-76-6656,Glioblastoma_Multiforme,brain,5,0.0,66.0,Male,,EUR
TCGA-76-6657,Glioblastoma_Multiforme,brain,9,3.0,74.0,Male,,EUR
TCGA-76-6660,Glioblastoma_Multiforme,brain,10,1.0,73.0,Male,,EUR
TCGA-76-6661,Glioblastoma_Multiforme,brain,5,0.0,54.0,Male,,EUR
TCGA-76-6662,Glioblastoma_Multiforme,brain,7,3.0,58.0,Male,,EUR
TCGA-76-6663,Glioblastoma_Multiforme,brain,5,2.0,44.0,Female,,EUR
TCGA-76-6664,Glioblastoma_Multiforme,brain,3,0.0,49.0,Female,,EUR
TCGA-81-5910,Glioblastoma_Multiforme,brain,4,1.0,64.0,Male,,EUR
TCGA-81-5911,Glioblastoma_Multiforme,brain,3,1.0,33.0,Male,,EUR
TCGA-87-5896,Glioblastoma_Multiforme,brain,8,0.0,50.0,Female,,EUR
TCGA-OX-A56R,Glioblastoma_Multiforme,brain,6,1.0,68.0,Male,,AFR_ADMIX
TCGA-RR-A6KA,Glioblastoma_Multiforme,brain,7,0.0,72.0,Female,,AFR
TCGA-RR-A6KB,Glioblastoma_Multiforme,brain,2,0.0,51.0,Male,,AFR
TCGA-RR-A6KC,Glioblastoma_Multiforme,brain,3,0.0,55.0,Male,,AFR
TCGA-4P-AA8J,Head_and_Neck_Squamous_Cell_Carcinoma,head_and_neck,16,2.0,66.0,Male,STAGE IVA,AFR
TCGA-BA-4074,Head_and_Neck_Squamous_Cell_Carcinoma,head_and_neck,18,1.0,69.0,Male,STAGE IVA,EUR
TCGA-BA-4076,Head_and_Neck_Squamous_Cell_Carcinoma,head_and_neck,27,2.0,39.0,Male,,EUR
TCGA-BA-4078,Head_and_Neck_Squamous_Cell_Carcinoma,head_and_neck,45,1.0,83.0,Male,,EUR
TCGA-BA-5149,Head_and_Neck_Squamous_Cell_Carcinoma,head_and_neck,13,1.0,47.0,Male,STAGE IVA,EUR
TCGA-BA-5151,Head_and_Neck_Squamous_Cell_Carcinoma,head_and_neck,10,2.0,72.0,Male,STAGE IVA,EUR
TCGA-BA-5152,Head_and_Neck_Squamous_Cell_Carcinoma,head_and_neck,45,3.0,56.0,Male,STAGE IVA,EUR
TCGA-BA-5153,Head_and_Neck_Squamous_Cell_Carcinoma,head_and_neck,3,0.0,51.0,Male,,EUR
TCGA-BA-5555,Head_and_Neck_Squamous_Cell_Carcinoma,head_and_neck,16,1.0,54.0,Male,STAGE IVA,AFR
TCGA-BA-5556,Head_and_Neck_Squamous_Cell_Carcinoma,head_and_neck,11,5.0,58.0,Female,STAGE II,EUR
TCGA-BA-5557,Head_and_Neck_Squamous_Cell_Carcinoma,head_and_neck,2,1.0,41.0,Female,STAGE III, 
TCGA-BA-5558,Head_and_Neck_Squamous_Cell_Carcinoma,head_and_neck,11,2.0,65.0,Male,,EUR
TCGA-BA-5559,Head_and_Neck_Squamous_Cell_Carcinoma,head_and_neck,8,0.0,71.0,Male,,EUR
TCGA-BA-6868,Head_and_Neck_Squamous_Cell_Carcinoma,head_and_neck,14,0.0,53.0,Male,,AFR
TCGA-BA-6869,Head_and_Neck_Squamous_Cell_Carcinoma,head_and_neck,45,3.0,62.0,Male,STAGE III,EUR
TCGA-BA-6870,Head_and_Neck_Squamous_Cell_Carcinoma,head_and_neck,14,4.0,60.0,Female,,AFR
TCGA-BA-6871,Head_and_Neck_Squamous_Cell_Carcinoma,head_and_neck,10,0.0,75.0,Male,,EUR
TCGA-BA-6872,Head_and_Neck_Squamous_Cell_Carcinoma,head_and_neck,16,1.0,47.0,Male,,EUR
TCGA-BA-6873,Head_and_Neck_Squamous_Cell_Carcinoma,head_and_neck,12,5.0,28.0,Male,STAGE IVA,EAS_ADMIX
TCGA-BA-7269,Head_and_Neck_Squamous_Cell_Carcinoma,head_and_neck,9,2.0,61.0,Male,STAGE III,EUR
TCGA-BA-A4IF,Head_and_Neck_Squamous_Cell_Carcinoma,head_and_neck,11,2.0,59.0,Male,,EUR
TCGA-BA-A4IG,Head_and_Neck_Squamous_Cell_Carcinoma,head_and_neck,16,0.0,77.0,Male,,EUR
TCGA-BA-A4IH,Head_and_Neck_Squamous_Cell_Carcinoma,head_and_neck,3,0.0,57.0,Male,STAGE IVA,EUR
TCGA-BA-A4II,Head_and_Neck_Squamous_Cell_Carcinoma,head_and_neck,10,0.0,46.0,Male,STAGE II,EUR
TCGA-BA-A6D8,Head_and_Neck_Squamous_Cell_Carcinoma,head_and_neck,15,4.0,59.0,Male,STAGE IVA,AFR
TCGA-BA-A6DA,Head_and_Neck_Squamous_Cell_Carcinoma,head_and_neck,68,3.0,41.0,Female,STAGE IVA,EUR
TCGA-BA-A6DB,Head_and_Neck_Squamous_Cell_Carcinoma,head_and_neck,2,0.0,24.0,Female,STAGE I,EUR
TCGA-BA-A6DE,Head_and_Neck_Squamous_Cell_Carcinoma,head_and_neck,10,3.0,70.0,Female,STAGE II,EUR
TCGA-BA-A6DF,Head_and_Neck_Squamous_Cell_Carcinoma,head_and_neck,23,3.0,80.0,Female,STAGE IVA,EUR
TCGA-BA-A6DG,Head_and_Neck_Squamous_Cell_Carcinoma,head_and_neck,3,2.0,49.0,Male,,EUR
TCGA-BA-A6DI,Head_and_Neck_Squamous_Cell_Carcinoma,head_and_neck,11,3.0,62.0,Male,,AFR_ADMIX
TCGA-BA-A6DJ,Head_and_Neck_Squamous_Cell_Carcinoma,head_and_neck,26,5.0,62.0,Male,STAGE IVA,SAS
TCGA-BA-A6DL,Head_and_Neck_Squamous_Cell_Carcinoma,head_and_neck,7,2.0,59.0,Male,,EUR
TCGA-BA-A8YP,Head_and_Neck_Squamous_Cell_Carcinoma,head_and_neck,13,1.0,50.0,Male,STAGE IVB,AFR
TCGA-BB-4217,Head_and_Neck_Squamous_Cell_Carcinoma,head_and_neck,2,0.0,68.0,Male,STAGE IVA,AFR
TCGA-BB-4223,Head_and_Neck_Squamous_Cell_Carcinoma,head_and_neck,17,0.0,48.0,Male,STAGE IVA,EUR
TCGA-BB-4224,Head_and_Neck_Squamous_Cell_Carcinoma,head_and_neck,9,3.0,52.0,Male,STAGE IVA,EUR
TCGA-BB-4225,Head_and_Neck_Squamous_Cell_Carcinoma,head_and_neck,3,0.0,73.0,Male,,EUR
TCGA-BB-4227,Head_and_Neck_Squamous_Cell_Carcinoma,head_and_neck,24,1.0,66.0,Male,STAGE IVA,EUR
TCGA-BB-4228,Head_and_Neck_Squamous_Cell_Carcinoma,head_and_neck,6,1.0,50.0,Male,STAGE III,EUR
TCGA-BB-7870,Head_and_Neck_Squamous_Cell_Carcinoma,head_and_neck,27,4.0,58.0,Male,STAGE IVA,EUR
TCGA-BB-8596,Head_and_Neck_Squamous_Cell_Carcinoma,head_and_neck,6,1.0,69.0,Female,STAGE IVA,EUR
TCGA-BB-8601,Head_and_Neck_Squamous_Cell_Carcinoma,head_and_neck,9,3.0,84.0,Male,STAGE III,AFR
TCGA-BB-A5HU,Head_and_Neck_Squamous_Cell_Carcinoma,head_and_neck,13,0.0,47.0,Male,STAGE IVA,EUR
TCGA-BB-A5HY,Head_and_Neck_Squamous_Cell_Carcinoma,head_and_neck,18,2.0,64.0,Male,STAGE IVA,EUR
TCGA-BB-A5HZ,Head_and_Neck_Squamous_Cell_Carcinoma,head_and_neck,12,4.0,65.0,Male,STAGE IVA,EUR
TCGA-BB-A6UM,Head_and_Neck_Squamous_Cell_Carcinoma,head_and_neck,5,0.0,52.0,Male,STAGE III,EUR
TCGA-BB-A6UO,Head_and_Neck_Squamous_Cell_Carcinoma,head_and_neck,14,4.0,61.0,Female,STAGE IVA,EUR
TCGA-C9-A47Z,Head_and_Neck_Squamous_Cell_Carcinoma,head_and_neck,5,1.0,72.0,Female,STAGE III,EAS
TCGA-C9-A480,Head_and_Neck_Squamous_Cell_Carcinoma,head_and_neck,4,1.0,45.0,Female,STAGE III,EAS
TCGA-CN-4723,Head_and_Neck_Squamous_Cell_Carcinoma,head_and_neck,92,2.0,67.0,Male,STAGE IVA,EUR
TCGA-CN-4725,Head_and_Neck_Squamous_Cell_Carcinoma,head_and_neck,7,1.0,60.0,Male,STAGE II,EUR
TCGA-CN-4726,Head_and_Neck_Squamous_Cell_Carcinoma,head_and_neck,7,2.0,68.0,Male,STAGE IVA,EUR
TCGA-CN-4727,Head_and_Neck_Squamous_Cell_Carcinoma,head_and_neck,45,4.0,56.0,Male,STAGE IVA,EUR
TCGA-CN-4728,Head_and_Neck_Squamous_Cell_Carcinoma,head_and_neck,15,2.0,56.0,Male,STAGE IVA,EUR
TCGA-CN-4729,Head_and_Neck_Squamous_Cell_Carcinoma,head_and_neck,14,1.0,73.0,Male,STAGE III,EUR
TCGA-CN-4730,Head_and_Neck_Squamous_Cell_Carcinoma,head_and_neck,14,2.0,62.0,Male,STAGE IVA,EUR
TCGA-CN-4731,Head_and_Neck_Squamous_Cell_Carcinoma,head_and_neck,21,6.0,63.0,Female,STAGE IVA,EUR
TCGA-CN-4733,Head_and_Neck_Squamous_Cell_Carcinoma,head_and_neck,3,0.0,61.0,Male,STAGE III,EUR
TCGA-CN-4734,Head_and_Neck_Squamous_Cell_Carcinoma,head_and_neck,15,2.0,70.0,Male,STAGE II,EUR
TCGA-CN-4735,Head_and_Neck_Squamous_Cell_Carcinoma,head_and_neck,11,1.0,52.0,Male,STAGE IVA,EUR
TCGA-CN-4736,Head_and_Neck_Squamous_Cell_Carcinoma,head_and_neck,7,1.0,70.0,Female,,EUR
TCGA-CN-4737,Head_and_Neck_Squamous_Cell_Carcinoma,head_and_neck,4,0.0,19.0,Male,STAGE IVA,EUR
TCGA-CN-4738,Head_and_Neck_Squamous_Cell_Carcinoma,head_and_neck,6,2.0,53.0,Male,STAGE IVA,EUR
TCGA-CN-4739,Head_and_Neck_Squamous_Cell_Carcinoma,head_and_neck,18,0.0,71.0,Male,STAGE IVA,EUR
TCGA-CN-4740,Head_and_Neck_Squamous_Cell_Carcinoma,head_and_neck,10,1.0,79.0,Female,STAGE IVA,EUR
TCGA-CN-4741,Head_and_Neck_Squamous_Cell_Carcinoma,head_and_neck,6,1.0,75.0,Male,STAGE IVA,EUR
TCGA-CN-4742,Head_and_Neck_Squamous_Cell_Carcinoma,head_and_neck,9,1.0,48.0,Female,STAGE IVA,EUR
TCGA-CN-5355,Head_and_Neck_Squamous_Cell_Carcinoma,head_and_neck,9,0.0,64.0,Male,STAGE IVA,AFR
TCGA-CN-5356,Head_and_Neck_Squamous_Cell_Carcinoma,head_and_neck,48,3.0,56.0,Male,STAGE III,EUR
TCGA-CN-5358,Head_and_Neck_Squamous_Cell_Carcinoma,head_and_neck,5,1.0,60.0,Male,STAGE II,EUR
TCGA-CN-5359,Head_and_Neck_Squamous_Cell_Carcinoma,head_and_neck,12,2.0,59.0,Male,STAGE IVA,EUR
TCGA-CN-5360,Head_and_Neck_Squamous_Cell_Carcinoma,head_and_neck,48,3.0,68.0,Male,STAGE IVA,EUR
TCGA-CN-5361,Head_and_Neck_Squamous_Cell_Carcinoma,head_and_neck,17,0.0,80.0,Male,STAGE IVA,EUR
TCGA-CN-5363,Head_and_Neck_Squamous_Cell_Carcinoma,head_and_neck,21,2.0,48.0,Male,STAGE IVB,AFR_ADMIX
TCGA-CN-5364,Head_and_Neck_Squamous_Cell_Carcinoma,head_and_neck,20,1.0,55.0,Male,STAGE IVA,EUR
TCGA-CN-5365,Head_and_Neck_Squamous_Cell_Carcinoma,head_and_neck,7,1.0,38.0,Male,STAGE IVB, 
TCGA-CN-5366,Head_and_Neck_Squamous_Cell_Carcinoma,head_and_neck,13,3.0,51.0,Male,STAGE IVA,EUR
TCGA-CN-5367,Head_and_Neck_Squamous_Cell_Carcinoma,head_and_neck,7,0.0,60.0,Female,STAGE IVA,EUR
TCGA-CN-5369,Head_and_Neck_Squamous_Cell_Carcinoma,head_and_neck,65,4.0,90.0,Female,STAGE IVA,EUR
TCGA-CN-5370,Head_and_Neck_Squamous_Cell_Carcinoma,head_and_neck,17,3.0,78.0,Male,STAGE III,EUR
TCGA-CN-5373,Head_and_Neck_Squamous_Cell_Carcinoma,head_and_neck,21,1.0,55.0,Female,STAGE I,EUR
TCGA-CN-5374,Head_and_Neck_Squamous_Cell_Carcinoma,head_and_neck,9,0.0,56.0,Female,STAGE IVA,EUR
TCGA-CN-6010,Head_and_Neck_Squamous_Cell_Carcinoma,head_and_neck,14,1.0,53.0,Male,STAGE IVA,EUR
TCGA-CN-6011,Head_and_Neck_Squamous_Cell_Carcinoma,head_and_neck,30,2.0,57.0,Male,STAGE IVA,EUR
TCGA-CN-6012,Head_and_Neck_Squamous_Cell_Carcinoma,head_and_neck,20,4.0,66.0,Male,STAGE IVA,EUR
TCGA-CN-6013,Head_and_Neck_Squamous_Cell_Carcinoma,head_and_neck,17,3.0,56.0,Male,STAGE IVA,EUR
TCGA-CN-6016,Head_and_Neck_Squamous_Cell_Carcinoma,head_and_neck,5,1.0,64.0,Male,STAGE IVA,EUR
TCGA-CN-6018,Head_and_Neck_Squamous_Cell_Carcinoma,head_and_neck,10,2.0,85.0,Female,STAGE IVA,EUR
TCGA-CN-6019,Head_and_Neck_Squamous_Cell_Carcinoma,head_and_neck,15,1.0,61.0,Male,STAGE IVA,EUR
TCGA-CN-6020,Head_and_Neck_Squamous_Cell_Carcinoma,head_and_neck,12,0.0,58.0,Male,STAGE III,AFR
TCGA-CN-6021,Head_and_Neck_Squamous_Cell_Carcinoma,head_and_neck,35,2.0,63.0,Female,,EUR
TCGA-CN-6022,Head_and_Neck_Squamous_Cell_Carcinoma,head_and_neck,4,1.0,49.0,Male,STAGE IVA,EUR
TCGA-CN-6023,Head_and_Neck_Squamous_Cell_Carcinoma,head_and_neck,9,0.0,73.0,Male,STAGE IVA,EUR
TCGA-CN-6024,Head_and_Neck_Squamous_Cell_Carcinoma,head_and_neck,12,3.0,66.0,Male,STAGE IVA,EUR
TCGA-CN-6988,Head_and_Neck_Squamous_Cell_Carcinoma,head_and_neck,12,1.0,47.0,Male,STAGE IVA,EUR
TCGA-CN-6989,Head_and_Neck_Squamous_Cell_Carcinoma,head_and_neck,11,3.0,64.0,Male,STAGE IVA,EUR
TCGA-CN-6992,Head_and_Neck_Squamous_Cell_Carcinoma,head_and_neck,27,1.0,61.0,Male,STAGE IVA,EUR
TCGA-CN-6994,Head_and_Neck_Squamous_Cell_Carcinoma,head_and_neck,10,0.0,67.0,Male,STAGE IVA,EUR
TCGA-CN-6995,Head_and_Neck_Squamous_Cell_Carcinoma,head_and_neck,22,2.0,78.0,Male,STAGE IVA,EUR
TCGA-CN-6996,Head_and_Neck_Squamous_Cell_Carcinoma,head_and_neck,5,1.0,58.0,Female,STAGE IVA,EUR
TCGA-CN-6997,Head_and_Neck_Squamous_Cell_Carcinoma,head_and_neck,15,2.0,66.0,Male,STAGE IVA,EUR
TCGA-CN-6998,Head_and_Neck_Squamous_Cell_Carcinoma,head_and_neck,9,2.0,53.0,Male,STAGE IVA,EUR
TCGA-CN-A497,Head_and_Neck_Squamous_Cell_Carcinoma,head_and_neck,29,3.0,63.0,Male,STAGE III,EUR
TCGA-CN-A498,Head_and_Neck_Squamous_Cell_Carcinoma,head_and_neck,19,3.0,61.0,Female,STAGE III,EUR
TCGA-CN-A499,Head_and_Neck_Squamous_Cell_Carcinoma,head_and_neck,7,1.0,60.0,Female,STAGE II,EUR
TCGA-CN-A49A,Head_and_Neck_Squamous_Cell_Carcinoma,head_and_neck,14,2.0,60.0,Male,STAGE IVB,EUR
TCGA-CN-A49B,Head_and_Neck_Squamous_Cell_Carcinoma,head_and_neck,6,1.0,71.0,Male,STAGE III,EUR
TCGA-CN-A49C,Head_and_Neck_Squamous_Cell_Carcinoma,head_and_neck,8,1.0,67.0,Male,,EUR
TCGA-CN-A63T,Head_and_Neck_Squamous_Cell_Carcinoma,head_and_neck,22,0.0,60.0,Male,STAGE IVA,EUR
TCGA-CN-A63U,Head_and_Neck_Squamous_Cell_Carcinoma,head_and_neck,56,2.0,50.0,Male,STAGE IVA,EUR
TCGA-CN-A63V,Head_and_Neck_Squamous_Cell_Carcinoma,head_and_neck,8,2.0,59.0,Male,STAGE IVA,EUR
TCGA-CN-A63W,Head_and_Neck_Squamous_Cell_Carcinoma,head_and_neck,28,2.0,48.0,Female,STAGE IVA,EUR
TCGA-CN-A63Y,Head_and_Neck_Squamous_Cell_Carcinoma,head_and_neck,16,2.0,46.0,Male,STAGE II,EUR
TCGA-CN-A640,Head_and_Neck_Squamous_Cell_Carcinoma,head_and_neck,8,3.0,40.0,Female,STAGE IVA,EUR
TCGA-CN-A641,Head_and_Neck_Squamous_Cell_Carcinoma,head_and_neck,17,2.0,47.0,Male,STAGE IVA,EUR
TCGA-CN-A642,Head_and_Neck_Squamous_Cell_Carcinoma,head_and_neck,9,3.0,57.0,Male,STAGE IVB,EUR
TCGA-CN-A6UY,Head_and_Neck_Squamous_Cell_Carcinoma,head_and_neck,2,0.0,57.0,Male,STAGE IVA,EUR
TCGA-CN-A6V1,Head_and_Neck_Squamous_Cell_Carcinoma,head_and_neck,16,3.0,59.0,Male,STAGE IVA,EUR
TCGA-CN-A6V3,Head_and_Neck_Squamous_Cell_Carcinoma,head_and_neck,23,2.0,61.0,Male,STAGE IVA,EUR
TCGA-CN-A6V6,Head_and_Neck_Squamous_Cell_Carcinoma,head_and_neck,6,0.0,59.0,Male,STAGE IVA,EUR
TCGA-CN-A6V7,Head_and_Neck_Squamous_Cell_Carcinoma,head_and_neck,6,0.0,40.0,Male,STAGE IVA,EUR
TCGA-CQ-5323,Head_and_Neck_Squamous_Cell_Carcinoma,head_and_neck,13,2.0,82.0,Male,STAGE I,EUR
TCGA-CQ-5324,Head_and_Neck_Squamous_Cell_Carcinoma,head_and_neck,10,3.0,59.0,Male,STAGE III,EUR
TCGA-CQ-5325,Head_and_Neck_Squamous_Cell_Carcinoma,head_and_neck,5,1.0,65.0,Male,STAGE I,EUR
TCGA-CQ-5326,Head_and_Neck_Squamous_Cell_Carcinoma,head_and_neck,25,3.0,67.0,Male,STAGE IVA,EUR
TCGA-CQ-5327,Head_and_Neck_Squamous_Cell_Carcinoma,head_and_neck,23,6.0,61.0,Female,STAGE IVA,SAS
TCGA-CQ-5329,Head_and_Neck_Squamous_Cell_Carcinoma,head_and_neck,4,0.0,46.0,Female,STAGE II,EUR
TCGA-CQ-5330,Head_and_Neck_Squamous_Cell_Carcinoma,head_and_neck,5,1.0,69.0,Female,STAGE IVA,EUR
TCGA-CQ-5331,Head_and_Neck_Squamous_Cell_Carcinoma,head_and_neck,8,1.0,73.0,Female,,EUR
TCGA-CQ-5332,Head_and_Neck_Squamous_Cell_Carcinoma,head_and_neck,10,0.0,87.0,Male,STAGE III,EUR
TCGA-CQ-5333,Head_and_Neck_Squamous_Cell_Carcinoma,head_and_neck,25,4.0,74.0,Male,STAGE II,EUR
TCGA-CQ-5334,Head_and_Neck_Squamous_Cell_Carcinoma,head_and_neck,25,6.0,87.0,Male,STAGE IVA,AFR
TCGA-CQ-6218,Head_and_Neck_Squamous_Cell_Carcinoma,head_and_neck,15,3.0,52.0,Female,STAGE IVA,EUR
TCGA-CQ-6219,Head_and_Neck_Squamous_Cell_Carcinoma,head_and_neck,6,0.0,50.0,Female,STAGE IVA,EUR
TCGA-CQ-6220,Head_and_Neck_Squamous_Cell_Carcinoma,head_and_neck,8,0.0,69.0,Male,STAGE III,EUR
TCGA-CQ-6222,Head_and_Neck_Squamous_Cell_Carcinoma,head_and_neck,7,2.0,63.0,Male,STAGE IVA,EUR
TCGA-CQ-6223,Head_and_Neck_Squamous_Cell_Carcinoma,head_and_neck,6,1.0,69.0,Male,STAGE II,EUR
TCGA-CQ-6224,Head_and_Neck_Squamous_Cell_Carcinoma,head_and_neck,4,1.0,52.0,Male,STAGE IVA,EUR
TCGA-CQ-6225,Head_and_Neck_Squamous_Cell_Carcinoma,head_and_neck,20,1.0,65.0,Male,STAGE III,EUR
TCGA-CQ-6227,Head_and_Neck_Squamous_Cell_Carcinoma,head_and_neck,5,0.0,77.0,Male,STAGE IVA,EUR
TCGA-CQ-6228,Head_and_Neck_Squamous_Cell_Carcinoma,head_and_neck,9,2.0,71.0,Female,STAGE IVA,EUR
TCGA-CQ-6229,Head_and_Neck_Squamous_Cell_Carcinoma,head_and_neck,3,2.0,61.0,Male,STAGE II,EUR
TCGA-CQ-7063,Head_and_Neck_Squamous_Cell_Carcinoma,head_and_neck,10,2.0,59.0,Female,STAGE I,EUR
TCGA-CQ-7064,Head_and_Neck_Squamous_Cell_Carcinoma,head_and_neck,10,3.0,83.0,Female,STAGE III,EUR
TCGA-CQ-7065,Head_and_Neck_Squamous_Cell_Carcinoma,head_and_neck,5,0.0,40.0,Male,STAGE II,EAS
TCGA-CQ-7068,Head_and_Neck_Squamous_Cell_Carcinoma,head_and_neck,9,0.0,80.0,Female,STAGE II,EUR
TCGA-CQ-7069,Head_and_Neck_Squamous_Cell_Carcinoma,head_and_neck,11,1.0,77.0,Female,STAGE II,EUR
TCGA-CQ-7071,Head_and_Neck_Squamous_Cell_Carcinoma,head_and_neck,42,1.0,76.0,Female,STAGE III,EUR
TCGA-CQ-7072,Head_and_Neck_Squamous_Cell_Carcinoma,head_and_neck,9,2.0,51.0,Male,STAGE II,EUR
TCGA-CQ-A4C6,Head_and_Neck_Squamous_Cell_Carcinoma,head_and_neck,6,3.0,63.0,Male,STAGE II,SAS
TCGA-CQ-A4C9,Head_and_Neck_Squamous_Cell_Carcinoma,head_and_neck,7,0.0,56.0,Male,STAGE III,EUR
TCGA-CQ-A4CB,Head_and_Neck_Squamous_Cell_Carcinoma,head_and_neck,10,0.0,59.0,Male,STAGE III,EUR
TCGA-CQ-A4CD,Head_and_Neck_Squamous_Cell_Carcinoma,head_and_neck,18,6.0,69.0,Male,STAGE IVA,EUR
TCGA-CQ-A4CE,Head_and_Neck_Squamous_Cell_Carcinoma,head_and_neck,11,2.0,76.0,Female,STAGE II,EUR
TCGA-CQ-A4CG,Head_and_Neck_Squamous_Cell_Carcinoma,head_and_neck,5,1.0,78.0,Female,STAGE III,EUR
TCGA-CQ-A4CH,Head_and_Neck_Squamous_Cell_Carcinoma,head_and_neck,3,1.0,58.0,Male,STAGE II,EAS
TCGA-CQ-A4CI,Head_and_Neck_Squamous_Cell_Carcinoma,head_and_neck,10,1.0,73.0,Male,STAGE III,EUR
TCGA-CR-5243,Head_and_Neck_Squamous_Cell_Carcinoma,head_and_neck,7,2.0,51.0,Male,,EUR
TCGA-CR-5247,Head_and_Neck_Squamous_Cell_Carcinoma,head_and_neck,8,1.0,48.0,Male,,AFR
TCGA-CR-5248,Head_and_Neck_Squamous_Cell_Carcinoma,head_and_neck,40,1.0,53.0,Male,,EUR
TCGA-CR-5249,Head_and_Neck_Squamous_Cell_Carcinoma,head_and_neck,3,0.0,35.0,Female,STAGE II,EUR
TCGA-CR-5250,Head_and_Neck_Squamous_Cell_Carcinoma,head_and_neck,4,2.0,71.0,Male,,EUR
TCGA-CR-6467,Head_and_Neck_Squamous_Cell_Carcinoma,head_and_neck,6,1.0,59.0,Male,STAGE III,EUR
TCGA-CR-6470,Head_and_Neck_Squamous_Cell_Carcinoma,head_and_neck,4,0.0,38.0,Male,STAGE II,EUR
TCGA-CR-6471,Head_and_Neck_Squamous_Cell_Carcinoma,head_and_neck,13,1.0,58.0,Male,STAGE IVA,EUR
TCGA-CR-6472,Head_and_Neck_Squamous_Cell_Carcinoma,head_and_neck,51,1.0,59.0,Male,,EUR
TCGA-CR-6473,Head_and_Neck_Squamous_Cell_Carcinoma,head_and_neck,9,1.0,68.0,Male,,EUR
TCGA-CR-6474,Head_and_Neck_Squamous_Cell_Carcinoma,head_and_neck,10,0.0,51.0,Male,STAGE IVA,EUR
TCGA-CR-6477,Head_and_Neck_Squamous_Cell_Carcinoma,head_and_neck,12,2.0,56.0,Female,,EUR
TCGA-CR-6478,Head_and_Neck_Squamous_Cell_Carcinoma,head_and_neck,8,1.0,66.0,Female,,EUR
TCGA-CR-6480,Head_and_Neck_Squamous_Cell_Carcinoma,head_and_neck,8,1.0,53.0,Male,,EUR
TCGA-CR-6481,Head_and_Neck_Squamous_Cell_Carcinoma,head_and_neck,44,3.0,47.0,Male,,EUR
TCGA-CR-6482,Head_and_Neck_Squamous_Cell_Carcinoma,head_and_neck,1,0.0,62.0,Male,,AFR_ADMIX
TCGA-CR-6484,Head_and_Neck_Squamous_Cell_Carcinoma,head_and_neck,20,1.0,67.0,Female,STAGE IVA,SAS_ADMIX
TCGA-CR-6487,Head_and_Neck_Squamous_Cell_Carcinoma,head_and_neck,18,3.0,50.0,Male,STAGE I,EUR
TCGA-CR-6488,Head_and_Neck_Squamous_Cell_Carcinoma,head_and_neck,5,0.0,68.0,Female,STAGE II,EUR
TCGA-CR-6491,Head_and_Neck_Squamous_Cell_Carcinoma,head_and_neck,13,0.0,60.0,Male,STAGE IVA,AFR_ADMIX
TCGA-CR-6492,Head_and_Neck_Squamous_Cell_Carcinoma,head_and_neck,6,4.0,78.0,Male,STAGE III,EUR
TCGA-CR-6493,Head_and_Neck_Squamous_Cell_Carcinoma,head_and_neck,5,1.0,69.0,Male,STAGE IVA,AFR_ADMIX
TCGA-CR-7364,Head_and_Neck_Squamous_Cell_Carcinoma,head_and_neck,43,2.0,66.0,Male,STAGE III,EUR
TCGA-CR-7365,Head_and_Neck_Squamous_Cell_Carcinoma,head_and_neck,22,3.0,60.0,Male,STAGE IVA,EUR
TCGA-CR-7367,Head_and_Neck_Squamous_Cell_Carcinoma,head_and_neck,16,1.0,52.0,Male,STAGE IVA,EUR
TCGA-CR-7368,Head_and_Neck_Squamous_Cell_Carcinoma,head_and_neck,18,1.0,54.0,Male,STAGE IVA,EUR
TCGA-CR-7369,Head_and_Neck_Squamous_Cell_Carcinoma,head_and_neck,9,1.0,59.0,Male,STAGE IVA,EUR
TCGA-CR-7370,Head_and_Neck_Squamous_Cell_Carcinoma,head_and_neck,44,1.0,72.0,Female,,EUR
TCGA-CR-7371,Head_and_Neck_Squamous_Cell_Carcinoma,head_and_neck,29,0.0,45.0,Female,STAGE III,EUR
TCGA-CR-7372,Head_and_Neck_Squamous_Cell_Carcinoma,head_and_neck,12,2.0,45.0,Male,STAGE I,EUR
TCGA-CR-7373,Head_and_Neck_Squamous_Cell_Carcinoma,head_and_neck,13,2.0,66.0,Male,STAGE IVA,EUR
TCGA-CR-7374,Head_and_Neck_Squamous_Cell_Carcinoma,head_and_neck,38,3.0,67.0,Female,,EUR
TCGA-CR-7376,Head_and_Neck_Squamous_Cell_Carcinoma,head_and_neck,4,1.0,83.0,Male,STAGE III,EUR
TCGA-CR-7377,Head_and_Neck_Squamous_Cell_Carcinoma,head_and_neck,7,2.0,58.0,Male,STAGE IVA,EUR
TCGA-CR-7379,Head_and_Neck_Squamous_Cell_Carcinoma,head_and_neck,14,2.0,78.0,Female,STAGE IVA,EUR
TCGA-CR-7380,Head_and_Neck_Squamous_Cell_Carcinoma,head_and_neck,18,1.0,58.0,Male,STAGE IVB,EUR
TCGA-CR-7382,Head_and_Neck_Squamous_Cell_Carcinoma,head_and_neck,8,0.0,49.0,Male,STAGE IVA,EUR
TCGA-CR-7383,Head_and_Neck_Squamous_Cell_Carcinoma,head_and_neck,15,1.0,79.0,Female,STAGE I,EUR
TCGA-CR-7385,Head_and_Neck_Squamous_Cell_Carcinoma,head_and_neck,3,0.0,42.0,Male,,EUR
TCGA-CR-7386,Head_and_Neck_Squamous_Cell_Carcinoma,head_and_neck,15,5.0,69.0,Male,STAGE IVA,EUR
TCGA-CR-7388,Head_and_Neck_Squamous_Cell_Carcinoma,head_and_neck,56,4.0,70.0,Female,,EUR
TCGA-CR-7389,Head_and_Neck_Squamous_Cell_Carcinoma,head_and_neck,9,2.0,55.0,Male,,AFR
TCGA-CR-7390,Head_and_Neck_Squamous_Cell_Carcinoma,head_and_neck,17,2.0,67.0,Male,STAGE IVA,EUR
TCGA-CR-7392,Head_and_Neck_Squamous_Cell_Carcinoma,head_and_neck,1,0.0,67.0,Female,STAGE IVA,EUR
TCGA-CR-7394,Head_and_Neck_Squamous_Cell_Carcinoma,head_and_neck,11,5.0,70.0,Male,STAGE IVA,EUR
TCGA-CR-7395,Head_and_Neck_Squamous_Cell_Carcinoma,head_and_neck,15,3.0,80.0,Female,STAGE II,EUR
TCGA-CR-7397,Head_and_Neck_Squamous_Cell_Carcinoma,head_and_neck,5,0.0,44.0,Male,STAGE IVA,EUR
TCGA-CR-7398,Head_and_Neck_Squamous_Cell_Carcinoma,head_and_neck,39,3.0,53.0,Female,STAGE II,EUR
TCGA-CR-7399,Head_and_Neck_Squamous_Cell_Carcinoma,head_and_neck,33,0.0,60.0,Female,STAGE IVA,EUR
TCGA-CR-7401,Head_and_Neck_Squamous_Cell_Carcinoma,head_and_neck,6,0.0,64.0,Male,STAGE I,EUR
TCGA-CR-7402,Head_and_Neck_Squamous_Cell_Carcinoma,head_and_neck,96,7.0,68.0,Male,,EUR
TCGA-CR-7404,Head_and_Neck_Squamous_Cell_Carcinoma,head_and_neck,11,2.0,53.0,Male,,EUR
TCGA-CV-5430,Head_and_Neck_Squamous_Cell_Carcinoma,head_and_neck,15,2.0,61.0,Male,STAGE IVA,EUR
TCGA-CV-5432,Head_and_Neck_Squamous_Cell_Carcinoma,head_and_neck,18,1.0,68.0,Male,STAGE III,EUR
TCGA-CV-5434,Head_and_Neck_Squamous_Cell_Carcinoma,head_and_neck,13,4.0,60.0,Male,STAGE IVA,AFR_ADMIX
TCGA-CV-5435,Head_and_Neck_Squamous_Cell_Carcinoma,head_and_neck,11,2.0,57.0,Male,STAGE IVA,EUR
TCGA-CV-5436,Head_and_Neck_Squamous_Cell_Carcinoma,head_and_neck,6,1.0,65.0,Male,STAGE IVA, 
TCGA-CV-5439,Head_and_Neck_Squamous_Cell_Carcinoma,head_and_neck,11,1.0,62.0,Male,STAGE IVA,EUR
TCGA-CV-5440,Head_and_Neck_Squamous_Cell_Carcinoma,head_and_neck,12,2.0,52.0,Male,STAGE IVA,EUR
TCGA-CV-5441,Head_and_Neck_Squamous_Cell_Carcinoma,head_and_neck,37,5.0,58.0,Male,STAGE IVA,EUR
TCGA-CV-5442,Head_and_Neck_Squamous_Cell_Carcinoma,head_and_neck,22,0.0,76.0,Female,STAGE IVA,EUR
TCGA-CV-5443,Head_and_Neck_Squamous_Cell_Carcinoma,head_and_neck,6,0.0,63.0,Male,STAGE III,AFR
TCGA-CV-5444,Head_and_Neck_Squamous_Cell_Carcinoma,head_and_neck,10,4.0,64.0,Male,STAGE IVA,AFR_ADMIX
TCGA-CV-5966,Head_and_Neck_Squamous_Cell_Carcinoma,head_and_neck,6,3.0,63.0,Female,STAGE IVA,EUR
TCGA-CV-5970,Head_and_Neck_Squamous_Cell_Carcinoma,head_and_neck,11,1.0,59.0,Male,STAGE IVA, 
TCGA-CV-5973,Head_and_Neck_Squamous_Cell_Carcinoma,head_and_neck,9,4.0,62.0,Female,STAGE III,EUR
TCGA-CV-5976,Head_and_Neck_Squamous_Cell_Carcinoma,head_and_neck,8,3.0,50.0,Male,STAGE IVA,EUR
TCGA-CV-5977,Head_and_Neck_Squamous_Cell_Carcinoma,head_and_neck,5,1.0,66.0,Male,STAGE IVA,EUR
TCGA-CV-5978,Head_and_Neck_Squamous_Cell_Carcinoma,head_and_neck,22,2.0,53.0,Female,STAGE IVB,AFR
TCGA-CV-5979,Head_and_Neck_Squamous_Cell_Carcinoma,head_and_neck,2,0.0,26.0,Male,STAGE IVA, 
TCGA-CV-6003,Head_and_Neck_Squamous_Cell_Carcinoma,head_and_neck,15,5.0,50.0,Female,STAGE III,EUR
TCGA-CV-6433,Head_and_Neck_Squamous_Cell_Carcinoma,head_and_neck,6,0.0,57.0,Male,STAGE II,EUR
TCGA-CV-6436,Head_and_Neck_Squamous_Cell_Carcinoma,head_and_neck,10,1.0,62.0,Male,STAGE IVA,EUR
TCGA-CV-6441,Head_and_Neck_Squamous_Cell_Carcinoma,head_and_neck,25,4.0,60.0,Male,STAGE III, 
TCGA-CV-6933,Head_and_Neck_Squamous_Cell_Carcinoma,head_and_neck,14,1.0,53.0,Male,STAGE III,EUR
TCGA-CV-6934,Head_and_Neck_Squamous_Cell_Carcinoma,head_and_neck,8,0.0,66.0,Female,STAGE IVA,EUR
TCGA-CV-6935,Head_and_Neck_Squamous_Cell_Carcinoma,head_and_neck,19,1.0,67.0,Male,STAGE IVA,EUR
TCGA-CV-6936,Head_and_Neck_Squamous_Cell_Carcinoma,head_and_neck,20,1.0,68.0,Male,STAGE IVA,EUR
TCGA-CV-6937,Head_and_Neck_Squamous_Cell_Carcinoma,head_and_neck,13,2.0,71.0,Male,STAGE II,EUR
TCGA-CV-6938,Head_and_Neck_Squamous_Cell_Carcinoma,head_and_neck,21,7.0,87.0,Male,STAGE II,EUR
TCGA-CV-6939,Head_and_Neck_Squamous_Cell_Carcinoma,head_and_neck,6,1.0,60.0,Male,STAGE IVA,EUR
TCGA-CV-6940,Head_and_Neck_Squamous_Cell_Carcinoma,head_and_neck,19,1.0,80.0,Female,STAGE III,EUR
TCGA-CV-6941,Head_and_Neck_Squamous_Cell_Carcinoma,head_and_neck,13,3.0,51.0,Male,STAGE III,EUR
TCGA-CV-6942,Head_and_Neck_Squamous_Cell_Carcinoma,head_and_neck,22,5.0,73.0,Female,STAGE II,AMR
TCGA-CV-6943,Head_and_Neck_Squamous_Cell_Carcinoma,head_and_neck,6,4.0,74.0,Male,STAGE III,EUR
TCGA-CV-6945,Head_and_Neck_Squamous_Cell_Carcinoma,head_and_neck,15,2.0,41.0,Male,STAGE IVA,EUR
TCGA-CV-6948,Head_and_Neck_Squamous_Cell_Carcinoma,head_and_neck,26,2.0,79.0,Female,STAGE IVB,EUR
TCGA-CV-6950,Head_and_Neck_Squamous_Cell_Carcinoma,head_and_neck,10,3.0,64.0,Male,STAGE IVA,EUR
TCGA-CV-6951,Head_and_Neck_Squamous_Cell_Carcinoma,head_and_neck,11,4.0,57.0,Male,STAGE IVA,EUR
TCGA-CV-6952,Head_and_Neck_Squamous_Cell_Carcinoma,head_and_neck,26,2.0,65.0,Female,STAGE IVA,EUR
TCGA-CV-6953,Head_and_Neck_Squamous_Cell_Carcinoma,head_and_neck,10,2.0,80.0,Female,STAGE III,EUR
TCGA-CV-6954,Head_and_Neck_Squamous_Cell_Carcinoma,head_and_neck,11,1.0,59.0,Male,STAGE IVA,AFR_ADMIX
TCGA-CV-6955,Head_and_Neck_Squamous_Cell_Carcinoma,head_and_neck,9,4.0,74.0,Female,STAGE II,EUR
TCGA-CV-6956,Head_and_Neck_Squamous_Cell_Carcinoma,head_and_neck,17,2.0,67.0,Male,STAGE III,AMR
TCGA-CV-6959,Head_and_Neck_Squamous_Cell_Carcinoma,head_and_neck,8,4.0,48.0,Male,STAGE III,EUR
TCGA-CV-6960,Head_and_Neck_Squamous_Cell_Carcinoma,head_and_neck,24,1.0,49.0,Male,STAGE III,AFR
TCGA-CV-6961,Head_and_Neck_Squamous_Cell_Carcinoma,head_and_neck,45,2.0,61.0,Male,STAGE II,EUR
TCGA-CV-6962,Head_and_Neck_Squamous_Cell_Carcinoma,head_and_neck,25,4.0,65.0,Male,STAGE IVA, 
TCGA-CV-7089,Head_and_Neck_Squamous_Cell_Carcinoma,head_and_neck,13,3.0,74.0,Male,STAGE IVA,EUR
TCGA-CV-7090,Head_and_Neck_Squamous_Cell_Carcinoma,head_and_neck,6,2.0,39.0,Male,STAGE II,EUR
TCGA-CV-7091,Head_and_Neck_Squamous_Cell_Carcinoma,head_and_neck,15,2.0,54.0,Male,STAGE I,EUR
TCGA-CV-7095,Head_and_Neck_Squamous_Cell_Carcinoma,head_and_neck,24,5.0,87.0,Female,STAGE II,AMR
TCGA-CV-7097,Head_and_Neck_Squamous_Cell_Carcinoma,head_and_neck,14,1.0,53.0,Male,STAGE II,EUR
TCGA-CV-7099,Head_and_Neck_Squamous_Cell_Carcinoma,head_and_neck,35,5.0,85.0,Female,STAGE II,EUR
TCGA-CV-7100,Head_and_Neck_Squamous_Cell_Carcinoma,head_and_neck,6,1.0,66.0,Male,STAGE III,EUR
TCGA-CV-7101,Head_and_Neck_Squamous_Cell_Carcinoma,head_and_neck,18,2.0,80.0,Male,STAGE II,EUR
TCGA-CV-7102,Head_and_Neck_Squamous_Cell_Carcinoma,head_and_neck,12,0.0,76.0,Female,STAGE IVA,EUR
TCGA-CV-7103,Head_and_Neck_Squamous_Cell_Carcinoma,head_and_neck,6,2.0,49.0,Male,STAGE IVA,EUR
TCGA-CV-7104,Head_and_Neck_Squamous_Cell_Carcinoma,head_and_neck,16,2.0,61.0,Female,STAGE IVA,EUR
TCGA-CV-7177,Head_and_Neck_Squamous_Cell_Carcinoma,head_and_neck,12,1.0,82.0,Female,STAGE II,EUR
TCGA-CV-7178,Head_and_Neck_Squamous_Cell_Carcinoma,head_and_neck,13,4.0,64.0,Female,STAGE IVA,EUR
TCGA-CV-7180,Head_and_Neck_Squamous_Cell_Carcinoma,head_and_neck,2,0.0,34.0,Male,STAGE II,EUR
TCGA-CV-7183,Head_and_Neck_Squamous_Cell_Carcinoma,head_and_neck,13,3.0,53.0,Male,STAGE II,EUR
TCGA-CV-7235,Head_and_Neck_Squamous_Cell_Carcinoma,head_and_neck,9,0.0,67.0,Male,STAGE II,EUR
TCGA-CV-7236,Head_and_Neck_Squamous_Cell_Carcinoma,head_and_neck,8,0.0,77.0,Female,STAGE IVA,EUR
TCGA-CV-7238,Head_and_Neck_Squamous_Cell_Carcinoma,head_and_neck,9,4.0,69.0,Female,STAGE II,EUR
TCGA-CV-7242,Head_and_Neck_Squamous_Cell_Carcinoma,head_and_neck,29,2.0,60.0,Female,STAGE II,EUR
TCGA-CV-7243,Head_and_Neck_Squamous_Cell_Carcinoma,head_and_neck,8,2.0,50.0,Male,STAGE III,EUR
TCGA-CV-7245,Head_and_Neck_Squamous_Cell_Carcinoma,head_and_neck,44,2.0,62.0,Male,STAGE IVA,EUR
TCGA-CV-7247,Head_and_Neck_Squamous_Cell_Carcinoma,head_and_neck,9,0.0,55.0,Male,STAGE III,EUR
TCGA-CV-7248,Head_and_Neck_Squamous_Cell_Carcinoma,head_and_neck,29,3.0,63.0,Female,STAGE IVA,AFR
TCGA-CV-7250,Head_and_Neck_Squamous_Cell_Carcinoma,head_and_neck,26,2.0,64.0,Male,STAGE IVA,EUR
TCGA-CV-7252,Head_and_Neck_Squamous_Cell_Carcinoma,head_and_neck,28,12.0,62.0,Female,STAGE IVA,AFR
TCGA-CV-7253,Head_and_Neck_Squamous_Cell_Carcinoma,head_and_neck,24,1.0,58.0,Male,STAGE IVA,AFR
TCGA-CV-7254,Head_and_Neck_Squamous_Cell_Carcinoma,head_and_neck,24,1.0,55.0,Male,STAGE II,EUR
TCGA-CV-7255,Head_and_Neck_Squamous_Cell_Carcinoma,head_and_neck,18,2.0,32.0,Female,STAGE IVA,EUR
TCGA-CV-7261,Head_and_Neck_Squamous_Cell_Carcinoma,head_and_neck,9,2.0,57.0,Male,STAGE IVA,EUR
TCGA-CV-7263,Head_and_Neck_Squamous_Cell_Carcinoma,head_and_neck,9,4.0,64.0,Male,STAGE II,AFR
TCGA-CV-7406,Head_and_Neck_Squamous_Cell_Carcinoma,head_and_neck,17,0.0,49.0,Male,STAGE II,EUR
TCGA-CV-7407,Head_and_Neck_Squamous_Cell_Carcinoma,head_and_neck,12,0.0,67.0,Female,STAGE II,EUR
TCGA-CV-7410,Head_and_Neck_Squamous_Cell_Carcinoma,head_and_neck,5,0.0,61.0,Male,STAGE III,EUR
TCGA-CV-7411,Head_and_Neck_Squamous_Cell_Carcinoma,head_and_neck,13,3.0,64.0,Female,STAGE IVA,EUR
TCGA-CV-7413,Head_and_Neck_Squamous_Cell_Carcinoma,head_and_neck,5,3.0,74.0,Female,STAGE II,EUR
TCGA-CV-7414,Head_and_Neck_Squamous_Cell_Carcinoma,head_and_neck,19,3.0,78.0,Male,STAGE IVA,EUR
TCGA-CV-7415,Head_and_Neck_Squamous_Cell_Carcinoma,head_and_neck,7,0.0,60.0,Male,STAGE IVA,EUR
TCGA-CV-7416,Head_and_Neck_Squamous_Cell_Carcinoma,head_and_neck,10,0.0,29.0,Female,STAGE IVA,EUR
TCGA-CV-7418,Head_and_Neck_Squamous_Cell_Carcinoma,head_and_neck,13,2.0,62.0,Male,STAGE IVA,AFR
TCGA-CV-7421,Head_and_Neck_Squamous_Cell_Carcinoma,head_and_neck,4,1.0,76.0,Male,STAGE IVA,EUR
TCGA-CV-7422,Head_and_Neck_Squamous_Cell_Carcinoma,head_and_neck,16,5.0,60.0,Female,STAGE IVA,EUR
TCGA-CV-7423,Head_and_Neck_Squamous_Cell_Carcinoma,head_and_neck,11,1.0,65.0,Male,STAGE II,EUR
TCGA-CV-7424,Head_and_Neck_Squamous_Cell_Carcinoma,head_and_neck,19,4.0,67.0,Male,STAGE IVA,EAS
TCGA-CV-7425,Head_and_Neck_Squamous_Cell_Carcinoma,head_and_neck,15,3.0,77.0,Female,STAGE III,EUR
TCGA-CV-7427,Head_and_Neck_Squamous_Cell_Carcinoma,head_and_neck,41,5.0,73.0,Female,STAGE II,EUR
TCGA-CV-7429,Head_and_Neck_Squamous_Cell_Carcinoma,head_and_neck,7,2.0,55.0,Male,STAGE IVA,EUR
TCGA-CV-7430,Head_and_Neck_Squamous_Cell_Carcinoma,head_and_neck,9,0.0,56.0,Male,STAGE IVA,EUR
TCGA-CV-7432,Head_and_Neck_Squamous_Cell_Carcinoma,head_and_neck,17,3.0,79.0,Male,STAGE II,EUR
TCGA-CV-7433,Head_and_Neck_Squamous_Cell_Carcinoma,head_and_neck,11,0.0,49.0,Male,STAGE IVA,EUR
TCGA-CV-7434,Head_and_Neck_Squamous_Cell_Carcinoma,head_and_neck,13,2.0,64.0,Male,STAGE IVA,EUR
TCGA-CV-7435,Head_and_Neck_Squamous_Cell_Carcinoma,head_and_neck,9,1.0,57.0,Female,STAGE IVA,EUR
TCGA-CV-7437,Head_and_Neck_Squamous_Cell_Carcinoma,head_and_neck,22,3.0,77.0,Male,STAGE II,EUR
TCGA-CV-7438,Head_and_Neck_Squamous_Cell_Carcinoma,head_and_neck,12,2.0,87.0,Female,STAGE I,EUR
TCGA-CV-7440,Head_and_Neck_Squamous_Cell_Carcinoma,head_and_neck,30,4.0,38.0,Male,STAGE II,EUR
TCGA-CV-7446,Head_and_Neck_Squamous_Cell_Carcinoma,head_and_neck,14,0.0,66.0,Male,STAGE IVA,EUR
TCGA-CV-7568,Head_and_Neck_Squamous_Cell_Carcinoma,head_and_neck,125,5.0,48.0,Female,STAGE IVA,EUR
TCGA-CV-A45O,Head_and_Neck_Squamous_Cell_Carcinoma,head_and_neck,17,4.0,57.0,Male,,EUR
TCGA-CV-A45P,Head_and_Neck_Squamous_Cell_Carcinoma,head_and_neck,11,2.0,82.0,Female,STAGE I,EUR
TCGA-CV-A45Q,Head_and_Neck_Squamous_Cell_Carcinoma,head_and_neck,27,7.0,69.0,Female,,EUR
TCGA-CV-A45R,Head_and_Neck_Squamous_Cell_Carcinoma,head_and_neck,8,1.0,46.0,Male,STAGE III, 
TCGA-CV-A45U,Head_and_Neck_Squamous_Cell_Carcinoma,head_and_neck,25,3.0,59.0,Male,STAGE IVA,EUR
TCGA-CV-A45V,Head_and_Neck_Squamous_Cell_Carcinoma,head_and_neck,11,4.0,87.0,Female,STAGE IVA,EUR
TCGA-CV-A45W,Head_and_Neck_Squamous_Cell_Carcinoma,head_and_neck,73,3.0,75.0,Male,STAGE II,EUR
TCGA-CV-A45X,Head_and_Neck_Squamous_Cell_Carcinoma,head_and_neck,9,1.0,47.0,Male,STAGE IVA,EUR
TCGA-CV-A45Y,Head_and_Neck_Squamous_Cell_Carcinoma,head_and_neck,7,1.0,61.0,Male,STAGE IVA, 
TCGA-CV-A45Z,Head_and_Neck_Squamous_Cell_Carcinoma,head_and_neck,57,2.0,75.0,Male,STAGE II,EUR
TCGA-CV-A460,Head_and_Neck_Squamous_Cell_Carcinoma,head_and_neck,8,1.0,72.0,Male,STAGE II,EUR
TCGA-CV-A461,Head_and_Neck_Squamous_Cell_Carcinoma,head_and_neck,63,3.0,65.0,Male,,EUR
TCGA-CV-A463,Head_and_Neck_Squamous_Cell_Carcinoma,head_and_neck,26,6.0,82.0,Female,STAGE IVA,AMR
TCGA-CV-A464,Head_and_Neck_Squamous_Cell_Carcinoma,head_and_neck,1,0.0,48.0,Male,STAGE III,EUR
TCGA-CV-A465,Head_and_Neck_Squamous_Cell_Carcinoma,head_and_neck,4,0.0,24.0,Male,STAGE III,EUR
TCGA-CV-A468,Head_and_Neck_Squamous_Cell_Carcinoma,head_and_neck,20,2.0,42.0,Male,STAGE IVA, 
TCGA-CV-A6JD,Head_and_Neck_Squamous_Cell_Carcinoma,head_and_neck,12,3.0,82.0,Female,,EUR
TCGA-CV-A6JE,Head_and_Neck_Squamous_Cell_Carcinoma,head_and_neck,17,3.0,78.0,Male,,EUR
TCGA-CV-A6JM,Head_and_Neck_Squamous_Cell_Carcinoma,head_and_neck,22,3.0,85.0,Male,,EUR
TCGA-CV-A6JN,Head_and_Neck_Squamous_Cell_Carcinoma,head_and_neck,6,2.0,53.0,Male,,EUR
TCGA-CV-A6JO,Head_and_Neck_Squamous_Cell_Carcinoma,head_and_neck,7,1.0,69.0,Male,STAGE IVA,EUR
TCGA-CV-A6JT,Head_and_Neck_Squamous_Cell_Carcinoma,head_and_neck,5,0.0,65.0,Male,STAGE II,EUR
TCGA-CV-A6JU,Head_and_Neck_Squamous_Cell_Carcinoma,head_and_neck,21,2.0,61.0,Female,STAGE IVB,EUR
TCGA-CV-A6JY,Head_and_Neck_Squamous_Cell_Carcinoma,head_and_neck,8,3.0,69.0,Male,STAGE IVA,EUR
TCGA-CV-A6JZ,Head_and_Neck_Squamous_Cell_Carcinoma,head_and_neck,12,1.0,68.0,Male,STAGE II,EUR
TCGA-CV-A6K1,Head_and_Neck_Squamous_Cell_Carcinoma,head_and_neck,99,4.0,65.0,Male,STAGE IVA,EUR
TCGA-CV-A6K2,Head_and_Neck_Squamous_Cell_Carcinoma,head_and_neck,64,10.0,79.0,Male,STAGE IVA,EUR
TCGA-CX-7085,Head_and_Neck_Squamous_Cell_Carcinoma,head_and_neck,9,1.0,77.0,Female,STAGE I,EUR
TCGA-CX-7086,Head_and_Neck_Squamous_Cell_Carcinoma,head_and_neck,24,2.0,53.0,Male,STAGE III,AFR
TCGA-CX-7219,Head_and_Neck_Squamous_Cell_Carcinoma,head_and_neck,14,1.0,47.0,Male,STAGE IVA,AFR
TCGA-CX-A4AQ,Head_and_Neck_Squamous_Cell_Carcinoma,head_and_neck,10,2.0,56.0,Male,STAGE IVA,EUR
TCGA-D6-6515,Head_and_Neck_Squamous_Cell_Carcinoma,head_and_neck,7,1.0,82.0,Female,STAGE II,EUR
TCGA-D6-6516,Head_and_Neck_Squamous_Cell_Carcinoma,head_and_neck,87,2.0,69.0,Male,STAGE I,EUR
TCGA-D6-6517,Head_and_Neck_Squamous_Cell_Carcinoma,head_and_neck,7,1.0,59.0,Male,STAGE III,EUR
TCGA-D6-6823,Head_and_Neck_Squamous_Cell_Carcinoma,head_and_neck,7,0.0,50.0,Male,STAGE II,EUR
TCGA-D6-6824,Head_and_Neck_Squamous_Cell_Carcinoma,head_and_neck,3,0.0,61.0,Male,STAGE IVA,EUR
TCGA-D6-6825,Head_and_Neck_Squamous_Cell_Carcinoma,head_and_neck,9,1.0,73.0,Male,STAGE I,EUR
TCGA-D6-6826,Head_and_Neck_Squamous_Cell_Carcinoma,head_and_neck,10,1.0,64.0,Female,STAGE IVA,EUR
TCGA-D6-6827,Head_and_Neck_Squamous_Cell_Carcinoma,head_and_neck,3,0.0,55.0,Female,STAGE I,EUR
TCGA-D6-8568,Head_and_Neck_Squamous_Cell_Carcinoma,head_and_neck,16,1.0,62.0,Male,STAGE II,EUR
TCGA-D6-8569,Head_and_Neck_Squamous_Cell_Carcinoma,head_and_neck,8,0.0,52.0,Male,STAGE II,EUR
TCGA-D6-A4Z9,Head_and_Neck_Squamous_Cell_Carcinoma,head_and_neck,4,1.0,59.0,Male,STAGE IVA,EUR
TCGA-D6-A4ZB,Head_and_Neck_Squamous_Cell_Carcinoma,head_and_neck,13,1.0,61.0,Male,STAGE III,EUR
TCGA-D6-A6EK,Head_and_Neck_Squamous_Cell_Carcinoma,head_and_neck,28,5.0,67.0,Male,STAGE III,EUR
TCGA-D6-A6EM,Head_and_Neck_Squamous_Cell_Carcinoma,head_and_neck,8,2.0,65.0,Female,STAGE III,EUR
TCGA-D6-A6EN,Head_and_Neck_Squamous_Cell_Carcinoma,head_and_neck,16,5.0,71.0,Male,STAGE III,EUR
TCGA-D6-A6EO,Head_and_Neck_Squamous_Cell_Carcinoma,head_and_neck,7,3.0,44.0,Male,STAGE IVA,EUR
TCGA-D6-A6EP,Head_and_Neck_Squamous_Cell_Carcinoma,head_and_neck,8,1.0,62.0,Male,STAGE III,EUR
TCGA-D6-A6EQ,Head_and_Neck_Squamous_Cell_Carcinoma,head_and_neck,8,1.0,57.0,Male,STAGE IVA,EUR
TCGA-D6-A6ES,Head_and_Neck_Squamous_Cell_Carcinoma,head_and_neck,15,1.0,50.0,Male,STAGE IVA,EUR
TCGA-D6-A74Q,Head_and_Neck_Squamous_Cell_Carcinoma,head_and_neck,40,3.0,67.0,Male,STAGE IVA,EUR
TCGA-DQ-5624,Head_and_Neck_Squamous_Cell_Carcinoma,head_and_neck,7,0.0,43.0,Female,,EUR
TCGA-DQ-5625,Head_and_Neck_Squamous_Cell_Carcinoma,head_and_neck,15,0.0,52.0,Female,,EUR
TCGA-DQ-5629,Head_and_Neck_Squamous_Cell_Carcinoma,head_and_neck,36,2.0,64.0,Male,,EUR
TCGA-DQ-5630,Head_and_Neck_Squamous_Cell_Carcinoma,head_and_neck,7,1.0,73.0,Male,,EUR
TCGA-DQ-5631,Head_and_Neck_Squamous_Cell_Carcinoma,head_and_neck,11,4.0,52.0,Male,,EUR
TCGA-DQ-7588,Head_and_Neck_Squamous_Cell_Carcinoma,head_and_neck,17,3.0,66.0,Male,,EUR
TCGA-DQ-7591,Head_and_Neck_Squamous_Cell_Carcinoma,head_and_neck,4,0.0,62.0,Male,,EUR
TCGA-DQ-7592,Head_and_Neck_Squamous_Cell_Carcinoma,head_and_neck,13,1.0,57.0,Male,,EUR
TCGA-DQ-7593,Head_and_Neck_Squamous_Cell_Carcinoma,head_and_neck,5,0.0,58.0,Male,,EUR
TCGA-DQ-7596,Head_and_Neck_Squamous_Cell_Carcinoma,head_and_neck,4,1.0,48.0,Male,,EUR
TCGA-F7-7848,Head_and_Neck_Squamous_Cell_Carcinoma,head_and_neck,24,2.0,47.0,Male,STAGE IVA,EUR
TCGA-F7-8298,Head_and_Neck_Squamous_Cell_Carcinoma,head_and_neck,7,1.0,58.0,Male,STAGE I,EUR
TCGA-F7-8489,Head_and_Neck_Squamous_Cell_Carcinoma,head_and_neck,14,1.0,48.0,Male,STAGE II,EUR
TCGA-F7-A50G,Head_and_Neck_Squamous_Cell_Carcinoma,head_and_neck,10,0.0,66.0,Male,STAGE III,EUR
TCGA-F7-A50I,Head_and_Neck_Squamous_Cell_Carcinoma,head_and_neck,17,1.0,72.0,Male,STAGE IVA,EUR
TCGA-F7-A50J,Head_and_Neck_Squamous_Cell_Carcinoma,head_and_neck,21,1.0,67.0,Female,STAGE III,EUR
TCGA-F7-A61S,Head_and_Neck_Squamous_Cell_Carcinoma,head_and_neck,12,3.0,62.0,Male,STAGE III,EUR
TCGA-F7-A61V,Head_and_Neck_Squamous_Cell_Carcinoma,head_and_neck,12,1.0,54.0,Male,STAGE II,EUR
TCGA-F7-A61W,Head_and_Neck_Squamous_Cell_Carcinoma,head_and_neck,6,1.0,51.0,Male,STAGE IVA,EAS
TCGA-F7-A620,Head_and_Neck_Squamous_Cell_Carcinoma,head_and_neck,8,1.0,47.0,Male,STAGE III,EUR
TCGA-F7-A622,Head_and_Neck_Squamous_Cell_Carcinoma,head_and_neck,10,3.0,75.0,Male,STAGE III,EUR
TCGA-F7-A623,Head_and_Neck_Squamous_Cell_Carcinoma,head_and_neck,20,1.0,70.0,Male,STAGE IVA,EUR
TCGA-F7-A624,Head_and_Neck_Squamous_Cell_Carcinoma,head_and_neck,363,18.0,73.0,Male,STAGE II,EUR
TCGA-H7-7774,Head_and_Neck_Squamous_Cell_Carcinoma,head_and_neck,16,4.0,75.0,Female,STAGE IVA,EUR
TCGA-H7-8501,Head_and_Neck_Squamous_Cell_Carcinoma,head_and_neck,14,5.0,54.0,Male,STAGE IVA,EUR
TCGA-H7-A6C4,Head_and_Neck_Squamous_Cell_Carcinoma,head_and_neck,3,2.0,35.0,Female,STAGE IVA,EUR
TCGA-H7-A6C5,Head_and_Neck_Squamous_Cell_Carcinoma,head_and_neck,15,3.0,65.0,Male,STAGE II,EUR
TCGA-H7-A76A,Head_and_Neck_Squamous_Cell_Carcinoma,head_and_neck,5,1.0,57.0,Male,,EUR
TCGA-HD-7229,Head_and_Neck_Squamous_Cell_Carcinoma,head_and_neck,16,1.0,60.0,Male,STAGE IVA,EUR
TCGA-HD-7753,Head_and_Neck_Squamous_Cell_Carcinoma,head_and_neck,18,3.0,62.0,Male,STAGE I,AFR
TCGA-HD-7754,Head_and_Neck_Squamous_Cell_Carcinoma,head_and_neck,2,0.0,69.0,Male,STAGE IVA,EUR
TCGA-HD-7831,Head_and_Neck_Squamous_Cell_Carcinoma,head_and_neck,7,2.0,74.0,Male,STAGE IVA,EUR
TCGA-HD-7832,Head_and_Neck_Squamous_Cell_Carcinoma,head_and_neck,8,0.0,52.0,Male,STAGE IVA,EUR
TCGA-HD-8224,Head_and_Neck_Squamous_Cell_Carcinoma,head_and_neck,9,0.0,63.0,Male,STAGE IVA,EUR
TCGA-HD-8314,Head_and_Neck_Squamous_Cell_Carcinoma,head_and_neck,4,0.0,58.0,Male,STAGE III,EUR
TCGA-HD-8634,Head_and_Neck_Squamous_Cell_Carcinoma,head_and_neck,4,0.0,51.0,Female,STAGE I,EUR
TCGA-HD-8635,Head_and_Neck_Squamous_Cell_Carcinoma,head_and_neck,16,1.0,61.0,Female,STAGE III,EUR
TCGA-HD-A4C1,Head_and_Neck_Squamous_Cell_Carcinoma,head_and_neck,15,5.0,41.0,Female,STAGE IVA,AFR
TCGA-HD-A633,Head_and_Neck_Squamous_Cell_Carcinoma,head_and_neck,19,4.0,74.0,Male,STAGE IVA,EUR
TCGA-HD-A634,Head_and_Neck_Squamous_Cell_Carcinoma,head_and_neck,6,1.0,56.0,Male,STAGE IVA,EUR
TCGA-HD-A6HZ,Head_and_Neck_Squamous_Cell_Carcinoma,head_and_neck,15,1.0,79.0,Female,STAGE III,EUR
TCGA-HD-A6I0,Head_and_Neck_Squamous_Cell_Carcinoma,head_and_neck,5,1.0,56.0,Male,STAGE IVA,EUR
TCGA-IQ-7630,Head_and_Neck_Squamous_Cell_Carcinoma,head_and_neck,11,2.0,49.0,Male,STAGE II,EUR
TCGA-IQ-7631,Head_and_Neck_Squamous_Cell_Carcinoma,head_and_neck,4,1.0,60.0,Female,STAGE II,EUR
TCGA-IQ-7632,Head_and_Neck_Squamous_Cell_Carcinoma,head_and_neck,6,1.0,68.0,Female,STAGE IVA,AFR
TCGA-IQ-A61E,Head_and_Neck_Squamous_Cell_Carcinoma,head_and_neck,21,2.0,55.0,Female,STAGE III,EUR
TCGA-IQ-A61G,Head_and_Neck_Squamous_Cell_Carcinoma,head_and_neck,14,0.0,57.0,Male,STAGE IVA,EUR
TCGA-IQ-A61H,Head_and_Neck_Squamous_Cell_Carcinoma,head_and_neck,9,1.0,76.0,Male,STAGE II,EUR
TCGA-IQ-A61I,Head_and_Neck_Squamous_Cell_Carcinoma,head_and_neck,9,0.0,63.0,Male,STAGE IVA,AFR
TCGA-IQ-A61J,Head_and_Neck_Squamous_Cell_Carcinoma,head_and_neck,5,1.0,54.0,Male,STAGE IVA,EUR
TCGA-IQ-A61K,Head_and_Neck_Squamous_Cell_Carcinoma,head_and_neck,7,0.0,70.0,Female,STAGE IVA,EUR
TCGA-IQ-A61L,Head_and_Neck_Squamous_Cell_Carcinoma,head_and_neck,11,0.0,72.0,Female,STAGE II,EUR_ADMIX
TCGA-IQ-A61O,Head_and_Neck_Squamous_Cell_Carcinoma,head_and_neck,4,1.0,43.0,Male,STAGE IVA, 
TCGA-IQ-A6SG,Head_and_Neck_Squamous_Cell_Carcinoma,head_and_neck,8,1.0,61.0,Female,STAGE III, 
TCGA-IQ-A6SH,Head_and_Neck_Squamous_Cell_Carcinoma,head_and_neck,10,1.0,55.0,Male,STAGE III,AFR_ADMIX
TCGA-KU-A66S,Head_and_Neck_Squamous_Cell_Carcinoma,head_and_neck,37,2.0,69.0,Female,STAGE III,EUR
TCGA-KU-A66T,Head_and_Neck_Squamous_Cell_Carcinoma,head_and_neck,10,0.0,53.0,Female,STAGE IVA,EUR
TCGA-KU-A6H7,Head_and_Neck_Squamous_Cell_Carcinoma,head_and_neck,16,2.0,55.0,Female,STAGE IVA,EUR
TCGA-KU-A6H8,Head_and_Neck_Squamous_Cell_Carcinoma,head_and_neck,2,0.0,41.0,Male,STAGE IVA,EUR
TCGA-MT-A51W,Head_and_Neck_Squamous_Cell_Carcinoma,head_and_neck,6,0.0,52.0,Female,STAGE I,EUR
TCGA-MT-A51X,Head_and_Neck_Squamous_Cell_Carcinoma,head_and_neck,6,0.0,30.0,Male,STAGE IVA,EUR
TCGA-MT-A67A,Head_and_Neck_Squamous_Cell_Carcinoma,head_and_neck,19,8.0,85.0,Female,STAGE I,EUR
TCGA-MT-A67D,Head_and_Neck_Squamous_Cell_Carcinoma,head_and_neck,10,1.0,55.0,Male,STAGE II,EUR
TCGA-MT-A67F,Head_and_Neck_Squamous_Cell_Carcinoma,head_and_neck,30,5.0,60.0,Female,STAGE IVA,EUR
TCGA-MT-A7BN,Head_and_Neck_Squamous_Cell_Carcinoma,head_and_neck,7,3.0,74.0,Male,STAGE IVA,EUR
TCGA-MZ-A5BI,Head_and_Neck_Squamous_Cell_Carcinoma,head_and_neck,5,0.0,53.0,Male,, 
TCGA-MZ-A6I9,Head_and_Neck_Squamous_Cell_Carcinoma,head_and_neck,7,0.0,68.0,Male,,EUR
TCGA-MZ-A7D7,Head_and_Neck_Squamous_Cell_Carcinoma,head_and_neck,17,4.0,51.0,Male,STAGE IVA,EUR
TCGA-P3-A5Q5,Head_and_Neck_Squamous_Cell_Carcinoma,head_and_neck,19,2.0,54.0,Male,STAGE IVA,EUR
TCGA-P3-A5Q6,Head_and_Neck_Squamous_Cell_Carcinoma,head_and_neck,10,0.0,49.0,Male,STAGE IVA,EUR
TCGA-P3-A5QA,Head_and_Neck_Squamous_Cell_Carcinoma,head_and_neck,8,2.0,41.0,Male,STAGE I, 
TCGA-P3-A5QE,Head_and_Neck_Squamous_Cell_Carcinoma,head_and_neck,4,0.0,49.0,Male,STAGE III,EUR
TCGA-P3-A5QF,Head_and_Neck_Squamous_Cell_Carcinoma,head_and_neck,32,4.0,49.0,Male,STAGE IVA,EUR
TCGA-P3-A6SW,Head_and_Neck_Squamous_Cell_Carcinoma,head_and_neck,13,5.0,50.0,Male,STAGE IVB,EUR
TCGA-P3-A6SX,Head_and_Neck_Squamous_Cell_Carcinoma,head_and_neck,16,3.0,67.0,Male,STAGE III,EUR
TCGA-P3-A6T0,Head_and_Neck_Squamous_Cell_Carcinoma,head_and_neck,12,3.0,47.0,Female,STAGE IVA,EUR
TCGA-P3-A6T2,Head_and_Neck_Squamous_Cell_Carcinoma,head_and_neck,4,2.0,45.0,Male,STAGE IVA,EUR
TCGA-P3-A6T3,Head_and_Neck_Squamous_Cell_Carcinoma,head_and_neck,11,1.0,49.0,Male,STAGE IVA,EUR
TCGA-P3-A6T4,Head_and_Neck_Squamous_Cell_Carcinoma,head_and_neck,18,2.0,54.0,Male,STAGE IVA,EUR
TCGA-P3-A6T5,Head_and_Neck_Squamous_Cell_Carcinoma,head_and_neck,13,1.0,79.0,Female,STAGE IVA,EUR
TCGA-P3-A6T6,Head_and_Neck_Squamous_Cell_Carcinoma,head_and_neck,10,1.0,53.0,Male,STAGE IVA,EUR
TCGA-P3-A6T7,Head_and_Neck_Squamous_Cell_Carcinoma,head_and_neck,16,2.0,55.0,Male,STAGE IVA,EUR
TCGA-P3-A6T8,Head_and_Neck_Squamous_Cell_Carcinoma,head_and_neck,13,2.0,54.0,Male,STAGE IVA,EUR
TCGA-QK-A64Z,Head_and_Neck_Squamous_Cell_Carcinoma,head_and_neck,9,2.0,79.0,Female,STAGE IVA,EUR
TCGA-QK-A652,Head_and_Neck_Squamous_Cell_Carcinoma,head_and_neck,4,2.0,60.0,Male,STAGE III,EUR
TCGA-QK-A6IF,Head_and_Neck_Squamous_Cell_Carcinoma,head_and_neck,1,0.0,61.0,Male,,EUR
TCGA-QK-A6IG,Head_and_Neck_Squamous_Cell_Carcinoma,head_and_neck,17,4.0,69.0,Male,STAGE III,EUR
TCGA-QK-A6IH,Head_and_Neck_Squamous_Cell_Carcinoma,head_and_neck,3,0.0,65.0,Female,STAGE IVB,EUR
TCGA-QK-A6II,Head_and_Neck_Squamous_Cell_Carcinoma,head_and_neck,11,1.0,52.0,Male,STAGE IVA,EUR
TCGA-QK-A6IJ,Head_and_Neck_Squamous_Cell_Carcinoma,head_and_neck,8,2.0,71.0,Male,STAGE III,EUR
TCGA-QK-A6V9,Head_and_Neck_Squamous_Cell_Carcinoma,head_and_neck,8,1.0,56.0,Male,STAGE II,EUR
TCGA-QK-A6VB,Head_and_Neck_Squamous_Cell_Carcinoma,head_and_neck,102,4.0,66.0,Male,STAGE IVA,EUR
TCGA-QK-A6VC,Head_and_Neck_Squamous_Cell_Carcinoma,head_and_neck,10,1.0,62.0,Female,STAGE IVA,AFR_ADMIX
TCGA-QK-A8Z7,Head_and_Neck_Squamous_Cell_Carcinoma,head_and_neck,20,1.0,59.0,Male,STAGE IVA,AFR
TCGA-QK-A8Z8,Head_and_Neck_Squamous_Cell_Carcinoma,head_and_neck,55,3.0,60.0,Female,STAGE IVC,AFR_ADMIX
TCGA-QK-A8Z9,Head_and_Neck_Squamous_Cell_Carcinoma,head_and_neck,14,1.0,56.0,Male,STAGE IVA,AFR
TCGA-QK-A8ZA,Head_and_Neck_Squamous_Cell_Carcinoma,head_and_neck,9,1.0,60.0,Male,,AFR
TCGA-QK-A8ZB,Head_and_Neck_Squamous_Cell_Carcinoma,head_and_neck,8,2.0,68.0,Male,STAGE IVA,AFR
TCGA-QK-AA3J,Head_and_Neck_Squamous_Cell_Carcinoma,head_and_neck,9,1.0,69.0,Male,STAGE I,AFR
TCGA-QK-AA3K,Head_and_Neck_Squamous_Cell_Carcinoma,head_and_neck,11,0.0,60.0,Male,STAGE IVA,AFR
TCGA-RS-A6TO,Head_and_Neck_Squamous_Cell_Carcinoma,head_and_neck,16,3.0,82.0,Female,STAGE IVA,EUR
TCGA-RS-A6TP,Head_and_Neck_Squamous_Cell_Carcinoma,head_and_neck,11,5.0,58.0,Male,STAGE II,EUR
TCGA-T2-A6WX,Head_and_Neck_Squamous_Cell_Carcinoma,head_and_neck,16,1.0,73.0,Female,,EUR
TCGA-T2-A6WZ,Head_and_Neck_Squamous_Cell_Carcinoma,head_and_neck,10,2.0,53.0,Male,,EUR
TCGA-T2-A6X0,Head_and_Neck_Squamous_Cell_Carcinoma,head_and_neck,6,1.0,49.0,Male,,EUR
TCGA-T2-A6X2,Head_and_Neck_Squamous_Cell_Carcinoma,head_and_neck,33,4.0,82.0,Male,STAGE III,EUR
TCGA-T3-A92M,Head_and_Neck_Squamous_Cell_Carcinoma,head_and_neck,39,3.0,52.0,Male,STAGE IVA,AFR
TCGA-T3-A92N,Head_and_Neck_Squamous_Cell_Carcinoma,head_and_neck,26,2.0,79.0,Male,STAGE IVA,AFR
TCGA-TN-A7HI,Head_and_Neck_Squamous_Cell_Carcinoma,head_and_neck,5,0.0,56.0,Male,STAGE IVA,EUR
TCGA-TN-A7HJ,Head_and_Neck_Squamous_Cell_Carcinoma,head_and_neck,11,1.0,51.0,Male,STAGE IVA,EUR
TCGA-TN-A7HL,Head_and_Neck_Squamous_Cell_Carcinoma,head_and_neck,55,1.0,59.0,Male,STAGE IVA,EUR
TCGA-UF-A718,Head_and_Neck_Squamous_Cell_Carcinoma,head_and_neck,6,1.0,62.0,Male,STAGE IVA,EUR
TCGA-UF-A719,Head_and_Neck_Squamous_Cell_Carcinoma,head_and_neck,12,1.0,54.0,Male,STAGE II,AMR
TCGA-UF-A71A,Head_and_Neck_Squamous_Cell_Carcinoma,head_and_neck,13,0.0,67.0,Male,STAGE IVA,EUR
TCGA-UF-A71B,Head_and_Neck_Squamous_Cell_Carcinoma,head_and_neck,15,1.0,50.0,Male,STAGE IVA,EUR_ADMIX
TCGA-UF-A71D,Head_and_Neck_Squamous_Cell_Carcinoma,head_and_neck,54,3.0,54.0,Female,STAGE IVA,EUR_ADMIX
TCGA-UF-A71E,Head_and_Neck_Squamous_Cell_Carcinoma,head_and_neck,6,0.0,63.0,Male,STAGE IVA,ADMIX
TCGA-UF-A7J9,Head_and_Neck_Squamous_Cell_Carcinoma,head_and_neck,26,3.0,75.0,Male,STAGE IVA,EUR
TCGA-UF-A7JA,Head_and_Neck_Squamous_Cell_Carcinoma,head_and_neck,14,2.0,66.0,Female,STAGE IVA,EUR
TCGA-UF-A7JC,Head_and_Neck_Squamous_Cell_Carcinoma,head_and_neck,6,1.0,42.0,Male,STAGE IVA, 
TCGA-UF-A7JD,Head_and_Neck_Squamous_Cell_Carcinoma,head_and_neck,8,3.0,71.0,Male,STAGE IVA, 
TCGA-UF-A7JF,Head_and_Neck_Squamous_Cell_Carcinoma,head_and_neck,12,4.0,80.0,Male,STAGE IVA, 
TCGA-UF-A7JH,Head_and_Neck_Squamous_Cell_Carcinoma,head_and_neck,9,1.0,59.0,Male,STAGE IVA,AFR
TCGA-UF-A7JJ,Head_and_Neck_Squamous_Cell_Carcinoma,head_and_neck,8,2.0,68.0,Male,STAGE IVA, 
TCGA-UF-A7JK,Head_and_Neck_Squamous_Cell_Carcinoma,head_and_neck,9,1.0,59.0,Male,STAGE IVA,EUR
TCGA-UF-A7JO,Head_and_Neck_Squamous_Cell_Carcinoma,head_and_neck,13,4.0,79.0,Female,STAGE IVA,EUR
TCGA-UF-A7JS,Head_and_Neck_Squamous_Cell_Carcinoma,head_and_neck,5,0.0,59.0,Male,STAGE IVA,EUR_ADMIX
TCGA-UF-A7JT,Head_and_Neck_Squamous_Cell_Carcinoma,head_and_neck,15,4.0,72.0,Female,STAGE IVA,EUR
TCGA-UF-A7JV,Head_and_Neck_Squamous_Cell_Carcinoma,head_and_neck,11,1.0,62.0,Female,STAGE IVA,EUR
TCGA-UP-A6WW,Head_and_Neck_Squamous_Cell_Carcinoma,head_and_neck,3,2.0,58.0,Male,,EUR
TCGA-WA-A7GZ,Head_and_Neck_Squamous_Cell_Carcinoma,head_and_neck,22,1.0,58.0,Male,,EUR
TCGA-WA-A7H4,Head_and_Neck_Squamous_Cell_Carcinoma,head_and_neck,1,0.0,69.0,Male,STAGE II,EUR
TCGA-KL-8323,Kidney_Chromophobe,urinary,1,0.0,57.0,Female,STAGE III,EUR
TCGA-KL-8324,Kidney_Chromophobe,urinary,1,0.0,67.0,Female,STAGE II,EUR
TCGA-KL-8325,Kidney_Chromophobe,urinary,2,0.0,56.0,Female,STAGE II,EUR
TCGA-KL-8326,Kidney_Chromophobe,urinary,3,1.0,69.0,Male,STAGE III,EUR
TCGA-KL-8327,Kidney_Chromophobe,urinary,1,0.0,46.0,Female,STAGE I,EUR
TCGA-KL-8328,Kidney_Chromophobe,urinary,5,0.0,60.0,Male,STAGE II,EUR
TCGA-KL-8329,Kidney_Chromophobe,urinary,4,2.0,57.0,Female,STAGE I,SAS_ADMIX
TCGA-KL-8330,Kidney_Chromophobe,urinary,3,0.0,44.0,Female,STAGE II,AFR
TCGA-KL-8331,Kidney_Chromophobe,urinary,1,1.0,48.0,Female,STAGE II,EUR
TCGA-KL-8332,Kidney_Chromophobe,urinary,6,0.0,55.0,Male,STAGE I,EUR
TCGA-KL-8333,Kidney_Chromophobe,urinary,1,0.0,69.0,Male,STAGE II,EUR
TCGA-KL-8334,Kidney_Chromophobe,urinary,2,1.0,37.0,Female,STAGE III,EUR
TCGA-KL-8335,Kidney_Chromophobe,urinary,7,0.0,67.0,Male,STAGE III,EUR
TCGA-KL-8336,Kidney_Chromophobe,urinary,4,1.0,51.0,Female,STAGE IV,EUR
TCGA-KL-8338,Kidney_Chromophobe,urinary,1,0.0,51.0,Male,STAGE III,EUR
TCGA-KL-8339,Kidney_Chromophobe,urinary,4,0.0,67.0,Male,STAGE IV,EUR
TCGA-KL-8341,Kidney_Chromophobe,urinary,4,1.0,41.0,Male,STAGE IV,EAS
TCGA-KL-8343,Kidney_Chromophobe,urinary,3,0.0,72.0,Male,STAGE III,EUR
TCGA-KL-8345,Kidney_Chromophobe,urinary,2,1.0,75.0,Male,STAGE III,EUR
TCGA-KL-8346,Kidney_Chromophobe,urinary,1,0.0,62.0,Male,STAGE II,EUR
TCGA-KM-8438,Kidney_Chromophobe,urinary,8,1.0,45.0,Female,STAGE II,EUR
TCGA-KM-8439,Kidney_Chromophobe,urinary,1,0.0,30.0,Male,STAGE I,EUR
TCGA-KM-8440,Kidney_Chromophobe,urinary,3,0.0,37.0,Male,STAGE III,AFR_ADMIX
TCGA-KM-8441,Kidney_Chromophobe,urinary,4,0.0,61.0,Female,STAGE I,EUR
TCGA-KM-8442,Kidney_Chromophobe,urinary,3,0.0,38.0,Male,STAGE II, 
TCGA-KM-8443,Kidney_Chromophobe,urinary,2,0.0,57.0,Male,STAGE II,EUR
TCGA-KM-8476,Kidney_Chromophobe,urinary,3,1.0,47.0,Male,STAGE I,EUR
TCGA-KM-8477,Kidney_Chromophobe,urinary,3,0.0,56.0,Male,STAGE I,EUR
TCGA-KM-8639,Kidney_Chromophobe,urinary,6,1.0,67.0,Male,STAGE I,EUR
TCGA-KN-8418,Kidney_Chromophobe,urinary,1,0.0,41.0,Female,STAGE II,EUR
TCGA-KN-8419,Kidney_Chromophobe,urinary,1,0.0,43.0,Male,STAGE II,AFR
TCGA-KN-8421,Kidney_Chromophobe,urinary,1,0.0,47.0,Female,STAGE II,EUR
TCGA-KN-8422,Kidney_Chromophobe,urinary,2,0.0,28.0,Female,STAGE I,EUR
TCGA-KN-8423,Kidney_Chromophobe,urinary,1,0.0,44.0,Male,STAGE I,EUR
TCGA-KN-8424,Kidney_Chromophobe,urinary,5,0.0,42.0,Female,STAGE I,EUR
TCGA-KN-8425,Kidney_Chromophobe,urinary,2,0.0,53.0,Male,STAGE I,EUR
TCGA-KN-8426,Kidney_Chromophobe,urinary,4,0.0,50.0,Male,STAGE IV,EUR
TCGA-KN-8427,Kidney_Chromophobe,urinary,5,0.0,54.0,Male,STAGE IV,EUR
TCGA-KN-8428,Kidney_Chromophobe,urinary,44,2.0,71.0,Male,STAGE II,EUR
TCGA-KN-8429,Kidney_Chromophobe,urinary,2,0.0,38.0,Female,STAGE III,EUR
TCGA-KN-8431,Kidney_Chromophobe,urinary,3,0.0,35.0,Female,STAGE II, 
TCGA-KN-8432,Kidney_Chromophobe,urinary,9,0.0,86.0,Female,STAGE II,EUR
TCGA-KN-8433,Kidney_Chromophobe,urinary,5,0.0,46.0,Female,STAGE III,EUR
TCGA-KN-8434,Kidney_Chromophobe,urinary,3,0.0,65.0,Female,STAGE II,EUR
TCGA-KN-8435,Kidney_Chromophobe,urinary,3,0.0,59.0,Male,STAGE II,EUR
TCGA-KN-8436,Kidney_Chromophobe,urinary,3,1.0,62.0,Male,STAGE II,EUR
TCGA-KN-8437,Kidney_Chromophobe,urinary,1,0.0,42.0,Female,STAGE I,EUR
TCGA-KO-8403,Kidney_Chromophobe,urinary,2,0.0,49.0,Male,STAGE I,EUR
TCGA-KO-8404,Kidney_Chromophobe,urinary,7,1.0,78.0,Male,STAGE IV,EUR
TCGA-KO-8405,Kidney_Chromophobe,urinary,1,0.0,29.0,Male,STAGE III,EUR
TCGA-KO-8407,Kidney_Chromophobe,urinary,1,0.0,42.0,Male,STAGE II,EUR
TCGA-KO-8408,Kidney_Chromophobe,urinary,10,3.0,47.0,Male,STAGE III,EUR
TCGA-KO-8410,Kidney_Chromophobe,urinary,2,0.0,74.0,Female,STAGE I,EUR
TCGA-KO-8411,Kidney_Chromophobe,urinary,3,0.0,58.0,Male,STAGE I,EUR
TCGA-KO-8413,Kidney_Chromophobe,urinary,1,1.0,46.0,Male,STAGE I, 
TCGA-KO-8414,Kidney_Chromophobe,urinary,3,0.0,50.0,Female,STAGE II,EUR
TCGA-KO-8415,Kidney_Chromophobe,urinary,2,1.0,44.0,Female,STAGE I, 
TCGA-KO-8416,Kidney_Chromophobe,urinary,2,1.0,41.0,Male,STAGE III,EUR
TCGA-KO-8417,Kidney_Chromophobe,urinary,2,0.0,30.0,Female,STAGE I,EUR
TCGA-3Z-A93Z,Kidney_Renal_Clear_Cell_Carcinoma,urinary,12,0.0,69.0,Male,STAGE I,AFR
TCGA-6D-AA2E,Kidney_Renal_Clear_Cell_Carcinoma,urinary,6,0.0,68.0,Female,STAGE I,AFR
TCGA-A3-3308,Kidney_Renal_Clear_Cell_Carcinoma,urinary,17,4.0,77.0,Female,STAGE III,EUR
TCGA-A3-3311,Kidney_Renal_Clear_Cell_Carcinoma,urinary,7,0.0,57.0,Male,STAGE I,EUR
TCGA-A3-3313,Kidney_Renal_Clear_Cell_Carcinoma,urinary,19,0.0,59.0,Male,STAGE I,AFR
TCGA-A3-3316,Kidney_Renal_Clear_Cell_Carcinoma,urinary,6,2.0,57.0,Male,STAGE II,EUR
TCGA-A3-3317,Kidney_Renal_Clear_Cell_Carcinoma,urinary,13,2.0,67.0,Male,STAGE II,EUR
TCGA-A3-3319,Kidney_Renal_Clear_Cell_Carcinoma,urinary,10,0.0,70.0,Male,STAGE I,EUR
TCGA-A3-3320,Kidney_Renal_Clear_Cell_Carcinoma,urinary,21,3.0,52.0,Female,STAGE I,EUR
TCGA-A3-3322,Kidney_Renal_Clear_Cell_Carcinoma,urinary,7,1.0,51.0,Male,STAGE I,EUR
TCGA-A3-3323,Kidney_Renal_Clear_Cell_Carcinoma,urinary,13,1.0,53.0,Male,STAGE I,EUR
TCGA-A3-3326,Kidney_Renal_Clear_Cell_Carcinoma,urinary,10,1.0,47.0,Male,STAGE I,EUR
TCGA-A3-3346,Kidney_Renal_Clear_Cell_Carcinoma,urinary,16,4.0,68.0,Male,STAGE I,EUR
TCGA-A3-3347,Kidney_Renal_Clear_Cell_Carcinoma,urinary,5,1.0,76.0,Female,STAGE III,EUR
TCGA-A3-3349,Kidney_Renal_Clear_Cell_Carcinoma,urinary,7,1.0,34.0,Female,STAGE I,EUR
TCGA-A3-3357,Kidney_Renal_Clear_Cell_Carcinoma,urinary,10,0.0,62.0,Male,STAGE II,EUR
TCGA-A3-3358,Kidney_Renal_Clear_Cell_Carcinoma,urinary,10,0.0,57.0,Female,STAGE I,EUR
TCGA-A3-3362,Kidney_Renal_Clear_Cell_Carcinoma,urinary,6,0.0,60.0,Female,STAGE I,EUR
TCGA-A3-3363,Kidney_Renal_Clear_Cell_Carcinoma,urinary,3,0.0,50.0,Male,STAGE II,EAS
TCGA-A3-3365,Kidney_Renal_Clear_Cell_Carcinoma,urinary,7,1.0,46.0,Male,STAGE I,EUR
TCGA-A3-3367,Kidney_Renal_Clear_Cell_Carcinoma,urinary,14,2.0,72.0,Male,STAGE I,EUR
TCGA-A3-3370,Kidney_Renal_Clear_Cell_Carcinoma,urinary,6,1.0,48.0,Female,STAGE I,EUR
TCGA-A3-3373,Kidney_Renal_Clear_Cell_Carcinoma,urinary,9,2.0,54.0,Female,STAGE I,EUR
TCGA-A3-3374,Kidney_Renal_Clear_Cell_Carcinoma,urinary,1,0.0,51.0,Female,STAGE I,AFR_ADMIX
TCGA-A3-3376,Kidney_Renal_Clear_Cell_Carcinoma,urinary,4,0.0,51.0,Male,STAGE I,AFR_ADMIX
TCGA-A3-3378,Kidney_Renal_Clear_Cell_Carcinoma,urinary,4,1.0,60.0,Male,STAGE I,EUR
TCGA-A3-3380,Kidney_Renal_Clear_Cell_Carcinoma,urinary,2,1.0,54.0,Male,STAGE I, 
TCGA-A3-3382,Kidney_Renal_Clear_Cell_Carcinoma,urinary,18,2.0,69.0,Male,STAGE I,EUR
TCGA-A3-3383,Kidney_Renal_Clear_Cell_Carcinoma,urinary,13,3.0,52.0,Male,STAGE I,EUR
TCGA-A3-3385,Kidney_Renal_Clear_Cell_Carcinoma,urinary,10,0.0,46.0,Female,STAGE I,EUR
TCGA-A3-3387,Kidney_Renal_Clear_Cell_Carcinoma,urinary,10,2.0,49.0,Male,STAGE I,EUR
TCGA-A3-A6NI,Kidney_Renal_Clear_Cell_Carcinoma,urinary,15,0.0,47.0,Male,STAGE I,AFR
TCGA-A3-A6NJ,Kidney_Renal_Clear_Cell_Carcinoma,urinary,10,1.0,57.0,Female,STAGE I,AFR
TCGA-A3-A6NL,Kidney_Renal_Clear_Cell_Carcinoma,urinary,5,0.0,49.0,Female,STAGE I,AFR
TCGA-A3-A6NN,Kidney_Renal_Clear_Cell_Carcinoma,urinary,17,2.0,78.0,Male,STAGE I,AFR_ADMIX
TCGA-A3-A8CQ,Kidney_Renal_Clear_Cell_Carcinoma,urinary,4,0.0,59.0,Female,STAGE I,AFR
TCGA-A3-A8OU,Kidney_Renal_Clear_Cell_Carcinoma,urinary,9,1.0,74.0,Female,STAGE I,AFR
TCGA-A3-A8OV,Kidney_Renal_Clear_Cell_Carcinoma,urinary,16,1.0,75.0,Male,STAGE I,EUR
TCGA-A3-A8OW,Kidney_Renal_Clear_Cell_Carcinoma,urinary,4,0.0,37.0,Male,STAGE III,AFR
TCGA-A3-A8OX,Kidney_Renal_Clear_Cell_Carcinoma,urinary,5,0.0,65.0,Female,STAGE I,AFR
TCGA-AK-3426,Kidney_Renal_Clear_Cell_Carcinoma,urinary,3,0.0,37.0,Male,STAGE III,EUR
TCGA-AK-3427,Kidney_Renal_Clear_Cell_Carcinoma,urinary,2,0.0,65.0,Male,STAGE I,EUR
TCGA-AK-3429,Kidney_Renal_Clear_Cell_Carcinoma,urinary,4,0.0,54.0,Female,STAGE II,EUR
TCGA-AK-3430,Kidney_Renal_Clear_Cell_Carcinoma,urinary,20,3.0,61.0,Male,STAGE III,EUR
TCGA-AK-3436,Kidney_Renal_Clear_Cell_Carcinoma,urinary,4,0.0,40.0,Male,STAGE IV,EUR
TCGA-AK-3440,Kidney_Renal_Clear_Cell_Carcinoma,urinary,4,0.0,58.0,Male,STAGE I,EUR
TCGA-AK-3444,Kidney_Renal_Clear_Cell_Carcinoma,urinary,15,3.0,80.0,Female,STAGE I,EUR
TCGA-AK-3451,Kidney_Renal_Clear_Cell_Carcinoma,urinary,15,2.0,48.0,Male,STAGE II,EUR
TCGA-AK-3453,Kidney_Renal_Clear_Cell_Carcinoma,urinary,3,0.0,58.0,Female,STAGE II,EUR
TCGA-AK-3455,Kidney_Renal_Clear_Cell_Carcinoma,urinary,9,1.0,71.0,Female,STAGE III,EUR
TCGA-AK-3456,Kidney_Renal_Clear_Cell_Carcinoma,urinary,3,0.0,48.0,Male,STAGE II,AFR
TCGA-AK-3458,Kidney_Renal_Clear_Cell_Carcinoma,urinary,4,2.0,48.0,Male,STAGE I,EUR
TCGA-AK-3465,Kidney_Renal_Clear_Cell_Carcinoma,urinary,4,0.0,71.0,Female,STAGE I,AFR
TCGA-AS-3777,Kidney_Renal_Clear_Cell_Carcinoma,urinary,1,0.0,63.0,Male,STAGE I,EUR
TCGA-AS-3778,Kidney_Renal_Clear_Cell_Carcinoma,urinary,13,1.0,35.0,Male,STAGE I,EUR
TCGA-B0-4698,Kidney_Renal_Clear_Cell_Carcinoma,urinary,43,1.0,75.0,Male,STAGE IV,EUR
TCGA-B0-4700,Kidney_Renal_Clear_Cell_Carcinoma,urinary,6,1.0,60.0,Male,STAGE IV,EUR
TCGA-B0-4706,Kidney_Renal_Clear_Cell_Carcinoma,urinary,8,1.0,61.0,Male,STAGE III,EUR
TCGA-B0-4710,Kidney_Renal_Clear_Cell_Carcinoma,urinary,14,0.0,75.0,Female,STAGE III,EUR
TCGA-B0-4712,Kidney_Renal_Clear_Cell_Carcinoma,urinary,9,1.0,76.0,Male,STAGE IV,EUR
TCGA-B0-4810,Kidney_Renal_Clear_Cell_Carcinoma,urinary,11,2.0,47.0,Male,STAGE III,EUR
TCGA-B0-4811,Kidney_Renal_Clear_Cell_Carcinoma,urinary,13,2.0,48.0,Male,STAGE III,EUR
TCGA-B0-4815,Kidney_Renal_Clear_Cell_Carcinoma,urinary,6,1.0,65.0,Male,STAGE III,EUR
TCGA-B0-4816,Kidney_Renal_Clear_Cell_Carcinoma,urinary,4,0.0,49.0,Male,STAGE II,EUR
TCGA-B0-4818,Kidney_Renal_Clear_Cell_Carcinoma,urinary,12,2.0,68.0,Female,STAGE II,EUR
TCGA-B0-4821,Kidney_Renal_Clear_Cell_Carcinoma,urinary,7,0.0,68.0,Female,STAGE III,EAS
TCGA-B0-4823,Kidney_Renal_Clear_Cell_Carcinoma,urinary,15,1.0,88.0,Male,STAGE I,EUR
TCGA-B0-4827,Kidney_Renal_Clear_Cell_Carcinoma,urinary,9,1.0,77.0,Female,STAGE III,EUR
TCGA-B0-4842,Kidney_Renal_Clear_Cell_Carcinoma,urinary,11,2.0,73.0,Female,STAGE III,EUR
TCGA-B0-4852,Kidney_Renal_Clear_Cell_Carcinoma,urinary,16,2.0,78.0,Female,STAGE II,EUR
TCGA-B0-4945,Kidney_Renal_Clear_Cell_Carcinoma,urinary,6,1.0,75.0,Female,STAGE I,EUR
TCGA-B0-5075,Kidney_Renal_Clear_Cell_Carcinoma,urinary,13,0.0,77.0,Female,STAGE III,EUR
TCGA-B0-5077,Kidney_Renal_Clear_Cell_Carcinoma,urinary,9,1.0,77.0,Male,STAGE I,EUR
TCGA-B0-5080,Kidney_Renal_Clear_Cell_Carcinoma,urinary,5,0.0,63.0,Male,STAGE IV,EUR
TCGA-B0-5081,Kidney_Renal_Clear_Cell_Carcinoma,urinary,8,3.0,79.0,Female,STAGE III,EUR
TCGA-B0-5083,Kidney_Renal_Clear_Cell_Carcinoma,urinary,3,0.0,63.0,Male,STAGE I,EUR
TCGA-B0-5084,Kidney_Renal_Clear_Cell_Carcinoma,urinary,4,1.0,33.0,Male,STAGE IV,EUR
TCGA-B0-5085,Kidney_Renal_Clear_Cell_Carcinoma,urinary,14,2.0,76.0,Female,STAGE III,EUR
TCGA-B0-5088,Kidney_Renal_Clear_Cell_Carcinoma,urinary,8,0.0,53.0,Male,STAGE I,EUR_ADMIX
TCGA-B0-5092,Kidney_Renal_Clear_Cell_Carcinoma,urinary,12,3.0,53.0,Female,STAGE IV,EUR
TCGA-B0-5094,Kidney_Renal_Clear_Cell_Carcinoma,urinary,11,2.0,62.0,Male,STAGE IV,EUR
TCGA-B0-5095,Kidney_Renal_Clear_Cell_Carcinoma,urinary,13,2.0,81.0,Male,STAGE III,EUR
TCGA-B0-5096,Kidney_Renal_Clear_Cell_Carcinoma,urinary,15,1.0,72.0,Female,STAGE III,EUR
TCGA-B0-5097,Kidney_Renal_Clear_Cell_Carcinoma,urinary,9,4.0,59.0,Female,STAGE III,EUR
TCGA-B0-5098,Kidney_Renal_Clear_Cell_Carcinoma,urinary,131,4.0,53.0,Female,STAGE I,AFR_ADMIX
TCGA-B0-5099,Kidney_Renal_Clear_Cell_Carcinoma,urinary,16,2.0,88.0,Female,STAGE III,EUR
TCGA-B0-5100,Kidney_Renal_Clear_Cell_Carcinoma,urinary,1,0.0,72.0,Male,STAGE III,AFR
TCGA-B0-5102,Kidney_Renal_Clear_Cell_Carcinoma,urinary,8,3.0,74.0,Female,STAGE I,EUR
TCGA-B0-5104,Kidney_Renal_Clear_Cell_Carcinoma,urinary,12,1.0,90.0,Female,STAGE I,EUR
TCGA-B0-5106,Kidney_Renal_Clear_Cell_Carcinoma,urinary,12,2.0,64.0,Male,STAGE I,EUR
TCGA-B0-5107,Kidney_Renal_Clear_Cell_Carcinoma,urinary,13,1.0,65.0,Female,STAGE IV,EUR
TCGA-B0-5108,Kidney_Renal_Clear_Cell_Carcinoma,urinary,8,1.0,54.0,Male,STAGE III,EUR
TCGA-B0-5109,Kidney_Renal_Clear_Cell_Carcinoma,urinary,7,0.0,69.0,Male,STAGE III,EUR
TCGA-B0-5110,Kidney_Renal_Clear_Cell_Carcinoma,urinary,14,1.0,71.0,Female,STAGE I,EUR
TCGA-B0-5113,Kidney_Renal_Clear_Cell_Carcinoma,urinary,5,0.0,69.0,Female,STAGE III,EUR
TCGA-B0-5115,Kidney_Renal_Clear_Cell_Carcinoma,urinary,16,3.0,43.0,Male,STAGE IV,AFR_ADMIX
TCGA-B0-5116,Kidney_Renal_Clear_Cell_Carcinoma,urinary,13,1.0,52.0,Male,STAGE III,EUR
TCGA-B0-5117,Kidney_Renal_Clear_Cell_Carcinoma,urinary,4,0.0,40.0,Male,STAGE I,EUR
TCGA-B0-5119,Kidney_Renal_Clear_Cell_Carcinoma,urinary,20,2.0,61.0,Female,STAGE I,EUR
TCGA-B0-5120,Kidney_Renal_Clear_Cell_Carcinoma,urinary,8,1.0,72.0,Female,STAGE I,EUR
TCGA-B0-5121,Kidney_Renal_Clear_Cell_Carcinoma,urinary,5,2.0,56.0,Male,STAGE I,EUR
TCGA-B0-5399,Kidney_Renal_Clear_Cell_Carcinoma,urinary,5,4.0,46.0,Male,STAGE I,EUR
TCGA-B0-5400,Kidney_Renal_Clear_Cell_Carcinoma,urinary,4,0.0,59.0,Female,STAGE III,EUR
TCGA-B0-5402,Kidney_Renal_Clear_Cell_Carcinoma,urinary,9,3.0,64.0,Male,STAGE IV,EUR
TCGA-B0-5690,Kidney_Renal_Clear_Cell_Carcinoma,urinary,2,0.0,53.0,Female,STAGE I,EUR
TCGA-B0-5691,Kidney_Renal_Clear_Cell_Carcinoma,urinary,9,1.0,66.0,Female,STAGE I,EUR
TCGA-B0-5692,Kidney_Renal_Clear_Cell_Carcinoma,urinary,19,3.0,66.0,Female,STAGE III,EUR
TCGA-B0-5693,Kidney_Renal_Clear_Cell_Carcinoma,urinary,12,2.0,47.0,Female,STAGE I,EUR
TCGA-B0-5694,Kidney_Renal_Clear_Cell_Carcinoma,urinary,15,1.0,71.0,Male,STAGE III,EUR
TCGA-B0-5695,Kidney_Renal_Clear_Cell_Carcinoma,urinary,8,2.0,61.0,Female,STAGE I,EUR
TCGA-B0-5696,Kidney_Renal_Clear_Cell_Carcinoma,urinary,10,2.0,69.0,Male,STAGE III,EUR
TCGA-B0-5697,Kidney_Renal_Clear_Cell_Carcinoma,urinary,5,1.0,50.0,Male,STAGE I,EUR
TCGA-B0-5698,Kidney_Renal_Clear_Cell_Carcinoma,urinary,16,2.0,77.0,Male,STAGE I,AFR_ADMIX
TCGA-B0-5699,Kidney_Renal_Clear_Cell_Carcinoma,urinary,3,1.0,53.0,Male,STAGE I,EUR
TCGA-B0-5701,Kidney_Renal_Clear_Cell_Carcinoma,urinary,13,1.0,65.0,Male,STAGE III,EUR
TCGA-B0-5702,Kidney_Renal_Clear_Cell_Carcinoma,urinary,9,1.0,71.0,Male,STAGE I,EUR
TCGA-B0-5703,Kidney_Renal_Clear_Cell_Carcinoma,urinary,13,1.0,73.0,Male,STAGE I,EUR
TCGA-B0-5705,Kidney_Renal_Clear_Cell_Carcinoma,urinary,16,1.0,65.0,Female,STAGE I,EUR
TCGA-B0-5706,Kidney_Renal_Clear_Cell_Carcinoma,urinary,9,2.0,45.0,Male,STAGE II,EUR
TCGA-B0-5707,Kidney_Renal_Clear_Cell_Carcinoma,urinary,2,0.0,39.0,Female,STAGE I,EUR
TCGA-B0-5709,Kidney_Renal_Clear_Cell_Carcinoma,urinary,13,2.0,62.0,Female,STAGE III,EUR
TCGA-B0-5710,Kidney_Renal_Clear_Cell_Carcinoma,urinary,7,2.0,57.0,Male,STAGE I,EUR
TCGA-B0-5711,Kidney_Renal_Clear_Cell_Carcinoma,urinary,8,2.0,50.0,Male,STAGE III,EUR
TCGA-B0-5712,Kidney_Renal_Clear_Cell_Carcinoma,urinary,24,2.0,68.0,Female,STAGE IV,AFR_ADMIX
TCGA-B0-5713,Kidney_Renal_Clear_Cell_Carcinoma,urinary,18,2.0,75.0,Female,STAGE III,EUR
TCGA-B0-5812,Kidney_Renal_Clear_Cell_Carcinoma,urinary,8,2.0,53.0,Male,STAGE I,EUR
TCGA-B2-3923,Kidney_Renal_Clear_Cell_Carcinoma,urinary,4,0.0,59.0,Male,STAGE II,EUR
TCGA-B2-4098,Kidney_Renal_Clear_Cell_Carcinoma,urinary,10,1.0,72.0,Female,STAGE I,AFR_ADMIX
TCGA-B2-4099,Kidney_Renal_Clear_Cell_Carcinoma,urinary,10,2.0,83.0,Male,STAGE I,EUR
TCGA-B2-4101,Kidney_Renal_Clear_Cell_Carcinoma,urinary,11,2.0,52.0,Male,STAGE II,EUR
TCGA-B2-4102,Kidney_Renal_Clear_Cell_Carcinoma,urinary,5,0.0,61.0,Male,STAGE I,EUR
TCGA-B2-5633,Kidney_Renal_Clear_Cell_Carcinoma,urinary,9,1.0,56.0,Male,STAGE I,EUR
TCGA-B2-5635,Kidney_Renal_Clear_Cell_Carcinoma,urinary,9,2.0,74.0,Male,STAGE I,EUR
TCGA-B2-5639,Kidney_Renal_Clear_Cell_Carcinoma,urinary,9,2.0,46.0,Male,STAGE IV,EUR
TCGA-B2-5641,Kidney_Renal_Clear_Cell_Carcinoma,urinary,13,1.0,79.0,Male,STAGE I,EUR
TCGA-B2-A4SR,Kidney_Renal_Clear_Cell_Carcinoma,urinary,9,0.0,61.0,Male,STAGE II,AFR_ADMIX
TCGA-B4-5377,Kidney_Renal_Clear_Cell_Carcinoma,urinary,9,0.0,68.0,Female,STAGE IV,EUR
TCGA-B4-5832,Kidney_Renal_Clear_Cell_Carcinoma,urinary,11,1.0,65.0,Male,STAGE III,EUR
TCGA-B4-5834,Kidney_Renal_Clear_Cell_Carcinoma,urinary,3,0.0,59.0,Male,STAGE I,EUR
TCGA-B4-5835,Kidney_Renal_Clear_Cell_Carcinoma,urinary,22,2.0,64.0,Female,STAGE I,EUR
TCGA-B4-5836,Kidney_Renal_Clear_Cell_Carcinoma,urinary,17,2.0,61.0,Female,STAGE I,EUR
TCGA-B4-5838,Kidney_Renal_Clear_Cell_Carcinoma,urinary,10,0.0,52.0,Male,STAGE IV,EUR
TCGA-B4-5843,Kidney_Renal_Clear_Cell_Carcinoma,urinary,7,0.0,45.0,Male,STAGE I,EUR
TCGA-B4-5844,Kidney_Renal_Clear_Cell_Carcinoma,urinary,13,2.0,61.0,Female,STAGE II,EUR
TCGA-B8-4143,Kidney_Renal_Clear_Cell_Carcinoma,urinary,7,1.0,66.0,Female,STAGE IV,EUR
TCGA-B8-4146,Kidney_Renal_Clear_Cell_Carcinoma,urinary,7,0.0,41.0,Female,STAGE I,EUR
TCGA-B8-4148,Kidney_Renal_Clear_Cell_Carcinoma,urinary,5,1.0,63.0,Female,STAGE I,EUR
TCGA-B8-4151,Kidney_Renal_Clear_Cell_Carcinoma,urinary,7,2.0,51.0,Female,STAGE III, 
TCGA-B8-4153,Kidney_Renal_Clear_Cell_Carcinoma,urinary,12,1.0,74.0,Male,STAGE III,EUR
TCGA-B8-4154,Kidney_Renal_Clear_Cell_Carcinoma,urinary,4,2.0,73.0,Female,STAGE I,EUR
TCGA-B8-4619,Kidney_Renal_Clear_Cell_Carcinoma,urinary,1,0.0,58.0,Male,STAGE I,EUR
TCGA-B8-4620,Kidney_Renal_Clear_Cell_Carcinoma,urinary,8,3.0,70.0,Female,STAGE III,EUR
TCGA-B8-4621,Kidney_Renal_Clear_Cell_Carcinoma,urinary,16,1.0,63.0,Male,STAGE I,AFR
TCGA-B8-5158,Kidney_Renal_Clear_Cell_Carcinoma,urinary,7,1.0,56.0,Male,STAGE III,EUR
TCGA-B8-5159,Kidney_Renal_Clear_Cell_Carcinoma,urinary,11,2.0,61.0,Female,STAGE I,EUR
TCGA-B8-5162,Kidney_Renal_Clear_Cell_Carcinoma,urinary,9,2.0,62.0,Male,STAGE II,EUR
TCGA-B8-5163,Kidney_Renal_Clear_Cell_Carcinoma,urinary,12,0.0,63.0,Female,STAGE III,EUR
TCGA-B8-5164,Kidney_Renal_Clear_Cell_Carcinoma,urinary,19,0.0,65.0,Male,STAGE III,EUR
TCGA-B8-5165,Kidney_Renal_Clear_Cell_Carcinoma,urinary,3,1.0,43.0,Male,STAGE I,EUR
TCGA-B8-5545,Kidney_Renal_Clear_Cell_Carcinoma,urinary,3,0.0,42.0,Male,STAGE I,AFR
TCGA-B8-5549,Kidney_Renal_Clear_Cell_Carcinoma,urinary,8,1.0,53.0,Male,STAGE I,EUR
TCGA-B8-5550,Kidney_Renal_Clear_Cell_Carcinoma,urinary,22,4.0,71.0,Male,STAGE III,EUR
TCGA-B8-5551,Kidney_Renal_Clear_Cell_Carcinoma,urinary,12,0.0,65.0,Female,STAGE I,AFR
TCGA-B8-5552,Kidney_Renal_Clear_Cell_Carcinoma,urinary,2,0.0,41.0,Female,STAGE I,EUR
TCGA-B8-5553,Kidney_Renal_Clear_Cell_Carcinoma,urinary,12,0.0,67.0,Female,STAGE I,EUR
TCGA-B8-A54D,Kidney_Renal_Clear_Cell_Carcinoma,urinary,9,0.0,69.0,Male,STAGE III,AFR
TCGA-B8-A54E,Kidney_Renal_Clear_Cell_Carcinoma,urinary,4,0.0,62.0,Female,STAGE I,AFR
TCGA-B8-A54F,Kidney_Renal_Clear_Cell_Carcinoma,urinary,6,0.0,49.0,Female,STAGE I,AFR_ADMIX
TCGA-B8-A54G,Kidney_Renal_Clear_Cell_Carcinoma,urinary,4,1.0,50.0,Male,STAGE I,AFR
TCGA-B8-A54H,Kidney_Renal_Clear_Cell_Carcinoma,urinary,12,0.0,69.0,Female,STAGE II,AFR
TCGA-B8-A54I,Kidney_Renal_Clear_Cell_Carcinoma,urinary,8,0.0,48.0,Male,STAGE I,AFR_ADMIX
TCGA-B8-A54J,Kidney_Renal_Clear_Cell_Carcinoma,urinary,6,2.0,60.0,Male,STAGE II,AFR_ADMIX
TCGA-B8-A7U6,Kidney_Renal_Clear_Cell_Carcinoma,urinary,9,0.0,54.0,Female,STAGE I,AFR
TCGA-B8-A8YJ,Kidney_Renal_Clear_Cell_Carcinoma,urinary,2,0.0,60.0,Female,STAGE I,AFR_ADMIX
TCGA-BP-4161,Kidney_Renal_Clear_Cell_Carcinoma,urinary,10,2.0,74.0,Male,STAGE I,EUR
TCGA-BP-4162,Kidney_Renal_Clear_Cell_Carcinoma,urinary,5,0.0,65.0,Female,STAGE I,EUR
TCGA-BP-4163,Kidney_Renal_Clear_Cell_Carcinoma,urinary,4,1.0,60.0,Female,STAGE III,EUR
TCGA-BP-4164,Kidney_Renal_Clear_Cell_Carcinoma,urinary,5,3.0,51.0,Female,STAGE III,EUR
TCGA-BP-4167,Kidney_Renal_Clear_Cell_Carcinoma,urinary,8,0.0,59.0,Male,STAGE III,EUR
TCGA-BP-4760,Kidney_Renal_Clear_Cell_Carcinoma,urinary,2,0.0,69.0,Male,STAGE I,AFR_ADMIX
TCGA-BP-4770,Kidney_Renal_Clear_Cell_Carcinoma,urinary,1,0.0,73.0,Female,STAGE IV,EUR
TCGA-BP-4782,Kidney_Renal_Clear_Cell_Carcinoma,urinary,14,0.0,55.0,Female,STAGE I,EUR
TCGA-BP-4801,Kidney_Renal_Clear_Cell_Carcinoma,urinary,13,2.0,57.0,Male,STAGE I,EUR
TCGA-BP-4960,Kidney_Renal_Clear_Cell_Carcinoma,urinary,10,1.0,46.0,Male,STAGE II,EUR
TCGA-BP-4961,Kidney_Renal_Clear_Cell_Carcinoma,urinary,7,2.0,47.0,Male,STAGE I,EUR
TCGA-BP-4962,Kidney_Renal_Clear_Cell_Carcinoma,urinary,7,3.0,58.0,Male,STAGE II,EUR
TCGA-BP-4963,Kidney_Renal_Clear_Cell_Carcinoma,urinary,15,3.0,63.0,Male,STAGE I,EUR
TCGA-BP-4964,Kidney_Renal_Clear_Cell_Carcinoma,urinary,12,1.0,54.0,Female,STAGE I,EUR
TCGA-BP-4965,Kidney_Renal_Clear_Cell_Carcinoma,urinary,6,1.0,46.0,Male,STAGE I,EUR
TCGA-BP-4967,Kidney_Renal_Clear_Cell_Carcinoma,urinary,13,2.0,76.0,Male,STAGE III, 
TCGA-BP-4968,Kidney_Renal_Clear_Cell_Carcinoma,urinary,6,1.0,40.0,Male,STAGE I,EUR
TCGA-BP-4970,Kidney_Renal_Clear_Cell_Carcinoma,urinary,5,0.0,44.0,Male,STAGE III,EAS_ADMIX
TCGA-BP-4971,Kidney_Renal_Clear_Cell_Carcinoma,urinary,6,1.0,40.0,Male,STAGE III,EUR
TCGA-BP-4972,Kidney_Renal_Clear_Cell_Carcinoma,urinary,4,0.0,43.0,Female,STAGE III,EUR
TCGA-BP-4973,Kidney_Renal_Clear_Cell_Carcinoma,urinary,6,0.0,47.0,Male,STAGE III,EUR_ADMIX
TCGA-BP-4974,Kidney_Renal_Clear_Cell_Carcinoma,urinary,6,0.0,58.0,Male,STAGE IV,SAS_ADMIX
TCGA-BP-4975,Kidney_Renal_Clear_Cell_Carcinoma,urinary,4,2.0,40.0,Male,STAGE I,EUR
TCGA-BP-4977,Kidney_Renal_Clear_Cell_Carcinoma,urinary,3,1.0,57.0,Male,STAGE I,EUR
TCGA-BP-4981,Kidney_Renal_Clear_Cell_Carcinoma,urinary,4,2.0,75.0,Female,STAGE III,EUR
TCGA-BP-4982,Kidney_Renal_Clear_Cell_Carcinoma,urinary,4,2.0,42.0,Male,STAGE I,EUR
TCGA-BP-4983,Kidney_Renal_Clear_Cell_Carcinoma,urinary,13,2.0,67.0,Female,STAGE III,EAS
TCGA-BP-4985,Kidney_Renal_Clear_Cell_Carcinoma,urinary,10,4.0,72.0,Male,STAGE III,EUR
TCGA-BP-4987,Kidney_Renal_Clear_Cell_Carcinoma,urinary,6,3.0,41.0,Female,STAGE I,EAS
TCGA-BP-4989,Kidney_Renal_Clear_Cell_Carcinoma,urinary,7,2.0,58.0,Male,STAGE III,EUR
TCGA-BP-4991,Kidney_Renal_Clear_Cell_Carcinoma,urinary,9,1.0,54.0,Male,STAGE I,EUR
TCGA-BP-4992,Kidney_Renal_Clear_Cell_Carcinoma,urinary,3,0.0,66.0,Male,STAGE I,EUR
TCGA-BP-4993,Kidney_Renal_Clear_Cell_Carcinoma,urinary,12,2.0,58.0,Male,STAGE I,EUR
TCGA-BP-4994,Kidney_Renal_Clear_Cell_Carcinoma,urinary,5,0.0,54.0,Male,STAGE I,EUR
TCGA-BP-4998,Kidney_Renal_Clear_Cell_Carcinoma,urinary,3,0.0,49.0,Male,STAGE I,EAS
TCGA-BP-4999,Kidney_Renal_Clear_Cell_Carcinoma,urinary,6,1.0,56.0,Male,STAGE I,EUR
TCGA-BP-5000,Kidney_Renal_Clear_Cell_Carcinoma,urinary,7,2.0,40.0,Male,STAGE I,EUR
TCGA-BP-5001,Kidney_Renal_Clear_Cell_Carcinoma,urinary,3,0.0,43.0,Female,STAGE I,EUR
TCGA-BP-5004,Kidney_Renal_Clear_Cell_Carcinoma,urinary,12,0.0,53.0,Male,STAGE I, 
TCGA-BP-5007,Kidney_Renal_Clear_Cell_Carcinoma,urinary,4,0.0,45.0,Male,STAGE II,EUR
TCGA-BP-5008,Kidney_Renal_Clear_Cell_Carcinoma,urinary,7,0.0,46.0,Male,STAGE I,EUR
TCGA-BP-5010,Kidney_Renal_Clear_Cell_Carcinoma,urinary,16,3.0,63.0,Male,STAGE III,EUR
TCGA-BP-5168,Kidney_Renal_Clear_Cell_Carcinoma,urinary,23,2.0,75.0,Male,STAGE I,EUR
TCGA-BP-5169,Kidney_Renal_Clear_Cell_Carcinoma,urinary,7,3.0,70.0,Male,STAGE I,EUR
TCGA-BP-5170,Kidney_Renal_Clear_Cell_Carcinoma,urinary,8,2.0,55.0,Male,STAGE I,EUR
TCGA-BP-5173,Kidney_Renal_Clear_Cell_Carcinoma,urinary,6,0.0,75.0,Male,STAGE I,EUR
TCGA-BP-5174,Kidney_Renal_Clear_Cell_Carcinoma,urinary,7,1.0,45.0,Female,STAGE I,EUR
TCGA-BP-5175,Kidney_Renal_Clear_Cell_Carcinoma,urinary,5,1.0,60.0,Male,STAGE I,EUR
TCGA-BP-5176,Kidney_Renal_Clear_Cell_Carcinoma,urinary,25,3.0,78.0,Female,STAGE I,EUR
TCGA-BP-5177,Kidney_Renal_Clear_Cell_Carcinoma,urinary,11,0.0,46.0,Female,STAGE I,EUR
TCGA-BP-5178,Kidney_Renal_Clear_Cell_Carcinoma,urinary,8,0.0,71.0,Male,STAGE IV,EUR
TCGA-BP-5180,Kidney_Renal_Clear_Cell_Carcinoma,urinary,8,2.0,53.0,Male,STAGE I,EUR
TCGA-BP-5182,Kidney_Renal_Clear_Cell_Carcinoma,urinary,17,2.0,56.0,Male,STAGE I,EUR
TCGA-BP-5183,Kidney_Renal_Clear_Cell_Carcinoma,urinary,16,2.0,57.0,Male,STAGE III, 
TCGA-BP-5184,Kidney_Renal_Clear_Cell_Carcinoma,urinary,4,2.0,54.0,Male,STAGE I,EUR
TCGA-BP-5185,Kidney_Renal_Clear_Cell_Carcinoma,urinary,14,2.0,56.0,Male,STAGE I,EUR
TCGA-BP-5186,Kidney_Renal_Clear_Cell_Carcinoma,urinary,6,0.0,50.0,Female,STAGE I,EUR
TCGA-BP-5187,Kidney_Renal_Clear_Cell_Carcinoma,urinary,6,1.0,54.0,Male,STAGE I,EUR
TCGA-BP-5189,Kidney_Renal_Clear_Cell_Carcinoma,urinary,11,2.0,60.0,Male,STAGE I,EUR
TCGA-BP-5190,Kidney_Renal_Clear_Cell_Carcinoma,urinary,4,1.0,61.0,Male,STAGE I,EUR
TCGA-BP-5191,Kidney_Renal_Clear_Cell_Carcinoma,urinary,8,1.0,79.0,Male,STAGE III,EUR
TCGA-BP-5192,Kidney_Renal_Clear_Cell_Carcinoma,urinary,11,1.0,59.0,Male,STAGE I,EUR
TCGA-BP-5194,Kidney_Renal_Clear_Cell_Carcinoma,urinary,3,1.0,39.0,Male,STAGE I,EUR
TCGA-BP-5195,Kidney_Renal_Clear_Cell_Carcinoma,urinary,11,3.0,75.0,Male,STAGE I,EUR
TCGA-BP-5196,Kidney_Renal_Clear_Cell_Carcinoma,urinary,14,0.0,53.0,Male,STAGE I,EUR
TCGA-BP-5198,Kidney_Renal_Clear_Cell_Carcinoma,urinary,21,3.0,72.0,Male,STAGE III,EUR
TCGA-BP-5200,Kidney_Renal_Clear_Cell_Carcinoma,urinary,3,0.0,44.0,Male,STAGE II,EUR
TCGA-BP-5201,Kidney_Renal_Clear_Cell_Carcinoma,urinary,4,0.0,63.0,Male,STAGE IV,EUR
TCGA-BP-5202,Kidney_Renal_Clear_Cell_Carcinoma,urinary,5,1.0,75.0,Male,STAGE III,EUR
TCGA-CJ-4634,Kidney_Renal_Clear_Cell_Carcinoma,urinary,16,1.0,60.0,Female,STAGE I,EUR
TCGA-CJ-4636,Kidney_Renal_Clear_Cell_Carcinoma,urinary,10,0.0,51.0,Male,STAGE III,EUR
TCGA-CJ-4637,Kidney_Renal_Clear_Cell_Carcinoma,urinary,6,1.0,52.0,Female,STAGE IV, 
TCGA-CJ-4638,Kidney_Renal_Clear_Cell_Carcinoma,urinary,10,1.0,46.0,Female,STAGE IV,EUR
TCGA-CJ-4639,Kidney_Renal_Clear_Cell_Carcinoma,urinary,14,2.0,49.0,Female,STAGE II, 
TCGA-CJ-4640,Kidney_Renal_Clear_Cell_Carcinoma,urinary,5,0.0,49.0,Male,STAGE III, 
TCGA-CJ-4641,Kidney_Renal_Clear_Cell_Carcinoma,urinary,7,1.0,55.0,Female,STAGE IV,EUR
TCGA-CJ-4643,Kidney_Renal_Clear_Cell_Carcinoma,urinary,15,1.0,67.0,Female,STAGE II, 
TCGA-CJ-4644,Kidney_Renal_Clear_Cell_Carcinoma,urinary,9,2.0,48.0,Female,STAGE IV,EUR
TCGA-CJ-4869,Kidney_Renal_Clear_Cell_Carcinoma,urinary,11,1.0,49.0,Male,STAGE III, 
TCGA-CJ-4882,Kidney_Renal_Clear_Cell_Carcinoma,urinary,17,1.0,57.0,Male,STAGE III,AFR
TCGA-CJ-4899,Kidney_Renal_Clear_Cell_Carcinoma,urinary,6,0.0,42.0,Male,STAGE I,EAS
TCGA-CJ-4900,Kidney_Renal_Clear_Cell_Carcinoma,urinary,3,0.0,69.0,Female,STAGE IV,EUR_ADMIX
TCGA-CJ-4901,Kidney_Renal_Clear_Cell_Carcinoma,urinary,7,1.0,47.0,Male,STAGE III,EUR
TCGA-CJ-4902,Kidney_Renal_Clear_Cell_Carcinoma,urinary,7,1.0,61.0,Male,STAGE III,EUR
TCGA-CJ-4903,Kidney_Renal_Clear_Cell_Carcinoma,urinary,8,1.0,50.0,Male,STAGE I,EUR
TCGA-CJ-4904,Kidney_Renal_Clear_Cell_Carcinoma,urinary,8,1.0,60.0,Female,STAGE IV,EUR
TCGA-CJ-4905,Kidney_Renal_Clear_Cell_Carcinoma,urinary,10,1.0,62.0,Female,STAGE I,EUR
TCGA-CJ-4907,Kidney_Renal_Clear_Cell_Carcinoma,urinary,13,1.0,58.0,Male,STAGE III,EUR
TCGA-CJ-4908,Kidney_Renal_Clear_Cell_Carcinoma,urinary,3,2.0,38.0,Male,STAGE I,EUR
TCGA-CJ-4912,Kidney_Renal_Clear_Cell_Carcinoma,urinary,10,2.0,61.0,Male,STAGE II, 
TCGA-CJ-4913,Kidney_Renal_Clear_Cell_Carcinoma,urinary,10,3.0,45.0,Female,STAGE III,EUR
TCGA-CJ-4916,Kidney_Renal_Clear_Cell_Carcinoma,urinary,5,1.0,69.0,Female,STAGE III,EUR
TCGA-CJ-4918,Kidney_Renal_Clear_Cell_Carcinoma,urinary,12,0.0,64.0,Male,STAGE IV,EUR
TCGA-CJ-4920,Kidney_Renal_Clear_Cell_Carcinoma,urinary,30,3.0,64.0,Female,STAGE I,EUR
TCGA-CJ-4923,Kidney_Renal_Clear_Cell_Carcinoma,urinary,14,3.0,63.0,Female,STAGE IV,EUR
TCGA-CJ-5671,Kidney_Renal_Clear_Cell_Carcinoma,urinary,11,1.0,51.0,Male,STAGE I,EUR
TCGA-CJ-5672,Kidney_Renal_Clear_Cell_Carcinoma,urinary,19,1.0,84.0,Male,STAGE I,EUR
TCGA-CJ-5675,Kidney_Renal_Clear_Cell_Carcinoma,urinary,13,1.0,70.0,Male,STAGE II,EUR
TCGA-CJ-5676,Kidney_Renal_Clear_Cell_Carcinoma,urinary,16,4.0,47.0,Male,STAGE III, 
TCGA-CJ-5677,Kidney_Renal_Clear_Cell_Carcinoma,urinary,11,0.0,54.0,Female,STAGE IV,EUR
TCGA-CJ-5678,Kidney_Renal_Clear_Cell_Carcinoma,urinary,13,2.0,62.0,Male,STAGE IV,AFR
TCGA-CJ-5679,Kidney_Renal_Clear_Cell_Carcinoma,urinary,10,1.0,73.0,Male,STAGE III,EUR
TCGA-CJ-5680,Kidney_Renal_Clear_Cell_Carcinoma,urinary,3,2.0,65.0,Female,STAGE IV,EUR
TCGA-CJ-5681,Kidney_Renal_Clear_Cell_Carcinoma,urinary,2,0.0,44.0,Female,STAGE IV,EUR
TCGA-CJ-5682,Kidney_Renal_Clear_Cell_Carcinoma,urinary,15,2.0,60.0,Male,STAGE IV,EUR
TCGA-CJ-5683,Kidney_Renal_Clear_Cell_Carcinoma,urinary,8,2.0,78.0,Male,STAGE I,EUR
TCGA-CJ-5684,Kidney_Renal_Clear_Cell_Carcinoma,urinary,5,1.0,61.0,Male,STAGE III,EUR
TCGA-CJ-5686,Kidney_Renal_Clear_Cell_Carcinoma,urinary,14,2.0,59.0,Female,STAGE I,EUR
TCGA-CJ-5689,Kidney_Renal_Clear_Cell_Carcinoma,urinary,16,1.0,90.0,Male,STAGE I,AMR
TCGA-CJ-6027,Kidney_Renal_Clear_Cell_Carcinoma,urinary,17,1.0,77.0,Male,STAGE I,EUR
TCGA-CJ-6028,Kidney_Renal_Clear_Cell_Carcinoma,urinary,9,0.0,58.0,Male,STAGE IV,EUR
TCGA-CJ-6030,Kidney_Renal_Clear_Cell_Carcinoma,urinary,21,1.0,65.0,Male,STAGE I,EUR
TCGA-CJ-6031,Kidney_Renal_Clear_Cell_Carcinoma,urinary,18,0.0,54.0,Male,STAGE I,EUR_ADMIX
TCGA-CJ-6032,Kidney_Renal_Clear_Cell_Carcinoma,urinary,8,1.0,63.0,Female,STAGE II,EUR
TCGA-CJ-6033,Kidney_Renal_Clear_Cell_Carcinoma,urinary,5,1.0,54.0,Female,STAGE IV,EUR
TCGA-CW-5580,Kidney_Renal_Clear_Cell_Carcinoma,urinary,19,2.0,73.0,Female,STAGE IV,EUR
TCGA-CW-5581,Kidney_Renal_Clear_Cell_Carcinoma,urinary,13,0.0,44.0,Male,STAGE I,EUR
TCGA-CW-5583,Kidney_Renal_Clear_Cell_Carcinoma,urinary,4,1.0,51.0,Female,STAGE I,EUR
TCGA-CW-5585,Kidney_Renal_Clear_Cell_Carcinoma,urinary,7,0.0,51.0,Male,STAGE IV,EUR
TCGA-CW-5587,Kidney_Renal_Clear_Cell_Carcinoma,urinary,13,1.0,62.0,Female,STAGE III,EUR
TCGA-CW-5591,Kidney_Renal_Clear_Cell_Carcinoma,urinary,3,1.0,56.0,Male,STAGE IV,EUR
TCGA-CW-6087,Kidney_Renal_Clear_Cell_Carcinoma,urinary,7,1.0,61.0,Male,STAGE IV,EUR
TCGA-CW-6090,Kidney_Renal_Clear_Cell_Carcinoma,urinary,17,1.0,68.0,Male,STAGE I,EUR
TCGA-CW-6093,Kidney_Renal_Clear_Cell_Carcinoma,urinary,17,2.0,73.0,Male,STAGE I,EUR
TCGA-CW-6097,Kidney_Renal_Clear_Cell_Carcinoma,urinary,3,2.0,32.0,Male,STAGE III,EUR
TCGA-CZ-4853,Kidney_Renal_Clear_Cell_Carcinoma,urinary,18,1.0,82.0,Male,STAGE I,EUR
TCGA-CZ-4856,Kidney_Renal_Clear_Cell_Carcinoma,urinary,12,0.0,62.0,Female,STAGE I,EUR
TCGA-CZ-4859,Kidney_Renal_Clear_Cell_Carcinoma,urinary,23,3.0,59.0,Female,STAGE I,EUR
TCGA-CZ-4863,Kidney_Renal_Clear_Cell_Carcinoma,urinary,9,1.0,51.0,Female,STAGE III,EUR
TCGA-CZ-4864,Kidney_Renal_Clear_Cell_Carcinoma,urinary,6,0.0,86.0,Male,STAGE II,EUR
TCGA-CZ-4866,Kidney_Renal_Clear_Cell_Carcinoma,urinary,8,0.0,79.0,Female,STAGE I,EUR
TCGA-CZ-5451,Kidney_Renal_Clear_Cell_Carcinoma,urinary,18,2.0,74.0,Male,STAGE II,EUR
TCGA-CZ-5452,Kidney_Renal_Clear_Cell_Carcinoma,urinary,8,1.0,69.0,Male,STAGE II,EUR
TCGA-CZ-5453,Kidney_Renal_Clear_Cell_Carcinoma,urinary,14,2.0,67.0,Male,STAGE II,EUR
TCGA-CZ-5454,Kidney_Renal_Clear_Cell_Carcinoma,urinary,3,2.0,63.0,Male,STAGE IV,EUR
TCGA-CZ-5455,Kidney_Renal_Clear_Cell_Carcinoma,urinary,3,1.0,63.0,Male,STAGE IV,EUR
TCGA-CZ-5456,Kidney_Renal_Clear_Cell_Carcinoma,urinary,13,3.0,57.0,Male,STAGE II,EUR
TCGA-CZ-5457,Kidney_Renal_Clear_Cell_Carcinoma,urinary,10,0.0,62.0,Male,STAGE III,EUR
TCGA-CZ-5458,Kidney_Renal_Clear_Cell_Carcinoma,urinary,3,0.0,43.0,Male,STAGE III,EUR
TCGA-CZ-5459,Kidney_Renal_Clear_Cell_Carcinoma,urinary,14,1.0,63.0,Male,STAGE III,EUR
TCGA-CZ-5460,Kidney_Renal_Clear_Cell_Carcinoma,urinary,8,4.0,55.0,Male,STAGE IV,EUR
TCGA-CZ-5461,Kidney_Renal_Clear_Cell_Carcinoma,urinary,12,1.0,52.0,Male,STAGE IV,EUR_ADMIX
TCGA-CZ-5462,Kidney_Renal_Clear_Cell_Carcinoma,urinary,13,0.0,83.0,Male,STAGE IV,EUR
TCGA-CZ-5463,Kidney_Renal_Clear_Cell_Carcinoma,urinary,8,0.0,76.0,Male,STAGE II,EUR
TCGA-CZ-5465,Kidney_Renal_Clear_Cell_Carcinoma,urinary,26,3.0,76.0,Female,STAGE III,EUR
TCGA-CZ-5466,Kidney_Renal_Clear_Cell_Carcinoma,urinary,13,2.0,67.0,Male,STAGE III,EUR
TCGA-CZ-5467,Kidney_Renal_Clear_Cell_Carcinoma,urinary,9,1.0,86.0,Female,STAGE III,EUR
TCGA-CZ-5468,Kidney_Renal_Clear_Cell_Carcinoma,urinary,11,0.0,84.0,Male,STAGE IV,EUR
TCGA-CZ-5469,Kidney_Renal_Clear_Cell_Carcinoma,urinary,4,1.0,41.0,Male,STAGE II,EUR
TCGA-CZ-5470,Kidney_Renal_Clear_Cell_Carcinoma,urinary,13,2.0,72.0,Female,STAGE II,EUR
TCGA-CZ-5982,Kidney_Renal_Clear_Cell_Carcinoma,urinary,7,2.0,59.0,Female,STAGE I,EUR
TCGA-CZ-5984,Kidney_Renal_Clear_Cell_Carcinoma,urinary,8,1.0,51.0,Male,STAGE I,EUR
TCGA-CZ-5985,Kidney_Renal_Clear_Cell_Carcinoma,urinary,12,2.0,58.0,Male,STAGE II,EUR
TCGA-CZ-5986,Kidney_Renal_Clear_Cell_Carcinoma,urinary,10,4.0,61.0,Male,STAGE I,EUR
TCGA-CZ-5987,Kidney_Renal_Clear_Cell_Carcinoma,urinary,5,1.0,60.0,Male,STAGE IV,EUR
TCGA-CZ-5988,Kidney_Renal_Clear_Cell_Carcinoma,urinary,5,0.0,38.0,Male,STAGE I,EUR
TCGA-CZ-5989,Kidney_Renal_Clear_Cell_Carcinoma,urinary,8,3.0,60.0,Male,STAGE II,EUR
TCGA-DV-5565,Kidney_Renal_Clear_Cell_Carcinoma,urinary,7,0.0,59.0,Male,STAGE I,EUR
TCGA-DV-5566,Kidney_Renal_Clear_Cell_Carcinoma,urinary,6,1.0,67.0,Female,STAGE I,EUR
TCGA-DV-5567,Kidney_Renal_Clear_Cell_Carcinoma,urinary,2,1.0,40.0,Female,STAGE I,AFR
TCGA-DV-A4VX,Kidney_Renal_Clear_Cell_Carcinoma,urinary,17,2.0,59.0,Male,STAGE IV,AFR_ADMIX
TCGA-DV-A4VZ,Kidney_Renal_Clear_Cell_Carcinoma,urinary,1,0.0,53.0,Male,STAGE I,AFR_ADMIX
TCGA-DV-A4W0,Kidney_Renal_Clear_Cell_Carcinoma,urinary,12,2.0,55.0,Male,STAGE I,AFR
TCGA-EU-5904,Kidney_Renal_Clear_Cell_Carcinoma,urinary,7,0.0,47.0,Female,STAGE I,EUR
TCGA-EU-5905,Kidney_Renal_Clear_Cell_Carcinoma,urinary,10,1.0,67.0,Female,STAGE I, 
TCGA-EU-5906,Kidney_Renal_Clear_Cell_Carcinoma,urinary,12,2.0,55.0,Male,STAGE I, 
TCGA-EU-5907,Kidney_Renal_Clear_Cell_Carcinoma,urinary,10,2.0,81.0,Male,STAGE III,EUR
TCGA-G6-A5PC,Kidney_Renal_Clear_Cell_Carcinoma,urinary,13,2.0,54.0,Female,STAGE IV,AFR
TCGA-G6-A8L6,Kidney_Renal_Clear_Cell_Carcinoma,urinary,15,3.0,55.0,Male,STAGE IV,AFR
TCGA-G6-A8L7,Kidney_Renal_Clear_Cell_Carcinoma,urinary,15,1.0,81.0,Female,STAGE I,AFR_ADMIX
TCGA-G6-A8L8,Kidney_Renal_Clear_Cell_Carcinoma,urinary,14,2.0,62.0,Female,STAGE I,AFR
TCGA-GK-A6C7,Kidney_Renal_Clear_Cell_Carcinoma,urinary,19,1.0,76.0,Female,STAGE I,AFR_ADMIX
TCGA-MM-A563,Kidney_Renal_Clear_Cell_Carcinoma,urinary,7,0.0,41.0,Male,STAGE I,AFR_ADMIX
TCGA-MM-A564,Kidney_Renal_Clear_Cell_Carcinoma,urinary,19,3.0,68.0,Male,STAGE II,AFR_ADMIX
TCGA-MM-A84U,Kidney_Renal_Clear_Cell_Carcinoma,urinary,13,0.0,58.0,Female,STAGE I,AFR_ADMIX
TCGA-MW-A4EC,Kidney_Renal_Clear_Cell_Carcinoma,urinary,4,1.0,72.0,Female,STAGE I,AFR_ADMIX
TCGA-T7-A92I,Kidney_Renal_Clear_Cell_Carcinoma,urinary,4,0.0,47.0,Female,STAGE I,AFR
TCGA-2K-A9WE,Kidney_Renal_Papillary_Cell_Carcinoma,urinary,7,0.0,53.0,Male,STAGE II,EUR
TCGA-2Z-A9J1,Kidney_Renal_Papillary_Cell_Carcinoma,urinary,16,2.0,71.0,Male,STAGE I,EUR
TCGA-2Z-A9J2,Kidney_Renal_Papillary_Cell_Carcinoma,urinary,14,1.0,71.0,Female,STAGE I,EUR
TCGA-2Z-A9J3,Kidney_Renal_Papillary_Cell_Carcinoma,urinary,21,0.0,67.0,Male,STAGE II,EUR
TCGA-2Z-A9J5,Kidney_Renal_Papillary_Cell_Carcinoma,urinary,20,3.0,80.0,Male,STAGE II,EUR
TCGA-2Z-A9J6,Kidney_Renal_Papillary_Cell_Carcinoma,urinary,4,0.0,60.0,Male,STAGE I,EUR
TCGA-2Z-A9J7,Kidney_Renal_Papillary_Cell_Carcinoma,urinary,5,1.0,63.0,Male,STAGE IV,AFR_ADMIX
TCGA-2Z-A9J8,Kidney_Renal_Papillary_Cell_Carcinoma,urinary,8,3.0,50.0,Male,STAGE I,EUR
TCGA-2Z-A9JD,Kidney_Renal_Papillary_Cell_Carcinoma,urinary,20,2.0,66.0,Male,STAGE I,EUR
TCGA-2Z-A9JE,Kidney_Renal_Papillary_Cell_Carcinoma,urinary,24,0.0,59.0,Male,STAGE I,EUR
TCGA-2Z-A9JG,Kidney_Renal_Papillary_Cell_Carcinoma,urinary,17,0.0,64.0,Male,STAGE I,EUR
TCGA-2Z-A9JI,Kidney_Renal_Papillary_Cell_Carcinoma,urinary,2,1.0,38.0,Male,STAGE III,EUR
TCGA-2Z-A9JJ,Kidney_Renal_Papillary_Cell_Carcinoma,urinary,2,0.0,69.0,Female,STAGE I,EUR
TCGA-2Z-A9JK,Kidney_Renal_Papillary_Cell_Carcinoma,urinary,12,1.0,50.0,Male,STAGE III,EUR
TCGA-2Z-A9JL,Kidney_Renal_Papillary_Cell_Carcinoma,urinary,6,0.0,47.0,Male,STAGE I,AFR
TCGA-2Z-A9JM,Kidney_Renal_Papillary_Cell_Carcinoma,urinary,6,0.0,28.0,Male,STAGE I,EUR
TCGA-2Z-A9JN,Kidney_Renal_Papillary_Cell_Carcinoma,urinary,4,0.0,50.0,Female,STAGE I,AFR
TCGA-2Z-A9JO,Kidney_Renal_Papillary_Cell_Carcinoma,urinary,5,0.0,56.0,Female,STAGE I,AFR
TCGA-2Z-A9JP,Kidney_Renal_Papillary_Cell_Carcinoma,urinary,12,0.0,63.0,Male,STAGE I,EUR
TCGA-2Z-A9JQ,Kidney_Renal_Papillary_Cell_Carcinoma,urinary,20,1.0,66.0,Male,STAGE I,EUR
TCGA-2Z-A9JR,Kidney_Renal_Papillary_Cell_Carcinoma,urinary,13,0.0,57.0,Male,STAGE I,EUR
TCGA-2Z-A9JS,Kidney_Renal_Papillary_Cell_Carcinoma,urinary,17,0.0,74.0,Male,STAGE I,EUR
TCGA-2Z-A9JT,Kidney_Renal_Papillary_Cell_Carcinoma,urinary,15,0.0,71.0,Male,STAGE I,EUR
TCGA-4A-A93W,Kidney_Renal_Papillary_Cell_Carcinoma,urinary,18,0.0,66.0,Female,STAGE I,EUR
TCGA-4A-A93X,Kidney_Renal_Papillary_Cell_Carcinoma,urinary,16,3.0,58.0,Male,STAGE IV,EUR
TCGA-4A-A93Y,Kidney_Renal_Papillary_Cell_Carcinoma,urinary,4,0.0,63.0,Female,STAGE II,AFR
TCGA-5P-A9JU,Kidney_Renal_Papillary_Cell_Carcinoma,urinary,24,2.0,81.0,Male,STAGE III,EUR
TCGA-5P-A9JV,Kidney_Renal_Papillary_Cell_Carcinoma,urinary,5,0.0,49.0,Male,,EUR
TCGA-5P-A9JW,Kidney_Renal_Papillary_Cell_Carcinoma,urinary,18,0.0,64.0,Male,,EUR
TCGA-5P-A9JY,Kidney_Renal_Papillary_Cell_Carcinoma,urinary,27,0.0,79.0,Male,,EUR
TCGA-5P-A9JZ,Kidney_Renal_Papillary_Cell_Carcinoma,urinary,8,0.0,51.0,Female,,EUR
TCGA-5P-A9K0,Kidney_Renal_Papillary_Cell_Carcinoma,urinary,16,1.0,75.0,Male,,EUR
TCGA-5P-A9K2,Kidney_Renal_Papillary_Cell_Carcinoma,urinary,10,0.0,62.0,Male,,EUR
TCGA-5P-A9K3,Kidney_Renal_Papillary_Cell_Carcinoma,urinary,11,2.0,59.0,Male,,EUR
TCGA-5P-A9K6,Kidney_Renal_Papillary_Cell_Carcinoma,urinary,7,0.0,64.0,Male,,EUR
TCGA-5P-A9K8,Kidney_Renal_Papillary_Cell_Carcinoma,urinary,3,0.0,51.0,Female,,EUR
TCGA-5P-A9KA,Kidney_Renal_Papillary_Cell_Carcinoma,urinary,11,1.0,61.0,Male,,EUR
TCGA-5P-A9KC,Kidney_Renal_Papillary_Cell_Carcinoma,urinary,13,0.0,51.0,Female,,EUR
TCGA-5P-A9KE,Kidney_Renal_Papillary_Cell_Carcinoma,urinary,10,1.0,70.0,Male,,EUR
TCGA-5P-A9KH,Kidney_Renal_Papillary_Cell_Carcinoma,urinary,5,1.0,77.0,Male,,EUR
TCGA-A4-7286,Kidney_Renal_Papillary_Cell_Carcinoma,urinary,5,0.0,42.0,Male,,EUR
TCGA-A4-7287,Kidney_Renal_Papillary_Cell_Carcinoma,urinary,4,1.0,75.0,Female,STAGE I,EUR
TCGA-A4-7288,Kidney_Renal_Papillary_Cell_Carcinoma,urinary,11,0.0,71.0,Female,,EUR
TCGA-A4-7583,Kidney_Renal_Papillary_Cell_Carcinoma,urinary,9,0.0,60.0,Male,STAGE I,AFR
TCGA-A4-7584,Kidney_Renal_Papillary_Cell_Carcinoma,urinary,12,1.0,59.0,Male,STAGE I,AFR
TCGA-A4-7585,Kidney_Renal_Papillary_Cell_Carcinoma,urinary,19,0.0,67.0,Male,STAGE III,EUR
TCGA-A4-7732,Kidney_Renal_Papillary_Cell_Carcinoma,urinary,8,0.0,55.0,Male,,AFR
TCGA-A4-7734,Kidney_Renal_Papillary_Cell_Carcinoma,urinary,8,0.0,53.0,Female,STAGE I,EUR
TCGA-A4-7828,Kidney_Renal_Papillary_Cell_Carcinoma,urinary,8,0.0,74.0,Female,STAGE I,AFR_ADMIX
TCGA-A4-7915,Kidney_Renal_Papillary_Cell_Carcinoma,urinary,3,1.0,35.0,Female,STAGE II,AFR
TCGA-A4-7996,Kidney_Renal_Papillary_Cell_Carcinoma,urinary,19,1.0,61.0,Female,STAGE I,EUR
TCGA-A4-7997,Kidney_Renal_Papillary_Cell_Carcinoma,urinary,5,0.0,67.0,Male,STAGE I,EUR
TCGA-A4-8098,Kidney_Renal_Papillary_Cell_Carcinoma,urinary,16,2.0,73.0,Male,STAGE I,AFR_ADMIX
TCGA-A4-8310,Kidney_Renal_Papillary_Cell_Carcinoma,urinary,7,0.0,58.0,Male,STAGE III,EUR
TCGA-A4-8311,Kidney_Renal_Papillary_Cell_Carcinoma,urinary,6,0.0,60.0,Male,STAGE I,EUR
TCGA-A4-8312,Kidney_Renal_Papillary_Cell_Carcinoma,urinary,1,0.0,60.0,Male,STAGE I,AFR_ADMIX
TCGA-A4-8515,Kidney_Renal_Papillary_Cell_Carcinoma,urinary,15,2.0,47.0,Male,STAGE I, 
TCGA-A4-8517,Kidney_Renal_Papillary_Cell_Carcinoma,urinary,15,1.0,71.0,Male,STAGE I,EUR
TCGA-A4-8630,Kidney_Renal_Papillary_Cell_Carcinoma,urinary,6,0.0,59.0,Female,STAGE I,EUR
TCGA-A4-A48D,Kidney_Renal_Papillary_Cell_Carcinoma,urinary,22,1.0,84.0,Male,STAGE I,AFR
TCGA-A4-A4ZT,Kidney_Renal_Papillary_Cell_Carcinoma,urinary,4,0.0,71.0,Female,STAGE I,EUR
TCGA-A4-A57E,Kidney_Renal_Papillary_Cell_Carcinoma,urinary,10,0.0,59.0,Male,STAGE IV,EUR
TCGA-A4-A5DU,Kidney_Renal_Papillary_Cell_Carcinoma,urinary,3,0.0,45.0,Female,STAGE I,EUR
TCGA-A4-A5XZ,Kidney_Renal_Papillary_Cell_Carcinoma,urinary,5,0.0,65.0,Female,STAGE II,EUR
TCGA-A4-A5Y0,Kidney_Renal_Papillary_Cell_Carcinoma,urinary,9,0.0,61.0,Female,STAGE I,EUR
TCGA-A4-A5Y1,Kidney_Renal_Papillary_Cell_Carcinoma,urinary,13,2.0,75.0,Male,STAGE III,EUR
TCGA-A4-A6HP,Kidney_Renal_Papillary_Cell_Carcinoma,urinary,10,0.0,66.0,Male,STAGE I,EUR
TCGA-A4-A772,Kidney_Renal_Papillary_Cell_Carcinoma,urinary,7,0.0,39.0,Male,STAGE I, 
TCGA-A4-A7UZ,Kidney_Renal_Papillary_Cell_Carcinoma,urinary,17,0.0,71.0,Male,STAGE III,EUR
TCGA-AL-3466,Kidney_Renal_Papillary_Cell_Carcinoma,urinary,7,0.0,41.0,Male,STAGE IV,EUR
TCGA-AL-3467,Kidney_Renal_Papillary_Cell_Carcinoma,urinary,1,0.0,54.0,Female,,EUR
TCGA-AL-3472,Kidney_Renal_Papillary_Cell_Carcinoma,urinary,7,0.0,57.0,Male,,AFR_ADMIX
TCGA-AL-3473,Kidney_Renal_Papillary_Cell_Carcinoma,urinary,10,2.0,55.0,Male,STAGE II,EUR
TCGA-AL-7173,Kidney_Renal_Papillary_Cell_Carcinoma,urinary,7,1.0,72.0,Female,STAGE IV,EUR
TCGA-AT-A5NU,Kidney_Renal_Papillary_Cell_Carcinoma,urinary,14,0.0,77.0,Male,STAGE I,EUR
TCGA-B1-5398,Kidney_Renal_Papillary_Cell_Carcinoma,urinary,20,1.0,73.0,Male,STAGE III,EUR
TCGA-B1-7332,Kidney_Renal_Papillary_Cell_Carcinoma,urinary,7,0.0,60.0,Female,STAGE II,AFR_ADMIX
TCGA-B1-A47M,Kidney_Renal_Papillary_Cell_Carcinoma,urinary,21,0.0,79.0,Male,STAGE III,AFR
TCGA-B1-A47N,Kidney_Renal_Papillary_Cell_Carcinoma,urinary,3,0.0,62.0,Male,STAGE I,EUR
TCGA-B1-A654,Kidney_Renal_Papillary_Cell_Carcinoma,urinary,11,0.0,43.0,Female,STAGE I,AFR_ADMIX
TCGA-B1-A655,Kidney_Renal_Papillary_Cell_Carcinoma,urinary,18,1.0,77.0,Female,STAGE I,EUR
TCGA-B1-A656,Kidney_Renal_Papillary_Cell_Carcinoma,urinary,18,2.0,64.0,Male,STAGE I,EUR
TCGA-B1-A657,Kidney_Renal_Papillary_Cell_Carcinoma,urinary,10,1.0,54.0,Male,STAGE I,EUR
TCGA-B3-3925,Kidney_Renal_Papillary_Cell_Carcinoma,urinary,15,0.0,52.0,Male,STAGE III,EUR
TCGA-B3-3926,Kidney_Renal_Papillary_Cell_Carcinoma,urinary,1,0.0,59.0,Female,STAGE I,EUR
TCGA-B3-4103,Kidney_Renal_Papillary_Cell_Carcinoma,urinary,7,1.0,56.0,Male,STAGE I,EUR
TCGA-B3-4104,Kidney_Renal_Papillary_Cell_Carcinoma,urinary,11,5.0,75.0,Male,STAGE II,EUR
TCGA-B3-8121,Kidney_Renal_Papillary_Cell_Carcinoma,urinary,11,0.0,48.0,Female,STAGE I,AFR_ADMIX
TCGA-B3-A6W5,Kidney_Renal_Papillary_Cell_Carcinoma,urinary,2,0.0,43.0,Male,STAGE I,AFR
TCGA-B9-4113,Kidney_Renal_Papillary_Cell_Carcinoma,urinary,14,0.0,64.0,Male,STAGE I,AFR
TCGA-B9-4114,Kidney_Renal_Papillary_Cell_Carcinoma,urinary,12,0.0,49.0,Male,,AFR
TCGA-B9-4115,Kidney_Renal_Papillary_Cell_Carcinoma,urinary,11,0.0,53.0,Male,STAGE I,AFR
TCGA-B9-4116,Kidney_Renal_Papillary_Cell_Carcinoma,urinary,18,0.0,75.0,Female,,AFR
TCGA-B9-4117,Kidney_Renal_Papillary_Cell_Carcinoma,urinary,5,0.0,48.0,Female,,AFR
TCGA-B9-4617,Kidney_Renal_Papillary_Cell_Carcinoma,urinary,7,0.0,41.0,Male,,AFR
TCGA-B9-5155,Kidney_Renal_Papillary_Cell_Carcinoma,urinary,17,1.0,71.0,Male,STAGE III,EUR
TCGA-B9-5156,Kidney_Renal_Papillary_Cell_Carcinoma,urinary,10,0.0,51.0,Male,,EUR
TCGA-B9-7268,Kidney_Renal_Papillary_Cell_Carcinoma,urinary,5,0.0,59.0,Male,STAGE II,EUR
TCGA-B9-A44B,Kidney_Renal_Papillary_Cell_Carcinoma,urinary,27,2.0,70.0,Male,STAGE III,AFR
TCGA-B9-A5W7,Kidney_Renal_Papillary_Cell_Carcinoma,urinary,3,0.0,47.0,Male,STAGE I,AFR
TCGA-B9-A5W8,Kidney_Renal_Papillary_Cell_Carcinoma,urinary,12,1.0,50.0,Male,STAGE II,AFR
TCGA-B9-A5W9,Kidney_Renal_Papillary_Cell_Carcinoma,urinary,7,0.0,40.0,Male,STAGE I,AFR_ADMIX
TCGA-B9-A69E,Kidney_Renal_Papillary_Cell_Carcinoma,urinary,12,0.0,71.0,Male,STAGE III,EUR
TCGA-B9-A8YH,Kidney_Renal_Papillary_Cell_Carcinoma,urinary,14,0.0,52.0,Male,STAGE I,AFR
TCGA-B9-A8YI,Kidney_Renal_Papillary_Cell_Carcinoma,urinary,22,2.0,79.0,Male,STAGE I,AFR
TCGA-BQ-5875,Kidney_Renal_Papillary_Cell_Carcinoma,urinary,14,3.0,66.0,Female,STAGE III,EUR
TCGA-BQ-5876,Kidney_Renal_Papillary_Cell_Carcinoma,urinary,8,1.0,75.0,Male,STAGE I,EUR
TCGA-BQ-5877,Kidney_Renal_Papillary_Cell_Carcinoma,urinary,20,3.0,60.0,Male,STAGE IV,AFR
TCGA-BQ-5878,Kidney_Renal_Papillary_Cell_Carcinoma,urinary,11,2.0,79.0,Female,STAGE III,EUR
TCGA-BQ-5879,Kidney_Renal_Papillary_Cell_Carcinoma,urinary,2,0.0,32.0,Female,STAGE III,EUR
TCGA-BQ-5880,Kidney_Renal_Papillary_Cell_Carcinoma,urinary,12,1.0,79.0,Male,STAGE III,EUR
TCGA-BQ-5881,Kidney_Renal_Papillary_Cell_Carcinoma,urinary,2,0.0,69.0,Male,STAGE I,EUR
TCGA-BQ-5882,Kidney_Renal_Papillary_Cell_Carcinoma,urinary,8,0.0,54.0,Male,STAGE III, 
TCGA-BQ-5883,Kidney_Renal_Papillary_Cell_Carcinoma,urinary,3,0.0,79.0,Female,STAGE I,AFR
TCGA-BQ-5884,Kidney_Renal_Papillary_Cell_Carcinoma,urinary,8,1.0,59.0,Female,STAGE I,AFR
TCGA-BQ-5885,Kidney_Renal_Papillary_Cell_Carcinoma,urinary,14,2.0,63.0,Male,STAGE III,EUR
TCGA-BQ-5886,Kidney_Renal_Papillary_Cell_Carcinoma,urinary,5,1.0,75.0,Male,STAGE III,EUR
TCGA-BQ-5887,Kidney_Renal_Papillary_Cell_Carcinoma,urinary,1,0.0,54.0,Male,STAGE III,EUR
TCGA-BQ-5888,Kidney_Renal_Papillary_Cell_Carcinoma,urinary,2,0.0,74.0,Female,STAGE I,EUR
TCGA-BQ-5889,Kidney_Renal_Papillary_Cell_Carcinoma,urinary,7,0.0,63.0,Male,STAGE IV,EUR
TCGA-BQ-5890,Kidney_Renal_Papillary_Cell_Carcinoma,urinary,6,1.0,69.0,Male,STAGE III,EUR
TCGA-BQ-5891,Kidney_Renal_Papillary_Cell_Carcinoma,urinary,2,1.0,57.0,Female,STAGE III,EUR
TCGA-BQ-5892,Kidney_Renal_Papillary_Cell_Carcinoma,urinary,16,1.0,51.0,Male,STAGE I,EUR
TCGA-BQ-5893,Kidney_Renal_Papillary_Cell_Carcinoma,urinary,3,0.0,61.0,Male,STAGE IV,EUR
TCGA-BQ-5894,Kidney_Renal_Papillary_Cell_Carcinoma,urinary,2,0.0,42.0,Male,STAGE IV, 
TCGA-BQ-7044,Kidney_Renal_Papillary_Cell_Carcinoma,urinary,11,2.0,73.0,Male,STAGE III,EUR
TCGA-BQ-7045,Kidney_Renal_Papillary_Cell_Carcinoma,urinary,14,0.0,78.0,Male,STAGE I,AFR_ADMIX
TCGA-BQ-7046,Kidney_Renal_Papillary_Cell_Carcinoma,urinary,9,0.0,61.0,Male,STAGE I,EUR
TCGA-BQ-7048,Kidney_Renal_Papillary_Cell_Carcinoma,urinary,11,0.0,64.0,Male,STAGE III,EUR
TCGA-BQ-7050,Kidney_Renal_Papillary_Cell_Carcinoma,urinary,3,0.0,53.0,Female,STAGE I, 
TCGA-BQ-7051,Kidney_Renal_Papillary_Cell_Carcinoma,urinary,15,2.0,74.0,Male,STAGE II,EUR
TCGA-BQ-7053,Kidney_Renal_Papillary_Cell_Carcinoma,urinary,12,1.0,57.0,Female,STAGE III,AFR
TCGA-BQ-7055,Kidney_Renal_Papillary_Cell_Carcinoma,urinary,1,0.0,73.0,Male,STAGE I,EUR
TCGA-BQ-7058,Kidney_Renal_Papillary_Cell_Carcinoma,urinary,11,1.0,81.0,Male,STAGE III,EUR
TCGA-BQ-7059,Kidney_Renal_Papillary_Cell_Carcinoma,urinary,13,1.0,71.0,Male,STAGE I,EUR
TCGA-BQ-7060,Kidney_Renal_Papillary_Cell_Carcinoma,urinary,7,2.0,53.0,Male,STAGE I,SAS
TCGA-BQ-7061,Kidney_Renal_Papillary_Cell_Carcinoma,urinary,10,2.0,83.0,Female,STAGE I,EUR
TCGA-BQ-7062,Kidney_Renal_Papillary_Cell_Carcinoma,urinary,7,0.0,64.0,Male,STAGE I,AFR
TCGA-DW-5560,Kidney_Renal_Papillary_Cell_Carcinoma,urinary,6,0.0,38.0,Female,STAGE I,EUR
TCGA-DW-5561,Kidney_Renal_Papillary_Cell_Carcinoma,urinary,8,0.0,51.0,Male,STAGE I,AFR
TCGA-DW-7834,Kidney_Renal_Papillary_Cell_Carcinoma,urinary,4,1.0,53.0,Male,STAGE I,EUR
TCGA-DW-7836,Kidney_Renal_Papillary_Cell_Carcinoma,urinary,7,0.0,55.0,Male,STAGE I,EUR
TCGA-DW-7837,Kidney_Renal_Papillary_Cell_Carcinoma,urinary,3,0.0,43.0,Male,STAGE I,AFR_ADMIX
TCGA-DW-7838,Kidney_Renal_Papillary_Cell_Carcinoma,urinary,11,0.0,66.0,Male,STAGE I,EUR
TCGA-DW-7839,Kidney_Renal_Papillary_Cell_Carcinoma,urinary,8,0.0,58.0,Female,STAGE I,EUR
TCGA-DW-7840,Kidney_Renal_Papillary_Cell_Carcinoma,urinary,12,1.0,60.0,Male,STAGE I,AFR
TCGA-DW-7841,Kidney_Renal_Papillary_Cell_Carcinoma,urinary,11,1.0,61.0,Male,STAGE I,AFR_ADMIX
TCGA-DW-7842,Kidney_Renal_Papillary_Cell_Carcinoma,urinary,1,0.0,52.0,Male,STAGE I,EUR
TCGA-DW-7963,Kidney_Renal_Papillary_Cell_Carcinoma,urinary,2,0.0,43.0,Male,STAGE I,AFR_ADMIX
TCGA-DZ-6131,Kidney_Renal_Papillary_Cell_Carcinoma,urinary,3,0.0,31.0,Male,STAGE III,EUR
TCGA-DZ-6132,Kidney_Renal_Papillary_Cell_Carcinoma,urinary,23,0.0,69.0,Male,STAGE I,EUR
TCGA-DZ-6133,Kidney_Renal_Papillary_Cell_Carcinoma,urinary,11,1.0,66.0,Female,STAGE I,EUR
TCGA-DZ-6134,Kidney_Renal_Papillary_Cell_Carcinoma,urinary,3,0.0,69.0,Male,STAGE I,EUR
TCGA-DZ-6135,Kidney_Renal_Papillary_Cell_Carcinoma,urinary,4,0.0,45.0,Male,STAGE I,EUR_ADMIX
TCGA-EV-5901,Kidney_Renal_Papillary_Cell_Carcinoma,urinary,4,0.0,47.0,Female,STAGE I,EUR
TCGA-EV-5902,Kidney_Renal_Papillary_Cell_Carcinoma,urinary,15,1.0,58.0,Male,STAGE I,EUR
TCGA-EV-5903,Kidney_Renal_Papillary_Cell_Carcinoma,urinary,15,0.0,57.0,Male,STAGE I,EUR
TCGA-F9-A4JJ,Kidney_Renal_Papillary_Cell_Carcinoma,urinary,2,0.0,35.0,Female,STAGE III,AFR_ADMIX
TCGA-F9-A7Q0,Kidney_Renal_Papillary_Cell_Carcinoma,urinary,3,0.0,37.0,Female,STAGE I,EAS
TCGA-F9-A7VF,Kidney_Renal_Papillary_Cell_Carcinoma,urinary,13,0.0,75.0,Female,STAGE I,EUR
TCGA-F9-A8NY,Kidney_Renal_Papillary_Cell_Carcinoma,urinary,8,0.0,38.0,Female,STAGE IV,EAS
TCGA-F9-A97G,Kidney_Renal_Papillary_Cell_Carcinoma,urinary,11,0.0,79.0,Male,STAGE III,EAS
TCGA-G7-6789,Kidney_Renal_Papillary_Cell_Carcinoma,urinary,4,2.0,53.0,Female,STAGE IV,EUR
TCGA-G7-6790,Kidney_Renal_Papillary_Cell_Carcinoma,urinary,11,0.0,57.0,Male,STAGE I,EUR
TCGA-G7-6792,Kidney_Renal_Papillary_Cell_Carcinoma,urinary,5,0.0,40.0,Male,STAGE I,AFR
TCGA-G7-6793,Kidney_Renal_Papillary_Cell_Carcinoma,urinary,3,0.0,60.0,Female,STAGE IV,EUR
TCGA-G7-6795,Kidney_Renal_Papillary_Cell_Carcinoma,urinary,11,0.0,56.0,Male,STAGE I,EUR
TCGA-G7-6796,Kidney_Renal_Papillary_Cell_Carcinoma,urinary,8,1.0,58.0,Male,STAGE I,EUR
TCGA-G7-6797,Kidney_Renal_Papillary_Cell_Carcinoma,urinary,8,0.0,46.0,Male,STAGE III,EUR
TCGA-G7-7501,Kidney_Renal_Papillary_Cell_Carcinoma,urinary,6,0.0,55.0,Female,STAGE III,AFR
TCGA-G7-7502,Kidney_Renal_Papillary_Cell_Carcinoma,urinary,8,0.0,83.0,Male,STAGE I,EUR
TCGA-G7-A4TM,Kidney_Renal_Papillary_Cell_Carcinoma,urinary,6,1.0,40.0,Male,STAGE I,AFR
TCGA-G7-A8LB,Kidney_Renal_Papillary_Cell_Carcinoma,urinary,17,1.0,70.0,Male,STAGE IV,EUR
TCGA-G7-A8LC,Kidney_Renal_Papillary_Cell_Carcinoma,urinary,1,0.0,61.0,Male,STAGE I,EUR
TCGA-G7-A8LD,Kidney_Renal_Papillary_Cell_Carcinoma,urinary,6,2.0,71.0,Male,STAGE III,EUR
TCGA-G7-A8LE,Kidney_Renal_Papillary_Cell_Carcinoma,urinary,13,1.0,62.0,Male,STAGE I,EUR
TCGA-GL-6846,Kidney_Renal_Papillary_Cell_Carcinoma,urinary,9,0.0,52.0,Male,STAGE IV,EUR
TCGA-GL-7773,Kidney_Renal_Papillary_Cell_Carcinoma,urinary,21,0.0,63.0,Male,STAGE I,EUR
TCGA-GL-7966,Kidney_Renal_Papillary_Cell_Carcinoma,urinary,10,2.0,28.0,Female,STAGE III,EUR
TCGA-GL-8500,Kidney_Renal_Papillary_Cell_Carcinoma,urinary,16,1.0,63.0,Male,STAGE I,EUR
TCGA-GL-A4EM,Kidney_Renal_Papillary_Cell_Carcinoma,urinary,19,1.0,61.0,Male,STAGE I,EUR
TCGA-GL-A59R,Kidney_Renal_Papillary_Cell_Carcinoma,urinary,20,2.0,79.0,Male,STAGE III,EUR
TCGA-GL-A59T,Kidney_Renal_Papillary_Cell_Carcinoma,urinary,13,1.0,46.0,Male,STAGE I,EUR
TCGA-GL-A9DC,Kidney_Renal_Papillary_Cell_Carcinoma,urinary,27,0.0,66.0,Female,STAGE I,EUR
TCGA-GL-A9DD,Kidney_Renal_Papillary_Cell_Carcinoma,urinary,21,2.0,69.0,Male,STAGE I,EUR
TCGA-GL-A9DE,Kidney_Renal_Papillary_Cell_Carcinoma,urinary,16,1.0,74.0,Male,STAGE I,AFR
TCGA-HE-A5NF,Kidney_Renal_Papillary_Cell_Carcinoma,urinary,10,0.0,58.0,Male,STAGE I,EUR
TCGA-HE-A5NH,Kidney_Renal_Papillary_Cell_Carcinoma,urinary,9,0.0,62.0,Male,STAGE I,EUR
TCGA-HE-A5NI,Kidney_Renal_Papillary_Cell_Carcinoma,urinary,29,0.0,73.0,Male,STAGE I,EUR
TCGA-HE-A5NJ,Kidney_Renal_Papillary_Cell_Carcinoma,urinary,8,1.0,58.0,Male,,EUR
TCGA-HE-A5NK,Kidney_Renal_Papillary_Cell_Carcinoma,urinary,16,0.0,82.0,Male,,EUR
TCGA-HE-A5NL,Kidney_Renal_Papillary_Cell_Carcinoma,urinary,11,0.0,51.0,Male,STAGE I,EUR
TCGA-IA-A40U,Kidney_Renal_Papillary_Cell_Carcinoma,urinary,6,0.0,56.0,Male,STAGE III,EUR
TCGA-IA-A40X,Kidney_Renal_Papillary_Cell_Carcinoma,urinary,1,0.0,49.0,Female,STAGE I,AFR_ADMIX
TCGA-IA-A40Y,Kidney_Renal_Papillary_Cell_Carcinoma,urinary,4,0.0,60.0,Female,STAGE III,EUR
TCGA-IA-A83S,Kidney_Renal_Papillary_Cell_Carcinoma,urinary,23,1.0,81.0,Male,STAGE II,EUR
TCGA-IA-A83T,Kidney_Renal_Papillary_Cell_Carcinoma,urinary,11,0.0,80.0,Male,STAGE II,EUR
TCGA-IA-A83V,Kidney_Renal_Papillary_Cell_Carcinoma,urinary,7,1.0,63.0,Male,STAGE I,EUR
TCGA-IA-A83W,Kidney_Renal_Papillary_Cell_Carcinoma,urinary,11,1.0,70.0,Male,STAGE I,EUR
TCGA-IZ-8195,Kidney_Renal_Papillary_Cell_Carcinoma,urinary,12,0.0,82.0,Male,STAGE II,EUR
TCGA-IZ-8196,Kidney_Renal_Papillary_Cell_Carcinoma,urinary,13,0.0,50.0,Male,STAGE I,EUR
TCGA-IZ-A6M8,Kidney_Renal_Papillary_Cell_Carcinoma,urinary,14,1.0,69.0,Male,STAGE I,AFR
TCGA-IZ-A6M9,Kidney_Renal_Papillary_Cell_Carcinoma,urinary,17,0.0,63.0,Male,STAGE I,EUR
TCGA-J7-6720,Kidney_Renal_Papillary_Cell_Carcinoma,urinary,10,0.0,42.0,Male,STAGE I,EAS
TCGA-J7-8537,Kidney_Renal_Papillary_Cell_Carcinoma,urinary,4,0.0,37.0,Female,STAGE III,EAS
TCGA-J7-A8I2,Kidney_Renal_Papillary_Cell_Carcinoma,urinary,7,1.0,75.0,Male,STAGE I,EAS
TCGA-KV-A6GD,Kidney_Renal_Papillary_Cell_Carcinoma,urinary,8,1.0,85.0,Male,STAGE I,EUR
TCGA-KV-A6GE,Kidney_Renal_Papillary_Cell_Carcinoma,urinary,5,0.0,65.0,Male,STAGE I,EUR
TCGA-KV-A74V,Kidney_Renal_Papillary_Cell_Carcinoma,urinary,7,0.0,40.0,Male,STAGE I,EUR
TCGA-MH-A55W,Kidney_Renal_Papillary_Cell_Carcinoma,urinary,14,0.0,50.0,Male,STAGE I,AFR
TCGA-MH-A55Z,Kidney_Renal_Papillary_Cell_Carcinoma,urinary,13,1.0,65.0,Male,STAGE I,AFR
TCGA-MH-A560,Kidney_Renal_Papillary_Cell_Carcinoma,urinary,7,1.0,62.0,Male,STAGE I,EUR
TCGA-MH-A561,Kidney_Renal_Papillary_Cell_Carcinoma,urinary,18,1.0,66.0,Male,STAGE I, 
TCGA-MH-A562,Kidney_Renal_Papillary_Cell_Carcinoma,urinary,7,0.0,57.0,Male,STAGE I,AFR_ADMIX
TCGA-MH-A854,Kidney_Renal_Papillary_Cell_Carcinoma,urinary,18,0.0,62.0,Female,STAGE I,AFR
TCGA-MH-A855,Kidney_Renal_Papillary_Cell_Carcinoma,urinary,2,0.0,52.0,Female,STAGE II,AFR_ADMIX
TCGA-MH-A856,Kidney_Renal_Papillary_Cell_Carcinoma,urinary,9,1.0,54.0,Male,STAGE I, 
TCGA-MH-A857,Kidney_Renal_Papillary_Cell_Carcinoma,urinary,5,1.0,63.0,Male,STAGE I,AFR_ADMIX
TCGA-O9-A75Z,Kidney_Renal_Papillary_Cell_Carcinoma,urinary,3,1.0,44.0,Male,STAGE I,EUR
TCGA-P4-A5E6,Kidney_Renal_Papillary_Cell_Carcinoma,urinary,11,1.0,67.0,Male,STAGE III,AFR
TCGA-P4-A5E7,Kidney_Renal_Papillary_Cell_Carcinoma,urinary,19,2.0,74.0,Female,STAGE I,EUR
TCGA-P4-A5E8,Kidney_Renal_Papillary_Cell_Carcinoma,urinary,14,3.0,57.0,Male,STAGE III,EUR
TCGA-P4-A5EA,Kidney_Renal_Papillary_Cell_Carcinoma,urinary,25,5.0,54.0,Female,STAGE III,EUR
TCGA-P4-A5EB,Kidney_Renal_Papillary_Cell_Carcinoma,urinary,27,1.0,83.0,Male,STAGE I,EUR
TCGA-P4-A5ED,Kidney_Renal_Papillary_Cell_Carcinoma,urinary,1,0.0,51.0,Male,STAGE I, 
TCGA-P4-AAVL,Kidney_Renal_Papillary_Cell_Carcinoma,urinary,13,0.0,85.0,Male,STAGE III, 
TCGA-P4-AAVM,Kidney_Renal_Papillary_Cell_Carcinoma,urinary,7,0.0,69.0,Male,STAGE I, 
TCGA-PJ-A5Z8,Kidney_Renal_Papillary_Cell_Carcinoma,urinary,15,1.0,60.0,Female,STAGE I,EUR
TCGA-PJ-A5Z9,Kidney_Renal_Papillary_Cell_Carcinoma,urinary,5,0.0,80.0,Female,STAGE I,EUR
TCGA-Q2-A5QZ,Kidney_Renal_Papillary_Cell_Carcinoma,urinary,11,1.0,61.0,Female,STAGE III,AFR
TCGA-SX-A71R,Kidney_Renal_Papillary_Cell_Carcinoma,urinary,7,0.0,51.0,Male,STAGE I,EUR
TCGA-SX-A71S,Kidney_Renal_Papillary_Cell_Carcinoma,urinary,21,1.0,66.0,Female,STAGE I,EUR
TCGA-SX-A71U,Kidney_Renal_Papillary_Cell_Carcinoma,urinary,23,1.0,57.0,Male,STAGE I,EUR
TCGA-SX-A71V,Kidney_Renal_Papillary_Cell_Carcinoma,urinary,17,0.0,80.0,Male,STAGE I,EUR
TCGA-SX-A7SL,Kidney_Renal_Papillary_Cell_Carcinoma,urinary,20,1.0,74.0,Male,STAGE I,EUR
TCGA-SX-A7SM,Kidney_Renal_Papillary_Cell_Carcinoma,urinary,18,2.0,60.0,Male,STAGE IV,AFR_ADMIX
TCGA-SX-A7SN,Kidney_Renal_Papillary_Cell_Carcinoma,urinary,17,0.0,52.0,Male,STAGE I,EUR
TCGA-SX-A7SO,Kidney_Renal_Papillary_Cell_Carcinoma,urinary,10,0.0,64.0,Male,STAGE I,EUR
TCGA-SX-A7SP,Kidney_Renal_Papillary_Cell_Carcinoma,urinary,13,1.0,66.0,Female,STAGE I,EUR
TCGA-SX-A7SQ,Kidney_Renal_Papillary_Cell_Carcinoma,urinary,13,0.0,48.0,Male,STAGE I,EUR
TCGA-SX-A7SR,Kidney_Renal_Papillary_Cell_Carcinoma,urinary,17,1.0,66.0,Male,STAGE II,EUR
TCGA-SX-A7SS,Kidney_Renal_Papillary_Cell_Carcinoma,urinary,22,0.0,67.0,Male,STAGE I,EUR
TCGA-SX-A7SU,Kidney_Renal_Papillary_Cell_Carcinoma,urinary,6,0.0,47.0,Male,STAGE I, 
TCGA-UN-AAZ9,Kidney_Renal_Papillary_Cell_Carcinoma,urinary,7,0.0,76.0,Female,STAGE I,AFR
TCGA-UZ-A9PJ,Kidney_Renal_Papillary_Cell_Carcinoma,urinary,6,1.0,78.0,Male,STAGE I,EUR
TCGA-UZ-A9PK,Kidney_Renal_Papillary_Cell_Carcinoma,urinary,14,1.0,71.0,Male,STAGE I,EUR
TCGA-UZ-A9PL,Kidney_Renal_Papillary_Cell_Carcinoma,urinary,15,0.0,59.0,Male,STAGE II,EUR
TCGA-UZ-A9PM,Kidney_Renal_Papillary_Cell_Carcinoma,urinary,3,1.0,62.0,Male,STAGE II,EUR
TCGA-UZ-A9PN,Kidney_Renal_Papillary_Cell_Carcinoma,urinary,10,0.0,54.0,Male,STAGE III,EUR
TCGA-UZ-A9PO,Kidney_Renal_Papillary_Cell_Carcinoma,urinary,15,0.0,80.0,Male,STAGE I,EUR
TCGA-UZ-A9PP,Kidney_Renal_Papillary_Cell_Carcinoma,urinary,9,1.0,60.0,Male,STAGE I,EUR
TCGA-UZ-A9PR,Kidney_Renal_Papillary_Cell_Carcinoma,urinary,20,0.0,84.0,Male,STAGE I,EUR
TCGA-UZ-A9PS,Kidney_Renal_Papillary_Cell_Carcinoma,urinary,29,2.0,62.0,Female,STAGE II,AFR_ADMIX
TCGA-UZ-A9PU,Kidney_Renal_Papillary_Cell_Carcinoma,urinary,15,0.0,76.0,Male,STAGE I,EUR
TCGA-UZ-A9PV,Kidney_Renal_Papillary_Cell_Carcinoma,urinary,11,0.0,64.0,Male,STAGE I, 
TCGA-UZ-A9PX,Kidney_Renal_Papillary_Cell_Carcinoma,urinary,14,0.0,72.0,Male,STAGE I,EUR
TCGA-UZ-A9PZ,Kidney_Renal_Papillary_Cell_Carcinoma,urinary,7,0.0,64.0,Male,STAGE III,EUR
TCGA-UZ-A9Q0,Kidney_Renal_Papillary_Cell_Carcinoma,urinary,9,1.0,60.0,Male,STAGE I,EUR
TCGA-UZ-A9Q1,Kidney_Renal_Papillary_Cell_Carcinoma,urinary,11,1.0,88.0,Female,STAGE I,EUR
TCGA-V9-A7HT,Kidney_Renal_Papillary_Cell_Carcinoma,urinary,13,1.0,67.0,Male,STAGE II,AFR
TCGA-WN-A9G9,Kidney_Renal_Papillary_Cell_Carcinoma,urinary,16,1.0,55.0,Male,STAGE I,EUR
TCGA-WN-AB4C,Kidney_Renal_Papillary_Cell_Carcinoma,urinary,13,1.0,60.0,Female,STAGE I,EUR
TCGA-Y8-A894,Kidney_Renal_Papillary_Cell_Carcinoma,urinary,19,0.0,57.0,Female,STAGE I,EUR
TCGA-Y8-A895,Kidney_Renal_Papillary_Cell_Carcinoma,urinary,21,0.0,74.0,Male,STAGE I,EUR
TCGA-Y8-A896,Kidney_Renal_Papillary_Cell_Carcinoma,urinary,14,1.0,62.0,Male,STAGE III,EUR
TCGA-Y8-A897,Kidney_Renal_Papillary_Cell_Carcinoma,urinary,11,1.0,68.0,Female,STAGE I,EUR
TCGA-Y8-A898,Kidney_Renal_Papillary_Cell_Carcinoma,urinary,15,1.0,69.0,Male,STAGE I,EUR
TCGA-Y8-A8RY,Kidney_Renal_Papillary_Cell_Carcinoma,urinary,13,0.0,63.0,Male,STAGE I,EUR
TCGA-Y8-A8RZ,Kidney_Renal_Papillary_Cell_Carcinoma,urinary,7,1.0,55.0,Male,STAGE I,EUR
TCGA-Y8-A8S0,Kidney_Renal_Papillary_Cell_Carcinoma,urinary,4,0.0,58.0,Male,STAGE I,EUR
TCGA-Y8-A8S1,Kidney_Renal_Papillary_Cell_Carcinoma,urinary,5,1.0,61.0,Male,STAGE I,EUR
TCGA-CS-4938,Brain_Lower_Grade_Glioma,brain,2,1.0,31.0,Female,,EUR
TCGA-CS-4941,Brain_Lower_Grade_Glioma,brain,4,1.0,67.0,Male,,EUR
TCGA-CS-4942,Brain_Lower_Grade_Glioma,brain,1,1.0,44.0,Female,,AFR
TCGA-CS-4943,Brain_Lower_Grade_Glioma,brain,2,1.0,37.0,Male,,EUR
TCGA-CS-4944,Brain_Lower_Grade_Glioma,brain,2,1.0,50.0,Male,,EUR
TCGA-CS-5390,Brain_Lower_Grade_Glioma,brain,10,2.0,47.0,Female,,EUR
TCGA-CS-5393,Brain_Lower_Grade_Glioma,brain,2,0.0,39.0,Male,,EUR
TCGA-CS-5394,Brain_Lower_Grade_Glioma,brain,5,3.0,40.0,Male,,EUR
TCGA-CS-5395,Brain_Lower_Grade_Glioma,brain,3,0.0,43.0,Male,,AFR
TCGA-CS-5396,Brain_Lower_Grade_Glioma,brain,1,0.0,53.0,Female,,EUR
TCGA-CS-5397,Brain_Lower_Grade_Glioma,brain,6,1.0,54.0,Female,,EUR
TCGA-CS-6186,Brain_Lower_Grade_Glioma,brain,4,0.0,58.0,Male,,EUR
TCGA-CS-6188,Brain_Lower_Grade_Glioma,brain,2,1.0,48.0,Male,,EUR
TCGA-CS-6290,Brain_Lower_Grade_Glioma,brain,3,0.0,31.0,Male,,EUR
TCGA-CS-6665,Brain_Lower_Grade_Glioma,brain,7,1.0,51.0,Female,,EUR
TCGA-CS-6666,Brain_Lower_Grade_Glioma,brain,3,1.0,22.0,Male,,EUR
TCGA-CS-6667,Brain_Lower_Grade_Glioma,brain,3,0.0,39.0,Female,,EUR
TCGA-CS-6668,Brain_Lower_Grade_Glioma,brain,3,1.0,57.0,Female,,EUR
TCGA-CS-6670,Brain_Lower_Grade_Glioma,brain,2,0.0,43.0,Male,,EUR
TCGA-DB-5270,Brain_Lower_Grade_Glioma,brain,3,2.0,38.0,Female,,EUR
TCGA-DB-5273,Brain_Lower_Grade_Glioma,brain,2,1.0,33.0,Male,,EUR
TCGA-DB-5274,Brain_Lower_Grade_Glioma,brain,15,2.0,37.0,Female,,EUR
TCGA-DB-5275,Brain_Lower_Grade_Glioma,brain,9,2.0,36.0,Male,,EUR
TCGA-DB-5276,Brain_Lower_Grade_Glioma,brain,6,2.0,32.0,Male,,EUR
TCGA-DB-5277,Brain_Lower_Grade_Glioma,brain,5,0.0,34.0,Male,,EUR
TCGA-DB-5279,Brain_Lower_Grade_Glioma,brain,6,1.0,59.0,Male,,SAS
TCGA-DB-5280,Brain_Lower_Grade_Glioma,brain,2,1.0,43.0,Male,,EUR
TCGA-DB-5281,Brain_Lower_Grade_Glioma,brain,7,1.0,61.0,Male,,EUR
TCGA-DB-A4X9,Brain_Lower_Grade_Glioma,brain,6,1.0,33.0,Female,,EUR
TCGA-DB-A4XA,Brain_Lower_Grade_Glioma,brain,2,1.0,30.0,Male,,EUR
TCGA-DB-A4XB,Brain_Lower_Grade_Glioma,brain,2,0.0,38.0,Male,,EUR
TCGA-DB-A4XC,Brain_Lower_Grade_Glioma,brain,6,2.0,26.0,Male,,EUR
TCGA-DB-A4XD,Brain_Lower_Grade_Glioma,brain,4,3.0,32.0,Male,,EUR
TCGA-DB-A4XE,Brain_Lower_Grade_Glioma,brain,1,1.0,27.0,Female,,EUR
TCGA-DB-A4XF,Brain_Lower_Grade_Glioma,brain,7,0.0,41.0,Female,,EUR
TCGA-DB-A4XG,Brain_Lower_Grade_Glioma,brain,4,1.0,34.0,Male,,EUR
TCGA-DB-A4XH,Brain_Lower_Grade_Glioma,brain,6,0.0,53.0,Female,,EUR
TCGA-DB-A64L,Brain_Lower_Grade_Glioma,brain,5,1.0,67.0,Female,,EUR
TCGA-DB-A64O,Brain_Lower_Grade_Glioma,brain,3,2.0,59.0,Male,,EUR
TCGA-DB-A64P,Brain_Lower_Grade_Glioma,brain,6,0.0,40.0,Male,,EUR
TCGA-DB-A64Q,Brain_Lower_Grade_Glioma,brain,2,0.0,31.0,Female,,EUR
TCGA-DB-A64R,Brain_Lower_Grade_Glioma,brain,1,0.0,24.0,Female,, 
TCGA-DB-A64S,Brain_Lower_Grade_Glioma,brain,4,2.0,20.0,Male,,EUR
TCGA-DB-A64U,Brain_Lower_Grade_Glioma,brain,3,0.0,38.0,Female,,EUR
TCGA-DB-A64V,Brain_Lower_Grade_Glioma,brain,3,0.0,54.0,Male,,EUR
TCGA-DB-A64W,Brain_Lower_Grade_Glioma,brain,7,1.0,65.0,Female,,EUR
TCGA-DB-A64X,Brain_Lower_Grade_Glioma,brain,4,0.0,56.0,Female,,EUR
TCGA-DB-A75K,Brain_Lower_Grade_Glioma,brain,8,4.0,55.0,Female,,EUR
TCGA-DB-A75L,Brain_Lower_Grade_Glioma,brain,3,1.0,36.0,Female,,EUR
TCGA-DB-A75M,Brain_Lower_Grade_Glioma,brain,2,2.0,47.0,Male,,EUR
TCGA-DB-A75O,Brain_Lower_Grade_Glioma,brain,2,2.0,29.0,Male,,EUR
TCGA-DH-5140,Brain_Lower_Grade_Glioma,brain,4,2.0,38.0,Female,,EUR
TCGA-DH-5141,Brain_Lower_Grade_Glioma,brain,3,2.0,32.0,Male,, 
TCGA-DH-5142,Brain_Lower_Grade_Glioma,brain,3,0.0,29.0,Male,,EUR
TCGA-DH-5143,Brain_Lower_Grade_Glioma,brain,1,0.0,30.0,Male,,EUR
TCGA-DH-A669,Brain_Lower_Grade_Glioma,brain,4,1.0,70.0,Male,,EUR
TCGA-DH-A66B,Brain_Lower_Grade_Glioma,brain,13,4.0,52.0,Male,,EUR
TCGA-DH-A66D,Brain_Lower_Grade_Glioma,brain,5,1.0,43.0,Female,,EUR
TCGA-DH-A66F,Brain_Lower_Grade_Glioma,brain,4,0.0,49.0,Male,,EUR
TCGA-DH-A66G,Brain_Lower_Grade_Glioma,brain,1,0.0,49.0,Female,,EUR
TCGA-DH-A7UR,Brain_Lower_Grade_Glioma,brain,16,3.0,59.0,Female,,EUR
TCGA-DH-A7US,Brain_Lower_Grade_Glioma,brain,3,1.0,50.0,Male,,EUR
TCGA-DH-A7UU,Brain_Lower_Grade_Glioma,brain,5,0.0,43.0,Male,,EUR
TCGA-DH-A7UV,Brain_Lower_Grade_Glioma,brain,7,4.0,49.0,Male,,EUR
TCGA-DU-5847,Brain_Lower_Grade_Glioma,brain,3,2.0,34.0,Female,,EUR
TCGA-DU-5849,Brain_Lower_Grade_Glioma,brain,3,1.0,48.0,Male,,EUR
TCGA-DU-5851,Brain_Lower_Grade_Glioma,brain,4,1.0,40.0,Female,,EUR
TCGA-DU-5852,Brain_Lower_Grade_Glioma,brain,6,0.0,61.0,Female,,EUR
TCGA-DU-5854,Brain_Lower_Grade_Glioma,brain,4,0.0,57.0,Female,,EUR
TCGA-DU-5855,Brain_Lower_Grade_Glioma,brain,3,2.0,49.0,Female,,EUR
TCGA-DU-5870,Brain_Lower_Grade_Glioma,brain,1,0.0,34.0,Female,,EUR
TCGA-DU-5871,Brain_Lower_Grade_Glioma,brain,2,1.0,37.0,Female,,EUR
TCGA-DU-5872,Brain_Lower_Grade_Glioma,brain,3,0.0,43.0,Female,,AFR
TCGA-DU-5874,Brain_Lower_Grade_Glioma,brain,5,0.0,62.0,Female,,EUR
TCGA-DU-6392,Brain_Lower_Grade_Glioma,brain,867,21.0,35.0,Female,,EUR
TCGA-DU-6393,Brain_Lower_Grade_Glioma,brain,3,1.0,66.0,Male,,EUR
TCGA-DU-6394,Brain_Lower_Grade_Glioma,brain,14,5.0,53.0,Male,,EUR
TCGA-DU-6395,Brain_Lower_Grade_Glioma,brain,2,1.0,31.0,Male,,EUR
TCGA-DU-6396,Brain_Lower_Grade_Glioma,brain,3,1.0,31.0,Female,,EUR
TCGA-DU-6397,Brain_Lower_Grade_Glioma,brain,7,1.0,45.0,Male,,EUR
TCGA-DU-6399,Brain_Lower_Grade_Glioma,brain,5,2.0,54.0,Male,, 
TCGA-DU-6400,Brain_Lower_Grade_Glioma,brain,4,1.0,66.0,Female,,EUR
TCGA-DU-6401,Brain_Lower_Grade_Glioma,brain,2,1.0,31.0,Female,,EUR
TCGA-DU-6402,Brain_Lower_Grade_Glioma,brain,5,2.0,52.0,Male,,EUR
TCGA-DU-6403,Brain_Lower_Grade_Glioma,brain,5,2.0,60.0,Female,,EUR
TCGA-DU-6404,Brain_Lower_Grade_Glioma,brain,2,0.0,24.0,Female,,EUR
TCGA-DU-6405,Brain_Lower_Grade_Glioma,brain,9,0.0,51.0,Female,,EUR
TCGA-DU-6406,Brain_Lower_Grade_Glioma,brain,1,0.0,59.0,Female,,EUR
TCGA-DU-6407,Brain_Lower_Grade_Glioma,brain,1,1.0,35.0,Female,,EUR
TCGA-DU-6408,Brain_Lower_Grade_Glioma,brain,1,0.0,23.0,Female,,EUR
TCGA-DU-6410,Brain_Lower_Grade_Glioma,brain,4,1.0,56.0,Male,, 
TCGA-DU-6542,Brain_Lower_Grade_Glioma,brain,1,0.0,25.0,Male,,EUR
TCGA-DU-7006,Brain_Lower_Grade_Glioma,brain,9,0.0,60.0,Female,,EUR
TCGA-DU-7007,Brain_Lower_Grade_Glioma,brain,5,1.0,33.0,Male,,EUR
TCGA-DU-7008,Brain_Lower_Grade_Glioma,brain,4,2.0,41.0,Female,,EUR
TCGA-DU-7009,Brain_Lower_Grade_Glioma,brain,3,2.0,32.0,Female,,EUR
TCGA-DU-7010,Brain_Lower_Grade_Glioma,brain,6,0.0,58.0,Female,,EUR
TCGA-DU-7011,Brain_Lower_Grade_Glioma,brain,3,3.0,25.0,Male,,EUR
TCGA-DU-7012,Brain_Lower_Grade_Glioma,brain,4,0.0,74.0,Female,,AFR
TCGA-DU-7013,Brain_Lower_Grade_Glioma,brain,4,0.0,59.0,Male,,EUR
TCGA-DU-7015,Brain_Lower_Grade_Glioma,brain,3,1.0,41.0,Female,,EUR
TCGA-DU-7018,Brain_Lower_Grade_Glioma,brain,6,2.0,57.0,Female,,EUR
TCGA-DU-7019,Brain_Lower_Grade_Glioma,brain,9,1.0,39.0,Male,,EUR
TCGA-DU-7290,Brain_Lower_Grade_Glioma,brain,3,1.0,45.0,Female,,EUR
TCGA-DU-7292,Brain_Lower_Grade_Glioma,brain,6,0.0,69.0,Male,,EUR
TCGA-DU-7294,Brain_Lower_Grade_Glioma,brain,1,0.0,53.0,Female,,EUR
TCGA-DU-7298,Brain_Lower_Grade_Glioma,brain,5,1.0,38.0,Female,,AFR
TCGA-DU-7299,Brain_Lower_Grade_Glioma,brain,11,1.0,33.0,Male,,EUR
TCGA-DU-7300,Brain_Lower_Grade_Glioma,brain,20,4.0,53.0,Female,,EUR
TCGA-DU-7301,Brain_Lower_Grade_Glioma,brain,5,1.0,53.0,Male,,EUR
TCGA-DU-7302,Brain_Lower_Grade_Glioma,brain,23,3.0,48.0,Female,,EUR
TCGA-DU-7304,Brain_Lower_Grade_Glioma,brain,4,2.0,43.0,Male,,EUR
TCGA-DU-7306,Brain_Lower_Grade_Glioma,brain,5,2.0,67.0,Male,,EUR
TCGA-DU-7309,Brain_Lower_Grade_Glioma,brain,3,1.0,41.0,Female,,EUR
TCGA-DU-8158,Brain_Lower_Grade_Glioma,brain,3,1.0,57.0,Female,,EUR
TCGA-DU-8161,Brain_Lower_Grade_Glioma,brain,5,1.0,63.0,Female,,EUR
TCGA-DU-8163,Brain_Lower_Grade_Glioma,brain,3,2.0,29.0,Male,,EUR
TCGA-DU-8164,Brain_Lower_Grade_Glioma,brain,4,1.0,51.0,Male,,EUR
TCGA-DU-8165,Brain_Lower_Grade_Glioma,brain,3,0.0,60.0,Female,,EUR
TCGA-DU-8166,Brain_Lower_Grade_Glioma,brain,1,0.0,29.0,Female,,EUR
TCGA-DU-8167,Brain_Lower_Grade_Glioma,brain,4,2.0,69.0,Female,,EUR
TCGA-DU-8168,Brain_Lower_Grade_Glioma,brain,20,7.0,55.0,Female,,EUR
TCGA-DU-A5TP,Brain_Lower_Grade_Glioma,brain,4,1.0,33.0,Male,,EUR
TCGA-DU-A5TR,Brain_Lower_Grade_Glioma,brain,1,0.0,51.0,Male,,EUR
TCGA-DU-A5TS,Brain_Lower_Grade_Glioma,brain,7,1.0,42.0,Male,,AFR_ADMIX
TCGA-DU-A5TT,Brain_Lower_Grade_Glioma,brain,2,0.0,70.0,Male,,EUR
TCGA-DU-A5TU,Brain_Lower_Grade_Glioma,brain,4,1.0,62.0,Female,,EUR
TCGA-DU-A5TW,Brain_Lower_Grade_Glioma,brain,6,1.0,33.0,Female,,AFR_ADMIX
TCGA-DU-A5TY,Brain_Lower_Grade_Glioma,brain,5,0.0,46.0,Female,,EUR
TCGA-DU-A6S2,Brain_Lower_Grade_Glioma,brain,1,1.0,37.0,Female,,AFR_ADMIX
TCGA-DU-A6S3,Brain_Lower_Grade_Glioma,brain,11,3.0,60.0,Male,,EUR
TCGA-DU-A6S6,Brain_Lower_Grade_Glioma,brain,3,0.0,35.0,Female,,EUR
TCGA-DU-A6S7,Brain_Lower_Grade_Glioma,brain,5,1.0,27.0,Female,,EUR
TCGA-DU-A6S8,Brain_Lower_Grade_Glioma,brain,6,0.0,74.0,Female,,EUR
TCGA-DU-A76K,Brain_Lower_Grade_Glioma,brain,4,0.0,87.0,Male,,EUR
TCGA-DU-A76L,Brain_Lower_Grade_Glioma,brain,3,1.0,54.0,Male,,EUR
TCGA-DU-A76O,Brain_Lower_Grade_Glioma,brain,2,1.0,30.0,Male,,EUR
TCGA-DU-A76R,Brain_Lower_Grade_Glioma,brain,2,0.0,51.0,Male,,EUR
TCGA-DU-A7T6,Brain_Lower_Grade_Glioma,brain,10,1.0,73.0,Female,,EUR
TCGA-DU-A7T8,Brain_Lower_Grade_Glioma,brain,2,1.0,35.0,Male,,EUR
TCGA-DU-A7TA,Brain_Lower_Grade_Glioma,brain,15,3.0,32.0,Male,,EUR
TCGA-DU-A7TB,Brain_Lower_Grade_Glioma,brain,4,0.0,56.0,Male,,SAS_ADMIX
TCGA-DU-A7TC,Brain_Lower_Grade_Glioma,brain,5,1.0,32.0,Male,,EUR
TCGA-DU-A7TD,Brain_Lower_Grade_Glioma,brain,2,0.0,52.0,Male,,EUR
TCGA-DU-A7TG,Brain_Lower_Grade_Glioma,brain,1,0.0,40.0,Male,,EUR
TCGA-DU-A7TJ,Brain_Lower_Grade_Glioma,brain,4,1.0,55.0,Male,,AFR
TCGA-E1-5302,Brain_Lower_Grade_Glioma,brain,3,2.0,41.0,Male,,EUR
TCGA-E1-5303,Brain_Lower_Grade_Glioma,brain,5,2.0,38.0,Male,,EUR
TCGA-E1-5304,Brain_Lower_Grade_Glioma,brain,3,2.0,42.0,Male,,EUR
TCGA-E1-5305,Brain_Lower_Grade_Glioma,brain,7,1.0,34.0,Male,,EUR
TCGA-E1-5307,Brain_Lower_Grade_Glioma,brain,5,3.0,62.0,Female,,EUR
TCGA-E1-5318,Brain_Lower_Grade_Glioma,brain,4,2.0,42.0,Female,,EUR
TCGA-E1-5319,Brain_Lower_Grade_Glioma,brain,8,2.0,48.0,Female,,EUR
TCGA-E1-5322,Brain_Lower_Grade_Glioma,brain,3,1.0,38.0,Female,,EUR
TCGA-E1-A7YD,Brain_Lower_Grade_Glioma,brain,5,2.0,57.0,Male,,EUR
TCGA-E1-A7YE,Brain_Lower_Grade_Glioma,brain,3,1.0,32.0,Female,,EUR
TCGA-E1-A7YH,Brain_Lower_Grade_Glioma,brain,3,0.0,47.0,Female,,EUR
TCGA-E1-A7YI,Brain_Lower_Grade_Glioma,brain,6,3.0,33.0,Female,,EUR
TCGA-E1-A7YJ,Brain_Lower_Grade_Glioma,brain,6,0.0,55.0,Male,,EUR
TCGA-E1-A7YK,Brain_Lower_Grade_Glioma,brain,2,0.0,52.0,Male,,EUR
TCGA-E1-A7YL,Brain_Lower_Grade_Glioma,brain,7,0.0,46.0,Male,,EUR
TCGA-E1-A7YM,Brain_Lower_Grade_Glioma,brain,3,1.0,63.0,Male,,EUR
TCGA-E1-A7YN,Brain_Lower_Grade_Glioma,brain,9,0.0,63.0,Female,,EUR
TCGA-E1-A7YO,Brain_Lower_Grade_Glioma,brain,3,1.0,45.0,Male,,EUR
TCGA-E1-A7YQ,Brain_Lower_Grade_Glioma,brain,4,1.0,58.0,Female,,AFR_ADMIX
TCGA-E1-A7YS,Brain_Lower_Grade_Glioma,brain,4,0.0,71.0,Male,,AFR
TCGA-E1-A7YV,Brain_Lower_Grade_Glioma,brain,7,1.0,26.0,Female,,EUR
TCGA-E1-A7YW,Brain_Lower_Grade_Glioma,brain,3,2.0,28.0,Male,,EUR
TCGA-E1-A7YY,Brain_Lower_Grade_Glioma,brain,1,0.0,27.0,Female,,EUR
TCGA-E1-A7Z2,Brain_Lower_Grade_Glioma,brain,2,1.0,58.0,Female,,EUR
TCGA-E1-A7Z3,Brain_Lower_Grade_Glioma,brain,8,2.0,31.0,Female,,AFR
TCGA-E1-A7Z4,Brain_Lower_Grade_Glioma,brain,4,3.0,35.0,Male,,EUR
TCGA-E1-A7Z6,Brain_Lower_Grade_Glioma,brain,2,1.0,41.0,Female,,EUR
TCGA-EZ-7264,Brain_Lower_Grade_Glioma,brain,1,0.0,47.0,Female,,EUR
TCGA-F6-A8O3,Brain_Lower_Grade_Glioma,brain,2,2.0,34.0,Male,,EAS
TCGA-F6-A8O4,Brain_Lower_Grade_Glioma,brain,3,1.0,44.0,Male,,EAS
TCGA-FG-5962,Brain_Lower_Grade_Glioma,brain,5,2.0,54.0,Male,,EUR
TCGA-FG-5963,Brain_Lower_Grade_Glioma,brain,2,2.0,23.0,Male,,EUR
TCGA-FG-5964,Brain_Lower_Grade_Glioma,brain,17,1.0,62.0,Male,,EUR
TCGA-FG-5965,Brain_Lower_Grade_Glioma,brain,2,1.0,39.0,Female,,EUR
TCGA-FG-6688,Brain_Lower_Grade_Glioma,brain,11,2.0,59.0,Female,,AFR
TCGA-FG-6689,Brain_Lower_Grade_Glioma,brain,6,4.0,30.0,Male,,EUR
TCGA-FG-6690,Brain_Lower_Grade_Glioma,brain,2,2.0,70.0,Male,,EUR
TCGA-FG-6691,Brain_Lower_Grade_Glioma,brain,2,2.0,23.0,Female,,EUR
TCGA-FG-6692,Brain_Lower_Grade_Glioma,brain,2,0.0,63.0,Male,,EUR
TCGA-FG-7634,Brain_Lower_Grade_Glioma,brain,2,0.0,28.0,Male,,EUR
TCGA-FG-7636,Brain_Lower_Grade_Glioma,brain,5,1.0,48.0,Male,,EUR
TCGA-FG-7637,Brain_Lower_Grade_Glioma,brain,7,2.0,49.0,Male,,EUR
TCGA-FG-7643,Brain_Lower_Grade_Glioma,brain,6,0.0,49.0,Female,,EUR
TCGA-FG-8182,Brain_Lower_Grade_Glioma,brain,4,4.0,35.0,Male,,EUR
TCGA-FG-8185,Brain_Lower_Grade_Glioma,brain,1,1.0,37.0,Male,,EUR
TCGA-FG-8186,Brain_Lower_Grade_Glioma,brain,2,0.0,42.0,Female,,EUR
TCGA-FG-8187,Brain_Lower_Grade_Glioma,brain,2,0.0,31.0,Male,,EUR
TCGA-FG-8188,Brain_Lower_Grade_Glioma,brain,3,1.0,41.0,Male,,EUR
TCGA-FG-8191,Brain_Lower_Grade_Glioma,brain,1,1.0,30.0,Male,,EUR
TCGA-FG-A4MT,Brain_Lower_Grade_Glioma,brain,2,1.0,27.0,Female,,EUR
TCGA-FG-A4MU,Brain_Lower_Grade_Glioma,brain,4,1.0,58.0,Male,,EUR
TCGA-FG-A4MW,Brain_Lower_Grade_Glioma,brain,9,0.0,63.0,Male,,EUR
TCGA-FG-A4MX,Brain_Lower_Grade_Glioma,brain,2,0.0,47.0,Male,,EUR
TCGA-FG-A4MY,Brain_Lower_Grade_Glioma,brain,2,1.0,44.0,Female,, 
TCGA-FG-A60J,Brain_Lower_Grade_Glioma,brain,3,0.0,47.0,Female,,EUR
TCGA-FG-A60K,Brain_Lower_Grade_Glioma,brain,4,1.0,34.0,Female,,EUR
TCGA-FG-A60L,Brain_Lower_Grade_Glioma,brain,3,0.0,34.0,Female,,EUR
TCGA-FG-A6IZ,Brain_Lower_Grade_Glioma,brain,5,0.0,60.0,Male,,EUR
TCGA-FG-A6J1,Brain_Lower_Grade_Glioma,brain,2,1.0,44.0,Female,,EUR
TCGA-FG-A6J3,Brain_Lower_Grade_Glioma,brain,6,1.0,52.0,Female,,EUR
TCGA-FG-A70Y,Brain_Lower_Grade_Glioma,brain,2,2.0,20.0,Female,,EUR
TCGA-FG-A70Z,Brain_Lower_Grade_Glioma,brain,6,1.0,53.0,Female,,AFR_ADMIX
TCGA-FG-A710,Brain_Lower_Grade_Glioma,brain,6,2.0,50.0,Female,,EUR
TCGA-FG-A711,Brain_Lower_Grade_Glioma,brain,4,1.0,33.0,Female,,EUR
TCGA-FG-A713,Brain_Lower_Grade_Glioma,brain,3,0.0,74.0,Female,,EUR
TCGA-FG-A87N,Brain_Lower_Grade_Glioma,brain,4,0.0,37.0,Female,,EAS
TCGA-FG-A87Q,Brain_Lower_Grade_Glioma,brain,3,0.0,61.0,Female,,EUR
TCGA-FN-7833,Brain_Lower_Grade_Glioma,brain,4,3.0,25.0,Male,,EUR
TCGA-HT-7467,Brain_Lower_Grade_Glioma,brain,7,2.0,54.0,Male,,AFR
TCGA-HT-7468,Brain_Lower_Grade_Glioma,brain,2,2.0,30.0,Male,,AMR
TCGA-HT-7469,Brain_Lower_Grade_Glioma,brain,6,1.0,30.0,Male,,EUR
TCGA-HT-7470,Brain_Lower_Grade_Glioma,brain,6,1.0,37.0,Male,,EUR
TCGA-HT-7471,Brain_Lower_Grade_Glioma,brain,5,2.0,37.0,Female,,EUR
TCGA-HT-7472,Brain_Lower_Grade_Glioma,brain,3,1.0,38.0,Male,,EUR
TCGA-HT-7473,Brain_Lower_Grade_Glioma,brain,1,1.0,28.0,Male,,AMR
TCGA-HT-7474,Brain_Lower_Grade_Glioma,brain,4,1.0,52.0,Male,,EUR
TCGA-HT-7475,Brain_Lower_Grade_Glioma,brain,7,0.0,67.0,Male,,EUR
TCGA-HT-7476,Brain_Lower_Grade_Glioma,brain,4,1.0,26.0,Male,,EUR
TCGA-HT-7478,Brain_Lower_Grade_Glioma,brain,3,0.0,36.0,Male,,EUR
TCGA-HT-7479,Brain_Lower_Grade_Glioma,brain,2,0.0,44.0,Male,,EUR
TCGA-HT-7480,Brain_Lower_Grade_Glioma,brain,3,0.0,33.0,Male,,EUR
TCGA-HT-7481,Brain_Lower_Grade_Glioma,brain,5,4.0,39.0,Male,,EUR
TCGA-HT-7482,Brain_Lower_Grade_Glioma,brain,2,0.0,18.0,Female,,EUR
TCGA-HT-7483,Brain_Lower_Grade_Glioma,brain,2,0.0,14.0,Male,,EUR
TCGA-HT-7485,Brain_Lower_Grade_Glioma,brain,1,1.0,42.0,Male,,EUR
TCGA-HT-7601,Brain_Lower_Grade_Glioma,brain,3,1.0,30.0,Female,,EUR
TCGA-HT-7602,Brain_Lower_Grade_Glioma,brain,2,2.0,21.0,Male,,EUR
TCGA-HT-7603,Brain_Lower_Grade_Glioma,brain,4,1.0,29.0,Male,,EUR
TCGA-HT-7604,Brain_Lower_Grade_Glioma,brain,6,2.0,50.0,Male,,AFR
TCGA-HT-7605,Brain_Lower_Grade_Glioma,brain,4,0.0,38.0,Male,,EUR
TCGA-HT-7606,Brain_Lower_Grade_Glioma,brain,1,0.0,30.0,Female,,EUR
TCGA-HT-7607,Brain_Lower_Grade_Glioma,brain,2,0.0,61.0,Female,,EUR
TCGA-HT-7608,Brain_Lower_Grade_Glioma,brain,3,1.0,61.0,Male,,AFR
TCGA-HT-7609,Brain_Lower_Grade_Glioma,brain,1,0.0,34.0,Male,,EUR
TCGA-HT-7610,Brain_Lower_Grade_Glioma,brain,4,0.0,25.0,Female,,EUR
TCGA-HT-7611,Brain_Lower_Grade_Glioma,brain,6,2.0,36.0,Male,,EUR
TCGA-HT-7616,Brain_Lower_Grade_Glioma,brain,7,2.0,75.0,Male,,EUR
TCGA-HT-7620,Brain_Lower_Grade_Glioma,brain,4,2.0,40.0,Male,,EUR
TCGA-HT-7676,Brain_Lower_Grade_Glioma,brain,1,1.0,26.0,Male,,EUR
TCGA-HT-7677,Brain_Lower_Grade_Glioma,brain,5,1.0,53.0,Male,,EUR
TCGA-HT-7681,Brain_Lower_Grade_Glioma,brain,3,1.0,29.0,Female,,EUR
TCGA-HT-7684,Brain_Lower_Grade_Glioma,brain,5,1.0,58.0,Male,,EUR
TCGA-HT-7686,Brain_Lower_Grade_Glioma,brain,1,1.0,29.0,Female,,EUR
TCGA-HT-7687,Brain_Lower_Grade_Glioma,brain,2,0.0,74.0,Male,,EUR
TCGA-HT-7688,Brain_Lower_Grade_Glioma,brain,14,1.0,59.0,Male,,EUR
TCGA-HT-7689,Brain_Lower_Grade_Glioma,brain,5,1.0,58.0,Female,,EUR
TCGA-HT-7690,Brain_Lower_Grade_Glioma,brain,3,1.0,29.0,Male,,EUR
TCGA-HT-7691,Brain_Lower_Grade_Glioma,brain,1,0.0,31.0,Female,,EUR
TCGA-HT-7692,Brain_Lower_Grade_Glioma,brain,4,0.0,43.0,Male,,EUR
TCGA-HT-7693,Brain_Lower_Grade_Glioma,brain,2,0.0,51.0,Female,,EUR
TCGA-HT-7694,Brain_Lower_Grade_Glioma,brain,11,4.0,60.0,Male,,EUR
TCGA-HT-7695,Brain_Lower_Grade_Glioma,brain,1,0.0,29.0,Female,,EUR
TCGA-HT-7854,Brain_Lower_Grade_Glioma,brain,4,0.0,62.0,Male,,EUR
TCGA-HT-7855,Brain_Lower_Grade_Glioma,brain,18,2.0,39.0,Male,,EUR
TCGA-HT-7856,Brain_Lower_Grade_Glioma,brain,1,0.0,35.0,Male,,EUR
TCGA-HT-7857,Brain_Lower_Grade_Glioma,brain,7,1.0,24.0,Female,,EUR
TCGA-HT-7858,Brain_Lower_Grade_Glioma,brain,1,1.0,28.0,Male,,EUR
TCGA-HT-7860,Brain_Lower_Grade_Glioma,brain,7,2.0,60.0,Female,,EUR
TCGA-HT-7873,Brain_Lower_Grade_Glioma,brain,4,2.0,29.0,Male,,EUR
TCGA-HT-7874,Brain_Lower_Grade_Glioma,brain,1,0.0,41.0,Female,,EUR
TCGA-HT-7875,Brain_Lower_Grade_Glioma,brain,12,5.0,56.0,Male,,EUR
TCGA-HT-7877,Brain_Lower_Grade_Glioma,brain,2,0.0,20.0,Female,,EUR
TCGA-HT-7879,Brain_Lower_Grade_Glioma,brain,3,2.0,31.0,Male,,EUR
TCGA-HT-7880,Brain_Lower_Grade_Glioma,brain,2,2.0,30.0,Male,,EUR
TCGA-HT-7881,Brain_Lower_Grade_Glioma,brain,2,0.0,38.0,Male,,AFR
TCGA-HT-7882,Brain_Lower_Grade_Glioma,brain,6,0.0,66.0,Male,, 
TCGA-HT-7884,Brain_Lower_Grade_Glioma,brain,5,2.0,44.0,Female,,EUR
TCGA-HT-7902,Brain_Lower_Grade_Glioma,brain,5,1.0,30.0,Female,,EUR
TCGA-HT-8010,Brain_Lower_Grade_Glioma,brain,1,1.0,64.0,Female,, 
TCGA-HT-8011,Brain_Lower_Grade_Glioma,brain,4,2.0,55.0,Male,,EUR
TCGA-HT-8012,Brain_Lower_Grade_Glioma,brain,7,4.0,30.0,Female,,EUR
TCGA-HT-8013,Brain_Lower_Grade_Glioma,brain,2,1.0,37.0,Female,,EUR
TCGA-HT-8018,Brain_Lower_Grade_Glioma,brain,3,1.0,40.0,Female,,EUR
TCGA-HT-8104,Brain_Lower_Grade_Glioma,brain,6,0.0,51.0,Female,,EUR
TCGA-HT-8105,Brain_Lower_Grade_Glioma,brain,18,4.0,54.0,Male,,EUR
TCGA-HT-8106,Brain_Lower_Grade_Glioma,brain,1,1.0,53.0,Male,,EUR
TCGA-HT-8108,Brain_Lower_Grade_Glioma,brain,2,2.0,26.0,Female,,EUR
TCGA-HT-8109,Brain_Lower_Grade_Glioma,brain,5,0.0,64.0,Male,,EUR
TCGA-HT-8110,Brain_Lower_Grade_Glioma,brain,4,1.0,57.0,Male,,EUR
TCGA-HT-8111,Brain_Lower_Grade_Glioma,brain,2,0.0,32.0,Male,,EUR
TCGA-HT-8113,Brain_Lower_Grade_Glioma,brain,3,0.0,49.0,Female,,AFR_ADMIX
TCGA-HT-8114,Brain_Lower_Grade_Glioma,brain,2,2.0,36.0,Male,,EUR
TCGA-HT-8563,Brain_Lower_Grade_Glioma,brain,3,0.0,30.0,Female,,EUR
TCGA-HT-8564,Brain_Lower_Grade_Glioma,brain,105,2.0,47.0,Male,, 
TCGA-HT-A4DS,Brain_Lower_Grade_Glioma,brain,1,1.0,55.0,Female,,EUR
TCGA-HT-A5R5,Brain_Lower_Grade_Glioma,brain,4,1.0,33.0,Female,, 
TCGA-HT-A5R7,Brain_Lower_Grade_Glioma,brain,3,1.0,33.0,Female,,EUR
TCGA-HT-A5R9,Brain_Lower_Grade_Glioma,brain,7,1.0,48.0,Female,,EUR
TCGA-HT-A5RA,Brain_Lower_Grade_Glioma,brain,4,0.0,65.0,Female,,EUR
TCGA-HT-A5RB,Brain_Lower_Grade_Glioma,brain,2,1.0,24.0,Male,, 
TCGA-HT-A5RC,Brain_Lower_Grade_Glioma,brain,4,1.0,70.0,Female,,EUR
TCGA-HT-A614,Brain_Lower_Grade_Glioma,brain,6,1.0,47.0,Male,,EUR
TCGA-HT-A615,Brain_Lower_Grade_Glioma,brain,2,1.0,38.0,Female,,EUR
TCGA-HT-A616,Brain_Lower_Grade_Glioma,brain,3,1.0,36.0,Female,,EUR
TCGA-HT-A617,Brain_Lower_Grade_Glioma,brain,1,0.0,47.0,Male,,EAS
TCGA-HT-A618,Brain_Lower_Grade_Glioma,brain,5,1.0,37.0,Female,,EUR
TCGA-HT-A61B,Brain_Lower_Grade_Glioma,brain,6,0.0,22.0,Male,,EUR
TCGA-HT-A61C,Brain_Lower_Grade_Glioma,brain,4,0.0,66.0,Male,,EUR
TCGA-HT-A74H,Brain_Lower_Grade_Glioma,brain,5,2.0,62.0,Male,,EUR
TCGA-HT-A74J,Brain_Lower_Grade_Glioma,brain,2,2.0,33.0,Male,,EUR
TCGA-HT-A74K,Brain_Lower_Grade_Glioma,brain,4,1.0,58.0,Female,,EUR_ADMIX
TCGA-HT-A74O,Brain_Lower_Grade_Glioma,brain,3,2.0,34.0,Male,,EUR
TCGA-HW-7486,Brain_Lower_Grade_Glioma,brain,1,0.0,37.0,Male,,EUR
TCGA-HW-7487,Brain_Lower_Grade_Glioma,brain,1,1.0,39.0,Male,,EUR
TCGA-HW-7489,Brain_Lower_Grade_Glioma,brain,3,1.0,38.0,Male,,EUR
TCGA-HW-7490,Brain_Lower_Grade_Glioma,brain,15,4.0,41.0,Male,,EUR
TCGA-HW-7491,Brain_Lower_Grade_Glioma,brain,2,1.0,35.0,Male,,EUR
TCGA-HW-7495,Brain_Lower_Grade_Glioma,brain,2,1.0,45.0,Female,,EUR
TCGA-HW-8319,Brain_Lower_Grade_Glioma,brain,2,1.0,34.0,Female,,EUR
TCGA-HW-8320,Brain_Lower_Grade_Glioma,brain,5,1.0,36.0,Male,,EUR
TCGA-HW-8321,Brain_Lower_Grade_Glioma,brain,3,1.0,31.0,Male,,EUR
TCGA-HW-8322,Brain_Lower_Grade_Glioma,brain,3,1.0,39.0,Male,,EUR
TCGA-HW-A5KJ,Brain_Lower_Grade_Glioma,brain,24,2.0,68.0,Male,,EUR
TCGA-HW-A5KK,Brain_Lower_Grade_Glioma,brain,5,0.0,64.0,Male,,EUR
TCGA-HW-A5KL,Brain_Lower_Grade_Glioma,brain,2,0.0,42.0,Female,,EUR
TCGA-HW-A5KM,Brain_Lower_Grade_Glioma,brain,4,1.0,35.0,Male,, 
TCGA-IK-7675,Brain_Lower_Grade_Glioma,brain,5,1.0,43.0,Male,,AMR
TCGA-IK-8125,Brain_Lower_Grade_Glioma,brain,8,1.0,62.0,Male,,EUR
TCGA-KT-A74X,Brain_Lower_Grade_Glioma,brain,1,1.0,26.0,Male,,EUR
TCGA-KT-A7W1,Brain_Lower_Grade_Glioma,brain,5,0.0,45.0,Female,,EUR
TCGA-P5-A5ET,Brain_Lower_Grade_Glioma,brain,8,1.0,27.0,Male,,EUR
TCGA-P5-A5EU,Brain_Lower_Grade_Glioma,brain,2,0.0,35.0,Male,,EUR
TCGA-P5-A5EV,Brain_Lower_Grade_Glioma,brain,3,1.0,39.0,Male,,EUR
TCGA-P5-A5EW,Brain_Lower_Grade_Glioma,brain,3,1.0,20.0,Female,,EUR
TCGA-P5-A5EX,Brain_Lower_Grade_Glioma,brain,4,0.0,41.0,Female,,EUR
TCGA-P5-A5EZ,Brain_Lower_Grade_Glioma,brain,2,1.0,39.0,Male,,EUR
TCGA-P5-A5F0,Brain_Lower_Grade_Glioma,brain,7,4.0,33.0,Male,,EUR
TCGA-P5-A5F1,Brain_Lower_Grade_Glioma,brain,3,2.0,30.0,Male,,EUR
TCGA-P5-A5F2,Brain_Lower_Grade_Glioma,brain,4,1.0,36.0,Female,,EUR
TCGA-P5-A5F4,Brain_Lower_Grade_Glioma,brain,2,0.0,35.0,Female,,EUR
TCGA-P5-A72U,Brain_Lower_Grade_Glioma,brain,4,1.0,71.0,Female,,EUR
TCGA-P5-A72W,Brain_Lower_Grade_Glioma,brain,3,0.0,35.0,Male,,EUR
TCGA-P5-A72X,Brain_Lower_Grade_Glioma,brain,1,1.0,21.0,Male,,EUR_ADMIX
TCGA-P5-A72Z,Brain_Lower_Grade_Glioma,brain,2,1.0,64.0,Female,,EUR
TCGA-P5-A730,Brain_Lower_Grade_Glioma,brain,5,1.0,22.0,Male,,EUR
TCGA-P5-A731,Brain_Lower_Grade_Glioma,brain,3,0.0,59.0,Female,,EUR
TCGA-P5-A733,Brain_Lower_Grade_Glioma,brain,5,2.0,52.0,Female,,EUR
TCGA-P5-A735,Brain_Lower_Grade_Glioma,brain,3,1.0,38.0,Female,,EUR
TCGA-P5-A736,Brain_Lower_Grade_Glioma,brain,7,1.0,44.0,Female,,EUR
TCGA-P5-A737,Brain_Lower_Grade_Glioma,brain,2,0.0,47.0,Male,,EUR
TCGA-P5-A77W,Brain_Lower_Grade_Glioma,brain,10,2.0,37.0,Female,,EUR
TCGA-P5-A77X,Brain_Lower_Grade_Glioma,brain,10,1.0,55.0,Female,,EUR
TCGA-P5-A780,Brain_Lower_Grade_Glioma,brain,4,0.0,44.0,Female,,EUR
TCGA-QH-A65R,Brain_Lower_Grade_Glioma,brain,5,0.0,38.0,Female,,EUR
TCGA-QH-A65S,Brain_Lower_Grade_Glioma,brain,3,2.0,32.0,Female,,EUR
TCGA-QH-A65V,Brain_Lower_Grade_Glioma,brain,2,0.0,43.0,Female,,EUR
TCGA-QH-A65X,Brain_Lower_Grade_Glioma,brain,8,2.0,28.0,Female,,EUR
TCGA-QH-A65Z,Brain_Lower_Grade_Glioma,brain,10,3.0,54.0,Male,,EUR
TCGA-QH-A6CS,Brain_Lower_Grade_Glioma,brain,2,2.0,41.0,Male,,EUR
TCGA-QH-A6CU,Brain_Lower_Grade_Glioma,brain,2,0.0,52.0,Female,,EUR
TCGA-QH-A6CV,Brain_Lower_Grade_Glioma,brain,8,0.0,51.0,Male,,EAS
TCGA-QH-A6CW,Brain_Lower_Grade_Glioma,brain,10,2.0,43.0,Male,,EUR
TCGA-QH-A6CX,Brain_Lower_Grade_Glioma,brain,4,1.0,66.0,Male,,EUR
TCGA-QH-A6CY,Brain_Lower_Grade_Glioma,brain,1,0.0,38.0,Male,,EUR
TCGA-QH-A6CZ,Brain_Lower_Grade_Glioma,brain,6,2.0,38.0,Male,,EUR
TCGA-QH-A6X3,Brain_Lower_Grade_Glioma,brain,4,2.0,27.0,Male,,EUR
TCGA-QH-A6X4,Brain_Lower_Grade_Glioma,brain,3,1.0,47.0,Male,,EUR
TCGA-QH-A6X5,Brain_Lower_Grade_Glioma,brain,7,2.0,58.0,Female,,EUR
TCGA-QH-A6X8,Brain_Lower_Grade_Glioma,brain,1,1.0,56.0,Female,,EUR
TCGA-QH-A6X9,Brain_Lower_Grade_Glioma,brain,5,1.0,73.0,Female,,EUR
TCGA-QH-A6XA,Brain_Lower_Grade_Glioma,brain,1,1.0,23.0,Female,,EUR
TCGA-QH-A6XC,Brain_Lower_Grade_Glioma,brain,7,0.0,48.0,Male,,EUR
TCGA-QH-A86X,Brain_Lower_Grade_Glioma,brain,3,1.0,33.0,Male,,EUR
TCGA-QH-A870,Brain_Lower_Grade_Glioma,brain,5,2.0,38.0,Female,,EUR
TCGA-R8-A6MK,Brain_Lower_Grade_Glioma,brain,10,2.0,40.0,Male,,EUR
TCGA-R8-A6ML,Brain_Lower_Grade_Glioma,brain,2,2.0,52.0,Male,,AMR
TCGA-R8-A6MO,Brain_Lower_Grade_Glioma,brain,2,0.0,53.0,Female,,SAS_ADMIX
TCGA-RY-A83X,Brain_Lower_Grade_Glioma,brain,3,1.0,46.0,Female,,EUR
TCGA-RY-A83Y,Brain_Lower_Grade_Glioma,brain,11,4.0,45.0,Male,,EUR_ADMIX
TCGA-RY-A83Z,Brain_Lower_Grade_Glioma,brain,7,1.0,54.0,Female,,EUR
TCGA-RY-A840,Brain_Lower_Grade_Glioma,brain,1,0.0,47.0,Male,,EUR
TCGA-RY-A843,Brain_Lower_Grade_Glioma,brain,1,0.0,30.0,Male,,EUR
TCGA-RY-A845,Brain_Lower_Grade_Glioma,brain,1,0.0,40.0,Female,,EUR
TCGA-RY-A847,Brain_Lower_Grade_Glioma,brain,3,1.0,45.0,Male,,EUR
TCGA-S9-A6TS,Brain_Lower_Grade_Glioma,brain,4,0.0,48.0,Female,,EUR
TCGA-S9-A6TU,Brain_Lower_Grade_Glioma,brain,1,0.0,38.0,Male,,EUR
TCGA-S9-A6TV,Brain_Lower_Grade_Glioma,brain,1,0.0,50.0,Male,,EUR
TCGA-S9-A6TW,Brain_Lower_Grade_Glioma,brain,11,3.0,40.0,Male,,EUR
TCGA-S9-A6TX,Brain_Lower_Grade_Glioma,brain,3,2.0,46.0,Male,,EUR
TCGA-S9-A6TY,Brain_Lower_Grade_Glioma,brain,1,0.0,50.0,Male,,EUR
TCGA-S9-A6TZ,Brain_Lower_Grade_Glioma,brain,1,1.0,39.0,Female,,EUR
TCGA-S9-A6U0,Brain_Lower_Grade_Glioma,brain,1,0.0,46.0,Male,,EUR
TCGA-S9-A6U1,Brain_Lower_Grade_Glioma,brain,4,1.0,22.0,Female,,EUR
TCGA-S9-A6U2,Brain_Lower_Grade_Glioma,brain,2,1.0,48.0,Female,,EUR
TCGA-S9-A6U5,Brain_Lower_Grade_Glioma,brain,5,2.0,33.0,Male,,EUR
TCGA-S9-A6U6,Brain_Lower_Grade_Glioma,brain,3,1.0,28.0,Male,,EUR
TCGA-S9-A6U8,Brain_Lower_Grade_Glioma,brain,2,0.0,24.0,Male,,EUR
TCGA-S9-A6U9,Brain_Lower_Grade_Glioma,brain,3,2.0,36.0,Male,,EUR
TCGA-S9-A6UA,Brain_Lower_Grade_Glioma,brain,5,2.0,66.0,Male,,EUR
TCGA-S9-A6UB,Brain_Lower_Grade_Glioma,brain,4,1.0,52.0,Male,,EUR
TCGA-S9-A6WD,Brain_Lower_Grade_Glioma,brain,4,0.0,58.0,Male,,EUR
TCGA-S9-A6WE,Brain_Lower_Grade_Glioma,brain,2,0.0,34.0,Male,,EUR
TCGA-S9-A6WG,Brain_Lower_Grade_Glioma,brain,4,2.0,31.0,Male,,EUR
TCGA-S9-A6WH,Brain_Lower_Grade_Glioma,brain,12,1.0,73.0,Female,,EUR
TCGA-S9-A6WI,Brain_Lower_Grade_Glioma,brain,2,0.0,56.0,Female,,EUR
TCGA-S9-A6WL,Brain_Lower_Grade_Glioma,brain,22,1.0,52.0,Male,,EUR
TCGA-S9-A6WM,Brain_Lower_Grade_Glioma,brain,6,0.0,59.0,Female,,EUR
TCGA-S9-A6WN,Brain_Lower_Grade_Glioma,brain,6,0.0,38.0,Female,,EUR
TCGA-S9-A6WO,Brain_Lower_Grade_Glioma,brain,6,3.0,29.0,Male,,EUR_ADMIX
TCGA-S9-A6WP,Brain_Lower_Grade_Glioma,brain,13,3.0,42.0,Male,,EUR
TCGA-S9-A6WQ,Brain_Lower_Grade_Glioma,brain,5,2.0,57.0,Female,,EUR
TCGA-S9-A7IQ,Brain_Lower_Grade_Glioma,brain,2,1.0,45.0,Female,,EUR
TCGA-S9-A7IS,Brain_Lower_Grade_Glioma,brain,6,2.0,33.0,Female,,EUR
TCGA-S9-A7IX,Brain_Lower_Grade_Glioma,brain,4,1.0,57.0,Male,, 
TCGA-S9-A7IY,Brain_Lower_Grade_Glioma,brain,6,4.0,39.0,Male,,EUR
TCGA-S9-A7IZ,Brain_Lower_Grade_Glioma,brain,7,3.0,48.0,Female,,AFR
TCGA-S9-A7J0,Brain_Lower_Grade_Glioma,brain,5,0.0,30.0,Female,,EUR
TCGA-S9-A7J1,Brain_Lower_Grade_Glioma,brain,4,3.0,43.0,Male,,EUR
TCGA-S9-A7J2,Brain_Lower_Grade_Glioma,brain,2,0.0,25.0,Male,,EUR
TCGA-S9-A7J3,Brain_Lower_Grade_Glioma,brain,6,2.0,52.0,Female,,EUR
TCGA-S9-A7QW,Brain_Lower_Grade_Glioma,brain,5,2.0,54.0,Female,,EUR
TCGA-S9-A7QX,Brain_Lower_Grade_Glioma,brain,1,1.0,36.0,Female,,EUR
TCGA-S9-A7QY,Brain_Lower_Grade_Glioma,brain,2,0.0,35.0,Female,,EUR
TCGA-S9-A7QZ,Brain_Lower_Grade_Glioma,brain,26,4.0,41.0,Male,,EUR
TCGA-S9-A7R1,Brain_Lower_Grade_Glioma,brain,3,0.0,35.0,Male,,EUR
TCGA-S9-A7R2,Brain_Lower_Grade_Glioma,brain,4,0.0,69.0,Male,,EUR
TCGA-S9-A7R3,Brain_Lower_Grade_Glioma,brain,3,0.0,28.0,Female,,EUR
TCGA-S9-A7R4,Brain_Lower_Grade_Glioma,brain,1,0.0,46.0,Male,,EUR
TCGA-S9-A7R7,Brain_Lower_Grade_Glioma,brain,7,3.0,27.0,Male,,EUR
TCGA-S9-A7R8,Brain_Lower_Grade_Glioma,brain,3,1.0,44.0,Female,,EUR
TCGA-S9-A89V,Brain_Lower_Grade_Glioma,brain,6,3.0,70.0,Male,,EUR
TCGA-S9-A89Z,Brain_Lower_Grade_Glioma,brain,4,1.0,40.0,Male,,EUR
TCGA-TM-A7C3,Brain_Lower_Grade_Glioma,brain,7,0.0,43.0,Female,,EUR
TCGA-TM-A7C4,Brain_Lower_Grade_Glioma,brain,2,0.0,39.0,Female,,EUR
TCGA-TM-A7C5,Brain_Lower_Grade_Glioma,brain,5,1.0,30.0,Male,,EUR
TCGA-TM-A7CA,Brain_Lower_Grade_Glioma,brain,10,5.0,44.0,Male,,EUR
TCGA-TM-A7CF,Brain_Lower_Grade_Glioma,brain,1,0.0,41.0,Female,,EUR
TCGA-TM-A84B,Brain_Lower_Grade_Glioma,brain,2,0.0,40.0,Male,,EUR
TCGA-TM-A84C,Brain_Lower_Grade_Glioma,brain,1,1.0,32.0,Male,,EUR
TCGA-TM-A84F,Brain_Lower_Grade_Glioma,brain,5,1.0,48.0,Male,,EUR
TCGA-TM-A84G,Brain_Lower_Grade_Glioma,brain,6,1.0,54.0,Female,,EUR
TCGA-TM-A84H,Brain_Lower_Grade_Glioma,brain,6,2.0,44.0,Female,,EUR
TCGA-TM-A84I,Brain_Lower_Grade_Glioma,brain,3,1.0,30.0,Male,,EUR
TCGA-TM-A84J,Brain_Lower_Grade_Glioma,brain,2,1.0,63.0,Male,,EUR
TCGA-TM-A84L,Brain_Lower_Grade_Glioma,brain,3,2.0,31.0,Male,,EUR
TCGA-TM-A84M,Brain_Lower_Grade_Glioma,brain,2,1.0,40.0,Male,,EUR
TCGA-TM-A84O,Brain_Lower_Grade_Glioma,brain,4,2.0,61.0,Female,,EUR
TCGA-TM-A84Q,Brain_Lower_Grade_Glioma,brain,4,1.0,31.0,Male,,EUR
TCGA-TM-A84S,Brain_Lower_Grade_Glioma,brain,1,1.0,36.0,Male,,EUR
TCGA-TM-A84T,Brain_Lower_Grade_Glioma,brain,2,1.0,19.0,Male,,EAS
TCGA-TQ-A7RF,Brain_Lower_Grade_Glioma,brain,1,0.0,27.0,Female,,EUR_ADMIX
TCGA-TQ-A7RG,Brain_Lower_Grade_Glioma,brain,5,1.0,36.0,Male,,EUR
TCGA-TQ-A7RH,Brain_Lower_Grade_Glioma,brain,7,1.0,39.0,Male,,AFR
TCGA-TQ-A7RI,Brain_Lower_Grade_Glioma,brain,5,2.0,37.0,Female,,EUR
TCGA-TQ-A7RJ,Brain_Lower_Grade_Glioma,brain,5,3.0,25.0,Female,,EUR
TCGA-TQ-A7RK,Brain_Lower_Grade_Glioma,brain,6,1.0,29.0,Male,,EUR_ADMIX
TCGA-TQ-A7RM,Brain_Lower_Grade_Glioma,brain,3,0.0,41.0,Female,,EUR
TCGA-TQ-A7RP,Brain_Lower_Grade_Glioma,brain,7,1.0,66.0,Male,,AFR_ADMIX
TCGA-TQ-A7RQ,Brain_Lower_Grade_Glioma,brain,5,1.0,38.0,Female,,EUR
TCGA-TQ-A7RR,Brain_Lower_Grade_Glioma,brain,3,1.0,38.0,Male,, 
TCGA-TQ-A7RS,Brain_Lower_Grade_Glioma,brain,3,0.0,25.0,Female,,EUR
TCGA-TQ-A7RU,Brain_Lower_Grade_Glioma,brain,1,0.0,51.0,Male,, 
TCGA-TQ-A7RV,Brain_Lower_Grade_Glioma,brain,6,1.0,27.0,Male,,EUR
TCGA-TQ-A7RW,Brain_Lower_Grade_Glioma,brain,2,0.0,32.0,Male,,EUR
TCGA-TQ-A8XE,Brain_Lower_Grade_Glioma,brain,3,1.0,42.0,Female,,EUR_ADMIX
TCGA-VM-A8C8,Brain_Lower_Grade_Glioma,brain,3,1.0,50.0,Female,,EUR
TCGA-VM-A8CA,Brain_Lower_Grade_Glioma,brain,3,0.0,54.0,Male,,EUR
TCGA-VM-A8CB,Brain_Lower_Grade_Glioma,brain,1,1.0,33.0,Male,,EUR
TCGA-VM-A8CD,Brain_Lower_Grade_Glioma,brain,3,1.0,58.0,Male,,EUR
TCGA-VM-A8CF,Brain_Lower_Grade_Glioma,brain,2,1.0,44.0,Female,,EUR
TCGA-VM-A8CH,Brain_Lower_Grade_Glioma,brain,1,1.0,24.0,Female,,EUR
TCGA-VV-A829,Brain_Lower_Grade_Glioma,brain,2,2.0,44.0,Male,,EUR
TCGA-VV-A86M,Brain_Lower_Grade_Glioma,brain,1,0.0,36.0,Female,, 
TCGA-VW-A7QS,Brain_Lower_Grade_Glioma,brain,6,1.0,35.0,Female,,EAS
TCGA-VW-A8FI,Brain_Lower_Grade_Glioma,brain,3,0.0,66.0,Male,,EUR
TCGA-W9-A837,Brain_Lower_Grade_Glioma,brain,4,0.0,47.0,Male,,EUR
TCGA-WH-A86K,Brain_Lower_Grade_Glioma,brain,5,1.0,65.0,Male,,EUR
TCGA-WY-A858,Brain_Lower_Grade_Glioma,brain,10,3.0,32.0,Female,,EAS
TCGA-WY-A859,Brain_Lower_Grade_Glioma,brain,1,0.0,34.0,Female,,EUR
TCGA-WY-A85A,Brain_Lower_Grade_Glioma,brain,3,0.0,20.0,Male,,EUR
TCGA-WY-A85B,Brain_Lower_Grade_Glioma,brain,1,0.0,24.0,Male,,EUR
TCGA-WY-A85C,Brain_Lower_Grade_Glioma,brain,9,1.0,36.0,Male,,EUR
TCGA-WY-A85D,Brain_Lower_Grade_Glioma,brain,3,1.0,60.0,Male,,EUR
TCGA-WY-A85E,Brain_Lower_Grade_Glioma,brain,8,1.0,48.0,Female,,EUR
TCGA-2Y-A9GS,Liver_Hepatocellular_Carcinoma,digestive,6,1.0,58.0,Male,STAGE IV, 
TCGA-2Y-A9GT,Liver_Hepatocellular_Carcinoma,digestive,8,0.0,51.0,Male,STAGE I,EUR
TCGA-2Y-A9GU,Liver_Hepatocellular_Carcinoma,digestive,15,1.0,55.0,Female,STAGE I,EUR
TCGA-2Y-A9GV,Liver_Hepatocellular_Carcinoma,digestive,5,0.0,54.0,Female,STAGE I,EUR
TCGA-2Y-A9GW,Liver_Hepatocellular_Carcinoma,digestive,5,0.0,64.0,Male,STAGE I,EUR
TCGA-2Y-A9GX,Liver_Hepatocellular_Carcinoma,digestive,6,0.0,68.0,Male,STAGE I,EUR
TCGA-2Y-A9GY,Liver_Hepatocellular_Carcinoma,digestive,10,0.0,64.0,Female,STAGE II,EUR
TCGA-2Y-A9GZ,Liver_Hepatocellular_Carcinoma,digestive,13,0.0,82.0,Female,STAGE II,EUR
TCGA-2Y-A9H0,Liver_Hepatocellular_Carcinoma,digestive,9,0.0,49.0,Male,STAGE IIIA, 
TCGA-2Y-A9H1,Liver_Hepatocellular_Carcinoma,digestive,12,0.0,58.0,Male,STAGE I,EUR
TCGA-2Y-A9H2,Liver_Hepatocellular_Carcinoma,digestive,11,1.0,64.0,Female,STAGE I,EUR
TCGA-2Y-A9H3,Liver_Hepatocellular_Carcinoma,digestive,15,3.0,45.0,Male,STAGE II, 
TCGA-2Y-A9H4,Liver_Hepatocellular_Carcinoma,digestive,8,1.0,68.0,Male,STAGE I,AFR
TCGA-2Y-A9H5,Liver_Hepatocellular_Carcinoma,digestive,11,3.0,59.0,Female,STAGE I,EUR
TCGA-2Y-A9H6,Liver_Hepatocellular_Carcinoma,digestive,7,3.0,68.0,Female,STAGE I,EUR
TCGA-2Y-A9H7,Liver_Hepatocellular_Carcinoma,digestive,9,2.0,81.0,Female,STAGE I,EUR
TCGA-2Y-A9H8,Liver_Hepatocellular_Carcinoma,digestive,5,0.0,85.0,Female,STAGE II,EUR
TCGA-2Y-A9H9,Liver_Hepatocellular_Carcinoma,digestive,19,0.0,70.0,Male,STAGE I,EUR
TCGA-2Y-A9HA,Liver_Hepatocellular_Carcinoma,digestive,17,1.0,70.0,Male,STAGE II,EUR
TCGA-2Y-A9HB,Liver_Hepatocellular_Carcinoma,digestive,6,0.0,66.0,Male,STAGE I, 
TCGA-3K-AAZ8,Liver_Hepatocellular_Carcinoma,digestive,11,1.0,65.0,Male,STAGE IIIB,AFR
TCGA-4R-AA8I,Liver_Hepatocellular_Carcinoma,digestive,179,6.0,66.0,Male,STAGE II,EUR
TCGA-5C-A9VG,Liver_Hepatocellular_Carcinoma,digestive,13,0.0,58.0,Male,STAGE II,EUR
TCGA-5C-A9VH,Liver_Hepatocellular_Carcinoma,digestive,10,0.0,70.0,Male,STAGE I,EUR
TCGA-5C-AAPD,Liver_Hepatocellular_Carcinoma,digestive,10,1.0,61.0,Male,STAGE II,EAS
TCGA-5R-AA1C,Liver_Hepatocellular_Carcinoma,digestive,11,1.0,57.0,Male,STAGE II,EUR
TCGA-5R-AA1D,Liver_Hepatocellular_Carcinoma,digestive,1,0.0,17.0,Female,STAGE IIIA,EUR
TCGA-5R-AAAM,Liver_Hepatocellular_Carcinoma,digestive,11,1.0,65.0,Female,STAGE II,EUR
TCGA-BC-4073,Liver_Hepatocellular_Carcinoma,digestive,12,1.0,73.0,Male,STAGE IIIA,EUR
TCGA-BC-A10Q,Liver_Hepatocellular_Carcinoma,digestive,6,1.0,72.0,Female,,EUR
TCGA-BC-A10R,Liver_Hepatocellular_Carcinoma,digestive,10,2.0,66.0,Female,,EUR
TCGA-BC-A10T,Liver_Hepatocellular_Carcinoma,digestive,5,1.0,76.0,Male,,EUR
TCGA-BC-A10U,Liver_Hepatocellular_Carcinoma,digestive,19,2.0,69.0,Male,,EUR
TCGA-BC-A10W,Liver_Hepatocellular_Carcinoma,digestive,10,2.0,50.0,Male,,EAS
TCGA-BC-A10Y,Liver_Hepatocellular_Carcinoma,digestive,5,0.0,76.0,Male,,EUR
TCGA-BC-A10Z,Liver_Hepatocellular_Carcinoma,digestive,29,2.0,62.0,Female,STAGE I,EUR
TCGA-BC-A216,Liver_Hepatocellular_Carcinoma,digestive,7,1.0,62.0,Female,STAGE IIIA,EUR
TCGA-BC-A217,Liver_Hepatocellular_Carcinoma,digestive,6,0.0,75.0,Female,STAGE II,EUR
TCGA-BC-A3KF,Liver_Hepatocellular_Carcinoma,digestive,7,0.0,66.0,Female,STAGE I,EUR
TCGA-BC-A5W4,Liver_Hepatocellular_Carcinoma,digestive,6,0.0,69.0,Male,STAGE IIIA,EUR
TCGA-BC-A69H,Liver_Hepatocellular_Carcinoma,digestive,7,1.0,64.0,Male,STAGE II,EUR
TCGA-BC-A8YO,Liver_Hepatocellular_Carcinoma,digestive,13,1.0,66.0,Female,STAGE IIIC,EUR
TCGA-BD-A2L6,Liver_Hepatocellular_Carcinoma,digestive,14,2.0,69.0,Male,,EUR
TCGA-BD-A3EP,Liver_Hepatocellular_Carcinoma,digestive,13,1.0,75.0,Female,STAGE I,AFR
TCGA-BW-A5NO,Liver_Hepatocellular_Carcinoma,digestive,10,0.0,50.0,Male,STAGE IIIA,AFR
TCGA-BW-A5NP,Liver_Hepatocellular_Carcinoma,digestive,8,1.0,26.0,Female,STAGE IV, 
TCGA-BW-A5NQ,Liver_Hepatocellular_Carcinoma,digestive,15,3.0,63.0,Male,STAGE I,EUR
TCGA-CC-5258,Liver_Hepatocellular_Carcinoma,digestive,12,2.0,48.0,Male,STAGE II,EAS
TCGA-CC-5259,Liver_Hepatocellular_Carcinoma,digestive,18,0.0,60.0,Female,STAGE IIIC,EAS
TCGA-CC-5260,Liver_Hepatocellular_Carcinoma,digestive,7,1.0,61.0,Female,STAGE IIIC,EAS
TCGA-CC-5262,Liver_Hepatocellular_Carcinoma,digestive,13,1.0,67.0,Male,STAGE IIIC,EAS
TCGA-CC-5263,Liver_Hepatocellular_Carcinoma,digestive,17,1.0,35.0,Male,STAGE IIIA,EAS
TCGA-CC-5264,Liver_Hepatocellular_Carcinoma,digestive,14,1.0,71.0,Male,STAGE IIIA,EAS
TCGA-CC-A123,Liver_Hepatocellular_Carcinoma,digestive,10,2.0,24.0,Female,STAGE IIIA,EAS
TCGA-CC-A1HT,Liver_Hepatocellular_Carcinoma,digestive,10,2.0,50.0,Male,STAGE IIIA,EAS
TCGA-CC-A3M9,Liver_Hepatocellular_Carcinoma,digestive,9,0.0,45.0,Male,STAGE IIIA,EAS
TCGA-CC-A3MA,Liver_Hepatocellular_Carcinoma,digestive,5,3.0,61.0,Male,STAGE IIIA,EAS
TCGA-CC-A3MB,Liver_Hepatocellular_Carcinoma,digestive,7,0.0,36.0,Male,STAGE IIIA,EAS
TCGA-CC-A3MC,Liver_Hepatocellular_Carcinoma,digestive,15,0.0,54.0,Male,STAGE IIIA,EAS
TCGA-CC-A5UC,Liver_Hepatocellular_Carcinoma,digestive,4,2.0,63.0,Male,STAGE IIIA,EAS
TCGA-CC-A5UD,Liver_Hepatocellular_Carcinoma,digestive,20,2.0,45.0,Male,STAGE IIIA,EAS
TCGA-CC-A5UE,Liver_Hepatocellular_Carcinoma,digestive,14,2.0,48.0,Male,STAGE IIIB,EAS
TCGA-CC-A7IE,Liver_Hepatocellular_Carcinoma,digestive,16,1.0,57.0,Male,STAGE IIIA,EAS
TCGA-CC-A7IF,Liver_Hepatocellular_Carcinoma,digestive,10,0.0,59.0,Male,STAGE IIIA,EAS
TCGA-CC-A7IG,Liver_Hepatocellular_Carcinoma,digestive,14,2.0,47.0,Male,STAGE II,EAS
TCGA-CC-A7IH,Liver_Hepatocellular_Carcinoma,digestive,52,3.0,58.0,Male,STAGE IIIA,EAS
TCGA-CC-A7II,Liver_Hepatocellular_Carcinoma,digestive,14,1.0,54.0,Male,STAGE IIIA,EAS
TCGA-CC-A7IJ,Liver_Hepatocellular_Carcinoma,digestive,11,1.0,56.0,Male,STAGE II,EAS
TCGA-CC-A7IK,Liver_Hepatocellular_Carcinoma,digestive,24,0.0,59.0,Male,STAGE IIIA,EAS
TCGA-CC-A7IL,Liver_Hepatocellular_Carcinoma,digestive,9,0.0,61.0,Male,STAGE IIIA,EAS
TCGA-CC-A8HT,Liver_Hepatocellular_Carcinoma,digestive,18,1.0,74.0,Male,STAGE IIIA,EAS
TCGA-CC-A8HU,Liver_Hepatocellular_Carcinoma,digestive,9,1.0,39.0,Female,STAGE IIIA,EAS
TCGA-CC-A8HV,Liver_Hepatocellular_Carcinoma,digestive,13,1.0,51.0,Female,STAGE II,EAS
TCGA-CC-A9FS,Liver_Hepatocellular_Carcinoma,digestive,13,4.0,55.0,Male,STAGE II,EAS
TCGA-CC-A9FU,Liver_Hepatocellular_Carcinoma,digestive,5,0.0,52.0,Female,STAGE IIIA,EAS
TCGA-CC-A9FV,Liver_Hepatocellular_Carcinoma,digestive,2,0.0,57.0,Male,STAGE IIIA,EAS
TCGA-CC-A9FW,Liver_Hepatocellular_Carcinoma,digestive,16,0.0,68.0,Male,STAGE IIIA,EAS
TCGA-DD-A113,Liver_Hepatocellular_Carcinoma,digestive,12,1.0,55.0,Female,STAGE II,EUR
TCGA-DD-A114,Liver_Hepatocellular_Carcinoma,digestive,17,1.0,42.0,Male,STAGE II,AFR_ADMIX
TCGA-DD-A115,Liver_Hepatocellular_Carcinoma,digestive,9,0.0,53.0,Male,STAGE IIIA,EUR
TCGA-DD-A116,Liver_Hepatocellular_Carcinoma,digestive,11,1.0,68.0,Male,STAGE IIIA,EAS
TCGA-DD-A118,Liver_Hepatocellular_Carcinoma,digestive,14,2.0,77.0,Female,STAGE II,EUR
TCGA-DD-A119,Liver_Hepatocellular_Carcinoma,digestive,7,0.0,40.0,Male,STAGE IV,EAS
TCGA-DD-A11A,Liver_Hepatocellular_Carcinoma,digestive,8,1.0,67.0,Male,STAGE I,AFR
TCGA-DD-A11B,Liver_Hepatocellular_Carcinoma,digestive,6,0.0,73.0,Male,STAGE I,EUR
TCGA-DD-A11C,Liver_Hepatocellular_Carcinoma,digestive,6,0.0,69.0,Male,STAGE I,EUR
TCGA-DD-A11D,Liver_Hepatocellular_Carcinoma,digestive,12,0.0,57.0,Female,STAGE I,EUR
TCGA-DD-A1E9,Liver_Hepatocellular_Carcinoma,digestive,3,1.0,70.0,Male,STAGE I,EUR
TCGA-DD-A1EB,Liver_Hepatocellular_Carcinoma,digestive,15,0.0,72.0,Female,STAGE I,EUR
TCGA-DD-A1EC,Liver_Hepatocellular_Carcinoma,digestive,2,0.0,20.0,Female,STAGE I,EUR
TCGA-DD-A1ED,Liver_Hepatocellular_Carcinoma,digestive,4,0.0,68.0,Male,STAGE I,EUR
TCGA-DD-A1EE,Liver_Hepatocellular_Carcinoma,digestive,61,7.0,73.0,Male,STAGE IIIA,EUR
TCGA-DD-A1EF,Liver_Hepatocellular_Carcinoma,digestive,9,1.0,57.0,Female,STAGE I,EUR
TCGA-DD-A1EH,Liver_Hepatocellular_Carcinoma,digestive,8,5.0,23.0,Male,STAGE III,EUR
TCGA-DD-A1EI,Liver_Hepatocellular_Carcinoma,digestive,10,1.0,46.0,Male,STAGE I,EAS
TCGA-DD-A1EJ,Liver_Hepatocellular_Carcinoma,digestive,8,0.0,71.0,Female,STAGE IIIC,EUR
TCGA-DD-A1EK,Liver_Hepatocellular_Carcinoma,digestive,5,1.0,64.0,Female,STAGE IVB,EUR
TCGA-DD-A1EL,Liver_Hepatocellular_Carcinoma,digestive,5,0.0,23.0,Male,STAGE II,AFR_ADMIX
TCGA-DD-A39V,Liver_Hepatocellular_Carcinoma,digestive,10,1.0,77.0,Male,STAGE II,EUR
TCGA-DD-A39W,Liver_Hepatocellular_Carcinoma,digestive,4,1.0,29.0,Female,STAGE III,EUR
TCGA-DD-A39X,Liver_Hepatocellular_Carcinoma,digestive,9,0.0,78.0,Female,STAGE I,EUR
TCGA-DD-A39Z,Liver_Hepatocellular_Carcinoma,digestive,10,1.0,43.0,Female,STAGE II,EUR
TCGA-DD-A3A2,Liver_Hepatocellular_Carcinoma,digestive,10,1.0,76.0,Female,STAGE I,EUR
TCGA-DD-A3A3,Liver_Hepatocellular_Carcinoma,digestive,8,1.0,45.0,Male,STAGE I,EAS
TCGA-DD-A3A4,Liver_Hepatocellular_Carcinoma,digestive,5,0.0,37.0,Male,STAGE IIIA,EUR
TCGA-DD-A3A5,Liver_Hepatocellular_Carcinoma,digestive,10,1.0,66.0,Female,STAGE III,EUR
TCGA-DD-A3A6,Liver_Hepatocellular_Carcinoma,digestive,4,1.0,72.0,Female,STAGE II,EUR
TCGA-DD-A3A7,Liver_Hepatocellular_Carcinoma,digestive,11,1.0,67.0,Male,STAGE IIIB,EUR
TCGA-DD-A3A8,Liver_Hepatocellular_Carcinoma,digestive,10,1.0,75.0,Male,STAGE II,EUR
TCGA-DD-A3A9,Liver_Hepatocellular_Carcinoma,digestive,22,0.0,64.0,Female,STAGE IVB,EUR
TCGA-DD-A4NA,Liver_Hepatocellular_Carcinoma,digestive,4,0.0,67.0,Female,STAGE IIIC,EUR
TCGA-DD-A4NB,Liver_Hepatocellular_Carcinoma,digestive,7,1.0,25.0,Male,STAGE I,EUR
TCGA-DD-A4ND,Liver_Hepatocellular_Carcinoma,digestive,6,0.0,56.0,Female,STAGE I,EUR
TCGA-DD-A4NE,Liver_Hepatocellular_Carcinoma,digestive,11,2.0,75.0,Female,STAGE IIIA,EUR
TCGA-DD-A4NF,Liver_Hepatocellular_Carcinoma,digestive,8,0.0,72.0,Male,STAGE I,ADMIX
TCGA-DD-A4NG,Liver_Hepatocellular_Carcinoma,digestive,13,0.0,77.0,Male,STAGE IIIA,EUR
TCGA-DD-A4NH,Liver_Hepatocellular_Carcinoma,digestive,9,0.0,65.0,Female,STAGE IIIB,EUR
TCGA-DD-A4NI,Liver_Hepatocellular_Carcinoma,digestive,8,1.0,67.0,Male,STAGE II,EUR
TCGA-DD-A4NJ,Liver_Hepatocellular_Carcinoma,digestive,6,0.0,54.0,Female,STAGE II,EUR
TCGA-DD-A4NK,Liver_Hepatocellular_Carcinoma,digestive,9,2.0,80.0,Female,STAGE IIIA,EUR
TCGA-DD-A4NL,Liver_Hepatocellular_Carcinoma,digestive,2,0.0,46.0,Male,STAGE I,EUR
TCGA-DD-A4NN,Liver_Hepatocellular_Carcinoma,digestive,9,0.0,56.0,Female,STAGE I,EUR
TCGA-DD-A4NO,Liver_Hepatocellular_Carcinoma,digestive,9,1.0,65.0,Male,STAGE I,EUR
TCGA-DD-A4NP,Liver_Hepatocellular_Carcinoma,digestive,5,0.0,32.0,Male,STAGE I,EUR
TCGA-DD-A4NQ,Liver_Hepatocellular_Carcinoma,digestive,11,0.0,60.0,Male,STAGE II,EUR
TCGA-DD-A4NR,Liver_Hepatocellular_Carcinoma,digestive,9,1.0,85.0,Female,STAGE I,EUR
TCGA-DD-A4NS,Liver_Hepatocellular_Carcinoma,digestive,4,1.0,61.0,Female,STAGE I,EUR
TCGA-DD-A4NV,Liver_Hepatocellular_Carcinoma,digestive,10,0.0,61.0,Male,STAGE IIIA,EUR
TCGA-DD-A73A,Liver_Hepatocellular_Carcinoma,digestive,9,0.0,71.0,Male,STAGE I,EUR
TCGA-DD-A73B,Liver_Hepatocellular_Carcinoma,digestive,7,0.0,72.0,Female,STAGE I,EUR
TCGA-DD-A73C,Liver_Hepatocellular_Carcinoma,digestive,13,1.0,65.0,Female,STAGE IIIA,EUR
TCGA-DD-A73D,Liver_Hepatocellular_Carcinoma,digestive,7,1.0,68.0,Female,STAGE II,EUR
TCGA-DD-A73E,Liver_Hepatocellular_Carcinoma,digestive,9,1.0,66.0,Male,STAGE I,EUR
TCGA-DD-A73F,Liver_Hepatocellular_Carcinoma,digestive,4,1.0,77.0,Female,STAGE I,EUR
TCGA-DD-A73G,Liver_Hepatocellular_Carcinoma,digestive,12,0.0,73.0,Female,STAGE I,EUR
TCGA-DD-AA3A,Liver_Hepatocellular_Carcinoma,digestive,7,1.0,81.0,Female,STAGE I,EUR
TCGA-DD-AAC8,Liver_Hepatocellular_Carcinoma,digestive,38,1.0,72.0,Male,STAGE I,EAS
TCGA-DD-AAC9,Liver_Hepatocellular_Carcinoma,digestive,7,0.0,51.0,Male,STAGE I,EAS
TCGA-DD-AACA,Liver_Hepatocellular_Carcinoma,digestive,9,1.0,65.0,Male,STAGE I,EAS
TCGA-DD-AACB,Liver_Hepatocellular_Carcinoma,digestive,12,1.0,74.0,Female,STAGE I,EAS
TCGA-DD-AACC,Liver_Hepatocellular_Carcinoma,digestive,5,1.0,61.0,Male,STAGE I,EAS
TCGA-DD-AACD,Liver_Hepatocellular_Carcinoma,digestive,9,0.0,48.0,Male,STAGE I,EAS
TCGA-DD-AACE,Liver_Hepatocellular_Carcinoma,digestive,7,2.0,62.0,Male,STAGE I,EAS
TCGA-DD-AACF,Liver_Hepatocellular_Carcinoma,digestive,15,2.0,68.0,Male,STAGE I,EAS
TCGA-DD-AACG,Liver_Hepatocellular_Carcinoma,digestive,14,2.0,52.0,Male,STAGE II,EAS
TCGA-DD-AACH,Liver_Hepatocellular_Carcinoma,digestive,13,0.0,69.0,Male,STAGE II,EAS
TCGA-DD-AACI,Liver_Hepatocellular_Carcinoma,digestive,30,1.0,69.0,Male,STAGE II,EAS
TCGA-DD-AACJ,Liver_Hepatocellular_Carcinoma,digestive,9,0.0,75.0,Male,STAGE II,EAS
TCGA-DD-AACK,Liver_Hepatocellular_Carcinoma,digestive,22,0.0,70.0,Male,STAGE I,EAS
TCGA-DD-AACL,Liver_Hepatocellular_Carcinoma,digestive,27,0.0,66.0,Female,STAGE I,EAS
TCGA-DD-AACM,Liver_Hepatocellular_Carcinoma,digestive,9,2.0,48.0,Male,STAGE II,EAS
TCGA-DD-AACN,Liver_Hepatocellular_Carcinoma,digestive,4,1.0,32.0,Male,STAGE I,EAS
TCGA-DD-AACO,Liver_Hepatocellular_Carcinoma,digestive,9,1.0,40.0,Male,STAGE I,EAS
TCGA-DD-AACP,Liver_Hepatocellular_Carcinoma,digestive,13,0.0,64.0,Male,STAGE I,EAS
TCGA-DD-AACQ,Liver_Hepatocellular_Carcinoma,digestive,28,3.0,50.0,Male,STAGE II,EAS
TCGA-DD-AACS,Liver_Hepatocellular_Carcinoma,digestive,1,0.0,39.0,Male,STAGE I,EAS
TCGA-DD-AACT,Liver_Hepatocellular_Carcinoma,digestive,20,0.0,69.0,Female,STAGE I,EAS
TCGA-DD-AACU,Liver_Hepatocellular_Carcinoma,digestive,7,0.0,59.0,Male,STAGE I,EAS
TCGA-DD-AACV,Liver_Hepatocellular_Carcinoma,digestive,11,1.0,53.0,Male,STAGE I,EAS
TCGA-DD-AACW,Liver_Hepatocellular_Carcinoma,digestive,10,2.0,43.0,Male,STAGE I,EAS
TCGA-DD-AACX,Liver_Hepatocellular_Carcinoma,digestive,17,0.0,66.0,Male,STAGE II,EAS
TCGA-DD-AACY,Liver_Hepatocellular_Carcinoma,digestive,8,2.0,61.0,Male,STAGE I,EAS
TCGA-DD-AACZ,Liver_Hepatocellular_Carcinoma,digestive,12,1.0,63.0,Female,STAGE I,EAS
TCGA-DD-AAD0,Liver_Hepatocellular_Carcinoma,digestive,17,1.0,73.0,Female,STAGE I,EAS
TCGA-DD-AAD1,Liver_Hepatocellular_Carcinoma,digestive,6,1.0,51.0,Female,STAGE I,EAS
TCGA-DD-AAD2,Liver_Hepatocellular_Carcinoma,digestive,8,0.0,66.0,Male,STAGE I,EAS
TCGA-DD-AAD3,Liver_Hepatocellular_Carcinoma,digestive,7,0.0,43.0,Male,STAGE I,EAS
TCGA-DD-AAD5,Liver_Hepatocellular_Carcinoma,digestive,23,0.0,54.0,Male,STAGE I,EAS
TCGA-DD-AAD6,Liver_Hepatocellular_Carcinoma,digestive,7,0.0,66.0,Male,STAGE IIIA,EAS
TCGA-DD-AAD8,Liver_Hepatocellular_Carcinoma,digestive,10,0.0,73.0,Female,STAGE I,EAS
TCGA-DD-AADA,Liver_Hepatocellular_Carcinoma,digestive,10,2.0,66.0,Female,STAGE I,EAS
TCGA-DD-AADB,Liver_Hepatocellular_Carcinoma,digestive,9,0.0,51.0,Male,STAGE I,EAS
TCGA-DD-AADC,Liver_Hepatocellular_Carcinoma,digestive,10,3.0,53.0,Male,STAGE I,EAS
TCGA-DD-AADD,Liver_Hepatocellular_Carcinoma,digestive,10,0.0,51.0,Male,STAGE I,EAS
TCGA-DD-AADE,Liver_Hepatocellular_Carcinoma,digestive,20,1.0,50.0,Male,STAGE I,EAS
TCGA-DD-AADF,Liver_Hepatocellular_Carcinoma,digestive,20,0.0,64.0,Female,STAGE I,EAS
TCGA-DD-AADG,Liver_Hepatocellular_Carcinoma,digestive,25,2.0,70.0,Male,STAGE IIIA,EAS
TCGA-DD-AADI,Liver_Hepatocellular_Carcinoma,digestive,15,2.0,43.0,Female,STAGE I,EAS
TCGA-DD-AADJ,Liver_Hepatocellular_Carcinoma,digestive,7,0.0,70.0,Female,STAGE I,EAS
TCGA-DD-AADK,Liver_Hepatocellular_Carcinoma,digestive,7,0.0,68.0,Female,STAGE II,EAS
TCGA-DD-AADL,Liver_Hepatocellular_Carcinoma,digestive,17,0.0,58.0,Male,STAGE I,EAS
TCGA-DD-AADM,Liver_Hepatocellular_Carcinoma,digestive,24,4.0,58.0,Male,STAGE II,EAS
TCGA-DD-AADN,Liver_Hepatocellular_Carcinoma,digestive,12,1.0,59.0,Male,STAGE I,EAS
TCGA-DD-AADO,Liver_Hepatocellular_Carcinoma,digestive,25,2.0,55.0,Male,STAGE I,EAS
TCGA-DD-AADP,Liver_Hepatocellular_Carcinoma,digestive,7,2.0,45.0,Male,STAGE I,EAS
TCGA-DD-AADQ,Liver_Hepatocellular_Carcinoma,digestive,14,0.0,59.0,Male,STAGE II,EAS
TCGA-DD-AADR,Liver_Hepatocellular_Carcinoma,digestive,18,2.0,58.0,Male,STAGE I,EAS
TCGA-DD-AADS,Liver_Hepatocellular_Carcinoma,digestive,15,2.0,63.0,Male,STAGE I,EAS
TCGA-DD-AADU,Liver_Hepatocellular_Carcinoma,digestive,6,1.0,60.0,Male,STAGE II,EAS
TCGA-DD-AADV,Liver_Hepatocellular_Carcinoma,digestive,9,0.0,50.0,Male,STAGE I,EAS
TCGA-DD-AADW,Liver_Hepatocellular_Carcinoma,digestive,2,0.0,48.0,Male,STAGE I,EAS
TCGA-DD-AADY,Liver_Hepatocellular_Carcinoma,digestive,6,2.0,55.0,Female,STAGE I,EAS
TCGA-DD-AAE0,Liver_Hepatocellular_Carcinoma,digestive,5,1.0,45.0,Female,STAGE IIIA,EAS
TCGA-DD-AAE1,Liver_Hepatocellular_Carcinoma,digestive,9,1.0,52.0,Male,STAGE I,EAS
TCGA-DD-AAE2,Liver_Hepatocellular_Carcinoma,digestive,7,1.0,51.0,Male,STAGE I,EAS
TCGA-DD-AAE3,Liver_Hepatocellular_Carcinoma,digestive,17,0.0,50.0,Male,STAGE I,EAS
TCGA-DD-AAE4,Liver_Hepatocellular_Carcinoma,digestive,7,0.0,49.0,Female,STAGE I,EAS
TCGA-DD-AAE6,Liver_Hepatocellular_Carcinoma,digestive,13,3.0,59.0,Female,STAGE I,EAS
TCGA-DD-AAE7,Liver_Hepatocellular_Carcinoma,digestive,30,1.0,72.0,Male,STAGE I,EAS
TCGA-DD-AAE8,Liver_Hepatocellular_Carcinoma,digestive,3,1.0,45.0,Male,STAGE I,EAS
TCGA-DD-AAE9,Liver_Hepatocellular_Carcinoma,digestive,9,0.0,69.0,Male,STAGE I,EAS
TCGA-DD-AAEA,Liver_Hepatocellular_Carcinoma,digestive,15,1.0,65.0,Male,STAGE I,EAS
TCGA-DD-AAEB,Liver_Hepatocellular_Carcinoma,digestive,19,0.0,60.0,Male,STAGE I,EAS
TCGA-DD-AAED,Liver_Hepatocellular_Carcinoma,digestive,4,1.0,51.0,Male,STAGE I,EAS
TCGA-DD-AAEE,Liver_Hepatocellular_Carcinoma,digestive,6,0.0,55.0,Male,STAGE I,EAS
TCGA-DD-AAEG,Liver_Hepatocellular_Carcinoma,digestive,10,0.0,59.0,Female,STAGE I,EAS
TCGA-DD-AAEH,Liver_Hepatocellular_Carcinoma,digestive,11,2.0,73.0,Male,STAGE I,EAS
TCGA-DD-AAEI,Liver_Hepatocellular_Carcinoma,digestive,11,1.0,72.0,Male,STAGE I,EAS
TCGA-DD-AAEK,Liver_Hepatocellular_Carcinoma,digestive,9,1.0,51.0,Male,STAGE II,EAS
TCGA-DD-AAVP,Liver_Hepatocellular_Carcinoma,digestive,8,0.0,48.0,Male,STAGE I,EAS
TCGA-DD-AAVQ,Liver_Hepatocellular_Carcinoma,digestive,3,1.0,38.0,Male,STAGE I,EAS
TCGA-DD-AAVR,Liver_Hepatocellular_Carcinoma,digestive,9,1.0,44.0,Male,STAGE I,EAS
TCGA-DD-AAVS,Liver_Hepatocellular_Carcinoma,digestive,9,1.0,56.0,Male,STAGE I,EAS
TCGA-DD-AAVU,Liver_Hepatocellular_Carcinoma,digestive,6,1.0,46.0,Male,STAGE II,EAS
TCGA-DD-AAVV,Liver_Hepatocellular_Carcinoma,digestive,12,0.0,56.0,Male,STAGE II,EAS
TCGA-DD-AAVW,Liver_Hepatocellular_Carcinoma,digestive,7,0.0,35.0,Male,STAGE I,EAS
TCGA-DD-AAVX,Liver_Hepatocellular_Carcinoma,digestive,5,1.0,38.0,Male,STAGE II,EAS
TCGA-DD-AAVY,Liver_Hepatocellular_Carcinoma,digestive,9,0.0,56.0,Male,STAGE IIIA,EAS
TCGA-DD-AAVZ,Liver_Hepatocellular_Carcinoma,digestive,9,1.0,38.0,Male,STAGE I,EAS
TCGA-DD-AAW0,Liver_Hepatocellular_Carcinoma,digestive,8,0.0,54.0,Male,STAGE I,EAS
TCGA-DD-AAW1,Liver_Hepatocellular_Carcinoma,digestive,18,1.0,55.0,Male,STAGE IIIA,EAS
TCGA-DD-AAW2,Liver_Hepatocellular_Carcinoma,digestive,8,0.0,69.0,Male,STAGE I,EAS
TCGA-DD-AAW3,Liver_Hepatocellular_Carcinoma,digestive,10,0.0,69.0,Male,STAGE I,EAS
TCGA-ED-A459,Liver_Hepatocellular_Carcinoma,digestive,24,0.0,47.0,Male,STAGE II,EAS
TCGA-ED-A4XI,Liver_Hepatocellular_Carcinoma,digestive,7,0.0,58.0,Male,STAGE II,EAS
TCGA-ED-A5KG,Liver_Hepatocellular_Carcinoma,digestive,1,0.0,60.0,Female,STAGE II,EAS
TCGA-ED-A66X,Liver_Hepatocellular_Carcinoma,digestive,3,0.0,35.0,Male,STAGE IIIA,EAS
TCGA-ED-A66Y,Liver_Hepatocellular_Carcinoma,digestive,11,0.0,51.0,Female,STAGE IIIA,EAS
TCGA-ED-A7PX,Liver_Hepatocellular_Carcinoma,digestive,4,1.0,48.0,Female,STAGE II,EAS
TCGA-ED-A7PY,Liver_Hepatocellular_Carcinoma,digestive,4,1.0,20.0,Female,STAGE II,EAS
TCGA-ED-A7PZ,Liver_Hepatocellular_Carcinoma,digestive,14,3.0,61.0,Male,STAGE II,EAS
TCGA-ED-A7XO,Liver_Hepatocellular_Carcinoma,digestive,4,0.0,29.0,Male,STAGE IIIA,EAS
TCGA-ED-A7XP,Liver_Hepatocellular_Carcinoma,digestive,9,1.0,53.0,Female,STAGE II,EAS
TCGA-ED-A82E,Liver_Hepatocellular_Carcinoma,digestive,2,0.0,60.0,Female,STAGE IIIA,EAS
TCGA-ED-A8O5,Liver_Hepatocellular_Carcinoma,digestive,12,2.0,59.0,Female,STAGE IIIA,EAS
TCGA-ED-A8O6,Liver_Hepatocellular_Carcinoma,digestive,11,0.0,50.0,Female,STAGE IIIA,EAS
TCGA-ED-A97K,Liver_Hepatocellular_Carcinoma,digestive,6,3.0,54.0,Male,STAGE IIIA,EAS
TCGA-EP-A12J,Liver_Hepatocellular_Carcinoma,digestive,9,0.0,62.0,Male,STAGE I,AFR
TCGA-EP-A26S,Liver_Hepatocellular_Carcinoma,digestive,6,0.0,70.0,Male,STAGE I,EUR
TCGA-EP-A2KA,Liver_Hepatocellular_Carcinoma,digestive,13,0.0,52.0,Female,STAGE IIIA,EUR
TCGA-EP-A2KB,Liver_Hepatocellular_Carcinoma,digestive,10,1.0,46.0,Female,STAGE I,EUR
TCGA-EP-A2KC,Liver_Hepatocellular_Carcinoma,digestive,9,0.0,62.0,Male,STAGE I,AFR
TCGA-EP-A3JL,Liver_Hepatocellular_Carcinoma,digestive,8,0.0,76.0,Male,STAGE I,EUR
TCGA-EP-A3RK,Liver_Hepatocellular_Carcinoma,digestive,4,0.0,73.0,Male,STAGE IIIA,EUR
TCGA-ES-A2HS,Liver_Hepatocellular_Carcinoma,digestive,9,2.0,80.0,Male,STAGE I,EUR
TCGA-ES-A2HT,Liver_Hepatocellular_Carcinoma,digestive,3,0.0,54.0,Male,STAGE I,AFR
TCGA-FV-A23B,Liver_Hepatocellular_Carcinoma,digestive,17,3.0,70.0,Female,STAGE II,EUR
TCGA-FV-A2QQ,Liver_Hepatocellular_Carcinoma,digestive,14,0.0,80.0,Male,STAGE I,EUR
TCGA-FV-A2QR,Liver_Hepatocellular_Carcinoma,digestive,11,1.0,75.0,Male,STAGE I,EUR
TCGA-FV-A3I0,Liver_Hepatocellular_Carcinoma,digestive,7,0.0,76.0,Female,STAGE II,EUR
TCGA-FV-A3I1,Liver_Hepatocellular_Carcinoma,digestive,5,0.0,81.0,Female,STAGE II,EUR
TCGA-FV-A3R2,Liver_Hepatocellular_Carcinoma,digestive,10,2.0,75.0,Male,STAGE I,EUR
TCGA-FV-A3R3,Liver_Hepatocellular_Carcinoma,digestive,6,0.0,38.0,Female,STAGE I,EUR
TCGA-FV-A495,Liver_Hepatocellular_Carcinoma,digestive,13,0.0,51.0,Female,STAGE II,EUR
TCGA-FV-A496,Liver_Hepatocellular_Carcinoma,digestive,11,1.0,84.0,Female,STAGE I,EUR
TCGA-FV-A4ZP,Liver_Hepatocellular_Carcinoma,digestive,9,0.0,78.0,Male,STAGE IIIA,EUR
TCGA-FV-A4ZQ,Liver_Hepatocellular_Carcinoma,digestive,8,1.0,52.0,Male,STAGE I,EAS
TCGA-G3-A25S,Liver_Hepatocellular_Carcinoma,digestive,23,2.0,64.0,Male,STAGE I,EUR
TCGA-G3-A25T,Liver_Hepatocellular_Carcinoma,digestive,8,1.0,45.0,Female,STAGE IIIA,EUR
TCGA-G3-A25U,Liver_Hepatocellular_Carcinoma,digestive,15,1.0,63.0,Female,STAGE I,EAS
TCGA-G3-A25V,Liver_Hepatocellular_Carcinoma,digestive,12,3.0,68.0,Male,STAGE I,EUR
TCGA-G3-A25W,Liver_Hepatocellular_Carcinoma,digestive,13,0.0,79.0,Female,STAGE IIIB,EUR
TCGA-G3-A25Y,Liver_Hepatocellular_Carcinoma,digestive,4,1.0,52.0,Female,STAGE I,EAS
TCGA-G3-A25Z,Liver_Hepatocellular_Carcinoma,digestive,7,0.0,58.0,Male,STAGE I,EAS
TCGA-G3-A3CH,Liver_Hepatocellular_Carcinoma,digestive,4,2.0,53.0,Male,STAGE IIIA,EAS
TCGA-G3-A3CK,Liver_Hepatocellular_Carcinoma,digestive,23,2.0,61.0,Male,STAGE I,EAS
TCGA-G3-A5SI,Liver_Hepatocellular_Carcinoma,digestive,10,1.0,44.0,Male,STAGE II,SAS_ADMIX
TCGA-G3-A5SJ,Liver_Hepatocellular_Carcinoma,digestive,11,1.0,59.0,Male,STAGE I,EUR
TCGA-G3-A5SK,Liver_Hepatocellular_Carcinoma,digestive,10,1.0,58.0,Male,STAGE I,EUR
TCGA-G3-A5SL,Liver_Hepatocellular_Carcinoma,digestive,15,2.0,70.0,Male,STAGE II,EUR
TCGA-G3-A5SM,Liver_Hepatocellular_Carcinoma,digestive,8,0.0,58.0,Male,STAGE II,EUR
TCGA-G3-A6UC,Liver_Hepatocellular_Carcinoma,digestive,13,0.0,65.0,Male,STAGE IIIB,EUR
TCGA-G3-A7M5,Liver_Hepatocellular_Carcinoma,digestive,26,1.0,76.0,Male,STAGE I,EAS
TCGA-G3-A7M6,Liver_Hepatocellular_Carcinoma,digestive,7,0.0,60.0,Female,STAGE I,EUR
TCGA-G3-A7M7,Liver_Hepatocellular_Carcinoma,digestive,6,0.0,65.0,Male,STAGE I,EUR
TCGA-G3-A7M8,Liver_Hepatocellular_Carcinoma,digestive,4,0.0,31.0,Male,STAGE I,EAS
TCGA-G3-A7M9,Liver_Hepatocellular_Carcinoma,digestive,15,1.0,70.0,Male,STAGE IIIB,EUR
TCGA-G3-AAUZ,Liver_Hepatocellular_Carcinoma,digestive,9,0.0,48.0,Male,STAGE I,EAS
TCGA-G3-AAV0,Liver_Hepatocellular_Carcinoma,digestive,25,1.0,58.0,Male,STAGE I,EAS
TCGA-G3-AAV1,Liver_Hepatocellular_Carcinoma,digestive,7,0.0,51.0,Male,STAGE IIIC,EAS
TCGA-G3-AAV2,Liver_Hepatocellular_Carcinoma,digestive,4,0.0,50.0,Male,STAGE I,EUR
TCGA-G3-AAV3,Liver_Hepatocellular_Carcinoma,digestive,14,0.0,58.0,Female,STAGE II, 
TCGA-G3-AAV4,Liver_Hepatocellular_Carcinoma,digestive,9,1.0,83.0,Female,STAGE I,EUR
TCGA-G3-AAV5,Liver_Hepatocellular_Carcinoma,digestive,12,0.0,67.0,Male,STAGE II,EUR
TCGA-G3-AAV6,Liver_Hepatocellular_Carcinoma,digestive,8,0.0,53.0,Female,STAGE IIIA,EUR
TCGA-G3-AAV7,Liver_Hepatocellular_Carcinoma,digestive,12,3.0,38.0,Male,STAGE II,EAS
TCGA-GJ-A3OU,Liver_Hepatocellular_Carcinoma,digestive,4,0.0,59.0,Male,STAGE I,EUR
TCGA-GJ-A6C0,Liver_Hepatocellular_Carcinoma,digestive,6,0.0,75.0,Female,STAGE II,EUR
TCGA-GJ-A9DB,Liver_Hepatocellular_Carcinoma,digestive,7,0.0,68.0,Male,STAGE I,EUR
TCGA-HP-A5MZ,Liver_Hepatocellular_Carcinoma,digestive,5,0.0,78.0,Male,STAGE I,EUR
TCGA-HP-A5N0,Liver_Hepatocellular_Carcinoma,digestive,10,1.0,90.0,Female,,EUR
TCGA-K7-A5RF,Liver_Hepatocellular_Carcinoma,digestive,3,0.0,64.0,Male,STAGE I,EUR
TCGA-K7-A5RG,Liver_Hepatocellular_Carcinoma,digestive,11,1.0,66.0,Male,STAGE I,AFR
TCGA-K7-A6G5,Liver_Hepatocellular_Carcinoma,digestive,12,1.0,66.0,Male,STAGE I,EUR
TCGA-K7-AAU7,Liver_Hepatocellular_Carcinoma,digestive,8,1.0,61.0,Male,STAGE II,EUR
TCGA-KR-A7K0,Liver_Hepatocellular_Carcinoma,digestive,11,0.0,65.0,Male,STAGE I,EUR
TCGA-KR-A7K2,Liver_Hepatocellular_Carcinoma,digestive,5,0.0,64.0,Male,STAGE I,EUR
TCGA-KR-A7K7,Liver_Hepatocellular_Carcinoma,digestive,11,1.0,61.0,Female,STAGE II,EUR
TCGA-KR-A7K8,Liver_Hepatocellular_Carcinoma,digestive,8,1.0,57.0,Male,STAGE I, 
TCGA-LG-A6GG,Liver_Hepatocellular_Carcinoma,digestive,8,0.0,79.0,Female,STAGE II,EUR
TCGA-LG-A9QC,Liver_Hepatocellular_Carcinoma,digestive,4,1.0,48.0,Male,STAGE I,EUR
TCGA-LG-A9QD,Liver_Hepatocellular_Carcinoma,digestive,13,0.0,68.0,Male,STAGE IIIA, 
TCGA-MI-A75C,Liver_Hepatocellular_Carcinoma,digestive,15,3.0,64.0,Male,STAGE I,EUR
TCGA-MI-A75E,Liver_Hepatocellular_Carcinoma,digestive,13,0.0,61.0,Male,STAGE IIIC,EUR
TCGA-MI-A75G,Liver_Hepatocellular_Carcinoma,digestive,30,1.0,63.0,Male,STAGE II,EUR
TCGA-MI-A75H,Liver_Hepatocellular_Carcinoma,digestive,17,0.0,77.0,Male,,EUR
TCGA-MI-A75I,Liver_Hepatocellular_Carcinoma,digestive,16,0.0,61.0,Male,,AFR_ADMIX
TCGA-MR-A8JO,Liver_Hepatocellular_Carcinoma,digestive,5,0.0,34.0,Male,STAGE I,EUR
TCGA-NI-A4U2,Liver_Hepatocellular_Carcinoma,digestive,9,0.0,71.0,Male,STAGE IIIA,EUR
TCGA-NI-A8LF,Liver_Hepatocellular_Carcinoma,digestive,9,1.0,74.0,Male,STAGE I,EUR
TCGA-O8-A75V,Liver_Hepatocellular_Carcinoma,digestive,12,0.0,54.0,Male,STAGE I, 
TCGA-PD-A5DF,Liver_Hepatocellular_Carcinoma,digestive,8,1.0,58.0,Female,STAGE IIIB,EUR
TCGA-QA-A7B7,Liver_Hepatocellular_Carcinoma,digestive,9,1.0,48.0,Male,STAGE II,AFR
TCGA-RC-A6M3,Liver_Hepatocellular_Carcinoma,digestive,5,0.0,24.0,Male,STAGE II, 
TCGA-RC-A6M4,Liver_Hepatocellular_Carcinoma,digestive,10,1.0,74.0,Female,STAGE IIIA,EUR
TCGA-RC-A6M5,Liver_Hepatocellular_Carcinoma,digestive,2,0.0,20.0,Female,STAGE IVA,EUR
TCGA-RC-A6M6,Liver_Hepatocellular_Carcinoma,digestive,28,1.0,75.0,Male,STAGE II,EUR
TCGA-RC-A7S9,Liver_Hepatocellular_Carcinoma,digestive,5,0.0,47.0,Female,STAGE I,EAS
TCGA-RC-A7SB,Liver_Hepatocellular_Carcinoma,digestive,7,1.0,53.0,Male,STAGE II,EAS
TCGA-RC-A7SF,Liver_Hepatocellular_Carcinoma,digestive,8,2.0,66.0,Male,STAGE I,EAS
TCGA-RC-A7SH,Liver_Hepatocellular_Carcinoma,digestive,8,1.0,42.0,Male,STAGE II,EAS
TCGA-RC-A7SK,Liver_Hepatocellular_Carcinoma,digestive,13,0.0,59.0,Male,STAGE I,EAS
TCGA-RG-A7D4,Liver_Hepatocellular_Carcinoma,digestive,6,0.0,69.0,Male,STAGE II,AFR
TCGA-UB-A7MA,Liver_Hepatocellular_Carcinoma,digestive,6,0.0,62.0,Female,STAGE II,EUR
TCGA-UB-A7MB,Liver_Hepatocellular_Carcinoma,digestive,82,3.0,24.0,Male,STAGE II,EUR
TCGA-UB-A7MC,Liver_Hepatocellular_Carcinoma,digestive,9,1.0,59.0,Male,STAGE IIIA,EUR
TCGA-UB-A7MD,Liver_Hepatocellular_Carcinoma,digestive,9,0.0,67.0,Male,STAGE I,AFR_ADMIX
TCGA-UB-A7ME,Liver_Hepatocellular_Carcinoma,digestive,8,0.0,51.0,Male,STAGE I,EAS
TCGA-UB-A7MF,Liver_Hepatocellular_Carcinoma,digestive,12,1.0,56.0,Male,STAGE IIIA,EUR
TCGA-UB-AA0U,Liver_Hepatocellular_Carcinoma,digestive,12,0.0,60.0,Male,STAGE II,EUR
TCGA-UB-AA0V,Liver_Hepatocellular_Carcinoma,digestive,3,0.0,69.0,Female,STAGE I,EUR
TCGA-WJ-A86L,Liver_Hepatocellular_Carcinoma,digestive,17,2.0,68.0,Female,STAGE I,EUR
TCGA-WQ-A9G7,Liver_Hepatocellular_Carcinoma,digestive,91,3.0,71.0,Female,,EUR
TCGA-WQ-AB4B,Liver_Hepatocellular_Carcinoma,digestive,8,0.0,62.0,Male,STAGE II,EUR
TCGA-WX-AA44,Liver_Hepatocellular_Carcinoma,digestive,6,0.0,64.0,Female,STAGE I, 
TCGA-WX-AA46,Liver_Hepatocellular_Carcinoma,digestive,8,0.0,61.0,Male,STAGE II,EUR
TCGA-WX-AA47,Liver_Hepatocellular_Carcinoma,digestive,6,0.0,33.0,Female,STAGE IIIA,EUR
TCGA-XR-A8TD,Liver_Hepatocellular_Carcinoma,digestive,3,1.0,49.0,Female,STAGE IIIB, 
TCGA-XR-A8TE,Liver_Hepatocellular_Carcinoma,digestive,1,0.0,16.0,Male,STAGE IIIA,EUR_ADMIX
TCGA-XR-A8TF,Liver_Hepatocellular_Carcinoma,digestive,16,1.0,74.0,Male,STAGE I,EUR
TCGA-XR-A8TG,Liver_Hepatocellular_Carcinoma,digestive,12,0.0,58.0,Male,STAGE I,EUR
TCGA-YA-A8S7,Liver_Hepatocellular_Carcinoma,digestive,7,0.0,68.0,Male,STAGE IIIA, 
TCGA-ZP-A9CV,Liver_Hepatocellular_Carcinoma,digestive,13,3.0,59.0,Male,,AFR
TCGA-ZP-A9CY,Liver_Hepatocellular_Carcinoma,digestive,11,1.0,66.0,Female,, 
TCGA-ZP-A9CZ,Liver_Hepatocellular_Carcinoma,digestive,3,0.0,72.0,Male,,EAS
TCGA-ZP-A9D0,Liver_Hepatocellular_Carcinoma,digestive,9,0.0,67.0,Female,,AFR
TCGA-ZP-A9D1,Liver_Hepatocellular_Carcinoma,digestive,4,0.0,56.0,Female,,EUR
TCGA-ZP-A9D2,Liver_Hepatocellular_Carcinoma,digestive,10,0.0,51.0,Male,,EUR
TCGA-ZP-A9D4,Liver_Hepatocellular_Carcinoma,digestive,4,0.0,64.0,Female,,EUR
TCGA-ZS-A9CD,Liver_Hepatocellular_Carcinoma,digestive,11,0.0,73.0,Male,STAGE II,EUR
TCGA-ZS-A9CE,Liver_Hepatocellular_Carcinoma,digestive,21,4.0,79.0,Female,STAGE II,EUR
TCGA-ZS-A9CF,Liver_Hepatocellular_Carcinoma,digestive,12,0.0,64.0,Male,STAGE II,EUR
TCGA-ZS-A9CG,Liver_Hepatocellular_Carcinoma,digestive,4,0.0,55.0,Male,STAGE II,EUR
TCGA-05-4244,Lung_Adenocarcinoma,respiratory,18,2.0,70.0,Male,STAGE IV,EUR
TCGA-05-4249,Lung_Adenocarcinoma,respiratory,36,0.0,67.0,Male,STAGE IB,EUR
TCGA-05-4250,Lung_Adenocarcinoma,respiratory,31,2.0,79.0,Female,STAGE IIIA,EUR
TCGA-05-4382,Lung_Adenocarcinoma,respiratory,154,4.0,68.0,Male,STAGE IB,EUR
TCGA-05-4384,Lung_Adenocarcinoma,respiratory,14,0.0,66.0,Male,STAGE IIIA,EUR
TCGA-05-4389,Lung_Adenocarcinoma,respiratory,14,0.0,70.0,Male,STAGE IA,EUR
TCGA-05-4390,Lung_Adenocarcinoma,respiratory,59,2.0,58.0,Female,STAGE IB,EUR
TCGA-05-4395,Lung_Adenocarcinoma,respiratory,22,1.0,76.0,Male,STAGE IIIB,EUR
TCGA-05-4396,Lung_Adenocarcinoma,respiratory,24,3.0,76.0,Male,STAGE IIIB,EUR
TCGA-05-4397,Lung_Adenocarcinoma,respiratory,93,2.0,65.0,Male,STAGE IIB,EUR
TCGA-05-4398,Lung_Adenocarcinoma,respiratory,64,1.0,47.0,Female,STAGE IIIB,EUR
TCGA-05-4402,Lung_Adenocarcinoma,respiratory,14,3.0,57.0,Female,STAGE IV,EUR
TCGA-05-4403,Lung_Adenocarcinoma,respiratory,18,1.0,76.0,Male,STAGE IB,EUR
TCGA-05-4405,Lung_Adenocarcinoma,respiratory,40,2.0,74.0,Female,STAGE IB,EUR
TCGA-05-4410,Lung_Adenocarcinoma,respiratory,90,2.0,62.0,Male,STAGE IB,EUR
TCGA-05-4415,Lung_Adenocarcinoma,respiratory,14,1.0,57.0,Male,STAGE IIIB,EUR
TCGA-05-4417,Lung_Adenocarcinoma,respiratory,27,0.0,51.0,Female,STAGE IB,EUR
TCGA-05-4418,Lung_Adenocarcinoma,respiratory,19,1.0,69.0,Male,STAGE IIIA,EUR
TCGA-05-4420,Lung_Adenocarcinoma,respiratory,28,0.0,41.0,Male,STAGE IB,EUR
TCGA-05-4422,Lung_Adenocarcinoma,respiratory,8,1.0,68.0,Male,STAGE IB,EUR
TCGA-05-4424,Lung_Adenocarcinoma,respiratory,68,2.0,70.0,Male,STAGE IIB,EUR
TCGA-05-4425,Lung_Adenocarcinoma,respiratory,6,2.0,70.0,Female,STAGE IV,EUR
TCGA-05-4426,Lung_Adenocarcinoma,respiratory,6,1.0,71.0,Male,STAGE IB,EUR
TCGA-05-4427,Lung_Adenocarcinoma,respiratory,95,1.0,65.0,Female,STAGE IIB,EUR
TCGA-05-4430,Lung_Adenocarcinoma,respiratory,21,0.0,59.0,Female,STAGE IB,EUR
TCGA-05-4432,Lung_Adenocarcinoma,respiratory,57,2.0,66.0,Male,STAGE IIB,EUR
TCGA-05-4433,Lung_Adenocarcinoma,respiratory,3,1.0,82.0,Male,STAGE IB,EUR
TCGA-05-4434,Lung_Adenocarcinoma,respiratory,10,4.0,67.0,Female,STAGE IV,EUR
TCGA-05-5423,Lung_Adenocarcinoma,respiratory,14,0.0,65.0,Male,STAGE IIB,EUR
TCGA-05-5425,Lung_Adenocarcinoma,respiratory,63,1.0,68.0,Male,STAGE IIB,EUR
TCGA-05-5428,Lung_Adenocarcinoma,respiratory,39,2.0,57.0,Male,STAGE IIA,EUR
TCGA-05-5429,Lung_Adenocarcinoma,respiratory,7,1.0,60.0,Male,STAGE IIIA,EUR
TCGA-05-5715,Lung_Adenocarcinoma,respiratory,14,4.0,69.0,Female,STAGE IB,EUR
TCGA-35-3615,Lung_Adenocarcinoma,respiratory,13,3.0,57.0,Male,STAGE IB,EUR
TCGA-35-4122,Lung_Adenocarcinoma,respiratory,27,1.0,69.0,Male,STAGE IA,EUR
TCGA-35-4123,Lung_Adenocarcinoma,respiratory,23,1.0,38.0,Male,STAGE IA,EUR
TCGA-35-5375,Lung_Adenocarcinoma,respiratory,39,5.0,61.0,Male,STAGE IIIA,EUR
TCGA-38-4625,Lung_Adenocarcinoma,respiratory,56,2.0,66.0,Female,STAGE IB,EUR
TCGA-38-4626,Lung_Adenocarcinoma,respiratory,26,0.0,57.0,Female,STAGE IIA,EUR
TCGA-38-4627,Lung_Adenocarcinoma,respiratory,4,0.0,64.0,Female,STAGE IIA,EUR
TCGA-38-4628,Lung_Adenocarcinoma,respiratory,14,2.0,65.0,Female,STAGE IIB,EUR
TCGA-38-4631,Lung_Adenocarcinoma,respiratory,82,5.0,72.0,Female,STAGE IB,EUR
TCGA-38-4632,Lung_Adenocarcinoma,respiratory,54,1.0,42.0,Male,STAGE IV,AFR
TCGA-38-6178,Lung_Adenocarcinoma,respiratory,9,1.0,70.0,Female,STAGE IIIA,EUR
TCGA-38-7271,Lung_Adenocarcinoma,respiratory,13,2.0,72.0,Female,STAGE IA,EUR
TCGA-38-A44F,Lung_Adenocarcinoma,respiratory,2,0.0,80.0,Male,STAGE IB,EUR
TCGA-44-2655,Lung_Adenocarcinoma,respiratory,14,0.0,65.0,Female,STAGE IA,EUR
TCGA-44-2656,Lung_Adenocarcinoma,respiratory,88,3.0,59.0,Male,STAGE IB,EUR
TCGA-44-2657,Lung_Adenocarcinoma,respiratory,25,0.0,74.0,Female,STAGE IB,EUR
TCGA-44-2659,Lung_Adenocarcinoma,respiratory,44,2.0,65.0,Female,STAGE IIB,EUR
TCGA-44-2662,Lung_Adenocarcinoma,respiratory,16,1.0,65.0,Male,STAGE IB,EUR
TCGA-44-2665,Lung_Adenocarcinoma,respiratory,2,1.0,55.0,Female,STAGE IIB,EUR
TCGA-44-2666,Lung_Adenocarcinoma,respiratory,1,1.0,43.0,Male,STAGE IB, 
TCGA-44-2668,Lung_Adenocarcinoma,respiratory,42,2.0,51.0,Male,STAGE IB,EUR
TCGA-44-3396,Lung_Adenocarcinoma,respiratory,20,2.0,74.0,Female,STAGE IIIA,EUR
TCGA-44-3398,Lung_Adenocarcinoma,respiratory,18,1.0,77.0,Female,STAGE IA,EUR
TCGA-44-3917,Lung_Adenocarcinoma,respiratory,19,1.0,33.0,Female,STAGE IB,EUR
TCGA-44-3918,Lung_Adenocarcinoma,respiratory,84,4.0,60.0,Female,STAGE IA,EUR
TCGA-44-3919,Lung_Adenocarcinoma,respiratory,4,1.0,71.0,Female,STAGE IA,EUR
TCGA-44-4112,Lung_Adenocarcinoma,respiratory,52,3.0,60.0,Female,STAGE IB,EUR
TCGA-44-5643,Lung_Adenocarcinoma,respiratory,17,0.0,53.0,Male,STAGE IIIA,AFR
TCGA-44-5644,Lung_Adenocarcinoma,respiratory,89,2.0,51.0,Female,STAGE IB,EUR
TCGA-44-5645,Lung_Adenocarcinoma,respiratory,7,3.0,61.0,Female,STAGE IA,AFR_ADMIX
TCGA-44-6144,Lung_Adenocarcinoma,respiratory,14,1.0,58.0,Male,STAGE IA,EUR
TCGA-44-6145,Lung_Adenocarcinoma,respiratory,31,0.0,62.0,Female,STAGE IA,EUR
TCGA-44-6146,Lung_Adenocarcinoma,respiratory,8,0.0,64.0,Male,STAGE IIB,EUR
TCGA-44-6148,Lung_Adenocarcinoma,respiratory,1,0.0,60.0,Male,STAGE IA,EUR
TCGA-44-6774,Lung_Adenocarcinoma,respiratory,34,0.0,56.0,Female,STAGE IIIA,EUR
TCGA-44-6775,Lung_Adenocarcinoma,respiratory,8,3.0,72.0,Female,STAGE IB, 
TCGA-44-6776,Lung_Adenocarcinoma,respiratory,23,2.0,60.0,Female,STAGE IA,EUR
TCGA-44-6777,Lung_Adenocarcinoma,respiratory,36,2.0,85.0,Female,STAGE IB,EUR
TCGA-44-6778,Lung_Adenocarcinoma,respiratory,31,0.0,59.0,Male,STAGE IA,AFR
TCGA-44-6779,Lung_Adenocarcinoma,respiratory,11,1.0,50.0,Female,STAGE IIB,EUR
TCGA-44-7659,Lung_Adenocarcinoma,respiratory,15,1.0,70.0,Male,STAGE IA,EUR
TCGA-44-7660,Lung_Adenocarcinoma,respiratory,34,1.0,72.0,Male,STAGE IB,EUR
TCGA-44-7661,Lung_Adenocarcinoma,respiratory,23,2.0,69.0,Female,STAGE IB,EUR
TCGA-44-7662,Lung_Adenocarcinoma,respiratory,47,2.0,61.0,Male,STAGE IB,EUR
TCGA-44-7667,Lung_Adenocarcinoma,respiratory,45,2.0,49.0,Female,STAGE IIB,EUR
TCGA-44-7669,Lung_Adenocarcinoma,respiratory,52,2.0,59.0,Male,STAGE IIA,AFR
TCGA-44-7670,Lung_Adenocarcinoma,respiratory,119,3.0,47.0,Female,STAGE IIA,EUR
TCGA-44-7671,Lung_Adenocarcinoma,respiratory,26,2.0,64.0,Male,STAGE IB,AFR
TCGA-44-7672,Lung_Adenocarcinoma,respiratory,17,0.0,52.0,Female,STAGE IA,EUR
TCGA-44-8117,Lung_Adenocarcinoma,respiratory,79,4.0,54.0,Female,STAGE IB,EUR
TCGA-44-8119,Lung_Adenocarcinoma,respiratory,56,1.0,73.0,Male,STAGE IIB,EUR
TCGA-44-8120,Lung_Adenocarcinoma,respiratory,66,5.0,58.0,Male,STAGE IB,AFR
TCGA-44-A479,Lung_Adenocarcinoma,respiratory,23,1.0,73.0,Female,STAGE IB,AFR_ADMIX
TCGA-44-A47A,Lung_Adenocarcinoma,respiratory,27,1.0,78.0,Female,STAGE IB,EUR
TCGA-44-A47B,Lung_Adenocarcinoma,respiratory,6,0.0,79.0,Male,STAGE IB,EUR
TCGA-44-A47F,Lung_Adenocarcinoma,respiratory,5,2.0,74.0,Male,STAGE IIB,EUR
TCGA-44-A47G,Lung_Adenocarcinoma,respiratory,9,0.0,73.0,Female,STAGE IA,EUR
TCGA-44-A4SS,Lung_Adenocarcinoma,respiratory,45,1.0,73.0,Male,STAGE IA,EUR
TCGA-44-A4SU,Lung_Adenocarcinoma,respiratory,12,1.0,67.0,Female,STAGE IA,EUR
TCGA-49-4486,Lung_Adenocarcinoma,respiratory,14,1.0,72.0,Male,STAGE IA,EUR
TCGA-49-4487,Lung_Adenocarcinoma,respiratory,37,3.0,72.0,Female,STAGE IA,EUR
TCGA-49-4488,Lung_Adenocarcinoma,respiratory,31,1.0,74.0,Female,STAGE IA,EUR
TCGA-49-4490,Lung_Adenocarcinoma,respiratory,2,1.0,45.0,Female,STAGE IIIA,EUR
TCGA-49-4494,Lung_Adenocarcinoma,respiratory,14,1.0,77.0,Male,STAGE IIIA,EUR
TCGA-49-4501,Lung_Adenocarcinoma,respiratory,4,1.0,67.0,Female,STAGE IB,EUR
TCGA-49-4505,Lung_Adenocarcinoma,respiratory,16,0.0,61.0,Female,STAGE IIB,EUR
TCGA-49-4506,Lung_Adenocarcinoma,respiratory,19,1.0,68.0,Female,STAGE IIB,EUR
TCGA-49-4507,Lung_Adenocarcinoma,respiratory,16,1.0,73.0,Female,STAGE IIIA,EUR
TCGA-49-4510,Lung_Adenocarcinoma,respiratory,6,1.0,51.0,Female,STAGE IIB,AFR
TCGA-49-4512,Lung_Adenocarcinoma,respiratory,3,0.0,69.0,Female,STAGE IIIA,EUR
TCGA-49-4514,Lung_Adenocarcinoma,respiratory,32,1.0,79.0,Female,STAGE IA,EUR
TCGA-49-6742,Lung_Adenocarcinoma,respiratory,21,2.0,70.0,Male,STAGE IIA,EUR
TCGA-49-6743,Lung_Adenocarcinoma,respiratory,75,1.0,81.0,Female,STAGE IIIA,EUR
TCGA-49-6744,Lung_Adenocarcinoma,respiratory,26,0.0,64.0,Female,STAGE IIA,EUR
TCGA-49-6745,Lung_Adenocarcinoma,respiratory,12,1.0,82.0,Male,STAGE IIIA,EUR
TCGA-49-6761,Lung_Adenocarcinoma,respiratory,19,1.0,68.0,Female,STAGE IIIA,EUR
TCGA-49-6767,Lung_Adenocarcinoma,respiratory,43,4.0,46.0,Female,STAGE IIB,EUR
TCGA-49-AAQV,Lung_Adenocarcinoma,respiratory,3,0.0,63.0,Female,STAGE II,AFR
TCGA-49-AAR0,Lung_Adenocarcinoma,respiratory,12,2.0,57.0,Male,STAGE IA,AFR
TCGA-49-AAR2,Lung_Adenocarcinoma,respiratory,48,1.0,64.0,Male,STAGE IB,AFR
TCGA-49-AAR3,Lung_Adenocarcinoma,respiratory,6,3.0,69.0,Male,STAGE IIB,EUR
TCGA-49-AAR4,Lung_Adenocarcinoma,respiratory,51,1.0,51.0,Male,STAGE IIIA,AFR_ADMIX
TCGA-49-AAR9,Lung_Adenocarcinoma,respiratory,56,1.0,61.0,Male,STAGE IIB,AFR
TCGA-49-AARE,Lung_Adenocarcinoma,respiratory,111,2.0,51.0,Female,STAGE IA,AFR
TCGA-49-AARN,Lung_Adenocarcinoma,respiratory,54,3.0,56.0,Female,STAGE IA,AFR_ADMIX
TCGA-49-AARO,Lung_Adenocarcinoma,respiratory,48,2.0,39.0,Female,STAGE IA,AFR_ADMIX
TCGA-49-AARQ,Lung_Adenocarcinoma,respiratory,64,3.0,41.0,Female,STAGE I,AFR_ADMIX
TCGA-4B-A93V,Lung_Adenocarcinoma,respiratory,8,0.0,52.0,Female,STAGE IA,AFR
TCGA-50-5044,Lung_Adenocarcinoma,respiratory,8,0.0,72.0,Female,STAGE IIIB,EUR
TCGA-50-5045,Lung_Adenocarcinoma,respiratory,34,2.0,57.0,Female,STAGE IA,AFR_ADMIX
TCGA-50-5049,Lung_Adenocarcinoma,respiratory,80,1.0,70.0,Male,STAGE IA,EUR
TCGA-50-5051,Lung_Adenocarcinoma,respiratory,9,0.0,42.0,Female,STAGE IIIA,EUR
TCGA-50-5055,Lung_Adenocarcinoma,respiratory,2,0.0,79.0,Female,STAGE IIA,EUR
TCGA-50-5066,Lung_Adenocarcinoma,respiratory,24,1.0,72.0,Male,STAGE IB,AFR
TCGA-50-5068,Lung_Adenocarcinoma,respiratory,6,1.0,59.0,Female,STAGE IIB,EUR
TCGA-50-5072,Lung_Adenocarcinoma,respiratory,21,2.0,74.0,Male,STAGE IIIA,EUR
TCGA-50-5930,Lung_Adenocarcinoma,respiratory,109,2.0,47.0,Male,STAGE IIIA,EUR
TCGA-50-5931,Lung_Adenocarcinoma,respiratory,29,2.0,75.0,Female,STAGE IB,EUR
TCGA-50-5932,Lung_Adenocarcinoma,respiratory,9,0.0,75.0,Male,STAGE IIB,EUR
TCGA-50-5933,Lung_Adenocarcinoma,respiratory,45,1.0,72.0,Male,STAGE IIIB,EUR
TCGA-50-5935,Lung_Adenocarcinoma,respiratory,4,0.0,86.0,Female,STAGE IA,EUR
TCGA-50-5936,Lung_Adenocarcinoma,respiratory,11,2.0,58.0,Male,STAGE IIIA,EUR
TCGA-50-5939,Lung_Adenocarcinoma,respiratory,9,0.0,85.0,Male,STAGE IB,EUR
TCGA-50-5941,Lung_Adenocarcinoma,respiratory,38,1.0,55.0,Female,STAGE IIIA,EUR
TCGA-50-5942,Lung_Adenocarcinoma,respiratory,7,3.0,67.0,Female,STAGE IA,EUR
TCGA-50-5944,Lung_Adenocarcinoma,respiratory,6,2.0,69.0,Female,STAGE IA,EUR
TCGA-50-5946,Lung_Adenocarcinoma,respiratory,61,4.0,62.0,Male,STAGE IA,EUR
TCGA-50-6590,Lung_Adenocarcinoma,respiratory,73,2.0,72.0,Female,STAGE IB,EUR
TCGA-50-6591,Lung_Adenocarcinoma,respiratory,7,2.0,63.0,Female,STAGE IV,EUR
TCGA-50-6592,Lung_Adenocarcinoma,respiratory,29,1.0,71.0,Female,STAGE IB,EUR
TCGA-50-6593,Lung_Adenocarcinoma,respiratory,29,3.0,49.0,Female,STAGE IIIA,EUR
TCGA-50-6594,Lung_Adenocarcinoma,respiratory,72,3.0,79.0,Female,STAGE IIIA,AFR
TCGA-50-6595,Lung_Adenocarcinoma,respiratory,8,2.0,74.0,Female,STAGE IIIA,EUR
TCGA-50-6597,Lung_Adenocarcinoma,respiratory,6,1.0,79.0,Female,STAGE IB,EUR
TCGA-50-6673,Lung_Adenocarcinoma,respiratory,11,1.0,84.0,Female,STAGE I,EUR
TCGA-50-7109,Lung_Adenocarcinoma,respiratory,24,0.0,60.0,Male,STAGE IA,EUR
TCGA-50-8457,Lung_Adenocarcinoma,respiratory,10,1.0,63.0,Female,STAGE IA,EUR
TCGA-50-8459,Lung_Adenocarcinoma,respiratory,10,0.0,68.0,Male,STAGE IIB,EUR
TCGA-50-8460,Lung_Adenocarcinoma,respiratory,4,0.0,74.0,Male,STAGE IA,EUR
TCGA-53-7624,Lung_Adenocarcinoma,respiratory,70,1.0,40.0,Female,STAGE IV,AMR
TCGA-53-7626,Lung_Adenocarcinoma,respiratory,23,1.0,76.0,Female,STAGE IIA,EUR
TCGA-53-7813,Lung_Adenocarcinoma,respiratory,23,4.0,51.0,Female,STAGE IIIB,EUR
TCGA-53-A4EZ,Lung_Adenocarcinoma,respiratory,42,0.0,63.0,Male,STAGE IIA, 
TCGA-55-1592,Lung_Adenocarcinoma,respiratory,35,1.0,65.0,Male,STAGE IA,EUR
TCGA-55-1594,Lung_Adenocarcinoma,respiratory,15,3.0,68.0,Male,STAGE IIIA,EUR
TCGA-55-1595,Lung_Adenocarcinoma,respiratory,31,1.0,74.0,Female,STAGE IA,EUR
TCGA-55-1596,Lung_Adenocarcinoma,respiratory,20,1.0,55.0,Male,STAGE IIB,EAS
TCGA-55-5899,Lung_Adenocarcinoma,respiratory,36,4.0,58.0,Male,STAGE IA,EUR
TCGA-55-6543,Lung_Adenocarcinoma,respiratory,4,0.0,60.0,Female,STAGE IA,EUR
TCGA-55-6642,Lung_Adenocarcinoma,respiratory,15,1.0,63.0,Male,STAGE IB,EUR
TCGA-55-6712,Lung_Adenocarcinoma,respiratory,20,2.0,71.0,Male,STAGE IIA,EUR
TCGA-55-6968,Lung_Adenocarcinoma,respiratory,44,4.0,61.0,Male,STAGE IV,EUR
TCGA-55-6969,Lung_Adenocarcinoma,respiratory,37,2.0,52.0,Male,STAGE IB,EUR
TCGA-55-6970,Lung_Adenocarcinoma,respiratory,18,2.0,67.0,Female,STAGE IIIA,EUR
TCGA-55-6971,Lung_Adenocarcinoma,respiratory,11,1.0,59.0,Female,STAGE IB,EUR
TCGA-55-6972,Lung_Adenocarcinoma,respiratory,28,0.0,72.0,Male,STAGE IB,EUR
TCGA-55-6975,Lung_Adenocarcinoma,respiratory,11,1.0,61.0,Male,STAGE IIB,EUR
TCGA-55-6978,Lung_Adenocarcinoma,respiratory,3,0.0,81.0,Male,STAGE IIA,EUR
TCGA-55-6979,Lung_Adenocarcinoma,respiratory,9,0.0,59.0,Female,STAGE IIB,EUR
TCGA-55-6980,Lung_Adenocarcinoma,respiratory,3,2.0,56.0,Male,STAGE IA,EUR
TCGA-55-6981,Lung_Adenocarcinoma,respiratory,6,1.0,53.0,Female,STAGE IIIA,EUR
TCGA-55-6982,Lung_Adenocarcinoma,respiratory,17,0.0,79.0,Female,STAGE IIB,EUR
TCGA-55-6983,Lung_Adenocarcinoma,respiratory,14,1.0,81.0,Male,STAGE IIB,EUR
TCGA-55-6984,Lung_Adenocarcinoma,respiratory,3,0.0,71.0,Female,STAGE IIB,EUR
TCGA-55-6985,Lung_Adenocarcinoma,respiratory,37,0.0,58.0,Female,STAGE IB,EUR
TCGA-55-6986,Lung_Adenocarcinoma,respiratory,2,1.0,74.0,Female,STAGE IB,EUR
TCGA-55-6987,Lung_Adenocarcinoma,respiratory,22,1.0,77.0,Male,STAGE IA,EUR
TCGA-55-7227,Lung_Adenocarcinoma,respiratory,15,2.0,77.0,Male,STAGE IIIA,EUR
TCGA-55-7281,Lung_Adenocarcinoma,respiratory,50,0.0,70.0,Female,STAGE IA,EUR
TCGA-55-7283,Lung_Adenocarcinoma,respiratory,23,2.0,76.0,Female,STAGE IIIA,EUR
TCGA-55-7284,Lung_Adenocarcinoma,respiratory,3,0.0,74.0,Male,STAGE IIB,EUR
TCGA-55-7570,Lung_Adenocarcinoma,respiratory,39,0.0,60.0,Male,STAGE IA,AFR
TCGA-55-7573,Lung_Adenocarcinoma,respiratory,8,3.0,72.0,Female,STAGE IA,EUR
TCGA-55-7574,Lung_Adenocarcinoma,respiratory,24,5.0,64.0,Female,STAGE IB,EUR
TCGA-55-7576,Lung_Adenocarcinoma,respiratory,33,2.0,54.0,Male,STAGE IB,AFR
TCGA-55-7724,Lung_Adenocarcinoma,respiratory,25,3.0,76.0,Female,STAGE IB,EUR
TCGA-55-7725,Lung_Adenocarcinoma,respiratory,18,1.0,68.0,Female,STAGE IA,AFR
TCGA-55-7726,Lung_Adenocarcinoma,respiratory,14,2.0,72.0,Female,STAGE IA,EUR
TCGA-55-7727,Lung_Adenocarcinoma,respiratory,18,1.0,70.0,Male,STAGE IIIA,EUR
TCGA-55-7728,Lung_Adenocarcinoma,respiratory,9,1.0,64.0,Female,STAGE IB,EUR
TCGA-55-7815,Lung_Adenocarcinoma,respiratory,8,2.0,76.0,Male,STAGE IB,EUR
TCGA-55-7816,Lung_Adenocarcinoma,respiratory,1,0.0,49.0,Female,STAGE IV,EUR
TCGA-55-7903,Lung_Adenocarcinoma,respiratory,15,2.0,64.0,Male,STAGE IA,EUR
TCGA-55-7907,Lung_Adenocarcinoma,respiratory,116,4.0,77.0,Male,STAGE IIA,EUR
TCGA-55-7910,Lung_Adenocarcinoma,respiratory,28,0.0,50.0,Female,STAGE IIA,AFR
TCGA-55-7911,Lung_Adenocarcinoma,respiratory,18,1.0,70.0,Female,STAGE IA,EUR
TCGA-55-7913,Lung_Adenocarcinoma,respiratory,27,2.0,61.0,Female,STAGE IA,AFR_ADMIX
TCGA-55-7914,Lung_Adenocarcinoma,respiratory,15,2.0,71.0,Female,STAGE IIA,EUR
TCGA-55-7994,Lung_Adenocarcinoma,respiratory,160,5.0,81.0,Male,STAGE IIB,EUR
TCGA-55-7995,Lung_Adenocarcinoma,respiratory,44,1.0,73.0,Female,STAGE IA,EUR
TCGA-55-8085,Lung_Adenocarcinoma,respiratory,24,1.0,64.0,Male,STAGE IA,EUR
TCGA-55-8087,Lung_Adenocarcinoma,respiratory,5,0.0,59.0,Female,STAGE IB,EUR
TCGA-55-8089,Lung_Adenocarcinoma,respiratory,93,3.0,56.0,Male,STAGE IA,EUR
TCGA-55-8090,Lung_Adenocarcinoma,respiratory,8,1.0,80.0,Male,STAGE IA,EUR
TCGA-55-8091,Lung_Adenocarcinoma,respiratory,1,1.0,74.0,Male,STAGE IB,EUR
TCGA-55-8092,Lung_Adenocarcinoma,respiratory,46,2.0,75.0,Male,STAGE IIB,EUR
TCGA-55-8094,Lung_Adenocarcinoma,respiratory,40,1.0,51.0,Male,STAGE IV,EUR
TCGA-55-8096,Lung_Adenocarcinoma,respiratory,15,1.0,67.0,Female,STAGE IB,EUR
TCGA-55-8097,Lung_Adenocarcinoma,respiratory,9,1.0,60.0,Female,STAGE IA,EUR
TCGA-55-8203,Lung_Adenocarcinoma,respiratory,27,0.0,69.0,Female,STAGE IA,EUR
TCGA-55-8204,Lung_Adenocarcinoma,respiratory,15,0.0,87.0,Female,STAGE IB,EUR
TCGA-55-8205,Lung_Adenocarcinoma,respiratory,56,3.0,76.0,Female,STAGE IIA,EUR
TCGA-55-8206,Lung_Adenocarcinoma,respiratory,5,1.0,56.0,Male,STAGE IA,EUR
TCGA-55-8207,Lung_Adenocarcinoma,respiratory,29,3.0,73.0,Male,STAGE IB,EUR
TCGA-55-8208,Lung_Adenocarcinoma,respiratory,27,1.0,73.0,Female,STAGE IA,EUR
TCGA-55-8299,Lung_Adenocarcinoma,respiratory,13,1.0,61.0,Female,STAGE IA,EUR
TCGA-55-8301,Lung_Adenocarcinoma,respiratory,31,0.0,58.0,Male,STAGE IB,EUR
TCGA-55-8302,Lung_Adenocarcinoma,respiratory,68,2.0,54.0,Male,STAGE IB,EUR
TCGA-55-8505,Lung_Adenocarcinoma,respiratory,3,1.0,62.0,Male,STAGE IIIA,EUR
TCGA-55-8506,Lung_Adenocarcinoma,respiratory,241,1.0,62.0,Female,STAGE IIB,EUR
TCGA-55-8507,Lung_Adenocarcinoma,respiratory,79,4.0,53.0,Male,STAGE IA,EUR
TCGA-55-8508,Lung_Adenocarcinoma,respiratory,24,0.0,60.0,Female,STAGE IIA,AFR
TCGA-55-8510,Lung_Adenocarcinoma,respiratory,28,1.0,55.0,Female,STAGE IB,EUR
TCGA-55-8511,Lung_Adenocarcinoma,respiratory,59,4.0,73.0,Female,STAGE IB,EUR
TCGA-55-8512,Lung_Adenocarcinoma,respiratory,3,0.0,41.0,Male,STAGE IV,EUR
TCGA-55-8514,Lung_Adenocarcinoma,respiratory,31,0.0,70.0,Female,STAGE IB,AFR
TCGA-55-8614,Lung_Adenocarcinoma,respiratory,19,0.0,76.0,Male,STAGE IB,EUR
TCGA-55-8615,Lung_Adenocarcinoma,respiratory,10,1.0,67.0,Male,STAGE IIIA,EUR
TCGA-55-8616,Lung_Adenocarcinoma,respiratory,44,1.0,58.0,Female,STAGE IB,EUR
TCGA-55-8619,Lung_Adenocarcinoma,respiratory,1,0.0,72.0,Female,STAGE IIB,EUR
TCGA-55-8620,Lung_Adenocarcinoma,respiratory,55,4.0,60.0,Male,STAGE IV,EUR
TCGA-55-8621,Lung_Adenocarcinoma,respiratory,6,0.0,75.0,Female,STAGE IA,EUR
TCGA-55-A48X,Lung_Adenocarcinoma,respiratory,39,1.0,63.0,Female,STAGE IIA,EUR
TCGA-55-A48Y,Lung_Adenocarcinoma,respiratory,27,2.0,69.0,Male,STAGE IIA,EUR
TCGA-55-A48Z,Lung_Adenocarcinoma,respiratory,4,0.0,60.0,Female,STAGE IIIB,EUR
TCGA-55-A490,Lung_Adenocarcinoma,respiratory,133,3.0,78.0,Male,STAGE IIA,EUR
TCGA-55-A491,Lung_Adenocarcinoma,respiratory,34,1.0,81.0,Female,STAGE IA,EUR
TCGA-55-A492,Lung_Adenocarcinoma,respiratory,34,2.0,70.0,Female,STAGE IA,EUR
TCGA-55-A493,Lung_Adenocarcinoma,respiratory,23,1.0,54.0,Female,STAGE IB,EUR
TCGA-55-A494,Lung_Adenocarcinoma,respiratory,21,0.0,61.0,Female,STAGE IB,EUR
TCGA-55-A4DF,Lung_Adenocarcinoma,respiratory,67,2.0,88.0,Male,STAGE IA,EUR
TCGA-55-A4DG,Lung_Adenocarcinoma,respiratory,75,2.0,71.0,Male,STAGE IA,EUR
TCGA-55-A57B,Lung_Adenocarcinoma,respiratory,5,1.0,80.0,Female,STAGE IA,AFR_ADMIX
TCGA-62-8394,Lung_Adenocarcinoma,respiratory,10,0.0,65.0,Female,STAGE IIIB,EUR
TCGA-62-8395,Lung_Adenocarcinoma,respiratory,12,1.0,80.0,Female,STAGE IIB,EUR
TCGA-62-8397,Lung_Adenocarcinoma,respiratory,5,1.0,70.0,Female,STAGE IIB,EUR
TCGA-62-8398,Lung_Adenocarcinoma,respiratory,7,1.0,55.0,Male,STAGE IIIA,EUR
TCGA-62-8399,Lung_Adenocarcinoma,respiratory,50,1.0,62.0,Male,STAGE IIIA,EUR
TCGA-62-8402,Lung_Adenocarcinoma,respiratory,4,1.0,73.0,Female,STAGE IIIA,EUR
TCGA-62-A46O,Lung_Adenocarcinoma,respiratory,91,4.0,65.0,Female,STAGE IB,EUR
TCGA-62-A46P,Lung_Adenocarcinoma,respiratory,31,4.0,65.0,Male,STAGE IB,EUR
TCGA-62-A46R,Lung_Adenocarcinoma,respiratory,26,1.0,54.0,Female,STAGE IB,EUR
TCGA-62-A46S,Lung_Adenocarcinoma,respiratory,9,0.0,73.0,Male,STAGE IB,EUR
TCGA-62-A46U,Lung_Adenocarcinoma,respiratory,3,1.0,71.0,Female,STAGE IIB,EUR
TCGA-62-A46V,Lung_Adenocarcinoma,respiratory,6,2.0,78.0,Female,STAGE IB,EUR
TCGA-62-A46Y,Lung_Adenocarcinoma,respiratory,9,1.0,70.0,Female,STAGE IIIA,EUR
TCGA-62-A470,Lung_Adenocarcinoma,respiratory,17,2.0,84.0,Male,STAGE IB,EUR
TCGA-62-A471,Lung_Adenocarcinoma,respiratory,6,0.0,64.0,Male,STAGE IIB,EUR
TCGA-62-A472,Lung_Adenocarcinoma,respiratory,9,1.0,70.0,Male,STAGE IIB,EUR
TCGA-64-1676,Lung_Adenocarcinoma,respiratory,48,2.0,58.0,Male,STAGE IA,EUR
TCGA-64-1679,Lung_Adenocarcinoma,respiratory,52,0.0,58.0,Female,STAGE IIIA,EUR
TCGA-64-1680,Lung_Adenocarcinoma,respiratory,8,1.0,63.0,Male,STAGE IV,EUR
TCGA-64-1681,Lung_Adenocarcinoma,respiratory,12,1.0,61.0,Female,STAGE IA,EUR
TCGA-64-5774,Lung_Adenocarcinoma,respiratory,14,2.0,60.0,Male,STAGE IB,EUR
TCGA-64-5775,Lung_Adenocarcinoma,respiratory,56,0.0,71.0,Male,STAGE IIIA,EUR
TCGA-64-5778,Lung_Adenocarcinoma,respiratory,43,0.0,60.0,Male,STAGE IB,EUR
TCGA-64-5779,Lung_Adenocarcinoma,respiratory,35,1.0,61.0,Male,STAGE IIIA,EUR
TCGA-64-5781,Lung_Adenocarcinoma,respiratory,121,4.0,55.0,Female,STAGE IB,EUR
TCGA-64-5815,Lung_Adenocarcinoma,respiratory,19,0.0,74.0,Male,STAGE IIB,EUR
TCGA-67-3770,Lung_Adenocarcinoma,respiratory,17,2.0,70.0,Female,STAGE IA,EUR
TCGA-67-3771,Lung_Adenocarcinoma,respiratory,111,2.0,77.0,Female,STAGE IA,AFR_ADMIX
TCGA-67-3773,Lung_Adenocarcinoma,respiratory,10,0.0,84.0,Female,STAGE IB,EUR
TCGA-67-3774,Lung_Adenocarcinoma,respiratory,10,0.0,73.0,Female,STAGE IB,EUR
TCGA-67-4679,Lung_Adenocarcinoma,respiratory,38,0.0,69.0,Male,,EUR
TCGA-67-6215,Lung_Adenocarcinoma,respiratory,3,0.0,52.0,Female,STAGE IB,EUR
TCGA-67-6216,Lung_Adenocarcinoma,respiratory,9,1.0,57.0,Female,STAGE IA,EUR
TCGA-67-6217,Lung_Adenocarcinoma,respiratory,15,0.0,73.0,Female,STAGE IIA,EUR
TCGA-69-7760,Lung_Adenocarcinoma,respiratory,11,2.0,73.0,Male,STAGE IIB,EUR
TCGA-69-7761,Lung_Adenocarcinoma,respiratory,6,0.0,84.0,Male,STAGE IB,EUR
TCGA-69-7763,Lung_Adenocarcinoma,respiratory,9,2.0,69.0,Male,STAGE IA,EUR
TCGA-69-7764,Lung_Adenocarcinoma,respiratory,5,1.0,75.0,Male,STAGE IA,EUR
TCGA-69-7765,Lung_Adenocarcinoma,respiratory,57,4.0,56.0,Male,STAGE IV,AFR
TCGA-69-7973,Lung_Adenocarcinoma,respiratory,31,0.0,42.0,Female,STAGE IB,EUR
TCGA-69-7974,Lung_Adenocarcinoma,respiratory,50,7.0,54.0,Female,STAGE IIIA,EUR
TCGA-69-7978,Lung_Adenocarcinoma,respiratory,56,7.0,59.0,Male,STAGE IIB,EUR
TCGA-69-7979,Lung_Adenocarcinoma,respiratory,140,2.0,71.0,Female,STAGE IB,EUR
TCGA-69-7980,Lung_Adenocarcinoma,respiratory,81,3.0,70.0,Female,STAGE I,EUR
TCGA-69-8253,Lung_Adenocarcinoma,respiratory,12,1.0,59.0,Female,STAGE IIA,AFR_ADMIX
TCGA-69-8254,Lung_Adenocarcinoma,respiratory,11,2.0,85.0,Male,,EAS
TCGA-69-8255,Lung_Adenocarcinoma,respiratory,36,2.0,71.0,Male,STAGE IA, 
TCGA-69-A59K,Lung_Adenocarcinoma,respiratory,46,0.0,60.0,Female,STAGE IIB,AFR_ADMIX
TCGA-71-6725,Lung_Adenocarcinoma,respiratory,2,0.0,48.0,Female,STAGE IB,EAS
TCGA-71-8520,Lung_Adenocarcinoma,respiratory,9,1.0,60.0,Female,STAGE IB,EAS
TCGA-73-4658,Lung_Adenocarcinoma,respiratory,38,0.0,80.0,Female,STAGE IB,EUR
TCGA-73-4659,Lung_Adenocarcinoma,respiratory,22,2.0,66.0,Male,STAGE IIIA,EUR
TCGA-73-4662,Lung_Adenocarcinoma,respiratory,20,2.0,65.0,Female,STAGE IA,EUR
TCGA-73-4666,Lung_Adenocarcinoma,respiratory,29,0.0,52.0,Female,STAGE IV,EUR
TCGA-73-4668,Lung_Adenocarcinoma,respiratory,62,0.0,66.0,Female,STAGE IIB, 
TCGA-73-4670,Lung_Adenocarcinoma,respiratory,40,1.0,69.0,Female,STAGE IV,EUR
TCGA-73-4675,Lung_Adenocarcinoma,respiratory,12,0.0,59.0,Male,STAGE IIIA,EUR
TCGA-73-4676,Lung_Adenocarcinoma,respiratory,12,4.0,45.0,Male,STAGE IIA,EUR
TCGA-73-4677,Lung_Adenocarcinoma,respiratory,19,2.0,74.0,Male,STAGE IA,EUR
TCGA-73-7498,Lung_Adenocarcinoma,respiratory,11,2.0,58.0,Female,STAGE IA,EUR
TCGA-73-7499,Lung_Adenocarcinoma,respiratory,3,1.0,81.0,Female,STAGE IB,EUR
TCGA-73-A9RS,Lung_Adenocarcinoma,respiratory,92,1.0,41.0,Male,STAGE IIB,AFR
TCGA-78-7145,Lung_Adenocarcinoma,respiratory,20,1.0,52.0,Female,STAGE IV,EUR
TCGA-78-7146,Lung_Adenocarcinoma,respiratory,24,1.0,71.0,Female,STAGE IIIA,EUR
TCGA-78-7147,Lung_Adenocarcinoma,respiratory,38,2.0,67.0,Female,STAGE IIB,EUR
TCGA-78-7148,Lung_Adenocarcinoma,respiratory,18,2.0,71.0,Male,STAGE IIB,EUR
TCGA-78-7149,Lung_Adenocarcinoma,respiratory,17,0.0,71.0,Male,STAGE IIIB,EUR
TCGA-78-7150,Lung_Adenocarcinoma,respiratory,40,1.0,59.0,Male,STAGE IIB,EUR
TCGA-78-7152,Lung_Adenocarcinoma,respiratory,20,1.0,65.0,Male,STAGE IB,EUR
TCGA-78-7153,Lung_Adenocarcinoma,respiratory,10,1.0,65.0,Female,STAGE IB,EUR
TCGA-78-7154,Lung_Adenocarcinoma,respiratory,15,0.0,72.0,Male,STAGE IIIA,EUR
TCGA-78-7155,Lung_Adenocarcinoma,respiratory,150,4.0,68.0,Male,STAGE IB,EUR
TCGA-78-7156,Lung_Adenocarcinoma,respiratory,40,7.0,62.0,Male,STAGE IV,EUR
TCGA-78-7158,Lung_Adenocarcinoma,respiratory,24,1.0,59.0,Female,STAGE IIIB,EUR
TCGA-78-7159,Lung_Adenocarcinoma,respiratory,31,3.0,60.0,Female,STAGE IA,EUR
TCGA-78-7160,Lung_Adenocarcinoma,respiratory,4,1.0,61.0,Male,STAGE IV,EUR
TCGA-78-7161,Lung_Adenocarcinoma,respiratory,12,0.0,69.0,Female,STAGE IIB,EUR
TCGA-78-7162,Lung_Adenocarcinoma,respiratory,6,0.0,75.0,Male,STAGE IA,EUR
TCGA-78-7163,Lung_Adenocarcinoma,respiratory,3,0.0,60.0,Male,STAGE IB,EUR
TCGA-78-7166,Lung_Adenocarcinoma,respiratory,21,1.0,84.0,Male,STAGE IIB,EUR
TCGA-78-7167,Lung_Adenocarcinoma,respiratory,13,0.0,77.0,Male,STAGE IV,EUR
TCGA-78-7220,Lung_Adenocarcinoma,respiratory,84,2.0,53.0,Female,STAGE IIIA,EUR
TCGA-78-7535,Lung_Adenocarcinoma,respiratory,8,2.0,45.0,Male,STAGE IB,EUR
TCGA-78-7536,Lung_Adenocarcinoma,respiratory,54,3.0,69.0,Male,STAGE IIIA,EUR
TCGA-78-7537,Lung_Adenocarcinoma,respiratory,22,1.0,72.0,Male,STAGE IB,EUR
TCGA-78-7539,Lung_Adenocarcinoma,respiratory,42,2.0,75.0,Female,STAGE IIA,EUR
TCGA-78-7540,Lung_Adenocarcinoma,respiratory,2,1.0,66.0,Female,STAGE IB,EUR
TCGA-78-7542,Lung_Adenocarcinoma,respiratory,36,3.0,56.0,Male,STAGE IB,EUR
TCGA-78-7633,Lung_Adenocarcinoma,respiratory,11,3.0,67.0,Male,STAGE IB,EUR
TCGA-78-8640,Lung_Adenocarcinoma,respiratory,62,1.0,59.0,Male,STAGE IIA,EUR
TCGA-78-8648,Lung_Adenocarcinoma,respiratory,1,0.0,58.0,Female,STAGE IIB,EUR
TCGA-78-8655,Lung_Adenocarcinoma,respiratory,14,0.0,77.0,Female,STAGE IA,EUR
TCGA-78-8660,Lung_Adenocarcinoma,respiratory,21,4.0,69.0,Male,STAGE IIB,EUR
TCGA-78-8662,Lung_Adenocarcinoma,respiratory,93,3.0,53.0,Female,STAGE IB,EUR
TCGA-83-5908,Lung_Adenocarcinoma,respiratory,25,1.0,59.0,Female,STAGE IA,EUR
TCGA-86-6562,Lung_Adenocarcinoma,respiratory,4,1.0,52.0,Male,STAGE IIA,EUR
TCGA-86-6851,Lung_Adenocarcinoma,respiratory,84,1.0,73.0,Female,STAGE IIA,EUR
TCGA-86-7701,Lung_Adenocarcinoma,respiratory,13,1.0,66.0,Male,STAGE IV,EUR
TCGA-86-7711,Lung_Adenocarcinoma,respiratory,28,2.0,70.0,Male,STAGE IIA,EUR
TCGA-86-7713,Lung_Adenocarcinoma,respiratory,20,1.0,70.0,Male,STAGE IIA,EUR
TCGA-86-7714,Lung_Adenocarcinoma,respiratory,8,2.0,61.0,Female,STAGE IIIA,AFR
TCGA-86-7953,Lung_Adenocarcinoma,respiratory,4,0.0,69.0,Female,STAGE IA,EUR
TCGA-86-7954,Lung_Adenocarcinoma,respiratory,19,0.0,68.0,Female,STAGE IB,EUR
TCGA-86-7955,Lung_Adenocarcinoma,respiratory,32,0.0,62.0,Male,STAGE IB,EUR
TCGA-86-8054,Lung_Adenocarcinoma,respiratory,21,3.0,61.0,Male,STAGE IIB,EUR
TCGA-86-8055,Lung_Adenocarcinoma,respiratory,1,0.0,79.0,Male,STAGE IIA,EUR
TCGA-86-8056,Lung_Adenocarcinoma,respiratory,20,2.0,63.0,Female,STAGE IIIA,EUR
TCGA-86-8073,Lung_Adenocarcinoma,respiratory,127,5.0,58.0,Male,STAGE IB,EUR
TCGA-86-8074,Lung_Adenocarcinoma,respiratory,7,2.0,62.0,Female,STAGE IIA,EUR
TCGA-86-8075,Lung_Adenocarcinoma,respiratory,5,0.0,66.0,Female,STAGE IB,EUR
TCGA-86-8076,Lung_Adenocarcinoma,respiratory,4,0.0,42.0,Male,STAGE IA,EUR
TCGA-86-8278,Lung_Adenocarcinoma,respiratory,9,1.0,63.0,Female,STAGE IIB,EUR
TCGA-86-8279,Lung_Adenocarcinoma,respiratory,42,2.0,46.0,Male,STAGE IIA,EUR
TCGA-86-8280,Lung_Adenocarcinoma,respiratory,1,1.0,54.0,Female,STAGE IIA,EUR
TCGA-86-8281,Lung_Adenocarcinoma,respiratory,30,2.0,75.0,Male,STAGE IA,EUR
TCGA-86-8358,Lung_Adenocarcinoma,respiratory,110,1.0,44.0,Male,STAGE IB,EUR
TCGA-86-8359,Lung_Adenocarcinoma,respiratory,14,1.0,52.0,Male,STAGE IIIA,EUR
TCGA-86-8585,Lung_Adenocarcinoma,respiratory,56,3.0,57.0,Male,STAGE IB,EUR
TCGA-86-8668,Lung_Adenocarcinoma,respiratory,5,0.0,61.0,Female,STAGE IA,EUR
TCGA-86-8669,Lung_Adenocarcinoma,respiratory,14,0.0,64.0,Male,STAGE IA,EUR
TCGA-86-8671,Lung_Adenocarcinoma,respiratory,2,0.0,72.0,Female,STAGE IIB,EUR
TCGA-86-8672,Lung_Adenocarcinoma,respiratory,33,5.0,59.0,Male,STAGE IIB,EUR
TCGA-86-8673,Lung_Adenocarcinoma,respiratory,64,3.0,61.0,Male,STAGE IB,EUR
TCGA-86-8674,Lung_Adenocarcinoma,respiratory,39,2.0,50.0,Male,STAGE IIA,EUR
TCGA-86-A456,Lung_Adenocarcinoma,respiratory,36,0.0,78.0,Female,STAGE IA,EAS
TCGA-86-A4JF,Lung_Adenocarcinoma,respiratory,197,8.0,56.0,Male,STAGE IIB,EUR
TCGA-86-A4P7,Lung_Adenocarcinoma,respiratory,10,1.0,63.0,Female,STAGE IB,EUR
TCGA-91-6828,Lung_Adenocarcinoma,respiratory,32,2.0,70.0,Male,STAGE IA,EUR
TCGA-91-6829,Lung_Adenocarcinoma,respiratory,60,2.0,78.0,Male,STAGE IB,EUR
TCGA-91-6830,Lung_Adenocarcinoma,respiratory,19,3.0,65.0,Female,STAGE IIA,EUR
TCGA-91-6831,Lung_Adenocarcinoma,respiratory,22,0.0,66.0,Male,STAGE IB,EUR
TCGA-91-6835,Lung_Adenocarcinoma,respiratory,8,0.0,81.0,Female,STAGE IA,EUR
TCGA-91-6836,Lung_Adenocarcinoma,respiratory,49,1.0,52.0,Female,STAGE IB,EUR
TCGA-91-6840,Lung_Adenocarcinoma,respiratory,9,0.0,59.0,Female,STAGE IA,EUR
TCGA-91-6847,Lung_Adenocarcinoma,respiratory,9,1.0,62.0,Female,STAGE IB,EUR
TCGA-91-6848,Lung_Adenocarcinoma,respiratory,49,2.0,59.0,Male,STAGE IIIA,EUR
TCGA-91-6849,Lung_Adenocarcinoma,respiratory,12,2.0,75.0,Female,STAGE IIIA,AFR_ADMIX
TCGA-91-7771,Lung_Adenocarcinoma,respiratory,17,1.0,62.0,Male,STAGE IIB,EUR
TCGA-91-8496,Lung_Adenocarcinoma,respiratory,8,0.0,63.0,Female,STAGE IB,EUR
TCGA-91-8497,Lung_Adenocarcinoma,respiratory,4,0.0,75.0,Female,STAGE IA,EUR
TCGA-91-8499,Lung_Adenocarcinoma,respiratory,40,2.0,76.0,Female,STAGE IA,EUR
TCGA-91-A4BC,Lung_Adenocarcinoma,respiratory,39,1.0,59.0,Male,STAGE IIA,EUR
TCGA-91-A4BD,Lung_Adenocarcinoma,respiratory,2,1.0,78.0,Male,STAGE IIA,EUR
TCGA-93-7347,Lung_Adenocarcinoma,respiratory,13,1.0,76.0,Female,STAGE IA,EUR
TCGA-93-7348,Lung_Adenocarcinoma,respiratory,8,0.0,75.0,Female,STAGE IA,EUR
TCGA-93-8067,Lung_Adenocarcinoma,respiratory,46,2.0,77.0,Male,STAGE IB,EAS
TCGA-93-A4JN,Lung_Adenocarcinoma,respiratory,10,1.0,71.0,Male,STAGE IV,EUR
TCGA-93-A4JO,Lung_Adenocarcinoma,respiratory,8,0.0,70.0,Male,STAGE IA,EUR
TCGA-93-A4JP,Lung_Adenocarcinoma,respiratory,8,1.0,64.0,Male,STAGE IV,EAS
TCGA-93-A4JQ,Lung_Adenocarcinoma,respiratory,7,0.0,49.0,Male,STAGE IA,EUR
TCGA-95-7039,Lung_Adenocarcinoma,respiratory,137,3.0,54.0,Female,STAGE IIB,EUR
TCGA-95-7043,Lung_Adenocarcinoma,respiratory,123,3.0,63.0,Female,STAGE IA,AFR_ADMIX
TCGA-95-7562,Lung_Adenocarcinoma,respiratory,65,4.0,71.0,Male,STAGE IIA,AFR_ADMIX
TCGA-95-7567,Lung_Adenocarcinoma,respiratory,95,2.0,61.0,Male,STAGE IIB,EUR
TCGA-95-7944,Lung_Adenocarcinoma,respiratory,17,1.0,71.0,Male,STAGE IA,EUR
TCGA-95-7947,Lung_Adenocarcinoma,respiratory,41,2.0,67.0,Male,STAGE IA,EUR
TCGA-95-7948,Lung_Adenocarcinoma,respiratory,17,1.0,42.0,Female,STAGE IB,EUR
TCGA-95-8039,Lung_Adenocarcinoma,respiratory,9,0.0,72.0,Male,STAGE IA,EUR
TCGA-95-8494,Lung_Adenocarcinoma,respiratory,8,0.0,67.0,Male,STAGE IIA,EUR
TCGA-95-A4VK,Lung_Adenocarcinoma,respiratory,20,0.0,74.0,Female,STAGE IIIA,EUR
TCGA-95-A4VN,Lung_Adenocarcinoma,respiratory,50,1.0,62.0,Female,STAGE IIA,EUR
TCGA-95-A4VP,Lung_Adenocarcinoma,respiratory,8,1.0,66.0,Female,STAGE IIIA,EUR
TCGA-97-7546,Lung_Adenocarcinoma,respiratory,28,1.0,76.0,Female,STAGE IA,EUR
TCGA-97-7547,Lung_Adenocarcinoma,respiratory,17,0.0,67.0,Female,STAGE IB,EUR
TCGA-97-7552,Lung_Adenocarcinoma,respiratory,4,0.0,70.0,Male,STAGE IB,EUR
TCGA-97-7553,Lung_Adenocarcinoma,respiratory,12,1.0,58.0,Female,STAGE IA,EUR
TCGA-97-7554,Lung_Adenocarcinoma,respiratory,41,2.0,83.0,Female,STAGE IIIA,EUR
TCGA-97-7937,Lung_Adenocarcinoma,respiratory,58,1.0,65.0,Male,STAGE IB,EUR
TCGA-97-7938,Lung_Adenocarcinoma,respiratory,38,1.0,76.0,Female,STAGE IA,EUR
TCGA-97-7941,Lung_Adenocarcinoma,respiratory,13,2.0,72.0,Female,STAGE IA,EUR
TCGA-97-8171,Lung_Adenocarcinoma,respiratory,6,1.0,81.0,Male,STAGE IV,EAS
TCGA-97-8172,Lung_Adenocarcinoma,respiratory,40,2.0,75.0,Female,STAGE IB,EUR
TCGA-97-8174,Lung_Adenocarcinoma,respiratory,17,1.0,67.0,Male,STAGE IIA,EUR
TCGA-97-8175,Lung_Adenocarcinoma,respiratory,4,0.0,55.0,Female,STAGE IB,EUR
TCGA-97-8176,Lung_Adenocarcinoma,respiratory,19,0.0,63.0,Male,STAGE IIIA,EUR
TCGA-97-8177,Lung_Adenocarcinoma,respiratory,2,1.0,59.0,Female,STAGE IB,EUR
TCGA-97-8179,Lung_Adenocarcinoma,respiratory,20,2.0,72.0,Male,STAGE IA,EUR
TCGA-97-8547,Lung_Adenocarcinoma,respiratory,8,1.0,78.0,Female,STAGE IIIA, 
TCGA-97-8552,Lung_Adenocarcinoma,respiratory,5,2.0,55.0,Female,STAGE I,EUR
TCGA-97-A4LX,Lung_Adenocarcinoma,respiratory,13,2.0,81.0,Male,STAGE IB,EUR
TCGA-97-A4M0,Lung_Adenocarcinoma,respiratory,34,0.0,60.0,Female,STAGE IB,EUR
TCGA-97-A4M1,Lung_Adenocarcinoma,respiratory,2,1.0,52.0,Female,STAGE IA,EUR
TCGA-97-A4M2,Lung_Adenocarcinoma,respiratory,1,0.0,66.0,Male,STAGE IA,EUR
TCGA-97-A4M3,Lung_Adenocarcinoma,respiratory,16,2.0,69.0,Female,STAGE IA,EUR
TCGA-97-A4M5,Lung_Adenocarcinoma,respiratory,24,1.0,83.0,Male,STAGE IA,EUR
TCGA-97-A4M6,Lung_Adenocarcinoma,respiratory,5,2.0,45.0,Female,STAGE IA,EUR
TCGA-97-A4M7,Lung_Adenocarcinoma,respiratory,28,1.0,74.0,Male,STAGE IA,EUR
TCGA-99-7458,Lung_Adenocarcinoma,respiratory,60,2.0,74.0,Female,STAGE IIIA,EUR
TCGA-99-8025,Lung_Adenocarcinoma,respiratory,34,1.0,72.0,Female,STAGE IIIA,AFR
TCGA-99-8028,Lung_Adenocarcinoma,respiratory,33,1.0,50.0,Female,STAGE IA,AFR
TCGA-99-8032,Lung_Adenocarcinoma,respiratory,59,0.0,61.0,Male,STAGE IA,EUR
TCGA-99-8033,Lung_Adenocarcinoma,respiratory,25,2.0,74.0,Female,STAGE IV,EUR
TCGA-99-AA5R,Lung_Adenocarcinoma,respiratory,9,0.0,70.0,Female,STAGE IA,AFR
TCGA-J2-8192,Lung_Adenocarcinoma,respiratory,8,2.0,65.0,Female,STAGE IIA,EUR
TCGA-J2-8194,Lung_Adenocarcinoma,respiratory,10,2.0,69.0,Female,STAGE IIB,EUR
TCGA-J2-A4AD,Lung_Adenocarcinoma,respiratory,34,1.0,61.0,Female,STAGE IA,EUR
TCGA-J2-A4AE,Lung_Adenocarcinoma,respiratory,3,1.0,77.0,Female,STAGE IA,EUR
TCGA-J2-A4AG,Lung_Adenocarcinoma,respiratory,14,0.0,66.0,Female,STAGE IA,EUR
TCGA-L4-A4E5,Lung_Adenocarcinoma,respiratory,33,2.0,48.0,Female,STAGE I,EUR
TCGA-L9-A443,Lung_Adenocarcinoma,respiratory,28,0.0,63.0,Female,STAGE IA,EUR
TCGA-L9-A444,Lung_Adenocarcinoma,respiratory,51,0.0,60.0,Female,STAGE IA,EUR
TCGA-L9-A50W,Lung_Adenocarcinoma,respiratory,3,2.0,75.0,Male,STAGE IIA,AFR
TCGA-L9-A5IP,Lung_Adenocarcinoma,respiratory,21,0.0,40.0,Female,STAGE IV,AFR
TCGA-L9-A743,Lung_Adenocarcinoma,respiratory,8,0.0,56.0,Male,STAGE IIA,AFR
TCGA-L9-A7SV,Lung_Adenocarcinoma,respiratory,141,3.0,69.0,Male,STAGE IIA,AFR
TCGA-L9-A8F4,Lung_Adenocarcinoma,respiratory,70,4.0,64.0,Female,STAGE IB,AFR
TCGA-MN-A4N1,Lung_Adenocarcinoma,respiratory,40,0.0,60.0,Male,STAGE IIA,AFR_ADMIX
TCGA-MN-A4N4,Lung_Adenocarcinoma,respiratory,146,5.0,57.0,Male,STAGE IA,EUR
TCGA-MN-A4N5,Lung_Adenocarcinoma,respiratory,43,1.0,63.0,Male,STAGE IA,EUR
TCGA-MP-A4SV,Lung_Adenocarcinoma,respiratory,26,0.0,67.0,Male,STAGE IB,EUR
TCGA-MP-A4SW,Lung_Adenocarcinoma,respiratory,7,1.0,53.0,Male,STAGE IIB,EUR
TCGA-MP-A4SY,Lung_Adenocarcinoma,respiratory,13,1.0,61.0,Male,STAGE IIB,EUR
TCGA-MP-A4T2,Lung_Adenocarcinoma,respiratory,10,0.0,71.0,Male,STAGE IA,EUR
TCGA-MP-A4T4,Lung_Adenocarcinoma,respiratory,34,2.0,68.0,Female,STAGE IIB,EUR
TCGA-MP-A4T6,Lung_Adenocarcinoma,respiratory,6,1.0,76.0,Female,STAGE IIIA,EUR
TCGA-MP-A4T7,Lung_Adenocarcinoma,respiratory,12,0.0,75.0,Female,STAGE IV,EUR
TCGA-MP-A4T8,Lung_Adenocarcinoma,respiratory,14,0.0,68.0,Male,STAGE IIIA,EUR
TCGA-MP-A4T9,Lung_Adenocarcinoma,respiratory,3,0.0,54.0,Female,STAGE IIIA,EUR
TCGA-MP-A4TA,Lung_Adenocarcinoma,respiratory,45,3.0,75.0,Female,STAGE IA,EUR
TCGA-MP-A4TC,Lung_Adenocarcinoma,respiratory,29,3.0,77.0,Male,STAGE IIIA,EUR
TCGA-MP-A4TD,Lung_Adenocarcinoma,respiratory,8,2.0,71.0,Male,STAGE IIIA,EUR
TCGA-MP-A4TE,Lung_Adenocarcinoma,respiratory,12,1.0,56.0,Male,STAGE IIA,EUR
TCGA-MP-A4TF,Lung_Adenocarcinoma,respiratory,44,2.0,58.0,Female,STAGE IIA,EUR
TCGA-MP-A4TH,Lung_Adenocarcinoma,respiratory,17,0.0,70.0,Female,STAGE IA,EUR
TCGA-MP-A4TI,Lung_Adenocarcinoma,respiratory,20,1.0,72.0,Male,STAGE IIA,EUR
TCGA-MP-A4TJ,Lung_Adenocarcinoma,respiratory,8,0.0,62.0,Female,STAGE IA,EUR
TCGA-MP-A4TK,Lung_Adenocarcinoma,respiratory,30,0.0,56.0,Female,STAGE IIB,EUR
TCGA-MP-A5C7,Lung_Adenocarcinoma,respiratory,7,2.0,76.0,Female,STAGE IB,EUR
TCGA-NJ-A4YF,Lung_Adenocarcinoma,respiratory,69,2.0,50.0,Female,STAGE IA,AFR
TCGA-NJ-A4YG,Lung_Adenocarcinoma,respiratory,12,1.0,65.0,Male,STAGE IB,EUR
TCGA-NJ-A4YI,Lung_Adenocarcinoma,respiratory,48,1.0,87.0,Female,STAGE IIIA,EUR
TCGA-NJ-A4YP,Lung_Adenocarcinoma,respiratory,64,2.0,52.0,Male,STAGE IB,EUR
TCGA-NJ-A4YQ,Lung_Adenocarcinoma,respiratory,116,2.0,69.0,Female,STAGE IA,EUR
TCGA-NJ-A55A,Lung_Adenocarcinoma,respiratory,5,1.0,76.0,Female,STAGE IB,EUR
TCGA-NJ-A55O,Lung_Adenocarcinoma,respiratory,15,1.0,56.0,Female,STAGE IIA,EUR
TCGA-NJ-A55R,Lung_Adenocarcinoma,respiratory,27,2.0,67.0,Male,STAGE IA,EUR
TCGA-NJ-A7XG,Lung_Adenocarcinoma,respiratory,5,0.0,49.0,Male,STAGE IIIA,AFR_ADMIX
TCGA-O1-A52J,Lung_Adenocarcinoma,respiratory,17,1.0,74.0,Female,STAGE IA,EUR
TCGA-S2-AA1A,Lung_Adenocarcinoma,respiratory,12,0.0,68.0,Female,STAGE IA,AFR
TCGA-18-3406,Lung_Squamous_Cell_Carcinoma,respiratory,17,0.0,67.0,Male,STAGE IA,EUR
TCGA-18-3407,Lung_Squamous_Cell_Carcinoma,respiratory,6,2.0,72.0,Male,STAGE IB,EAS
TCGA-18-3408,Lung_Squamous_Cell_Carcinoma,respiratory,14,2.0,77.0,Female,STAGE IB,EUR
TCGA-18-3410,Lung_Squamous_Cell_Carcinoma,respiratory,14,1.0,81.0,Male,STAGE IIB,EUR
TCGA-18-3411,Lung_Squamous_Cell_Carcinoma,respiratory,21,2.0,63.0,Female,STAGE IIIA,EUR
TCGA-18-3412,Lung_Squamous_Cell_Carcinoma,respiratory,10,0.0,52.0,Male,STAGE IB,EUR
TCGA-18-3414,Lung_Squamous_Cell_Carcinoma,respiratory,34,0.0,73.0,Male,STAGE IV,EAS
TCGA-18-3415,Lung_Squamous_Cell_Carcinoma,respiratory,20,1.0,77.0,Male,STAGE IB,EUR
TCGA-18-3416,Lung_Squamous_Cell_Carcinoma,respiratory,33,2.0,83.0,Male,STAGE IIB,EUR
TCGA-18-3417,Lung_Squamous_Cell_Carcinoma,respiratory,29,1.0,65.0,Male,STAGE IV,EUR
TCGA-18-3421,Lung_Squamous_Cell_Carcinoma,respiratory,30,4.0,65.0,Male,STAGE IB,EUR
TCGA-18-4083,Lung_Squamous_Cell_Carcinoma,respiratory,31,2.0,63.0,Male,STAGE IIB,EUR
TCGA-18-4721,Lung_Squamous_Cell_Carcinoma,respiratory,18,4.0,74.0,Male,STAGE IA,EUR
TCGA-18-5592,Lung_Squamous_Cell_Carcinoma,respiratory,27,0.0,57.0,Male,STAGE IIB,EUR
TCGA-21-1071,Lung_Squamous_Cell_Carcinoma,respiratory,10,1.0,67.0,Male,STAGE IB,EUR
TCGA-21-1076,Lung_Squamous_Cell_Carcinoma,respiratory,29,0.0,54.0,Female,STAGE IB,EUR
TCGA-21-1081,Lung_Squamous_Cell_Carcinoma,respiratory,16,1.0,69.0,Male,STAGE IIB,EUR
TCGA-21-1082,Lung_Squamous_Cell_Carcinoma,respiratory,43,2.0,61.0,Male,STAGE IB,EUR
TCGA-21-5782,Lung_Squamous_Cell_Carcinoma,respiratory,41,2.0,68.0,Female,STAGE IB,EUR
TCGA-21-5783,Lung_Squamous_Cell_Carcinoma,respiratory,48,2.0,76.0,Male,STAGE IB,EUR
TCGA-21-5784,Lung_Squamous_Cell_Carcinoma,respiratory,12,2.0,80.0,Female,STAGE IB,EUR
TCGA-21-5786,Lung_Squamous_Cell_Carcinoma,respiratory,37,0.0,64.0,Male,STAGE IB,EUR
TCGA-21-5787,Lung_Squamous_Cell_Carcinoma,respiratory,49,2.0,65.0,Male,STAGE IIIA,AFR_ADMIX
TCGA-22-1000,Lung_Squamous_Cell_Carcinoma,respiratory,7,1.0,76.0,Male,STAGE IB,EUR
TCGA-22-1002,Lung_Squamous_Cell_Carcinoma,respiratory,24,3.0,69.0,Male,STAGE IA,EUR
TCGA-22-1005,Lung_Squamous_Cell_Carcinoma,respiratory,21,0.0,63.0,Male,STAGE IA,EUR
TCGA-22-1011,Lung_Squamous_Cell_Carcinoma,respiratory,9,0.0,73.0,Male,STAGE IB,EUR
TCGA-22-1012,Lung_Squamous_Cell_Carcinoma,respiratory,26,4.0,80.0,Female,STAGE IB,EUR
TCGA-22-1016,Lung_Squamous_Cell_Carcinoma,respiratory,41,2.0,65.0,Male,STAGE IB,EUR
TCGA-22-4591,Lung_Squamous_Cell_Carcinoma,respiratory,11,1.0,80.0,Male,STAGE IIIA,EUR
TCGA-22-4593,Lung_Squamous_Cell_Carcinoma,respiratory,14,2.0,77.0,Male,STAGE IIA,EUR
TCGA-22-4594,Lung_Squamous_Cell_Carcinoma,respiratory,29,5.0,60.0,Female,STAGE IIIA,EUR
TCGA-22-4595,Lung_Squamous_Cell_Carcinoma,respiratory,27,2.0,57.0,Male,STAGE IIIA,EUR
TCGA-22-4596,Lung_Squamous_Cell_Carcinoma,respiratory,7,0.0,69.0,Female,STAGE IB,EUR
TCGA-22-4599,Lung_Squamous_Cell_Carcinoma,respiratory,33,1.0,73.0,Female,STAGE IB,EUR
TCGA-22-4601,Lung_Squamous_Cell_Carcinoma,respiratory,18,3.0,73.0,Female,STAGE IIIA,EUR
TCGA-22-4604,Lung_Squamous_Cell_Carcinoma,respiratory,24,1.0,73.0,Male,STAGE IIA,EUR
TCGA-22-4605,Lung_Squamous_Cell_Carcinoma,respiratory,3,0.0,78.0,Female,STAGE IB,EUR
TCGA-22-4607,Lung_Squamous_Cell_Carcinoma,respiratory,7,1.0,75.0,Male,STAGE IB,EUR
TCGA-22-4609,Lung_Squamous_Cell_Carcinoma,respiratory,14,1.0,81.0,Male,STAGE IA,EUR
TCGA-22-4613,Lung_Squamous_Cell_Carcinoma,respiratory,62,2.0,73.0,Female,STAGE IA,EUR
TCGA-22-5471,Lung_Squamous_Cell_Carcinoma,respiratory,26,0.0,75.0,Male,STAGE IB,EUR
TCGA-22-5472,Lung_Squamous_Cell_Carcinoma,respiratory,35,2.0,67.0,Male,STAGE IB,EUR
TCGA-22-5473,Lung_Squamous_Cell_Carcinoma,respiratory,75,3.0,78.0,Male,,EUR
TCGA-22-5474,Lung_Squamous_Cell_Carcinoma,respiratory,12,1.0,74.0,Male,STAGE IB,EUR
TCGA-22-5477,Lung_Squamous_Cell_Carcinoma,respiratory,10,1.0,65.0,Male,STAGE IA,EUR
TCGA-22-5478,Lung_Squamous_Cell_Carcinoma,respiratory,22,1.0,79.0,Male,STAGE IB,EUR
TCGA-22-5479,Lung_Squamous_Cell_Carcinoma,respiratory,26,2.0,64.0,Male,STAGE IB,EUR
TCGA-22-5480,Lung_Squamous_Cell_Carcinoma,respiratory,13,1.0,66.0,Female,STAGE IA,EUR
TCGA-22-5481,Lung_Squamous_Cell_Carcinoma,respiratory,32,1.0,72.0,Female,STAGE IIB,EUR
TCGA-22-5482,Lung_Squamous_Cell_Carcinoma,respiratory,13,1.0,81.0,Male,STAGE IB,EUR
TCGA-22-5483,Lung_Squamous_Cell_Carcinoma,respiratory,15,1.0,74.0,Male,STAGE IIA,EUR
TCGA-22-5485,Lung_Squamous_Cell_Carcinoma,respiratory,21,3.0,58.0,Female,STAGE IA,EUR
TCGA-22-5489,Lung_Squamous_Cell_Carcinoma,respiratory,24,2.0,64.0,Male,STAGE IA,EUR
TCGA-22-5491,Lung_Squamous_Cell_Carcinoma,respiratory,34,3.0,74.0,Male,STAGE IA,EUR
TCGA-22-5492,Lung_Squamous_Cell_Carcinoma,respiratory,21,3.0,73.0,Female,STAGE IIIA,EUR
TCGA-22-A5C4,Lung_Squamous_Cell_Carcinoma,respiratory,48,3.0,70.0,Male,STAGE IIA,EUR
TCGA-33-4532,Lung_Squamous_Cell_Carcinoma,respiratory,36,1.0,68.0,Male,STAGE IB,EUR
TCGA-33-4533,Lung_Squamous_Cell_Carcinoma,respiratory,30,2.0,76.0,Female,STAGE IB,AFR_ADMIX
TCGA-33-4538,Lung_Squamous_Cell_Carcinoma,respiratory,18,1.0,66.0,Male,STAGE IIIA, 
TCGA-33-4547,Lung_Squamous_Cell_Carcinoma,respiratory,24,3.0,68.0,Male,STAGE IB,EUR
TCGA-33-4566,Lung_Squamous_Cell_Carcinoma,respiratory,132,2.0,40.0,Male,STAGE IB,EUR
TCGA-33-4582,Lung_Squamous_Cell_Carcinoma,respiratory,16,0.0,55.0,Male,STAGE IA,EUR
TCGA-33-4583,Lung_Squamous_Cell_Carcinoma,respiratory,59,1.0,73.0,Male,STAGE IA,EUR
TCGA-33-4586,Lung_Squamous_Cell_Carcinoma,respiratory,34,1.0,57.0,Male,STAGE IIIA,EUR
TCGA-33-4587,Lung_Squamous_Cell_Carcinoma,respiratory,25,2.0,63.0,Female,STAGE IB,EUR
TCGA-33-4589,Lung_Squamous_Cell_Carcinoma,respiratory,12,1.0,62.0,Female,STAGE IIB, 
TCGA-33-6738,Lung_Squamous_Cell_Carcinoma,respiratory,29,0.0,80.0,Male,STAGE IIIA,EUR
TCGA-33-A4WN,Lung_Squamous_Cell_Carcinoma,respiratory,16,1.0,60.0,Male,STAGE IB,EUR
TCGA-33-A5GW,Lung_Squamous_Cell_Carcinoma,respiratory,16,3.0,67.0,Male,STAGE IIA,EUR
TCGA-33-AAS8,Lung_Squamous_Cell_Carcinoma,respiratory,18,0.0,59.0,Female,STAGE IA,AFR_ADMIX
TCGA-33-AASB,Lung_Squamous_Cell_Carcinoma,respiratory,42,2.0,66.0,Male,STAGE IB,AFR_ADMIX
TCGA-33-AASD,Lung_Squamous_Cell_Carcinoma,respiratory,21,3.0,83.0,Male,STAGE IA,AFR_ADMIX
TCGA-33-AASI,Lung_Squamous_Cell_Carcinoma,respiratory,37,3.0,65.0,Female,STAGE IIB,AFR
TCGA-33-AASJ,Lung_Squamous_Cell_Carcinoma,respiratory,21,0.0,60.0,Male,STAGE IB,AFR
TCGA-33-AASL,Lung_Squamous_Cell_Carcinoma,respiratory,22,1.0,57.0,Female,STAGE IA,AFR_ADMIX
TCGA-34-2596,Lung_Squamous_Cell_Carcinoma,respiratory,26,2.0,70.0,Male,STAGE IIB,EUR
TCGA-34-2600,Lung_Squamous_Cell_Carcinoma,respiratory,43,5.0,76.0,Female,STAGE IA,EUR
TCGA-34-2604,Lung_Squamous_Cell_Carcinoma,respiratory,47,1.0,81.0,Female,STAGE IB,EUR
TCGA-34-2605,Lung_Squamous_Cell_Carcinoma,respiratory,23,1.0,76.0,Male,STAGE IIIB,EUR
TCGA-34-2608,Lung_Squamous_Cell_Carcinoma,respiratory,15,1.0,84.0,Male,STAGE IB,EUR
TCGA-34-2609,Lung_Squamous_Cell_Carcinoma,respiratory,20,3.0,81.0,Male,STAGE IIB,AFR
TCGA-34-5231,Lung_Squamous_Cell_Carcinoma,respiratory,63,4.0,72.0,Male,STAGE IA,EUR
TCGA-34-5232,Lung_Squamous_Cell_Carcinoma,respiratory,11,0.0,75.0,Female,STAGE IIA,AFR
TCGA-34-5234,Lung_Squamous_Cell_Carcinoma,respiratory,18,3.0,71.0,Female,STAGE IA,EUR
TCGA-34-5236,Lung_Squamous_Cell_Carcinoma,respiratory,17,0.0,60.0,Male,STAGE IIB,EUR
TCGA-34-5239,Lung_Squamous_Cell_Carcinoma,respiratory,17,1.0,75.0,Male,STAGE IIIA,EUR
TCGA-34-5240,Lung_Squamous_Cell_Carcinoma,respiratory,18,0.0,73.0,Female,STAGE IIB,EUR
TCGA-34-5241,Lung_Squamous_Cell_Carcinoma,respiratory,20,1.0,79.0,Male,STAGE IB,EUR
TCGA-34-5927,Lung_Squamous_Cell_Carcinoma,respiratory,25,3.0,70.0,Female,STAGE IA,EUR
TCGA-34-5928,Lung_Squamous_Cell_Carcinoma,respiratory,30,1.0,83.0,Female,STAGE IIB,EUR
TCGA-34-5929,Lung_Squamous_Cell_Carcinoma,respiratory,18,1.0,78.0,Female,STAGE IB,EUR
TCGA-34-7107,Lung_Squamous_Cell_Carcinoma,respiratory,30,3.0,70.0,Male,STAGE II,EUR
TCGA-34-8454,Lung_Squamous_Cell_Carcinoma,respiratory,46,4.0,62.0,Female,STAGE IIIA,EUR
TCGA-34-8455,Lung_Squamous_Cell_Carcinoma,respiratory,49,3.0,67.0,Male,STAGE IV,EUR
TCGA-34-8456,Lung_Squamous_Cell_Carcinoma,respiratory,3,0.0,71.0,Female,STAGE IIA,EUR
TCGA-34-A5IX,Lung_Squamous_Cell_Carcinoma,respiratory,30,1.0,80.0,Male,STAGE IIB,EUR
TCGA-37-3783,Lung_Squamous_Cell_Carcinoma,respiratory,35,0.0,51.0,Male,STAGE IIIA,EUR
TCGA-37-3789,Lung_Squamous_Cell_Carcinoma,respiratory,34,2.0,65.0,Male,STAGE IB,EUR
TCGA-37-3792,Lung_Squamous_Cell_Carcinoma,respiratory,90,1.0,69.0,Male,STAGE IB,EUR
TCGA-37-4129,Lung_Squamous_Cell_Carcinoma,respiratory,1,0.0,52.0,Female,STAGE IA,EUR
TCGA-37-4130,Lung_Squamous_Cell_Carcinoma,respiratory,97,2.0,56.0,Male,STAGE IA,EUR_ADMIX
TCGA-37-4132,Lung_Squamous_Cell_Carcinoma,respiratory,19,3.0,61.0,Female,STAGE IV,EUR
TCGA-37-4133,Lung_Squamous_Cell_Carcinoma,respiratory,30,2.0,63.0,Male,STAGE IIIA,EUR
TCGA-37-4135,Lung_Squamous_Cell_Carcinoma,respiratory,29,1.0,68.0,Male,STAGE IB,EUR
TCGA-37-4141,Lung_Squamous_Cell_Carcinoma,respiratory,38,3.0,65.0,Female,STAGE IA,EUR
TCGA-37-5819,Lung_Squamous_Cell_Carcinoma,respiratory,89,2.0,64.0,Male,STAGE IIIA,EUR
TCGA-37-A5EL,Lung_Squamous_Cell_Carcinoma,respiratory,39,2.0,53.0,Male,STAGE IIB,EUR
TCGA-37-A5EN,Lung_Squamous_Cell_Carcinoma,respiratory,16,1.0,59.0,Male,STAGE IIIB,EUR
TCGA-39-5011,Lung_Squamous_Cell_Carcinoma,respiratory,57,0.0,70.0,Female,STAGE IA,EUR
TCGA-39-5016,Lung_Squamous_Cell_Carcinoma,respiratory,32,1.0,44.0,Male,STAGE IIA,EUR
TCGA-39-5019,Lung_Squamous_Cell_Carcinoma,respiratory,17,1.0,70.0,Male,STAGE IB,EUR
TCGA-39-5021,Lung_Squamous_Cell_Carcinoma,respiratory,10,0.0,70.0,Male,STAGE IB,EUR
TCGA-39-5022,Lung_Squamous_Cell_Carcinoma,respiratory,12,4.0,76.0,Male,STAGE IB,EUR
TCGA-39-5024,Lung_Squamous_Cell_Carcinoma,respiratory,12,0.0,65.0,Female,STAGE IIIA,EUR
TCGA-39-5028,Lung_Squamous_Cell_Carcinoma,respiratory,14,2.0,75.0,Male,STAGE IIIA,EUR
TCGA-39-5029,Lung_Squamous_Cell_Carcinoma,respiratory,11,2.0,67.0,Male,STAGE IIIA,EUR
TCGA-39-5030,Lung_Squamous_Cell_Carcinoma,respiratory,23,2.0,81.0,Female,STAGE IIIA,EAS
TCGA-39-5031,Lung_Squamous_Cell_Carcinoma,respiratory,84,4.0,76.0,Female,STAGE IA,EUR
TCGA-39-5034,Lung_Squamous_Cell_Carcinoma,respiratory,65,2.0,73.0,Female,STAGE IIB,EUR
TCGA-39-5035,Lung_Squamous_Cell_Carcinoma,respiratory,7,0.0,72.0,Female,STAGE IA,EUR
TCGA-39-5036,Lung_Squamous_Cell_Carcinoma,respiratory,24,4.0,73.0,Male,STAGE IB,EUR
TCGA-39-5037,Lung_Squamous_Cell_Carcinoma,respiratory,19,1.0,65.0,Male,STAGE IIA,EUR
TCGA-39-5039,Lung_Squamous_Cell_Carcinoma,respiratory,14,1.0,76.0,Male,STAGE IIA,EUR
TCGA-39-5040,Lung_Squamous_Cell_Carcinoma,respiratory,57,2.0,59.0,Male,STAGE IIIA,EUR
TCGA-43-2576,Lung_Squamous_Cell_Carcinoma,respiratory,57,3.0,62.0,Female,STAGE IIIA,EUR
TCGA-43-2578,Lung_Squamous_Cell_Carcinoma,respiratory,23,2.0,59.0,Female,STAGE IA,EUR
TCGA-43-2581,Lung_Squamous_Cell_Carcinoma,respiratory,72,0.0,47.0,Female,STAGE IIIA,EUR
TCGA-43-3394,Lung_Squamous_Cell_Carcinoma,respiratory,21,3.0,52.0,Male,STAGE IB,AFR_ADMIX
TCGA-43-3920,Lung_Squamous_Cell_Carcinoma,respiratory,20,1.0,71.0,Male,STAGE IB,EUR
TCGA-43-5668,Lung_Squamous_Cell_Carcinoma,respiratory,61,3.0,78.0,Male,STAGE IIA,EUR
TCGA-43-5670,Lung_Squamous_Cell_Carcinoma,respiratory,9,2.0,70.0,Male,STAGE IIA,EUR
TCGA-43-6143,Lung_Squamous_Cell_Carcinoma,respiratory,36,2.0,70.0,Male,STAGE IB,EUR
TCGA-43-6647,Lung_Squamous_Cell_Carcinoma,respiratory,16,0.0,69.0,Female,STAGE IIB,EUR
TCGA-43-6770,Lung_Squamous_Cell_Carcinoma,respiratory,20,1.0,59.0,Female,STAGE IB,AFR
TCGA-43-6771,Lung_Squamous_Cell_Carcinoma,respiratory,18,0.0,85.0,Male,STAGE IB,EUR
TCGA-43-6773,Lung_Squamous_Cell_Carcinoma,respiratory,8,0.0,76.0,Male,STAGE IIB,EUR
TCGA-43-7656,Lung_Squamous_Cell_Carcinoma,respiratory,25,0.0,71.0,Male,STAGE IA,EUR
TCGA-43-7657,Lung_Squamous_Cell_Carcinoma,respiratory,12,0.0,68.0,Female,STAGE IA,EUR
TCGA-43-7658,Lung_Squamous_Cell_Carcinoma,respiratory,19,1.0,75.0,Female,STAGE IA,EUR
TCGA-43-8115,Lung_Squamous_Cell_Carcinoma,respiratory,10,1.0,72.0,Female,STAGE IIA,EUR
TCGA-43-8116,Lung_Squamous_Cell_Carcinoma,respiratory,25,0.0,73.0,Male,STAGE IA,EUR
TCGA-43-8118,Lung_Squamous_Cell_Carcinoma,respiratory,57,2.0,55.0,Female,STAGE IA,EUR
TCGA-43-A474,Lung_Squamous_Cell_Carcinoma,respiratory,33,3.0,66.0,Male,STAGE IIA,EUR
TCGA-43-A475,Lung_Squamous_Cell_Carcinoma,respiratory,25,1.0,67.0,Female,STAGE IIB,EUR
TCGA-43-A56U,Lung_Squamous_Cell_Carcinoma,respiratory,24,2.0,76.0,Female,STAGE IA,EUR
TCGA-43-A56V,Lung_Squamous_Cell_Carcinoma,respiratory,14,1.0,61.0,Male,STAGE IIIA,AFR
TCGA-46-3765,Lung_Squamous_Cell_Carcinoma,respiratory,22,0.0,59.0,Female,STAGE IA,EUR
TCGA-46-3767,Lung_Squamous_Cell_Carcinoma,respiratory,11,0.0,76.0,Male,STAGE IA,EUR
TCGA-46-3768,Lung_Squamous_Cell_Carcinoma,respiratory,28,1.0,58.0,Male,STAGE IIIA,EUR
TCGA-46-3769,Lung_Squamous_Cell_Carcinoma,respiratory,89,6.0,57.0,Male,STAGE IIB,EUR
TCGA-46-6025,Lung_Squamous_Cell_Carcinoma,respiratory,22,2.0,71.0,Male,STAGE IIB,EUR
TCGA-46-6026,Lung_Squamous_Cell_Carcinoma,respiratory,25,2.0,81.0,Male,STAGE IIB,EUR
TCGA-51-4079,Lung_Squamous_Cell_Carcinoma,respiratory,46,4.0,73.0,Female,STAGE IB,AFR
TCGA-51-4080,Lung_Squamous_Cell_Carcinoma,respiratory,28,2.0,65.0,Male,STAGE IIIB,AFR_ADMIX
TCGA-51-4081,Lung_Squamous_Cell_Carcinoma,respiratory,15,2.0,55.0,Male,STAGE IIB,EUR
TCGA-52-7622,Lung_Squamous_Cell_Carcinoma,respiratory,27,0.0,62.0,Female,STAGE IA,EUR
TCGA-52-7809,Lung_Squamous_Cell_Carcinoma,respiratory,23,1.0,74.0,Male,STAGE IB,EUR
TCGA-52-7810,Lung_Squamous_Cell_Carcinoma,respiratory,50,2.0,60.0,Female,STAGE IIB,EUR
TCGA-52-7811,Lung_Squamous_Cell_Carcinoma,respiratory,8,0.0,67.0,Male,STAGE IB,EUR
TCGA-52-7812,Lung_Squamous_Cell_Carcinoma,respiratory,29,1.0,68.0,Male,STAGE IIA,EUR
TCGA-56-1622,Lung_Squamous_Cell_Carcinoma,respiratory,17,0.0,58.0,Male,STAGE IB,EUR
TCGA-56-5897,Lung_Squamous_Cell_Carcinoma,respiratory,12,3.0,74.0,Male,STAGE IA,EUR
TCGA-56-5898,Lung_Squamous_Cell_Carcinoma,respiratory,10,0.0,69.0,Male,STAGE IA,EUR
TCGA-56-6545,Lung_Squamous_Cell_Carcinoma,respiratory,27,2.0,77.0,Female,STAGE IB,EUR
TCGA-56-6546,Lung_Squamous_Cell_Carcinoma,respiratory,36,0.0,67.0,Male,STAGE IIA,EUR
TCGA-56-7221,Lung_Squamous_Cell_Carcinoma,respiratory,25,5.0,79.0,Male,STAGE IB,EUR
TCGA-56-7222,Lung_Squamous_Cell_Carcinoma,respiratory,54,5.0,60.0,Male,STAGE IB,EUR
TCGA-56-7223,Lung_Squamous_Cell_Carcinoma,respiratory,21,1.0,66.0,Male,STAGE IIIA,EUR
TCGA-56-7579,Lung_Squamous_Cell_Carcinoma,respiratory,24,0.0,61.0,Male,STAGE IIIA,EUR
TCGA-56-7580,Lung_Squamous_Cell_Carcinoma,respiratory,13,2.0,84.0,Male,STAGE IB,EUR
TCGA-56-7582,Lung_Squamous_Cell_Carcinoma,respiratory,12,2.0,83.0,Male,STAGE IB,EUR
TCGA-56-7730,Lung_Squamous_Cell_Carcinoma,respiratory,34,2.0,73.0,Male,STAGE IIA,EUR
TCGA-56-7731,Lung_Squamous_Cell_Carcinoma,respiratory,25,2.0,66.0,Female,STAGE IB,EUR
TCGA-56-7822,Lung_Squamous_Cell_Carcinoma,respiratory,31,3.0,75.0,Male,STAGE IIB,AFR
TCGA-56-7823,Lung_Squamous_Cell_Carcinoma,respiratory,22,0.0,58.0,Female,STAGE IIA,EUR
TCGA-56-8082,Lung_Squamous_Cell_Carcinoma,respiratory,21,1.0,80.0,Female,STAGE IIA,EUR
TCGA-56-8083,Lung_Squamous_Cell_Carcinoma,respiratory,25,1.0,56.0,Male,STAGE IB,EUR
TCGA-56-8201,Lung_Squamous_Cell_Carcinoma,respiratory,12,0.0,74.0,Male,STAGE IIB,EUR
TCGA-56-8304,Lung_Squamous_Cell_Carcinoma,respiratory,31,4.0,73.0,Female,STAGE IA,EUR
TCGA-56-8305,Lung_Squamous_Cell_Carcinoma,respiratory,33,4.0,72.0,Male,STAGE IB,EUR
TCGA-56-8307,Lung_Squamous_Cell_Carcinoma,respiratory,32,3.0,55.0,Female,STAGE IIB,EUR
TCGA-56-8308,Lung_Squamous_Cell_Carcinoma,respiratory,30,0.0,79.0,Male,STAGE IIB,EUR
TCGA-56-8309,Lung_Squamous_Cell_Carcinoma,respiratory,6,0.0,66.0,Male,STAGE IA,EUR
TCGA-56-8503,Lung_Squamous_Cell_Carcinoma,respiratory,8,1.0,76.0,Female,STAGE IIB,EUR
TCGA-56-8504,Lung_Squamous_Cell_Carcinoma,respiratory,21,0.0,74.0,Male,STAGE IB,EUR
TCGA-56-8622,Lung_Squamous_Cell_Carcinoma,respiratory,23,3.0,68.0,Male,STAGE IB,EUR
TCGA-56-8624,Lung_Squamous_Cell_Carcinoma,respiratory,9,1.0,84.0,Male,STAGE IIB,EUR
TCGA-56-8625,Lung_Squamous_Cell_Carcinoma,respiratory,38,1.0,66.0,Female,STAGE IIIA,EUR
TCGA-56-8626,Lung_Squamous_Cell_Carcinoma,respiratory,26,4.0,59.0,Male,STAGE IA,EUR
TCGA-56-8628,Lung_Squamous_Cell_Carcinoma,respiratory,46,1.0,78.0,Male,STAGE IA,EUR
TCGA-56-8629,Lung_Squamous_Cell_Carcinoma,respiratory,30,1.0,63.0,Male,STAGE IIA,EUR
TCGA-56-A49D,Lung_Squamous_Cell_Carcinoma,respiratory,26,3.0,67.0,Male,STAGE IIIA,EUR
TCGA-56-A4BW,Lung_Squamous_Cell_Carcinoma,respiratory,22,1.0,55.0,Male,STAGE IIA,EUR
TCGA-56-A4BY,Lung_Squamous_Cell_Carcinoma,respiratory,19,1.0,66.0,Male,STAGE IB,EUR
TCGA-56-A4ZJ,Lung_Squamous_Cell_Carcinoma,respiratory,10,0.0,75.0,Female,STAGE IA,EUR
TCGA-56-A4ZK,Lung_Squamous_Cell_Carcinoma,respiratory,20,3.0,76.0,Female,STAGE IB,EUR
TCGA-56-A5DS,Lung_Squamous_Cell_Carcinoma,respiratory,17,1.0,72.0,Female,STAGE IB,EUR
TCGA-56-A62T,Lung_Squamous_Cell_Carcinoma,respiratory,45,4.0,78.0,Male,STAGE IIA,AFR
TCGA-58-8386,Lung_Squamous_Cell_Carcinoma,respiratory,27,4.0,75.0,Male,STAGE IV,EUR
TCGA-58-8387,Lung_Squamous_Cell_Carcinoma,respiratory,16,1.0,60.0,Male,STAGE IIA,EUR
TCGA-58-8388,Lung_Squamous_Cell_Carcinoma,respiratory,22,2.0,60.0,Male,STAGE IB,EUR
TCGA-58-8391,Lung_Squamous_Cell_Carcinoma,respiratory,32,0.0,57.0,Female,STAGE IIIA,EUR
TCGA-58-8393,Lung_Squamous_Cell_Carcinoma,respiratory,23,1.0,68.0,Female,STAGE IB,EUR
TCGA-58-A46J,Lung_Squamous_Cell_Carcinoma,respiratory,23,3.0,64.0,Male,STAGE IIB,EUR
TCGA-58-A46K,Lung_Squamous_Cell_Carcinoma,respiratory,10,1.0,59.0,Male,STAGE IIIA,EUR
TCGA-58-A46L,Lung_Squamous_Cell_Carcinoma,respiratory,15,2.0,73.0,Male,STAGE IIIA,EUR
TCGA-58-A46M,Lung_Squamous_Cell_Carcinoma,respiratory,45,3.0,61.0,Male,STAGE IIB,EUR
TCGA-58-A46N,Lung_Squamous_Cell_Carcinoma,respiratory,20,2.0,52.0,Male,STAGE IB,EUR
TCGA-60-2695,Lung_Squamous_Cell_Carcinoma,respiratory,21,0.0,74.0,Female,STAGE IB,EUR
TCGA-60-2698,Lung_Squamous_Cell_Carcinoma,respiratory,103,4.0,62.0,Male,STAGE IIB,EUR
TCGA-60-2703,Lung_Squamous_Cell_Carcinoma,respiratory,26,3.0,73.0,Male,STAGE IIB,EUR
TCGA-60-2704,Lung_Squamous_Cell_Carcinoma,respiratory,10,2.0,73.0,Male,STAGE IIB,EUR
TCGA-60-2707,Lung_Squamous_Cell_Carcinoma,respiratory,7,2.0,70.0,Male,STAGE IB,EUR
TCGA-60-2708,Lung_Squamous_Cell_Carcinoma,respiratory,26,1.0,64.0,Female,STAGE IIB,EUR
TCGA-60-2709,Lung_Squamous_Cell_Carcinoma,respiratory,14,0.0,69.0,Male,STAGE IB,AFR_ADMIX
TCGA-60-2710,Lung_Squamous_Cell_Carcinoma,respiratory,20,2.0,67.0,Female,STAGE IIA,EUR
TCGA-60-2711,Lung_Squamous_Cell_Carcinoma,respiratory,16,1.0,64.0,Female,STAGE IB,EUR
TCGA-60-2713,Lung_Squamous_Cell_Carcinoma,respiratory,24,2.0,64.0,Male,STAGE IB,EUR
TCGA-60-2714,Lung_Squamous_Cell_Carcinoma,respiratory,70,1.0,66.0,Female,STAGE IIB,EUR
TCGA-60-2716,Lung_Squamous_Cell_Carcinoma,respiratory,2,0.0,39.0,Male,STAGE IIB,EUR
TCGA-60-2719,Lung_Squamous_Cell_Carcinoma,respiratory,11,1.0,83.0,Female,STAGE IB,EUR
TCGA-60-2720,Lung_Squamous_Cell_Carcinoma,respiratory,42,1.0,60.0,Female,STAGE IB,EUR
TCGA-60-2721,Lung_Squamous_Cell_Carcinoma,respiratory,23,2.0,73.0,Male,STAGE IB,EUR
TCGA-60-2722,Lung_Squamous_Cell_Carcinoma,respiratory,34,0.0,66.0,Male,STAGE IIB,EUR
TCGA-60-2723,Lung_Squamous_Cell_Carcinoma,respiratory,27,0.0,74.0,Female,STAGE IB,EUR
TCGA-60-2724,Lung_Squamous_Cell_Carcinoma,respiratory,24,2.0,47.0,Male,STAGE IIIA,EUR
TCGA-60-2725,Lung_Squamous_Cell_Carcinoma,respiratory,9,2.0,74.0,Male,STAGE IB,EUR
TCGA-60-2726,Lung_Squamous_Cell_Carcinoma,respiratory,22,0.0,56.0,Male,STAGE IIA,EUR
TCGA-63-A5MB,Lung_Squamous_Cell_Carcinoma,respiratory,37,1.0,62.0,Male,STAGE IB,EUR
TCGA-63-A5MG,Lung_Squamous_Cell_Carcinoma,respiratory,10,0.0,68.0,Male,STAGE IB,EUR
TCGA-63-A5MH,Lung_Squamous_Cell_Carcinoma,respiratory,21,0.0,68.0,Male,STAGE IA,EUR
TCGA-63-A5MI,Lung_Squamous_Cell_Carcinoma,respiratory,21,2.0,65.0,Male,STAGE IIIA,EUR
TCGA-63-A5MJ,Lung_Squamous_Cell_Carcinoma,respiratory,18,2.0,54.0,Male,STAGE IIB,EUR
TCGA-63-A5ML,Lung_Squamous_Cell_Carcinoma,respiratory,31,1.0,68.0,Male,STAGE IB,EUR
TCGA-63-A5MM,Lung_Squamous_Cell_Carcinoma,respiratory,148,7.0,69.0,Female,STAGE IIB,EUR
TCGA-63-A5MN,Lung_Squamous_Cell_Carcinoma,respiratory,6,0.0,78.0,Female,STAGE IIB,EUR
TCGA-63-A5MP,Lung_Squamous_Cell_Carcinoma,respiratory,19,2.0,56.0,Male,STAGE IIB, 
TCGA-63-A5MR,Lung_Squamous_Cell_Carcinoma,respiratory,26,5.0,70.0,Female,STAGE IB,EUR
TCGA-63-A5MS,Lung_Squamous_Cell_Carcinoma,respiratory,39,3.0,78.0,Male,STAGE IB,EUR
TCGA-63-A5MT,Lung_Squamous_Cell_Carcinoma,respiratory,19,2.0,74.0,Male,STAGE IIB,EUR
TCGA-63-A5MU,Lung_Squamous_Cell_Carcinoma,respiratory,36,0.0,48.0,Male,STAGE IIB,EUR
TCGA-63-A5MV,Lung_Squamous_Cell_Carcinoma,respiratory,12,1.0,69.0,Male,STAGE IIA,EUR
TCGA-63-A5MW,Lung_Squamous_Cell_Carcinoma,respiratory,42,2.0,76.0,Male,STAGE IB,EUR
TCGA-63-A5MY,Lung_Squamous_Cell_Carcinoma,respiratory,16,0.0,63.0,Male,STAGE IA,EUR
TCGA-66-2727,Lung_Squamous_Cell_Carcinoma,respiratory,21,1.0,55.0,Female,STAGE IB,EUR
TCGA-66-2734,Lung_Squamous_Cell_Carcinoma,respiratory,19,1.0,62.0,Female,STAGE IB,EUR
TCGA-66-2742,Lung_Squamous_Cell_Carcinoma,respiratory,25,2.0,70.0,Male,STAGE IV,EUR
TCGA-66-2744,Lung_Squamous_Cell_Carcinoma,respiratory,23,2.0,71.0,Male,STAGE IIB,EUR
TCGA-66-2754,Lung_Squamous_Cell_Carcinoma,respiratory,22,2.0,67.0,Male,STAGE IIIA,EUR
TCGA-66-2755,Lung_Squamous_Cell_Carcinoma,respiratory,18,1.0,63.0,Male,STAGE IB,EUR_ADMIX
TCGA-66-2756,Lung_Squamous_Cell_Carcinoma,respiratory,48,0.0,68.0,Male,STAGE IIIB,EUR
TCGA-66-2757,Lung_Squamous_Cell_Carcinoma,respiratory,18,0.0,65.0,Female,STAGE IA,EUR
TCGA-66-2758,Lung_Squamous_Cell_Carcinoma,respiratory,32,0.0,71.0,Male,STAGE IB,EUR
TCGA-66-2759,Lung_Squamous_Cell_Carcinoma,respiratory,41,3.0,66.0,Male,STAGE IIIA,EUR
TCGA-66-2763,Lung_Squamous_Cell_Carcinoma,respiratory,39,2.0,63.0,Female,STAGE IB,EUR
TCGA-66-2765,Lung_Squamous_Cell_Carcinoma,respiratory,10,1.0,64.0,Male,STAGE IB,EUR_ADMIX
TCGA-66-2766,Lung_Squamous_Cell_Carcinoma,respiratory,29,0.0,54.0,Male,STAGE IIIA,EUR
TCGA-66-2767,Lung_Squamous_Cell_Carcinoma,respiratory,30,1.0,62.0,Male,STAGE IIIB,EUR
TCGA-66-2769,Lung_Squamous_Cell_Carcinoma,respiratory,30,1.0,75.0,Male,STAGE IIIB,EUR
TCGA-66-2770,Lung_Squamous_Cell_Carcinoma,respiratory,23,2.0,79.0,Male,STAGE IB,EUR
TCGA-66-2771,Lung_Squamous_Cell_Carcinoma,respiratory,27,0.0,60.0,Male,STAGE IIB,EUR
TCGA-66-2773,Lung_Squamous_Cell_Carcinoma,respiratory,53,3.0,69.0,Male,STAGE IB,EUR
TCGA-66-2777,Lung_Squamous_Cell_Carcinoma,respiratory,15,0.0,71.0,Male,STAGE IB,EUR
TCGA-66-2778,Lung_Squamous_Cell_Carcinoma,respiratory,8,1.0,68.0,Female,STAGE IIIB,EUR
TCGA-66-2780,Lung_Squamous_Cell_Carcinoma,respiratory,16,2.0,65.0,Male,STAGE IB,EUR
TCGA-66-2781,Lung_Squamous_Cell_Carcinoma,respiratory,11,1.0,67.0,Male,STAGE IB,EUR
TCGA-66-2782,Lung_Squamous_Cell_Carcinoma,respiratory,30,3.0,71.0,Male,STAGE IIB,EUR
TCGA-66-2783,Lung_Squamous_Cell_Carcinoma,respiratory,25,1.0,67.0,Male,STAGE IIIB,EUR
TCGA-66-2785,Lung_Squamous_Cell_Carcinoma,respiratory,102,6.0,65.0,Male,STAGE IB,EUR
TCGA-66-2786,Lung_Squamous_Cell_Carcinoma,respiratory,26,4.0,68.0,Female,STAGE IA,EUR
TCGA-66-2787,Lung_Squamous_Cell_Carcinoma,respiratory,45,1.0,57.0,Male,STAGE IA,EUR
TCGA-66-2788,Lung_Squamous_Cell_Carcinoma,respiratory,20,2.0,56.0,Male,STAGE IB,EUR
TCGA-66-2789,Lung_Squamous_Cell_Carcinoma,respiratory,34,1.0,73.0,Male,STAGE IIIB,EUR
TCGA-66-2791,Lung_Squamous_Cell_Carcinoma,respiratory,34,2.0,66.0,Male,STAGE IIIB,EUR
TCGA-66-2792,Lung_Squamous_Cell_Carcinoma,respiratory,14,2.0,58.0,Male,STAGE IIB,EUR
TCGA-66-2793,Lung_Squamous_Cell_Carcinoma,respiratory,20,3.0,68.0,Male,STAGE IIIB,EUR
TCGA-66-2794,Lung_Squamous_Cell_Carcinoma,respiratory,16,0.0,64.0,Male,STAGE IIIB,EUR
TCGA-66-2795,Lung_Squamous_Cell_Carcinoma,respiratory,28,2.0,68.0,Male,STAGE IIIB,EUR
TCGA-66-2800,Lung_Squamous_Cell_Carcinoma,respiratory,20,0.0,70.0,Male,STAGE IIIB,EUR
TCGA-68-7755,Lung_Squamous_Cell_Carcinoma,respiratory,29,2.0,60.0,Female,STAGE IIA,EUR
TCGA-68-7756,Lung_Squamous_Cell_Carcinoma,respiratory,24,3.0,84.0,Male,STAGE IIIA,EUR
TCGA-68-7757,Lung_Squamous_Cell_Carcinoma,respiratory,27,1.0,74.0,Male,STAGE IA,EUR
TCGA-68-8250,Lung_Squamous_Cell_Carcinoma,respiratory,27,2.0,66.0,Male,STAGE IA,AFR_ADMIX
TCGA-68-8251,Lung_Squamous_Cell_Carcinoma,respiratory,25,0.0,78.0,Male,STAGE IB,EUR
TCGA-68-A59J,Lung_Squamous_Cell_Carcinoma,respiratory,40,3.0,74.0,Female,STAGE IB,EUR
TCGA-6A-AB49,Lung_Squamous_Cell_Carcinoma,respiratory,39,4.0,73.0,Female,STAGE IB,AFR
TCGA-70-6722,Lung_Squamous_Cell_Carcinoma,respiratory,33,0.0,47.0,Male,STAGE IIIA,EAS
TCGA-70-6723,Lung_Squamous_Cell_Carcinoma,respiratory,11,0.0,65.0,Male,STAGE IIA,EAS
TCGA-77-6842,Lung_Squamous_Cell_Carcinoma,respiratory,32,1.0,79.0,Male,STAGE IIB,EUR
TCGA-77-6843,Lung_Squamous_Cell_Carcinoma,respiratory,17,1.0,74.0,Male,STAGE IIA,EUR
TCGA-77-6844,Lung_Squamous_Cell_Carcinoma,respiratory,14,2.0,74.0,Male,STAGE IIIA,EUR
TCGA-77-6845,Lung_Squamous_Cell_Carcinoma,respiratory,26,1.0,69.0,Male,STAGE IIB,EUR
TCGA-77-7139,Lung_Squamous_Cell_Carcinoma,respiratory,18,3.0,56.0,Male,STAGE IIB,EUR
TCGA-77-7140,Lung_Squamous_Cell_Carcinoma,respiratory,17,1.0,69.0,Female,STAGE IIB,EUR
TCGA-77-7141,Lung_Squamous_Cell_Carcinoma,respiratory,39,1.0,64.0,Male,STAGE IB,EUR
TCGA-77-7142,Lung_Squamous_Cell_Carcinoma,respiratory,27,0.0,59.0,Female,STAGE IB,EUR
TCGA-77-7335,Lung_Squamous_Cell_Carcinoma,respiratory,18,3.0,62.0,Female,STAGE IIIB,EUR
TCGA-77-7337,Lung_Squamous_Cell_Carcinoma,respiratory,37,2.0,65.0,Male,STAGE IIB,EUR
TCGA-77-7338,Lung_Squamous_Cell_Carcinoma,respiratory,12,1.0,64.0,Male,STAGE IB,EUR
TCGA-77-7463,Lung_Squamous_Cell_Carcinoma,respiratory,31,1.0,75.0,Male,STAGE IB,EUR
TCGA-77-7465,Lung_Squamous_Cell_Carcinoma,respiratory,50,3.0,58.0,Male,STAGE IIA,EUR
TCGA-77-8007,Lung_Squamous_Cell_Carcinoma,respiratory,9,2.0,68.0,Male,STAGE IIB,EUR
TCGA-77-8008,Lung_Squamous_Cell_Carcinoma,respiratory,14,1.0,68.0,Male,STAGE IB,EUR
TCGA-77-8009,Lung_Squamous_Cell_Carcinoma,respiratory,14,0.0,68.0,Male,STAGE IIB,EUR
TCGA-77-8128,Lung_Squamous_Cell_Carcinoma,respiratory,25,2.0,60.0,Male,STAGE IIIA,EUR
TCGA-77-8130,Lung_Squamous_Cell_Carcinoma,respiratory,14,3.0,69.0,Male,STAGE IIB,EUR
TCGA-77-8131,Lung_Squamous_Cell_Carcinoma,respiratory,7,1.0,72.0,Male,STAGE IB,EUR
TCGA-77-8133,Lung_Squamous_Cell_Carcinoma,respiratory,39,1.0,74.0,Male,STAGE IIA,EUR
TCGA-77-8136,Lung_Squamous_Cell_Carcinoma,respiratory,28,4.0,74.0,Female,STAGE IIB,EUR
TCGA-77-8138,Lung_Squamous_Cell_Carcinoma,respiratory,9,1.0,74.0,Male,STAGE IB,EUR
TCGA-77-8139,Lung_Squamous_Cell_Carcinoma,respiratory,17,2.0,72.0,Male,STAGE IIB,EUR
TCGA-77-8140,Lung_Squamous_Cell_Carcinoma,respiratory,30,2.0,66.0,Female,STAGE IIB,EUR
TCGA-77-8143,Lung_Squamous_Cell_Carcinoma,respiratory,11,1.0,76.0,Male,STAGE IIIA,EUR
TCGA-77-8144,Lung_Squamous_Cell_Carcinoma,respiratory,42,4.0,70.0,Male,STAGE IB,EUR
TCGA-77-8145,Lung_Squamous_Cell_Carcinoma,respiratory,17,1.0,73.0,Male,STAGE IIIB,EUR
TCGA-77-8148,Lung_Squamous_Cell_Carcinoma,respiratory,24,1.0,68.0,Male,STAGE IIIA,EUR
TCGA-77-8150,Lung_Squamous_Cell_Carcinoma,respiratory,21,2.0,64.0,Male,STAGE IIIA,EUR
TCGA-77-8153,Lung_Squamous_Cell_Carcinoma,respiratory,14,1.0,77.0,Female,STAGE IB,EUR
TCGA-77-8154,Lung_Squamous_Cell_Carcinoma,respiratory,20,2.0,67.0,Male,STAGE IA,EUR
TCGA-77-8156,Lung_Squamous_Cell_Carcinoma,respiratory,13,0.0,60.0,Male,STAGE IB,EUR
TCGA-77-A5G1,Lung_Squamous_Cell_Carcinoma,respiratory,17,2.0,75.0,Male,STAGE IIIA,EUR
TCGA-77-A5G3,Lung_Squamous_Cell_Carcinoma,respiratory,70,2.0,63.0,Male,STAGE IIB,EUR
TCGA-77-A5G6,Lung_Squamous_Cell_Carcinoma,respiratory,55,2.0,66.0,Male,STAGE IIIA,EUR
TCGA-77-A5G7,Lung_Squamous_Cell_Carcinoma,respiratory,8,1.0,63.0,Male,STAGE IA,EUR
TCGA-77-A5G8,Lung_Squamous_Cell_Carcinoma,respiratory,23,0.0,70.0,Male,STAGE IIB,EUR
TCGA-77-A5GB,Lung_Squamous_Cell_Carcinoma,respiratory,11,4.0,90.0,Male,STAGE IB,EUR
TCGA-77-A5GF,Lung_Squamous_Cell_Carcinoma,respiratory,13,2.0,70.0,Male,STAGE IIA,EUR
TCGA-77-A5GH,Lung_Squamous_Cell_Carcinoma,respiratory,28,0.0,81.0,Male,STAGE IB,EUR
TCGA-85-6175,Lung_Squamous_Cell_Carcinoma,respiratory,5,1.0,63.0,Female,STAGE IIB,EUR
TCGA-85-6560,Lung_Squamous_Cell_Carcinoma,respiratory,44,1.0,59.0,Male,STAGE IIA,EUR
TCGA-85-6561,Lung_Squamous_Cell_Carcinoma,respiratory,25,0.0,66.0,Male,STAGE IB,EUR
TCGA-85-6798,Lung_Squamous_Cell_Carcinoma,respiratory,20,1.0,57.0,Male,STAGE IIIA,EUR
TCGA-85-7696,Lung_Squamous_Cell_Carcinoma,respiratory,18,2.0,64.0,Male,STAGE IA,EUR
TCGA-85-7697,Lung_Squamous_Cell_Carcinoma,respiratory,25,3.0,49.0,Male,STAGE IIB,EUR
TCGA-85-7698,Lung_Squamous_Cell_Carcinoma,respiratory,14,1.0,48.0,Male,STAGE IA,EUR
TCGA-85-7699,Lung_Squamous_Cell_Carcinoma,respiratory,11,1.0,73.0,Male,STAGE IIIA,EUR
TCGA-85-7710,Lung_Squamous_Cell_Carcinoma,respiratory,15,1.0,59.0,Female,STAGE IA,EUR
TCGA-85-7843,Lung_Squamous_Cell_Carcinoma,respiratory,20,1.0,50.0,Male,STAGE IIA,EUR
TCGA-85-7844,Lung_Squamous_Cell_Carcinoma,respiratory,16,2.0,71.0,Male,STAGE IB,EUR
TCGA-85-7950,Lung_Squamous_Cell_Carcinoma,respiratory,23,1.0,46.0,Male,STAGE IB,EUR
TCGA-85-8048,Lung_Squamous_Cell_Carcinoma,respiratory,4,1.0,62.0,Male,STAGE IA,EUR
TCGA-85-8049,Lung_Squamous_Cell_Carcinoma,respiratory,26,1.0,57.0,Male,STAGE IB,EUR
TCGA-85-8052,Lung_Squamous_Cell_Carcinoma,respiratory,13,2.0,53.0,Male,STAGE IIB,EUR
TCGA-85-8070,Lung_Squamous_Cell_Carcinoma,respiratory,25,1.0,71.0,Male,STAGE IB,EUR
TCGA-85-8071,Lung_Squamous_Cell_Carcinoma,respiratory,26,2.0,52.0,Male,STAGE IIA,EUR
TCGA-85-8072,Lung_Squamous_Cell_Carcinoma,respiratory,11,2.0,60.0,Male,STAGE IA,EUR
TCGA-85-8276,Lung_Squamous_Cell_Carcinoma,respiratory,24,0.0,62.0,Male,STAGE IIA,EUR
TCGA-85-8277,Lung_Squamous_Cell_Carcinoma,respiratory,21,1.0,70.0,Male,STAGE IIIA,EUR
TCGA-85-8287,Lung_Squamous_Cell_Carcinoma,respiratory,24,3.0,72.0,Male,STAGE IA,EUR
TCGA-85-8288,Lung_Squamous_Cell_Carcinoma,respiratory,33,1.0,70.0,Male,STAGE IIA,EUR
TCGA-85-8350,Lung_Squamous_Cell_Carcinoma,respiratory,25,1.0,61.0,Male,STAGE IA,EUR
TCGA-85-8351,Lung_Squamous_Cell_Carcinoma,respiratory,15,4.0,72.0,Male,STAGE IIA,EUR
TCGA-85-8352,Lung_Squamous_Cell_Carcinoma,respiratory,31,1.0,67.0,Male,STAGE IIIA,EUR
TCGA-85-8353,Lung_Squamous_Cell_Carcinoma,respiratory,14,2.0,72.0,Male,STAGE IIIA,EUR
TCGA-85-8354,Lung_Squamous_Cell_Carcinoma,respiratory,17,1.0,53.0,Male,STAGE IB,EUR
TCGA-85-8355,Lung_Squamous_Cell_Carcinoma,respiratory,25,1.0,63.0,Male,STAGE IA,EUR
TCGA-85-8479,Lung_Squamous_Cell_Carcinoma,respiratory,10,1.0,66.0,Male,STAGE IA,EUR
TCGA-85-8481,Lung_Squamous_Cell_Carcinoma,respiratory,31,2.0,70.0,Male,STAGE IIB,EUR
TCGA-85-8580,Lung_Squamous_Cell_Carcinoma,respiratory,30,2.0,52.0,Female,STAGE IB,EUR
TCGA-85-8582,Lung_Squamous_Cell_Carcinoma,respiratory,28,0.0,49.0,Male,STAGE IA,EUR
TCGA-85-8584,Lung_Squamous_Cell_Carcinoma,respiratory,25,1.0,71.0,Male,STAGE IIA,EUR
TCGA-85-8664,Lung_Squamous_Cell_Carcinoma,respiratory,24,1.0,73.0,Male,STAGE IIB,EUR
TCGA-85-8666,Lung_Squamous_Cell_Carcinoma,respiratory,15,2.0,65.0,Male,STAGE IB,EUR
TCGA-85-A4CL,Lung_Squamous_Cell_Carcinoma,respiratory,62,1.0,65.0,Male,STAGE IA,EUR
TCGA-85-A4CN,Lung_Squamous_Cell_Carcinoma,respiratory,12,1.0,56.0,Female,STAGE IIB,EUR
TCGA-85-A4JB,Lung_Squamous_Cell_Carcinoma,respiratory,41,1.0,74.0,Male,STAGE IIB,EUR
TCGA-85-A4JC,Lung_Squamous_Cell_Carcinoma,respiratory,25,2.0,84.0,Male,STAGE IIA,EUR
TCGA-85-A4QQ,Lung_Squamous_Cell_Carcinoma,respiratory,25,1.0,68.0,Male,STAGE IB,EUR
TCGA-85-A4QR,Lung_Squamous_Cell_Carcinoma,respiratory,20,0.0,67.0,Male,STAGE IB,EUR
TCGA-85-A50M,Lung_Squamous_Cell_Carcinoma,respiratory,12,3.0,47.0,Male,STAGE IIA,EAS
TCGA-85-A50Z,Lung_Squamous_Cell_Carcinoma,respiratory,35,1.0,57.0,Male,STAGE IIA,EUR
TCGA-85-A510,Lung_Squamous_Cell_Carcinoma,respiratory,13,1.0,74.0,Female,STAGE IIB,EUR
TCGA-85-A511,Lung_Squamous_Cell_Carcinoma,respiratory,14,0.0,62.0,Male,STAGE IIB,EUR
TCGA-85-A512,Lung_Squamous_Cell_Carcinoma,respiratory,21,2.0,46.0,Male,STAGE IIA,EUR
TCGA-85-A513,Lung_Squamous_Cell_Carcinoma,respiratory,1,0.0,60.0,Female,STAGE IA,EAS
TCGA-85-A53L,Lung_Squamous_Cell_Carcinoma,respiratory,12,0.0,63.0,Male,STAGE IIA,EAS
TCGA-85-A5B5,Lung_Squamous_Cell_Carcinoma,respiratory,46,2.0,58.0,Male,STAGE IA,EUR
TCGA-90-7766,Lung_Squamous_Cell_Carcinoma,respiratory,12,0.0,66.0,Female,STAGE IA,EUR
TCGA-90-7767,Lung_Squamous_Cell_Carcinoma,respiratory,5,0.0,56.0,Male,STAGE IIB,EUR
TCGA-90-7769,Lung_Squamous_Cell_Carcinoma,respiratory,51,2.0,55.0,Male,STAGE IIB,EUR
TCGA-90-7964,Lung_Squamous_Cell_Carcinoma,respiratory,35,0.0,70.0,Male,STAGE IB,EUR
TCGA-90-A4ED,Lung_Squamous_Cell_Carcinoma,respiratory,86,5.0,69.0,Male,STAGE IB,EUR
TCGA-90-A4EE,Lung_Squamous_Cell_Carcinoma,respiratory,37,5.0,53.0,Male,STAGE IIA,EUR
TCGA-90-A59Q,Lung_Squamous_Cell_Carcinoma,respiratory,28,2.0,61.0,Female,STAGE IIA,EUR
TCGA-92-7340,Lung_Squamous_Cell_Carcinoma,respiratory,27,1.0,45.0,Female,STAGE IIA,EUR
TCGA-92-7341,Lung_Squamous_Cell_Carcinoma,respiratory,12,2.0,71.0,Male,STAGE IB,EUR
TCGA-92-8063,Lung_Squamous_Cell_Carcinoma,respiratory,34,1.0,52.0,Male,STAGE IIIA,EUR
TCGA-92-8064,Lung_Squamous_Cell_Carcinoma,respiratory,27,0.0,58.0,Male,STAGE IB,EUR
TCGA-92-8065,Lung_Squamous_Cell_Carcinoma,respiratory,23,3.0,74.0,Female,STAGE IIB,EUR
TCGA-94-7033,Lung_Squamous_Cell_Carcinoma,respiratory,14,1.0,73.0,Male,STAGE IB,EUR
TCGA-94-7557,Lung_Squamous_Cell_Carcinoma,respiratory,8,1.0,73.0,Male,STAGE IB,AFR
TCGA-94-7943,Lung_Squamous_Cell_Carcinoma,respiratory,18,1.0,80.0,Male,STAGE IA,EUR
TCGA-94-8035,Lung_Squamous_Cell_Carcinoma,respiratory,18,0.0,64.0,Male,STAGE IIB,EUR
TCGA-94-8490,Lung_Squamous_Cell_Carcinoma,respiratory,126,8.0,70.0,Male,STAGE IIB,EUR
TCGA-94-8491,Lung_Squamous_Cell_Carcinoma,respiratory,60,0.0,73.0,Male,STAGE IIA,EUR
TCGA-94-A4VJ,Lung_Squamous_Cell_Carcinoma,respiratory,34,2.0,71.0,Female,STAGE IA,EUR
TCGA-94-A5I4,Lung_Squamous_Cell_Carcinoma,respiratory,23,2.0,61.0,Male,STAGE IIA,EUR
TCGA-94-A5I6,Lung_Squamous_Cell_Carcinoma,respiratory,8,0.0,62.0,Male,STAGE IIB,EUR
TCGA-96-7544,Lung_Squamous_Cell_Carcinoma,respiratory,39,1.0,83.0,Male,STAGE IIB,EUR
TCGA-96-7545,Lung_Squamous_Cell_Carcinoma,respiratory,10,1.0,73.0,Male,STAGE IA,EUR
TCGA-96-8169,Lung_Squamous_Cell_Carcinoma,respiratory,20,3.0,67.0,Female,STAGE IA,EUR
TCGA-96-8170,Lung_Squamous_Cell_Carcinoma,respiratory,26,5.0,75.0,Female,STAGE IIA,EUR
TCGA-96-A4JL,Lung_Squamous_Cell_Carcinoma,respiratory,9,2.0,78.0,Female,STAGE IIA,EAS
TCGA-98-7454,Lung_Squamous_Cell_Carcinoma,respiratory,17,0.0,73.0,Male,STAGE IB,EUR
TCGA-98-8020,Lung_Squamous_Cell_Carcinoma,respiratory,1,0.0,56.0,Female,STAGE IIIA,AFR_ADMIX
TCGA-98-8021,Lung_Squamous_Cell_Carcinoma,respiratory,77,4.0,75.0,Female,STAGE IA,EUR
TCGA-98-8022,Lung_Squamous_Cell_Carcinoma,respiratory,23,3.0,61.0,Male,STAGE IA,EUR
TCGA-98-8023,Lung_Squamous_Cell_Carcinoma,respiratory,17,2.0,70.0,Male,STAGE IIIA,EUR
TCGA-98-A538,Lung_Squamous_Cell_Carcinoma,respiratory,68,1.0,67.0,Male,STAGE IIB,EUR
TCGA-98-A539,Lung_Squamous_Cell_Carcinoma,respiratory,20,4.0,63.0,Male,STAGE IIB,EUR
TCGA-98-A53A,Lung_Squamous_Cell_Carcinoma,respiratory,50,8.0,70.0,Male,STAGE IB,AFR_ADMIX
TCGA-98-A53B,Lung_Squamous_Cell_Carcinoma,respiratory,24,3.0,69.0,Male,STAGE IB,EUR
TCGA-98-A53I,Lung_Squamous_Cell_Carcinoma,respiratory,38,2.0,64.0,Male,STAGE IIA,EUR
TCGA-98-A53J,Lung_Squamous_Cell_Carcinoma,respiratory,7,1.0,77.0,Male,STAGE IB,EUR
TCGA-J1-A4AH,Lung_Squamous_Cell_Carcinoma,respiratory,12,0.0,70.0,Male,STAGE IIA,EUR
TCGA-L3-A4E7,Lung_Squamous_Cell_Carcinoma,respiratory,5,0.0,71.0,Male,STAGE IB,EUR
TCGA-L3-A524,Lung_Squamous_Cell_Carcinoma,respiratory,27,2.0,45.0,Female,STAGE IIB,EUR
TCGA-LA-A446,Lung_Squamous_Cell_Carcinoma,respiratory,24,0.0,68.0,Male,STAGE IA,EUR
TCGA-LA-A7SW,Lung_Squamous_Cell_Carcinoma,respiratory,6,0.0,71.0,Male,STAGE IIIA,AFR
TCGA-MF-A522,Lung_Squamous_Cell_Carcinoma,respiratory,39,3.0,54.0,Male,STAGE IB,EUR
TCGA-NC-A5HD,Lung_Squamous_Cell_Carcinoma,respiratory,50,3.0,79.0,Male,STAGE IIB,EUR
TCGA-NC-A5HE,Lung_Squamous_Cell_Carcinoma,respiratory,17,0.0,60.0,Male,STAGE IIB,EUR
TCGA-NC-A5HF,Lung_Squamous_Cell_Carcinoma,respiratory,29,1.0,74.0,Male,STAGE IIIB,EUR
TCGA-NC-A5HG,Lung_Squamous_Cell_Carcinoma,respiratory,48,7.0,59.0,Male,STAGE IIIA,EUR
TCGA-NC-A5HH,Lung_Squamous_Cell_Carcinoma,respiratory,29,3.0,53.0,Male,STAGE IA,EUR
TCGA-NC-A5HI,Lung_Squamous_Cell_Carcinoma,respiratory,51,5.0,68.0,Female,STAGE IB,EUR
TCGA-NC-A5HJ,Lung_Squamous_Cell_Carcinoma,respiratory,26,1.0,59.0,Male,STAGE IIB,EUR
TCGA-NC-A5HK,Lung_Squamous_Cell_Carcinoma,respiratory,24,1.0,58.0,Female,STAGE IIB,EUR
TCGA-NC-A5HL,Lung_Squamous_Cell_Carcinoma,respiratory,12,2.0,73.0,Male,STAGE IIA,EUR
TCGA-NC-A5HM,Lung_Squamous_Cell_Carcinoma,respiratory,33,1.0,76.0,Male,STAGE IB,EUR
TCGA-NC-A5HN,Lung_Squamous_Cell_Carcinoma,respiratory,36,0.0,77.0,Male,STAGE IIA,EUR
TCGA-NC-A5HO,Lung_Squamous_Cell_Carcinoma,respiratory,33,0.0,70.0,Female,STAGE IIIA,EUR
TCGA-NC-A5HP,Lung_Squamous_Cell_Carcinoma,respiratory,46,1.0,69.0,Male,STAGE IV,EUR
TCGA-NC-A5HQ,Lung_Squamous_Cell_Carcinoma,respiratory,29,2.0,70.0,Male,STAGE IIIA,EUR
TCGA-NC-A5HR,Lung_Squamous_Cell_Carcinoma,respiratory,32,1.0,75.0,Female,STAGE IIA,EUR
TCGA-NC-A5HT,Lung_Squamous_Cell_Carcinoma,respiratory,32,2.0,69.0,Male,STAGE IIIA,EUR
TCGA-NK-A5CR,Lung_Squamous_Cell_Carcinoma,respiratory,26,2.0,77.0,Male,STAGE IB,EAS
TCGA-NK-A5CT,Lung_Squamous_Cell_Carcinoma,respiratory,28,0.0,70.0,Male,STAGE IA,EUR
TCGA-NK-A5CX,Lung_Squamous_Cell_Carcinoma,respiratory,17,0.0,73.0,Male,STAGE IIA,EUR
TCGA-NK-A7XE,Lung_Squamous_Cell_Carcinoma,respiratory,6,0.0,66.0,Male,STAGE IIIB,AFR
TCGA-O2-A52N,Lung_Squamous_Cell_Carcinoma,respiratory,46,0.0,78.0,Male,STAGE I,EUR
TCGA-O2-A52Q,Lung_Squamous_Cell_Carcinoma,respiratory,91,3.0,44.0,Female,STAGE III,EUR
TCGA-O2-A52S,Lung_Squamous_Cell_Carcinoma,respiratory,44,4.0,57.0,Female,STAGE III,EUR
TCGA-O2-A52V,Lung_Squamous_Cell_Carcinoma,respiratory,21,2.0,75.0,Female,STAGE II,AFR
TCGA-O2-A52W,Lung_Squamous_Cell_Carcinoma,respiratory,32,5.0,63.0,Male,STAGE I,AFR_ADMIX
TCGA-O2-A5IB,Lung_Squamous_Cell_Carcinoma,respiratory,24,1.0,71.0,Female,STAGE III,EUR
TCGA-XC-AA0X,Lung_Squamous_Cell_Carcinoma,respiratory,19,0.0,77.0,Female,STAGE IA,AFR_ADMIX
TCGA-3H-AB3K,Mesothelioma,respiratory,2,2.0,64.0,Male,STAGE II,EUR
TCGA-3H-AB3L,Mesothelioma,respiratory,3,0.0,60.0,Male,STAGE III,EUR
TCGA-3H-AB3M,Mesothelioma,respiratory,2,0.0,53.0,Female,STAGE III,EUR
TCGA-3H-AB3S,Mesothelioma,respiratory,4,2.0,69.0,Male,STAGE II,EUR
TCGA-3H-AB3T,Mesothelioma,respiratory,5,1.0,79.0,Male,STAGE I,EUR
TCGA-3H-AB3U,Mesothelioma,respiratory,5,2.0,71.0,Male,STAGE III,EUR
TCGA-3H-AB3X,Mesothelioma,respiratory,4,0.0,62.0,Male,STAGE III,EUR
TCGA-3U-A98D,Mesothelioma,respiratory,6,1.0,80.0,Male,STAGE III,EUR
TCGA-3U-A98E,Mesothelioma,respiratory,5,1.0,71.0,Female,STAGE IV,EUR
TCGA-3U-A98F,Mesothelioma,respiratory,6,0.0,73.0,Male,STAGE III,EUR
TCGA-3U-A98H,Mesothelioma,respiratory,7,5.0,57.0,Male,STAGE IV,EUR
TCGA-3U-A98I,Mesothelioma,respiratory,6,0.0,68.0,Male,STAGE IV,EUR
TCGA-3U-A98J,Mesothelioma,respiratory,1,0.0,55.0,Male,STAGE III,EUR
TCGA-LK-A4NW,Mesothelioma,respiratory,5,0.0,60.0,Male,STAGE IV,EUR
TCGA-LK-A4NY,Mesothelioma,respiratory,4,1.0,66.0,Female,STAGE III,EUR
TCGA-LK-A4NZ,Mesothelioma,respiratory,4,1.0,75.0,Male,STAGE II,EUR
TCGA-LK-A4O0,Mesothelioma,respiratory,2,0.0,81.0,Male,STAGE IA,EUR
TCGA-LK-A4O2,Mesothelioma,respiratory,4,1.0,56.0,Female,STAGE III,EUR
TCGA-LK-A4O5,Mesothelioma,respiratory,3,1.0,68.0,Female,STAGE III,EUR
TCGA-LK-A4O6,Mesothelioma,respiratory,4,0.0,66.0,Female,STAGE III,EUR
TCGA-LK-A4O7,Mesothelioma,respiratory,7,1.0,64.0,Male,STAGE III,EUR
TCGA-MQ-A4KX,Mesothelioma,respiratory,1,1.0,55.0,Male,STAGE I,EUR
TCGA-MQ-A4LC,Mesothelioma,respiratory,4,0.0,54.0,Male,STAGE II,EUR
TCGA-MQ-A4LI,Mesothelioma,respiratory,4,0.0,60.0,Female,STAGE II,EUR
TCGA-MQ-A4LJ,Mesothelioma,respiratory,4,0.0,53.0,Male,STAGE III,EUR
TCGA-MQ-A4LM,Mesothelioma,respiratory,5,1.0,67.0,Male,STAGE III,EUR
TCGA-MQ-A4LP,Mesothelioma,respiratory,5,0.0,67.0,Male,STAGE III,EUR
TCGA-MQ-A4LV,Mesothelioma,respiratory,2,1.0,63.0,Male,STAGE III,EUR
TCGA-MQ-A6BL,Mesothelioma,respiratory,10,0.0,78.0,Male,STAGE II,EUR
TCGA-MQ-A6BQ,Mesothelioma,respiratory,3,0.0,58.0,Male,STAGE II,EUR
TCGA-MQ-A6BR,Mesothelioma,respiratory,4,2.0,55.0,Female,STAGE III,EUR
TCGA-MQ-A6BS,Mesothelioma,respiratory,5,1.0,55.0,Male,STAGE II,EUR
TCGA-NQ-A57I,Mesothelioma,respiratory,5,2.0,71.0,Male,STAGE IB,EUR
TCGA-NQ-A638,Mesothelioma,respiratory,6,1.0,66.0,Male,STAGE II,EUR
TCGA-SC-A6LM,Mesothelioma,respiratory,3,0.0,64.0,Female,STAGE IV,EUR
TCGA-SC-A6LN,Mesothelioma,respiratory,7,1.0,76.0,Male,STAGE III,SAS_ADMIX
TCGA-SC-A6LP,Mesothelioma,respiratory,3,0.0,58.0,Male,STAGE II,EUR
TCGA-SC-A6LQ,Mesothelioma,respiratory,4,1.0,60.0,Female,STAGE III,EUR
TCGA-SC-A6LR,Mesothelioma,respiratory,4,1.0,73.0,Male,STAGE III,EUR
TCGA-SC-AA5Z,Mesothelioma,respiratory,4,1.0,54.0,Male,STAGE IV,EUR
TCGA-SH-A7BC,Mesothelioma,respiratory,1,0.0,66.0,Male,STAGE III,EUR
TCGA-SH-A7BD,Mesothelioma,respiratory,5,0.0,68.0,Male,STAGE IV,EUR
TCGA-SH-A7BH,Mesothelioma,respiratory,1,0.0,65.0,Female,STAGE III,EUR
TCGA-SH-A9CT,Mesothelioma,respiratory,4,0.0,67.0,Male,STAGE II,EUR
TCGA-SH-A9CU,Mesothelioma,respiratory,4,1.0,60.0,Male,STAGE IV,EUR
TCGA-TS-A7OU,Mesothelioma,respiratory,5,0.0,56.0,Male,STAGE IV,EUR
TCGA-TS-A7OY,Mesothelioma,respiratory,2,2.0,62.0,Male,STAGE IV,EUR
TCGA-TS-A7OZ,Mesothelioma,respiratory,9,2.0,67.0,Male,STAGE III,EUR
TCGA-TS-A7P0,Mesothelioma,respiratory,8,0.0,42.0,Male,STAGE III,EUR
TCGA-TS-A7P1,Mesothelioma,respiratory,4,1.0,52.0,Male,STAGE I,EUR
TCGA-TS-A7P3,Mesothelioma,respiratory,3,0.0,57.0,Male,STAGE III,EUR
TCGA-TS-A7P6,Mesothelioma,respiratory,1,0.0,61.0,Male,STAGE III,EUR
TCGA-TS-A7P8,Mesothelioma,respiratory,4,0.0,80.0,Male,STAGE III,EUR
TCGA-TS-A7PB,Mesothelioma,respiratory,5,1.0,62.0,Male,STAGE III,EUR
TCGA-TS-A8AI,Mesothelioma,respiratory,4,0.0,58.0,Male,STAGE IV,EUR
TCGA-TS-A8AS,Mesothelioma,respiratory,1,0.0,77.0,Male,STAGE IA,EUR
TCGA-TS-A8AV,Mesothelioma,respiratory,1,0.0,55.0,Male,STAGE III,EUR
TCGA-TS-A8AY,Mesothelioma,respiratory,2,0.0,48.0,Female,STAGE III, 
TCGA-UD-AABZ,Mesothelioma,respiratory,6,0.0,46.0,Male,STAGE II,EUR
TCGA-UD-AAC1,Mesothelioma,respiratory,31,2.0,71.0,Female,STAGE III,EUR
TCGA-UD-AAC4,Mesothelioma,respiratory,5,0.0,65.0,Male,STAGE III,EUR
TCGA-UD-AAC5,Mesothelioma,respiratory,2,0.0,66.0,Male,STAGE I,EUR
TCGA-UD-AAC6,Mesothelioma,respiratory,3,1.0,67.0,Male,STAGE II,EUR
TCGA-UD-AAC7,Mesothelioma,respiratory,3,1.0,47.0,Male,STAGE II,EUR
TCGA-UT-A88C,Mesothelioma,respiratory,2,2.0,62.0,Male,STAGE III,EUR
TCGA-UT-A88D,Mesothelioma,respiratory,5,1.0,66.0,Male,STAGE II,EUR
TCGA-UT-A88E,Mesothelioma,respiratory,5,0.0,74.0,Male,STAGE I,EUR
TCGA-UT-A88G,Mesothelioma,respiratory,4,0.0,73.0,Male,STAGE III,EUR
TCGA-UT-A97Y,Mesothelioma,respiratory,1,1.0,81.0,Female,STAGE I,EUR
TCGA-XT-AASU,Mesothelioma,respiratory,3,1.0,60.0,Male,STAGE III,EUR
TCGA-YS-A95B,Mesothelioma,respiratory,1,0.0,28.0,Female,STAGE IV, 
TCGA-YS-A95C,Mesothelioma,respiratory,1,1.0,54.0,Male,STAGE III, 
TCGA-YS-AA4M,Mesothelioma,respiratory,3,1.0,66.0,Male,STAGE IV,EUR
TCGA-ZN-A9VO,Mesothelioma,respiratory,3,1.0,36.0,Male,STAGE IV,EUR
TCGA-ZN-A9VP,Mesothelioma,respiratory,5,0.0,51.0,Male,STAGE III,EUR
TCGA-ZN-A9VS,Mesothelioma,respiratory,3,1.0,67.0,Male,STAGE III,EUR
TCGA-ZN-A9VU,Mesothelioma,respiratory,4,2.0,70.0,Male,STAGE II,EUR
TCGA-ZN-A9VV,Mesothelioma,respiratory,9,5.0,68.0,Male,STAGE III,EUR
TCGA-ZN-A9VW,Mesothelioma,respiratory,5,2.0,61.0,Male,STAGE IV,EUR
TCGA-04-1353,Ovarian_Serous_Cystadenocarcinoma,gynaecological,2,0.0,64.0,Female,,SAS_ADMIX
TCGA-04-1369,Ovarian_Serous_Cystadenocarcinoma,gynaecological,9,1.0,53.0,Female,,EUR
TCGA-04-1516,Ovarian_Serous_Cystadenocarcinoma,gynaecological,5,2.0,48.0,Female,,EUR
TCGA-04-1644,Ovarian_Serous_Cystadenocarcinoma,gynaecological,3,0.0,48.0,Female,,EUR
TCGA-09-2044,Ovarian_Serous_Cystadenocarcinoma,gynaecological,24,1.0,77.0,Female,,EAS
TCGA-13-1477,Ovarian_Serous_Cystadenocarcinoma,gynaecological,25,0.0,49.0,Female,,EUR
TCGA-13-1500,Ovarian_Serous_Cystadenocarcinoma,gynaecological,5,0.0,71.0,Female,,EUR
TCGA-13-1505,Ovarian_Serous_Cystadenocarcinoma,gynaecological,13,2.0,63.0,Female,,EUR
TCGA-13-2057,Ovarian_Serous_Cystadenocarcinoma,gynaecological,13,0.0,59.0,Female,,EUR
TCGA-13-2059,Ovarian_Serous_Cystadenocarcinoma,gynaecological,7,0.0,50.0,Female,,EUR
TCGA-13-2061,Ovarian_Serous_Cystadenocarcinoma,gynaecological,10,0.0,58.0,Female,,EUR
TCGA-13-2065,Ovarian_Serous_Cystadenocarcinoma,gynaecological,5,1.0,71.0,Female,,AFR
TCGA-13-2071,Ovarian_Serous_Cystadenocarcinoma,gynaecological,9,1.0,63.0,Female,,EUR
TCGA-13-A5FT,Ovarian_Serous_Cystadenocarcinoma,gynaecological,8,2.0,67.0,Female,,AFR_ADMIX
TCGA-13-A5FU,Ovarian_Serous_Cystadenocarcinoma,gynaecological,2,0.0,60.0,Female,,AFR
TCGA-23-1110,Ovarian_Serous_Cystadenocarcinoma,gynaecological,12,0.0,42.0,Female,,AMR
TCGA-23-2641,Ovarian_Serous_Cystadenocarcinoma,gynaecological,11,1.0,85.0,Female,,EUR
TCGA-23-2643,Ovarian_Serous_Cystadenocarcinoma,gynaecological,9,0.0,74.0,Female,,EUR
TCGA-23-2647,Ovarian_Serous_Cystadenocarcinoma,gynaecological,8,1.0,49.0,Female,,EAS
TCGA-23-2649,Ovarian_Serous_Cystadenocarcinoma,gynaecological,18,1.0,60.0,Female,,EUR
TCGA-24-1431,Ovarian_Serous_Cystadenocarcinoma,gynaecological,13,2.0,67.0,Female,,EUR
TCGA-25-1319,Ovarian_Serous_Cystadenocarcinoma,gynaecological,4,0.0,73.0,Female,,EUR
TCGA-25-2397,Ovarian_Serous_Cystadenocarcinoma,gynaecological,8,0.0,59.0,Female,,EUR
TCGA-25-2398,Ovarian_Serous_Cystadenocarcinoma,gynaecological,8,2.0,71.0,Female,,EUR
TCGA-29-2429,Ovarian_Serous_Cystadenocarcinoma,gynaecological,8,1.0,79.0,Female,,EUR
TCGA-29-2431,Ovarian_Serous_Cystadenocarcinoma,gynaecological,3,1.0,59.0,Female,,EUR
TCGA-29-2432,Ovarian_Serous_Cystadenocarcinoma,gynaecological,10,0.0,61.0,Female,,EUR
TCGA-29-2434,Ovarian_Serous_Cystadenocarcinoma,gynaecological,12,0.0,52.0,Female,, 
TCGA-29-A5NZ,Ovarian_Serous_Cystadenocarcinoma,gynaecological,6,0.0,66.0,Female,,AFR_ADMIX
TCGA-36-2530,Ovarian_Serous_Cystadenocarcinoma,gynaecological,7,1.0,38.0,Female,, 
TCGA-36-2532,Ovarian_Serous_Cystadenocarcinoma,gynaecological,5,1.0,61.0,Female,,EUR
TCGA-36-2533,Ovarian_Serous_Cystadenocarcinoma,gynaecological,30,0.0,55.0,Female,,EUR
TCGA-36-2534,Ovarian_Serous_Cystadenocarcinoma,gynaecological,11,2.0,72.0,Female,,EUR
TCGA-36-2537,Ovarian_Serous_Cystadenocarcinoma,gynaecological,4,0.0,39.0,Female,,EUR
TCGA-36-2538,Ovarian_Serous_Cystadenocarcinoma,gynaecological,5,1.0,37.0,Female,,SAS_ADMIX
TCGA-36-2542,Ovarian_Serous_Cystadenocarcinoma,gynaecological,11,3.0,59.0,Female,,EAS
TCGA-36-2543,Ovarian_Serous_Cystadenocarcinoma,gynaecological,3,1.0,85.0,Female,,EUR
TCGA-36-2544,Ovarian_Serous_Cystadenocarcinoma,gynaecological,7,2.0,58.0,Female,,EUR
TCGA-36-2545,Ovarian_Serous_Cystadenocarcinoma,gynaecological,12,1.0,42.0,Female,,EUR
TCGA-36-2547,Ovarian_Serous_Cystadenocarcinoma,gynaecological,20,2.0,64.0,Female,,EAS
TCGA-36-2548,Ovarian_Serous_Cystadenocarcinoma,gynaecological,6,0.0,57.0,Female,,EUR
TCGA-36-2551,Ovarian_Serous_Cystadenocarcinoma,gynaecological,2,0.0,57.0,Female,,EUR
TCGA-36-2552,Ovarian_Serous_Cystadenocarcinoma,gynaecological,4,1.0,64.0,Female,,EUR
TCGA-3P-A9WA,Ovarian_Serous_Cystadenocarcinoma,gynaecological,17,0.0,55.0,Female,,AFR_ADMIX
TCGA-42-2582,Ovarian_Serous_Cystadenocarcinoma,gynaecological,8,1.0,49.0,Female,,EUR
TCGA-42-2587,Ovarian_Serous_Cystadenocarcinoma,gynaecological,14,1.0,75.0,Female,,EUR
TCGA-42-2588,Ovarian_Serous_Cystadenocarcinoma,gynaecological,4,2.0,61.0,Female,,EUR
TCGA-42-2589,Ovarian_Serous_Cystadenocarcinoma,gynaecological,8,0.0,54.0,Female,,EUR
TCGA-42-2590,Ovarian_Serous_Cystadenocarcinoma,gynaecological,4,1.0,57.0,Female,,EUR
TCGA-42-2591,Ovarian_Serous_Cystadenocarcinoma,gynaecological,6,1.0,51.0,Female,,EUR
TCGA-42-2593,Ovarian_Serous_Cystadenocarcinoma,gynaecological,2,0.0,67.0,Female,, 
TCGA-59-2372,Ovarian_Serous_Cystadenocarcinoma,gynaecological,5,0.0,73.0,Female,,EUR
TCGA-59-A5PD,Ovarian_Serous_Cystadenocarcinoma,gynaecological,17,1.0,55.0,Female,,AFR
TCGA-5X-AA5U,Ovarian_Serous_Cystadenocarcinoma,gynaecological,5,0.0,61.0,Female,,AFR
TCGA-OY-A56P,Ovarian_Serous_Cystadenocarcinoma,gynaecological,2,0.0,48.0,Female,,AFR
TCGA-OY-A56Q,Ovarian_Serous_Cystadenocarcinoma,gynaecological,5,1.0,78.0,Female,,AFR
TCGA-VG-A8LO,Ovarian_Serous_Cystadenocarcinoma,gynaecological,8,0.0,55.0,Female,,AFR
TCGA-WR-A838,Ovarian_Serous_Cystadenocarcinoma,gynaecological,5,1.0,72.0,Female,,AFR_ADMIX
TCGA-2J-AAB1,Pancreatic_Adenocarcinoma,digestive,7,1.0,65.0,Male,STAGE IIB,EUR
TCGA-2J-AAB4,Pancreatic_Adenocarcinoma,digestive,4,1.0,48.0,Male,STAGE IIB,EUR
TCGA-2J-AAB6,Pancreatic_Adenocarcinoma,digestive,8,0.0,75.0,Male,STAGE IIA,EUR
TCGA-2J-AAB8,Pancreatic_Adenocarcinoma,digestive,9,2.0,71.0,Male,STAGE IIB,EUR
TCGA-2J-AAB9,Pancreatic_Adenocarcinoma,digestive,1,1.0,70.0,Female,STAGE IIB,EUR
TCGA-2J-AABA,Pancreatic_Adenocarcinoma,digestive,10,4.0,55.0,Male,STAGE IIB,EUR
TCGA-2J-AABE,Pancreatic_Adenocarcinoma,digestive,3,2.0,73.0,Male,STAGE IIA,EUR
TCGA-2J-AABF,Pancreatic_Adenocarcinoma,digestive,6,2.0,73.0,Male,STAGE IIB,EUR
TCGA-2J-AABH,Pancreatic_Adenocarcinoma,digestive,5,1.0,61.0,Male,STAGE IIA,EUR
TCGA-2J-AABI,Pancreatic_Adenocarcinoma,digestive,3,2.0,55.0,Female,STAGE IIA,EUR
TCGA-2J-AABK,Pancreatic_Adenocarcinoma,digestive,5,2.0,71.0,Male,STAGE IIB,EUR
TCGA-2J-AABO,Pancreatic_Adenocarcinoma,digestive,3,0.0,43.0,Male,STAGE IIB,EUR
TCGA-2J-AABP,Pancreatic_Adenocarcinoma,digestive,5,0.0,58.0,Female,STAGE IIB,EUR
TCGA-2J-AABT,Pancreatic_Adenocarcinoma,digestive,7,2.0,72.0,Female,STAGE IIB,EUR
TCGA-2J-AABU,Pancreatic_Adenocarcinoma,digestive,2,0.0,56.0,Male,STAGE IIB, 
TCGA-2L-AAQA,Pancreatic_Adenocarcinoma,digestive,6,1.0,76.0,Male,STAGE IIB,EUR
TCGA-2L-AAQE,Pancreatic_Adenocarcinoma,digestive,4,2.0,56.0,Male,STAGE IIB,EUR
TCGA-2L-AAQI,Pancreatic_Adenocarcinoma,digestive,4,0.0,66.0,Male,STAGE IIB,EUR
TCGA-2L-AAQJ,Pancreatic_Adenocarcinoma,digestive,13,2.0,49.0,Female,STAGE III,EUR
TCGA-2L-AAQL,Pancreatic_Adenocarcinoma,digestive,6,1.0,82.0,Male,STAGE IIB,EUR
TCGA-2L-AAQM,Pancreatic_Adenocarcinoma,digestive,4,0.0,52.0,Male,STAGE IIB,EUR
TCGA-3A-A9I5,Pancreatic_Adenocarcinoma,digestive,7,0.0,57.0,Male,,EUR
TCGA-3A-A9I9,Pancreatic_Adenocarcinoma,digestive,5,0.0,67.0,Male,STAGE IIA,EUR
TCGA-3A-A9IB,Pancreatic_Adenocarcinoma,digestive,6,1.0,69.0,Female,STAGE IIB,EUR
TCGA-3A-A9IC,Pancreatic_Adenocarcinoma,digestive,2,1.0,61.0,Female,STAGE IIB,EUR
TCGA-3A-A9IH,Pancreatic_Adenocarcinoma,digestive,2,2.0,66.0,Female,STAGE IA,EUR
TCGA-3A-A9IJ,Pancreatic_Adenocarcinoma,digestive,1,0.0,65.0,Male,STAGE IB,EUR
TCGA-3A-A9IN,Pancreatic_Adenocarcinoma,digestive,9,0.0,62.0,Female,STAGE IB,EUR
TCGA-3A-A9IO,Pancreatic_Adenocarcinoma,digestive,2,0.0,55.0,Male,,EUR
TCGA-3A-A9IR,Pancreatic_Adenocarcinoma,digestive,2,1.0,64.0,Female,STAGE IB,EUR
TCGA-3A-A9IS,Pancreatic_Adenocarcinoma,digestive,8,0.0,67.0,Male,STAGE IB,EUR
TCGA-3A-A9IU,Pancreatic_Adenocarcinoma,digestive,4,1.0,65.0,Male,STAGE IIB,EUR
TCGA-3A-A9IV,Pancreatic_Adenocarcinoma,digestive,4,1.0,59.0,Female,STAGE IB,EUR
TCGA-3A-A9IX,Pancreatic_Adenocarcinoma,digestive,1,1.0,40.0,Male,STAGE IA,EUR
TCGA-3A-A9IZ,Pancreatic_Adenocarcinoma,digestive,7,0.0,47.0,Male,STAGE IIB,EUR
TCGA-3A-A9J0,Pancreatic_Adenocarcinoma,digestive,10,0.0,75.0,Male,STAGE IIB,EUR
TCGA-3E-AAAY,Pancreatic_Adenocarcinoma,digestive,3,2.0,67.0,Male,STAGE IIB,EUR
TCGA-3E-AAAZ,Pancreatic_Adenocarcinoma,digestive,6,2.0,71.0,Male,STAGE IIA,AFR_ADMIX
TCGA-F2-6879,Pancreatic_Adenocarcinoma,digestive,4,1.0,57.0,Male,STAGE IIB, 
TCGA-F2-A44G,Pancreatic_Adenocarcinoma,digestive,7,0.0,79.0,Female,STAGE IIB,EUR
TCGA-F2-A44H,Pancreatic_Adenocarcinoma,digestive,2,0.0,65.0,Male,STAGE IIA,EUR
TCGA-F2-A7TX,Pancreatic_Adenocarcinoma,digestive,4,2.0,77.0,Male,STAGE IIB,EUR
TCGA-F2-A8YN,Pancreatic_Adenocarcinoma,digestive,10,2.0,76.0,Male,STAGE IIA,EUR
TCGA-FB-A4P5,Pancreatic_Adenocarcinoma,digestive,1,0.0,69.0,Female,STAGE IIB,EUR
TCGA-FB-A545,Pancreatic_Adenocarcinoma,digestive,4,1.0,72.0,Female,STAGE IIB,EUR
TCGA-FB-A5VM,Pancreatic_Adenocarcinoma,digestive,4,1.0,74.0,Male,STAGE IB,EUR
TCGA-FB-A78T,Pancreatic_Adenocarcinoma,digestive,7,2.0,71.0,Female,STAGE IIB,EUR
TCGA-FB-A7DR,Pancreatic_Adenocarcinoma,digestive,6,0.0,48.0,Male,STAGE IIA,EAS
TCGA-FB-AAPP,Pancreatic_Adenocarcinoma,digestive,11,1.0,71.0,Male,STAGE IIB,EUR
TCGA-FB-AAPQ,Pancreatic_Adenocarcinoma,digestive,6,1.0,65.0,Male,STAGE IIB,EUR
TCGA-FB-AAPS,Pancreatic_Adenocarcinoma,digestive,1,0.0,62.0,Female,STAGE IIB,EUR
TCGA-FB-AAPU,Pancreatic_Adenocarcinoma,digestive,7,1.0,41.0,Female,STAGE IIA,EAS
TCGA-FB-AAPY,Pancreatic_Adenocarcinoma,digestive,3,2.0,71.0,Male,STAGE IIB,EUR
TCGA-FB-AAPZ,Pancreatic_Adenocarcinoma,digestive,5,1.0,54.0,Male,STAGE IIB,EUR
TCGA-FB-AAQ0,Pancreatic_Adenocarcinoma,digestive,2,0.0,68.0,Male,STAGE IIA,EUR
TCGA-FB-AAQ1,Pancreatic_Adenocarcinoma,digestive,5,1.0,49.0,Male,STAGE IIB,EUR
TCGA-FB-AAQ2,Pancreatic_Adenocarcinoma,digestive,4,2.0,81.0,Female,STAGE IIB,EUR
TCGA-FB-AAQ3,Pancreatic_Adenocarcinoma,digestive,6,1.0,65.0,Female,STAGE IIB,EUR
TCGA-FB-AAQ6,Pancreatic_Adenocarcinoma,digestive,9,2.0,85.0,Male,STAGE IA, 
TCGA-FZ-5919,Pancreatic_Adenocarcinoma,digestive,4,0.0,59.0,Female,STAGE IIB,EUR
TCGA-FZ-5920,Pancreatic_Adenocarcinoma,digestive,9,2.0,52.0,Male,STAGE IIB,AFR
TCGA-FZ-5921,Pancreatic_Adenocarcinoma,digestive,8,1.0,85.0,Female,STAGE IIB,EUR
TCGA-FZ-5922,Pancreatic_Adenocarcinoma,digestive,6,1.0,81.0,Male,STAGE IIA,EUR
TCGA-FZ-5923,Pancreatic_Adenocarcinoma,digestive,7,0.0,71.0,Male,STAGE IV,EUR
TCGA-FZ-5924,Pancreatic_Adenocarcinoma,digestive,5,0.0,83.0,Male,STAGE IIA,EUR
TCGA-FZ-5926,Pancreatic_Adenocarcinoma,digestive,5,1.0,73.0,Female,STAGE III,EUR
TCGA-H6-8124,Pancreatic_Adenocarcinoma,digestive,6,1.0,56.0,Female,STAGE IIB,EUR
TCGA-H6-A45N,Pancreatic_Adenocarcinoma,digestive,1,0.0,88.0,Female,STAGE IIB,EUR
TCGA-H8-A6C1,Pancreatic_Adenocarcinoma,digestive,4,1.0,53.0,Male,STAGE IIA,EUR
TCGA-HV-A5A3,Pancreatic_Adenocarcinoma,digestive,5,1.0,50.0,Male,STAGE IIA,EAS
TCGA-HV-A5A4,Pancreatic_Adenocarcinoma,digestive,6,3.0,72.0,Female,STAGE IIA,EAS
TCGA-HV-A5A6,Pancreatic_Adenocarcinoma,digestive,6,2.0,65.0,Female,STAGE IIB,EAS
TCGA-HV-A7OL,Pancreatic_Adenocarcinoma,digestive,5,2.0,70.0,Male,STAGE IIA,EAS
TCGA-HV-A7OP,Pancreatic_Adenocarcinoma,digestive,11,1.0,72.0,Male,STAGE IIB,EAS
TCGA-HV-AA8V,Pancreatic_Adenocarcinoma,digestive,1,0.0,50.0,Male,STAGE IIB,EAS
TCGA-HV-AA8X,Pancreatic_Adenocarcinoma,digestive,7,1.0,75.0,Female,STAGE IIB,EAS
TCGA-HZ-7289,Pancreatic_Adenocarcinoma,digestive,8,0.0,77.0,Male,STAGE IIB,EUR
TCGA-HZ-7918,Pancreatic_Adenocarcinoma,digestive,10,0.0,72.0,Male,STAGE IIB,EUR
TCGA-HZ-7919,Pancreatic_Adenocarcinoma,digestive,3,0.0,52.0,Female,STAGE IIB,EUR
TCGA-HZ-7922,Pancreatic_Adenocarcinoma,digestive,5,2.0,61.0,Female,STAGE IIB,EUR
TCGA-HZ-7925,Pancreatic_Adenocarcinoma,digestive,4,2.0,66.0,Male,STAGE IIB,EUR
TCGA-HZ-7926,Pancreatic_Adenocarcinoma,digestive,9,2.0,57.0,Male,STAGE IIB,AFR
TCGA-HZ-8001,Pancreatic_Adenocarcinoma,digestive,5,1.0,69.0,Male,STAGE III,EUR
TCGA-HZ-8005,Pancreatic_Adenocarcinoma,digestive,8,0.0,81.0,Male,STAGE IIB,EUR
TCGA-HZ-8315,Pancreatic_Adenocarcinoma,digestive,6,2.0,54.0,Female,STAGE IIA, 
TCGA-HZ-8636,Pancreatic_Adenocarcinoma,digestive,4,1.0,58.0,Female,STAGE IV,EUR
TCGA-HZ-A49G,Pancreatic_Adenocarcinoma,digestive,2,0.0,58.0,Female,STAGE IIB,EUR
TCGA-HZ-A49H,Pancreatic_Adenocarcinoma,digestive,1,0.0,68.0,Female,STAGE IIB,EUR
TCGA-HZ-A49I,Pancreatic_Adenocarcinoma,digestive,5,0.0,77.0,Male,STAGE IIB,EUR
TCGA-HZ-A4BH,Pancreatic_Adenocarcinoma,digestive,3,0.0,75.0,Male,STAGE IIB,EUR
TCGA-HZ-A4BK,Pancreatic_Adenocarcinoma,digestive,3,0.0,72.0,Male,STAGE IIB,EUR
TCGA-HZ-A77O,Pancreatic_Adenocarcinoma,digestive,1,0.0,77.0,Female,STAGE IIB,EUR
TCGA-HZ-A77P,Pancreatic_Adenocarcinoma,digestive,4,1.0,77.0,Male,STAGE IIB,EUR
TCGA-HZ-A77Q,Pancreatic_Adenocarcinoma,digestive,7,2.0,55.0,Female,STAGE IIB,EUR
TCGA-HZ-A8P0,Pancreatic_Adenocarcinoma,digestive,5,2.0,76.0,Male,STAGE IIB,EUR
TCGA-HZ-A8P1,Pancreatic_Adenocarcinoma,digestive,7,2.0,81.0,Male,STAGE IB,EUR
TCGA-HZ-A9TJ,Pancreatic_Adenocarcinoma,digestive,10,0.0,70.0,Male,STAGE IV,EUR
TCGA-IB-7644,Pancreatic_Adenocarcinoma,digestive,2,1.0,65.0,Female,STAGE IV,EUR
TCGA-IB-7645,Pancreatic_Adenocarcinoma,digestive,3,1.0,44.0,Female,STAGE IIB, 
TCGA-IB-7646,Pancreatic_Adenocarcinoma,digestive,8,0.0,60.0,Male,STAGE IIB,EUR
TCGA-IB-7647,Pancreatic_Adenocarcinoma,digestive,6,1.0,41.0,Male,STAGE IIB,EUR
TCGA-IB-7649,Pancreatic_Adenocarcinoma,digestive,3,2.0,73.0,Female,STAGE IIB,EUR
TCGA-IB-7651,Pancreatic_Adenocarcinoma,digestive,922,23.0,64.0,Female,STAGE IIB,EUR
TCGA-IB-7652,Pancreatic_Adenocarcinoma,digestive,13,2.0,49.0,Female,STAGE IIB,EAS
TCGA-IB-7885,Pancreatic_Adenocarcinoma,digestive,2,0.0,78.0,Female,STAGE IIB,EUR
TCGA-IB-7886,Pancreatic_Adenocarcinoma,digestive,4,3.0,80.0,Male,STAGE IIB,EUR
TCGA-IB-7887,Pancreatic_Adenocarcinoma,digestive,6,0.0,62.0,Female,STAGE IIB,EUR
TCGA-IB-7888,Pancreatic_Adenocarcinoma,digestive,2,1.0,66.0,Female,STAGE IIA,AFR
TCGA-IB-7889,Pancreatic_Adenocarcinoma,digestive,6,2.0,85.0,Female,STAGE IIB,EUR
TCGA-IB-7890,Pancreatic_Adenocarcinoma,digestive,5,1.0,73.0,Male,STAGE IB,EUR
TCGA-IB-7891,Pancreatic_Adenocarcinoma,digestive,3,2.0,49.0,Female,STAGE IIB,EUR
TCGA-IB-7893,Pancreatic_Adenocarcinoma,digestive,2,0.0,64.0,Male,STAGE IIA,EUR
TCGA-IB-7897,Pancreatic_Adenocarcinoma,digestive,1,0.0,53.0,Female,STAGE IIB,EUR
TCGA-IB-8126,Pancreatic_Adenocarcinoma,digestive,1,0.0,79.0,Female,STAGE III,EUR
TCGA-IB-8127,Pancreatic_Adenocarcinoma,digestive,6,1.0,59.0,Male,STAGE IIB,EUR
TCGA-IB-A5SO,Pancreatic_Adenocarcinoma,digestive,7,2.0,71.0,Male,STAGE IIB,EUR
TCGA-IB-A5SP,Pancreatic_Adenocarcinoma,digestive,7,2.0,77.0,Male,STAGE IIA,EUR
TCGA-IB-A5SQ,Pancreatic_Adenocarcinoma,digestive,4,1.0,56.0,Female,STAGE IB,EUR
TCGA-IB-A5SS,Pancreatic_Adenocarcinoma,digestive,5,2.0,64.0,Female,STAGE IIB,EUR
TCGA-IB-A6UF,Pancreatic_Adenocarcinoma,digestive,6,0.0,63.0,Male,STAGE IIB,EUR
TCGA-IB-A6UG,Pancreatic_Adenocarcinoma,digestive,6,1.0,65.0,Male,STAGE IIB,EUR
TCGA-IB-A7LX,Pancreatic_Adenocarcinoma,digestive,3,0.0,57.0,Male,STAGE IIB,EUR
TCGA-IB-A7M4,Pancreatic_Adenocarcinoma,digestive,6,1.0,81.0,Male,STAGE IIB,EUR
TCGA-IB-AAUN,Pancreatic_Adenocarcinoma,digestive,7,2.0,74.0,Female,STAGE IB,EUR
TCGA-IB-AAUO,Pancreatic_Adenocarcinoma,digestive,7,0.0,64.0,Female,STAGE IIB,EUR
TCGA-IB-AAUP,Pancreatic_Adenocarcinoma,digestive,2,0.0,68.0,Male,STAGE IIB,EUR
TCGA-IB-AAUQ,Pancreatic_Adenocarcinoma,digestive,4,0.0,50.0,Male,STAGE IIB,EUR
TCGA-IB-AAUU,Pancreatic_Adenocarcinoma,digestive,5,1.0,35.0,Male,STAGE IIB,EUR
TCGA-LB-A7SX,Pancreatic_Adenocarcinoma,digestive,10,3.0,74.0,Female,STAGE IIB,AFR_ADMIX
TCGA-LB-A8F3,Pancreatic_Adenocarcinoma,digestive,6,0.0,64.0,Female,STAGE IIA,AFR
TCGA-LB-A9Q5,Pancreatic_Adenocarcinoma,digestive,2,1.0,63.0,Female,STAGE IIB,EUR
TCGA-M8-A5N4,Pancreatic_Adenocarcinoma,digestive,4,1.0,48.0,Female,STAGE IIA,EUR
TCGA-OE-A75W,Pancreatic_Adenocarcinoma,digestive,9,1.0,75.0,Male,STAGE IIA,EUR
TCGA-PZ-A5RE,Pancreatic_Adenocarcinoma,digestive,5,0.0,44.0,Female,STAGE IIB,EUR
TCGA-Q3-AA2A,Pancreatic_Adenocarcinoma,digestive,1,0.0,64.0,Female,STAGE IB,EUR
TCGA-RB-A7B8,Pancreatic_Adenocarcinoma,digestive,3,0.0,81.0,Female,STAGE IIB,EUR
TCGA-RB-AA9M,Pancreatic_Adenocarcinoma,digestive,1,1.0,43.0,Male,STAGE IIB,EUR
TCGA-S4-A8RM,Pancreatic_Adenocarcinoma,digestive,6,1.0,67.0,Male,STAGE IIB,EUR
TCGA-S4-A8RO,Pancreatic_Adenocarcinoma,digestive,9,1.0,75.0,Female,STAGE IIB,EUR
TCGA-S4-A8RP,Pancreatic_Adenocarcinoma,digestive,2,1.0,77.0,Female,STAGE IIB,EUR
TCGA-US-A774,Pancreatic_Adenocarcinoma,digestive,2,1.0,76.0,Female,STAGE IIB,EUR
TCGA-US-A776,Pancreatic_Adenocarcinoma,digestive,6,1.0,61.0,Male,STAGE IIA,EUR
TCGA-US-A779,Pancreatic_Adenocarcinoma,digestive,4,2.0,54.0,Female,STAGE IIB,EUR
TCGA-US-A77E,Pancreatic_Adenocarcinoma,digestive,9,1.0,73.0,Male,STAGE IIB,EUR
TCGA-US-A77G,Pancreatic_Adenocarcinoma,digestive,6,3.0,64.0,Male,STAGE IIB,EUR
TCGA-XD-AAUG,Pancreatic_Adenocarcinoma,digestive,2,0.0,66.0,Female,STAGE IV,EUR
TCGA-XD-AAUH,Pancreatic_Adenocarcinoma,digestive,4,0.0,57.0,Female,STAGE IIB,EUR
TCGA-XD-AAUI,Pancreatic_Adenocarcinoma,digestive,7,1.0,50.0,Female,STAGE IIB,EUR
TCGA-XD-AAUL,Pancreatic_Adenocarcinoma,digestive,4,0.0,56.0,Male,STAGE IIA,EUR
TCGA-XN-A8T3,Pancreatic_Adenocarcinoma,digestive,4,0.0,67.0,Male,STAGE IB, 
TCGA-XN-A8T5,Pancreatic_Adenocarcinoma,digestive,1,0.0,53.0,Female,STAGE IB,ADMIX
TCGA-YB-A89D,Pancreatic_Adenocarcinoma,digestive,3,1.0,59.0,Male,STAGE IIB,EUR
TCGA-YH-A8SY,Pancreatic_Adenocarcinoma,digestive,11,1.0,73.0,Female,STAGE III,EUR
TCGA-YY-A8LH,Pancreatic_Adenocarcinoma,digestive,9,3.0,61.0,Female,STAGE IIB,EUR
TCGA-P7-A5NX,Pheochromocytoma_and_Paraganglioma,endocrine,1,1.0,78.0,Female,,EUR
TCGA-P8-A5KD,Pheochromocytoma_and_Paraganglioma,endocrine,2,0.0,35.0,Female,,EUR
TCGA-P8-A6RX,Pheochromocytoma_and_Paraganglioma,endocrine,3,0.0,65.0,Male,,EUR
TCGA-PR-A5PF,Pheochromocytoma_and_Paraganglioma,endocrine,1,0.0,62.0,Female,,EUR
TCGA-PR-A5PH,Pheochromocytoma_and_Paraganglioma,endocrine,1,0.0,47.0,Male,,EUR
TCGA-QR-A6GO,Pheochromocytoma_and_Paraganglioma,endocrine,1,0.0,43.0,Male,,EUR
TCGA-QR-A6GT,Pheochromocytoma_and_Paraganglioma,endocrine,6,1.0,63.0,Female,,EUR
TCGA-QR-A6GU,Pheochromocytoma_and_Paraganglioma,endocrine,2,0.0,31.0,Male,,EUR
TCGA-QR-A6GW,Pheochromocytoma_and_Paraganglioma,endocrine,3,0.0,53.0,Female,,EUR
TCGA-QR-A6GY,Pheochromocytoma_and_Paraganglioma,endocrine,1,0.0,37.0,Female,,EUR
TCGA-QR-A6H1,Pheochromocytoma_and_Paraganglioma,endocrine,2,0.0,55.0,Male,,EUR
TCGA-QR-A6H4,Pheochromocytoma_and_Paraganglioma,endocrine,1,0.0,56.0,Female,,EUR
TCGA-QR-A6H6,Pheochromocytoma_and_Paraganglioma,endocrine,1,0.0,27.0,Male,,EUR
TCGA-QR-A6ZZ,Pheochromocytoma_and_Paraganglioma,endocrine,1,0.0,30.0,Female,,EUR
TCGA-QR-A700,Pheochromocytoma_and_Paraganglioma,endocrine,3,0.0,67.0,Male,,EUR
TCGA-QR-A702,Pheochromocytoma_and_Paraganglioma,endocrine,1,1.0,75.0,Female,,EUR
TCGA-QR-A703,Pheochromocytoma_and_Paraganglioma,endocrine,1,0.0,23.0,Male,,EUR
TCGA-QR-A705,Pheochromocytoma_and_Paraganglioma,endocrine,1,0.0,63.0,Female,,EUR
TCGA-QR-A708,Pheochromocytoma_and_Paraganglioma,endocrine,2,0.0,44.0,Female,,EUR
TCGA-QR-A70C,Pheochromocytoma_and_Paraganglioma,endocrine,2,0.0,51.0,Female,, 
TCGA-QR-A70D,Pheochromocytoma_and_Paraganglioma,endocrine,1,0.0,39.0,Female,,AFR_ADMIX
TCGA-QR-A70E,Pheochromocytoma_and_Paraganglioma,endocrine,1,0.0,31.0,Female,,EUR
TCGA-QR-A70G,Pheochromocytoma_and_Paraganglioma,endocrine,1,0.0,54.0,Male,,AFR_ADMIX
TCGA-QR-A70H,Pheochromocytoma_and_Paraganglioma,endocrine,1,0.0,36.0,Male,,EUR
TCGA-QR-A70J,Pheochromocytoma_and_Paraganglioma,endocrine,1,0.0,42.0,Female,,EUR
TCGA-QR-A70K,Pheochromocytoma_and_Paraganglioma,endocrine,1,0.0,61.0,Male,,EUR
TCGA-QR-A70M,Pheochromocytoma_and_Paraganglioma,endocrine,1,0.0,38.0,Male,,EUR
TCGA-QR-A70N,Pheochromocytoma_and_Paraganglioma,endocrine,2,0.0,32.0,Male,,AFR_ADMIX
TCGA-QR-A70O,Pheochromocytoma_and_Paraganglioma,endocrine,1,0.0,35.0,Female,, 
TCGA-QR-A70P,Pheochromocytoma_and_Paraganglioma,endocrine,1,0.0,45.0,Female,,EUR
TCGA-QR-A70R,Pheochromocytoma_and_Paraganglioma,endocrine,1,0.0,43.0,Male,,EUR
TCGA-QR-A70T,Pheochromocytoma_and_Paraganglioma,endocrine,1,0.0,40.0,Female,,AFR
TCGA-QR-A70U,Pheochromocytoma_and_Paraganglioma,endocrine,4,2.0,46.0,Female,,EUR
TCGA-QR-A70V,Pheochromocytoma_and_Paraganglioma,endocrine,2,1.0,66.0,Female,, 
TCGA-QR-A70W,Pheochromocytoma_and_Paraganglioma,endocrine,1,0.0,40.0,Male,,EUR
TCGA-QR-A7IP,Pheochromocytoma_and_Paraganglioma,endocrine,1,0.0,30.0,Male,,EUR
TCGA-QT-A5XJ,Pheochromocytoma_and_Paraganglioma,endocrine,4,0.0,42.0,Female,,AFR
TCGA-QT-A5XK,Pheochromocytoma_and_Paraganglioma,endocrine,1,0.0,56.0,Female,,AFR_ADMIX
TCGA-QT-A5XN,Pheochromocytoma_and_Paraganglioma,endocrine,1,0.0,51.0,Female,,AFR_ADMIX
TCGA-QT-A5XO,Pheochromocytoma_and_Paraganglioma,endocrine,2,0.0,63.0,Female,,AFR_ADMIX
TCGA-QT-A5XP,Pheochromocytoma_and_Paraganglioma,endocrine,1,0.0,57.0,Female,,AFR
TCGA-QT-A69Q,Pheochromocytoma_and_Paraganglioma,endocrine,1,0.0,40.0,Male,,EUR
TCGA-RM-A68T,Pheochromocytoma_and_Paraganglioma,endocrine,2,0.0,46.0,Male,,AFR
TCGA-RT-A6Y9,Pheochromocytoma_and_Paraganglioma,endocrine,1,1.0,50.0,Female,,EUR
TCGA-RT-A6YC,Pheochromocytoma_and_Paraganglioma,endocrine,1,0.0,31.0,Male,,EUR
TCGA-RW-A67V,Pheochromocytoma_and_Paraganglioma,endocrine,1,0.0,44.0,Female,,EUR
TCGA-RW-A67X,Pheochromocytoma_and_Paraganglioma,endocrine,3,1.0,47.0,Male,,EUR
TCGA-RW-A67Y,Pheochromocytoma_and_Paraganglioma,endocrine,2,1.0,43.0,Female,,EUR
TCGA-RW-A680,Pheochromocytoma_and_Paraganglioma,endocrine,1,0.0,57.0,Female,,EUR
TCGA-RW-A681,Pheochromocytoma_and_Paraganglioma,endocrine,2,0.0,56.0,Male,,EUR
TCGA-RW-A684,Pheochromocytoma_and_Paraganglioma,endocrine,3,0.0,64.0,Female,,EUR
TCGA-RW-A686,Pheochromocytoma_and_Paraganglioma,endocrine,2,0.0,62.0,Male,,EUR
TCGA-RW-A688,Pheochromocytoma_and_Paraganglioma,endocrine,2,1.0,69.0,Female,,EUR
TCGA-RW-A689,Pheochromocytoma_and_Paraganglioma,endocrine,2,1.0,58.0,Male,,EUR
TCGA-RW-A68D,Pheochromocytoma_and_Paraganglioma,endocrine,2,0.0,31.0,Female,,SAS
TCGA-RW-A68F,Pheochromocytoma_and_Paraganglioma,endocrine,1,0.0,51.0,Female,,EUR
TCGA-RW-A7CZ,Pheochromocytoma_and_Paraganglioma,endocrine,1,0.0,72.0,Female,,EUR
TCGA-RW-A7D0,Pheochromocytoma_and_Paraganglioma,endocrine,3,1.0,47.0,Female,,EUR
TCGA-RW-A8AZ,Pheochromocytoma_and_Paraganglioma,endocrine,3,1.0,66.0,Male,,EUR
TCGA-S7-A7WL,Pheochromocytoma_and_Paraganglioma,endocrine,3,1.0,59.0,Male,,EUR
TCGA-S7-A7WM,Pheochromocytoma_and_Paraganglioma,endocrine,2,1.0,76.0,Male,,EUR
TCGA-S7-A7WQ,Pheochromocytoma_and_Paraganglioma,endocrine,1,0.0,19.0,Male,,EUR
TCGA-S7-A7WT,Pheochromocytoma_and_Paraganglioma,endocrine,3,0.0,74.0,Male,,EUR
TCGA-S7-A7WX,Pheochromocytoma_and_Paraganglioma,endocrine,3,0.0,52.0,Male,,EUR
TCGA-S7-A7X2,Pheochromocytoma_and_Paraganglioma,endocrine,3,0.0,57.0,Female,,EUR
TCGA-SA-A6C2,Pheochromocytoma_and_Paraganglioma,endocrine,4,0.0,46.0,Female,,AFR
TCGA-SP-A6QD,Pheochromocytoma_and_Paraganglioma,endocrine,1,0.0,26.0,Male,,SAS
TCGA-SP-A6QF,Pheochromocytoma_and_Paraganglioma,endocrine,1,0.0,48.0,Male,,SAS
TCGA-SP-A6QI,Pheochromocytoma_and_Paraganglioma,endocrine,1,0.0,47.0,Male,,EUR
TCGA-SP-A6QJ,Pheochromocytoma_and_Paraganglioma,endocrine,2,0.0,64.0,Female,,EUR
TCGA-SP-A6QK,Pheochromocytoma_and_Paraganglioma,endocrine,1,0.0,46.0,Female,,EAS
TCGA-SQ-A6I4,Pheochromocytoma_and_Paraganglioma,endocrine,1,1.0,53.0,Male,,EUR
TCGA-SQ-A6I6,Pheochromocytoma_and_Paraganglioma,endocrine,2,1.0,39.0,Male,,EUR
TCGA-SR-A6MP,Pheochromocytoma_and_Paraganglioma,endocrine,1,0.0,30.0,Female,,EUR
TCGA-SR-A6MR,Pheochromocytoma_and_Paraganglioma,endocrine,1,0.0,41.0,Male,,EUR
TCGA-SR-A6MT,Pheochromocytoma_and_Paraganglioma,endocrine,2,0.0,57.0,Female,,EUR
TCGA-SR-A6MU,Pheochromocytoma_and_Paraganglioma,endocrine,1,0.0,49.0,Female,,EUR
TCGA-SR-A6MX,Pheochromocytoma_and_Paraganglioma,endocrine,1,1.0,55.0,Male,,EUR
TCGA-SR-A6N0,Pheochromocytoma_and_Paraganglioma,endocrine,2,0.0,45.0,Female,,EUR
TCGA-TT-A6YJ,Pheochromocytoma_and_Paraganglioma,endocrine,1,0.0,45.0,Female,,EUR
TCGA-W2-A7H7,Pheochromocytoma_and_Paraganglioma,endocrine,1,0.0,59.0,Male,,EUR
TCGA-W2-A7HB,Pheochromocytoma_and_Paraganglioma,endocrine,3,0.0,24.0,Male,,EUR
TCGA-W2-A7UY,Pheochromocytoma_and_Paraganglioma,endocrine,1,0.0,44.0,Female,,EUR
TCGA-WB-A80M,Pheochromocytoma_and_Paraganglioma,endocrine,1,0.0,63.0,Male,,EUR
TCGA-WB-A80V,Pheochromocytoma_and_Paraganglioma,endocrine,2,0.0,63.0,Female,,EUR
TCGA-WB-A80Y,Pheochromocytoma_and_Paraganglioma,endocrine,1,0.0,59.0,Female,,EUR
TCGA-WB-A814,Pheochromocytoma_and_Paraganglioma,endocrine,1,0.0,35.0,Female,,AFR
TCGA-WB-A815,Pheochromocytoma_and_Paraganglioma,endocrine,2,0.0,68.0,Female,,EUR
TCGA-WB-A816,Pheochromocytoma_and_Paraganglioma,endocrine,1,0.0,42.0,Female,,EUR
TCGA-WB-A817,Pheochromocytoma_and_Paraganglioma,endocrine,1,0.0,27.0,Male,,EUR
TCGA-WB-A818,Pheochromocytoma_and_Paraganglioma,endocrine,1,1.0,37.0,Male,,EUR
TCGA-WB-A81H,Pheochromocytoma_and_Paraganglioma,endocrine,3,1.0,44.0,Female,,EUR
TCGA-WB-A81I,Pheochromocytoma_and_Paraganglioma,endocrine,2,0.0,64.0,Male,,EUR
TCGA-WB-A81M,Pheochromocytoma_and_Paraganglioma,endocrine,1,0.0,42.0,Female,,EUR
TCGA-WB-A81N,Pheochromocytoma_and_Paraganglioma,endocrine,1,0.0,28.0,Female,,EUR
TCGA-WB-A81P,Pheochromocytoma_and_Paraganglioma,endocrine,1,0.0,73.0,Female,,EUR
TCGA-WB-A81Q,Pheochromocytoma_and_Paraganglioma,endocrine,1,0.0,44.0,Male,,EUR
TCGA-WB-A81S,Pheochromocytoma_and_Paraganglioma,endocrine,1,0.0,59.0,Female,,EUR
TCGA-WB-A81V,Pheochromocytoma_and_Paraganglioma,endocrine,3,2.0,57.0,Male,,EUR
TCGA-WB-A81W,Pheochromocytoma_and_Paraganglioma,endocrine,1,0.0,41.0,Male,,EUR
TCGA-WB-A822,Pheochromocytoma_and_Paraganglioma,endocrine,1,0.0,23.0,Male,,EUR
TCGA-XG-A823,Pheochromocytoma_and_Paraganglioma,endocrine,1,0.0,25.0,Female,, 
TCGA-2A-A8VL,Prostate_Adenocarcinoma,male_reproductive,2,0.0,51.0,Male,, 
TCGA-2A-A8VO,Prostate_Adenocarcinoma,male_reproductive,5,0.0,57.0,Male,,EUR
TCGA-2A-A8VT,Prostate_Adenocarcinoma,male_reproductive,4,0.0,47.0,Male,,SAS_ADMIX
TCGA-2A-A8VV,Prostate_Adenocarcinoma,male_reproductive,2,0.0,52.0,Male,,ADMIX
TCGA-2A-A8VX,Prostate_Adenocarcinoma,male_reproductive,4,3.0,70.0,Male,,EUR
TCGA-2A-A8W3,Prostate_Adenocarcinoma,male_reproductive,4,0.0,69.0,Male,,EUR
TCGA-2A-AAYO,Prostate_Adenocarcinoma,male_reproductive,3,1.0,57.0,Male,,EUR
TCGA-2A-AAYU,Prostate_Adenocarcinoma,male_reproductive,2,0.0,56.0,Male,,EUR
TCGA-4L-AA1F,Prostate_Adenocarcinoma,male_reproductive,7,1.0,64.0,Male,,EUR
TCGA-CH-5737,Prostate_Adenocarcinoma,male_reproductive,5,1.0,73.0,Male,,EUR
TCGA-CH-5738,Prostate_Adenocarcinoma,male_reproductive,2,0.0,72.0,Male,,EUR
TCGA-CH-5739,Prostate_Adenocarcinoma,male_reproductive,3,0.0,65.0,Male,,EUR
TCGA-CH-5740,Prostate_Adenocarcinoma,male_reproductive,3,0.0,57.0,Male,,EUR
TCGA-CH-5741,Prostate_Adenocarcinoma,male_reproductive,5,0.0,56.0,Male,,EUR
TCGA-CH-5744,Prostate_Adenocarcinoma,male_reproductive,2,0.0,64.0,Male,,EUR
TCGA-CH-5745,Prostate_Adenocarcinoma,male_reproductive,1,0.0,68.0,Male,,EUR
TCGA-CH-5748,Prostate_Adenocarcinoma,male_reproductive,1,0.0,64.0,Male,,EUR
TCGA-CH-5750,Prostate_Adenocarcinoma,male_reproductive,7,0.0,72.0,Male,,EUR
TCGA-CH-5751,Prostate_Adenocarcinoma,male_reproductive,2,0.0,68.0,Male,,EUR
TCGA-CH-5752,Prostate_Adenocarcinoma,male_reproductive,9,5.0,66.0,Male,,EUR
TCGA-CH-5753,Prostate_Adenocarcinoma,male_reproductive,7,0.0,70.0,Male,,EUR
TCGA-CH-5754,Prostate_Adenocarcinoma,male_reproductive,8,1.0,65.0,Male,,EUR
TCGA-CH-5761,Prostate_Adenocarcinoma,male_reproductive,5,0.0,61.0,Male,,EUR
TCGA-CH-5762,Prostate_Adenocarcinoma,male_reproductive,6,1.0,60.0,Male,,EUR
TCGA-CH-5764,Prostate_Adenocarcinoma,male_reproductive,4,0.0,66.0,Male,,EUR
TCGA-CH-5765,Prostate_Adenocarcinoma,male_reproductive,3,0.0,55.0,Male,,EUR
TCGA-CH-5766,Prostate_Adenocarcinoma,male_reproductive,2,0.0,55.0,Male,,EUR
TCGA-CH-5767,Prostate_Adenocarcinoma,male_reproductive,4,1.0,66.0,Male,,EUR
TCGA-CH-5768,Prostate_Adenocarcinoma,male_reproductive,3,1.0,72.0,Male,,EUR
TCGA-CH-5769,Prostate_Adenocarcinoma,male_reproductive,15,0.0,48.0,Male,,EUR
TCGA-CH-5771,Prostate_Adenocarcinoma,male_reproductive,3,0.0,63.0,Male,,EUR
TCGA-CH-5772,Prostate_Adenocarcinoma,male_reproductive,7,0.0,63.0,Male,,EUR
TCGA-CH-5788,Prostate_Adenocarcinoma,male_reproductive,2,0.0,69.0,Male,,EUR
TCGA-CH-5790,Prostate_Adenocarcinoma,male_reproductive,1,0.0,64.0,Male,,EUR
TCGA-CH-5791,Prostate_Adenocarcinoma,male_reproductive,4,0.0,72.0,Male,,EUR
TCGA-CH-5792,Prostate_Adenocarcinoma,male_reproductive,6,0.0,57.0,Male,,EUR
TCGA-CH-5794,Prostate_Adenocarcinoma,male_reproductive,3,0.0,65.0,Male,,EUR
TCGA-EJ-5494,Prostate_Adenocarcinoma,male_reproductive,3,2.0,50.0,Male,,EUR
TCGA-EJ-5495,Prostate_Adenocarcinoma,male_reproductive,11,2.0,68.0,Male,,EUR
TCGA-EJ-5496,Prostate_Adenocarcinoma,male_reproductive,3,0.0,59.0,Male,,EUR
TCGA-EJ-5497,Prostate_Adenocarcinoma,male_reproductive,3,0.0,47.0,Male,,EUR
TCGA-EJ-5498,Prostate_Adenocarcinoma,male_reproductive,1,0.0,56.0,Male,,EUR
TCGA-EJ-5499,Prostate_Adenocarcinoma,male_reproductive,2,0.0,61.0,Male,,EUR
TCGA-EJ-5501,Prostate_Adenocarcinoma,male_reproductive,4,1.0,55.0,Male,,EUR
TCGA-EJ-5502,Prostate_Adenocarcinoma,male_reproductive,1,0.0,50.0,Male,,EUR
TCGA-EJ-5504,Prostate_Adenocarcinoma,male_reproductive,3,0.0,65.0,Male,,EUR
TCGA-EJ-5505,Prostate_Adenocarcinoma,male_reproductive,2,0.0,57.0,Male,,EUR
TCGA-EJ-5506,Prostate_Adenocarcinoma,male_reproductive,1,0.0,67.0,Male,,EUR
TCGA-EJ-5507,Prostate_Adenocarcinoma,male_reproductive,3,0.0,54.0,Male,,EUR
TCGA-EJ-5508,Prostate_Adenocarcinoma,male_reproductive,1,0.0,65.0,Male,,EUR
TCGA-EJ-5509,Prostate_Adenocarcinoma,male_reproductive,1,0.0,63.0,Male,,EUR
TCGA-EJ-5510,Prostate_Adenocarcinoma,male_reproductive,2,0.0,48.0,Male,,EUR
TCGA-EJ-5511,Prostate_Adenocarcinoma,male_reproductive,4,0.0,55.0,Male,,AFR
TCGA-EJ-5512,Prostate_Adenocarcinoma,male_reproductive,2,0.0,46.0,Male,,EUR
TCGA-EJ-5514,Prostate_Adenocarcinoma,male_reproductive,2,1.0,66.0,Male,,EUR
TCGA-EJ-5516,Prostate_Adenocarcinoma,male_reproductive,2,0.0,49.0,Male,,EUR
TCGA-EJ-5517,Prostate_Adenocarcinoma,male_reproductive,3,0.0,55.0,Male,,EUR
TCGA-EJ-5518,Prostate_Adenocarcinoma,male_reproductive,4,2.0,66.0,Male,,EUR
TCGA-EJ-5519,Prostate_Adenocarcinoma,male_reproductive,13,0.0,64.0,Male,,EUR_ADMIX
TCGA-EJ-5521,Prostate_Adenocarcinoma,male_reproductive,6,1.0,63.0,Male,,EUR
TCGA-EJ-5522,Prostate_Adenocarcinoma,male_reproductive,1,0.0,51.0,Male,,EUR
TCGA-EJ-5525,Prostate_Adenocarcinoma,male_reproductive,13,1.0,67.0,Male,,EUR
TCGA-EJ-5526,Prostate_Adenocarcinoma,male_reproductive,3,0.0,56.0,Male,, 
TCGA-EJ-5527,Prostate_Adenocarcinoma,male_reproductive,5,0.0,69.0,Male,,EUR
TCGA-EJ-5530,Prostate_Adenocarcinoma,male_reproductive,4,0.0,61.0,Male,,EUR
TCGA-EJ-5531,Prostate_Adenocarcinoma,male_reproductive,6,1.0,62.0,Male,,EUR
TCGA-EJ-5532,Prostate_Adenocarcinoma,male_reproductive,3,0.0,57.0,Male,,EUR
TCGA-EJ-5542,Prostate_Adenocarcinoma,male_reproductive,1,0.0,60.0,Male,,EUR
TCGA-EJ-7115,Prostate_Adenocarcinoma,male_reproductive,9,1.0,65.0,Male,,EUR
TCGA-EJ-7123,Prostate_Adenocarcinoma,male_reproductive,5,1.0,59.0,Male,,EUR
TCGA-EJ-7125,Prostate_Adenocarcinoma,male_reproductive,2,0.0,44.0,Male,,EUR
TCGA-EJ-7218,Prostate_Adenocarcinoma,male_reproductive,3,0.0,71.0,Male,,EUR
TCGA-EJ-7314,Prostate_Adenocarcinoma,male_reproductive,7,0.0,62.0,Male,,EUR
TCGA-EJ-7315,Prostate_Adenocarcinoma,male_reproductive,2,0.0,68.0,Male,,EUR
TCGA-EJ-7317,Prostate_Adenocarcinoma,male_reproductive,3,1.0,71.0,Male,,EUR
TCGA-EJ-7318,Prostate_Adenocarcinoma,male_reproductive,2,0.0,51.0,Male,,EUR
TCGA-EJ-7321,Prostate_Adenocarcinoma,male_reproductive,4,0.0,57.0,Male,,AFR
TCGA-EJ-7325,Prostate_Adenocarcinoma,male_reproductive,4,1.0,63.0,Male,,EUR
TCGA-EJ-7327,Prostate_Adenocarcinoma,male_reproductive,5,1.0,61.0,Male,,EUR
TCGA-EJ-7328,Prostate_Adenocarcinoma,male_reproductive,2,1.0,70.0,Male,,EUR
TCGA-EJ-7330,Prostate_Adenocarcinoma,male_reproductive,3,0.0,68.0,Male,,EUR
TCGA-EJ-7331,Prostate_Adenocarcinoma,male_reproductive,2,0.0,64.0,Male,,EUR
TCGA-EJ-7781,Prostate_Adenocarcinoma,male_reproductive,7,1.0,65.0,Male,,EUR
TCGA-EJ-7782,Prostate_Adenocarcinoma,male_reproductive,62,4.0,71.0,Male,,AFR
TCGA-EJ-7783,Prostate_Adenocarcinoma,male_reproductive,2,1.0,70.0,Male,,EUR
TCGA-EJ-7784,Prostate_Adenocarcinoma,male_reproductive,7,0.0,63.0,Male,,EUR
TCGA-EJ-7785,Prostate_Adenocarcinoma,male_reproductive,2,0.0,54.0,Male,,EUR
TCGA-EJ-7786,Prostate_Adenocarcinoma,male_reproductive,3,1.0,62.0,Male,,EUR
TCGA-EJ-7788,Prostate_Adenocarcinoma,male_reproductive,2,0.0,53.0,Male,,EUR
TCGA-EJ-7789,Prostate_Adenocarcinoma,male_reproductive,3,0.0,66.0,Male,,AFR
TCGA-EJ-7791,Prostate_Adenocarcinoma,male_reproductive,1,1.0,67.0,Male,,EUR
TCGA-EJ-7793,Prostate_Adenocarcinoma,male_reproductive,1,0.0,49.0,Male,,EUR
TCGA-EJ-7794,Prostate_Adenocarcinoma,male_reproductive,2,0.0,67.0,Male,,EUR
TCGA-EJ-7797,Prostate_Adenocarcinoma,male_reproductive,3,0.0,53.0,Male,,EUR
TCGA-EJ-8468,Prostate_Adenocarcinoma,male_reproductive,2,1.0,63.0,Male,,EUR
TCGA-EJ-8469,Prostate_Adenocarcinoma,male_reproductive,1,0.0,46.0,Male,,AFR_ADMIX
TCGA-EJ-8470,Prostate_Adenocarcinoma,male_reproductive,3,0.0,58.0,Male,,AFR_ADMIX
TCGA-EJ-8472,Prostate_Adenocarcinoma,male_reproductive,4,0.0,63.0,Male,,EUR
TCGA-EJ-8474,Prostate_Adenocarcinoma,male_reproductive,6,0.0,69.0,Male,,EUR
TCGA-EJ-A46D,Prostate_Adenocarcinoma,male_reproductive,2,0.0,53.0,Male,,EUR
TCGA-EJ-A46F,Prostate_Adenocarcinoma,male_reproductive,7,0.0,57.0,Male,,EUR
TCGA-EJ-A46G,Prostate_Adenocarcinoma,male_reproductive,5,1.0,71.0,Male,,EUR
TCGA-EJ-A65B,Prostate_Adenocarcinoma,male_reproductive,5,0.0,55.0,Male,,EUR
TCGA-EJ-A65D,Prostate_Adenocarcinoma,male_reproductive,4,1.0,66.0,Male,,EUR
TCGA-EJ-A65E,Prostate_Adenocarcinoma,male_reproductive,2,0.0,67.0,Male,,AFR
TCGA-EJ-A65F,Prostate_Adenocarcinoma,male_reproductive,7,0.0,59.0,Male,,EUR
TCGA-EJ-A65G,Prostate_Adenocarcinoma,male_reproductive,2,0.0,57.0,Male,,EUR
TCGA-EJ-A65J,Prostate_Adenocarcinoma,male_reproductive,4,0.0,62.0,Male,,EUR
TCGA-EJ-A65M,Prostate_Adenocarcinoma,male_reproductive,4,0.0,65.0,Male,,AFR_ADMIX
TCGA-EJ-A6RC,Prostate_Adenocarcinoma,male_reproductive,2,0.0,64.0,Male,,EUR
TCGA-EJ-A7NF,Prostate_Adenocarcinoma,male_reproductive,2,0.0,56.0,Male,,EUR
TCGA-EJ-A7NH,Prostate_Adenocarcinoma,male_reproductive,3,1.0,56.0,Male,,EUR
TCGA-EJ-A7NM,Prostate_Adenocarcinoma,male_reproductive,6,0.0,64.0,Male,,EUR
TCGA-EJ-A7NN,Prostate_Adenocarcinoma,male_reproductive,1,0.0,61.0,Male,,EUR
TCGA-EJ-A8FN,Prostate_Adenocarcinoma,male_reproductive,4,2.0,58.0,Male,,EUR
TCGA-EJ-A8FS,Prostate_Adenocarcinoma,male_reproductive,7,1.0,66.0,Male,,EUR
TCGA-EJ-AB20,Prostate_Adenocarcinoma,male_reproductive,1,0.0,61.0,Male,,EUR
TCGA-EJ-AB27,Prostate_Adenocarcinoma,male_reproductive,1,0.0,51.0,Male,,AFR
TCGA-FC-7708,Prostate_Adenocarcinoma,male_reproductive,4,0.0,52.0,Male,,EAS
TCGA-FC-7961,Prostate_Adenocarcinoma,male_reproductive,7,3.0,62.0,Male,,EUR
TCGA-FC-A4JI,Prostate_Adenocarcinoma,male_reproductive,3,1.0,70.0,Male,,EAS
TCGA-FC-A5OB,Prostate_Adenocarcinoma,male_reproductive,4,0.0,53.0,Male,,EUR
TCGA-FC-A6HD,Prostate_Adenocarcinoma,male_reproductive,3,0.0,77.0,Male,,EUR
TCGA-FC-A8O0,Prostate_Adenocarcinoma,male_reproductive,3,0.0,68.0,Male,,EUR
TCGA-G9-6329,Prostate_Adenocarcinoma,male_reproductive,3,0.0,67.0,Male,,EUR
TCGA-G9-6333,Prostate_Adenocarcinoma,male_reproductive,2,0.0,66.0,Male,,EUR
TCGA-G9-6338,Prostate_Adenocarcinoma,male_reproductive,6,0.0,61.0,Male,,EUR
TCGA-G9-6339,Prostate_Adenocarcinoma,male_reproductive,3,0.0,58.0,Male,,EUR
TCGA-G9-6343,Prostate_Adenocarcinoma,male_reproductive,3,0.0,62.0,Male,,EUR
TCGA-G9-6348,Prostate_Adenocarcinoma,male_reproductive,3,0.0,68.0,Male,,EUR
TCGA-G9-6354,Prostate_Adenocarcinoma,male_reproductive,1,0.0,55.0,Male,,EAS
TCGA-G9-6356,Prostate_Adenocarcinoma,male_reproductive,4,0.0,60.0,Male,,EUR
TCGA-G9-6361,Prostate_Adenocarcinoma,male_reproductive,4,0.0,61.0,Male,,EUR
TCGA-G9-6362,Prostate_Adenocarcinoma,male_reproductive,3,0.0,57.0,Male,,EUR
TCGA-G9-6363,Prostate_Adenocarcinoma,male_reproductive,5,0.0,64.0,Male,,EUR
TCGA-G9-6364,Prostate_Adenocarcinoma,male_reproductive,3,0.0,72.0,Male,,EUR
TCGA-G9-6365,Prostate_Adenocarcinoma,male_reproductive,1,0.0,71.0,Male,,EUR
TCGA-G9-6366,Prostate_Adenocarcinoma,male_reproductive,4,1.0,61.0,Male,,EUR
TCGA-G9-6369,Prostate_Adenocarcinoma,male_reproductive,2,0.0,55.0,Male,,EUR
TCGA-G9-6371,Prostate_Adenocarcinoma,male_reproductive,2,0.0,58.0,Male,,EUR
TCGA-G9-6377,Prostate_Adenocarcinoma,male_reproductive,4,0.0,61.0,Male,,EUR
TCGA-G9-6378,Prostate_Adenocarcinoma,male_reproductive,2,0.0,54.0,Male,,AFR
TCGA-G9-6379,Prostate_Adenocarcinoma,male_reproductive,1,0.0,68.0,Male,,EUR
TCGA-G9-6384,Prostate_Adenocarcinoma,male_reproductive,2,0.0,53.0,Male,,EUR
TCGA-G9-6494,Prostate_Adenocarcinoma,male_reproductive,5,0.0,66.0,Male,,EUR
TCGA-G9-6496,Prostate_Adenocarcinoma,male_reproductive,3,0.0,61.0,Male,,EUR
TCGA-G9-6498,Prostate_Adenocarcinoma,male_reproductive,2,0.0,53.0,Male,,EUR
TCGA-G9-6499,Prostate_Adenocarcinoma,male_reproductive,4,1.0,66.0,Male,,EUR
TCGA-G9-7509,Prostate_Adenocarcinoma,male_reproductive,2,0.0,48.0,Male,,AFR
TCGA-G9-7510,Prostate_Adenocarcinoma,male_reproductive,3,1.0,66.0,Male,,EUR
TCGA-G9-7519,Prostate_Adenocarcinoma,male_reproductive,6,0.0,58.0,Male,,EUR
TCGA-G9-7521,Prostate_Adenocarcinoma,male_reproductive,1,0.0,52.0,Male,,EUR
TCGA-G9-7522,Prostate_Adenocarcinoma,male_reproductive,3,0.0,49.0,Male,,EUR
TCGA-G9-7525,Prostate_Adenocarcinoma,male_reproductive,5,0.0,64.0,Male,,EUR
TCGA-G9-A9S0,Prostate_Adenocarcinoma,male_reproductive,3,1.0,53.0,Male,,EUR
TCGA-H9-7775,Prostate_Adenocarcinoma,male_reproductive,3,0.0,68.0,Male,,EUR
TCGA-H9-A6BX,Prostate_Adenocarcinoma,male_reproductive,1,1.0,60.0,Male,,EUR
TCGA-H9-A6BY,Prostate_Adenocarcinoma,male_reproductive,4,1.0,63.0,Male,,EUR
TCGA-HC-7075,Prostate_Adenocarcinoma,male_reproductive,5,0.0,63.0,Male,,EUR
TCGA-HC-7077,Prostate_Adenocarcinoma,male_reproductive,6,1.0,64.0,Male,,AFR
TCGA-HC-7078,Prostate_Adenocarcinoma,male_reproductive,1,0.0,69.0,Male,,EUR
TCGA-HC-7080,Prostate_Adenocarcinoma,male_reproductive,4,0.0,66.0,Male,,EUR
TCGA-HC-7081,Prostate_Adenocarcinoma,male_reproductive,3,0.0,62.0,Male,,EUR
TCGA-HC-7209,Prostate_Adenocarcinoma,male_reproductive,2,0.0,60.0,Male,,EUR
TCGA-HC-7210,Prostate_Adenocarcinoma,male_reproductive,7,2.0,74.0,Male,,EUR
TCGA-HC-7211,Prostate_Adenocarcinoma,male_reproductive,1,0.0,62.0,Male,,EUR
TCGA-HC-7212,Prostate_Adenocarcinoma,male_reproductive,7,3.0,56.0,Male,,EUR
TCGA-HC-7213,Prostate_Adenocarcinoma,male_reproductive,2,0.0,53.0,Male,,EUR
TCGA-HC-7230,Prostate_Adenocarcinoma,male_reproductive,1,1.0,50.0,Male,,EUR
TCGA-HC-7231,Prostate_Adenocarcinoma,male_reproductive,4,0.0,66.0,Male,,EUR
TCGA-HC-7233,Prostate_Adenocarcinoma,male_reproductive,3,0.0,73.0,Male,,EUR
TCGA-HC-7736,Prostate_Adenocarcinoma,male_reproductive,4,0.0,59.0,Male,,EUR
TCGA-HC-7737,Prostate_Adenocarcinoma,male_reproductive,1,0.0,55.0,Male,,AFR
TCGA-HC-7738,Prostate_Adenocarcinoma,male_reproductive,4,1.0,58.0,Male,,EUR
TCGA-HC-7740,Prostate_Adenocarcinoma,male_reproductive,2,0.0,59.0,Male,,EUR
TCGA-HC-7742,Prostate_Adenocarcinoma,male_reproductive,3,2.0,58.0,Male,,EUR
TCGA-HC-7744,Prostate_Adenocarcinoma,male_reproductive,2,1.0,46.0,Male,,EUR
TCGA-HC-7747,Prostate_Adenocarcinoma,male_reproductive,3,0.0,52.0,Male,,EUR
TCGA-HC-7748,Prostate_Adenocarcinoma,male_reproductive,1,0.0,60.0,Male,,EUR
TCGA-HC-7749,Prostate_Adenocarcinoma,male_reproductive,8,1.0,70.0,Male,,EUR
TCGA-HC-7750,Prostate_Adenocarcinoma,male_reproductive,2,0.0,50.0,Male,,EUR
TCGA-HC-7752,Prostate_Adenocarcinoma,male_reproductive,7,0.0,61.0,Male,,EUR
TCGA-HC-7817,Prostate_Adenocarcinoma,male_reproductive,3,0.0,52.0,Male,,EUR
TCGA-HC-7818,Prostate_Adenocarcinoma,male_reproductive,3,0.0,66.0,Male,,EUR
TCGA-HC-7819,Prostate_Adenocarcinoma,male_reproductive,4,1.0,53.0,Male,,EUR
TCGA-HC-7820,Prostate_Adenocarcinoma,male_reproductive,6,0.0,72.0,Male,,EUR
TCGA-HC-7821,Prostate_Adenocarcinoma,male_reproductive,1,0.0,54.0,Male,,EUR
TCGA-HC-8213,Prostate_Adenocarcinoma,male_reproductive,1,0.0,48.0,Male,,EUR
TCGA-HC-8216,Prostate_Adenocarcinoma,male_reproductive,7,0.0,58.0,Male,,EUR
TCGA-HC-8256,Prostate_Adenocarcinoma,male_reproductive,2,1.0,53.0,Male,,EUR
TCGA-HC-8257,Prostate_Adenocarcinoma,male_reproductive,3,0.0,70.0,Male,,AFR
TCGA-HC-8258,Prostate_Adenocarcinoma,male_reproductive,1,0.0,56.0,Male,,AFR
TCGA-HC-8259,Prostate_Adenocarcinoma,male_reproductive,6,0.0,50.0,Male,,AFR
TCGA-HC-8260,Prostate_Adenocarcinoma,male_reproductive,1,0.0,43.0,Male,,AFR
TCGA-HC-8261,Prostate_Adenocarcinoma,male_reproductive,3,0.0,48.0,Male,,AFR
TCGA-HC-8262,Prostate_Adenocarcinoma,male_reproductive,3,0.0,57.0,Male,,EUR
TCGA-HC-8264,Prostate_Adenocarcinoma,male_reproductive,1,0.0,60.0,Male,,EUR
TCGA-HC-8265,Prostate_Adenocarcinoma,male_reproductive,10,2.0,66.0,Male,,EUR
TCGA-HC-8266,Prostate_Adenocarcinoma,male_reproductive,2,0.0,55.0,Male,, 
TCGA-HC-A48F,Prostate_Adenocarcinoma,male_reproductive,1,0.0,47.0,Male,,EUR
TCGA-HC-A4ZV,Prostate_Adenocarcinoma,male_reproductive,10,0.0,56.0,Male,,AFR
TCGA-HC-A631,Prostate_Adenocarcinoma,male_reproductive,5,0.0,67.0,Male,,EUR
TCGA-HC-A632,Prostate_Adenocarcinoma,male_reproductive,1,0.0,68.0,Male,,EUR
TCGA-HC-A6AL,Prostate_Adenocarcinoma,male_reproductive,5,1.0,64.0,Male,,EUR
TCGA-HC-A6AN,Prostate_Adenocarcinoma,male_reproductive,3,0.0,67.0,Male,,EUR
TCGA-HC-A6AO,Prostate_Adenocarcinoma,male_reproductive,1,0.0,52.0,Male,,EUR
TCGA-HC-A6AP,Prostate_Adenocarcinoma,male_reproductive,3,0.0,61.0,Male,,EUR
TCGA-HC-A6AQ,Prostate_Adenocarcinoma,male_reproductive,1,0.0,60.0,Male,,EUR
TCGA-HC-A6AS,Prostate_Adenocarcinoma,male_reproductive,4,0.0,70.0,Male,,EUR
TCGA-HC-A6HX,Prostate_Adenocarcinoma,male_reproductive,3,1.0,55.0,Male,,EUR
TCGA-HC-A6HY,Prostate_Adenocarcinoma,male_reproductive,3,0.0,51.0,Male,,EUR
TCGA-HC-A76W,Prostate_Adenocarcinoma,male_reproductive,5,0.0,73.0,Male,,EUR
TCGA-HC-A76X,Prostate_Adenocarcinoma,male_reproductive,3,0.0,62.0,Male,,EUR
TCGA-HC-A8CY,Prostate_Adenocarcinoma,male_reproductive,2,0.0,63.0,Male,,EUR
TCGA-HC-A8D0,Prostate_Adenocarcinoma,male_reproductive,5,1.0,61.0,Male,,EUR
TCGA-HC-A9TE,Prostate_Adenocarcinoma,male_reproductive,6,1.0,64.0,Male,,EUR
TCGA-HC-A9TH,Prostate_Adenocarcinoma,male_reproductive,4,0.0,58.0,Male,,EUR
TCGA-HI-7168,Prostate_Adenocarcinoma,male_reproductive,5,0.0,62.0,Male,,EUR
TCGA-HI-7169,Prostate_Adenocarcinoma,male_reproductive,2,0.0,55.0,Male,,EUR
TCGA-HI-7170,Prostate_Adenocarcinoma,male_reproductive,5,1.0,58.0,Male,,EUR
TCGA-HI-7171,Prostate_Adenocarcinoma,male_reproductive,2,0.0,56.0,Male,,EUR
TCGA-J4-8198,Prostate_Adenocarcinoma,male_reproductive,2,0.0,49.0,Male,,AFR
TCGA-J4-8200,Prostate_Adenocarcinoma,male_reproductive,5,0.0,47.0,Male,, 
TCGA-J4-A67K,Prostate_Adenocarcinoma,male_reproductive,3,0.0,68.0,Male,,EUR
TCGA-J4-A67L,Prostate_Adenocarcinoma,male_reproductive,3,0.0,54.0,Male,,EUR
TCGA-J4-A67M,Prostate_Adenocarcinoma,male_reproductive,4,0.0,55.0,Male,,EUR
TCGA-J4-A67N,Prostate_Adenocarcinoma,male_reproductive,2,0.0,61.0,Male,,EUR
TCGA-J4-A67Q,Prostate_Adenocarcinoma,male_reproductive,1,0.0,77.0,Male,,EUR
TCGA-J4-A67R,Prostate_Adenocarcinoma,male_reproductive,3,0.0,65.0,Male,,EUR
TCGA-J4-A67S,Prostate_Adenocarcinoma,male_reproductive,4,0.0,63.0,Male,,EUR
TCGA-J4-A67T,Prostate_Adenocarcinoma,male_reproductive,6,0.0,63.0,Male,,EUR
TCGA-J4-A6G3,Prostate_Adenocarcinoma,male_reproductive,3,1.0,57.0,Male,,EUR
TCGA-J4-A6M7,Prostate_Adenocarcinoma,male_reproductive,1,0.0,53.0,Male,,EUR
TCGA-J4-A83I,Prostate_Adenocarcinoma,male_reproductive,2,0.0,63.0,Male,,EUR
TCGA-J4-A83J,Prostate_Adenocarcinoma,male_reproductive,9,0.0,68.0,Male,,EUR
TCGA-J4-A83K,Prostate_Adenocarcinoma,male_reproductive,2,0.0,52.0,Male,,EUR
TCGA-J4-A83L,Prostate_Adenocarcinoma,male_reproductive,1,1.0,61.0,Male,,EUR
TCGA-J4-A83M,Prostate_Adenocarcinoma,male_reproductive,3,0.0,64.0,Male,,EUR
TCGA-J4-A83N,Prostate_Adenocarcinoma,male_reproductive,1,0.0,57.0,Male,,EUR
TCGA-J4-AATV,Prostate_Adenocarcinoma,male_reproductive,1,0.0,71.0,Male,,EUR
TCGA-J4-AATZ,Prostate_Adenocarcinoma,male_reproductive,1,0.0,66.0,Male,, 
TCGA-J4-AAU2,Prostate_Adenocarcinoma,male_reproductive,5,2.0,59.0,Male,,EUR
TCGA-J9-A52B,Prostate_Adenocarcinoma,male_reproductive,7,1.0,62.0,Male,,EUR
TCGA-J9-A52C,Prostate_Adenocarcinoma,male_reproductive,87,6.0,57.0,Male,,EUR
TCGA-J9-A52D,Prostate_Adenocarcinoma,male_reproductive,7,0.0,71.0,Male,,EUR
TCGA-J9-A52E,Prostate_Adenocarcinoma,male_reproductive,1,0.0,65.0,Male,,EUR
TCGA-J9-A8CK,Prostate_Adenocarcinoma,male_reproductive,1,0.0,66.0,Male,,EUR
TCGA-J9-A8CL,Prostate_Adenocarcinoma,male_reproductive,5,0.0,66.0,Male,,EUR
TCGA-J9-A8CM,Prostate_Adenocarcinoma,male_reproductive,6,1.0,66.0,Male,,EUR
TCGA-J9-A8CP,Prostate_Adenocarcinoma,male_reproductive,3,1.0,66.0,Male,,EUR
TCGA-KC-A4BL,Prostate_Adenocarcinoma,male_reproductive,2,1.0,65.0,Male,,AFR
TCGA-KC-A4BR,Prostate_Adenocarcinoma,male_reproductive,1,0.0,75.0,Male,,EUR
TCGA-KC-A4BV,Prostate_Adenocarcinoma,male_reproductive,6,1.0,66.0,Male,,SAS_ADMIX
TCGA-KC-A7F3,Prostate_Adenocarcinoma,male_reproductive,3,0.0,67.0,Male,,EUR
TCGA-KC-A7F5,Prostate_Adenocarcinoma,male_reproductive,6,2.0,54.0,Male,,EUR
TCGA-KC-A7F6,Prostate_Adenocarcinoma,male_reproductive,1,1.0,63.0,Male,,EUR
TCGA-KC-A7FA,Prostate_Adenocarcinoma,male_reproductive,7,1.0,63.0,Male,,EUR
TCGA-KC-A7FD,Prostate_Adenocarcinoma,male_reproductive,6,0.0,62.0,Male,,EUR
TCGA-KC-A7FE,Prostate_Adenocarcinoma,male_reproductive,1,0.0,62.0,Male,,EUR
TCGA-KK-A59V,Prostate_Adenocarcinoma,male_reproductive,195,6.0,64.0,Male,,EUR
TCGA-KK-A59X,Prostate_Adenocarcinoma,male_reproductive,6,1.0,55.0,Male,,AFR
TCGA-KK-A59Y,Prostate_Adenocarcinoma,male_reproductive,4,0.0,56.0,Male,,EUR
TCGA-KK-A59Z,Prostate_Adenocarcinoma,male_reproductive,4,0.0,66.0,Male,,AFR
TCGA-KK-A5A1,Prostate_Adenocarcinoma,male_reproductive,17,2.0,72.0,Male,,AFR
TCGA-KK-A6DY,Prostate_Adenocarcinoma,male_reproductive,3,0.0,50.0,Male,,AFR_ADMIX
TCGA-KK-A6E0,Prostate_Adenocarcinoma,male_reproductive,7,0.0,59.0,Male,,EAS
TCGA-KK-A6E1,Prostate_Adenocarcinoma,male_reproductive,3,1.0,57.0,Male,,EUR
TCGA-KK-A6E2,Prostate_Adenocarcinoma,male_reproductive,6,0.0,54.0,Male,,AFR
TCGA-KK-A6E3,Prostate_Adenocarcinoma,male_reproductive,4,1.0,56.0,Male,,AFR_ADMIX
TCGA-KK-A6E4,Prostate_Adenocarcinoma,male_reproductive,4,0.0,69.0,Male,,AFR_ADMIX
TCGA-KK-A6E5,Prostate_Adenocarcinoma,male_reproductive,4,1.0,63.0,Male,,AFR_ADMIX
TCGA-KK-A6E6,Prostate_Adenocarcinoma,male_reproductive,2,0.0,69.0,Male,,EUR
TCGA-KK-A6E7,Prostate_Adenocarcinoma,male_reproductive,2,1.0,46.0,Male,, 
TCGA-KK-A6E8,Prostate_Adenocarcinoma,male_reproductive,4,1.0,68.0,Male,,EUR
TCGA-KK-A7AP,Prostate_Adenocarcinoma,male_reproductive,4,0.0,55.0,Male,, 
TCGA-KK-A7AU,Prostate_Adenocarcinoma,male_reproductive,2,0.0,63.0,Male,,EUR
TCGA-KK-A7AV,Prostate_Adenocarcinoma,male_reproductive,3,0.0,58.0,Male,,AFR_ADMIX
TCGA-KK-A7AW,Prostate_Adenocarcinoma,male_reproductive,2,0.0,57.0,Male,,AFR
TCGA-KK-A7AY,Prostate_Adenocarcinoma,male_reproductive,9,1.0,60.0,Male,,EUR
TCGA-KK-A7AZ,Prostate_Adenocarcinoma,male_reproductive,6,1.0,56.0,Male,,EUR
TCGA-KK-A7B0,Prostate_Adenocarcinoma,male_reproductive,5,0.0,67.0,Male,,EUR
TCGA-KK-A7B1,Prostate_Adenocarcinoma,male_reproductive,2,0.0,65.0,Male,,EUR
TCGA-KK-A7B2,Prostate_Adenocarcinoma,male_reproductive,2,0.0,68.0,Male,,EUR
TCGA-KK-A7B3,Prostate_Adenocarcinoma,male_reproductive,3,0.0,62.0,Male,,EUR
TCGA-KK-A7B4,Prostate_Adenocarcinoma,male_reproductive,4,1.0,64.0,Male,,EUR
TCGA-KK-A8I4,Prostate_Adenocarcinoma,male_reproductive,3,0.0,64.0,Male,,EUR
TCGA-KK-A8I5,Prostate_Adenocarcinoma,male_reproductive,3,0.0,55.0,Male,,AFR
TCGA-KK-A8I6,Prostate_Adenocarcinoma,male_reproductive,1,0.0,58.0,Male,,EUR
TCGA-KK-A8I7,Prostate_Adenocarcinoma,male_reproductive,2,0.0,55.0,Male,,EUR
TCGA-KK-A8I8,Prostate_Adenocarcinoma,male_reproductive,2,0.0,69.0,Male,,EUR
TCGA-KK-A8I9,Prostate_Adenocarcinoma,male_reproductive,4,0.0,61.0,Male,, 
TCGA-KK-A8IA,Prostate_Adenocarcinoma,male_reproductive,4,0.0,69.0,Male,,EUR
TCGA-KK-A8IB,Prostate_Adenocarcinoma,male_reproductive,5,0.0,65.0,Male,,EUR
TCGA-KK-A8ID,Prostate_Adenocarcinoma,male_reproductive,9,1.0,70.0,Male,, 
TCGA-KK-A8IF,Prostate_Adenocarcinoma,male_reproductive,3,1.0,57.0,Male,,AFR_ADMIX
TCGA-KK-A8IG,Prostate_Adenocarcinoma,male_reproductive,4,1.0,55.0,Male,,EUR
TCGA-KK-A8IH,Prostate_Adenocarcinoma,male_reproductive,6,0.0,50.0,Male,, 
TCGA-KK-A8II,Prostate_Adenocarcinoma,male_reproductive,6,1.0,61.0,Male,,EUR
TCGA-KK-A8IJ,Prostate_Adenocarcinoma,male_reproductive,3,0.0,59.0,Male,,EUR
TCGA-KK-A8IK,Prostate_Adenocarcinoma,male_reproductive,5,1.0,56.0,Male,,EUR
TCGA-KK-A8IL,Prostate_Adenocarcinoma,male_reproductive,1,1.0,65.0,Male,,AFR_ADMIX
TCGA-KK-A8IM,Prostate_Adenocarcinoma,male_reproductive,5,0.0,55.0,Male,,EUR
TCGA-M7-A71Y,Prostate_Adenocarcinoma,male_reproductive,2,0.0,55.0,Male,,EUR
TCGA-M7-A71Z,Prostate_Adenocarcinoma,male_reproductive,2,0.0,62.0,Male,,EUR
TCGA-M7-A720,Prostate_Adenocarcinoma,male_reproductive,1,0.0,53.0,Male,,EUR
TCGA-M7-A721,Prostate_Adenocarcinoma,male_reproductive,1,0.0,70.0,Male,,EUR
TCGA-M7-A722,Prostate_Adenocarcinoma,male_reproductive,2,1.0,65.0,Male,,EUR
TCGA-M7-A724,Prostate_Adenocarcinoma,male_reproductive,7,0.0,64.0,Male,,EUR
TCGA-M7-A725,Prostate_Adenocarcinoma,male_reproductive,1,0.0,56.0,Male,,EUR
TCGA-MG-AAMC,Prostate_Adenocarcinoma,male_reproductive,2,0.0,59.0,Male,, 
TCGA-QU-A6IL,Prostate_Adenocarcinoma,male_reproductive,4,1.0,64.0,Male,,EAS
TCGA-QU-A6IM,Prostate_Adenocarcinoma,male_reproductive,6,0.0,59.0,Male,,EUR
TCGA-QU-A6IN,Prostate_Adenocarcinoma,male_reproductive,1,0.0,61.0,Male,,EUR
TCGA-QU-A6IO,Prostate_Adenocarcinoma,male_reproductive,1,0.0,53.0,Male,,AFR_ADMIX
TCGA-QU-A6IP,Prostate_Adenocarcinoma,male_reproductive,4,0.0,66.0,Male,,EUR
TCGA-SU-A7E7,Prostate_Adenocarcinoma,male_reproductive,1,0.0,60.0,Male,,EUR
TCGA-TK-A8OK,Prostate_Adenocarcinoma,male_reproductive,2,0.0,73.0,Male,,EUR
TCGA-TP-A8TT,Prostate_Adenocarcinoma,male_reproductive,3,0.0,64.0,Male,,EUR
TCGA-TP-A8TV,Prostate_Adenocarcinoma,male_reproductive,2,0.0,62.0,Male,,EUR
TCGA-V1-A8MF,Prostate_Adenocarcinoma,male_reproductive,4,0.0,65.0,Male,,AFR_ADMIX
TCGA-V1-A8MG,Prostate_Adenocarcinoma,male_reproductive,1,0.0,53.0,Male,,AFR
TCGA-V1-A8ML,Prostate_Adenocarcinoma,male_reproductive,3,1.0,63.0,Male,,AFR
TCGA-V1-A8MM,Prostate_Adenocarcinoma,male_reproductive,4,3.0,60.0,Male,,AFR_ADMIX
TCGA-V1-A8MU,Prostate_Adenocarcinoma,male_reproductive,5,1.0,56.0,Male,,AFR_ADMIX
TCGA-V1-A8WL,Prostate_Adenocarcinoma,male_reproductive,1,0.0,64.0,Male,,AFR
TCGA-V1-A8WN,Prostate_Adenocarcinoma,male_reproductive,1,0.0,47.0,Male,,AFR
TCGA-V1-A8WS,Prostate_Adenocarcinoma,male_reproductive,1,0.0,56.0,Male,,EUR
TCGA-V1-A8WV,Prostate_Adenocarcinoma,male_reproductive,4,1.0,52.0,Male,,EAS
TCGA-V1-A8WW,Prostate_Adenocarcinoma,male_reproductive,3,0.0,59.0,Male,,EUR
TCGA-V1-A8X3,Prostate_Adenocarcinoma,male_reproductive,4,0.0,51.0,Male,,EUR
TCGA-V1-A9O5,Prostate_Adenocarcinoma,male_reproductive,7,1.0,64.0,Male,,EUR
TCGA-V1-A9O7,Prostate_Adenocarcinoma,male_reproductive,2,1.0,60.0,Male,,EUR
TCGA-V1-A9O9,Prostate_Adenocarcinoma,male_reproductive,4,0.0,56.0,Male,,EUR
TCGA-V1-A9OA,Prostate_Adenocarcinoma,male_reproductive,2,0.0,61.0,Male,,EUR
TCGA-V1-A9OF,Prostate_Adenocarcinoma,male_reproductive,2,1.0,49.0,Male,,EUR
TCGA-V1-A9OH,Prostate_Adenocarcinoma,male_reproductive,10,1.0,63.0,Male,,EUR
TCGA-V1-A9OL,Prostate_Adenocarcinoma,male_reproductive,4,0.0,65.0,Male,,EAS
TCGA-V1-A9OQ,Prostate_Adenocarcinoma,male_reproductive,7,2.0,67.0,Male,, 
TCGA-V1-A9OT,Prostate_Adenocarcinoma,male_reproductive,2,0.0,61.0,Male,,EUR_ADMIX
TCGA-V1-A9OX,Prostate_Adenocarcinoma,male_reproductive,1,0.0,56.0,Male,,EUR
TCGA-V1-A9OY,Prostate_Adenocarcinoma,male_reproductive,1,1.0,57.0,Male,,EUR
TCGA-V1-A9Z7,Prostate_Adenocarcinoma,male_reproductive,3,0.0,54.0,Male,,EUR
TCGA-V1-A9Z8,Prostate_Adenocarcinoma,male_reproductive,6,1.0,59.0,Male,,EUR
TCGA-V1-A9Z9,Prostate_Adenocarcinoma,male_reproductive,7,1.0,63.0,Male,,EUR
TCGA-V1-A9ZG,Prostate_Adenocarcinoma,male_reproductive,2,0.0,64.0,Male,,EAS
TCGA-V1-A9ZI,Prostate_Adenocarcinoma,male_reproductive,7,2.0,68.0,Male,,EUR
TCGA-V1-A9ZK,Prostate_Adenocarcinoma,male_reproductive,5,0.0,68.0,Male,,EUR
TCGA-V1-A9ZR,Prostate_Adenocarcinoma,male_reproductive,2,0.0,68.0,Male,,EUR
TCGA-VN-A88I,Prostate_Adenocarcinoma,male_reproductive,2,1.0,59.0,Male,,EUR
TCGA-VN-A88K,Prostate_Adenocarcinoma,male_reproductive,2,0.0,58.0,Male,,EUR
TCGA-VN-A88L,Prostate_Adenocarcinoma,male_reproductive,2,0.0,54.0,Male,,EUR
TCGA-VN-A88N,Prostate_Adenocarcinoma,male_reproductive,2,1.0,62.0,Male,,EUR
TCGA-VN-A88O,Prostate_Adenocarcinoma,male_reproductive,4,0.0,49.0,Male,, 
TCGA-VN-A88P,Prostate_Adenocarcinoma,male_reproductive,5,1.0,60.0,Male,,EUR
TCGA-VN-A88Q,Prostate_Adenocarcinoma,male_reproductive,2,0.0,60.0,Male,,EUR
TCGA-VN-A88R,Prostate_Adenocarcinoma,male_reproductive,4,0.0,53.0,Male,,AFR
TCGA-VP-A872,Prostate_Adenocarcinoma,male_reproductive,5,1.0,60.0,Male,,EUR
TCGA-VP-A875,Prostate_Adenocarcinoma,male_reproductive,2,0.0,67.0,Male,,AFR
TCGA-VP-A876,Prostate_Adenocarcinoma,male_reproductive,1,0.0,46.0,Male,,EUR
TCGA-VP-A878,Prostate_Adenocarcinoma,male_reproductive,5,1.0,58.0,Male,,EUR
TCGA-VP-A879,Prostate_Adenocarcinoma,male_reproductive,4,0.0,70.0,Male,,EUR
TCGA-VP-A87B,Prostate_Adenocarcinoma,male_reproductive,2,0.0,63.0,Male,,EUR
TCGA-VP-A87C,Prostate_Adenocarcinoma,male_reproductive,2,0.0,67.0,Male,,AFR
TCGA-VP-A87D,Prostate_Adenocarcinoma,male_reproductive,7,1.0,54.0,Male,,EUR
TCGA-VP-A87E,Prostate_Adenocarcinoma,male_reproductive,1,0.0,59.0,Male,,AFR
TCGA-VP-A87H,Prostate_Adenocarcinoma,male_reproductive,4,1.0,76.0,Male,,EUR
TCGA-VP-A87J,Prostate_Adenocarcinoma,male_reproductive,3,1.0,56.0,Male,,AFR_ADMIX
TCGA-VP-A87K,Prostate_Adenocarcinoma,male_reproductive,4,0.0,63.0,Male,,EUR
TCGA-VP-AA1N,Prostate_Adenocarcinoma,male_reproductive,5,1.0,70.0,Male,,EUR
TCGA-X4-A8KQ,Prostate_Adenocarcinoma,male_reproductive,6,2.0,65.0,Male,,EUR
TCGA-X4-A8KS,Prostate_Adenocarcinoma,male_reproductive,1,0.0,61.0,Male,,AFR_ADMIX
TCGA-XA-A8JR,Prostate_Adenocarcinoma,male_reproductive,5,1.0,68.0,Male,,EUR
TCGA-XJ-A83F,Prostate_Adenocarcinoma,male_reproductive,2,0.0,67.0,Male,,EUR
TCGA-XJ-A83G,Prostate_Adenocarcinoma,male_reproductive,2,0.0,51.0,Male,,AFR_ADMIX
TCGA-XJ-A83H,Prostate_Adenocarcinoma,male_reproductive,4,1.0,57.0,Male,,EUR
TCGA-XJ-A9DI,Prostate_Adenocarcinoma,male_reproductive,2,0.0,62.0,Male,,EUR
TCGA-XJ-A9DQ,Prostate_Adenocarcinoma,male_reproductive,1,0.0,48.0,Male,,EUR
TCGA-XJ-A9DX,Prostate_Adenocarcinoma,male_reproductive,12,0.0,51.0,Male,,EUR
TCGA-XK-AAIR,Prostate_Adenocarcinoma,male_reproductive,2,0.0,75.0,Male,,EUR
TCGA-XK-AAIV,Prostate_Adenocarcinoma,male_reproductive,3,0.0,63.0,Male,,EUR
TCGA-XK-AAIW,Prostate_Adenocarcinoma,male_reproductive,431,9.0,78.0,Male,,EUR
TCGA-XK-AAJA,Prostate_Adenocarcinoma,male_reproductive,3,0.0,62.0,Male,, 
TCGA-XK-AAJP,Prostate_Adenocarcinoma,male_reproductive,2,0.0,66.0,Male,,EUR
TCGA-XK-AAJR,Prostate_Adenocarcinoma,male_reproductive,7,1.0,61.0,Male,,EUR
TCGA-XK-AAJT,Prostate_Adenocarcinoma,male_reproductive,2,0.0,75.0,Male,,EUR
TCGA-XQ-A8TA,Prostate_Adenocarcinoma,male_reproductive,8,2.0,59.0,Male,,EUR
TCGA-XQ-A8TB,Prostate_Adenocarcinoma,male_reproductive,3,0.0,67.0,Male,, 
TCGA-Y6-A8TL,Prostate_Adenocarcinoma,male_reproductive,4,0.0,65.0,Male,,EUR
TCGA-Y6-A9XI,Prostate_Adenocarcinoma,male_reproductive,3,0.0,72.0,Male,,EUR
TCGA-YJ-A8SW,Prostate_Adenocarcinoma,male_reproductive,5,0.0,67.0,Male,,EUR
TCGA-YL-A8HK,Prostate_Adenocarcinoma,male_reproductive,3,0.0,59.0,Male,,EUR
TCGA-YL-A8HL,Prostate_Adenocarcinoma,male_reproductive,1,0.0,58.0,Male,,EUR
TCGA-YL-A8HM,Prostate_Adenocarcinoma,male_reproductive,4,0.0,66.0,Male,,EUR
TCGA-YL-A8HO,Prostate_Adenocarcinoma,male_reproductive,4,0.0,67.0,Male,,AFR
TCGA-YL-A8S8,Prostate_Adenocarcinoma,male_reproductive,10,1.0,68.0,Male,,EUR
TCGA-YL-A8S9,Prostate_Adenocarcinoma,male_reproductive,4,0.0,63.0,Male,,EUR
TCGA-YL-A8SA,Prostate_Adenocarcinoma,male_reproductive,2,0.0,69.0,Male,,EUR
TCGA-YL-A8SB,Prostate_Adenocarcinoma,male_reproductive,6,1.0,62.0,Male,,EUR
TCGA-YL-A8SC,Prostate_Adenocarcinoma,male_reproductive,5,1.0,66.0,Male,,EUR
TCGA-YL-A8SH,Prostate_Adenocarcinoma,male_reproductive,1,1.0,69.0,Male,,EUR
TCGA-YL-A8SI,Prostate_Adenocarcinoma,male_reproductive,2,1.0,69.0,Male,,EUR
TCGA-YL-A8SJ,Prostate_Adenocarcinoma,male_reproductive,3,1.0,60.0,Male,,EUR
TCGA-YL-A8SK,Prostate_Adenocarcinoma,male_reproductive,4,0.0,67.0,Male,,EUR
TCGA-YL-A8SL,Prostate_Adenocarcinoma,male_reproductive,5,0.0,74.0,Male,,EUR
TCGA-YL-A8SO,Prostate_Adenocarcinoma,male_reproductive,5,2.0,64.0,Male,,EUR
TCGA-YL-A8SP,Prostate_Adenocarcinoma,male_reproductive,1,0.0,58.0,Male,,EUR
TCGA-YL-A8SQ,Prostate_Adenocarcinoma,male_reproductive,5,1.0,61.0,Male,,EUR
TCGA-YL-A8SR,Prostate_Adenocarcinoma,male_reproductive,4,1.0,64.0,Male,,EUR
TCGA-YL-A9WH,Prostate_Adenocarcinoma,male_reproductive,4,0.0,67.0,Male,,EUR
TCGA-YL-A9WI,Prostate_Adenocarcinoma,male_reproductive,3,1.0,63.0,Male,,EUR
TCGA-YL-A9WJ,Prostate_Adenocarcinoma,male_reproductive,4,0.0,47.0,Male,,EUR
TCGA-YL-A9WK,Prostate_Adenocarcinoma,male_reproductive,3,0.0,63.0,Male,,AFR
TCGA-ZG-A8QW,Prostate_Adenocarcinoma,male_reproductive,2,0.0,72.0,Male,,EUR
TCGA-ZG-A8QX,Prostate_Adenocarcinoma,male_reproductive,1,0.0,56.0,Male,,EUR
TCGA-ZG-A8QY,Prostate_Adenocarcinoma,male_reproductive,8,0.0,67.0,Male,,EUR
TCGA-ZG-A8QZ,Prostate_Adenocarcinoma,male_reproductive,3,0.0,65.0,Male,,EUR
TCGA-ZG-A9KY,Prostate_Adenocarcinoma,male_reproductive,12,5.0,73.0,Male,,EUR
TCGA-ZG-A9L0,Prostate_Adenocarcinoma,male_reproductive,5,2.0,71.0,Male,,EUR
TCGA-ZG-A9L1,Prostate_Adenocarcinoma,male_reproductive,5,0.0,66.0,Male,,EUR
TCGA-ZG-A9L2,Prostate_Adenocarcinoma,male_reproductive,5,2.0,70.0,Male,,EUR
TCGA-ZG-A9L4,Prostate_Adenocarcinoma,male_reproductive,2,0.0,61.0,Male,,EUR
TCGA-ZG-A9L5,Prostate_Adenocarcinoma,male_reproductive,5,0.0,58.0,Male,,EUR
TCGA-ZG-A9L6,Prostate_Adenocarcinoma,male_reproductive,1,0.0,64.0,Male,,EUR
TCGA-ZG-A9LB,Prostate_Adenocarcinoma,male_reproductive,4,1.0,72.0,Male,,EUR
TCGA-ZG-A9LM,Prostate_Adenocarcinoma,male_reproductive,9,0.0,72.0,Male,,EUR
TCGA-ZG-A9LN,Prostate_Adenocarcinoma,male_reproductive,5,0.0,57.0,Male,,EUR
TCGA-ZG-A9LS,Prostate_Adenocarcinoma,male_reproductive,2,0.0,64.0,Male,,EUR
TCGA-ZG-A9LU,Prostate_Adenocarcinoma,male_reproductive,4,1.0,67.0,Male,,EUR
TCGA-ZG-A9LY,Prostate_Adenocarcinoma,male_reproductive,4,0.0,60.0,Male,,EUR
TCGA-ZG-A9LZ,Prostate_Adenocarcinoma,male_reproductive,3,0.0,66.0,Male,,EUR
TCGA-ZG-A9M4,Prostate_Adenocarcinoma,male_reproductive,6,2.0,65.0,Male,,EUR
TCGA-ZG-A9MC,Prostate_Adenocarcinoma,male_reproductive,2,0.0,69.0,Male,,EUR
TCGA-ZG-A9N3,Prostate_Adenocarcinoma,male_reproductive,3,1.0,73.0,Male,,EUR
TCGA-ZG-A9ND,Prostate_Adenocarcinoma,male_reproductive,7,0.0,55.0,Male,,EUR
TCGA-ZG-A9NI,Prostate_Adenocarcinoma,male_reproductive,8,1.0,73.0,Male,,EUR
TCGA-3B-A9HI,Sarcoma,connective_tissue,6,1.0,68.0,Male,,EUR
TCGA-3B-A9HJ,Sarcoma,connective_tissue,1,0.0,68.0,Male,,EUR
TCGA-3B-A9HL,Sarcoma,connective_tissue,1,0.0,67.0,Male,,EUR
TCGA-3B-A9HO,Sarcoma,connective_tissue,3,0.0,75.0,Male,,EUR
TCGA-3B-A9HP,Sarcoma,connective_tissue,8,1.0,57.0,Female,,EUR
TCGA-3B-A9HQ,Sarcoma,connective_tissue,7,0.0,66.0,Female,,EUR
TCGA-3B-A9HR,Sarcoma,connective_tissue,1,0.0,38.0,Female,,AFR
TCGA-3B-A9HS,Sarcoma,connective_tissue,5,1.0,60.0,Male,,EUR
TCGA-3B-A9HT,Sarcoma,connective_tissue,56,6.0,53.0,Male,,EUR
TCGA-3B-A9HU,Sarcoma,connective_tissue,1,0.0,53.0,Female,,AFR
TCGA-3B-A9HV,Sarcoma,connective_tissue,5,1.0,48.0,Female,,EUR
TCGA-3B-A9HX,Sarcoma,connective_tissue,3,1.0,70.0,Female,,EUR
TCGA-3B-A9HY,Sarcoma,connective_tissue,3,1.0,49.0,Male,,EUR
TCGA-3B-A9HZ,Sarcoma,connective_tissue,2,0.0,66.0,Male,,EUR
TCGA-3B-A9I0,Sarcoma,connective_tissue,3,2.0,33.0,Male,,EUR
TCGA-3B-A9I1,Sarcoma,connective_tissue,6,1.0,56.0,Female,,AFR_ADMIX
TCGA-3R-A8YX,Sarcoma,connective_tissue,5,0.0,66.0,Male,, 
TCGA-DX-A1KU,Sarcoma,connective_tissue,1,0.0,82.0,Male,,EUR
TCGA-DX-A1KW,Sarcoma,connective_tissue,2,0.0,67.0,Male,, 
TCGA-DX-A1KX,Sarcoma,connective_tissue,8,0.0,67.0,Female,,EUR
TCGA-DX-A1L0,Sarcoma,connective_tissue,6,0.0,58.0,Male,,EUR
TCGA-DX-A1L2,Sarcoma,connective_tissue,7,1.0,78.0,Male,,EUR
TCGA-DX-A23Y,Sarcoma,connective_tissue,2,0.0,80.0,Male,,EUR
TCGA-DX-A240,Sarcoma,connective_tissue,2,0.0,51.0,Male,,EUR
TCGA-DX-A2IZ,Sarcoma,connective_tissue,5,0.0,60.0,Male,,EUR
TCGA-DX-A2J0,Sarcoma,connective_tissue,5,0.0,61.0,Male,,EUR
TCGA-DX-A2J1,Sarcoma,connective_tissue,3,1.0,53.0,Male,,EUR
TCGA-DX-A2J4,Sarcoma,connective_tissue,4,0.0,60.0,Male,,EUR
TCGA-DX-A3LS,Sarcoma,connective_tissue,3,0.0,78.0,Female,,EUR
TCGA-DX-A3LU,Sarcoma,connective_tissue,2,0.0,60.0,Male,,EUR
TCGA-DX-A3LY,Sarcoma,connective_tissue,6,0.0,66.0,Male,,EUR
TCGA-DX-A3M1,Sarcoma,connective_tissue,4,0.0,79.0,Male,,EUR
TCGA-DX-A3M2,Sarcoma,connective_tissue,4,1.0,59.0,Male,,EUR
TCGA-DX-A3U7,Sarcoma,connective_tissue,4,0.0,67.0,Male,,EUR
TCGA-DX-A3U8,Sarcoma,connective_tissue,3,0.0,43.0,Male,, 
TCGA-DX-A3U9,Sarcoma,connective_tissue,6,0.0,84.0,Male,,EUR
TCGA-DX-A3UA,Sarcoma,connective_tissue,1,0.0,47.0,Female,, 
TCGA-DX-A3UB,Sarcoma,connective_tissue,2,0.0,54.0,Male,,EUR
TCGA-DX-A3UC,Sarcoma,connective_tissue,1,0.0,37.0,Female,,EUR
TCGA-DX-A3UD,Sarcoma,connective_tissue,4,1.0,56.0,Male,,EUR
TCGA-DX-A3UE,Sarcoma,connective_tissue,4,2.0,66.0,Female,,EUR
TCGA-DX-A3UF,Sarcoma,connective_tissue,2,0.0,65.0,Female,,EUR
TCGA-DX-A48J,Sarcoma,connective_tissue,1,0.0,44.0,Male,,AFR_ADMIX
TCGA-DX-A48K,Sarcoma,connective_tissue,2,0.0,65.0,Male,,EUR
TCGA-DX-A48L,Sarcoma,connective_tissue,5,1.0,49.0,Female,,EUR
TCGA-DX-A48N,Sarcoma,connective_tissue,3,0.0,47.0,Male,,EUR
TCGA-DX-A48O,Sarcoma,connective_tissue,10,0.0,63.0,Female,,EUR
TCGA-DX-A48P,Sarcoma,connective_tissue,5,0.0,54.0,Female,,ADMIX
TCGA-DX-A48R,Sarcoma,connective_tissue,7,0.0,41.0,Male,,EUR
TCGA-DX-A48U,Sarcoma,connective_tissue,7,0.0,57.0,Male,,EUR
TCGA-DX-A48V,Sarcoma,connective_tissue,2,0.0,78.0,Male,,EUR
TCGA-DX-A6B7,Sarcoma,connective_tissue,3,1.0,55.0,Male,,EUR
TCGA-DX-A6B8,Sarcoma,connective_tissue,4,2.0,80.0,Male,,EUR
TCGA-DX-A6B9,Sarcoma,connective_tissue,1,0.0,45.0,Female,,AFR
TCGA-DX-A6BA,Sarcoma,connective_tissue,7,0.0,53.0,Female,,EUR
TCGA-DX-A6BB,Sarcoma,connective_tissue,4,0.0,74.0,Male,,EUR
TCGA-DX-A6BE,Sarcoma,connective_tissue,2,0.0,77.0,Male,,EUR
TCGA-DX-A6BF,Sarcoma,connective_tissue,8,0.0,82.0,Female,,EUR
TCGA-DX-A6BG,Sarcoma,connective_tissue,2,0.0,51.0,Male,,EUR
TCGA-DX-A6BH,Sarcoma,connective_tissue,1,0.0,34.0,Male,,EUR
TCGA-DX-A6BK,Sarcoma,connective_tissue,5,0.0,85.0,Female,,EUR
TCGA-DX-A6YQ,Sarcoma,connective_tissue,6,1.0,86.0,Female,,EUR
TCGA-DX-A6YR,Sarcoma,connective_tissue,5,1.0,75.0,Male,,EUR
TCGA-DX-A6YS,Sarcoma,connective_tissue,5,0.0,61.0,Male,,EUR
TCGA-DX-A6YT,Sarcoma,connective_tissue,4,0.0,31.0,Female,,EUR
TCGA-DX-A6YU,Sarcoma,connective_tissue,5,0.0,50.0,Female,,EUR
TCGA-DX-A6YV,Sarcoma,connective_tissue,3,0.0,74.0,Male,,EUR
TCGA-DX-A6YX,Sarcoma,connective_tissue,4,0.0,68.0,Female,,EUR
TCGA-DX-A6YZ,Sarcoma,connective_tissue,5,0.0,59.0,Male,,EUR
TCGA-DX-A6Z0,Sarcoma,connective_tissue,3,1.0,78.0,Female,,EUR
TCGA-DX-A6Z2,Sarcoma,connective_tissue,8,0.0,82.0,Female,,EUR
TCGA-DX-A7EF,Sarcoma,connective_tissue,2,0.0,88.0,Female,,EUR
TCGA-DX-A7EI,Sarcoma,connective_tissue,2,1.0,78.0,Female,,EUR
TCGA-DX-A7EL,Sarcoma,connective_tissue,3,0.0,56.0,Female,,EUR
TCGA-DX-A7EM,Sarcoma,connective_tissue,2,1.0,61.0,Male,,EUR
TCGA-DX-A7EN,Sarcoma,connective_tissue,2,1.0,53.0,Female,,EUR
TCGA-DX-A7EO,Sarcoma,connective_tissue,2,0.0,20.0,Female,, 
TCGA-DX-A7EQ,Sarcoma,connective_tissue,4,0.0,72.0,Male,,EUR
TCGA-DX-A7ER,Sarcoma,connective_tissue,3,0.0,69.0,Male,,EUR
TCGA-DX-A7ES,Sarcoma,connective_tissue,5,1.0,50.0,Female,,EUR
TCGA-DX-A7ET,Sarcoma,connective_tissue,9,2.0,71.0,Male,,AFR_ADMIX
TCGA-DX-A7EU,Sarcoma,connective_tissue,2,1.0,79.0,Female,,EUR
TCGA-DX-A8BG,Sarcoma,connective_tissue,5,1.0,83.0,Female,,EUR
TCGA-DX-A8BH,Sarcoma,connective_tissue,7,0.0,86.0,Male,,EUR
TCGA-DX-A8BJ,Sarcoma,connective_tissue,6,0.0,76.0,Male,,EUR
TCGA-DX-A8BK,Sarcoma,connective_tissue,1,0.0,61.0,Female,,EUR
TCGA-DX-A8BL,Sarcoma,connective_tissue,5,0.0,59.0,Male,,EUR
TCGA-DX-A8BM,Sarcoma,connective_tissue,5,2.0,60.0,Male,,EUR
TCGA-DX-A8BN,Sarcoma,connective_tissue,2,1.0,78.0,Female,,EUR
TCGA-DX-A8BO,Sarcoma,connective_tissue,4,0.0,67.0,Female,,EUR_ADMIX
TCGA-DX-A8BP,Sarcoma,connective_tissue,27,2.0,85.0,Male,,EUR
TCGA-DX-A8BR,Sarcoma,connective_tissue,3,0.0,63.0,Female,,EUR
TCGA-DX-A8BT,Sarcoma,connective_tissue,7,1.0,63.0,Female,,EUR
TCGA-DX-A8BU,Sarcoma,connective_tissue,8,2.0,58.0,Male,,EUR
TCGA-DX-A8BV,Sarcoma,connective_tissue,3,2.0,57.0,Male,,EUR
TCGA-DX-A8BX,Sarcoma,connective_tissue,6,0.0,52.0,Male,, 
TCGA-DX-A8BZ,Sarcoma,connective_tissue,1,0.0,78.0,Female,,AFR
TCGA-DX-AATS,Sarcoma,connective_tissue,7,2.0,72.0,Male,,EUR
TCGA-DX-AB2E,Sarcoma,connective_tissue,53,3.0,60.0,Male,,EUR
TCGA-DX-AB2F,Sarcoma,connective_tissue,2,0.0,76.0,Female,,EUR
TCGA-DX-AB2G,Sarcoma,connective_tissue,4,0.0,36.0,Male,,EUR
TCGA-DX-AB2H,Sarcoma,connective_tissue,8,0.0,80.0,Female,,EUR
TCGA-DX-AB2J,Sarcoma,connective_tissue,2,1.0,71.0,Female,,EUR
TCGA-DX-AB2O,Sarcoma,connective_tissue,6,1.0,78.0,Female,,EUR
TCGA-DX-AB2P,Sarcoma,connective_tissue,8,2.0,79.0,Male,,EUR
TCGA-DX-AB2Q,Sarcoma,connective_tissue,8,0.0,65.0,Female,,ADMIX
TCGA-DX-AB2T,Sarcoma,connective_tissue,7,1.0,54.0,Female,,AFR
TCGA-DX-AB2V,Sarcoma,connective_tissue,2,0.0,81.0,Male,,EUR
TCGA-DX-AB2W,Sarcoma,connective_tissue,9,2.0,62.0,Female,,EUR
TCGA-DX-AB2X,Sarcoma,connective_tissue,7,0.0,73.0,Female,,EUR
TCGA-DX-AB2Z,Sarcoma,connective_tissue,4,0.0,87.0,Female,,EUR
TCGA-DX-AB30,Sarcoma,connective_tissue,3,1.0,53.0,Female,,EUR
TCGA-DX-AB32,Sarcoma,connective_tissue,20,1.0,51.0,Male,,EUR
TCGA-DX-AB35,Sarcoma,connective_tissue,1,0.0,65.0,Male,,EUR
TCGA-DX-AB36,Sarcoma,connective_tissue,4,0.0,86.0,Male,,EUR
TCGA-DX-AB37,Sarcoma,connective_tissue,3,0.0,73.0,Female,,EUR
TCGA-DX-AB3A,Sarcoma,connective_tissue,5,1.0,80.0,Male,,EUR
TCGA-DX-AB3C,Sarcoma,connective_tissue,2,1.0,27.0,Male,, 
TCGA-FX-A2QS,Sarcoma,connective_tissue,7,0.0,61.0,Female,,EUR
TCGA-FX-A3NJ,Sarcoma,connective_tissue,3,0.0,54.0,Male,,EUR
TCGA-FX-A3NK,Sarcoma,connective_tissue,2,0.0,53.0,Male,,EUR
TCGA-FX-A3RE,Sarcoma,connective_tissue,6,0.0,65.0,Female,,EUR
TCGA-FX-A3TO,Sarcoma,connective_tissue,5,0.0,87.0,Male,,EUR
TCGA-FX-A48G,Sarcoma,connective_tissue,3,0.0,56.0,Female,,EUR
TCGA-FX-A76Y,Sarcoma,connective_tissue,1,0.0,49.0,Female,,EUR
TCGA-FX-A8OO,Sarcoma,connective_tissue,1,0.0,31.0,Female,,EUR
TCGA-HB-A2OT,Sarcoma,connective_tissue,8,1.0,78.0,Female,,AFR_ADMIX
TCGA-HB-A3L4,Sarcoma,connective_tissue,4,1.0,46.0,Female,,EUR
TCGA-HB-A3YV,Sarcoma,connective_tissue,2,0.0,75.0,Male,,EUR
TCGA-HB-A43Z,Sarcoma,connective_tissue,7,1.0,58.0,Female,,EUR
TCGA-HB-A5W3,Sarcoma,connective_tissue,3,1.0,58.0,Female,,EUR
TCGA-IE-A3OV,Sarcoma,connective_tissue,3,0.0,42.0,Male,,EUR
TCGA-IE-A4EH,Sarcoma,connective_tissue,1,1.0,35.0,Female,,EUR
TCGA-IE-A4EI,Sarcoma,connective_tissue,2,1.0,67.0,Female,,EUR
TCGA-IE-A4EJ,Sarcoma,connective_tissue,3,1.0,84.0,Female,,EUR
TCGA-IE-A6BZ,Sarcoma,connective_tissue,5,0.0,65.0,Female,,EUR
TCGA-IF-A4AJ,Sarcoma,connective_tissue,8,1.0,80.0,Male,,EUR
TCGA-IS-A3K6,Sarcoma,connective_tissue,5,0.0,55.0,Female,,EUR
TCGA-IS-A3K7,Sarcoma,connective_tissue,12,1.0,63.0,Female,,EUR
TCGA-IS-A3K8,Sarcoma,connective_tissue,3,0.0,44.0,Female,,EUR
TCGA-IS-A3KA,Sarcoma,connective_tissue,3,1.0,73.0,Female,,EUR
TCGA-IW-A3M4,Sarcoma,connective_tissue,5,0.0,48.0,Female,, 
TCGA-IW-A3M5,Sarcoma,connective_tissue,4,0.0,76.0,Female,,EUR
TCGA-IW-A3M6,Sarcoma,connective_tissue,6,0.0,59.0,Female,,EAS
TCGA-JV-A5VE,Sarcoma,connective_tissue,3,0.0,60.0,Female,,EUR
TCGA-JV-A5VF,Sarcoma,connective_tissue,6,0.0,69.0,Female,,AFR
TCGA-JV-A75J,Sarcoma,connective_tissue,1,0.0,43.0,Female,, 
TCGA-K1-A3PN,Sarcoma,connective_tissue,3,0.0,64.0,Female,,EUR
TCGA-K1-A6RT,Sarcoma,connective_tissue,3,0.0,48.0,Male,,EUR
TCGA-K1-A6RU,Sarcoma,connective_tissue,4,2.0,66.0,Female,,EUR
TCGA-K1-A6RV,Sarcoma,connective_tissue,5,0.0,67.0,Male,,EUR
TCGA-KD-A5QS,Sarcoma,connective_tissue,7,0.0,55.0,Female,,EUR
TCGA-KD-A5QT,Sarcoma,connective_tissue,4,0.0,69.0,Female,,EUR
TCGA-KD-A5QU,Sarcoma,connective_tissue,4,1.0,41.0,Female,,EUR
TCGA-KF-A41W,Sarcoma,connective_tissue,5,0.0,71.0,Female,,EUR
TCGA-LI-A67I,Sarcoma,connective_tissue,5,2.0,75.0,Female,,AFR
TCGA-LI-A9QH,Sarcoma,connective_tissue,6,0.0,72.0,Female,,EUR
TCGA-MB-A5Y9,Sarcoma,connective_tissue,2,0.0,90.0,Male,,EUR
TCGA-MB-A5YA,Sarcoma,connective_tissue,3,1.0,63.0,Male,,EUR
TCGA-MB-A8JK,Sarcoma,connective_tissue,5,0.0,49.0,Male,,EUR
TCGA-MB-A8JL,Sarcoma,connective_tissue,1,0.0,53.0,Female,,EUR
TCGA-MJ-A68H,Sarcoma,connective_tissue,3,1.0,57.0,Female,,AFR_ADMIX
TCGA-MJ-A850,Sarcoma,connective_tissue,1,0.0,28.0,Male,,EUR
TCGA-MO-A47P,Sarcoma,connective_tissue,1,0.0,37.0,Female,,EAS
TCGA-MO-A47R,Sarcoma,connective_tissue,6,1.0,75.0,Female,,EAS
TCGA-N1-A6IA,Sarcoma,connective_tissue,6,3.0,41.0,Female,,AFR
TCGA-PC-A5DK,Sarcoma,connective_tissue,1,0.0,63.0,Male,,EUR
TCGA-PC-A5DN,Sarcoma,connective_tissue,7,0.0,77.0,Female,,EUR
TCGA-QC-A6FX,Sarcoma,connective_tissue,6,1.0,68.0,Male,,EUR
TCGA-QC-A7B5,Sarcoma,connective_tissue,108,6.0,75.0,Male,,EUR
TCGA-QC-AA9N,Sarcoma,connective_tissue,4,1.0,53.0,Female,,AFR_ADMIX
TCGA-QQ-A5V2,Sarcoma,connective_tissue,2,0.0,42.0,Male,,EUR
TCGA-QQ-A5V9,Sarcoma,connective_tissue,6,1.0,76.0,Male,,EUR
TCGA-QQ-A5VA,Sarcoma,connective_tissue,8,0.0,60.0,Female,,EUR
TCGA-QQ-A5VB,Sarcoma,connective_tissue,6,2.0,53.0,Female,,EUR
TCGA-QQ-A5VC,Sarcoma,connective_tissue,4,1.0,63.0,Female,,EUR
TCGA-QQ-A5VD,Sarcoma,connective_tissue,29,2.0,52.0,Male,,EUR
TCGA-QQ-A8VB,Sarcoma,connective_tissue,7,0.0,68.0,Female,,EUR
TCGA-QQ-A8VD,Sarcoma,connective_tissue,1,0.0,56.0,Male,,EUR
TCGA-QQ-A8VF,Sarcoma,connective_tissue,147,7.0,70.0,Male,,EUR
TCGA-QQ-A8VG,Sarcoma,connective_tissue,29,2.0,52.0,Male,,EUR
TCGA-QQ-A8VH,Sarcoma,connective_tissue,5,0.0,31.0,Female,,EUR
TCGA-RN-A68Q,Sarcoma,connective_tissue,1,0.0,62.0,Female,,EUR
TCGA-RN-AAAQ,Sarcoma,connective_tissue,4,0.0,52.0,Male,,EUR
TCGA-SG-A6Z4,Sarcoma,connective_tissue,3,0.0,47.0,Male,,EUR
TCGA-SG-A6Z7,Sarcoma,connective_tissue,5,1.0,44.0,Female,,EUR
TCGA-SG-A849,Sarcoma,connective_tissue,4,0.0,78.0,Male,,EUR
TCGA-SI-A71O,Sarcoma,connective_tissue,6,0.0,29.0,Male,,EUR
TCGA-SI-A71P,Sarcoma,connective_tissue,1,1.0,50.0,Male,,EUR
TCGA-SI-A71Q,Sarcoma,connective_tissue,3,0.0,34.0,Female,,AFR
TCGA-SI-AA8B,Sarcoma,connective_tissue,9,1.0,80.0,Female,,EUR
TCGA-SI-AA8C,Sarcoma,connective_tissue,1,0.0,20.0,Female,,EUR
TCGA-UE-A6QU,Sarcoma,connective_tissue,3,0.0,90.0,Female,,EAS
TCGA-VT-A80G,Sarcoma,connective_tissue,2,0.0,66.0,Male,,EUR
TCGA-VT-A80J,Sarcoma,connective_tissue,3,0.0,49.0,Female,,EUR
TCGA-VT-AB3D,Sarcoma,connective_tissue,2,2.0,71.0,Male,,EUR
TCGA-WK-A8XO,Sarcoma,connective_tissue,3,1.0,66.0,Female,,EUR
TCGA-WK-A8XQ,Sarcoma,connective_tissue,2,0.0,57.0,Male,,EUR
TCGA-WK-A8XS,Sarcoma,connective_tissue,3,1.0,58.0,Female,,EUR
TCGA-WK-A8XT,Sarcoma,connective_tissue,5,0.0,40.0,Female,,EUR
TCGA-WK-A8XX,Sarcoma,connective_tissue,3,0.0,70.0,Male,,EUR
TCGA-WK-A8XY,Sarcoma,connective_tissue,7,1.0,53.0,Female,,EUR
TCGA-WK-A8XZ,Sarcoma,connective_tissue,3,1.0,56.0,Female,,EUR
TCGA-WK-A8Y0,Sarcoma,connective_tissue,7,3.0,49.0,Female,,EUR
TCGA-WP-A9GB,Sarcoma,connective_tissue,16,2.0,59.0,Female,,EUR
TCGA-X2-A95T,Sarcoma,connective_tissue,21,2.0,49.0,Female,,EUR
TCGA-X6-A7W8,Sarcoma,connective_tissue,6,0.0,89.0,Male,,EUR
TCGA-X6-A7WA,Sarcoma,connective_tissue,9,1.0,90.0,Female,,EUR
TCGA-X6-A7WB,Sarcoma,connective_tissue,5,1.0,58.0,Female,,EUR
TCGA-X6-A7WC,Sarcoma,connective_tissue,8,1.0,74.0,Male,,EUR
TCGA-X6-A7WD,Sarcoma,connective_tissue,2,1.0,63.0,Female,,EUR
TCGA-X6-A8C2,Sarcoma,connective_tissue,13,1.0,56.0,Male,,EUR
TCGA-X6-A8C3,Sarcoma,connective_tissue,3,0.0,59.0,Female,,EAS
TCGA-X6-A8C5,Sarcoma,connective_tissue,5,0.0,63.0,Female,,AFR
TCGA-X6-A8C6,Sarcoma,connective_tissue,10,0.0,55.0,Male,,EUR
TCGA-X6-A8C7,Sarcoma,connective_tissue,2,0.0,24.0,Female,,EUR
TCGA-X9-A971,Sarcoma,connective_tissue,3,0.0,52.0,Female,,EUR
TCGA-X9-A973,Sarcoma,connective_tissue,3,0.0,55.0,Male,,EUR
TCGA-Z4-A8JB,Sarcoma,connective_tissue,3,0.0,24.0,Female,,EUR
TCGA-Z4-A9VC,Sarcoma,connective_tissue,3,1.0,37.0,Male,,EUR
TCGA-Z4-AAPF,Sarcoma,connective_tissue,1,0.0,35.0,Female,,EUR
TCGA-Z4-AAPG,Sarcoma,connective_tissue,3,0.0,64.0,Female,,EUR
TCGA-3N-A9WB,Skin_Cutaneous_Melanoma,skin,8,1.0,71.0,Male,STAGE IA,EUR
TCGA-3N-A9WC,Skin_Cutaneous_Melanoma,skin,114,2.0,82.0,Male,STAGE IIA,EUR
TCGA-3N-A9WD,Skin_Cutaneous_Melanoma,skin,54,0.0,82.0,Male,STAGE IIIA,EUR
TCGA-BF-A1PU,Skin_Cutaneous_Melanoma,skin,9,2.0,46.0,Female,STAGE IIC,EUR
TCGA-BF-A1PV,Skin_Cutaneous_Melanoma,skin,10,1.0,74.0,Female,STAGE IIC,EUR
TCGA-BF-A1PX,Skin_Cutaneous_Melanoma,skin,16,0.0,56.0,Male,STAGE IIIB,EUR
TCGA-BF-A1PZ,Skin_Cutaneous_Melanoma,skin,21,0.0,71.0,Female,STAGE IIB,EUR
TCGA-BF-A1Q0,Skin_Cutaneous_Melanoma,skin,36,2.0,80.0,Male,STAGE IIC,EUR
TCGA-BF-A3DJ,Skin_Cutaneous_Melanoma,skin,8,1.0,36.0,Female,STAGE IIIB,EUR
TCGA-BF-A3DL,Skin_Cutaneous_Melanoma,skin,21,2.0,84.0,Female,STAGE IIIB,EUR
TCGA-BF-A3DM,Skin_Cutaneous_Melanoma,skin,24,1.0,63.0,Male,STAGE IIA,EUR
TCGA-BF-A3DN,Skin_Cutaneous_Melanoma,skin,3,0.0,81.0,Female,STAGE IIIC,EUR
TCGA-BF-A5EO,Skin_Cutaneous_Melanoma,skin,32,1.0,65.0,Male,STAGE IIC,EUR
TCGA-BF-A5EP,Skin_Cutaneous_Melanoma,skin,10,0.0,75.0,Female,STAGE IIIC,EUR
TCGA-BF-A5EQ,Skin_Cutaneous_Melanoma,skin,29,1.0,63.0,Male,STAGE IIC,EUR
TCGA-BF-A5ER,Skin_Cutaneous_Melanoma,skin,11,1.0,63.0,Male,STAGE IIC,EUR
TCGA-BF-A5ES,Skin_Cutaneous_Melanoma,skin,26,1.0,76.0,Female,STAGE IIC,EUR
TCGA-BF-AAP0,Skin_Cutaneous_Melanoma,skin,25,0.0,40.0,Female,STAGE IV,EUR
TCGA-D3-A1Q1,Skin_Cutaneous_Melanoma,skin,5,0.0,79.0,Female,STAGE IIIC,EUR
TCGA-D3-A1Q3,Skin_Cutaneous_Melanoma,skin,5,0.0,64.0,Male,STAGE IIC,EUR
TCGA-D3-A1Q4,Skin_Cutaneous_Melanoma,skin,14,1.0,53.0,Female,STAGE IIIC,EUR
TCGA-D3-A1Q5,Skin_Cutaneous_Melanoma,skin,23,0.0,60.0,Male,STAGE I/II (NOS),EUR
TCGA-D3-A1Q6,Skin_Cutaneous_Melanoma,skin,42,1.0,55.0,Male,STAGE III,EUR
TCGA-D3-A1Q7,Skin_Cutaneous_Melanoma,skin,7,1.0,42.0,Female,STAGE IB,EUR
TCGA-D3-A1Q8,Skin_Cutaneous_Melanoma,skin,15,0.0,33.0,Male,STAGE IV,EUR
TCGA-D3-A1Q9,Skin_Cutaneous_Melanoma,skin,3,1.0,72.0,Male,STAGE IIIB,EUR
TCGA-D3-A1QA,Skin_Cutaneous_Melanoma,skin,26,2.0,55.0,Male,STAGE IB,EUR
TCGA-D3-A1QB,Skin_Cutaneous_Melanoma,skin,24,1.0,75.0,Female,STAGE III,EUR
TCGA-D3-A2J6,Skin_Cutaneous_Melanoma,skin,1,0.0,65.0,Male,STAGE IIB,EUR
TCGA-D3-A2J7,Skin_Cutaneous_Melanoma,skin,22,0.0,67.0,Male,STAGE IIIC,EUR
TCGA-D3-A2J8,Skin_Cutaneous_Melanoma,skin,31,1.0,48.0,Male,STAGE IB,EUR
TCGA-D3-A2J9,Skin_Cutaneous_Melanoma,skin,4,0.0,75.0,Male,STAGE IIIC,EUR
TCGA-D3-A2JA,Skin_Cutaneous_Melanoma,skin,16,1.0,68.0,Male,STAGE IIIA,EUR
TCGA-D3-A2JC,Skin_Cutaneous_Melanoma,skin,12,0.0,53.0,Female,STAGE III,EUR
TCGA-D3-A2JD,Skin_Cutaneous_Melanoma,skin,21,1.0,58.0,Male,STAGE IIIC,EUR
TCGA-D3-A2JE,Skin_Cutaneous_Melanoma,skin,33,3.0,75.0,Female,STAGE IIIC,EUR
TCGA-D3-A2JF,Skin_Cutaneous_Melanoma,skin,95,4.0,74.0,Male,STAGE IA,EUR
TCGA-D3-A2JG,Skin_Cutaneous_Melanoma,skin,6,0.0,30.0,Female,STAGE IIIA,EUR
TCGA-D3-A2JH,Skin_Cutaneous_Melanoma,skin,34,0.0,68.0,Male,STAGE IB,EUR
TCGA-D3-A2JK,Skin_Cutaneous_Melanoma,skin,17,1.0,24.0,Male,STAGE IIIC,EUR
TCGA-D3-A2JL,Skin_Cutaneous_Melanoma,skin,22,0.0,43.0,Female,STAGE I/II (NOS),EUR
TCGA-D3-A2JN,Skin_Cutaneous_Melanoma,skin,24,1.0,46.0,Female,STAGE III,EUR
TCGA-D3-A2JO,Skin_Cutaneous_Melanoma,skin,34,2.0,50.0,Female,STAGE IIIC,EUR
TCGA-D3-A2JP,Skin_Cutaneous_Melanoma,skin,18,0.0,37.0,Male,STAGE IIIC,EUR
TCGA-D3-A3BZ,Skin_Cutaneous_Melanoma,skin,4,0.0,63.0,Male,STAGE IIB,AMR
TCGA-D3-A3C6,Skin_Cutaneous_Melanoma,skin,6,0.0,54.0,Female,STAGE IB,EUR
TCGA-D3-A3C7,Skin_Cutaneous_Melanoma,skin,51,1.0,57.0,Female,STAGE III,EUR
TCGA-D3-A3C8,Skin_Cutaneous_Melanoma,skin,35,1.0,58.0,Female,STAGE IIIC,EUR
TCGA-D3-A3CB,Skin_Cutaneous_Melanoma,skin,12,0.0,39.0,Male,STAGE I/II (NOS),EUR
TCGA-D3-A3CC,Skin_Cutaneous_Melanoma,skin,5,0.0,69.0,Female,STAGE IIC,EUR
TCGA-D3-A3CE,Skin_Cutaneous_Melanoma,skin,4,0.0,74.0,Female,STAGE III,EUR
TCGA-D3-A3CF,Skin_Cutaneous_Melanoma,skin,2,0.0,61.0,Female,STAGE IIIC,EUR
TCGA-D3-A3ML,Skin_Cutaneous_Melanoma,skin,48,0.0,70.0,Male,STAGE IIIA,EUR
TCGA-D3-A3MO,Skin_Cutaneous_Melanoma,skin,7,0.0,47.0,Male,STAGE III,EUR
TCGA-D3-A3MR,Skin_Cutaneous_Melanoma,skin,48,4.0,42.0,Male,STAGE III,EUR
TCGA-D3-A3MU,Skin_Cutaneous_Melanoma,skin,21,0.0,53.0,Male,STAGE IIIA,EUR
TCGA-D3-A3MV,Skin_Cutaneous_Melanoma,skin,36,1.0,38.0,Female,STAGE IIIB,EUR
TCGA-D3-A51E,Skin_Cutaneous_Melanoma,skin,25,0.0,39.0,Female,STAGE I/II (NOS),EUR
TCGA-D3-A51F,Skin_Cutaneous_Melanoma,skin,7,0.0,51.0,Male,STAGE IIIC,EUR
TCGA-D3-A51H,Skin_Cutaneous_Melanoma,skin,1,0.0,60.0,Male,STAGE IIIC,EUR
TCGA-D3-A51J,Skin_Cutaneous_Melanoma,skin,24,0.0,19.0,Male,STAGE III,EUR
TCGA-D3-A51K,Skin_Cutaneous_Melanoma,skin,1,0.0,51.0,Male,STAGE IIIB, 
TCGA-D3-A51N,Skin_Cutaneous_Melanoma,skin,8,0.0,56.0,Female,STAGE IV,EUR
TCGA-D3-A51R,Skin_Cutaneous_Melanoma,skin,38,2.0,60.0,Male,STAGE IIA,EUR
TCGA-D3-A51T,Skin_Cutaneous_Melanoma,skin,71,1.0,59.0,Female,STAGE IIIC,EUR
TCGA-D3-A5GL,Skin_Cutaneous_Melanoma,skin,27,4.0,74.0,Male,STAGE IB,EUR
TCGA-D3-A5GN,Skin_Cutaneous_Melanoma,skin,24,1.0,15.0,Female,STAGE I,EUR
TCGA-D3-A5GO,Skin_Cutaneous_Melanoma,skin,74,0.0,61.0,Male,STAGE II,EUR
TCGA-D3-A5GR,Skin_Cutaneous_Melanoma,skin,23,1.0,23.0,Female,STAGE III,EUR
TCGA-D3-A5GS,Skin_Cutaneous_Melanoma,skin,24,0.0,58.0,Male,STAGE IV,EUR
TCGA-D3-A5GT,Skin_Cutaneous_Melanoma,skin,5,0.0,43.0,Male,STAGE IIIC, 
TCGA-D3-A5GU,Skin_Cutaneous_Melanoma,skin,58,2.0,36.0,Male,STAGE IB,EUR
TCGA-D3-A8GB,Skin_Cutaneous_Melanoma,skin,63,0.0,48.0,Male,STAGE IIIB,EUR
TCGA-D3-A8GC,Skin_Cutaneous_Melanoma,skin,47,1.0,48.0,Male,STAGE IIIC,EUR
TCGA-D3-A8GD,Skin_Cutaneous_Melanoma,skin,3,1.0,63.0,Female,STAGE IIIC,EUR
TCGA-D3-A8GI,Skin_Cutaneous_Melanoma,skin,232,10.0,68.0,Male,STAGE IA,EUR
TCGA-D3-A8GJ,Skin_Cutaneous_Melanoma,skin,8,0.0,18.0,Male,STAGE II,EUR
TCGA-D3-A8GK,Skin_Cutaneous_Melanoma,skin,43,5.0,45.0,Male,STAGE IIA,EUR
TCGA-D3-A8GL,Skin_Cutaneous_Melanoma,skin,99,1.0,43.0,Male,STAGE IIIB,EUR
TCGA-D3-A8GM,Skin_Cutaneous_Melanoma,skin,327,7.0,73.0,Male,STAGE IIB,EUR
TCGA-D3-A8GN,Skin_Cutaneous_Melanoma,skin,8,0.0,27.0,Female,STAGE I/II (NOS),EUR
TCGA-D3-A8GP,Skin_Cutaneous_Melanoma,skin,43,1.0,77.0,Male,STAGE III,EUR
TCGA-D3-A8GQ,Skin_Cutaneous_Melanoma,skin,72,1.0,66.0,Male,STAGE II,EUR
TCGA-D3-A8GR,Skin_Cutaneous_Melanoma,skin,20,2.0,54.0,Female,STAGE 0,EUR
TCGA-D3-A8GS,Skin_Cutaneous_Melanoma,skin,9,0.0,52.0,Male,STAGE I,EUR
TCGA-D3-A8GV,Skin_Cutaneous_Melanoma,skin,26,2.0,25.0,Male,STAGE I/II (NOS),EUR
TCGA-D9-A148,Skin_Cutaneous_Melanoma,skin,19,2.0,40.0,Male,,EUR
TCGA-D9-A149,Skin_Cutaneous_Melanoma,skin,13,1.0,65.0,Female,,EUR
TCGA-D9-A1JW,Skin_Cutaneous_Melanoma,skin,45,0.0,82.0,Male,,EUR
TCGA-D9-A1JX,Skin_Cutaneous_Melanoma,skin,9,0.0,80.0,Female,,EUR
TCGA-D9-A1X3,Skin_Cutaneous_Melanoma,skin,6,0.0,63.0,Male,,EUR
TCGA-D9-A3Z1,Skin_Cutaneous_Melanoma,skin,21,2.0,66.0,Male,STAGE IIIC,EUR
TCGA-D9-A3Z4,Skin_Cutaneous_Melanoma,skin,11,0.0,54.0,Male,STAGE IIIC,EUR
TCGA-D9-A4Z3,Skin_Cutaneous_Melanoma,skin,33,2.0,73.0,Female,STAGE IIIC,EUR
TCGA-D9-A4Z5,Skin_Cutaneous_Melanoma,skin,5,0.0,68.0,Male,STAGE IIB,EUR
TCGA-D9-A4Z6,Skin_Cutaneous_Melanoma,skin,17,1.0,54.0,Male,STAGE IIIC,EUR
TCGA-D9-A6E9,Skin_Cutaneous_Melanoma,skin,9,0.0,75.0,Female,STAGE IIIA,EUR
TCGA-D9-A6EA,Skin_Cutaneous_Melanoma,skin,35,2.0,70.0,Male,STAGE IIIC,EUR
TCGA-D9-A6EC,Skin_Cutaneous_Melanoma,skin,177,11.0,56.0,Male,STAGE IIIA,EUR
TCGA-D9-A6EG,Skin_Cutaneous_Melanoma,skin,12,1.0,56.0,Male,STAGE IIIA,EUR
TCGA-DA-A1HV,Skin_Cutaneous_Melanoma,skin,67,1.0,75.0,Female,STAGE IIIB,EUR
TCGA-DA-A1HW,Skin_Cutaneous_Melanoma,skin,25,0.0,37.0,Female,STAGE IIIB,EUR
TCGA-DA-A1HY,Skin_Cutaneous_Melanoma,skin,37,0.0,42.0,Male,STAGE III,EUR
TCGA-DA-A1I0,Skin_Cutaneous_Melanoma,skin,38,1.0,63.0,Male,STAGE IV,EUR
TCGA-DA-A1I1,Skin_Cutaneous_Melanoma,skin,22,1.0,55.0,Male,STAGE III,EUR
TCGA-DA-A1I2,Skin_Cutaneous_Melanoma,skin,6,0.0,45.0,Male,STAGE III,EUR
TCGA-DA-A1I4,Skin_Cutaneous_Melanoma,skin,20,0.0,51.0,Male,STAGE IIIC,EUR
TCGA-DA-A1I5,Skin_Cutaneous_Melanoma,skin,34,2.0,27.0,Female,STAGE IV,EUR
TCGA-DA-A1I7,Skin_Cutaneous_Melanoma,skin,28,0.0,62.0,Male,STAGE IIIB,EUR
TCGA-DA-A1I8,Skin_Cutaneous_Melanoma,skin,8,0.0,63.0,Female,STAGE IIC,EUR
TCGA-DA-A1IA,Skin_Cutaneous_Melanoma,skin,26,0.0,32.0,Female,STAGE IIIB,EUR
TCGA-DA-A1IB,Skin_Cutaneous_Melanoma,skin,5,0.0,69.0,Female,STAGE IIIC,AMR
TCGA-DA-A1IC,Skin_Cutaneous_Melanoma,skin,56,5.0,81.0,Male,STAGE IIIB,EUR
TCGA-DA-A3F3,Skin_Cutaneous_Melanoma,skin,18,1.0,52.0,Male,STAGE IIIB,EUR
TCGA-DA-A3F5,Skin_Cutaneous_Melanoma,skin,22,0.0,45.0,Male,STAGE I,EUR
TCGA-DA-A3F8,Skin_Cutaneous_Melanoma,skin,63,0.0,39.0,Male,STAGE IIIB,EUR
TCGA-DA-A95V,Skin_Cutaneous_Melanoma,skin,15,1.0,83.0,Female,STAGE IIC,EUR
TCGA-DA-A95W,Skin_Cutaneous_Melanoma,skin,7,0.0,52.0,Male,STAGE IIIB,EUR
TCGA-DA-A95X,Skin_Cutaneous_Melanoma,skin,27,1.0,62.0,Male,STAGE IB,EUR
TCGA-DA-A95Y,Skin_Cutaneous_Melanoma,skin,37,3.0,68.0,Male,STAGE IIC,EUR
TCGA-DA-A95Z,Skin_Cutaneous_Melanoma,skin,118,7.0,87.0,Male,STAGE IV,EUR
TCGA-EB-A1NK,Skin_Cutaneous_Melanoma,skin,11,0.0,48.0,Male,STAGE IIC,EUR
TCGA-EB-A24C,Skin_Cutaneous_Melanoma,skin,1,0.0,56.0,Male,,EUR
TCGA-EB-A24D,Skin_Cutaneous_Melanoma,skin,35,4.0,72.0,Male,STAGE IIIB,EUR
TCGA-EB-A299,Skin_Cutaneous_Melanoma,skin,13,0.0,63.0,Male,STAGE IIA,EUR
TCGA-EB-A3HV,Skin_Cutaneous_Melanoma,skin,2,1.0,37.0,Male,STAGE IIC,EUR
TCGA-EB-A3XB,Skin_Cutaneous_Melanoma,skin,27,0.0,63.0,Male,STAGE II,EUR
TCGA-EB-A3XC,Skin_Cutaneous_Melanoma,skin,18,0.0,74.0,Male,STAGE IIC,EUR
TCGA-EB-A3XD,Skin_Cutaneous_Melanoma,skin,23,0.0,53.0,Female,STAGE IIC,EUR
TCGA-EB-A3XE,Skin_Cutaneous_Melanoma,skin,1,0.0,77.0,Female,STAGE IIA,EUR
TCGA-EB-A3XF,Skin_Cutaneous_Melanoma,skin,26,1.0,57.0,Male,STAGE IIC,EUR
TCGA-EB-A3Y6,Skin_Cutaneous_Melanoma,skin,25,0.0,56.0,Female,STAGE IIC,EUR
TCGA-EB-A3Y7,Skin_Cutaneous_Melanoma,skin,55,1.0,86.0,Female,STAGE IIIB,EUR
TCGA-EB-A41A,Skin_Cutaneous_Melanoma,skin,95,2.0,90.0,Male,STAGE IIC,EUR
TCGA-EB-A41B,Skin_Cutaneous_Melanoma,skin,25,1.0,76.0,Female,STAGE IIC,EUR
TCGA-EB-A42Y,Skin_Cutaneous_Melanoma,skin,4,0.0,73.0,Female,STAGE IIC,EAS
TCGA-EB-A42Z,Skin_Cutaneous_Melanoma,skin,5,0.0,49.0,Male,STAGE IIIC,EAS
TCGA-EB-A430,Skin_Cutaneous_Melanoma,skin,29,3.0,83.0,Male,STAGE IIC,EUR
TCGA-EB-A431,Skin_Cutaneous_Melanoma,skin,69,1.0,34.0,Male,STAGE IIC,EUR
TCGA-EB-A44N,Skin_Cutaneous_Melanoma,skin,15,0.0,59.0,Male,STAGE IIC,EUR
TCGA-EB-A44O,Skin_Cutaneous_Melanoma,skin,33,3.0,69.0,Male,STAGE IIB,EUR
TCGA-EB-A44P,Skin_Cutaneous_Melanoma,skin,13,0.0,58.0,Female,STAGE IIC,EUR
TCGA-EB-A44Q,Skin_Cutaneous_Melanoma,skin,5,0.0,51.0,Female,STAGE IIIC,EAS
TCGA-EB-A44R,Skin_Cutaneous_Melanoma,skin,2,0.0,52.0,Male,STAGE IIIB,EAS
TCGA-EB-A4IS,Skin_Cutaneous_Melanoma,skin,28,3.0,77.0,Male,STAGE IIB,EUR
TCGA-EB-A4OY,Skin_Cutaneous_Melanoma,skin,4,0.0,65.0,Female,STAGE IIIB,EUR
TCGA-EB-A4P0,Skin_Cutaneous_Melanoma,skin,6,0.0,82.0,Male,STAGE IIC,EUR
TCGA-EB-A4XL,Skin_Cutaneous_Melanoma,skin,24,1.0,56.0,Female,STAGE IIC,EUR
TCGA-EB-A551,Skin_Cutaneous_Melanoma,skin,20,1.0,78.0,Female,STAGE IIIC,EUR
TCGA-EB-A553,Skin_Cutaneous_Melanoma,skin,20,2.0,62.0,Male,STAGE IIC,EUR
TCGA-EB-A57M,Skin_Cutaneous_Melanoma,skin,3,0.0,56.0,Male,STAGE IIIB,EAS
TCGA-EB-A5FP,Skin_Cutaneous_Melanoma,skin,20,2.0,65.0,Female,STAGE IV,EUR
TCGA-EB-A5KH,Skin_Cutaneous_Melanoma,skin,3,0.0,55.0,Male,STAGE III,EAS
TCGA-EB-A5SE,Skin_Cutaneous_Melanoma,skin,7,0.0,73.0,Male,STAGE IIB,EUR
TCGA-EB-A5SF,Skin_Cutaneous_Melanoma,skin,3,1.0,78.0,Female,STAGE IIC,EUR
TCGA-EB-A5SG,Skin_Cutaneous_Melanoma,skin,14,0.0,57.0,Female,,EUR
TCGA-EB-A5SH,Skin_Cutaneous_Melanoma,skin,11,0.0,60.0,Female,STAGE III,EUR
TCGA-EB-A5UL,Skin_Cutaneous_Melanoma,skin,34,1.0,71.0,Male,STAGE III,EUR
TCGA-EB-A5UM,Skin_Cutaneous_Melanoma,skin,27,0.0,48.0,Female,STAGE IIC,EUR
TCGA-EB-A5UN,Skin_Cutaneous_Melanoma,skin,51,3.0,49.0,Male,STAGE IIC,EUR
TCGA-EB-A5VU,Skin_Cutaneous_Melanoma,skin,2,0.0,56.0,Male,STAGE IIIB,EAS
TCGA-EB-A6L9,Skin_Cutaneous_Melanoma,skin,3,0.0,55.0,Male,STAGE IIIC,EAS
TCGA-EB-A6QY,Skin_Cutaneous_Melanoma,skin,21,0.0,71.0,Male,STAGE IIC,EUR
TCGA-EB-A6QZ,Skin_Cutaneous_Melanoma,skin,13,2.0,76.0,Female,STAGE IIA,EUR
TCGA-EB-A6R0,Skin_Cutaneous_Melanoma,skin,22,1.0,58.0,Female,STAGE IIC,EUR
TCGA-EE-A17X,Skin_Cutaneous_Melanoma,skin,54,3.0,54.0,Male,STAGE IA,EUR
TCGA-EE-A17Y,Skin_Cutaneous_Melanoma,skin,12,0.0,69.0,Male,STAGE IIIB,EAS
TCGA-EE-A17Z,Skin_Cutaneous_Melanoma,skin,5,1.0,57.0,Male,STAGE IIB,EUR
TCGA-EE-A180,Skin_Cutaneous_Melanoma,skin,38,4.0,69.0,Male,STAGE III,EUR
TCGA-EE-A181,Skin_Cutaneous_Melanoma,skin,143,5.0,82.0,Female,STAGE II,EUR
TCGA-EE-A182,Skin_Cutaneous_Melanoma,skin,94,5.0,84.0,Female,STAGE IIIC,EUR
TCGA-EE-A183,Skin_Cutaneous_Melanoma,skin,40,1.0,48.0,Male,STAGE 0,EUR
TCGA-EE-A184,Skin_Cutaneous_Melanoma,skin,23,0.0,72.0,Male,STAGE IB,EUR
TCGA-EE-A185,Skin_Cutaneous_Melanoma,skin,17,2.0,55.0,Female,STAGE IIIC,EUR
TCGA-EE-A20B,Skin_Cutaneous_Melanoma,skin,6,1.0,66.0,Female,STAGE II,EUR
TCGA-EE-A20C,Skin_Cutaneous_Melanoma,skin,120,2.0,59.0,Male,STAGE 0,EUR
TCGA-EE-A20F,Skin_Cutaneous_Melanoma,skin,36,0.0,53.0,Male,STAGE I,EUR
TCGA-EE-A20H,Skin_Cutaneous_Melanoma,skin,26,1.0,56.0,Male,STAGE I,EUR
TCGA-EE-A20I,Skin_Cutaneous_Melanoma,skin,1,0.0,79.0,Male,STAGE IV,EUR
TCGA-EE-A29A,Skin_Cutaneous_Melanoma,skin,15,1.0,68.0,Male,STAGE IIIA,EUR
TCGA-EE-A29B,Skin_Cutaneous_Melanoma,skin,29,1.0,67.0,Male,STAGE IIB,EUR
TCGA-EE-A29C,Skin_Cutaneous_Melanoma,skin,18,2.0,20.0,Male,STAGE IB,EUR
TCGA-EE-A29D,Skin_Cutaneous_Melanoma,skin,205,3.0,87.0,Male,STAGE IIIC,EUR
TCGA-EE-A29E,Skin_Cutaneous_Melanoma,skin,171,2.0,54.0,Male,STAGE IIIB,EUR
TCGA-EE-A29G,Skin_Cutaneous_Melanoma,skin,20,0.0,53.0,Male,STAGE IIIA,EUR
TCGA-EE-A29H,Skin_Cutaneous_Melanoma,skin,12,0.0,59.0,Female,STAGE IA,EUR
TCGA-EE-A29L,Skin_Cutaneous_Melanoma,skin,89,3.0,78.0,Male,STAGE IIIC,EUR
TCGA-EE-A29M,Skin_Cutaneous_Melanoma,skin,100,2.0,33.0,Female,STAGE IB,EUR
TCGA-EE-A29N,Skin_Cutaneous_Melanoma,skin,45,3.0,78.0,Male,STAGE I/II (NOS),EUR
TCGA-EE-A29P,Skin_Cutaneous_Melanoma,skin,17,1.0,73.0,Female,STAGE IIC,EUR
TCGA-EE-A29Q,Skin_Cutaneous_Melanoma,skin,16,1.0,70.0,Female,STAGE IIB,EUR
TCGA-EE-A29R,Skin_Cutaneous_Melanoma,skin,35,0.0,48.0,Female,STAGE IIIC,EUR
TCGA-EE-A29S,Skin_Cutaneous_Melanoma,skin,58,1.0,79.0,Male,STAGE IIA,EUR
TCGA-EE-A29T,Skin_Cutaneous_Melanoma,skin,25,2.0,51.0,Female,,EUR
TCGA-EE-A29V,Skin_Cutaneous_Melanoma,skin,49,5.0,85.0,Male,STAGE IIIC,EUR
TCGA-EE-A29W,Skin_Cutaneous_Melanoma,skin,6,0.0,42.0,Male,STAGE 0,EUR
TCGA-EE-A29X,Skin_Cutaneous_Melanoma,skin,4,0.0,58.0,Female,STAGE IB,EUR
TCGA-EE-A2A0,Skin_Cutaneous_Melanoma,skin,20,0.0,77.0,Female,STAGE IIA,EUR
TCGA-EE-A2A1,Skin_Cutaneous_Melanoma,skin,23,1.0,46.0,Male,STAGE IB,EUR
TCGA-EE-A2A2,Skin_Cutaneous_Melanoma,skin,98,7.0,71.0,Male,STAGE IIIC,EUR
TCGA-EE-A2A5,Skin_Cutaneous_Melanoma,skin,25,3.0,43.0,Male,STAGE IB,EUR
TCGA-EE-A2A6,Skin_Cutaneous_Melanoma,skin,20,0.0,43.0,Male,STAGE IA,EUR
TCGA-EE-A2GB,Skin_Cutaneous_Melanoma,skin,29,0.0,51.0,Male,STAGE IIIB,EUR
TCGA-EE-A2GC,Skin_Cutaneous_Melanoma,skin,128,5.0,82.0,Male,STAGE IIB,EUR
TCGA-EE-A2GD,Skin_Cutaneous_Melanoma,skin,30,0.0,58.0,Female,STAGE IIB,EUR
TCGA-EE-A2GE,Skin_Cutaneous_Melanoma,skin,11,1.0,44.0,Male,STAGE I,EUR
TCGA-EE-A2GH,Skin_Cutaneous_Melanoma,skin,24,1.0,34.0,Male,STAGE I,EUR
TCGA-EE-A2GI,Skin_Cutaneous_Melanoma,skin,86,4.0,39.0,Male,STAGE IA,EUR
TCGA-EE-A2GJ,Skin_Cutaneous_Melanoma,skin,57,4.0,83.0,Male,STAGE IA,EUR
TCGA-EE-A2GL,Skin_Cutaneous_Melanoma,skin,20,0.0,40.0,Female,STAGE IIA,EUR
TCGA-EE-A2GM,Skin_Cutaneous_Melanoma,skin,57,4.0,70.0,Female,STAGE IIC,EUR
TCGA-EE-A2GN,Skin_Cutaneous_Melanoma,skin,32,4.0,67.0,Male,STAGE IIA,EUR
TCGA-EE-A2GO,Skin_Cutaneous_Melanoma,skin,110,2.0,66.0,Female,STAGE II,EUR
TCGA-EE-A2GP,Skin_Cutaneous_Melanoma,skin,35,1.0,80.0,Male,STAGE IIIB,EUR
TCGA-EE-A2GR,Skin_Cutaneous_Melanoma,skin,103,1.0,78.0,Male,STAGE II,EUR
TCGA-EE-A2GS,Skin_Cutaneous_Melanoma,skin,13,0.0,28.0,Female,STAGE IB,EUR
TCGA-EE-A2GT,Skin_Cutaneous_Melanoma,skin,28,3.0,77.0,Male,STAGE IIA,EUR
TCGA-EE-A2GU,Skin_Cutaneous_Melanoma,skin,26,1.0,65.0,Female,STAGE IA,EUR
TCGA-EE-A2M5,Skin_Cutaneous_Melanoma,skin,117,3.0,49.0,Male,STAGE I,EUR
TCGA-EE-A2M6,Skin_Cutaneous_Melanoma,skin,32,3.0,61.0,Male,STAGE I,EUR
TCGA-EE-A2M7,Skin_Cutaneous_Melanoma,skin,4,0.0,66.0,Male,STAGE II,EUR
TCGA-EE-A2M8,Skin_Cutaneous_Melanoma,skin,5,0.0,54.0,Female,STAGE III,EUR
TCGA-EE-A2MC,Skin_Cutaneous_Melanoma,skin,50,1.0,73.0,Male,STAGE I,EUR
TCGA-EE-A2MD,Skin_Cutaneous_Melanoma,skin,92,2.0,52.0,Male,STAGE II,EUR
TCGA-EE-A2ME,Skin_Cutaneous_Melanoma,skin,1,0.0,51.0,Male,STAGE I,EUR
TCGA-EE-A2MF,Skin_Cutaneous_Melanoma,skin,52,3.0,39.0,Female,STAGE I,EUR
TCGA-EE-A2MG,Skin_Cutaneous_Melanoma,skin,7,0.0,23.0,Male,STAGE I,EUR
TCGA-EE-A2MH,Skin_Cutaneous_Melanoma,skin,8,1.0,66.0,Male,STAGE III,EUR
TCGA-EE-A2MI,Skin_Cutaneous_Melanoma,skin,52,2.0,43.0,Male,STAGE IIB,EUR
TCGA-EE-A2MJ,Skin_Cutaneous_Melanoma,skin,113,2.0,60.0,Male,STAGE III,EUR
TCGA-EE-A2MK,Skin_Cutaneous_Melanoma,skin,13,0.0,18.0,Female,STAGE III,EUR
TCGA-EE-A2ML,Skin_Cutaneous_Melanoma,skin,42,0.0,35.0,Male,STAGE II,EUR
TCGA-EE-A2MM,Skin_Cutaneous_Melanoma,skin,29,1.0,63.0,Female,STAGE I,EUR
TCGA-EE-A2MN,Skin_Cutaneous_Melanoma,skin,9,2.0,58.0,Male,STAGE I,EUR
TCGA-EE-A2MP,Skin_Cutaneous_Melanoma,skin,25,0.0,34.0,Female,STAGE I,EUR
TCGA-EE-A2MQ,Skin_Cutaneous_Melanoma,skin,19,1.0,70.0,Female,STAGE IIIA,EUR
TCGA-EE-A2MR,Skin_Cutaneous_Melanoma,skin,162,4.0,61.0,Male,STAGE I,EUR
TCGA-EE-A2MS,Skin_Cutaneous_Melanoma,skin,164,1.0,72.0,Male,STAGE II,EUR
TCGA-EE-A2MT,Skin_Cutaneous_Melanoma,skin,56,4.0,45.0,Male,STAGE IB,EUR
TCGA-EE-A2MU,Skin_Cutaneous_Melanoma,skin,48,1.0,71.0,Male,STAGE IA,EUR
TCGA-EE-A3AA,Skin_Cutaneous_Melanoma,skin,64,3.0,47.0,Male,STAGE III,EUR
TCGA-EE-A3AB,Skin_Cutaneous_Melanoma,skin,21,1.0,30.0,Male,STAGE III,EUR
TCGA-EE-A3AC,Skin_Cutaneous_Melanoma,skin,61,2.0,47.0,Male,STAGE III,EUR
TCGA-EE-A3AD,Skin_Cutaneous_Melanoma,skin,30,0.0,50.0,Male,STAGE III,EUR
TCGA-EE-A3AE,Skin_Cutaneous_Melanoma,skin,69,2.0,52.0,Female,STAGE IA,EUR
TCGA-EE-A3AF,Skin_Cutaneous_Melanoma,skin,54,3.0,48.0,Female,STAGE IIIC,EUR
TCGA-EE-A3AG,Skin_Cutaneous_Melanoma,skin,87,3.0,25.0,Male,STAGE III,EUR
TCGA-EE-A3AH,Skin_Cutaneous_Melanoma,skin,35,1.0,30.0,Male,STAGE II,EUR
TCGA-EE-A3J3,Skin_Cutaneous_Melanoma,skin,14,0.0,42.0,Male,STAGE IB,EUR
TCGA-EE-A3J4,Skin_Cutaneous_Melanoma,skin,16,5.0,72.0,Male,STAGE II,EUR
TCGA-EE-A3J5,Skin_Cutaneous_Melanoma,skin,135,2.0,71.0,Male,STAGE III,EUR
TCGA-EE-A3J7,Skin_Cutaneous_Melanoma,skin,68,2.0,43.0,Male,STAGE I,EUR
TCGA-EE-A3J8,Skin_Cutaneous_Melanoma,skin,14,0.0,59.0,Male,STAGE IIIA,EUR
TCGA-EE-A3JA,Skin_Cutaneous_Melanoma,skin,43,0.0,44.0,Male,STAGE IB,EUR
TCGA-EE-A3JB,Skin_Cutaneous_Melanoma,skin,35,1.0,60.0,Female,STAGE III,EUR
TCGA-EE-A3JD,Skin_Cutaneous_Melanoma,skin,131,3.0,70.0,Male,STAGE III,EUR
TCGA-EE-A3JE,Skin_Cutaneous_Melanoma,skin,13,2.0,75.0,Male,STAGE IIIB,EUR
TCGA-EE-A3JH,Skin_Cutaneous_Melanoma,skin,8,0.0,54.0,Male,STAGE IB,EUR
TCGA-EE-A3JI,Skin_Cutaneous_Melanoma,skin,142,6.0,48.0,Male,STAGE I,EUR
TCGA-ER-A193,Skin_Cutaneous_Melanoma,skin,106,2.0,62.0,Male,STAGE IIB,EUR
TCGA-ER-A194,Skin_Cutaneous_Melanoma,skin,66,2.0,77.0,Male,,EUR
TCGA-ER-A195,Skin_Cutaneous_Melanoma,skin,12,0.0,46.0,Male,,EUR
TCGA-ER-A196,Skin_Cutaneous_Melanoma,skin,4,0.0,64.0,Female,STAGE IIC,EUR
TCGA-ER-A197,Skin_Cutaneous_Melanoma,skin,1,0.0,83.0,Female,STAGE IIIB,EUR
TCGA-ER-A198,Skin_Cutaneous_Melanoma,skin,24,2.0,45.0,Male,,EUR
TCGA-ER-A199,Skin_Cutaneous_Melanoma,skin,12,1.0,86.0,Female,STAGE IIIC,EUR
TCGA-ER-A19A,Skin_Cutaneous_Melanoma,skin,5,0.0,79.0,Male,STAGE IV,EUR
TCGA-ER-A19B,Skin_Cutaneous_Melanoma,skin,5,0.0,42.0,Male,,EUR
TCGA-ER-A19C,Skin_Cutaneous_Melanoma,skin,1,0.0,77.0,Male,STAGE I,EUR
TCGA-ER-A19D,Skin_Cutaneous_Melanoma,skin,24,1.0,46.0,Female,STAGE IB,EUR
TCGA-ER-A19E,Skin_Cutaneous_Melanoma,skin,34,2.0,36.0,Female,STAGE IB,EUR
TCGA-ER-A19F,Skin_Cutaneous_Melanoma,skin,55,2.0,82.0,Male,,EUR
TCGA-ER-A19G,Skin_Cutaneous_Melanoma,skin,36,2.0,48.0,Female,,EUR
TCGA-ER-A19H,Skin_Cutaneous_Melanoma,skin,15,0.0,40.0,Male,,EUR
TCGA-ER-A19J,Skin_Cutaneous_Melanoma,skin,15,2.0,54.0,Male,STAGE IV,EUR
TCGA-ER-A19K,Skin_Cutaneous_Melanoma,skin,15,1.0,79.0,Female,STAGE IIC,EUR
TCGA-ER-A19L,Skin_Cutaneous_Melanoma,skin,2,0.0,35.0,Male,,EUR
TCGA-ER-A19M,Skin_Cutaneous_Melanoma,skin,28,1.0,36.0,Male,STAGE IB,EUR
TCGA-ER-A19N,Skin_Cutaneous_Melanoma,skin,25,0.0,47.0,Male,,EUR
TCGA-ER-A19O,Skin_Cutaneous_Melanoma,skin,10,0.0,56.0,Male,STAGE IIIB,EUR
TCGA-ER-A19P,Skin_Cutaneous_Melanoma,skin,72,1.0,47.0,Female,,EUR
TCGA-ER-A19Q,Skin_Cutaneous_Melanoma,skin,7,0.0,37.0,Female,,EUR
TCGA-ER-A19S,Skin_Cutaneous_Melanoma,skin,14,0.0,81.0,Female,,EUR
TCGA-ER-A19T,Skin_Cutaneous_Melanoma,skin,3,0.0,51.0,Male,STAGE IV,EUR
TCGA-ER-A19W,Skin_Cutaneous_Melanoma,skin,25,0.0,48.0,Female,,EUR
TCGA-ER-A1A1,Skin_Cutaneous_Melanoma,skin,5,0.0,58.0,Male,STAGE IIIC,EUR
TCGA-ER-A2NB,Skin_Cutaneous_Melanoma,skin,6,1.0,57.0,Male,STAGE IIIB,EUR
TCGA-ER-A2NC,Skin_Cutaneous_Melanoma,skin,21,0.0,50.0,Male,STAGE IB,EUR
TCGA-ER-A2ND,Skin_Cutaneous_Melanoma,skin,5,0.0,57.0,Female,STAGE IIIC,EUR
TCGA-ER-A2NE,Skin_Cutaneous_Melanoma,skin,8,1.0,39.0,Male,STAGE 0,EUR
TCGA-ER-A2NF,Skin_Cutaneous_Melanoma,skin,1,0.0,53.0,Male,STAGE IIIB,EUR
TCGA-ER-A2NG,Skin_Cutaneous_Melanoma,skin,13,1.0,43.0,Female,STAGE IIIC,EUR
TCGA-ER-A2NH,Skin_Cutaneous_Melanoma,skin,20,1.0,49.0,Male,STAGE IIIC,EUR
TCGA-ER-A3ES,Skin_Cutaneous_Melanoma,skin,2,0.0,25.0,Male,,EUR
TCGA-ER-A3ET,Skin_Cutaneous_Melanoma,skin,7,1.0,64.0,Female,STAGE IIIA,EUR
TCGA-ER-A3EV,Skin_Cutaneous_Melanoma,skin,5,0.0,55.0,Male,STAGE III,EUR
TCGA-ER-A3PL,Skin_Cutaneous_Melanoma,skin,19,0.0,30.0,Male,STAGE IV,EUR
TCGA-ER-A42H,Skin_Cutaneous_Melanoma,skin,9,2.0,76.0,Male,,EUR
TCGA-ER-A42K,Skin_Cutaneous_Melanoma,skin,14,0.0,40.0,Female,STAGE IIIC,EUR
TCGA-ER-A42L,Skin_Cutaneous_Melanoma,skin,54,0.0,49.0,Male,STAGE II,EUR
TCGA-FR-A3R1,Skin_Cutaneous_Melanoma,skin,28,3.0,69.0,Male,STAGE IIC,EUR
TCGA-FR-A3YN,Skin_Cutaneous_Melanoma,skin,38,2.0,44.0,Male,STAGE IB,EUR
TCGA-FR-A44A,Skin_Cutaneous_Melanoma,skin,22,0.0,29.0,Female,STAGE II,EUR
TCGA-FR-A69P,Skin_Cutaneous_Melanoma,skin,10,0.0,34.0,Female,STAGE IIIC,EUR
TCGA-FR-A726,Skin_Cutaneous_Melanoma,skin,360,4.0,90.0,Male,STAGE IIC,EUR
TCGA-FR-A728,Skin_Cutaneous_Melanoma,skin,28,0.0,54.0,Female,STAGE IIIB,EUR
TCGA-FR-A729,Skin_Cutaneous_Melanoma,skin,40,0.0,38.0,Female,STAGE I,EUR
TCGA-FR-A7U8,Skin_Cutaneous_Melanoma,skin,4,0.0,50.0,Male,STAGE IIIC,EUR
TCGA-FR-A7U9,Skin_Cutaneous_Melanoma,skin,97,3.0,63.0,Female,STAGE IIIC,EUR
TCGA-FR-A7UA,Skin_Cutaneous_Melanoma,skin,12,0.0,65.0,Female,STAGE IB,EUR
TCGA-FR-A8YC,Skin_Cutaneous_Melanoma,skin,161,7.0,78.0,Male,STAGE IIB,EUR
TCGA-FR-A8YD,Skin_Cutaneous_Melanoma,skin,6,1.0,56.0,Female,STAGE IIC,EUR
TCGA-FR-A8YE,Skin_Cutaneous_Melanoma,skin,13,0.0,41.0,Male,STAGE IA,EUR
TCGA-FS-A1YW,Skin_Cutaneous_Melanoma,skin,10,1.0,52.0,Male,STAGE IB,EUR
TCGA-FS-A1YX,Skin_Cutaneous_Melanoma,skin,4,0.0,39.0,Female,STAGE I,EUR
TCGA-FS-A1YY,Skin_Cutaneous_Melanoma,skin,11,1.0,55.0,Female,STAGE IIA,EUR
TCGA-FS-A1Z0,Skin_Cutaneous_Melanoma,skin,10,0.0,32.0,Female,STAGE IA,EUR
TCGA-FS-A1Z3,Skin_Cutaneous_Melanoma,skin,59,2.0,72.0,Female,STAGE IV,EUR
TCGA-FS-A1Z4,Skin_Cutaneous_Melanoma,skin,6,1.0,62.0,Male,STAGE I,EUR
TCGA-FS-A1Z7,Skin_Cutaneous_Melanoma,skin,7,1.0,19.0,Male,STAGE IIIC,EUR
TCGA-FS-A1ZA,Skin_Cutaneous_Melanoma,skin,63,3.0,45.0,Female,STAGE IIIB,EUR
TCGA-FS-A1ZB,Skin_Cutaneous_Melanoma,skin,11,2.0,57.0,Male,STAGE II,EUR
TCGA-FS-A1ZC,Skin_Cutaneous_Melanoma,skin,27,0.0,51.0,Male,STAGE I/II (NOS),EUR
TCGA-FS-A1ZD,Skin_Cutaneous_Melanoma,skin,9,0.0,63.0,Male,STAGE IIA,EUR
TCGA-FS-A1ZE,Skin_Cutaneous_Melanoma,skin,6,0.0,40.0,Male,STAGE IIC,EUR
TCGA-FS-A1ZF,Skin_Cutaneous_Melanoma,skin,10,1.0,78.0,Female,STAGE IIC,EUR
TCGA-FS-A1ZG,Skin_Cutaneous_Melanoma,skin,9,1.0,60.0,Female,STAGE IIIC,EUR
TCGA-FS-A1ZH,Skin_Cutaneous_Melanoma,skin,2,0.0,71.0,Female,STAGE IV,EUR
TCGA-FS-A1ZJ,Skin_Cutaneous_Melanoma,skin,6,1.0,75.0,Female,STAGE I,EUR
TCGA-FS-A1ZK,Skin_Cutaneous_Melanoma,skin,79,0.0,68.0,Male,STAGE II,EUR
TCGA-FS-A1ZM,Skin_Cutaneous_Melanoma,skin,13,0.0,74.0,Male,STAGE III,EUR
TCGA-FS-A1ZN,Skin_Cutaneous_Melanoma,skin,8,0.0,43.0,Male,STAGE IIIA,EUR
TCGA-FS-A1ZP,Skin_Cutaneous_Melanoma,skin,29,2.0,52.0,Male,STAGE II,EUR
TCGA-FS-A1ZQ,Skin_Cutaneous_Melanoma,skin,26,0.0,31.0,Male,STAGE I/II (NOS),EUR
TCGA-FS-A1ZR,Skin_Cutaneous_Melanoma,skin,9,0.0,36.0,Male,STAGE II,EUR
TCGA-FS-A1ZS,Skin_Cutaneous_Melanoma,skin,15,2.0,54.0,Male,STAGE I,EUR
TCGA-FS-A1ZT,Skin_Cutaneous_Melanoma,skin,13,0.0,55.0,Male,STAGE III,EUR
TCGA-FS-A1ZU,Skin_Cutaneous_Melanoma,skin,4,0.0,70.0,Female,STAGE IIC,EUR
TCGA-FS-A1ZW,Skin_Cutaneous_Melanoma,skin,39,2.0,65.0,Male,STAGE IIIB,EUR
TCGA-FS-A1ZZ,Skin_Cutaneous_Melanoma,skin,76,7.0,54.0,Female,STAGE IIB,EUR
TCGA-FS-A4F0,Skin_Cutaneous_Melanoma,skin,32,0.0,67.0,Female,STAGE IIB,EUR
TCGA-FS-A4F4,Skin_Cutaneous_Melanoma,skin,7,1.0,64.0,Male,STAGE II,EUR
TCGA-FS-A4F5,Skin_Cutaneous_Melanoma,skin,41,3.0,77.0,Female,STAGE IB,EUR
TCGA-FS-A4F8,Skin_Cutaneous_Melanoma,skin,5,1.0,52.0,Male,STAGE I,EUR
TCGA-FS-A4F9,Skin_Cutaneous_Melanoma,skin,56,5.0,80.0,Male,STAGE IIIC,EUR
TCGA-FS-A4FB,Skin_Cutaneous_Melanoma,skin,12,0.0,46.0,Female,STAGE III,EUR
TCGA-FS-A4FC,Skin_Cutaneous_Melanoma,skin,45,3.0,75.0,Female,STAGE IIA,EUR
TCGA-FS-A4FD,Skin_Cutaneous_Melanoma,skin,15,0.0,39.0,Male,STAGE IIIC,EUR
TCGA-FW-A3I3,Skin_Cutaneous_Melanoma,skin,11,2.0,59.0,Female,STAGE IV,EUR
TCGA-FW-A3R5,Skin_Cutaneous_Melanoma,skin,818,12.0,68.0,Male,STAGE III,EUR
TCGA-FW-A3TU,Skin_Cutaneous_Melanoma,skin,45,1.0,72.0,Female,,EUR
TCGA-FW-A3TV,Skin_Cutaneous_Melanoma,skin,17,1.0,57.0,Female,STAGE IIIB,EUR
TCGA-FW-A5DX,Skin_Cutaneous_Melanoma,skin,14,1.0,71.0,Male,STAGE IIIC,EUR
TCGA-FW-A5DY,Skin_Cutaneous_Melanoma,skin,9,0.0,48.0,Female,STAGE III,EUR
TCGA-GF-A2C7,Skin_Cutaneous_Melanoma,skin,7,1.0,48.0,Male,STAGE IIC,EUR
TCGA-GF-A3OT,Skin_Cutaneous_Melanoma,skin,41,2.0,58.0,Female,STAGE IIIC,EUR
TCGA-GF-A4EO,Skin_Cutaneous_Melanoma,skin,14,1.0,74.0,Female,STAGE IIIC,EUR
TCGA-GF-A6C8,Skin_Cutaneous_Melanoma,skin,16,0.0,62.0,Female,STAGE IIB,EUR
TCGA-GF-A6C9,Skin_Cutaneous_Melanoma,skin,151,3.0,78.0,Male,STAGE IIIB,EUR
TCGA-GF-A769,Skin_Cutaneous_Melanoma,skin,6,1.0,39.0,Male,STAGE IIC,EUR
TCGA-GN-A262,Skin_Cutaneous_Melanoma,skin,19,0.0,47.0,Female,,EUR
TCGA-GN-A263,Skin_Cutaneous_Melanoma,skin,18,0.0,24.0,Male,STAGE IV,EUR
TCGA-GN-A264,Skin_Cutaneous_Melanoma,skin,5,0.0,60.0,Male,,EUR
TCGA-GN-A265,Skin_Cutaneous_Melanoma,skin,14,1.0,53.0,Male,,EUR
TCGA-GN-A266,Skin_Cutaneous_Melanoma,skin,195,2.0,45.0,Male,,EUR
TCGA-GN-A267,Skin_Cutaneous_Melanoma,skin,32,3.0,38.0,Male,STAGE IIIA,EUR
TCGA-GN-A268,Skin_Cutaneous_Melanoma,skin,15,1.0,83.0,Female,STAGE IIB,EUR
TCGA-GN-A269,Skin_Cutaneous_Melanoma,skin,32,0.0,70.0,Male,STAGE IIIC,EUR
TCGA-GN-A26A,Skin_Cutaneous_Melanoma,skin,12,0.0,63.0,Female,STAGE IIIA,EUR
TCGA-GN-A26C,Skin_Cutaneous_Melanoma,skin,87,5.0,77.0,Male,STAGE IIIC,EUR
TCGA-GN-A26D,Skin_Cutaneous_Melanoma,skin,6,0.0,72.0,Female,STAGE IIC,EUR
TCGA-GN-A4U3,Skin_Cutaneous_Melanoma,skin,11,1.0,30.0,Male,STAGE III,EUR
TCGA-GN-A4U4,Skin_Cutaneous_Melanoma,skin,44,2.0,73.0,Male,STAGE IIA,EUR
TCGA-GN-A4U5,Skin_Cutaneous_Melanoma,skin,20,1.0,61.0,Female,STAGE IB,EUR
TCGA-GN-A4U7,Skin_Cutaneous_Melanoma,skin,16,0.0,56.0,Female,STAGE IIIC,EUR
TCGA-GN-A4U8,Skin_Cutaneous_Melanoma,skin,31,1.0,51.0,Male,,EUR
TCGA-GN-A4U9,Skin_Cutaneous_Melanoma,skin,3,1.0,71.0,Male,STAGE IIIC,EUR
TCGA-GN-A8LK,Skin_Cutaneous_Melanoma,skin,120,5.0,70.0,Male,STAGE IB,EUR
TCGA-GN-A8LL,Skin_Cutaneous_Melanoma,skin,6,0.0,68.0,Female,STAGE IIC,EUR
TCGA-GN-A9SD,Skin_Cutaneous_Melanoma,skin,16,1.0,59.0,Female,STAGE IA,EUR
TCGA-HR-A2OG,Skin_Cutaneous_Melanoma,skin,12,2.0,50.0,Female,,EUR
TCGA-HR-A2OH,Skin_Cutaneous_Melanoma,skin,6,0.0,46.0,Female,STAGE IIIB,EUR
TCGA-IH-A3EA,Skin_Cutaneous_Melanoma,skin,88,3.0,61.0,Male,STAGE IIC,EUR
TCGA-LH-A9QB,Skin_Cutaneous_Melanoma,skin,16,0.0,24.0,Female,,EUR
TCGA-OD-A75X,Skin_Cutaneous_Melanoma,skin,59,4.0,49.0,Male,,EUR
TCGA-QB-A6FS,Skin_Cutaneous_Melanoma,skin,58,4.0,49.0,Male,STAGE IIIC,EUR
TCGA-QB-AA9O,Skin_Cutaneous_Melanoma,skin,85,0.0,73.0,Male,STAGE IIIC,EUR
TCGA-RP-A690,Skin_Cutaneous_Melanoma,skin,4,0.0,66.0,Female,,EUR
TCGA-RP-A693,Skin_Cutaneous_Melanoma,skin,42,0.0,77.0,Male,STAGE IV,EUR
TCGA-RP-A694,Skin_Cutaneous_Melanoma,skin,38,1.0,71.0,Male,STAGE IV,EUR
TCGA-W3-A824,Skin_Cutaneous_Melanoma,skin,108,3.0,63.0,Male,STAGE I,EUR
TCGA-W3-A825,Skin_Cutaneous_Melanoma,skin,64,2.0,60.0,Female,STAGE II,EUR
TCGA-W3-A828,Skin_Cutaneous_Melanoma,skin,93,2.0,66.0,Male,STAGE II,EUR
TCGA-W3-AA1O,Skin_Cutaneous_Melanoma,skin,38,2.0,85.0,Male,STAGE III,EUR
TCGA-W3-AA1Q,Skin_Cutaneous_Melanoma,skin,53,2.0,57.0,Male,STAGE III,EUR
TCGA-W3-AA1R,Skin_Cutaneous_Melanoma,skin,103,1.0,71.0,Male,STAGE II,EUR
TCGA-W3-AA1V,Skin_Cutaneous_Melanoma,skin,298,6.0,63.0,Male,STAGE II,EUR
TCGA-W3-AA1W,Skin_Cutaneous_Melanoma,skin,31,2.0,64.0,Male,STAGE II,EUR
TCGA-W3-AA21,Skin_Cutaneous_Melanoma,skin,33,0.0,26.0,Male,STAGE I,EUR
TCGA-WE-A8JZ,Skin_Cutaneous_Melanoma,skin,13,0.0,70.0,Male,STAGE IIIB,EUR
TCGA-WE-A8K1,Skin_Cutaneous_Melanoma,skin,19,0.0,74.0,Male,STAGE IIIC,EUR
TCGA-WE-A8K5,Skin_Cutaneous_Melanoma,skin,55,5.0,65.0,Male,STAGE IV,EUR
TCGA-WE-A8K6,Skin_Cutaneous_Melanoma,skin,14,0.0,79.0,Male,STAGE IIIB,EUR
TCGA-WE-A8ZM,Skin_Cutaneous_Melanoma,skin,9,1.0,70.0,Male,STAGE IIIB,EUR
TCGA-WE-A8ZN,Skin_Cutaneous_Melanoma,skin,8,0.0,57.0,Male,STAGE IIB,EUR
TCGA-WE-A8ZO,Skin_Cutaneous_Melanoma,skin,21,1.0,73.0,Female,STAGE IIIB,EUR
TCGA-WE-A8ZQ,Skin_Cutaneous_Melanoma,skin,11,3.0,48.0,Male,STAGE IIA,EUR
TCGA-WE-A8ZT,Skin_Cutaneous_Melanoma,skin,25,1.0,25.0,Female,STAGE IV,EUR
TCGA-WE-A8ZX,Skin_Cutaneous_Melanoma,skin,26,1.0,45.0,Male,STAGE IIIB,EUR
TCGA-WE-A8ZY,Skin_Cutaneous_Melanoma,skin,8,0.0,62.0,Male,STAGE IIA,EUR
TCGA-WE-AA9Y,Skin_Cutaneous_Melanoma,skin,2,1.0,37.0,Male,STAGE IIIC,EUR
TCGA-WE-AAA0,Skin_Cutaneous_Melanoma,skin,75,0.0,47.0,Male,STAGE IA,EUR
TCGA-WE-AAA3,Skin_Cutaneous_Melanoma,skin,23,0.0,84.0,Female,STAGE IIIC,EUR
TCGA-WE-AAA4,Skin_Cutaneous_Melanoma,skin,11,2.0,56.0,Female,STAGE IIIC,EUR
TCGA-YD-A89C,Skin_Cutaneous_Melanoma,skin,97,1.0,43.0,Female,STAGE IA,EUR
TCGA-YD-A9TA,Skin_Cutaneous_Melanoma,skin,143,5.0,75.0,Male,,EUR
TCGA-YG-AA3O,Skin_Cutaneous_Melanoma,skin,58,3.0,62.0,Male,, 
TCGA-YG-AA3P,Skin_Cutaneous_Melanoma,skin,3,0.0,63.0,Female,STAGE IIB, 
TCGA-Z2-A8RT,Skin_Cutaneous_Melanoma,skin,144,6.0,42.0,Female,STAGE IIB,EUR
TCGA-Z2-AA3S,Skin_Cutaneous_Melanoma,skin,12,0.0,58.0,Male,STAGE IA,EUR
TCGA-Z2-AA3V,Skin_Cutaneous_Melanoma,skin,28,1.0,57.0,Female,STAGE IA,EUR
TCGA-3M-AB46,Stomach_Adenocarcinoma,digestive,33,2.0,70.0,Male,STAGE IB, 
TCGA-3M-AB47,Stomach_Adenocarcinoma,digestive,10,1.0,51.0,Male,STAGE IIIB,AFR
TCGA-B7-5816,Stomach_Adenocarcinoma,digestive,264,12.0,51.0,Female,STAGE IIB,EUR
TCGA-B7-5818,Stomach_Adenocarcinoma,digestive,27,1.0,62.0,Male,STAGE IB,EUR
TCGA-B7-A5TI,Stomach_Adenocarcinoma,digestive,123,11.0,52.0,Male,STAGE IIIC,EUR
TCGA-B7-A5TJ,Stomach_Adenocarcinoma,digestive,31,6.0,74.0,Male,STAGE IIB,EUR
TCGA-B7-A5TK,Stomach_Adenocarcinoma,digestive,5,1.0,51.0,Male,STAGE IIIA,EUR
TCGA-B7-A5TN,Stomach_Adenocarcinoma,digestive,8,1.0,60.0,Male,STAGE IIB,EUR
TCGA-BR-4183,Stomach_Adenocarcinoma,digestive,6,0.0,55.0,Female,STAGE IIIA,EUR
TCGA-BR-4184,Stomach_Adenocarcinoma,digestive,481,26.0,70.0,Male,STAGE IIIA,EUR
TCGA-BR-4187,Stomach_Adenocarcinoma,digestive,4,1.0,56.0,Male,,EUR
TCGA-BR-4188,Stomach_Adenocarcinoma,digestive,3,1.0,53.0,Female,,EUR
TCGA-BR-4191,Stomach_Adenocarcinoma,digestive,23,2.0,72.0,Male,,EUR
TCGA-BR-4201,Stomach_Adenocarcinoma,digestive,404,8.0,66.0,Female,,EUR
TCGA-BR-4253,Stomach_Adenocarcinoma,digestive,8,2.0,80.0,Female,STAGE IIIA,EUR
TCGA-BR-4255,Stomach_Adenocarcinoma,digestive,12,0.0,76.0,Female,STAGE IIIA,EUR
TCGA-BR-4256,Stomach_Adenocarcinoma,digestive,237,9.0,80.0,Male,,EUR
TCGA-BR-4257,Stomach_Adenocarcinoma,digestive,236,12.0,79.0,Female,,EUR
TCGA-BR-4267,Stomach_Adenocarcinoma,digestive,8,1.0,51.0,Male,STAGE IB,EUR
TCGA-BR-4279,Stomach_Adenocarcinoma,digestive,7,1.0,43.0,Male,STAGE II,EUR
TCGA-BR-4280,Stomach_Adenocarcinoma,digestive,192,5.0,78.0,Female,STAGE III,EUR
TCGA-BR-4292,Stomach_Adenocarcinoma,digestive,380,13.0,73.0,Female,,EUR
TCGA-BR-4294,Stomach_Adenocarcinoma,digestive,1,0.0,65.0,Male,,EUR
TCGA-BR-4357,Stomach_Adenocarcinoma,digestive,16,0.0,58.0,Male,,EUR
TCGA-BR-4361,Stomach_Adenocarcinoma,digestive,418,17.0,66.0,Female,STAGE IIIA,EUR
TCGA-BR-4362,Stomach_Adenocarcinoma,digestive,365,21.0,74.0,Female,,EUR
TCGA-BR-4363,Stomach_Adenocarcinoma,digestive,183,15.0,60.0,Female,,EUR
TCGA-BR-4366,Stomach_Adenocarcinoma,digestive,10,1.0,87.0,Male,,EUR
TCGA-BR-4368,Stomach_Adenocarcinoma,digestive,283,16.0,78.0,Female,STAGE IV,EUR
TCGA-BR-4369,Stomach_Adenocarcinoma,digestive,9,1.0,75.0,Male,,EUR
TCGA-BR-4370,Stomach_Adenocarcinoma,digestive,226,11.0,74.0,Female,,EUR
TCGA-BR-4371,Stomach_Adenocarcinoma,digestive,16,4.0,71.0,Female,,EUR
TCGA-BR-6452,Stomach_Adenocarcinoma,digestive,850,29.0,78.0,Female,STAGE IIA,EUR
TCGA-BR-6453,Stomach_Adenocarcinoma,digestive,5,0.0,54.0,Male,STAGE IIA,EUR
TCGA-BR-6454,Stomach_Adenocarcinoma,digestive,17,2.0,58.0,Male,STAGE IIA,EUR
TCGA-BR-6455,Stomach_Adenocarcinoma,digestive,5,2.0,59.0,Male,STAGE IIB,EUR
TCGA-BR-6456,Stomach_Adenocarcinoma,digestive,4,1.0,74.0,Female,STAGE IIB,EUR
TCGA-BR-6457,Stomach_Adenocarcinoma,digestive,5,1.0,69.0,Male,STAGE IIA,EUR
TCGA-BR-6458,Stomach_Adenocarcinoma,digestive,9,0.0,57.0,Female,STAGE IIB,EUR
TCGA-BR-6563,Stomach_Adenocarcinoma,digestive,4,2.0,60.0,Male,STAGE IIB,EUR
TCGA-BR-6564,Stomach_Adenocarcinoma,digestive,9,1.0,46.0,Female,STAGE IIIA,EUR
TCGA-BR-6565,Stomach_Adenocarcinoma,digestive,8,1.0,67.0,Male,STAGE IIB,EUR
TCGA-BR-6566,Stomach_Adenocarcinoma,digestive,172,8.0,64.0,Female,STAGE IIA,EUR
TCGA-BR-6705,Stomach_Adenocarcinoma,digestive,5,0.0,68.0,Female,STAGE IIIB,EUR
TCGA-BR-6706,Stomach_Adenocarcinoma,digestive,8,1.0,63.0,Male,STAGE IIIA,EUR
TCGA-BR-6707,Stomach_Adenocarcinoma,digestive,11,2.0,75.0,Male,STAGE IIA,EUR
TCGA-BR-6709,Stomach_Adenocarcinoma,digestive,4,0.0,57.0,Female,STAGE IIIB,EUR
TCGA-BR-6801,Stomach_Adenocarcinoma,digestive,5,0.0,70.0,Male,STAGE IIA,EUR
TCGA-BR-6802,Stomach_Adenocarcinoma,digestive,93,7.0,65.0,Male,STAGE IIIA,EUR
TCGA-BR-6852,Stomach_Adenocarcinoma,digestive,200,11.0,64.0,Female,STAGE IIA,EUR
TCGA-BR-7196,Stomach_Adenocarcinoma,digestive,9,4.0,64.0,Male,STAGE IV,EUR
TCGA-BR-7197,Stomach_Adenocarcinoma,digestive,13,2.0,69.0,Male,STAGE II,EUR
TCGA-BR-7703,Stomach_Adenocarcinoma,digestive,156,9.0,81.0,Male,STAGE IA,EUR
TCGA-BR-7704,Stomach_Adenocarcinoma,digestive,32,4.0,69.0,Female,STAGE II,EUR
TCGA-BR-7707,Stomach_Adenocarcinoma,digestive,277,16.0,69.0,Female,STAGE IB,EUR
TCGA-BR-7715,Stomach_Adenocarcinoma,digestive,8,0.0,65.0,Male,STAGE IIA,EUR
TCGA-BR-7716,Stomach_Adenocarcinoma,digestive,15,1.0,62.0,Female,STAGE IIB,EUR
TCGA-BR-7717,Stomach_Adenocarcinoma,digestive,8,1.0,63.0,Male,STAGE IV,EUR
TCGA-BR-7722,Stomach_Adenocarcinoma,digestive,3,1.0,62.0,Male,STAGE IIB,EUR
TCGA-BR-7723,Stomach_Adenocarcinoma,digestive,9,0.0,59.0,Male,STAGE IIIB,EUR
TCGA-BR-7851,Stomach_Adenocarcinoma,digestive,288,13.0,74.0,Male,STAGE IIB,EUR
TCGA-BR-7901,Stomach_Adenocarcinoma,digestive,12,0.0,74.0,Male,STAGE IIB,EUR
TCGA-BR-7957,Stomach_Adenocarcinoma,digestive,8,0.0,50.0,Female,STAGE IV,EUR
TCGA-BR-7958,Stomach_Adenocarcinoma,digestive,11,0.0,60.0,Male,STAGE IIIB,EUR
TCGA-BR-7959,Stomach_Adenocarcinoma,digestive,7,1.0,59.0,Male,STAGE IIIA,EUR
TCGA-BR-8058,Stomach_Adenocarcinoma,digestive,2,1.0,53.0,Female,STAGE IIIB,EUR
TCGA-BR-8059,Stomach_Adenocarcinoma,digestive,127,6.0,72.0,Male,STAGE III,EUR
TCGA-BR-8060,Stomach_Adenocarcinoma,digestive,9,1.0,75.0,Female,STAGE IIB,EUR
TCGA-BR-8077,Stomach_Adenocarcinoma,digestive,5,0.0,58.0,Female,STAGE IIIB,EUR
TCGA-BR-8078,Stomach_Adenocarcinoma,digestive,432,14.0,70.0,Female,STAGE IIB,EUR
TCGA-BR-8080,Stomach_Adenocarcinoma,digestive,10,0.0,72.0,Female,STAGE IIIC,EUR
TCGA-BR-8081,Stomach_Adenocarcinoma,digestive,184,9.0,71.0,Female,STAGE IIB,EUR
TCGA-BR-8284,Stomach_Adenocarcinoma,digestive,42,6.0,72.0,Female,STAGE IIIC,EUR
TCGA-BR-8285,Stomach_Adenocarcinoma,digestive,5,2.0,57.0,Female,STAGE IIIC,EUR
TCGA-BR-8286,Stomach_Adenocarcinoma,digestive,9,1.0,49.0,Male,STAGE II,EUR
TCGA-BR-8289,Stomach_Adenocarcinoma,digestive,18,1.0,57.0,Male,STAGE IV,EUR
TCGA-BR-8291,Stomach_Adenocarcinoma,digestive,4,0.0,61.0,Male,STAGE IIB,EUR
TCGA-BR-8295,Stomach_Adenocarcinoma,digestive,8,1.0,60.0,Female,STAGE IIB,EUR
TCGA-BR-8296,Stomach_Adenocarcinoma,digestive,6,0.0,58.0,Female,STAGE IIIC,EUR
TCGA-BR-8297,Stomach_Adenocarcinoma,digestive,15,0.0,58.0,Male,STAGE IIIC,EUR
TCGA-BR-8360,Stomach_Adenocarcinoma,digestive,190,8.0,66.0,Male,STAGE IIA,EUR
TCGA-BR-8361,Stomach_Adenocarcinoma,digestive,343,17.0,71.0,Female,STAGE IIIC,EUR
TCGA-BR-8363,Stomach_Adenocarcinoma,digestive,277,16.0,73.0,Female,STAGE IB,EUR
TCGA-BR-8364,Stomach_Adenocarcinoma,digestive,1,0.0,42.0,Female,STAGE IIIC,EUR
TCGA-BR-8365,Stomach_Adenocarcinoma,digestive,2,1.0,70.0,Female,STAGE IIA,EUR
TCGA-BR-8366,Stomach_Adenocarcinoma,digestive,9,2.0,80.0,Female,STAGE IIA,EUR
TCGA-BR-8367,Stomach_Adenocarcinoma,digestive,8,4.0,55.0,Male,STAGE IIIB,EUR
TCGA-BR-8368,Stomach_Adenocarcinoma,digestive,264,9.0,84.0,Female,STAGE IB,EUR
TCGA-BR-8369,Stomach_Adenocarcinoma,digestive,14,0.0,76.0,Female,STAGE IIIB,EUR
TCGA-BR-8370,Stomach_Adenocarcinoma,digestive,10,1.0,64.0,Male,STAGE IIIB,EUR
TCGA-BR-8372,Stomach_Adenocarcinoma,digestive,269,13.0,63.0,Male,STAGE IIIC,EUR
TCGA-BR-8373,Stomach_Adenocarcinoma,digestive,15,0.0,65.0,Female,STAGE IIIA,EUR
TCGA-BR-8380,Stomach_Adenocarcinoma,digestive,9,1.0,55.0,Male,STAGE IIIC,EUR
TCGA-BR-8381,Stomach_Adenocarcinoma,digestive,4,2.0,51.0,Male,STAGE IIB,EUR
TCGA-BR-8382,Stomach_Adenocarcinoma,digestive,175,12.0,67.0,Female,STAGE IIIC,EUR
TCGA-BR-8384,Stomach_Adenocarcinoma,digestive,1,0.0,69.0,Male,STAGE IIIC,EUR
TCGA-BR-8483,Stomach_Adenocarcinoma,digestive,12,0.0,59.0,Male,STAGE IIIA,EUR
TCGA-BR-8484,Stomach_Adenocarcinoma,digestive,4,1.0,61.0,Male,STAGE IIIA,EUR
TCGA-BR-8485,Stomach_Adenocarcinoma,digestive,15,1.0,68.0,Female,STAGE IIIC,EUR
TCGA-BR-8486,Stomach_Adenocarcinoma,digestive,7,1.0,90.0,Female,STAGE IA,EUR
TCGA-BR-8487,Stomach_Adenocarcinoma,digestive,644,24.0,64.0,Female,STAGE IIA,EUR
TCGA-BR-8588,Stomach_Adenocarcinoma,digestive,13,2.0,55.0,Female,STAGE IIB,EUR
TCGA-BR-8589,Stomach_Adenocarcinoma,digestive,24,2.0,56.0,Male,STAGE IIIB,EUR
TCGA-BR-8590,Stomach_Adenocarcinoma,digestive,12,0.0,62.0,Male,STAGE IIIC,EUR
TCGA-BR-8591,Stomach_Adenocarcinoma,digestive,347,15.0,79.0,Male,STAGE IIIC,EUR
TCGA-BR-8592,Stomach_Adenocarcinoma,digestive,2,0.0,63.0,Female,STAGE IIIB,EUR
TCGA-BR-8676,Stomach_Adenocarcinoma,digestive,12,3.0,59.0,Male,STAGE IIIB,EUR
TCGA-BR-8677,Stomach_Adenocarcinoma,digestive,6,1.0,74.0,Female,STAGE IIIB,EUR
TCGA-BR-8678,Stomach_Adenocarcinoma,digestive,16,1.0,76.0,Male,STAGE IB,EUR
TCGA-BR-8679,Stomach_Adenocarcinoma,digestive,13,1.0,63.0,Female,STAGE IB,EUR
TCGA-BR-8680,Stomach_Adenocarcinoma,digestive,504,13.0,45.0,Male,STAGE IV,EAS
TCGA-BR-8682,Stomach_Adenocarcinoma,digestive,12,1.0,52.0,Male,STAGE IIB,EAS
TCGA-BR-8683,Stomach_Adenocarcinoma,digestive,16,2.0,75.0,Male,STAGE IIIB,EAS
TCGA-BR-8686,Stomach_Adenocarcinoma,digestive,10,1.0,69.0,Male,STAGE IIIB,EAS
TCGA-BR-8687,Stomach_Adenocarcinoma,digestive,6,1.0,67.0,Female,STAGE IIIC,EUR
TCGA-BR-8690,Stomach_Adenocarcinoma,digestive,18,1.0,54.0,Female,STAGE IIIB,EUR
TCGA-BR-A44T,Stomach_Adenocarcinoma,digestive,1,0.0,53.0,Female,STAGE IIA,EUR
TCGA-BR-A44U,Stomach_Adenocarcinoma,digestive,8,1.0,70.0,Male,STAGE IIIB,EUR
TCGA-BR-A452,Stomach_Adenocarcinoma,digestive,13,1.0,57.0,Male,STAGE IIIA,EAS
TCGA-BR-A453,Stomach_Adenocarcinoma,digestive,4,2.0,51.0,Male,STAGE IV,EAS
TCGA-BR-A4CQ,Stomach_Adenocarcinoma,digestive,13,0.0,58.0,Male,STAGE IIIA,EUR
TCGA-BR-A4CR,Stomach_Adenocarcinoma,digestive,10,1.0,70.0,Female,STAGE IIIC,EUR
TCGA-BR-A4CS,Stomach_Adenocarcinoma,digestive,20,0.0,77.0,Male,STAGE IIIC,EUR
TCGA-BR-A4IU,Stomach_Adenocarcinoma,digestive,1,0.0,34.0,Female,STAGE IIIA,EAS
TCGA-BR-A4IV,Stomach_Adenocarcinoma,digestive,2,0.0,47.0,Male,STAGE IIIB,EAS
TCGA-BR-A4IY,Stomach_Adenocarcinoma,digestive,18,1.0,58.0,Male,STAGE IIB,EAS
TCGA-BR-A4IZ,Stomach_Adenocarcinoma,digestive,1,0.0,45.0,Female,STAGE IIIB,EAS
TCGA-BR-A4J1,Stomach_Adenocarcinoma,digestive,8,1.0,63.0,Male,STAGE IIIA,EAS
TCGA-BR-A4J2,Stomach_Adenocarcinoma,digestive,4,0.0,70.0,Male,STAGE IIB,EAS
TCGA-BR-A4J4,Stomach_Adenocarcinoma,digestive,4,0.0,39.0,Male,STAGE IIIB,EAS
TCGA-BR-A4J5,Stomach_Adenocarcinoma,digestive,8,2.0,56.0,Male,STAGE IIIA,EAS
TCGA-BR-A4J6,Stomach_Adenocarcinoma,digestive,4,1.0,69.0,Female,STAGE IIA,EUR
TCGA-BR-A4J7,Stomach_Adenocarcinoma,digestive,5,1.0,49.0,Male,STAGE IIB,EAS
TCGA-BR-A4J8,Stomach_Adenocarcinoma,digestive,6,2.0,71.0,Female,STAGE IIIB,EUR
TCGA-BR-A4J9,Stomach_Adenocarcinoma,digestive,4,0.0,55.0,Male,STAGE IIA,EUR
TCGA-BR-A4PD,Stomach_Adenocarcinoma,digestive,11,2.0,72.0,Female,STAGE IIB,EUR
TCGA-BR-A4PE,Stomach_Adenocarcinoma,digestive,17,2.0,68.0,Female,STAGE IB,EUR
TCGA-BR-A4PF,Stomach_Adenocarcinoma,digestive,10,1.0,72.0,Male,STAGE IIIB,EUR
TCGA-BR-A4QI,Stomach_Adenocarcinoma,digestive,7,0.0,70.0,Female,STAGE IIA,EUR
TCGA-BR-A4QL,Stomach_Adenocarcinoma,digestive,497,17.0,75.0,Female,STAGE IIIB,EUR
TCGA-BR-A4QM,Stomach_Adenocarcinoma,digestive,6,1.0,65.0,Male,STAGE IIIA,EUR
TCGA-CD-5798,Stomach_Adenocarcinoma,digestive,6,1.0,82.0,Male,STAGE II,EAS
TCGA-CD-5799,Stomach_Adenocarcinoma,digestive,2,1.0,45.0,Male,STAGE II,EAS
TCGA-CD-5800,Stomach_Adenocarcinoma,digestive,9,0.0,51.0,Female,STAGE II,EAS
TCGA-CD-5801,Stomach_Adenocarcinoma,digestive,16,0.0,69.0,Male,STAGE IIIA,EAS
TCGA-CD-5802,Stomach_Adenocarcinoma,digestive,10,0.0,58.0,Male,STAGE II,EAS
TCGA-CD-5803,Stomach_Adenocarcinoma,digestive,2,2.0,78.0,Female,STAGE II,EAS
TCGA-CD-5804,Stomach_Adenocarcinoma,digestive,6,0.0,90.0,Male,,EAS
TCGA-CD-5813,Stomach_Adenocarcinoma,digestive,14,1.0,60.0,Male,STAGE II,EAS
TCGA-CD-8524,Stomach_Adenocarcinoma,digestive,16,1.0,61.0,Female,STAGE II,EAS
TCGA-CD-8525,Stomach_Adenocarcinoma,digestive,10,0.0,82.0,Female,STAGE IIIA,EAS
TCGA-CD-8526,Stomach_Adenocarcinoma,digestive,6,0.0,73.0,Female,STAGE IIIA,EAS
TCGA-CD-8527,Stomach_Adenocarcinoma,digestive,24,0.0,72.0,Female,STAGE II,EAS
TCGA-CD-8528,Stomach_Adenocarcinoma,digestive,7,0.0,43.0,Female,STAGE IIIA,EAS
TCGA-CD-8529,Stomach_Adenocarcinoma,digestive,34,1.0,65.0,Male,STAGE IV,EAS
TCGA-CD-8530,Stomach_Adenocarcinoma,digestive,5,0.0,51.0,Male,STAGE II,EAS
TCGA-CD-8531,Stomach_Adenocarcinoma,digestive,28,5.0,66.0,Female,STAGE IIIA,EAS
TCGA-CD-8532,Stomach_Adenocarcinoma,digestive,5,2.0,52.0,Male,STAGE II,EAS
TCGA-CD-8533,Stomach_Adenocarcinoma,digestive,11,0.0,48.0,Male,STAGE II,EAS
TCGA-CD-8534,Stomach_Adenocarcinoma,digestive,2,0.0,41.0,Male,STAGE II,EAS
TCGA-CD-8535,Stomach_Adenocarcinoma,digestive,22,3.0,59.0,Male,STAGE IIIA,EAS
TCGA-CD-8536,Stomach_Adenocarcinoma,digestive,215,12.0,74.0,Male,STAGE II,EAS
TCGA-CD-A486,Stomach_Adenocarcinoma,digestive,11,1.0,68.0,Male,STAGE IIA,EAS
TCGA-CD-A487,Stomach_Adenocarcinoma,digestive,5,0.0,51.0,Male,STAGE IIB,EAS
TCGA-CD-A489,Stomach_Adenocarcinoma,digestive,4,1.0,58.0,Male,STAGE IIA,EAS
TCGA-CD-A48A,Stomach_Adenocarcinoma,digestive,8,0.0,57.0,Male,STAGE IIA,EAS
TCGA-CD-A48C,Stomach_Adenocarcinoma,digestive,11,0.0,79.0,Female,STAGE IIB,EAS
TCGA-CD-A4MG,Stomach_Adenocarcinoma,digestive,538,17.0,76.0,Male,STAGE IIA,EAS
TCGA-CD-A4MH,Stomach_Adenocarcinoma,digestive,11,1.0,86.0,Female,STAGE IIA,EAS
TCGA-CD-A4MI,Stomach_Adenocarcinoma,digestive,205,7.0,62.0,Male,STAGE IIIA,EAS
TCGA-CD-A4MJ,Stomach_Adenocarcinoma,digestive,179,8.0,60.0,Male,STAGE IB,EAS
TCGA-CG-4300,Stomach_Adenocarcinoma,digestive,16,0.0,79.0,Male,STAGE IIIB,EUR
TCGA-CG-4301,Stomach_Adenocarcinoma,digestive,4,0.0,75.0,Female,STAGE IV,EUR
TCGA-CG-4304,Stomach_Adenocarcinoma,digestive,9,0.0,84.0,Male,STAGE IB,EUR
TCGA-CG-4305,Stomach_Adenocarcinoma,digestive,283,10.0,69.0,Male,STAGE II,EUR
TCGA-CG-4306,Stomach_Adenocarcinoma,digestive,299,13.0,90.0,Male,STAGE IV,EUR
TCGA-CG-4436,Stomach_Adenocarcinoma,digestive,10,1.0,57.0,Male,STAGE IB,EUR
TCGA-CG-4437,Stomach_Adenocarcinoma,digestive,46,4.0,83.0,Male,STAGE II,EUR
TCGA-CG-4438,Stomach_Adenocarcinoma,digestive,9,1.0,56.0,Male,STAGE IV,EUR
TCGA-CG-4440,Stomach_Adenocarcinoma,digestive,6,3.0,68.0,Female,STAGE IV,EUR
TCGA-CG-4441,Stomach_Adenocarcinoma,digestive,8,0.0,83.0,Male,STAGE IIIA,EUR
TCGA-CG-4442,Stomach_Adenocarcinoma,digestive,395,22.0,85.0,Male,STAGE IB,EUR
TCGA-CG-4443,Stomach_Adenocarcinoma,digestive,8,1.0,68.0,Male,STAGE IA,EUR
TCGA-CG-4444,Stomach_Adenocarcinoma,digestive,11,0.0,76.0,Male,STAGE IIIA,EUR
TCGA-CG-4449,Stomach_Adenocarcinoma,digestive,14,1.0,81.0,Male,STAGE II,EUR
TCGA-CG-4455,Stomach_Adenocarcinoma,digestive,6,1.0,72.0,Male,STAGE II,EUR
TCGA-CG-4462,Stomach_Adenocarcinoma,digestive,8,3.0,72.0,Female,STAGE IV,EUR
TCGA-CG-4465,Stomach_Adenocarcinoma,digestive,159,8.0,69.0,Female,STAGE IV,EUR
TCGA-CG-4466,Stomach_Adenocarcinoma,digestive,16,1.0,81.0,Female,STAGE IB,EUR
TCGA-CG-4469,Stomach_Adenocarcinoma,digestive,21,4.0,70.0,Male,STAGE IV,EUR
TCGA-CG-4474,Stomach_Adenocarcinoma,digestive,12,5.0,67.0,Female,STAGE IV,EUR
TCGA-CG-4475,Stomach_Adenocarcinoma,digestive,5,0.0,76.0,Male,STAGE IIB,EUR
TCGA-CG-4476,Stomach_Adenocarcinoma,digestive,20,2.0,69.0,Male,STAGE IIIC,EUR
TCGA-CG-4477,Stomach_Adenocarcinoma,digestive,79,7.0,58.0,Female,STAGE IB,EUR
TCGA-CG-5717,Stomach_Adenocarcinoma,digestive,10,0.0,58.0,Male,STAGE II,EUR
TCGA-CG-5718,Stomach_Adenocarcinoma,digestive,5,1.0,78.0,Female,STAGE II,EUR
TCGA-CG-5719,Stomach_Adenocarcinoma,digestive,5,0.0,54.0,Female,STAGE IV,EUR
TCGA-CG-5720,Stomach_Adenocarcinoma,digestive,6,1.0,71.0,Male,STAGE IB,EUR
TCGA-CG-5721,Stomach_Adenocarcinoma,digestive,545,29.0,58.0,Male,STAGE IV,EUR
TCGA-CG-5722,Stomach_Adenocarcinoma,digestive,8,0.0,67.0,Female,STAGE IV,EUR
TCGA-CG-5723,Stomach_Adenocarcinoma,digestive,441,17.0,83.0,Male,STAGE II,EUR
TCGA-CG-5724,Stomach_Adenocarcinoma,digestive,10,1.0,59.0,Male,STAGE IV,EUR
TCGA-CG-5725,Stomach_Adenocarcinoma,digestive,58,3.0,72.0,Male,STAGE IB,EUR
TCGA-CG-5726,Stomach_Adenocarcinoma,digestive,343,13.0,73.0,Male,STAGE IA,EUR
TCGA-CG-5727,Stomach_Adenocarcinoma,digestive,9,1.0,66.0,Male,STAGE II,EUR
TCGA-CG-5728,Stomach_Adenocarcinoma,digestive,343,13.0,88.0,Female,STAGE IB,EUR
TCGA-CG-5730,Stomach_Adenocarcinoma,digestive,11,0.0,80.0,Female,STAGE IV,EUR
TCGA-CG-5732,Stomach_Adenocarcinoma,digestive,4,0.0,66.0,Male,STAGE IV,EUR
TCGA-CG-5733,Stomach_Adenocarcinoma,digestive,289,14.0,83.0,Female,STAGE IIIA,EUR
TCGA-CG-5734,Stomach_Adenocarcinoma,digestive,9,1.0,68.0,Male,STAGE IIIA,EUR
TCGA-D7-5577,Stomach_Adenocarcinoma,digestive,11,1.0,53.0,Female,STAGE IIIA,EUR
TCGA-D7-5578,Stomach_Adenocarcinoma,digestive,13,0.0,80.0,Male,STAGE IIIA,EUR
TCGA-D7-5579,Stomach_Adenocarcinoma,digestive,12,0.0,74.0,Male,STAGE IIIA,EUR
TCGA-D7-6518,Stomach_Adenocarcinoma,digestive,9,0.0,75.0,Male,STAGE IIIA,EUR
TCGA-D7-6519,Stomach_Adenocarcinoma,digestive,5,0.0,64.0,Female,STAGE IIIB,EUR
TCGA-D7-6520,Stomach_Adenocarcinoma,digestive,6,0.0,53.0,Male,STAGE IIIA,EUR
TCGA-D7-6521,Stomach_Adenocarcinoma,digestive,6,2.0,65.0,Male,STAGE IIIA,EUR
TCGA-D7-6522,Stomach_Adenocarcinoma,digestive,3,0.0,58.0,Male,STAGE IB,EUR
TCGA-D7-6524,Stomach_Adenocarcinoma,digestive,11,1.0,53.0,Male,STAGE II,EUR
TCGA-D7-6525,Stomach_Adenocarcinoma,digestive,14,2.0,58.0,Male,STAGE IIIA,EUR
TCGA-D7-6526,Stomach_Adenocarcinoma,digestive,16,1.0,67.0,Female,STAGE IIIA,EUR
TCGA-D7-6527,Stomach_Adenocarcinoma,digestive,18,2.0,62.0,Male,STAGE II,EUR
TCGA-D7-6528,Stomach_Adenocarcinoma,digestive,21,2.0,70.0,Female,STAGE IB,EUR
TCGA-D7-6815,Stomach_Adenocarcinoma,digestive,22,2.0,70.0,Female,STAGE IIB,EUR
TCGA-D7-6817,Stomach_Adenocarcinoma,digestive,2,0.0,63.0,Male,STAGE IIIA,EUR
TCGA-D7-6818,Stomach_Adenocarcinoma,digestive,7,1.0,53.0,Male,STAGE IIIA,EUR
TCGA-D7-6820,Stomach_Adenocarcinoma,digestive,11,0.0,64.0,Male,STAGE IIB,EUR
TCGA-D7-6822,Stomach_Adenocarcinoma,digestive,13,1.0,77.0,Male,STAGE IB,EUR
TCGA-D7-8570,Stomach_Adenocarcinoma,digestive,12,1.0,44.0,Male,STAGE IIIB,EUR
TCGA-D7-8572,Stomach_Adenocarcinoma,digestive,8,1.0,57.0,Male,STAGE IIB,EUR
TCGA-D7-8573,Stomach_Adenocarcinoma,digestive,5,1.0,57.0,Male,STAGE IIA,EUR
TCGA-D7-8574,Stomach_Adenocarcinoma,digestive,3,0.0,72.0,Male,STAGE IIIA,EUR
TCGA-D7-8575,Stomach_Adenocarcinoma,digestive,10,1.0,75.0,Male,STAGE IIIA,EUR
TCGA-D7-8576,Stomach_Adenocarcinoma,digestive,4,0.0,54.0,Female,STAGE IIIB,EUR
TCGA-D7-8578,Stomach_Adenocarcinoma,digestive,4,0.0,72.0,Male,STAGE IB,EUR
TCGA-D7-8579,Stomach_Adenocarcinoma,digestive,5,1.0,66.0,Female,STAGE IIB,EUR
TCGA-D7-A4YT,Stomach_Adenocarcinoma,digestive,32,3.0,56.0,Male,STAGE IIIA,EUR
TCGA-D7-A4YU,Stomach_Adenocarcinoma,digestive,16,1.0,73.0,Male,STAGE IIIB,EUR
TCGA-D7-A4YV,Stomach_Adenocarcinoma,digestive,206,10.0,69.0,Female,STAGE IIB,EUR
TCGA-D7-A4YX,Stomach_Adenocarcinoma,digestive,8,1.0,63.0,Male,STAGE IIB,EUR
TCGA-D7-A4YY,Stomach_Adenocarcinoma,digestive,106,1.0,61.0,Male,STAGE IIIB,EUR
TCGA-D7-A4Z0,Stomach_Adenocarcinoma,digestive,11,2.0,60.0,Female,STAGE IIB,EUR
TCGA-D7-A6ET,Stomach_Adenocarcinoma,digestive,2,1.0,76.0,Male,STAGE IIIB,EUR
TCGA-D7-A6EV,Stomach_Adenocarcinoma,digestive,11,0.0,71.0,Female,STAGE IIB,EUR
TCGA-D7-A6EX,Stomach_Adenocarcinoma,digestive,8,0.0,72.0,Female,STAGE IIIA,EUR
TCGA-D7-A6EY,Stomach_Adenocarcinoma,digestive,267,9.0,72.0,Female,STAGE IIIB,EUR
TCGA-D7-A6EZ,Stomach_Adenocarcinoma,digestive,36,3.0,66.0,Male,STAGE IIIA,EUR
TCGA-D7-A6F0,Stomach_Adenocarcinoma,digestive,10,0.0,79.0,Female,STAGE IB,EUR
TCGA-D7-A6F2,Stomach_Adenocarcinoma,digestive,1,0.0,62.0,Male,STAGE IB,EUR
TCGA-D7-A747,Stomach_Adenocarcinoma,digestive,4,0.0,57.0,Male,STAGE IIB,EUR
TCGA-D7-A748,Stomach_Adenocarcinoma,digestive,4,0.0,41.0,Female,STAGE IV,EUR
TCGA-D7-A74A,Stomach_Adenocarcinoma,digestive,15,1.0,61.0,Female,STAGE IIIA,EUR
TCGA-D7-A74B,Stomach_Adenocarcinoma,digestive,3,1.0,52.0,Female,STAGE IIIB,EUR
TCGA-EQ-5647,Stomach_Adenocarcinoma,digestive,3,0.0,86.0,Female,STAGE IV,EUR
TCGA-EQ-8122,Stomach_Adenocarcinoma,digestive,17,1.0,71.0,Female,STAGE IIB,EUR
TCGA-EQ-A4SO,Stomach_Adenocarcinoma,digestive,31,3.0,70.0,Male,STAGE IIIB,EUR
TCGA-F1-6177,Stomach_Adenocarcinoma,digestive,335,20.0,90.0,Male,STAGE I,AFR_ADMIX
TCGA-F1-6874,Stomach_Adenocarcinoma,digestive,253,8.0,79.0,Male,STAGE IB,EUR
TCGA-F1-6875,Stomach_Adenocarcinoma,digestive,6,1.0,79.0,Male,STAGE IA,AFR_ADMIX
TCGA-F1-A448,Stomach_Adenocarcinoma,digestive,125,9.0,70.0,Male,STAGE IIIB, 
TCGA-F1-A72C,Stomach_Adenocarcinoma,digestive,7,2.0,68.0,Male,STAGE IIA,EAS
TCGA-FP-7735,Stomach_Adenocarcinoma,digestive,3,1.0,77.0,Male,STAGE IB,AFR
TCGA-FP-7829,Stomach_Adenocarcinoma,digestive,21,2.0,69.0,Male,STAGE IIB,EUR
TCGA-FP-7916,Stomach_Adenocarcinoma,digestive,6,0.0,77.0,Male,STAGE IIIC, 
TCGA-FP-7998,Stomach_Adenocarcinoma,digestive,6,1.0,77.0,Male,STAGE IIIC, 
TCGA-FP-8099,Stomach_Adenocarcinoma,digestive,11,1.0,79.0,Male,STAGE IIA,EUR
TCGA-FP-8210,Stomach_Adenocarcinoma,digestive,1,0.0,48.0,Male,STAGE IIIA,EAS
TCGA-FP-8211,Stomach_Adenocarcinoma,digestive,16,3.0,62.0,Male,STAGE IIB,EUR
TCGA-FP-8631,Stomach_Adenocarcinoma,digestive,15,1.0,68.0,Male,STAGE IIIA,EUR
TCGA-FP-A4BE,Stomach_Adenocarcinoma,digestive,311,10.0,55.0,Male,STAGE IIA,AFR
TCGA-FP-A4BF,Stomach_Adenocarcinoma,digestive,8,0.0,68.0,Male,STAGE IIIA,EUR
TCGA-FP-A8CX,Stomach_Adenocarcinoma,digestive,10,0.0,60.0,Male,STAGE IIIC,EUR
TCGA-FP-A9TM,Stomach_Adenocarcinoma,digestive,13,1.0,77.0,Male,STAGE IIB,EUR
TCGA-HF-A5NB,Stomach_Adenocarcinoma,digestive,344,15.0,75.0,Female,STAGE IIIC,EUR
TCGA-HJ-7597,Stomach_Adenocarcinoma,digestive,168,13.0,71.0,Female,STAGE IB,EUR
TCGA-HU-8238,Stomach_Adenocarcinoma,digestive,16,0.0,56.0,Male,,EAS
TCGA-HU-8243,Stomach_Adenocarcinoma,digestive,12,1.0,66.0,Male,STAGE IIIC,EAS
TCGA-HU-8244,Stomach_Adenocarcinoma,digestive,7,1.0,77.0,Female,STAGE IA,EAS
TCGA-HU-8245,Stomach_Adenocarcinoma,digestive,10,2.0,72.0,Male,STAGE IIA,EAS
TCGA-HU-8249,Stomach_Adenocarcinoma,digestive,11,1.0,76.0,Male,STAGE IIIA,EAS
TCGA-HU-8602,Stomach_Adenocarcinoma,digestive,380,15.0,58.0,Female,STAGE IIB,EAS
TCGA-HU-8604,Stomach_Adenocarcinoma,digestive,13,3.0,82.0,Female,STAGE IIA,EAS
TCGA-HU-8608,Stomach_Adenocarcinoma,digestive,9,1.0,70.0,Male,STAGE IIIB,EAS
TCGA-HU-8610,Stomach_Adenocarcinoma,digestive,5,0.0,75.0,Male,STAGE IA,EAS
TCGA-HU-A4G2,Stomach_Adenocarcinoma,digestive,7,1.0,45.0,Male,STAGE IIB,EAS
TCGA-HU-A4G3,Stomach_Adenocarcinoma,digestive,9,2.0,54.0,Male,STAGE IIB,EAS
TCGA-HU-A4G6,Stomach_Adenocarcinoma,digestive,7,2.0,74.0,Male,STAGE IA,EAS
TCGA-HU-A4G8,Stomach_Adenocarcinoma,digestive,350,16.0,71.0,Female,STAGE IIB,EAS
TCGA-HU-A4G9,Stomach_Adenocarcinoma,digestive,197,9.0,67.0,Female,STAGE IA,EAS
TCGA-HU-A4GC,Stomach_Adenocarcinoma,digestive,12,0.0,74.0,Male,STAGE IIIB,EAS
TCGA-HU-A4GD,Stomach_Adenocarcinoma,digestive,7,0.0,56.0,Male,STAGE IIB,EAS
TCGA-HU-A4GF,Stomach_Adenocarcinoma,digestive,18,0.0,69.0,Male,STAGE IIA,EAS
TCGA-HU-A4GH,Stomach_Adenocarcinoma,digestive,12,0.0,75.0,Male,STAGE IA,EAS
TCGA-HU-A4GN,Stomach_Adenocarcinoma,digestive,243,10.0,61.0,Male,STAGE IIA,EAS
TCGA-HU-A4GP,Stomach_Adenocarcinoma,digestive,13,1.0,62.0,Female,STAGE IIA,EAS
TCGA-HU-A4GQ,Stomach_Adenocarcinoma,digestive,405,15.0,71.0,Male,STAGE IIIC,EAS
TCGA-HU-A4GT,Stomach_Adenocarcinoma,digestive,345,18.0,71.0,Female,STAGE IIA,EAS
TCGA-HU-A4GU,Stomach_Adenocarcinoma,digestive,237,10.0,73.0,Male,STAGE IIB,EAS
TCGA-HU-A4GX,Stomach_Adenocarcinoma,digestive,307,9.0,70.0,Female,STAGE IIIC,EAS
TCGA-HU-A4GY,Stomach_Adenocarcinoma,digestive,3,0.0,76.0,Female,STAGE IIIA,EAS
TCGA-HU-A4H0,Stomach_Adenocarcinoma,digestive,12,0.0,72.0,Male,STAGE IIIC,EAS
TCGA-HU-A4H2,Stomach_Adenocarcinoma,digestive,13,3.0,58.0,Female,STAGE IIIB,EAS
TCGA-HU-A4H3,Stomach_Adenocarcinoma,digestive,236,11.0,56.0,Female,STAGE IIIC,EAS
TCGA-HU-A4H4,Stomach_Adenocarcinoma,digestive,87,5.0,53.0,Female,STAGE IIB,EAS
TCGA-HU-A4H5,Stomach_Adenocarcinoma,digestive,32,1.0,71.0,Male,STAGE IB,EAS
TCGA-HU-A4H6,Stomach_Adenocarcinoma,digestive,5,0.0,72.0,Female,STAGE IIIA,EAS
TCGA-HU-A4H8,Stomach_Adenocarcinoma,digestive,258,13.0,77.0,Male,STAGE IB,EAS
TCGA-HU-A4HD,Stomach_Adenocarcinoma,digestive,17,1.0,73.0,Male,STAGE IIIA,EAS
TCGA-IN-7806,Stomach_Adenocarcinoma,digestive,9,0.0,50.0,Male,STAGE IIB,EUR
TCGA-IN-7808,Stomach_Adenocarcinoma,digestive,13,2.0,59.0,Male,,EUR
TCGA-IN-8462,Stomach_Adenocarcinoma,digestive,13,1.0,80.0,Male,STAGE IIB,EUR
TCGA-IN-8663,Stomach_Adenocarcinoma,digestive,9,1.0,68.0,Male,STAGE IIB,EUR
TCGA-IN-A6RI,Stomach_Adenocarcinoma,digestive,7,0.0,45.0,Male,STAGE I,EUR
TCGA-IN-A6RJ,Stomach_Adenocarcinoma,digestive,8,0.0,64.0,Male,STAGE IA,EUR
TCGA-IN-A6RL,Stomach_Adenocarcinoma,digestive,35,1.0,84.0,Male,STAGE IIIA,EUR
TCGA-IN-A6RN,Stomach_Adenocarcinoma,digestive,8,1.0,72.0,Female,STAGE IIA,EUR
TCGA-IN-A6RO,Stomach_Adenocarcinoma,digestive,28,3.0,70.0,Male,STAGE IA,EAS
TCGA-IN-A6RP,Stomach_Adenocarcinoma,digestive,25,4.0,63.0,Male,STAGE IIIC,EUR
TCGA-IN-A6RR,Stomach_Adenocarcinoma,digestive,13,2.0,84.0,Male,STAGE IIIA,EUR
TCGA-IN-A6RS,Stomach_Adenocarcinoma,digestive,9,1.0,76.0,Male,STAGE IA,EUR
TCGA-IN-A7NR,Stomach_Adenocarcinoma,digestive,1,0.0,64.0,Female,STAGE IV,EUR
TCGA-IN-A7NT,Stomach_Adenocarcinoma,digestive,9,0.0,73.0,Female,STAGE IIB,EUR
TCGA-IN-A7NU,Stomach_Adenocarcinoma,digestive,7,1.0,69.0,Male,STAGE IIIB,EUR
TCGA-IN-AB1V,Stomach_Adenocarcinoma,digestive,2,0.0,63.0,Male,STAGE IA,EUR
TCGA-IN-AB1X,Stomach_Adenocarcinoma,digestive,6,1.0,78.0,Female,STAGE IIA,EUR
TCGA-IP-7968,Stomach_Adenocarcinoma,digestive,13,1.0,74.0,Male,STAGE IIIB,EUR
TCGA-KB-A6F5,Stomach_Adenocarcinoma,digestive,6,1.0,73.0,Male,STAGE IIIA, 
TCGA-KB-A6F7,Stomach_Adenocarcinoma,digestive,17,2.0,54.0,Female,STAGE IB, 
TCGA-KB-A93G,Stomach_Adenocarcinoma,digestive,10,0.0,68.0,Male,STAGE IB,EUR
TCGA-KB-A93H,Stomach_Adenocarcinoma,digestive,13,1.0,79.0,Female,STAGE IIB,EAS
TCGA-KB-A93J,Stomach_Adenocarcinoma,digestive,90,5.0,78.0,Male,STAGE II,EUR
TCGA-MX-A5UG,Stomach_Adenocarcinoma,digestive,1,0.0,78.0,Male,STAGE IIIA,EAS
TCGA-MX-A5UJ,Stomach_Adenocarcinoma,digestive,330,10.0,86.0,Female,STAGE IIIA,EUR
TCGA-MX-A663,Stomach_Adenocarcinoma,digestive,11,2.0,66.0,Male,STAGE IIA,EUR
TCGA-MX-A666,Stomach_Adenocarcinoma,digestive,11,1.0,61.0,Male,STAGE IIA,EUR
TCGA-R5-A7O7,Stomach_Adenocarcinoma,digestive,8,1.0,51.0,Male,STAGE IV, 
TCGA-R5-A7ZE,Stomach_Adenocarcinoma,digestive,13,1.0,66.0,Female,STAGE IIIA,EUR
TCGA-R5-A7ZF,Stomach_Adenocarcinoma,digestive,8,3.0,65.0,Female,STAGE IV,AFR
TCGA-R5-A7ZI,Stomach_Adenocarcinoma,digestive,176,9.0,44.0,Female,STAGE IV, 
TCGA-R5-A7ZR,Stomach_Adenocarcinoma,digestive,8,1.0,70.0,Female,STAGE III,AFR_ADMIX
TCGA-R5-A804,Stomach_Adenocarcinoma,digestive,13,2.0,54.0,Male,STAGE IV,AFR
TCGA-R5-A805,Stomach_Adenocarcinoma,digestive,4,0.0,71.0,Male,STAGE IIIB,EUR
TCGA-RD-A7BS,Stomach_Adenocarcinoma,digestive,2,0.0,46.0,Male,STAGE IIIA,EUR
TCGA-RD-A7BT,Stomach_Adenocarcinoma,digestive,11,0.0,66.0,Male,STAGE IV,EAS
TCGA-RD-A7BW,Stomach_Adenocarcinoma,digestive,7,0.0,68.0,Female,STAGE IB,EUR
TCGA-RD-A7C1,Stomach_Adenocarcinoma,digestive,17,2.0,82.0,Male,STAGE IB,EUR
TCGA-RD-A8MV,Stomach_Adenocarcinoma,digestive,13,3.0,56.0,Male,STAGE IIIB,EUR
TCGA-RD-A8MW,Stomach_Adenocarcinoma,digestive,6,0.0,72.0,Male,STAGE IIIB,EUR
TCGA-RD-A8N0,Stomach_Adenocarcinoma,digestive,1,0.0,53.0,Female,STAGE IIIB,EUR
TCGA-RD-A8N1,Stomach_Adenocarcinoma,digestive,6,0.0,70.0,Male,STAGE IIIB,EUR
TCGA-RD-A8N5,Stomach_Adenocarcinoma,digestive,3,0.0,78.0,Male,STAGE IIIA,EUR
TCGA-RD-A8N6,Stomach_Adenocarcinoma,digestive,27,0.0,78.0,Female,STAGE IIIA,EUR
TCGA-RD-A8N9,Stomach_Adenocarcinoma,digestive,8,1.0,63.0,Female,STAGE II,EAS
TCGA-RD-A8NB,Stomach_Adenocarcinoma,digestive,117,5.0,80.0,Female,STAGE IIIA,EUR
TCGA-SW-A7EA,Stomach_Adenocarcinoma,digestive,153,10.0,61.0,Female,STAGE IB,EUR
TCGA-SW-A7EB,Stomach_Adenocarcinoma,digestive,13,1.0,45.0,Male,STAGE IIIA,EUR
TCGA-VQ-A8DL,Stomach_Adenocarcinoma,digestive,96,4.0,69.0,Female,STAGE IIA,EUR
TCGA-VQ-A8DT,Stomach_Adenocarcinoma,digestive,19,2.0,43.0,Male,STAGE IIIB, 
TCGA-VQ-A8DU,Stomach_Adenocarcinoma,digestive,11,1.0,63.0,Male,STAGE IIIA, 
TCGA-VQ-A8DV,Stomach_Adenocarcinoma,digestive,12,1.0,48.0,Male,STAGE IB,EUR
TCGA-VQ-A8DZ,Stomach_Adenocarcinoma,digestive,6,0.0,70.0,Male,STAGE IV,AFR_ADMIX
TCGA-VQ-A8E0,Stomach_Adenocarcinoma,digestive,13,1.0,68.0,Male,STAGE IIIA,AFR_ADMIX
TCGA-VQ-A8E2,Stomach_Adenocarcinoma,digestive,6,0.0,57.0,Male,STAGE IIIB,EAS
TCGA-VQ-A8E3,Stomach_Adenocarcinoma,digestive,170,10.0,79.0,Male,STAGE IIA, 
TCGA-VQ-A8E7,Stomach_Adenocarcinoma,digestive,8,0.0,59.0,Male,STAGE IV,EUR
TCGA-VQ-A8P2,Stomach_Adenocarcinoma,digestive,835,24.0,68.0,Male,STAGE IIIA,EUR
TCGA-VQ-A8P3,Stomach_Adenocarcinoma,digestive,16,1.0,72.0,Male,STAGE IIIA, 
TCGA-VQ-A8P5,Stomach_Adenocarcinoma,digestive,16,2.0,67.0,Male,STAGE IIA, 
TCGA-VQ-A8P8,Stomach_Adenocarcinoma,digestive,9,1.0,72.0,Female,STAGE IIB,AFR
TCGA-VQ-A8PB,Stomach_Adenocarcinoma,digestive,192,16.0,65.0,Female,STAGE II,EUR
TCGA-VQ-A8PC,Stomach_Adenocarcinoma,digestive,7,0.0,65.0,Male,STAGE IIIA, 
TCGA-VQ-A8PD,Stomach_Adenocarcinoma,digestive,4,1.0,69.0,Male,STAGE IIIC, 
TCGA-VQ-A8PE,Stomach_Adenocarcinoma,digestive,17,1.0,78.0,Male,STAGE IIIB,EUR
TCGA-VQ-A8PF,Stomach_Adenocarcinoma,digestive,10,4.0,76.0,Male,STAGE IIIB, 
TCGA-VQ-A8PH,Stomach_Adenocarcinoma,digestive,20,1.0,62.0,Male,STAGE IIIB, 
TCGA-VQ-A8PJ,Stomach_Adenocarcinoma,digestive,10,1.0,53.0,Male,STAGE IV, 
TCGA-VQ-A8PK,Stomach_Adenocarcinoma,digestive,4,0.0,58.0,Male,STAGE IIIB,EUR
TCGA-VQ-A8PM,Stomach_Adenocarcinoma,digestive,4,0.0,56.0,Male,STAGE IV, 
TCGA-VQ-A8PO,Stomach_Adenocarcinoma,digestive,186,7.0,74.0,Male,STAGE IIB, 
TCGA-VQ-A8PP,Stomach_Adenocarcinoma,digestive,344,15.0,76.0,Male,STAGE IV, 
TCGA-VQ-A8PQ,Stomach_Adenocarcinoma,digestive,1,1.0,50.0,Female,STAGE IV, 
TCGA-VQ-A8PS,Stomach_Adenocarcinoma,digestive,6,1.0,76.0,Male,STAGE IIIA,EUR
TCGA-VQ-A8PT,Stomach_Adenocarcinoma,digestive,378,25.0,65.0,Male,STAGE IIIB,EUR
TCGA-VQ-A8PU,Stomach_Adenocarcinoma,digestive,9,0.0,72.0,Female,STAGE IIIA,EUR
TCGA-VQ-A8PX,Stomach_Adenocarcinoma,digestive,122,1.0,51.0,Male,STAGE IA, 
TCGA-VQ-A8PY,Stomach_Adenocarcinoma,digestive,11,0.0,47.0,Female,STAGE IIIB, 
TCGA-VQ-A8PZ,Stomach_Adenocarcinoma,digestive,2,0.0,56.0,Female,STAGE II,EUR
TCGA-VQ-A91A,Stomach_Adenocarcinoma,digestive,15,0.0,67.0,Male,STAGE IIIB,EUR
TCGA-VQ-A91D,Stomach_Adenocarcinoma,digestive,494,32.0,70.0,Male,STAGE IIIC,EUR
TCGA-VQ-A91E,Stomach_Adenocarcinoma,digestive,179,9.0,67.0,Female,STAGE IIIB, 
TCGA-VQ-A91K,Stomach_Adenocarcinoma,digestive,318,9.0,69.0,Male,STAGE IIIA,EUR
TCGA-VQ-A91N,Stomach_Adenocarcinoma,digestive,10,1.0,59.0,Female,STAGE IV, 
TCGA-VQ-A91Q,Stomach_Adenocarcinoma,digestive,8,0.0,61.0,Male,STAGE IV, 
TCGA-VQ-A91S,Stomach_Adenocarcinoma,digestive,21,0.0,63.0,Male,STAGE IIIB,AFR_ADMIX
TCGA-VQ-A91U,Stomach_Adenocarcinoma,digestive,13,2.0,78.0,Male,STAGE IIIA,EAS
TCGA-VQ-A91V,Stomach_Adenocarcinoma,digestive,10,0.0,58.0,Male,STAGE IIIA, 
TCGA-VQ-A91W,Stomach_Adenocarcinoma,digestive,5,1.0,30.0,Male,STAGE IIIA,EUR
TCGA-VQ-A91X,Stomach_Adenocarcinoma,digestive,17,0.0,74.0,Male,STAGE IIIB, 
TCGA-VQ-A91Y,Stomach_Adenocarcinoma,digestive,5,0.0,67.0,Male,STAGE IIIC, 
TCGA-VQ-A91Z,Stomach_Adenocarcinoma,digestive,14,0.0,67.0,Female,STAGE IIIA,EUR
TCGA-VQ-A922,Stomach_Adenocarcinoma,digestive,10,0.0,70.0,Male,STAGE IV, 
TCGA-VQ-A923,Stomach_Adenocarcinoma,digestive,17,1.0,90.0,Male,STAGE IIIA, 
TCGA-VQ-A924,Stomach_Adenocarcinoma,digestive,398,21.0,69.0,Male,STAGE II, 
TCGA-VQ-A925,Stomach_Adenocarcinoma,digestive,7,1.0,66.0,Male,STAGE IIIA,EUR
TCGA-VQ-A927,Stomach_Adenocarcinoma,digestive,3,0.0,81.0,Male,STAGE IIIB, 
TCGA-VQ-A928,Stomach_Adenocarcinoma,digestive,2,0.0,49.0,Male,STAGE IV, 
TCGA-VQ-A92D,Stomach_Adenocarcinoma,digestive,16,1.0,67.0,Male,STAGE IB, 
TCGA-VQ-A94O,Stomach_Adenocarcinoma,digestive,4,0.0,74.0,Male,STAGE IIIC,AFR
TCGA-VQ-A94P,Stomach_Adenocarcinoma,digestive,1,0.0,57.0,Male,STAGE IV,EUR
TCGA-VQ-A94R,Stomach_Adenocarcinoma,digestive,22,0.0,63.0,Male,STAGE IV, 
TCGA-VQ-A94T,Stomach_Adenocarcinoma,digestive,8,0.0,73.0,Male,STAGE IIIB,EAS
TCGA-VQ-A94U,Stomach_Adenocarcinoma,digestive,14,1.0,70.0,Male,STAGE IIB, 
TCGA-VQ-AA64,Stomach_Adenocarcinoma,digestive,39,0.0,68.0,Male,STAGE IIIB,EUR
TCGA-VQ-AA68,Stomach_Adenocarcinoma,digestive,12,1.0,52.0,Female,STAGE IIIC, 
TCGA-VQ-AA69,Stomach_Adenocarcinoma,digestive,7,0.0,35.0,Male,STAGE IIIA, 
TCGA-VQ-AA6A,Stomach_Adenocarcinoma,digestive,7,0.0,56.0,Male,STAGE IIIC, 
TCGA-VQ-AA6B,Stomach_Adenocarcinoma,digestive,13,0.0,48.0,Male,STAGE IIIB,EUR
TCGA-VQ-AA6D,Stomach_Adenocarcinoma,digestive,100,3.0,52.0,Female,STAGE IIIA, 
TCGA-VQ-AA6F,Stomach_Adenocarcinoma,digestive,5,1.0,57.0,Male,STAGE IIB,EUR
TCGA-VQ-AA6G,Stomach_Adenocarcinoma,digestive,13,1.0,68.0,Male,STAGE IIA,EUR
TCGA-VQ-AA6I,Stomach_Adenocarcinoma,digestive,13,1.0,68.0,Male,STAGE IIIB, 
TCGA-VQ-AA6J,Stomach_Adenocarcinoma,digestive,9,0.0,75.0,Male,STAGE IIIB,AFR_ADMIX
TCGA-VQ-AA6K,Stomach_Adenocarcinoma,digestive,11,0.0,59.0,Male,STAGE IIIC,EUR
TCGA-ZA-A8F6,Stomach_Adenocarcinoma,digestive,9,0.0,71.0,Male,STAGE IB,EUR
TCGA-ZQ-A9CR,Stomach_Adenocarcinoma,digestive,7,0.0,79.0,Female,STAGE IIIC,EUR
TCGA-2G-AAEW,Testicular_Germ_Cell_Tumors,male_reproductive,1,0.0,31.0,Male,STAGE IS,EUR
TCGA-2G-AAEX,Testicular_Germ_Cell_Tumors,male_reproductive,3,0.0,38.0,Male,STAGE IS,EUR
TCGA-2G-AAF4,Testicular_Germ_Cell_Tumors,male_reproductive,2,0.0,30.0,Male,STAGE I,EUR
TCGA-2G-AAF6,Testicular_Germ_Cell_Tumors,male_reproductive,4,0.0,28.0,Male,STAGE IS,EUR
TCGA-2G-AAF8,Testicular_Germ_Cell_Tumors,male_reproductive,1,0.0,33.0,Male,STAGE IA,EUR
TCGA-2G-AAFH,Testicular_Germ_Cell_Tumors,male_reproductive,5,1.0,38.0,Male,STAGE IIB,EUR
TCGA-2G-AAFI,Testicular_Germ_Cell_Tumors,male_reproductive,2,0.0,41.0,Male,STAGE IB,EUR
TCGA-2G-AAFJ,Testicular_Germ_Cell_Tumors,male_reproductive,3,0.0,23.0,Male,STAGE I,EUR
TCGA-2G-AAFL,Testicular_Germ_Cell_Tumors,male_reproductive,3,1.0,35.0,Male,STAGE IB,EUR
TCGA-2G-AAFM,Testicular_Germ_Cell_Tumors,male_reproductive,3,0.0,31.0,Male,STAGE IIA,EUR
TCGA-2G-AAFN,Testicular_Germ_Cell_Tumors,male_reproductive,4,0.0,26.0,Male,STAGE IIIB,EUR_ADMIX
TCGA-2G-AAFO,Testicular_Germ_Cell_Tumors,male_reproductive,3,0.0,33.0,Male,STAGE IIA,EUR
TCGA-2G-AAFV,Testicular_Germ_Cell_Tumors,male_reproductive,3,1.0,31.0,Male,STAGE IS,EUR
TCGA-2G-AAFY,Testicular_Germ_Cell_Tumors,male_reproductive,1,0.0,24.0,Male,STAGE IIA,EUR
TCGA-2G-AAFZ,Testicular_Germ_Cell_Tumors,male_reproductive,2,0.0,32.0,Male,STAGE III,EUR
TCGA-2G-AAG0,Testicular_Germ_Cell_Tumors,male_reproductive,3,0.0,23.0,Male,STAGE IS,EUR
TCGA-2G-AAG3,Testicular_Germ_Cell_Tumors,male_reproductive,2,0.0,53.0,Male,STAGE IS,EUR
TCGA-2G-AAG5,Testicular_Germ_Cell_Tumors,male_reproductive,3,0.0,36.0,Male,STAGE IS,EUR
TCGA-2G-AAG6,Testicular_Germ_Cell_Tumors,male_reproductive,1,1.0,24.0,Male,STAGE IS,EUR
TCGA-2G-AAG7,Testicular_Germ_Cell_Tumors,male_reproductive,4,2.0,33.0,Male,STAGE IS,EUR
TCGA-2G-AAG8,Testicular_Germ_Cell_Tumors,male_reproductive,1,0.0,21.0,Male,STAGE IB,EUR
TCGA-2G-AAGA,Testicular_Germ_Cell_Tumors,male_reproductive,2,0.0,38.0,Male,STAGE IIA,EUR
TCGA-2G-AAGC,Testicular_Germ_Cell_Tumors,male_reproductive,3,1.0,28.0,Male,STAGE IS,EUR
TCGA-2G-AAGE,Testicular_Germ_Cell_Tumors,male_reproductive,2,1.0,21.0,Male,STAGE IS,EUR
TCGA-2G-AAGF,Testicular_Germ_Cell_Tumors,male_reproductive,3,0.0,28.0,Male,STAGE IS,EUR
TCGA-2G-AAGG,Testicular_Germ_Cell_Tumors,male_reproductive,1,0.0,20.0,Male,STAGE IIIC,EUR
TCGA-2G-AAGJ,Testicular_Germ_Cell_Tumors,male_reproductive,3,0.0,28.0,Male,STAGE IA,AFR_ADMIX
TCGA-2G-AAGK,Testicular_Germ_Cell_Tumors,male_reproductive,1,0.0,20.0,Male,STAGE IS,EUR
TCGA-2G-AAGM,Testicular_Germ_Cell_Tumors,male_reproductive,5,0.0,51.0,Male,STAGE IS,EUR
TCGA-2G-AAGN,Testicular_Germ_Cell_Tumors,male_reproductive,1,0.0,41.0,Male,STAGE IIIB,EUR
TCGA-2G-AAGO,Testicular_Germ_Cell_Tumors,male_reproductive,3,0.0,41.0,Male,STAGE IS,EUR
TCGA-2G-AAGP,Testicular_Germ_Cell_Tumors,male_reproductive,1,0.0,33.0,Male,STAGE IIA,EUR
TCGA-2G-AAGS,Testicular_Germ_Cell_Tumors,male_reproductive,2,0.0,39.0,Male,STAGE IIIB,EUR
TCGA-2G-AAGT,Testicular_Germ_Cell_Tumors,male_reproductive,4,0.0,30.0,Male,STAGE IS,EUR
TCGA-2G-AAGW,Testicular_Germ_Cell_Tumors,male_reproductive,5,2.0,38.0,Male,STAGE IS,EUR
TCGA-2G-AAGX,Testicular_Germ_Cell_Tumors,male_reproductive,2,0.0,22.0,Male,STAGE IA,EUR
TCGA-2G-AAGY,Testicular_Germ_Cell_Tumors,male_reproductive,1,0.0,28.0,Male,STAGE IS,EUR
TCGA-2G-AAGZ,Testicular_Germ_Cell_Tumors,male_reproductive,2,0.0,27.0,Male,STAGE IIIA,EUR
TCGA-2G-AAH0,Testicular_Germ_Cell_Tumors,male_reproductive,1,1.0,30.0,Male,STAGE IS,EUR
TCGA-2G-AAH2,Testicular_Germ_Cell_Tumors,male_reproductive,1,0.0,20.0,Male,STAGE IS,EUR
TCGA-2G-AAH3,Testicular_Germ_Cell_Tumors,male_reproductive,3,0.0,20.0,Male,STAGE I,EUR
TCGA-2G-AAH4,Testicular_Germ_Cell_Tumors,male_reproductive,1,1.0,34.0,Male,STAGE II,EUR
TCGA-2G-AAH8,Testicular_Germ_Cell_Tumors,male_reproductive,1,0.0,45.0,Male,STAGE IIIC,EUR
TCGA-2G-AAHA,Testicular_Germ_Cell_Tumors,male_reproductive,2,0.0,48.0,Male,STAGE IB,EUR
TCGA-2G-AAHG,Testicular_Germ_Cell_Tumors,male_reproductive,1,0.0,25.0,Male,STAGE I,EUR
TCGA-2G-AAHL,Testicular_Germ_Cell_Tumors,male_reproductive,1,0.0,26.0,Male,STAGE I,EUR
TCGA-2G-AAHN,Testicular_Germ_Cell_Tumors,male_reproductive,6,1.0,32.0,Male,STAGE I,EUR
TCGA-2G-AAHP,Testicular_Germ_Cell_Tumors,male_reproductive,1,0.0,31.0,Male,STAGE IS,EUR
TCGA-2G-AAHT,Testicular_Germ_Cell_Tumors,male_reproductive,2,0.0,32.0,Male,STAGE IS,EUR
TCGA-2G-AAKD,Testicular_Germ_Cell_Tumors,male_reproductive,2,0.0,18.0,Male,STAGE III,EUR
TCGA-2G-AAKG,Testicular_Germ_Cell_Tumors,male_reproductive,2,1.0,22.0,Male,STAGE I,EUR
TCGA-2G-AAKH,Testicular_Germ_Cell_Tumors,male_reproductive,2,0.0,19.0,Male,STAGE II,EUR
TCGA-2G-AAKL,Testicular_Germ_Cell_Tumors,male_reproductive,2,0.0,26.0,Male,STAGE II, 
TCGA-2G-AAKM,Testicular_Germ_Cell_Tumors,male_reproductive,1,0.0,14.0,Male,STAGE II,EUR
TCGA-2G-AAL5,Testicular_Germ_Cell_Tumors,male_reproductive,5,0.0,31.0,Male,STAGE I,EUR
TCGA-2G-AALP,Testicular_Germ_Cell_Tumors,male_reproductive,5,0.0,43.0,Male,STAGE IIIB,EUR
TCGA-2X-A9D5,Testicular_Germ_Cell_Tumors,male_reproductive,2,0.0,49.0,Male,STAGE I,EUR
TCGA-2X-A9D6,Testicular_Germ_Cell_Tumors,male_reproductive,2,1.0,42.0,Male,STAGE I,EUR
TCGA-4K-AA1G,Testicular_Germ_Cell_Tumors,male_reproductive,2,0.0,34.0,Male,STAGE IS,EUR
TCGA-4K-AAAL,Testicular_Germ_Cell_Tumors,male_reproductive,2,1.0,31.0,Male,STAGE IS,EUR
TCGA-S6-A8JW,Testicular_Germ_Cell_Tumors,male_reproductive,3,0.0,37.0,Male,STAGE IS,EUR
TCGA-S6-A8JY,Testicular_Germ_Cell_Tumors,male_reproductive,1,0.0,27.0,Male,STAGE IS,EUR
TCGA-SB-A6J6,Testicular_Germ_Cell_Tumors,male_reproductive,2,0.0,22.0,Male,STAGE IA,EUR
TCGA-SB-A76C,Testicular_Germ_Cell_Tumors,male_reproductive,2,0.0,38.0,Male,,EUR
TCGA-SN-A6IS,Testicular_Germ_Cell_Tumors,male_reproductive,3,0.0,26.0,Male,STAGE IS, 
TCGA-SN-A84W,Testicular_Germ_Cell_Tumors,male_reproductive,3,0.0,30.0,Male,STAGE IS, 
TCGA-SN-A84X,Testicular_Germ_Cell_Tumors,male_reproductive,1,0.0,21.0,Male,STAGE IS, 
TCGA-SN-A84Y,Testicular_Germ_Cell_Tumors,male_reproductive,2,1.0,18.0,Male,STAGE IS, 
TCGA-SO-A8JP,Testicular_Germ_Cell_Tumors,male_reproductive,2,0.0,29.0,Male,STAGE I,EUR
TCGA-VF-A8A8,Testicular_Germ_Cell_Tumors,male_reproductive,6,2.0,18.0,Male,STAGE IA,EUR
TCGA-VF-A8AB,Testicular_Germ_Cell_Tumors,male_reproductive,1,0.0,31.0,Male,STAGE IA,AFR
TCGA-VF-A8AC,Testicular_Germ_Cell_Tumors,male_reproductive,2,0.0,29.0,Male,STAGE IA,EUR
TCGA-VF-A8AD,Testicular_Germ_Cell_Tumors,male_reproductive,4,1.0,36.0,Male,STAGE IB,EUR
TCGA-VF-A8AE,Testicular_Germ_Cell_Tumors,male_reproductive,1,0.0,39.0,Male,STAGE IA,EUR
TCGA-W4-A7U4,Testicular_Germ_Cell_Tumors,male_reproductive,2,0.0,23.0,Male,,EUR
TCGA-WZ-A7V3,Testicular_Germ_Cell_Tumors,male_reproductive,4,0.0,20.0,Male,STAGE I,EUR
TCGA-WZ-A7V5,Testicular_Germ_Cell_Tumors,male_reproductive,3,0.0,27.0,Male,STAGE I,EUR
TCGA-WZ-A8D5,Testicular_Germ_Cell_Tumors,male_reproductive,3,0.0,38.0,Male,,EUR
TCGA-X3-A8G4,Testicular_Germ_Cell_Tumors,male_reproductive,5,0.0,33.0,Male,STAGE IS,EUR
TCGA-XE-A8H5,Testicular_Germ_Cell_Tumors,male_reproductive,4,0.0,29.0,Male,STAGE IS, 
TCGA-XE-A9SE,Testicular_Germ_Cell_Tumors,male_reproductive,5,0.0,35.0,Male,STAGE IA, 
TCGA-XE-AANI,Testicular_Germ_Cell_Tumors,male_reproductive,7,0.0,37.0,Male,STAGE IS,EUR
TCGA-XE-AANJ,Testicular_Germ_Cell_Tumors,male_reproductive,2,0.0,39.0,Male,STAGE IS, 
TCGA-XE-AANV,Testicular_Germ_Cell_Tumors,male_reproductive,2,0.0,52.0,Male,STAGE IB,EUR
TCGA-XE-AAO3,Testicular_Germ_Cell_Tumors,male_reproductive,2,0.0,33.0,Male,STAGE I,EAS
TCGA-XE-AAO4,Testicular_Germ_Cell_Tumors,male_reproductive,2,0.0,40.0,Male,STAGE IA, 
TCGA-XE-AAO6,Testicular_Germ_Cell_Tumors,male_reproductive,4,0.0,47.0,Male,STAGE IA,EUR
TCGA-XE-AAOB,Testicular_Germ_Cell_Tumors,male_reproductive,2,0.0,27.0,Male,STAGE IS,EUR
TCGA-XE-AAOC,Testicular_Germ_Cell_Tumors,male_reproductive,3,0.0,31.0,Male,STAGE IA, 
TCGA-XE-AAOD,Testicular_Germ_Cell_Tumors,male_reproductive,2,0.0,39.0,Male,STAGE IB,EUR
TCGA-XE-AAOF,Testicular_Germ_Cell_Tumors,male_reproductive,1,0.0,50.0,Male,STAGE IA,EAS
TCGA-XE-AAOJ,Testicular_Germ_Cell_Tumors,male_reproductive,4,1.0,24.0,Male,STAGE IS, 
TCGA-XE-AAOL,Testicular_Germ_Cell_Tumors,male_reproductive,1,0.0,38.0,Male,STAGE I,AFR_ADMIX
TCGA-XY-A89B,Testicular_Germ_Cell_Tumors,male_reproductive,1,0.0,35.0,Male,STAGE IA,EUR
TCGA-XY-A8S2,Testicular_Germ_Cell_Tumors,male_reproductive,8,0.0,67.0,Male,STAGE I,EUR
TCGA-XY-A8S3,Testicular_Germ_Cell_Tumors,male_reproductive,2,0.0,24.0,Male,STAGE IS,EUR
TCGA-XY-A9T9,Testicular_Germ_Cell_Tumors,male_reproductive,1,0.0,37.0,Male,STAGE IS,EUR
TCGA-YU-A90P,Testicular_Germ_Cell_Tumors,male_reproductive,2,0.0,25.0,Male,STAGE IA, 
TCGA-YU-A90Q,Testicular_Germ_Cell_Tumors,male_reproductive,1,0.0,21.0,Male,STAGE IB,AFR_ADMIX
TCGA-YU-A90W,Testicular_Germ_Cell_Tumors,male_reproductive,3,1.0,45.0,Male,STAGE IA,EUR
TCGA-YU-A90Y,Testicular_Germ_Cell_Tumors,male_reproductive,4,1.0,23.0,Male,STAGE IIIC, 
TCGA-YU-A94D,Testicular_Germ_Cell_Tumors,male_reproductive,5,0.0,28.0,Male,STAGE IIIB, 
TCGA-YU-A94I,Testicular_Germ_Cell_Tumors,male_reproductive,8,2.0,66.0,Male,STAGE IA, 
TCGA-YU-AA4L,Testicular_Germ_Cell_Tumors,male_reproductive,4,0.0,27.0,Male,STAGE IIIC, 
TCGA-ZM-AA05,Testicular_Germ_Cell_Tumors,male_reproductive,1,0.0,36.0,Male,STAGE IIC,EUR
TCGA-ZM-AA06,Testicular_Germ_Cell_Tumors,male_reproductive,4,0.0,45.0,Male,STAGE IB,EUR
TCGA-ZM-AA0B,Testicular_Germ_Cell_Tumors,male_reproductive,1,0.0,32.0,Male,STAGE IA,EUR
TCGA-ZM-AA0D,Testicular_Germ_Cell_Tumors,male_reproductive,2,0.0,34.0,Male,STAGE IA,EUR
TCGA-ZM-AA0F,Testicular_Germ_Cell_Tumors,male_reproductive,2,1.0,35.0,Male,STAGE IA,EUR
TCGA-ZM-AA0H,Testicular_Germ_Cell_Tumors,male_reproductive,1,0.0,50.0,Male,STAGE IS,EUR
TCGA-4C-A93U,Thyroid_Carcinoma,endocrine,6,3.0,74.0,Female,STAGE IVA,AFR_ADMIX
TCGA-BJ-A0Z0,Thyroid_Carcinoma,endocrine,3,2.0,55.0,Male,STAGE II,SAS
TCGA-BJ-A0Z2,Thyroid_Carcinoma,endocrine,2,0.0,57.0,Male,STAGE IVC,AFR_ADMIX
TCGA-BJ-A0Z9,Thyroid_Carcinoma,endocrine,3,0.0,57.0,Female,STAGE III,EUR
TCGA-BJ-A0ZB,Thyroid_Carcinoma,endocrine,3,0.0,66.0,Male,STAGE IVA,EUR
TCGA-BJ-A0ZE,Thyroid_Carcinoma,endocrine,2,0.0,63.0,Female,STAGE III,EUR
TCGA-BJ-A0ZH,Thyroid_Carcinoma,endocrine,2,0.0,52.0,Female,STAGE IVA,EUR
TCGA-BJ-A18Z,Thyroid_Carcinoma,endocrine,1,0.0,58.0,Male,STAGE IVA,EUR
TCGA-BJ-A191,Thyroid_Carcinoma,endocrine,3,0.0,49.0,Female,STAGE I,EUR
TCGA-BJ-A192,Thyroid_Carcinoma,endocrine,2,0.0,54.0,Female,STAGE III,EUR
TCGA-BJ-A28S,Thyroid_Carcinoma,endocrine,2,0.0,79.0,Male,STAGE II,EUR
TCGA-BJ-A28V,Thyroid_Carcinoma,endocrine,5,1.0,80.0,Female,STAGE III,EUR
TCGA-BJ-A28Z,Thyroid_Carcinoma,endocrine,2,0.0,46.0,Female,STAGE III,EUR
TCGA-BJ-A290,Thyroid_Carcinoma,endocrine,3,0.0,70.0,Male,STAGE III,EUR
TCGA-BJ-A2N8,Thyroid_Carcinoma,endocrine,1,0.0,30.0,Female,STAGE I,EUR
TCGA-BJ-A2NA,Thyroid_Carcinoma,endocrine,2,0.0,77.0,Male,STAGE III,EUR
TCGA-BJ-A2P4,Thyroid_Carcinoma,endocrine,3,0.0,29.0,Female,STAGE I,EUR
TCGA-BJ-A3EZ,Thyroid_Carcinoma,endocrine,3,0.0,51.0,Male,STAGE IVA,EUR
TCGA-BJ-A3F0,Thyroid_Carcinoma,endocrine,1,0.0,64.0,Female,STAGE I,EUR
TCGA-BJ-A3PT,Thyroid_Carcinoma,endocrine,1,1.0,51.0,Female,STAGE III,EUR
TCGA-BJ-A3PU,Thyroid_Carcinoma,endocrine,1,0.0,52.0,Male,STAGE III,EUR
TCGA-BJ-A45D,Thyroid_Carcinoma,endocrine,3,0.0,36.0,Male,STAGE I,EUR
TCGA-BJ-A45G,Thyroid_Carcinoma,endocrine,1,0.0,48.0,Female,STAGE III,EUR
TCGA-BJ-A45H,Thyroid_Carcinoma,endocrine,2,0.0,45.0,Male,STAGE III,EUR
TCGA-BJ-A45J,Thyroid_Carcinoma,endocrine,1,0.0,39.0,Female,STAGE I,EUR
TCGA-BJ-A45K,Thyroid_Carcinoma,endocrine,1,0.0,33.0,Male,STAGE I,EUR
TCGA-BJ-A4O9,Thyroid_Carcinoma,endocrine,3,0.0,51.0,Female,STAGE II,EUR
TCGA-CE-A3MD,Thyroid_Carcinoma,endocrine,1,0.0,31.0,Male,STAGE I,EAS
TCGA-CE-A3ME,Thyroid_Carcinoma,endocrine,1,0.0,51.0,Female,STAGE II,EAS
TCGA-CE-A481,Thyroid_Carcinoma,endocrine,1,0.0,41.0,Female,STAGE I,EAS
TCGA-CE-A483,Thyroid_Carcinoma,endocrine,1,0.0,34.0,Female,STAGE I,EAS
TCGA-CE-A484,Thyroid_Carcinoma,endocrine,1,0.0,37.0,Female,STAGE I,EAS
TCGA-DE-A0Y2,Thyroid_Carcinoma,endocrine,6,0.0,30.0,Female,STAGE I,EUR
TCGA-DE-A0Y3,Thyroid_Carcinoma,endocrine,1,0.0,60.0,Female,STAGE IVC,EAS
TCGA-DE-A2OL,Thyroid_Carcinoma,endocrine,1,0.0,44.0,Female,STAGE I,EUR
TCGA-DE-A4MA,Thyroid_Carcinoma,endocrine,1,0.0,52.0,Female,STAGE III,AFR_ADMIX
TCGA-DE-A4MB,Thyroid_Carcinoma,endocrine,1,0.0,79.0,Female,STAGE IVA,EUR
TCGA-DE-A4MD,Thyroid_Carcinoma,endocrine,4,0.0,71.0,Male,STAGE IVA,EUR
TCGA-DE-A69J,Thyroid_Carcinoma,endocrine,3,0.0,34.0,Female,STAGE I,AFR
TCGA-DJ-A13L,Thyroid_Carcinoma,endocrine,4,1.0,85.0,Male,STAGE I,EUR
TCGA-DJ-A13M,Thyroid_Carcinoma,endocrine,1,0.0,28.0,Female,STAGE I,EUR
TCGA-DJ-A13P,Thyroid_Carcinoma,endocrine,1,0.0,52.0,Female,STAGE II,EUR
TCGA-DJ-A13R,Thyroid_Carcinoma,endocrine,2,0.0,50.0,Male,STAGE III,EUR
TCGA-DJ-A13S,Thyroid_Carcinoma,endocrine,3,0.0,19.0,Female,STAGE I, 
TCGA-DJ-A13U,Thyroid_Carcinoma,endocrine,1,0.0,60.0,Male,STAGE III,EUR
TCGA-DJ-A1QD,Thyroid_Carcinoma,endocrine,1,0.0,20.0,Female,STAGE I,EUR
TCGA-DJ-A1QE,Thyroid_Carcinoma,endocrine,2,0.0,62.0,Female,STAGE III,EUR
TCGA-DJ-A1QG,Thyroid_Carcinoma,endocrine,1,0.0,62.0,Male,STAGE I,EUR
TCGA-DJ-A1QH,Thyroid_Carcinoma,endocrine,2,0.0,58.0,Female,STAGE III,EUR
TCGA-DJ-A1QI,Thyroid_Carcinoma,endocrine,1,0.0,63.0,Female,STAGE II, 
TCGA-DJ-A1QL,Thyroid_Carcinoma,endocrine,1,0.0,70.0,Male,STAGE II,EUR
TCGA-DJ-A1QN,Thyroid_Carcinoma,endocrine,2,0.0,42.0,Female,STAGE I,EUR
TCGA-DJ-A1QO,Thyroid_Carcinoma,endocrine,3,0.0,69.0,Male,STAGE III,EUR
TCGA-DJ-A1QQ,Thyroid_Carcinoma,endocrine,1,0.0,43.0,Male,STAGE I,SAS
TCGA-DJ-A2PP,Thyroid_Carcinoma,endocrine,1,0.0,47.0,Male,STAGE II,EUR
TCGA-DJ-A2PQ,Thyroid_Carcinoma,endocrine,1,0.0,26.0,Male,STAGE I,EUR
TCGA-DJ-A2PR,Thyroid_Carcinoma,endocrine,2,0.0,27.0,Male,STAGE I,EAS
TCGA-DJ-A2PT,Thyroid_Carcinoma,endocrine,1,0.0,70.0,Female,STAGE III,EUR
TCGA-DJ-A2PV,Thyroid_Carcinoma,endocrine,1,0.0,53.0,Female,STAGE II,EUR
TCGA-DJ-A2PW,Thyroid_Carcinoma,endocrine,3,1.0,65.0,Male,STAGE III,EUR
TCGA-DJ-A2PY,Thyroid_Carcinoma,endocrine,2,0.0,46.0,Female,STAGE III,ADMIX
TCGA-DJ-A2PZ,Thyroid_Carcinoma,endocrine,2,0.0,63.0,Male,STAGE III,EUR
TCGA-DJ-A2Q0,Thyroid_Carcinoma,endocrine,5,0.0,57.0,Female,STAGE II,EUR
TCGA-DJ-A2Q1,Thyroid_Carcinoma,endocrine,1,0.0,44.0,Female,STAGE I,EUR
TCGA-DJ-A2Q2,Thyroid_Carcinoma,endocrine,3,1.0,57.0,Female,STAGE III,EUR
TCGA-DJ-A2Q3,Thyroid_Carcinoma,endocrine,2,0.0,61.0,Female,STAGE III,EAS
TCGA-DJ-A2Q4,Thyroid_Carcinoma,endocrine,1,0.0,53.0,Male,STAGE III,EUR
TCGA-DJ-A2Q6,Thyroid_Carcinoma,endocrine,2,0.0,38.0,Female,STAGE I,EUR
TCGA-DJ-A2Q8,Thyroid_Carcinoma,endocrine,1,1.0,47.0,Female,STAGE I,EUR
TCGA-DJ-A2Q9,Thyroid_Carcinoma,endocrine,2,0.0,65.0,Female,STAGE III,EUR
TCGA-DJ-A2QB,Thyroid_Carcinoma,endocrine,2,0.0,53.0,Female,STAGE IVA,EAS
TCGA-DJ-A2QC,Thyroid_Carcinoma,endocrine,1,0.0,70.0,Female,STAGE II,EUR
TCGA-DJ-A3UM,Thyroid_Carcinoma,endocrine,1,0.0,45.0,Female,STAGE I,EAS
TCGA-DJ-A3UN,Thyroid_Carcinoma,endocrine,2,0.0,51.0,Female,STAGE I,EUR
TCGA-DJ-A3UR,Thyroid_Carcinoma,endocrine,1,0.0,51.0,Female,STAGE III,EUR
TCGA-DJ-A3UT,Thyroid_Carcinoma,endocrine,2,0.0,43.0,Female,STAGE I,EUR
TCGA-DJ-A3UU,Thyroid_Carcinoma,endocrine,1,0.0,49.0,Female,STAGE III,EUR
TCGA-DJ-A3V0,Thyroid_Carcinoma,endocrine,3,0.0,56.0,Male,STAGE IVA,EUR
TCGA-DJ-A3V5,Thyroid_Carcinoma,endocrine,1,0.0,76.0,Female,STAGE III,EUR
TCGA-DJ-A3V7,Thyroid_Carcinoma,endocrine,2,0.0,44.0,Female,STAGE III, 
TCGA-DJ-A3VG,Thyroid_Carcinoma,endocrine,2,0.0,40.0,Male,STAGE I,EUR
TCGA-DJ-A3VI,Thyroid_Carcinoma,endocrine,1,0.0,52.0,Female,STAGE III,EUR
TCGA-DJ-A3VK,Thyroid_Carcinoma,endocrine,1,0.0,63.0,Male,STAGE III,EUR
TCGA-DJ-A3VL,Thyroid_Carcinoma,endocrine,1,1.0,38.0,Male,STAGE I,EUR
TCGA-DJ-A3VM,Thyroid_Carcinoma,endocrine,3,0.0,68.0,Female,STAGE II,EUR
TCGA-DJ-A4UP,Thyroid_Carcinoma,endocrine,1,0.0,15.0,Female,STAGE I,EUR
TCGA-DJ-A4UT,Thyroid_Carcinoma,endocrine,3,0.0,32.0,Female,STAGE I,EUR
TCGA-DJ-A4UW,Thyroid_Carcinoma,endocrine,2,0.0,34.0,Female,STAGE I,EAS
TCGA-DJ-A4V2,Thyroid_Carcinoma,endocrine,2,1.0,38.0,Female,STAGE I,EUR
TCGA-DJ-A4V4,Thyroid_Carcinoma,endocrine,2,0.0,48.0,Female,STAGE I,EUR
TCGA-DO-A1K0,Thyroid_Carcinoma,endocrine,1,0.0,30.0,Female,STAGE I,EUR
TCGA-DO-A2HM,Thyroid_Carcinoma,endocrine,6,1.0,49.0,Male,STAGE IVA,EUR
TCGA-E3-A3DZ,Thyroid_Carcinoma,endocrine,3,0.0,55.0,Female,STAGE III,EUR
TCGA-E3-A3E1,Thyroid_Carcinoma,endocrine,1,0.0,46.0,Female,STAGE I,EUR
TCGA-E3-A3E3,Thyroid_Carcinoma,endocrine,1,0.0,49.0,Female,STAGE II,EUR
TCGA-E3-A3E5,Thyroid_Carcinoma,endocrine,2,0.0,57.0,Male,STAGE IVA,EUR
TCGA-E8-A2EA,Thyroid_Carcinoma,endocrine,1,0.0,52.0,Female,STAGE I,EUR
TCGA-E8-A415,Thyroid_Carcinoma,endocrine,1,0.0,39.0,Female,STAGE I,EAS
TCGA-E8-A417,Thyroid_Carcinoma,endocrine,3,0.0,38.0,Female,STAGE I,EAS
TCGA-E8-A418,Thyroid_Carcinoma,endocrine,1,0.0,75.0,Female,STAGE IVA,EUR
TCGA-E8-A432,Thyroid_Carcinoma,endocrine,4,0.0,57.0,Female,STAGE II,EAS
TCGA-E8-A433,Thyroid_Carcinoma,endocrine,2,1.0,25.0,Female,STAGE I,EAS
TCGA-E8-A434,Thyroid_Carcinoma,endocrine,1,1.0,56.0,Female,STAGE I,EAS
TCGA-E8-A44M,Thyroid_Carcinoma,endocrine,1,0.0,23.0,Female,STAGE I,EAS
TCGA-EL-A3CL,Thyroid_Carcinoma,endocrine,3,0.0,70.0,Female,STAGE II,EUR
TCGA-EL-A3CN,Thyroid_Carcinoma,endocrine,1,0.0,47.0,Female,STAGE II,SAS
TCGA-EL-A3CO,Thyroid_Carcinoma,endocrine,1,0.0,88.0,Male,STAGE III,EUR
TCGA-EL-A3CR,Thyroid_Carcinoma,endocrine,6,1.0,78.0,Female,STAGE III,EUR
TCGA-EL-A3CT,Thyroid_Carcinoma,endocrine,6,1.0,78.0,Female,STAGE IVA,EUR
TCGA-EL-A3CU,Thyroid_Carcinoma,endocrine,3,0.0,70.0,Female,STAGE III,EUR
TCGA-EL-A3CX,Thyroid_Carcinoma,endocrine,2,1.0,22.0,Female,STAGE I,AMR
TCGA-EL-A3CZ,Thyroid_Carcinoma,endocrine,1,0.0,37.0,Female,STAGE I,EUR
TCGA-EL-A3D1,Thyroid_Carcinoma,endocrine,1,0.0,39.0,Male,STAGE I,EAS
TCGA-EL-A3D4,Thyroid_Carcinoma,endocrine,1,0.0,62.0,Male,STAGE IVA,AFR
TCGA-EL-A3D6,Thyroid_Carcinoma,endocrine,6,1.0,51.0,Female,STAGE III,AMR
TCGA-EL-A3GO,Thyroid_Carcinoma,endocrine,1,0.0,31.0,Female,STAGE I,AMR
TCGA-EL-A3GP,Thyroid_Carcinoma,endocrine,3,0.0,70.0,Male,STAGE III,AFR
TCGA-EL-A3GR,Thyroid_Carcinoma,endocrine,2,0.0,31.0,Female,STAGE I,EUR
TCGA-EL-A3GU,Thyroid_Carcinoma,endocrine,3,0.0,72.0,Female,STAGE III, 
TCGA-EL-A3GV,Thyroid_Carcinoma,endocrine,1,0.0,65.0,Female,STAGE III,EUR
TCGA-EL-A3GW,Thyroid_Carcinoma,endocrine,1,0.0,37.0,Female,STAGE I,EUR
TCGA-EL-A3GX,Thyroid_Carcinoma,endocrine,1,0.0,41.0,Female,STAGE I,EUR
TCGA-EL-A3GY,Thyroid_Carcinoma,endocrine,1,0.0,40.0,Female,STAGE II,EUR
TCGA-EL-A3GZ,Thyroid_Carcinoma,endocrine,1,0.0,34.0,Female,STAGE I,EUR
TCGA-EL-A3H1,Thyroid_Carcinoma,endocrine,4,0.0,66.0,Female,STAGE I,AFR_ADMIX
TCGA-EL-A3H2,Thyroid_Carcinoma,endocrine,1,0.0,58.0,Male,STAGE II,EUR
TCGA-EL-A3H5,Thyroid_Carcinoma,endocrine,2,0.0,57.0,Female,STAGE IVA,EUR
TCGA-EL-A3H7,Thyroid_Carcinoma,endocrine,2,0.0,36.0,Female,STAGE I,EUR
TCGA-EL-A3H8,Thyroid_Carcinoma,endocrine,2,0.0,35.0,Female,STAGE I,EUR
TCGA-EL-A3MX,Thyroid_Carcinoma,endocrine,5,0.0,66.0,Female,STAGE IVC,EUR
TCGA-EL-A3MY,Thyroid_Carcinoma,endocrine,1,1.0,81.0,Male,STAGE IVC, 
TCGA-EL-A3MZ,Thyroid_Carcinoma,endocrine,4,0.0,66.0,Male,STAGE III,EUR
TCGA-EL-A3T0,Thyroid_Carcinoma,endocrine,2,0.0,45.0,Female,STAGE III,EUR
TCGA-EL-A3T1,Thyroid_Carcinoma,endocrine,2,0.0,38.0,Female,STAGE I,AFR_ADMIX
TCGA-EL-A3T9,Thyroid_Carcinoma,endocrine,1,0.0,69.0,Female,STAGE IV, 
TCGA-EL-A3TB,Thyroid_Carcinoma,endocrine,1,0.0,47.0,Female,STAGE III,EUR
TCGA-EL-A3ZH,Thyroid_Carcinoma,endocrine,1,0.0,42.0,Female,STAGE I,EUR
TCGA-EL-A3ZL,Thyroid_Carcinoma,endocrine,1,0.0,34.0,Female,STAGE I,EUR
TCGA-EL-A3ZO,Thyroid_Carcinoma,endocrine,8,1.0,79.0,Female,STAGE III,EUR
TCGA-EL-A3ZQ,Thyroid_Carcinoma,endocrine,1,0.0,78.0,Female,STAGE II,EUR
TCGA-EL-A3ZR,Thyroid_Carcinoma,endocrine,1,0.0,46.0,Female,STAGE II,EUR
TCGA-EL-A4JW,Thyroid_Carcinoma,endocrine,1,0.0,38.0,Female,STAGE I,EUR
TCGA-EL-A4JZ,Thyroid_Carcinoma,endocrine,3,0.0,55.0,Female,STAGE III,EUR
TCGA-EL-A4K0,Thyroid_Carcinoma,endocrine,1,0.0,54.0,Female,STAGE I,EUR
TCGA-EL-A4K2,Thyroid_Carcinoma,endocrine,1,0.0,43.0,Female,STAGE I,EUR
TCGA-EL-A4K6,Thyroid_Carcinoma,endocrine,2,0.0,75.0,Male,STAGE IV, 
TCGA-EL-A4K7,Thyroid_Carcinoma,endocrine,5,1.0,74.0,Male,STAGE III,EUR
TCGA-EL-A4K9,Thyroid_Carcinoma,endocrine,3,0.0,68.0,Male,STAGE II,EUR
TCGA-EL-A4KD,Thyroid_Carcinoma,endocrine,1,0.0,41.0,Male,STAGE I,EUR
TCGA-EL-A4KG,Thyroid_Carcinoma,endocrine,4,0.0,35.0,Female,STAGE I, 
TCGA-EL-A4KI,Thyroid_Carcinoma,endocrine,3,0.0,63.0,Male,STAGE III, 
TCGA-EM-A1CS,Thyroid_Carcinoma,endocrine,1,0.0,55.0,Female,STAGE I,EUR
TCGA-EM-A1CT,Thyroid_Carcinoma,endocrine,3,1.0,76.0,Male,STAGE IVA,EUR
TCGA-EM-A1CU,Thyroid_Carcinoma,endocrine,2,0.0,31.0,Male,STAGE I,SAS
TCGA-EM-A1CW,Thyroid_Carcinoma,endocrine,2,0.0,39.0,Female,STAGE I,SAS
TCGA-EM-A1YA,Thyroid_Carcinoma,endocrine,1,0.0,74.0,Female,STAGE II,EUR
TCGA-EM-A1YB,Thyroid_Carcinoma,endocrine,3,1.0,73.0,Female,STAGE II,EUR
TCGA-EM-A1YD,Thyroid_Carcinoma,endocrine,1,0.0,53.0,Female,STAGE II,EUR
TCGA-EM-A1YE,Thyroid_Carcinoma,endocrine,2,0.0,47.0,Female,STAGE II,EUR
TCGA-EM-A22J,Thyroid_Carcinoma,endocrine,4,0.0,56.0,Female,STAGE II,AFR
TCGA-EM-A22K,Thyroid_Carcinoma,endocrine,1,0.0,46.0,Female,STAGE IVA,EUR
TCGA-EM-A22M,Thyroid_Carcinoma,endocrine,1,0.0,52.0,Male,STAGE I,EUR
TCGA-EM-A22O,Thyroid_Carcinoma,endocrine,1,0.0,75.0,Male,STAGE IVA,EAS
TCGA-EM-A22P,Thyroid_Carcinoma,endocrine,1,0.0,64.0,Male,STAGE IVA,EAS
TCGA-EM-A22Q,Thyroid_Carcinoma,endocrine,2,0.0,36.0,Male,STAGE I,EAS
TCGA-EM-A2CJ,Thyroid_Carcinoma,endocrine,1,0.0,49.0,Female,STAGE I,EAS
TCGA-EM-A2CL,Thyroid_Carcinoma,endocrine,1,0.0,31.0,Male,STAGE I,EUR
TCGA-EM-A2CN,Thyroid_Carcinoma,endocrine,3,0.0,62.0,Male,STAGE IVC,AFR
TCGA-EM-A2CO,Thyroid_Carcinoma,endocrine,1,0.0,77.0,Female,STAGE II,EUR
TCGA-EM-A2CR,Thyroid_Carcinoma,endocrine,1,0.0,46.0,Female,STAGE II,EUR
TCGA-EM-A2CU,Thyroid_Carcinoma,endocrine,2,0.0,47.0,Female,STAGE III,EUR
TCGA-EM-A2OV,Thyroid_Carcinoma,endocrine,1,1.0,64.0,Female,STAGE II,EAS
TCGA-EM-A2OW,Thyroid_Carcinoma,endocrine,1,0.0,37.0,Female,STAGE I,EUR
TCGA-EM-A2OY,Thyroid_Carcinoma,endocrine,1,0.0,46.0,Female,STAGE II,EUR
TCGA-EM-A2OZ,Thyroid_Carcinoma,endocrine,2,0.0,66.0,Male,STAGE I,EUR
TCGA-EM-A2P0,Thyroid_Carcinoma,endocrine,1,0.0,33.0,Male,STAGE I,EUR
TCGA-EM-A2P2,Thyroid_Carcinoma,endocrine,1,0.0,46.0,Male,STAGE III,EUR
TCGA-EM-A2P3,Thyroid_Carcinoma,endocrine,2,0.0,47.0,Female,STAGE I,EUR
TCGA-EM-A3AI,Thyroid_Carcinoma,endocrine,1,0.0,67.0,Female,STAGE II,EUR
TCGA-EM-A3AJ,Thyroid_Carcinoma,endocrine,1,0.0,39.0,Male,STAGE I,EUR
TCGA-EM-A3AN,Thyroid_Carcinoma,endocrine,1,0.0,36.0,Female,STAGE I,EUR
TCGA-EM-A3AO,Thyroid_Carcinoma,endocrine,1,0.0,61.0,Male,STAGE IVA,EUR
TCGA-EM-A3AQ,Thyroid_Carcinoma,endocrine,1,0.0,85.0,Female,STAGE I,EUR
TCGA-EM-A3AR,Thyroid_Carcinoma,endocrine,1,0.0,41.0,Male,STAGE I,EUR
TCGA-EM-A3FJ,Thyroid_Carcinoma,endocrine,1,0.0,24.0,Female,STAGE I,EUR
TCGA-EM-A3FM,Thyroid_Carcinoma,endocrine,1,0.0,57.0,Male,STAGE IVA,EUR
TCGA-EM-A3FN,Thyroid_Carcinoma,endocrine,1,0.0,42.0,Female,STAGE I,EUR
TCGA-EM-A3FO,Thyroid_Carcinoma,endocrine,1,0.0,40.0,Male,STAGE I,EUR
TCGA-EM-A3FP,Thyroid_Carcinoma,endocrine,1,0.0,71.0,Female,STAGE II,EUR
TCGA-EM-A3FR,Thyroid_Carcinoma,endocrine,2,0.0,55.0,Female,STAGE III,EAS
TCGA-EM-A3O3,Thyroid_Carcinoma,endocrine,4,1.0,83.0,Female,STAGE III,EUR
TCGA-EM-A3O6,Thyroid_Carcinoma,endocrine,2,0.0,54.0,Female,STAGE II,EUR
TCGA-EM-A3O7,Thyroid_Carcinoma,endocrine,3,0.0,46.0,Female,STAGE III,EUR
TCGA-EM-A3O8,Thyroid_Carcinoma,endocrine,1,0.0,33.0,Female,STAGE I,EUR
TCGA-EM-A3O9,Thyroid_Carcinoma,endocrine,2,0.0,40.0,Male,STAGE I,EUR
TCGA-EM-A3OA,Thyroid_Carcinoma,endocrine,1,0.0,55.0,Female,STAGE II, 
TCGA-EM-A3ST,Thyroid_Carcinoma,endocrine,4,1.0,62.0,Female,STAGE III,AFR
TCGA-EM-A3SX,Thyroid_Carcinoma,endocrine,4,0.0,28.0,Female,STAGE I,EUR
TCGA-EM-A3SY,Thyroid_Carcinoma,endocrine,3,0.0,36.0,Male,STAGE I,EUR
TCGA-EM-A3SZ,Thyroid_Carcinoma,endocrine,2,0.0,42.0,Female,STAGE I,EUR
TCGA-EM-A4FF,Thyroid_Carcinoma,endocrine,1,0.0,40.0,Female,STAGE I,EAS
TCGA-EM-A4FH,Thyroid_Carcinoma,endocrine,1,0.0,69.0,Male,STAGE III,EUR
TCGA-EM-A4FM,Thyroid_Carcinoma,endocrine,1,0.0,59.0,Female,STAGE IVA,SAS
TCGA-EM-A4FO,Thyroid_Carcinoma,endocrine,1,0.0,72.0,Male,STAGE I,EUR
TCGA-EM-A4FQ,Thyroid_Carcinoma,endocrine,1,0.0,42.0,Female,STAGE I,EUR
TCGA-EM-A4FU,Thyroid_Carcinoma,endocrine,1,0.0,35.0,Male,STAGE I,EUR
TCGA-EM-A4FV,Thyroid_Carcinoma,endocrine,2,0.0,64.0,Female,STAGE I,EUR
TCGA-ET-A25I,Thyroid_Carcinoma,endocrine,1,0.0,37.0,Female,STAGE I,EUR
TCGA-ET-A25J,Thyroid_Carcinoma,endocrine,2,0.0,40.0,Female,STAGE I,EUR
TCGA-ET-A25K,Thyroid_Carcinoma,endocrine,2,0.0,36.0,Female,STAGE I,EUR
TCGA-ET-A25R,Thyroid_Carcinoma,endocrine,1,0.0,51.0,Female,STAGE III,EUR
TCGA-ET-A2MX,Thyroid_Carcinoma,endocrine,1,0.0,27.0,Male,STAGE I,EUR
TCGA-ET-A2MY,Thyroid_Carcinoma,endocrine,3,0.0,72.0,Female,STAGE I,AFR
TCGA-ET-A2MZ,Thyroid_Carcinoma,endocrine,1,0.0,39.0,Male,STAGE I,EUR
TCGA-ET-A2N0,Thyroid_Carcinoma,endocrine,3,0.0,51.0,Female,STAGE III,EUR
TCGA-ET-A2N3,Thyroid_Carcinoma,endocrine,2,0.0,34.0,Female,STAGE I,EUR
TCGA-ET-A2N5,Thyroid_Carcinoma,endocrine,2,0.0,46.0,Female,STAGE III,AFR
TCGA-ET-A39I,Thyroid_Carcinoma,endocrine,2,0.0,83.0,Female,STAGE I,EUR
TCGA-ET-A39J,Thyroid_Carcinoma,endocrine,1,0.0,23.0,Female,STAGE I,EUR
TCGA-ET-A39K,Thyroid_Carcinoma,endocrine,1,0.0,48.0,Female,STAGE III,EUR
TCGA-ET-A39M,Thyroid_Carcinoma,endocrine,1,0.0,34.0,Male,STAGE I,EUR
TCGA-ET-A39N,Thyroid_Carcinoma,endocrine,2,1.0,35.0,Female,STAGE I,EUR
TCGA-ET-A3BN,Thyroid_Carcinoma,endocrine,1,0.0,33.0,Female,STAGE I,EAS
TCGA-ET-A3BO,Thyroid_Carcinoma,endocrine,2,0.0,44.0,Female,STAGE I,EUR
TCGA-ET-A3BQ,Thyroid_Carcinoma,endocrine,1,0.0,27.0,Female,STAGE I,EUR
TCGA-ET-A3BT,Thyroid_Carcinoma,endocrine,3,0.0,60.0,Female,STAGE IVA,EUR
TCGA-ET-A3BV,Thyroid_Carcinoma,endocrine,3,1.0,47.0,Female,STAGE III,EUR
TCGA-ET-A3BW,Thyroid_Carcinoma,endocrine,1,0.0,30.0,Female,STAGE I,EUR
TCGA-ET-A3DO,Thyroid_Carcinoma,endocrine,2,0.0,33.0,Female,STAGE I,EUR
TCGA-ET-A3DP,Thyroid_Carcinoma,endocrine,2,0.0,43.0,Female,STAGE I,AFR_ADMIX
TCGA-ET-A3DS,Thyroid_Carcinoma,endocrine,1,0.0,33.0,Female,STAGE I,EUR
TCGA-ET-A3DU,Thyroid_Carcinoma,endocrine,2,1.0,21.0,Female,STAGE I,EUR
TCGA-ET-A3DV,Thyroid_Carcinoma,endocrine,2,0.0,68.0,Female,STAGE II,EUR
TCGA-ET-A3DW,Thyroid_Carcinoma,endocrine,1,0.0,64.0,Male,STAGE III,EAS
TCGA-ET-A40P,Thyroid_Carcinoma,endocrine,3,0.0,32.0,Female,STAGE I,EUR
TCGA-ET-A40S,Thyroid_Carcinoma,endocrine,4,0.0,62.0,Male,STAGE II,EUR
TCGA-ET-A4KN,Thyroid_Carcinoma,endocrine,1,0.0,51.0,Female,STAGE III,EUR
TCGA-FE-A22Z,Thyroid_Carcinoma,endocrine,2,1.0,61.0,Female,STAGE IVA,EUR
TCGA-FE-A230,Thyroid_Carcinoma,endocrine,1,0.0,30.0,Female,STAGE I,EUR
TCGA-FE-A235,Thyroid_Carcinoma,endocrine,3,0.0,26.0,Female,STAGE I,EUR
TCGA-FE-A236,Thyroid_Carcinoma,endocrine,1,0.0,33.0,Male,STAGE I,EUR
TCGA-FK-A3S3,Thyroid_Carcinoma,endocrine,1,0.0,43.0,Female,STAGE I,AFR
TCGA-FK-A3SD,Thyroid_Carcinoma,endocrine,1,0.0,61.0,Female,STAGE I,EUR
TCGA-FK-A3SG,Thyroid_Carcinoma,endocrine,1,0.0,21.0,Female,STAGE I,EUR
TCGA-FK-A3SH,Thyroid_Carcinoma,endocrine,1,0.0,50.0,Female,STAGE III,AFR
TCGA-FK-A4UB,Thyroid_Carcinoma,endocrine,1,0.0,51.0,Male,STAGE III, 
TCGA-FY-A2QD,Thyroid_Carcinoma,endocrine,1,0.0,61.0,Female,,AFR
TCGA-FY-A3I4,Thyroid_Carcinoma,endocrine,1,0.0,34.0,Female,STAGE I,EUR
TCGA-FY-A3I5,Thyroid_Carcinoma,endocrine,3,0.0,64.0,Female,STAGE III,EUR
TCGA-FY-A3NP,Thyroid_Carcinoma,endocrine,1,0.0,69.0,Male,STAGE I,EUR
TCGA-FY-A3ON,Thyroid_Carcinoma,endocrine,2,1.0,20.0,Male,STAGE I, 
TCGA-FY-A3R8,Thyroid_Carcinoma,endocrine,2,0.0,62.0,Female,STAGE III,EUR
TCGA-FY-A3R9,Thyroid_Carcinoma,endocrine,2,0.0,66.0,Female,STAGE I,EUR
TCGA-FY-A3RA,Thyroid_Carcinoma,endocrine,1,0.0,21.0,Female,STAGE I,EUR
TCGA-FY-A3TY,Thyroid_Carcinoma,endocrine,1,0.0,61.0,Female,STAGE III,EUR
TCGA-FY-A3W9,Thyroid_Carcinoma,endocrine,2,0.0,66.0,Female,STAGE II,EUR
TCGA-FY-A3YR,Thyroid_Carcinoma,endocrine,1,0.0,64.0,Female,STAGE III,EUR
TCGA-FY-A40L,Thyroid_Carcinoma,endocrine,2,0.0,55.0,Female,STAGE IVA,EUR
TCGA-FY-A40N,Thyroid_Carcinoma,endocrine,1,1.0,55.0,Female,STAGE I,EUR
TCGA-FY-A76V,Thyroid_Carcinoma,endocrine,1,1.0,54.0,Male,STAGE II,AFR_ADMIX
TCGA-H2-A26U,Thyroid_Carcinoma,endocrine,2,0.0,54.0,Female,STAGE III,EUR
TCGA-H2-A2K9,Thyroid_Carcinoma,endocrine,4,0.0,25.0,Male,STAGE I,EUR
TCGA-H2-A3RH,Thyroid_Carcinoma,endocrine,2,1.0,41.0,Female,STAGE I,EUR
TCGA-H2-A422,Thyroid_Carcinoma,endocrine,1,0.0,40.0,Female,STAGE I,EUR
TCGA-IM-A3U2,Thyroid_Carcinoma,endocrine,5,1.0,89.0,Female,STAGE IVA, 
TCGA-IM-A3U3,Thyroid_Carcinoma,endocrine,2,0.0,55.0,Female,STAGE I, 
TCGA-IM-A41Y,Thyroid_Carcinoma,endocrine,1,0.0,42.0,Female,STAGE I, 
TCGA-IM-A420,Thyroid_Carcinoma,endocrine,1,0.0,39.0,Female,STAGE I,EUR
TCGA-IM-A4EB,Thyroid_Carcinoma,endocrine,2,0.0,37.0,Male,STAGE I, 
TCGA-J8-A3O0,Thyroid_Carcinoma,endocrine,1,0.0,38.0,Male,STAGE I,EUR
TCGA-J8-A3O2,Thyroid_Carcinoma,endocrine,2,0.0,39.0,Male,STAGE I,EUR
TCGA-J8-A3YE,Thyroid_Carcinoma,endocrine,1,0.0,31.0,Female,STAGE I,EUR
TCGA-J8-A3YF,Thyroid_Carcinoma,endocrine,1,0.0,83.0,Male,STAGE III,EUR
TCGA-J8-A3YH,Thyroid_Carcinoma,endocrine,1,0.0,39.0,Male,STAGE I,EUR
TCGA-J8-A42S,Thyroid_Carcinoma,endocrine,1,0.0,45.0,Male,STAGE III,EUR
TCGA-J8-A4HW,Thyroid_Carcinoma,endocrine,1,0.0,59.0,Female,STAGE III,EUR
TCGA-J8-A4HY,Thyroid_Carcinoma,endocrine,5,0.0,68.0,Female,STAGE IVA,EUR
TCGA-KS-A41F,Thyroid_Carcinoma,endocrine,1,0.0,37.0,Female,STAGE I,EUR
TCGA-KS-A41I,Thyroid_Carcinoma,endocrine,1,0.0,47.0,Female,STAGE I,EUR
TCGA-KS-A4I7,Thyroid_Carcinoma,endocrine,1,0.0,61.0,Female,STAGE I,EUR
TCGA-KS-A4IB,Thyroid_Carcinoma,endocrine,1,0.0,41.0,Female,STAGE I,EAS
TCGA-KS-A4IC,Thyroid_Carcinoma,endocrine,1,0.0,45.0,Female,STAGE III,EUR
TCGA-KS-A4ID,Thyroid_Carcinoma,endocrine,1,0.0,55.0,Female,STAGE I,EUR
TCGA-L6-A4EU,Thyroid_Carcinoma,endocrine,7,0.0,58.0,Female,STAGE III,AFR
TCGA-MK-A4N6,Thyroid_Carcinoma,endocrine,2,0.0,35.0,Male,STAGE I, 
TCGA-MK-A4N7,Thyroid_Carcinoma,endocrine,1,0.0,20.0,Female,STAGE I, 
TCGA-MK-A84Z,Thyroid_Carcinoma,endocrine,2,0.0,74.0,Male,STAGE III,AFR_ADMIX
TCGA-QD-A8IV,Thyroid_Carcinoma,endocrine,2,0.0,50.0,Female,STAGE IVA,AFR_ADMIX
TCGA-3G-AB0O,Thymoma,immune,1,0.0,47.0,Male,,EUR
TCGA-3G-AB0Q,Thymoma,immune,4,2.0,66.0,Male,, 
TCGA-3G-AB0T,Thymoma,immune,1,0.0,45.0,Male,,EUR
TCGA-3G-AB14,Thymoma,immune,3,0.0,51.0,Male,,EUR
TCGA-3G-AB19,Thymoma,immune,3,0.0,76.0,Female,,EUR
TCGA-3S-A8YW,Thymoma,immune,2,1.0,63.0,Male,, 
TCGA-3S-AAYX,Thymoma,immune,5,0.0,55.0,Female,, 
TCGA-3T-AA9L,Thymoma,immune,1,0.0,31.0,Female,,EUR
TCGA-4V-A9QI,Thymoma,immune,3,0.0,68.0,Male,,EUR
TCGA-4V-A9QJ,Thymoma,immune,1,0.0,64.0,Male,,EUR
TCGA-4V-A9QL,Thymoma,immune,1,0.0,58.0,Female,,EUR
TCGA-4V-A9QM,Thymoma,immune,1,0.0,39.0,Male,,EUR
TCGA-4V-A9QN,Thymoma,immune,1,0.0,40.0,Female,,EUR
TCGA-4V-A9QQ,Thymoma,immune,3,1.0,65.0,Female,,EUR
TCGA-4V-A9QR,Thymoma,immune,1,0.0,51.0,Female,,EUR
TCGA-4V-A9QW,Thymoma,immune,1,0.0,62.0,Male,,EUR
TCGA-4V-A9QX,Thymoma,immune,1,0.0,77.0,Female,,EUR
TCGA-4X-A9FB,Thymoma,immune,1,0.0,44.0,Male,,EUR
TCGA-4X-A9FC,Thymoma,immune,1,0.0,50.0,Female,,EUR
TCGA-4X-A9FD,Thymoma,immune,4,0.0,43.0,Female,,EUR
TCGA-5K-AAAP,Thymoma,immune,2,0.0,54.0,Male,, 
TCGA-5U-AB0D,Thymoma,immune,3,0.0,71.0,Female,,EUR
TCGA-5U-AB0E,Thymoma,immune,4,0.0,62.0,Male,,EUR
TCGA-5U-AB0F,Thymoma,immune,3,0.0,58.0,Female,,EUR
TCGA-5V-A9RR,Thymoma,immune,2,0.0,67.0,Male,,EUR
TCGA-X7-A8DB,Thymoma,immune,3,0.0,71.0,Female,,EUR
TCGA-X7-A8DD,Thymoma,immune,2,0.0,54.0,Female,,EUR
TCGA-X7-A8DE,Thymoma,immune,2,0.0,35.0,Female,,EUR
TCGA-X7-A8DG,Thymoma,immune,1,0.0,47.0,Male,,EUR
TCGA-X7-A8DI,Thymoma,immune,1,0.0,57.0,Female,,EUR
TCGA-X7-A8DJ,Thymoma,immune,1,0.0,68.0,Male,, 
TCGA-X7-A8M0,Thymoma,immune,1,0.0,61.0,Female,,EUR
TCGA-X7-A8M1,Thymoma,immune,2,0.0,51.0,Male,,EUR
TCGA-X7-A8M3,Thymoma,immune,9,1.0,64.0,Female,,EUR
TCGA-X7-A8M5,Thymoma,immune,1,0.0,65.0,Female,,EUR
TCGA-X7-A8M6,Thymoma,immune,2,0.0,43.0,Male,,EUR
TCGA-X7-A8M8,Thymoma,immune,1,0.0,45.0,Male,,AFR
TCGA-XM-A8R9,Thymoma,immune,2,0.0,71.0,Female,,EUR
TCGA-XM-A8RC,Thymoma,immune,2,0.0,67.0,Male,,EUR
TCGA-XM-A8RD,Thymoma,immune,2,0.0,69.0,Female,,EUR
TCGA-XM-A8RE,Thymoma,immune,1,0.0,54.0,Female,,EUR
TCGA-XM-A8RF,Thymoma,immune,4,0.0,84.0,Female,,EUR
TCGA-XM-A8RG,Thymoma,immune,1,0.0,67.0,Male,,EUR
TCGA-XM-A8RI,Thymoma,immune,2,1.0,77.0,Male,,AFR
TCGA-XM-AAZ2,Thymoma,immune,1,0.0,73.0,Male,,AFR_ADMIX
TCGA-XM-AAZ3,Thymoma,immune,3,0.0,64.0,Male,, 
TCGA-XU-A92O,Thymoma,immune,3,0.0,63.0,Male,,EAS
TCGA-XU-A92Q,Thymoma,immune,1,0.0,50.0,Male,,EAS
TCGA-XU-A92R,Thymoma,immune,2,0.0,76.0,Female,,EAS
TCGA-XU-A92T,Thymoma,immune,3,0.0,81.0,Female,,EUR
TCGA-XU-A92U,Thymoma,immune,2,0.0,67.0,Male,,EUR_ADMIX
TCGA-XU-A92V,Thymoma,immune,2,0.0,72.0,Female,,EAS
TCGA-XU-A92X,Thymoma,immune,1,0.0,17.0,Male,, 
TCGA-XU-A92Z,Thymoma,immune,2,1.0,76.0,Male,,EAS
TCGA-XU-A930,Thymoma,immune,3,0.0,43.0,Male,,EUR_ADMIX
TCGA-XU-A932,Thymoma,immune,3,0.0,37.0,Male,,EAS
TCGA-XU-A933,Thymoma,immune,8,2.0,52.0,Female,,EAS
TCGA-XU-A936,Thymoma,immune,4,0.0,65.0,Female,,EUR
TCGA-XU-AAXX,Thymoma,immune,1,0.0,44.0,Female,,EUR
TCGA-XU-AAXZ,Thymoma,immune,1,0.0,63.0,Male,,EUR
TCGA-XU-AAY1,Thymoma,immune,1,0.0,51.0,Female,,EAS
TCGA-YT-A95D,Thymoma,immune,3,0.0,50.0,Female,,EUR_ADMIX
TCGA-YT-A95F,Thymoma,immune,6,0.0,55.0,Female,,AFR_ADMIX
TCGA-YT-A95G,Thymoma,immune,1,0.0,61.0,Female,,EUR
TCGA-YT-A95H,Thymoma,immune,1,0.0,69.0,Male,,EUR
TCGA-ZB-A961,Thymoma,immune,2,0.0,69.0,Male,,EUR
TCGA-ZB-A962,Thymoma,immune,3,0.0,64.0,Male,,EUR
TCGA-ZB-A963,Thymoma,immune,1,0.0,46.0,Male,,EUR
TCGA-ZB-A964,Thymoma,immune,1,0.0,70.0,Male,,EUR
TCGA-ZB-A965,Thymoma,immune,4,0.0,75.0,Female,,EUR
TCGA-ZB-A966,Thymoma,immune,164,5.0,78.0,Female,,EUR
TCGA-ZB-A969,Thymoma,immune,5,0.0,72.0,Female,,EUR
TCGA-ZB-A96A,Thymoma,immune,3,0.0,53.0,Male,,EUR
TCGA-ZB-A96C,Thymoma,immune,1,0.0,77.0,Female,,EUR
TCGA-ZB-A96D,Thymoma,immune,2,0.0,52.0,Female,,EUR
TCGA-ZB-A96E,Thymoma,immune,6,3.0,60.0,Male,,EUR_ADMIX
TCGA-ZB-A96H,Thymoma,immune,2,0.0,73.0,Male,,EUR
TCGA-ZB-A96I,Thymoma,immune,6,2.0,71.0,Female,,EUR
TCGA-ZB-A96K,Thymoma,immune,2,0.0,69.0,Male,,EUR
TCGA-ZB-A96L,Thymoma,immune,2,0.0,70.0,Female,,EUR
TCGA-ZB-A96M,Thymoma,immune,1,0.0,56.0,Female,,EUR
TCGA-ZB-A96O,Thymoma,immune,2,0.0,54.0,Female,,EUR
TCGA-ZB-A96Q,Thymoma,immune,2,0.0,49.0,Male,,EUR
TCGA-ZB-A96V,Thymoma,immune,10,1.0,44.0,Male,,EUR
TCGA-ZC-AAA7,Thymoma,immune,5,0.0,63.0,Male,,EUR
TCGA-ZC-AAAF,Thymoma,immune,1,0.0,74.0,Female,,EUR
TCGA-ZL-A9V6,Thymoma,immune,4,0.0,61.0,Male,,EUR
TCGA-ZT-A8OM,Thymoma,immune,1,0.0,73.0,Female,,EUR
TCGA-2E-A9G8,Uterine_Corpus_Endometrial_Carcinoma,gynaecological,19,3.0,59.0,Female,,AFR
TCGA-4E-A92E,Uterine_Corpus_Endometrial_Carcinoma,gynaecological,16,4.0,54.0,Female,,AFR_ADMIX
TCGA-5B-A90C,Uterine_Corpus_Endometrial_Carcinoma,gynaecological,6,0.0,69.0,Female,,AFR
TCGA-5S-A9Q8,Uterine_Corpus_Endometrial_Carcinoma,gynaecological,13,3.0,51.0,Female,,AFR_ADMIX
TCGA-A5-A0G1,Uterine_Corpus_Endometrial_Carcinoma,gynaecological,835,22.0,67.0,Female,,EUR
TCGA-A5-A0GQ,Uterine_Corpus_Endometrial_Carcinoma,gynaecological,12,4.0,76.0,Female,,EUR
TCGA-A5-A0R6,Uterine_Corpus_Endometrial_Carcinoma,gynaecological,7,2.0,64.0,Female,, 
TCGA-A5-A0R7,Uterine_Corpus_Endometrial_Carcinoma,gynaecological,10,3.0,55.0,Female,,EUR
TCGA-A5-A0R8,Uterine_Corpus_Endometrial_Carcinoma,gynaecological,16,3.0,81.0,Female,,EUR
TCGA-A5-A0R9,Uterine_Corpus_Endometrial_Carcinoma,gynaecological,6,3.0,51.0,Female,,EUR
TCGA-A5-A0RA,Uterine_Corpus_Endometrial_Carcinoma,gynaecological,12,3.0,68.0,Female,,EUR
TCGA-A5-A0VO,Uterine_Corpus_Endometrial_Carcinoma,gynaecological,12,4.0,64.0,Female,,EUR
TCGA-A5-A0VP,Uterine_Corpus_Endometrial_Carcinoma,gynaecological,120,13.0,74.0,Female,,EUR
TCGA-A5-A0VQ,Uterine_Corpus_Endometrial_Carcinoma,gynaecological,93,9.0,62.0,Female,,AMR
TCGA-A5-A1OF,Uterine_Corpus_Endometrial_Carcinoma,gynaecological,709,16.0,47.0,Female,,AMR
TCGA-A5-A1OG,Uterine_Corpus_Endometrial_Carcinoma,gynaecological,2,0.0,65.0,Female,,EAS
TCGA-A5-A1OH,Uterine_Corpus_Endometrial_Carcinoma,gynaecological,10,0.0,86.0,Female,,EUR
TCGA-A5-A1OJ,Uterine_Corpus_Endometrial_Carcinoma,gynaecological,6,1.0,31.0,Female,,EAS
TCGA-A5-A1OK,Uterine_Corpus_Endometrial_Carcinoma,gynaecological,8,2.0,63.0,Female,,EUR
TCGA-A5-A2K2,Uterine_Corpus_Endometrial_Carcinoma,gynaecological,14,4.0,77.0,Female,,EUR
TCGA-A5-A2K3,Uterine_Corpus_Endometrial_Carcinoma,gynaecological,109,4.0,68.0,Female,,EUR
TCGA-A5-A2K5,Uterine_Corpus_Endometrial_Carcinoma,gynaecological,1125,32.0,76.0,Female,,EUR
TCGA-A5-A2K7,Uterine_Corpus_Endometrial_Carcinoma,gynaecological,167,13.0,41.0,Female,,AMR
TCGA-A5-A3LO,Uterine_Corpus_Endometrial_Carcinoma,gynaecological,4,2.0,64.0,Female,,EUR
TCGA-A5-A3LP,Uterine_Corpus_Endometrial_Carcinoma,gynaecological,3,1.0,74.0,Female,,EUR
TCGA-A5-A7WK,Uterine_Corpus_Endometrial_Carcinoma,gynaecological,3,1.0,71.0,Female,,AFR
TCGA-A5-AB3J,Uterine_Corpus_Endometrial_Carcinoma,gynaecological,6,1.0,52.0,Female,,AFR
TCGA-AJ-A23M,Uterine_Corpus_Endometrial_Carcinoma,gynaecological,13,4.0,61.0,Female,,EUR
TCGA-AJ-A23N,Uterine_Corpus_Endometrial_Carcinoma,gynaecological,4,0.0,70.0,Female,,EUR
TCGA-AJ-A23O,Uterine_Corpus_Endometrial_Carcinoma,gynaecological,172,11.0,69.0,Female,,EUR
TCGA-AJ-A2QK,Uterine_Corpus_Endometrial_Carcinoma,gynaecological,8,0.0,65.0,Female,,EUR
TCGA-AJ-A2QL,Uterine_Corpus_Endometrial_Carcinoma,gynaecological,9,3.0,60.0,Female,,EUR
TCGA-AJ-A2QM,Uterine_Corpus_Endometrial_Carcinoma,gynaecological,18,1.0,67.0,Female,,EUR
TCGA-AJ-A2QN,Uterine_Corpus_Endometrial_Carcinoma,gynaecological,3,1.0,60.0,Female,,EUR
TCGA-AJ-A2QO,Uterine_Corpus_Endometrial_Carcinoma,gynaecological,348,15.0,85.0,Female,,EUR
TCGA-AJ-A3BD,Uterine_Corpus_Endometrial_Carcinoma,gynaecological,9,0.0,57.0,Female,,EUR
TCGA-AJ-A3BF,Uterine_Corpus_Endometrial_Carcinoma,gynaecological,7,1.0,65.0,Female,,EUR
TCGA-AJ-A3BG,Uterine_Corpus_Endometrial_Carcinoma,gynaecological,263,19.0,65.0,Female,,EUR
TCGA-AJ-A3BI,Uterine_Corpus_Endometrial_Carcinoma,gynaecological,5,2.0,67.0,Female,,EUR
TCGA-AJ-A3BK,Uterine_Corpus_Endometrial_Carcinoma,gynaecological,9,5.0,68.0,Female,,EUR
TCGA-AJ-A3EJ,Uterine_Corpus_Endometrial_Carcinoma,gynaecological,7,3.0,74.0,Female,,EUR
TCGA-AJ-A3EK,Uterine_Corpus_Endometrial_Carcinoma,gynaecological,517,13.0,53.0,Female,,AMR
TCGA-AJ-A3EL,Uterine_Corpus_Endometrial_Carcinoma,gynaecological,767,30.0,47.0,Female,,EAS
TCGA-AJ-A3EM,Uterine_Corpus_Endometrial_Carcinoma,gynaecological,6,0.0,69.0,Female,,EUR
TCGA-AJ-A3I9,Uterine_Corpus_Endometrial_Carcinoma,gynaecological,2,2.0,52.0,Female,,EUR
TCGA-AJ-A3IA,Uterine_Corpus_Endometrial_Carcinoma,gynaecological,27,0.0,77.0,Female,,EUR
TCGA-AJ-A3NF,Uterine_Corpus_Endometrial_Carcinoma,gynaecological,9,0.0,60.0,Female,,EUR
TCGA-AJ-A3NG,Uterine_Corpus_Endometrial_Carcinoma,gynaecological,6,1.0,83.0,Female,,EUR
TCGA-AJ-A3OJ,Uterine_Corpus_Endometrial_Carcinoma,gynaecological,260,10.0,54.0,Female,,EUR
TCGA-AJ-A3OK,Uterine_Corpus_Endometrial_Carcinoma,gynaecological,56,7.0,73.0,Female,,EUR
TCGA-AJ-A3OL,Uterine_Corpus_Endometrial_Carcinoma,gynaecological,93,11.0,55.0,Female,,EUR
TCGA-AJ-A3QS,Uterine_Corpus_Endometrial_Carcinoma,gynaecological,28,1.0,57.0,Female,,AFR
TCGA-AJ-A3TW,Uterine_Corpus_Endometrial_Carcinoma,gynaecological,9,0.0,78.0,Female,,EUR
TCGA-AJ-A5DV,Uterine_Corpus_Endometrial_Carcinoma,gynaecological,15,6.0,65.0,Female,,AFR_ADMIX
TCGA-AJ-A5DW,Uterine_Corpus_Endometrial_Carcinoma,gynaecological,510,24.0,56.0,Female,,AFR_ADMIX
TCGA-AJ-A6NU,Uterine_Corpus_Endometrial_Carcinoma,gynaecological,5,2.0,64.0,Female,,AFR_ADMIX
TCGA-AJ-A8CT,Uterine_Corpus_Endometrial_Carcinoma,gynaecological,116,9.0,58.0,Female,,AFR_ADMIX
TCGA-AJ-A8CV,Uterine_Corpus_Endometrial_Carcinoma,gynaecological,54,6.0,58.0,Female,,EUR
TCGA-AJ-A8CW,Uterine_Corpus_Endometrial_Carcinoma,gynaecological,178,12.0,64.0,Female,,AFR
TCGA-AP-A059,Uterine_Corpus_Endometrial_Carcinoma,gynaecological,820,20.0,69.0,Female,,EUR
TCGA-AP-A0LE,Uterine_Corpus_Endometrial_Carcinoma,gynaecological,167,13.0,57.0,Female,,EUR
TCGA-AP-A0LF,Uterine_Corpus_Endometrial_Carcinoma,gynaecological,16,1.0,82.0,Female,,EUR
TCGA-AP-A0LL,Uterine_Corpus_Endometrial_Carcinoma,gynaecological,7,3.0,56.0,Female,,EUR
TCGA-AP-A0LM,Uterine_Corpus_Endometrial_Carcinoma,gynaecological,1087,23.0,33.0,Female,,AFR
TCGA-AP-A0LP,Uterine_Corpus_Endometrial_Carcinoma,gynaecological,77,4.0,76.0,Female,,EUR
TCGA-AP-A0LQ,Uterine_Corpus_Endometrial_Carcinoma,gynaecological,9,3.0,59.0,Female,,EUR
TCGA-AP-A0LS,Uterine_Corpus_Endometrial_Carcinoma,gynaecological,121,9.0,63.0,Female,,EUR
TCGA-AP-A1DH,Uterine_Corpus_Endometrial_Carcinoma,gynaecological,188,12.0,62.0,Female,,AFR_ADMIX
TCGA-AP-A1DK,Uterine_Corpus_Endometrial_Carcinoma,gynaecological,766,23.0,53.0,Female,,EUR
TCGA-AP-A1DM,Uterine_Corpus_Endometrial_Carcinoma,gynaecological,118,11.0,60.0,Female,,EUR
TCGA-AP-A1DO,Uterine_Corpus_Endometrial_Carcinoma,gynaecological,161,14.0,62.0,Female,,EUR
TCGA-AP-A1DP,Uterine_Corpus_Endometrial_Carcinoma,gynaecological,120,13.0,70.0,Female,,EUR
TCGA-AP-A1DQ,Uterine_Corpus_Endometrial_Carcinoma,gynaecological,3,0.0,76.0,Female,,EUR
TCGA-AP-A1DR,Uterine_Corpus_Endometrial_Carcinoma,gynaecological,234,14.0,59.0,Female,,AFR
TCGA-AP-A1DV,Uterine_Corpus_Endometrial_Carcinoma,gynaecological,1043,21.0,59.0,Female,,EUR
TCGA-AP-A1E0,Uterine_Corpus_Endometrial_Carcinoma,gynaecological,601,29.0,40.0,Female,,EUR
TCGA-AP-A1E1,Uterine_Corpus_Endometrial_Carcinoma,gynaecological,144,12.0,74.0,Female,,EUR
TCGA-AP-A1E3,Uterine_Corpus_Endometrial_Carcinoma,gynaecological,3,3.0,45.0,Female,,EUR
TCGA-AP-A1E4,Uterine_Corpus_Endometrial_Carcinoma,gynaecological,3,0.0,54.0,Female,,EUR
TCGA-AP-A5FX,Uterine_Corpus_Endometrial_Carcinoma,gynaecological,3,1.0,68.0,Female,,AFR_ADMIX
TCGA-AW-A1PO,Uterine_Corpus_Endometrial_Carcinoma,gynaecological,10,0.0,66.0,Female,,EUR
TCGA-AX-A06H,Uterine_Corpus_Endometrial_Carcinoma,gynaecological,126,9.0,60.0,Female,,EUR
TCGA-AX-A06L,Uterine_Corpus_Endometrial_Carcinoma,gynaecological,6,2.0,63.0,Female,,EUR
TCGA-AX-A0IS,Uterine_Corpus_Endometrial_Carcinoma,gynaecological,7,4.0,52.0,Female,,EUR
TCGA-AX-A0IU,Uterine_Corpus_Endometrial_Carcinoma,gynaecological,7,3.0,79.0,Female,,AFR
TCGA-AX-A0J0,Uterine_Corpus_Endometrial_Carcinoma,gynaecological,1093,27.0,47.0,Female,,EUR
TCGA-AX-A1C4,Uterine_Corpus_Endometrial_Carcinoma,gynaecological,262,10.0,52.0,Female,,EUR
TCGA-AX-A1C5,Uterine_Corpus_Endometrial_Carcinoma,gynaecological,105,7.0,47.0,Female,,EUR
TCGA-AX-A1C7,Uterine_Corpus_Endometrial_Carcinoma,gynaecological,3,0.0,77.0,Female,,EUR
TCGA-AX-A1C8,Uterine_Corpus_Endometrial_Carcinoma,gynaecological,2,0.0,77.0,Female,,EUR
TCGA-AX-A1C9,Uterine_Corpus_Endometrial_Carcinoma,gynaecological,71,6.0,73.0,Female,,EUR
TCGA-AX-A1CA,Uterine_Corpus_Endometrial_Carcinoma,gynaecological,10,0.0,70.0,Female,,AFR_ADMIX
TCGA-AX-A1CC,Uterine_Corpus_Endometrial_Carcinoma,gynaecological,2,0.0,65.0,Female,,EUR
TCGA-AX-A1CE,Uterine_Corpus_Endometrial_Carcinoma,gynaecological,1008,29.0,60.0,Female,,EUR
TCGA-AX-A1CF,Uterine_Corpus_Endometrial_Carcinoma,gynaecological,8,2.0,69.0,Female,,EUR
TCGA-AX-A1CI,Uterine_Corpus_Endometrial_Carcinoma,gynaecological,3,0.0,61.0,Female,,EUR
TCGA-AX-A1CJ,Uterine_Corpus_Endometrial_Carcinoma,gynaecological,7,4.0,59.0,Female,,AFR
TCGA-AX-A1CK,Uterine_Corpus_Endometrial_Carcinoma,gynaecological,11,3.0,58.0,Female,,EUR
TCGA-AX-A1CN,Uterine_Corpus_Endometrial_Carcinoma,gynaecological,4,0.0,54.0,Female,,EUR
TCGA-AX-A2H2,Uterine_Corpus_Endometrial_Carcinoma,gynaecological,23,0.0,86.0,Female,,AFR
TCGA-AX-A2H4,Uterine_Corpus_Endometrial_Carcinoma,gynaecological,15,0.0,66.0,Female,,AFR
TCGA-AX-A2H7,Uterine_Corpus_Endometrial_Carcinoma,gynaecological,11,3.0,87.0,Female,,EUR
TCGA-AX-A2HA,Uterine_Corpus_Endometrial_Carcinoma,gynaecological,357,24.0,35.0,Female,,EUR
TCGA-AX-A2HC,Uterine_Corpus_Endometrial_Carcinoma,gynaecological,1400,42.0,53.0,Female,,AFR
TCGA-AX-A2HD,Uterine_Corpus_Endometrial_Carcinoma,gynaecological,755,31.0,69.0,Female,,EUR
TCGA-AX-A2HG,Uterine_Corpus_Endometrial_Carcinoma,gynaecological,241,17.0,56.0,Female,,EUR
TCGA-AX-A2HH,Uterine_Corpus_Endometrial_Carcinoma,gynaecological,5,1.0,60.0,Female,,EUR
TCGA-AX-A2HJ,Uterine_Corpus_Endometrial_Carcinoma,gynaecological,334,17.0,35.0,Female,,EAS
TCGA-AX-A2HK,Uterine_Corpus_Endometrial_Carcinoma,gynaecological,11,1.0,77.0,Female,, 
TCGA-AX-A2IN,Uterine_Corpus_Endometrial_Carcinoma,gynaecological,129,11.0,63.0,Female,,EUR
TCGA-AX-A2IO,Uterine_Corpus_Endometrial_Carcinoma,gynaecological,33,3.0,83.0,Female,,EUR
TCGA-AX-A3FS,Uterine_Corpus_Endometrial_Carcinoma,gynaecological,236,13.0,82.0,Female,,EUR
TCGA-AX-A3FT,Uterine_Corpus_Endometrial_Carcinoma,gynaecological,285,15.0,64.0,Female,,EUR
TCGA-AX-A3FV,Uterine_Corpus_Endometrial_Carcinoma,gynaecological,6,0.0,62.0,Female,,EUR
TCGA-AX-A3FW,Uterine_Corpus_Endometrial_Carcinoma,gynaecological,4,2.0,66.0,Female,,EUR
TCGA-AX-A3FX,Uterine_Corpus_Endometrial_Carcinoma,gynaecological,6,2.0,69.0,Female,,EUR
TCGA-AX-A3FZ,Uterine_Corpus_Endometrial_Carcinoma,gynaecological,3,2.0,33.0,Female,,EUR
TCGA-AX-A3G1,Uterine_Corpus_Endometrial_Carcinoma,gynaecological,6,1.0,84.0,Female,,EUR
TCGA-AX-A3G4,Uterine_Corpus_Endometrial_Carcinoma,gynaecological,9,2.0,60.0,Female,, 
TCGA-AX-A3G6,Uterine_Corpus_Endometrial_Carcinoma,gynaecological,9,2.0,67.0,Female,,EUR
TCGA-AX-A3G7,Uterine_Corpus_Endometrial_Carcinoma,gynaecological,3,0.0,71.0,Female,,EUR
TCGA-AX-A3G8,Uterine_Corpus_Endometrial_Carcinoma,gynaecological,235,14.0,76.0,Female,,EUR
TCGA-AX-A3G9,Uterine_Corpus_Endometrial_Carcinoma,gynaecological,216,17.0,63.0,Female,,EUR
TCGA-AX-A3GB,Uterine_Corpus_Endometrial_Carcinoma,gynaecological,9,1.0,73.0,Female,,EUR
TCGA-AX-A3GI,Uterine_Corpus_Endometrial_Carcinoma,gynaecological,3,2.0,66.0,Female,,AFR
TCGA-B5-A0JN,Uterine_Corpus_Endometrial_Carcinoma,gynaecological,14,3.0,84.0,Female,,AFR_ADMIX
TCGA-B5-A0JS,Uterine_Corpus_Endometrial_Carcinoma,gynaecological,5,2.0,54.0,Female,,EUR
TCGA-B5-A0JT,Uterine_Corpus_Endometrial_Carcinoma,gynaecological,7,2.0,63.0,Female,,EUR
TCGA-B5-A0JU,Uterine_Corpus_Endometrial_Carcinoma,gynaecological,125,9.0,57.0,Female,,AFR_ADMIX
TCGA-B5-A0JX,Uterine_Corpus_Endometrial_Carcinoma,gynaecological,9,4.0,62.0,Female,,EUR
TCGA-B5-A0JY,Uterine_Corpus_Endometrial_Carcinoma,gynaecological,1302,38.0,50.0,Female,,EUR
TCGA-B5-A0K8,Uterine_Corpus_Endometrial_Carcinoma,gynaecological,3,0.0,71.0,Female,,EUR
TCGA-B5-A0K9,Uterine_Corpus_Endometrial_Carcinoma,gynaecological,193,16.0,88.0,Female,,EUR
TCGA-B5-A11E,Uterine_Corpus_Endometrial_Carcinoma,gynaecological,704,29.0,53.0,Female,,EUR
TCGA-B5-A11F,Uterine_Corpus_Endometrial_Carcinoma,gynaecological,4,0.0,55.0,Female,,EUR
TCGA-B5-A11G,Uterine_Corpus_Endometrial_Carcinoma,gynaecological,138,14.0,71.0,Female,,AFR_ADMIX
TCGA-B5-A11H,Uterine_Corpus_Endometrial_Carcinoma,gynaecological,328,20.0,67.0,Female,,EUR
TCGA-B5-A11I,Uterine_Corpus_Endometrial_Carcinoma,gynaecological,4,1.0,65.0,Female,,AFR_ADMIX
TCGA-B5-A11J,Uterine_Corpus_Endometrial_Carcinoma,gynaecological,122,10.0,64.0,Female,,EUR
TCGA-B5-A11L,Uterine_Corpus_Endometrial_Carcinoma,gynaecological,17,4.0,71.0,Female,,EUR
TCGA-B5-A11M,Uterine_Corpus_Endometrial_Carcinoma,gynaecological,5,1.0,43.0,Female,,EUR
TCGA-B5-A11N,Uterine_Corpus_Endometrial_Carcinoma,gynaecological,290,11.0,69.0,Female,,EUR
TCGA-B5-A11O,Uterine_Corpus_Endometrial_Carcinoma,gynaecological,13,4.0,62.0,Female,,EUR
TCGA-B5-A11P,Uterine_Corpus_Endometrial_Carcinoma,gynaecological,6,0.0,87.0,Female,,EUR
TCGA-B5-A11Q,Uterine_Corpus_Endometrial_Carcinoma,gynaecological,5,2.0,64.0,Female,,EUR
TCGA-B5-A11R,Uterine_Corpus_Endometrial_Carcinoma,gynaecological,57,5.0,51.0,Female,,AFR_ADMIX
TCGA-B5-A11S,Uterine_Corpus_Endometrial_Carcinoma,gynaecological,4,1.0,63.0,Female,,EUR
TCGA-B5-A11U,Uterine_Corpus_Endometrial_Carcinoma,gynaecological,119,8.0,74.0,Female,,AFR
TCGA-B5-A11V,Uterine_Corpus_Endometrial_Carcinoma,gynaecological,7,2.0,64.0,Female,,AFR
TCGA-B5-A11W,Uterine_Corpus_Endometrial_Carcinoma,gynaecological,8,3.0,61.0,Female,,EUR
TCGA-B5-A11X,Uterine_Corpus_Endometrial_Carcinoma,gynaecological,8,5.0,66.0,Female,,AFR_ADMIX
TCGA-B5-A11Y,Uterine_Corpus_Endometrial_Carcinoma,gynaecological,65,7.0,59.0,Female,,EUR
TCGA-B5-A11Z,Uterine_Corpus_Endometrial_Carcinoma,gynaecological,6,2.0,61.0,Female,,EUR
TCGA-B5-A121,Uterine_Corpus_Endometrial_Carcinoma,gynaecological,6,1.0,57.0,Female,,EUR
TCGA-B5-A1MR,Uterine_Corpus_Endometrial_Carcinoma,gynaecological,692,20.0,65.0,Female,,EUR
TCGA-B5-A1MS,Uterine_Corpus_Endometrial_Carcinoma,gynaecological,6,2.0,60.0,Female,,EUR
TCGA-B5-A1MU,Uterine_Corpus_Endometrial_Carcinoma,gynaecological,1,0.0,79.0,Female,,EUR
TCGA-B5-A1MV,Uterine_Corpus_Endometrial_Carcinoma,gynaecological,8,3.0,84.0,Female,,EUR
TCGA-B5-A1MW,Uterine_Corpus_Endometrial_Carcinoma,gynaecological,116,10.0,55.0,Female,,EUR
TCGA-B5-A1MX,Uterine_Corpus_Endometrial_Carcinoma,gynaecological,890,26.0,47.0,Female,,EUR
TCGA-B5-A1MY,Uterine_Corpus_Endometrial_Carcinoma,gynaecological,7,2.0,62.0,Female,,AFR_ADMIX
TCGA-B5-A1MZ,Uterine_Corpus_Endometrial_Carcinoma,gynaecological,6,2.0,54.0,Female,,EUR
TCGA-B5-A1N2,Uterine_Corpus_Endometrial_Carcinoma,gynaecological,11,1.0,70.0,Female,,AFR
TCGA-B5-A3F9,Uterine_Corpus_Endometrial_Carcinoma,gynaecological,8,3.0,56.0,Female,,AFR
TCGA-B5-A3FA,Uterine_Corpus_Endometrial_Carcinoma,gynaecological,682,16.0,73.0,Female,,EUR
TCGA-B5-A3FB,Uterine_Corpus_Endometrial_Carcinoma,gynaecological,5,1.0,73.0,Female,,AFR
TCGA-B5-A3FC,Uterine_Corpus_Endometrial_Carcinoma,gynaecological,1128,37.0,53.0,Female,,AFR
TCGA-B5-A3FD,Uterine_Corpus_Endometrial_Carcinoma,gynaecological,5,2.0,70.0,Female,,AFR
TCGA-B5-A3FH,Uterine_Corpus_Endometrial_Carcinoma,gynaecological,6,2.0,74.0,Female,,AFR
TCGA-B5-A3S1,Uterine_Corpus_Endometrial_Carcinoma,gynaecological,11,0.0,71.0,Female,,EUR
TCGA-B5-A5OC,Uterine_Corpus_Endometrial_Carcinoma,gynaecological,225,16.0,71.0,Female,,AFR
TCGA-B5-A5OD,Uterine_Corpus_Endometrial_Carcinoma,gynaecological,6,1.0,67.0,Female,,AFR_ADMIX
TCGA-B5-A5OE,Uterine_Corpus_Endometrial_Carcinoma,gynaecological,7,0.0,68.0,Female,,AFR
TCGA-BG-A0MA,Uterine_Corpus_Endometrial_Carcinoma,gynaecological,11,4.0,60.0,Female,,EUR
TCGA-BG-A0MG,Uterine_Corpus_Endometrial_Carcinoma,gynaecological,22,6.0,73.0,Female,,EUR
TCGA-BG-A0MK,Uterine_Corpus_Endometrial_Carcinoma,gynaecological,10,1.0,52.0,Female,,AFR
TCGA-BG-A0MQ,Uterine_Corpus_Endometrial_Carcinoma,gynaecological,174,8.0,71.0,Female,,EUR
TCGA-BG-A0MU,Uterine_Corpus_Endometrial_Carcinoma,gynaecological,5,2.0,78.0,Female,,EUR
TCGA-BG-A0RY,Uterine_Corpus_Endometrial_Carcinoma,gynaecological,6,2.0,68.0,Female,,EUR
TCGA-BG-A0VV,Uterine_Corpus_Endometrial_Carcinoma,gynaecological,8,1.0,53.0,Female,,EUR
TCGA-BG-A0VW,Uterine_Corpus_Endometrial_Carcinoma,gynaecological,81,4.0,77.0,Female,,EUR
TCGA-BG-A0VX,Uterine_Corpus_Endometrial_Carcinoma,gynaecological,15,3.0,58.0,Female,,EUR
TCGA-BG-A0VZ,Uterine_Corpus_Endometrial_Carcinoma,gynaecological,97,5.0,58.0,Female,,EUR
TCGA-BG-A0W1,Uterine_Corpus_Endometrial_Carcinoma,gynaecological,18,5.0,89.0,Female,,EUR
TCGA-BG-A0W2,Uterine_Corpus_Endometrial_Carcinoma,gynaecological,3,1.0,57.0,Female,,EUR
TCGA-BG-A0YU,Uterine_Corpus_Endometrial_Carcinoma,gynaecological,4,0.0,37.0,Female,,EUR
TCGA-BG-A0YV,Uterine_Corpus_Endometrial_Carcinoma,gynaecological,8,3.0,67.0,Female,,EUR
TCGA-BG-A186,Uterine_Corpus_Endometrial_Carcinoma,gynaecological,6,3.0,61.0,Female,,AFR
TCGA-BG-A187,Uterine_Corpus_Endometrial_Carcinoma,gynaecological,9,3.0,65.0,Female,,EUR
TCGA-BG-A18A,Uterine_Corpus_Endometrial_Carcinoma,gynaecological,10,4.0,74.0,Female,,EUR
TCGA-BG-A18B,Uterine_Corpus_Endometrial_Carcinoma,gynaecological,119,11.0,53.0,Female,,EUR
TCGA-BG-A18C,Uterine_Corpus_Endometrial_Carcinoma,gynaecological,8,2.0,72.0,Female,,EUR
TCGA-BG-A222,Uterine_Corpus_Endometrial_Carcinoma,gynaecological,527,20.0,49.0,Female,,EUR
TCGA-BG-A2AE,Uterine_Corpus_Endometrial_Carcinoma,gynaecological,7,4.0,57.0,Female,,EUR
TCGA-BG-A2L7,Uterine_Corpus_Endometrial_Carcinoma,gynaecological,201,16.0,68.0,Female,,EUR
TCGA-BG-A3EW,Uterine_Corpus_Endometrial_Carcinoma,gynaecological,131,7.0,62.0,Female,,EUR
TCGA-BG-A3PP,Uterine_Corpus_Endometrial_Carcinoma,gynaecological,5,1.0,82.0,Female,,EUR
TCGA-BK-A0CA,Uterine_Corpus_Endometrial_Carcinoma,gynaecological,4,2.0,61.0,Female,,EUR
TCGA-BK-A0CB,Uterine_Corpus_Endometrial_Carcinoma,gynaecological,7,3.0,60.0,Female,,EUR
TCGA-BK-A0CC,Uterine_Corpus_Endometrial_Carcinoma,gynaecological,12,2.0,69.0,Female,,AFR
TCGA-BK-A139,Uterine_Corpus_Endometrial_Carcinoma,gynaecological,7,1.0,74.0,Female,,EUR
TCGA-BK-A13B,Uterine_Corpus_Endometrial_Carcinoma,gynaecological,168,9.0,58.0,Female,,AFR
TCGA-BK-A13C,Uterine_Corpus_Endometrial_Carcinoma,gynaecological,4,1.0,47.0,Female,,AFR_ADMIX
TCGA-BK-A26L,Uterine_Corpus_Endometrial_Carcinoma,gynaecological,5,1.0,71.0,Female,,EUR
TCGA-BK-A4ZD,Uterine_Corpus_Endometrial_Carcinoma,gynaecological,8,2.0,42.0,Female,,AFR
TCGA-BK-A56F,Uterine_Corpus_Endometrial_Carcinoma,gynaecological,7,3.0,75.0,Female,, 
TCGA-BK-A6W3,Uterine_Corpus_Endometrial_Carcinoma,gynaecological,553,15.0,34.0,Female,,AFR
TCGA-BK-A6W4,Uterine_Corpus_Endometrial_Carcinoma,gynaecological,5,4.0,62.0,Female,,AFR
TCGA-BS-A0T9,Uterine_Corpus_Endometrial_Carcinoma,gynaecological,11,5.0,39.0,Female,,EAS_ADMIX
TCGA-BS-A0TA,Uterine_Corpus_Endometrial_Carcinoma,gynaecological,109,7.0,58.0,Female,,EAS
TCGA-BS-A0TC,Uterine_Corpus_Endometrial_Carcinoma,gynaecological,226,11.0,69.0,Female,,EAS
TCGA-BS-A0TD,Uterine_Corpus_Endometrial_Carcinoma,gynaecological,8,4.0,65.0,Female,,EAS
TCGA-BS-A0TE,Uterine_Corpus_Endometrial_Carcinoma,gynaecological,59,6.0,35.0,Female,,EAS
TCGA-BS-A0TG,Uterine_Corpus_Endometrial_Carcinoma,gynaecological,4,2.0,60.0,Female,,EUR
TCGA-BS-A0TI,Uterine_Corpus_Endometrial_Carcinoma,gynaecological,9,2.0,64.0,Female,,EUR
TCGA-BS-A0TJ,Uterine_Corpus_Endometrial_Carcinoma,gynaecological,193,18.0,59.0,Female,,EAS
TCGA-BS-A0U5,Uterine_Corpus_Endometrial_Carcinoma,gynaecological,5,3.0,76.0,Female,,EUR
TCGA-BS-A0U7,Uterine_Corpus_Endometrial_Carcinoma,gynaecological,33,3.0,63.0,Female,,EUR
TCGA-BS-A0U8,Uterine_Corpus_Endometrial_Carcinoma,gynaecological,125,16.0,55.0,Female,,EUR
TCGA-BS-A0U9,Uterine_Corpus_Endometrial_Carcinoma,gynaecological,9,1.0,59.0,Female,,EAS
TCGA-BS-A0UA,Uterine_Corpus_Endometrial_Carcinoma,gynaecological,95,11.0,68.0,Female,,EUR
TCGA-BS-A0UF,Uterine_Corpus_Endometrial_Carcinoma,gynaecological,1210,36.0,65.0,Female,,EAS
TCGA-BS-A0UJ,Uterine_Corpus_Endometrial_Carcinoma,gynaecological,176,11.0,68.0,Female,,EAS
TCGA-BS-A0UL,Uterine_Corpus_Endometrial_Carcinoma,gynaecological,76,6.0,54.0,Female,,EAS
TCGA-BS-A0UT,Uterine_Corpus_Endometrial_Carcinoma,gynaecological,7,0.0,62.0,Female,,EAS
TCGA-BS-A0UV,Uterine_Corpus_Endometrial_Carcinoma,gynaecological,1181,33.0,55.0,Female,,EAS
TCGA-BS-A0V4,Uterine_Corpus_Endometrial_Carcinoma,gynaecological,112,6.0,56.0,Female,,EUR
TCGA-BS-A0V6,Uterine_Corpus_Endometrial_Carcinoma,gynaecological,4,2.0,55.0,Female,,EAS
TCGA-BS-A0V7,Uterine_Corpus_Endometrial_Carcinoma,gynaecological,5,2.0,48.0,Female,,EAS
TCGA-BS-A0V8,Uterine_Corpus_Endometrial_Carcinoma,gynaecological,12,1.0,68.0,Female,,EAS
TCGA-BS-A0VI,Uterine_Corpus_Endometrial_Carcinoma,gynaecological,78,7.0,58.0,Female,,EUR
TCGA-BS-A0WQ,Uterine_Corpus_Endometrial_Carcinoma,gynaecological,7,2.0,55.0,Female,,EAS
TCGA-D1-A0ZN,Uterine_Corpus_Endometrial_Carcinoma,gynaecological,7,3.0,60.0,Female,,EUR
TCGA-D1-A0ZO,Uterine_Corpus_Endometrial_Carcinoma,gynaecological,180,14.0,75.0,Female,,EUR
TCGA-D1-A0ZP,Uterine_Corpus_Endometrial_Carcinoma,gynaecological,2,0.0,59.0,Female,,EUR
TCGA-D1-A0ZQ,Uterine_Corpus_Endometrial_Carcinoma,gynaecological,14,5.0,90.0,Female,,EUR
TCGA-D1-A0ZR,Uterine_Corpus_Endometrial_Carcinoma,gynaecological,10,2.0,57.0,Female,,EUR
TCGA-D1-A0ZS,Uterine_Corpus_Endometrial_Carcinoma,gynaecological,109,10.0,54.0,Female,,EUR
TCGA-D1-A0ZU,Uterine_Corpus_Endometrial_Carcinoma,gynaecological,9,4.0,34.0,Female,,EUR
TCGA-D1-A0ZV,Uterine_Corpus_Endometrial_Carcinoma,gynaecological,8,2.0,58.0,Female,,EUR
TCGA-D1-A0ZZ,Uterine_Corpus_Endometrial_Carcinoma,gynaecological,10,1.0,80.0,Female,, 
TCGA-D1-A101,Uterine_Corpus_Endometrial_Carcinoma,gynaecological,107,9.0,60.0,Female,,EUR
TCGA-D1-A102,Uterine_Corpus_Endometrial_Carcinoma,gynaecological,7,1.0,49.0,Female,,EUR
TCGA-D1-A103,Uterine_Corpus_Endometrial_Carcinoma,gynaecological,597,17.0,87.0,Female,,EUR
TCGA-D1-A15V,Uterine_Corpus_Endometrial_Carcinoma,gynaecological,3,0.0,68.0,Female,,EUR
TCGA-D1-A15W,Uterine_Corpus_Endometrial_Carcinoma,gynaecological,8,2.0,58.0,Female,,EUR
TCGA-D1-A15X,Uterine_Corpus_Endometrial_Carcinoma,gynaecological,77,4.0,45.0,Female,,EUR
TCGA-D1-A15Z,Uterine_Corpus_Endometrial_Carcinoma,gynaecological,14,2.0,72.0,Female,,EUR
TCGA-D1-A160,Uterine_Corpus_Endometrial_Carcinoma,gynaecological,128,7.0,70.0,Female,,EUR
TCGA-D1-A161,Uterine_Corpus_Endometrial_Carcinoma,gynaecological,12,4.0,78.0,Female,,EUR
TCGA-D1-A163,Uterine_Corpus_Endometrial_Carcinoma,gynaecological,177,16.0,50.0,Female,,EUR
TCGA-D1-A165,Uterine_Corpus_Endometrial_Carcinoma,gynaecological,11,5.0,64.0,Female,,EUR
TCGA-D1-A167,Uterine_Corpus_Endometrial_Carcinoma,gynaecological,159,7.0,70.0,Female,,EUR
TCGA-D1-A168,Uterine_Corpus_Endometrial_Carcinoma,gynaecological,10,2.0,67.0,Female,,EUR
TCGA-D1-A169,Uterine_Corpus_Endometrial_Carcinoma,gynaecological,8,1.0,63.0,Female,,EUR
TCGA-D1-A16B,Uterine_Corpus_Endometrial_Carcinoma,gynaecological,8,4.0,64.0,Female,,EUR
TCGA-D1-A16D,Uterine_Corpus_Endometrial_Carcinoma,gynaecological,7,3.0,49.0,Female,,EUR
TCGA-D1-A16E,Uterine_Corpus_Endometrial_Carcinoma,gynaecological,12,3.0,73.0,Female,,EUR
TCGA-D1-A16F,Uterine_Corpus_Endometrial_Carcinoma,gynaecological,136,6.0,60.0,Female,,EUR
TCGA-D1-A16G,Uterine_Corpus_Endometrial_Carcinoma,gynaecological,5,2.0,74.0,Female,,EUR
TCGA-D1-A16I,Uterine_Corpus_Endometrial_Carcinoma,gynaecological,6,2.0,62.0,Female,,EUR
TCGA-D1-A16J,Uterine_Corpus_Endometrial_Carcinoma,gynaecological,21,0.0,61.0,Female,,EUR
TCGA-D1-A16N,Uterine_Corpus_Endometrial_Carcinoma,gynaecological,25,4.0,51.0,Female,,EUR
TCGA-D1-A16O,Uterine_Corpus_Endometrial_Carcinoma,gynaecological,6,2.0,44.0,Female,,EUR
TCGA-D1-A16Q,Uterine_Corpus_Endometrial_Carcinoma,gynaecological,6,3.0,54.0,Female,,EUR
TCGA-D1-A16R,Uterine_Corpus_Endometrial_Carcinoma,gynaecological,4,0.0,39.0,Female,,EUR
TCGA-D1-A16S,Uterine_Corpus_Endometrial_Carcinoma,gynaecological,7,0.0,70.0,Female,,EUR
TCGA-D1-A16V,Uterine_Corpus_Endometrial_Carcinoma,gynaecological,8,3.0,78.0,Female,,EUR
TCGA-D1-A16X,Uterine_Corpus_Endometrial_Carcinoma,gynaecological,395,12.0,54.0,Female,,EUR
TCGA-D1-A16Y,Uterine_Corpus_Endometrial_Carcinoma,gynaecological,117,14.0,56.0,Female,,EUR
TCGA-D1-A174,Uterine_Corpus_Endometrial_Carcinoma,gynaecological,221,16.0,51.0,Female,,EUR
TCGA-D1-A176,Uterine_Corpus_Endometrial_Carcinoma,gynaecological,108,11.0,67.0,Female,,EUR
TCGA-D1-A177,Uterine_Corpus_Endometrial_Carcinoma,gynaecological,249,13.0,70.0,Female,,EUR
TCGA-D1-A17A,Uterine_Corpus_Endometrial_Carcinoma,gynaecological,55,6.0,59.0,Female,,EUR
TCGA-D1-A17B,Uterine_Corpus_Endometrial_Carcinoma,gynaecological,65,8.0,69.0,Female,,EUR
TCGA-D1-A17C,Uterine_Corpus_Endometrial_Carcinoma,gynaecological,11,4.0,78.0,Female,,EUR
TCGA-D1-A17D,Uterine_Corpus_Endometrial_Carcinoma,gynaecological,110,8.0,58.0,Female,,EUR
TCGA-D1-A17F,Uterine_Corpus_Endometrial_Carcinoma,gynaecological,34,6.0,68.0,Female,,EUR
TCGA-D1-A17H,Uterine_Corpus_Endometrial_Carcinoma,gynaecological,198,14.0,61.0,Female,,EUR
TCGA-D1-A17K,Uterine_Corpus_Endometrial_Carcinoma,gynaecological,7,2.0,74.0,Female,,EUR
TCGA-D1-A17L,Uterine_Corpus_Endometrial_Carcinoma,gynaecological,6,1.0,81.0,Female,,EUR
TCGA-D1-A17M,Uterine_Corpus_Endometrial_Carcinoma,gynaecological,105,7.0,56.0,Female,,EUR
TCGA-D1-A17N,Uterine_Corpus_Endometrial_Carcinoma,gynaecological,6,2.0,46.0,Female,,EUR
TCGA-D1-A17Q,Uterine_Corpus_Endometrial_Carcinoma,gynaecological,781,25.0,54.0,Female,,EUR
TCGA-D1-A17R,Uterine_Corpus_Endometrial_Carcinoma,gynaecological,51,5.0,58.0,Female,,EUR
TCGA-D1-A17S,Uterine_Corpus_Endometrial_Carcinoma,gynaecological,3,1.0,59.0,Female,,EUR
TCGA-D1-A17T,Uterine_Corpus_Endometrial_Carcinoma,gynaecological,8,3.0,67.0,Female,,EUR
TCGA-D1-A17U,Uterine_Corpus_Endometrial_Carcinoma,gynaecological,127,10.0,53.0,Female,,EUR
TCGA-D1-A1NS,Uterine_Corpus_Endometrial_Carcinoma,gynaecological,79,10.0,53.0,Female,,EUR
TCGA-D1-A1NU,Uterine_Corpus_Endometrial_Carcinoma,gynaecological,7,0.0,74.0,Female,,EUR
TCGA-D1-A1NX,Uterine_Corpus_Endometrial_Carcinoma,gynaecological,4,0.0,66.0,Female,,EUR
TCGA-D1-A1NY,Uterine_Corpus_Endometrial_Carcinoma,gynaecological,179,14.0,67.0,Female,,EUR
TCGA-D1-A1NZ,Uterine_Corpus_Endometrial_Carcinoma,gynaecological,183,10.0,60.0,Female,,EUR
TCGA-D1-A1O0,Uterine_Corpus_Endometrial_Carcinoma,gynaecological,6,0.0,77.0,Female,,EUR
TCGA-D1-A1O5,Uterine_Corpus_Endometrial_Carcinoma,gynaecological,4,2.0,61.0,Female,,EUR
TCGA-D1-A1O7,Uterine_Corpus_Endometrial_Carcinoma,gynaecological,67,8.0,60.0,Female,,EUR
TCGA-D1-A1O8,Uterine_Corpus_Endometrial_Carcinoma,gynaecological,6,3.0,70.0,Female,,EUR
TCGA-D1-A2G0,Uterine_Corpus_Endometrial_Carcinoma,gynaecological,247,16.0,70.0,Female,,EUR
TCGA-D1-A2G5,Uterine_Corpus_Endometrial_Carcinoma,gynaecological,55,4.0,50.0,Female,,EUR
TCGA-D1-A2G6,Uterine_Corpus_Endometrial_Carcinoma,gynaecological,8,2.0,53.0,Female,,EUR
TCGA-D1-A2G7,Uterine_Corpus_Endometrial_Carcinoma,gynaecological,6,0.0,65.0,Female,,EUR
TCGA-D1-A3DA,Uterine_Corpus_Endometrial_Carcinoma,gynaecological,11,1.0,77.0,Female,,EUR
TCGA-D1-A3DG,Uterine_Corpus_Endometrial_Carcinoma,gynaecological,10,3.0,81.0,Female,,EUR
TCGA-D1-A3DH,Uterine_Corpus_Endometrial_Carcinoma,gynaecological,11,1.0,71.0,Female,,EUR
TCGA-D1-A3JQ,Uterine_Corpus_Endometrial_Carcinoma,gynaecological,4,0.0,61.0,Female,,EUR
TCGA-DF-A2KR,Uterine_Corpus_Endometrial_Carcinoma,gynaecological,9,0.0,84.0,Female,,EUR
TCGA-DF-A2KS,Uterine_Corpus_Endometrial_Carcinoma,gynaecological,12,2.0,69.0,Female,,EUR
TCGA-DF-A2KV,Uterine_Corpus_Endometrial_Carcinoma,gynaecological,187,7.0,55.0,Female,,EUR
TCGA-DF-A2KZ,Uterine_Corpus_Endometrial_Carcinoma,gynaecological,157,8.0,87.0,Female,,EUR
TCGA-DF-A2L0,Uterine_Corpus_Endometrial_Carcinoma,gynaecological,8,2.0,60.0,Female,,EUR
TCGA-DI-A0WH,Uterine_Corpus_Endometrial_Carcinoma,gynaecological,137,6.0,64.0,Female,,EUR
TCGA-DI-A1BU,Uterine_Corpus_Endometrial_Carcinoma,gynaecological,836,30.0,55.0,Female,,EUR
TCGA-DI-A1BY,Uterine_Corpus_Endometrial_Carcinoma,gynaecological,14,2.0,63.0,Female,,EUR
TCGA-DI-A1C3,Uterine_Corpus_Endometrial_Carcinoma,gynaecological,4,2.0,38.0,Female,,EUR
TCGA-DI-A1NN,Uterine_Corpus_Endometrial_Carcinoma,gynaecological,7,3.0,63.0,Female,,EUR
TCGA-DI-A1NO,Uterine_Corpus_Endometrial_Carcinoma,gynaecological,31,1.0,68.0,Female,,EUR
TCGA-DI-A2QT,Uterine_Corpus_Endometrial_Carcinoma,gynaecological,2,1.0,51.0,Female,,AMR
TCGA-DI-A2QU,Uterine_Corpus_Endometrial_Carcinoma,gynaecological,10,1.0,67.0,Female,,EUR
TCGA-DI-A2QY,Uterine_Corpus_Endometrial_Carcinoma,gynaecological,9,0.0,64.0,Female,,EUR
TCGA-E6-A1LX,Uterine_Corpus_Endometrial_Carcinoma,gynaecological,1406,25.0,40.0,Female,,EUR
TCGA-E6-A1LZ,Uterine_Corpus_Endometrial_Carcinoma,gynaecological,31,0.0,76.0,Female,,AFR_ADMIX
TCGA-E6-A1M0,Uterine_Corpus_Endometrial_Carcinoma,gynaecological,244,14.0,56.0,Female,,EUR
TCGA-E6-A2P8,Uterine_Corpus_Endometrial_Carcinoma,gynaecological,154,16.0,53.0,Female,,AFR
TCGA-E6-A2P9,Uterine_Corpus_Endometrial_Carcinoma,gynaecological,222,12.0,65.0,Female,,EUR
TCGA-E6-A8L9,Uterine_Corpus_Endometrial_Carcinoma,gynaecological,4,1.0,61.0,Female,,AFR_ADMIX
TCGA-EC-A1NJ,Uterine_Corpus_Endometrial_Carcinoma,gynaecological,51,6.0,73.0,Female,,EUR
TCGA-EC-A1QX,Uterine_Corpus_Endometrial_Carcinoma,gynaecological,146,8.0,71.0,Female,,EUR
TCGA-EC-A24G,Uterine_Corpus_Endometrial_Carcinoma,gynaecological,96,6.0,57.0,Female,,EUR
TCGA-EO-A1Y5,Uterine_Corpus_Endometrial_Carcinoma,gynaecological,10,0.0,63.0,Female,,EUR
TCGA-EO-A1Y7,Uterine_Corpus_Endometrial_Carcinoma,gynaecological,8,2.0,65.0,Female,,EUR
TCGA-EO-A1Y8,Uterine_Corpus_Endometrial_Carcinoma,gynaecological,3,0.0,87.0,Female,,EUR
TCGA-EO-A22R,Uterine_Corpus_Endometrial_Carcinoma,gynaecological,920,27.0,56.0,Female,,AFR
TCGA-EO-A22S,Uterine_Corpus_Endometrial_Carcinoma,gynaecological,221,18.0,58.0,Female,,EUR
TCGA-EO-A22T,Uterine_Corpus_Endometrial_Carcinoma,gynaecological,238,21.0,56.0,Female,,EAS
TCGA-EO-A22U,Uterine_Corpus_Endometrial_Carcinoma,gynaecological,1301,32.0,83.0,Female,,EUR
TCGA-EO-A22X,Uterine_Corpus_Endometrial_Carcinoma,gynaecological,1223,25.0,36.0,Female,,EUR
TCGA-EO-A22Y,Uterine_Corpus_Endometrial_Carcinoma,gynaecological,6,1.0,68.0,Female,,EUR
TCGA-EO-A2CG,Uterine_Corpus_Endometrial_Carcinoma,gynaecological,3,1.0,69.0,Female,,ADMIX
TCGA-EO-A2CH,Uterine_Corpus_Endometrial_Carcinoma,gynaecological,2,1.0,73.0,Female,,EUR
TCGA-EO-A3AS,Uterine_Corpus_Endometrial_Carcinoma,gynaecological,16,1.0,86.0,Female,,EUR
TCGA-EO-A3AU,Uterine_Corpus_Endometrial_Carcinoma,gynaecological,204,15.0,72.0,Female,,EUR
TCGA-EO-A3AV,Uterine_Corpus_Endometrial_Carcinoma,gynaecological,517,18.0,51.0,Female,,EAS
TCGA-EO-A3AY,Uterine_Corpus_Endometrial_Carcinoma,gynaecological,498,20.0,58.0,Female,,EUR
TCGA-EO-A3AZ,Uterine_Corpus_Endometrial_Carcinoma,gynaecological,224,14.0,80.0,Female,,EUR
TCGA-EO-A3B0,Uterine_Corpus_Endometrial_Carcinoma,gynaecological,1318,39.0,43.0,Female,,EAS
TCGA-EO-A3B1,Uterine_Corpus_Endometrial_Carcinoma,gynaecological,3,0.0,63.0,Female,,EUR
TCGA-EO-A3KU,Uterine_Corpus_Endometrial_Carcinoma,gynaecological,4,1.0,68.0,Female,,EAS
TCGA-EO-A3KW,Uterine_Corpus_Endometrial_Carcinoma,gynaecological,6,0.0,72.0,Female,,EUR_ADMIX
TCGA-EO-A3KX,Uterine_Corpus_Endometrial_Carcinoma,gynaecological,732,26.0,80.0,Female,,EAS
TCGA-EO-A3L0,Uterine_Corpus_Endometrial_Carcinoma,gynaecological,16,4.0,76.0,Female,,EUR
TCGA-EY-A1GC,Uterine_Corpus_Endometrial_Carcinoma,gynaecological,6,1.0,62.0,Female,,EUR
TCGA-EY-A1GD,Uterine_Corpus_Endometrial_Carcinoma,gynaecological,131,3.0,51.0,Female,,AFR_ADMIX
TCGA-EY-A1GE,Uterine_Corpus_Endometrial_Carcinoma,gynaecological,8,1.0,67.0,Female,,EUR
TCGA-EY-A1GF,Uterine_Corpus_Endometrial_Carcinoma,gynaecological,98,6.0,75.0,Female,,AFR_ADMIX
TCGA-EY-A1GH,Uterine_Corpus_Endometrial_Carcinoma,gynaecological,15,4.0,70.0,Female,,EUR
TCGA-EY-A1GI,Uterine_Corpus_Endometrial_Carcinoma,gynaecological,639,28.0,52.0,Female,,EUR
TCGA-EY-A1GJ,Uterine_Corpus_Endometrial_Carcinoma,gynaecological,4,1.0,73.0,Female,,AFR
TCGA-EY-A1GK,Uterine_Corpus_Endometrial_Carcinoma,gynaecological,267,15.0,74.0,Female,,EUR
TCGA-EY-A1GL,Uterine_Corpus_Endometrial_Carcinoma,gynaecological,6,0.0,51.0,Female,,EUR
TCGA-EY-A1GM,Uterine_Corpus_Endometrial_Carcinoma,gynaecological,3,1.0,60.0,Female,,AFR_ADMIX
TCGA-EY-A1GO,Uterine_Corpus_Endometrial_Carcinoma,gynaecological,58,2.0,65.0,Female,,EUR
TCGA-EY-A1GP,Uterine_Corpus_Endometrial_Carcinoma,gynaecological,7,0.0,54.0,Female,,AFR
TCGA-EY-A1GQ,Uterine_Corpus_Endometrial_Carcinoma,gynaecological,116,8.0,76.0,Female,,EUR
TCGA-EY-A1GR,Uterine_Corpus_Endometrial_Carcinoma,gynaecological,9,2.0,67.0,Female,,AFR
TCGA-EY-A1GS,Uterine_Corpus_Endometrial_Carcinoma,gynaecological,42,2.0,71.0,Female,,AFR_ADMIX
TCGA-EY-A1GT,Uterine_Corpus_Endometrial_Carcinoma,gynaecological,14,5.0,68.0,Female,,EUR
TCGA-EY-A1GU,Uterine_Corpus_Endometrial_Carcinoma,gynaecological,185,7.0,66.0,Female,,AFR
TCGA-EY-A1GV,Uterine_Corpus_Endometrial_Carcinoma,gynaecological,4,2.0,75.0,Female,,EUR
TCGA-EY-A1GW,Uterine_Corpus_Endometrial_Carcinoma,gynaecological,9,3.0,73.0,Female,,EUR
TCGA-EY-A1GX,Uterine_Corpus_Endometrial_Carcinoma,gynaecological,8,3.0,76.0,Female,,EUR
TCGA-EY-A1H0,Uterine_Corpus_Endometrial_Carcinoma,gynaecological,122,6.0,57.0,Female,,AFR
TCGA-EY-A210,Uterine_Corpus_Endometrial_Carcinoma,gynaecological,5,1.0,82.0,Female,,AFR_ADMIX
TCGA-EY-A212,Uterine_Corpus_Endometrial_Carcinoma,gynaecological,10,0.0,83.0,Female,,EUR
TCGA-EY-A214,Uterine_Corpus_Endometrial_Carcinoma,gynaecological,6,2.0,66.0,Female,,EUR
TCGA-EY-A215,Uterine_Corpus_Endometrial_Carcinoma,gynaecological,518,14.0,60.0,Female,,EUR
TCGA-EY-A2OM,Uterine_Corpus_Endometrial_Carcinoma,gynaecological,188,12.0,55.0,Female,,EUR
TCGA-EY-A2ON,Uterine_Corpus_Endometrial_Carcinoma,gynaecological,4,1.0,61.0,Female,,AFR
TCGA-EY-A2OO,Uterine_Corpus_Endometrial_Carcinoma,gynaecological,16,7.0,56.0,Female,,EUR
TCGA-EY-A2OP,Uterine_Corpus_Endometrial_Carcinoma,gynaecological,131,8.0,63.0,Female,,EUR
TCGA-EY-A2OQ,Uterine_Corpus_Endometrial_Carcinoma,gynaecological,5,0.0,61.0,Female,,EUR
TCGA-EY-A3L3,Uterine_Corpus_Endometrial_Carcinoma,gynaecological,5,0.0,82.0,Female,,AFR_ADMIX
TCGA-EY-A3QX,Uterine_Corpus_Endometrial_Carcinoma,gynaecological,7,0.0,64.0,Female,,EUR
TCGA-EY-A4KR,Uterine_Corpus_Endometrial_Carcinoma,gynaecological,7,0.0,56.0,Female,,AFR
TCGA-EY-A547,Uterine_Corpus_Endometrial_Carcinoma,gynaecological,29,3.0,75.0,Female,,AFR
TCGA-EY-A548,Uterine_Corpus_Endometrial_Carcinoma,gynaecological,182,14.0,83.0,Female,,AFR
TCGA-EY-A549,Uterine_Corpus_Endometrial_Carcinoma,gynaecological,208,12.0,78.0,Female,,AFR_ADMIX
TCGA-EY-A54A,Uterine_Corpus_Endometrial_Carcinoma,gynaecological,9,3.0,67.0,Female,,AFR
TCGA-EY-A5W2,Uterine_Corpus_Endometrial_Carcinoma,gynaecological,241,20.0,72.0,Female,,AFR
TCGA-EY-A72D,Uterine_Corpus_Endometrial_Carcinoma,gynaecological,6,0.0,87.0,Female,,AFR
TCGA-FI-A2CX,Uterine_Corpus_Endometrial_Carcinoma,gynaecological,2,0.0,82.0,Female,,EUR
TCGA-FI-A2CY,Uterine_Corpus_Endometrial_Carcinoma,gynaecological,4,0.0,60.0,Female,,AFR
TCGA-FI-A2D0,Uterine_Corpus_Endometrial_Carcinoma,gynaecological,527,25.0,55.0,Female,,EUR
TCGA-FI-A2D2,Uterine_Corpus_Endometrial_Carcinoma,gynaecological,5,1.0,66.0,Female,,EUR
TCGA-FI-A2D4,Uterine_Corpus_Endometrial_Carcinoma,gynaecological,101,9.0,44.0,Female,,EUR
TCGA-FI-A2D5,Uterine_Corpus_Endometrial_Carcinoma,gynaecological,799,23.0,56.0,Female,,EUR
TCGA-FI-A2D6,Uterine_Corpus_Endometrial_Carcinoma,gynaecological,195,14.0,74.0,Female,,EUR
TCGA-FI-A2EU,Uterine_Corpus_Endometrial_Carcinoma,gynaecological,8,3.0,68.0,Female,,EUR
TCGA-FI-A2EW,Uterine_Corpus_Endometrial_Carcinoma,gynaecological,15,3.0,71.0,Female,,AFR_ADMIX
TCGA-FI-A2EX,Uterine_Corpus_Endometrial_Carcinoma,gynaecological,9,0.0,58.0,Female,,EUR
TCGA-FI-A2EY,Uterine_Corpus_Endometrial_Carcinoma,gynaecological,11,1.0,63.0,Female,,EUR
TCGA-FI-A2F4,Uterine_Corpus_Endometrial_Carcinoma,gynaecological,336,14.0,64.0,Female,,AFR
TCGA-FI-A2F8,Uterine_Corpus_Endometrial_Carcinoma,gynaecological,3,1.0,64.0,Female,,EUR
TCGA-FI-A2F9,Uterine_Corpus_Endometrial_Carcinoma,gynaecological,9,0.0,79.0,Female,,EUR
TCGA-FI-A3PV,Uterine_Corpus_Endometrial_Carcinoma,gynaecological,5,0.0,68.0,Female,,AFR
TCGA-FI-A3PX,Uterine_Corpus_Endometrial_Carcinoma,gynaecological,7,0.0,57.0,Female,,EUR
TCGA-H5-A2HR,Uterine_Corpus_Endometrial_Carcinoma,gynaecological,8,1.0,71.0,Female,,AFR
TCGA-JU-AAVI,Uterine_Corpus_Endometrial_Carcinoma,gynaecological,9,0.0,61.0,Female,,AFR
TCGA-K6-A3WQ,Uterine_Corpus_Endometrial_Carcinoma,gynaecological,2,0.0,60.0,Female,, 
TCGA-KP-A3VZ,Uterine_Corpus_Endometrial_Carcinoma,gynaecological,6,0.0,69.0,Female,,EUR
TCGA-KP-A3W0,Uterine_Corpus_Endometrial_Carcinoma,gynaecological,7,2.0,72.0,Female,,EUR
TCGA-KP-A3W1,Uterine_Corpus_Endometrial_Carcinoma,gynaecological,4,0.0,76.0,Female,,EUR
TCGA-KP-A3W3,Uterine_Corpus_Endometrial_Carcinoma,gynaecological,2,1.0,72.0,Female,,EUR
TCGA-KP-A3W4,Uterine_Corpus_Endometrial_Carcinoma,gynaecological,10,2.0,63.0,Female,,EUR
TCGA-PG-A5BC,Uterine_Corpus_Endometrial_Carcinoma,gynaecological,1,0.0,72.0,Female,,AFR
TCGA-PG-A6IB,Uterine_Corpus_Endometrial_Carcinoma,gynaecological,94,8.0,68.0,Female,,AFR_ADMIX
TCGA-PG-A7D5,Uterine_Corpus_Endometrial_Carcinoma,gynaecological,4,0.0,62.0,Female,,AFR
TCGA-PG-A914,Uterine_Corpus_Endometrial_Carcinoma,gynaecological,18,0.0,73.0,Female,,AFR
TCGA-PG-A915,Uterine_Corpus_Endometrial_Carcinoma,gynaecological,6,0.0,60.0,Female,,AFR
TCGA-PG-A916,Uterine_Corpus_Endometrial_Carcinoma,gynaecological,8,3.0,70.0,Female,,AFR_ADMIX
TCGA-PG-A917,Uterine_Corpus_Endometrial_Carcinoma,gynaecological,192,12.0,74.0,Female,,AFR
TCGA-QF-A5YS,Uterine_Corpus_Endometrial_Carcinoma,gynaecological,248,19.0,57.0,Female,,AFR
TCGA-QS-A5YQ,Uterine_Corpus_Endometrial_Carcinoma,gynaecological,158,8.0,55.0,Female,,AFR
TCGA-QS-A5YR,Uterine_Corpus_Endometrial_Carcinoma,gynaecological,74,6.0,61.0,Female,,AFR
TCGA-QS-A744,Uterine_Corpus_Endometrial_Carcinoma,gynaecological,8,6.0,86.0,Female,,AFR
TCGA-QS-A8F1,Uterine_Corpus_Endometrial_Carcinoma,gynaecological,7,2.0,85.0,Female,,AFR
TCGA-SJ-A6ZI,Uterine_Corpus_Endometrial_Carcinoma,gynaecological,122,5.0,64.0,Female,,AFR_ADMIX
TCGA-SJ-A6ZJ,Uterine_Corpus_Endometrial_Carcinoma,gynaecological,8,4.0,61.0,Female,,AFR_ADMIX
TCGA-SL-A6J9,Uterine_Corpus_Endometrial_Carcinoma,gynaecological,5,1.0,73.0,Female,,AFR
TCGA-SL-A6JA,Uterine_Corpus_Endometrial_Carcinoma,gynaecological,228,12.0,77.0,Female,,AFR_ADMIX
TCGA-N5-A4R8,Uterine_Carcinosarcoma,gynaecological,7,0.0,65.0,Female,,EUR
TCGA-N5-A4RA,Uterine_Carcinosarcoma,gynaecological,4,1.0,63.0,Female,, 
TCGA-N5-A4RD,Uterine_Carcinosarcoma,gynaecological,8,1.0,69.0,Female,,EUR
TCGA-N5-A4RF,Uterine_Carcinosarcoma,gynaecological,10,4.0,68.0,Female,,EUR
TCGA-N5-A4RJ,Uterine_Carcinosarcoma,gynaecological,4,1.0,61.0,Female,,EUR
TCGA-N5-A4RM,Uterine_Carcinosarcoma,gynaecological,7,0.0,62.0,Female,,EUR
TCGA-N5-A4RN,Uterine_Carcinosarcoma,gynaecological,8,0.0,71.0,Female,,EUR
TCGA-N5-A4RO,Uterine_Carcinosarcoma,gynaecological,6,1.0,67.0,Female,,AFR_ADMIX
TCGA-N5-A4RS,Uterine_Carcinosarcoma,gynaecological,6,1.0,65.0,Female,,EUR
TCGA-N5-A4RT,Uterine_Carcinosarcoma,gynaecological,7,1.0,69.0,Female,,EUR
TCGA-N5-A4RU,Uterine_Carcinosarcoma,gynaecological,2,0.0,54.0,Female,,EUR
TCGA-N5-A4RV,Uterine_Carcinosarcoma,gynaecological,6,1.0,62.0,Female,,EUR
TCGA-N5-A59E,Uterine_Carcinosarcoma,gynaecological,10,0.0,62.0,Female,,EUR
TCGA-N5-A59F,Uterine_Carcinosarcoma,gynaecological,1,0.0,65.0,Female,,AFR_ADMIX
TCGA-N6-A4V9,Uterine_Carcinosarcoma,gynaecological,6,0.0,59.0,Female,,EUR
TCGA-N6-A4VC,Uterine_Carcinosarcoma,gynaecological,6,1.0,83.0,Female,,EUR
TCGA-N6-A4VD,Uterine_Carcinosarcoma,gynaecological,13,0.0,81.0,Female,,EUR
TCGA-N6-A4VE,Uterine_Carcinosarcoma,gynaecological,5,1.0,84.0,Female,,EUR
TCGA-N6-A4VF,Uterine_Carcinosarcoma,gynaecological,4,0.0,51.0,Female,,EUR
TCGA-N6-A4VG,Uterine_Carcinosarcoma,gynaecological,1,0.0,77.0,Female,,EUR
TCGA-N7-A4Y0,Uterine_Carcinosarcoma,gynaecological,195,17.0,65.0,Female,,EUR
TCGA-N7-A4Y5,Uterine_Carcinosarcoma,gynaecological,4,0.0,87.0,Female,,EUR
TCGA-N7-A4Y8,Uterine_Carcinosarcoma,gynaecological,4,1.0,72.0,Female,,EUR
TCGA-N7-A59B,Uterine_Carcinosarcoma,gynaecological,7,0.0,69.0,Female,,EUR
TCGA-N8-A4PI,Uterine_Carcinosarcoma,gynaecological,8,5.0,71.0,Female,,EUR
TCGA-N8-A4PL,Uterine_Carcinosarcoma,gynaecological,3,0.0,82.0,Female,,EUR
TCGA-N8-A4PM,Uterine_Carcinosarcoma,gynaecological,5,2.0,73.0,Female,,EUR
TCGA-N8-A4PN,Uterine_Carcinosarcoma,gynaecological,6,2.0,68.0,Female,,EUR
TCGA-OR-A5J1,Adrenocortical_Carcinoma,endocrine,3,0.0,58.0,Male,STAGE II,EUR
TCGA-OR-A5J2,Adrenocortical_Carcinoma,endocrine,6,3.0,44.0,Female,STAGE IV,EUR
TCGA-OR-A5J8,Adrenocortical_Carcinoma,endocrine,14,0.0,66.0,Male,STAGE III,EUR
TCGA-OR-A5JA,Adrenocortical_Carcinoma,endocrine,89,3.0,53.0,Female,STAGE IV,EUR
TCGA-OR-A5JB,Adrenocortical_Carcinoma,endocrine,35,2.0,52.0,Male,STAGE IV,EUR
TCGA-OR-A5JC,Adrenocortical_Carcinoma,endocrine,1,0.0,37.0,Male,,EUR
TCGA-OR-A5JD,Adrenocortical_Carcinoma,endocrine,3,0.0,57.0,Female,STAGE II,EUR
TCGA-OR-A5JE,Adrenocortical_Carcinoma,endocrine,4,1.0,17.0,Female,STAGE I,EUR
TCGA-OR-A5JF,Adrenocortical_Carcinoma,endocrine,3,0.0,69.0,Female,STAGE II,EUR_ADMIX
TCGA-OR-A5JG,Adrenocortical_Carcinoma,endocrine,2,0.0,61.0,Male,STAGE IV,EUR
TCGA-OR-A5JH,Adrenocortical_Carcinoma,endocrine,1,0.0,32.0,Female,STAGE II,EUR
TCGA-OR-A5JI,Adrenocortical_Carcinoma,endocrine,2,0.0,22.0,Male,STAGE I,EUR
TCGA-OR-A5JJ,Adrenocortical_Carcinoma,endocrine,1,0.0,65.0,Male,STAGE IV,EUR
TCGA-OR-A5JK,Adrenocortical_Carcinoma,endocrine,3,0.0,49.0,Male,STAGE IV,EUR
TCGA-OR-A5JM,Adrenocortical_Carcinoma,endocrine,14,2.0,25.0,Female,STAGE IV,EUR
TCGA-OR-A5JO,Adrenocortical_Carcinoma,endocrine,1,0.0,26.0,Female,STAGE I,EUR
TCGA-OR-A5JP,Adrenocortical_Carcinoma,endocrine,11,2.0,40.0,Male,STAGE II,EUR
TCGA-OR-A5JR,Adrenocortical_Carcinoma,endocrine,1,0.0,45.0,Male,STAGE I,EUR
TCGA-OR-A5JS,Adrenocortical_Carcinoma,endocrine,4,1.0,65.0,Female,STAGE II,EUR
TCGA-OR-A5JT,Adrenocortical_Carcinoma,endocrine,4,0.0,65.0,Female,STAGE II,EUR
TCGA-OR-A5JU,Adrenocortical_Carcinoma,endocrine,2,0.0,58.0,Female,STAGE III,EUR
TCGA-OR-A5JV,Adrenocortical_Carcinoma,endocrine,1,0.0,55.0,Male,STAGE II,EUR
TCGA-OR-A5JW,Adrenocortical_Carcinoma,endocrine,2,0.0,47.0,Male,STAGE II,EUR
TCGA-OR-A5JX,Adrenocortical_Carcinoma,endocrine,4,0.0,50.0,Male,STAGE III,EUR
TCGA-OR-A5JY,Adrenocortical_Carcinoma,endocrine,6,0.0,68.0,Female,STAGE IV,EUR
TCGA-OR-A5JZ,Adrenocortical_Carcinoma,endocrine,1,0.0,60.0,Male,STAGE II,EUR
TCGA-OR-A5K0,Adrenocortical_Carcinoma,endocrine,15,1.0,69.0,Female,STAGE II,EUR
TCGA-OR-A5K1,Adrenocortical_Carcinoma,endocrine,2,0.0,48.0,Male,STAGE II,EUR
TCGA-OR-A5K2,Adrenocortical_Carcinoma,endocrine,2,0.0,32.0,Female,STAGE III,EUR
TCGA-OR-A5K4,Adrenocortical_Carcinoma,endocrine,12,1.0,64.0,Female,STAGE III,EUR
TCGA-OR-A5K5,Adrenocortical_Carcinoma,endocrine,19,1.0,59.0,Female,STAGE III,EUR
TCGA-OR-A5K6,Adrenocortical_Carcinoma,endocrine,4,1.0,56.0,Female,STAGE II,EUR
TCGA-OR-A5K8,Adrenocortical_Carcinoma,endocrine,2,0.0,39.0,Male,STAGE II,EUR
TCGA-OR-A5K9,Adrenocortical_Carcinoma,endocrine,10,1.0,61.0,Female,STAGE II,EUR
TCGA-OR-A5KB,Adrenocortical_Carcinoma,endocrine,195,4.0,61.0,Female,STAGE II,EUR
TCGA-OR-A5KO,Adrenocortical_Carcinoma,endocrine,2,1.0,39.0,Female,STAGE IV,EUR
TCGA-OR-A5KP,Adrenocortical_Carcinoma,endocrine,15,2.0,45.0,Female,STAGE II,EUR
TCGA-OR-A5KS,Adrenocortical_Carcinoma,endocrine,4,0.0,72.0,Male,STAGE II,EUR
TCGA-OR-A5KT,Adrenocortical_Carcinoma,endocrine,5,2.0,44.0,Female,STAGE I,EUR
TCGA-OR-A5KU,Adrenocortical_Carcinoma,endocrine,2,0.0,37.0,Female,STAGE II,EUR
TCGA-OR-A5KV,Adrenocortical_Carcinoma,endocrine,2,0.0,17.0,Female,STAGE III,EUR
TCGA-OR-A5KW,Adrenocortical_Carcinoma,endocrine,3,0.0,55.0,Female,STAGE III,EUR
TCGA-OR-A5KX,Adrenocortical_Carcinoma,endocrine,6,0.0,25.0,Female,STAGE III,EUR
TCGA-OR-A5KY,Adrenocortical_Carcinoma,endocrine,5,0.0,23.0,Female,STAGE IV,EUR
TCGA-OR-A5KZ,Adrenocortical_Carcinoma,endocrine,6,1.0,42.0,Male,STAGE II,EUR
TCGA-OR-A5L1,Adrenocortical_Carcinoma,endocrine,2,0.0,37.0,Female,STAGE II,EUR
TCGA-OR-A5L2,Adrenocortical_Carcinoma,endocrine,15,0.0,83.0,Female,STAGE II,EUR
TCGA-OR-A5L3,Adrenocortical_Carcinoma,endocrine,2,0.0,67.0,Female,STAGE I,EUR
TCGA-OR-A5L4,Adrenocortical_Carcinoma,endocrine,2,0.0,48.0,Female,STAGE III,EUR
TCGA-OR-A5L5,Adrenocortical_Carcinoma,endocrine,1,0.0,77.0,Female,STAGE I,EUR
TCGA-OR-A5L6,Adrenocortical_Carcinoma,endocrine,3,0.0,60.0,Male,STAGE II,EUR
TCGA-OR-A5L9,Adrenocortical_Carcinoma,endocrine,1,0.0,53.0,Female,STAGE II,EUR
TCGA-OR-A5LB,Adrenocortical_Carcinoma,endocrine,74,6.0,59.0,Male,STAGE IV,EUR
TCGA-OR-A5LC,Adrenocortical_Carcinoma,endocrine,4,0.0,71.0,Female,STAGE IV,EUR
TCGA-OR-A5LD,Adrenocortical_Carcinoma,endocrine,12,0.0,52.0,Male,STAGE III,EUR
TCGA-OR-A5LE,Adrenocortical_Carcinoma,endocrine,3,1.0,14.0,Male,STAGE II,EUR
TCGA-OR-A5LF,Adrenocortical_Carcinoma,endocrine,5,1.0,74.0,Female,STAGE III,EUR
TCGA-OR-A5LG,Adrenocortical_Carcinoma,endocrine,2,0.0,46.0,Male,STAGE III,EUR
TCGA-OR-A5LH,Adrenocortical_Carcinoma,endocrine,2,0.0,36.0,Female,STAGE II,EUR
TCGA-OR-A5LI,Adrenocortical_Carcinoma,endocrine,6,0.0,42.0,Female,STAGE IV,EUR
TCGA-OR-A5LJ,Adrenocortical_Carcinoma,endocrine,86,6.0,54.0,Female,STAGE IV,EUR
TCGA-OR-A5LK,Adrenocortical_Carcinoma,endocrine,4,0.0,62.0,Male,STAGE II,EUR
TCGA-OR-A5LL,Adrenocortical_Carcinoma,endocrine,3,0.0,75.0,Female,STAGE II,EUR
TCGA-OR-A5LM,Adrenocortical_Carcinoma,endocrine,1,0.0,23.0,Male,STAGE II,EUR
TCGA-OR-A5LO,Adrenocortical_Carcinoma,endocrine,6,0.0,61.0,Female,STAGE II,EUR
TCGA-OR-A5LR,Adrenocortical_Carcinoma,endocrine,1,0.0,30.0,Female,STAGE II,EUR
TCGA-OR-A5LS,Adrenocortical_Carcinoma,endocrine,3,0.0,34.0,Female,STAGE II,EUR
TCGA-OR-A5LT,Adrenocortical_Carcinoma,endocrine,6,1.0,57.0,Male,STAGE III,EUR
TCGA-OU-A5PI,Adrenocortical_Carcinoma,endocrine,3,0.0,53.0,Female,STAGE IV,EUR
TCGA-P6-A5OF,Adrenocortical_Carcinoma,endocrine,6,1.0,55.0,Female,STAGE III,EUR
TCGA-P6-A5OH,Adrenocortical_Carcinoma,endocrine,21,1.0,59.0,Female,STAGE IV,EUR
TCGA-PA-A5YG,Adrenocortical_Carcinoma,endocrine,2,0.0,51.0,Male,STAGE II,EUR
TCGA-PK-A5H8,Adrenocortical_Carcinoma,endocrine,4,0.0,42.0,Male,STAGE II,EUR
TCGA-PK-A5H9,Adrenocortical_Carcinoma,endocrine,2,0.0,27.0,Female,STAGE II,EAS
TCGA-PK-A5HA,Adrenocortical_Carcinoma,endocrine,5,0.0,63.0,Male,STAGE I,EUR
TCGA-PK-A5HB,Adrenocortical_Carcinoma,endocrine,135,5.0,63.0,Male,,EUR
TCGA-PK-A5HC,Adrenocortical_Carcinoma,endocrine,3,1.0,44.0,Female,STAGE III,EAS
TCGA-3L-AA1B,Colorectal_Adenocarcinoma,digestive,9,2.0,61.0,Female,STAGE I,AFR_ADMIX
TCGA-4N-A93T,Colorectal_Adenocarcinoma,digestive,10,1.0,67.0,Male,STAGE IIIB,AFR
TCGA-4T-AA8H,Colorectal_Adenocarcinoma,digestive,13,2.0,42.0,Female,STAGE IIA,AFR_ADMIX
TCGA-5M-AAT4,Colorectal_Adenocarcinoma,digestive,17,5.0,74.0,Male,STAGE IV,AFR
TCGA-5M-AAT6,Colorectal_Adenocarcinoma,digestive,375,14.0,40.0,Female,STAGE IV,AFR
TCGA-5M-AATE,Colorectal_Adenocarcinoma,digestive,10,1.0,76.0,Male,STAGE IIA, 
TCGA-A6-2671,Colorectal_Adenocarcinoma,digestive,11,6.0,85.0,Male,STAGE IV,EUR
TCGA-A6-2674,Colorectal_Adenocarcinoma,digestive,7,1.0,71.0,Male,STAGE IV,EUR
TCGA-A6-2675,Colorectal_Adenocarcinoma,digestive,7,5.0,78.0,Male,STAGE IIA,EUR
TCGA-A6-2677,Colorectal_Adenocarcinoma,digestive,13,2.0,68.0,Female,STAGE IIIC,EUR
TCGA-A6-2681,Colorectal_Adenocarcinoma,digestive,8,3.0,73.0,Female,STAGE IIA,EUR
TCGA-A6-2684,Colorectal_Adenocarcinoma,digestive,7,3.0,75.0,Female,STAGE I,EUR
TCGA-A6-2685,Colorectal_Adenocarcinoma,digestive,3,1.0,48.0,Female,STAGE IIA,AFR
TCGA-A6-2686,Colorectal_Adenocarcinoma,digestive,544,21.0,81.0,Female,STAGE IIA,EUR
TCGA-A6-3809,Colorectal_Adenocarcinoma,digestive,289,16.0,71.0,Female,STAGE IIB,EUR
TCGA-A6-3810,Colorectal_Adenocarcinoma,digestive,10,1.0,62.0,Male,STAGE IIA,EUR
TCGA-A6-4105,Colorectal_Adenocarcinoma,digestive,9,3.0,79.0,Male,STAGE IIA,EUR
TCGA-A6-4107,Colorectal_Adenocarcinoma,digestive,11,1.0,57.0,Female,STAGE IIIB,EUR
TCGA-A6-5656,Colorectal_Adenocarcinoma,digestive,12,3.0,74.0,Male,STAGE I,EUR
TCGA-A6-5657,Colorectal_Adenocarcinoma,digestive,12,2.0,65.0,Male,STAGE IIIB,AFR
TCGA-A6-5659,Colorectal_Adenocarcinoma,digestive,22,1.0,82.0,Male,STAGE I,EUR
TCGA-A6-5660,Colorectal_Adenocarcinoma,digestive,13,4.0,73.0,Male,STAGE IIIC,AFR_ADMIX
TCGA-A6-5661,Colorectal_Adenocarcinoma,digestive,251,7.0,80.0,Female,STAGE IIA,AFR
TCGA-A6-5662,Colorectal_Adenocarcinoma,digestive,9,3.0,46.0,Male,STAGE IVA,EUR
TCGA-A6-5664,Colorectal_Adenocarcinoma,digestive,9,2.0,80.0,Male,STAGE IIIC,AFR_ADMIX
TCGA-A6-5665,Colorectal_Adenocarcinoma,digestive,441,19.0,84.0,Female,STAGE IIA,EUR
TCGA-A6-5666,Colorectal_Adenocarcinoma,digestive,9,3.0,78.0,Male,STAGE IIC,EUR
TCGA-A6-5667,Colorectal_Adenocarcinoma,digestive,6,1.0,40.0,Female,STAGE IIIB,EUR
TCGA-A6-6137,Colorectal_Adenocarcinoma,digestive,15,5.0,55.0,Male,STAGE IIIB,EUR
TCGA-A6-6138,Colorectal_Adenocarcinoma,digestive,7,1.0,61.0,Male,STAGE I,EUR
TCGA-A6-6142,Colorectal_Adenocarcinoma,digestive,12,2.0,56.0,Female,STAGE IVA,EUR
TCGA-A6-6648,Colorectal_Adenocarcinoma,digestive,12,2.0,56.0,Male,STAGE IVA,EUR
TCGA-A6-6649,Colorectal_Adenocarcinoma,digestive,10,1.0,66.0,Male,STAGE IIIB,EUR
TCGA-A6-6651,Colorectal_Adenocarcinoma,digestive,6,1.0,55.0,Female,STAGE IIIB,EUR_ADMIX
TCGA-A6-6652,Colorectal_Adenocarcinoma,digestive,10,3.0,59.0,Male,STAGE IVA,AFR_ADMIX
TCGA-A6-6653,Colorectal_Adenocarcinoma,digestive,235,8.0,82.0,Male,STAGE I,EUR
TCGA-A6-6654,Colorectal_Adenocarcinoma,digestive,12,3.0,65.0,Female,STAGE IIIB,EUR
TCGA-A6-6780,Colorectal_Adenocarcinoma,digestive,304,13.0,74.0,Male,STAGE IIA,EUR
TCGA-A6-6781,Colorectal_Adenocarcinoma,digestive,418,24.0,43.0,Male,STAGE IIIC,EUR
TCGA-A6-6782,Colorectal_Adenocarcinoma,digestive,19,2.0,82.0,Male,STAGE IIB,EUR
TCGA-A6-A565,Colorectal_Adenocarcinoma,digestive,67,1.0,34.0,Female,STAGE IIIC,AFR
TCGA-A6-A566,Colorectal_Adenocarcinoma,digestive,19,5.0,55.0,Female,STAGE IIIB,AFR
TCGA-A6-A567,Colorectal_Adenocarcinoma,digestive,6,1.0,56.0,Male,STAGE IV,AFR
TCGA-A6-A56B,Colorectal_Adenocarcinoma,digestive,10,2.0,57.0,Male,STAGE IIIB,AFR
TCGA-AA-3489,Colorectal_Adenocarcinoma,digestive,13,2.0,75.0,Male,STAGE II,EUR
TCGA-AA-3492,Colorectal_Adenocarcinoma,digestive,429,20.0,90.0,Female,STAGE II,EUR
TCGA-AA-3496,Colorectal_Adenocarcinoma,digestive,16,3.0,83.0,Female,STAGE II,EUR
TCGA-AA-3502,Colorectal_Adenocarcinoma,digestive,14,1.0,73.0,Male,STAGE I,EUR
TCGA-AA-3506,Colorectal_Adenocarcinoma,digestive,14,5.0,77.0,Male,STAGE I,EUR
TCGA-AA-3510,Colorectal_Adenocarcinoma,digestive,421,9.0,70.0,Male,STAGE II,EUR
TCGA-AA-3511,Colorectal_Adenocarcinoma,digestive,14,1.0,64.0,Male,STAGE II,EUR
TCGA-AA-3522,Colorectal_Adenocarcinoma,digestive,1,0.0,67.0,Male,STAGE IIA,EUR
TCGA-AA-3655,Colorectal_Adenocarcinoma,digestive,9,3.0,68.0,Male,STAGE II,EUR
TCGA-AA-3660,Colorectal_Adenocarcinoma,digestive,20,1.0,51.0,Female,STAGE II,EUR
TCGA-AA-3663,Colorectal_Adenocarcinoma,digestive,465,10.0,42.0,Male,STAGE II,EUR
TCGA-AA-3712,Colorectal_Adenocarcinoma,digestive,5,1.0,65.0,Male,STAGE III,EUR
TCGA-AA-3713,Colorectal_Adenocarcinoma,digestive,281,6.0,68.0,Male,STAGE IV,EUR
TCGA-AA-3947,Colorectal_Adenocarcinoma,digestive,466,16.0,60.0,Female,STAGE IIB,EUR
TCGA-AA-3984,Colorectal_Adenocarcinoma,digestive,559,16.0,61.0,Female,STAGE IIA,EUR
TCGA-AA-A00N,Colorectal_Adenocarcinoma,digestive,513,7.0,75.0,Male,STAGE IIB,EUR
TCGA-AA-A010,Colorectal_Adenocarcinoma,digestive,745,35.0,46.0,Female,STAGE IIB,EUR
TCGA-AA-A01P,Colorectal_Adenocarcinoma,digestive,186,13.0,80.0,Female,STAGE III,EUR
TCGA-AA-A01R,Colorectal_Adenocarcinoma,digestive,154,10.0,47.0,Male,STAGE III,EUR
TCGA-AA-A022,Colorectal_Adenocarcinoma,digestive,368,13.0,88.0,Female,STAGE II,EUR
TCGA-AD-5900,Colorectal_Adenocarcinoma,digestive,355,8.0,67.0,Male,STAGE I,EUR
TCGA-AD-6548,Colorectal_Adenocarcinoma,digestive,16,3.0,81.0,Female,STAGE I,EUR
TCGA-AD-6888,Colorectal_Adenocarcinoma,digestive,17,2.0,73.0,Male,STAGE IIIB,EUR
TCGA-AD-6889,Colorectal_Adenocarcinoma,digestive,467,14.0,76.0,Male,STAGE IIA,EAS
TCGA-AD-6890,Colorectal_Adenocarcinoma,digestive,16,5.0,65.0,Male,,EUR
TCGA-AD-6895,Colorectal_Adenocarcinoma,digestive,258,11.0,84.0,Male,STAGE IIIB,EUR
TCGA-AD-6899,Colorectal_Adenocarcinoma,digestive,14,2.0,84.0,Male,STAGE IIIC,EUR
TCGA-AD-6901,Colorectal_Adenocarcinoma,digestive,19,2.0,78.0,Male,,EUR
TCGA-AD-6963,Colorectal_Adenocarcinoma,digestive,5,1.0,58.0,Male,,EUR
TCGA-AD-6964,Colorectal_Adenocarcinoma,digestive,228,11.0,58.0,Male,,EUR
TCGA-AD-6965,Colorectal_Adenocarcinoma,digestive,13,5.0,62.0,Male,STAGE IIIC,EUR
TCGA-AD-A5EJ,Colorectal_Adenocarcinoma,digestive,403,18.0,74.0,Female,STAGE IIA,AFR_ADMIX
TCGA-AD-A5EK,Colorectal_Adenocarcinoma,digestive,6,2.0,51.0,Male,STAGE I,AFR_ADMIX
TCGA-AM-5820,Colorectal_Adenocarcinoma,digestive,3,0.0,59.0,Female,STAGE IVA,EUR
TCGA-AM-5821,Colorectal_Adenocarcinoma,digestive,234,19.0,68.0,Female,STAGE IIA,EUR
TCGA-AU-3779,Colorectal_Adenocarcinoma,digestive,8,2.0,80.0,Female,STAGE IIA,EUR
TCGA-AU-6004,Colorectal_Adenocarcinoma,digestive,265,7.0,69.0,Female,STAGE I,EUR
TCGA-AY-5543,Colorectal_Adenocarcinoma,digestive,4,3.0,65.0,Female,STAGE IVA,AFR_ADMIX
TCGA-AY-6196,Colorectal_Adenocarcinoma,digestive,23,0.0,47.0,Male,STAGE IIIC,EUR
TCGA-AY-6197,Colorectal_Adenocarcinoma,digestive,238,13.0,60.0,Male,STAGE IIA,EUR
TCGA-AY-6386,Colorectal_Adenocarcinoma,digestive,20,6.0,66.0,Female,STAGE IIIB,AFR
TCGA-AY-A54L,Colorectal_Adenocarcinoma,digestive,19,4.0,74.0,Female,STAGE I,AFR
TCGA-AY-A69D,Colorectal_Adenocarcinoma,digestive,18,4.0,55.0,Female,STAGE IIA,AFR
TCGA-AY-A71X,Colorectal_Adenocarcinoma,digestive,7,1.0,54.0,Female,STAGE I,AFR_ADMIX
TCGA-AY-A8YK,Colorectal_Adenocarcinoma,digestive,5,2.0,44.0,Male,STAGE IVA,AFR
TCGA-AZ-4308,Colorectal_Adenocarcinoma,digestive,7,2.0,47.0,Female,STAGE IIIB,EUR
TCGA-AZ-4315,Colorectal_Adenocarcinoma,digestive,613,17.0,61.0,Male,STAGE IIA,EUR
TCGA-AZ-4323,Colorectal_Adenocarcinoma,digestive,4,2.0,37.0,Male,STAGE IV,EUR
TCGA-AZ-4614,Colorectal_Adenocarcinoma,digestive,18,2.0,71.0,Female,STAGE IVA,EUR
TCGA-AZ-4615,Colorectal_Adenocarcinoma,digestive,253,11.0,84.0,Male,STAGE IIIB,EUR
TCGA-AZ-4616,Colorectal_Adenocarcinoma,digestive,9,3.0,82.0,Female,STAGE IV,EUR
TCGA-AZ-4681,Colorectal_Adenocarcinoma,digestive,11,4.0,79.0,Female,STAGE IIA,EUR
TCGA-AZ-4682,Colorectal_Adenocarcinoma,digestive,9,3.0,61.0,Male,STAGE IVA,EUR
TCGA-AZ-5403,Colorectal_Adenocarcinoma,digestive,7,0.0,43.0,Male,STAGE II,EUR
TCGA-AZ-5407,Colorectal_Adenocarcinoma,digestive,9,4.0,51.0,Female,STAGE I,EUR
TCGA-AZ-6598,Colorectal_Adenocarcinoma,digestive,658,15.0,77.0,Female,STAGE II,EUR
TCGA-AZ-6599,Colorectal_Adenocarcinoma,digestive,22,3.0,72.0,Male,STAGE I,EUR
TCGA-AZ-6600,Colorectal_Adenocarcinoma,digestive,19,5.0,64.0,Male,STAGE IV,AFR
TCGA-AZ-6603,Colorectal_Adenocarcinoma,digestive,7,1.0,77.0,Female,,EUR
TCGA-AZ-6605,Colorectal_Adenocarcinoma,digestive,10,2.0,77.0,Male,STAGE IIIB,EUR
TCGA-AZ-6606,Colorectal_Adenocarcinoma,digestive,16,2.0,81.0,Male,STAGE IV,EUR
TCGA-AZ-6607,Colorectal_Adenocarcinoma,digestive,5,0.0,69.0,Male,STAGE IV,EUR
TCGA-CA-5254,Colorectal_Adenocarcinoma,digestive,18,3.0,42.0,Female,STAGE IIA,EAS
TCGA-CA-5255,Colorectal_Adenocarcinoma,digestive,4,1.0,45.0,Male,STAGE IIA,EAS
TCGA-CA-5256,Colorectal_Adenocarcinoma,digestive,14,2.0,54.0,Female,STAGE IIA,EAS
TCGA-CA-5796,Colorectal_Adenocarcinoma,digestive,9,2.0,52.0,Female,STAGE IIA,EAS
TCGA-CA-5797,Colorectal_Adenocarcinoma,digestive,10,3.0,56.0,Male,STAGE IIA,EAS
TCGA-CA-6715,Colorectal_Adenocarcinoma,digestive,10,1.0,63.0,Male,STAGE IIIB,EAS
TCGA-CA-6716,Colorectal_Adenocarcinoma,digestive,17,1.0,65.0,Male,STAGE IIA,EAS
TCGA-CA-6717,Colorectal_Adenocarcinoma,digestive,962,31.0,57.0,Male,STAGE IIA,EAS
TCGA-CA-6718,Colorectal_Adenocarcinoma,digestive,463,19.0,46.0,Male,STAGE IIA,EAS
TCGA-CA-6719,Colorectal_Adenocarcinoma,digestive,12,0.0,77.0,Male,STAGE IIA,EAS
TCGA-CK-4947,Colorectal_Adenocarcinoma,digestive,8,2.0,46.0,Female,STAGE IIIB,EUR
TCGA-CK-4948,Colorectal_Adenocarcinoma,digestive,14,2.0,45.0,Female,STAGE III,EUR
TCGA-CK-4950,Colorectal_Adenocarcinoma,digestive,20,4.0,68.0,Female,STAGE IIIB,AFR_ADMIX
TCGA-CK-4951,Colorectal_Adenocarcinoma,digestive,461,10.0,79.0,Female,STAGE IIA,EUR
TCGA-CK-4952,Colorectal_Adenocarcinoma,digestive,15,3.0,48.0,Female,STAGE IIIC,EUR
TCGA-CK-5912,Colorectal_Adenocarcinoma,digestive,9,2.0,81.0,Male,STAGE I,EUR
TCGA-CK-5913,Colorectal_Adenocarcinoma,digestive,199,7.0,58.0,Female,STAGE IIA,EUR
TCGA-CK-5914,Colorectal_Adenocarcinoma,digestive,10,1.0,81.0,Male,STAGE IIIB,EUR
TCGA-CK-5915,Colorectal_Adenocarcinoma,digestive,10,1.0,63.0,Male,STAGE I,EUR
TCGA-CK-5916,Colorectal_Adenocarcinoma,digestive,335,8.0,71.0,Female,STAGE I,EUR
TCGA-CK-6746,Colorectal_Adenocarcinoma,digestive,331,13.0,84.0,Female,STAGE IIB,EUR
TCGA-CK-6747,Colorectal_Adenocarcinoma,digestive,73,10.0,87.0,Female,STAGE IIA,EUR
TCGA-CK-6748,Colorectal_Adenocarcinoma,digestive,9,2.0,45.0,Female,STAGE IV,EUR
TCGA-CK-6751,Colorectal_Adenocarcinoma,digestive,19,3.0,88.0,Female,STAGE I,EUR
TCGA-CM-4743,Colorectal_Adenocarcinoma,digestive,250,12.0,69.0,Male,STAGE IIA,EUR
TCGA-CM-4744,Colorectal_Adenocarcinoma,digestive,23,4.0,69.0,Male,STAGE I,EUR
TCGA-CM-4746,Colorectal_Adenocarcinoma,digestive,157,11.0,61.0,Male,STAGE I,AFR
TCGA-CM-4747,Colorectal_Adenocarcinoma,digestive,7,0.0,47.0,Male,STAGE IVA,EUR
TCGA-CM-4748,Colorectal_Adenocarcinoma,digestive,8,2.0,53.0,Male,STAGE IIIB,EUR
TCGA-CM-4750,Colorectal_Adenocarcinoma,digestive,11,2.0,34.0,Female,STAGE IIIA,EUR
TCGA-CM-4751,Colorectal_Adenocarcinoma,digestive,7,2.0,62.0,Male,STAGE IIIB,EUR
TCGA-CM-4752,Colorectal_Adenocarcinoma,digestive,14,3.0,58.0,Male,STAGE IIA,AFR_ADMIX
TCGA-CM-5341,Colorectal_Adenocarcinoma,digestive,15,1.0,82.0,Female,STAGE IIIA,EUR
TCGA-CM-5344,Colorectal_Adenocarcinoma,digestive,9,1.0,39.0,Female,STAGE IIIB, 
TCGA-CM-5348,Colorectal_Adenocarcinoma,digestive,18,0.0,72.0,Male,STAGE IIIB,EUR
TCGA-CM-5349,Colorectal_Adenocarcinoma,digestive,14,2.0,68.0,Female,STAGE IIA,EUR
TCGA-CM-5860,Colorectal_Adenocarcinoma,digestive,10,2.0,44.0,Male,STAGE IIA,EUR
TCGA-CM-5861,Colorectal_Adenocarcinoma,digestive,266,7.0,63.0,Female,STAGE IIA,EUR
TCGA-CM-5862,Colorectal_Adenocarcinoma,digestive,3,0.0,80.0,Male,STAGE IVA,EUR
TCGA-CM-5863,Colorectal_Adenocarcinoma,digestive,7,5.0,60.0,Female,STAGE IIIB,EUR
TCGA-CM-5864,Colorectal_Adenocarcinoma,digestive,16,1.0,60.0,Male,STAGE I,EUR
TCGA-CM-5868,Colorectal_Adenocarcinoma,digestive,10,2.0,59.0,Female,STAGE IVA,EUR
TCGA-CM-6161,Colorectal_Adenocarcinoma,digestive,6,0.0,36.0,Female,STAGE I,EUR
TCGA-CM-6163,Colorectal_Adenocarcinoma,digestive,12,3.0,74.0,Male,STAGE I,EUR
TCGA-CM-6164,Colorectal_Adenocarcinoma,digestive,9,2.0,46.0,Female,STAGE IIA,EUR
TCGA-CM-6165,Colorectal_Adenocarcinoma,digestive,11,1.0,74.0,Male,STAGE IIA,EUR
TCGA-CM-6166,Colorectal_Adenocarcinoma,digestive,7,3.0,48.0,Female,STAGE I,EUR
TCGA-CM-6167,Colorectal_Adenocarcinoma,digestive,13,3.0,57.0,Female,STAGE IIIC,AFR
TCGA-CM-6168,Colorectal_Adenocarcinoma,digestive,39,4.0,84.0,Female,STAGE IIA,AFR
TCGA-CM-6169,Colorectal_Adenocarcinoma,digestive,11,3.0,67.0,Male,STAGE IIA,AFR
TCGA-CM-6170,Colorectal_Adenocarcinoma,digestive,9,2.0,73.0,Female,STAGE I,EUR
TCGA-CM-6171,Colorectal_Adenocarcinoma,digestive,271,14.0,77.0,Female,STAGE I,EUR
TCGA-CM-6172,Colorectal_Adenocarcinoma,digestive,9,3.0,70.0,Female,STAGE IIIB,EUR
TCGA-CM-6674,Colorectal_Adenocarcinoma,digestive,207,12.0,39.0,Male,STAGE IIA,EUR
TCGA-CM-6675,Colorectal_Adenocarcinoma,digestive,8,1.0,35.0,Male,STAGE IVB,AFR
TCGA-CM-6676,Colorectal_Adenocarcinoma,digestive,10,2.0,82.0,Male,STAGE I,EUR
TCGA-CM-6677,Colorectal_Adenocarcinoma,digestive,13,3.0,75.0,Female,STAGE IIA,EUR
TCGA-CM-6678,Colorectal_Adenocarcinoma,digestive,15,3.0,63.0,Female,STAGE IVA,EUR
TCGA-CM-6679,Colorectal_Adenocarcinoma,digestive,4,1.0,58.0,Male,STAGE IIA,EUR
TCGA-CM-6680,Colorectal_Adenocarcinoma,digestive,10,2.0,78.0,Female,STAGE IIIB, 
TCGA-D5-5537,Colorectal_Adenocarcinoma,digestive,15,4.0,83.0,Male,STAGE IIA,EUR
TCGA-D5-5538,Colorectal_Adenocarcinoma,digestive,11,2.0,60.0,Female,STAGE IIIB,EUR
TCGA-D5-5539,Colorectal_Adenocarcinoma,digestive,12,1.0,60.0,Male,STAGE IIIA,EUR
TCGA-D5-5540,Colorectal_Adenocarcinoma,digestive,5,1.0,73.0,Male,STAGE IIA,EUR
TCGA-D5-5541,Colorectal_Adenocarcinoma,digestive,10,2.0,63.0,Male,STAGE IIIB,EUR
TCGA-D5-6529,Colorectal_Adenocarcinoma,digestive,12,0.0,69.0,Male,STAGE IIA,EUR
TCGA-D5-6530,Colorectal_Adenocarcinoma,digestive,331,11.0,53.0,Male,STAGE I,EUR
TCGA-D5-6531,Colorectal_Adenocarcinoma,digestive,16,2.0,75.0,Male,STAGE IIA,EUR
TCGA-D5-6532,Colorectal_Adenocarcinoma,digestive,11,2.0,61.0,Male,STAGE IIA,EUR
TCGA-D5-6533,Colorectal_Adenocarcinoma,digestive,18,3.0,68.0,Female,STAGE IIIB,EUR
TCGA-D5-6534,Colorectal_Adenocarcinoma,digestive,13,1.0,62.0,Female,STAGE IIA,EUR
TCGA-D5-6535,Colorectal_Adenocarcinoma,digestive,13,1.0,80.0,Female,STAGE IIIB,EUR
TCGA-D5-6536,Colorectal_Adenocarcinoma,digestive,10,4.0,73.0,Male,STAGE IIA,EUR
TCGA-D5-6537,Colorectal_Adenocarcinoma,digestive,9,2.0,64.0,Male,STAGE IIIB,EUR
TCGA-D5-6538,Colorectal_Adenocarcinoma,digestive,11,4.0,79.0,Female,STAGE IIIB,EUR
TCGA-D5-6539,Colorectal_Adenocarcinoma,digestive,8,0.0,45.0,Female,,EUR
TCGA-D5-6540,Colorectal_Adenocarcinoma,digestive,299,12.0,66.0,Male,STAGE I,EUR
TCGA-D5-6541,Colorectal_Adenocarcinoma,digestive,11,1.0,49.0,Male,STAGE IIA,EUR
TCGA-D5-6898,Colorectal_Adenocarcinoma,digestive,11,3.0,51.0,Female,STAGE I,EUR
TCGA-D5-6920,Colorectal_Adenocarcinoma,digestive,15,4.0,77.0,Female,STAGE IIA,EUR
TCGA-D5-6922,Colorectal_Adenocarcinoma,digestive,12,4.0,76.0,Male,STAGE IIIA,EUR
TCGA-D5-6924,Colorectal_Adenocarcinoma,digestive,16,3.0,68.0,Male,STAGE IIA,EUR
TCGA-D5-6926,Colorectal_Adenocarcinoma,digestive,6,2.0,65.0,Male,STAGE IIIB,EUR
TCGA-D5-6927,Colorectal_Adenocarcinoma,digestive,184,6.0,34.0,Male,STAGE IIA,EUR
TCGA-D5-6928,Colorectal_Adenocarcinoma,digestive,332,15.0,80.0,Male,STAGE IIA,EUR
TCGA-D5-6929,Colorectal_Adenocarcinoma,digestive,15,2.0,49.0,Female,STAGE IV,EUR
TCGA-D5-6930,Colorectal_Adenocarcinoma,digestive,277,14.0,67.0,Male,STAGE IIA,EUR
TCGA-D5-6931,Colorectal_Adenocarcinoma,digestive,21,1.0,77.0,Male,STAGE IIIC,EUR
TCGA-D5-6932,Colorectal_Adenocarcinoma,digestive,14,1.0,69.0,Male,STAGE IIA,EUR
TCGA-D5-7000,Colorectal_Adenocarcinoma,digestive,11,4.0,79.0,Female,STAGE I,EUR
TCGA-DM-A0X9,Colorectal_Adenocarcinoma,digestive,19,5.0,71.0,Female,STAGE IIA,EUR
TCGA-DM-A0XD,Colorectal_Adenocarcinoma,digestive,14,4.0,65.0,Male,STAGE IIA,EUR
TCGA-DM-A0XF,Colorectal_Adenocarcinoma,digestive,11,2.0,68.0,Female,STAGE IIIC,EUR
TCGA-DM-A1D0,Colorectal_Adenocarcinoma,digestive,8,1.0,79.0,Female,STAGE IIA,EUR
TCGA-DM-A1D4,Colorectal_Adenocarcinoma,digestive,12,1.0,80.0,Male,STAGE IIA,EUR
TCGA-DM-A1D6,Colorectal_Adenocarcinoma,digestive,8,2.0,88.0,Male,STAGE IIA,EUR
TCGA-DM-A1D7,Colorectal_Adenocarcinoma,digestive,8,2.0,82.0,Male,STAGE IIA,EUR
TCGA-DM-A1D8,Colorectal_Adenocarcinoma,digestive,7,3.0,50.0,Female,,EUR
TCGA-DM-A1D9,Colorectal_Adenocarcinoma,digestive,18,5.0,67.0,Female,STAGE IIA,EUR
TCGA-DM-A1DA,Colorectal_Adenocarcinoma,digestive,18,4.0,71.0,Female,STAGE IIIC,EUR
TCGA-DM-A1DB,Colorectal_Adenocarcinoma,digestive,6,1.0,68.0,Male,STAGE IIA,EUR
TCGA-DM-A1HA,Colorectal_Adenocarcinoma,digestive,14,3.0,82.0,Male,STAGE IIIC,EUR
TCGA-DM-A1HB,Colorectal_Adenocarcinoma,digestive,274,6.0,75.0,Male,STAGE IIIB,EUR
TCGA-DM-A280,Colorectal_Adenocarcinoma,digestive,8,2.0,70.0,Female,STAGE IIA,EUR
TCGA-DM-A282,Colorectal_Adenocarcinoma,digestive,8,1.0,60.0,Female,STAGE IIA,EUR
TCGA-DM-A285,Colorectal_Adenocarcinoma,digestive,17,5.0,71.0,Female,STAGE IV,EUR
TCGA-DM-A288,Colorectal_Adenocarcinoma,digestive,10,3.0,68.0,Male,STAGE IIIC,EUR
TCGA-DM-A28A,Colorectal_Adenocarcinoma,digestive,11,2.0,78.0,Male,STAGE IIIC,EUR
TCGA-DM-A28C,Colorectal_Adenocarcinoma,digestive,13,2.0,74.0,Male,STAGE IIA,EUR
TCGA-DM-A28E,Colorectal_Adenocarcinoma,digestive,14,2.0,72.0,Female,STAGE IIA,EUR
TCGA-DM-A28F,Colorectal_Adenocarcinoma,digestive,23,4.0,73.0,Male,STAGE IIIB,EUR
TCGA-DM-A28G,Colorectal_Adenocarcinoma,digestive,10,1.0,75.0,Male,STAGE IIA,EUR
TCGA-DM-A28H,Colorectal_Adenocarcinoma,digestive,18,2.0,50.0,Male,STAGE IIIC,EUR
TCGA-DM-A28K,Colorectal_Adenocarcinoma,digestive,10,3.0,75.0,Male,STAGE IIA,EUR
TCGA-DM-A28M,Colorectal_Adenocarcinoma,digestive,11,2.0,63.0,Male,STAGE IIA,EUR
TCGA-F4-6459,Colorectal_Adenocarcinoma,digestive,16,1.0,61.0,Female,STAGE IIIB,EUR
TCGA-F4-6460,Colorectal_Adenocarcinoma,digestive,10,1.0,51.0,Female,STAGE IIIB,EUR
TCGA-F4-6461,Colorectal_Adenocarcinoma,digestive,10,4.0,41.0,Female,STAGE IIIC,EUR
TCGA-F4-6463,Colorectal_Adenocarcinoma,digestive,9,2.0,51.0,Male,STAGE IIA,EUR
TCGA-F4-6569,Colorectal_Adenocarcinoma,digestive,16,4.0,60.0,Male,STAGE I,EUR
TCGA-F4-6570,Colorectal_Adenocarcinoma,digestive,369,13.0,78.0,Female,STAGE IIA,EUR
TCGA-F4-6703,Colorectal_Adenocarcinoma,digestive,99,6.0,64.0,Male,STAGE IIA,EUR
TCGA-F4-6704,Colorectal_Adenocarcinoma,digestive,5,0.0,60.0,Male,STAGE IIIC,EUR
TCGA-F4-6805,Colorectal_Adenocarcinoma,digestive,9,1.0,58.0,Female,STAGE IIA,EUR
TCGA-F4-6806,Colorectal_Adenocarcinoma,digestive,17,4.0,59.0,Female,STAGE I,EUR
TCGA-F4-6807,Colorectal_Adenocarcinoma,digestive,13,1.0,51.0,Female,STAGE IIIC,EUR
TCGA-F4-6808,Colorectal_Adenocarcinoma,digestive,11,3.0,54.0,Female,STAGE I,EUR
TCGA-F4-6809,Colorectal_Adenocarcinoma,digestive,17,1.0,52.0,Female,STAGE IVA,EUR
TCGA-F4-6854,Colorectal_Adenocarcinoma,digestive,11,2.0,77.0,Female,STAGE IIA,EUR
TCGA-F4-6855,Colorectal_Adenocarcinoma,digestive,14,4.0,70.0,Female,STAGE IIA,EUR
TCGA-F4-6856,Colorectal_Adenocarcinoma,digestive,249,8.0,45.0,Male,STAGE I,EUR
TCGA-G4-6293,Colorectal_Adenocarcinoma,digestive,14,7.0,49.0,Female,STAGE III,EUR
TCGA-G4-6294,Colorectal_Adenocarcinoma,digestive,17,3.0,75.0,Male,STAGE IV,EUR
TCGA-G4-6295,Colorectal_Adenocarcinoma,digestive,14,7.0,70.0,Female,STAGE II,EUR
TCGA-G4-6297,Colorectal_Adenocarcinoma,digestive,11,2.0,55.0,Female,STAGE IV,EUR
TCGA-G4-6298,Colorectal_Adenocarcinoma,digestive,9,2.0,90.0,Male,STAGE IIIB,AFR
TCGA-G4-6299,Colorectal_Adenocarcinoma,digestive,22,3.0,69.0,Male,STAGE IIIC,EUR
TCGA-G4-6302,Colorectal_Adenocarcinoma,digestive,192,8.0,90.0,Female,STAGE IIA,EUR
TCGA-G4-6303,Colorectal_Adenocarcinoma,digestive,10,2.0,54.0,Female,STAGE IV,EUR
TCGA-G4-6304,Colorectal_Adenocarcinoma,digestive,182,8.0,66.0,Female,STAGE IIB,EUR
TCGA-G4-6306,Colorectal_Adenocarcinoma,digestive,14,4.0,71.0,Male,STAGE IIA,EUR
TCGA-G4-6307,Colorectal_Adenocarcinoma,digestive,6,1.0,37.0,Female,STAGE IIIB,EUR
TCGA-G4-6309,Colorectal_Adenocarcinoma,digestive,199,15.0,40.0,Female,STAGE IIIB,AFR_ADMIX
TCGA-G4-6311,Colorectal_Adenocarcinoma,digestive,8,3.0,80.0,Male,STAGE III,EUR
TCGA-G4-6315,Colorectal_Adenocarcinoma,digestive,17,2.0,66.0,Male,STAGE IV,EUR
TCGA-G4-6317,Colorectal_Adenocarcinoma,digestive,11,2.0,51.0,Female,STAGE IIIC,EUR
TCGA-G4-6320,Colorectal_Adenocarcinoma,digestive,154,7.0,73.0,Male,STAGE III,EUR
TCGA-G4-6321,Colorectal_Adenocarcinoma,digestive,6,0.0,60.0,Female,STAGE III,EUR
TCGA-G4-6322,Colorectal_Adenocarcinoma,digestive,10,3.0,65.0,Male,STAGE IIIB,EUR
TCGA-G4-6323,Colorectal_Adenocarcinoma,digestive,12,1.0,50.0,Male,STAGE IA,AFR_ADMIX
TCGA-G4-6586,Colorectal_Adenocarcinoma,digestive,281,10.0,73.0,Female,STAGE IIA,EUR
TCGA-G4-6588,Colorectal_Adenocarcinoma,digestive,468,12.0,58.0,Female,STAGE IIA,EUR
TCGA-G4-6626,Colorectal_Adenocarcinoma,digestive,14,3.0,90.0,Male,STAGE IIA,EUR
TCGA-G4-6627,Colorectal_Adenocarcinoma,digestive,9,3.0,84.0,Male,STAGE IIA,EUR
TCGA-G4-6628,Colorectal_Adenocarcinoma,digestive,426,16.0,78.0,Male,STAGE I,EUR
TCGA-NH-A50T,Colorectal_Adenocarcinoma,digestive,11,2.0,68.0,Female,STAGE IIA,AFR
TCGA-NH-A50U,Colorectal_Adenocarcinoma,digestive,10,3.0,42.0,Male,STAGE IVA,AFR
TCGA-NH-A50V,Colorectal_Adenocarcinoma,digestive,20,2.0,69.0,Male,STAGE IIIB,AFR
TCGA-NH-A5IV,Colorectal_Adenocarcinoma,digestive,605,25.0,90.0,Female,STAGE IIA,AFR
TCGA-NH-A6GA,Colorectal_Adenocarcinoma,digestive,13,4.0,58.0,Male,STAGE IIIC,AFR
TCGA-NH-A6GB,Colorectal_Adenocarcinoma,digestive,18,3.0,71.0,Female,STAGE IIIC,AFR
TCGA-NH-A6GC,Colorectal_Adenocarcinoma,digestive,16,1.0,66.0,Female,STAGE IVB,AFR
TCGA-NH-A8F7,Colorectal_Adenocarcinoma,digestive,14,3.0,53.0,Female,STAGE IIA,AFR
TCGA-NH-A8F8,Colorectal_Adenocarcinoma,digestive,12,4.0,79.0,Male,STAGE IV,AFR
TCGA-QG-A5YV,Colorectal_Adenocarcinoma,digestive,15,2.0,64.0,Female,STAGE IIIC,AFR
TCGA-QG-A5YW,Colorectal_Adenocarcinoma,digestive,19,2.0,55.0,Female,STAGE IIIC,AFR
TCGA-QG-A5YX,Colorectal_Adenocarcinoma,digestive,13,4.0,61.0,Female,STAGE IIA,AFR
TCGA-QG-A5Z1,Colorectal_Adenocarcinoma,digestive,14,4.0,71.0,Male,STAGE IIIB,AFR_ADMIX
TCGA-QG-A5Z2,Colorectal_Adenocarcinoma,digestive,234,6.0,61.0,Male,STAGE I,AFR
TCGA-QL-A97D,Colorectal_Adenocarcinoma,digestive,18,2.0,84.0,Female,STAGE I,AFR
TCGA-RU-A8FL,Colorectal_Adenocarcinoma,digestive,12,4.0,51.0,Male,STAGE IIIB,AFR
TCGA-SS-A7HO,Colorectal_Adenocarcinoma,digestive,16,4.0,44.0,Female,STAGE IIB,AFR
TCGA-T9-A92H,Colorectal_Adenocarcinoma,digestive,14,0.0,82.0,Male,STAGE IIA,AFR
TCGA-WS-AB45,Colorectal_Adenocarcinoma,digestive,532,23.0,52.0,Female,STAGE IIA,AFR
TCGA-AF-2687,Colorectal_Adenocarcinoma,digestive,7,2.0,57.0,Male,STAGE IIIC,EUR
TCGA-AF-2690,Colorectal_Adenocarcinoma,digestive,8,2.0,76.0,Female,STAGE IIIC,EUR
TCGA-AF-2693,Colorectal_Adenocarcinoma,digestive,7,1.0,75.0,Male,STAGE I,EUR
TCGA-AF-3911,Colorectal_Adenocarcinoma,digestive,9,2.0,48.0,Male,STAGE IIIC,EUR
TCGA-AF-4110,Colorectal_Adenocarcinoma,digestive,8,3.0,77.0,Male,STAGE IVA,EUR
TCGA-AF-5654,Colorectal_Adenocarcinoma,digestive,10,4.0,73.0,Female,STAGE I,EUR
TCGA-AF-6136,Colorectal_Adenocarcinoma,digestive,10,3.0,72.0,Female,STAGE IIIB,EUR
TCGA-AF-6655,Colorectal_Adenocarcinoma,digestive,8,2.0,66.0,Male,STAGE IIIA,EUR
TCGA-AF-6672,Colorectal_Adenocarcinoma,digestive,7,0.0,43.0,Male,STAGE IV,EUR
TCGA-AF-A56K,Colorectal_Adenocarcinoma,digestive,12,2.0,56.0,Male,STAGE IIA,AFR_ADMIX
TCGA-AF-A56L,Colorectal_Adenocarcinoma,digestive,11,2.0,48.0,Female,STAGE IIIC,AFR_ADMIX
TCGA-AF-A56N,Colorectal_Adenocarcinoma,digestive,15,2.0,47.0,Female,STAGE IIA,AFR_ADMIX
TCGA-AG-3591,Colorectal_Adenocarcinoma,digestive,10,1.0,66.0,Female,STAGE IIA,EUR
TCGA-AG-3592,Colorectal_Adenocarcinoma,digestive,24,2.0,68.0,Male,STAGE IIA,EUR
TCGA-AG-3725,Colorectal_Adenocarcinoma,digestive,10,4.0,90.0,Female,STAGE III,EUR
TCGA-AG-3731,Colorectal_Adenocarcinoma,digestive,19,3.0,65.0,Male,STAGE IV,EUR
TCGA-AG-3732,Colorectal_Adenocarcinoma,digestive,20,1.0,78.0,Female,STAGE I,EUR
TCGA-AG-3742,Colorectal_Adenocarcinoma,digestive,12,4.0,85.0,Female,STAGE I,EUR
TCGA-AG-4021,Colorectal_Adenocarcinoma,digestive,10,0.0,84.0,Female,STAGE IV,EUR
TCGA-AG-4022,Colorectal_Adenocarcinoma,digestive,11,2.0,59.0,Female,STAGE II,EUR
TCGA-AH-6544,Colorectal_Adenocarcinoma,digestive,8,3.0,60.0,Male,,EUR
TCGA-AH-6643,Colorectal_Adenocarcinoma,digestive,10,4.0,50.0,Male,STAGE IIIC, 
TCGA-AH-6644,Colorectal_Adenocarcinoma,digestive,12,2.0,73.0,Male,,EUR
TCGA-AH-6897,Colorectal_Adenocarcinoma,digestive,10,4.0,48.0,Male,STAGE I,EUR
TCGA-AH-6903,Colorectal_Adenocarcinoma,digestive,7,2.0,46.0,Male,STAGE IIIB,EUR
TCGA-CI-6619,Colorectal_Adenocarcinoma,digestive,6,2.0,41.0,Male,STAGE IV,EUR
TCGA-CI-6620,Colorectal_Adenocarcinoma,digestive,6,3.0,41.0,Female,STAGE IVA,EUR
TCGA-CI-6621,Colorectal_Adenocarcinoma,digestive,12,1.0,63.0,Male,STAGE IIIB,EUR
TCGA-CI-6622,Colorectal_Adenocarcinoma,digestive,9,4.0,74.0,Male,STAGE IIB,EUR
TCGA-CI-6623,Colorectal_Adenocarcinoma,digestive,5,2.0,44.0,Male,STAGE I,EUR
TCGA-CI-6624,Colorectal_Adenocarcinoma,digestive,21,2.0,53.0,Female,STAGE I,EUR
TCGA-CL-4957,Colorectal_Adenocarcinoma,digestive,14,4.0,79.0,Female,, 
TCGA-CL-5917,Colorectal_Adenocarcinoma,digestive,9,2.0,71.0,Female,STAGE IIIC,EUR
TCGA-CL-5918,Colorectal_Adenocarcinoma,digestive,11,3.0,90.0,Female,STAGE IIA,EUR
TCGA-DC-4745,Colorectal_Adenocarcinoma,digestive,6,3.0,49.0,Female,STAGE IIIB,EUR
TCGA-DC-4749,Colorectal_Adenocarcinoma,digestive,8,3.0,57.0,Male,STAGE I,EUR
TCGA-DC-5337,Colorectal_Adenocarcinoma,digestive,9,2.0,69.0,Male,STAGE I,EUR
TCGA-DC-5869,Colorectal_Adenocarcinoma,digestive,6,1.0,62.0,Female,STAGE IIIB,AFR
TCGA-DC-6154,Colorectal_Adenocarcinoma,digestive,8,2.0,57.0,Female,STAGE IVA,EUR
TCGA-DC-6155,Colorectal_Adenocarcinoma,digestive,4,1.0,31.0,Female,STAGE IIIA,EUR
TCGA-DC-6157,Colorectal_Adenocarcinoma,digestive,10,2.0,48.0,Male,STAGE I,AFR_ADMIX
TCGA-DC-6158,Colorectal_Adenocarcinoma,digestive,17,2.0,70.0,Male,STAGE I,EUR
TCGA-DC-6160,Colorectal_Adenocarcinoma,digestive,10,2.0,68.0,Male,STAGE I,EUR
TCGA-DC-6681,Colorectal_Adenocarcinoma,digestive,10,5.0,70.0,Female,STAGE IVA,EUR
TCGA-DC-6682,Colorectal_Adenocarcinoma,digestive,13,2.0,57.0,Male,STAGE IIA,EUR
TCGA-DC-6683,Colorectal_Adenocarcinoma,digestive,7,0.0,43.0,Male,STAGE IIIB,EUR
TCGA-DT-5265,Colorectal_Adenocarcinoma,digestive,13,1.0,51.0,Male,STAGE II,EAS
TCGA-DY-A0XA,Colorectal_Adenocarcinoma,digestive,9,3.0,57.0,Female,STAGE IIA,EUR
TCGA-DY-A1DC,Colorectal_Adenocarcinoma,digestive,13,2.0,72.0,Female,STAGE IIA,EUR
TCGA-DY-A1DD,Colorectal_Adenocarcinoma,digestive,10,2.0,77.0,Female,STAGE IIIB,EUR
TCGA-DY-A1DF,Colorectal_Adenocarcinoma,digestive,12,5.0,73.0,Female,STAGE IIIC,EUR
TCGA-DY-A1DG,Colorectal_Adenocarcinoma,digestive,11,1.0,75.0,Male,STAGE IVA,EUR
TCGA-DY-A1H8,Colorectal_Adenocarcinoma,digestive,12,2.0,77.0,Female,STAGE IIIA,EUR
TCGA-EF-5830,Colorectal_Adenocarcinoma,digestive,6,1.0,54.0,Male,STAGE IIB,EUR
TCGA-EI-6506,Colorectal_Adenocarcinoma,digestive,13,1.0,78.0,Female,STAGE IIA,EUR
TCGA-EI-6507,Colorectal_Adenocarcinoma,digestive,221,11.0,60.0,Male,STAGE IIA,EUR
TCGA-EI-6508,Colorectal_Adenocarcinoma,digestive,12,3.0,48.0,Female,STAGE IIIB,EUR
TCGA-EI-6509,Colorectal_Adenocarcinoma,digestive,6,2.0,53.0,Male,STAGE IIIC,EUR
TCGA-EI-6510,Colorectal_Adenocarcinoma,digestive,15,3.0,77.0,Female,STAGE IVA,EUR
TCGA-EI-6511,Colorectal_Adenocarcinoma,digestive,9,2.0,52.0,Male,STAGE IIIB,EUR
TCGA-EI-6512,Colorectal_Adenocarcinoma,digestive,14,4.0,64.0,Female,STAGE IIIB,EUR
TCGA-EI-6513,Colorectal_Adenocarcinoma,digestive,11,2.0,59.0,Male,STAGE IIIB,EUR
TCGA-EI-6514,Colorectal_Adenocarcinoma,digestive,11,2.0,59.0,Female,STAGE IIA,EUR
TCGA-EI-6881,Colorectal_Adenocarcinoma,digestive,8,2.0,60.0,Male,STAGE IIIA,EUR
TCGA-EI-6882,Colorectal_Adenocarcinoma,digestive,227,12.0,59.0,Male,STAGE IIA,EUR
TCGA-EI-6883,Colorectal_Adenocarcinoma,digestive,11,3.0,63.0,Male,STAGE IIC,EUR
TCGA-EI-6884,Colorectal_Adenocarcinoma,digestive,15,2.0,71.0,Male,STAGE IIIA,EUR
TCGA-EI-6885,Colorectal_Adenocarcinoma,digestive,8,2.0,57.0,Female,STAGE IV,EUR
TCGA-EI-6917,Colorectal_Adenocarcinoma,digestive,543,20.0,33.0,Male,STAGE IIIA,EUR
TCGA-EI-7002,Colorectal_Adenocarcinoma,digestive,13,3.0,58.0,Male,STAGE IV,EUR
TCGA-EI-7004,Colorectal_Adenocarcinoma,digestive,9,1.0,37.0,Female,STAGE IVA,EUR
TCGA-F5-6464,Colorectal_Adenocarcinoma,digestive,6,1.0,77.0,Female,STAGE IIIC,EUR
TCGA-F5-6465,Colorectal_Adenocarcinoma,digestive,9,4.0,64.0,Female,STAGE IIA,EUR
TCGA-F5-6571,Colorectal_Adenocarcinoma,digestive,15,2.0,62.0,Female,STAGE IIA,EUR
TCGA-F5-6702,Colorectal_Adenocarcinoma,digestive,6,1.0,71.0,Male,STAGE IVA,EUR
TCGA-F5-6810,Colorectal_Adenocarcinoma,digestive,10,2.0,71.0,Male,STAGE IIA,EUR
TCGA-F5-6811,Colorectal_Adenocarcinoma,digestive,6,1.0,72.0,Female,STAGE IIA,EUR
TCGA-F5-6812,Colorectal_Adenocarcinoma,digestive,7,1.0,67.0,Male,STAGE IIA,EUR
TCGA-F5-6813,Colorectal_Adenocarcinoma,digestive,14,1.0,70.0,Male,STAGE IIIC,EUR
TCGA-F5-6814,Colorectal_Adenocarcinoma,digestive,1069,33.0,57.0,Male,STAGE IIA,EUR
TCGA-F5-6861,Colorectal_Adenocarcinoma,digestive,7,1.0,60.0,Female,STAGE IIA,EUR
TCGA-F5-6863,Colorectal_Adenocarcinoma,digestive,8,1.0,71.0,Female,STAGE IIIB,EUR
TCGA-F5-6864,Colorectal_Adenocarcinoma,digestive,9,2.0,74.0,Female,STAGE IIIB,EUR
TCGA-G5-6641,Colorectal_Adenocarcinoma,digestive,9,2.0,67.0,Male,STAGE IIIA,EUR
TCGA-2H-A9GF,Esophageal_Adenocarcinoma,digestive,20,5.0,67.0,Male,STAGE III,EUR
TCGA-2H-A9GH,Esophageal_Adenocarcinoma,digestive,7,1.0,44.0,Male,STAGE IIB, 
TCGA-2H-A9GI,Esophageal_Adenocarcinoma,digestive,20,0.0,68.0,Male,STAGE III,EUR
TCGA-2H-A9GJ,Esophageal_Adenocarcinoma,digestive,9,0.0,57.0,Male,STAGE I,EUR
TCGA-2H-A9GK,Esophageal_Adenocarcinoma,digestive,7,1.0,43.0,Male,STAGE III,EUR
TCGA-2H-A9GL,Esophageal_Adenocarcinoma,digestive,18,1.0,74.0,Male,STAGE III,EUR
TCGA-2H-A9GM,Esophageal_Adenocarcinoma,digestive,9,1.0,53.0,Male,STAGE IIB,EUR
TCGA-2H-A9GN,Esophageal_Adenocarcinoma,digestive,11,2.0,70.0,Male,STAGE III,EUR
TCGA-2H-A9GO,Esophageal_Adenocarcinoma,digestive,11,0.0,58.0,Male,STAGE IVA,EUR
TCGA-2H-A9GQ,Esophageal_Adenocarcinoma,digestive,12,1.0,80.0,Male,STAGE III,EUR
TCGA-2H-A9GR,Esophageal_Adenocarcinoma,digestive,19,1.0,80.0,Male,STAGE IIA,EUR
TCGA-IC-A6RE,Esophageal_Adenocarcinoma,digestive,29,0.0,59.0,Male,STAGE IIB,EUR
TCGA-IG-A3I8,Esophageal_Adenocarcinoma,digestive,10,0.0,51.0,Female,STAGE IIA,EUR
TCGA-IG-A3QL,Esophageal_Adenocarcinoma,digestive,11,3.0,54.0,Male,STAGE IIA,EUR
TCGA-IG-A3Y9,Esophageal_Adenocarcinoma,digestive,16,1.0,72.0,Male,STAGE IIIA,EUR
TCGA-IG-A3YA,Esophageal_Adenocarcinoma,digestive,5,0.0,53.0,Male,STAGE IIIA,EUR
TCGA-IG-A3YB,Esophageal_Adenocarcinoma,digestive,14,1.0,61.0,Male,STAGE IIIA,EUR
TCGA-IG-A3YC,Esophageal_Adenocarcinoma,digestive,7,1.0,62.0,Male,STAGE IIIA, 
TCGA-IG-A4P3,Esophageal_Adenocarcinoma,digestive,12,0.0,48.0,Male,STAGE IIB,EUR
TCGA-IG-A4QS,Esophageal_Adenocarcinoma,digestive,21,1.0,71.0,Male,STAGE IIIB,EUR
TCGA-IG-A50L,Esophageal_Adenocarcinoma,digestive,11,0.0,58.0,Male,STAGE IIIA,EAS
TCGA-IG-A51D,Esophageal_Adenocarcinoma,digestive,12,2.0,63.0,Male,STAGE IIB,EUR
TCGA-IG-A5B8,Esophageal_Adenocarcinoma,digestive,21,1.0,72.0,Male,STAGE IB,EUR
TCGA-IG-A5S3,Esophageal_Adenocarcinoma,digestive,5,1.0,69.0,Female,STAGE IIB,EUR
TCGA-IG-A625,Esophageal_Adenocarcinoma,digestive,7,0.0,60.0,Male,STAGE IIIB,EAS
TCGA-IG-A6QS,Esophageal_Adenocarcinoma,digestive,3,0.0,54.0,Male,STAGE IIB,EUR
TCGA-IG-A8O2,Esophageal_Adenocarcinoma,digestive,14,1.0,62.0,Male,STAGE IIIB,EAS
TCGA-IG-A97H,Esophageal_Adenocarcinoma,digestive,7,0.0,36.0,Male,STAGE IIA,EAS
TCGA-IG-A97I,Esophageal_Adenocarcinoma,digestive,14,1.0,58.0,Male,STAGE IIA,EUR
TCGA-JY-A6F8,Esophageal_Adenocarcinoma,digestive,8,1.0,56.0,Male,STAGE I,EUR
TCGA-JY-A6FA,Esophageal_Adenocarcinoma,digestive,13,2.0,51.0,Male,STAGE IIB,EAS
TCGA-JY-A6FB,Esophageal_Adenocarcinoma,digestive,14,0.0,77.0,Male,STAGE I,EUR
TCGA-JY-A6FD,Esophageal_Adenocarcinoma,digestive,18,3.0,51.0,Female,STAGE IIA,EUR_ADMIX
TCGA-JY-A6FE,Esophageal_Adenocarcinoma,digestive,9,3.0,49.0,Male,STAGE III,EUR
TCGA-JY-A6FG,Esophageal_Adenocarcinoma,digestive,20,0.0,50.0,Male,STAGE III,EUR
TCGA-JY-A6FH,Esophageal_Adenocarcinoma,digestive,9,1.0,53.0,Male,STAGE IIB,EUR
TCGA-JY-A938,Esophageal_Adenocarcinoma,digestive,13,2.0,75.0,Male,STAGE IIB,EUR
TCGA-JY-A939,Esophageal_Adenocarcinoma,digestive,3,0.0,77.0,Male,STAGE IIB,EUR
TCGA-JY-A93C,Esophageal_Adenocarcinoma,digestive,15,1.0,47.0,Male,STAGE IIIB,EAS
TCGA-JY-A93D,Esophageal_Adenocarcinoma,digestive,10,1.0,51.0,Male,STAGE IIIC,EUR
TCGA-JY-A93E,Esophageal_Adenocarcinoma,digestive,12,2.0,61.0,Male,STAGE IIIA,EUR
TCGA-JY-A93F,Esophageal_Adenocarcinoma,digestive,14,5.0,58.0,Female,STAGE IB,EUR
TCGA-KH-A6WC,Esophageal_Adenocarcinoma,digestive,1,1.0,82.0,Male,STAGE IA,EUR
TCGA-L5-A43C,Esophageal_Adenocarcinoma,digestive,15,2.0,81.0,Male,,EUR
TCGA-L5-A43E,Esophageal_Adenocarcinoma,digestive,8,1.0,74.0,Male,STAGE I,EUR
TCGA-L5-A43H,Esophageal_Adenocarcinoma,digestive,12,1.0,75.0,Male,STAGE III,EUR
TCGA-L5-A43I,Esophageal_Adenocarcinoma,digestive,18,1.0,77.0,Male,STAGE IIIA,EUR
TCGA-L5-A43J,Esophageal_Adenocarcinoma,digestive,180,12.0,90.0,Male,STAGE IIB,EUR
TCGA-L5-A43M,Esophageal_Adenocarcinoma,digestive,5,0.0,84.0,Female,, 
TCGA-L5-A4OE,Esophageal_Adenocarcinoma,digestive,26,1.0,81.0,Male,STAGE IIIB,EUR
TCGA-L5-A4OF,Esophageal_Adenocarcinoma,digestive,10,3.0,63.0,Male,STAGE IIB,EUR
TCGA-L5-A4OG,Esophageal_Adenocarcinoma,digestive,16,1.0,79.0,Female,STAGE I,EUR
TCGA-L5-A4OH,Esophageal_Adenocarcinoma,digestive,9,1.0,71.0,Male,STAGE I,EUR
TCGA-L5-A4OI,Esophageal_Adenocarcinoma,digestive,474,16.0,79.0,Male,STAGE IIIC,EUR
TCGA-L5-A4OJ,Esophageal_Adenocarcinoma,digestive,21,4.0,70.0,Female,STAGE I,EUR
TCGA-L5-A4OM,Esophageal_Adenocarcinoma,digestive,2,0.0,54.0,Female,STAGE IA,EUR
TCGA-L5-A4ON,Esophageal_Adenocarcinoma,digestive,9,0.0,65.0,Male,STAGE IIB,EUR
TCGA-L5-A4OO,Esophageal_Adenocarcinoma,digestive,12,1.0,75.0,Male,STAGE IIIC,EUR
TCGA-L5-A4OP,Esophageal_Adenocarcinoma,digestive,8,2.0,67.0,Female,STAGE IA,EUR
TCGA-L5-A4OQ,Esophageal_Adenocarcinoma,digestive,8,1.0,75.0,Male,STAGE IIIA,EUR
TCGA-L5-A4OR,Esophageal_Adenocarcinoma,digestive,17,2.0,83.0,Male,STAGE IA,EUR
TCGA-L5-A4OS,Esophageal_Adenocarcinoma,digestive,4,0.0,86.0,Female,STAGE IIB,EUR
TCGA-L5-A4OT,Esophageal_Adenocarcinoma,digestive,12,0.0,77.0,Male,STAGE IV,EUR
TCGA-L5-A4OU,Esophageal_Adenocarcinoma,digestive,12,1.0,81.0,Male,STAGE IIA,EUR
TCGA-L5-A4OW,Esophageal_Adenocarcinoma,digestive,13,2.0,56.0,Female,STAGE IIB,EUR
TCGA-L5-A4OX,Esophageal_Adenocarcinoma,digestive,13,2.0,60.0,Male,STAGE IIB,EUR
TCGA-L5-A88S,Esophageal_Adenocarcinoma,digestive,5,2.0,84.0,Male,STAGE IB,EUR
TCGA-L5-A88V,Esophageal_Adenocarcinoma,digestive,22,1.0,60.0,Male,STAGE III,EUR
TCGA-L5-A88W,Esophageal_Adenocarcinoma,digestive,17,3.0,67.0,Male,STAGE IIA,EUR
TCGA-L5-A88Y,Esophageal_Adenocarcinoma,digestive,16,2.0,76.0,Male,,EUR
TCGA-L5-A88Z,Esophageal_Adenocarcinoma,digestive,12,2.0,70.0,Female,STAGE IIA,EUR
TCGA-L5-A891,Esophageal_Adenocarcinoma,digestive,17,2.0,51.0,Male,,EUR
TCGA-L5-A893,Esophageal_Adenocarcinoma,digestive,10,2.0,71.0,Female,STAGE I,EUR
TCGA-L5-A8NE,Esophageal_Adenocarcinoma,digestive,13,0.0,77.0,Male,STAGE IIB,EUR
TCGA-L5-A8NF,Esophageal_Adenocarcinoma,digestive,17,0.0,57.0,Male,STAGE IVA,EUR
TCGA-L5-A8NG,Esophageal_Adenocarcinoma,digestive,7,2.0,77.0,Male,STAGE III,EUR
TCGA-L5-A8NH,Esophageal_Adenocarcinoma,digestive,9,0.0,54.0,Male,STAGE IV,EUR
TCGA-L5-A8NI,Esophageal_Adenocarcinoma,digestive,20,1.0,79.0,Male,STAGE III,EUR
TCGA-L5-A8NJ,Esophageal_Adenocarcinoma,digestive,12,0.0,77.0,Male,STAGE III,EUR
TCGA-L5-A8NK,Esophageal_Adenocarcinoma,digestive,18,3.0,84.0,Female,STAGE IIA,EUR
TCGA-L5-A8NL,Esophageal_Adenocarcinoma,digestive,9,1.0,56.0,Male,STAGE III,EUR
TCGA-L5-A8NM,Esophageal_Adenocarcinoma,digestive,364,17.0,84.0,Female,STAGE IIB,EUR
TCGA-L5-A8NN,Esophageal_Adenocarcinoma,digestive,10,3.0,81.0,Male,STAGE III,EUR
TCGA-L5-A8NQ,Esophageal_Adenocarcinoma,digestive,15,2.0,71.0,Male,STAGE IIA,EUR
TCGA-L5-A8NR,Esophageal_Adenocarcinoma,digestive,23,1.0,81.0,Female,STAGE III,EUR
TCGA-L5-A8NS,Esophageal_Adenocarcinoma,digestive,33,1.0,76.0,Male,STAGE IIB,EUR
TCGA-L5-A8NT,Esophageal_Adenocarcinoma,digestive,13,0.0,69.0,Male,STAGE IIB,EUR
TCGA-L5-A8NU,Esophageal_Adenocarcinoma,digestive,3,0.0,84.0,Male,STAGE IIA,EUR
TCGA-L5-A8NV,Esophageal_Adenocarcinoma,digestive,11,1.0,75.0,Male,STAGE IIA,EUR
TCGA-L5-A8NW,Esophageal_Adenocarcinoma,digestive,14,0.0,55.0,Male,STAGE IB,EUR
TCGA-L7-A56G,Esophageal_Adenocarcinoma,digestive,8,1.0,65.0,Male,,AFR
TCGA-L7-A6VZ,Esophageal_Adenocarcinoma,digestive,9,1.0,62.0,Male,STAGE IIIC,EUR
TCGA-LN-A49K,Esophageal_Adenocarcinoma,digestive,6,2.0,66.0,Male,STAGE IIA,EAS
TCGA-LN-A49L,Esophageal_Adenocarcinoma,digestive,21,1.0,44.0,Male,STAGE IIA,EAS
TCGA-LN-A49M,Esophageal_Adenocarcinoma,digestive,28,1.0,62.0,Male,STAGE IIA,EAS
TCGA-LN-A49N,Esophageal_Adenocarcinoma,digestive,10,2.0,50.0,Male,STAGE IIB,EAS
TCGA-LN-A49O,Esophageal_Adenocarcinoma,digestive,8,1.0,47.0,Male,STAGE IIA,EAS
TCGA-LN-A49P,Esophageal_Adenocarcinoma,digestive,10,1.0,71.0,Male,STAGE IIA,EAS
TCGA-LN-A49R,Esophageal_Adenocarcinoma,digestive,14,2.0,46.0,Male,STAGE III,EAS
TCGA-LN-A49S,Esophageal_Adenocarcinoma,digestive,10,3.0,59.0,Male,STAGE IIA,EAS
TCGA-LN-A49U,Esophageal_Adenocarcinoma,digestive,10,3.0,62.0,Male,STAGE IIA,EAS
TCGA-LN-A49V,Esophageal_Adenocarcinoma,digestive,13,1.0,49.0,Male,STAGE IIA,EAS
TCGA-LN-A49W,Esophageal_Adenocarcinoma,digestive,6,0.0,73.0,Male,STAGE III,EAS
TCGA-LN-A49X,Esophageal_Adenocarcinoma,digestive,9,0.0,44.0,Male,STAGE IIA,EAS
TCGA-LN-A49Y,Esophageal_Adenocarcinoma,digestive,21,1.0,77.0,Male,STAGE IIA,EAS
TCGA-LN-A4A1,Esophageal_Adenocarcinoma,digestive,11,2.0,60.0,Male,STAGE IIA,EAS
TCGA-LN-A4A2,Esophageal_Adenocarcinoma,digestive,13,1.0,57.0,Male,STAGE IIA,EAS
TCGA-LN-A4A3,Esophageal_Adenocarcinoma,digestive,4,2.0,61.0,Male,STAGE III,EAS
TCGA-LN-A4A4,Esophageal_Adenocarcinoma,digestive,13,0.0,36.0,Male,STAGE III,EAS
TCGA-LN-A4A5,Esophageal_Adenocarcinoma,digestive,3,0.0,49.0,Male,STAGE IIA,EAS
TCGA-LN-A4A6,Esophageal_Adenocarcinoma,digestive,15,1.0,65.0,Male,STAGE II,EAS
TCGA-LN-A4A8,Esophageal_Adenocarcinoma,digestive,14,1.0,52.0,Male,STAGE IIA,EAS
TCGA-LN-A4A9,Esophageal_Adenocarcinoma,digestive,16,1.0,58.0,Male,STAGE IIA,EAS
TCGA-LN-A4MQ,Esophageal_Adenocarcinoma,digestive,10,4.0,46.0,Male,STAGE III,EAS
TCGA-LN-A4MR,Esophageal_Adenocarcinoma,digestive,18,1.0,57.0,Male,STAGE IIA,EAS
TCGA-LN-A5U5,Esophageal_Adenocarcinoma,digestive,8,3.0,57.0,Male,STAGE IV,EAS
TCGA-LN-A5U6,Esophageal_Adenocarcinoma,digestive,12,3.0,54.0,Male,STAGE IIB,EAS
TCGA-LN-A5U7,Esophageal_Adenocarcinoma,digestive,8,1.0,46.0,Male,STAGE IIA,EAS
TCGA-LN-A7HV,Esophageal_Adenocarcinoma,digestive,4,3.0,58.0,Male,STAGE IIA,EAS
TCGA-LN-A7HW,Esophageal_Adenocarcinoma,digestive,3,0.0,59.0,Male,STAGE IIA,EAS
TCGA-LN-A7HX,Esophageal_Adenocarcinoma,digestive,10,0.0,72.0,Male,STAGE IIA, 
TCGA-LN-A7HY,Esophageal_Adenocarcinoma,digestive,7,2.0,50.0,Male,STAGE III,EAS
TCGA-LN-A7HZ,Esophageal_Adenocarcinoma,digestive,6,0.0,49.0,Male,STAGE IIA,EAS
TCGA-LN-A8HZ,Esophageal_Adenocarcinoma,digestive,12,4.0,56.0,Male,STAGE IIA,EAS
TCGA-LN-A8I0,Esophageal_Adenocarcinoma,digestive,5,0.0,52.0,Male,STAGE IIA,EAS
TCGA-LN-A8I1,Esophageal_Adenocarcinoma,digestive,12,1.0,67.0,Female,STAGE IIA,EAS
TCGA-LN-A9FO,Esophageal_Adenocarcinoma,digestive,7,1.0,42.0,Male,STAGE IIA,EAS
TCGA-LN-A9FP,Esophageal_Adenocarcinoma,digestive,33,4.0,60.0,Female,STAGE IIA,EAS
TCGA-LN-A9FQ,Esophageal_Adenocarcinoma,digestive,4,1.0,62.0,Male,STAGE IIA,EAS
TCGA-LN-A9FR,Esophageal_Adenocarcinoma,digestive,3,0.0,70.0,Male,STAGE IIB,EAS
TCGA-M9-A5M8,Esophageal_Adenocarcinoma,digestive,9,0.0,58.0,Male,STAGE IIA,EUR
TCGA-Q9-A6FU,Esophageal_Adenocarcinoma,digestive,12,1.0,57.0,Female,STAGE IIIB,EUR
TCGA-Q9-A6FW,Esophageal_Adenocarcinoma,digestive,18,1.0,61.0,Male,STAGE IIIB,EUR
TCGA-R6-A6DN,Esophageal_Adenocarcinoma,digestive,10,0.0,58.0,Male,,EUR
TCGA-R6-A6DQ,Esophageal_Adenocarcinoma,digestive,8,1.0,74.0,Female,,EUR
TCGA-R6-A6KZ,Esophageal_Adenocarcinoma,digestive,6,1.0,42.0,Male,,EUR
TCGA-R6-A6L4,Esophageal_Adenocarcinoma,digestive,6,1.0,27.0,Male,,EUR
TCGA-R6-A6L6,Esophageal_Adenocarcinoma,digestive,10,0.0,68.0,Male,,EUR
TCGA-R6-A6XG,Esophageal_Adenocarcinoma,digestive,14,0.0,64.0,Male,,EUR
TCGA-R6-A6XQ,Esophageal_Adenocarcinoma,digestive,7,0.0,58.0,Male,,EUR
TCGA-R6-A6Y0,Esophageal_Adenocarcinoma,digestive,12,2.0,54.0,Male,,EUR
TCGA-R6-A6Y2,Esophageal_Adenocarcinoma,digestive,14,3.0,71.0,Male,, 
TCGA-R6-A8W5,Esophageal_Adenocarcinoma,digestive,13,3.0,60.0,Male,STAGE IVA,EUR
TCGA-R6-A8W8,Esophageal_Adenocarcinoma,digestive,11,1.0,72.0,Male,,EUR
TCGA-R6-A8WC,Esophageal_Adenocarcinoma,digestive,23,3.0,56.0,Male,,EUR
TCGA-R6-A8WG,Esophageal_Adenocarcinoma,digestive,6,0.0,60.0,Male,, 
TCGA-RE-A7BO,Esophageal_Adenocarcinoma,digestive,11,2.0,72.0,Female,STAGE IIB,EUR
TCGA-S8-A6BV,Esophageal_Adenocarcinoma,digestive,10,0.0,76.0,Male,STAGE IIIA,EUR
TCGA-S8-A6BW,Esophageal_Adenocarcinoma,digestive,11,1.0,51.0,Male,STAGE IB,EUR_ADMIX
TCGA-V5-A7RB,Esophageal_Adenocarcinoma,digestive,15,0.0,59.0,Male,,EUR
TCGA-V5-A7RC,Esophageal_Adenocarcinoma,digestive,14,2.0,55.0,Male,,AFR
TCGA-V5-A7RE,Esophageal_Adenocarcinoma,digestive,11,0.0,45.0,Male,STAGE IB,EUR
TCGA-V5-AASV,Esophageal_Adenocarcinoma,digestive,42,9.0,67.0,Male,STAGE IIB,AFR
TCGA-V5-AASW,Esophageal_Adenocarcinoma,digestive,6,1.0,72.0,Male,,EUR
TCGA-V5-AASX,Esophageal_Adenocarcinoma,digestive,24,4.0,74.0,Male,,EUR
TCGA-VR-A8EO,Esophageal_Adenocarcinoma,digestive,5,1.0,49.0,Male,STAGE IIA,EUR
TCGA-VR-A8EP,Esophageal_Adenocarcinoma,digestive,10,2.0,51.0,Male,STAGE IIIB,EUR
TCGA-VR-A8EQ,Esophageal_Adenocarcinoma,digestive,15,1.0,73.0,Male,STAGE III,EUR
TCGA-VR-A8ER,Esophageal_Adenocarcinoma,digestive,4,0.0,54.0,Male,STAGE III, 
TCGA-VR-A8ET,Esophageal_Adenocarcinoma,digestive,2,0.0,64.0,Male,STAGE IIA,EUR
TCGA-VR-A8EU,Esophageal_Adenocarcinoma,digestive,11,3.0,51.0,Male,STAGE IV, 
TCGA-VR-A8EW,Esophageal_Adenocarcinoma,digestive,10,0.0,57.0,Male,STAGE IIIB,EAS
TCGA-VR-A8EX,Esophageal_Adenocarcinoma,digestive,15,2.0,63.0,Male,STAGE IVA,EUR_ADMIX
TCGA-VR-A8EY,Esophageal_Adenocarcinoma,digestive,11,1.0,44.0,Female,STAGE IIA,EUR
TCGA-VR-A8EZ,Esophageal_Adenocarcinoma,digestive,14,1.0,47.0,Male,STAGE IIIC,EUR
TCGA-VR-A8Q7,Esophageal_Adenocarcinoma,digestive,11,1.0,60.0,Male,STAGE IIIA,EUR
TCGA-VR-AA4D,Esophageal_Adenocarcinoma,digestive,11,2.0,53.0,Male,STAGE IIB,EUR
TCGA-VR-AA4G,Esophageal_Adenocarcinoma,digestive,4,2.0,51.0,Female,STAGE IIIA,EUR
TCGA-VR-AA7B,Esophageal_Adenocarcinoma,digestive,22,1.0,65.0,Female,STAGE IV,EUR
TCGA-VR-AA7D,Esophageal_Adenocarcinoma,digestive,11,2.0,58.0,Male,STAGE IIIC, 
TCGA-VR-AA7I,Esophageal_Adenocarcinoma,digestive,10,0.0,70.0,Male,STAGE III,EUR
TCGA-X8-AAAR,Esophageal_Adenocarcinoma,digestive,6,1.0,69.0,Male,,EUR
TCGA-XP-A8T6,Esophageal_Adenocarcinoma,digestive,8,1.0,54.0,Male,STAGE IIB, 
TCGA-XP-A8T7,Esophageal_Adenocarcinoma,digestive,11,2.0,63.0,Female,STAGE IIA,EUR_ADMIX
TCGA-XP-A8T8,Esophageal_Adenocarcinoma,digestive,12,1.0,49.0,Male,STAGE IIB,AFR_ADMIX
TCGA-Z6-A8JD,Esophageal_Adenocarcinoma,digestive,20,2.0,53.0,Male,STAGE IIB,EUR
TCGA-Z6-A8JE,Esophageal_Adenocarcinoma,digestive,14,0.0,57.0,Male,STAGE IIIA,EUR
TCGA-Z6-A9VB,Esophageal_Adenocarcinoma,digestive,7,0.0,53.0,Male,STAGE IIIA,EUR
TCGA-Z6-AAPN,Esophageal_Adenocarcinoma,digestive,33,3.0,57.0,Male,STAGE IIA,EUR
TCGA-ZR-A9CJ,Esophageal_Adenocarcinoma,digestive,18,1.0,65.0,Male,STAGE IIIC,EUR
