Observed,Scaled_Observed,Chao1
163,619.4,195.4
173,657.4,199.32692307692307
168,638.4,202.225
163,619.4,183.8913043478261
173,657.4,219.225
160,608,196.21428571428572
167,634.6,205
166,630.8,193.8409090909091
168,638.4,218
163,619.4,195.5952380952381
166,630.8,186.8913043478261
157,596.6,193
172,653.6,198.32692307692307
177,672.6,226
163,619.4,193.11764705882354
167,634.6,188.78
171,649.8,206.02083333333334
177,672.6,215.20454545454544
138,524.4,172.6153846153846
170,646,200.625
169,642.1999999999999,189.02083333333334
174,661.1999999999999,218.23684210526315
157,596.6,182
168,638.4,210.02272727272728
179,680.1999999999999,215.98
172,653.6,223.88235294117646
163,619.4,217.32142857142856
169,642.1999999999999,198.76086956521738
163,619.4,187.025
181,687.8,231.94736842105263
164,623.1999999999999,233.13636363636363
172,653.6,220.4
175,665,211.0263157894737
175,665,209.7826086956522
173,657.4,243.61764705882354
170,646,184.0625
172,653.6,205.06521739130434
178,676.4,231.28947368421052
176,668.8,218.02272727272728
175,665,219.44444444444446
164,623.1999999999999,188.5
163,619.4,192.45454545454544
181,687.8,212.3913043478261
161,611.8,224
177,672.6,221.02380952380952
172,653.6,208.36363636363637
169,642.1999999999999,205.0263157894737
167,634.6,187.45454545454544
161,611.8,185.75
165,627,209.02380952380952
160,608,200
178,676.4,222.44444444444446
169,642.1999999999999,213
165,627,214.84615384615384
164,623.1999999999999,192.17391304347825
166,630.8,194.16666666666666
173,657.4,211
166,630.8,202.1
163,619.4,194.3913043478261
182,691.6,238.25
172,653.6,191.69230769230768
170,646,210.0909090909091
171,649.8,221.94736842105263
151,573.8,177.69444444444446
184,699.1999999999999,228.02380952380952
172,653.6,216.44444444444446
173,657.4,198.52083333333334
152,577.6,174.26086956521738
166,630.8,196.42000000000002
183,695.4,229.07999999999998
151,573.8,179.17391304347825
160,608,196.1
163,619.4,195.4
158,600.4,186.88
172,653.6,216
169,642.1999999999999,195.27272727272728
170,646,203.06521739130434
170,646,212.1875
173,657.4,207.7826086956522
158,600.4,182.5
175,665,207
168,638.4,218.20454545454544
166,630.8,206.19565217391306
178,676.4,242.38095238095238
177,672.6,221.02173913043478
174,661.1999999999999,204.41379310344828
163,619.4,205.25
171,649.8,203.5952380952381
172,653.6,230.1315789473684
165,627,183.96296296296296
167,634.6,203.1
161,611.8,191.25
157,596.6,204.53125
159,604.1999999999999,182.12
177,672.6,217.33333333333334
167,634.6,192.6
160,608,203.75
175,665,217
178,676.4,211.62
182,691.6,214.3269230769231
181,687.8,245
168,638.4,210.10526315789474
173,657.4,197.89655172413794
169,642.1999999999999,212.75
174,661.1999999999999,223
167,634.6,209.10526315789474
163,619.4,190.52380952380952
190,722,232.66666666666666
167,634.6,187.02083333333334
170,646,193.67391304347825
167,634.6,182.625
164,623.1999999999999,219.125
177,672.6,209
165,627,207.78125
167,634.6,213.69444444444446
179,680.1999999999999,215.36363636363637
148,562.4,288.08333333333337
175,665,223.6578947368421
162,615.6,190.6578947368421
162,615.6,192.625
160,608,190.42105263157896
173,657.4,213.0263157894737
149,566.1999999999999,173.14285714285714
165,627,198.33333333333334
158,600.4,198.26470588235293
169,642.1999999999999,184.1875
164,623.1999999999999,219.125
174,661.1999999999999,212.0952380952381
173,657.4,236.28125
173,657.4,253.66666666666669
180,684,237.78125
171,649.8,219.6578947368421
174,661.1999999999999,207.01785714285714
167,634.6,199.02941176470588
176,668.8,230.38235294117646
168,638.4,193.1304347826087
167,634.6,186.69230769230768
166,630.8,202.36363636363637
174,661.1999999999999,222.13333333333333
169,642.1999999999999,189.02083333333334
165,627,201.1
163,619.4,201.02777777777777
150,570,174.38095238095238
168,638.4,194.27272727272728
165,627,211.42105263157896
173,657.4,218.125
169,642.1999999999999,198.16666666666666
170,646,237.5
164,623.1999999999999,181.35714285714286
163,619.4,187
164,623.1999999999999,184.48
173,657.4,219.42105263157896
165,627,185.8913043478261
159,604.1999999999999,187.9
168,638.4,208.26470588235293
174,661.1999999999999,212.0952380952381
171,649.8,208.23076923076923
159,604.1999999999999,199.5
172,653.6,198.6304347826087
183,695.4,264.28125
170,646,202.3269230769231
172,653.6,208.36363636363637
168,638.4,204.36363636363637
180,684,206.66666666666666
167,634.6,203.1
170,646,197.225
159,604.1999999999999,207.4
164,623.1999999999999,185.40740740740742
174,661.1999999999999,197.12
165,627,199.03125
159,604.1999999999999,186
170,646,208.025
169,642.1999999999999,201.02941176470588
166,630.8,189.27272727272728
162,615.6,225
179,680.1999999999999,237.1315789473684
175,665,211.125
166,630.8,210.44444444444446
168,638.4,208
159,604.1999999999999,191.4
165,627,189.38095238095238
154,585.1999999999999,190.57142857142856
171,649.8,207
158,600.4,194.1
171,649.8,209
165,627,199.225
171,649.8,211
162,615.6,243.3846153846154
163,619.4,193.625
167,634.6,197.42000000000002
168,638.4,218
167,634.6,195.44444444444446
172,653.6,204.23684210526315
178,676.4,238.6315789473684
166,630.8,197.11363636363637
159,604.1999999999999,193.02777777777777
165,627,238.63333333333333
179,680.1999999999999,224.125
179,680.1999999999999,225.0952380952381
166,630.8,206.19565217391306
154,585.1999999999999,184.11764705882354
170,646,204.7826086956522
162,615.6,189
174,661.1999999999999,229.68421052631578
165,627,219.32142857142856
162,615.6,204.47058823529412
167,634.6,230
180,684,218.02777777777777
173,657.4,204.11363636363637
161,611.8,186.28947368421052
168,638.4,199.3913043478261
170,646,194.75
152,577.6,190.28125
162,615.6,200.0952380952381
171,649.8,220.84615384615384
180,684,218.52083333333334
168,638.4,195.225
164,623.1999999999999,208.23684210526315
174,661.1999999999999,212
156,592.8,183
167,634.6,187.94230769230768
176,668.8,203.8409090909091
170,646,216.69444444444446
186,706.8,225.72413793103448
180,684,210.76923076923077
174,661.1999999999999,200.32692307692307
162,615.6,206.1
169,642.1999999999999,218
160,608,183.68421052631578
176,668.8,203
171,649.8,202.3913043478261
158,600.4,196
156,592.8,178.26086956521738
167,634.6,203.02941176470588
162,615.6,182.02083333333334
161,611.8,197
168,638.4,198.25
147,558.6,185.28125
165,627,193.17391304347825
171,649.8,219
179,680.1999999999999,197.15
162,615.6,192.03125
157,596.6,201.73529411764707
167,634.6,194.52380952380952
168,638.4,204.54347826086956
167,634.6,195.9
169,642.1999999999999,209
175,665,208.06521739130434
170,646,214.1
157,596.6,197.5
170,646,200.08333333333334
180,684,199.44642857142858
169,642.1999999999999,209.0263157894737
175,665,205.42000000000002
163,619.4,193.42105263157896
177,672.6,200.14285714285714
165,627,187.81666666666666
151,573.8,181.11764705882354
154,585.1999999999999,202.13333333333333
171,649.8,201.625
162,615.6,198.02941176470588
174,661.1999999999999,188.08333333333334
184,699.1999999999999,224.19565217391306
180,684,214.7826086956522
160,608,194.13333333333333
162,615.6,180
163,619.4,183.8913043478261
166,630.8,208.10526315789474
168,638.4,190.26086956521738
165,627,224.55882352941177
159,604.1999999999999,187.88
177,672.6,207.76923076923077
165,627,201.02941176470588
166,630.8,212.42105263157896
177,672.6,209.3269230769231
170,646,230.03571428571428
152,577.6,172.6315789473684
165,627,199.10526315789474
175,665,199.44642857142858
181,687.8,229.0909090909091
173,657.4,200.76923076923077
184,699.1999999999999,236.08333333333334
169,642.1999999999999,195.32692307692307
169,642.1999999999999,187
178,676.4,214.98
174,661.1999999999999,207.62
160,608,181.025
176,668.8,205.62962962962962
161,611.8,188.38
177,672.6,199.6875
174,661.1999999999999,203.76086956521738
161,611.8,175
166,630.8,202.0263157894737
166,630.8,232.03571428571428
166,630.8,215.44117647058823
162,615.6,202.9090909090909
178,676.4,202.08333333333334
166,630.8,189.12
164,623.1999999999999,200.21428571428572
172,653.6,210.28125
168,638.4,196.17391304347825
173,657.4,209.36363636363637
173,657.4,221.4
176,668.8,220.44444444444446
165,627,207.08695652173913
162,615.6,202
179,680.1999999999999,210.6875
177,672.6,227.94736842105263
151,573.8,183.11111111111111
168,638.4,208
170,646,197.38
172,653.6,218.02272727272728
174,661.1999999999999,214.0263157894737
177,672.6,201.92307692307693
166,630.8,206.02380952380952
172,653.6,208.0263157894737
168,638.4,204.36363636363637
172,653.6,236.97058823529412
178,676.4,218.0263157894737
172,653.6,206.38095238095238
155,589,181.94736842105263
175,665,211.98
178,676.4,222
166,630.8,188.88095238095238
167,634.6,215.4
181,687.8,225
156,592.8,181.28947368421052
172,653.6,210.34782608695653
158,600.4,198.26470588235293
163,619.4,210.53125
170,646,190.94230769230768
162,615.6,196.5681818181818
158,600.4,178.45454545454544
159,604.1999999999999,202.75
169,642.1999999999999,200.11363636363637
182,691.6,212.76923076923077
188,714.4,253.78947368421052
173,657.4,203.85714285714286
167,634.6,185.96296296296296
161,611.8,206.125
173,657.4,197
159,604.1999999999999,187.6578947368421
171,649.8,235
177,672.6,221.18
170,646,197.58620689655172
164,623.1999999999999,186.6875
176,668.8,232.94117647058823
172,653.6,202.85714285714286
159,604.1999999999999,182.67391304347825
170,646,239.03125
163,619.4,201.02777777777777
167,634.6,196.76086956521738
158,600.4,188.03125
183,695.4,221.34782608695653
166,630.8,198.4
163,619.4,193.03125
173,657.4,214.14285714285714
152,577.6,218.66666666666669
174,661.1999999999999,216.25
180,684,232.5952380952381
167,634.6,191.38095238095238
164,623.1999999999999,198.7826086956522
180,684,222.025
168,638.4,203.02083333333334
181,687.8,237.03333333333333
164,623.1999999999999,192.17391304347825
162,615.6,194.5952380952381
164,623.1999999999999,191.52380952380952
172,653.6,210.025
167,634.6,248.3846153846154
176,668.8,191.5
161,611.8,175.20454545454547
172,653.6,210.0952380952381
166,630.8,227.36111111111111
146,554.8,164.225
184,699.1999999999999,222.0952380952381
172,653.6,212.02380952380952
168,638.4,194.6304347826087
167,634.6,205.0952380952381
165,627,197.8181818181818
169,642.1999999999999,190.1206896551724
170,646,234.53333333333333
171,649.8,243.32142857142856
165,627,190.52083333333334
176,668.8,220.02380952380952
169,642.1999999999999,201.3269230769231
156,592.8,196.83333333333334
161,611.8,193.23684210526315
169,642.1999999999999,230.36111111111111
169,642.1999999999999,207.0952380952381
178,676.4,228.94736842105263
177,672.6,252.11111111111111
167,634.6,199.4
172,653.6,236.53333333333333
172,653.6,239.5
170,646,215.125
169,642.1999999999999,225.25
179,680.1999999999999,214.02083333333334
165,627,214.84615384615384
175,665,215.19565217391306
162,615.6,196.02777777777777
157,596.6,197.5
154,585.1999999999999,184.03125
157,596.6,185.6578947368421
170,646,204.10526315789474
166,630.8,208.25
171,649.8,195.08333333333334
173,657.4,230.6
172,653.6,208.1
190,722,220.01785714285714
168,638.4,199.11363636363637
162,615.6,189.225
162,615.6,198.3
174,661.1999999999999,222.02173913043478
180,684,213.01785714285714
171,649.8,218.53125
176,668.8,222.0952380952381
174,661.1999999999999,240.03571428571428
174,661.1999999999999,192.75
166,630.8,210.73529411764707
167,634.6,197.625
168,638.4,210.025
181,687.8,219.025
171,649.8,215.46296296296296
171,649.8,218.53125
152,577.6,181.45454545454544
182,691.6,228.69444444444446
175,665,202
165,627,209.46153846153845
181,687.8,213.3269230769231
169,642.1999999999999,217.13333333333333
175,665,197.88095238095238
167,634.6,195.44444444444446
171,649.8,209.02777777777777
154,585.1999999999999,190.57142857142856
166,630.8,204.0952380952381
174,661.1999999999999,195.78
164,623.1999999999999,192.16666666666666
170,646,188.96296296296296
162,615.6,245.33333333333331
175,665,196.87878787878788
165,627,205.11111111111111
170,646,237.5
164,623.1999999999999,187.60344827586206
158,600.4,181.67391304347825
165,627,199.5681818181818
160,608,196.36363636363637
169,642.1999999999999,215.225
156,592.8,181.1304347826087
158,600.4,207
169,642.1999999999999,188.22
158,600.4,188.08333333333334
163,619.4,195.11111111111111
170,646,191.875
181,687.8,203.81666666666666
162,615.6,181.22
175,665,219.02173913043478
168,638.4,216.02173913043478
175,665,200.35185185185185
156,592.8,210.32142857142856
177,672.6,213.21428571428572
156,592.8,186.625
176,668.8,220
175,665,195.16666666666666
159,604.1999999999999,201.78125
180,684,214.5681818181818
162,615.6,195.33333333333334
157,596.6,200.75
165,627,209.23684210526315
175,665,205.42105263157896
170,646,216.42105263157896
154,585.1999999999999,174.83333333333334
173,657.4,273.8333333333333
177,672.6,213.98
175,665,238.28125
175,665,213.0952380952381
169,642.1999999999999,203.10526315789474
158,600.4,204.42105263157896
155,589,182.225
179,680.1999999999999,223
167,634.6,201.10526315789474
171,649.8,227.94117647058823
164,623.1999999999999,265.25
173,657.4,211.025
173,657.4,200.8409090909091
164,623.1999999999999,202.11764705882354
167,634.6,205.20454545454544
166,630.8,194.26470588235293
173,657.4,207.38095238095238
166,630.8,204.34782608695653
171,649.8,205.7826086956522
169,642.1999999999999,223.38235294117646
168,638.4,195.38
174,661.1999999999999,210.21428571428572
169,642.1999999999999,187
169,642.1999999999999,219.20454545454544
184,699.1999999999999,204.13235294117646
168,638.4,205.23076923076923
155,589,208.33333333333334
152,577.6,192.04166666666666
163,619.4,211.13333333333333
160,608,198.89285714285714
172,653.6,210
164,623.1999999999999,200.0263157894737
169,642.1999999999999,213.44444444444446
154,585.1999999999999,192.89285714285714
162,615.6,204.02272727272728
170,646,216.42105263157896
178,676.4,212.02777777777777
171,649.8,202.3913043478261
151,573.8,191.0909090909091
172,653.6,208.75
178,676.4,206.98275862068965
175,665,219.23684210526315
170,646,202.3269230769231
157,596.6,172.84782608695653
168,638.4,214.69444444444446
170,646,194.75
174,661.1999999999999,214.0263157894737
174,661.1999999999999,207.06521739130434
171,649.8,192.78
167,634.6,209
153,581.4,187.38095238095238
162,615.6,188.94736842105263
161,611.8,186.52083333333334
171,649.8,198.76923076923077
171,649.8,205.7826086956522
161,611.8,190.45454545454544
171,649.8,205.02777777777777
173,657.4,203.42105263157896
168,638.4,217
170,646,230.03571428571428
169,642.1999999999999,220.88235294117646
180,684,242.23529411764707
164,623.1999999999999,189.78571428571428
170,646,218
166,630.8,206.26470588235293
170,646,197
169,642.1999999999999,211
165,627,184.56521739130434
178,676.4,218.5
173,657.4,223.94736842105263
162,615.6,236.46153846153845
161,611.8,195.225
171,649.8,199.9
173,657.4,240.5
163,619.4,188.35185185185185
161,611.8,193.11111111111111
166,630.8,208.47058823529412
169,642.1999999999999,199.42000000000002
167,634.6,180.02083333333334
173,657.4,211.34782608695653
155,589,195.5
169,642.1999999999999,217.13333333333333
178,676.4,193.5
163,619.4,205.1875
162,615.6,209.05882352941177
178,676.4,200.08064516129033
171,649.8,211
156,592.8,182.27272727272728
163,619.4,188.92000000000002
160,608,185.92000000000002
161,611.8,195.02777777777777
169,642.1999999999999,194.78571428571428
179,680.1999999999999,225.02083333333334
172,653.6,205.06521739130434
160,608,190.625
174,661.1999999999999,214.02380952380952
163,619.4,177.01923076923077
162,615.6,202.0263157894737
170,646,188.48076923076923
176,668.8,196.02083333333334
184,699.1999999999999,245.45454545454544
180,684,216.21428571428572
158,600.4,192.6153846153846
166,630.8,189.55769230769232
165,627,207.10526315789474
167,634.6,216.44117647058823
172,653.6,208.36363636363637
169,642.1999999999999,205.1
169,642.1999999999999,201.4
172,653.6,214
165,627,225.16666666666666
162,615.6,219.78125
174,661.1999999999999,203.16666666666666
175,665,205.76923076923077
154,585.1999999999999,196.10526315789474
180,684,251.1578947368421
171,649.8,200.45454545454544
176,668.8,206.41379310344828
170,646,195.92857142857142
163,619.4,218.125
172,653.6,212.26470588235293
183,695.4,210.38
173,657.4,196.14285714285714
165,627,190.6
178,676.4,207.76086956521738
167,634.6,207.0263157894737
174,661.1999999999999,193.69230769230768
164,623.1999999999999,190.94736842105263
171,649.8,209
156,592.8,188.4
167,634.6,194.52380952380952
177,672.6,208.11363636363637
177,672.6,197.64285714285714
163,619.4,201.52083333333334
152,577.6,180.26470588235293
174,661.1999999999999,210.1
165,627,192.8409090909091
177,672.6,194.56451612903226
165,627,196.6875
172,653.6,214.48076923076923
183,695.4,227.02173913043478
158,600.4,180.26086956521738
173,657.4,207.10526315789474
175,665,217.10526315789474
173,657.4,188.5151515151515
179,680.1999999999999,215.21428571428572
156,592.8,197.28571428571428
161,611.8,192.6875
175,665,211.21428571428572
173,657.4,202.45454545454544
162,615.6,194.23684210526315
164,623.1999999999999,188.75
176,668.8,220.23684210526315
165,627,238.5
174,661.1999999999999,216.78125
164,623.1999999999999,190.47058823529412
160,608,208.89285714285714
163,619.4,190.8409090909091
162,615.6,198.0263157894737
160,608,232.2
165,627,199.38095238095238
169,642.1999999999999,209.5
158,600.4,174.82
165,627,205.26470588235293
172,653.6,218.225
178,676.4,195
171,649.8,209.025
164,623.1999999999999,221.14285714285714
157,596.6,249.04545454545456
171,649.8,211.11111111111111
177,672.6,247.53333333333333
173,657.4,208.28
161,611.8,201
168,638.4,204.0263157894737
172,653.6,192.64285714285714
159,604.1999999999999,185.27272727272728
182,691.6,208.22413793103448
167,634.6,192.1304347826087
169,642.1999999999999,190.1206896551724
162,615.6,181.18421052631578
174,661.1999999999999,200.32692307692307
172,653.6,220.4
172,653.6,218.42105263157896
168,638.4,204.54347826086956
173,657.4,211.20454545454544
166,630.8,206.0263157894737
163,619.4,201
174,661.1999999999999,212.52083333333334
164,623.1999999999999,188.75
172,653.6,206.02777777777777
165,627,199.10526315789474
162,615.6,196.38095238095238
163,619.4,263.4090909090909
157,596.6,187.625
183,695.4,245.23529411764707
160,608,189.45454545454544
165,627,214.44117647058823
171,649.8,211.02380952380952
176,668.8,202.22413793103448
168,638.4,248.66666666666669
175,665,209.10526315789474
175,665,201.32692307692307
168,638.4,199.6875
166,630.8,202
177,672.6,209
177,672.6,199.3448275862069
170,646,227.78125
168,638.4,215.53125
171,649.8,224.28947368421052
176,668.8,192.66666666666666
168,638.4,191.55769230769232
172,653.6,218.225
158,600.4,181.55769230769232
159,604.1999999999999,180.42857142857142
166,630.8,219.33333333333334
162,615.6,187.6
170,646,206.36363636363637
173,657.4,201.16666666666666
164,623.1999999999999,256.0416666666667
166,630.8,202.21428571428572
165,627,193.52083333333334
170,646,197.52380952380952
171,649.8,200.76086956521738
160,608,177.04347826086956
164,623.1999999999999,196.5952380952381
170,646,230.5
173,657.4,205.5952380952381
156,592.8,171.57407407407408
171,649.8,215
172,653.6,206.7826086956522
154,585.1999999999999,184.85714285714286
174,661.1999999999999,195.875
170,646,232.23529411764707
173,657.4,217.44444444444446
164,623.1999999999999,200.02941176470588
159,604.1999999999999,201.25
172,653.6,210
163,619.4,183.48
145,551,159.69444444444446
173,657.4,195.6851851851852
172,653.6,214.02272727272728
150,570,178.26470588235293
167,634.6,203
175,665,211.21428571428572
164,623.1999999999999,194.85714285714286
179,680.1999999999999,223.08333333333334
164,623.1999999999999,208.23684210526315
167,634.6,218.88235294117646
164,623.1999999999999,215.57142857142856
163,619.4,201.53333333333333
163,619.4,199.1
180,684,218.52083333333334
165,627,179.51851851851853
156,592.8,180.08333333333334
162,615.6,184.6851851851852
158,600.4,190.23684210526315
167,634.6,194.38
173,657.4,200
156,592.8,184.9
167,634.6,199.8181818181818
170,646,223.77777777777777
172,653.6,238.69444444444446
174,661.1999999999999,210.21428571428572
175,665,217.08695652173913
160,608,185.78571428571428
178,676.4,214.1
187,710.6,235.0909090909091
169,642.1999999999999,197.17391304347825
169,642.1999999999999,196.52380952380952
160,608,187.52380952380952
159,604.1999999999999,203.02380952380952
169,642.1999999999999,194
170,646,204
168,638.4,213.125
165,627,207.025
160,608,182.23076923076923
169,642.1999999999999,190.1206896551724
176,668.8,199.55769230769232
159,604.1999999999999,193
170,646,236.69444444444446
162,615.6,204.025
168,638.4,202.225
158,600.4,231.63333333333333
178,676.4,218.33333333333334
162,615.6,182.6315789473684
164,623.1999999999999,194.42105263157896
154,585.1999999999999,178.73529411764707
170,646,199.45454545454544
180,684,208.16666666666666
171,649.8,233.5
176,668.8,211.28
180,684,264.02777777777777
168,638.4,212.23684210526315
164,623.1999999999999,200
170,646,208.20454545454544
179,680.1999999999999,229.02083333333334
163,619.4,187.92307692307693
161,611.8,209.6578947368421
186,706.8,240.34782608695653
170,646,191.33333333333334
179,680.1999999999999,231.9
178,676.4,216.02777777777777
161,611.8,188
156,592.8,188.11111111111111
168,638.4,223.53846153846155
180,684,213.9230769230769
175,665,230.68421052631578
176,668.8,201.1304347826087
174,661.1999999999999,199.52083333333334
174,661.1999999999999,225.88235294117646
163,619.4,203.5
163,619.4,201.025
155,589,189.03125
184,699.1999999999999,224.5
175,665,202.38
176,668.8,208.5952380952381
176,668.8,207.6875
175,665,238.18421052631578
177,672.6,194.015625
155,589,198.2
163,619.4,197.02777777777777
178,676.4,228.38095238095238
173,657.4,228.225
172,653.6,216.02380952380952
171,649.8,195.5
162,615.6,179.7962962962963
163,619.4,211.6578947368421
175,665,225.625
176,668.8,207.3913043478261
179,680.1999999999999,203.5
166,630.8,195.76086956521738
163,619.4,193.11764705882354
165,627,209.23684210526315
178,676.4,212.38095238095238
161,611.8,178.7962962962963
163,619.4,255.57142857142856
174,661.1999999999999,214.19565217391306
168,638.4,193.1304347826087
175,665,238
164,623.1999999999999,183.18421052631578
167,634.6,197.03125
176,668.8,220.73529411764707
156,592.8,222.66666666666669
172,653.6,208.21428571428572
173,657.4,191.77586206896552
156,592.8,171.68
177,672.6,225.21428571428572
168,638.4,206.025
165,627,199.38095238095238
177,672.6,209
176,668.8,216.02380952380952
167,634.6,188.40740740740742
167,634.6,222.125
166,630.8,202.36363636363637
158,600.4,192.38095238095238
157,596.6,197.0263157894737
167,634.6,193.74074074074073
157,596.6,179.26086956521738
181,687.8,203.5625
176,668.8,218
186,706.8,220.7826086956522
162,615.6,190.9
161,611.8,205.23684210526315
158,600.4,196.28125
175,665,197.6851851851852
157,596.6,177.25
166,630.8,198.5952380952381
148,562.4,173.6
174,661.1999999999999,204.08333333333334
173,657.4,203.08333333333334
167,634.6,216
178,676.4,218.5
183,695.4,223.33333333333334
169,642.1999999999999,200.11363636363637
164,623.1999999999999,190.6304347826087
168,638.4,223.125
173,657.4,200.8409090909091
152,577.6,188.3
167,634.6,189.5
158,600.4,181.27272727272728
177,672.6,221
164,623.1999999999999,195.3913043478261
162,615.6,200.02777777777777
175,665,205.625
159,604.1999999999999,230.1153846153846
163,619.4,191.6578947368421
173,657.4,233.5
176,668.8,214.025
170,646,210
174,661.1999999999999,220.02083333333334
178,676.4,213.28
163,619.4,247.96153846153845
185,703,235.625
175,665,201.27272727272728
153,581.4,170.52083333333334
160,608,205.125
163,619.4,201.11764705882354
169,642.1999999999999,226.6
181,687.8,213.3269230769231
157,596.6,193.125
164,623.1999999999999,214.7
174,661.1999999999999,208.225
173,657.4,199.32692307692307
157,596.6,187.25
178,676.4,205
169,642.1999999999999,211.47058823529412
162,615.6,198.0263157894737
162,615.6,209.53125
164,623.1999999999999,198.10526315789474
168,638.4,210.02272727272728
166,630.8,183.30769230769232
176,668.8,225
174,661.1999999999999,206.4
178,676.4,222.44444444444446
152,577.6,176.75
165,627,208.2
166,630.8,217.88235294117646
160,608,188.125
169,642.1999999999999,189.94230769230768
165,627,197.23684210526315
175,665,219.1
178,676.4,213.28
172,653.6,200.88
166,630.8,187.8409090909091
171,649.8,207.1
160,608,206.28571428571428
170,646,216.42105263157896
171,649.8,210.1851851851852
174,661.1999999999999,219.125
167,634.6,209
154,585.1999999999999,182.17391304347825
178,676.4,218.11111111111111
157,596.6,178.8409090909091
166,630.8,196.03125
154,585.1999999999999,222.45
171,649.8,197.6304347826087
157,596.6,197.11111111111111
166,630.8,216
173,657.4,203.42105263157896
162,615.6,183.40740740740742
169,642.1999999999999,205
163,619.4,214.36111111111111
174,661.1999999999999,207.33333333333334
174,661.1999999999999,216.1875
164,623.1999999999999,206.47058823529412
176,668.8,224
180,684,222.1875
176,668.8,200.75
169,642.1999999999999,198.45454545454544
156,592.8,172.5681818181818
170,646,204.38095238095238
173,657.4,252.52941176470588
178,676.4,226.21428571428572
176,668.8,199.55769230769232
168,638.4,204.0263157894737
163,619.4,203
172,653.6,201.45454545454544
176,668.8,225.44117647058823
151,573.8,185
159,604.1999999999999,201.25
162,615.6,196.10526315789474
165,627,207.78125
143,543.4,162.18421052631578
173,657.4,206.33333333333334
164,623.1999999999999,202.52083333333334
166,630.8,200.10526315789474
168,638.4,204.02941176470588
170,646,212.025
161,611.8,225.53333333333333
169,642.1999999999999,211.10526315789474
171,649.8,217.225
167,634.6,217
174,661.1999999999999,212.52083333333334
169,642.1999999999999,205.36363636363637
170,646,190.48
176,668.8,226.38095238095238
170,646,220.38095238095238
164,623.1999999999999,212.13333333333333
172,653.6,197.35185185185185
165,627,205
170,646,212.025
177,672.6,202.92000000000002
168,638.4,204.02941176470588
175,665,210.02083333333334
157,596.6,182.6
165,627,205.0263157894737
173,657.4,223
167,634.6,188.42857142857142
166,630.8,193.8409090909091
161,611.8,219.5
155,589,189.13333333333333
162,615.6,187.92000000000002
160,608,224.53333333333333
169,642.1999999999999,203.38095238095238
161,611.8,187.47058823529412
182,691.6,213.5
180,684,220.0263157894737
171,649.8,221.7
152,577.6,182.25
175,665,225.625
172,653.6,204
168,638.4,190.23076923076923
170,646,196.27272727272728
176,668.8,232.03333333333333
165,627,185.25
175,665,230.225
163,619.4,185.6875
165,627,205
177,672.6,203.32692307692307
173,657.4,211.20454545454544
157,596.6,210.33333333333334
183,695.4,210.16071428571428
172,653.6,212.02380952380952
167,634.6,213.69444444444446
179,680.1999999999999,231.9
174,661.1999999999999,191.015625
176,668.8,231.68421052631578
165,627,196.11363636363637
164,623.1999999999999,212.6578947368421
164,623.1999999999999,179.01785714285714
185,703,301.0333333333333
150,570,188.02777777777777
161,611.8,185.08333333333334
167,634.6,203.36363636363637
171,649.8,211.11111111111111
176,668.8,208
161,611.8,197
166,630.8,215
167,634.6,213.02272727272728
177,672.6,205.57142857142858
177,672.6,200.14285714285714
163,619.4,195
171,649.8,222.36111111111111
155,589,197.47058823529412
173,657.4,209
170,646,194.5
157,596.6,180.36111111111111
170,646,208.0952380952381
162,615.6,202.11111111111111
161,611.8,195.38095238095238
157,596.6,208.04166666666666
171,649.8,219.4
147,558.6,177
178,676.4,224.02272727272728
171,649.8,205.7826086956522
169,642.1999999999999,213.73529411764707
171,649.8,215.44444444444446
175,665,219.1
164,623.1999999999999,219.125
161,611.8,174.58695652173913
160,608,198.025
182,691.6,213.8793103448276
177,672.6,207.76923076923077
164,623.1999999999999,188.75
162,615.6,189
166,630.8,196.85714285714286
170,646,191.78
173,657.4,208.02083333333334
170,646,200.08333333333334
167,634.6,188.40740740740742
173,657.4,213.33333333333334
156,592.8,194.53333333333333
164,623.1999999999999,205.8846153846154
181,687.8,231.94736842105263
162,615.6,206.23684210526315
173,657.4,213
174,661.1999999999999,221.05882352941177
159,604.1999999999999,191.11111111111111
166,630.8,202.0263157894737
174,661.1999999999999,202.88
162,615.6,185.67391304347825
166,630.8,212.69444444444446
169,642.1999999999999,209.02380952380952
163,619.4,191.9
177,672.6,202.52083333333334
171,649.8,195.5
170,646,218.89285714285714
172,653.6,212.5
174,661.1999999999999,244.53333333333333
168,638.4,202.38095238095238
167,634.6,218.88235294117646
167,634.6,190.14285714285714
164,623.1999999999999,196.8181818181818
173,657.4,219.02272727272728
170,646,217.05882352941177
166,630.8,195.16666666666666
160,608,188.26470588235293
174,661.1999999999999,212
171,649.8,227.94117647058823
158,600.4,192.225
168,638.4,191.55769230769232
176,668.8,202.6304347826087
160,608,194.10526315789474
171,649.8,233.23529411764707
173,657.4,215.025
169,642.1999999999999,191.6851851851852
170,646,197
173,657.4,194.40740740740742
173,657.4,206.06521739130434
178,676.4,208.76923076923077
179,680.1999999999999,215.36363636363637
168,638.4,191.12
160,608,214
182,691.6,224
177,672.6,205.88
170,646,189.26666666666665
159,604.1999999999999,195.3
170,646,208.0952380952381
179,680.1999999999999,209.42000000000002
167,634.6,187.48
170,646,208.0952380952381
160,608,192.11111111111111
169,642.1999999999999,196.38
170,646,210.0263157894737
176,668.8,230.38235294117646
169,642.1999999999999,201
156,592.8,180.75
171,649.8,201.42000000000002
176,668.8,230.5681818181818
172,653.6,203.11363636363637
175,665,215
175,665,213.0952380952381
159,604.1999999999999,219.03571428571428
184,699.1999999999999,228
172,653.6,188.5681818181818
165,627,195.42105263157896
165,627,183
174,661.1999999999999,250.8
171,649.8,200.45454545454544
175,665,219
175,665,207.8181818181818
166,630.8,189.27272727272728
162,615.6,242.1818181818182
159,604.1999999999999,191.5952380952381
182,691.6,224.02272727272728
162,615.6,179.16071428571428
164,623.1999999999999,193.16666666666666
154,585.1999999999999,217
173,657.4,233.5
162,615.6,183.33333333333334
158,600.4,190.14285714285714
160,608,202.025
179,680.1999999999999,213.10526315789474
158,600.4,178.02083333333334
174,661.1999999999999,224.94736842105263
175,665,229
177,672.6,194.6551724137931
163,619.4,187.025
166,630.8,215.84615384615384
156,592.8,196.26470588235293
170,646,227.14285714285714
174,661.1999999999999,196.6851851851852
158,600.4,250.45
173,657.4,211.0952380952381
163,619.4,191.52083333333334
166,630.8,258.3461538461538
168,638.4,210.02272727272728
169,642.1999999999999,209.0263157894737
160,608,178.66666666666666
170,646,203.06521739130434
179,680.1999999999999,234.68421052631578
178,676.4,226.02173913043478
171,649.8,220.44117647058823
173,657.4,211.08620689655172
180,684,206.66666666666666
155,589,191.21428571428572
174,661.1999999999999,211.23076923076923
185,703,222.23076923076923
149,566.1999999999999,177.44444444444446
168,638.4,202.10526315789474
158,600.4,196.02777777777777
157,596.6,198.28571428571428
160,608,209.84615384615384
172,653.6,205.06521739130434
173,657.4,253.66666666666669
167,634.6,193.47058823529412
174,661.1999999999999,204.08333333333334
169,642.1999999999999,229.025
176,668.8,197.23529411764707
154,585.1999999999999,174.48
171,649.8,211.0263157894737
170,646,242.32142857142856
177,672.6,203.32692307692307
172,653.6,203.6875
169,642.1999999999999,190.33333333333334
164,623.1999999999999,191.8409090909091
178,676.4,201.60344827586206
166,630.8,208.78125
174,661.1999999999999,222.6578947368421
175,665,238.28125
172,653.6,199.38
161,611.8,206.63333333333333
185,703,235.38095238095238
168,638.4,200.3269230769231
176,668.8,205.76086956521738
168,638.4,206.11764705882354
175,665,204.25
160,608,186.32692307692307
163,619.4,192.16666666666666
169,642.1999999999999,201.5952380952381
167,634.6,185.75
167,634.6,213.69444444444446
164,623.1999999999999,198.225
153,581.4,173.02380952380952
181,687.8,229.21428571428572
170,646,201.11363636363637
171,649.8,228.6
155,589,197.25
161,611.8,218.04166666666666
170,646,210.02380952380952
160,608,180.45454545454544
156,592.8,200.73529411764707
169,642.1999999999999,207.34782608695653
168,638.4,195
153,581.4,172.6
175,665,213.02777777777777
177,672.6,205.98275862068965
166,630.8,202.54347826086956
177,672.6,221.73529411764707
176,668.8,201.52083333333334
165,627,201
169,642.1999999999999,235.125
170,646,197.225
185,703,222.78571428571428
175,665,205.76923076923077
173,657.4,215
174,661.1999999999999,207.06521739130434
164,623.1999999999999,192.6578947368421
167,634.6,193.6304347826087
172,653.6,214.02272727272728
162,615.6,184.26086956521738
157,596.6,181.38095238095238
171,649.8,197.27272727272728
165,627,201.21428571428572
154,585.1999999999999,177.12
182,691.6,212.08333333333334
179,680.1999999999999,192.01785714285714
169,642.1999999999999,198.16666666666666
167,634.6,194.8409090909091
175,665,202.76923076923077
173,657.4,225.5952380952381
161,611.8,179
173,657.4,193.02380952380952
170,646,200.625
156,592.8,196.26470588235293
164,623.1999999999999,186.6875
159,604.1999999999999,191.8181818181818
162,615.6,203.28571428571428
149,566.1999999999999,177.125
154,585.1999999999999,197.75
150,570,186.96153846153845
178,676.4,200.3448275862069
173,657.4,217.44444444444446
165,627,209.23684210526315
175,665,217.025
148,562.4,190.78125
165,627,190.92857142857142
176,668.8,202.32692307692307
171,649.8,196.92000000000002
173,657.4,203.81666666666666
172,653.6,226.5681818181818
177,672.6,196.44642857142858
168,638.4,200.5952380952381
174,661.1999999999999,206.4
167,634.6,215.6578947368421
183,695.4,208.35
165,627,191.74074074074073
176,668.8,242.125
175,665,201.6304347826087
165,627,213.6578947368421
165,627,190.92000000000002
161,611.8,208.53125
181,687.8,235.5681818181818
156,592.8,179.67391304347825
157,596.6,189.5952380952381
176,668.8,216.02380952380952
162,615.6,250.2
166,630.8,206.0909090909091
172,653.6,214.02272727272728
171,649.8,195.5
167,634.6,201
163,619.4,205
154,585.1999999999999,196
156,592.8,182.6304347826087
183,695.4,213.42000000000002
165,627,190.6
171,649.8,197.74074074074073
168,638.4,200.23684210526315
172,653.6,202.01785714285714
158,600.4,194.1
157,596.6,187.625
175,665,247
154,585.1999999999999,168.69565217391303
174,661.1999999999999,214
178,676.4,235.6
168,638.4,214.69444444444446
172,653.6,208.54347826086956
156,592.8,194.0952380952381
166,630.8,220.38235294117646
165,627,205.0263157894737
167,634.6,218.36111111111111
172,653.6,218.225
172,653.6,192.41666666666666
174,661.1999999999999,199.52083333333334
167,634.6,192.52083333333334
174,661.1999999999999,222.21428571428572
166,630.8,186.94230769230768
164,623.1999999999999,211.05882352941177
166,630.8,204
172,653.6,195.12
177,672.6,221.1
159,604.1999999999999,201.25
163,619.4,203.5
171,649.8,206.02083333333334
164,623.1999999999999,187.27272727272728
165,627,203
169,642.1999999999999,209.0263157894737
178,676.4,222.44444444444446
162,615.6,202.26470588235293
173,657.4,207.13333333333333
171,649.8,203.8181818181818
170,646,199.76086956521738
160,608,192.11111111111111
166,630.8,232.03571428571428
168,638.4,228.5
163,619.4,203.02380952380952
162,615.6,200.89285714285714
171,649.8,203.8181818181818
173,657.4,197.92307692307693
164,623.1999999999999,225.63333333333333
173,657.4,213.0263157894737
169,642.1999999999999,207
171,649.8,203.3269230769231
165,627,203.11764705882354
156,592.8,183.52380952380952
178,676.4,218
170,646,212.25
185,703,238.33333333333334
155,589,197.78125
174,661.1999999999999,244.53333333333333
166,630.8,184.2826086956522
172,653.6,197.6
145,551,177
178,676.4,226.0909090909091
171,649.8,217.225
173,657.4,198.92000000000002
155,589,175.8913043478261
180,684,217.78571428571428
168,638.4,204
157,596.6,193.0263157894737
171,649.8,215.44444444444446
175,665,200.78571428571428
173,657.4,202.25
174,661.1999999999999,198.5
170,646,219.44117647058823
169,642.1999999999999,201.4
169,642.1999999999999,195.6304347826087
183,695.4,227.02380952380952
174,661.1999999999999,207.06521739130434
163,619.4,193.625
178,676.4,243.025
170,646,210.26470588235293
163,619.4,189.27272727272728
170,646,231.36111111111111
180,684,228.21428571428572
175,665,208.06521739130434
170,646,210.83333333333334
168,638.4,231.375
174,661.1999999999999,291.55555555555554
174,661.1999999999999,206.66666666666666
167,634.6,195.9
157,596.6,178.33333333333334
166,630.8,206.0909090909091
162,615.6,192.42105263157896
159,604.1999999999999,215.94117647058823
162,615.6,175.58695652173913
168,638.4,206.20454545454544
166,630.8,188.6851851851852
173,657.4,228.125
155,589,185.42105263157896
179,680.1999999999999,213.5681818181818
165,627,195.42105263157896
176,668.8,201.92000000000002
157,596.6,188.3913043478261
174,661.1999999999999,210.75
167,634.6,223.94117647058823
153,581.4,182.16666666666666
163,619.4,195.11111111111111
167,634.6,225.77777777777777
162,615.6,193.11363636363637
175,665,206.3913043478261
169,642.1999999999999,226.78125
163,619.4,183.48
172,653.6,200.88
167,634.6,209
169,642.1999999999999,184.36363636363637
179,680.1999999999999,227.21428571428572
168,638.4,196.6578947368421
180,684,198.0625
165,627,192.8409090909091
173,657.4,207.7826086956522
173,657.4,211.0952380952381
169,642.1999999999999,192.55769230769232
146,554.8,165.18421052631578
168,638.4,193.1304347826087
160,608,240.1818181818182
170,646,191.8409090909091
173,657.4,205.8181818181818
184,699.1999999999999,222.0952380952381
171,649.8,211.0263157894737
171,649.8,223.53125
173,657.4,222.44117647058823
161,611.8,201
171,649.8,206.28
166,630.8,189.67391304347825
163,619.4,197.5681818181818
162,615.6,202.26470588235293
179,680.1999999999999,211.8181818181818
162,615.6,190.52083333333334
172,653.6,201.45454545454544
169,642.1999999999999,213.44444444444446
160,608,178.48076923076923
161,611.8,203.1875
167,634.6,199.23684210526315
175,665,210.02083333333334
176,668.8,207.3913043478261
172,653.6,196
160,608,190.11764705882354
157,596.6,237.66666666666669
159,604.1999999999999,193.225
167,634.6,197.11764705882354
162,615.6,217.53846153846155
176,668.8,206.85714285714286
178,676.4,212.38095238095238
183,695.4,227.02380952380952
164,623.1999999999999,202.0952380952381
162,615.6,182.8913043478261
156,592.8,183.52380952380952
160,608,189.16666666666666
172,653.6,208.75
167,634.6,215.13333333333333
174,661.1999999999999,194.94230769230768
178,676.4,189.71951219512195
165,627,185.02380952380952
163,619.4,209.42105263157896
174,661.1999999999999,205.11363636363637
163,619.4,181.75
158,600.4,193.02083333333334
162,615.6,206.73529411764707
148,562.4,171.27272727272728
182,691.6,208.32692307692307
175,665,244.03125
170,646,218.21428571428572
173,657.4,219.225
174,661.1999999999999,214
177,672.6,213.21428571428572
173,657.4,209.54347826086956
162,615.6,210.13333333333333
155,589,182.8409090909091
167,634.6,190.27272727272728
167,634.6,193.6304347826087
173,657.4,229.94117647058823
152,577.6,176.75
165,627,188.27272727272728
160,608,208.21428571428572
185,703,231
158,600.4,188.11764705882354
173,657.4,191.2826086956522
181,687.8,231.08695652173913
174,661.1999999999999,204.42000000000002
163,619.4,201.02777777777777
180,684,220.0263157894737
170,646,198.52083333333334
166,630.8,208.10526315789474
160,608,186.47058823529412
173,657.4,186.140625
161,611.8,185.08333333333334
163,619.4,220.04166666666666
165,627,285.05
186,706.8,221.85185185185185
162,615.6,204.78125
168,638.4,183.84782608695653
176,668.8,224.0909090909091
155,589,180.6
169,642.1999999999999,211
177,672.6,221.18
171,649.8,198
160,608,186.6304347826087
170,646,197
162,615.6,191.45454545454544
175,665,195.64285714285714
157,596.6,230.5
152,577.6,169.35714285714286
177,672.6,224.05882352941177
175,665,209.5681818181818
174,661.1999999999999,210.54347826086956
153,581.4,194.28571428571428
176,668.8,237.63333333333333
160,608,216.94117647058823
169,642.1999999999999,200.3913043478261
183,695.4,244.36111111111111
167,634.6,197.25
167,634.6,201.225
170,646,195.1304347826087
176,668.8,201.92000000000002
173,657.4,198.92000000000002
163,619.4,214.88235294117646
183,695.4,231.0909090909091
174,661.1999999999999,194.16666666666666
166,630.8,180.20454545454547
177,672.6,221.1
171,649.8,195.75
182,691.6,241.11363636363637
169,642.1999999999999,229.025
165,627,212.05882352941177
167,634.6,213.42105263157896
159,604.1999999999999,213.32142857142856
175,665,189.51851851851853
166,630.8,195.45454545454544
171,649.8,203
159,604.1999999999999,193.38095238095238
179,680.1999999999999,230.88235294117646
166,630.8,208.47058823529412
169,642.1999999999999,193
175,665,227.36363636363637
161,611.8,199.20454545454544
174,661.1999999999999,194.8913043478261
177,672.6,217.11111111111111
170,646,206
182,691.6,224.02272727272728
169,642.1999999999999,213.1
167,634.6,197.11764705882354
167,634.6,191.08333333333334
162,615.6,194.5952380952381
174,661.1999999999999,203.45454545454544
156,592.8,187.11363636363637
172,653.6,203.11363636363637
162,615.6,204.25
164,623.1999999999999,200.36363636363637
163,619.4,195.4
175,665,203.57142857142858
172,653.6,229.14285714285714
166,630.8,193.52380952380952
175,665,228.33333333333334
171,649.8,211.02380952380952
157,596.6,195.28125
164,623.1999999999999,204.5
177,672.6,206.16666666666666
180,684,216.98
177,672.6,201
164,623.1999999999999,190.74074074074073
177,672.6,211.225
178,676.4,227.44117647058823
176,668.8,227.36111111111111
163,619.4,183.45454545454544
178,676.4,197.9310344827586
171,649.8,222.88235294117646
172,653.6,214.1875
169,642.1999999999999,238.14285714285714
155,589,200.125
163,619.4,187.38095238095238
169,642.1999999999999,224.125
163,619.4,189.32692307692307
165,627,191.27272727272728
175,665,221
163,619.4,205
167,634.6,182.68
168,638.4,212.73529411764707
171,649.8,219.21428571428572
174,661.1999999999999,221.05882352941177
175,665,203.88
180,684,222.025
164,623.1999999999999,196.4
170,646,190.94230769230768
172,653.6,203.6875
166,630.8,202
175,665,210.02083333333334
164,623.1999999999999,211.53125
170,646,198.17391304347825
173,657.4,194.390625
166,630.8,206.19565217391306
167,634.6,190.55769230769232
157,596.6,179.78125
167,634.6,197.42000000000002
174,661.1999999999999,214.02380952380952
163,619.4,195.5952380952381
169,642.1999999999999,201
163,619.4,217.38235294117646
168,638.4,202.5681818181818
173,657.4,211.20454545454544
169,642.1999999999999,202.62
182,691.6,222.19565217391306
169,642.1999999999999,215.225
159,604.1999999999999,231.32142857142856
152,577.6,176.73529411764707
171,649.8,205.57142857142856
168,638.4,193.1304347826087
160,608,196
171,649.8,201.42105263157896
164,623.1999999999999,192.6578947368421
178,676.4,233.225
172,653.6,210.025
159,604.1999999999999,197.53333333333333
168,638.4,212.44444444444446
171,649.8,188.7962962962963
162,615.6,198.0263157894737
159,604.1999999999999,195.0263157894737
168,638.4,194.74074074074073
161,611.8,195.7826086956522
180,684,208.52083333333334
172,653.6,199.52380952380952
170,646,247.8846153846154
150,570,166.9
178,676.4,222.23684210526315
159,604.1999999999999,199.5
177,672.6,213.54347826086956
160,608,202.47058823529412
174,661.1999999999999,250.8
170,646,208.0952380952381
166,630.8,213.05882352941177
146,554.8,195.84615384615384
173,657.4,194.390625
185,703,221.54347826086956
183,695.4,237.38235294117646
167,634.6,196.45454545454544
168,638.4,183.01785714285714
177,672.6,202.35
164,623.1999999999999,208.1
164,623.1999999999999,193.76086956521738
181,687.8,205.89655172413794
165,627,192.52380952380952
187,710.6,226.44642857142856
176,668.8,210.7826086956522
170,646,220.20454545454544
171,649.8,189.77586206896552
168,638.4,280.5
176,668.8,229.77777777777777
173,657.4,208.28
165,627,203.11764705882354
153,581.4,174.025
184,699.1999999999999,237.77777777777777
159,604.1999999999999,205.69444444444446
169,642.1999999999999,190.78
165,627,213.89285714285714
169,642.1999999999999,198.45454545454544
181,687.8,239.77777777777777
177,672.6,225.4
175,665,213.34782608695653
166,630.8,196.85714285714286
161,611.8,182.8409090909091
161,611.8,211
177,672.6,199.23076923076923
170,646,208.52083333333334
175,665,204.62962962962962
163,619.4,188.92857142857142
168,638.4,226.8
152,577.6,203.57142857142856
169,642.1999999999999,195.94736842105263
166,630.8,194.44444444444446
159,604.1999999999999,199.5
173,657.4,201.52083333333334
182,691.6,230.6578947368421
171,649.8,202.12962962962962
165,627,201.02941176470588
176,668.8,194.28571428571428
164,623.1999999999999,200.02941176470588
171,649.8,218.05882352941177
167,634.6,209.47058823529412
179,680.1999999999999,212.62
170,646,208
171,649.8,195.5
176,668.8,208.66666666666666
176,668.8,207.11363636363637
173,657.4,249.4090909090909
160,608,190.25
166,630.8,188.26086956521738
171,649.8,205.02777777777777
159,604.1999999999999,197.11764705882354
163,619.4,193.08333333333334
181,687.8,225
173,657.4,207.38095238095238
160,608,232.32142857142856
169,642.1999999999999,218
183,695.4,210.16071428571428
168,638.4,212.44444444444446
169,642.1999999999999,204.28
165,627,183.96296296296296
158,600.4,188.85714285714286
175,665,221.225
161,611.8,186.92857142857142
176,668.8,201.35
168,638.4,204.98
160,608,178.2826086956522
166,630.8,196.25
179,680.1999999999999,214.28
170,646,212.025
172,653.6,208.1
146,554.8,159.02083333333334
165,627,196.11363636363637
159,604.1999999999999,195.96153846153845
173,657.4,201.17391304347825
174,661.1999999999999,203.25
159,604.1999999999999,183.92307692307693
158,600.4,211.33333333333334
168,638.4,231.28125
174,661.1999999999999,193.75806451612902
171,649.8,206.02083333333334
180,684,243.28125
164,623.1999999999999,192.9
173,657.4,200
158,600.4,208
171,649.8,199.52083333333334
163,619.4,193.625
166,630.8,208
178,676.4,242.53333333333333
166,630.8,200.02777777777777
170,646,228.77777777777777
177,672.6,198.875
174,661.1999999999999,208.38095238095238
167,634.6,217
160,608,175.1875
163,619.4,197
167,634.6,198.11363636363637
171,649.8,213.025
163,619.4,194.6875
177,672.6,208.11363636363637
173,657.4,215.78125
175,665,213.0952380952381
150,570,170.94230769230768
167,634.6,219.53125
169,642.1999999999999,204.02083333333334
181,687.8,223.025
172,653.6,225.33333333333334
175,665,200.92857142857142
178,676.4,218
173,657.4,209.1
167,634.6,221.38235294117646
161,611.8,173.52173913043478
160,608,205.125
157,596.6,184.8409090909091
160,608,186.27272727272728
174,661.1999999999999,207.06521739130434
166,630.8,181.07692307692307
169,642.1999999999999,196.38
181,687.8,211.01785714285714
186,706.8,242.25
171,649.8,209
162,615.6,213.36111111111111
173,657.4,230.6
166,630.8,180.01666666666668
164,623.1999999999999,202.11764705882354
170,646,183.23529411764707
162,615.6,198
162,615.6,242.1818181818182
162,615.6,214.53125
171,649.8,209.0952380952381
168,638.4,202.38095238095238
161,611.8,219.5
169,642.1999999999999,189.48
174,661.1999999999999,212.0952380952381
159,604.1999999999999,180.025
169,642.1999999999999,203.7826086956522
164,623.1999999999999,189.78571428571428
168,638.4,188.16666666666666
169,642.1999999999999,193.38095238095238
162,615.6,202.83333333333334
174,661.1999999999999,191.6551724137931
180,684,241.92857142857144
173,657.4,211.20454545454544
161,611.8,213.53125
166,630.8,195.25
166,630.8,217.88235294117646
165,627,190.92857142857142
152,577.6,184.02941176470588
173,657.4,217.02380952380952
165,627,191.6304347826087
175,665,208.33333333333334
177,672.6,223.42105263157896
165,627,236.1153846153846
158,600.4,190.02941176470588
180,684,220.02380952380952
170,646,201.11363636363637
161,611.8,189.52083333333334
164,623.1999999999999,242.125
180,684,232.36363636363637
166,630.8,254.88888888888889
168,638.4,212.44444444444446
157,596.6,179.23076923076923
153,581.4,195.78125
176,668.8,210.5681818181818
167,634.6,209
166,630.8,202
172,653.6,230.1315789473684
167,634.6,234.84615384615384
160,608,207.1153846153846
171,649.8,194.55769230769232
178,676.4,224.225
172,653.6,190.77586206896552
179,680.1999999999999,215.54347826086956
170,646,197.52380952380952
174,661.1999999999999,200.32692307692307
169,642.1999999999999,224.125
182,691.6,218.75
173,657.4,234.36111111111111
155,589,191
164,623.1999999999999,196.8181818181818
173,657.4,201.57142857142858
168,638.4,180.74242424242425
170,646,217.05882352941177
167,634.6,214.53125
165,627,211.225
163,619.4,189.6304347826087
178,676.4,199.40740740740742
168,638.4,202.02777777777777
179,680.1999999999999,217.0952380952381
164,623.1999999999999,181.52083333333334
173,657.4,205.3269230769231
157,596.6,179.78125
182,691.6,234.08333333333334
161,611.8,187.27272727272728
150,570,178.03333333333333
168,638.4,191.67391304347825
168,638.4,208.0909090909091
175,665,205.08333333333334
173,657.4,193.16666666666666
181,687.8,204.60344827586206
169,642.1999999999999,213.02380952380952
174,661.1999999999999,195.40740740740742
166,630.8,208.02272727272728
152,577.6,168.17307692307693
158,600.4,207.44117647058823
165,627,203.025
162,615.6,190.9
171,649.8,221.625
152,577.6,177.92857142857142
157,596.6,237.1818181818182
168,638.4,200.5952380952381
161,611.8,185.92307692307693
173,657.4,209.75
163,619.4,227.65384615384616
176,668.8,224.6578947368421
172,653.6,238.125
165,627,216.57142857142856
154,585.1999999999999,179.28947368421052
151,573.8,171.8913043478261
168,638.4,201.06521739130434
161,611.8,182.8409090909091
170,646,186.33333333333334
170,646,214
167,634.6,191.38095238095238
173,657.4,211.34782608695653
176,668.8,216.0909090909091
167,634.6,200.06521739130434
174,661.1999999999999,234.6315789473684
168,638.4,202.24074074074073
152,577.6,182.42105263157896
178,676.4,218.19565217391306
165,627,186.8409090909091
168,638.4,200.8181818181818
162,615.6,204.78125
166,630.8,202
171,649.8,197.27272727272728
167,634.6,205.0952380952381
166,630.8,208.47058823529412
163,619.4,205.25
172,653.6,212.0263157894737
173,657.4,209.3
162,615.6,229.84615384615384
159,604.1999999999999,177.28571428571428
171,649.8,209.53333333333333
173,657.4,217.02380952380952
164,623.1999999999999,198.225
163,619.4,203.02380952380952
171,649.8,218.53125
165,627,211.225
174,661.1999999999999,210.36363636363637
177,672.6,194.015625
162,615.6,215.33333333333334
169,642.1999999999999,199.42105263157896
163,619.4,210.05882352941177
154,585.1999999999999,190.02941176470588
177,672.6,204.38
166,630.8,194.9
174,661.1999999999999,227.77777777777777
181,687.8,209.16666666666666
180,684,209.4
171,649.8,226.225
173,657.4,194.78
170,646,187.30769230769232
166,630.8,200.5681818181818
175,665,217.78125
160,608,189.45454545454544
164,623.1999999999999,186.23076923076923
177,672.6,219
176,668.8,201.92000000000002
168,638.4,195.8409090909091
169,642.1999999999999,205.21428571428572
160,608,192.23684210526315
171,649.8,203.02941176470588
180,684,218.34782608695653
172,653.6,231.55882352941177
172,653.6,205.06521739130434
158,600.4,214.03333333333333
171,649.8,192.33333333333334
164,623.1999999999999,202.025
163,619.4,182.56521739130434
180,684,211.3913043478261
171,649.8,190.22
169,642.1999999999999,195.6304347826087
163,619.4,187
170,646,194.44642857142858
174,661.1999999999999,206.3269230769231
164,623.1999999999999,183.22
162,615.6,202.0909090909091
172,653.6,203.5
173,657.4,244.1153846153846
179,680.1999999999999,231.9
161,611.8,193.23684210526315
174,661.1999999999999,199.92000000000002
169,642.1999999999999,205.54347826086956
176,668.8,212.02941176470588
167,634.6,207
158,600.4,239.3846153846154
173,657.4,204.6875
182,691.6,208.66666666666666
166,630.8,213.53125
164,623.1999999999999,192.6578947368421
182,691.6,224.32
172,653.6,210.11764705882354
165,627,205.26470588235293
162,615.6,200.11764705882354
177,672.6,215.0952380952381
180,684,239.52380952380952
175,665,213.20454545454544
165,627,188.27272727272728
173,657.4,204.11363636363637
164,623.1999999999999,206.78125
176,668.8,203.8409090909091
162,615.6,228.66666666666669
167,634.6,183.82
170,646,201.3913043478261
156,592.8,186.11764705882354
178,676.4,212.24074074074073
156,592.8,211.125
175,665,207.8181818181818
181,687.8,206.35
179,680.1999999999999,200.6
163,619.4,183.25
162,615.6,204.47058823529412
162,615.6,196
164,623.1999999999999,185.42857142857142
161,611.8,188.225
169,642.1999999999999,230.63333333333333
168,638.4,204.21428571428572
172,653.6,218.42105263157896
174,661.1999999999999,231.16666666666666
178,676.4,218.33333333333334
177,672.6,230.28947368421052
155,589,202.53125
166,630.8,215.44117647058823
163,619.4,186.36111111111111
169,642.1999999999999,201.11111111111111
168,638.4,196.17391304347825
178,676.4,211.33333333333334
174,661.1999999999999,211.23076923076923
165,627,205.11111111111111
176,668.8,251.03125
174,661.1999999999999,206.66666666666666
177,672.6,221
155,589,200.125
172,653.6,227.125
159,604.1999999999999,182.67391304347825
161,611.8,193.23684210526315
174,661.1999999999999,216.08695652173913
168,638.4,195
168,638.4,204.36363636363637
171,649.8,205.225
166,630.8,193.52380952380952
178,676.4,222.1
172,653.6,199.8409090909091
159,604.1999999999999,185.13333333333333
161,611.8,184.68421052631578
174,661.1999999999999,204.08333333333334
168,638.4,197.16666666666666
176,668.8,203.38
171,649.8,204.62
170,646,208
164,623.1999999999999,214.625
169,642.1999999999999,207.0952380952381
167,634.6,218.57142857142856
180,684,205.35185185185185
170,646,199.16666666666666
158,600.4,194.1
163,619.4,218.125
172,653.6,248.5
168,638.4,245.8846153846154
161,611.8,184.05882352941177
176,668.8,223.05882352941177
175,665,230.125
170,646,181.390625
181,687.8,209.88
158,600.4,185.52380952380952
155,589,172.36111111111111
168,638.4,197.25
156,592.8,192.36363636363637
168,638.4,210.025
172,653.6,194.26086956521738
153,581.4,193.5
171,649.8,202.11363636363637
161,611.8,189.52083333333334
175,665,208.01785714285714
173,657.4,219.225
170,646,196.27272727272728
180,684,247.76470588235293
167,634.6,223.94117647058823
177,672.6,223.42105263157896
171,649.8,209.0952380952381
160,608,200.11111111111111
168,638.4,222.38235294117646
167,634.6,211.23684210526315
153,581.4,202.84615384615384
186,706.8,237.88235294117646
162,615.6,188.27272727272728
161,611.8,196.02083333333334
170,646,231.53846153846155
180,684,218.34782608695653
170,646,192.23076923076923
162,615.6,196
166,630.8,197.3913043478261
181,687.8,235.5681818181818
168,638.4,216.4
160,608,190.625
159,604.1999999999999,185.69444444444446
168,638.4,192.5
159,604.1999999999999,186.52380952380952
174,661.1999999999999,207.33333333333334
172,653.6,208.21428571428572
168,638.4,212
161,611.8,212.57142857142856
174,661.1999999999999,218.08333333333334
166,630.8,221.53846153846155
179,680.1999999999999,230.36111111111111
179,680.1999999999999,257.8928571428571
171,649.8,238.76470588235293
176,668.8,214.20454545454544
164,623.1999999999999,202.11764705882354
176,668.8,254.89285714285714
175,665,200.52083333333334
174,661.1999999999999,225.88235294117646
173,657.4,201.17391304347825
160,608,201.28571428571428
166,630.8,186.16666666666666
164,623.1999999999999,202.28125
168,638.4,184.33333333333334
171,649.8,209.025
164,623.1999999999999,202.025
159,604.1999999999999,182.27272727272728
167,634.6,203.21428571428572
167,634.6,197.08333333333334
156,592.8,194.11764705882354
173,657.4,220.05882352941177
172,653.6,218.69444444444446
171,649.8,219.6578947368421
163,619.4,244.3846153846154
175,665,213
174,661.1999999999999,194.02380952380952
167,634.6,209.10526315789474
159,604.1999999999999,213
166,630.8,206.11111111111111
162,615.6,196.32142857142856
162,615.6,188.27272727272728
170,646,205.55769230769232
156,592.8,210
178,676.4,201.55769230769232
175,665,221.42105263157896
163,619.4,193.76923076923077
180,684,222.08695652173913
160,608,184.75
161,611.8,191.625
170,646,200.42105263157896
178,676.4,232.07999999999998
156,592.8,181
164,623.1999999999999,218.32142857142856
168,638.4,197.25
167,634.6,205.02777777777777
172,653.6,204.8181818181818
164,623.1999999999999,206.10526315789474
166,630.8,198.5952380952381
170,646,198.17391304347825
168,638.4,213.125
151,573.8,193.025
165,627,219.32142857142856
159,604.1999999999999,207.13333333333333
153,581.4,173.25
179,680.1999999999999,200.1206896551724
175,665,202.16071428571428
154,585.1999999999999,192.28125
160,608,208.13333333333333
173,657.4,207.5681818181818
168,638.4,193.6
170,646,193.12
172,653.6,190.48076923076923
155,589,173
177,672.6,205.52083333333334
159,604.1999999999999,193.225
168,638.4,200
157,596.6,191.02777777777777
161,611.8,203
172,653.6,228.94117647058823
164,623.1999999999999,220.94117647058823
164,623.1999999999999,181.04347826086956
167,634.6,221.32142857142856
181,687.8,219.20454545454544
157,596.6,179.5
161,611.8,201
176,668.8,218.025
175,665,219.73529411764707
174,661.1999999999999,202.01666666666665
157,596.6,182.52083333333334
176,668.8,205.16666666666666
170,646,206.0263157894737
168,638.4,222.38235294117646
168,638.4,204.21428571428572
151,573.8,213.22727272727272
162,615.6,213.57142857142856
157,596.6,172.1875
156,592.8,184.6578947368421
174,661.1999999999999,218.44444444444446
176,668.8,200.44642857142858
168,638.4,191.27272727272728
175,665,215.33333333333334
158,600.4,187.16666666666666
158,600.4,194.57142857142856
149,566.1999999999999,183.03125
172,653.6,247.57142857142856
178,676.4,220
182,691.6,242.6315789473684
165,627,182.7962962962963
169,642.1999999999999,229.5
154,585.1999999999999,184.42105263157896
166,630.8,193.52380952380952
175,665,217.025
159,604.1999999999999,189.25
164,623.1999999999999,206.25
176,668.8,207.12962962962962
177,672.6,215.94230769230768
157,596.6,204.05882352941177
169,642.1999999999999,228.55882352941177
175,665,215.26470588235293
161,611.8,187.74074074074073
160,608,179.18421052631578
161,611.8,215.32142857142856
150,570,174.5
162,615.6,179.04347826086956
174,661.1999999999999,196.26086956521738
170,646,212
179,680.1999999999999,242.18421052631578
183,695.4,216.3793103448276
161,611.8,185.92307692307693
168,638.4,198.76923076923077
168,638.4,210
177,672.6,266.2857142857143
174,661.1999999999999,210.21428571428572
170,646,221.88235294117646
178,676.4,226.02173913043478
174,661.1999999999999,212.0952380952381
163,619.4,221.9090909090909
173,657.4,211.025
169,642.1999999999999,187.28571428571428
164,623.1999999999999,182.96296296296296
175,665,240.025
177,672.6,215.20454545454544
163,619.4,195.5952380952381
162,615.6,190.6578947368421
160,608,177.30769230769232
179,680.1999999999999,194.07692307692307
177,672.6,219
162,615.6,216.32142857142856
176,668.8,212.54347826086956
167,634.6,200.06521739130434
173,657.4,199.32692307692307
168,638.4,202.5681818181818
174,661.1999999999999,220.69444444444446
171,649.8,213
165,627,191.6304347826087
158,600.4,206.13333333333333
173,657.4,191.6451612903226
175,665,207.66666666666666
165,627,201.21428571428572
182,691.6,206.5
171,649.8,202.11363636363637
161,611.8,191.25
170,646,208.02777777777777
171,649.8,220.44117647058823
173,657.4,218.125
182,691.6,239.6
170,646,195.52083333333334
163,619.4,189.69444444444446
185,703,236.36111111111111
174,661.1999999999999,210.54347826086956
169,642.1999999999999,213.44444444444446
170,646,204.38095238095238
178,676.4,226.21428571428572
179,680.1999999999999,201.3448275862069
181,687.8,215.24074074074073
174,661.1999999999999,222.6578947368421
170,646,217.05882352941177
165,627,193.88
172,653.6,212.26470588235293
172,653.6,196.5
186,706.8,243.16666666666666
168,638.4,186.48076923076923
168,638.4,219.57142857142856
172,653.6,205.06521739130434
161,611.8,182.025
178,676.4,208.42000000000002
179,680.1999999999999,198.44642857142858
168,638.4,198.85714285714286
179,680.1999999999999,221.02272727272728
168,638.4,200.8181818181818
173,657.4,201.57142857142858
161,611.8,186.6
167,634.6,196.45454545454544
162,615.6,184.88095238095238
183,695.4,215.26666666666665
161,611.8,195.10526315789474
175,665,217.08695652173913
165,627,201.125
165,627,221.03333333333333
162,615.6,183.78
152,577.6,173.8409090909091
179,680.1999999999999,241.5
164,623.1999999999999,196.5952380952381
167,634.6,205.72
173,657.4,211
163,619.4,195.4
167,634.6,199.4
181,687.8,221.69230769230768
157,596.6,178.33333333333334
162,615.6,178.82
175,665,228.28947368421052
168,638.4,200.8181818181818
168,638.4,186.75
169,642.1999999999999,211.1875
163,619.4,193.11764705882354
167,634.6,215.0909090909091
162,615.6,190.17391304347825
170,646,206.75
158,600.4,175.35714285714286
174,661.1999999999999,203.45454545454544
176,668.8,208.66666666666666
159,604.1999999999999,185.69444444444446
181,687.8,216.28
162,615.6,187.1304347826087
162,615.6,213.04166666666666
168,638.4,183.01785714285714
173,657.4,247.46153846153845
160,608,190.42105263157896
183,695.4,213.42000000000002
160,608,192.5952380952381
158,600.4,202.02380952380952
164,623.1999999999999,193.16666666666666
164,623.1999999999999,187.27272727272728
163,619.4,193.625
178,676.4,213.28
185,703,205.41666666666666
168,638.4,223.53846153846155
174,661.1999999999999,218
155,589,235.66666666666669
170,646,206.54347826086956
175,665,229.1875
165,627,181.17307692307693
181,687.8,233.36363636363637
165,627,203
177,672.6,225.4
161,611.8,197.0263157894737
168,638.4,197.45454545454544
163,619.4,213.625
169,642.1999999999999,194.92000000000002
165,627,190.35185185185185
166,630.8,194.17391304347825
170,646,187.56451612903226
165,627,208.2
168,638.4,204
171,649.8,183
176,668.8,211.02083333333334
158,600.4,196.28125
162,615.6,200.11764705882354
174,661.1999999999999,224.38095238095238
166,630.8,197.6875
176,668.8,216.19565217391306
174,661.1999999999999,214.33333333333334
164,623.1999999999999,184.8913043478261
185,703,225.33333333333334
175,665,205.625
162,615.6,202.5
170,646,192.26086956521738
167,634.6,215.89285714285714
169,642.1999999999999,201.5952380952381
163,619.4,223.03571428571428
182,691.6,201.44642857142858
181,687.8,269.61538461538464
186,706.8,236.38095238095238
180,684,222
157,596.6,179.88095238095238
178,676.4,240.23529411764707
190,722,220.25
146,554.8,182.96153846153845
166,630.8,239.5
157,596.6,185.6578947368421
170,646,200.76923076923077
169,642.1999999999999,211.78125
185,703,231.225
163,619.4,213
165,627,201.1
178,676.4,232.85714285714286
166,630.8,216
175,665,202.38
166,630.8,229.375
170,646,199.76086956521738
166,630.8,200.225
162,615.6,192.11764705882354
162,615.6,194.11111111111111
174,661.1999999999999,234.5
156,592.8,300.6428571428571
168,638.4,212.44444444444446
177,672.6,215.025
164,623.1999999999999,192.9
167,634.6,215.6578947368421
178,676.4,220.02272727272728
179,680.1999999999999,215.98
172,653.6,198.69444444444446
166,630.8,217.88235294117646
174,661.1999999999999,201.38
162,615.6,216.38235294117646
175,665,225.625
167,634.6,194
160,608,194.10526315789474
169,642.1999999999999,185.17307692307693
170,646,210.19565217391306
165,627,201.0263157894737
174,661.1999999999999,207.06521739130434
167,634.6,198.11363636363637
178,676.4,214.21428571428572
162,615.6,194.4
175,665,215
176,668.8,229.77777777777777
170,646,199.76086956521738
172,653.6,218.0952380952381
169,642.1999999999999,211
159,604.1999999999999,183.75
161,611.8,193
186,706.8,217.12962962962962
159,604.1999999999999,182.14285714285714
172,653.6,205.62
167,634.6,189.88095238095238
179,680.1999999999999,204.6
177,672.6,203.6304347826087
165,627,203.11764705882354
182,691.6,238.54347826086956
159,604.1999999999999,186.52380952380952
178,676.4,208.42000000000002
165,627,205.5
172,653.6,199.38
164,623.1999999999999,196.8181818181818
170,646,204.7826086956522
167,634.6,213.69444444444446
167,634.6,188.8409090909091
165,627,193.17391304347825
165,627,205.0263157894737
170,646,199.76086956521738
173,657.4,223.38095238095238
172,653.6,206.225
170,646,210.0263157894737
177,672.6,227.07407407407408
162,615.6,188.47058823529412
166,630.8,213.05882352941177
161,611.8,181.45454545454544
175,665,221.0952380952381
153,581.4,201.89285714285714
177,672.6,210.3793103448276
172,653.6,216.02380952380952
171,649.8,194.55769230769232
168,638.4,196.17391304347825
171,649.8,190.75806451612902
181,687.8,221
168,638.4,196.52083333333334
177,672.6,223.69444444444446
167,634.6,188.78
174,661.1999999999999,223
179,680.1999999999999,229.08695652173913
175,665,194.22
172,653.6,198.27272727272728
166,630.8,229
175,665,201.32692307692307
161,611.8,193.8181818181818
153,581.4,183.25
175,665,232.78125
178,676.4,197.26666666666665
170,646,214.1
160,608,207.53125
159,604.1999999999999,180.8409090909091
181,687.8,227.07999999999998
171,649.8,203.8181818181818
169,642.1999999999999,197.52083333333334
161,611.8,188.225
155,589,180.6
179,680.1999999999999,230.36111111111111
169,642.1999999999999,191.3448275862069
170,646,208.52083333333334
162,615.6,185.68421052631578
171,649.8,202.11363636363637
182,691.6,242.5
166,630.8,206.26470588235293
187,710.6,227.0909090909091
172,653.6,226.85714285714286
186,706.8,210
157,596.6,199.78125
181,687.8,211.08333333333334
180,684,224.08333333333334
178,676.4,205
160,608,184.75
185,703,244.55882352941177
166,630.8,204
175,665,197.23076923076923
184,699.1999999999999,208.53225806451613
156,592.8,202.42105263157896
162,615.6,190.9
164,623.1999999999999,186.81666666666666
169,642.1999999999999,196.8409090909091
178,676.4,215.5
177,672.6,212.28
174,661.1999999999999,224.625
167,634.6,213.69444444444446
164,623.1999999999999,221.14285714285714
167,634.6,203.0263157894737
161,611.8,178.04347826086956
169,642.1999999999999,203.225
161,611.8,197.57142857142856
179,680.1999999999999,209.01785714285714
186,706.8,230.44444444444446
170,646,200.85714285714286
168,638.4,202.5681818181818
175,665,223.21428571428572
159,604.1999999999999,169.58
167,634.6,196.16666666666666
174,661.1999999999999,198.5
163,619.4,203
168,638.4,186.96296296296296
162,615.6,194.5952380952381
173,657.4,194.78
167,634.6,209.25
165,627,213.89285714285714
164,623.1999999999999,198
152,577.6,167.125
183,695.4,213.08333333333334
171,649.8,202.11363636363637
165,627,190.52083333333334
174,661.1999999999999,216.025
164,623.1999999999999,198.5681818181818
172,653.6,234.23529411764707
155,589,200.63333333333333
161,611.8,222.53846153846155
175,665,225.94736842105263
154,585.1999999999999,172.38235294117646
174,661.1999999999999,214.02380952380952
168,638.4,204.21428571428572
167,634.6,189.6875
160,608,188.9
174,661.1999999999999,195.1206896551724
175,665,203.88
172,653.6,205.62
178,676.4,214.36363636363637
157,596.6,198.28571428571428
164,623.1999999999999,193.16666666666666
180,684,241.92857142857144
173,657.4,217.02380952380952
173,657.4,213.0263157894737
152,577.6,184.03333333333333
155,589,201.28571428571428
168,638.4,194.32692307692307
175,665,213.72
180,684,237.16666666666666
154,585.1999999999999,190.1
160,608,229.13636363636363
168,638.4,204.54347826086956
176,668.8,206.85714285714286
165,627,201.3
174,661.1999999999999,231.78125
182,691.6,220.0952380952381
174,661.1999999999999,208.7826086956522
159,604.1999999999999,178.22
183,695.4,221.72
169,642.1999999999999,192.60344827586206
159,604.1999999999999,186.52380952380952
178,676.4,208.08333333333334
163,619.4,183.45454545454544
172,653.6,206.225
165,627,184.11363636363637
168,638.4,200
161,611.8,207.225
175,665,219.1
157,596.6,184.52380952380952
175,665,223.6578947368421
165,627,252.78125
170,646,253.33333333333331
168,638.4,187.69230769230768
169,642.1999999999999,203.225
166,630.8,193.52380952380952
170,646,212.78125
166,630.8,212.225
180,684,214.24074074074073
161,611.8,219.77777777777777
177,672.6,235.77777777777777
173,657.4,240.5
167,634.6,207
171,649.8,200.76086956521738
170,646,222.53125
152,577.6,194.47058823529412
158,600.4,198.5
180,684,218.52083333333334
166,630.8,181.07692307692307
160,608,185.1304347826087
170,646,212
161,611.8,186.92857142857142
169,642.1999999999999,238.03125
172,653.6,206.38095238095238
164,623.1999999999999,186.6875
166,630.8,198.4
167,634.6,199.4
163,619.4,215.53125
179,680.1999999999999,221.02272727272728
178,676.4,238.6315789473684
175,665,213
155,589,195.26470588235293
172,653.6,203.12962962962962
155,589,200.63333333333333
156,592.8,184.44444444444446
168,638.4,224.94117647058823
162,615.6,198.3
179,680.1999999999999,221.08695652173913
171,649.8,217.225
175,665,207.4
168,638.4,200.5952380952381
171,649.8,241.61764705882354
175,665,208.62
160,608,200.02380952380952
169,642.1999999999999,203.225
175,665,217
186,706.8,236.625
166,630.8,198.4
173,657.4,203.76923076923077
166,630.8,196.85714285714286
162,615.6,200.53333333333333
160,608,202.78125
158,600.4,183.52083333333334
162,615.6,180
170,646,240.53333333333333
170,646,216.225
177,672.6,211.7826086956522
164,623.1999999999999,191
171,649.8,207.1
170,646,210
163,619.4,183.02380952380952
178,676.4,224.225
163,619.4,207.73529411764707
167,634.6,207.0263157894737
173,657.4,239.125
177,672.6,246.44444444444446
179,680.1999999999999,214.02083333333334
167,634.6,190.55769230769232
159,604.1999999999999,175.33333333333334
154,585.1999999999999,172.28571428571428
177,672.6,209.23684210526315
175,665,213.0952380952381
176,668.8,220
167,634.6,213
159,604.1999999999999,189.42105263157896
167,634.6,218.88235294117646
162,615.6,207.63333333333333
173,657.4,219.42105263157896
166,630.8,208.47058823529412
176,668.8,210.24074074074073
152,577.6,177.92857142857142
164,623.1999999999999,193.16666666666666
165,627,189.75
161,611.8,186.6
165,627,226.63333333333333
162,615.6,180.2826086956522
174,661.1999999999999,194.48
167,634.6,196.76086956521738
165,627,188.55769230769232
160,608,188.9
170,646,198.52083333333334
168,638.4,196.9
172,653.6,196.38095238095238
175,665,217
167,634.6,199.8181818181818
157,596.6,186.16666666666666
146,554.8,174.9
160,608,175.07692307692307
169,642.1999999999999,199.42000000000002
157,596.6,237.1818181818182
168,638.4,204.21428571428572
186,706.8,211.46969696969697
176,668.8,216.33333333333334
167,634.6,191.75
169,642.1999999999999,211
169,642.1999999999999,197.52083333333334
176,668.8,210.10526315789474
160,608,208.89285714285714
183,695.4,216.62
157,596.6,179.6875
162,615.6,187.1304347826087
179,680.1999999999999,211.66666666666666
177,672.6,236.55882352941177
162,615.6,202.83333333333334
180,684,197.56451612903226
178,676.4,213.28
177,672.6,235.77777777777777
171,649.8,222.36111111111111
163,619.4,218.53846153846155
174,661.1999999999999,210.36363636363637
170,646,198.88
170,646,214.23684210526315
175,665,217.10526315789474
181,687.8,225.1
178,676.4,238.6315789473684
161,611.8,191.85714285714286
185,703,244.11363636363637
170,646,204.7826086956522
173,657.4,204.11363636363637
170,646,218.21428571428572
180,684,216.54347826086956
169,642.1999999999999,216.53125
153,581.4,171.2826086956522
175,665,209.7826086956522
157,596.6,193.0263157894737
170,646,227.14285714285714
160,608,204.44444444444446
172,653.6,220.6578947368421
165,627,191.27272727272728
168,638.4,208
174,661.1999999999999,204.85714285714286
164,623.1999999999999,184.8913043478261
172,653.6,187.01785714285714
175,665,240.025
165,627,203.11764705882354
154,585.1999999999999,190.02941176470588
174,661.1999999999999,203.76086956521738
178,676.4,211.33333333333334
168,638.4,197.25
167,634.6,203.1
170,646,189.22
160,608,178.75
150,570,180.11764705882354
166,630.8,193.8409090909091
162,615.6,194.02941176470588
166,630.8,222.03333333333333
163,619.4,187.38095238095238
170,646,217.05882352941177
157,596.6,197.0263157894737
167,634.6,237.53333333333333
163,619.4,201.02777777777777
159,604.1999999999999,197.11764705882354
157,596.6,185.44444444444446
167,634.6,217.7
161,611.8,190.76086956521738
163,619.4,187.73529411764707
168,638.4,206.20454545454544
174,661.1999999999999,205.6875
170,646,214.44444444444446
173,657.4,220.05882352941177
177,672.6,225.4
167,634.6,205.34782608695653
171,649.8,186.01785714285714
178,676.4,227.44117647058823
167,634.6,183.17307692307693
165,627,180.015625
167,634.6,226.55882352941177
168,638.4,191.55769230769232
166,630.8,193.8409090909091
159,604.1999999999999,193.5681818181818
169,642.1999999999999,193.5
188,714.4,252.53333333333333
161,611.8,195.225
149,566.1999999999999,181.5952380952381
168,638.4,202
164,623.1999999999999,213.44117647058823
165,627,188.27272727272728
174,661.1999999999999,204.76923076923077
180,684,218
151,573.8,169.225
166,630.8,196.42105263157896
172,653.6,236.97058823529412
163,619.4,185.81666666666666
170,646,191.875
175,665,195.64285714285714
167,634.6,186.69230769230768
162,615.6,180.77586206896552
172,653.6,228.03333333333333
157,596.6,204.53125
170,646,193.12
162,615.6,200.02777777777777
176,668.8,227.88235294117646
163,619.4,195.23684210526315
176,668.8,249.63333333333333
159,604.1999999999999,191.23684210526315
165,627,215.94736842105263
176,668.8,197.78
168,638.4,203.02083333333334
172,653.6,199
168,638.4,196.9
149,566.1999999999999,185.02941176470588
175,665,203.6578947368421
178,676.4,218.0909090909091
163,619.4,193.42105263157896
174,661.1999999999999,214.02380952380952
178,676.4,200.88095238095238
181,687.8,206.35
168,638.4,216.89285714285714
169,642.1999999999999,223.32142857142856
168,638.4,204.54347826086956
161,611.8,181.8913043478261
159,604.1999999999999,210.88235294117646
160,608,206.69444444444446
162,615.6,193.3913043478261
171,649.8,215.1
161,611.8,205.73529411764707
162,615.6,196.03125
168,638.4,204.36363636363637
166,630.8,183.7962962962963
171,649.8,205.02777777777777
159,604.1999999999999,189.08333333333334
175,665,207.4
159,604.1999999999999,206.05882352941177
166,630.8,202.0263157894737
178,676.4,205.76923076923077
170,646,210.02380952380952
160,608,192.23684210526315
175,665,199.5
182,691.6,234.53125
176,668.8,194.77586206896552
175,665,225.38095238095238
180,684,208.88
159,604.1999999999999,177
180,684,218.94230769230768
168,638.4,218.94736842105263
170,646,217.53125
187,710.6,222.28
165,627,181.66666666666666
174,661.1999999999999,218.44444444444446
158,600.4,196.02777777777777
169,642.1999999999999,193.08333333333334
171,649.8,204.33333333333334
172,653.6,207.02083333333334
167,634.6,201.38095238095238
161,611.8,197.3
162,615.6,190.88
173,657.4,205.8181818181818
172,653.6,244.32142857142856
154,585.1999999999999,175.77777777777777
170,646,204.225
165,627,194.45454545454544
175,665,219
177,672.6,208.3913043478261
148,562.4,171.68421052631578
163,619.4,184.33333333333334
181,687.8,217.54347826086956
162,615.6,216.38235294117646
167,634.6,209.78125
173,657.4,198.35185185185185
166,630.8,204.0952380952381
168,638.4,198.25
163,619.4,193.42105263157896
177,672.6,215.025
176,668.8,236.6315789473684
177,672.6,198.40740740740742
171,649.8,200.16666666666666
168,638.4,210.47058823529412
163,619.4,183.02083333333334
170,646,196.27272727272728
160,608,190.42105263157896
168,638.4,214.69444444444446
174,661.1999999999999,199.52083333333334
174,661.1999999999999,222.13333333333333
154,585.1999999999999,188.225
179,680.1999999999999,215.75
173,657.4,213
165,627,211.69444444444446
170,646,204.38095238095238
163,619.4,192.16666666666666
162,615.6,191.76086956521738
163,619.4,188.1304347826087
156,592.8,188.02941176470588
161,611.8,197.1
172,653.6,214.25
174,661.1999999999999,204.85714285714286
169,642.1999999999999,187
174,661.1999999999999,208.7826086956522
167,634.6,223.94117647058823
168,638.4,208.33333333333334
171,649.8,219.21428571428572
163,619.4,193.11764705882354
180,684,226.225
175,665,201.6304347826087
176,668.8,214.025
181,687.8,209.57142857142858
160,608,191.11363636363637
187,710.6,226.1851851851852
178,676.4,228.625
157,596.6,202.125
182,691.6,246.38095238095238
154,585.1999999999999,219.63636363636363
164,623.1999999999999,206.25
183,695.4,217.5681818181818
156,592.8,178.88095238095238
175,665,222.53125
178,676.4,210.66666666666666
171,649.8,215.23684210526315
172,653.6,189.56451612903226
189,718.1999999999999,237.0909090909091
163,619.4,183.02380952380952
165,627,217.53125
160,608,188.52083333333334
173,657.4,211.025
170,646,202.5952380952381
172,653.6,187.01785714285714
173,657.4,221
156,592.8,194
150,570,167.04347826086956
170,646,201.3913043478261
168,638.4,185.52083333333334
167,634.6,209.025
155,589,191.125
173,657.4,196.12
157,596.6,183.28125
161,611.8,203.47058823529412
154,585.1999999999999,176.5
170,646,214.23684210526315
178,676.4,214.21428571428572
177,672.6,215.08620689655172
156,592.8,177.8409090909091
165,627,195.625
167,634.6,209.10526315789474
180,684,212
178,676.4,199.875
174,661.1999999999999,196.3448275862069
166,630.8,198.03333333333333
165,627,196.3913043478261
157,596.6,210.33333333333334
173,657.4,205.11111111111111
165,627,188.67391304347825
172,653.6,218.225
141,535.8,163.53333333333333
179,680.1999999999999,205.32692307692307
160,608,194.38095238095238
163,619.4,181.6451612903226
177,672.6,208.12962962962962
171,649.8,191.02083333333334
165,627,193.26470588235293
169,642.1999999999999,213.1
167,634.6,197.85714285714286
156,592.8,180.73529411764707
168,638.4,206
174,661.1999999999999,212.025
174,661.1999999999999,218.23684210526315
171,649.8,205.5681818181818
165,627,207.25
173,657.4,207.5681818181818
170,646,190.02380952380952
180,684,205.92000000000002
168,638.4,196.17391304347825
165,627,242.04166666666669
168,638.4,212.23684210526315
170,646,201.3913043478261
173,657.4,237.53333333333333
183,695.4,223.0909090909091
163,619.4,191.9
178,676.4,210.8181818181818
173,657.4,209.0263157894737
171,649.8,218.05882352941177
165,627,193.9
178,676.4,230.36363636363637
162,615.6,182.02380952380952
178,676.4,218.19565217391306
176,668.8,262.7
166,630.8,210.1
155,589,172.52083333333334
171,649.8,207.21428571428572
178,676.4,220.08695652173913
192,729.5999999999999,217.35
173,657.4,205.5952380952381
166,630.8,197.11363636363637
180,684,204.89655172413794
164,623.1999999999999,188.5
169,642.1999999999999,224.68421052631578
170,646,224.32142857142856
152,577.6,210.9090909090909
161,611.8,180.44642857142858
160,608,192.8181818181818
174,661.1999999999999,205.12962962962962
172,653.6,239.84615384615384
163,619.4,191.9
152,577.6,173.42857142857142
166,630.8,227.63333333333333
165,627,201.1
160,608,198.025
164,623.1999999999999,213.44117647058823
166,630.8,195.45454545454544
177,672.6,223.02272727272728
172,653.6,214.08695652173913
168,638.4,215.53125
180,684,249.03125
165,627,234.03125
164,623.1999999999999,189.92000000000002
164,623.1999999999999,194.42105263157896
172,653.6,231.55882352941177
175,665,186.68055555555554
156,592.8,194
168,638.4,224.03333333333333
166,630.8,202.0263157894737
164,623.1999999999999,185.78
170,646,220
171,649.8,214.2
174,661.1999999999999,203.25
173,657.4,222
172,653.6,210.0952380952381
172,653.6,206.02777777777777
165,627,188.55769230769232
168,638.4,204.36363636363637
170,646,206
172,653.6,204.8181818181818
184,699.1999999999999,230.0952380952381
167,634.6,216
159,604.1999999999999,179.45454545454544
172,653.6,196.025
166,630.8,204.0952380952381
154,585.1999999999999,183.16666666666666
179,680.1999999999999,225.02272727272728
169,642.1999999999999,234.025
172,653.6,208.36363636363637
171,649.8,188.5151515151515
173,657.4,211.72
171,649.8,207.0263157894737
162,615.6,184.23076923076923
181,687.8,242.63333333333333
154,585.1999999999999,184.625
179,680.1999999999999,208.82258064516128
170,646,216.42105263157896
164,623.1999999999999,189.92857142857142
161,611.8,195.7826086956522
157,596.6,189.03333333333333
167,634.6,207.0909090909091
170,646,226.8181818181818
176,668.8,204.17391304347825
164,623.1999999999999,183.18421052631578
178,676.4,220.025
175,665,200.35185185185185
153,581.4,195.025
163,619.4,201.025
180,684,243.28125
166,630.8,202.21428571428572
156,592.8,174.2826086956522
163,619.4,176.06666666666666
172,653.6,277.8
161,611.8,201.02380952380952
165,627,197.8181818181818
168,638.4,208.5
175,665,231.94117647058823
172,653.6,224.36363636363637
184,699.1999999999999,206.81666666666666
173,657.4,221.6578947368421
178,676.4,211.33333333333334
171,649.8,203.8181818181818
174,661.1999999999999,192.28571428571428
166,630.8,204.34782608695653
165,627,220.225
146,554.8,189.2
180,684,230.20454545454544
165,627,189.08333333333334
174,661.1999999999999,216.32
169,642.1999999999999,184.01785714285714
177,672.6,221.18
169,642.1999999999999,188.56521739130434
167,634.6,227.03571428571428
168,638.4,194.27272727272728
173,657.4,196.67391304347825
161,611.8,209.13333333333333
157,596.6,182.52083333333334
161,611.8,184.36111111111111
165,627,188.27272727272728
174,661.1999999999999,202.88
167,634.6,194.225
168,638.4,195
161,611.8,207.0952380952381
170,646,208.0952380952381
173,657.4,193.94230769230768
158,600.4,192.13333333333333
170,646,212.47058823529412
162,615.6,182.6315789473684
172,653.6,206.7826086956522
162,615.6,198.0263157894737
163,619.4,203.83333333333334
175,665,221.0952380952381
165,627,193.16666666666666
169,642.1999999999999,235.125
169,642.1999999999999,205.98
160,608,186.47058823529412
169,642.1999999999999,226.14285714285714
168,638.4,206.025
181,687.8,200.140625
177,672.6,204.52380952380952
171,649.8,213.32
172,653.6,197.1304347826087
178,676.4,269.60526315789474
175,665,211.54347826086956
175,665,208.62
167,634.6,218.36111111111111
158,600.4,182.025
168,638.4,218.7
160,608,192
176,668.8,214.72
162,615.6,184.88095238095238
170,646,198.17391304347825
167,634.6,186.69230769230768
162,615.6,196.7826086956522
164,623.1999999999999,185.125
171,649.8,219.6578947368421
181,687.8,236.225
173,657.4,200
167,634.6,201.38095238095238
170,646,197
173,657.4,213.0263157894737
152,577.6,200.13333333333333
181,687.8,221.0263157894737
162,615.6,181.56521739130434
172,653.6,196.5
163,619.4,203.26470588235293
171,649.8,209.11764705882354
162,615.6,202.11111111111111
178,676.4,205.38
159,604.1999999999999,183.38095238095238
164,623.1999999999999,193.45454545454544
154,585.1999999999999,192.11764705882354
181,687.8,227.07999999999998
162,615.6,207.63333333333333
167,634.6,220.33333333333334
174,661.1999999999999,204.41379310344828
171,649.8,195.89655172413794
165,627,179.08333333333334
172,653.6,214.10526315789474
171,649.8,209.52083333333334
171,649.8,196.92857142857142
158,600.4,190.4
180,684,245.78947368421052
164,623.1999999999999,202.89285714285714
169,642.1999999999999,194.1304347826087
167,634.6,191.08333333333334
170,646,210.0263157894737
169,642.1999999999999,200.3913043478261
179,680.1999999999999,251
172,653.6,196.92307692307693
169,642.1999999999999,216.53125
170,646,216.42105263157896
174,661.1999999999999,210.98
156,592.8,217.53846153846155
175,665,203.52083333333334
172,653.6,203.3913043478261
170,646,220.94736842105263
172,653.6,199.76923076923077
166,630.8,181.57407407407408
178,676.4,214.36363636363637
158,600.4,200.47058823529412
176,668.8,208.3269230769231
175,665,222.05882352941177
162,615.6,185.12
164,623.1999999999999,198.5681818181818
170,646,197.225
166,630.8,184
175,665,231.25
173,657.4,201.16666666666666
175,665,211.75
161,611.8,190.45454545454544
174,661.1999999999999,208.225
171,649.8,199.16666666666666
161,611.8,201
164,623.1999999999999,182.75
175,665,208.06521739130434
168,638.4,212.08333333333334
151,573.8,172.33333333333334
165,627,207
173,657.4,205.5952380952381
179,680.1999999999999,204.35185185185185
168,638.4,229.63333333333333
161,611.8,182.8409090909091
171,649.8,211.26470588235293
162,615.6,198.36363636363637
173,657.4,213.33333333333334
162,615.6,194.11111111111111
154,585.1999999999999,192.11764705882354
174,661.1999999999999,214.0909090909091
161,611.8,175.01923076923077
171,649.8,222.36111111111111
174,661.1999999999999,216.78125
161,611.8,201
175,665,205.08333333333334
177,672.6,239.5
162,615.6,179.78947368421052
159,604.1999999999999,197.20454545454544
170,646,221.36111111111111
173,657.4,209.21428571428572
166,630.8,194.26470588235293
174,661.1999999999999,206.8181818181818
161,611.8,187.27272727272728
160,608,200.83333333333334
161,611.8,193.4
181,687.8,229.6578947368421
161,611.8,199.11764705882354
162,615.6,187.78571428571428
156,592.8,207.88235294117646
167,634.6,191.5
180,684,213.33333333333334
164,623.1999999999999,202.11764705882354
164,623.1999999999999,195.11363636363637
184,699.1999999999999,234.38095238095238
163,619.4,209.42105263157896
162,615.6,187.35185185185185
189,718.1999999999999,229.9074074074074
167,634.6,209.25
171,649.8,205.7826086956522
158,600.4,207.84615384615384
167,634.6,195.9
171,649.8,230.52380952380952
173,657.4,197.08333333333334
160,608,179.44642857142858
162,615.6,225
159,604.1999999999999,189.42105263157896
169,642.1999999999999,207.02777777777777
168,638.4,190.26086956521738
167,634.6,197.85714285714286
171,649.8,207.36363636363637
171,649.8,211.33333333333334
166,630.8,214.6578947368421
162,615.6,187.1304347826087
165,627,209.73529411764707
165,627,182.8181818181818
173,657.4,211.34782608695653
173,657.4,226.77777777777777
179,680.1999999999999,227.02173913043478
150,570,176.47058823529412
170,646,208.025
157,596.6,205.89285714285714
184,699.1999999999999,238.34782608695653
164,623.1999999999999,215.88235294117646
171,649.8,200.45454545454544
148,562.4,168.57142857142858
173,657.4,197.5
185,703,243.1315789473684
179,680.1999999999999,233.85714285714286
179,680.1999999999999,223.02380952380952
165,627,191.27272727272728
158,600.4,188.03125
174,661.1999999999999,229.68421052631578
162,615.6,204.25
174,661.1999999999999,206.8181818181818
170,646,189.05882352941177
173,657.4,202.62962962962962
177,672.6,229.5952380952381
173,657.4,203.625
172,653.6,195.67391304347825
167,634.6,211.23684210526315
159,604.1999999999999,208.44117647058823
169,642.1999999999999,209
161,611.8,181.02380952380952
190,722,260.61764705882354
165,627,205.5
169,642.1999999999999,203.7826086956522
161,611.8,179.75
177,672.6,208.6875
168,638.4,231.28125
165,627,194.45454545454544
160,608,190.03125
167,634.6,227.03571428571428
174,661.1999999999999,210.36363636363637
170,646,214.1
167,634.6,211.44444444444446
163,619.4,203.83333333333334
168,638.4,200.8181818181818
176,668.8,227.88235294117646
170,646,226.94117647058823
169,642.1999999999999,224.68421052631578
175,665,211.21428571428572
173,657.4,206.62
162,615.6,212
159,604.1999999999999,181.88095238095238
170,646,204.10526315789474
166,630.8,193.52380952380952
184,699.1999999999999,228.1
176,668.8,252.5
177,672.6,234.6
168,638.4,204.0263157894737
161,611.8,195.5681818181818
157,596.6,193.21428571428572
174,661.1999999999999,208.7826086956522
179,680.1999999999999,213.5681818181818
162,615.6,190.6578947368421
171,649.8,225.38235294117646
173,657.4,197.08333333333334
161,611.8,189.9
170,646,197.8409090909091
177,672.6,213.75
167,634.6,211.44444444444446
170,646,225.68421052631578
169,642.1999999999999,191.6851851851852
166,630.8,210.1
162,615.6,195.33333333333334
170,646,204.225
167,634.6,188.42857142857142
166,630.8,193.8409090909091
171,649.8,232.36111111111111
174,661.1999999999999,201.52380952380952
152,577.6,174.1315789473684
161,611.8,218.04166666666666
164,623.1999999999999,204.0909090909091
163,619.4,191.17391304347825
173,657.4,202.25
168,638.4,201.06521739130434
161,611.8,197.0263157894737
174,661.1999999999999,210.1
171,649.8,191.64285714285714
162,615.6,181.11363636363637
163,619.4,236.5
171,649.8,209.11764705882354
183,695.4,203.41666666666666
163,619.4,195.02941176470588
168,638.4,197.25
171,649.8,190.26666666666665
169,642.1999999999999,185.51612903225805
165,627,195.25
147,558.6,195.89285714285714
174,661.1999999999999,199.6
177,672.6,206.82258064516128
179,680.1999999999999,223.02173913043478
154,585.1999999999999,177.68421052631578
166,630.8,216
176,668.8,205.62962962962962
155,589,193.11764705882354
173,657.4,223.94736842105263
161,611.8,179.2826086956522
167,634.6,209.10526315789474
162,615.6,200
169,642.1999999999999,209.02380952380952
181,687.8,212.5
164,623.1999999999999,194.25
162,615.6,222.03571428571428
179,680.1999999999999,237.77777777777777
179,680.1999999999999,235.8181818181818
170,646,199.45454545454544
176,668.8,216.11111111111111
177,672.6,230.33333333333334
171,649.8,213.10526315789474
160,608,194.10526315789474
163,619.4,187.75
171,649.8,231.6315789473684
171,649.8,209.0952380952381
174,661.1999999999999,222.13333333333333
163,619.4,201
163,619.4,191.17391304347825
176,668.8,202.74074074074073
162,615.6,178.17307692307693
167,634.6,215.13333333333333
175,665,223.21428571428572
172,653.6,223.36111111111111
166,630.8,200.02777777777777
170,646,189.44642857142858
184,699.1999999999999,262.4
168,638.4,206.025
176,668.8,225.44117647058823
157,596.6,187.11764705882354
185,703,247.23529411764707
175,665,227.5952380952381
156,592.8,194.53333333333333
178,676.4,214.36363636363637
184,699.1999999999999,217.01785714285714
176,668.8,216.0909090909091
156,592.8,192
161,611.8,203.78125
154,585.1999999999999,208.32142857142856
179,680.1999999999999,223.02380952380952
171,649.8,193.6851851851852
174,661.1999999999999,205.3913043478261
166,630.8,198.4
154,585.1999999999999,167.01785714285714
163,619.4,183.16666666666666
169,642.1999999999999,204.02083333333334
160,608,178.77777777777777
165,627,192.8409090909091
158,600.4,198.5
174,661.1999999999999,230.03333333333333
169,642.1999999999999,217.4
164,623.1999999999999,184.45454545454544
163,619.4,209.28571428571428
149,566.1999999999999,198.84615384615384
165,627,193.26470588235293
163,619.4,181.225
168,638.4,193.92000000000002
178,676.4,223.125
162,615.6,208.42105263157896
162,615.6,185.55769230769232
161,611.8,188.38
148,562.4,184.125
156,592.8,186.25
171,649.8,205.225
157,596.6,215.9090909090909
151,573.8,177.04166666666666
183,695.4,219.21428571428572
167,634.6,211.02380952380952
162,615.6,194.4
172,653.6,239.5
175,665,207.3269230769231
176,668.8,206.41379310344828
172,653.6,256.96153846153845
165,627,205.02380952380952
165,627,191.27272727272728
154,585.1999999999999,184.11764705882354
179,680.1999999999999,214.28
168,638.4,204.0263157894737
183,695.4,216.62
155,589,168.58695652173913
160,608,200
164,623.1999999999999,206.025
172,653.6,218.0952380952381
163,619.4,187.75
174,661.1999999999999,193.9310344827586
176,668.8,203.16071428571428
177,672.6,210.62
166,630.8,204.02777777777777
174,661.1999999999999,194.94230769230768
177,672.6,207.08333333333334
176,668.8,208.3269230769231
187,710.6,235.02
174,661.1999999999999,210.98
158,600.4,212.38235294117646
162,615.6,182.45454545454544
168,638.4,204.21428571428572
167,634.6,192.92000000000002
173,657.4,211.0952380952381
171,649.8,196.52083333333334
186,706.8,215.4
179,680.1999999999999,240.63333333333333
174,661.1999999999999,214.02380952380952
168,638.4,193.52083333333334
175,665,205.08333333333334
181,687.8,214.01785714285714
161,611.8,210.84615384615384
166,630.8,195.45454545454544
148,562.4,178.11764705882354
173,657.4,192.9310344827586
172,653.6,204.3269230769231
170,646,192.5
175,665,230.125
171,649.8,200.45454545454544
163,619.4,189.6304347826087
169,642.1999999999999,194.1304347826087
178,676.4,199.87878787878788
171,649.8,195
178,676.4,244.69444444444446
175,665,219.44444444444446
168,638.4,218.625
157,596.6,208.36111111111111
169,642.1999999999999,196.38
170,646,195.92000000000002
177,672.6,223
167,634.6,203.1
163,619.4,199.54347826086956
172,653.6,208.36363636363637
161,611.8,203.78125
164,623.1999999999999,191.225
172,653.6,216.73529411764707
177,672.6,235.77777777777777
161,611.8,204.2
165,627,181.82
174,661.1999999999999,210.98
175,665,207.4
185,703,239.5681818181818
170,646,226.94117647058823
150,570,184.10526315789474
161,611.8,197.0263157894737
169,642.1999999999999,209.0263157894737
179,680.1999999999999,230.88235294117646
170,646,202.5952380952381
153,581.4,179.94736842105263
157,596.6,179.6875
166,630.8,196.42105263157896
163,619.4,193.42105263157896
173,657.4,215.25
174,661.1999999999999,235.63333333333333
157,596.6,191.13333333333333
169,642.1999999999999,215.42105263157896
164,623.1999999999999,211.53125
160,608,205.63333333333333
163,619.4,191.6578947368421
174,661.1999999999999,216.025
162,615.6,200.89285714285714
171,649.8,241.53333333333333
169,642.1999999999999,220.36111111111111
171,649.8,193.6875
157,596.6,173.5681818181818
163,619.4,224.53846153846155
161,611.8,199.11764705882354
169,642.1999999999999,224.53846153846155
175,665,199.5
164,623.1999999999999,189.52083333333334
160,608,195.02083333333334
163,619.4,205.25
173,657.4,192.9310344827586
161,611.8,195.225
176,668.8,196.02083333333334
181,687.8,229.02173913043478
171,649.8,203.4
170,646,219.44117647058823
168,638.4,199.11363636363637
176,668.8,214.72
170,646,195.92000000000002
163,619.4,186.27272727272728
179,680.1999999999999,197.96296296296296
168,638.4,243.57142857142856
164,623.1999999999999,196.23684210526315
178,676.4,233.68421052631578
177,672.6,213.1
173,657.4,215.025
174,661.1999999999999,206.4
163,619.4,205.47058823529412
168,638.4,240.72727272727275
169,642.1999999999999,213.23684210526315
167,634.6,200.33333333333334
166,630.8,217.88235294117646
180,684,220.0909090909091
159,604.1999999999999,199.11111111111111
180,684,194.5
174,661.1999999999999,200.32692307692307
171,649.8,209.0952380952381
173,657.4,211
166,630.8,208.025
169,642.1999999999999,205
174,661.1999999999999,204.85714285714286
171,649.8,196.92000000000002
170,646,222.53125
165,627,199
165,627,199.225
171,649.8,203.66666666666666
176,668.8,224.21428571428572
168,638.4,221.77777777777777
180,684,216.54347826086956
170,646,243.5
165,627,197
172,653.6,205.06521739130434
171,649.8,190.26666666666665
157,596.6,217.5
178,676.4,214.75
165,627,182.30769230769232
182,691.6,220.52083333333334
158,600.4,173.07692307692307
182,691.6,203.40740740740742
174,661.1999999999999,216
166,630.8,211.63333333333333
169,642.1999999999999,197.17391304347825
173,657.4,220.05882352941177
170,646,224.38235294117646
159,604.1999999999999,174.57407407407408
168,638.4,206
176,668.8,211.28
168,638.4,210.08695652173913
164,623.1999999999999,202.28125
173,657.4,265.04545454545456
170,646,194.08333333333334
175,665,219.44444444444446
169,642.1999999999999,195.6304347826087
161,611.8,193.4
170,646,206.54347826086956
158,600.4,203.63333333333333
168,638.4,211.75
163,619.4,201
164,623.1999999999999,206.10526315789474
173,657.4,200
184,699.1999999999999,232.6578947368421
171,649.8,200.16666666666666
166,630.8,188.26086956521738
168,638.4,208.11111111111111
169,642.1999999999999,215.42105263157896
172,653.6,214.08695652173913
183,695.4,210
158,600.4,187.45454545454544
167,634.6,189.88095238095238
168,638.4,216.6578947368421
181,687.8,229.21428571428572
168,638.4,206.02777777777777
176,668.8,193.015625
181,687.8,229.21428571428572
156,592.8,177.33333333333334
176,668.8,210.7826086956522
168,638.4,177.6
160,608,186.6304347826087
167,634.6,190.67391304347825
167,634.6,203.1
156,592.8,183.225
168,638.4,204.1
167,634.6,217.20454545454544
167,634.6,213.69444444444446
167,634.6,263.1818181818182
168,638.4,200
166,630.8,206
178,676.4,212.7826086956522
163,619.4,207.73529411764707
163,619.4,185.88095238095238
161,611.8,188.52380952380952
176,668.8,212.75
175,665,209.5681818181818
173,657.4,192.63636363636363
167,634.6,217.7
176,668.8,220.02173913043478
167,634.6,194.8409090909091
170,646,203.9230769230769
168,638.4,202.03125
169,642.1999999999999,193.75
176,668.8,228.9
167,634.6,209.08695652173913
183,695.4,223.69230769230768
167,634.6,186.140625
170,646,210
172,653.6,198.69444444444446
169,642.1999999999999,198.62962962962962
167,634.6,199.8181818181818
164,623.1999999999999,202.53333333333333
150,570,175.28947368421052
158,600.4,183.28947368421052
171,649.8,189.48076923076923
165,627,195.08333333333334
172,653.6,197.1304347826087
171,649.8,196.6
162,615.6,210.13333333333333
164,623.1999999999999,198.5681818181818
165,627,190.78571428571428
159,604.1999999999999,195.125
165,627,209.44444444444446
179,680.1999999999999,225.225
172,653.6,199.38
165,627,191.6304347826087
175,665,201.74074074074073
162,615.6,210.13333333333333
160,608,187.38
171,649.8,202.11363636363637
175,665,205.85714285714286
166,630.8,204.025
166,630.8,192.27272727272728
154,585.1999999999999,179.6
179,680.1999999999999,223.02380952380952
163,619.4,199.1
183,695.4,198.6216216216216
172,653.6,212.0263157894737
173,657.4,194.40740740740742
164,623.1999999999999,202.02777777777777
178,676.4,226.21428571428572
174,661.1999999999999,193.44642857142858
174,661.1999999999999,198.89655172413794
170,646,206.1
180,684,259.52941176470586
168,638.4,193.92857142857142
172,653.6,206.7826086956522
169,642.1999999999999,199.625
169,642.1999999999999,213.1
162,615.6,182.94230769230768
168,638.4,198.625
184,699.1999999999999,209.92857142857142
169,642.1999999999999,195.69444444444446
166,630.8,187.40740740740742
149,566.1999999999999,217.45
166,630.8,200.38095238095238
159,604.1999999999999,236.8846153846154
169,642.1999999999999,179.58
181,687.8,215.5681818181818
176,668.8,197.33333333333334
175,665,263.1666666666667
168,638.4,187.6
177,672.6,201.44642857142858
170,646,191.40740740740742
167,634.6,222.68421052631578
159,604.1999999999999,181.88095238095238
173,657.4,194.40740740740742
177,672.6,202.92000000000002
173,657.4,215
175,665,202
175,665,200.35
171,649.8,209.72
177,672.6,249
170,646,208.0952380952381
162,615.6,192.625
165,627,197.03333333333333
171,649.8,217.0952380952381
164,623.1999999999999,221.78125
158,600.4,213.53846153846155
170,646,243.63333333333333
172,653.6,205.9230769230769
170,646,208
176,668.8,218.025
170,646,201.11363636363637
162,615.6,202.0263157894737
155,589,239.04545454545456
152,577.6,182
169,642.1999999999999,214.125
185,703,216.5
170,646,206.1
169,642.1999999999999,220.88235294117646
172,653.6,212.0909090909091
171,649.8,213.10526315789474
170,646,210.11111111111111
158,600.4,192.02777777777777
175,665,200.92000000000002
156,592.8,176.25
164,623.1999999999999,186.88095238095238
167,634.6,207.26470588235293
160,608,192.11111111111111
171,649.8,198.8409090909091
173,657.4,203.08333333333334
180,684,224.18
177,672.6,215.34782608695653
157,596.6,193.36363636363637
155,589,193.89285714285714
178,676.4,234.18
175,665,215.02380952380952
158,600.4,183.92857142857142
173,657.4,224.57142857142856
170,646,220
188,714.4,216.16666666666666
165,627,186.33333333333334
169,642.1999999999999,203.13333333333333
177,672.6,240.28125
167,634.6,213.69444444444446
165,627,199.38095238095238
164,623.1999999999999,191.225
184,699.1999999999999,234.08695652173913
167,634.6,207.11111111111111
167,634.6,199.11111111111111
150,570,166.33333333333334
179,680.1999999999999,205.66666666666666
175,665,199.53225806451613
161,611.8,185.025
165,627,226.53846153846155
156,592.8,177.025
164,623.1999999999999,194.625
171,649.8,215.1
174,661.1999999999999,214.19565217391306
168,638.4,234.03571428571428
179,680.1999999999999,261.2857142857143
164,623.1999999999999,198.02777777777777
169,642.1999999999999,194.1304347826087
177,672.6,204.76923076923077
177,672.6,234.16666666666666
159,604.1999999999999,197.11764705882354
169,642.1999999999999,189.48
159,604.1999999999999,180.025
161,611.8,188.225
178,676.4,212.7826086956522
158,600.4,196.025
157,596.6,185.03333333333333
160,608,208.13333333333333
178,676.4,197.56521739130434
169,642.1999999999999,233.53333333333333
167,634.6,207.5
166,630.8,197.11363636363637
172,653.6,214.025
176,668.8,205.62962962962962
171,649.8,205.225
172,653.6,210.0952380952381
149,566.1999999999999,199.7
167,634.6,209.10526315789474
174,661.1999999999999,251.04166666666669
174,661.1999999999999,216.10526315789474
158,600.4,204.69444444444446
185,703,241.8181818181818
160,608,198.02777777777777
164,623.1999999999999,192.17391304347825
157,596.6,179.6875
182,691.6,224.08695652173913
172,653.6,233.92857142857144
165,627,229.65384615384616
177,672.6,227.08695652173913
161,611.8,195.10526315789474
175,665,223.6578947368421
163,619.4,197.38095238095238
161,611.8,185.08333333333334
159,604.1999999999999,182.36111111111111
167,634.6,193.6304347826087
160,608,180.02083333333334
168,638.4,227.55882352941177
162,615.6,200.11764705882354
154,585.1999999999999,182.26470588235293
164,623.1999999999999,208
175,665,215.0263157894737
179,680.1999999999999,219.0909090909091
172,653.6,188.51612903225805
155,589,191.3
172,653.6,228.25
170,646,210
172,653.6,227.68421052631578
180,684,244
174,661.1999999999999,207.33333333333334
166,630.8,192.27272727272728
175,665,200.1304347826087
168,638.4,193.52083333333334
176,668.8,192.51612903225805
166,630.8,210.73529411764707
171,649.8,237.125
158,600.4,190.4
164,623.1999999999999,190.32692307692307
179,680.1999999999999,213.5681818181818
170,646,197.38
159,604.1999999999999,206.05882352941177
165,627,193.6578947368421
176,668.8,208.8181818181818
155,589,206.04166666666666
174,661.1999999999999,199.52083333333334
164,623.1999999999999,185.33333333333334
175,665,206.11363636363637
170,646,217.53125
169,642.1999999999999,199.08333333333334
166,630.8,220.32142857142856
162,615.6,188.94736842105263
164,623.1999999999999,180.33333333333334
167,634.6,202.28
168,638.4,208.19565217391306
160,608,186.27272727272728
163,619.4,197.13333333333333
169,642.1999999999999,212.2
169,642.1999999999999,221.5952380952381
162,615.6,203.8846153846154
173,657.4,203.42000000000002
162,615.6,194.8181818181818
164,623.1999999999999,210.28571428571428
172,653.6,218.42105263157896
176,668.8,218.47058823529412
169,642.1999999999999,210.28571428571428
177,672.6,244.6
164,623.1999999999999,196.11111111111111
166,630.8,206.02380952380952
167,634.6,199.4
180,684,214.5681818181818
171,649.8,198.52380952380952
172,653.6,192.64285714285714
183,695.4,229
154,585.1999999999999,182.125
165,627,213.6578947368421
160,608,223.375
165,627,195.625
185,703,225.02380952380952
171,649.8,222.88235294117646
157,596.6,209.65384615384616
168,638.4,232.53333333333333
164,623.1999999999999,197.62
185,703,233.0909090909091
167,634.6,227.16666666666666
176,668.8,214.52083333333334
173,657.4,209.1
172,653.6,203.12962962962962
170,646,206.1
161,611.8,193.02941176470588
182,691.6,220.0952380952381
161,611.8,197
179,680.1999999999999,225.225
165,627,195.42105263157896
171,649.8,194.14285714285714
176,668.8,236.5
169,642.1999999999999,193.08333333333334
167,634.6,192.92000000000002
171,649.8,217.42105263157896
168,638.4,194.27272727272728
154,585.1999999999999,194.83333333333334
163,619.4,186.67391304347825
176,668.8,222.02083333333334
173,657.4,203.81666666666666
166,630.8,208.25
161,611.8,224.375
177,672.6,197.41666666666666
174,661.1999999999999,205.3913043478261
155,589,176.33333333333334
168,638.4,204.36363636363637
170,646,191.1206896551724
173,657.4,206.62
161,611.8,188.52380952380952
181,687.8,206.35185185185185
173,657.4,207.7826086956522
169,642.1999999999999,203.38095238095238
138,524.4,156.77777777777777
177,672.6,224.05882352941177
161,611.8,174.5
169,642.1999999999999,245.5
177,672.6,205.88
166,630.8,190.89655172413794
162,615.6,204.47058823529412
167,634.6,217.625
162,615.6,206.23684210526315
164,623.1999999999999,204.83333333333334
160,608,197.5
172,653.6,220.6578947368421
175,665,225
165,627,212.05882352941177
170,646,205.02083333333334
179,680.1999999999999,212.9230769230769
167,634.6,218.36111111111111
163,619.4,208.125
172,653.6,212.0909090909091
176,668.8,226.94736842105263
158,600.4,206.13333333333333
167,634.6,211.23684210526315
163,619.4,188.78571428571428
171,649.8,195.44642857142858
186,706.8,218.66666666666666
172,653.6,208.54347826086956
163,619.4,207
182,691.6,217.55769230769232
189,718.1999999999999,220.8793103448276
151,573.8,185.10526315789474
176,668.8,211.02083333333334
162,615.6,198.0263157894737
164,623.1999999999999,179.07692307692307
176,668.8,216.26470588235293
172,653.6,198.27272727272728
169,642.1999999999999,238.14285714285714
169,642.1999999999999,192.12
159,604.1999999999999,213.32142857142856
165,627,188.12
165,627,217.53125
158,600.4,200.08695652173913
156,592.8,181.92857142857142
150,570,180.42105263157896
163,619.4,203.83333333333334
163,619.4,216.33333333333334
166,630.8,214.4
164,623.1999999999999,202
149,566.1999999999999,183.13333333333333
174,661.1999999999999,228.85714285714286
179,680.1999999999999,229.20454545454544
174,661.1999999999999,206.4
165,627,188.14285714285714
160,608,223
163,619.4,195.23684210526315
169,642.1999999999999,197.17391304347825
170,646,199.76086956521738
169,642.1999999999999,195.74074074074073
175,665,219.1
165,627,183.6451612903226
148,562.4,184.96153846153845
169,642.1999999999999,209.0263157894737
176,668.8,244.44736842105263
155,589,194.3846153846154
159,604.1999999999999,173.58
176,668.8,234.1315789473684
170,646,223.28947368421052
174,661.1999999999999,243.03125
169,642.1999999999999,196.225
172,653.6,209.78571428571428
174,661.1999999999999,214.02380952380952
162,615.6,203.28571428571428
164,623.1999999999999,193.16666666666666
153,581.4,187.02777777777777
163,619.4,187.75
166,630.8,204
168,638.4,204.0263157894737
159,604.1999999999999,203.23684210526315
184,699.1999999999999,217.33333333333334
173,657.4,207.10526315789474
172,653.6,222.625
165,627,181.5689655172414
166,630.8,215.44117647058823
178,676.4,205
163,619.4,193.42105263157896
166,630.8,185.26666666666665
163,619.4,210.05882352941177
167,634.6,215.4
166,630.8,224.77777777777777
158,600.4,196.53333333333333
171,649.8,221.38095238095238
166,630.8,197.11363636363637
162,615.6,196.02777777777777
174,661.1999999999999,206.4
166,630.8,213.05882352941177
167,634.6,197.625
166,630.8,189.27272727272728
155,589,179.025
172,653.6,200.17391304347825
155,589,197.78125
162,615.6,187.92000000000002
170,646,208.20454545454544
168,638.4,202.38095238095238
177,672.6,198.33333333333334
171,649.8,211.19565217391306
166,630.8,217.57142857142856
160,608,186.6304347826087
181,687.8,239.1315789473684
157,596.6,171.4
165,627,197.4
178,676.4,206.57142857142858
177,672.6,217.02380952380952
171,649.8,209.20454545454544
156,592.8,172.82
170,646,204.02777777777777
165,627,203
180,684,228.4
168,638.4,193.52083333333334
150,570,179.45454545454544
165,627,197.11111111111111
178,676.4,209.3913043478261
181,687.8,231.20454545454544
160,608,178.48076923076923
184,699.1999999999999,217.9230769230769
165,627,217.54545454545456
169,642.1999999999999,186.8181818181818
171,649.8,199.9
165,627,185.8913043478261
163,619.4,203.0263157894737
160,608,203.75
166,630.8,194.88
165,627,247.28571428571428
160,608,196.57142857142856
173,657.4,227.38235294117646
170,646,245.57142857142856
171,649.8,217.69444444444446
182,691.6,228.02272727272728
166,630.8,213.53125
185,703,217.66666666666666
170,646,196.74074074074073
176,668.8,220.02380952380952
165,627,214.44117647058823
166,630.8,204.11764705882354
161,611.8,195.02777777777777
176,668.8,204.88
173,657.4,211.025
164,623.1999999999999,184.02083333333334
166,630.8,189.27272727272728
168,638.4,198.11764705882354
158,600.4,188.85714285714286
165,627,205.0263157894737
164,623.1999999999999,217.33333333333334
166,630.8,214.4
166,630.8,204.025
164,623.1999999999999,202.0952380952381
156,592.8,198.25
168,638.4,208.0263157894737
158,600.4,206.13333333333333
172,653.6,209.23076923076923
168,638.4,217.44117647058823
156,592.8,183.225
159,604.1999999999999,212.33333333333334
167,634.6,203
169,642.1999999999999,192.68421052631578
167,634.6,223.94117647058823
160,608,193.06521739130434
165,627,229.65384615384616
169,642.1999999999999,205.125
167,634.6,197.08333333333334
168,638.4,202.02777777777777
169,642.1999999999999,215.0952380952381
168,638.4,193.6
160,608,194.5681818181818
174,661.1999999999999,218.73529411764707
156,592.8,206.7
180,684,236.25
172,653.6,218.0952380952381
166,630.8,211.125
180,684,258.125
173,657.4,201.52083333333334
160,608,198
165,627,218.33333333333334
166,630.8,198.02941176470588
162,615.6,183.42857142857142
149,566.1999999999999,179.11764705882354
160,608,206.69444444444446
159,604.1999999999999,209
183,695.4,225.025
165,627,214
175,665,204.25
178,676.4,196.77586206896552
180,684,214.5681818181818
168,638.4,192.75
161,611.8,188.225
173,657.4,215.10526315789474
167,634.6,199.5952380952381
160,608,194
169,642.1999999999999,211.25
172,653.6,202.625
161,611.8,216.68421052631578
163,619.4,183.8913043478261
166,630.8,186.16666666666666
186,706.8,247.36111111111111
158,600.4,209.57142857142856
161,611.8,199.28125
160,608,196.0263157894737
166,630.8,200.02777777777777
172,653.6,201.45454545454544
165,627,209.73529411764707
170,646,198.52083333333334
171,649.8,209.025
175,665,211.0263157894737
163,619.4,188.1304347826087
165,627,223.8
172,653.6,191.69230769230768
169,642.1999999999999,205.21428571428572
171,649.8,228.14285714285714
178,676.4,222.44444444444446
172,653.6,235.28125
183,695.4,215.66666666666666
157,596.6,193.125
165,627,191.27272727272728
169,642.1999999999999,205.21428571428572
164,623.1999999999999,190.28125
171,649.8,209
159,604.1999999999999,203.73529411764707
162,615.6,205.2
178,676.4,208.08333333333334
171,649.8,223.53125
164,623.1999999999999,187.67391304347825
163,619.4,203
174,661.1999999999999,222.6578947368421
168,638.4,206.02777777777777
165,627,207.10526315789474
154,585.1999999999999,183.45454545454544
165,627,199.38095238095238
167,634.6,201.38095238095238
175,665,231.94117647058823
154,585.1999999999999,207.33333333333334
162,615.6,183.33333333333334
168,638.4,224.03333333333333
172,653.6,221
164,623.1999999999999,209.125
171,649.8,203
155,589,193.02777777777777
169,642.1999999999999,202.06521739130434
157,596.6,183.94736842105263
159,604.1999999999999,191.23684210526315
168,638.4,200.11111111111111
172,653.6,207.55769230769232
174,661.1999999999999,230.94117647058823
172,653.6,220.4
158,600.4,177.69230769230768
173,657.4,190.06666666666666
176,668.8,220.23684210526315
168,638.4,214.0952380952381
166,630.8,196.42105263157896
171,649.8,220
170,646,214.08333333333334
179,680.1999999999999,197.77586206896552
161,611.8,199.0952380952381
159,604.1999999999999,203.23684210526315
165,627,185.45454545454544
171,649.8,195.44642857142858
170,646,213.2
157,596.6,187.625
187,710.6,213.74074074074073
174,661.1999999999999,199.78571428571428
158,600.4,173.36363636363637
163,619.4,203.5
172,653.6,208.21428571428572
162,615.6,219.14285714285714
164,623.1999999999999,211.1153846153846
174,661.1999999999999,200.32692307692307
163,619.4,197.02777777777777
166,630.8,215.44117647058823
159,604.1999999999999,199
167,634.6,225.77777777777777
166,630.8,233.5
163,619.4,195
154,585.1999999999999,186.02941176470588
175,665,199.5
181,687.8,232.88235294117646
172,653.6,206.225
163,619.4,228.78947368421052
176,668.8,207.6875
164,623.1999999999999,196.4
178,676.4,239.63333333333333
193,733.4,228.28
168,638.4,200.5952380952381
171,649.8,203.8181818181818
164,623.1999999999999,187.27272727272728
179,680.1999999999999,246.76470588235293
163,619.4,194.11363636363637
156,592.8,190.10526315789474
169,642.1999999999999,190.78
168,638.4,188.48
181,687.8,240.52380952380952
174,661.1999999999999,243.42857142857144
170,646,234.65384615384616
168,638.4,192.75
163,619.4,184.8409090909091
173,657.4,201.57142857142858
174,661.1999999999999,222.0909090909091
178,676.4,218.19565217391306
153,581.4,183.25
175,665,206.11363636363637
167,634.6,201.10526315789474
160,608,194.10526315789474
176,668.8,204.88
170,646,192.6851851851852
165,627,224.55882352941177
186,706.8,254.44736842105263
159,604.1999999999999,189.25
176,668.8,224.02173913043478
156,592.8,179.12
172,653.6,212.11111111111111
182,691.6,226.02173913043478
155,589,187
170,646,200.25
169,642.1999999999999,191.23076923076923
171,649.8,209.0952380952381
157,596.6,182.1304347826087
162,615.6,194.11111111111111
171,649.8,203.4
163,619.4,178.1875
152,577.6,176.025
180,684,199.75806451612902
167,634.6,202.02083333333334
164,623.1999999999999,196.11111111111111
170,646,198.9
165,627,188.12
171,649.8,198.8409090909091
162,615.6,188.27272727272728
172,653.6,210.02777777777777
170,646,216.42105263157896
168,638.4,198.85714285714286
146,554.8,163.35714285714286
175,665,206.6875
169,642.1999999999999,198.45454545454544
168,638.4,199.3913043478261
169,642.1999999999999,203.10526315789474
167,634.6,213.28571428571428
171,649.8,201.42105263157896
182,691.6,254.25
162,615.6,190.44444444444446
160,608,196.02941176470588
168,638.4,202
172,653.6,203.3913043478261
176,668.8,229.28947368421052
167,634.6,209.025
174,661.1999999999999,235.36111111111111
181,687.8,237.94117647058823
158,600.4,169.57407407407408
174,661.1999999999999,210.75
163,619.4,212.44117647058823
178,676.4,224
159,604.1999999999999,198.3846153846154
167,634.6,191.025
149,566.1999999999999,171.1315789473684
175,665,219.30769230769232
174,661.1999999999999,198.08333333333334
176,668.8,213.78571428571428
171,649.8,205.38095238095238
165,627,213.6578947368421
180,684,208.88
159,604.1999999999999,199.5
172,653.6,210
161,611.8,179.75
166,630.8,186.8913043478261
172,653.6,199.52380952380952
173,657.4,206.06521739130434
165,627,195.85714285714286
160,608,202.25
174,661.1999999999999,222.6578947368421
175,665,229.5681818181818
179,680.1999999999999,215.0263157894737
176,668.8,240.97058823529412
173,657.4,226.77777777777777
179,680.1999999999999,236.16666666666666
175,665,201.32692307692307
172,653.6,199.38
168,638.4,191.12
171,649.8,207.54347826086956
183,695.4,223.0263157894737
156,592.8,210.32142857142856
164,623.1999999999999,194.25
166,630.8,194.9
163,619.4,197
170,646,218.02173913043478
159,604.1999999999999,193.38095238095238
167,634.6,212.125
181,687.8,229.21428571428572
163,619.4,191.26470588235293
169,642.1999999999999,207.0952380952381
167,634.6,210.2
157,596.6,184.52380952380952
164,623.1999999999999,180.82
163,619.4,196.06521739130434
169,642.1999999999999,202.06521739130434
160,608,188.9
164,623.1999999999999,193.16666666666666
170,646,214.02380952380952
159,604.1999999999999,186.52380952380952
180,684,207.76923076923077
170,646,202.8181818181818
173,657.4,237.97058823529412
176,668.8,212.54347826086956
165,627,199
172,653.6,236.65384615384616
161,611.8,210.44117647058823
167,634.6,209.47058823529412
172,653.6,208.21428571428572
168,638.4,197.16666666666666
174,661.1999999999999,212.34782608695653
166,630.8,206.0263157894737
176,668.8,203.76923076923077
160,608,215.53846153846155
170,646,197.52380952380952
177,672.6,206.76086956521738
160,608,192.5952380952381
177,672.6,209
157,596.6,193
168,638.4,201.06521739130434
171,649.8,207
165,627,203.025
158,600.4,209.36111111111111
161,611.8,233.2
164,623.1999999999999,196.3269230769231
164,623.1999999999999,195.3913043478261
179,680.1999999999999,252.52941176470588
173,657.4,233.5
159,604.1999999999999,188.45454545454544
167,634.6,199.02941176470588
170,646,218.21428571428572
168,638.4,218.7
162,615.6,212
164,623.1999999999999,194.08333333333334
170,646,237.84615384615384
166,630.8,185.56521739130434
169,642.1999999999999,197.16666666666666
157,596.6,199.025
161,611.8,182.8409090909091
177,672.6,219.02272727272728
161,611.8,195.38095238095238
170,646,230.6315789473684
156,592.8,173.35714285714286
154,585.1999999999999,177.67391304347825
169,642.1999999999999,198.16666666666666
171,649.8,207
166,630.8,230.53333333333333
169,642.1999999999999,220.88235294117646
179,680.1999999999999,223.02173913043478
174,661.1999999999999,205.3913043478261
169,642.1999999999999,190.33333333333334
167,634.6,181.0625
176,668.8,212.75
155,589,235.22222222222223
159,604.1999999999999,184.6
170,646,214.1
165,627,186.78
177,672.6,211.225
178,676.4,208.08333333333334
156,592.8,185.76086956521738
168,638.4,195.225
167,634.6,209
165,627,183.96296296296296
184,699.1999999999999,236.36363636363637
162,615.6,208.28571428571428
169,642.1999999999999,197.17391304347825
167,634.6,197.42105263157896
156,592.8,182.27272727272728
174,661.1999999999999,218.44444444444446
170,646,206.1
161,611.8,199.0952380952381
167,634.6,197.625
179,680.1999999999999,214.02083333333334
170,646,192.88095238095238
180,684,280.8333333333333
156,592.8,186
161,611.8,186.6
185,703,242.16666666666666
148,562.4,186.11764705882354
173,657.4,221.6578947368421
172,653.6,204.3269230769231
168,638.4,189.33333333333334
167,634.6,185.96296296296296
176,668.8,208.66666666666666
163,619.4,191.9
173,657.4,226.77777777777777
165,627,215.7
164,623.1999999999999,212.13333333333333
180,684,201.23529411764707
156,592.8,198.25
163,619.4,189.28125
162,615.6,202.26470588235293
172,653.6,204.3269230769231
167,634.6,185.96296296296296
173,657.4,211.0952380952381
172,653.6,190
158,600.4,242.96153846153845
158,600.4,196.11764705882354
169,642.1999999999999,201.4
180,684,220.9074074074074
164,623.1999999999999,204.02380952380952
154,585.1999999999999,179.6
155,589,187.23684210526315
157,596.6,205.13333333333333
181,687.8,227.07999999999998
166,630.8,219.77777777777777
164,623.1999999999999,208
169,642.1999999999999,226.6
169,642.1999999999999,203.10526315789474
173,657.4,215.32
165,627,217.53125
176,668.8,206.08333333333334
170,646,198.16666666666666
161,611.8,224
161,611.8,199
161,611.8,208.05882352941177
173,657.4,208.02083333333334
177,672.6,225.4
165,627,209.1
168,638.4,228.03571428571428
167,634.6,203.1
153,581.4,196.75
166,630.8,227.63333333333333
165,627,211.225
161,611.8,184.27272727272728
181,687.8,204.14285714285714
178,676.4,220
167,634.6,217
188,714.4,253.025
177,672.6,211.24074074074073
177,672.6,206.25
163,619.4,186.27272727272728
168,638.4,210.10526315789474
163,619.4,203.26470588235293
182,691.6,215.9230769230769
173,657.4,227.38235294117646
168,638.4,202.38095238095238
172,653.6,201.25
178,676.4,203.35
168,638.4,222.32142857142856
165,627,199.225
173,657.4,209.48275862068965
164,623.1999999999999,198.5681818181818
179,680.1999999999999,203.53225806451613
166,630.8,229.28125
174,661.1999999999999,210.75
179,680.1999999999999,225.42105263157896
182,691.6,224.08695652173913
166,630.8,196.08333333333334
170,646,219.44117647058823
173,657.4,207.225
172,653.6,214.08695652173913
173,657.4,222.44117647058823
161,611.8,197.02941176470588
157,596.6,195.02777777777777
171,649.8,193.26086956521738
176,668.8,224.21428571428572
168,638.4,215.53125
169,642.1999999999999,205
173,657.4,203.08333333333334
161,611.8,209.13333333333333
173,657.4,213.0909090909091
165,627,203.11764705882354
170,646,212.025
186,706.8,234.0909090909091
174,661.1999999999999,212.52083333333334
172,653.6,204.8181818181818
171,649.8,211.11111111111111
188,714.4,210.81666666666666
166,630.8,214.21428571428572
160,608,174.4
170,646,208.20454545454544
160,608,212.65384615384616
153,581.4,173.45454545454544
173,657.4,208.28
179,680.1999999999999,213.5681818181818
172,653.6,230.77777777777777
177,672.6,223.0952380952381
171,649.8,222.36111111111111
169,642.1999999999999,213.02380952380952
167,634.6,189.26086956521738
158,600.4,205.05882352941177
178,676.4,203.35185185185185
171,649.8,195.5
151,573.8,217.125
169,642.1999999999999,220.88235294117646
161,611.8,185.75
172,653.6,206.10526315789474
175,665,221
174,661.1999999999999,200.27272727272728
170,646,199.76086956521738
161,611.8,180.6
156,592.8,196.11111111111111
173,657.4,213.26470588235293
170,646,266.1818181818182
169,642.1999999999999,213.44444444444446
167,634.6,198.11363636363637
175,665,204.25
188,714.4,226.94230769230768
179,680.1999999999999,223.08333333333334
175,665,215.02380952380952
176,668.8,204.17391304347825
162,615.6,187.6
182,691.6,214
175,665,241.125
179,680.1999999999999,234.225
163,619.4,209.28571428571428
182,691.6,228
175,665,221.42105263157896
169,642.1999999999999,226.78125
169,642.1999999999999,197.9
174,661.1999999999999,201.16071428571428
168,638.4,195.225
171,649.8,207.1
156,592.8,184.9
162,615.6,206
177,672.6,215.0952380952381
167,634.6,190.67391304347825
169,642.1999999999999,225.25
171,649.8,301.05
163,619.4,191.6578947368421
173,657.4,229.03333333333333
171,649.8,211.0909090909091
164,623.1999999999999,206.10526315789474
176,668.8,199.55769230769232
171,649.8,205.38095238095238
179,680.1999999999999,203.24242424242425
165,627,197.23684210526315
170,646,210.0909090909091
165,627,199.38095238095238
175,665,207
181,687.8,235.34782608695653
168,638.4,202.38095238095238
163,619.4,195.02941176470588
158,600.4,200.78125
166,630.8,196.08333333333334
173,657.4,201.88
165,627,201
172,653.6,210.025
155,589,191
167,634.6,216.44117647058823
168,638.4,221.33333333333334
172,653.6,210.0952380952381
163,619.4,207.73529411764707
157,596.6,193.57142857142856
168,638.4,186.225
169,642.1999999999999,205.0263157894737
160,608,196.0263157894737
179,680.1999999999999,215.98
149,566.1999999999999,187.28125
181,687.8,214.06521739130434
160,608,210.94736842105263
157,596.6,171.51851851851853
162,615.6,212
164,623.1999999999999,230.125
173,657.4,205
167,634.6,196.25
164,623.1999999999999,179.68
155,589,185.42105263157896
160,608,189.25
167,634.6,209.025
181,687.8,221.19565217391306
165,627,211.42105263157896
161,611.8,184.68421052631578
170,646,234.97058823529412
171,649.8,201.85714285714286
178,676.4,200.6851851851852
168,638.4,193.52083333333334
160,608,212.9
156,592.8,175.22
168,638.4,202.225
175,665,259.5
163,619.4,195.8181818181818
166,630.8,217.57142857142856
176,668.8,218.1875
169,642.1999999999999,192.12
155,589,195.83333333333334
173,657.4,205.4
169,642.1999999999999,205.21428571428572
170,646,191.42857142857142
158,600.4,183.6
176,668.8,205.82258064516128
173,657.4,219.69444444444446
178,676.4,214.54347826086956
159,604.1999999999999,181.26086956521738
164,623.1999999999999,194.85714285714286
177,672.6,221.73529411764707
155,589,175.02380952380952
157,596.6,179.88095238095238
156,592.8,176.25
158,600.4,181.68421052631578
165,627,205.02380952380952
169,642.1999999999999,195.27272727272728
164,623.1999999999999,225.36111111111111
162,615.6,192.25
167,634.6,213.28571428571428
167,634.6,211.73529411764707
179,680.1999999999999,201.08064516129033
174,661.1999999999999,216.10526315789474
163,619.4,188.28947368421052
167,634.6,189.88095238095238
157,596.6,189.5952380952381
176,668.8,196.64285714285714
170,646,200.85714285714286
171,649.8,203
167,634.6,188.33333333333334
170,646,208.02777777777777
169,642.1999999999999,200.11363636363637
163,619.4,190.225
178,676.4,214.36363636363637
161,611.8,206.63333333333333
172,653.6,214
161,611.8,218.14285714285714
167,634.6,190.27272727272728
184,699.1999999999999,210.32692307692307
170,646,199.76086956521738
174,661.1999999999999,206.5952380952381
166,630.8,198.5952380952381
167,634.6,203.21428571428572
178,676.4,212.91379310344828
173,657.4,201.9
180,684,215.28
176,668.8,228.53125
177,672.6,208.6875
163,619.4,214.04166666666666
157,596.6,175
171,649.8,215.23684210526315
165,627,197
171,649.8,206.02083333333334
174,661.1999999999999,192.96296296296296
177,672.6,196.22
170,646,221.36111111111111
164,623.1999999999999,193.16666666666666
179,680.1999999999999,232.33333333333334
166,630.8,224.8
154,585.1999999999999,170.66666666666666
175,665,271
175,665,215.19565217391306
175,665,223.02173913043478
177,672.6,234.6
168,638.4,210
182,691.6,236.34782608695653
165,627,189.08333333333334
172,653.6,242.53333333333333
163,619.4,192.76086956521738
161,611.8,188
178,676.4,202.92307692307693
179,680.1999999999999,237.1315789473684
171,649.8,213.47058823529412
167,634.6,199.4
169,642.1999999999999,209.02380952380952
167,634.6,209
177,672.6,198.33333333333334
179,680.1999999999999,210.5
167,634.6,207.02380952380952
167,634.6,187.64285714285714
166,630.8,204.89285714285714
173,657.4,202.16666666666666
172,653.6,232.5
168,638.4,200.5952380952381
163,619.4,201.20454545454544
150,570,182.02941176470588
187,710.6,222.85185185185185
162,615.6,209.53125
159,604.1999999999999,187.44444444444446
176,668.8,220.1
176,668.8,199.14285714285714
167,634.6,198.11363636363637
144,547.1999999999999,178.13333333333333
162,615.6,204.25
166,630.8,204.28125
175,665,209.38095238095238
175,665,209.38095238095238
174,661.1999999999999,220.0952380952381
175,665,233.1315789473684
159,604.1999999999999,201.78125
174,661.1999999999999,221.53125
174,661.1999999999999,216.02272727272728
162,615.6,187.1304347826087
164,623.1999999999999,182.2826086956522
170,646,195.52083333333334
169,642.1999999999999,205
158,600.4,188.25
176,668.8,207.6875
169,642.1999999999999,188.44642857142858
152,577.6,197.125
165,627,191.6304347826087
171,649.8,217.02083333333334
170,646,200.85714285714286
173,657.4,224.36111111111111
171,649.8,198.8409090909091
178,676.4,214.75
151,573.8,179.9
170,646,202.4
167,634.6,205.025
180,684,199.44642857142858
168,638.4,283.2
168,638.4,241.5
168,638.4,186.28571428571428
167,634.6,227.03571428571428
173,657.4,203.625
173,657.4,217.23684210526315
176,668.8,215.44642857142856
174,661.1999999999999,218.1
161,611.8,184.36111111111111
162,615.6,207.125
160,608,189.16666666666666
167,634.6,187.8913043478261
172,653.6,202.25
163,619.4,199
166,630.8,210.44444444444446
169,642.1999999999999,194.92000000000002
163,619.4,211.6578947368421
163,619.4,216.33333333333334
170,646,210.0263157894737
167,634.6,202.02083333333334
173,657.4,215.47058823529412
173,657.4,239.125
163,619.4,188.92857142857142
160,608,192.8181818181818
175,665,210.55769230769232
170,646,222.9
169,642.1999999999999,187.96296296296296
179,680.1999999999999,206.38
169,642.1999999999999,203.225
170,646,201.3913043478261
175,665,203.52083333333334
171,649.8,225.38235294117646
168,638.4,190.26086956521738
167,634.6,197.25
165,627,195.625
175,665,192.04347826086956
179,680.1999999999999,204.92000000000002
165,627,203.20454545454544
169,642.1999999999999,201.8181818181818
170,646,193.55769230769232
167,634.6,209.25
174,661.1999999999999,199.6
173,657.4,227.85714285714286
167,634.6,186.69230769230768
178,676.4,202.92307692307693
162,615.6,213.88235294117646
160,608,202.10526315789474
160,608,178.28571428571428
172,653.6,208.02941176470588
165,627,189.75
177,672.6,219.02272727272728
168,638.4,199.11363636363637
170,646,230.5
167,634.6,193.6304347826087
171,649.8,194.12
178,676.4,212.5681818181818
165,627,186.78
179,680.1999999999999,205.22413793103448
174,661.1999999999999,201.76923076923077
175,665,238
166,630.8,206.11111111111111
162,615.6,196.03125
161,611.8,197.02941176470588
170,646,186.5689655172414
166,630.8,200.02777777777777
163,619.4,201.02777777777777
167,634.6,197.625
168,638.4,218.94736842105263
179,680.1999999999999,207.88
176,668.8,224.6578947368421
181,687.8,225.08333333333334
169,642.1999999999999,253.04545454545456
173,657.4,211.025
155,589,182.225
158,600.4,186.17391304347825
167,634.6,187.45454545454544
171,649.8,196.35185185185185
178,676.4,202.92307692307693
170,646,237.84615384615384
168,638.4,195.38
170,646,217.05882352941177
177,672.6,236.55882352941177
173,657.4,224.36111111111111
172,653.6,188.07142857142858
167,634.6,201.225
173,657.4,220.05882352941177
161,611.8,189.6578947368421
178,676.4,222
173,657.4,237.97058823529412
171,649.8,197.6304347826087
153,581.4,179.69444444444446
161,611.8,183.5
175,665,215.0909090909091
161,611.8,205.23684210526315
170,646,206
167,634.6,203.21428571428572
174,661.1999999999999,202.88
167,634.6,205.025
176,668.8,220.23684210526315
172,653.6,212.33333333333334
167,634.6,197.08333333333334
163,619.4,185.3448275862069
167,634.6,216
169,642.1999999999999,185.5689655172414
169,642.1999999999999,198.16666666666666
161,611.8,194.06521739130434
166,630.8,211.125
169,642.1999999999999,219.94736842105263
182,691.6,220
174,661.1999999999999,230.03333333333333
170,646,214.02173913043478
175,665,208.33333333333334
173,657.4,215.025
161,611.8,199.28125
177,672.6,217.26470588235293
166,630.8,216.7
171,649.8,217.69444444444446
161,611.8,186.6
169,642.1999999999999,199.76923076923077
172,653.6,227.125
162,615.6,185.67391304347825
153,581.4,198.125
175,665,225.94736842105263
154,585.1999999999999,192.53333333333333
161,611.8,201.0263157894737
170,646,205.85185185185185
172,653.6,208.1
162,615.6,198.02941176470588
162,615.6,266.72727272727275
168,638.4,224.94117647058823
176,668.8,207.5
155,589,173.66666666666666
186,706.8,247.36111111111111
165,627,189.75
178,676.4,206.16666666666666
170,646,196.6304347826087
181,687.8,240.55882352941177
162,615.6,192.625
173,657.4,215.32
179,680.1999999999999,221
155,589,169.69565217391303
169,642.1999999999999,201.8181818181818
165,627,205
178,676.4,205.38
153,581.4,187.32142857142856
161,611.8,190.16666666666666
178,676.4,228.20454545454544
181,687.8,209.88
179,680.1999999999999,237.77777777777777
184,699.1999999999999,249.025
180,684,226.02083333333334
162,615.6,215.33333333333334
182,691.6,232.20454545454544
158,600.4,176.66666666666666
163,619.4,217.38235294117646
172,653.6,205.62
167,634.6,199.23684210526315
162,615.6,188.6304347826087
162,615.6,192.42105263157896
167,634.6,227.03571428571428
190,722,242.5952380952381
172,653.6,190.15
179,680.1999999999999,217.20454545454544
159,604.1999999999999,195.0263157894737
178,676.4,205.11290322580646
172,653.6,188.66666666666666
161,611.8,195.10526315789474
166,630.8,190.5
176,668.8,210.5681818181818
176,668.8,196.94230769230768
172,653.6,206.7826086956522
171,649.8,195.08333333333334
162,615.6,191.16666666666666
179,680.1999999999999,221.32
159,604.1999999999999,214.53846153846155
161,611.8,189.9
156,592.8,177.77777777777777
154,585.1999999999999,175.77777777777777
175,665,201.27272727272728
177,672.6,245.44736842105263
156,592.8,178.88095238095238
184,699.1999999999999,220.48275862068965
176,668.8,214.02777777777777
159,604.1999999999999,190.11363636363637
164,623.1999999999999,196.23684210526315
157,596.6,189.02941176470588
168,638.4,214.69444444444446
184,699.1999999999999,215.12962962962962
173,657.4,249.4090909090909
170,646,198.9
159,604.1999999999999,203.44444444444446
169,642.1999999999999,209.11111111111111
163,619.4,212.44117647058823
170,646,210.83333333333334
167,634.6,217
167,634.6,224.78125
169,642.1999999999999,202.33333333333334
163,619.4,203.0263157894737
174,661.1999999999999,204.08333333333334
163,619.4,198.02083333333334
183,695.4,213.42000000000002
153,581.4,185.03333333333333
173,657.4,223.94736842105263
170,646,214.08333333333334
169,642.1999999999999,205.125
173,657.4,203.08333333333334
169,642.1999999999999,203.38095238095238
163,619.4,195.8181818181818
160,608,212.53125
187,710.6,214.11290322580646
165,627,207.08695652173913
176,668.8,212.36363636363637
175,665,221.42105263157896
175,665,228.77777777777777
172,653.6,203.11363636363637
191,725.8,234.10344827586206
168,638.4,212.23684210526315
171,649.8,194.27272727272728
171,649.8,203
161,611.8,195.02777777777777
167,634.6,199.5952380952381
166,630.8,210.73529411764707
166,630.8,192.27272727272728
175,665,196.1206896551724
172,653.6,222
164,623.1999999999999,202.52083333333334
162,615.6,196.13333333333333
154,585.1999999999999,194.83333333333334
158,600.4,218.16666666666666
171,649.8,191.8913043478261
162,615.6,179.52083333333334
156,592.8,186.25
169,642.1999999999999,235.69444444444446
180,684,228.0909090909091
177,672.6,208.6875
165,627,234.14285714285714
180,684,211.8793103448276
163,619.4,205.10526315789474
158,600.4,203.125
176,668.8,251.57142857142856
158,600.4,194.21428571428572
166,630.8,198.8181818181818
164,623.1999999999999,204.0263157894737
166,630.8,196.625
170,646,212.32
168,638.4,226.8
164,623.1999999999999,209.125
165,627,190.92000000000002
164,623.1999999999999,204.5
176,668.8,208
164,623.1999999999999,208.73529411764707
167,634.6,207.11111111111111
165,627,201.125
170,646,192.88095238095238
161,611.8,176.1875
171,649.8,215.1
150,570,199
182,691.6,228
173,657.4,207.5681818181818
167,634.6,191.38095238095238
172,653.6,196.38095238095238
161,611.8,185.08333333333334
163,619.4,184.025
152,577.6,210.5
170,646,190.94230769230768
164,623.1999999999999,240.4090909090909
179,680.1999999999999,212.33333333333334
181,687.8,217.1
172,653.6,212.11111111111111
174,661.1999999999999,210.1
173,657.4,213.0909090909091
162,615.6,196.225
171,649.8,192.875
177,672.6,223.02083333333334
180,684,244.97058823529412
172,653.6,250.125
172,653.6,203.6875
161,611.8,205.73529411764707
182,691.6,216.57142857142856
171,649.8,203.5952380952381
173,657.4,205.8181818181818
165,627,192
175,665,261.7
177,672.6,215.94230769230768
160,608,187.8409090909091
173,657.4,213.19565217391306
170,646,199.76086956521738
141,535.8,177.125
167,634.6,233.125
169,642.1999999999999,205
155,589,173.2826086956522
173,657.4,203.08333333333334
171,649.8,215.44444444444446
171,649.8,187.17307692307693
168,638.4,178.31578947368422
174,661.1999999999999,235.63333333333333
165,627,191.6304347826087
163,619.4,191.6578947368421
172,653.6,212
154,585.1999999999999,199.375
174,661.1999999999999,214
175,665,224
165,627,191.6304347826087
182,691.6,238.8181818181818
178,676.4,218.33333333333334
164,623.1999999999999,198.13333333333333
176,668.8,202.32692307692307
170,646,184.51851851851853
174,661.1999999999999,216.08695652173913
164,623.1999999999999,198
185,703,219.5681818181818
173,657.4,223.94736842105263
158,600.4,183.6
161,611.8,227.66666666666669
180,684,231.88235294117646
155,589,193.02777777777777
168,638.4,218
165,627,185.64285714285714
163,619.4,186.27272727272728
165,627,219.32142857142856
164,623.1999999999999,183.69230769230768
164,623.1999999999999,186.5
174,661.1999999999999,222.6578947368421
164,623.1999999999999,193.16666666666666
152,577.6,180.125
172,653.6,210.025
173,657.4,192.69230769230768
180,684,209.62962962962962
170,646,194.5
159,604.1999999999999,195.54347826086956
172,653.6,236.97058823529412
170,646,204.02777777777777
157,596.6,187.42105263157896
170,646,200.85714285714286
162,615.6,192.25
167,634.6,189.88095238095238
172,653.6,239.5
164,623.1999999999999,186.1315789473684
152,577.6,202.7
175,665,200.52083333333334
165,627,192
166,630.8,212.28571428571428
173,657.4,211
180,684,234.1875
154,585.1999999999999,176.1315789473684
158,600.4,180.5
172,653.6,228.94117647058823
151,573.8,174.68421052631578
177,672.6,205.88
163,619.4,193.42105263157896
186,706.8,226.69230769230768
169,642.1999999999999,209
171,649.8,219.6578947368421
160,608,188.17391304347825
167,634.6,231
168,638.4,208.5
167,634.6,217.38095238095238
164,623.1999999999999,194.85714285714286
160,608,196.02941176470588
158,600.4,205.05882352941177
163,619.4,190.225
165,627,193.52083333333334
167,634.6,188.33333333333334
158,600.4,178.02083333333334
166,630.8,200.225
167,634.6,213.69444444444446
168,638.4,197.45454545454544
169,642.1999999999999,203.5681818181818
179,680.1999999999999,202.60344827586206
165,627,205.5
170,646,214.02380952380952
162,615.6,200.025
165,627,201.0263157894737
168,638.4,225.6
171,649.8,204.33333333333334
153,581.4,177.75
156,592.8,179.67391304347825
174,661.1999999999999,212.11764705882354
166,630.8,197.3913043478261
156,592.8,196.0263157894737
176,668.8,220
173,657.4,200
167,634.6,193.27272727272728
175,665,198.67391304347825
162,615.6,188.94736842105263
168,638.4,203.28
164,623.1999999999999,211.53125
178,676.4,205.38
179,680.1999999999999,204.35185185185185
173,657.4,209.0263157894737
170,646,198.88
168,638.4,241.63333333333333
179,680.1999999999999,211.8181818181818
167,634.6,209.25
159,604.1999999999999,195.3
164,623.1999999999999,223.55882352941177
172,653.6,221.44117647058823
174,661.1999999999999,237
170,646,231.36111111111111
173,657.4,233.5
169,642.1999999999999,193.08333333333334
168,638.4,200.8181818181818
154,585.1999999999999,168.88095238095238
161,611.8,184.67391304347825
169,642.1999999999999,193.5
185,703,223.72
165,627,181.82
188,714.4,260
165,627,205.19565217391306
163,619.4,203.19565217391306
170,646,212.025
175,665,203.17391304347825
174,661.1999999999999,196.6875
166,630.8,192.22413793103448
178,676.4,224.225
179,680.1999999999999,225.225
160,608,187.225
163,619.4,187.75
159,604.1999999999999,206.05882352941177
164,623.1999999999999,196.8181818181818
159,604.1999999999999,171
161,611.8,182.8409090909091
174,661.1999999999999,206.23684210526315
174,661.1999999999999,194.64285714285714
175,665,225.625
161,611.8,197.125
176,668.8,222.02272727272728
169,642.1999999999999,197.17391304347825
170,646,224.38235294117646
185,703,222.23076923076923
164,623.1999999999999,195.6875
176,668.8,208.8181818181818
170,646,226.25
156,592.8,176.25
171,649.8,205
166,630.8,188.5
160,608,215.125
178,676.4,210
171,649.8,219.4
170,646,204.5681818181818
182,691.6,226.02173913043478
170,646,198.88
168,638.4,235.5
177,672.6,223.0952380952381
167,634.6,228.53846153846155
160,608,220.5
171,649.8,232.36111111111111
155,589,175.8913043478261
179,680.1999999999999,221.02272727272728
156,592.8,186.25
165,627,193.17391304347825
174,661.1999999999999,220.42105263157896
177,672.6,233.03333333333333
161,611.8,184.27272727272728
158,600.4,196.02777777777777
173,657.4,201.88
172,653.6,226.38235294117646
175,665,196.78
156,592.8,188.8181818181818
175,665,211.36363636363637
172,653.6,212.0909090909091
179,680.1999999999999,214.28
179,680.1999999999999,206.16071428571428
173,657.4,202.25
174,661.1999999999999,214.26470588235293
164,623.1999999999999,249.75
175,665,203.16666666666666
176,668.8,201.92000000000002
176,668.8,243.76470588235293
177,672.6,230.77777777777777
178,676.4,220
174,661.1999999999999,212.20454545454544
170,646,194.08333333333334
177,672.6,227.94736842105263
175,665,217.47058823529412
146,554.8,197.57142857142856
165,627,193.44444444444446
170,646,210.02380952380952
156,592.8,194.02777777777777
175,665,202.38
169,642.1999999999999,211.08695652173913
168,638.4,204.21428571428572
167,634.6,191.75
169,642.1999999999999,199.08333333333334
172,653.6,195.55769230769232
168,638.4,206.02777777777777
165,627,207.78125
156,592.8,180.75
174,661.1999999999999,222.21428571428572
183,695.4,233.08695652173913
148,562.4,197.5
163,619.4,186.12
161,611.8,190.76086956521738
177,672.6,215.52083333333334
161,611.8,216.68421052631578
160,608,203.2
161,611.8,190.16666666666666
167,634.6,186.9310344827586
160,608,194.32142857142856
180,684,220
157,596.6,199.47058823529412
167,634.6,209.25
169,642.1999999999999,213.1
176,668.8,212.75
169,642.1999999999999,213.23684210526315
182,691.6,239.6
166,630.8,213.53125
188,714.4,218.01785714285714
177,672.6,227.94736842105263
167,634.6,213.02272727272728
170,646,210.19565217391306
177,672.6,207.42000000000002
176,668.8,218.48076923076923
167,634.6,188.78
159,604.1999999999999,191.5952380952381
169,642.1999999999999,223.38235294117646
176,668.8,220.30769230769232
172,653.6,241.14285714285714
175,665,237.22727272727272
167,634.6,205.02777777777777
174,661.1999999999999,210.54347826086956
178,676.4,216.20454545454544
165,627,201
170,646,231.53846153846155
163,619.4,201.11764705882354
182,691.6,217.02083333333334
166,630.8,189.67391304347825
174,661.1999999999999,205.6875
165,627,205.02380952380952
174,661.1999999999999,212.94230769230768
175,665,211.02941176470588
165,627,209.1
179,680.1999999999999,211
168,638.4,199.6875
169,642.1999999999999,201.4
179,680.1999999999999,229.38095238095238
175,665,225.94736842105263
158,600.4,242.04545454545456
173,657.4,204.6875
155,589,219.65384615384616
165,627,209.23684210526315
168,638.4,232.65384615384616
161,611.8,197
170,646,194.5
164,623.1999999999999,213.44117647058823
171,649.8,198.38
172,653.6,233.63333333333333
167,634.6,194
164,623.1999999999999,186.6851851851852
174,661.1999999999999,229.68421052631578
168,638.4,196.9
162,615.6,204.10526315789474
151,573.8,173.88095238095238
176,668.8,216.0909090909091
172,653.6,214.47058823529412
173,657.4,246.63333333333333
170,646,193.55769230769232
167,634.6,220.33333333333334
182,691.6,213.8793103448276
178,676.4,207.76086956521738
169,642.1999999999999,196.38
161,611.8,199.025
155,589,193
159,604.1999999999999,206.05882352941177
167,634.6,209.78125
157,596.6,189.23684210526315
169,642.1999999999999,229.16666666666666
177,672.6,221
159,604.1999999999999,186.8409090909091
165,627,201.0263157894737
162,615.6,213.57142857142856
167,634.6,209.25
163,619.4,206.2
152,577.6,182.11764705882354
154,585.1999999999999,196.47058823529412
179,680.1999999999999,240.36111111111111
170,646,210.26470588235293
168,638.4,196.57142857142858
160,608,224.65384615384616
153,581.4,179.28125
174,661.1999999999999,207.01785714285714
174,661.1999999999999,239.78947368421052
165,627,240.57142857142856
166,630.8,214.89285714285714
163,619.4,185.6851851851852
170,646,251.3846153846154
169,642.1999999999999,200.3913043478261
170,646,223.28947368421052
173,657.4,213.0909090909091
167,634.6,209.02272727272728
169,642.1999999999999,221.9
163,619.4,195.4
152,577.6,180.6578947368421
158,600.4,192
168,638.4,212.44444444444446
162,615.6,190.98275862068965
172,653.6,216.1
164,623.1999999999999,179.5
173,657.4,211.0952380952381
171,649.8,222.36111111111111
155,589,189.02777777777777
161,611.8,195.38095238095238
170,646,221.36111111111111
168,638.4,218
161,611.8,191.03125
171,649.8,191.90322580645162
167,634.6,209.47058823529412
158,600.4,206.16666666666666
160,608,196.3
158,600.4,201.2
176,668.8,196.48
165,627,185.16666666666666
178,676.4,214.98
166,630.8,196.08333333333334
165,627,207.25
169,642.1999999999999,201
166,630.8,194.17391304347825
163,619.4,238.57142857142856
157,596.6,175.225
169,642.1999999999999,226.78125
164,623.1999999999999,189.52083333333334
159,604.1999999999999,207.89285714285714
174,661.1999999999999,237.18421052631578
181,687.8,217.75
168,638.4,223.125
152,577.6,200.13333333333333
160,608,194.225
170,646,208
185,703,235.08695652173913
176,668.8,242.125
176,668.8,222.0952380952381
155,589,193.02777777777777
162,615.6,209.53125
173,657.4,209.36363636363637
162,615.6,204.78125
168,638.4,198.625
173,657.4,239.69444444444446
169,642.1999999999999,251.61764705882354
165,627,205.11111111111111
161,611.8,205.1
170,646,210.26470588235293
175,665,207.66666666666666
156,592.8,201.125
173,657.4,197.5
165,627,205.11111111111111
162,615.6,198.125
168,638.4,204.21428571428572
172,653.6,210.20454545454544
169,642.1999999999999,203.7826086956522
177,672.6,207.76923076923077
177,672.6,219.025
164,623.1999999999999,217.33333333333334
178,676.4,218
173,657.4,209.75
155,589,187.11111111111111
169,642.1999999999999,190.40740740740742
163,619.4,189.6304347826087
169,642.1999999999999,192.67391304347825
173,657.4,215.10526315789474
178,676.4,227
168,638.4,200.8181818181818
173,657.4,203.08333333333334
178,676.4,208.76923076923077
174,661.1999999999999,216
164,623.1999999999999,202.28125
162,615.6,194.4
158,600.4,192.03125
160,608,182.26086956521738
172,653.6,205.33333333333334
166,630.8,211.125
169,642.1999999999999,197.88
179,680.1999999999999,223.23684210526315
186,706.8,240.34782608695653
163,619.4,214.88235294117646
177,672.6,196.69230769230768
160,608,185.6
161,611.8,189.6578947368421
174,661.1999999999999,226.36363636363637
150,570,198.13333333333333
163,619.4,199.1
160,608,182.1315789473684
181,687.8,221.33333333333334
150,570,204.45
163,619.4,238.57142857142856
162,615.6,190.9
163,619.4,203.83333333333334
170,646,196.32692307692307
174,661.1999999999999,218.44444444444446
173,657.4,202.25
170,646,239.03125
184,699.1999999999999,232.0909090909091
159,604.1999999999999,171
174,661.1999999999999,206.8181818181818
168,638.4,196.9
169,642.1999999999999,227.77777777777777
167,634.6,209.025
163,619.4,191.9
167,634.6,233.66666666666669
182,691.6,220.34782608695653
181,687.8,206.35185185185185
177,672.6,199.23076923076923
165,627,195.625
162,615.6,198.0263157894737
179,680.1999999999999,217.52083333333334
176,668.8,206.81666666666666
166,630.8,214.89285714285714
163,619.4,201.02777777777777
175,665,211.1
157,596.6,182.1304347826087
164,623.1999999999999,191.52380952380952
176,668.8,216.0909090909091
171,649.8,191.02083333333334
167,634.6,203.0263157894737
171,649.8,204.9230769230769
173,657.4,206.01785714285714
176,668.8,203.38
173,657.4,207.38095238095238
172,653.6,203.8793103448276
176,668.8,202.6304347826087
171,649.8,204.62
164,623.1999999999999,202.02777777777777
170,646,200.85714285714286
170,646,202.5952380952381
165,627,211.0952380952381
157,596.6,183.69444444444446
169,642.1999999999999,196.8409090909091
169,642.1999999999999,213.44444444444446
171,649.8,205.225
160,608,200.11111111111111
162,615.6,180.96296296296296
180,684,202.3448275862069
175,665,236.36111111111111
174,661.1999999999999,202.52083333333334
154,585.1999999999999,184.11764705882354
168,638.4,199.11363636363637
161,611.8,185.38095238095238
179,680.1999999999999,213.91379310344828
180,684,224.18
173,657.4,213.02380952380952
173,657.4,217.23684210526315
166,630.8,198.23684210526315
163,619.4,205.47058823529412
169,642.1999999999999,194.92000000000002
182,691.6,211.62962962962962
170,646,232.23529411764707
187,710.6,233.225
157,596.6,223.03571428571428
180,684,233.28947368421052
161,611.8,212.88235294117646
178,676.4,210.8181818181818
184,699.1999999999999,232.0909090909091
170,646,198.17391304347825
166,630.8,188.88095238095238
161,611.8,211.94736842105263
181,687.8,211.41379310344828
179,680.1999999999999,208.45454545454544
161,611.8,231.04166666666669
168,638.4,204.02941176470588
166,630.8,204
171,649.8,229.77777777777777
161,611.8,189.17391304347825
178,676.4,202.53225806451613
173,657.4,213.0263157894737
179,680.1999999999999,227.02173913043478
176,668.8,197.8409090909091
174,661.1999999999999,206
177,672.6,223.225
158,600.4,191.06521739130434
169,642.1999999999999,209.19565217391306
172,653.6,222.08695652173913
173,657.4,215
187,710.6,237.94736842105263
156,592.8,180.025
171,649.8,238.84615384615384
159,604.1999999999999,186.225
176,668.8,210.5681818181818
153,581.4,191.28125
171,649.8,226.68421052631578
170,646,192.23076923076923
173,657.4,195.6851851851852
172,653.6,220.02173913043478
172,653.6,225.33333333333334
164,623.1999999999999,196.23684210526315
158,600.4,183.92857142857142
178,676.4,199.875
163,619.4,195
168,638.4,210
155,589,177.88095238095238
169,642.1999999999999,198.45454545454544
170,646,231.36111111111111
167,634.6,195.9
179,680.1999999999999,225.69444444444446
175,665,203.6578947368421
163,619.4,233.61764705882354
169,642.1999999999999,219.625
151,573.8,173.26086956521738
166,630.8,194.52083333333334
167,634.6,195.88
161,611.8,187.6304347826087
181,687.8,213
179,680.1999999999999,204.78571428571428
161,611.8,186.92000000000002
162,615.6,198.1
158,600.4,202.23684210526315
173,657.4,217.1
174,661.1999999999999,212.0952380952381
169,642.1999999999999,190.40740740740742
181,687.8,206.35185185185185
168,638.4,186.15
181,687.8,210.62962962962962
178,676.4,214.1
168,638.4,202.38095238095238
169,642.1999999999999,211.025
166,630.8,193.8409090909091
181,687.8,221.0909090909091
171,649.8,192.42857142857142
166,630.8,194.6578947368421
173,657.4,199.69444444444446
162,615.6,194.4
179,680.1999999999999,232.77777777777777
178,676.4,205.38
173,657.4,240.5
165,627,188.36111111111111
170,646,193.27272727272728
161,611.8,201.0263157894737
169,642.1999999999999,188.22
167,634.6,184.30769230769232
174,661.1999999999999,195.40740740740742
161,611.8,191.42105263157896
162,615.6,190.44444444444446
174,661.1999999999999,220.0952380952381
170,646,237.5
155,589,178.67391304347825
171,649.8,213.25
166,630.8,232.125
176,668.8,212.16071428571428
162,615.6,185.67391304347825
163,619.4,197.5681818181818
172,653.6,217.125
173,657.4,205.4
166,630.8,192.6304347826087
183,695.4,229.225
163,619.4,189.94736842105263
178,676.4,230.9
161,611.8,185.75
183,695.4,209.32692307692307
158,600.4,186.125
169,642.1999999999999,215.0952380952381
177,672.6,219.025
178,676.4,202.06666666666666
172,653.6,195.68421052631578
169,642.1999999999999,216.53125
164,623.1999999999999,205.8846153846154
170,646,210.0263157894737
176,668.8,212.36363636363637
171,649.8,196.52083333333334
171,649.8,207.36363636363637
179,680.1999999999999,210.12962962962962
173,657.4,198.78571428571428
166,630.8,191.78571428571428
175,665,199.89655172413794
176,668.8,206.41379310344828
171,649.8,222.88235294117646
155,589,183.125
182,691.6,244.23529411764707
170,646,202.11111111111111
184,699.1999999999999,219.28
178,676.4,212.10526315789474
162,615.6,194.23684210526315
177,672.6,215.20454545454544
177,672.6,203.32692307692307
158,600.4,194.02941176470588
160,608,232.32142857142856
163,619.4,218.125
160,608,184.08333333333334
158,600.4,179.33333333333334
177,672.6,204.76923076923077
168,638.4,198.42105263157896
169,642.1999999999999,232.28125
167,634.6,196.16666666666666
164,623.1999999999999,196.8181818181818
176,668.8,212.0263157894737
164,623.1999999999999,222.77777777777777
172,653.6,208.21428571428572
167,634.6,228.53846153846155
175,665,199.92307692307693
170,646,218.6578947368421
167,634.6,196.16666666666666
163,619.4,195.5952380952381
174,661.1999999999999,217.75
171,649.8,215.23684210526315
172,653.6,206.5681818181818
178,676.4,205.76923076923077
167,634.6,210.2
164,623.1999999999999,235.1153846153846
179,680.1999999999999,227.4
169,642.1999999999999,194
179,680.1999999999999,255.5
179,680.1999999999999,241.23529411764707
159,604.1999999999999,185.94736842105263
171,649.8,201.08333333333334
170,646,208.0952380952381
158,600.4,194.1
171,649.8,213.25
159,604.1999999999999,193
174,661.1999999999999,216.025
172,653.6,216.02173913043478
141,535.8,161.25
179,680.1999999999999,212.62
166,630.8,196.625
177,672.6,196.140625
194,737.1999999999999,217.83783783783784
170,646,198.52083333333334
172,653.6,225.77777777777777
161,611.8,192.6875
175,665,219
159,604.1999999999999,216.14285714285714
175,665,215.0909090909091
173,657.4,230.78125
158,600.4,200.47058823529412
160,608,183.05882352941177
171,649.8,198.16071428571428
171,649.8,207.21428571428572
179,680.1999999999999,232.77777777777777
166,630.8,196.625
158,600.4,172.08333333333334
175,665,207.5952380952381
167,634.6,198.11363636363637
161,611.8,190.16666666666666
175,665,223.4
170,646,200.08333333333334
169,642.1999999999999,199.42105263157896
158,600.4,194.02941176470588
161,611.8,178.04347826086956
165,627,199.02777777777777
173,657.4,239.125
165,627,207.02272727272728
168,638.4,185.30769230769232
161,611.8,182.42857142857142
167,634.6,211.73529411764707
171,649.8,203.4
173,657.4,198.1304347826087
167,634.6,203.02941176470588
168,638.4,199.6875
150,570,170.48
165,627,220.125
167,634.6,210.2
170,646,219
182,691.6,222.11111111111111
170,646,200.85714285714286
162,615.6,207.125
166,630.8,202.3
159,604.1999999999999,193.38095238095238
166,630.8,183.30769230769232
154,585.1999999999999,177.12
168,638.4,189.33333333333334
161,611.8,187.47058823529412
180,684,222.025
167,634.6,197.85714285714286
177,672.6,212.85185185185185
173,657.4,199.66666666666666
161,611.8,209.4
174,661.1999999999999,232.77777777777777
175,665,200.78571428571428
157,596.6,189.11111111111111
155,589,187.11111111111111
172,653.6,199.16071428571428
157,596.6,181.5
164,623.1999999999999,224.5
172,653.6,197.35185185185185
185,703,245.025
175,665,203.52083333333334
167,634.6,195.6578947368421
166,630.8,194.17391304347825
168,638.4,195.52380952380952
173,657.4,203.625
167,634.6,203.1
172,653.6,214.25
162,615.6,192.11764705882354
178,676.4,207.25
167,634.6,197.08333333333334
176,668.8,197.875
174,661.1999999999999,198.08333333333334
166,630.8,206.0263157894737
169,642.1999999999999,203.38095238095238
157,596.6,193.02941176470588
181,687.8,218.5
172,653.6,216.44444444444446
153,581.4,195.78125
159,604.1999999999999,206.53125
175,665,267.3461538461538
161,611.8,190.16666666666666
178,676.4,213.28
170,646,210.0263157894737
171,649.8,205.10526315789474
154,585.1999999999999,196.47058823529412
180,684,213.9230769230769
175,665,284.1363636363636
179,680.1999999999999,229.94736842105263
165,627,190.92000000000002
168,638.4,208.5
164,623.1999999999999,204.26470588235293
166,630.8,202.21428571428572
168,638.4,190.6851851851852
175,665,222.53125
169,642.1999999999999,209
164,623.1999999999999,202.02777777777777
161,611.8,199.02777777777777
162,615.6,200.11764705882354
178,676.4,229.36111111111111
169,642.1999999999999,245.8
167,634.6,212.125
158,600.4,190.03333333333333
171,649.8,213
162,615.6,194.4
160,608,196.0263157894737
170,646,206.02941176470588
166,630.8,208.25
167,634.6,187.02083333333334
167,634.6,191.92307692307693
172,653.6,210.025
168,638.4,189.78
176,668.8,229.28947368421052
175,665,211.36363636363637
176,668.8,229.77777777777777
169,642.1999999999999,207.025
148,562.4,176.9
175,665,204.76086956521738
170,646,227.78125
186,706.8,258.0238095238095
159,604.1999999999999,197.11764705882354
157,596.6,198.8846153846154
154,585.1999999999999,202.13333333333333
152,577.6,187.63636363636363
168,638.4,212.23684210526315
170,646,214.1
157,596.6,189
171,649.8,187.01666666666665
169,642.1999999999999,190.78
175,665,213.11764705882354
162,615.6,192.42105263157896
176,668.8,200.92307692307693
165,627,192.225
167,634.6,209.025
167,634.6,194.8409090909091
162,615.6,184.5
180,684,222.025
179,680.1999999999999,263.5
160,608,184.38095238095238
158,600.4,187.45454545454544
166,630.8,188.88095238095238
177,672.6,207.41379310344828
173,657.4,196.12
172,653.6,200.44444444444446
163,619.4,197.225
158,600.4,177.69230769230768
165,627,195.625
178,676.4,222
160,608,181.33333333333334
162,615.6,187
162,615.6,202.11111111111111
169,642.1999999999999,193.92307692307693
161,611.8,201.26470588235293
189,718.1999999999999,229
155,589,199.73529411764707
166,630.8,189.67391304347825
168,638.4,193.1304347826087
168,638.4,195
173,657.4,195.6875
181,687.8,221.19565217391306
168,638.4,206.28125
164,623.1999999999999,193.76086956521738
165,627,188.60344827586206
166,630.8,187.78
172,653.6,195.04545454545456
170,646,195.6
173,657.4,194.8409090909091
179,680.1999999999999,201.81666666666666
161,611.8,186.92000000000002
160,608,192.23684210526315
139,528.1999999999999,163.3
168,638.4,196.52083333333334
170,646,203.06521739130434
157,596.6,180.68421052631578
154,585.1999999999999,170.82
167,634.6,192.52083333333334
175,665,211.36363636363637
180,684,220.69230769230768
167,634.6,195.17391304347825
184,699.1999999999999,204.05555555555554
178,676.4,218.0263157894737
175,665,217.47058823529412
165,627,193.26470588235293
170,646,219
164,623.1999999999999,244.1818181818182
181,687.8,207.32692307692307
161,611.8,207.42105263157896
176,668.8,210.225
181,687.8,215.57142857142856
181,687.8,212.12962962962962
143,543.4,194.2
180,684,242.23529411764707
171,649.8,194.67391304347825
165,627,192
160,608,185.28947368421052
163,619.4,183.94230769230768
168,638.4,208.26470588235293
157,596.6,205.13333333333333
183,695.4,206.29032258064515
170,646,203.33333333333334
177,672.6,211.10526315789474
186,706.8,228.02272727272728
159,604.1999999999999,190.3913043478261
170,646,241.1153846153846
174,661.1999999999999,223.44117647058823
171,649.8,197.22413793103448
165,627,193.52083333333334
164,623.1999999999999,198
166,630.8,193.8409090909091
178,676.4,226.4
167,634.6,203.21428571428572
176,668.8,210.91379310344828
181,687.8,217.98
168,638.4,213.125
169,642.1999999999999,215.69444444444446
155,589,196.28571428571428
172,653.6,210.0952380952381
182,691.6,213.11363636363637
168,638.4,198.85714285714286
160,608,190.11764705882354
169,642.1999999999999,207.11764705882354
163,619.4,195.23684210526315
169,642.1999999999999,215.02272727272728
166,630.8,198.11111111111111
169,642.1999999999999,182.5
170,646,210.26470588235293
171,649.8,229.77777777777777
163,619.4,203.83333333333334
165,627,190.1304347826087
166,630.8,204.11764705882354
167,634.6,198.6875
169,642.1999999999999,221.9
165,627,205.02380952380952
167,634.6,240.52941176470588
180,684,246.27272727272725
180,684,272.8928571428571
170,646,199.45454545454544
176,668.8,216.02380952380952
174,661.1999999999999,221.05882352941177
181,687.8,218.5
163,619.4,207.73529411764707
164,623.1999999999999,227.375
165,627,195.625
174,661.1999999999999,202.52083333333334
153,581.4,194.28571428571428
172,653.6,207.85185185185185
169,642.1999999999999,196.52380952380952
154,585.1999999999999,198.46153846153845
172,653.6,196
174,661.1999999999999,246
161,611.8,201.0909090909091
171,649.8,211.11111111111111
174,661.1999999999999,208.225
178,676.4,230.36363636363637
185,703,269.02777777777777
155,589,191
173,657.4,223.94736842105263
165,627,197.5952380952381
168,638.4,197.16666666666666
166,630.8,202.54347826086956
176,668.8,208.5952380952381
168,638.4,182.5
169,642.1999999999999,219.625
158,600.4,174.0952380952381
170,646,194.38095238095238
174,661.1999999999999,224.38095238095238
169,642.1999999999999,213.1
181,687.8,225
171,649.8,204.33333333333334
180,684,220.33333333333334
181,687.8,225
168,638.4,232.8
159,604.1999999999999,197.28125
166,630.8,208.47058823529412
165,627,189.92307692307693
175,665,205.42000000000002
166,630.8,185.22
164,623.1999999999999,192.17391304347825
175,665,208.62
151,573.8,181.25
179,680.1999999999999,205.74074074074073
167,634.6,207.26470588235293
157,596.6,178.33333333333334
159,604.1999999999999,202.2
165,627,185.90322580645162
174,661.1999999999999,212.34782608695653
174,661.1999999999999,216.47058823529412
162,615.6,192.85714285714286
176,668.8,204.52083333333334
169,642.1999999999999,213.1
161,611.8,190.16666666666666
173,657.4,234.63333333333333
166,630.8,304.0625
170,646,206.36363636363637
168,638.4,188.6315789473684
162,615.6,196.10526315789474
169,642.1999999999999,201.3269230769231
170,646,194.92307692307693
173,657.4,201.88
181,687.8,208.38
162,615.6,180.75
157,596.6,208.57142857142856
160,608,198.20454545454544
174,661.1999999999999,237.28125
171,649.8,219.4
167,634.6,198.6875
166,630.8,185.22
173,657.4,209.21428571428572
178,676.4,224.225
170,646,208.0952380952381
172,653.6,210.94230769230768
157,596.6,207
168,638.4,192.5
179,680.1999999999999,213.7826086956522
168,638.4,208.11111111111111
157,596.6,191.10526315789474
160,608,202.25
147,558.6,198.04166666666666
167,634.6,200.62
174,661.1999999999999,202.88
176,668.8,216.33333333333334
177,672.6,205.9
170,646,196.32692307692307
183,695.4,218.02083333333334
170,646,246.4090909090909
173,657.4,195.88095238095238
177,672.6,217.19565217391306
181,687.8,211.08333333333334
158,600.4,200.025
172,653.6,216.02173913043478
171,649.8,207.0263157894737
168,638.4,208.02380952380952
171,649.8,199.9
167,634.6,194.52380952380952
169,642.1999999999999,213.02173913043478
164,623.1999999999999,227
170,646,216.42105263157896
179,680.1999999999999,209.25
164,623.1999999999999,215.88235294117646
181,687.8,227.02083333333334
165,627,229
180,684,236.25
166,630.8,210.73529411764707
173,657.4,233.025
179,680.1999999999999,210.12962962962962
173,657.4,193.41666666666666
180,684,247.5
164,623.1999999999999,206.47058823529412
167,634.6,191.38095238095238
181,687.8,221.69230769230768
163,619.4,203
160,608,194.02777777777777
172,653.6,208.36363636363637
171,649.8,196.35185185185185
169,642.1999999999999,207.28125
165,627,196.3913043478261
169,642.1999999999999,195.27272727272728
181,687.8,212.8793103448276
159,604.1999999999999,214.125
165,627,205.0263157894737
176,668.8,211.28
169,642.1999999999999,221.53125
169,642.1999999999999,211.47058823529412
176,668.8,218
163,619.4,207.02380952380952
181,687.8,213
170,646,190.16666666666666
169,642.1999999999999,226.78125
181,687.8,215.5681818181818
149,566.1999999999999,200.57142857142856
169,642.1999999999999,182.02083333333334
161,611.8,197.0263157894737
183,695.4,213.76923076923077
171,649.8,192.40740740740742
171,649.8,207.0263157894737
159,604.1999999999999,185.94736842105263
155,589,179.92307692307693
160,608,174.58
173,657.4,192.75806451612902
176,668.8,240.97058823529412
167,634.6,247.1818181818182
158,600.4,238.66666666666669
178,676.4,216.0952380952381
161,611.8,190.16666666666666
171,649.8,229.1315789473684
182,691.6,236.5681818181818
156,592.8,190.02777777777777
151,573.8,165.69444444444446
164,623.1999999999999,202.0952380952381
170,646,198.17391304347825
175,665,208.06521739130434
173,657.4,198.52083333333334
161,611.8,177.33333333333334
170,646,206.21428571428572
176,668.8,229.28947368421052
161,611.8,204.2
177,672.6,241
180,684,236.94117647058823
170,646,196.6304347826087
167,634.6,183.33333333333334
179,680.1999999999999,209.76923076923077
171,649.8,191.64285714285714
172,653.6,212.0909090909091
165,627,197.8181818181818
171,649.8,201.76923076923077
165,627,201.125
164,623.1999999999999,200
163,619.4,183.02380952380952
166,630.8,200.225
169,642.1999999999999,203.10526315789474
176,668.8,204.52083333333334
176,668.8,252.5
171,649.8,211.0909090909091
165,627,205.83333333333334
180,684,218.52083333333334
166,630.8,186.8913043478261
165,627,228
162,615.6,207.63333333333333
156,592.8,169.52
177,672.6,205.57142857142858
169,642.1999999999999,217.89285714285714
169,642.1999999999999,211.25
183,695.4,213.08333333333334
159,604.1999999999999,201.025
160,608,209.84615384615384
175,665,240.78947368421052
158,600.4,206.05
170,646,190.02380952380952
173,657.4,207.225
166,630.8,195.45454545454544
169,642.1999999999999,194.52083333333334
161,611.8,187.94736842105263
153,581.4,185.23684210526315
183,695.4,206.29032258064515
171,649.8,218.05882352941177
177,672.6,262.75
174,661.1999999999999,191.7962962962963
179,680.1999999999999,208.25
166,630.8,188.23076923076923
155,589,202.1153846153846
165,627,226.63333333333333
153,581.4,181.44444444444446
166,630.8,220.38235294117646
175,665,213.20454545454544
163,619.4,234.1153846153846
167,634.6,211.44444444444446
169,642.1999999999999,191.6851851851852
170,646,208.52083333333334
160,608,203.75
167,634.6,209.02272727272728
165,627,193.17391304347825
180,684,220.33333333333334
170,646,214.44444444444446
168,638.4,189.875
167,634.6,197.85714285714286
164,623.1999999999999,190.6304347826087
181,687.8,227
174,661.1999999999999,206
172,653.6,212.0263157894737
168,638.4,219.36111111111111
169,642.1999999999999,215.42105263157896
177,672.6,198.87878787878788
166,630.8,184
179,680.1999999999999,230.88235294117646
186,706.8,213.58620689655172
164,623.1999999999999,230.125
171,649.8,191.8913043478261
167,634.6,207.02380952380952
175,665,215.26470588235293
177,672.6,221.02380952380952
173,657.4,203.08333333333334
162,615.6,184.6875
171,649.8,194.14285714285714
169,642.1999999999999,189.45454545454544
169,642.1999999999999,253.5
161,611.8,191.11764705882354
164,623.1999999999999,200.21428571428572
180,684,234.38235294117646
158,600.4,182.025
160,608,183.67391304347825
172,653.6,222.94736842105263
173,657.4,215.02272727272728
166,630.8,204.02777777777777
161,611.8,193.11111111111111
164,623.1999999999999,198.38095238095238
170,646,197.52380952380952
164,623.1999999999999,192.88
160,608,171.52
164,623.1999999999999,216.53125
161,611.8,193.4
165,627,209.73529411764707
178,676.4,220.25
161,611.8,203.47058823529412
168,638.4,204.1
180,684,216.98
160,608,194.10526315789474
163,619.4,197.38095238095238
176,668.8,216
177,672.6,196.44642857142858
179,680.1999999999999,206.76923076923077
176,668.8,224.02173913043478
158,600.4,177.6
167,634.6,192.52083333333334
173,657.4,193.64285714285714
162,615.6,196.5681818181818
148,562.4,170.78125
171,649.8,202.11363636363637
167,634.6,203
182,691.6,224
168,638.4,218.08695652173913
163,619.4,201.02777777777777
167,634.6,197.11764705882354
171,649.8,197.265625
160,608,198.02777777777777
161,611.8,171.28571428571428
172,653.6,260.1666666666667
175,665,231.94117647058823
157,596.6,180.12
173,657.4,201.88
171,649.8,195.92307692307693
163,619.4,217.32142857142856
157,596.6,191
172,653.6,216.44444444444446
161,611.8,203.02272727272728
169,642.1999999999999,197.17391304347825
161,611.8,199.11764705882354
160,608,181.78
169,642.1999999999999,213.23684210526315
166,630.8,202.75
173,657.4,198.1304347826087
166,630.8,210.23684210526315
187,710.6,221.24074074074073
179,680.1999999999999,227.6578947368421
167,634.6,213.28571428571428
167,634.6,220.77777777777777
168,638.4,203.28
176,668.8,288.6666666666667
165,627,219.32142857142856
173,657.4,213.11111111111111
168,638.4,204.0263157894737
169,642.1999999999999,203.38095238095238
173,657.4,223.38095238095238
162,615.6,213.04166666666666
174,661.1999999999999,212.0952380952381
160,608,194.38095238095238
178,676.4,234.94117647058823
171,649.8,264.6333333333333
159,604.1999999999999,195.1
178,676.4,199.1206896551724
166,630.8,210.18
156,592.8,194.02777777777777
157,596.6,177.02083333333334
167,634.6,215.4
175,665,225.94736842105263
172,653.6,208.21428571428572
171,649.8,191.94230769230768
172,653.6,204
164,623.1999999999999,192.9
166,630.8,206
164,623.1999999999999,198.5681818181818
174,661.1999999999999,205.11363636363637
162,615.6,205.2
159,604.1999999999999,197.53333333333333
172,653.6,218.69444444444446
175,665,217.025
166,630.8,192.27272727272728
160,608,181.025
161,611.8,199.11764705882354
172,653.6,199.8409090909091
177,672.6,225.6578947368421
170,646,219.44117647058823
173,657.4,232.11363636363637
162,615.6,189.52380952380952
156,592.8,196.26470588235293
172,653.6,191.44642857142858
176,668.8,200
166,630.8,213.05882352941177
167,634.6,196.16666666666666
179,680.1999999999999,235.54347826086956
182,691.6,218.75
166,630.8,200.225
175,665,199.53225806451613
165,627,193.44444444444446
176,668.8,202.27272727272728
162,615.6,185.27272727272728
176,668.8,225.44117647058823
171,649.8,200.45454545454544
168,638.4,210.78125
164,623.1999999999999,182
169,642.1999999999999,196
188,714.4,220.26666666666665
158,600.4,173.01785714285714
143,543.4,173.03571428571428
149,566.1999999999999,166.78947368421052
158,600.4,190.11111111111111
169,642.1999999999999,213.44444444444446
161,611.8,187.32692307692307
179,680.1999999999999,239.025
171,649.8,199.16666666666666
151,573.8,181.03571428571428
176,668.8,224.21428571428572
167,634.6,207.02380952380952
179,680.1999999999999,240.92857142857144
167,634.6,186.22
180,684,233.77777777777777
176,668.8,196.41666666666666
173,657.4,205.8181818181818
165,627,182.30769230769232
166,630.8,233.84615384615384
168,638.4,204.36363636363637
175,665,215.19565217391306
172,653.6,204.8181818181818
171,649.8,207.1
169,642.1999999999999,203.38095238095238
156,592.8,184.26470588235293
166,630.8,196.11764705882354
172,653.6,218.0952380952381
165,627,199.38095238095238
158,600.4,177.44642857142858
173,657.4,206.62
176,668.8,240
163,619.4,187.025
161,611.8,190.16666666666666
160,608,181.78
168,638.4,215.53125
170,646,227.14285714285714
164,623.1999999999999,177.06666666666666
169,642.1999999999999,184.68
161,611.8,197
169,642.1999999999999,200.6875
159,604.1999999999999,209
171,649.8,191.94230769230768
166,630.8,212.42105263157896
175,665,198.12
170,646,195.6
174,661.1999999999999,207.9230769230769
170,646,212.025
170,646,188.48076923076923
172,653.6,200.88
177,672.6,207.76923076923077
171,649.8,205.7826086956522
157,596.6,178.8409090909091
168,638.4,231.28125
170,646,212.25
168,638.4,200.8181818181818
169,642.1999999999999,187.66666666666666
162,615.6,186.38095238095238
169,642.1999999999999,241
177,672.6,212.02083333333334
186,706.8,224.0952380952381
171,649.8,191.94230769230768
167,634.6,207.0909090909091
158,600.4,177.6
158,600.4,202
167,634.6,194.76923076923077
163,619.4,180.30769230769232
171,649.8,207.1
145,551,206.25
176,668.8,222.02083333333334
163,619.4,201.02777777777777
167,634.6,201.10526315789474
171,649.8,199.88
170,646,206.0263157894737
156,592.8,174
167,634.6,199.8181818181818
170,646,198.17391304347825
167,634.6,201.5681818181818
163,619.4,189.47058823529412
162,615.6,216.38235294117646
174,661.1999999999999,216.47058823529412
157,596.6,195
184,699.1999999999999,255.1578947368421
166,630.8,200.225
167,634.6,209.25
168,638.4,201.06521739130434
175,665,231.25
170,646,208
147,558.6,173.03571428571428
174,661.1999999999999,214.02380952380952
166,630.8,190.73529411764707
180,684,211.11363636363637
167,634.6,216
168,638.4,208.11111111111111
172,653.6,222.625
170,646,195.1304347826087
161,611.8,186.92857142857142
169,642.1999999999999,249.03333333333333
173,657.4,205
165,627,196.11363636363637
178,676.4,230.9
168,638.4,200.5952380952381
167,634.6,198.11363636363637
165,627,267.72222222222223
174,661.1999999999999,195.78
161,611.8,228.84615384615384
172,653.6,200.52083333333334
177,672.6,225.0909090909091
183,695.4,213.76923076923077
185,703,218.9230769230769
166,630.8,199.06521739130434
174,661.1999999999999,194.8913043478261
171,649.8,213.025
161,611.8,199
155,589,182.225
169,642.1999999999999,197.52083333333334
174,661.1999999999999,229.125
162,615.6,192.25
175,665,189.5
167,634.6,191.5
162,615.6,210.21428571428572
158,600.4,196.28125
167,634.6,243.4090909090909
156,592.8,168.56896551724137
174,661.1999999999999,203.45454545454544
156,592.8,203.53125
169,642.1999999999999,207.53333333333333
171,649.8,202.3913043478261
157,596.6,193.3
159,604.1999999999999,172.02083333333334
177,672.6,202.78571428571428
178,676.4,220.08695652173913
166,630.8,193.225
178,676.4,251.63333333333333
169,642.1999999999999,211.02272727272728
158,600.4,176.2826086956522
180,684,210.08333333333334
167,634.6,209.02272727272728
163,619.4,209.225
169,642.1999999999999,213.73529411764707
163,619.4,193.42000000000002
160,608,189.16666666666666
174,661.1999999999999,203.45454545454544
161,611.8,184.68421052631578
174,661.1999999999999,202.52083333333334
166,630.8,196.42105263157896
177,672.6,223.02272727272728
171,649.8,200.25
175,665,197.81666666666666
175,665,211.0263157894737
181,687.8,219
180,684,226.0952380952381
174,661.1999999999999,199.35185185185185
171,649.8,232.36111111111111
164,623.1999999999999,213
178,676.4,235.78125
157,596.6,193
158,600.4,205.05882352941177
170,646,203.33333333333334
179,680.1999999999999,232.28947368421052
174,661.1999999999999,216
174,661.1999999999999,222.0909090909091
176,668.8,232.94117647058823
179,680.1999999999999,206
163,619.4,210.53125
170,646,204.10526315789474
171,649.8,194.67391304347825
168,638.4,190.6875
152,577.6,192.0263157894737
176,668.8,249.52941176470588
168,638.4,208.0909090909091
157,596.6,180.27272727272728
156,592.8,194.02777777777777
163,619.4,184.8409090909091
172,653.6,212.11111111111111
179,680.1999999999999,212.33333333333334
152,577.6,174.5
166,630.8,184.48076923076923
165,627,205.26470588235293
177,672.6,231.34782608695653
165,627,197.23684210526315
172,653.6,228.03333333333333
178,676.4,211.06521739130434
174,661.1999999999999,235.45454545454544
173,657.4,211.025
149,566.1999999999999,177.26470588235293
167,634.6,217.94736842105263
170,646,221.36111111111111
162,615.6,211
169,642.1999999999999,229.03571428571428
179,680.1999999999999,203.89655172413794
165,627,186.78
172,653.6,210.0952380952381
164,623.1999999999999,224.5
161,611.8,208.53125
171,649.8,223.9
161,611.8,234.5
146,554.8,194.89285714285714
173,657.4,217
176,668.8,239.28125
166,630.8,188.23076923076923
181,687.8,225.18
162,615.6,183.78
165,627,197
174,661.1999999999999,200.6304347826087
169,642.1999999999999,201.5952380952381
167,634.6,193.94736842105263
166,630.8,187.78
155,589,187.03333333333333
172,653.6,228.94117647058823
173,657.4,199.6304347826087
164,623.1999999999999,194
174,661.1999999999999,222.21428571428572
160,608,183.27272727272728
179,680.1999999999999,223.23684210526315
162,615.6,181.18421052631578
159,604.1999999999999,192.33333333333334
175,665,219
156,592.8,193.5
173,657.4,200
172,653.6,233.63333333333333
162,615.6,225
167,634.6,209.02272727272728
161,611.8,183.26086956521738
178,676.4,247.14285714285714
159,604.1999999999999,193.10526315789474
171,649.8,226.125
175,665,227.53125
171,649.8,198.52380952380952
166,630.8,213.05882352941177
166,630.8,200.5681818181818
160,608,196
168,638.4,195.225
172,653.6,244
166,630.8,199.62
168,638.4,198.08333333333334
167,634.6,199.23684210526315
180,684,214.7826086956522
173,657.4,205.5952380952381
174,661.1999999999999,201.16071428571428
172,653.6,202.25
182,691.6,226.08333333333334
177,672.6,202.92857142857142
170,646,201.6875
171,649.8,211.11111111111111
160,608,196.3
167,634.6,190.12
163,619.4,201.02777777777777
171,649.8,209.34782608695653
167,634.6,209.25
165,627,184.56521739130434
168,638.4,190.6875
183,695.4,237.5681818181818
173,657.4,215.25
169,642.1999999999999,209.26470588235293
174,661.1999999999999,218.02173913043478
179,680.1999999999999,198.44642857142858
171,649.8,193.26086956521738
170,646,199.76086956521738
159,604.1999999999999,181.5
174,661.1999999999999,225.57142857142856
174,661.1999999999999,201.38
173,657.4,205.4
169,642.1999999999999,205.0263157894737
163,619.4,191.26470588235293
168,638.4,219.88235294117646
177,672.6,213.21428571428572
169,642.1999999999999,187.28571428571428
164,623.1999999999999,190.47058823529412
164,623.1999999999999,183.44642857142858
179,680.1999999999999,208.62962962962962
175,665,215.0263157894737
162,615.6,179.30769230769232
161,611.8,201.5
151,573.8,176.28947368421052
165,627,195.42105263157896
173,657.4,193.45454545454544
164,623.1999999999999,188.89655172413794
167,634.6,218.88235294117646
170,646,197.8409090909091
174,661.1999999999999,237.28125
179,680.1999999999999,229.02083333333334
166,630.8,211.63333333333333
168,638.4,200.23684210526315
175,665,207.23684210526315
176,668.8,201.92000000000002
151,573.8,177.69444444444446
158,600.4,200.10526315789474
157,596.6,187.85714285714286
147,558.6,173.94736842105263
175,665,206.8793103448276
161,611.8,191.08333333333334
160,608,198.11764705882354
164,623.1999999999999,200
166,630.8,186.16666666666666
164,623.1999999999999,189.92857142857142
164,623.1999999999999,217.33333333333334
165,627,193.17391304347825
184,699.1999999999999,214.42000000000002
154,585.1999999999999,180.47058823529412
154,585.1999999999999,182.9
179,680.1999999999999,214.85185185185185
162,615.6,202.0263157894737
165,627,205.26470588235293
176,668.8,224.6578947368421
157,596.6,195.02777777777777
171,649.8,185.01666666666668
174,661.1999999999999,220.225
168,638.4,241.5
159,604.1999999999999,189.11764705882354
166,630.8,194.17391304347825
172,653.6,235.28125
162,615.6,196.225
174,661.1999999999999,216
149,566.1999999999999,218.13636363636363
178,676.4,213.28
160,608,192.8181818181818
171,649.8,215
166,630.8,190
171,649.8,196
170,646,205.28
163,619.4,189.32692307692307
166,630.8,210.44444444444446
167,634.6,187.8913043478261
167,634.6,201.13333333333333
172,653.6,206.225
169,642.1999999999999,193.025
176,668.8,214.34782608695653
182,691.6,213.11363636363637
175,665,203.57142857142858
163,619.4,185.6851851851852
168,638.4,200.8181818181818
158,600.4,180.88095238095238
173,657.4,222
183,695.4,209.32692307692307
165,627,195.85714285714286
169,642.1999999999999,213.23684210526315
156,592.8,199.2
176,668.8,216
150,570,168.75
167,634.6,205.0952380952381
175,665,215.0263157894737
154,585.1999999999999,178.38095238095238
168,638.4,212.23684210526315
168,638.4,212.08333333333334
164,623.1999999999999,213.44117647058823
159,604.1999999999999,195.1
171,649.8,227.25
175,665,207.5952380952381
174,661.1999999999999,212.20454545454544
171,649.8,211.11111111111111
157,596.6,174.52083333333334
161,611.8,179
167,634.6,203.21428571428572
178,676.4,212.7826086956522
164,623.1999999999999,197.62
174,661.1999999999999,210.54347826086956
156,592.8,190.10526315789474
183,695.4,229.02083333333334
169,642.1999999999999,209.02380952380952
167,634.6,228.36111111111111
158,600.4,187.16666666666666
167,634.6,199.02941176470588
180,684,226.07999999999998
174,661.1999999999999,205.6875
173,657.4,192.9310344827586
165,627,193.52083333333334
161,611.8,182.8409090909091
182,691.6,230.4
166,630.8,191.6
159,604.1999999999999,201.10526315789474
158,600.4,174.82
170,646,189.22
174,661.1999999999999,187.140625
177,672.6,193.07142857142858
173,657.4,206.06521739130434
154,585.1999999999999,179.28947368421052
181,687.8,237.8181818181818
166,630.8,213.53125
170,646,216.42105263157896
171,649.8,213.10526315789474
179,680.1999999999999,209.42000000000002
168,638.4,196.9
172,653.6,202.85714285714286
153,581.4,194.28571428571428
160,608,206.28571428571428
174,661.1999999999999,210.21428571428572
179,680.1999999999999,207.01666666666665
169,642.1999999999999,217.4
176,668.8,224.6578947368421
180,684,215.02083333333334
165,627,191.6304347826087
166,630.8,182.66666666666666
160,608,187.225
169,642.1999999999999,177.53225806451613
171,649.8,232.36111111111111
158,600.4,190.02941176470588
158,600.4,186.44444444444446
160,608,181.8409090909091
176,668.8,224.0909090909091
166,630.8,196.42105263157896
162,615.6,184.6875
174,661.1999999999999,208.38095238095238
169,642.1999999999999,193.92307692307693
160,608,185.6
154,585.1999999999999,197.6818181818182
177,672.6,203.74074074074073
165,627,215.94736842105263
177,672.6,223
163,619.4,193.03125
179,680.1999999999999,248.44444444444446
167,634.6,201.5681818181818
176,668.8,260.375
159,604.1999999999999,203.1
158,600.4,198.26470588235293
174,661.1999999999999,218.02173913043478
167,634.6,183.07142857142858
169,642.1999999999999,213
168,638.4,215.05882352941177
171,649.8,224.28947368421052
168,638.4,216.21428571428572
165,627,218.33333333333334
172,653.6,212.02380952380952
175,665,231.25
168,638.4,193.6
174,661.1999999999999,212.025
178,676.4,207.16666666666666
147,558.6,165.225
154,585.1999999999999,194.11111111111111
152,577.6,164.51851851851853
173,657.4,201.88
167,634.6,191.5
172,653.6,200.88
157,596.6,193
182,691.6,228.225
168,638.4,210.10526315789474
162,615.6,200.11764705882354
171,649.8,189.96296296296296
171,649.8,207.1
167,634.6,203.125
152,577.6,182.42105263157896
182,691.6,244.23529411764707
169,642.1999999999999,207.025
168,638.4,192.38095238095238
166,630.8,200.03125
163,619.4,195.23684210526315
163,619.4,233.04166666666669
175,665,221
164,623.1999999999999,200.96153846153845
178,676.4,198.90322580645162
165,627,228
171,649.8,189.77586206896552
146,554.8,162.0952380952381
172,653.6,216.1
165,627,216.36111111111111
167,634.6,193.27272727272728
175,665,219.44444444444446
158,600.4,210.9
169,642.1999999999999,215.69444444444446
173,657.4,199.32692307692307
172,653.6,201.25
164,623.1999999999999,248.375
164,623.1999999999999,192.26470588235293
165,627,211
174,661.1999999999999,210.125
175,665,194.56521739130434
161,611.8,185.38095238095238
175,665,200.78571428571428
158,600.4,194.125
174,661.1999999999999,214.0263157894737
153,581.4,182.16666666666666
157,596.6,203.28571428571428
167,634.6,205.02777777777777
164,623.1999999999999,228.97058823529412
170,646,201.11363636363637
173,657.4,205.02941176470588
173,657.4,215.025
169,642.1999999999999,201.5952380952381
162,615.6,206.73529411764707
169,642.1999999999999,222.28947368421052
164,623.1999999999999,185.8409090909091
176,668.8,218.025
160,608,194.5681818181818
167,634.6,207.26470588235293
176,668.8,197.33333333333334
173,657.4,201.88
176,668.8,228.9
184,699.1999999999999,219.85185185185185
167,634.6,209.10526315789474
163,619.4,187.38095238095238
181,687.8,228.05882352941177
171,649.8,221
161,611.8,186.92857142857142
166,630.8,191.92000000000002
159,604.1999999999999,199.5
178,676.4,222.02380952380952
171,649.8,196.92000000000002
168,638.4,191.55769230769232
167,634.6,188.33333333333334
174,661.1999999999999,212.52083333333334
179,680.1999999999999,230.88235294117646
160,608,196.1
169,642.1999999999999,249.03333333333333
163,619.4,180.04347826086956
170,646,206.36363636363637
181,687.8,223.66666666666666
172,653.6,208.75
163,619.4,195.4
164,623.1999999999999,189.92857142857142
176,668.8,214.20454545454544
179,680.1999999999999,229.02083333333334
174,661.1999999999999,208.5681818181818
171,649.8,193.88095238095238
172,653.6,204.66666666666666
168,638.4,200
162,615.6,184.26086956521738
172,653.6,208.21428571428572
171,649.8,209.72
182,691.6,202.74242424242425
170,646,200.85714285714286
173,657.4,203.08333333333334
177,672.6,227
173,657.4,201.16666666666666
178,676.4,220.25
164,623.1999999999999,202
161,611.8,201.11111111111111
180,684,220.0909090909091
173,657.4,195.3448275862069
159,604.1999999999999,200.28571428571428
173,657.4,194.6
174,661.1999999999999,198.5
170,646,210.02380952380952
173,657.4,207.38095238095238
171,649.8,204.06521739130434
171,649.8,217.02272727272728
163,619.4,210.53125
166,630.8,215.44117647058823
176,668.8,214.20454545454544
168,638.4,196.52083333333334
173,657.4,203.76923076923077
167,634.6,205.0952380952381
172,653.6,185.51724137931035
180,684,210.85714285714286
172,653.6,199.38
174,661.1999999999999,197.67391304347825
169,642.1999999999999,196.38
149,566.1999999999999,181.14285714285714
174,661.1999999999999,231.14285714285714
170,646,200.85714285714286
172,653.6,190.48076923076923
166,630.8,208.47058823529412
159,604.1999999999999,193.38095238095238
157,596.6,193.1
180,684,212.8181818181818
166,630.8,210.44444444444446
163,619.4,213.94736842105263
172,653.6,196.5
162,615.6,184.5
165,627,192
178,676.4,214.75
162,615.6,196.38095238095238
154,585.1999999999999,190
167,634.6,184.16071428571428
165,627,194.16666666666666
164,623.1999999999999,185.42857142857142
179,680.1999999999999,221.1875
178,676.4,233.225
166,630.8,202.75
167,634.6,192.6
171,649.8,219.21428571428572
167,634.6,243.4090909090909
162,615.6,190.44444444444446
174,661.1999999999999,216.25
166,630.8,211.63333333333333
162,615.6,232.53333333333333
161,611.8,193.11111111111111
160,608,194.03125
180,684,206.66666666666666
174,661.1999999999999,210.98
167,634.6,193.74074074074073
176,668.8,224.4
166,630.8,183.7962962962963
173,657.4,200.16071428571428
171,649.8,183.51851851851853
151,573.8,181.03571428571428
170,646,228.1315789473684
164,623.1999999999999,186.26086956521738
171,649.8,201.25
164,623.1999999999999,227
165,627,188.55769230769232
153,581.4,206.33333333333334
162,615.6,198
178,676.4,230.08333333333334
175,665,252.8846153846154
170,646,202.14285714285714
169,642.1999999999999,196
177,672.6,206.62962962962962
169,642.1999999999999,189.48
183,695.4,213.42000000000002
160,608,188.9
170,646,223.77777777777777
162,615.6,185.68421052631578
161,611.8,186.6
170,646,194.92307692307693
163,619.4,183.25
167,634.6,199.23684210526315
173,657.4,209.98
185,703,218.9230769230769
164,623.1999999999999,193.45454545454544
164,623.1999999999999,204.02380952380952
158,600.4,174.07142857142858
184,699.1999999999999,211.38
169,642.1999999999999,192.67391304347825
169,642.1999999999999,242.5
172,653.6,200.6578947368421
150,570,208.9090909090909
176,668.8,216.33333333333334
158,600.4,190.4
166,630.8,196.625
179,680.1999999999999,213.24074074074073
156,592.8,200.23684210526315
172,653.6,220.13333333333333
168,638.4,198.85714285714286
161,611.8,190.45454545454544
165,627,189.025
156,592.8,182.47058823529412
183,695.4,219.75
169,642.1999999999999,197.88
147,558.6,239.04545454545456
167,634.6,203.0263157894737
170,646,203.9230769230769
160,608,189.45454545454544
168,638.4,196.9
163,619.4,192.16666666666666
161,611.8,176.07692307692307
178,676.4,207.25
171,649.8,230.52380952380952
164,623.1999999999999,202
161,611.8,207.42105263157896
171,649.8,205.7826086956522
165,627,186.78
157,596.6,212.53846153846155
179,680.1999999999999,209.42000000000002
180,684,228.21428571428572
167,634.6,197.76923076923077
177,672.6,211.57142857142856
170,646,219.44117647058823
178,676.4,205.8409090909091
170,646,198.57142857142858
165,627,201.3
162,615.6,188.6304347826087
163,619.4,234.1153846153846
168,638.4,202.5681818181818
176,668.8,203.76923076923077
167,634.6,187.02083333333334
168,638.4,204.54347826086956
180,684,208.16666666666666
162,615.6,194.5952380952381
160,608,206.54545454545456
168,638.4,225.78125
172,653.6,216.73529411764707
157,596.6,182.28947368421052
173,657.4,211
182,691.6,211.62962962962962
174,661.1999999999999,210.36363636363637
169,642.1999999999999,261.0416666666667
164,623.1999999999999,198.225
162,615.6,213.57142857142856
180,684,204.08333333333334
162,615.6,181.44642857142858
189,718.1999999999999,228.44642857142856
175,665,202.52380952380952
176,668.8,206.01785714285714
156,592.8,188.8181818181818
173,657.4,240.5
175,665,200.92000000000002
167,634.6,200.9230769230769
174,661.1999999999999,214
167,634.6,216.44117647058823
168,638.4,223.125
155,589,174.11363636363637
161,611.8,201.02380952380952
173,657.4,217.1
169,642.1999999999999,194.92000000000002
166,630.8,215.44117647058823
172,653.6,198.74074074074073
162,615.6,198
173,657.4,217.02380952380952
173,657.4,198.35185185185185
163,619.4,210.53125
182,691.6,207.52083333333334
165,627,214.44117647058823
175,665,215.5
184,699.1999999999999,214.08333333333334
172,653.6,241.44444444444446
171,649.8,203.4
170,646,202.4
176,668.8,206.42000000000002
166,630.8,187.33333333333334
170,646,227.78125
165,627,205.19565217391306
181,687.8,211.08333333333334
178,676.4,207.16666666666666
166,630.8,233.84615384615384
170,646,195.92857142857142
159,604.1999999999999,199.02380952380952
158,600.4,207.5
175,665,204.76086956521738
171,649.8,224.77777777777777
185,703,218.3793103448276
164,623.1999999999999,200
169,642.1999999999999,205.36363636363637
179,680.1999999999999,211.3269230769231
161,611.8,199.28125
165,627,203.11764705882354
169,642.1999999999999,187.75
154,585.1999999999999,186.11111111111111
169,642.1999999999999,217.4
152,577.6,168.5681818181818
162,615.6,206.23684210526315
178,676.4,228.94736842105263
166,630.8,192.6304347826087
166,630.8,200.225
163,619.4,206.75
164,623.1999999999999,202.11764705882354
151,573.8,185.6153846153846
169,642.1999999999999,189.02083333333334
164,623.1999999999999,216.5952380952381
165,627,198.33333333333334
180,684,239.52380952380952
171,649.8,229.8
163,619.4,203.83333333333334
164,623.1999999999999,194.625
180,684,229.44117647058823
164,623.1999999999999,204.04166666666666
171,649.8,199.17391304347825
156,592.8,202.69444444444446
178,676.4,222.02380952380952
159,604.1999999999999,186.8409090909091
167,634.6,188.8409090909091
170,646,220
162,615.6,188.69444444444446
160,608,185.92857142857142
164,623.1999999999999,244
170,646,224.38235294117646
159,604.1999999999999,206.1153846153846
179,680.1999999999999,217.52083333333334
171,649.8,191.48
175,665,214.1851851851852
166,630.8,227.25
172,653.6,196.025
163,619.4,217
179,680.1999999999999,221.10526315789474
173,657.4,230.6
165,627,193.6578947368421
175,665,204.16666666666666
165,627,191.32692307692307
163,619.4,223.5
166,630.8,220.32142857142856
159,604.1999999999999,191.02941176470588
171,649.8,226.68421052631578
170,646,208.025
168,638.4,213.63333333333333
177,672.6,209.8181818181818
163,619.4,187.38095238095238
162,615.6,180.77777777777777
177,672.6,193
152,577.6,166.01923076923077
161,611.8,188
160,608,190.375
157,596.6,204.05882352941177
167,634.6,183.01666666666665
173,657.4,215.10526315789474
164,623.1999999999999,192.17391304347825
170,646,202.8181818181818
167,634.6,216.44117647058823
189,718.1999999999999,214.78571428571428
155,589,173.2826086956522
172,653.6,205.33333333333334
163,619.4,207.02380952380952
180,684,200.41666666666666
167,634.6,191.75
173,657.4,195.36764705882354
166,630.8,225.55882352941177
178,676.4,239.63333333333333
163,619.4,205.47058823529412
167,634.6,201
163,619.4,201.28125
174,661.1999999999999,247.92105263157896
170,646,208.11764705882354
166,630.8,202.02941176470588
162,615.6,200.11764705882354
185,703,229
165,627,186.78
156,592.8,190
165,627,222.14285714285714
169,642.1999999999999,195.6304347826087
168,638.4,206.02777777777777
166,630.8,196.08333333333334
179,680.1999999999999,209.76923076923077
172,653.6,201.25
176,668.8,208.8181818181818
173,657.4,215.10526315789474
174,661.1999999999999,235.63333333333333
172,653.6,206.57142857142856
164,623.1999999999999,194.85714285714286
170,646,194.75
166,630.8,200.7826086956522
173,657.4,206.06521739130434
170,646,198.88
164,623.1999999999999,200.54347826086956
168,638.4,225.78125
161,611.8,207.28571428571428
172,653.6,208.36363636363637
182,691.6,226.1
164,623.1999999999999,195.3913043478261
163,619.4,205.10526315789474
174,661.1999999999999,210
158,600.4,192.03125
170,646,196.27272727272728
166,630.8,206.26470588235293
181,687.8,217.54347826086956
177,672.6,199.3448275862069
175,665,221.225
169,642.1999999999999,211.10526315789474
157,596.6,181.73529411764707
159,604.1999999999999,185.94736842105263
164,623.1999999999999,202.025
166,630.8,189.67391304347825
169,642.1999999999999,205.98
177,672.6,211.24074074074073
168,638.4,193.92000000000002
176,668.8,227.36111111111111
165,627,199.38095238095238
163,619.4,188.92857142857142
181,687.8,201.90322580645162
165,627,197.02941176470588
161,611.8,211.625
172,653.6,195.12
171,649.8,213.25
152,577.6,177.92857142857142
168,638.4,192.06666666666666
170,646,192.26086956521738
171,649.8,203.5952380952381
167,634.6,201.225
170,646,222.53125
180,684,197.56451612903226
177,672.6,258.38461538461536
164,623.1999999999999,222.9090909090909
169,642.1999999999999,185.82
166,630.8,206
158,600.4,190.11111111111111
164,623.1999999999999,190.27272727272728
174,661.1999999999999,214.0909090909091
170,646,224.38235294117646
170,646,215.125
173,657.4,234.63333333333333
163,619.4,189.94736842105263
175,665,215.0909090909091
171,649.8,213.025
155,589,181.27272727272728
168,638.4,215.05882352941177
172,653.6,204.3269230769231
168,638.4,191.12
175,665,221.69444444444446
159,604.1999999999999,206.1153846153846
168,638.4,196.26470588235293
156,592.8,182.47058823529412
175,665,219.1
161,611.8,195.38095238095238
178,676.4,220.08695652173913
168,638.4,190.6851851851852
160,608,173.0909090909091
170,646,231.36111111111111
183,695.4,193.05128205128204
157,596.6,199.47058823529412
163,619.4,195.11111111111111
169,642.1999999999999,200.11363636363637
177,672.6,230.77777777777777
170,646,200.625
188,714.4,228.9074074074074
162,615.6,196.38095238095238
164,623.1999999999999,200.21428571428572
184,699.1999999999999,231.53125
163,619.4,195.23684210526315
156,592.8,174.2826086956522
176,668.8,208.8181818181818
167,634.6,237.61764705882354
165,627,193.9
169,642.1999999999999,217.4
177,672.6,229.9
166,630.8,209.75
160,608,182.78125
162,615.6,213.57142857142856
173,657.4,209.21428571428572
164,623.1999999999999,208.73529411764707
178,676.4,206.57142857142858
149,566.1999999999999,194.375
169,642.1999999999999,209.19565217391306
179,680.1999999999999,204.92000000000002
159,604.1999999999999,186
168,638.4,232.97058823529412
173,657.4,196.14285714285714
166,630.8,204.025
149,566.1999999999999,207.5
162,615.6,190.9
176,668.8,244.44736842105263
168,638.4,210
159,604.1999999999999,199.0263157894737
172,653.6,208.21428571428572
165,627,179.5
172,653.6,216.23684210526315
172,653.6,210.34782608695653
163,619.4,195.02941176470588
168,638.4,208.26470588235293
166,630.8,189.12
159,604.1999999999999,193.02777777777777
164,623.1999999999999,193.45454545454544
170,646,219
173,657.4,206.33333333333334
168,638.4,204.0263157894737
185,703,210.35
154,585.1999999999999,174.25
172,653.6,210.20454545454544
166,630.8,194.6578947368421
167,634.6,207.0263157894737
168,638.4,214.42105263157896
158,600.4,223.63636363636363
175,665,221.0952380952381
165,627,189.73529411764707
171,649.8,215.44444444444446
171,649.8,213.78125
175,665,233.77777777777777
162,615.6,196
172,653.6,214.02272727272728
175,665,197.26086956521738
174,661.1999999999999,222.21428571428572
171,649.8,198.8409090909091
164,623.1999999999999,200.02941176470588
170,646,192.6851851851852
160,608,192
167,634.6,199.5952380952381
168,638.4,225.6
159,604.1999999999999,174.57407407407408
165,627,195.08333333333334
156,592.8,171.625
174,661.1999999999999,216
174,661.1999999999999,201.8409090909091
165,627,215
178,676.4,206.01666666666665
165,627,201.02941176470588
150,570,188.53333333333333
166,630.8,206.0263157894737
158,600.4,192.10526315789474
159,604.1999999999999,189.25
166,630.8,195.45454545454544
169,642.1999999999999,192.68421052631578
173,657.4,229.03333333333333
173,657.4,213.02380952380952
165,627,221.25
172,653.6,231.55882352941177
168,638.4,224.03333333333333
167,634.6,198.11363636363637
166,630.8,202.54347826086956
158,600.4,180.88095238095238
166,630.8,217.36111111111111
166,630.8,186.02083333333334
172,653.6,223.36111111111111
155,589,170.36363636363637
170,646,214.23684210526315
161,611.8,186.6
174,661.1999999999999,237.28125
166,630.8,185.69230769230768
173,657.4,220.05882352941177
174,661.1999999999999,220.42105263157896
168,638.4,226.1315789473684
160,608,178.96296296296296
151,573.8,185.03125
167,634.6,193.27272727272728
181,687.8,233.5952380952381
172,653.6,190.48076923076923
180,684,198.48076923076923
170,646,204.38095238095238
166,630.8,192.6304347826087
171,649.8,197.32692307692307
163,619.4,195.5952380952381
174,661.1999999999999,208
163,619.4,193.03125
177,672.6,207.08333333333334
169,642.1999999999999,205
169,642.1999999999999,201.23684210526315
163,619.4,205.10526315789474
168,638.4,201.06521739130434
161,611.8,216.6818181818182
176,668.8,216
164,623.1999999999999,211.53125
169,642.1999999999999,195.27272727272728
174,661.1999999999999,214.19565217391306
160,608,222.22727272727272
170,646,232.23529411764707
172,653.6,214.10526315789474
173,657.4,200.76923076923077
152,577.6,188.125
163,619.4,197
168,638.4,212.23684210526315
179,680.1999999999999,240.36111111111111
164,623.1999999999999,198.10526315789474
174,661.1999999999999,218.02380952380952
161,611.8,188.76923076923077
176,668.8,201.35185185185185
175,665,225
165,627,187.88095238095238
167,634.6,195.44444444444446
166,630.8,193.76923076923077
165,627,210.125
164,623.1999999999999,198.10526315789474
166,630.8,194.9
171,649.8,215.02380952380952
178,676.4,219.66666666666666
170,646,206.54347826086956
171,649.8,193.6875
168,638.4,218.94736842105263
178,676.4,216.34782608695653
163,619.4,235.32142857142856
171,649.8,231.5
177,672.6,225.6578947368421
171,649.8,196.35
170,646,202.23684210526315
181,687.8,229.4
176,668.8,210.38095238095238
168,638.4,200.5952380952381
176,668.8,204.88
173,657.4,207.225
176,668.8,232.25
175,665,221.225
170,646,220.625
170,646,190.94230769230768
155,589,203.89285714285714
174,661.1999999999999,214.02380952380952
159,604.1999999999999,189.42105263157896
167,634.6,205.025
170,646,239.03125
165,627,184.56521739130434
151,573.8,170.53125
165,627,201.02941176470588
168,638.4,192.44642857142858
175,665,211.54347826086956
173,657.4,217.23684210526315
172,653.6,204.5952380952381
185,703,245.6315789473684
173,657.4,207.10526315789474
167,634.6,216.44117647058823
168,638.4,198.08333333333334
157,596.6,176.88235294117646
169,642.1999999999999,215.42105263157896
179,680.1999999999999,207.88
169,642.1999999999999,194.1304347826087
171,649.8,205.38095238095238
165,627,203.0952380952381
171,649.8,196.52083333333334
169,642.1999999999999,215.42105263157896
182,691.6,224
169,642.1999999999999,245.8
174,661.1999999999999,216.32
169,642.1999999999999,209
164,623.1999999999999,180.17307692307693
178,676.4,238.025
173,657.4,197.38095238095238
169,642.1999999999999,219
173,657.4,191.77586206896552
176,668.8,218.25
148,562.4,182
163,619.4,191.9
174,661.1999999999999,208.7826086956522
172,653.6,202.42000000000002
158,600.4,186.88
170,646,186.17307692307693
164,623.1999999999999,208
161,611.8,233.72727272727275
170,646,212.47058823529412
161,611.8,184.27272727272728
174,661.1999999999999,195.1206896551724
164,623.1999999999999,192.17391304347825
175,665,225.625
157,596.6,188.11363636363637
162,615.6,198.21428571428572
170,646,191.42857142857142
172,653.6,202.08333333333334
166,630.8,204
164,623.1999999999999,196.23684210526315
170,646,217.05882352941177
175,665,204.25
181,687.8,206.92000000000002
167,634.6,198.3913043478261
170,646,188.15
158,600.4,213.53846153846155
168,638.4,195.76923076923077
166,630.8,204.02777777777777
169,642.1999999999999,223
172,653.6,197.52083333333334
180,684,233.77777777777777
170,646,230.5
160,608,185
160,608,175.625
175,665,189
172,653.6,202.42000000000002
168,638.4,188.45454545454544
165,627,220.53846153846155
157,596.6,197.11111111111111
181,687.8,254.92105263157896
161,611.8,176.84782608695653
169,642.1999999999999,188.69230769230768
181,687.8,218.5
168,638.4,202.38095238095238
157,596.6,214.04166666666666
169,642.1999999999999,200.11363636363637
172,653.6,206.38095238095238
148,562.4,188.04166666666666
172,653.6,204.8181818181818
160,608,174.51851851851853
169,642.1999999999999,213.44444444444446
153,581.4,210.04166666666666
165,627,201.36363636363637
140,532,170.375
166,630.8,200
160,608,204.73529411764707
173,657.4,217
151,573.8,174.67391304347825
169,642.1999999999999,215.225
185,703,221.54347826086956
179,680.1999999999999,215.21428571428572
171,649.8,209.0952380952381
161,611.8,189.26470588235293
173,657.4,207.02777777777777
175,665,196.1206896551724
155,589,179.5
167,634.6,218.88235294117646
181,687.8,233.36363636363637
152,577.6,196.73529411764707
164,623.1999999999999,192.9
168,638.4,203.55769230769232
151,573.8,175.38095238095238
169,642.1999999999999,229.03571428571428
177,672.6,219.02272727272728
172,653.6,228.25
164,623.1999999999999,204
169,642.1999999999999,202.06521739130434
166,630.8,198.23684210526315
173,657.4,217.02380952380952
170,646,195.6
166,630.8,214.6578947368421
180,684,224.02380952380952
165,627,181.5681818181818
176,668.8,207.3913043478261
180,684,218.34782608695653
161,611.8,203.08695652173913
169,642.1999999999999,209.11111111111111
183,695.4,233.38095238095238
158,600.4,224.03571428571428
164,623.1999999999999,190.27272727272728
168,638.4,243.57142857142856
157,596.6,185.6578947368421
170,646,208.02777777777777
163,619.4,199
176,668.8,205.62962962962962
174,661.1999999999999,216.02272727272728
179,680.1999999999999,217.34782608695653
167,634.6,199.8181818181818
165,627,209.44444444444446
146,554.8,174.16666666666666
164,623.1999999999999,214.7
167,634.6,190.67391304347825
167,634.6,187.16666666666666
166,630.8,208.47058823529412
179,680.1999999999999,231.19565217391306
154,585.1999999999999,171.36111111111111
178,676.4,206.52083333333334
158,600.4,206.89285714285714
181,687.8,235.34782608695653
165,627,189.38095238095238
175,665,203.16666666666666
164,623.1999999999999,188.75
169,642.1999999999999,230.36111111111111
166,630.8,211.125
175,665,199.025
156,592.8,192.3
159,604.1999999999999,191
170,646,202.8181818181818
165,627,203
173,657.4,217.73529411764707
158,600.4,185.8409090909091
176,668.8,218.47058823529412
168,638.4,210.08695652173913
175,665,238.28125
165,627,207.025
170,646,212.25
167,634.6,224.78125
160,608,190.25
172,653.6,219.53125
171,649.8,186.01785714285714
174,661.1999999999999,214.02380952380952
169,642.1999999999999,215.0952380952381
183,695.4,218.85185185185185
162,615.6,192.625
163,619.4,197.10526315789474
176,668.8,203.38
166,630.8,183.52083333333334
151,573.8,193.25
177,672.6,213.36363636363637
178,676.4,226.4
174,661.1999999999999,212.34782608695653
171,649.8,189.66666666666666
180,684,222.08695652173913
162,615.6,187.6
178,676.4,218
177,672.6,227.94736842105263
156,592.8,173.04347826086956
165,627,207.78125
160,608,194.13333333333333
171,649.8,209
158,600.4,188.625
171,649.8,197.74074074074073
172,653.6,203.6875
173,657.4,222.44117647058823
178,676.4,226.4
168,638.4,192.025
167,634.6,233.125
167,634.6,196.16666666666666
180,684,201.40740740740742
180,684,224.18
164,623.1999999999999,211.1153846153846
165,627,185.02083333333334
181,687.8,225.23684210526315
179,680.1999999999999,216.23076923076923
166,630.8,195.45454545454544
165,627,209.73529411764707
174,661.1999999999999,206
161,611.8,191.25
161,611.8,195.02777777777777
171,649.8,213.78125
162,615.6,188.6304347826087
158,600.4,198.02380952380952
155,589,184.16666666666666
155,589,185.42105263157896
182,691.6,210.4516129032258
160,608,187
167,634.6,209.10526315789474
162,615.6,211.84615384615384
154,585.1999999999999,214.03571428571428
164,623.1999999999999,212.6578947368421
180,684,212.26666666666665
166,630.8,186.45454545454544
180,684,218.20454545454544
152,577.6,171.6
177,672.6,217.02380952380952
175,665,219.02380952380952
177,672.6,246.03125
180,684,226.42105263157896
170,646,191.025
179,680.1999999999999,225.02272727272728
161,611.8,197.125
166,630.8,192.27272727272728
170,646,196.6304347826087
155,589,191.125
172,653.6,209.23076923076923
172,653.6,186.01666666666668
165,627,197.8181818181818
161,611.8,191.03125
162,615.6,179.52083333333334
155,589,185.25
155,589,181.69444444444446
166,630.8,191.1304347826087
161,611.8,201.83333333333334
158,600.4,203.63333333333333
174,661.1999999999999,208.225
166,630.8,218.53125
169,642.1999999999999,211.25
165,627,197.5952380952381
169,642.1999999999999,196.52380952380952
166,630.8,202.36363636363637
149,566.1999999999999,225.4090909090909
166,630.8,204
176,668.8,200.5
167,634.6,186.9310344827586
159,604.1999999999999,199.83333333333334
169,642.1999999999999,234.025
162,615.6,184.88095238095238
167,634.6,203.1
164,623.1999999999999,184.02380952380952
167,634.6,196.76086956521738
165,627,203.34782608695653
180,684,249.03125
167,634.6,207.0263157894737
171,649.8,231.5
166,630.8,188.26086956521738
171,649.8,213.08695652173913
173,657.4,213
168,638.4,212.1
159,604.1999999999999,195.21428571428572
166,630.8,202.21428571428572
157,596.6,187.42105263157896
166,630.8,180.88095238095238
163,619.4,220.14285714285714
173,657.4,196.60344827586206
157,596.6,205.13333333333333
167,634.6,203.0263157894737
176,668.8,210.38095238095238
168,638.4,190.1315789473684
184,699.1999999999999,217.01785714285714
162,615.6,200.02777777777777
168,638.4,210.78125
183,695.4,231.6578947368421
171,649.8,203.5952380952381
162,615.6,192.625
171,649.8,198.225
169,642.1999999999999,197.17391304347825
156,592.8,196.5
163,619.4,199.02941176470588
177,672.6,243.69444444444446
157,596.6,176.11363636363637
161,611.8,186.1304347826087
164,623.1999999999999,200
162,615.6,186.5
164,623.1999999999999,200.21428571428572
169,642.1999999999999,195.6304347826087
169,642.1999999999999,196
155,589,209.45
170,646,197.16071428571428
175,665,233.1315789473684
165,627,197.23684210526315
160,608,179.44642857142858
165,627,212.05882352941177
169,642.1999999999999,199.25
163,619.4,208.63333333333333
178,676.4,216.02777777777777
160,608,230.04166666666669
172,653.6,193.8409090909091
159,604.1999999999999,191.11111111111111
170,646,219.44117647058823
156,592.8,194.53333333333333
165,627,203.02777777777777
171,649.8,217.0952380952381
164,623.1999999999999,200.02941176470588
173,657.4,199.32692307692307
172,653.6,214.08695652173913
169,642.1999999999999,201.11111111111111
172,653.6,188.5
178,676.4,224.225
168,638.4,244.8
161,611.8,186.1304347826087
178,676.4,232.85714285714286
158,600.4,186.125
162,615.6,196.13333333333333
168,638.4,199.11363636363637
173,657.4,197.08333333333334
172,653.6,204.8181818181818
173,657.4,211.52083333333334
155,589,182.52380952380952
173,657.4,207.5681818181818
169,642.1999999999999,189.16666666666666
168,638.4,182.51851851851853
169,642.1999999999999,209.02380952380952
175,665,213.20454545454544
172,653.6,200.52083333333334
164,623.1999999999999,200.1
162,615.6,186.38095238095238
169,642.1999999999999,211.47058823529412
183,695.4,237.85714285714286
165,627,194.16666666666666
169,642.1999999999999,194.92857142857142
165,627,201.1
176,668.8,220.1
176,668.8,223.05882352941177
164,623.1999999999999,194.42105263157896
176,668.8,192.66666666666666
163,619.4,195.23684210526315
158,600.4,188.625
169,642.1999999999999,194.52083333333334
169,642.1999999999999,188.9310344827586
175,665,204.76086956521738
157,596.6,197.11111111111111
170,646,190.8913043478261
167,634.6,197.625
161,611.8,184.12
171,649.8,215.73529411764707
166,630.8,213.53125
169,642.1999999999999,207
173,657.4,209
175,665,201.74074074074073
172,653.6,208.0263157894737
162,615.6,196.225
167,634.6,231.53333333333333
169,642.1999999999999,205.36363636363637
157,596.6,185.6578947368421
164,623.1999999999999,225.63333333333333
164,623.1999999999999,213
160,608,198.11764705882354
164,623.1999999999999,191.38
176,668.8,214.72
167,634.6,211.44444444444446
165,627,188.12
166,630.8,197.11363636363637
170,646,206.02941176470588
181,687.8,216.55769230769232
166,630.8,213.05882352941177
175,665,203.88
147,558.6,163.9
174,661.1999999999999,197.12
170,646,218.6578947368421
165,627,193.9
169,642.1999999999999,192.14285714285714
165,627,249.375
176,668.8,225
172,653.6,239.5
157,596.6,185.17391304347825
164,623.1999999999999,207.75
166,630.8,199.33333333333334
173,657.4,236.28125
165,627,211.42105263157896
159,604.1999999999999,180.025
166,630.8,215.84615384615384
166,630.8,193.52380952380952
173,657.4,204.11363636363637
173,657.4,209.1
162,615.6,194
152,577.6,166.08333333333334
166,630.8,241.57142857142856
170,646,197
179,680.1999999999999,200.6
170,646,193.27272727272728
160,608,184.38095238095238
168,638.4,198.11764705882354
179,680.1999999999999,223.44444444444446
167,634.6,197.76923076923077
167,634.6,199.8181818181818
168,638.4,185.35714285714286
160,608,186.27272727272728
177,672.6,234.16666666666666
166,630.8,258.0416666666667
159,604.1999999999999,232.63333333333333
182,691.6,215.01785714285714
155,589,187.02941176470588
169,642.1999999999999,203.38095238095238
172,653.6,201.76086956521738
162,615.6,188.69444444444446
174,661.1999999999999,245.1153846153846
167,634.6,219.5952380952381
175,665,204.16666666666666
157,596.6,202.125
177,672.6,221
159,604.1999999999999,183.38095238095238
160,608,194
162,615.6,196.02777777777777
169,642.1999999999999,198.16666666666666
168,638.4,196.9
172,653.6,212.02380952380952
167,634.6,193.94736842105263
169,642.1999999999999,187.48076923076923
152,577.6,175.36111111111111
158,600.4,194.02941176470588
158,600.4,192.03125
165,627,211.42105263157896
158,600.4,183.28947368421052
167,634.6,209.025
174,661.1999999999999,210.48275862068965
170,646,224.38235294117646
175,665,204.76086956521738
166,630.8,204
165,627,211.69444444444446
150,570,164.88095238095238
170,646,198.9
157,596.6,193.02941176470588
167,634.6,184.7962962962963
172,653.6,205.06521739130434
178,676.4,247.14285714285714
165,627,182.04347826086956
181,687.8,199.77586206896552
158,600.4,220.22727272727272
171,649.8,191.64285714285714
164,623.1999999999999,186.23076923076923
184,699.1999999999999,277.6333333333333
172,653.6,206.24074074074073
160,608,186.6304347826087
168,638.4,196.9
171,649.8,196.92000000000002
160,608,189.16666666666666
155,589,195.0263157894737
168,638.4,199.3913043478261
168,638.4,195
161,611.8,187.6304347826087
166,630.8,200.10526315789474
165,627,193.52083333333334
165,627,195.25
178,676.4,206.88
172,653.6,222
176,668.8,206.42000000000002
167,634.6,213
155,589,251.1818181818182
166,630.8,206
164,623.1999999999999,194.625
166,630.8,181.51724137931035
172,653.6,230.1315789473684
172,653.6,192.94230769230768
172,653.6,220.21428571428572
160,608,192.23684210526315
170,646,201.11363636363637
179,680.1999999999999,217.0952380952381
183,695.4,225.02272727272728
175,665,221.42105263157896
173,657.4,236.18421052631578
168,638.4,188.25
163,619.4,203.0263157894737
168,638.4,186.48076923076923
166,630.8,191.78571428571428
172,653.6,238.125
181,687.8,215.91379310344828
174,661.1999999999999,216.02272727272728
178,676.4,216.52083333333334
163,619.4,205
186,706.8,226.33333333333334
163,619.4,192.45454545454544
174,661.1999999999999,208.5681818181818
173,657.4,207.7826086956522
151,573.8,179.44444444444446
157,596.6,207.7
161,611.8,191.25
163,619.4,190.8409090909091
165,627,205.0263157894737
161,611.8,209.16666666666666
159,604.1999999999999,170.52
170,646,204.38095238095238
163,619.4,186.12
159,604.1999999999999,212.33333333333334
170,646,214.73529411764707
169,642.1999999999999,191.6851851851852
166,630.8,187.42857142857142
154,585.1999999999999,176.5
179,680.1999999999999,207.52083333333334
162,615.6,204
171,649.8,218.05882352941177
150,570,204.32142857142856
171,649.8,187.33333333333334
181,687.8,221
172,653.6,212.5
179,680.1999999999999,217.72
170,646,212.08695652173913
167,634.6,199.23684210526315
186,706.8,219.01785714285714
166,630.8,216
160,608,182.6875
169,642.1999999999999,207
176,668.8,208.3269230769231
168,638.4,228.5
173,657.4,198.1304347826087
183,695.4,223.0909090909091
173,657.4,221.4
155,589,177.5
174,661.1999999999999,230.25
174,661.1999999999999,207.06521739130434
172,653.6,214
168,638.4,225.78125
176,668.8,216.11111111111111
174,661.1999999999999,218.73529411764707
173,657.4,192.11363636363637
169,642.1999999999999,191.6875
169,642.1999999999999,213.02380952380952
169,642.1999999999999,209.69230769230768
172,653.6,212.26470588235293
168,638.4,208
166,630.8,193.58620689655172
181,687.8,235.85714285714286
161,611.8,189.17391304347825
168,638.4,201.33333333333334
167,634.6,197.625
171,649.8,192.40740740740742
163,619.4,185.88095238095238
169,642.1999999999999,191.26086956521738
177,672.6,209.66666666666666
174,661.1999999999999,212.025
166,630.8,211.125
167,634.6,207.0263157894737
170,646,201.11363636363637
168,638.4,230.22727272727272
181,687.8,215.24074074074073
180,684,224.02380952380952
171,649.8,195
170,646,216.0952380952381
170,646,214.02380952380952
178,676.4,200.36764705882354
171,649.8,196.1304347826087
165,627,195.625
192,729.5999999999999,238.1730769230769
169,642.1999999999999,203.5681818181818
176,668.8,205.16666666666666
157,596.6,189.11111111111111
162,615.6,202.26470588235293
171,649.8,198.58620689655172
151,573.8,170.18421052631578
165,627,189.08333333333334
165,627,207.47058823529412
170,646,183.01785714285714
177,672.6,202.80645161290323
168,638.4,208.11111111111111
166,630.8,246.1818181818182
161,611.8,253.34615384615384
172,653.6,201.16666666666666
158,600.4,183.92857142857142
164,623.1999999999999,204.02380952380952
149,566.1999999999999,178.45454545454544
183,695.4,229.0952380952381
170,646,206.54347826086956
170,646,210.11111111111111
169,642.1999999999999,211.25
185,703,223.52083333333334
164,623.1999999999999,192.44444444444446
181,687.8,216.55769230769232
170,646,196.6304347826087
158,600.4,175.30769230769232
163,619.4,190
153,581.4,187.32142857142856
172,653.6,200.6578947368421
170,646,192.26086956521738
175,665,217.025
174,661.1999999999999,192.96296296296296
169,642.1999999999999,199.08333333333334
161,611.8,182.8409090909091
158,600.4,178.6315789473684
176,668.8,218.08695652173913
161,611.8,185.025
166,630.8,197.3913043478261
156,592.8,196.26470588235293
175,665,213.20454545454544
163,619.4,188.92857142857142
170,646,210.0909090909091
155,589,185.625
150,570,164.4
165,627,236.1153846153846
176,668.8,212.54347826086956
176,668.8,204.16666666666666
175,665,219.73529411764707
164,623.1999999999999,200.0263157894737
171,649.8,246.03125
153,581.4,201.89285714285714
160,608,190.625
156,592.8,201.63333333333333
176,668.8,212.21428571428572
156,592.8,182.27272727272728
162,615.6,180.2826086956522
168,638.4,198.625
162,615.6,205.75
161,611.8,199
166,630.8,195.45454545454544
165,627,195.08333333333334
171,649.8,198.16071428571428
156,592.8,198.025
156,592.8,184.9
158,600.4,180.26086956521738
165,627,188.27272727272728
166,630.8,196.42000000000002
174,661.1999999999999,193.26666666666665
163,619.4,199.1
167,634.6,197.01785714285714
166,630.8,188.26086956521738
163,619.4,192.76086956521738
177,672.6,225.0909090909091
153,581.4,168.36363636363637
171,649.8,198.52380952380952
164,623.1999999999999,208.02380952380952
171,649.8,201.42105263157896
175,665,209.38095238095238
156,592.8,180.025
166,630.8,193.52380952380952
160,608,194.10526315789474
174,661.1999999999999,210.21428571428572
165,627,201.3
168,638.4,199.11363636363637
172,653.6,214.025
177,672.6,198.875
171,649.8,219.6578947368421
167,634.6,196.16666666666666
169,642.1999999999999,225.25
174,661.1999999999999,214.0263157894737
164,623.1999999999999,184.8913043478261
156,592.8,200.73529411764707
158,600.4,227.14285714285714
167,634.6,181.5
171,649.8,217.42105263157896
158,600.4,216.5
167,634.6,205.02777777777777
175,665,200.92000000000002
168,638.4,206.025
173,657.4,203.01785714285714
175,665,213.025
181,687.8,233.08333333333334
170,646,255.75
167,634.6,205
167,634.6,196.16666666666666
165,627,196.11363636363637
165,627,217.9
168,638.4,204.21428571428572
163,619.4,201.28125
166,630.8,206.5
165,627,205.0909090909091
155,589,203.89285714285714
181,687.8,209.16666666666666
160,608,198.02777777777777
164,623.1999999999999,192.9
172,653.6,199.76923076923077
162,615.6,198.0263157894737
158,600.4,213.125
166,630.8,202.54347826086956
169,642.1999999999999,205.0263157894737
168,638.4,197.76086956521738
161,611.8,199.11764705882354
160,608,190.42105263157896
157,596.6,214.14285714285714
165,627,217.54545454545456
182,691.6,226.02173913043478
166,630.8,256.1333333333333
152,577.6,212.16666666666666
163,619.4,215.5952380952381
173,657.4,203.08333333333334
173,657.4,237.65384615384616
179,680.1999999999999,227.4
171,649.8,202.11363636363637
157,596.6,193
182,691.6,214
170,646,200.42105263157896
161,611.8,175.88095238095238
151,573.8,175.73529411764707
164,623.1999999999999,211.05882352941177
166,630.8,215
175,665,200.6
170,646,224.32142857142856
174,661.1999999999999,194.8913043478261
171,649.8,205.38095238095238
171,649.8,222.36111111111111
174,661.1999999999999,214.0263157894737
171,649.8,204.06521739130434
159,604.1999999999999,223.65384615384616
166,630.8,193.52380952380952
178,676.4,216.0952380952381
164,623.1999999999999,227
181,687.8,209.16666666666666
161,611.8,227.125
163,619.4,177.5
169,642.1999999999999,203.10526315789474
176,668.8,230.85714285714286
160,608,173.5
159,604.1999999999999,188.16666666666666
161,611.8,203.10526315789474
157,596.6,182.92857142857142
168,638.4,183.57407407407408
173,657.4,202.45454545454544
167,634.6,198.11363636363637
157,596.6,184.8409090909091
157,596.6,203.28571428571428
173,657.4,209.21428571428572
173,657.4,207.5681818181818
173,657.4,231.5
174,661.1999999999999,230.94117647058823
169,642.1999999999999,197.44444444444446
177,672.6,205.16666666666666
167,634.6,207.11111111111111
161,611.8,199.025
184,699.1999999999999,245.36111111111111
167,634.6,197.08333333333334
178,676.4,205.38
165,627,188.68421052631578
169,642.1999999999999,197.88
170,646,223.77777777777777
161,611.8,174.58695652173913
174,661.1999999999999,203.76086956521738
163,619.4,187.08333333333334
163,619.4,186.68421052631578
162,615.6,186.38095238095238
178,676.4,206.9
176,668.8,216.33333333333334
168,638.4,196.9
173,657.4,221.0909090909091
179,680.1999999999999,206.38
162,615.6,207.125
183,695.4,242.11363636363637
170,646,223.77777777777777
174,661.1999999999999,206.8181818181818
165,627,220.125
152,577.6,200.13333333333333
177,672.6,233.94117647058823
162,615.6,177.84782608695653
175,665,211.1
168,638.4,193.6
161,611.8,191.42105263157896
165,627,220.68421052631578
178,676.4,218.19565217391306
162,615.6,198.1
166,630.8,191.52083333333334
157,596.6,177.02380952380952
152,577.6,194.25
171,649.8,213.02272727272728
162,615.6,188.69444444444446
162,615.6,235.52941176470588
159,604.1999999999999,235.4090909090909
165,627,185.64285714285714
164,623.1999999999999,194.42105263157896
166,630.8,194.26470588235293
175,665,225.625
158,600.4,192
170,646,206.1
166,630.8,192.69444444444446
168,638.4,208.19565217391306
146,554.8,184.89285714285714
164,623.1999999999999,214
158,600.4,207
174,661.1999999999999,199.92857142857142
177,672.6,231.85714285714286
162,615.6,207.125
157,596.6,210.28947368421052
171,649.8,213
159,604.1999999999999,184.6
164,623.1999999999999,208.1
175,665,224.44117647058823
161,611.8,191.85714285714286
166,630.8,196.08333333333334
173,657.4,211.72
175,665,233.8
171,649.8,198
171,649.8,223.53125
177,672.6,199.6875
171,649.8,213.25
176,668.8,210.5681818181818
165,627,187.26086956521738
175,665,215.11111111111111
172,653.6,202.08333333333334
160,608,236.05555555555554
173,657.4,219.69444444444446
167,634.6,213.42105263157896
165,627,195.08333333333334
166,630.8,219.33333333333334
169,642.1999999999999,199.42105263157896
174,661.1999999999999,222.4
167,634.6,207.11111111111111
168,638.4,228.5
152,577.6,180.6578947368421
166,630.8,189.05882352941177
171,649.8,219.4
158,600.4,209.57142857142856
170,646,212
158,600.4,178.8913043478261
174,661.1999999999999,192.15
162,615.6,200.53333333333333
161,611.8,201
166,630.8,249.33333333333331
172,653.6,227.68421052631578
165,627,201
167,634.6,227.5
169,642.1999999999999,226.78125
157,596.6,189
168,638.4,212.1
152,577.6,173.42857142857142
166,630.8,221.53846153846155
173,657.4,205.8181818181818
163,619.4,188.28947368421052
166,630.8,191.28947368421052
181,687.8,215.38095238095238
161,611.8,195.02777777777777
156,592.8,181.92857142857142
161,611.8,189.6578947368421
182,691.6,224
156,592.8,192.21428571428572
163,619.4,219.25
170,646,201.11363636363637
169,642.1999999999999,201.8181818181818
168,638.4,197.16666666666666
144,547.1999999999999,159.84782608695653
177,672.6,203.6304347826087
159,604.1999999999999,205.02272727272728
187,710.6,220.9230769230769
162,615.6,215.77777777777777
165,627,220.53846153846155
170,646,212
169,642.1999999999999,199.76923076923077
168,638.4,195
169,642.1999999999999,199.08333333333334
161,611.8,185.92307692307693
164,623.1999999999999,206
175,665,196.78
178,676.4,211.33333333333334
163,619.4,208.375
159,604.1999999999999,197.11764705882354
157,596.6,191.225
177,672.6,225.6578947368421
175,665,223.0909090909091
158,600.4,196.11764705882354
161,611.8,181.8913043478261
173,657.4,194.6
165,627,199.38095238095238
175,665,200.52083333333334
170,646,206.0263157894737
166,630.8,202.21428571428572
183,695.4,234.36111111111111
171,649.8,236.78947368421052
161,611.8,189.88
159,604.1999999999999,191.4
174,661.1999999999999,200.6304347826087
169,642.1999999999999,213.73529411764707
179,680.1999999999999,223.08333333333334
174,661.1999999999999,201
172,653.6,210.20454545454544
158,600.4,200.47058823529412
168,638.4,198.625
178,676.4,218.19565217391306
179,680.1999999999999,211.8181818181818
168,638.4,235.84615384615384
170,646,194.75
157,596.6,184.225
174,661.1999999999999,258.96153846153845
168,638.4,206.28125
173,657.4,209.1
177,672.6,205.57142857142858
180,684,224
168,638.4,210.02272727272728
171,649.8,184.140625
168,638.4,194.27272727272728
173,657.4,206.3793103448276
166,630.8,190.08333333333334
172,653.6,195.14285714285714
158,600.4,189.11363636363637
167,634.6,194.52380952380952
167,634.6,218.36111111111111
165,627,237
172,653.6,194.26086956521738
157,596.6,175.75
163,619.4,196.33333333333334
158,600.4,180.5
161,611.8,205.73529411764707
166,630.8,189.27272727272728
166,630.8,208.25
183,695.4,235.9
166,630.8,216.7
159,604.1999999999999,186.225
163,619.4,193.42105263157896
167,634.6,213.28571428571428
165,627,216.36111111111111
178,676.4,218.11111111111111
189,718.1999999999999,217.57142857142858
171,649.8,221.94736842105263
182,691.6,210.890625
171,649.8,191.41666666666666
159,604.1999999999999,197.02777777777777
153,581.4,183
165,627,221.25
169,642.1999999999999,197.88
175,665,195.74242424242425
168,638.4,204.0263157894737
157,596.6,191.03125
167,634.6,189.26086956521738
175,665,198.12
168,638.4,214.225
175,665,225
177,672.6,208.6875
162,615.6,196.03125
183,695.4,244.45454545454544
170,646,208.025
161,611.8,201.83333333333334
170,646,208.34782608695653
165,627,214
165,627,207.025
160,608,180.6315789473684
166,630.8,206.02380952380952
159,604.1999999999999,197.0952380952381
157,596.6,179.5
158,600.4,182.5
178,676.4,211.06521739130434
159,604.1999999999999,197.11764705882354
165,627,225.03571428571428
163,619.4,193.85714285714286
152,577.6,168.5681818181818
178,676.4,208.01785714285714
166,630.8,200.38095238095238
160,608,178
169,642.1999999999999,211.47058823529412
178,676.4,228.02083333333334
164,623.1999999999999,202
184,699.1999999999999,210.74074074074073
176,668.8,207.11363636363637
174,661.1999999999999,225.88235294117646
176,668.8,193.16071428571428
167,634.6,194.8409090909091
165,627,188.27272727272728
170,646,210.11111111111111
168,638.4,212.1
157,596.6,203.28571428571428
165,627,209.23684210526315
165,627,189.38095238095238
172,653.6,189.06666666666666
164,623.1999999999999,189.92857142857142
166,630.8,194.16666666666666
149,566.1999999999999,185.21428571428572
169,642.1999999999999,192.67391304347825
177,672.6,229.5952380952381
158,600.4,194.02941176470588
164,623.1999999999999,200.0263157894737
180,684,209.25
168,638.4,190.6875
179,680.1999999999999,231.9
172,653.6,204.3269230769231
163,619.4,191.9
156,592.8,188.4
163,619.4,193.625
153,581.4,189.125
175,665,245.61764705882354
165,627,231.03571428571428
168,638.4,198.625
168,638.4,223.68421052631578
158,600.4,188.03571428571428
159,604.1999999999999,205.28571428571428
172,653.6,212.02380952380952
160,608,192.02941176470588
174,661.1999999999999,201.58620689655172
181,687.8,225.44444444444446
178,676.4,220.025
173,657.4,205.4
165,627,212.05882352941177
169,642.1999999999999,207
189,718.1999999999999,226.78571428571428
162,615.6,209.05882352941177
154,585.1999999999999,173.6
141,535.8,204
162,615.6,225.375
165,627,180.1875
159,604.1999999999999,228.13636363636363
170,646,216.42105263157896
168,638.4,210.78125
175,665,211
175,665,210.28
173,657.4,199.6304347826087
169,642.1999999999999,197.44444444444446
163,619.4,183.8913043478261
166,630.8,200.38095238095238
174,661.1999999999999,208.10526315789474
167,634.6,209.10526315789474
181,687.8,216.28
183,695.4,221.94230769230768
168,638.4,202.225
171,649.8,230.55882352941177
143,543.4,190.05882352941177
169,642.1999999999999,200.11363636363637
176,668.8,212.54347826086956
170,646,203.06521739130434
171,649.8,205.5681818181818
171,649.8,189.48076923076923
176,668.8,229.33333333333334
165,627,211.42105263157896
166,630.8,210.44444444444446
162,615.6,242.1818181818182
162,615.6,187.28947368421052
172,653.6,204.5952380952381
177,672.6,221.02173913043478
166,630.8,208.47058823529412
175,665,213.0952380952381
175,665,209.38095238095238
172,653.6,206.10526315789474
166,630.8,204.02777777777777
170,646,185.51724137931035
166,630.8,200.03125
174,661.1999999999999,204.08333333333334
178,676.4,241.28125
168,638.4,206
173,657.4,219.42105263157896
165,627,231.03571428571428
172,653.6,254.28571428571428
171,649.8,217.0952380952381
170,646,206
157,596.6,193.54347826086956
164,623.1999999999999,196.4
178,676.4,214.36363636363637
180,684,201.1206896551724
174,661.1999999999999,214.5
165,627,207.025
170,646,202.02941176470588
173,657.4,215
179,680.1999999999999,231.5952380952381
168,638.4,196.9
166,630.8,185.6
163,619.4,228.63636363636363
168,638.4,184.17307692307693
164,623.1999999999999,193.76086956521738
165,627,197.5952380952381
172,653.6,214.025
161,611.8,191.25
171,649.8,193.23076923076923
172,653.6,218.42105263157896
172,653.6,214.02272727272728
171,649.8,205.10526315789474
156,592.8,194.02777777777777
169,642.1999999999999,190.78
182,691.6,214.5952380952381
177,672.6,211.38095238095238
172,653.6,221.84615384615384
174,661.1999999999999,224.94736842105263
168,638.4,222.38235294117646
169,642.1999999999999,205.1
160,608,194.03125
171,649.8,229.1315789473684
157,596.6,187.85714285714286
149,566.1999999999999,194.63333333333333
175,665,219.1
185,703,223.52083333333334
184,699.1999999999999,236.5952380952381
156,592.8,186.11764705882354
166,630.8,200.10526315789474
179,680.1999999999999,223.02173913043478
174,661.1999999999999,223
162,615.6,190.26470588235293
168,638.4,210.025
165,627,219.38235294117646
172,653.6,198.6304347826087
169,642.1999999999999,180.16071428571428
181,687.8,236.68421052631578
176,668.8,272.1818181818182
170,646,214.73529411764707
171,649.8,220
170,646,206.1
166,630.8,183.015625
145,551,166.125
169,642.1999999999999,201.4
157,596.6,184.225
162,615.6,192.42105263157896
180,684,246.125
179,680.1999999999999,213.5681818181818
171,649.8,207
160,608,193.06521739130434
152,577.6,198.28571428571428
168,638.4,215.05882352941177
165,627,186.33333333333334
165,627,190.1304347826087
176,668.8,246.04166666666669
171,649.8,215.23684210526315
163,619.4,189.6304347826087
171,649.8,206.55769230769232
161,611.8,197
172,653.6,208.48275862068965
173,657.4,224.88235294117646
170,646,190.45454545454544
177,672.6,226
166,630.8,196.08333333333334
169,642.1999999999999,231.23529411764707
167,634.6,197.625
172,653.6,193.025
166,630.8,184.2826086956522
175,665,215.11111111111111
177,672.6,230.77777777777777
174,661.1999999999999,234.6315789473684
157,596.6,175.225
180,684,207.16071428571428
169,642.1999999999999,197.6578947368421
166,630.8,198.02941176470588
175,665,200.35
167,634.6,201.38095238095238
170,646,213.10344827586206
158,600.4,179.8409090909091
171,649.8,259.61538461538464
174,661.1999999999999,216
173,657.4,200.38
174,661.1999999999999,209.02083333333334
158,600.4,186.125
167,634.6,197.42105263157896
169,642.1999999999999,190.025
162,615.6,226.97058823529412
160,608,182.23076923076923
168,638.4,195
166,630.8,206.0263157894737
179,680.1999999999999,214.02083333333334
165,627,181.5681818181818
168,638.4,181.51724137931035
165,627,189.92307692307693
169,642.1999999999999,225.94117647058823
166,630.8,204.0952380952381
164,623.1999999999999,197.06521739130434
162,615.6,200.28125
156,592.8,180.75
172,653.6,200.9
165,627,215
173,657.4,204.12962962962962
181,687.8,216.28
172,653.6,207.02083333333334
175,665,234.55882352941177
170,646,225.125
162,615.6,210.6578947368421
166,630.8,230.97058823529412
167,634.6,209.47058823529412
171,649.8,201.25
177,672.6,249.25
168,638.4,202
182,691.6,228.0952380952381
170,646,216.225
167,634.6,186.69230769230768
170,646,231.53846153846155
174,661.1999999999999,226.53125
161,611.8,186.92857142857142
174,661.1999999999999,212.72
162,615.6,182.8913043478261
173,657.4,231.77777777777777
174,661.1999999999999,202.16666666666666
162,615.6,200.28125
178,676.4,210
163,619.4,186.12
177,672.6,227.7
176,668.8,214.0952380952381
170,646,214.02173913043478
161,611.8,179.96296296296296
167,634.6,196.45454545454544
174,661.1999999999999,190.51612903225805
158,600.4,198.11111111111111
172,653.6,214.47058823529412
181,687.8,219.52083333333334
153,581.4,189.02941176470588
155,589,185.25
156,592.8,213.78125
161,611.8,204.2
158,600.4,192
159,604.1999999999999,183.38095238095238
162,615.6,186.5
167,634.6,196.76086956521738
167,634.6,197.625
172,653.6,220.0909090909091
160,608,172.5
166,630.8,198.11111111111111
170,646,218.6578947368421
174,661.1999999999999,206.3269230769231
166,630.8,218.53125
166,630.8,185.22
180,684,209.62962962962962
154,585.1999999999999,176.1315789473684
171,649.8,196.52083333333334
159,604.1999999999999,184.6
173,657.4,217.1
173,657.4,217.02380952380952
164,623.1999999999999,210.28571428571428
168,638.4,204.0263157894737
185,703,229.02173913043478
171,649.8,204.62
169,642.1999999999999,211.08695652173913
175,665,202.16071428571428
163,619.4,203.02380952380952
164,623.1999999999999,221.78125
173,657.4,210.78571428571428
163,619.4,183.94230769230768
168,638.4,190.88095238095238
152,577.6,212.5
173,657.4,190.52083333333334
185,703,218.75
167,634.6,197.85714285714286
167,634.6,214.53125
172,653.6,200.17391304347825
165,627,203.02777777777777
174,661.1999999999999,206.8181818181818
172,653.6,201.16666666666666
165,627,209.73529411764707
171,649.8,197.6304347826087
171,649.8,209.02777777777777
168,638.4,210.47058823529412
166,630.8,185.22
164,623.1999999999999,202.72
161,611.8,186.52083333333334
164,623.1999999999999,192.125
171,649.8,204.62
164,623.1999999999999,196.23684210526315
165,627,211.69444444444446
161,611.8,230.14285714285714
169,642.1999999999999,215.02083333333334
169,642.1999999999999,193.44642857142858
159,604.1999999999999,197.11764705882354
168,638.4,196.57142857142858
165,627,181.66666666666666
174,661.1999999999999,244.53333333333333
181,687.8,231.94736842105263
161,611.8,181.8913043478261
180,684,242.5
164,623.1999999999999,196.8181818181818
160,608,202.47058823529412
170,646,228.77777777777777
170,646,216.225
169,642.1999999999999,207.0952380952381
166,630.8,198.8181818181818
151,573.8,185.02777777777777
165,627,188.12
175,665,200.1304347826087
160,608,209.44117647058823
154,585.1999999999999,184.85714285714286
164,623.1999999999999,206.47058823529412
153,581.4,177.3
168,638.4,217
168,638.4,201.06521739130434
174,661.1999999999999,204.01785714285714
178,676.4,212.10526315789474
167,634.6,194.8409090909091
181,687.8,225
174,661.1999999999999,194.94230769230768
177,672.6,201.5
163,619.4,188.52083333333334
167,634.6,197.08333333333334
168,638.4,208.11111111111111
178,676.4,218.02380952380952
169,642.1999999999999,187.48076923076923
176,668.8,220.46153846153845
169,642.1999999999999,188.26666666666665
158,600.4,221.375
169,642.1999999999999,225.25
167,634.6,205.025
170,646,202
161,611.8,197.21428571428572
163,619.4,203.02380952380952
155,589,199.73529411764707
177,672.6,217.19565217391306
168,638.4,198.85714285714286
165,627,203.20454545454544
164,623.1999999999999,187.27272727272728
163,619.4,182.11363636363637
163,619.4,203.5
170,646,266
166,630.8,212.42105263157896
169,642.1999999999999,211.25
170,646,216.69444444444446
169,642.1999999999999,194.92000000000002
169,642.1999999999999,209
176,668.8,202.22413793103448
176,668.8,193.7962962962963
160,608,196.75
159,604.1999999999999,218.55882352941177
160,608,202.25
176,668.8,211.85185185185185
165,627,196.11363636363637
172,653.6,226.85714285714286
178,676.4,231.77777777777777
152,577.6,201.84615384615384
174,661.1999999999999,207.3793103448276
158,600.4,176.48076923076923
175,665,201.32692307692307
169,642.1999999999999,207.02777777777777
165,627,201
165,627,195.625
175,665,209.38095238095238
165,627,211.225
174,661.1999999999999,216.02272727272728
170,646,226.94117647058823
160,608,200.5
170,646,217.05882352941177
173,657.4,191.6451612903226
176,668.8,205.4
172,653.6,210.02777777777777
176,668.8,201.35185185185185
160,608,186.03571428571428
165,627,197.3269230769231
165,627,209.44444444444446
173,657.4,219.0952380952381
183,695.4,211.57142857142858
167,634.6,217.94736842105263
170,646,204.7826086956522
163,619.4,205.47058823529412
157,596.6,187.25
164,623.1999999999999,205.8846153846154
172,653.6,205.33333333333334
184,699.1999999999999,244.025
153,581.4,189.3
172,653.6,201.45454545454544
166,630.8,195.16666666666666
176,668.8,226
171,649.8,193.3448275862069
180,684,215.28
178,676.4,204.27272727272728
171,649.8,227.94117647058823
152,577.6,180.44444444444446
175,665,205.08333333333334
179,680.1999999999999,221
163,619.4,188
170,646,219
156,592.8,185.16666666666666
174,661.1999999999999,193.26666666666665
179,680.1999999999999,213.5681818181818
162,615.6,196
170,646,210.26470588235293
165,627,197.11111111111111
171,649.8,201.08333333333334
170,646,200.42105263157896
189,718.1999999999999,225.54347826086956
181,687.8,212.3913043478261
167,634.6,207.02380952380952
163,619.4,217.32142857142856
181,687.8,227.02272727272728
176,668.8,231.68421052631578
172,653.6,190.77777777777777
181,687.8,227.02083333333334
178,676.4,200.26086956521738
169,642.1999999999999,191.23076923076923
154,585.1999999999999,186.5952380952381
168,638.4,200.11111111111111
170,646,200.85714285714286
169,642.1999999999999,211
161,611.8,195.02777777777777
174,661.1999999999999,197.67391304347825
170,646,215.125
177,672.6,223.69444444444446
160,608,203.75
180,684,230.625
174,661.1999999999999,210.54347826086956
173,657.4,203.85714285714286
167,634.6,207.0263157894737
162,615.6,209.53125
175,665,225
160,608,196
167,634.6,203.125
168,638.4,221.77777777777777
170,646,204.38095238095238
162,615.6,174.01923076923077
155,589,211.03333333333333
169,642.1999999999999,199.625
163,619.4,202.3846153846154
171,649.8,223.36363636363637
176,668.8,208.8181818181818
160,608,195.28
181,687.8,236.225
179,680.1999999999999,215.21428571428572
161,611.8,209.13333333333333
170,646,198.17391304347825
179,680.1999999999999,217.20454545454544
161,611.8,230.14285714285714
177,672.6,204.38
157,596.6,191.02777777777777
160,608,231.1153846153846
168,638.4,202.24074074074073
160,608,210
167,634.6,195.17391304347825
165,627,215.7
185,703,223.20454545454544
154,585.1999999999999,211.04166666666666
171,649.8,195.5
169,642.1999999999999,207.72
171,649.8,199.9
163,619.4,213
166,630.8,217.04166666666666
168,638.4,212.1
171,649.8,202.3913043478261
179,680.1999999999999,212.06521739130434
176,668.8,201.92000000000002
173,657.4,197.06666666666666
157,596.6,193.02941176470588
173,657.4,207.5681818181818
168,638.4,189.875
168,638.4,197.76086956521738
168,638.4,200.8181818181818
171,649.8,213.78125
181,687.8,227.225
174,661.1999999999999,202.9
156,592.8,176.45454545454544
165,627,190.92000000000002
168,638.4,187.22
173,657.4,215
150,570,170.02083333333334
186,706.8,267
166,630.8,247.28125
173,657.4,207.57142857142856
175,665,199.44642857142858
170,646,202.23684210526315
169,642.1999999999999,233.65384615384616
179,680.1999999999999,235.8181818181818
162,615.6,198.3
181,687.8,244.18421052631578
167,634.6,191.75
170,646,199.45454545454544
154,585.1999999999999,186.23684210526315
163,619.4,185.23076923076923
184,699.1999999999999,245.36111111111111
170,646,206.36363636363637
176,668.8,222.0952380952381
170,646,210.19565217391306
165,627,196.3913043478261
173,657.4,211
161,611.8,209.13333333333333
169,642.1999999999999,213.23684210526315
159,604.1999999999999,191.5952380952381
179,680.1999999999999,241.23529411764707
176,668.8,238.23529411764707
162,615.6,194.4
181,687.8,213.26666666666665
153,581.4,174.8409090909091
155,589,182.52380952380952
176,668.8,212.0263157894737
173,657.4,196.14285714285714
170,646,223.77777777777777
155,589,176.42857142857142
173,657.4,209.75
162,615.6,204.25
177,672.6,232.225
162,615.6,214.53125
167,634.6,206.1851851851852
163,619.4,212.44117647058823
178,676.4,199.87878787878788
170,646,214.73529411764707
154,585.1999999999999,197.75
176,668.8,243.76470588235293
164,623.1999999999999,193.45454545454544
174,661.1999999999999,204.08333333333334
174,661.1999999999999,216.025
168,638.4,208
170,646,206.21428571428572
165,627,203.025
186,706.8,214.57142857142858
185,703,229.02173913043478
170,646,200.42105263157896
166,630.8,229.375
180,684,222
166,630.8,195.16666666666666
166,630.8,193
170,646,205.02083333333334
169,642.1999999999999,221.9
172,653.6,194.26086956521738
171,649.8,195.08333333333334
166,630.8,258.04545454545456
169,642.1999999999999,201.23684210526315
170,646,200.625
176,668.8,226.625
168,638.4,189.025
158,600.4,188.11764705882354
165,627,193.17391304347825
178,676.4,205.76923076923077
162,615.6,186.025
173,657.4,229.25
156,592.8,203.53125
172,653.6,189.16071428571428
172,653.6,220.4
177,672.6,212.55769230769232
166,630.8,190.5
166,630.8,210.44444444444446
169,642.1999999999999,205.21428571428572
175,665,206.6875
164,623.1999999999999,189.92000000000002
151,573.8,197.28571428571428
164,623.1999999999999,208.23684210526315
182,691.6,240.77777777777777
164,623.1999999999999,279.2
175,665,219.1
181,687.8,199.01470588235293
178,676.4,220.10526315789474
173,657.4,209.36363636363637
169,642.1999999999999,190.42857142857142
173,657.4,213.19565217391306
170,646,234.38095238095238
168,638.4,229.36111111111111
163,619.4,184.42857142857142
167,634.6,201.38095238095238
168,638.4,197.76086956521738
172,653.6,208.1
160,608,175.68
172,653.6,196.75
162,615.6,234.72727272727275
176,668.8,214.34782608695653
160,608,196.02941176470588
164,623.1999999999999,233.44444444444446
170,646,214.1
155,589,179.08333333333334
180,684,214.5681818181818
162,615.6,223.53846153846155
169,642.1999999999999,183
164,623.1999999999999,189.1304347826087
167,634.6,213.42105263157896
169,642.1999999999999,195.27272727272728
162,615.6,184.78125
174,661.1999999999999,214.0263157894737
172,653.6,194.6851851851852
173,657.4,221.21428571428572
166,630.8,207.28571428571428
171,649.8,209.28125
159,604.1999999999999,191.11111111111111
179,680.1999999999999,223.1
170,646,229.55882352941177
170,646,218.0909090909091
171,649.8,202.11363636363637
160,608,198.34782608695653
158,600.4,181.36111111111111
172,653.6,210.025
160,608,179.56521739130434
163,619.4,203.11111111111111
160,608,198.20454545454544
157,596.6,185.6578947368421
172,653.6,203.6875
172,653.6,216.73529411764707
160,608,237.8846153846154
170,646,196.6304347826087
166,630.8,188.26086956521738
165,627,195.85714285714286
174,661.1999999999999,210.36363636363637
167,634.6,197.08333333333334
174,661.1999999999999,206.3269230769231
180,684,228.21428571428572
156,592.8,182.6304347826087
159,604.1999999999999,203.73529411764707
166,630.8,187.42857142857142
167,634.6,207
160,608,213.33333333333334
173,657.4,215.025
172,653.6,208.54347826086956
178,676.4,230.5952380952381
168,638.4,214.225
165,627,218.28947368421052
171,649.8,226.125
176,668.8,224.0909090909091
184,699.1999999999999,212.01666666666665
175,665,236.63333333333333
155,589,203.13333333333333
160,608,188.17391304347825
177,672.6,207.42000000000002
167,634.6,236.14285714285714
162,615.6,196.02777777777777
158,600.4,179.8409090909091
168,638.4,215.05882352941177
183,695.4,204.390625
173,657.4,201.6578947368421
176,668.8,198.23076923076923
177,672.6,217.69230769230768
166,630.8,215
170,646,204.10526315789474
176,668.8,210.7826086956522
175,665,199.53225806451613
166,630.8,198
176,668.8,210.7826086956522
164,623.1999999999999,187.67391304347825
161,611.8,183.88095238095238
167,634.6,201.38095238095238
180,684,210.76923076923077
162,615.6,198.0263157894737
160,608,182.6875
168,638.4,188.8913043478261
170,646,212.47058823529412
179,680.1999999999999,219.33333333333334
180,684,206.74074074074073
156,592.8,180
172,653.6,194.81666666666666
170,646,198.17391304347825
169,642.1999999999999,194.92857142857142
162,615.6,190.6578947368421
164,623.1999999999999,219.53846153846155
173,657.4,204.3913043478261
174,661.1999999999999,238
162,615.6,196.225
163,619.4,199.0263157894737
165,627,187.6875
188,714.4,208.64285714285714
181,687.8,245.38095238095238
175,665,197.23076923076923
162,615.6,193.11363636363637
174,661.1999999999999,206.5952380952381
169,642.1999999999999,209.0909090909091
171,649.8,191.48
170,646,219
166,630.8,206.83333333333334
170,646,214.02173913043478
176,668.8,212.0263157894737
160,608,190.85714285714286
166,630.8,186.94230769230768
174,661.1999999999999,202.57142857142858
178,676.4,210.4
180,684,197.015625
176,668.8,212.36363636363637
167,634.6,193.27272727272728
178,676.4,230.5952380952381
160,608,187.225
170,646,237.5
167,634.6,220.28947368421052
167,634.6,219.53125
177,672.6,212.02083333333334
162,615.6,200
176,668.8,209.62
180,684,222.025
168,638.4,195.52380952380952
169,642.1999999999999,196.38
170,646,202.8181818181818
168,638.4,188.16666666666666
179,680.1999999999999,202.29032258064515
167,634.6,209.78125
165,627,183.48076923076923
175,665,215.26470588235293
160,608,198.0952380952381
149,566.1999999999999,170.125
164,623.1999999999999,208.23684210526315
167,634.6,203.0263157894737
161,611.8,185.3
181,687.8,208.58620689655172
164,623.1999999999999,198.13333333333333
168,638.4,206.025
156,592.8,176.8913043478261
177,672.6,201.08333333333334
187,710.6,218.5
175,665,202.38
173,657.4,195.23076923076923
168,638.4,208.0263157894737
165,627,221.94117647058823
171,649.8,186.5
169,642.1999999999999,193.75
157,596.6,182.92000000000002
171,649.8,197.6304347826087
174,661.1999999999999,225.57142857142856
180,684,255.57142857142856
167,634.6,207
176,668.8,216
165,627,200.02083333333334
152,577.6,198.28571428571428
184,699.1999999999999,230.0952380952381
166,630.8,210.44444444444446
171,649.8,220
178,676.4,210
176,668.8,207.11363636363637
146,554.8,164.225
169,642.1999999999999,190.33333333333334
157,596.6,199.47058823529412
156,592.8,190.03125
164,623.1999999999999,194.08333333333334
174,661.1999999999999,230.03333333333333
172,653.6,203.11363636363637
164,623.1999999999999,208.73529411764707
176,668.8,202.6304347826087
171,649.8,192.40740740740742
169,642.1999999999999,203.7826086956522
161,611.8,181.48
166,630.8,211.125
172,653.6,204.23684210526315
167,634.6,240.52941176470588
175,665,205.42105263157896
176,668.8,203.8409090909091
150,570,164.58
159,604.1999999999999,203.73529411764707
167,634.6,185.66666666666666
178,676.4,201.67391304347825
173,657.4,205.3269230769231
160,608,205.63333333333333
175,665,211.36363636363637
170,646,204.225
150,570,180.03125
163,619.4,201
173,657.4,206.06521739130434
167,634.6,227.025
152,577.6,191.3846153846154
184,699.1999999999999,220.54347826086956
160,608,180.02380952380952
169,642.1999999999999,211.02272727272728
174,661.1999999999999,204.08333333333334
172,653.6,226.85714285714286
170,646,204.5681818181818
170,646,218.6578947368421
177,672.6,227.625
165,627,207.025
174,661.1999999999999,203.45454545454544
155,589,185.625
158,600.4,198.26470588235293
183,695.4,233.20454545454544
175,665,194.69230769230768
157,596.6,189.8181818181818
175,665,221.0952380952381
159,604.1999999999999,182.67391304347825
172,653.6,218.02272727272728
163,619.4,219.03333333333333
173,657.4,211.025
163,619.4,203.0263157894737
177,672.6,211.225
166,630.8,208.08695652173913
179,680.1999999999999,215.02941176470588
169,642.1999999999999,205.36363636363637
177,672.6,225.21428571428572
165,627,207.78125
177,672.6,225.02173913043478
164,623.1999999999999,182.96296296296296
169,642.1999999999999,234.025
177,672.6,205.16666666666666
173,657.4,211.02777777777777
164,623.1999999999999,198.10526315789474
175,665,213
175,665,197.3448275862069
166,630.8,184.48076923076923
163,619.4,189.94736842105263
179,680.1999999999999,202.12
166,630.8,202
185,703,227
162,615.6,190.6578947368421
186,706.8,234.02173913043478
171,649.8,215
172,653.6,198.32692307692307
179,680.1999999999999,225
176,668.8,206.01785714285714
165,627,211.42105263157896
162,615.6,217.125
176,668.8,214.0952380952381
167,634.6,209.10526315789474
156,592.8,180.025
163,619.4,219.03333333333333
155,589,199.73529411764707
162,615.6,179.7962962962963
156,592.8,186.11764705882354
174,661.1999999999999,196.81666666666666
167,634.6,199.8181818181818
163,619.4,206.75
157,596.6,224.84615384615384
170,646,225.125
178,676.4,250
173,657.4,205.5952380952381
159,604.1999999999999,189.625
164,623.1999999999999,211.53125
158,600.4,198.11111111111111
142,539.6,174.03333333333333
164,623.1999999999999,202.28125
158,600.4,191.06521739130434
172,653.6,198.6304347826087
179,680.1999999999999,275.57142857142856
161,611.8,185.025
173,657.4,213.02380952380952
168,638.4,204.0263157894737
170,646,214.1
183,695.4,213.76923076923077
153,581.4,176.68421052631578
169,642.1999999999999,207.025
166,630.8,202.21428571428572
164,623.1999999999999,208.1
175,665,209.02777777777777
160,608,184.5
166,630.8,202
166,630.8,189.12
174,661.1999999999999,224.625
139,528.1999999999999,227.88888888888889
168,638.4,195.225
170,646,206.0263157894737
175,665,215
160,608,198.02777777777777
163,619.4,176.06666666666666
168,638.4,194.27272727272728
173,657.4,198.35185185185185
171,649.8,200.45454545454544
173,657.4,202.76086956521738
168,638.4,187.11363636363637
160,608,187.225
172,653.6,224.53125
164,623.1999999999999,177.71428571428572
163,619.4,227.53333333333333
176,668.8,230.85714285714286
161,611.8,214.33333333333334
165,627,192.8409090909091
167,634.6,192.92000000000002
181,687.8,233.08333333333334
165,627,209.73529411764707
178,676.4,226.02
175,665,239
151,573.8,187.1
173,657.4,213.83333333333334
168,638.4,225.78125
154,585.1999999999999,181.225
172,653.6,212.0263157894737
160,608,185
172,653.6,196
160,608,188.6578947368421
168,638.4,204.1
180,684,218.0952380952381
176,668.8,201.1304347826087
160,608,189.16666666666666
173,657.4,217.23684210526315
152,577.6,170.75
162,615.6,213.57142857142856
171,649.8,203.8181818181818
175,665,194.56521739130434
159,604.1999999999999,220.63333333333333
159,604.1999999999999,195.54347826086956
180,684,240.025
158,600.4,186.03333333333333
174,661.1999999999999,223.44117647058823
160,608,183.55769230769232
163,619.4,203.26470588235293
169,642.1999999999999,185.01666666666665
165,627,238.5
170,646,206.0263157894737
167,634.6,216
172,653.6,200.88
168,638.4,197.16666666666666
151,573.8,174.05882352941177
172,653.6,214.25
179,680.1999999999999,242.28125
156,592.8,187.11363636363637
163,619.4,213.7
176,668.8,197.1206896551724
147,558.6,187.26470588235293
165,627,191.74074074074073
174,661.1999999999999,212.28125
172,653.6,205.9230769230769
174,661.1999999999999,212.52083333333334
164,623.1999999999999,191.8409090909091
164,623.1999999999999,198.38095238095238
157,596.6,180.67391304347825
171,649.8,211.11111111111111
171,649.8,198
162,615.6,196.10526315789474
169,642.1999999999999,211.025
167,634.6,195.52083333333334
158,600.4,188.85714285714286
170,646,189.44642857142858
156,592.8,186.25
172,653.6,212.33333333333334
184,699.1999999999999,215.6875
162,615.6,200.11764705882354
161,611.8,178.30769230769232
176,668.8,214.52083333333334
165,627,212.05882352941177
170,646,225.68421052631578
166,630.8,188.26086956521738
159,604.1999999999999,175.17307692307693
158,600.4,190.02941176470588
170,646,257.78125
152,577.6,175.67391304347825
173,657.4,236.28125
160,608,192.4
169,642.1999999999999,201.8181818181818
161,611.8,218.14285714285714
169,642.1999999999999,193.5
178,676.4,224.42105263157896
165,627,185.94230769230768
167,634.6,187.02083333333334
173,657.4,204.3913043478261
157,596.6,184.38
168,638.4,244.8
166,630.8,191.6
167,634.6,222.125
153,581.4,173.6315789473684
171,649.8,203
165,627,220.125
166,630.8,204.0952380952381
166,630.8,198.4
167,634.6,201.10526315789474
164,623.1999999999999,204.5
161,611.8,188.225
171,649.8,213
170,646,228.8
174,661.1999999999999,222.4
175,665,199.5
176,668.8,201.52083333333334
170,646,190.41666666666666
173,657.4,230.14285714285714
160,608,212.53125
160,608,188.9
158,600.4,185.8409090909091
171,649.8,186.07692307692307
169,642.1999999999999,199.08333333333334
148,562.4,168.02083333333334
165,627,203.0952380952381
176,668.8,288.5
183,695.4,231.0909090909091
170,646,196.27272727272728
164,623.1999999999999,231.5
171,649.8,207.1
164,623.1999999999999,206.025
165,627,203.02777777777777
172,653.6,195.14285714285714
165,627,210.63333333333333
168,638.4,202.225
176,668.8,203
162,615.6,190.17391304347825
161,611.8,199.28125
174,661.1999999999999,278.72727272727275
162,615.6,204.47058823529412
163,619.4,205.10526315789474
162,615.6,242.66666666666669
171,649.8,231.03571428571428
167,634.6,199.5952380952381
176,668.8,206.08333333333334
173,657.4,201.17391304347825
165,627,212.53125
167,634.6,195.6578947368421
158,600.4,188.625
176,668.8,210.225
167,634.6,187.94230769230768
172,653.6,210.025
171,649.8,197.27272727272728
157,596.6,204.53125
167,634.6,189.6851851851852
158,600.4,224.03571428571428
171,649.8,224.33333333333334
173,657.4,217
171,649.8,191.45454545454544
179,680.1999999999999,213.57142857142856
176,668.8,246.53333333333333
163,619.4,203.0263157894737
177,672.6,213.36363636363637
173,657.4,205
182,691.6,222.19565217391306
172,653.6,206.7826086956522
166,630.8,217.88235294117646
163,619.4,219.03333333333333
170,646,198.6578947368421
164,623.1999999999999,190.74074074074073
156,592.8,206.7
163,619.4,182.22
174,661.1999999999999,208.38095238095238
165,627,201.57142857142856
170,646,193.29032258064515
167,634.6,182.07692307692307
169,642.1999999999999,217.89285714285714
171,649.8,209.025
175,665,215
160,608,196.125
176,668.8,212.36363636363637
168,638.4,199.6875
170,646,220.7
173,657.4,200.8409090909091
171,649.8,191.48
151,573.8,172.42857142857142
189,718.1999999999999,214.80645161290323
180,684,228.21428571428572
174,661.1999999999999,202.52083333333334
171,649.8,200.25
161,611.8,197.1
162,615.6,188.6304347826087
178,676.4,224
164,623.1999999999999,184.48
173,657.4,211.20454545454544
171,649.8,213
186,706.8,258.9
158,600.4,192.225
166,630.8,193.52380952380952
178,676.4,210.8181818181818
164,623.1999999999999,191.52380952380952
159,604.1999999999999,225.66666666666669
152,577.6,190.28125
165,627,201.0263157894737
175,665,227.5952380952381
171,649.8,219.21428571428572
162,615.6,218.03333333333333
170,646,187.16071428571428
163,619.4,201.02777777777777
163,619.4,193.85714285714286
173,657.4,198.1304347826087
176,668.8,212.36363636363637
172,653.6,200.52083333333334
149,566.1999999999999,170.77777777777777
156,592.8,176.02083333333334
165,627,185.02083333333334
175,665,217.02272727272728
168,638.4,193.35185185185185
170,646,199.25
164,623.1999999999999,188.92307692307693
169,642.1999999999999,205.36363636363637
160,608,196.1
168,638.4,186.96296296296296
160,608,194.13333333333333
165,627,180.36363636363637
168,638.4,204.36363636363637
179,680.1999999999999,221.02272727272728
158,600.4,186.6578947368421
178,676.4,238.5
173,657.4,224.36111111111111
155,589,182.52380952380952
175,665,217.1875
168,638.4,198.42105263157896
169,642.1999999999999,236.84615384615384
160,608,194.10526315789474
171,649.8,205.10526315789474
169,642.1999999999999,207.02777777777777
177,672.6,217.0909090909091
171,649.8,189.96296296296296
172,653.6,226.38235294117646
168,638.4,195.76923076923077
169,642.1999999999999,203.38095238095238
177,672.6,209
169,642.1999999999999,191.26086956521738
171,649.8,207.98
169,642.1999999999999,211.25
182,691.6,230.21428571428572
163,619.4,193.11764705882354
171,649.8,190.44642857142858
174,661.1999999999999,224.94736842105263
166,630.8,219.33333333333334
176,668.8,204.16666666666666
168,638.4,186.28571428571428
174,661.1999999999999,192.77586206896552
175,665,199.5
170,646,200.25
172,653.6,212.02380952380952
155,589,172.35714285714286
164,623.1999999999999,188
172,653.6,192.02083333333334
169,642.1999999999999,211
171,649.8,226.53846153846155
165,627,229.65384615384616
179,680.1999999999999,208.16666666666666
166,630.8,186.16666666666666
159,604.1999999999999,179.94230769230768
164,623.1999999999999,185.025
170,646,198.88
180,684,272.04545454545456
177,672.6,215
160,608,196.125
159,604.1999999999999,214.125
175,665,201.27272727272728
161,611.8,230.14285714285714
158,600.4,224.66666666666669
159,604.1999999999999,193.13333333333333
170,646,182.15
172,653.6,214.10526315789474
171,649.8,238.5
151,573.8,175.025
163,619.4,227
165,627,193.52083333333334
160,608,178.48076923076923
163,619.4,195.8181818181818
169,642.1999999999999,195.27272727272728
155,589,175.8913043478261
168,638.4,212.1
171,649.8,191.94230769230768
176,668.8,199.67391304347825
166,630.8,198.23684210526315
162,615.6,177.84782608695653
176,668.8,199.14285714285714
173,657.4,225.36363636363637
179,680.1999999999999,219.02380952380952
165,627,201.21428571428572
179,680.1999999999999,210.6875
161,611.8,180.69230769230768
174,661.1999999999999,211.23076923076923
161,611.8,189.6578947368421
173,657.4,215.025
161,611.8,195.03125
150,570,221.1153846153846
151,573.8,187
167,634.6,223.03333333333333
180,684,199.22
170,646,186.5
171,649.8,198.52380952380952
170,646,206.0263157894737
170,646,191.8409090909091
180,684,215.02083333333334
176,668.8,211.85185185185185
165,627,237.32142857142856
178,676.4,224.225
179,680.1999999999999,215.54347826086956
172,653.6,198.22413793103448
162,615.6,204.025
166,630.8,196.42105263157896
159,604.1999999999999,195.21428571428572
160,608,202.25
167,634.6,202.02083333333334
170,646,198.88
178,676.4,229.88235294117646
166,630.8,194.52083333333334
171,649.8,194.67391304347825
160,608,200.0263157894737
170,646,186.82
156,592.8,214.9090909090909
151,573.8,165.20454545454547
172,653.6,205.9230769230769
166,630.8,210.44444444444446
171,649.8,211.02380952380952
171,649.8,207.21428571428572
169,642.1999999999999,203.02777777777777
181,687.8,229.21428571428572
170,646,190.90322580645162
183,695.4,239.8181818181818
163,619.4,184.8409090909091
177,672.6,204.76923076923077
174,661.1999999999999,221.05882352941177
175,665,241.69444444444446
160,608,176.82
166,630.8,224.8
174,661.1999999999999,200.6304347826087
171,649.8,227.25
172,653.6,197.52083333333334
164,623.1999999999999,181.16071428571428
177,672.6,207.08333333333334
180,684,250.53333333333333
170,646,206.1
169,642.1999999999999,200.6875
170,646,214.1
171,649.8,223.53125
184,699.1999999999999,226.08695652173913
162,615.6,181.69230769230768
180,684,202.6851851851852
166,630.8,188.5
187,710.6,216.25
166,630.8,225.55882352941177
171,649.8,198
168,638.4,214.42105263157896
164,623.1999999999999,190.27272727272728
160,608,192.11111111111111
168,638.4,190.6851851851852
169,642.1999999999999,185.5689655172414
179,680.1999999999999,209.08333333333334
161,611.8,201.02380952380952
161,611.8,191.25
177,672.6,205.88
157,596.6,180.68421052631578
164,623.1999999999999,200
173,657.4,205.02941176470588
169,642.1999999999999,205.36363636363637
173,657.4,200.52380952380952
166,630.8,198.11111111111111
174,661.1999999999999,208.7826086956522
171,649.8,209.02777777777777
164,623.1999999999999,202.11764705882354
152,577.6,177.1304347826087
169,642.1999999999999,207.11764705882354
169,642.1999999999999,209.0909090909091
158,600.4,205.53125
164,623.1999999999999,212.89285714285714
175,665,213
175,665,192.30769230769232
157,596.6,187.42105263157896
161,611.8,203
168,638.4,200.02941176470588
160,608,204.23684210526315
174,661.1999999999999,216.25
169,642.1999999999999,195.32692307692307
166,630.8,219.33333333333334
161,611.8,190.45454545454544
168,638.4,212.23684210526315
170,646,200.01785714285714
163,619.4,194.3913043478261
162,615.6,192.25
163,619.4,193.25
188,714.4,223.02083333333334
176,668.8,202.6304347826087
176,668.8,201.35185185185185
165,627,192.38
169,642.1999999999999,203.5681818181818
174,661.1999999999999,228.38235294117646
175,665,233.8
161,611.8,182.78
165,627,229.65384615384616
160,608,192.23684210526315
178,676.4,224
172,653.6,202.08333333333334
176,668.8,222.225
167,634.6,184
163,619.4,207.1
176,668.8,211.28
167,634.6,188.33333333333334
168,638.4,189.78
168,638.4,212.73529411764707
170,646,192.23076923076923
153,581.4,171.2826086956522
172,653.6,233.63333333333333
171,649.8,202.3913043478261
175,665,190.01785714285714
143,543.4,175.11111111111111
179,680.1999999999999,231.36363636363637
172,653.6,194.23076923076923
165,627,205.0263157894737
166,630.8,193.8409090909091
160,608,187.52380952380952
173,657.4,240.5
167,634.6,197.08333333333334
164,623.1999999999999,218.38235294117646
171,649.8,204.06521739130434
178,676.4,216.34782608695653
164,623.1999999999999,186.23076923076923
157,596.6,175.75
172,653.6,206.10526315789474
175,665,208.9230769230769
171,649.8,267.1818181818182
166,630.8,196.625
169,642.1999999999999,186.35714285714286
171,649.8,207.54347826086956
158,600.4,189.3913043478261
165,627,201.36363636363637
173,657.4,208.28
167,634.6,193.32692307692307
162,615.6,183.025
176,668.8,214.02777777777777
171,649.8,217.42105263157896
173,657.4,213.0909090909091
163,619.4,195.02941176470588
181,687.8,214.9230769230769
165,627,205.26470588235293
168,638.4,206
151,573.8,196.63333333333333
170,646,197.52380952380952
167,634.6,187.45454545454544
157,596.6,185.17391304347825
161,611.8,177.5689655172414
169,642.1999999999999,225.25
168,638.4,210.10526315789474
170,646,194
154,585.1999999999999,178.025
181,687.8,221
171,649.8,198.38
165,627,229.65384615384616
174,661.1999999999999,214.0909090909091
172,653.6,194.6851851851852
176,668.8,226.625
163,619.4,190.8409090909091
163,619.4,186.27272727272728
152,577.6,196.73529411764707
159,604.1999999999999,180.77777777777777
173,657.4,206.33333333333334
169,642.1999999999999,202.06521739130434
165,627,197
172,653.6,204.8181818181818
172,653.6,297
169,642.1999999999999,205.21428571428572
173,657.4,201.88
170,646,200.08333333333334
161,611.8,213.54545454545456
163,619.4,233.04166666666669
168,638.4,235.5
174,661.1999999999999,220.42105263157896
167,634.6,217
182,691.6,210.88
166,630.8,196.85714285714286
157,596.6,170.140625
159,604.1999999999999,179.8913043478261
173,657.4,215.02272727272728
155,589,202.1153846153846
165,627,231.125
175,665,217.47058823529412
164,623.1999999999999,185.8409090909091
174,661.1999999999999,227.77777777777777
168,638.4,210
170,646,190.48
168,638.4,205.23076923076923
170,646,210.11111111111111
167,634.6,222.225
168,638.4,227.55882352941177
172,653.6,227.68421052631578
169,642.1999999999999,233.97058823529412
168,638.4,214.225
170,646,201.3913043478261
179,680.1999999999999,203.92307692307693
161,611.8,189.17391304347825
168,638.4,204.21428571428572
168,638.4,194.6304347826087
171,649.8,205.5681818181818
161,611.8,191.625
168,638.4,210.47058823529412
158,600.4,207.84615384615384
177,672.6,211.225
170,646,204.5681818181818
175,665,203.16666666666666
176,668.8,211.28
167,634.6,207
168,638.4,221.28947368421052
178,676.4,216.0952380952381
169,642.1999999999999,219
163,619.4,197
165,627,182.16071428571428
171,649.8,205.7826086956522
172,653.6,203.11363636363637
167,634.6,197.42105263157896
166,630.8,200.38095238095238
160,608,198.53333333333333
171,649.8,209
161,611.8,232.1153846153846
171,649.8,193.23076923076923
164,623.1999999999999,182.48076923076923
173,657.4,197.92307692307693
158,600.4,205.1153846153846
169,642.1999999999999,211.47058823529412
164,623.1999999999999,235.1153846153846
171,649.8,202.3913043478261
178,676.4,212.225
168,638.4,199.6875
166,630.8,198.4
167,634.6,196.16666666666666
166,630.8,192.27272727272728
170,646,193.55769230769232
167,634.6,224.78125
161,611.8,204.2
163,619.4,211.13333333333333
176,668.8,239
154,585.1999999999999,190.0263157894737
165,627,209.44444444444446
174,661.1999999999999,229.68421052631578
155,589,200.125
173,657.4,206.33333333333334
173,657.4,197.75
170,646,225.225
177,672.6,202.78571428571428
169,642.1999999999999,224.53846153846155
175,665,224.44117647058823
179,680.1999999999999,231.19565217391306
166,630.8,204.025
164,623.1999999999999,214.7
169,642.1999999999999,209.11111111111111
175,665,215.19565217391306
165,627,199.225
161,611.8,188.52380952380952
159,604.1999999999999,199.0909090909091
165,627,190.28947368421052
172,653.6,207.28
174,661.1999999999999,233.52380952380952
164,623.1999999999999,206.47058823529412
159,604.1999999999999,191.23684210526315
160,608,196.125
165,627,293
163,619.4,199.02941176470588
169,642.1999999999999,220.88235294117646
169,642.1999999999999,207.0952380952381
159,604.1999999999999,172.02083333333334
164,623.1999999999999,207.2
180,684,220.33333333333334
160,608,229.13636363636363
176,668.8,205.76086956521738
169,642.1999999999999,203.10526315789474
171,649.8,195.06666666666666
178,676.4,205.76923076923077
167,634.6,197.85714285714286
177,672.6,201.06666666666666
171,649.8,202.11363636363637
168,638.4,202.38095238095238
161,611.8,193.11111111111111
161,611.8,193.4
169,642.1999999999999,222.77777777777777
174,661.1999999999999,207.06521739130434
172,653.6,210.0952380952381
165,627,205.02380952380952
164,623.1999999999999,204.02380952380952
179,680.1999999999999,203.06666666666666
163,619.4,186.68421052631578
180,684,211.12962962962962
168,638.4,195.52380952380952
163,619.4,201.28125
175,665,219.08333333333334
162,615.6,187.92857142857142
159,604.1999999999999,185.94736842105263
172,653.6,200.16666666666666
178,676.4,214.1
160,608,196.36363636363637
163,619.4,213
172,653.6,197.52083333333334
172,653.6,188.5689655172414
156,592.8,193.5
175,665,189.01923076923077
176,668.8,203.225
173,657.4,202.76086956521738
166,630.8,199.33333333333334
171,649.8,213.78125
176,668.8,202.32692307692307
169,642.1999999999999,215.69444444444446
170,646,195.92857142857142
176,668.8,216.02380952380952
152,577.6,199.05882352941177
177,672.6,204.8409090909091
164,623.1999999999999,200.3
161,611.8,190.45454545454544
170,646,193.55769230769232
170,646,194.44642857142858
168,638.4,208.11111111111111
180,684,204.5
176,668.8,230.5681818181818
170,646,200.08333333333334
157,596.6,189
179,680.1999999999999,215.21428571428572
168,638.4,204.0263157894737
171,649.8,200.76086956521738
174,661.1999999999999,214.0909090909091
165,627,229.53333333333333
170,646,196.6304347826087
172,653.6,253.28125
170,646,202.23684210526315
161,611.8,216.125
160,608,193.06521739130434
176,668.8,218.025
174,661.1999999999999,226.53125
157,596.6,195
174,661.1999999999999,210.1
166,630.8,189.68421052631578
171,649.8,213.08695652173913
166,630.8,202.36363636363637
170,646,198.16666666666666
168,638.4,216.4
158,600.4,200.47058823529412
163,619.4,199.125
170,646,231.36111111111111
151,573.8,177.69444444444446
174,661.1999999999999,214.0909090909091
174,661.1999999999999,232.8
166,630.8,210.02173913043478
166,630.8,187.8409090909091
181,687.8,227.07999999999998
180,684,220.19565217391306
176,668.8,200
165,627,195.85714285714286
175,665,213.20454545454544
187,710.6,240.77777777777777
167,634.6,191.08333333333334
170,646,210.26470588235293
179,680.1999999999999,221
162,615.6,194.11111111111111
161,611.8,193
171,649.8,202.5
175,665,234.55882352941177
168,638.4,213.63333333333333
178,676.4,222
164,623.1999999999999,193.45454545454544
157,596.6,191.5681818181818
173,657.4,211.11764705882354
181,687.8,208.16071428571428
160,608,182.5
176,668.8,216.19565217391306
162,615.6,186.38095238095238
178,676.4,209.11363636363637
173,657.4,190.56451612903226
168,638.4,210.025
168,638.4,197.76086956521738
161,611.8,188.8409090909091
154,585.1999999999999,176.5
166,630.8,204.20454545454544
168,638.4,194.27272727272728
154,585.1999999999999,192.28125
172,653.6,187.51724137931035
179,680.1999999999999,226.05882352941177
164,623.1999999999999,179.07692307692307
179,680.1999999999999,223
167,634.6,205.025
162,615.6,185.36111111111111
162,615.6,196
173,657.4,197.75
158,600.4,184.47058823529412
170,646,206.1
171,649.8,190.44642857142858
165,627,198.33333333333334
159,604.1999999999999,187.9
155,589,189.32142857142856
175,665,231.25
163,619.4,201.025
169,642.1999999999999,216.53125
153,581.4,193.11111111111111
178,676.4,202
158,600.4,180.6851851851852
166,630.8,214.4
163,619.4,195
165,627,216.88235294117646
173,657.4,209.21428571428572
173,657.4,198.78571428571428
173,657.4,198.92857142857142
170,646,197.8409090909091
165,627,201.0263157894737
165,627,197
171,649.8,221.20454545454544
174,661.1999999999999,191.56451612903226
152,577.6,182.42105263157896
160,608,190.11764705882354
149,566.1999999999999,173.3
166,630.8,204.0952380952381
170,646,217.05882352941177
167,634.6,190.12
177,672.6,196.9310344827586
171,649.8,205.38095238095238
171,649.8,195.92307692307693
178,676.4,218.19565217391306
169,642.1999999999999,196
161,611.8,195
158,600.4,181.12
171,649.8,203.66666666666666
134,509.2,168.10526315789474
171,649.8,192.1206896551724
172,653.6,222.20454545454544
160,608,181.8409090909091
174,661.1999999999999,212
162,615.6,187.92857142857142
168,638.4,218.38095238095238
170,646,214.73529411764707
171,649.8,230.55882352941177
170,646,191.78
180,684,204
165,627,207.025
160,608,206.42105263157896
166,630.8,206.0263157894737
170,646,233.28125
175,665,211.54347826086956
171,649.8,203
165,627,201.125
160,608,216.03333333333333
169,642.1999999999999,199.625
151,573.8,189.22727272727272
164,623.1999999999999,206.25
180,684,211.3913043478261
186,706.8,211.46969696969697
170,646,206.36363636363637
174,661.1999999999999,227.28947368421052
171,649.8,246.03125
163,619.4,197.03125
162,615.6,187.28947368421052
166,630.8,230.65384615384616
173,657.4,243.61764705882354
171,649.8,209.0952380952381
178,676.4,220.10526315789474
169,642.1999999999999,221.53125
177,672.6,208.6875
169,642.1999999999999,211.10526315789474
171,649.8,211.33333333333334
152,577.6,192.11111111111111
176,668.8,226.625
175,665,207.5952380952381
175,665,219.23684210526315
153,581.4,200.05882352941177
182,691.6,226
155,589,172.8181818181818
177,672.6,215.20454545454544
149,566.1999999999999,173.38095238095238
167,634.6,192.35185185185185
166,630.8,200.225
163,619.4,190.225
170,646,208.20454545454544
175,665,238.28125
175,665,228.33333333333334
174,661.1999999999999,202.17391304347825
181,687.8,208.5625
165,627,183.38235294117646
164,623.1999999999999,185.78
154,585.1999999999999,168.69565217391303
167,634.6,207
169,642.1999999999999,199.85714285714286
172,653.6,216.02380952380952
178,676.4,218.33333333333334
161,611.8,192.11363636363637
162,615.6,185.68421052631578
166,630.8,194.6578947368421
162,615.6,194.11111111111111
170,646,191.40740740740742
170,646,189.56521739130434
167,634.6,184.16071428571428
163,619.4,193.11764705882354
174,661.1999999999999,234.16666666666666
162,615.6,200.34782608695653
160,608,176.07142857142858
162,615.6,180.28571428571428
165,627,215.7
163,619.4,205.47058823529412
163,619.4,193.85714285714286
175,665,192.06666666666666
168,638.4,192.08333333333334
177,672.6,238.92857142857144
177,672.6,211.5681818181818
164,623.1999999999999,192.6578947368421
172,653.6,225.28947368421052
158,600.4,213.125
176,668.8,199.52941176470588
156,592.8,183.225
163,619.4,195.8181818181818
162,615.6,190.26470588235293
169,642.1999999999999,222.77777777777777
170,646,192.26086956521738
175,665,207.23684210526315
174,661.1999999999999,210
174,661.1999999999999,201
174,661.1999999999999,199.35
165,627,209.23684210526315
166,630.8,195.45454545454544
181,687.8,219.0952380952381
150,570,172.5
160,608,196
156,592.8,201.375
170,646,198.52083333333334
176,668.8,222.02272727272728
161,611.8,201.11111111111111
160,608,194.03125
160,608,213.33333333333334
171,649.8,223.5952380952381
163,619.4,212
159,604.1999999999999,199.5
159,604.1999999999999,189.25
173,657.4,213.26470588235293
166,630.8,204.025
171,649.8,221
171,649.8,202.6875
170,646,210.19565217391306
168,638.4,206.0952380952381
159,604.1999999999999,231.2
178,676.4,231.77777777777777
170,646,222.53125
164,623.1999999999999,194.85714285714286
158,600.4,182.38095238095238
162,615.6,210.13333333333333
186,706.8,226.19565217391306
170,646,196.27272727272728
154,585.1999999999999,186.02941176470588
161,611.8,205.73529411764707
173,657.4,209.0263157894737
183,695.4,243.5
170,646,216.0952380952381
168,638.4,200.5952380952381
164,623.1999999999999,187.27272727272728
166,630.8,198.4
163,619.4,194.11363636363637
160,608,198.34782608695653
165,627,190.52083333333334
165,627,203.20454545454544
172,653.6,202.42105263157896
161,611.8,214.33333333333334
175,665,213.20454545454544
168,638.4,185.56451612903226
172,653.6,235
153,581.4,185.14285714285714
177,672.6,208.8793103448276
175,665,194.75806451612902
164,623.1999999999999,208.44444444444446
162,615.6,202.26470588235293
171,649.8,190.69230769230768
167,634.6,199.4
167,634.6,186.44642857142858
153,581.4,169.5681818181818
154,585.1999999999999,176.32142857142858
164,623.1999999999999,189.92857142857142
157,596.6,189.8181818181818
171,649.8,204.06521739130434
165,627,186.6
177,672.6,216.1851851851852
168,638.4,208.0909090909091
174,661.1999999999999,218.08333333333334
178,676.4,211.01785714285714
174,661.1999999999999,193.44642857142858
166,630.8,215.44117647058823
155,589,183.6578947368421
155,589,171.33333333333334
147,558.6,204.04166666666666
166,630.8,215
167,634.6,228.63333333333333
168,638.4,193.52083333333334
164,623.1999999999999,213.44117647058823
163,619.4,199
166,630.8,198.4
167,634.6,215.13333333333333
167,634.6,200.06521739130434
160,608,205.125
156,592.8,171.36363636363637
174,661.1999999999999,202.88
163,619.4,173.28571428571428
174,661.1999999999999,222.6578947368421
166,630.8,223.14285714285714
169,642.1999999999999,226.14285714285714
176,668.8,198.08064516129033
159,604.1999999999999,189.25
174,661.1999999999999,205.6875
169,642.1999999999999,199.03125
165,627,210.63333333333333
171,649.8,190.69230769230768
180,684,219.1851851851852
174,661.1999999999999,202.88
172,653.6,225.28947368421052
171,649.8,225.38235294117646
169,642.1999999999999,211.78125
159,604.1999999999999,193.10526315789474
172,653.6,212.26470588235293
165,627,218.33333333333334
149,566.1999999999999,181
158,600.4,198.83333333333334
164,623.1999999999999,192.17391304347825
162,615.6,202.11111111111111
162,615.6,198
155,589,201.225
152,577.6,170.66666666666666
169,642.1999999999999,207.20454545454544
174,661.1999999999999,214.33333333333334
151,573.8,203.65384615384616
164,623.1999999999999,194.625
161,611.8,175.69565217391303
176,668.8,216
177,672.6,198.1206896551724
178,676.4,202.53225806451613
174,661.1999999999999,204.08333333333334
174,661.1999999999999,191.56451612903226
171,649.8,191.16666666666666
163,619.4,188.52083333333334
174,661.1999999999999,199.78571428571428
177,672.6,211.7826086956522
167,634.6,205.11764705882354
164,623.1999999999999,211.53125
162,615.6,182.16666666666666
159,604.1999999999999,193.5681818181818
160,608,194.02777777777777
171,649.8,193.6851851851852
172,653.6,187.51724137931035
161,611.8,180.11363636363637
171,649.8,206.02083333333334
172,653.6,199
157,596.6,186.76086956521738
171,649.8,194.27272727272728
170,646,197.8409090909091
163,619.4,203.26470588235293
166,630.8,200.38095238095238
160,608,212.65384615384616
159,604.1999999999999,179.25
180,684,218.0952380952381
152,577.6,175.36111111111111
185,703,218.9230769230769
161,611.8,221.16666666666666
166,630.8,216
154,585.1999999999999,205.57142857142856
167,634.6,203.0263157894737
179,680.1999999999999,202.60344827586206
167,634.6,207
174,661.1999999999999,210.36363636363637
162,615.6,187.1304347826087
158,600.4,180.88095238095238
177,672.6,206.4
169,642.1999999999999,200.3913043478261
149,566.1999999999999,191.78125
166,630.8,202
166,630.8,194.52083333333334
165,627,178.52
166,630.8,198.11111111111111
173,657.4,225.53125
165,627,205.5
169,642.1999999999999,211.025
164,623.1999999999999,206.025
176,668.8,203.225
167,634.6,225.5
172,653.6,227.225
153,581.4,203.7
164,623.1999999999999,195.11363636363637
172,653.6,223.36111111111111
164,623.1999999999999,188.08333333333334
164,623.1999999999999,214.625
157,596.6,201.73529411764707
171,649.8,227.94117647058823
165,627,176.75806451612902
166,630.8,191.52083333333334
167,634.6,211.1
167,634.6,194.52380952380952
168,638.4,189.875
160,608,190.625
163,619.4,181.48076923076923
163,619.4,223.5
185,703,225.0909090909091
174,661.1999999999999,203.16666666666666
170,646,201.6875
169,642.1999999999999,229.5
175,665,193.48076923076923
169,642.1999999999999,214.63333333333333
173,657.4,197.38095238095238
179,680.1999999999999,221.32
164,623.1999999999999,196.5952380952381
162,615.6,188.94736842105263
171,649.8,199.9
165,627,195.25
165,627,191.94736842105263
160,608,196.0263157894737
173,657.4,213.0263157894737
173,657.4,199.27272727272728
172,653.6,206.225
190,722,230.69230769230768
162,615.6,194.23684210526315
174,661.1999999999999,220.02272727272728
163,619.4,185.6851851851852
177,672.6,215.0952380952381
174,661.1999999999999,220.0952380952381
175,665,252.04166666666669
174,661.1999999999999,202.57142857142858
158,600.4,201.2
174,661.1999999999999,203.62962962962962
159,604.1999999999999,193.03125
161,611.8,209.89285714285714
165,627,210.63333333333333
164,623.1999999999999,189.92857142857142
160,608,191.11363636363637
163,619.4,179.01666666666665
178,676.4,216.0952380952381
171,649.8,200.76086956521738
169,642.1999999999999,227.8
168,638.4,199.11363636363637
170,646,189.56521739130434
172,653.6,192.48
181,687.8,219.0952380952381
162,615.6,180.48076923076923
160,608,207.1153846153846
166,630.8,219.28947368421052
172,653.6,201.25
159,604.1999999999999,213.32142857142856
169,642.1999999999999,200.12962962962962
160,608,190.11764705882354
155,589,172.52083333333334
172,653.6,192.48
158,600.4,190
162,615.6,193.3913043478261
167,634.6,191.92307692307693
172,653.6,195.12
161,611.8,214.77777777777777
177,672.6,215.0952380952381
158,600.4,186.9
168,638.4,200.23684210526315
173,657.4,223.94736842105263
163,619.4,205.47058823529412
166,630.8,186.45454545454544
171,649.8,192.78
159,604.1999999999999,181.1315789473684
170,646,196.6304347826087
164,623.1999999999999,204.26470588235293
156,592.8,192.1
175,665,203.16666666666666
176,668.8,222.225
176,668.8,231.68421052631578
148,562.4,184.96153846153845
171,649.8,217.69444444444446
172,653.6,218
171,649.8,213.08695652173913
157,596.6,203.28571428571428
170,646,188.48076923076923
149,566.1999999999999,170.44117647058823
164,623.1999999999999,224.5
144,547.1999999999999,234.25
165,627,193.26470588235293
157,596.6,188.6875
162,615.6,184.26086956521738
180,684,222.1875
165,627,229.53333333333333
166,630.8,194.9
165,627,183.2826086956522
164,623.1999999999999,198.225
177,672.6,205.98275862068965
159,604.1999999999999,191.23684210526315
168,638.4,210.10526315789474
173,657.4,209.1
181,687.8,214.06521739130434
165,627,199.38095238095238
174,661.1999999999999,205.3913043478261
168,638.4,204.02941176470588
171,649.8,207.1
167,634.6,193.74074074074073
152,577.6,184.03333333333333
179,680.1999999999999,259.0333333333333
181,687.8,247.69444444444446
178,676.4,234.94117647058823
171,649.8,205.10526315789474
180,684,217.78571428571428
150,570,169.56521739130434
172,653.6,212.0909090909091
174,661.1999999999999,216.10526315789474
164,623.1999999999999,180.5689655172414
180,684,236.25
168,638.4,195.52380952380952
171,649.8,192.40740740740742
167,634.6,198.11363636363637
180,684,247.76470588235293
171,649.8,193.3448275862069
180,684,224.1
166,630.8,186.48
