Observed,Scaled_Observed,Chao1
218,331.36,238.9032258064516
216,328.32,250.57142857142856
221,335.92,249.57142857142856
216,328.32,266.625
213,323.76,235.6875
218,331.36,249.1296296296296
216,328.32,237.40740740740745
217,329.84000000000003,250.62
219,332.88,258.44642857142856
215,326.8,250.02083333333337
216,328.32,240.44642857142856
214,325.28000000000003,250.54347826086956
220,334.4,248.16666666666663
219,332.88,259.3333333333333
222,337.44,266
209,317.68,245.36363636363637
219,332.88,257.72
212,322.24,248.36363636363637
214,325.28000000000003,250.1
202,307.04,234.11111111111111
225,342,271
217,329.84000000000003,243.22413793103448
213,323.76,238.1304347826087
215,326.8,261.69444444444446
220,334.4,262.1875
215,326.8,261.225
217,329.84000000000003,257
219,332.88,250.6875
218,331.36,243.78571428571428
219,332.88,249.42
220,334.4,251.8793103448276
218,331.36,251.33333333333337
214,325.28000000000003,237.1428571428571
217,329.84000000000003,240.6034482758621
221,335.92,240.75806451612905
216,328.32,279.28125
222,337.44,255.9230769230769
216,328.32,249.06521739130432
207,314.64,265.8
215,326.8,253.20454545454544
225,342,257.6666666666667
223,338.96,267.18
209,317.68,247.72
217,329.84000000000003,250.0178571428571
216,328.32,274.77777777777777
214,325.28000000000003,244.08333333333337
220,334.4,285.7894736842105
215,326.8,275.025
213,323.76,237.92307692307693
217,329.84000000000003,270.2894736842105
219,332.88,254.55769230769232
214,325.28000000000003,239.35
215,326.8,249.5681818181818
225,342,262.5
215,326.8,245.42
214,325.28000000000003,249.02083333333337
220,334.4,240.6428571428571
218,331.36,248.76923076923077
220,334.4,262.4807692307692
207,314.64,231.3809523809524
216,328.32,251.55769230769232
225,342,258.9230769230769
213,323.76,251.0952380952381
217,329.84000000000003,271.85714285714283
212,322.24,239.38
218,331.36,262.0238095238095
212,322.24,236.92307692307693
214,325.28000000000003,249.02083333333337
216,328.32,246.76923076923077
220,334.4,244.44642857142856
218,331.36,256.20454545454544
216,328.32,246.42
213,323.76,231.77586206896552
213,323.76,238.92
222,337.44,249.58620689655172
217,329.84000000000003,246.25
218,331.36,249.6875
210,319.2,252.025
217,329.84000000000003,250.9230769230769
215,326.8,279.97058823529414
212,322.24,237.35185185185185
209,317.68,234.52083333333337
212,322.24,252.11111111111111
216,328.32,252.98
217,329.84000000000003,255.0952380952381
218,331.36,245.76923076923077
215,326.8,255.02380952380952
216,328.32,241.35185185185185
213,323.76,249.36363636363637
216,328.32,262.0952380952381
223,338.96,269
218,331.36,250.3269230769231
217,329.84000000000003,261.0833333333333
215,326.8,232.7962962962963
224,340.48,249.80645161290323
216,328.32,240.44642857142856
212,322.24,235.27272727272728
217,329.84000000000003,234.56451612903223
209,317.68,260.3611111111111
213,323.76,231.28571428571428
222,337.44,245.29032258064515
208,316.16,228.94230769230768
223,338.96,255.66666666666663
221,335.92,249.16666666666663
219,332.88,259.5
223,338.96,254.1296296296296
208,316.16,244.21428571428572
205,311.6,233.6578947368421
221,335.92,267.0208333333333
224,340.48,262.72
212,322.24,237.35185185185185
220,334.4,264.02173913043475
221,335.92,252.8793103448276
205,311.6,226.78
222,337.44,253.5
215,326.8,235.6428571428571
210,319.2,231.40740740740745
218,331.36,258.0909090909091
218,331.36,276.77777777777777
217,329.84000000000003,250.06521739130432
219,332.88,261
219,332.88,269.3809523809524
219,332.88,254.85185185185185
214,325.28000000000003,252.0952380952381
219,332.88,252.33333333333337
209,317.68,240.3913043478261
214,325.28000000000003,280.125
212,322.24,242.42105263157896
222,337.44,245.1428571428571
217,329.84000000000003,250.33333333333337
219,332.88,246.76923076923077
211,320.72,234.67391304347825
211,320.72,251.26470588235293
220,334.4,262.32
219,332.88,259.19565217391306
215,326.8,253.20454545454544
212,322.24,252.02380952380952
214,325.28000000000003,252.0952380952381
218,331.36,239.40740740740745
218,331.36,258.3333333333333
224,340.48,264.3333333333333
219,332.88,279.63157894736844
214,325.28000000000003,235.875
217,329.84000000000003,240.1428571428571
211,320.72,241.42
224,340.48,270.02272727272725
221,335.92,259.5208333333333
213,323.76,259.02272727272725
223,338.96,251.98275862068965
214,325.28000000000003,258.0238095238095
224,340.48,272.02
222,337.44,255.3793103448276
214,325.28000000000003,241.8409090909091
219,332.88,246.16071428571428
219,332.88,245.22413793103448
206,313.12,230.75
221,335.92,244.29032258064515
218,331.36,241.1428571428571
223,338.96,257.24074074074076
216,328.32,244.88
208,316.16,229.78
215,326.8,244.6296296296296
218,331.36,248.76923076923077
219,332.88,249.41379310344828
219,332.88,251.3269230769231
222,337.44,245.55769230769232
218,331.36,248.0178571428571
213,323.76,246.06521739130432
221,335.92,259.3478260869565
213,323.76,238.92
221,335.92,267.02272727272725
217,329.84000000000003,257.19565217391306
221,335.92,246.78571428571428
215,326.8,277.2352941176471
210,319.2,265.225
215,326.8,246.6875
217,329.84000000000003,240.1428571428571
219,332.88,255.36363636363637
216,328.32,242.74074074074073
227,345.04,264.7857142857143
226,343.52,265.44642857142856
213,323.76,243.42
216,328.32,249.62
214,325.28000000000003,254.0263157894737
218,331.36,248.76923076923077
220,334.4,258.72
217,329.84000000000003,246.25
226,343.52,256.41379310344826
215,326.8,277.2352941176471
218,331.36,254.36363636363637
227,345.04,263.1607142857143
215,326.8,241.74074074074073
208,316.16,246.20454545454544
210,319.2,246.1
219,332.88,245.74074074074073
213,323.76,253.19565217391303
220,334.4,254.7826086956522
221,335.92,257.75
216,328.32,246.42
218,331.36,280.2352941176471
216,328.32,236.41666666666663
219,332.88,253.5681818181818
215,326.8,238.1428571428571
228,346.56,268.9074074074074
220,334.4,266.0952380952381
218,331.36,262.3076923076923
217,329.84000000000003,255.94230769230768
215,326.8,236.390625
215,326.8,249.5681818181818
217,329.84000000000003,251.7826086956522
224,340.48,268.0833333333333
216,328.32,250.7826086956522
215,326.8,244.25
222,337.44,260.3478260869565
213,323.76,240.76923076923077
212,322.24,242.0178571428571
223,338.96,254.5
225,342,265.6923076923077
213,323.76,240
223,338.96,260.7857142857143
219,332.88,253.91379310344828
221,335.92,249.01666666666665
214,325.28000000000003,238.44642857142856
215,326.8,257.025
218,331.36,240.3448275862069
214,325.28000000000003,245.6875
205,311.6,232.52380952380952
218,331.36,251.62
214,325.28000000000003,246
217,329.84000000000003,275.13157894736844
220,334.4,268.4
220,334.4,250.0178571428571
221,335.92,245.53225806451613
221,335.92,265
221,335.92,246.46969696969697
220,334.4,258.3478260869565
222,337.44,294.9
213,323.76,240.16071428571428
217,329.84000000000003,252.55769230769232
220,334.4,251.1296296296296
209,317.68,247.025
219,332.88,263.0238095238095
214,325.28000000000003,247.06521739130432
219,332.88,255.75
222,337.44,262.0909090909091
218,331.36,247.25
220,334.4,256.98
223,338.96,290.6
221,335.92,252.1296296296296
211,320.72,244.9230769230769
224,340.48,245.23529411764707
220,334.4,260.0238095238095
217,329.84000000000003,240.1428571428571
220,334.4,251.2258064516129
212,322.24,248.21428571428572
216,328.32,248.8181818181818
220,334.4,248.57142857142856
217,329.84000000000003,249.8181818181818
210,319.2,250.02380952380952
220,334.4,246.74074074074073
211,320.72,249
217,329.84000000000003,247.42
222,337.44,259.5
214,325.28000000000003,263.44117647058823
220,334.4,241.40740740740745
212,322.24,235.12
208,316.16,223.0178571428571
207,314.64,234
215,326.8,243.16666666666663
215,326.8,239.8965517241379
214,325.28000000000003,262.6578947368421
225,342,255.0178571428571
215,326.8,249.5681818181818
219,332.88,265.0208333333333
212,322.24,233.1206896551724
217,329.84000000000003,253.54347826086956
213,323.76,249.54347826086956
222,337.44,258.54347826086956
213,323.76,240.38
221,335.92,261.5
223,338.96,249.22413793103448
205,311.6,243
218,331.36,268.625
219,332.88,252.06521739130432
223,338.96,259.98
214,325.28000000000003,234.6428571428571
219,332.88,255.54347826086956
221,335.92,251.42
220,334.4,245.46969696969697
213,323.76,247.3809523809524
215,326.8,244.25
217,329.84000000000003,251.5681818181818
219,332.88,243.8965517241379
224,340.48,279.225
221,335.92,257.98
212,322.24,248.75
212,322.24,226.5
219,332.88,267.2142857142857
216,328.32,248.8181818181818
221,335.92,248.16071428571428
213,323.76,249.0263157894737
217,329.84000000000003,257.19565217391306
203,308.56,217.5
221,335.92,271.20454545454544
213,323.76,269.94117647058823
215,326.8,246.3913043478261
218,331.36,246.16666666666663
218,331.36,246.16666666666663
210,319.2,246.1
219,332.88,274.225
219,332.88,254.02083333333337
214,325.28000000000003,242.52083333333337
209,317.68,239.08333333333337
215,326.8,245.42
218,331.36,266.4
211,320.72,257.42105263157896
218,331.36,239.390625
218,331.36,248.42
215,326.8,248.06521739130432
218,331.36,256.0952380952381
214,325.28000000000003,233.22
215,326.8,265.625
214,325.28000000000003,239.35185185185185
222,337.44,260.3478260869565
223,338.96,251.16666666666663
216,328.32,252.36363636363637
225,342,260.28
217,329.84000000000003,234.06666666666663
214,325.28000000000003,264.625
229,348.08,277
207,314.64,245.20454545454544
214,325.28000000000003,228.62857142857143
217,329.84000000000003,250.62
218,331.36,241.6034482758621
222,337.44,282.63157894736844
213,323.76,243.42
219,332.88,245.22413793103448
219,332.88,251.66666666666663
211,320.72,236.92857142857144
222,337.44,253.5
211,320.72,242.3913043478261
217,329.84000000000003,268.3611111111111
209,317.68,245.1
220,334.4,248.52083333333337
221,335.92,256.0208333333333
218,331.36,281.1842105263158
215,326.8,255
220,334.4,253.06521739130432
216,328.32,251.55769230769232
215,326.8,236.33333333333337
214,325.28000000000003,242.88
224,340.48,256.06060606060606
215,326.8,249.7826086956522
217,329.84000000000003,235.15
221,335.92,258.2307692307692
213,323.76,232.69230769230768
218,331.36,245.38
218,331.36,245.76923076923077
218,331.36,254.75
214,325.28000000000003,250.54347826086956
219,332.88,251.4
223,338.96,267
214,325.28000000000003,246.66666666666663
222,337.44,266.02173913043475
215,326.8,239.5
208,316.16,238.625
229,348.08,290.92857142857144
219,332.88,265.225
219,332.88,267.4
215,326.8,242.76923076923077
213,323.76,239.74074074074073
217,329.84000000000003,239.81666666666663
218,331.36,252.225
224,340.48,264.9074074074074
220,334.4,250.76923076923077
207,314.64,247.11111111111111
213,323.76,241.17391304347825
220,334.4,246.66666666666663
221,335.92,274.2894736842105
223,338.96,253.76923076923077
218,331.36,244.32692307692307
214,325.28000000000003,242.17391304347825
222,337.44,268
221,335.92,251.76923076923077
211,320.72,241.8571428571429
207,314.64,236.16666666666663
220,334.4,248.88
211,320.72,237.6304347826087
215,326.8,273.77777777777777
210,319.2,256.0952380952381
223,338.96,251.16666666666663
216,328.32,243.76923076923077
212,322.24,244.5952380952381
217,329.84000000000003,250.06521739130432
213,323.76,251.20454545454544
220,334.4,242.3448275862069
219,332.88,261.02272727272725
214,325.28000000000003,248.225
214,325.28000000000003,242.17391304347825
206,313.12,242
218,331.36,234.66666666666663
221,335.92,245.8965517241379
221,335.92,263.0869565217391
220,334.4,249.6296296296296
213,323.76,251.0952380952381
214,325.28000000000003,237.55769230769232
213,323.76,241.57142857142856
221,335.92,244.29032258064515
212,322.24,246.225
219,332.88,255.98
217,329.84000000000003,261.0833333333333
227,345.04,254.5625
223,338.96,260.7857142857143
220,334.4,262.1875
222,337.44,266.18
217,329.84000000000003,257.19565217391306
217,329.84000000000003,259
214,325.28000000000003,270.25
215,326.8,245.08333333333337
222,337.44,249.58620689655172
217,329.84000000000003,251.7826086956522
211,320.72,249
213,323.76,245.3269230769231
217,329.84000000000003,242.78571428571428
217,329.84000000000003,252.55769230769232
216,328.32,256.19565217391306
220,334.4,260.5
218,331.36,245.16071428571428
215,326.8,251.1
221,335.92,264.1034482758621
219,332.88,251
221,335.92,263.0869565217391
215,326.8,234.44642857142856
219,332.88,241.3448275862069
223,338.96,254.1296296296296
209,317.68,239.8571428571429
211,320.72,251.19565217391303
212,322.24,236.92307692307693
216,328.32,243.76923076923077
209,317.68,235.27272727272728
226,343.52,259.75
222,337.44,249.58620689655172
219,332.88,247.57142857142856
225,342,263.72
218,331.36,246.88
210,319.2,242.8181818181818
211,320.72,235.08333333333337
214,325.28000000000003,264.9473684210526
216,328.32,239.1428571428571
219,332.88,243.8965517241379
204,310.08,246.1052631578947
213,323.76,229.51612903225805
212,322.24,240.52083333333337
213,323.76,236.55769230769232
218,331.36,251.62
216,328.32,251.02083333333337
216,328.32,249.06521739130432
221,335.92,271.0869565217391
224,340.48,270
217,329.84000000000003,255.20454545454544
212,322.24,243.3913043478261
219,332.88,254.28
211,320.72,232.78
213,323.76,249.54347826086956
213,323.76,251.0952380952381
222,337.44,268.02272727272725
220,334.4,260.3333333333333
218,331.36,242.44642857142856
218,331.36,251.62
218,331.36,254.75
214,325.28000000000003,243.16666666666663
216,328.32,262.225
206,313.12,232.6304347826087
216,328.32,243.38
217,329.84000000000003,248.6875
218,331.36,254.48275862068965
226,343.52,270.02173913043475
223,338.96,248.2
220,334.4,256.98
214,325.28000000000003,254.0909090909091
217,329.84000000000003,270.77777777777777
212,322.24,246.24074074074073
221,335.92,258.2307692307692
216,328.32,249.9230769230769
213,323.76,241.52083333333337
218,331.36,248.08333333333337
217,329.84000000000003,245.17391304347825
220,334.4,243.1428571428571
212,322.24,243.11363636363637
202,307.04,240
219,332.88,257.0952380952381
217,329.84000000000003,245.16666666666663
216,328.32,260.0238095238095
218,331.36,254.54347826086956
211,320.72,245.7826086956522
220,334.4,250.41379310344828
213,323.76,251.0952380952381
214,325.28000000000003,296.2857142857143
218,331.36,252.57142857142856
226,343.52,278.0833333333333
213,323.76,245.3269230769231
214,325.28000000000003,237.12
222,337.44,253.1296296296296
226,343.52,263.2307692307692
219,332.88,255.98
212,322.24,234.6851851851852
211,320.72,249.20454545454544
215,326.8,240.92
218,331.36,251.3793103448276
218,331.36,253.28
217,329.84000000000003,275.77777777777777
219,332.88,254.28
219,332.88,254.02083333333337
218,331.36,252.24074074074073
212,322.24,235.55769230769232
219,332.88,251
217,329.84000000000003,253.54347826086956
213,323.76,235.8809523809524
216,328.32,252.36363636363637
219,332.88,251
226,343.52,266.3333333333333
220,334.4,262.025
216,328.32,251.28
219,332.88,269.9473684210526
221,335.92,261.0909090909091
214,325.28000000000003,236.23076923076923
221,335.92,251.81666666666663
212,322.24,240.88
215,326.8,242.52380952380952
217,329.84000000000003,249.66666666666663
207,314.64,225.28571428571428
223,338.96,267
207,314.64,260.77777777777777
211,320.72,232.6
219,332.88,241.3448275862069
213,323.76,255
215,326.8,246.11363636363637
220,334.4,255.55769230769232
219,332.88,263.1
214,325.28000000000003,262.0909090909091
221,335.92,263.1875
214,325.28000000000003,246.5952380952381
211,320.72,245.7826086956522
218,331.36,262
217,329.84000000000003,253.75
219,332.88,251.3269230769231
216,328.32,238.81666666666663
218,331.36,249.6875
214,325.28000000000003,244.08333333333337
221,335.92,271.20454545454544
225,342,265.5
209,317.68,233.08333333333337
228,346.56,264.1607142857143
222,337.44,243.6
215,326.8,261.42105263157896
219,332.88,261.1875
220,334.4,250.76923076923077
222,337.44,264.0869565217391
217,329.84000000000003,252.02083333333337
209,317.68,225.17307692307693
208,316.16,231.12
213,323.76,251.025
213,323.76,236.1428571428571
225,342,267.6666666666667
219,332.88,254.55769230769232
217,329.84000000000003,246.25
212,322.24,254.025
216,328.32,231.015625
214,325.28000000000003,262.2142857142857
215,326.8,246.5
211,320.72,233.3448275862069
215,326.8,249.24074074074073
217,329.84000000000003,268.88235294117646
216,328.32,284.4473684210526
220,334.4,254.3809523809524
210,319.2,232.3448275862069
220,334.4,251.8793103448276
217,329.84000000000003,239.0806451612903
219,332.88,265.0952380952381
215,326.8,259.0833333333333
219,332.88,251.3269230769231
216,328.32,246.08333333333337
208,316.16,238.8571428571429
207,314.64,231.5
219,332.88,249.0178571428571
209,317.68,227.48076923076923
220,334.4,243.1428571428571
216,328.32,246.76923076923077
218,331.36,234.5689655172414
216,328.32,266.625
220,334.4,247.76923076923077
224,340.48,260.1607142857143
213,323.76,246.33333333333337
215,326.8,261.225
221,335.92,252.11363636363637
220,334.4,268.02173913043475
217,329.84000000000003,253.54347826086956
223,338.96,273.3809523809524
216,328.32,238.6875
226,343.52,258
219,332.88,261
225,342,277.5952380952381
214,325.28000000000003,242.52083333333337
217,329.84000000000003,249.3269230769231
209,317.68,253.1
209,317.68,227.2826086956522
215,326.8,246.3913043478261
221,335.92,259.0952380952381
216,328.32,243.38
217,329.84000000000003,241.8965517241379
223,338.96,261.5208333333333
213,323.76,245.8181818181818
215,326.8,239.8965517241379
220,334.4,260.19565217391306
217,329.84000000000003,250.62
218,331.36,250.3269230769231
220,334.4,251.1296296296296
216,328.32,242.74074074074073
218,331.36,268.625
219,332.88,247.57142857142856
218,331.36,253.28
223,338.96,265.1875
216,328.32,256.0909090909091
219,332.88,259.0909090909091
221,335.92,265.44444444444446
215,326.8,245.76923076923077
216,328.32,245.6296296296296
217,329.84000000000003,240.55769230769232
216,328.32,252.54347826086956
220,334.4,262
206,313.12,233.52380952380952
223,338.96,247.53225806451613
217,329.84000000000003,240.1428571428571
214,325.28000000000003,247.33333333333337
208,316.16,221.56451612903223
217,329.84000000000003,238.40740740740745
220,334.4,239.05882352941177
212,322.24,244.8181818181818
217,329.84000000000003,247.0178571428571
222,337.44,257.0208333333333
213,323.76,240.76923076923077
217,329.84000000000003,247.41379310344828
214,325.28000000000003,252.20454545454544
219,332.88,252.33333333333337
218,331.36,266.2142857142857
217,329.84000000000003,247.08333333333337
222,337.44,257.28
220,334.4,255.02083333333337
214,325.28000000000003,254.02380952380952
222,337.44,253.6875
222,337.44,260.5208333333333
214,325.28000000000003,240.74074074074073
214,325.28000000000003,292.8928571428571
215,326.8,249.5681818181818
209,317.68,240.11363636363637
218,331.36,253.28
219,332.88,244.1304347826087
211,320.72,235.5
222,337.44,257.28
218,331.36,264.08
213,323.76,240
221,335.92,251.41379310344828
206,313.12,258.65384615384613
219,332.88,236.015625
215,326.8,236.1206896551724
217,329.84000000000003,246.6296296296296
215,326.8,229.71621621621625
219,332.88,243.44642857142856
218,331.36,272.85714285714283
209,317.68,259.625
211,320.72,238.76923076923077
218,331.36,251.0178571428571
213,323.76,251.025
217,329.84000000000003,242.92
212,322.24,261.44117647058823
215,326.8,265.9473684210526
223,338.96,254.5
210,319.2,234.3809523809524
215,326.8,273.77777777777777
222,337.44,244.0806451612903
227,345.04,306.60526315789474
221,335.92,255.24074074074073
213,323.76,273.5
218,331.36,262.02173913043475
215,326.8,243.57142857142856
218,331.36,256.3478260869565
219,332.88,252.0178571428571
219,332.88,265.08
214,325.28000000000003,246.8181818181818
207,314.64,236.45454545454544
209,317.68,233.92307692307693
214,325.28000000000003,260.69444444444446
214,325.28000000000003,260.225
217,329.84000000000003,249
221,335.92,247.72727272727272
216,328.32,234.77586206896552
220,334.4,244.8965517241379
221,335.92,247.265625
223,338.96,255.66666666666663
220,334.4,256.98
221,335.92,254.9230769230769
210,319.2,254.44444444444449
224,340.48,253.25
216,328.32,269.2894736842105
217,329.84000000000003,245.16666666666663
221,335.92,271.9473684210526
218,331.36,254.75
216,328.32,245.25
220,334.4,268.4
211,320.72,238.38
219,332.88,251.66666666666663
217,329.84000000000003,249
215,326.8,255
209,317.68,247.02777777777777
215,326.8,268.2894736842105
217,329.84000000000003,252.02083333333337
218,331.36,250.66666666666663
215,326.8,253.20454545454544
227,345.04,265.5208333333333
211,320.72,235.08333333333337
211,320.72,242.6875
213,323.76,253
217,329.84000000000003,278.3611111111111
218,331.36,249.6875
219,332.88,247.16666666666663
221,335.92,256.0208333333333
213,323.76,241.57142857142856
217,329.84000000000003,241.92307692307693
213,323.76,237.8965517241379
224,340.48,249.2
206,313.12,235.45454545454544
203,308.56,233.625
217,329.84000000000003,239.3448275862069
220,334.4,257.7857142857143
223,338.96,255.66666666666663
211,320.72,236.1304347826087
214,325.28000000000003,264.3809523809524
214,325.28000000000003,237.765625
212,322.24,245.06521739130432
220,334.4,242.71621621621625
226,343.52,268.32
209,317.68,234.52083333333337
220,334.4,239.55714285714285
214,325.28000000000003,232.6451612903226
218,331.36,266.6578947368421
214,325.28000000000003,250.36363636363637
224,340.48,272.02173913043475
217,329.84000000000003,267.9473684210526
223,338.96,267
217,329.84000000000003,268.3611111111111
219,332.88,263.0238095238095
212,322.24,248.21428571428572
224,340.48,266.02272727272725
210,319.2,232.6875
217,329.84000000000003,253.54347826086956
218,331.36,262.0238095238095
216,328.32,252.21428571428572
214,325.28000000000003,238.5
217,329.84000000000003,241.06666666666663
219,332.88,241.3448275862069
219,332.88,246.76923076923077
224,340.48,276.5952380952381
216,328.32,236.6428571428571
217,329.84000000000003,240.6034482758621
214,325.28000000000003,244.42
215,326.8,244.16666666666663
213,323.76,269.94117647058823
212,322.24,261.44117647058823
209,317.68,232.1428571428571
216,328.32,246.0178571428571
220,334.4,253.62
218,331.36,238.74242424242425
217,329.84000000000003,275.13157894736844
217,329.84000000000003,247.42
223,338.96,243.62857142857143
219,332.88,255.98
213,323.76,243.625
218,331.36,248.08333333333337
214,325.28000000000003,260.42105263157896
212,322.24,239.225
214,325.28000000000003,265.3611111111111
221,335.92,267.02272727272725
209,317.68,243.225
213,323.76,239.32692307692307
212,322.24,244.8181818181818
217,329.84000000000003,238.1206896551724
217,329.84000000000003,248.3913043478261
220,334.4,268.02173913043475
216,328.32,254.52083333333337
214,325.28000000000003,244.08333333333337
214,325.28000000000003,242.52083333333337
214,325.28000000000003,237.6034482758621
223,338.96,245.0806451612903
216,328.32,260.7352941176471
212,322.24,242.08333333333337
219,332.88,261.1875
215,326.8,253.34782608695653
221,335.92,240.63636363636363
222,337.44,254.66666666666663
215,326.8,272.78125
223,338.96,261.3478260869565
210,319.2,244.7826086956522
218,331.36,251.33333333333337
219,332.88,286.6
216,328.32,230.1323529411765
212,322.24,246.225
215,326.8,237.6851851851852
217,329.84000000000003,242.78571428571428
213,323.76,251.025
219,332.88,261.1875
219,332.88,241.81666666666663
217,329.84000000000003,240.1428571428571
218,331.36,245
217,329.84000000000003,255.34782608695653
218,331.36,234.01666666666665
215,326.8,241.6304347826087
210,319.2,238.52083333333337
207,314.64,226.44642857142856
206,313.12,224.77586206896552
221,335.92,251.41379310344828
220,334.4,262.0869565217391
217,329.84000000000003,265.02173913043475
208,316.16,222
219,332.88,246.76923076923077
212,322.24,241.16666666666663
215,326.8,253.34782608695653
220,334.4,262.1875
215,326.8,271.94117647058823
221,335.92,257.75
220,334.4,260.19565217391306
208,316.16,232.08333333333337
209,317.68,241.02941176470588
213,323.76,259.69444444444446
218,331.36,273.6842105263158
219,332.88,254.02083333333337
220,334.4,244.92307692307693
218,331.36,242
219,332.88,247.16666666666663
221,335.92,256.28
210,319.2,254.02380952380952
223,338.96,248.35
201,305.52,239.0952380952381
219,332.88,259.0909090909091
218,331.36,249.1296296296296
213,323.76,238.35185185185185
225,342,273.02173913043475
217,329.84000000000003,276.55882352941177
220,334.4,251.8793103448276
214,325.28000000000003,249.28
216,328.32,235.26666666666665
216,328.32,243.38
218,331.36,264.0208333333333
212,322.24,238.74074074074073
212,322.24,261.44117647058823
211,320.72,240.76086956521735
217,329.84000000000003,242.92
219,332.88,259.0909090909091
217,329.84000000000003,244.76923076923077
220,334.4,245.92
213,323.76,237.92307692307693
218,331.36,248.08333333333337
210,319.2,259
221,335.92,245.8965517241379
210,319.2,236.6304347826087
219,332.88,276.6
214,325.28000000000003,249.85185185185185
217,329.84000000000003,257
216,328.32,258.10526315789474
221,335.92,243.3676470588235
220,334.4,253.9230769230769
223,338.96,285.5
211,320.72,231.6428571428571
224,340.48,280.54347826086956
223,338.96,256.01785714285717
219,332.88,247.98275862068965
220,334.4,266
214,325.28000000000003,258
212,322.24,241.16666666666663
216,328.32,242.74074074074073
218,331.36,258.0238095238095
217,329.84000000000003,266
215,326.8,271.25
212,322.24,250
221,335.92,251.0178571428571
222,337.44,278.8181818181818
206,313.12,218.15
213,323.76,249.54347826086956
214,325.28000000000003,243.45454545454544
212,322.24,254.1052631578947
217,329.84000000000003,245.52083333333337
215,326.8,261
212,322.24,235.55769230769232
212,322.24,256.2368421052632
213,323.76,240.76923076923077
209,317.68,225.82
223,338.96,271.0909090909091
218,331.36,244.66666666666663
221,335.92,248.16071428571428
216,328.32,252.36363636363637
214,325.28000000000003,246.5952380952381
219,332.88,243
219,332.88,283
222,337.44,252.42
210,319.2,233.1428571428571
218,331.36,243.35185185185185
217,329.84000000000003,244.76923076923077
212,322.24,228.5689655172414
217,329.84000000000003,242.35185185185185
211,320.72,229.15
220,334.4,249.25
211,320.72,253
215,326.8,238.55769230769232
217,329.84000000000003,257.3333333333333
212,322.24,240.52083333333337
216,328.32,248
221,335.92,261.3333333333333
215,326.8,243.88
218,331.36,243.78571428571428
209,317.68,245.02941176470588
220,334.4,256.75
211,320.72,238.58620689655172
213,323.76,242.76086956521735
213,323.76,240.38
213,323.76,228.68
214,325.28000000000003,269.6842105263158
212,322.24,233.78
209,317.68,228.69230769230768
219,332.88,277.77777777777777
216,328.32,282.125
213,323.76,242.76086956521735
221,335.92,244.765625
219,332.88,250.5
210,319.2,228.28571428571428
220,334.4,262.1875
213,323.76,237.5
224,340.48,260.98
210,319.2,234.92307692307693
218,331.36,256.3478260869565
220,334.4,245.35185185185185
228,346.56,256.4516129032258
217,329.84000000000003,247.76923076923077
216,328.32,240.8965517241379
214,325.28000000000003,250.21428571428572
214,325.28000000000003,252.20454545454544
216,328.32,245.82258064516128
214,325.28000000000003,242.88
210,319.2,242.4
215,326.8,253.20454545454544
223,338.96,267.18
211,320.72,243.4
216,328.32,239.6034482758621
210,319.2,273
213,323.76,262.44117647058823
216,328.32,258.025
216,328.32,250.5681818181818
218,331.36,256.3478260869565
212,322.24,246.5681818181818
212,322.24,236.92307692307693
214,325.28000000000003,236.81666666666663
223,338.96,261.5208333333333
214,325.28000000000003,234.16666666666663
202,307.04,232.1176470588235
218,331.36,251.33333333333337
215,326.8,239.8965517241379
225,342,260.0208333333333
216,328.32,247.6875
214,325.28000000000003,242.52083333333337
215,326.8,233.01470588235293
215,326.8,245.76923076923077
205,311.6,233.17391304347825
218,331.36,246.52083333333337
217,329.84000000000003,245.01666666666665
222,337.44,260.9423076923077
216,328.32,241
218,331.36,254.36363636363637
216,328.32,249.33333333333337
222,337.44,264.02272727272725
215,326.8,249.5681818181818
220,334.4,254.7826086956522
212,322.24,247.55769230769232
220,334.4,241.6
215,326.8,239.92307692307693
223,338.96,262.44642857142856
220,334.4,251.1296296296296
213,323.76,231.6451612903226
219,332.88,254.85185185185185
222,337.44,277.6842105263158
219,332.88,257.5208333333333
208,316.16,225.30769230769232
207,314.64,239.5952380952381
210,319.2,231.1206896551724
214,325.28000000000003,268.3478260869565
215,326.8,251.21428571428572
219,332.88,272.2894736842105
221,335.92,250.25
220,334.4,240.6428571428571
217,329.84000000000003,238.875
213,323.76,238.1304347826087
216,328.32,242.74074074074073
220,334.4,242.6851851851852
216,328.32,252.75
220,334.4,266.08
212,322.24,236
210,319.2,236.32692307692307
217,329.84000000000003,250.06521739130432
218,331.36,256.0952380952381
220,334.4,258.72
210,319.2,252.08695652173913
215,326.8,285.61764705882354
216,328.32,246.08333333333337
210,319.2,261.3611111111111
221,335.92,276.225
218,331.36,271.2894736842105
212,322.24,238.74074074074073
222,337.44,249.58620689655172
214,325.28000000000003,234.6428571428571
216,328.32,274.77777777777777
217,329.84000000000003,242.78571428571428
222,337.44,280.77777777777777
220,334.4,243.04545454545456
222,337.44,286
216,328.32,240.8965517241379
206,313.12,226.48
212,322.24,236.44642857142856
221,335.92,269.02173913043475
226,343.52,252.74074074074073
209,317.68,232.55769230769232
215,326.8,253.34782608695653
216,328.32,248.3269230769231
214,325.28000000000003,254.02380952380952
213,323.76,239.74074074074073
215,326.8,250.55769230769232
221,335.92,286.025
219,332.88,254.55769230769232
210,319.2,235.92
222,337.44,255.9230769230769
212,322.24,247.02083333333337
215,326.8,257
221,335.92,252.5
216,328.32,240
214,325.28000000000003,260.69444444444446
212,322.24,261
215,326.8,249.225
216,328.32,256.0909090909091
220,334.4,253.62
215,326.8,261.225
225,342,286.45454545454544
215,326.8,261.69444444444446
212,322.24,232.16666666666663
211,320.72,249.02777777777777
213,323.76,251.025
220,334.4,270.625
219,332.88,241.81666666666663
214,325.28000000000003,236.81666666666663
218,331.36,248.08333333333337
220,334.4,260.6923076923077
211,320.72,251.02380952380952
216,328.32,246.76923076923077
213,323.76,251.025
209,317.68,237.88
211,320.72,233.3448275862069
219,332.88,250.3913043478261
215,326.8,245.42
216,328.32,232.5
213,323.76,279.0357142857143
220,334.4,262.02272727272725
220,334.4,244.53225806451613
207,314.64,247.26470588235293
220,334.4,253.9230769230769
216,328.32,262.0952380952381
225,342,259.57142857142856
216,328.32,258
213,323.76,238.35
206,313.12,238.4
214,325.28000000000003,256.1875
213,323.76,237.5
222,337.44,249.58620689655172
208,316.16,242.5681818181818
213,323.76,247.5681818181818
201,305.52,258.14285714285717
217,329.84000000000003,242.35185185185185
215,326.8,249.57142857142856
211,320.72,235.08333333333337
218,331.36,247.25
221,335.92,256.0208333333333
224,340.48,257.37931034482756
225,342,250.80645161290323
211,320.72,249.0952380952381
214,325.28000000000003,244.42
209,317.68,227.28571428571428
218,331.36,258.19565217391306
221,335.92,265.0238095238095
214,325.28000000000003,252.34782608695653
220,334.4,238.5606060606061
215,326.8,236.33333333333337
217,329.84000000000003,240.29032258064515
222,337.44,262.5
221,335.92,257.98
218,331.36,260
204,310.08,221.30769230769232
214,325.28000000000003,244.08333333333337
210,319.2,250
210,319.2,236.27272727272728
226,343.52,259.01785714285717
214,325.28000000000003,242.17391304347825
221,335.92,276.6842105263158
219,332.88,244
215,326.8,304.2857142857143
214,325.28000000000003,256.10526315789474
214,325.28000000000003,234.94230769230768
210,319.2,237.8409090909091
218,331.36,236.6451612903226
205,311.6,221.82
214,325.28000000000003,241
206,313.12,232.6304347826087
221,335.92,247.66666666666663
213,323.76,279.125
206,313.12,233
219,332.88,241.0806451612903
215,326.8,253.20454545454544
226,343.52,252.265625
220,334.4,247.76923076923077
221,335.92,246
216,328.32,237.875
211,320.72,245.5681818181818
217,329.84000000000003,241.92307692307693
219,332.88,249.42
219,332.88,244.35
217,329.84000000000003,261.02173913043475
211,320.72,243.23684210526315
219,332.88,253.5681818181818
216,328.32,256
217,329.84000000000003,253.75
225,342,254.4
214,325.28000000000003,237.67391304347825
226,343.52,272.08
225,342,252.19117647058823
214,325.28000000000003,246.8181818181818
215,326.8,271.0333333333333
224,340.48,276.0833333333333
221,335.92,246.78571428571428
216,328.32,235.26666666666665
224,340.48,270.02272727272725
205,311.6,241.1
220,334.4,256.54347826086956
215,326.8,232.6551724137931
219,332.88,254.55769230769232
215,326.8,248.33333333333337
216,328.32,249.33333333333337
225,342,253.98275862068965
226,343.52,259.62
218,331.36,280.2352941176471
220,334.4,240.74242424242425
209,317.68,238.76086956521735
212,322.24,242.8571428571429
211,320.72,249.72
217,329.84000000000003,272.225
215,326.8,246.6875
212,322.24,240.88
222,337.44,268.225
214,325.28000000000003,258.0238095238095
223,338.96,254.1296296296296
209,317.68,236.8409090909091
220,334.4,248.98275862068965
206,313.12,251.125
219,332.88,276.78125
214,325.28000000000003,269.6842105263158
217,329.84000000000003,245.98275862068965
212,322.24,250.34782608695653
221,335.92,252.1296296296296
206,313.12,233.52380952380952
225,342,267.32
216,328.32,233.7962962962963
211,320.72,238.8409090909091
206,313.12,236.42105263157896
220,334.4,262.02272727272725
219,332.88,255.36363636363637
213,323.76,236.12
217,329.84000000000003,253.75
221,335.92,247.22413793103448
220,334.4,256.75
219,332.88,252.62
220,334.4,244.44642857142856
212,322.24,247.28
214,325.28000000000003,252.025
204,310.08,231.52380952380952
204,310.08,217.06666666666663
225,342,255.41379310344828
209,317.68,233.08333333333337
222,337.44,264.1875
213,323.76,233.16666666666663
223,338.96,279.8181818181818
212,322.24,231.9310344827586
209,317.68,247.02777777777777
212,322.24,258.225
217,329.84000000000003,244.38
213,323.76,237.8965517241379
214,325.28000000000003,258.7352941176471
218,331.36,270.9
221,335.92,265.0833333333333
217,329.84000000000003,243.22413793103448
217,329.84000000000003,252.02083333333337
216,328.32,237.40740740740745
215,326.8,240.92
216,328.32,244.16666666666663
214,325.28000000000003,250.36363636363637
206,313.12,221.0178571428571
223,338.96,283.025
222,337.44,260.3478260869565
215,326.8,248.33333333333337
207,314.64,239.8181818181818
212,322.24,246.3809523809524
209,317.68,235.94736842105263
218,331.36,255.23076923076923
216,328.32,247.6875
217,329.84000000000003,271.38235294117646
205,311.6,247.47058823529412
214,325.28000000000003,244.08333333333337
226,343.52,264.72
214,325.28000000000003,267.77777777777777
219,332.88,259.3333333333333
222,337.44,254
218,331.36,246.17391304347825
217,329.84000000000003,255.52083333333337
213,323.76,245.3269230769231
222,337.44,264.025
221,335.92,269.02173913043475
219,332.88,257.5208333333333
215,326.8,242
211,320.72,228.06666666666663
223,338.96,260.7857142857143
221,335.92,250.4
210,319.2,235.52083333333337
217,329.84000000000003,235.77586206896552
216,328.32,241.78571428571428
214,325.28000000000003,242.17391304347825
223,338.96,256.01785714285717
219,332.88,303.5
212,322.24,237.35185185185185
217,329.84000000000003,241.8965517241379
209,317.68,237.88
223,338.96,267
214,325.28000000000003,250.1
221,335.92,244.29032258064515
222,337.44,266.0833333333333
213,323.76,243.08333333333337
212,322.24,252.02380952380952
221,335.92,269.4
221,335.92,258.2307692307692
211,320.72,238.52380952380952
215,326.8,238.55769230769232
220,334.4,238.01470588235293
223,338.96,249.74074074074073
216,328.32,242.32692307692307
214,325.28000000000003,241.76923076923077
214,325.28000000000003,231.6551724137931
220,334.4,262.0869565217391
207,314.64,229.3448275862069
209,317.68,221.74242424242425
222,337.44,252.81666666666663
227,345.04,273.1730769230769
217,329.84000000000003,253.36363636363637
213,323.76,243.42
216,328.32,247.11363636363637
212,322.24,260.6578947368421
224,340.48,254.81666666666663
212,322.24,239.52380952380952
213,323.76,263.9473684210526
221,335.92,273.5952380952381
226,343.52,262.1607142857143
211,320.72,291.6666666666667
217,329.84000000000003,244.16071428571428
209,317.68,247.34782608695653
217,329.84000000000003,243.74074074074073
221,335.92,269.02173913043475
222,337.44,251.6296296296296
217,329.84000000000003,265.4
219,332.88,261.1875
218,331.36,250.66666666666663
224,340.48,268.0833333333333
223,338.96,256.62
222,337.44,258.54347826086956
214,325.28000000000003,238
217,329.84000000000003,238.78
212,322.24,233.875
201,305.52,226.28947368421052
219,332.88,257.20454545454544
216,328.32,245.25
208,316.16,232.08333333333337
213,323.76,274.6333333333333
215,326.8,245.76923076923077
215,326.8,264.44117647058823
220,334.4,261.14285714285717
212,322.24,256.7352941176471
218,331.36,256.3478260869565
211,320.72,230.26666666666665
212,322.24,231.44642857142856
214,325.28000000000003,245.1296296296296
217,329.84000000000003,240.29032258064515
217,329.84000000000003,248.6875
215,326.8,264
215,326.8,235.94230769230768
218,331.36,251.0178571428571
217,329.84000000000003,255.20454545454544
214,325.28000000000003,233.44642857142856
222,337.44,259.2307692307692
220,334.4,250.41379310344828
217,329.84000000000003,257.6923076923077
215,326.8,250.02083333333337
228,346.56,266.72
220,334.4,253.33333333333337
215,326.8,255.0263157894737
214,325.28000000000003,258.0238095238095
219,332.88,245.74074074074073
216,328.32,262
214,325.28000000000003,244.08333333333337
215,326.8,278.1842105263158
217,329.84000000000003,236.140625
222,337.44,251.6296296296296
210,319.2,236.6304347826087
213,323.76,263.3809523809524
212,322.24,248.36363636363637
217,329.84000000000003,247.76923076923077
216,328.32,277.3611111111111
223,338.96,256.62
213,323.76,257.44444444444446
215,326.8,270.6842105263158
224,340.48,261.5
225,342,252.5625
217,329.84000000000003,251.7826086956522
223,338.96,246.765625
228,346.56,265.2307692307692
219,332.88,261.1875
209,317.68,235.6304347826087
216,328.32,251.02083333333337
228,346.56,270.6666666666667
210,319.2,254.44444444444449
217,329.84000000000003,257.19565217391306
216,328.32,233.56451612903223
220,334.4,260.5
222,337.44,266
220,334.4,258.72
209,317.68,253.44444444444449
215,326.8,255.02380952380952
221,335.92,251.76923076923077
221,335.92,250.25
218,331.36,246.17391304347825
204,310.08,231.225
226,343.52,261.5576923076923
212,322.24,238.22413793103448
221,335.92,267.02272727272725
215,326.8,236.6
219,332.88,255.75
228,346.56,262.24074074074076
218,331.36,250.3269230769231
213,323.76,245.8181818181818
212,322.24,236.8965517241379
220,334.4,270.3809523809524
219,332.88,255.98
212,322.24,244
218,331.36,264.225
219,332.88,263.3076923076923
221,335.92,257.54347826086956
219,332.88,240.87878787878788
219,332.88,253.7826086956522
219,332.88,257.0952380952381
215,326.8,236.78
217,329.84000000000003,255.20454545454544
217,329.84000000000003,242.35185185185185
223,338.96,248.78571428571428
215,326.8,259.1
218,331.36,271.2894736842105
217,329.84000000000003,261.2368421052632
212,322.24,252.0263157894737
217,329.84000000000003,245.17391304347825
219,332.88,243.8965517241379
214,325.28000000000003,237.04545454545456
217,329.84000000000003,251.5681818181818
211,320.72,253.78125
221,335.92,281.63157894736844
217,329.84000000000003,257.19565217391306
215,326.8,259.2368421052632
219,332.88,261.32
221,335.92,252.1296296296296
223,338.96,253.41379310344828
215,326.8,257.02272727272725
217,329.84000000000003,261.2368421052632
223,338.96,247.06666666666663
216,328.32,269.77777777777777
221,335.92,254.9230769230769
216,328.32,247.6875
211,320.72,241.42
220,334.4,253.33333333333337
219,332.88,259.19565217391306
220,334.4,256.75
218,331.36,240.81666666666663
221,335.92,262.3965517241379
217,329.84000000000003,247.42
219,332.88,265.0952380952381
215,326.8,242
215,326.8,261.225
218,331.36,264.0952380952381
218,331.36,249.6875
211,320.72,232.33333333333337
221,335.92,256.0208333333333
210,319.2,239.16666666666663
216,328.32,238.3448275862069
218,331.36,258.3333333333333
218,331.36,236.5606060606061
225,342,262.5
213,323.76,253.19565217391303
210,319.2,252.025
221,335.92,239.0625
215,326.8,243.98275862068965
210,319.2,230.94230769230768
218,331.36,253.02083333333337
218,331.36,241.6034482758621
215,326.8,239.92307692307693
221,335.92,252.6875
221,335.92,257.54347826086956
217,329.84000000000003,249.5952380952381
225,342,282.1666666666667
215,326.8,241.27272727272728
218,331.36,251.9230769230769
217,329.84000000000003,249.3269230769231
216,328.32,239.55769230769232
213,323.76,231.28571428571428
225,342,258.9230769230769
218,331.36,241.1428571428571
222,337.44,246.44642857142856
217,329.84000000000003,244.38
223,338.96,269.0208333333333
208,316.16,252.23684210526315
229,348.08,269.9074074074074
225,342,265.19565217391306
211,320.72,253.1052631578947
212,322.24,237.92
213,323.76,249.54347826086956
219,332.88,261.32
221,335.92,245.53225806451613
218,331.36,247.25
219,332.88,247.16666666666663
207,314.64,224.52083333333337
221,335.92,265
220,334.4,280.63157894736844
221,335.92,261.3333333333333
218,331.36,262.02173913043475
218,331.36,250.3269230769231
219,332.88,247.98275862068965
214,325.28000000000003,237.1428571428571
218,331.36,254.36363636363637
222,337.44,252.81666666666663
221,335.92,249.52083333333337
218,331.36,258.0238095238095
210,319.2,242.8181818181818
218,331.36,264.42105263157896
219,332.88,254.02083333333337
209,317.68,257.6578947368421
209,317.68,232.27272727272728
219,332.88,259.19565217391306
223,338.96,263.5
209,317.68,226.16071428571428
218,331.36,260.025
214,325.28000000000003,252.34782608695653
208,316.16,237.76086956521735
213,323.76,272.55882352941177
222,337.44,249.58620689655172
218,331.36,246.57142857142856
209,317.68,227.28571428571428
216,328.32,244.88
220,334.4,250.42
210,319.2,274.5333333333333
218,331.36,251.9230769230769
224,340.48,246.3676470588235
216,328.32,248.5952380952381
221,335.92,257.75
212,322.24,239.38
217,329.84000000000003,248.5
218,331.36,244.32692307692307
229,348.08,273.3076923076923
220,334.4,248.57142857142856
214,325.28000000000003,233.9310344827586
214,325.28000000000003,256
214,325.28000000000003,232.6451612903226
211,320.72,244.06521739130432
217,329.84000000000003,253.75
215,326.8,239.44642857142856
218,331.36,253.28
213,323.76,259.69444444444446
219,332.88,252.62
221,335.92,238.05263157894737
219,332.88,261.02272727272725
215,326.8,251.36363636363637
212,322.24,254.1052631578947
220,334.4,256.54347826086956
212,322.24,248.54347826086956
214,325.28000000000003,248.5681818181818
210,319.2,242.5952380952381
219,332.88,259.0238095238095
210,319.2,248
220,334.4,258.0952380952381
220,334.4,248.4516129032258
215,326.8,259.44444444444446
213,323.76,260.53125
208,316.16,232.08333333333337
217,329.84000000000003,241.44642857142856
211,320.72,240.16666666666663
214,325.28000000000003,258.44444444444446
214,325.28000000000003,242.88
218,331.36,246.57142857142856
220,334.4,280.025
220,334.4,249.6296296296296
209,317.68,251
225,342,253.98275862068965
219,332.88,267.2142857142857
218,331.36,262.0238095238095
206,313.12,240.5681818181818
209,317.68,256.05882352941177
216,328.32,245.76086956521735
220,334.4,257.2307692307692
222,337.44,255.9230769230769
215,326.8,250.02083333333337
225,342,252.76923076923077
214,325.28000000000003,260.0952380952381
217,329.84000000000003,252.85185185185185
222,337.44,264.02272727272725
214,325.28000000000003,260.42105263157896
218,331.36,251.33333333333337
211,320.72,240.45454545454544
217,329.84000000000003,257.3333333333333
210,319.2,257.53125
217,329.84000000000003,242.35185185185185
221,335.92,257.75
221,335.92,252.2258064516129
215,326.8,259.2368421052632
208,316.16,261.77777777777777
224,340.48,260.54347826086956
223,338.96,251.98275862068965
214,325.28000000000003,256.10526315789474
216,328.32,233.7962962962963
219,332.88,249.76923076923077
217,329.84000000000003,257.19565217391306
212,322.24,256.7352941176471
224,340.48,280.54347826086956
218,331.36,253.55769230769232
222,337.44,291.44444444444446
214,325.28000000000003,266.53125
219,332.88,245.22413793103448
214,325.28000000000003,236.6851851851852
215,326.8,257
216,328.32,245.76086956521735
214,325.28000000000003,258.1
219,332.88,247.16666666666663
209,317.68,239.08333333333337
217,329.84000000000003,243.22413793103448
210,319.2,231.875
222,337.44,249.1129032258065
213,323.76,240.76923076923077
211,320.72,234.27272727272728
219,332.88,246.76923076923077
217,329.84000000000003,261.2368421052632
214,325.28000000000003,239.1304347826087
219,332.88,250.5
212,322.24,237.52083333333337
220,334.4,242.0806451612903
217,329.84000000000003,261.2368421052632
215,326.8,245.08333333333337
227,345.04,277.0208333333333
213,323.76,259.42105263157896
214,325.28000000000003,250.98
216,328.32,254.20454545454544
214,325.28000000000003,274.025
217,329.84000000000003,240.6034482758621
223,338.96,248.78571428571428
216,328.32,264.6578947368421
212,322.24,243.11363636363637
215,326.8,268.2894736842105
213,323.76,261.6578947368421
214,325.28000000000003,241
216,328.32,249.06521739130432
209,317.68,251.1052631578947
218,331.36,254.36363636363637
215,326.8,239.5
223,338.96,255.66666666666663
214,325.28000000000003,252.34782608695653
212,322.24,235.55769230769232
220,334.4,254.91379310344828
214,325.28000000000003,235.6
223,338.96,261.08620689655174
221,335.92,254.9230769230769
216,328.32,254.52083333333337
204,310.08,235.11363636363637
216,328.32,241.1304347826087
212,322.24,241.25
212,322.24,233.875
220,334.4,244.92307692307693
224,340.48,281.1666666666667
214,325.28000000000003,248.225
213,323.76,240.38
217,329.84000000000003,244.38
218,331.36,249.1296296296296
218,331.36,243
220,334.4,249.6296296296296
221,335.92,261.6923076923077
221,335.92,256.5576923076923
216,328.32,241.78571428571428
218,331.36,254.98
216,328.32,262.02272727272725
218,331.36,242.44642857142856
216,328.32,251.02083333333337
212,322.24,236.44642857142856
218,331.36,247.76086956521735
221,335.92,255.24074074074073
220,334.4,253.75
218,331.36,249.1296296296296
213,323.76,241.52083333333337
216,328.32,250.24074074074073
217,329.84000000000003,249
214,325.28000000000003,263
208,316.16,232
218,331.36,249.5
215,326.8,253.0952380952381
225,342,271.0208333333333
214,325.28000000000003,243.6296296296296
212,322.24,232.9032258064516
220,334.4,251.5
222,337.44,251.25
222,337.44,245.765625
219,332.88,247.16666666666663
222,337.44,260.5208333333333
218,331.36,245.76923076923077
212,322.24,244.8181818181818
210,319.2,266.0333333333333
217,329.84000000000003,263.0208333333333
215,326.8,245.76923076923077
212,322.24,232.6428571428571
217,329.84000000000003,257.19565217391306
218,331.36,280.2352941176471
217,329.84000000000003,253.36363636363637
212,322.24,230.6451612903226
219,332.88,246.16071428571428
209,317.68,229.94230769230768
217,329.84000000000003,270.2894736842105
216,328.32,239.1428571428571
204,310.08,221.30769230769232
207,314.64,233.74074074074073
215,326.8,233.6451612903226
215,326.8,239.92307692307693
213,323.76,246.62
211,320.72,241.08333333333337
215,326.8,249.5681818181818
225,342,255.76923076923077
213,323.76,236.55769230769232
214,325.28000000000003,243.45454545454544
219,332.88,245.74074074074073
225,342,265.5
219,332.88,243.44642857142856
217,329.84000000000003,242.78571428571428
221,335.92,263.0869565217391
217,329.84000000000003,252.55769230769232
219,332.88,273.5681818181818
214,325.28000000000003,229.015625
215,326.8,246.6875
214,325.28000000000003,238.92307692307693
211,320.72,239.52083333333337
214,325.28000000000003,254
222,337.44,254.66129032258064
209,317.68,253.02380952380952
216,328.32,271.6842105263158
217,329.84000000000003,242.92
220,334.4,258.20454545454544
219,332.88,249.76923076923077
212,322.24,246.3809523809524
221,335.92,253.66666666666663
216,328.32,243.76923076923077
217,329.84000000000003,255.52083333333337
215,326.8,255.02380952380952
215,326.8,259.7352941176471
214,325.28000000000003,238.92307692307693
219,332.88,257.3478260869565
221,335.92,287.8809523809524
219,332.88,281.2352941176471
216,328.32,254.20454545454544
220,334.4,256.75
228,346.56,258.41379310344826
210,319.2,244.3809523809524
219,332.88,257.72
215,326.8,265.9473684210526
210,319.2,235.52083333333337
207,314.64,235.9
213,323.76,253.0909090909091
215,326.8,243.88
214,325.28000000000003,247.06521739130432
217,329.84000000000003,245.98275862068965
210,319.2,226.66666666666663
206,313.12,228.3448275862069
212,322.24,248.36363636363637
220,334.4,258.3478260869565
214,325.28000000000003,231.06666666666663
213,323.76,248.02083333333337
227,345.04,259.6666666666667
213,323.76,240.38
223,338.96,265.0869565217391
214,325.28000000000003,239.78571428571428
219,332.88,259.0238095238095
214,325.28000000000003,233.26666666666665
213,323.76,244.11363636363637
214,325.28000000000003,232.15
209,317.68,226.16071428571428
217,329.84000000000003,259.0869565217391
218,331.36,274.25
222,337.44,255.9230769230769
222,337.44,249.76923076923077
214,325.28000000000003,258.0833333333333
210,319.2,236.6304347826087
212,322.24,254
215,326.8,255.19565217391303
223,338.96,273.20454545454544
216,328.32,246.42
218,331.36,241.55769230769232
221,335.92,255.91379310344828
220,334.4,262.0869565217391
210,319.2,258.2142857142857
222,337.44,274.9
217,329.84000000000003,248.6875
213,323.76,244.1296296296296
201,305.52,229.9
218,331.36,244.74074074074073
211,320.72,247.0263157894737
220,334.4,250.0178571428571
208,316.16,232.08333333333337
212,322.24,261.44117647058823
226,343.52,263.7857142857143
218,331.36,260
217,329.84000000000003,245.57142857142856
217,329.84000000000003,270.2894736842105
217,329.84000000000003,236.63636363636363
220,334.4,249.6296296296296
214,325.28000000000003,252.52083333333337
215,326.8,242
221,335.92,246.35
217,329.84000000000003,261.1
219,332.88,253.7826086956522
219,332.88,284.025
208,316.16,248.11111111111111
208,316.16,235.52380952380952
215,326.8,247.3269230769231
217,329.84000000000003,271.38235294117646
218,331.36,256.72
207,314.64,236.45454545454544
215,326.8,251.36363636363637
223,338.96,245.0806451612903
214,325.28000000000003,242.52083333333337
221,335.92,256.0208333333333
221,335.92,265.0833333333333
219,332.88,249.0178571428571
210,319.2,238.17391304347825
214,325.28000000000003,234.6428571428571
218,331.36,256.20454545454544
215,326.8,262.05882352941177
223,338.96,251.890625
219,332.88,257.5208333333333
207,314.64,231.5
212,322.24,252.0909090909091
211,320.72,240.16666666666663
218,331.36,278.5
208,316.16,235.76923076923077
212,322.24,248.54347826086956
217,329.84000000000003,241.8965517241379
216,328.32,260
215,326.8,274.55882352941177
206,313.12,226.94230769230768
210,319.2,231.40740740740745
213,323.76,251.52083333333337
222,337.44,246.06666666666663
221,335.92,261.5
211,320.72,245.3809523809524
206,313.12,223.8181818181818
219,332.88,243
219,332.88,248.6296296296296
214,325.28000000000003,242.52083333333337
212,322.24,234.6875
213,323.76,248.28
216,328.32,244.88
215,326.8,253.72
215,326.8,259.2368421052632
214,325.28000000000003,239.35185185185185
212,322.24,238.66666666666663
211,320.72,253.47058823529412
218,331.36,277.55882352941177
216,328.32,239.1428571428571
216,328.32,254.72
216,328.32,235.26666666666665
219,332.88,241.0806451612903
211,320.72,257.69444444444446
210,319.2,237.8409090909091
221,335.92,259.5208333333333
221,335.92,247.22413793103448
215,326.8,242.76923076923077
222,337.44,256.3809523809524
213,323.76,247.7826086956522
217,329.84000000000003,241
218,331.36,249.11363636363637
223,338.96,260.2307692307692
217,329.84000000000003,251.7826086956522
216,328.32,251.28
203,308.56,224.33333333333337
207,314.64,245
223,338.96,260.7857142857143
212,322.24,270.77777777777777
221,335.92,249.01666666666665
216,328.32,249.62
223,338.96,259.1607142857143
211,320.72,234.67391304347825
217,329.84000000000003,255.025
220,334.4,251.6875
220,334.4,258.08620689655174
213,323.76,241.88
215,326.8,253.0952380952381
218,331.36,250.66666666666663
218,331.36,244.74074074074073
218,331.36,264.225
220,334.4,262.02272727272725
216,328.32,243.38
223,338.96,252.6296296296296
220,334.4,260.6923076923077
214,325.28000000000003,248.5681818181818
208,316.16,232.08333333333337
221,335.92,263.02272727272725
216,328.32,241.78571428571428
222,337.44,254.66666666666663
207,314.64,233.32692307692307
215,326.8,248.9230769230769
221,335.92,259.5208333333333
223,338.96,246.765625
223,338.96,246.29032258064515
220,334.4,248.98275862068965
213,323.76,239.32692307692307
215,326.8,253.34782608695653
223,338.96,265.6666666666667
216,328.32,250.3809523809524
215,326.8,253.34782608695653
213,323.76,235.6875
213,323.76,245.8181818181818
212,322.24,245.06521739130432
218,331.36,262.1
215,326.8,250.02083333333337
221,335.92,256.5576923076923
206,313.12,233.52380952380952
217,329.84000000000003,245.88
220,334.4,248.88
219,332.88,259.0909090909091
219,332.88,257.3478260869565
210,319.2,232.6851851851852
221,335.92,253.66666666666663
210,319.2,239.76086956521735
216,328.32,254.20454545454544
217,329.84000000000003,265.6578947368421
220,334.4,247.58620689655172
210,319.2,232.3448275862069
216,328.32,244.52083333333337
206,313.12,229.12
205,311.6,239.5681818181818
214,325.28000000000003,234.6428571428571
225,342,260.5576923076923
220,334.4,255.26666666666665
211,320.72,268.14285714285717
217,329.84000000000003,266.44117647058823
223,338.96,261.3478260869565
217,329.84000000000003,250.06521739130432
217,329.84000000000003,265.6578947368421
212,322.24,243.11363636363637
218,331.36,245.58620689655172
214,325.28000000000003,250.36363636363637
216,328.32,252.75
215,326.8,235.16666666666663
216,328.32,242.74074074074073
214,325.28000000000003,264.3809523809524
215,326.8,261.225
212,322.24,267.6842105263158
220,334.4,262.02272727272725
213,323.76,234.33333333333337
221,335.92,265
217,329.84000000000003,239.5625
219,332.88,279.025
210,319.2,244.3809523809524
221,335.92,251.08333333333337
222,337.44,262.0909090909091
217,329.84000000000003,276.55882352941177
211,320.72,234.1428571428571
220,334.4,255.02083333333337
219,332.88,257.9423076923077
213,323.76,266.77777777777777
215,326.8,231.51612903225805
218,331.36,253.28
216,328.32,245.45454545454544
218,331.36,249.1296296296296
222,337.44,249.58620689655172
219,332.88,247.88
214,325.28000000000003,243.25
217,329.84000000000003,263.42105263157896
211,320.72,227.51612903225805
212,322.24,245.06521739130432
210,319.2,236.6304347826087
219,332.88,271.5952380952381
221,335.92,248.76923076923077
215,326.8,241.74074074074073
216,328.32,248.3269230769231
218,331.36,249.1296296296296
221,335.92,247.66666666666663
207,314.64,229.3448275862069
214,325.28000000000003,244.8571428571429
213,323.76,240.76923076923077
219,332.88,245.74074074074073
216,328.32,231.5151515151515
218,331.36,250.66666666666663
210,319.2,238.57142857142856
214,325.28000000000003,248.5681818181818
204,310.08,262.5
215,326.8,257.0869565217391
217,329.84000000000003,263.225
215,326.8,246.1296296296296
214,325.28000000000003,263
222,337.44,255.33333333333337
221,335.92,258.2307692307692
221,335.92,245.44642857142856
217,329.84000000000003,245.88
211,320.72,236.35185185185185
220,334.4,238.01470588235293
217,329.84000000000003,250.33333333333337
207,314.64,245
216,328.32,250.3809523809524
219,332.88,243.06666666666663
212,322.24,254.025
207,314.64,237.08333333333337
213,323.76,249.21428571428572
221,335.92,257.75
206,313.12,249.2
214,325.28000000000003,243.45454545454544
215,326.8,265.0869565217391
221,335.92,246.80645161290323
218,331.36,264.225
212,322.24,248.1
217,329.84000000000003,240.6034482758621
221,335.92,253.8181818181818
224,340.48,250.265625
209,317.68,249.11111111111111
217,329.84000000000003,244.16071428571428
209,317.68,249.02380952380952
219,332.88,250.3913043478261
217,329.84000000000003,249.5952380952381
205,311.6,234.45454545454544
217,329.84000000000003,239.0806451612903
215,326.8,232.7962962962963
216,328.32,247.6875
221,335.92,243.5625
210,319.2,262.53125
211,320.72,231.6428571428571
215,326.8,269.85714285714283
218,331.36,250
220,334.4,262.02272727272725
221,335.92,257.98
218,331.36,270.3636363636364
219,332.88,274.6842105263158
215,326.8,255.33333333333337
222,337.44,257.28
212,322.24,234.6851851851852
209,317.68,245.1
224,340.48,260.98
216,328.32,247.1296296296296
214,325.28000000000003,244.08333333333337
223,338.96,259.98
212,322.24,247.28
223,338.96,263.5
220,334.4,241.875
220,334.4,257.7857142857143
207,314.64,255.13333333333333
213,323.76,255.08695652173913
214,325.28000000000003,244.76923076923077
212,322.24,250.0952380952381
220,334.4,264.0238095238095
227,345.04,257.41379310344826
220,334.4,253.33333333333337
213,323.76,232.9310344827586
222,337.44,244.3676470588235
221,335.92,257.54347826086956
215,326.8,245.08333333333337
212,322.24,260.6578947368421
217,329.84000000000003,237.9032258064516
213,323.76,259.225
216,328.32,251.02083333333337
219,332.88,236.6551724137931
215,326.8,247
221,335.92,259.20454545454544
216,328.32,249.06521739130432
215,326.8,247.4
225,342,277.9
219,332.88,241.3448275862069
219,332.88,253.5681818181818
223,338.96,258.85185185185185
216,328.32,250.7826086956522
214,325.28000000000003,244.08333333333337
211,320.72,237.22413793103448
221,335.92,258.2307692307692
207,314.64,227.94230769230768
215,326.8,253.52083333333337
218,331.36,252.24074074074073
219,332.88,261
218,331.36,247.6296296296296
216,328.32,266.20454545454544
219,332.88,239.6428571428571
222,337.44,272.0869565217391
212,322.24,246.7826086956522
218,331.36,256.20454545454544
218,331.36,252.24074074074073
220,334.4,247.16071428571428
219,332.88,252.62
218,331.36,251.33333333333337
217,329.84000000000003,247.0178571428571
213,323.76,242.25
225,342,263.72
219,332.88,237.77586206896552
218,331.36,246.52083333333337
219,332.88,247.16666666666663
213,323.76,249.54347826086956
216,328.32,269.77777777777777
215,326.8,242.16071428571428
218,331.36,254.75
218,331.36,260
217,329.84000000000003,253.98
217,329.84000000000003,236.05882352941177
217,329.84000000000003,259.025
214,325.28000000000003,247.06521739130432
214,325.28000000000003,246
211,320.72,243.66666666666663
216,328.32,251.02083333333337
213,323.76,259.225
212,322.24,252.11111111111111
222,337.44,253.5
216,328.32,256.19565217391306
219,332.88,256.2307692307692
213,323.76,243.41379310344828
219,332.88,261.0869565217391
217,329.84000000000003,249
219,332.88,283
220,334.4,266.0952380952381
212,322.24,237.52083333333337
222,337.44,248.32692307692307
220,334.4,246.66666666666663
221,335.92,246
220,334.4,248.57142857142856
218,331.36,252.7826086956522
215,326.8,238.1428571428571
216,328.32,246.76923076923077
212,322.24,238.27272727272728
222,337.44,254.66129032258064
214,325.28000000000003,239.35
216,328.32,243.76923076923077
219,332.88,242.765625
223,338.96,258.28
213,323.76,251
224,340.48,264.19565217391306
214,325.28000000000003,243.76086956521735
221,335.92,250.25
213,323.76,259.42105263157896
217,329.84000000000003,254.23076923076923
217,329.84000000000003,240.1428571428571
210,319.2,238.9
210,319.2,219.29032258064515
214,325.28000000000003,241.16071428571428
219,332.88,244.78571428571428
216,328.32,256.0909090909091
210,319.2,244.225
219,332.88,257.3478260869565
221,335.92,245.06666666666663
225,342,261.54347826086956
218,331.36,249.8793103448276
215,326.8,253.20454545454544
215,326.8,255
222,337.44,262.3333333333333
208,316.16,261.77777777777777
214,325.28000000000003,236.6875
221,335.92,259.9423076923077
217,329.84000000000003,245.16666666666663
219,332.88,250.3913043478261
222,337.44,255.06521739130432
223,338.96,244.23529411764707
218,331.36,245.76923076923077
209,317.68,236.8409090909091
218,331.36,243.35185185185185
221,335.92,252.5
223,338.96,258.0208333333333
213,323.76,238.52083333333337
222,337.44,250.88
221,335.92,254.33333333333337
214,325.28000000000003,244.08333333333337
223,338.96,269.02272727272725
225,342,262.2307692307692
219,332.88,251.3269230769231
211,320.72,255.23684210526315
208,316.16,231.12
217,329.84000000000003,242.35185185185185
214,325.28000000000003,246
215,326.8,242.76923076923077
209,317.68,237.17391304347825
219,332.88,253.7826086956522
220,334.4,253.9230769230769
215,326.8,249.5681818181818
213,323.76,255.08695652173913
222,337.44,264.02272727272725
219,332.88,257.5208333333333
211,320.72,241.8571428571429
217,329.84000000000003,247.0178571428571
218,331.36,249.6875
216,328.32,256
220,334.4,264.0238095238095
208,316.16,254.225
216,328.32,252.98
217,329.84000000000003,237.9032258064516
214,325.28000000000003,234.9032258064516
214,325.28000000000003,235.78
215,326.8,267.5952380952381
214,325.28000000000003,244.08333333333337
221,335.92,259.72
206,313.12,227.78
218,331.36,258.0238095238095
221,335.92,265.02173913043475
217,329.84000000000003,244
220,334.4,260.3333333333333
211,320.72,237.74074074074073
225,342,250.2
214,325.28000000000003,252.025
221,335.92,261.19565217391306
214,325.28000000000003,235.1206896551724
217,329.84000000000003,257.0909090909091
215,326.8,246.2258064516129
212,322.24,246.225
213,323.76,245.8181818181818
220,334.4,244.92307692307693
218,331.36,254.16071428571428
223,338.96,275.3636363636364
219,332.88,250.1296296296296
225,342,280.225
214,325.28000000000003,254
222,337.44,250.01666666666665
219,332.88,243
212,322.24,248.21428571428572
216,328.32,254.20454545454544
219,332.88,269.9473684210526
211,320.72,245.7826086956522
218,331.36,260.025
215,326.8,293.125
199,302.48,231.23684210526315
205,311.6,225.8913043478261
218,331.36,264.225
215,326.8,270.225
216,328.32,246.42
220,334.4,253.9230769230769
213,323.76,240
218,331.36,255.23076923076923
221,335.92,254.62
216,328.32,240.92307692307693
208,316.16,237.16666666666663
222,337.44,264.025
215,326.8,245.76923076923077
215,326.8,236.33333333333337
218,331.36,252.24074074074073
212,322.24,236.92307692307693
218,331.36,264
213,323.76,240.16071428571428
211,320.72,256.6333333333333
216,328.32,244.88
216,328.32,237.1206896551724
215,326.8,236.6
218,331.36,260
212,322.24,252.11111111111111
214,325.28000000000003,247.06521739130432
214,325.28000000000003,256.0869565217391
217,329.84000000000003,234.015625
219,332.88,257.20454545454544
213,323.76,251.34782608695653
218,331.36,243.52083333333337
219,332.88,253.7826086956522
225,342,263.5208333333333
213,323.76,234.1206896551724
209,317.68,233.3809523809524
208,316.16,232.08333333333337
218,331.36,258.0238095238095
220,334.4,256.75
221,335.92,253.8181818181818
217,329.84000000000003,250.62
222,337.44,250.01666666666665
219,332.88,254.02083333333337
222,337.44,246.53225806451613
217,329.84000000000003,257.0238095238095
220,334.4,257.5
216,328.32,260.1
220,334.4,270.3809523809524
215,326.8,247
222,337.44,262.3333333333333
210,319.2,250
219,332.88,276.6
225,342,266.14285714285717
215,326.8,241.32692307692307
222,337.44,253.6875
216,328.32,244.98275862068965
217,329.84000000000003,248.6875
220,334.4,249.6296296296296
221,335.92,261.5
220,334.4,251.1296296296296
213,323.76,240.76923076923077
215,326.8,234.44642857142856
220,334.4,260.0238095238095
219,332.88,246.16071428571428
216,328.32,244.98275862068965
224,340.48,260.75
220,334.4,264.0238095238095
222,337.44,250.01666666666665
223,338.96,257.57142857142856
217,329.84000000000003,250.33333333333337
215,326.8,244.76086956521735
220,334.4,244
218,331.36,251.62
213,323.76,241.52083333333337
211,320.72,272.53846153846155
217,329.84000000000003,253.36363636363637
214,325.28000000000003,252.94230769230768
219,332.88,261.025
213,323.76,233.02083333333337
224,340.48,272.6578947368421
215,326.8,248.9230769230769
228,346.56,287.5238095238095
215,326.8,265.3809523809524
215,326.8,242.76923076923077
220,334.4,255.02083333333337
225,342,260.28
214,325.28000000000003,245.1296296296296
219,332.88,250.3913043478261
217,329.84000000000003,257.19565217391306
218,331.36,266.2142857142857
219,332.88,249.76923076923077
216,328.32,260.0238095238095
209,317.68,251.47058823529412
216,328.32,250.7826086956522
220,334.4,254.91379310344828
209,317.68,236
219,332.88,248.25
215,326.8,247.8181818181818
210,319.2,234.92307692307693
218,331.36,256.0952380952381
212,322.24,256.1
219,332.88,267.0909090909091
219,332.88,242.29032258064515
214,325.28000000000003,237.12
205,311.6,237.4
219,332.88,252.9230769230769
216,328.32,238.23076923076923
213,323.76,248.28
206,313.12,240.1052631578947
213,323.76,259.69444444444446
221,335.92,254.9230769230769
219,332.88,259.3333333333333
213,323.76,255.02272727272728
219,332.88,265.02272727272725
219,332.88,252.62
217,329.84000000000003,259.025
208,316.16,236.88
223,338.96,258.28
213,323.76,232.9310344827586
217,329.84000000000003,261.1
218,331.36,296.8928571428571
217,329.84000000000003,237.16666666666663
214,325.28000000000003,241.38
218,331.36,266.0909090909091
219,332.88,255.54347826086956
217,329.84000000000003,247.08333333333337
207,314.64,243.21428571428572
213,323.76,237.08333333333337
223,338.96,250.1129032258065
221,335.92,244.1428571428571
218,331.36,248.42
215,326.8,237.6851851851852
217,329.84000000000003,247.08333333333337
223,338.96,261.3478260869565
218,331.36,245.76923076923077
216,328.32,254.0952380952381
216,328.32,280.97058823529414
214,325.28000000000003,242.88
213,323.76,249.54347826086956
215,326.8,243.88
225,342,260.85185185185185
214,325.28000000000003,231.015625
224,340.48,246.5625
224,340.48,278.85714285714283
219,332.88,251.26666666666665
220,334.4,258.0952380952381
216,328.32,244.88
210,319.2,235.35185185185185
214,325.28000000000003,238
217,329.84000000000003,261.0238095238095
209,317.68,247
212,322.24,248.36363636363637
219,332.88,288.44444444444446
216,328.32,252.21428571428572
217,329.84000000000003,248.5
209,317.68,253.44444444444449
212,322.24,231.26666666666665
208,316.16,236.17391304347825
219,332.88,241.81666666666663
221,335.92,261.19565217391306
219,332.88,263.02173913043475
214,325.28000000000003,269.6842105263158
223,338.96,259.48275862068965
221,335.92,265.0238095238095
214,325.28000000000003,245.11363636363637
209,317.68,249.0909090909091
221,335.92,248.16071428571428
220,334.4,250.08333333333337
221,335.92,249.88
217,329.84000000000003,250.62
214,325.28000000000003,239.52083333333337
224,340.48,274.20454545454544
212,322.24,258.69444444444446
211,320.72,235.92307692307693
207,314.64,235.52083333333337
223,338.96,277.1875
216,328.32,245.6296296296296
210,319.2,246.54347826086956
217,329.84000000000003,249.3269230769231
212,322.24,250.025
212,322.24,244.5952380952381
209,317.68,255.69444444444449
226,343.52,272.0208333333333
223,338.96,277.5681818181818
222,337.44,270
215,326.8,233.0625
219,332.88,254.55769230769232
211,320.72,236.35185185185185
213,323.76,251.0952380952381
218,331.36,251.06521739130432
206,313.12,240.3809523809524
224,340.48,276.3636363636364
219,332.88,267.2142857142857
217,329.84000000000003,263.0952380952381
220,334.4,264.1
202,307.04,223.42857142857144
216,328.32,272.0333333333333
217,329.84000000000003,269.53125
220,334.4,250.0178571428571
220,334.4,264.0833333333333
217,329.84000000000003,265.2142857142857
217,329.84000000000003,241.08333333333337
216,328.32,260.0238095238095
217,329.84000000000003,245.17391304347825
213,323.76,247.225
216,328.32,262.42105263157896
214,325.28000000000003,235.1206896551724
222,337.44,254
214,325.28000000000003,237.6034482758621
214,325.28000000000003,254.02380952380952
217,329.84000000000003,243.66666666666663
215,326.8,253.34782608695653
212,322.24,238.32692307692307
218,331.36,254.54347826086956
217,329.84000000000003,245.16666666666663
217,329.84000000000003,249
215,326.8,243.52083333333337
226,343.52,256.81666666666666
214,325.28000000000003,240.74074074074073
209,317.68,225.66666666666663
219,332.88,263
214,325.28000000000003,233.44642857142856
211,320.72,239.17391304347825
215,326.8,237.81666666666663
221,335.92,263.32
219,332.88,256.7857142857143
215,326.8,259.7352941176471
217,329.84000000000003,255.34782608695653
218,331.36,238.41666666666663
219,332.88,250.3913043478261
217,329.84000000000003,244.76923076923077
224,340.48,262.72
218,331.36,249.6875
214,325.28000000000003,229.51724137931035
216,328.32,239.55769230769232
212,322.24,256.0238095238095
211,320.72,237.32692307692307
221,335.92,246.78571428571428
224,340.48,257.01785714285717
214,325.28000000000003,239.35185185185185
211,320.72,249.34782608695653
221,335.92,259.72
220,334.4,253.9230769230769
217,329.84000000000003,277.025
215,326.8,259.2368421052632
208,316.16,229.78
216,328.32,246.08333333333337
223,338.96,261.5208333333333
216,328.32,248.8181818181818
220,334.4,253.62
218,331.36,251.33333333333337
214,325.28000000000003,261.05882352941177
214,325.28000000000003,247.33333333333337
211,320.72,235.5
213,323.76,243.08333333333337
222,337.44,274.3636363636364
222,337.44,259.7857142857143
207,314.64,251.73529411764707
214,325.28000000000003,230.51612903225805
221,335.92,259.20454545454544
219,332.88,254.85185185185185
214,325.28000000000003,262.4
218,331.36,251.06521739130432
221,335.92,257.2142857142857
215,326.8,243.4516129032258
221,335.92,259.5208333333333
219,332.88,263.0238095238095
221,335.92,254.9230769230769
211,320.72,235.8965517241379
214,325.28000000000003,250.98
214,325.28000000000003,264.625
221,335.92,265.02173913043475
214,325.28000000000003,236.6851851851852
217,329.84000000000003,253.98
211,320.72,264.3333333333333
218,331.36,256.72
213,323.76,236.55769230769232
219,332.88,257.3478260869565
211,320.72,241.08333333333337
215,326.8,244.25
211,320.72,256.125
222,337.44,254.26666666666665
223,338.96,260.5
214,325.28000000000003,258.2368421052632
216,328.32,251.02083333333337
224,340.48,259.26666666666665
220,334.4,253.33333333333337
220,334.4,262.4807692307692
223,338.96,259.1607142857143
216,328.32,237.1206896551724
208,316.16,242
211,320.72,251.11111111111111
219,332.88,251
217,329.84000000000003,245.57142857142856
219,332.88,243.92307692307693
211,320.72,234.1428571428571
218,331.36,244.74074074074073
214,325.28000000000003,243.25
224,340.48,268.18
220,334.4,262.02272727272725
212,322.24,254
216,328.32,274.13157894736844
207,314.64,236.16666666666663
213,323.76,243.08333333333337
219,332.88,241.3448275862069
217,329.84000000000003,248.1296296296296
222,337.44,248.4142857142857
211,320.72,238.76923076923077
223,338.96,259.1607142857143
219,332.88,267
218,331.36,241.1428571428571
213,323.76,247.3809523809524
221,335.92,241.25
226,343.52,285.5238095238095
215,326.8,236.6
225,342,277.3636363636364
215,326.8,246.1296296296296
211,320.72,249.0952380952381
212,322.24,252.19565217391303
216,328.32,236.41666666666663
219,332.88,237.6451612903226
218,331.36,266.02173913043475
221,335.92,261.9074074074074
218,331.36,249.5
217,329.84000000000003,271.38235294117646
222,337.44,272.3809523809524
198,300.96,222.3809523809524
221,335.92,243.5625
221,335.92,263.32
222,337.44,261.18518518518516
227,345.04,271.18
210,319.2,248
209,317.68,231.23076923076923
219,332.88,237.6451612903226
208,316.16,231.12
210,319.2,228.96296296296296
216,328.32,258.025
219,332.88,273.3478260869565
223,338.96,254.1296296296296
221,335.92,252.1176470588235
220,334.4,249.6296296296296
212,322.24,233.875
219,332.88,257.20454545454544
221,335.92,245.44642857142856
212,322.24,242.42
223,338.96,271.02173913043475
214,325.28000000000003,237.1428571428571
215,326.8,249.7826086956522
218,331.36,233.015625
220,334.4,255.85185185185185
218,331.36,258.0909090909091
207,314.64,237.8571428571429
213,323.76,235.6851851851852
210,319.2,244.5681818181818
221,335.92,238.5
224,340.48,276.3636363636364
215,326.8,257
214,325.28000000000003,241.16071428571428
220,334.4,262
215,326.8,248.9230769230769
218,331.36,244.22413793103448
225,342,263.5208333333333
221,335.92,242.72857142857143
219,332.88,254.28
216,328.32,242.32692307692307
222,337.44,259.7857142857143
214,325.28000000000003,234.9032258064516
218,331.36,243.92
205,311.6,236.11363636363637
207,314.64,232.1304347826087
224,340.48,257.9230769230769
218,331.36,250.66666666666663
221,335.92,263.32
217,329.84000000000003,248.11363636363637
213,323.76,239.32692307692307
223,338.96,265.0869565217391
221,335.92,252.8793103448276
209,317.68,258
222,337.44,254.66666666666663
213,323.76,233.6428571428571
218,331.36,230.6447368421053
220,334.4,252.66666666666663
212,322.24,248.75
219,332.88,251
220,334.4,268.02173913043475
218,331.36,264.0952380952381
221,335.92,259.5208333333333
217,329.84000000000003,234.5151515151515
219,332.88,257.72
210,319.2,244.3809523809524
215,326.8,241.6304347826087
218,331.36,256.5208333333333
217,329.84000000000003,247.42
216,328.32,252.16071428571428
220,334.4,262.02272727272725
218,331.36,245.38
218,331.36,254.21428571428572
219,332.88,252.62
218,331.36,249.6875
217,329.84000000000003,253.75
224,340.48,258.24074074074076
213,323.76,239.32692307692307
215,326.8,235.16666666666663
217,329.84000000000003,251.5681818181818
216,328.32,235.75806451612905
218,331.36,243.35185185185185
221,335.92,248.16071428571428
211,320.72,247.54347826086956
218,331.36,248.76923076923077
211,320.72,244.06521739130432
212,322.24,258.42105263157896
211,320.72,242.3913043478261
214,325.28000000000003,246.3269230769231
212,322.24,228.66666666666663
222,337.44,252.0178571428571
223,338.96,250.76923076923077
213,323.76,233.9032258064516
213,323.76,261.6578947368421
210,319.2,242.8181818181818
215,326.8,245.08333333333337
219,332.88,246.76923076923077
216,328.32,248.3269230769231
217,329.84000000000003,274.6
216,328.32,256.1111111111111
219,332.88,253.7826086956522
220,334.4,260.6923076923077
220,334.4,245.46969696969697
216,328.32,235.75806451612905
217,329.84000000000003,267.625
214,325.28000000000003,247.06521739130432
209,317.68,226.16071428571428
206,313.12,262.0333333333333
216,328.32,243.38
215,326.8,240.92
215,326.8,246.6875
219,332.88,255.54347826086956
217,329.84000000000003,246.76086956521735
222,337.44,247.35185185185185
207,314.64,234.8409090909091
217,329.84000000000003,255.20454545454544
216,328.32,242.32692307692307
211,320.72,241.8571428571429
221,335.92,247.74074074074073
220,334.4,247.76923076923077
219,332.88,252.06521739130432
217,329.84000000000003,252.55769230769232
215,326.8,251.36363636363637
218,331.36,238.25
220,334.4,266.02272727272725
222,337.44,270.2142857142857
217,329.84000000000003,242.35185185185185
213,323.76,247.5681818181818
224,340.48,268.0833333333333
212,322.24,245.06521739130432
215,326.8,267.9
226,343.52,263.7857142857143
219,332.88,256.2307692307692
210,319.2,238.52083333333337
214,325.28000000000003,239.92
218,331.36,249.1296296296296
218,331.36,239.1206896551724
213,323.76,247.5681818181818
218,331.36,256.9423076923077
220,334.4,262.32
204,310.08,234.25
215,326.8,257.0869565217391
217,329.84000000000003,236.63636363636363
214,325.28000000000003,238.44642857142856
219,332.88,291
221,335.92,245.53225806451613
213,323.76,235.6851851851852
215,326.8,233.77586206896552
220,334.4,251.6875
218,331.36,251.06521739130432
218,331.36,247.25
218,331.36,249.6875
217,329.84000000000003,259.1875
211,320.72,243.23684210526315
217,329.84000000000003,247.42
214,325.28000000000003,262.4
222,337.44,253.1296296296296
209,317.68,230.40740740740745
222,337.44,266.18
204,310.08,226.8809523809524
221,335.92,251.81666666666663
220,334.4,257.2307692307692
217,329.84000000000003,235.77586206896552
218,331.36,270.5952380952381
220,334.4,254.7826086956522
212,322.24,234.3448275862069
220,334.4,260.5
210,319.2,240.625
219,332.88,252.62
208,316.16,229.40740740740745
221,335.92,254.9230769230769
209,317.68,229.48
222,337.44,258.75
221,335.92,247.32692307692307
216,328.32,250.7826086956522
225,342,255.41379310344828
229,348.08,295.8809523809524
225,342,265.3333333333333
212,322.24,243.11363636363637
216,328.32,241.92
211,320.72,236.1304347826087
215,326.8,239.92307692307693
218,331.36,281.1842105263158
216,328.32,254.34782608695653
221,335.92,254.06521739130432
216,328.32,245.76086956521735
218,331.36,266.6578947368421
210,319.2,234.08333333333337
204,310.08,258.38235294117646
225,342,265.5
213,323.76,227.01666666666668
226,343.52,274.0909090909091
219,332.88,245.22413793103448
223,338.96,261.9423076923077
225,342,265.5
224,340.48,259.85185185185185
209,317.68,224.05882352941177
220,334.4,249.25
207,314.64,249.47058823529412
221,335.92,256.85185185185185
216,328.32,256.19565217391306
218,331.36,258.0909090909091
211,320.72,249.34782608695653
221,335.92,255.24074074074073
219,332.88,269.3809523809524
213,323.76,245
219,332.88,239.16666666666663
222,337.44,257.5576923076923
219,332.88,252.9230769230769
212,322.24,237.78571428571428
226,343.52,287.92857142857144
221,335.92,250.6296296296296
212,322.24,250.72
218,331.36,249.6875
217,329.84000000000003,259.1875
212,322.24,246.3809523809524
213,323.76,253.0909090909091
219,332.88,246.76923076923077
220,334.4,269
217,329.84000000000003,259
218,331.36,247.6296296296296
222,337.44,272.20454545454544
223,338.96,247.53225806451613
219,332.88,245.74074074074073
221,335.92,263.1875
212,322.24,226.0625
223,338.96,271.0909090909091
219,332.88,247.57142857142856
218,331.36,234.5142857142857
218,331.36,258.0909090909091
208,316.16,236.9
224,340.48,251.16071428571428
211,320.72,232.875
222,337.44,264.1875
215,326.8,245.76923076923077
212,322.24,248.0263157894737
218,331.36,254.98
219,332.88,244.35185185185185
222,337.44,258.3636363636364
224,340.48,272.02173913043475
217,329.84000000000003,240.29032258064515
216,328.32,260.44444444444446
222,337.44,259.7857142857143
222,337.44,244.5625
219,332.88,269.3809523809524
203,308.56,223.16666666666663
216,328.32,252.54347826086956
220,334.4,284
214,325.28000000000003,244.42
212,322.24,229.6551724137931
210,319.2,236.6304347826087
224,340.48,252.4516129032258
211,320.72,235.8965517241379
222,337.44,250.98275862068965
214,325.28000000000003,233.75806451612905
213,323.76,227.5
215,326.8,248.33333333333337
222,337.44,266
217,329.84000000000003,248.1296296296296
221,335.92,257.98
225,342,259.57142857142856
220,334.4,258.20454545454544
214,325.28000000000003,230.51612903225805
213,323.76,237
218,331.36,258.6923076923077
223,338.96,259.3636363636364
219,332.88,244.35185185185185
213,323.76,255.02272727272728
214,325.28000000000003,246.3269230769231
215,326.8,257.0869565217391
209,317.68,233.08333333333337
218,331.36,247.6296296296296
208,316.16,240.4
222,337.44,270.0909090909091
219,332.88,261.02272727272725
222,337.44,270.02173913043475
214,325.28000000000003,258.1
218,331.36,245.58620689655172
208,316.16,237.76086956521735
217,329.84000000000003,267.3809523809524
212,322.24,237.35185185185185
210,319.2,235.1304347826087
220,334.4,242.6851851851852
220,334.4,255.02083333333337
208,316.16,225.16071428571428
216,328.32,252.54347826086956
221,335.92,259.3478260869565
215,326.8,243.88
213,323.76,237.8965517241379
227,345.04,255.0151515151515
222,337.44,268.0208333333333
217,329.84000000000003,261.0238095238095
225,342,262.5
210,319.2,241.6875
220,334.4,244.8965517241379
218,331.36,252.57142857142856
225,342,271.0952380952381
224,340.48,257.9230769230769
218,331.36,271.2894736842105
214,325.28000000000003,237.67391304347825
213,323.76,239.32692307692307
216,328.32,244.17391304347825
215,326.8,247.3269230769231
215,326.8,247.5952380952381
221,335.92,261.19565217391306
220,334.4,248.17391304347825
214,325.28000000000003,254.0263157894737
217,329.84000000000003,241.92307692307693
214,325.28000000000003,239.78571428571428
217,329.84000000000003,259
221,335.92,263
214,325.28000000000003,244.76923076923077
214,325.28000000000003,247.33333333333337
221,335.92,253.66666666666663
216,328.32,251.02083333333337
221,335.92,273.9
216,328.32,245.6296296296296
220,334.4,256.54347826086956
214,325.28000000000003,263
219,332.88,251.66666666666663
217,329.84000000000003,267.9473684210526
216,328.32,235.26666666666665
214,325.28000000000003,262.4
215,326.8,244.76086956521735
217,329.84000000000003,247.76923076923077
222,337.44,252.76923076923077
216,328.32,252.36363636363637
216,328.32,258.02272727272725
210,319.2,238.52083333333337
206,313.12,235.45454545454544
213,323.76,236.12
219,332.88,241.0806451612903
201,305.52,221.48
211,320.72,239.88
225,342,256.5
213,323.76,245.3269230769231
213,323.76,244.3913043478261
221,335.92,271.20454545454544
216,328.32,233.015625
218,331.36,258.19565217391306
215,326.8,240.1304347826087
214,325.28000000000003,242.16666666666663
222,337.44,262.5
221,335.92,249.98275862068965
208,316.16,250
216,328.32,254.34782608695653
223,338.96,260.2307692307692
223,338.96,253.81666666666663
219,332.88,265.02272727272725
219,332.88,265.0952380952381
216,328.32,249.06521739130432
216,328.32,234.5606060606061
212,322.24,246.24074074074073
227,345.04,267.9074074074074
214,325.28000000000003,254.02380952380952
221,335.92,254.33333333333337
219,332.88,244.35185185185185
208,316.16,229.875
218,331.36,253.28
218,331.36,242.44642857142856
215,326.8,248.75
220,334.4,268.0909090909091
222,337.44,276.85714285714283
224,340.48,254.0178571428571
214,325.28000000000003,232.96296296296296
218,331.36,264
211,320.72,237.32692307692307
219,332.88,246.16071428571428
218,331.36,251.62
224,340.48,248.24242424242425
217,329.84000000000003,257.3333333333333
213,323.76,236.6034482758621
218,331.36,252.7826086956522
223,338.96,267.0238095238095
217,329.84000000000003,267.3809523809524
220,334.4,262
220,334.4,252
218,331.36,264.08
210,319.2,250.26470588235293
218,331.36,242.44642857142856
215,326.8,238.55769230769232
216,328.32,254.34782608695653
212,322.24,232.41666666666663
209,317.68,232.12
216,328.32,254.52083333333337
214,325.28000000000003,247.06521739130432
208,316.16,226.96296296296296
217,329.84000000000003,243.32692307692307
219,332.88,257.20454545454544
213,323.76,253.5
219,332.88,251
218,331.36,242.06666666666663
210,319.2,243.62
215,326.8,253.34782608695653
217,329.84000000000003,257.0909090909091
217,329.84000000000003,247.08333333333337
213,323.76,243.76923076923077
222,337.44,246.53225806451613
215,326.8,248.62
220,334.4,251.3913043478261
217,329.84000000000003,244
213,323.76,249.54347826086956
217,329.84000000000003,247.42
215,326.8,237.81666666666663
218,331.36,253.28
212,322.24,235.67391304347825
209,317.68,241.4
220,334.4,250.76923076923077
212,322.24,237.52083333333337
208,316.16,229.40740740740745
216,328.32,267.3611111111111
218,331.36,250
220,334.4,256.98
218,331.36,252.7826086956522
215,326.8,241.74074074074073
214,325.28000000000003,280.125
218,331.36,253.02083333333337
213,323.76,253
215,326.8,230
220,334.4,283.1842105263158
213,323.76,229.5689655172414
217,329.84000000000003,239.0806451612903
225,342,265.6923076923077
211,320.72,242.11363636363637
215,326.8,231.5142857142857
216,328.32,249.06521739130432
215,326.8,240.78571428571428
211,320.72,241.08333333333337
218,331.36,262.1
219,332.88,252.9230769230769
209,317.68,233
221,335.92,260.18518518518516
212,322.24,241.25
216,328.32,237.390625
219,332.88,245.66666666666663
211,320.72,243.8181818181818
215,326.8,248.9230769230769
206,313.12,226.8913043478261
218,331.36,239.1206896551724
217,329.84000000000003,241.92307692307693
224,340.48,260.75
212,322.24,246.7826086956522
220,334.4,272.9
224,340.48,264.6923076923077
219,332.88,261.025
219,332.88,261.0869565217391
213,323.76,280.7647058823529
223,338.96,251.16666666666663
219,332.88,265.225
217,329.84000000000003,239.3448275862069
218,331.36,252.5681818181818
219,332.88,256.2307692307692
220,334.4,244.06666666666663
222,337.44,268.0952380952381
213,323.76,239.74074074074073
218,331.36,246.01666666666665
224,340.48,258.24074074074076
219,332.88,283.97058823529414
210,319.2,237.8409090909091
206,313.12,240.225
208,316.16,231.55769230769232
218,331.36,254.36363636363637
217,329.84000000000003,243.32692307692307
215,326.8,251.36363636363637
218,331.36,262
220,334.4,252
223,338.96,243.25
219,332.88,253.5681818181818
215,326.8,248.06521739130432
225,342,259.57142857142856
210,319.2,260.7
219,332.88,267.2142857142857
220,334.4,241.875
216,328.32,256.0238095238095
217,329.84000000000003,243.32692307692307
217,329.84000000000003,248.11363636363637
212,322.24,237.92
212,322.24,260.2142857142857
221,335.92,256.28
219,332.88,251.3269230769231
210,319.2,231.875
218,331.36,245.16071428571428
214,325.28000000000003,243.25
212,322.24,268.25
223,338.96,263.5
221,335.92,267.0208333333333
215,326.8,237.23076923076923
221,335.92,242.1206896551724
211,320.72,257.0952380952381
216,328.32,232
223,338.96,260.2307692307692
223,338.96,250.58620689655172
218,331.36,244.74074074074073
219,332.88,243
210,319.2,248.025
214,325.28000000000003,240.22413793103448
210,319.2,259.44117647058823
224,340.48,257.37931034482756
216,328.32,250.225
220,334.4,256.3636363636364
211,320.72,240.16666666666663
219,332.88,244.35185185185185
215,326.8,244.6296296296296
216,328.32,243.38
221,335.92,235.51612903225805
211,320.72,231.16666666666663
213,323.76,232.05882352941177
212,322.24,236.8965517241379
220,334.4,249.82258064516128
214,325.28000000000003,252
218,331.36,275.78125
214,325.28000000000003,238.44642857142856
219,332.88,246.58620689655172
218,331.36,291.6333333333333
214,325.28000000000003,239.92
215,326.8,246.11363636363637
219,332.88,251.3269230769231
223,338.96,283.025
222,337.44,260.3478260869565
225,342,257.6666666666667
215,326.8,253.20454545454544
214,325.28000000000003,238.75
216,328.32,250.24074074074073
214,325.28000000000003,233.26666666666665
226,343.52,262.1607142857143
213,323.76,241.16666666666663
217,329.84000000000003,248.6875
225,342,279.3478260869565
218,331.36,254.21428571428572
218,331.36,266.2142857142857
217,329.84000000000003,271.3478260869565
225,342,257.26666666666665
212,322.24,242.8571428571429
217,329.84000000000003,249
219,332.88,259.3333333333333
215,326.8,250.28
213,323.76,255.1052631578947
217,329.84000000000003,255.52083333333337
223,338.96,281.13157894736844
218,331.36,253.28
220,334.4,250.08333333333337
214,325.28000000000003,248.5681818181818
211,320.72,238.225
220,334.4,268
217,329.84000000000003,244.76923076923077
212,322.24,256.0238095238095
223,338.96,258.28
210,319.2,244.7826086956522
214,325.28000000000003,244.08333333333337
215,326.8,247.3269230769231
217,329.84000000000003,245.52083333333337
219,332.88,246.58620689655172
227,345.04,277
211,320.72,243.8181818181818
211,320.72,258.05882352941177
223,338.96,259.98
221,335.92,256.85185185185185
214,325.28000000000003,252.20454545454544
219,332.88,238.63636363636363
217,329.84000000000003,240.6034482758621
210,319.2,231.1206896551724
220,334.4,264.02173913043475
212,322.24,243.3913043478261
207,314.64,239.4
214,325.28000000000003,248.5681818181818
217,329.84000000000003,239.6851851851852
217,329.84000000000003,255.20454545454544
211,320.72,236.92
213,323.76,244.3913043478261
219,332.88,259
218,331.36,253.02083333333337
216,328.32,250.7826086956522
222,337.44,251.25
220,334.4,253.33333333333337
222,337.44,252.41379310344828
216,328.32,260.0238095238095
213,323.76,240
219,332.88,249.42
210,319.2,231.40740740740745
208,316.16,224.17307692307693
212,322.24,234.23076923076923
215,326.8,250.02083333333337
215,326.8,239
221,335.92,255.24074074074073
215,326.8,245.76923076923077
217,329.84000000000003,249
218,331.36,245.76923076923077
218,331.36,241.1428571428571
217,329.84000000000003,247.76923076923077
218,331.36,251.62
212,322.24,237.1304347826087
215,326.8,270.225
214,325.28000000000003,234.16666666666663
213,323.76,249.36363636363637
221,335.92,265.0833333333333
220,334.4,251.5
219,332.88,243.44642857142856
210,319.2,250.11111111111111
212,322.24,239.76923076923077
209,317.68,245.36363636363637
218,331.36,272.85714285714283
215,326.8,245.08333333333337
218,331.36,241.29032258064515
212,322.24,252.0909090909091
210,319.2,237.76923076923077
212,322.24,248.21428571428572
213,323.76,241.88
207,314.64,236.76086956521735
211,320.72,245.5681818181818
211,320.72,251
222,337.44,270.6578947368421
216,328.32,254.52083333333337
204,310.08,222.75
212,322.24,233.78
221,335.92,267
223,338.96,260.5
222,337.44,248.22413793103448
221,335.92,261.19565217391306
214,325.28000000000003,256.0869565217391
222,337.44,262.3333333333333
220,334.4,247.1129032258065
219,332.88,243.24242424242425
218,331.36,284.69444444444446
213,323.76,261.6578947368421
225,342,256.5
210,319.2,239.45454545454544
217,329.84000000000003,231.51612903225805
216,328.32,244.52083333333337
219,332.88,257.3478260869565
219,332.88,265.0208333333333
211,320.72,247.21428571428572
209,317.68,247.72
212,322.24,247.02083333333337
218,331.36,242.44642857142856
217,329.84000000000003,241.44642857142856
220,334.4,256.2142857142857
220,334.4,244.8965517241379
215,326.8,238.55769230769232
226,343.52,257.2258064516129
218,331.36,251.62
211,320.72,260.44117647058823
218,331.36,245.16071428571428
223,338.96,260.2307692307692
223,338.96,269
217,329.84000000000003,249.66666666666663
223,338.96,261.72
211,320.72,231.6428571428571
224,340.48,266.0869565217391
213,323.76,257.0238095238095
219,332.88,253.57142857142856
210,319.2,250.19565217391303
222,337.44,252.41379310344828
217,329.84000000000003,246.45454545454544
220,334.4,251.5
218,331.36,255.23076923076923
217,329.84000000000003,265.2142857142857
217,329.84000000000003,247.41379310344828
215,326.8,239.92307692307693
220,334.4,241.6
215,326.8,253.20454545454544
220,334.4,272.9
217,329.84000000000003,235.28571428571428
221,335.92,252.2258064516129
219,332.88,254.28
216,328.32,258
209,317.68,243.225
207,314.64,237.625
218,331.36,260.02272727272725
215,326.8,246.3913043478261
216,328.32,238.6851851851852
218,331.36,248.42
214,325.28000000000003,266.9
217,329.84000000000003,249
221,335.92,259.72
211,320.72,233.23076923076923
216,328.32,273.78125
216,328.32,262.02272727272725
220,334.4,255.28
217,329.84000000000003,232.5151515151515
220,334.4,258.72
220,334.4,253.62
213,323.76,236.55769230769232
210,319.2,246.54347826086956
213,323.76,249.36363636363637
220,334.4,250.08333333333337
218,331.36,249.2258064516129
221,335.92,245
219,332.88,257.0952380952381
216,328.32,238.3448275862069
213,323.76,242.25
215,326.8,234.26666666666665
224,340.48,247.6034482758621
220,334.4,260.3333333333333
220,334.4,262
222,337.44,259.2307692307692
223,338.96,278.6842105263158
219,332.88,247.57142857142856
216,328.32,243.1129032258065
214,325.28000000000003,242.52083333333337
222,337.44,246.06666666666663
218,331.36,242
222,337.44,259.5
212,322.24,242.625
215,326.8,263.02173913043475
217,329.84000000000003,237.6428571428571
216,328.32,235.9310344827586
222,337.44,270.0909090909091
210,319.2,254.02380952380952
217,329.84000000000003,239.0806451612903
221,335.92,267.02272727272725
217,329.84000000000003,236.01388888888889
222,337.44,254.66666666666663
221,335.92,254.9230769230769
216,328.32,245.25
223,338.96,255.3269230769231
211,320.72,236.35185185185185
217,329.84000000000003,252.28
221,335.92,269.4
214,325.28000000000003,249.02083333333337
221,335.92,258.2307692307692
213,323.76,251.025
214,325.28000000000003,247.33333333333337
216,328.32,258.10526315789474
220,334.4,272.5952380952381
216,328.32,258.02272727272725
218,331.36,266.2142857142857
216,328.32,239.765625
210,319.2,240.42
219,332.88,247.16666666666663
217,329.84000000000003,253.54347826086956
215,326.8,257.02272727272725
218,331.36,246.88
209,317.68,229.48
214,325.28000000000003,232.01470588235293
211,320.72,259.6578947368421
221,335.92,258.2307692307692
208,316.16,278.0416666666667
219,332.88,251.66666666666663
214,325.28000000000003,237.55769230769232
218,331.36,247.25
222,337.44,254.3269230769231
214,325.28000000000003,247.62
222,337.44,254.66666666666663
219,332.88,237.6451612903226
221,335.92,257.3636363636364
218,331.36,246.16666666666663
214,325.28000000000003,248.3809523809524
214,325.28000000000003,252.20454545454544
217,329.84000000000003,261.02173913043475
224,340.48,260.54347826086956
206,313.12,238.4
210,319.2,236.6304347826087
220,334.4,254.5681818181818
219,332.88,252.0178571428571
219,332.88,265.0208333333333
214,325.28000000000003,236.3448275862069
213,323.76,232.44642857142856
214,325.28000000000003,236.6875
218,331.36,248.0178571428571
220,334.4,257.5
217,329.84000000000003,246.6296296296296
209,317.68,240.11363636363637
218,331.36,244.22413793103448
212,322.24,242.08333333333337
217,329.84000000000003,251.7826086956522
217,329.84000000000003,243.74074074074073
211,320.72,245.5681818181818
216,328.32,244.57142857142856
219,332.88,265
216,328.32,234.6451612903226
220,334.4,252.3269230769231
217,329.84000000000003,244.76923076923077
218,331.36,253.28
208,316.16,240.5952380952381
215,326.8,261.42105263157896
211,320.72,230.56521739130432
214,325.28000000000003,232.77586206896552
219,332.88,249.42
215,326.8,243.88
221,335.92,259.9423076923077
214,325.28000000000003,260.69444444444446
214,325.28000000000003,231.6551724137931
212,322.24,267.6842105263158
218,331.36,264.225
218,331.36,251.06521739130432
213,323.76,237.5
217,329.84000000000003,249
210,319.2,237
216,328.32,238.6851851851852
222,337.44,258.98
210,319.2,241.1296296296296
209,317.68,229.48
208,316.16,232.75
216,328.32,249.33333333333337
215,326.8,243.88
216,328.32,251.28
217,329.84000000000003,250.9230769230769
217,329.84000000000003,241.92307692307693
215,326.8,263.4
215,326.8,248.33333333333337
216,328.32,251.02083333333337
211,320.72,230.44642857142856
222,337.44,264.1875
222,337.44,268.42105263157896
217,329.84000000000003,248.1296296296296
211,320.72,236.92
219,332.88,246.76923076923077
215,326.8,257
215,326.8,237.23076923076923
218,331.36,256.5208333333333
220,334.4,255.55769230769232
219,332.88,259.3333333333333
216,328.32,260.2368421052632
208,316.16,236.88
217,329.84000000000003,235.6451612903226
224,340.48,272.0909090909091
220,334.4,247.38
217,329.84000000000003,248.3913043478261
215,326.8,246.11363636363637
221,335.92,261.19565217391306
212,322.24,243.6875
221,335.92,245.44642857142856
216,328.32,249.33333333333337
212,322.24,245.62
213,323.76,238.92
220,334.4,270.0869565217391
222,337.44,249.5625
217,329.84000000000003,249
219,332.88,261.02272727272725
212,322.24,236.92307692307693
214,325.28000000000003,254.19565217391303
220,334.4,242.3676470588235
220,334.4,262.1875
222,337.44,253.5
214,325.28000000000003,250.1
214,325.28000000000003,238.5
218,331.36,238.6428571428571
209,317.68,239.8571428571429
213,323.76,242.25
216,328.32,247.1296296296296
210,319.2,238.52083333333337
221,335.92,281.63157894736844
220,334.4,264.0833333333333
216,328.32,244.52083333333337
216,328.32,241.35185185185185
226,343.52,266.6923076923077
217,329.84000000000003,276.55882352941177
210,319.2,248.02777777777777
219,332.88,250.3913043478261
212,322.24,256.1
219,332.88,240.87878787878788
215,326.8,239
223,338.96,283.025
227,345.04,267.6923076923077
213,323.76,259.42105263157896
219,332.88,257.5208333333333
210,319.2,245.28
211,320.72,241.42
216,328.32,236.25
214,325.28000000000003,243.6296296296296
217,329.84000000000003,247.42
216,328.32,242.27272727272728
219,332.88,265.225
216,328.32,264.02173913043475
224,340.48,274.3809523809524
219,332.88,242.6034482758621
209,317.68,239.8571428571429
215,326.8,246.6875
217,329.84000000000003,263.0952380952381
225,342,257.3269230769231
205,311.6,237.23684210526315
215,326.8,240.78571428571428
221,335.92,275.3478260869565
207,314.64,227.94230769230768
218,331.36,245.58620689655172
215,326.8,270.225
211,320.72,241.76923076923077
217,329.84000000000003,255.72
218,331.36,251.06521739130432
220,334.4,266
210,319.2,232.23076923076923
218,331.36,262
217,329.84000000000003,242.78571428571428
214,325.28000000000003,254.11111111111111
224,340.48,254.08333333333337
207,314.64,236.76086956521735
212,322.24,230
215,326.8,232.16071428571428
214,325.28000000000003,266.53125
214,325.28000000000003,252.20454545454544
213,323.76,255
216,328.32,258.0869565217391
215,326.8,240.92
225,342,265.6923076923077
218,331.36,250
215,326.8,287
212,322.24,237.35
216,328.32,240.08333333333337
224,340.48,248.53225806451613
225,342,281.54347826086956
208,316.16,232.3809523809524
216,328.32,266.7
216,328.32,251.02083333333337
223,338.96,263.5
211,320.72,233.6851851851852
221,335.92,259.72
218,331.36,246.16666666666663
208,316.16,236.88
208,316.16,250.78125
218,331.36,241.29032258064515
210,319.2,238.17391304347825
217,329.84000000000003,245.88
213,323.76,232.26666666666665
227,345.04,283.8181818181818
213,323.76,236.1428571428571
217,329.84000000000003,249.8181818181818
207,314.64,254.53125
213,323.76,247.3809523809524
217,329.84000000000003,247.42
212,322.24,237.92
219,332.88,248.25
221,335.92,244.6034482758621
216,328.32,264.2142857142857
224,340.48,268.0833333333333
217,329.84000000000003,268.3611111111111
207,314.64,233.6304347826087
217,329.84000000000003,276.55882352941177
219,332.88,250.5
220,334.4,249.6296296296296
215,326.8,261.0952380952381
212,322.24,248.21428571428572
213,323.76,255.08695652173913
212,322.24,235.1428571428571
219,332.88,254.02083333333337
219,332.88,253.7826086956522
216,328.32,242.74074074074073
212,322.24,275
219,332.88,245.22413793103448
219,332.88,263.02173913043475
216,328.32,249.06521739130432
216,328.32,258
217,329.84000000000003,253.54347826086956
216,328.32,247.6875
216,328.32,260.0238095238095
218,331.36,245.76923076923077
215,326.8,257.025
220,334.4,255.55769230769232
209,317.68,249.0263157894737
215,326.8,257.02272727272725
220,334.4,262
208,316.16,240.5952380952381
220,334.4,272.9
229,348.08,265.48275862068965
223,338.96,251.98275862068965
226,343.52,251.35
218,331.36,245.76923076923077
216,328.32,238.0806451612903
212,322.24,234.23076923076923
217,329.84000000000003,246.76086956521735
223,338.96,253.76923076923077
215,326.8,267.5952380952381
211,320.72,232.6
214,325.28000000000003,256.025
220,334.4,277.78125
213,323.76,238.92
215,326.8,268.77777777777777
214,325.28000000000003,249.28
223,338.96,258.5576923076923
213,323.76,247.5681818181818
225,342,261.98
218,331.36,247.25
214,325.28000000000003,243.6296296296296
204,310.08,228.75
215,326.8,248.33333333333337
205,311.6,241.1
220,334.4,259.18518518518516
224,340.48,276.3636363636364
226,343.52,264.3478260869565
214,325.28000000000003,254.02380952380952
216,328.32,247.3913043478261
220,334.4,247.16071428571428
213,323.76,243.8571428571429
218,331.36,248.08333333333337
220,334.4,257.2307692307692
222,337.44,268.02272727272725
222,337.44,262.19565217391306
220,334.4,266.0952380952381
222,337.44,237.55714285714285
219,332.88,257.5208333333333
219,332.88,251
219,332.88,242.04545454545456
221,335.92,281.025
210,319.2,225
211,320.72,271.0357142857143
217,329.84000000000003,253.75
203,308.56,241.1176470588235
214,325.28000000000003,234.6428571428571
215,326.8,270.225
222,337.44,250.01666666666665
223,338.96,273.20454545454544
213,323.76,241.88
211,320.72,245.5681818181818
218,331.36,250
216,328.32,256.3333333333333
222,337.44,258.98
220,334.4,244.92307692307693
213,323.76,233.94230769230768
207,314.64,231
219,332.88,245.265625
215,326.8,233.6451612903226
212,322.24,236.5
217,329.84000000000003,274.1666666666667
210,319.2,225.57407407407408
214,325.28000000000003,246.5952380952381
212,322.24,239.38
215,326.8,263.6578947368421
214,325.28000000000003,244.42
224,340.48,268.0833333333333
219,332.88,248.76086956521735
218,331.36,247.4
216,328.32,266.0869565217391
222,337.44,266.0833333333333
215,326.8,247.5952380952381
218,331.36,251.33333333333337
223,338.96,269.0952380952381
220,334.4,248.01666666666665
220,334.4,248.57142857142856
223,338.96,271
215,326.8,265.20454545454544
215,326.8,238.6034482758621
216,328.32,256.0909090909091
214,325.28000000000003,238.5
218,331.36,264.42105263157896
212,322.24,247.02083333333337
216,328.32,239.6034482758621
218,331.36,274.8181818181818
219,332.88,265.225
220,334.4,248.16666666666663
210,319.2,246.1
222,337.44,274.3636363636364
213,323.76,246.33333333333337
217,329.84000000000003,250.33333333333337
213,323.76,243.08333333333337
223,338.96,269.02272727272725
217,329.84000000000003,244.16071428571428
212,322.24,237.52083333333337
216,328.32,258.025
220,334.4,264.1
216,328.32,256.0238095238095
215,326.8,239.8965517241379
214,325.28000000000003,247.9230769230769
215,326.8,251.21428571428572
221,335.92,247.22413793103448
225,342,256.5
218,331.36,250.3269230769231
214,325.28000000000003,237.12
215,326.8,255.33333333333337
205,311.6,221.01666666666665
214,325.28000000000003,265.3611111111111
218,331.36,246.88
223,338.96,263.19565217391306
213,323.76,236.55769230769232
226,343.52,259.75
212,322.24,254.1052631578947
215,326.8,266.88235294117646
214,325.28000000000003,236.23076923076923
225,342,265.6923076923077
217,329.84000000000003,252.02083333333337
215,326.8,234.9310344827586
219,332.88,251.3269230769231
210,319.2,240.76923076923077
220,334.4,291.1578947368421
211,320.72,242.6875
220,334.4,250.0178571428571
220,334.4,254.5681818181818
214,325.28000000000003,242.88
219,332.88,253.91379310344828
214,325.28000000000003,258.1
222,337.44,259.5
217,329.84000000000003,246.82258064516128
216,328.32,247.5
218,331.36,244.32692307692307
215,326.8,255.02380952380952
211,320.72,230.69230769230768
220,334.4,247.58620689655172
219,332.88,254.28
218,331.36,249.3913043478261
212,322.24,245.33333333333337
222,337.44,262.19565217391306
225,342,254.6296296296296
215,326.8,279.97058823529414
215,326.8,269.38235294117646
219,332.88,259.19565217391306
222,337.44,264.0869565217391
218,331.36,243.35
213,323.76,253.19565217391303
218,331.36,260.02272727272725
215,326.8,249.3809523809524
219,332.88,247.57142857142856
217,329.84000000000003,238.33333333333337
211,320.72,236.52083333333337
222,337.44,254.3269230769231
212,322.24,246.5681818181818
225,342,260.28
225,342,255.0178571428571
216,328.32,242.32692307692307
212,322.24,231.75806451612905
221,335.92,244.29032258064515
219,332.88,252.62
212,322.24,246.5681818181818
218,331.36,254.75
215,326.8,242.76923076923077
221,335.92,244.29032258064515
213,323.76,235.23076923076923
212,322.24,241.76086956521735
221,335.92,250.25
214,325.28000000000003,241.76923076923077
213,323.76,231.77586206896552
213,323.76,241.52083333333337
216,328.32,242.66666666666663
228,346.56,259.1296296296296
217,329.84000000000003,253.98
219,332.88,252.9230769230769
212,322.24,229.30769230769232
214,325.28000000000003,244.42
211,320.72,227.66666666666663
216,328.32,238.81666666666663
218,331.36,256.0952380952381
215,326.8,243.17391304347825
219,332.88,246.38
216,328.32,249.06521739130432
217,329.84000000000003,246.6296296296296
217,329.84000000000003,259.1875
214,325.28000000000003,256.02272727272725
214,325.28000000000003,234.16666666666663
216,328.32,235.9310344827586
214,325.28000000000003,237.55769230769232
211,320.72,253.025
222,337.44,257.28
212,322.24,241.16666666666663
224,340.48,257.01785714285717
216,328.32,258.02272727272725
224,340.48,261.2307692307692
213,323.76,251.20454545454544
225,342,256.5
220,334.4,268.0909090909091
214,325.28000000000003,243.76086956521735
207,314.64,256.44117647058823
222,337.44,279.1666666666667
216,328.32,250.5681818181818
219,332.88,255.54347826086956
223,338.96,269
225,342,249.24242424242425
221,335.92,246.94117647058823
218,331.36,248.08333333333337
219,332.88,267.0909090909091
212,322.24,252.0909090909091
225,342,286.3611111111111
221,335.92,249.98275862068965
222,337.44,247.35
212,322.24,258.69444444444446
217,329.84000000000003,271.38235294117646
218,331.36,260.02272727272725
215,326.8,255.02380952380952
219,332.88,250.1296296296296
211,320.72,234.1428571428571
213,323.76,243.76923076923077
215,326.8,257.02272727272725
215,326.8,261.225
220,334.4,262.32
226,343.52,254.01666666666665
215,326.8,236.40740740740745
215,326.8,260.125
213,323.76,245.8181818181818
222,337.44,264.1875
225,342,265.5
220,334.4,252.5952380952381
217,329.84000000000003,250.62
212,322.24,242.8571428571429
223,338.96,248.35
220,334.4,280.025
206,313.12,234.52083333333337
219,332.88,295.8
210,319.2,261.3611111111111
215,326.8,251.36363636363637
210,319.2,240.625
215,326.8,235.6428571428571
219,332.88,241.81666666666663
216,328.32,250.5681818181818
220,334.4,238.5142857142857
221,335.92,250.6296296296296
216,328.32,245.25
218,331.36,256.3478260869565
220,334.4,251.3913043478261
208,316.16,252
214,325.28000000000003,236.6851851851852
217,329.84000000000003,243.74074074074073
221,335.92,252.1296296296296
217,329.84000000000003,235.77586206896552
215,326.8,245.42
221,335.92,271.3809523809524
220,334.4,246.22413793103448
220,334.4,282.5
220,334.4,251.1296296296296
219,332.88,255.75
216,328.32,245.76086956521735
218,331.36,250.66666666666663
220,334.4,248.88
221,335.92,259.3478260869565
207,314.64,256.44117647058823
223,338.96,248.80645161290323
218,331.36,260.02272727272725
216,328.32,244.88
225,342,261.1607142857143
215,326.8,246.6875
224,340.48,270.1730769230769
209,317.68,247.34782608695653
220,334.4,248.57142857142856
206,313.12,235.25
217,329.84000000000003,247.42
217,329.84000000000003,238.40740740740745
215,326.8,255.02380952380952
216,328.32,244.52083333333337
219,332.88,249.76923076923077
215,326.8,247.8181818181818
214,325.28000000000003,241
212,322.24,239.38
215,326.8,234.63636363636363
214,325.28000000000003,236.6851851851852
215,326.8,244.45454545454544
215,326.8,245.42
222,337.44,257.28
215,326.8,243.52083333333337
225,342,256.87931034482756
216,328.32,234.28571428571428
211,320.72,277.0357142857143
208,316.16,258
212,322.24,245.06521739130432
214,325.28000000000003,250.1
219,332.88,241.0806451612903
215,326.8,240.78571428571428
228,346.56,262.91379310344826
212,322.24,243.6875
214,325.28000000000003,262.6578947368421
212,322.24,248.98
209,317.68,258
220,334.4,251.1296296296296
214,325.28000000000003,246.3269230769231
214,325.28000000000003,264
208,316.16,229.875
220,334.4,266
220,334.4,243.29032258064515
220,334.4,264.1
212,322.24,248.21428571428572
221,335.92,246
213,323.76,242.25
217,329.84000000000003,248.11363636363637
220,334.4,262
217,329.84000000000003,238.875
211,320.72,226
216,328.32,258.1875
216,328.32,252.36363636363637
215,326.8,236.390625
215,326.8,243.16666666666663
213,323.76,236.27272727272728
211,320.72,243.8181818181818
214,325.28000000000003,235.6
216,328.32,246.42
220,334.4,245.80645161290323
220,334.4,251.5
224,340.48,280.54347826086956
230,349.6,265.6290322580645
211,320.72,240.45454545454544
212,322.24,246.225
218,331.36,245.58620689655172
215,326.8,234.9310344827586
208,316.16,234.27272727272728
221,335.92,273.3636363636364
217,329.84000000000003,245.52083333333337
210,319.2,294.96153846153845
214,325.28000000000003,248.225
224,340.48,262.9423076923077
218,331.36,271.77777777777777
222,337.44,250.57142857142856
217,329.84000000000003,237.94230769230768
215,326.8,232.6551724137931
213,323.76,247.24074074074073
222,337.44,262.5
219,332.88,254.85185185185185
214,325.28000000000003,258.18
212,322.24,254.47058823529412
216,328.32,272.94117647058823
213,323.76,244.3913043478261
221,335.92,265.1
212,322.24,258.225
218,331.36,244.74074074074073
218,331.36,294.5
221,335.92,247.74074074074073
214,325.28000000000003,281.7647058823529
214,325.28000000000003,241.38
218,331.36,266.2142857142857
217,329.84000000000003,236.9310344827586
219,332.88,243.06666666666663
218,331.36,246.88
215,326.8,253.52083333333337
215,326.8,248.62
220,334.4,248.01666666666665
209,317.68,232.6034482758621
222,337.44,254.66666666666663
217,329.84000000000003,253.54347826086956
216,328.32,276.025
210,319.2,243.06521739130432
208,316.16,241.62
211,320.72,247.21428571428572
207,314.64,233.6304347826087
222,337.44,295.52941176470586
218,331.36,250.3269230769231
220,334.4,244.44642857142856
217,329.84000000000003,247.76923076923077
216,328.32,253.23076923076923
215,326.8,238.6034482758621
218,331.36,249.1296296296296
220,334.4,275.6842105263158
216,328.32,243.16071428571428
216,328.32,244.98275862068965
217,329.84000000000003,257.0909090909091
207,314.64,230.12
216,328.32,252.1
219,332.88,252.06521739130432
217,329.84000000000003,265.6578947368421
210,319.2,233.27272727272728
215,326.8,247.8181818181818
205,311.6,227.5
209,317.68,249.02380952380952
220,334.4,252.66666666666663
217,329.84000000000003,274.6
216,328.32,245.45454545454544
217,329.84000000000003,248.5
212,322.24,248.0263157894737
221,335.92,251.41379310344828
214,325.28000000000003,267.77777777777777
207,314.64,239.5952380952381
211,320.72,269.13157894736844
215,326.8,253.20454545454544
215,326.8,251.98
214,325.28000000000003,237.67391304347825
219,332.88,253.5681818181818
220,334.4,246.66666666666663
213,323.76,247.7826086956522
215,326.8,244.25
219,332.88,269.20454545454544
215,326.8,242.76923076923077
213,323.76,245.8181818181818
220,334.4,248.16666666666663
216,328.32,254.34782608695653
214,325.28000000000003,240.22413793103448
218,331.36,258.0909090909091
204,310.08,236.23684210526315
219,332.88,251.8181818181818
216,328.32,243.16071428571428
222,337.44,248.22413793103448
223,338.96,246.1428571428571
213,323.76,246.33333333333337
213,323.76,235.6851851851852
213,323.76,277.97058823529414
209,317.68,239.08333333333337
222,337.44,258.75
213,323.76,263.20454545454544
224,340.48,254.41379310344828
224,340.48,252.16666666666663
212,322.24,235.1428571428571
219,332.88,242.04545454545456
210,319.2,230.48
213,323.76,240.8409090909091
221,335.92,263.4807692307692
220,334.4,252.66666666666663
221,335.92,259.5208333333333
210,319.2,239.16666666666663
215,326.8,248.06521739130432
216,328.32,235.75806451612905
207,314.64,232.92857142857144
228,346.56,262.57142857142856
219,332.88,254.28
218,331.36,248.76923076923077
221,335.92,251.0178571428571
210,319.2,242.8181818181818
209,317.68,234.52083333333337
219,332.88,255.75
222,337.44,257.85185185185185
214,325.28000000000003,247.06521739130432
219,332.88,259.0238095238095
217,329.84000000000003,259.02272727272725
213,323.76,233.94230769230768
217,329.84000000000003,265.6578947368421
208,316.16,228.41666666666663
216,328.32,249.33333333333337
214,325.28000000000003,236.6851851851852
211,320.72,243.5952380952381
222,337.44,257.5576923076923
227,345.04,264.7857142857143
219,332.88,261.025
216,328.32,238.26086956521735
216,328.32,254.025
210,319.2,232.81666666666663
217,329.84000000000003,246.25
222,337.44,251.25
219,332.88,252.62
213,323.76,255.25
216,328.32,242.32692307692307
210,319.2,242.5952380952381
210,319.2,246.75
214,325.28000000000003,247.06521739130432
214,325.28000000000003,270.94117647058823
216,328.32,242.32692307692307
222,337.44,257.5576923076923
210,319.2,236.74074074074073
208,316.16,234.6304347826087
219,332.88,238.75806451612905
218,331.36,251.62
218,331.36,245.76923076923077
221,335.92,241.25
221,335.92,250.6296296296296
223,338.96,273.3809523809524
214,325.28000000000003,269.125
215,326.8,243.52083333333337
219,332.88,252.9230769230769
215,326.8,255.33333333333337
216,328.32,244.16666666666663
219,332.88,249.0178571428571
213,323.76,239.32692307692307
212,322.24,268.25
223,338.96,269.0952380952381
216,328.32,262.0952380952381
213,323.76,235.6851851851852
213,323.76,237.5
219,332.88,254.02083333333337
212,322.24,262
218,331.36,256.5208333333333
224,340.48,244.25
222,337.44,255.3793103448276
216,328.32,233.56451612903223
215,326.8,255.0263157894737
217,329.84000000000003,236.9310344827586
220,334.4,243.29032258064515
215,326.8,268.77777777777777
210,319.2,235.1304347826087
221,335.92,263
219,332.88,259.19565217391306
204,310.08,234.08333333333337
218,331.36,242.8965517241379
214,325.28000000000003,231.5151515151515
220,334.4,273.77777777777777
212,322.24,237.1304347826087
214,325.28000000000003,246.5952380952381
222,337.44,260.72
216,328.32,240
217,329.84000000000003,244.16071428571428
212,322.24,235.1428571428571
218,331.36,236.0625
208,316.16,246.0952380952381
227,345.04,261.57142857142856
218,331.36,258.0909090909091
216,328.32,272.94117647058823
221,335.92,269.0909090909091
212,322.24,236.92307692307693
211,320.72,261.9473684210526
221,335.92,261.0909090909091
217,329.84000000000003,257.0909090909091
217,329.84000000000003,249.3269230769231
217,329.84000000000003,259
221,335.92,254.33333333333337
217,329.84000000000003,249
220,334.4,268.02173913043475
214,325.28000000000003,250.21428571428572
221,335.92,251.08333333333337
211,320.72,238
218,331.36,254.98
214,325.28000000000003,234.94230769230768
225,342,262.5
224,340.48,270.02272727272725
216,328.32,256.19565217391306
214,325.28000000000003,256
220,334.4,250.0178571428571
221,335.92,269.02173913043475
219,332.88,249.81666666666663
217,329.84000000000003,241.8965517241379
221,335.92,257.75
215,326.8,247.8181818181818
217,329.84000000000003,269.9
220,334.4,252.66666666666663
219,332.88,241.81666666666663
216,328.32,254.34782608695653
218,331.36,244.74074074074073
222,337.44,262.0909090909091
217,329.84000000000003,249
210,319.2,236.6304347826087
213,323.76,235.81666666666663
217,329.84000000000003,257.0909090909091
217,329.84000000000003,255.0952380952381
216,328.32,288.25
219,332.88,251
214,325.28000000000003,238.92307692307693
211,320.72,230.44642857142856
219,332.88,248.25
213,323.76,242.76086956521735
210,319.2,237.76923076923077
215,326.8,240.52083333333337
216,328.32,262.69444444444446
216,328.32,245.6296296296296
221,335.92,249.16666666666663
218,331.36,256.3478260869565
217,329.84000000000003,244.76923076923077
218,331.36,238.9032258064516
215,326.8,238.55769230769232
214,325.28000000000003,242.16666666666663
218,331.36,260.0869565217391
207,314.64,277.0416666666667
210,319.2,242.8181818181818
208,316.16,248.5
218,331.36,236.0625
217,329.84000000000003,242
221,335.92,239.5142857142857
220,334.4,255.02083333333337
216,328.32,247.6875
220,334.4,249.6296296296296
217,329.84000000000003,238.390625
214,325.28000000000003,254.02380952380952
219,332.88,252.9230769230769
220,334.4,283.28125
217,329.84000000000003,248.11363636363637
225,342,273.2142857142857
209,317.68,239.08333333333337
220,334.4,241.390625
213,323.76,247.7826086956522
210,319.2,241.6875
218,331.36,243.78571428571428
217,329.84000000000003,248.6875
212,322.24,233.1206896551724
224,340.48,247.29032258064515
219,332.88,281.5
206,313.12,226.8913043478261
218,331.36,268.3809523809524
222,337.44,257.5576923076923
224,340.48,264.5
210,319.2,227.6551724137931
217,329.84000000000003,241.44642857142856
220,334.4,248.17391304347825
225,342,260.5576923076923
214,325.28000000000003,248.7826086956522
210,319.2,236.32692307692307
220,334.4,244.92307692307693
214,325.28000000000003,248.5681818181818
222,337.44,250.98275862068965
216,328.32,254.34782608695653
224,340.48,257.01785714285717
219,332.88,235.5540540540541
208,316.16,238.42105263157896
221,335.92,254.33333333333337
215,326.8,237.0806451612903
212,322.24,246.5681818181818
219,332.88,261.02272727272725
213,323.76,251.1176470588235
216,328.32,243.38
212,322.24,250
213,323.76,257.0238095238095
213,323.76,245.4
225,342,253.98275862068965
219,332.88,261.1875
220,334.4,243.6034482758621
217,329.84000000000003,261.0238095238095
213,323.76,243.76923076923077
211,320.72,235.92307692307693
217,329.84000000000003,234.56451612903223
217,329.84000000000003,246.25
211,320.72,228.015625
218,331.36,264.42105263157896
219,332.88,295.8
214,325.28000000000003,249.02083333333337
218,331.36,244.265625
216,328.32,246.42
219,332.88,252.33333333333337
218,331.36,265.05882352941177
216,328.32,260.02173913043475
220,334.4,245
223,338.96,253.41379310344828
213,323.76,248.55769230769232
207,314.64,229.6875
206,313.12,269
211,320.72,221.9032258064516
220,334.4,258.20454545454544
217,329.84000000000003,251.5681818181818
222,337.44,254.66666666666663
224,340.48,272.0909090909091
223,338.96,254.8793103448276
217,329.84000000000003,250.33333333333337
213,323.76,246.62
212,322.24,252.0263157894737
219,332.88,265.69444444444446
213,323.76,237.5
219,332.88,252.06521739130432
222,337.44,248.66666666666663
225,342,250
210,319.2,254.1
212,322.24,252.0909090909091
218,331.36,243.78571428571428
214,325.28000000000003,256.025
216,328.32,258
214,325.28000000000003,236.23076923076923
217,329.84000000000003,237.41666666666663
215,326.8,235.94230769230768
220,334.4,262.025
220,334.4,252.3269230769231
218,331.36,258.0909090909091
227,345.04,260.37931034482756
220,334.4,257.2307692307692
212,322.24,240.17391304347825
208,316.16,238.625
224,340.48,262.5208333333333
226,343.52,259.01785714285717
222,337.44,262.0238095238095
227,345.04,258.87931034482756
216,328.32,240
218,331.36,250.8181818181818
219,332.88,245.22413793103448
220,334.4,266.02272727272725
211,320.72,253.025
213,323.76,267.38235294117646
218,331.36,247.25
209,317.68,243.5681818181818
219,332.88,257.5208333333333
224,340.48,264.3333333333333
223,338.96,265.1875
205,311.6,225.8913043478261
220,334.4,252
219,332.88,243.53225806451613
220,334.4,255.85185185185185
219,332.88,247.57142857142856
222,337.44,256.57142857142856
215,326.8,261.42105263157896
216,328.32,236.41666666666663
222,337.44,241.140625
216,328.32,248.3269230769231
212,322.24,240.52083333333337
222,337.44,258.75
206,313.12,234.9
222,337.44,262.19565217391306
220,334.4,250.0178571428571
222,337.44,264.0869565217391
218,331.36,237.26666666666665
217,329.84000000000003,244.38
223,338.96,263.0909090909091
215,326.8,257.10526315789474
208,316.16,242.7826086956522
214,325.28000000000003,245.11363636363637
214,325.28000000000003,267.77777777777777
211,320.72,251
215,326.8,251.54347826086956
208,316.16,231.12
215,326.8,257.0869565217391
221,335.92,277.25
211,320.72,239.88
218,331.36,284.125
209,317.68,240.3913043478261
219,332.88,244.46969696969697
219,332.88,252.06521739130432
219,332.88,267.6578947368421
215,326.8,244.25
209,317.68,253.23684210526315
224,340.48,260.98
221,335.92,256.85185185185185
214,325.28000000000003,242.98275862068965
216,328.32,239.1428571428571
223,338.96,259.98
216,328.32,260
222,337.44,255.9230769230769
220,334.4,247.76923076923077
218,331.36,258.0909090909091
224,340.48,268.0833333333333
215,326.8,239.44642857142856
223,338.96,267.0238095238095
214,325.28000000000003,244.42
212,322.24,247.02083333333337
223,338.96,267
224,340.48,255.5
225,342,261.3636363636364
227,345.04,273.1730769230769
218,331.36,276.77777777777777
219,332.88,251
215,326.8,248.06521739130432
211,320.72,245.7826086956522
216,328.32,241.80645161290323
216,328.32,251.02083333333337
209,317.68,238.76086956521735
219,332.88,251.3269230769231
217,329.84000000000003,261.0238095238095
215,326.8,242.16071428571428
211,320.72,253.1052631578947
222,337.44,266.02173913043475
216,328.32,251.28
219,332.88,246.16071428571428
216,328.32,248.8181818181818
211,320.72,226.51724137931035
219,332.88,257.3478260869565
216,328.32,235.44642857142856
204,310.08,232.44444444444449
218,331.36,247.25
220,334.4,275.225
213,323.76,246.06521739130432
215,326.8,245.42
216,328.32,240.53225806451613
216,328.32,262.02272727272725
219,332.88,246.1129032258065
220,334.4,255.28
216,328.32,227.06578947368425
225,342,275.3809523809524
214,325.28000000000003,245.11363636363637
218,331.36,270.3636363636364
207,314.64,227.6428571428571
230,349.6,288.7826086956522
217,329.84000000000003,252.85185185185185
215,326.8,241.32692307692307
215,326.8,232.015625
217,329.84000000000003,252.55769230769232
218,331.36,243.35185185185185
220,334.4,243.55769230769232
225,342,263.72
216,328.32,242.22413793103448
214,325.28000000000003,245.1296296296296
215,326.8,246.6875
218,331.36,240.0806451612903
210,319.2,243.62
210,319.2,232.3448275862069
215,326.8,259.0238095238095
218,331.36,268.0869565217391
224,340.48,257.62
209,317.68,225.07142857142856
218,331.36,246.57142857142856
225,342,261.1607142857143
214,325.28000000000003,246.3269230769231
202,307.04,222.48
214,325.28000000000003,242.57142857142856
216,328.32,245.76086956521735
219,332.88,242.6034482758621
212,322.24,265.77777777777777
216,328.32,252.36363636363637
222,337.44,250.01666666666665
210,319.2,236.32692307692307
211,320.72,257.0952380952381
214,325.28000000000003,244.08333333333337
214,325.28000000000003,240.66666666666663
220,334.4,242.81666666666663
211,320.72,239.52083333333337
209,317.68,239.8571428571429
218,331.36,242.06666666666663
217,329.84000000000003,238.1206896551724
220,334.4,243.52941176470588
215,326.8,246.3913043478261
219,332.88,276.1666666666667
214,325.28000000000003,229.015625
215,326.8,238.6034482758621
209,317.68,236.76923076923077
218,331.36,240.6851851851852
210,319.2,266.94117647058823
218,331.36,237.69230769230768
213,323.76,240.38
225,342,267.32
219,332.88,240.6
219,332.88,257.5208333333333
221,335.92,245.8965517241379
211,320.72,230.69230769230768
216,328.32,235.44642857142856
224,340.48,258.57142857142856
217,329.84000000000003,267.625
217,329.84000000000003,259.875
216,328.32,240.53225806451613
220,334.4,253.62
224,340.48,266.0869565217391
214,325.28000000000003,278.5333333333333
218,331.36,244.22413793103448
212,322.24,241.45454545454544
216,328.32,262.42105263157896
221,335.92,249.57142857142856
212,322.24,243.3913043478261
214,325.28000000000003,234.94230769230768
217,329.84000000000003,244.76923076923077
216,328.32,246.08333333333337
212,322.24,238.32692307692307
214,325.28000000000003,232.6451612903226
216,328.32,249.33333333333337
219,332.88,261.02272727272725
224,340.48,266.02272727272725
221,335.92,255.7826086956522
210,319.2,235.92
213,323.76,232.69230769230768
224,340.48,283.1136363636364
209,317.68,227.0625
216,328.32,254.52083333333337
211,320.72,244.06521739130432
214,325.28000000000003,236.23076923076923
214,325.28000000000003,244.76923076923077
218,331.36,260.02272727272725
220,334.4,258.3478260869565
209,317.68,231.6875
207,314.64,225.75
222,337.44,249
219,332.88,249.0178571428571
217,329.84000000000003,244
214,325.28000000000003,252.0952380952381
220,334.4,250.42
212,322.24,230.15
220,334.4,245
217,329.84000000000003,235.6451612903226
216,328.32,249.06521739130432
214,325.28000000000003,246.5952380952381
215,326.8,251.21428571428572
210,319.2,234.44642857142856
218,331.36,258.19565217391306
214,325.28000000000003,254
215,326.8,242.16071428571428
217,329.84000000000003,247.0178571428571
211,320.72,230.22
209,317.68,234.35185185185185
216,328.32,243.76923076923077
215,326.8,251.75
214,325.28000000000003,247.06521739130432
213,323.76,239.6304347826087
209,317.68,234.1304347826087
214,325.28000000000003,252.0952380952381
218,331.36,236.01470588235293
217,329.84000000000003,245.88
212,322.24,250
216,328.32,251.02083333333337
216,328.32,243
224,340.48,257.01785714285717
215,326.8,241.32692307692307
220,334.4,251.1296296296296
213,323.76,240.38
216,328.32,264
215,326.8,248.33333333333337
219,332.88,251
213,323.76,239.22413793103448
213,323.76,237.44642857142856
217,329.84000000000003,248.6875
217,329.84000000000003,249.3269230769231
213,323.76,242.76086956521735
211,320.72,249.0952380952381
216,328.32,246.76923076923077
216,328.32,256.0263157894737
215,326.8,245.08333333333337
215,326.8,238.29032258064515
224,340.48,255.1296296296296
207,314.64,229.6875
209,317.68,235.32692307692307
213,323.76,246.33333333333337
216,328.32,266.0869565217391
222,337.44,257.28
222,337.44,272.3809523809524
214,325.28000000000003,243.25
211,320.72,238.8409090909091
215,326.8,259.44444444444446
219,332.88,267.4
218,331.36,260
218,331.36,254.75
213,323.76,249.75
217,329.84000000000003,250.33333333333337
205,311.6,231.32692307692307
216,328.32,238.0806451612903
214,325.28000000000003,239.1304347826087
214,325.28000000000003,243.25
213,323.76,242.25
223,338.96,269.08
223,338.96,265.0869565217391
215,326.8,247.5952380952381
216,328.32,254.0952380952381
218,331.36,256.20454545454544
216,328.32,252.1
213,323.76,253.0909090909091
208,316.16,237.45454545454544
224,340.48,264.5
216,328.32,254.20454545454544
220,334.4,251.6875
220,334.4,260.5
210,319.2,242.5952380952381
224,340.48,264.19565217391306
214,325.28000000000003,260.02272727272725
211,320.72,228.52083333333337
219,332.88,241.5625
218,331.36,242.44642857142856
214,325.28000000000003,250.36363636363637
218,331.36,248.76923076923077
213,323.76,231.77586206896552
218,331.36,256.20454545454544
215,326.8,248.33333333333337
221,335.92,265
222,337.44,261.18518518518516
219,332.88,270.3611111111111
218,331.36,247.6296296296296
217,329.84000000000003,247.0178571428571
208,316.16,234.6304347826087
207,314.64,222.0178571428571
222,337.44,253.1296296296296
223,338.96,257.1290322580645
223,338.96,261.9423076923077
216,328.32,238.5625
215,326.8,268.2894736842105
221,335.92,251.0178571428571
206,313.12,232.27272727272728
216,328.32,243.76923076923077
221,335.92,251.0178571428571
216,328.32,252.36363636363637
211,320.72,245.5681818181818
216,328.32,275.55882352941177
215,326.8,243.16666666666663
211,320.72,241.8571428571429
219,332.88,250.1296296296296
217,329.84000000000003,257.3333333333333
216,328.32,248
212,322.24,250.0952380952381
217,329.84000000000003,249.8181818181818
214,325.28000000000003,252.025
214,325.28000000000003,240.6304347826087
211,320.72,241.08333333333337
210,319.2,241.6875
214,325.28000000000003,239.78571428571428
209,317.68,241.4
212,322.24,244.5952380952381
216,328.32,249.33333333333337
215,326.8,253.20454545454544
219,332.88,259.0238095238095
214,325.28000000000003,242.16666666666663
213,323.76,247.5681818181818
219,332.88,250.1296296296296
214,325.28000000000003,248.3809523809524
222,337.44,264.0869565217391
217,329.84000000000003,257.0238095238095
221,335.92,254.62
207,314.64,245.02777777777777
219,332.88,241.6851851851852
207,314.64,247.0909090909091
217,329.84000000000003,240.1428571428571
215,326.8,247
218,331.36,273.225
216,328.32,242.32692307692307
210,319.2,232.23076923076923
217,329.84000000000003,241.06666666666663
223,338.96,248.78571428571428
215,326.8,247
212,322.24,240.52083333333337
217,329.84000000000003,244.76923076923077
221,335.92,252.2258064516129
222,337.44,257.85185185185185
210,319.2,234
208,316.16,224.17307692307693
216,328.32,258.025
219,332.88,242.29032258064515
223,338.96,263.5
218,331.36,254.75
222,337.44,260.5208333333333
219,332.88,255.36363636363637
216,328.32,252.1
215,326.8,285.61764705882354
218,331.36,245.16071428571428
212,322.24,252.11111111111111
218,331.36,269.3611111111111
217,329.84000000000003,239.0806451612903
209,317.68,228.44642857142856
217,329.84000000000003,245.52083333333337
219,332.88,247.16666666666663
212,322.24,254
221,335.92,245.8965517241379
215,326.8,257.0869565217391
219,332.88,239.9032258064516
220,334.4,249.6296296296296
222,337.44,254.26666666666665
211,320.72,256.125
220,334.4,266.225
219,332.88,252.0178571428571
213,323.76,241.16666666666663
218,331.36,286.4473684210526
216,328.32,253.23076923076923
215,326.8,251.54347826086956
210,319.2,233.67391304347825
217,329.84000000000003,255.52083333333337
205,311.6,223
226,343.52,258.26666666666665
215,326.8,261.225
213,323.76,248.02083333333337
216,328.32,246.42
212,322.24,242.76923076923077
223,338.96,263.0909090909091
222,337.44,261.18518518518516
217,329.84000000000003,249.66666666666663
216,328.32,234.96296296296296
217,329.84000000000003,243.32692307692307
212,322.24,232.94230769230768
221,335.92,252.1296296296296
221,335.92,254.75
213,323.76,241.52083333333337
220,334.4,264.0238095238095
218,331.36,240.81666666666663
218,331.36,291.6333333333333
216,328.32,254.34782608695653
227,345.04,269.1875
221,335.92,254.0178571428571
215,326.8,250.02083333333337
217,329.84000000000003,253.36363636363637
223,338.96,269.1730769230769
221,335.92,257.75
210,319.2,238.17391304347825
218,331.36,244.32692307692307
210,319.2,246.36363636363637
217,329.84000000000003,247.08333333333337
221,335.92,241.25
208,316.16,246.0952380952381
222,337.44,260.5208333333333
219,332.88,247.01666666666665
207,314.64,230.67391304347825
220,334.4,246.66666666666663
219,332.88,259.0909090909091
215,326.8,255.19565217391303
220,334.4,248.98275862068965
220,334.4,254.57142857142856
219,332.88,267
216,328.32,266
220,334.4,242.3448275862069
219,332.88,249.0178571428571
221,335.92,273.3636363636364
216,328.32,258.0869565217391
223,338.96,245.81666666666663
216,328.32,252.21428571428572
218,331.36,251.33333333333337
220,334.4,259.18518518518516
216,328.32,248.3269230769231
215,326.8,238.12
222,337.44,245.52941176470588
218,331.36,246.88
219,332.88,261.0869565217391
220,334.4,249.6296296296296
217,329.84000000000003,238.23529411764707
217,329.84000000000003,261.0238095238095
216,328.32,250.7826086956522
224,340.48,259.0208333333333
218,331.36,248.08333333333337
211,320.72,228.7962962962963
217,329.84000000000003,237.9032258064516
219,332.88,277.13157894736844
206,313.12,237.11363636363637
210,319.2,237.76923076923077
215,326.8,245.0178571428571
216,328.32,245.45454545454544
217,329.84000000000003,243.74074074074073
217,329.84000000000003,261.0238095238095
216,328.32,248
220,334.4,270.0869565217391
209,317.68,253.1
218,331.36,268.20454545454544
217,329.84000000000003,239.0806451612903
219,332.88,259.0238095238095
215,326.8,240.35185185185185
211,320.72,247.54347826086956
222,337.44,252.76923076923077
213,323.76,251.52083333333337
219,332.88,263.02173913043475
217,329.84000000000003,237.9032258064516
224,340.48,254.0178571428571
227,345.04,257.41379310344826
211,320.72,251.02380952380952
221,335.92,261.0909090909091
213,323.76,251.20454545454544
219,332.88,251.66666666666663
220,334.4,252.3269230769231
214,325.28000000000003,246.5952380952381
210,319.2,230.94230769230768
217,329.84000000000003,254.5
220,334.4,247.5625
221,335.92,287.69444444444446
220,334.4,260.5
212,322.24,270.77777777777777
221,335.92,253.3269230769231
219,332.88,247.4516129032258
221,335.92,249.01666666666665
216,328.32,243
216,328.32,242.32692307692307
222,337.44,252.0178571428571
215,326.8,249.7826086956522
219,332.88,278.55882352941177
205,311.6,230.92
210,319.2,241.6875
215,326.8,295.0333333333333
212,322.24,233.33333333333337
222,337.44,252.81666666666663
209,317.68,245.21428571428572
209,317.68,229.41666666666663
224,340.48,253.82258064516128
211,320.72,259.4
221,335.92,259.9423076923077
226,343.52,288.5
208,316.16,235.8409090909091
212,322.24,252
220,334.4,262.025
213,323.76,237.92307692307693
209,317.68,234.92
214,325.28000000000003,249.02083333333337
216,328.32,256.19565217391306
220,334.4,275.6842105263158
210,319.2,241.11363636363637
214,325.28000000000003,248.5681818181818
216,328.32,247.11363636363637
215,326.8,249.225
213,323.76,238.1304347826087
218,331.36,245
215,326.8,240.35185185185185
220,334.4,264.0238095238095
220,334.4,251.6875
220,334.4,250.81666666666663
217,329.84000000000003,249
205,311.6,252.53125
217,329.84000000000003,243.74074074074073
207,314.64,240.06521739130432
218,331.36,244.74074074074073
224,340.48,255.5
215,326.8,248.62
208,316.16,246
227,345.04,257.25
211,320.72,238.76923076923077
219,332.88,244.92
214,325.28000000000003,236.6851851851852
218,331.36,258.0909090909091
214,325.28000000000003,250.36363636363637
217,329.84000000000003,273.25
215,326.8,261.0952380952381
211,320.72,242.3913043478261
219,332.88,242.55769230769232
217,329.84000000000003,263.42105263157896
220,334.4,250.41379310344828
206,313.12,228.8809523809524
219,332.88,261.0869565217391
217,329.84000000000003,265.6578947368421
208,316.16,226.77586206896552
211,320.72,249.02777777777777
214,325.28000000000003,252.025
210,319.2,234
215,326.8,235.16666666666663
208,316.16,232.08333333333337
224,340.48,258.24074074074076
217,329.84000000000003,243.66666666666663
218,331.36,245.38
214,325.28000000000003,245.6875
218,331.36,256.025
215,326.8,242.76923076923077
218,331.36,260.32
215,326.8,245.42
211,320.72,249
214,325.28000000000003,250.36363636363637
218,331.36,250.66129032258064
217,329.84000000000003,250.62
206,313.12,224.48076923076923
219,332.88,267.2142857142857
211,320.72,231.41666666666663
218,331.36,262
220,334.4,248.57142857142856
218,331.36,240.3448275862069
217,329.84000000000003,255.0952380952381
222,337.44,266.02173913043475
214,325.28000000000003,239.92
217,329.84000000000003,241.06666666666663
218,331.36,258
210,319.2,248
214,325.28000000000003,241
221,335.92,269.4
219,332.88,281.2352941176471
216,328.32,244.57142857142856
210,319.2,259.44117647058823
212,322.24,238.74074074074073
214,325.28000000000003,252.20454545454544
215,326.8,242.38
218,331.36,242.53225806451613
224,340.48,272.0909090909091
219,332.88,254.02083333333337
223,338.96,252.33333333333337
219,332.88,252.62
216,328.32,260.0238095238095
211,320.72,242.6875
211,320.72,258.05882352941177
215,326.8,247.3269230769231
224,340.48,256
213,323.76,248.02083333333337
217,329.84000000000003,252.28
223,338.96,250.58620689655172
222,337.44,261.18518518518516
218,331.36,254.54347826086956
215,326.8,264
214,325.28000000000003,284.5333333333333
220,334.4,246.22413793103448
220,334.4,256.54347826086956
214,325.28000000000003,273.5238095238095
211,320.72,241.08333333333337
212,322.24,236.92307692307693
225,342,265.5
218,331.36,245.76923076923077
211,320.72,244.06521739130432
220,334.4,270.20454545454544
214,325.28000000000003,241.38
205,311.6,252.53125
219,332.88,247.16666666666663
220,334.4,270.3809523809524
218,331.36,253.02083333333337
211,320.72,260
218,331.36,246.16666666666663
219,332.88,255.75
216,328.32,242.66666666666663
211,320.72,251.0909090909091
218,331.36,268.3809523809524
220,334.4,248.16666666666663
219,332.88,249.42
226,343.52,264.5208333333333
221,335.92,261.6923076923077
216,328.32,232.01666666666665
215,326.8,241.32692307692307
218,331.36,251.62
216,328.32,239.1428571428571
215,326.8,236.875
216,328.32,242.22413793103448
216,328.32,253.23076923076923
214,325.28000000000003,240.74074074074073
218,331.36,248.08333333333337
216,328.32,268.9
215,326.8,243.16666666666663
218,331.36,243.35185185185185
223,338.96,273.3809523809524
216,328.32,249.9230769230769
206,313.12,240.5681818181818
216,328.32,254.0952380952381
213,323.76,231.6451612903226
212,322.24,246.24074074074073
212,322.24,239.8409090909091
227,345.04,279.0833333333333
221,335.92,242.40740740740745
220,334.4,270.625
222,337.44,257.28
213,323.76,225.6451612903226
222,337.44,253.1296296296296
209,317.68,270.6333333333333
214,325.28000000000003,250.54347826086956
217,329.84000000000003,247.08333333333337
215,326.8,259
215,326.8,249.5681818181818
213,323.76,251.0952380952381
220,334.4,276.8181818181818
218,331.36,269.88235294117646
206,313.12,240.02777777777777
210,319.2,252
222,337.44,243.72857142857143
218,331.36,260.32
215,326.8,261.0952380952381
219,332.88,287.4473684210526
214,325.28000000000003,239.92
220,334.4,270.625
218,331.36,260.02272727272725
215,326.8,241.32692307692307
215,326.8,253.52083333333337
219,332.88,247.57142857142856
219,332.88,254.55769230769232
219,332.88,286.5
218,331.36,242.44642857142856
220,334.4,262
214,325.28000000000003,233.44642857142856
204,310.08,227.12
216,328.32,256.3333333333333
220,334.4,247.38
224,340.48,262.72
216,328.32,250.5681818181818
226,343.52,249.34722222222223
220,334.4,268.2142857142857
219,332.88,255.54347826086956
216,328.32,242.22413793103448
211,320.72,259.4
214,325.28000000000003,260.225
220,334.4,260.0909090909091
220,334.4,250.08333333333337
213,323.76,243.8571428571429
217,329.84000000000003,245.98275862068965
223,338.96,257.57142857142856
216,328.32,248.3269230769231
214,325.28000000000003,250.36363636363637
215,326.8,229.5606060606061
218,331.36,254.16071428571428
225,342,258.9230769230769
218,331.36,254.98
215,326.8,242
223,338.96,246.34722222222223
217,329.84000000000003,239.81666666666663
218,331.36,244.32692307692307
224,340.48,243.63636363636363
216,328.32,272.0333333333333
214,325.28000000000003,260.225
218,331.36,260.025
215,326.8,245.76923076923077
210,319.2,228.96296296296296
215,326.8,259.02173913043475
214,325.28000000000003,250.21428571428572
213,323.76,243.76923076923077
211,320.72,241.42
212,322.24,236
207,314.64,247.11111111111111
224,340.48,268.02173913043475
214,325.28000000000003,248.24074074074073
211,320.72,238.8409090909091
214,325.28000000000003,260.225
222,337.44,262.19565217391306
218,331.36,252.3809523809524
217,329.84000000000003,249.8181818181818
218,331.36,256.20454545454544
217,329.84000000000003,253.98
219,332.88,244.35
218,331.36,246.98275862068965
224,340.48,263.44642857142856
220,334.4,239.9310344827586
213,323.76,232.9310344827586
216,328.32,250.5681818181818
219,332.88,283.97058823529414
224,340.48,279.6842105263158
216,328.32,251.02083333333337
216,328.32,251.02083333333337
213,323.76,261.6578947368421
226,343.52,262.81666666666666
212,322.24,233.33333333333337
219,332.88,255.54347826086956
221,335.92,257.98
225,342,265.0909090909091
222,337.44,245.765625
218,331.36,237.26666666666665
215,326.8,257
227,345.04,259.6666666666667
215,326.8,243.17391304347825
210,319.2,228.96296296296296
222,337.44,254.66666666666663
214,325.28000000000003,247.33333333333337
213,323.76,249.36363636363637
211,320.72,259.2142857142857
223,338.96,251.98275862068965
216,328.32,239.55769230769232
217,329.84000000000003,254.23076923076923
219,332.88,243.8965517241379
213,323.76,238.78571428571428
208,316.16,242.225
213,323.76,230.6551724137931
220,334.4,247.1129032258065
220,334.4,245.35185185185185
215,326.8,243.52083333333337
223,338.96,263.3333333333333
221,335.92,286.7894736842105
219,332.88,248.25
212,322.24,238.32692307692307
216,328.32,254.52083333333337
223,338.96,256.62
222,337.44,251.82258064516128
220,334.4,251.6875
215,326.8,235.41666666666663
220,334.4,270.20454545454544
204,310.08,224.8913043478261
215,326.8,237.23076923076923
217,329.84000000000003,235.96296296296296
225,342,275.0208333333333
215,326.8,248.06521739130432
216,328.32,246.42
214,325.28000000000003,258.1
212,322.24,260.6578947368421
214,325.28000000000003,249.02083333333337
218,331.36,235.6551724137931
222,337.44,268.0952380952381
220,334.4,258.9423076923077
221,335.92,247.22413793103448
212,322.24,244.5952380952381
214,325.28000000000003,245.6875
209,317.68,236.38
217,329.84000000000003,247.08333333333337
217,329.84000000000003,267.625
218,331.36,244.27272727272728
213,323.76,236.12
214,325.28000000000003,230.5
215,326.8,245.08333333333337
218,331.36,250.66666666666663
221,335.92,249.98275862068965
226,343.52,257.1296296296296
217,329.84000000000003,239.3448275862069
220,334.4,250.08333333333337
221,335.92,250.6296296296296
218,331.36,260.10526315789474
222,337.44,257.85185185185185
220,334.4,253.62
208,316.16,227.9310344827586
217,329.84000000000003,240.1428571428571
214,325.28000000000003,247.06521739130432
217,329.84000000000003,280.1842105263158
214,325.28000000000003,244.42
214,325.28000000000003,244.42
208,316.16,233.1304347826087
218,331.36,254.54347826086956
209,317.68,238.45454545454544
218,331.36,240.5625
219,332.88,259.0238095238095
219,332.88,249.08333333333337
222,337.44,262.3333333333333
211,320.72,232.78
212,322.24,230.5142857142857
221,335.92,257.98
210,319.2,238.9
219,332.88,250.6875
203,308.56,226.67391304347825
217,329.84000000000003,257
220,334.4,243.12
221,335.92,273.5952380952381
220,334.4,260.5
220,334.4,246.22413793103448
216,328.32,234.15
219,332.88,253.3809523809524
218,331.36,258.0909090909091
222,337.44,243.390625
208,316.16,272.5333333333333
215,326.8,274.55882352941177
225,342,263.5208333333333
216,328.32,254.94230769230768
208,316.16,226.96296296296296
216,328.32,260.1
221,335.92,243.81666666666663
218,331.36,252.7826086956522
222,337.44,246.8965517241379
220,334.4,249.4
222,337.44,250.01666666666665
214,325.28000000000003,236.23076923076923
216,328.32,241.78571428571428
225,342,263.72
226,343.52,260.57142857142856
210,319.2,240.08333333333337
226,343.52,257.2258064516129
214,325.28000000000003,241.38
215,326.8,261.0952380952381
214,325.28000000000003,292.125
224,340.48,261.5
216,328.32,254.52083333333337
216,328.32,239.1428571428571
213,323.76,240
213,323.76,245.8181818181818
215,326.8,243.88
209,317.68,227.5606060606061
220,334.4,246.265625
220,334.4,256.2142857142857
221,335.92,256.28
224,340.48,255.1296296296296
221,335.92,258.2307692307692
215,326.8,247
212,322.24,256.0238095238095
218,331.36,242.8965517241379
211,320.72,229.15
212,322.24,256.1
218,331.36,274.25
217,329.84000000000003,257.0909090909091
213,323.76,239.74074074074073
220,334.4,257.5
221,335.92,252.1296296296296
218,331.36,254.54347826086956
221,335.92,256.5576923076923
210,319.2,241.6875
217,329.84000000000003,241.44642857142856
217,329.84000000000003,240.6034482758621
209,317.68,232.55769230769232
217,329.84000000000003,284.5
218,331.36,258.5
215,326.8,237.81666666666663
218,331.36,249.3913043478261
211,320.72,257.69444444444446
218,331.36,245.76923076923077
218,331.36,242.06666666666663
207,314.64,237.42
211,320.72,237.74074074074073
224,340.48,251.1129032258065
221,335.92,261.0263157894737
216,328.32,244.57142857142856
217,329.84000000000003,267.3809523809524
215,326.8,262.05882352941177
212,322.24,244.4
218,331.36,233.05882352941177
222,337.44,275.77777777777777
218,331.36,272.85714285714283
215,326.8,244.76086956521735
216,328.32,248
219,332.88,267.0909090909091
220,334.4,244.8965517241379
215,326.8,240.35185185185185
226,343.52,260.91379310344826
217,329.84000000000003,259.1875
216,328.32,232
210,319.2,246
218,331.36,246.88
205,311.6,227.6875
223,338.96,250.16071428571428
214,325.28000000000003,241.38
217,329.84000000000003,236.26666666666665
218,331.36,251.33333333333337
209,317.68,241.8181818181818
215,326.8,270.225
212,322.24,226.5
220,334.4,262.1875
219,332.88,253.7826086956522
215,326.8,246.11363636363637
220,334.4,245.78571428571428
216,328.32,243.76923076923077
216,328.32,251.02083333333337
214,325.28000000000003,232.77586206896552
219,332.88,267.2142857142857
216,328.32,266.20454545454544
219,332.88,247.16666666666663
218,331.36,248.0178571428571
207,314.64,251.23684210526315
217,329.84000000000003,265.2142857142857
216,328.32,260.1
225,342,273.2142857142857
216,328.32,241.35185185185185
210,319.2,252
217,329.84000000000003,245.98275862068965
216,328.32,256.0909090909091
208,316.16,233.92
220,334.4,249.25
220,334.4,245.78571428571428
223,338.96,259.2142857142857
222,337.44,252.0178571428571
227,345.04,279.3636363636364
214,325.28000000000003,242.88
220,334.4,248.52083333333337
218,331.36,249.3913043478261
219,332.88,244.35185185185185
215,326.8,241.6304347826087
221,335.92,261.3333333333333
218,331.36,276.13157894736844
216,328.32,252.21428571428572
217,329.84000000000003,246.25
217,329.84000000000003,253.98
212,322.24,241.45454545454544
202,307.04,227.92857142857144
213,323.76,249.36363636363637
219,332.88,272.2894736842105
217,329.84000000000003,248.1296296296296
221,335.92,244.765625
221,335.92,251.41379310344828
209,317.68,245.21428571428572
215,326.8,261
217,329.84000000000003,273.25
213,323.76,242.76086956521735
199,302.48,219.45454545454544
218,331.36,236.77586206896552
209,317.68,257.6578947368421
210,319.2,232.6875
209,317.68,230.875
208,316.16,240.5952380952381
215,326.8,238.6034482758621
221,335.92,265.18
218,331.36,280.5
219,332.88,251
217,329.84000000000003,257.19565217391306
216,328.32,240.06666666666663
218,331.36,238.9032258064516
216,328.32,250.1052631578947
215,326.8,255
221,335.92,250.4
229,348.08,262.75
207,314.64,236.76086956521735
211,320.72,243.5952380952381
220,334.4,256.98
218,331.36,239.875
217,329.84000000000003,269.5952380952381
218,331.36,246.16666666666663
219,332.88,245.32692307692307
211,320.72,236.1304347826087
225,342,273.2142857142857
226,343.52,268.4807692307692
209,317.68,228.9310344827586
218,331.36,242
211,320.72,232.40740740740745
220,334.4,279.55882352941177
210,319.2,231.40740740740745
217,329.84000000000003,267.20454545454544
213,323.76,239.22413793103448
218,331.36,271.77777777777777
217,329.84000000000003,259.02272727272725
216,328.32,251.02083333333337
213,323.76,237
213,323.76,237.06666666666663
216,328.32,248
222,337.44,262.6923076923077
212,322.24,246.225
223,338.96,269
217,329.84000000000003,259.02272727272725
221,335.92,256.28
222,337.44,262.5
214,325.28000000000003,236.6851851851852
220,334.4,258.0952380952381
216,328.32,240
220,334.4,244.53225806451613
222,337.44,249.58620689655172
219,332.88,277.13157894736844
219,332.88,248.25
224,340.48,255.1296296296296
212,322.24,241.25
222,337.44,257.0208333333333
217,329.84000000000003,292.03125
226,343.52,270.02173913043475
221,335.92,254.9230769230769
221,335.92,275.5681818181818
220,334.4,247.76923076923077
220,334.4,258.20454545454544
216,328.32,260.1
217,329.84000000000003,237.6428571428571
211,320.72,253.1052631578947
216,328.32,247.6875
207,314.64,233.6304347826087
222,337.44,262.0263157894737
219,332.88,263.0238095238095
214,325.28000000000003,242.17391304347825
211,320.72,236.92
207,314.64,266.55882352941177
220,334.4,256.75
212,322.24,239
209,317.68,233
216,328.32,260
210,319.2,258.6578947368421
211,320.72,236.52083333333337
216,328.32,235.69230769230768
216,328.32,251.28
210,319.2,233.12
209,317.68,225.17307692307693
215,326.8,273.77777777777777
214,325.28000000000003,278
205,311.6,239.5681818181818
207,314.64,236.76086956521735
222,337.44,249.58620689655172
215,326.8,261
224,340.48,278.1875
221,335.92,245.8965517241379
227,345.04,257.41379310344826
210,319.2,234.92307692307693
216,328.32,285.03125
215,326.8,255.0909090909091
224,340.48,270.02272727272725
215,326.8,247.3269230769231
226,343.52,263.7857142857143
214,325.28000000000003,235.875
219,332.88,268
220,334.4,242.81666666666663
216,328.32,243.1129032258065
220,334.4,249.25
215,326.8,241.32692307692307
217,329.84000000000003,250.33333333333337
214,325.28000000000003,243.6296296296296
222,337.44,270.0909090909091
218,331.36,264
207,314.64,245.1176470588235
215,326.8,253.34782608695653
210,319.2,246.75
209,317.68,253.44444444444449
223,338.96,255.3269230769231
221,335.92,239.5142857142857
213,323.76,237.92307692307693
212,322.24,237.92
212,322.24,244.4
221,335.92,263.1875
224,340.48,272.02173913043475
206,313.12,232.27272727272728
216,328.32,240.92307692307693
219,332.88,280.3611111111111
215,326.8,239.92307692307693
217,329.84000000000003,249
209,317.68,230.40740740740745
217,329.84000000000003,257.3333333333333
217,329.84000000000003,247.0178571428571
217,329.84000000000003,257.3333333333333
208,316.16,235.52380952380952
217,329.84000000000003,243.32692307692307
218,331.36,254.98
209,317.68,225.01666666666665
211,320.72,229.48076923076923
223,338.96,250.5625
217,329.84000000000003,245.52083333333337
227,345.04,253.265625
220,334.4,247.16071428571428
219,332.88,242.1428571428571
216,328.32,238.3448275862069
216,328.32,249.33333333333337
214,325.28000000000003,239.92
211,320.72,243.8181818181818
225,342,271
214,325.28000000000003,264.625
210,319.2,248.0952380952381
216,328.32,246.76923076923077
213,323.76,251.72
225,342,277.3636363636364
210,319.2,239.45454545454544
219,332.88,256.5
217,329.84000000000003,272.225
221,335.92,249.01666666666665
222,337.44,270.02173913043475
218,331.36,260.02272727272725
217,329.84000000000003,239.81666666666663
218,331.36,262.2368421052632
208,316.16,235
219,332.88,259.3333333333333
216,328.32,260.1
215,326.8,241.22413793103448
217,329.84000000000003,259.025
216,328.32,247.3913043478261
223,338.96,269.08
216,328.32,240
216,328.32,264.6578947368421
211,320.72,239.17391304347825
222,337.44,253.1296296296296
220,334.4,260.3333333333333
209,317.68,247.025
227,345.04,275.02173913043475
220,334.4,244.06666666666663
216,328.32,248
213,323.76,238.35185185185185
219,332.88,240.87878787878788
207,314.64,228.1206896551724
212,322.24,252.0263157894737
207,314.64,257
223,338.96,256.62
221,335.92,257.2142857142857
216,328.32,244.17391304347825
218,331.36,266.2142857142857
211,320.72,230.22
216,328.32,238.23076923076923
207,314.64,273.0357142857143
216,328.32,242.32692307692307
224,340.48,258.24074074074076
222,337.44,250.890625
217,329.84000000000003,259.0869565217391
224,340.48,260.98
219,332.88,243.53225806451613
215,326.8,271.25
209,317.68,241.5952380952381
219,332.88,243.53225806451613
214,325.28000000000003,231.6551724137931
209,317.68,225.66666666666663
215,326.8,251.98
219,332.88,248.6296296296296
216,328.32,236.6428571428571
213,323.76,236.12
211,320.72,245.7826086956522
207,314.64,236.76086956521735
216,328.32,280
214,325.28000000000003,285.11538461538464
223,338.96,256.9230769230769
219,332.88,274.6842105263158
214,325.28000000000003,245.6875
215,326.8,239.8965517241379
220,334.4,248.4516129032258
221,335.92,255.7826086956522
222,337.44,264.0869565217391
222,337.44,249.16071428571428
215,326.8,237.6851851851852
216,328.32,243
220,334.4,246.22413793103448
211,320.72,261
217,329.84000000000003,288.1578947368421
219,332.88,249.76923076923077
223,338.96,269
212,322.24,238.74074074074073
218,331.36,240.3448275862069
222,337.44,257.5576923076923
220,334.4,248.16666666666663
212,322.24,241.25
220,334.4,253.33333333333337
223,338.96,255.66666666666663
216,328.32,249.0178571428571
211,320.72,240.6296296296296
216,328.32,254.20454545454544
217,329.84000000000003,239.0806451612903
212,322.24,226.5
216,328.32,242.22413793103448
220,334.4,270.20454545454544
217,329.84000000000003,243.74074074074073
213,323.76,240.76923076923077
219,332.88,255.75
215,326.8,242.76923076923077
224,340.48,274.0208333333333
216,328.32,237.78
215,326.8,249.7826086956522
221,335.92,247.22413793103448
212,322.24,232.16666666666663
218,331.36,237.140625
225,342,253.01666666666665
214,325.28000000000003,236.0806451612903
218,331.36,248.42
212,322.24,232.16666666666663
212,322.24,265.3333333333333
221,335.92,265.02173913043475
216,328.32,252.36363636363637
213,323.76,241.52083333333337
216,328.32,244.52083333333337
211,320.72,237.32692307692307
219,332.88,287.4473684210526
212,322.24,242.42
218,331.36,252.7826086956522
213,323.76,247.225
217,329.84000000000003,255.52083333333337
218,331.36,246.57142857142856
222,337.44,260.5208333333333
225,342,252.58620689655172
213,323.76,253.0909090909091
222,337.44,246.06666666666663
222,337.44,253.1296296296296
226,343.52,268.875
221,335.92,247.22413793103448
221,335.92,267
218,331.36,248.08333333333337
206,313.12,244.0952380952381
211,320.72,241.8571428571429
220,334.4,253.3793103448276
222,337.44,256.57142857142856
216,328.32,254.52083333333337
220,334.4,258.5208333333333
211,320.72,239.16666666666663
223,338.96,249.22413793103448
220,334.4,247.1129032258065
219,332.88,244.35185185185185
221,335.92,259.08620689655174
212,322.24,232.16666666666663
217,329.84000000000003,268.3611111111111
210,319.2,254.44444444444449
209,317.68,245.0263157894737
210,319.2,241.6875
217,329.84000000000003,237.9032258064516
223,338.96,250.1129032258065
217,329.84000000000003,245.57142857142856
221,335.92,250.4
217,329.84000000000003,242.78571428571428
221,335.92,243.81666666666663
216,328.32,245.76086956521735
225,342,269.0833333333333
220,334.4,258.9423076923077
219,332.88,261.1875
210,319.2,252.1052631578947
221,335.92,248.1129032258065
209,317.68,247.025
216,328.32,249.33333333333337
218,331.36,239.875
217,329.84000000000003,243.74074074074073
200,304,232.8181818181818
213,323.76,244.6875
210,319.2,246.21428571428572
213,323.76,241.57142857142856
218,331.36,254.54347826086956
214,325.28000000000003,258
218,331.36,260.0869565217391
216,328.32,252.21428571428572
214,325.28000000000003,249.02083333333337
217,329.84000000000003,269.9
213,323.76,242.76086956521735
212,322.24,258.42105263157896
224,340.48,249.80645161290323
217,329.84000000000003,250.06521739130432
207,314.64,245
217,329.84000000000003,242.35185185185185
216,328.32,264.6578947368421
217,329.84000000000003,236.63636363636363
220,334.4,254.7826086956522
215,326.8,238.29032258064515
217,329.84000000000003,233.5
211,320.72,253.47058823529412
214,325.28000000000003,264.3809523809524
215,326.8,251.54347826086956
221,335.92,259.3478260869565
219,332.88,250.5
214,325.28000000000003,252.34782608695653
219,332.88,255.75
218,331.36,246.98275862068965
213,323.76,235.23076923076923
212,322.24,244.11111111111111
206,313.12,225.69230769230768
217,329.84000000000003,246.6296296296296
221,335.92,251.76923076923077
213,323.76,239.74074074074073
215,326.8,244.45454545454544
227,345.04,252.35
213,323.76,255.1052631578947
218,331.36,262
221,335.92,247.74074074074073
214,325.28000000000003,260.225
211,320.72,241.08333333333337
215,326.8,259.0833333333333
215,326.8,242
211,320.72,249
215,326.8,240.35185185185185
218,331.36,256.20454545454544
218,331.36,264
216,328.32,244.16666666666663
209,317.68,243.3809523809524
225,342,275.0869565217391
218,331.36,246.52083333333337
205,311.6,243.02777777777777
220,334.4,255.55769230769232
223,338.96,261.5208333333333
214,325.28000000000003,240.74074074074073
215,326.8,241.32692307692307
215,326.8,247.3269230769231
215,326.8,247.3269230769231
215,326.8,244.25
211,320.72,241.08333333333337
217,329.84000000000003,255.20454545454544
217,329.84000000000003,261.1
214,325.28000000000003,245.3913043478261
225,342,255.0178571428571
225,342,252.16071428571428
225,342,256.5
217,329.84000000000003,242.78571428571428
212,322.24,246.225
210,319.2,235.52083333333337
217,329.84000000000003,265.0909090909091
216,328.32,239.1428571428571
211,320.72,229.28571428571428
218,331.36,254.36363636363637
211,320.72,244.06521739130432
219,332.88,249.76923076923077
218,331.36,270.5952380952381
219,332.88,253.57142857142856
217,329.84000000000003,271.85714285714283
211,320.72,245.3809523809524
209,317.68,245.0263157894737
216,328.32,249.06521739130432
219,332.88,242.765625
226,343.52,276.0208333333333
222,337.44,270.4
213,323.76,243.42
217,329.84000000000003,235.6451612903226
217,329.84000000000003,245.01666666666665
223,338.96,265.4807692307692
224,340.48,270.08
214,325.28000000000003,248.225
215,326.8,241.32692307692307
212,322.24,228.5
216,328.32,298.2857142857143
205,311.6,275.0416666666667
216,328.32,247.6875
212,322.24,243.3913043478261
214,325.28000000000003,247.33333333333337
212,322.24,240.52083333333337
219,332.88,246.76923076923077
205,311.6,245.0263157894737
214,325.28000000000003,248.3809523809524
220,334.4,244.44642857142856
215,326.8,249.7826086956522
223,338.96,255
224,340.48,268.02173913043475
220,334.4,262.0869565217391
214,325.28000000000003,241.76923076923077
220,334.4,245.80645161290323
213,323.76,268.125
218,331.36,264.02272727272725
223,338.96,263.5
209,317.68,228.9310344827586
217,329.84000000000003,240.29032258064515
223,338.96,260.5
220,334.4,252.66666666666663
227,345.04,258.5
220,334.4,258.5208333333333
216,328.32,264.4
213,323.76,233.94230769230768
219,332.88,263
218,331.36,260.02272727272725
216,328.32,238.0806451612903
206,313.12,248.47058823529412
222,337.44,279.6
207,314.64,235.9
217,329.84000000000003,253.36363636363637
213,323.76,233.94230769230768
215,326.8,249.5681818181818
220,334.4,260.3333333333333
215,326.8,249.5681818181818
215,326.8,232.16071428571428
218,331.36,249.1296296296296
218,331.36,260.32
204,310.08,236.4
220,334.4,247.76923076923077
212,322.24,240.88
217,329.84000000000003,250.06521739130432
217,329.84000000000003,252.28
215,326.8,251.21428571428572
222,337.44,247.78571428571428
221,335.92,254.06521739130432
218,331.36,256.5208333333333
210,319.2,243.06521739130432
216,328.32,254.34782608695653
206,313.12,221.51724137931035
210,319.2,232.6875
217,329.84000000000003,264.53125
215,326.8,249.225
212,322.24,250.20454545454544
215,326.8,250.02083333333337
211,320.72,237.32692307692307
218,331.36,264.225
220,334.4,253.9230769230769
213,323.76,243.42
214,325.28000000000003,262.6578947368421
214,325.28000000000003,244.76923076923077
222,337.44,252.41379310344828
211,320.72,251
221,335.92,257.75
217,329.84000000000003,250.06521739130432
217,329.84000000000003,274.78125
213,323.76,247.5681818181818
222,337.44,255.9230769230769
211,320.72,241.08333333333337
218,331.36,248.42
216,328.32,240.92307692307693
214,325.28000000000003,248.5681818181818
224,340.48,274.20454545454544
214,325.28000000000003,258.0238095238095
224,340.48,268
213,323.76,241.6578947368421
218,331.36,250.66666666666663
214,325.28000000000003,244.08333333333337
217,329.84000000000003,234.015625
219,332.88,253.5681818181818
215,326.8,253.0952380952381
223,338.96,257.57142857142856
206,313.12,242.125
212,322.24,234.23076923076923
215,326.8,250.85185185185185
223,338.96,258.6290322580645
216,328.32,262.02272727272725
216,328.32,240.5
206,313.12,228.6875
211,320.72,244.06521739130432
218,331.36,251.9230769230769
220,334.4,258.9423076923077
211,320.72,238.76923076923077
213,323.76,251.0952380952381
212,322.24,222.24242424242425
212,322.24,245.33333333333337
226,343.52,257.5
211,320.72,238
209,317.68,243.7826086956522
219,332.88,249.42
218,331.36,258.0238095238095
218,331.36,258.0909090909091
207,314.64,226.69230769230768
217,329.84000000000003,247.0178571428571
211,320.72,255.1
221,335.92,265.1
218,331.36,262
216,328.32,248.3269230769231
218,331.36,258.19565217391306
217,329.84000000000003,248.6875
213,323.76,253.0263157894737
224,340.48,293.44444444444446
219,332.88,246.76923076923077
217,329.84000000000003,244.38
210,319.2,235.92
222,337.44,264.02272727272725
218,331.36,241.6034482758621
213,323.76,246.33333333333337
220,334.4,238.01470588235293
215,326.8,255.19565217391303
216,328.32,256.5
212,322.24,250.025
225,342,258.62
211,320.72,239.17391304347825
224,340.48,252.57142857142856
217,329.84000000000003,261.02173913043475
214,325.28000000000003,245.11363636363637
216,328.32,254.20454545454544
220,334.4,268
210,319.2,233.12
212,322.24,267.125
210,319.2,244.5681818181818
222,337.44,268.0208333333333
214,325.28000000000003,252
206,313.12,232.6304347826087
217,329.84000000000003,239.0806451612903
216,328.32,252.54347826086956
216,328.32,236.25
216,328.32,254.52083333333337
220,334.4,247.38
215,326.8,243.52083333333337
215,326.8,235.41666666666663
221,335.92,243.5625
202,307.04,225.12
216,328.32,247.6875
219,332.88,257.72
221,335.92,255.57142857142856
220,334.4,255.55769230769232
219,332.88,277.13157894736844
214,325.28000000000003,236.23076923076923
216,328.32,245.45454545454544
215,326.8,246.3913043478261
220,334.4,254.57142857142856
218,331.36,260
215,326.8,255.02380952380952
214,325.28000000000003,252
219,332.88,269.0869565217391
220,334.4,260.3333333333333
216,328.32,258.02272727272725
223,338.96,259.98
214,325.28000000000003,240.74074074074073
222,337.44,246.53225806451613
220,334.4,262.1875
220,334.4,243.1428571428571
214,325.28000000000003,243.25
221,335.92,255.91379310344828
215,326.8,251.1
216,328.32,249.9230769230769
213,323.76,255.02272727272728
216,328.32,262.0952380952381
214,325.28000000000003,232.01470588235293
209,317.68,253.1
210,319.2,228.48076923076923
214,325.28000000000003,260.42105263157896
211,320.72,240.16666666666663
218,331.36,279.6333333333333
220,334.4,270.20454545454544
212,322.24,233.40740740740745
226,343.52,268.0869565217391
216,328.32,241.78571428571428
212,322.24,234.6851851851852
217,329.84000000000003,257.5
226,343.52,264.3478260869565
211,320.72,235
217,329.84000000000003,269.3636363636364
219,332.88,255.36363636363637
218,331.36,264.02272727272725
202,307.04,226.3809523809524
215,326.8,248.33333333333337
218,331.36,262
217,329.84000000000003,240.04545454545456
207,314.64,234.16071428571428
221,335.92,255.7826086956522
214,325.28000000000003,235.1206896551724
223,338.96,261.20454545454544
215,326.8,245.08333333333337
220,334.4,256.54347826086956
208,316.16,233.52083333333337
220,334.4,254.24074074074073
201,305.52,225.3809523809524
220,334.4,268.4
219,332.88,247.16666666666663
219,332.88,263.0833333333333
217,329.84000000000003,250.33333333333337
214,325.28000000000003,244.76923076923077
209,317.68,224.0178571428571
216,328.32,242.74074074074073
225,342,273.02173913043475
222,337.44,258.98
212,322.24,279.8461538461538
221,335.92,241.9032258064516
220,334.4,273.77777777777777
213,323.76,265.53125
224,340.48,268.0833333333333
221,335.92,263.02272727272725
220,334.4,253.9230769230769
213,323.76,262.44117647058823
213,323.76,244.3913043478261
213,323.76,243.42
212,322.24,225.06666666666663
220,334.4,254.7826086956522
210,319.2,229.69230769230768
220,334.4,240.9032258064516
218,331.36,256.0952380952381
224,340.48,259.28
212,322.24,262.3809523809524
220,334.4,266.02272727272725
210,319.2,238.88
216,328.32,237.6
221,335.92,248.16071428571428
211,320.72,251
209,317.68,241.5952380952381
221,335.92,256.5576923076923
213,323.76,241.17391304347825
211,320.72,234.12
224,340.48,260.54347826086956
220,334.4,251.8793103448276
219,332.88,252.0178571428571
211,320.72,272.6333333333333
214,325.28000000000003,246
214,325.28000000000003,233.22
217,329.84000000000003,252.02083333333337
220,334.4,258.5208333333333
221,335.92,247.32692307692307
212,322.24,241.25
211,320.72,239.88
224,340.48,260.75
219,332.88,259.0909090909091
211,320.72,239.16666666666663
214,325.28000000000003,252
221,335.92,269.02173913043475
218,331.36,273.125
221,335.92,281.63157894736844
218,331.36,268.3809523809524
217,329.84000000000003,233.01470588235293
222,337.44,254
214,325.28000000000003,254.0263157894737
217,329.84000000000003,243.74074074074073
211,320.72,253
214,325.28000000000003,235.1206896551724
208,316.16,248.0263157894737
219,332.88,253.57142857142856
220,334.4,260.19565217391306
213,323.76,248.28
219,332.88,261.1875
218,331.36,270.3636363636364
216,328.32,256.19565217391306
214,325.28000000000003,252.34782608695653
217,329.84000000000003,245.01666666666665
210,319.2,258.4
224,340.48,255.8793103448276
212,322.24,268.25
211,320.72,260
214,325.28000000000003,230.5
219,332.88,248.25
214,325.28000000000003,232
225,342,277.19565217391306
216,328.32,256.19565217391306
216,328.32,246.42
208,316.16,229.78
213,323.76,243.08333333333337
206,313.12,223.06666666666663
222,337.44,272.3809523809524
218,331.36,254.75
218,331.36,275.6
215,326.8,235.9032258064516
217,329.84000000000003,255.20454545454544
219,332.88,261.02272727272725
221,335.92,254.0178571428571
220,334.4,262.025
214,325.28000000000003,256
216,328.32,243.16071428571428
222,337.44,248.66666666666663
219,332.88,254.02083333333337
216,328.32,243
211,320.72,243.4
215,326.8,257.02272727272725
215,326.8,239.92307692307693
209,317.68,261.5952380952381
218,331.36,245.16071428571428
207,314.64,237.08333333333337
220,334.4,266.0952380952381
220,334.4,256.3636363636364
217,329.84000000000003,266.44117647058823
211,320.72,240.45454545454544
222,337.44,258.98
223,338.96,248.78571428571428
210,319.2,238.17391304347825
221,335.92,263.0869565217391
215,326.8,257
221,335.92,261.19565217391306
216,328.32,238.6851851851852
210,319.2,231.40740740740745
223,338.96,250.58620689655172
213,323.76,255.25
211,320.72,257.225
219,332.88,252.33333333333337
219,332.88,257.5208333333333
215,326.8,243.47058823529412
223,338.96,265.0869565217391
214,325.28000000000003,250.0263157894737
209,317.68,267.5
213,323.76,259.02272727272725
221,335.92,261.3333333333333
216,328.32,244.57142857142856
216,328.32,246.42
220,334.4,251.1296296296296
204,310.08,256.53125
220,334.4,253.06521739130432
215,326.8,239.5
222,337.44,248.66666666666663
218,331.36,253.28
209,317.68,234.52083333333337
215,326.8,250.55769230769232
229,348.08,288.1136363636364
214,325.28000000000003,236.23076923076923
218,331.36,243.35
217,329.84000000000003,273.25
217,329.84000000000003,247.76923076923077
229,348.08,267.9423076923077
214,325.28000000000003,248.7826086956522
216,328.32,249.9230769230769
219,332.88,254.28
218,331.36,245.16071428571428
216,328.32,262.0952380952381
219,332.88,247.57142857142856
217,329.84000000000003,284.5
221,335.92,245.06666666666663
214,325.28000000000003,235.33333333333337
213,323.76,241.88
218,331.36,256.3478260869565
210,319.2,277.7647058823529
204,310.08,229.52083333333337
217,329.84000000000003,242.92
223,338.96,263.3333333333333
217,329.84000000000003,250.9230769230769
219,332.88,252.06521739130432
214,325.28000000000003,258.0238095238095
210,319.2,226.5689655172414
211,320.72,236.35185185185185
214,325.28000000000003,260.42105263157896
222,337.44,266.0833333333333
212,322.24,237.92
222,337.44,260.20454545454544
224,340.48,256.6666666666667
217,329.84000000000003,243.32692307692307
206,313.12,256.9473684210526
215,326.8,248.33333333333337
213,323.76,234.1206896551724
209,317.68,231.26086956521735
220,334.4,245.35
222,337.44,255.33333333333337
212,322.24,234.23076923076923
216,328.32,256.5
220,334.4,247.58620689655172
216,328.32,274.8
208,316.16,228.02083333333337
215,326.8,238.12
212,322.24,254.1052631578947
227,345.04,267.6923076923077
219,332.88,261
216,328.32,241.92
214,325.28000000000003,238.92307692307693
212,322.24,231.9310344827586
216,328.32,249.9230769230769
217,329.84000000000003,241.06666666666663
224,340.48,249
218,331.36,256.5208333333333
223,338.96,257.57142857142856
224,340.48,261.2307692307692
206,313.12,231.6
215,326.8,246.11363636363637
216,328.32,243.76923076923077
229,348.08,279.0208333333333
214,325.28000000000003,272.77777777777777
217,329.84000000000003,261
209,317.68,234.52083333333337
215,326.8,249.5681818181818
212,322.24,258.225
224,340.48,266.32
218,331.36,264.0952380952381
220,334.4,248.98275862068965
214,325.28000000000003,250.21428571428572
226,343.52,256.41379310344826
210,319.2,230.41666666666663
212,322.24,246.7826086956522
214,325.28000000000003,241.16071428571428
214,325.28000000000003,239.78571428571428
215,326.8,242.76923076923077
219,332.88,263.02173913043475
220,334.4,244.44642857142856
219,332.88,245.74074074074073
217,329.84000000000003,248.11363636363637
221,335.92,255.24074074074073
222,337.44,268.0208333333333
209,317.68,253.23684210526315
218,331.36,250.66666666666663
219,332.88,282.1842105263158
216,328.32,249.33333333333337
209,317.68,226.7962962962963
218,331.36,262.0238095238095
223,338.96,286.1842105263158
214,325.28000000000003,260.02272727272725
217,329.84000000000003,268.88235294117646
217,329.84000000000003,249.3269230769231
213,323.76,229.07142857142856
218,331.36,252.3809523809524
217,329.84000000000003,249.3269230769231
218,331.36,240.3448275862069
221,335.92,265.0238095238095
214,325.28000000000003,238.92307692307693
216,328.32,256.0238095238095
214,325.28000000000003,242.17391304347825
222,337.44,257.28
217,329.84000000000003,253.54347826086956
215,326.8,238.55769230769232
211,320.72,243.8181818181818
217,329.84000000000003,257.0238095238095
227,345.04,264.5
215,326.8,244.76086956521735
225,342,271.02272727272725
219,332.88,249.42
222,337.44,272.20454545454544
218,331.36,248.76923076923077
221,335.92,261.5
218,331.36,247.25
216,328.32,236.94230769230768
212,322.24,242.8571428571429
213,323.76,235.6851851851852
218,331.36,251.9230769230769
213,323.76,237.8965517241379
219,332.88,255.16071428571428
207,314.64,247.5
220,334.4,247.1129032258065
214,325.28000000000003,236.6875
219,332.88,269.9473684210526
224,340.48,278.85714285714283
212,322.24,243.3913043478261
221,335.92,254.0178571428571
215,326.8,248.62
210,319.2,233.12
214,325.28000000000003,243.45454545454544
219,332.88,276.1666666666667
220,334.4,256.75
215,326.8,253.025
214,325.28000000000003,247.9230769230769
220,334.4,270.625
219,332.88,254.55769230769232
215,326.8,261.0952380952381
215,326.8,243.52083333333337
216,328.32,249.75
220,334.4,254.7826086956522
213,323.76,261.4
222,337.44,257.5576923076923
215,326.8,249.5681818181818
215,326.8,257.0869565217391
216,328.32,246.76923076923077
217,329.84000000000003,267.9473684210526
213,323.76,242.25
212,322.24,239.38
226,343.52,272.0208333333333
220,334.4,255.85185185185185
221,335.92,269.2142857142857
211,320.72,249.0952380952381
224,340.48,260.48275862068965
215,326.8,251.21428571428572
221,335.92,249.98275862068965
220,334.4,244.8965517241379
222,337.44,262.3333333333333
220,334.4,250.42
219,332.88,257.3478260869565
222,337.44,250.98275862068965
218,331.36,256.20454545454544
221,335.92,255.5681818181818
216,328.32,260
212,322.24,250.20454545454544
212,322.24,237.52083333333337
206,313.12,236.42105263157896
223,338.96,255.3269230769231
214,325.28000000000003,236.3448275862069
214,325.28000000000003,250.54347826086956
206,313.12,238.8181818181818
213,323.76,242.76086956521735
212,322.24,236.5
218,331.36,246.57142857142856
217,329.84000000000003,259
212,322.24,239.16071428571428
219,332.88,249.76923076923077
224,340.48,247.29032258064515
218,331.36,250.3269230769231
218,331.36,253.02083333333337
223,338.96,265
219,332.88,267.2142857142857
223,338.96,260.5
221,335.92,252.1296296296296
214,325.28000000000003,246.8181818181818
214,325.28000000000003,262.6578947368421
219,332.88,239.41666666666663
214,325.28000000000003,250.54347826086956
218,331.36,256.72
213,323.76,234.40740740740745
212,322.24,267.225
216,328.32,258.1875
206,313.12,224
218,331.36,258.0909090909091
212,322.24,261
223,338.96,273.625
211,320.72,234.12
213,323.76,245.8181818181818
220,334.4,264.0833333333333
228,346.56,289.92857142857144
209,317.68,241.5952380952381
219,332.88,252.33333333333337
219,332.88,252.62
218,331.36,262.0238095238095
214,325.28000000000003,258.44444444444446
217,329.84000000000003,255.94230769230768
222,337.44,246
211,320.72,244.06521739130432
218,331.36,246.16666666666663
218,331.36,260.025
219,332.88,259.3333333333333
221,335.92,246.92
219,332.88,257.3478260869565
217,329.84000000000003,261
217,329.84000000000003,252.02083333333337
214,325.28000000000003,245.3913043478261
212,322.24,236
210,319.2,274.6538461538462
223,338.96,247.06666666666663
217,329.84000000000003,246.6296296296296
230,349.6,282.02
220,334.4,251.5
207,314.64,245.02777777777777
217,329.84000000000003,251.5681818181818
217,329.84000000000003,236.75806451612905
217,329.84000000000003,239.5625
212,322.24,238.32692307692307
203,308.56,237.1052631578947
222,337.44,248.66666666666663
217,329.84000000000003,250.33333333333337
219,332.88,274.225
217,329.84000000000003,234.56451612903223
205,311.6,216.390625
214,325.28000000000003,262.4
214,325.28000000000003,240.74074074074073
219,332.88,252.33333333333337
231,351.12,271.6923076923077
207,314.64,231.92307692307693
214,325.28000000000003,250.21428571428572
217,329.84000000000003,250.3793103448276
217,329.84000000000003,249
221,335.92,263.0869565217391
218,331.36,249.6875
218,331.36,246.57142857142856
215,326.8,234.140625
221,335.92,250.25
213,323.76,261.6578947368421
222,337.44,249.58620689655172
223,338.96,258.85185185185185
219,332.88,242.6034482758621
225,342,253.57142857142856
218,331.36,241.29032258064515
210,319.2,238.88
217,329.84000000000003,241.8965517241379
217,329.84000000000003,239.3448275862069
222,337.44,256.24074074074076
215,326.8,253.4
218,331.36,251.06521739130432
223,338.96,283.63157894736844
219,332.88,269.625
216,328.32,244.16666666666663
209,317.68,253.1
221,335.92,243.81666666666663
213,323.76,253.19565217391303
226,343.52,268.0869565217391
216,328.32,243.16071428571428
212,322.24,258.69444444444446
215,326.8,261.42105263157896
210,319.2,232.23076923076923
212,322.24,254
214,325.28000000000003,246.8181818181818
213,323.76,243.8571428571429
220,334.4,255.28
212,322.24,238.6304347826087
216,328.32,254.20454545454544
213,323.76,241.16666666666663
217,329.84000000000003,253.54347826086956
207,314.64,239.23684210526315
220,334.4,268.4
214,325.28000000000003,239.80645161290323
216,328.32,248
222,337.44,262.5
220,334.4,248.88
212,322.24,267.6842105263158
224,340.48,255.2258064516129
219,332.88,259.0909090909091
218,331.36,270.5952380952381
221,335.92,265.0238095238095
214,325.28000000000003,258.0238095238095
210,319.2,254.44444444444449
214,325.28000000000003,245.1296296296296
223,338.96,245.3448275862069
221,335.92,243.81666666666663
212,322.24,233.40740740740745
215,326.8,249.5681818181818
215,326.8,236.78
211,320.72,245.3809523809524
216,328.32,250.7826086956522
217,329.84000000000003,245.16666666666663
220,334.4,264.02173913043475
213,323.76,240.38
216,328.32,241.80645161290323
216,328.32,239.1428571428571
217,329.84000000000003,293.5
212,322.24,236.08333333333337
218,331.36,245.16071428571428
222,337.44,266.0833333333333
216,328.32,254.72
219,332.88,248.6296296296296
215,326.8,248.62
218,331.36,241.1428571428571
214,325.28000000000003,249.28
211,320.72,235.44642857142856
218,331.36,262
221,335.92,271.625
219,332.88,254.28
219,332.88,256.2307692307692
219,332.88,255.75
218,331.36,254.16071428571428
207,314.64,245.025
226,343.52,256.01785714285717
215,326.8,239.8965517241379
210,319.2,237.76923076923077
206,313.12,238.5952380952381
222,337.44,260.5208333333333
220,334.4,264
214,325.28000000000003,256.47058823529414
222,337.44,260.9423076923077
215,326.8,257.025
224,340.48,268.3076923076923
222,337.44,266.0238095238095
213,323.76,237.24242424242425
207,314.64,228.6
214,325.28000000000003,234.16666666666663
217,329.84000000000003,282.7894736842105
216,328.32,258.0869565217391
224,340.48,280.8181818181818
216,328.32,276.63157894736844
213,323.76,240.38
214,325.28000000000003,244.42
217,329.84000000000003,249
209,317.68,239.625
223,338.96,259.98
214,325.28000000000003,248.5681818181818
218,331.36,239.78
222,337.44,254
217,329.84000000000003,233
213,323.76,253
222,337.44,260.5208333333333
210,319.2,225.0178571428571
214,325.28000000000003,256
209,317.68,243.7826086956522
216,328.32,249.9230769230769
217,329.84000000000003,247.42
215,326.8,232.06666666666663
214,325.28000000000003,258.2368421052632
213,323.76,276.1842105263158
220,334.4,264.0833333333333
212,322.24,243.11363636363637
217,329.84000000000003,248.5
218,331.36,253.02083333333337
219,332.88,254.02083333333337
216,328.32,262.0952380952381
215,326.8,242.58620689655172
216,328.32,256.5
215,326.8,264.44117647058823
214,325.28000000000003,260.0952380952381
213,323.76,233.74242424242425
213,323.76,231.15
222,337.44,266.18
213,323.76,234.875
224,340.48,274.20454545454544
216,328.32,245.76086956521735
216,328.32,262.225
217,329.84000000000003,249
219,332.88,263.0833333333333
212,322.24,233.875
215,326.8,253.20454545454544
221,335.92,256.85185185185185
219,332.88,261.1875
217,329.84000000000003,257.0909090909091
221,335.92,261.3333333333333
224,340.48,258.24074074074076
210,319.2,240.625
215,326.8,248.33333333333337
218,331.36,262.02173913043475
212,322.24,237.92
212,322.24,261
210,319.2,240.8571428571429
219,332.88,243.8965517241379
219,332.88,275.94117647058823
222,337.44,240
218,331.36,251.62
223,338.96,259.98
217,329.84000000000003,261.1
222,337.44,242.41666666666663
216,328.32,258.025
214,325.28000000000003,229.015625
217,329.84000000000003,257.0909090909091
221,335.92,245.8965517241379
212,322.24,261
209,317.68,234.35185185185185
215,326.8,230.015625
215,326.8,248.33333333333337
210,319.2,234
220,334.4,250.08333333333337
205,311.6,239.225
208,316.16,278.5333333333333
220,334.4,264.0238095238095
218,331.36,246.98275862068965
217,329.84000000000003,269.9
213,323.76,266.77777777777777
224,340.48,266.875
209,317.68,227.96296296296296
210,319.2,244.5681818181818
210,319.2,266.94117647058823
217,329.84000000000003,227.59459459459455
219,332.88,251.3269230769231
212,322.24,239
216,328.32,252.36363636363637
211,320.72,226
217,329.84000000000003,255.34782608695653
214,325.28000000000003,243.6296296296296
215,326.8,233.15
221,335.92,277.25
205,311.6,226.33333333333337
215,326.8,250.28
217,329.84000000000003,274.1666666666667
211,320.72,265.38235294117646
216,328.32,276.5
218,331.36,248.0178571428571
219,332.88,248.76086956521735
221,335.92,256.28
219,332.88,257.5208333333333
218,331.36,248.42
219,332.88,245.22413793103448
215,326.8,239.92307692307693
214,325.28000000000003,239.35185185185185
214,325.28000000000003,250.75
216,328.32,252.54347826086956
220,334.4,258.20454545454544
217,329.84000000000003,263.0952380952381
220,334.4,251.3913043478261
224,340.48,266.02272727272725
214,325.28000000000003,244.42
206,313.12,217.6551724137931
216,328.32,264.4
216,328.32,241.78571428571428
216,328.32,248.66666666666663
216,328.32,250.5681818181818
217,329.84000000000003,267.9473684210526
213,323.76,235.0806451612903
217,329.84000000000003,255.34782608695653
215,326.8,243.52083333333337
219,332.88,243.44642857142856
221,335.92,250.4
209,317.68,253.44444444444449
216,328.32,243.76923076923077
217,329.84000000000003,237.41666666666663
218,331.36,264.225
215,326.8,247
221,335.92,267.225
217,329.84000000000003,269.5952380952381
211,320.72,239.17391304347825
213,323.76,251.025
214,325.28000000000003,233.9310344827586
210,319.2,233.67391304347825
216,328.32,254.0952380952381
218,331.36,264
212,322.24,245.06521739130432
213,323.76,234.1206896551724
227,345.04,260.75
217,329.84000000000003,255.34782608695653
218,331.36,252.24074074074073
209,317.68,253.1
217,329.84000000000003,249
208,316.16,232.92307692307693
210,319.2,225.57407407407408
212,322.24,236.92307692307693
223,338.96,257.57142857142856
212,322.24,250.34782608695653
211,320.72,251.11111111111111
221,335.92,265.18
213,323.76,237.92307692307693
217,329.84000000000003,248.1296296296296
208,316.16,224.66666666666663
204,310.08,228.3809523809524
218,331.36,251.33333333333337
211,320.72,251.26470588235293
210,319.2,237.76923076923077
219,332.88,263.18
212,322.24,237.1304347826087
214,325.28000000000003,248.3809523809524
217,329.84000000000003,237.6428571428571
208,316.16,256.1333333333333
220,334.4,243.6034482758621
211,320.72,249.0952380952381
205,311.6,249.44444444444449
211,320.72,243.5952380952381
209,317.68,238.76086956521735
215,326.8,263.6578947368421
219,332.88,255.54347826086956
217,329.84000000000003,263
216,328.32,256.5
213,323.76,243.76923076923077
220,334.4,250.08333333333337
216,328.32,275.55882352941177
223,338.96,256.62
232,352.64,288.3333333333333
230,349.6,265.28
215,326.8,257.02272727272725
218,331.36,240.23076923076923
216,328.32,247.11363636363637
207,314.64,225.77586206896552
222,337.44,266.0238095238095
213,323.76,231.96296296296296
214,325.28000000000003,260.02272727272725
223,338.96,251.57142857142856
214,325.28000000000003,276.2352941176471
216,328.32,252.21428571428572
216,328.32,262.02272727272725
219,332.88,237.6451612903226
217,329.84000000000003,241.5
206,313.12,242.21428571428572
220,334.4,258.3478260869565
216,328.32,244.88
212,322.24,240.88
218,331.36,242.06666666666663
213,323.76,305.8928571428571
222,337.44,276.85714285714283
216,328.32,246.08333333333337
205,311.6,227.23076923076923
221,335.92,267.42105263157896
218,331.36,242.8965517241379
216,328.32,235.9310344827586
220,334.4,245.35
214,325.28000000000003,272.8
214,325.28000000000003,256.10526315789474
226,343.52,263.2307692307692
206,313.12,248.25
222,337.44,258.1607142857143
217,329.84000000000003,244.16071428571428
213,323.76,255.32
221,335.92,271.625
216,328.32,256.0909090909091
217,329.84000000000003,261.0833333333333
220,334.4,241.23529411764707
219,332.88,248.82258064516128
219,332.88,259.19565217391306
219,332.88,247.88
216,328.32,258.1875
224,340.48,253.6296296296296
221,335.92,263.6666666666667
224,340.48,255.1296296296296
211,320.72,243
210,319.2,230.6428571428571
212,322.24,254.08695652173913
214,325.28000000000003,246.8181818181818
217,329.84000000000003,259.02272727272725
219,332.88,248.6296296296296
215,326.8,241.22413793103448
219,332.88,253.5681818181818
215,326.8,234.9310344827586
205,311.6,228.67391304347825
212,322.24,252.19565217391303
222,337.44,258.98
215,326.8,243.52083333333337
220,334.4,250.42
218,331.36,243.92
217,329.84000000000003,245.88
214,325.28000000000003,233.75806451612905
222,337.44,252.42
222,337.44,275.2894736842105
214,325.28000000000003,250.36363636363637
219,332.88,237.5606060606061
214,325.28000000000003,233.22
219,332.88,259.0238095238095
220,334.4,244.44642857142856
218,331.36,260.1875
215,326.8,241.32692307692307
213,323.76,227.0625
218,331.36,251.62
214,325.28000000000003,250.21428571428572
215,326.8,261.02272727272725
217,329.84000000000003,248.6875
229,348.08,273.18
223,338.96,271
217,329.84000000000003,257.0909090909091
214,325.28000000000003,239.35
224,340.48,252.57142857142856
212,322.24,248.75
210,319.2,244.5681818181818
215,326.8,245.76923076923077
214,325.28000000000003,236.0806451612903
223,338.96,256.37931034482756
218,331.36,253.02083333333337
214,325.28000000000003,245.11363636363637
214,325.28000000000003,250.0263157894737
216,328.32,262.02272727272725
209,317.68,243.3809523809524
214,325.28000000000003,258.44444444444446
216,328.32,254.52083333333337
217,329.84000000000003,235.0625
216,328.32,244.52083333333337
209,317.68,237.52083333333337
212,322.24,232.41666666666663
217,329.84000000000003,244.76923076923077
213,323.76,240.76923076923077
213,323.76,253.19565217391303
211,320.72,230.69230769230768
222,337.44,260.20454545454544
210,319.2,233.55769230769232
218,331.36,243.35
216,328.32,266.625
220,334.4,264.1
216,328.32,256.5
224,340.48,255.8793103448276
219,332.88,261.4807692307692
215,326.8,241.74074074074073
216,328.32,242.32692307692307
216,328.32,236.16666666666663
221,335.92,254.75
217,329.84000000000003,253.75
215,326.8,261.225
215,326.8,244.6296296296296
212,322.24,236.5
222,337.44,270
219,332.88,244.35185185185185
217,329.84000000000003,248.1296296296296
219,332.88,273.38235294117646
221,335.92,252.6875
212,322.24,246.225
216,328.32,300.96153846153845
218,331.36,268.20454545454544
209,317.68,236
213,323.76,241.88
220,334.4,253.33333333333337
216,328.32,236.1323529411765
219,332.88,254.02083333333337
217,329.84000000000003,253.75
218,331.36,266.02173913043475
226,343.52,266.19565217391306
219,332.88,251.66666666666663
213,323.76,290.88461538461536
213,323.76,282.1428571428571
213,323.76,242.76086956521735
229,348.08,271.1875
213,323.76,262.44117647058823
221,335.92,256.0208333333333
223,338.96,263.0909090909091
213,323.76,231.77586206896552
218,331.36,264.42105263157896
218,331.36,268.3809523809524
215,326.8,265.9473684210526
217,329.84000000000003,246.6296296296296
217,329.84000000000003,246.25
214,325.28000000000003,250.21428571428572
216,328.32,256.0238095238095
216,328.32,245.25
213,323.76,238.92
218,331.36,243.78571428571428
218,331.36,256.3478260869565
221,335.92,259.72
221,335.92,256.28
217,329.84000000000003,250.33333333333337
216,328.32,258.025
215,326.8,236.6
209,317.68,235.6304347826087
217,329.84000000000003,255.52083333333337
212,322.24,231.140625
221,335.92,259.72
216,328.32,254.20454545454544
219,332.88,245.32692307692307
213,323.76,245.5952380952381
220,334.4,252
214,325.28000000000003,238.08333333333337
212,322.24,248.21428571428572
208,316.16,246.02777777777777
215,326.8,251.54347826086956
204,310.08,231.225
217,329.84000000000003,247.42
215,326.8,244.6296296296296
211,320.72,241.76923076923077
214,325.28000000000003,252.20454545454544
211,320.72,235.92307692307693
217,329.84000000000003,252.28
212,322.24,254.25
219,332.88,259.3333333333333
226,343.52,261.85185185185185
216,328.32,248.3269230769231
213,323.76,271.8
220,334.4,260.19565217391306
211,320.72,243.8181818181818
225,342,263.5208333333333
210,319.2,225.5
219,332.88,250.5
225,342,261.75
211,320.72,236.52083333333337
211,320.72,233.26086956521735
212,322.24,272.5
214,325.28000000000003,232.96296296296296
215,326.8,239
210,319.2,246.36363636363637
208,316.16,252.1
219,332.88,245.66666666666663
217,329.84000000000003,241.92307692307693
217,329.84000000000003,233
222,337.44,264.4807692307692
216,328.32,248.5952380952381
216,328.32,248.8181818181818
225,342,255.0178571428571
217,329.84000000000003,244.38
206,313.12,233.8409090909091
217,329.84000000000003,235.5606060606061
220,334.4,252.66666666666663
214,325.28000000000003,237.55769230769232
220,334.4,258.20454545454544
214,325.28000000000003,250.98
219,332.88,239.16666666666663
213,323.76,283.5333333333333
227,345.04,265.72
221,335.92,251.42
218,331.36,248.76923076923077
214,325.28000000000003,252.02777777777777
216,328.32,245.25
216,328.32,249.33333333333337
220,334.4,251.5
221,335.92,250.25
221,335.92,257.98
216,328.32,239.29032258064515
216,328.32,249.33333333333337
212,322.24,240.52083333333337
223,338.96,265.1875
218,331.36,245.38
218,331.36,260.0869565217391
214,325.28000000000003,247.62
214,325.28000000000003,254.5
215,326.8,241.66666666666663
219,332.88,248.6296296296296
207,314.64,243.02941176470588
211,320.72,240.76086956521735
220,334.4,246.74074074074073
220,334.4,266
217,329.84000000000003,250.9230769230769
212,322.24,256.1
224,340.48,260.98
219,332.88,245.74074074074073
220,334.4,260.5
213,323.76,241.88
225,342,253.98275862068965
216,328.32,237.875
222,337.44,257.28
217,329.84000000000003,244.16071428571428
208,316.16,231.1428571428571
220,334.4,271.3611111111111
216,328.32,254
214,325.28000000000003,234.16666666666663
216,328.32,247.11363636363637
224,340.48,253.6296296296296
215,326.8,261.02272727272725
205,311.6,241.36363636363637
214,325.28000000000003,234.6428571428571
224,340.48,281.1666666666667
223,338.96,263.3333333333333
214,325.28000000000003,234.25
220,334.4,253.62
220,334.4,253.62
223,338.96,251.98275862068965
218,331.36,251.9230769230769
218,331.36,274.94117647058823
221,335.92,253
214,325.28000000000003,245.3913043478261
217,329.84000000000003,245.57142857142856
221,335.92,259.5208333333333
212,322.24,236
217,329.84000000000003,248.6875
219,332.88,253.24074074074073
218,331.36,250
219,332.88,303.5
223,338.96,251.57142857142856
213,323.76,247.3809523809524
225,342,246.23529411764707
222,337.44,238.01470588235293
213,323.76,253.33333333333337
216,328.32,256
223,338.96,256.62
221,335.92,257.1607142857143
215,326.8,245.42
205,311.6,251.69444444444449
225,342,265.0909090909091
219,332.88,247.88
212,322.24,239.76923076923077
216,328.32,246.8571428571429
221,335.92,267.0952380952381
218,331.36,246.4516129032258
215,326.8,261.0208333333333
206,313.12,230.08333333333337
213,323.76,232.75806451612905
213,323.76,246.06521739130432
218,331.36,242.53225806451613
211,320.72,245.225
222,337.44,259.2307692307692
214,325.28000000000003,247.33333333333337
208,316.16,228.48
217,329.84000000000003,259.4807692307692
219,332.88,236.015625
226,343.52,263.5
210,319.2,254.23684210526315
225,342,271.02272727272725
219,332.88,265.225
218,331.36,246.57142857142856
222,337.44,254.66666666666663
225,342,265.19565217391306
218,331.36,242.8965517241379
221,335.92,258.5
214,325.28000000000003,243.25
214,325.28000000000003,245.1296296296296
220,334.4,253.62
227,345.04,283.8181818181818
217,329.84000000000003,265.4
210,319.2,248.20454545454544
199,302.48,227.26470588235293
218,331.36,260
224,340.48,264.3333333333333
218,331.36,278.63157894736844
214,325.28000000000003,248.5681818181818
211,320.72,241.08333333333337
217,329.84000000000003,267.3809523809524
215,326.8,261.0952380952381
209,317.68,239.08333333333337
212,322.24,241.76086956521735
218,331.36,254.75
212,322.24,233.875
217,329.84000000000003,245.88
211,320.72,236.52083333333337
221,335.92,263.6666666666667
215,326.8,243.16666666666663
209,317.68,237.17391304347825
214,325.28000000000003,249.02083333333337
225,342,249.72058823529412
218,331.36,243.78571428571428
217,329.84000000000003,244
216,328.32,240.5
222,337.44,259.7857142857143
220,334.4,254.24074074074073
220,334.4,264.0833333333333
208,316.16,252.1
217,329.84000000000003,247.0178571428571
215,326.8,241.32692307692307
205,311.6,233.88
220,334.4,248.57142857142856
213,323.76,241.16666666666663
217,329.84000000000003,240.55769230769232
204,310.08,257.3333333333333
220,334.4,240.74242424242425
222,337.44,268.02272727272725
214,325.28000000000003,230.01666666666665
212,322.24,231.44642857142856
211,320.72,238
208,316.16,240.8181818181818
229,348.08,263.24074074074076
219,332.88,253.57142857142856
218,331.36,246.16666666666663
213,323.76,257.1
211,320.72,245.3809523809524
210,319.2,250.0263157894737
220,334.4,247.5625
215,326.8,244.6296296296296
219,332.88,244.80645161290323
219,332.88,251
211,320.72,238.16071428571428
215,326.8,239
225,342,269.46296296296293
220,334.4,244
207,314.64,230.12
219,332.88,261.02272727272725
220,334.4,285.7894736842105
215,326.8,238.12
223,338.96,273.20454545454544
212,322.24,232.16666666666663
224,340.48,250.265625
211,320.72,231.94230769230768
212,322.24,258.225
215,326.8,277.2352941176471
221,335.92,253.3269230769231
217,329.84000000000003,243.74074074074073
219,332.88,257.72
215,326.8,253.20454545454544
219,332.88,252.33333333333337
214,325.28000000000003,239.78571428571428
217,329.84000000000003,242.80645161290323
219,332.88,240.1206896551724
217,329.84000000000003,257.0909090909091
228,346.56,292.3809523809524
212,322.24,237.35185185185185
215,326.8,268.2894736842105
217,329.84000000000003,250.33333333333337
213,323.76,239.66666666666663
208,316.16,233.52083333333337
219,332.88,263.02173913043475
213,323.76,244.11363636363637
218,331.36,262.02173913043475
205,311.6,224.69230769230768
212,322.24,242.625
216,328.32,247.3913043478261
216,328.32,240.5
215,326.8,268.2894736842105
221,335.92,251.42
224,340.48,270.02272727272725
222,337.44,251.6296296296296
216,328.32,248.8181818181818
214,325.28000000000003,262.6578947368421
218,331.36,249.6875
225,342,267.02272727272725
217,329.84000000000003,236.75806451612905
208,316.16,235.52380952380952
218,331.36,260.0869565217391
214,325.28000000000003,247.62
210,319.2,238.52083333333337
217,329.84000000000003,261.02173913043475
213,323.76,236.6034482758621
222,337.44,244.0806451612903
213,323.76,255.025
213,323.76,241.52083333333337
217,329.84000000000003,248.8793103448276
217,329.84000000000003,275.13157894736844
219,332.88,254.28
233,354.16,293.75
209,317.68,245.54347826086956
220,334.4,244.06666666666663
214,325.28000000000003,254.02380952380952
216,328.32,234.6451612903226
220,334.4,251.6875
207,314.64,230.67391304347825
224,340.48,260.48275862068965
211,320.72,242.11363636363637
214,325.28000000000003,241.76923076923077
207,314.64,236.45454545454544
213,323.76,257.0238095238095
217,329.84000000000003,249.8181818181818
211,320.72,255.23684210526315
210,319.2,229.22
210,319.2,236.27272727272728
211,320.72,231.6428571428571
216,328.32,238.3448275862069
217,329.84000000000003,257.0238095238095
215,326.8,232.5151515151515
216,328.32,254.72
218,331.36,245
220,334.4,258.20454545454544
217,329.84000000000003,246.25
217,329.84000000000003,241.44642857142856
215,326.8,244.76086956521735
215,326.8,246.11363636363637
224,340.48,262.9423076923077
214,325.28000000000003,233.9310344827586
220,334.4,262.32
213,323.76,238.1304347826087
211,320.72,238
227,345.04,257.01785714285717
216,328.32,244.52083333333337
225,342,251.72727272727272
216,328.32,244.57142857142856
213,323.76,261.0909090909091
220,334.4,250.76923076923077
214,325.28000000000003,250.54347826086956
217,329.84000000000003,263.0952380952381
218,331.36,245.16071428571428
212,322.24,240.88
225,342,259.57142857142856
218,331.36,280.2352941176471
217,329.84000000000003,251.7826086956522
214,325.28000000000003,242.88
212,322.24,244.11111111111111
225,342,267.0869565217391
216,328.32,239.6034482758621
221,335.92,259.72
221,335.92,263.32
210,319.2,225.015625
219,332.88,252.62
216,328.32,240.44642857142856
215,326.8,244.25
222,337.44,266.0833333333333
225,342,249.24242424242425
217,329.84000000000003,245.88
214,325.28000000000003,236.0806451612903
207,314.64,235.17391304347825
224,340.48,276.3636363636364
209,317.68,239.42
219,332.88,254.28
214,325.28000000000003,277.28125
222,337.44,254.3269230769231
221,335.92,261.19565217391306
218,331.36,253.02083333333337
206,313.12,244.0952380952381
216,328.32,242.74074074074073
212,322.24,259.05882352941177
211,320.72,240.45454545454544
219,332.88,242.29032258064515
210,319.2,244.3809523809524
219,332.88,248.6296296296296
218,331.36,250.66666666666663
208,316.16,239.3913043478261
219,332.88,251.3269230769231
221,335.92,261.0238095238095
216,328.32,252.75
212,322.24,258.225
214,325.28000000000003,267.2894736842105
214,325.28000000000003,258
219,332.88,254.02083333333337
217,329.84000000000003,245.4516129032258
222,337.44,252.0178571428571
215,326.8,265.625
218,331.36,243.52083333333337
217,329.84000000000003,249.4
219,332.88,259.0909090909091
219,332.88,244.35
215,326.8,242.76923076923077
221,335.92,286.025
214,325.28000000000003,237.12
214,325.28000000000003,250.1
211,320.72,230.26666666666665
212,322.24,245.06521739130432
209,317.68,245
218,331.36,262.02173913043475
227,345.04,252.46969696969697
212,322.24,245.06521739130432
213,323.76,243.76923076923077
212,322.24,232.16666666666663
209,317.68,234.35185185185185
211,320.72,241.08333333333337
213,323.76,257.2368421052632
213,323.76,238.52083333333337
224,340.48,257.9230769230769
213,323.76,241.88
212,322.24,240.17391304347825
215,326.8,257.025
221,335.92,261.0909090909091
219,332.88,255.75
220,334.4,245.35
210,319.2,237
215,326.8,233.77586206896552
214,325.28000000000003,251.5
216,328.32,258
210,319.2,254.44444444444449
215,326.8,253.34782608695653
218,331.36,274.94117647058823
215,326.8,243.88
216,328.32,254.0952380952381
215,326.8,253.52083333333337
217,329.84000000000003,255.34782608695653
210,319.2,233.1428571428571
222,337.44,268.08
215,326.8,240.35
216,328.32,256.3333333333333
211,320.72,240.16666666666663
215,326.8,243.88
218,331.36,252.5681818181818
211,320.72,264.77777777777777
217,329.84000000000003,255.52083333333337
217,329.84000000000003,236.75806451612905
214,325.28000000000003,258.44444444444446
219,332.88,265.225
214,325.28000000000003,237.6034482758621
221,335.92,259.3478260869565
219,332.88,255.54347826086956
214,325.28000000000003,260.02272727272725
218,331.36,252.7826086956522
209,317.68,240.11363636363637
213,323.76,241.88
211,320.72,249.20454545454544
216,328.32,252.54347826086956
209,317.68,239.42105263157896
220,334.4,249.6296296296296
222,337.44,249.16071428571428
216,328.32,247.6875
220,334.4,269
217,329.84000000000003,253.36363636363637
219,332.88,250.1296296296296
214,325.28000000000003,252.34782608695653
218,331.36,254.54347826086956
223,338.96,252.25
220,334.4,264.02173913043475
220,334.4,239.63636363636363
216,328.32,250.3809523809524
223,338.96,258.28
224,340.48,259.85185185185185
214,325.28000000000003,277.28125
207,314.64,228.78
215,326.8,251.54347826086956
208,316.16,235
215,326.8,253.20454545454544
218,331.36,274.25
228,346.56,261.37931034482756
222,337.44,258.98
216,328.32,245.6296296296296
225,342,269.18
214,325.28000000000003,244.08333333333337
216,328.32,260.0238095238095
213,323.76,243.42
219,332.88,248.25
216,328.32,250.7826086956522
211,320.72,251.0909090909091
209,317.68,243.7826086956522
218,331.36,267
215,326.8,237.6851851851852
209,317.68,251.025
215,326.8,236.875
210,319.2,244.225
219,332.88,252.3793103448276
215,326.8,274.55882352941177
216,328.32,252.21428571428572
218,331.36,248.42
218,331.36,254.36363636363637
225,342,267.32
219,332.88,254.26666666666665
223,338.96,257.24074074074076
223,338.96,263.0909090909091
213,323.76,246.62
208,316.16,235.225
222,337.44,273.3611111111111
212,322.24,247.02083333333337
213,323.76,260.53125
213,323.76,239.32692307692307
220,334.4,260.0238095238095
214,325.28000000000003,258.1
210,319.2,241.11363636363637
221,335.92,253.66666666666663
218,331.36,243
210,319.2,233.12
219,332.88,255.75
216,328.32,252.75
216,328.32,250.7826086956522
210,319.2,256.0952380952381
220,334.4,262.1875
218,331.36,251.33333333333337
217,329.84000000000003,248.5
216,328.32,241.1304347826087
215,326.8,252.23076923076923
216,328.32,252.36363636363637
214,325.28000000000003,247.62
207,314.64,230.27272727272728
221,335.92,245.53225806451613
218,331.36,262.02173913043475
216,328.32,254.72
211,320.72,240.45454545454544
215,326.8,241.22413793103448
211,320.72,238
218,331.36,245.76923076923077
218,331.36,250
216,328.32,264.02173913043475
215,326.8,249.3809523809524
217,329.84000000000003,239.6851851851852
216,328.32,237.875
214,325.28000000000003,236.23076923076923
218,331.36,254.98
215,326.8,263.2142857142857
220,334.4,276.25
216,328.32,236.9032258064516
215,326.8,261.0952380952381
208,316.16,226
221,335.92,263.32
221,335.92,253
214,325.28000000000003,235.33333333333337
222,337.44,268.0208333333333
211,320.72,244.33333333333337
207,314.64,227.45454545454544
211,320.72,253
211,320.72,225.51851851851853
215,326.8,240.78571428571428
223,338.96,261.9423076923077
211,320.72,249
214,325.28000000000003,244.42
210,319.2,226.01666666666665
205,311.6,230.92
213,323.76,236.12
215,326.8,252.23076923076923
210,319.2,240.08333333333337
219,332.88,244.78571428571428
215,326.8,240.92
209,317.68,243.7826086956522
212,322.24,229.06666666666663
208,316.16,228.48
202,307.04,242.11111111111111
218,331.36,258.19565217391306
218,331.36,266.6578947368421
214,325.28000000000003,244.08333333333337
215,326.8,253.025
218,331.36,238.41666666666663
214,325.28000000000003,241.16071428571428
217,329.84000000000003,259.02272727272725
220,334.4,251.5
219,332.88,263.1
208,316.16,223.68
218,331.36,246.16666666666663
220,334.4,253.62
218,331.36,254.36363636363637
218,331.36,249.1296296296296
208,316.16,242.5681818181818
221,335.92,250.25
211,320.72,238
212,322.24,254.02272727272728
212,322.24,245.9230769230769
212,322.24,236.92307692307693
219,332.88,247.98275862068965
217,329.84000000000003,248.1296296296296
215,326.8,241.32692307692307
213,323.76,237.5
223,338.96,257.24074074074076
212,322.24,231.44642857142856
217,329.84000000000003,257.19565217391306
215,326.8,243.16666666666663
211,320.72,249
212,322.24,261
217,329.84000000000003,239.81666666666663
220,334.4,260.5
212,322.24,254.025
222,337.44,252.81666666666663
215,326.8,232.06666666666663
220,334.4,250.76923076923077
216,328.32,236.6428571428571
214,325.28000000000003,244.76923076923077
225,342,267.4807692307692
220,334.4,253.06521739130432
219,332.88,243.92307692307693
217,329.84000000000003,239.81666666666663
205,311.6,237.11111111111111
219,332.88,265.0952380952381
207,314.64,229.26086956521735
215,326.8,239.8965517241379
219,332.88,254.28
220,334.4,248.57142857142856
215,326.8,239.8965517241379
217,329.84000000000003,242.92
215,326.8,253.52083333333337
217,329.84000000000003,257.5
224,340.48,266.32
212,322.24,252.0263157894737
212,322.24,235.55769230769232
213,323.76,241.88
222,337.44,268.08
222,337.44,264.0869565217391
223,338.96,262.18518518518516
215,326.8,257
212,322.24,228
216,328.32,248.8181818181818
212,322.24,256.1
221,335.92,271.9473684210526
219,332.88,254.55769230769232
218,331.36,249.6875
213,323.76,233.6428571428571
216,328.32,237.40740740740745
223,338.96,261.9423076923077
212,322.24,235.12
218,331.36,273.6842105263158
213,323.76,272.55882352941177
218,331.36,262
214,325.28000000000003,250.75
204,310.08,250.225
215,326.8,248.06521739130432
213,323.76,273.0357142857143
223,338.96,286.1842105263158
218,331.36,264.0208333333333
219,332.88,259.5
226,343.52,278.3636363636364
214,325.28000000000003,246.3269230769231
226,343.52,252.22413793103448
218,331.36,245.76923076923077
211,320.72,277.125
221,335.92,246.78571428571428
220,334.4,249.76086956521735
224,340.48,262.5208333333333
218,331.36,248.76923076923077
218,331.36,254.36363636363637
220,334.4,272.3636363636364
225,342,259.24074074074076
213,323.76,247.3809523809524
219,332.88,250.8793103448276
210,319.2,240.42
218,331.36,264.02272727272725
218,331.36,260.02272727272725
219,332.88,261.02272727272725
216,328.32,260
210,319.2,238.88
221,335.92,247.22413793103448
224,340.48,257.37931034482756
215,326.8,255.02380952380952
218,331.36,242.44642857142856
215,326.8,243.88
220,334.4,270.20454545454544
212,322.24,254
214,325.28000000000003,248.7826086956522
214,325.28000000000003,238.92307692307693
210,319.2,236.22413793103448
219,332.88,261.0869565217391
220,334.4,270.3809523809524
223,338.96,249.22413793103448
220,334.4,239.01388888888889
218,331.36,258.3333333333333
217,329.84000000000003,271.38235294117646
214,325.28000000000003,243.45454545454544
212,322.24,234.3448275862069
222,337.44,260.5208333333333
220,334.4,261.14285714285717
218,331.36,251.33333333333337
215,326.8,248.06521739130432
216,328.32,251.02083333333337
218,331.36,249.5
215,326.8,247
212,322.24,239.8409090909091
216,328.32,246.76923076923077
213,323.76,239.27272727272728
218,331.36,248.76923076923077
212,322.24,226.5606060606061
221,335.92,248.58620689655172
209,317.68,227.28571428571428
213,323.76,236.29032258064515
216,328.32,235.140625
210,319.2,230.02083333333337
226,343.52,270
214,325.28000000000003,256
212,322.24,247.55769230769232
221,335.92,244.1428571428571
220,334.4,272.3636363636364
219,332.88,263.2368421052632
211,320.72,226.05882352941177
215,326.8,240.35
223,338.96,258.85185185185185
214,325.28000000000003,246.3269230769231
219,332.88,251.66666666666663
220,334.4,270.625
217,329.84000000000003,248.6875
219,332.88,243.8965517241379
219,332.88,253.7826086956522
217,329.84000000000003,243.74074074074073
219,332.88,250.1296296296296
228,346.56,272.02173913043475
220,334.4,255.55769230769232
216,328.32,246.76923076923077
219,332.88,261.32
221,335.92,243.6851851851852
222,337.44,268
213,323.76,236.1428571428571
213,323.76,246.33333333333337
217,329.84000000000003,253.36363636363637
214,325.28000000000003,245.6875
211,320.72,241.08333333333337
209,317.68,237.17391304347825
214,325.28000000000003,250.21428571428572
214,325.28000000000003,242.88
222,337.44,262.0238095238095
215,326.8,237.0806451612903
212,322.24,246.1052631578947
221,335.92,267
222,337.44,257.5576923076923
222,337.44,252.76923076923077
221,335.92,240.55714285714285
210,319.2,231.875
221,335.92,261.0909090909091
217,329.84000000000003,247.76923076923077
217,329.84000000000003,249
210,319.2,234
218,331.36,266.0909090909091
219,332.88,250.11363636363637
212,322.24,239.8409090909091
213,323.76,255.25
214,325.28000000000003,272.77777777777777
215,326.8,251.98
216,328.32,256.19565217391306
217,329.84000000000003,265.2142857142857
217,329.84000000000003,283.69444444444446
205,311.6,245.11111111111111
212,322.24,265.2894736842105
218,331.36,238.6428571428571
228,346.56,252.98648648648648
223,338.96,252.6296296296296
212,322.24,241.76086956521735
215,326.8,238.1428571428571
209,317.68,241.8181818181818
225,342,263.72
210,319.2,246.36363636363637
215,326.8,259.0238095238095
224,340.48,255.6875
222,337.44,260.5208333333333
221,335.92,244.29032258064515
213,323.76,230.6551724137931
212,322.24,229.5151515151515
211,320.72,245.3809523809524
214,325.28000000000003,230.01666666666665
214,325.28000000000003,262.4
220,334.4,266
222,337.44,256.91379310344826
219,332.88,256.5
219,332.88,252.33333333333337
218,331.36,262.0238095238095
207,314.64,231.08333333333337
218,331.36,262.02173913043475
219,332.88,241.0806451612903
216,328.32,240
218,331.36,256.3478260869565
214,325.28000000000003,239.52083333333337
225,342,260.85185185185185
217,329.84000000000003,244.38
215,326.8,243.01666666666665
210,319.2,254.02380952380952
216,328.32,260.1
218,331.36,256.9423076923077
209,317.68,237.17391304347825
215,326.8,246.3913043478261
216,328.32,249.62
221,335.92,265.02173913043475
213,323.76,243.76923076923077
222,337.44,246.06666666666663
226,343.52,263.5
210,319.2,244.5681818181818
218,331.36,255.23076923076923
218,331.36,243.92
214,325.28000000000003,240.6304347826087
219,332.88,247.16666666666663
211,320.72,253
219,332.88,261.4807692307692
210,319.2,250.0263157894737
215,326.8,263.6578947368421
222,337.44,260.3478260869565
216,328.32,264.2142857142857
221,335.92,259.5208333333333
217,329.84000000000003,272.225
206,313.12,232.27272727272728
214,325.28000000000003,244.8571428571429
218,331.36,252.5681818181818
221,335.92,254.62
221,335.92,261.19565217391306
223,338.96,251.98275862068965
223,338.96,263.3333333333333
217,329.84000000000003,251.7826086956522
211,320.72,251
205,311.6,231.32692307692307
211,320.72,241.08333333333337
216,328.32,239.765625
206,313.12,237.1296296296296
218,331.36,244.74074074074073
222,337.44,247.78571428571428
210,319.2,248.02777777777777
214,325.28000000000003,241.38
208,316.16,235.52380952380952
223,338.96,280.6
212,322.24,262.9473684210526
225,342,256.87931034482756
215,326.8,237.0806451612903
208,316.16,227.44642857142856
217,329.84000000000003,247.41379310344828
217,329.84000000000003,243.22413793103448
225,342,255.41379310344828
220,334.4,245.35
218,331.36,245.1129032258065
218,331.36,248.0178571428571
211,320.72,255.44444444444449
225,342,269.64285714285717
223,338.96,273.0208333333333
227,345.04,269
210,319.2,239.45454545454544
215,326.8,242
217,329.84000000000003,265.6578947368421
214,325.28000000000003,243.6296296296296
211,320.72,229.77586206896552
211,320.72,235.92307692307693
207,314.64,229.6875
211,320.72,251.0909090909091
226,343.52,263.5
207,314.64,225.28571428571428
214,325.28000000000003,252.34782608695653
213,323.76,236.67391304347825
213,323.76,253.0909090909091
218,331.36,243.35
215,326.8,242.38
225,342,260.28
221,335.92,265
226,343.52,257.5
216,328.32,271.225
218,331.36,247.76086956521735
214,325.28000000000003,242.57142857142856
218,331.36,251.33333333333337
223,338.96,267.02173913043475
213,323.76,240.38
217,329.84000000000003,244.76923076923077
220,334.4,253.62
218,331.36,246.57142857142856
214,325.28000000000003,252.20454545454544
208,316.16,248
216,328.32,264.4
217,329.84000000000003,243.32692307692307
216,328.32,250.24074074074073
220,334.4,249.25
204,310.08,233.16666666666663
210,319.2,250
220,334.4,254.3809523809524
215,326.8,241.22413793103448
217,329.84000000000003,250.9230769230769
204,310.08,232.52083333333337
222,337.44,242.74242424242425
215,326.8,241.74074074074073
214,325.28000000000003,266.9
217,329.84000000000003,263.42105263157896
214,325.28000000000003,243.45454545454544
220,334.4,262
224,340.48,262.20454545454544
219,332.88,239.9032258064516
221,335.92,256.5576923076923
210,319.2,254.23684210526315
211,320.72,232.78
211,320.72,255.1
213,323.76,273.5
213,323.76,261.4
214,325.28000000000003,258.44444444444446
220,334.4,253.75
207,314.64,239.8181818181818
206,313.12,227.42857142857144
217,329.84000000000003,240.29032258064515
220,334.4,254.24074074074073
216,328.32,254.20454545454544
217,329.84000000000003,251.5681818181818
205,311.6,221.51612903225805
205,311.6,230.92
213,323.76,247.3809523809524
215,326.8,238.55769230769232
221,335.92,249.98275862068965
214,325.28000000000003,239.92
216,328.32,254.72
221,335.92,257.3636363636364
210,319.2,221.87878787878788
219,332.88,252.9230769230769
215,326.8,261.42105263157896
211,320.72,235.08333333333337
216,328.32,258.02272727272725
214,325.28000000000003,236.81666666666663
220,334.4,256.54347826086956
215,326.8,257.0869565217391
213,323.76,231.77586206896552
219,332.88,241.3676470588235
219,332.88,265.225
221,335.92,249.16666666666663
219,332.88,254.02083333333337
220,334.4,243.6034482758621
216,328.32,258.025
218,331.36,271.77777777777777
217,329.84000000000003,261.0238095238095
216,328.32,247.6875
215,326.8,264
218,331.36,249.1296296296296
217,329.84000000000003,235.77586206896552
214,325.28000000000003,243.45454545454544
204,310.08,237.06521739130432
214,325.28000000000003,247.06521739130432
209,317.68,241.5952380952381
209,317.68,237.9
218,331.36,262.1
216,328.32,238.3448275862069
217,329.84000000000003,245.57142857142856
220,334.4,262.02272727272725
219,332.88,251.5952380952381
209,317.68,253.1
222,337.44,289.7647058823529
220,334.4,242.3448275862069
218,331.36,262.1
215,326.8,249.5681818181818
216,328.32,245.76086956521735
221,335.92,265.0833333333333
215,326.8,239.8965517241379
214,325.28000000000003,247.33333333333337
213,323.76,236.29032258064515
217,329.84000000000003,249.8181818181818
216,328.32,252.36363636363637
218,331.36,254.75
223,338.96,244.87878787878788
208,316.16,226.77586206896552
223,338.96,258.5576923076923
217,329.84000000000003,237.41666666666663
210,319.2,248.0952380952381
217,329.84000000000003,241.8965517241379
220,334.4,258.5208333333333
222,337.44,270.0909090909091
219,332.88,244.78571428571428
220,334.4,250.41379310344828
218,331.36,246.57142857142856
219,332.88,240.1206896551724
225,342,251.72727272727272
220,334.4,241.875
210,319.2,232.6875
216,328.32,237.6
222,337.44,251.82258064516128
223,338.96,245.22222222222223
212,322.24,261
223,338.96,257.91379310344826
212,322.24,236.5
221,335.92,267.0952380952381
217,329.84000000000003,248.5
218,331.36,245.16071428571428
215,326.8,255.5
210,319.2,245.55769230769232
218,331.36,258.0909090909091
217,329.84000000000003,259.025
219,332.88,263.3076923076923
219,332.88,238.26666666666665
215,326.8,263.0909090909091
210,319.2,227.6551724137931
216,328.32,256.0909090909091
210,319.2,248.0952380952381
215,326.8,259
221,335.92,267
219,332.88,267.2142857142857
225,342,279.85714285714283
214,325.28000000000003,258.1
210,319.2,240.0178571428571
212,322.24,256.0238095238095
215,326.8,243.88
223,338.96,283.025
226,343.52,264.9423076923077
215,326.8,238.55769230769232
223,338.96,273.625
221,335.92,255.57142857142856
213,323.76,262.44117647058823
221,335.92,240.63636363636363
217,329.84000000000003,241.44642857142856
218,331.36,266.2142857142857
221,335.92,254.33333333333337
210,319.2,252
214,325.28000000000003,248.7826086956522
206,313.12,229.27272727272728
222,337.44,264.0869565217391
212,322.24,245.06521739130432
220,334.4,243.765625
224,340.48,276.19565217391306
217,329.84000000000003,249
214,325.28000000000003,250.36363636363637
210,319.2,244.3809523809524
218,331.36,240.3448275862069
216,328.32,264.02
221,335.92,281.025
220,334.4,256.1607142857143
221,335.92,259.20454545454544
224,340.48,252.01666666666665
216,328.32,252.54347826086956
212,322.24,266.38235294117646
208,316.16,242.1052631578947
225,342,250.80645161290323
220,334.4,252.3269230769231
210,319.2,238.52083333333337
217,329.84000000000003,244.16071428571428
217,329.84000000000003,252.28
219,332.88,267.0909090909091
221,335.92,259.72
210,319.2,248
222,337.44,249.16071428571428
208,316.16,237.25
214,325.28000000000003,247.33333333333337
214,325.28000000000003,238.08333333333337
224,340.48,264.6923076923077
208,316.16,223.0178571428571
218,331.36,253.02083333333337
217,329.84000000000003,251.24074074074073
218,331.36,238.94230769230768
217,329.84000000000003,240.29032258064515
222,337.44,257.28
220,334.4,250.76923076923077
213,323.76,232.44642857142856
203,308.56,248.63333333333333
217,329.84000000000003,250.33333333333337
212,322.24,235.1428571428571
220,334.4,252.3269230769231
212,322.24,254.25
208,316.16,248.26470588235293
214,325.28000000000003,250.75
214,325.28000000000003,230.01666666666665
218,331.36,254.54347826086956
215,326.8,242.58620689655172
210,319.2,244.1052631578947
220,334.4,264.0238095238095
220,334.4,254.57142857142856
223,338.96,257.57142857142856
207,314.64,234
221,335.92,249.4516129032258
223,338.96,258.28
217,329.84000000000003,251.7826086956522
218,331.36,251.3793103448276
221,335.92,267
216,328.32,262.02272727272725
213,323.76,265.9
220,334.4,248.98275862068965
211,320.72,240.76086956521735
219,332.88,271.3636363636364
213,323.76,237
218,331.36,253.02083333333337
216,328.32,248.8181818181818
223,338.96,267
219,332.88,251.66666666666663
221,335.92,247.74074074074073
205,311.6,227.8809523809524
208,316.16,234.6304347826087
220,334.4,258.72
224,340.48,270
218,331.36,250.5952380952381
221,335.92,236.55714285714285
216,328.32,236.02083333333337
227,345.04,265.9423076923077
216,328.32,244.17391304347825
221,335.92,240.26666666666665
215,326.8,249.3809523809524
208,316.16,226.96296296296296
219,332.88,239.41666666666663
210,319.2,233.67391304347825
209,317.68,234.92
216,328.32,242.66666666666663
215,326.8,257.1875
213,323.76,253.11111111111111
214,325.28000000000003,283.03125
216,328.32,256.0909090909091
214,325.28000000000003,233.44642857142856
217,329.84000000000003,263.0952380952381
213,323.76,241.57142857142856
208,316.16,244.21428571428572
213,323.76,245.5952380952381
220,334.4,247.58620689655172
219,332.88,243.53225806451613
221,335.92,267.0952380952381
210,319.2,238.88
212,322.24,256.0238095238095
221,335.92,276.6842105263158
215,326.8,237.6875
218,331.36,268.9473684210526
213,323.76,246.06521739130432
219,332.88,241.0806451612903
221,335.92,248.16071428571428
219,332.88,272.2894736842105
210,319.2,250.0263157894737
221,335.92,257.75
217,329.84000000000003,241.06666666666663
212,322.24,237.52083333333337
216,328.32,242.27272727272728
215,326.8,248.06521739130432
220,334.4,256.75
212,322.24,254.1052631578947
221,335.92,248.16071428571428
216,328.32,242.32692307692307
218,331.36,249.1296296296296
213,323.76,234.875
220,334.4,253.62
213,323.76,294.38461538461536
215,326.8,242.1129032258065
226,343.52,276.20454545454544
216,328.32,250.5681818181818
212,322.24,238.6304347826087
215,326.8,259.2368421052632
219,332.88,252.62
218,331.36,253.02083333333337
222,337.44,276.1875
217,329.84000000000003,247.42
217,329.84000000000003,250.06521739130432
216,328.32,260
219,332.88,236.015625
215,326.8,238.12
208,316.16,232.75
218,331.36,240.81666666666663
217,329.84000000000003,257.3333333333333
207,314.64,231.75
217,329.84000000000003,261.0238095238095
220,334.4,255.55769230769232
209,317.68,232.67391304347825
204,310.08,244
215,326.8,265.3809523809524
218,331.36,247.76086956521735
215,326.8,253.34782608695653
216,328.32,267.88235294117646
213,323.76,249.54347826086956
219,332.88,265
218,331.36,266.2142857142857
206,313.12,242
218,331.36,254.75
219,332.88,267.02173913043475
211,320.72,255.44444444444449
219,332.88,294.03125
219,332.88,271.5952380952381
215,326.8,232.6551724137931
218,331.36,284.125
218,331.36,258.0238095238095
203,308.56,245
226,343.52,272.0952380952381
215,326.8,230.5151515151515
214,325.28000000000003,245.3913043478261
218,331.36,247.45454545454544
214,325.28000000000003,236.5625
216,328.32,240.5
211,320.72,231.48
220,334.4,250.41379310344828
221,335.92,267.0952380952381
213,323.76,245.8181818181818
216,328.32,271.225
218,331.36,245.58620689655172
219,332.88,253.7826086956522
212,322.24,250.0952380952381
217,329.84000000000003,259.47058823529414
217,329.84000000000003,239.6851851851852
219,332.88,236.56451612903223
216,328.32,265.44117647058823
216,328.32,243.76923076923077
214,325.28000000000003,248.7826086956522
211,320.72,238.76923076923077
218,331.36,262.1
216,328.32,246.41379310344828
213,323.76,239.6304347826087
207,314.64,239.8181818181818
221,335.92,267
217,329.84000000000003,244.76923076923077
216,328.32,252.36363636363637
213,323.76,251.52083333333337
226,343.52,264.5208333333333
213,323.76,229.5
213,323.76,239.32692307692307
218,331.36,247.6296296296296
222,337.44,264.0869565217391
214,325.28000000000003,242.52083333333337
216,328.32,233.30769230769232
220,334.4,246.74074074074073
217,329.84000000000003,247.42
217,329.84000000000003,243.32692307692307
222,337.44,279.1666666666667
210,319.2,228.28571428571428
217,329.84000000000003,257.5
219,332.88,248.25
210,319.2,239.76086956521735
221,335.92,259.9423076923077
225,342,256.87931034482756
224,340.48,264.5
214,325.28000000000003,236.6875
220,334.4,255.28
213,323.76,253.33333333333337
224,340.48,256.6666666666667
215,326.8,232.56451612903223
216,328.32,244.52083333333337
212,322.24,232.6428571428571
212,322.24,239.38
219,332.88,259.0909090909091
217,329.84000000000003,247.76923076923077
222,337.44,262.6923076923077
213,323.76,238.78571428571428
217,329.84000000000003,244.38
220,334.4,246.74074074074073
223,338.96,263.3333333333333
210,319.2,230.94230769230768
210,319.2,254.73529411764707
220,334.4,238.01470588235293
218,331.36,258.3333333333333
208,316.16,228.02083333333337
209,317.68,249.02380952380952
219,332.88,254.28
220,334.4,258.20454545454544
221,335.92,252.6875
220,334.4,270.9473684210526
222,337.44,262.19565217391306
218,331.36,248.0178571428571
215,326.8,234.9310344827586
216,328.32,239.55769230769232
209,317.68,237.17391304347825
209,317.68,241.5952380952381
218,331.36,242.06666666666663
213,323.76,243.08333333333337
215,326.8,257.0869565217391
210,319.2,244.3809523809524
220,334.4,258.08620689655174
214,325.28000000000003,238
215,326.8,241.32692307692307
209,317.68,235.74074074074073
215,326.8,237.81666666666663
212,322.24,235.6034482758621
207,314.64,236.45454545454544
221,335.92,257.75
213,323.76,266.77777777777777
211,320.72,242.8793103448276
210,319.2,238.6578947368421
221,335.92,258.5
217,329.84000000000003,283.69444444444446
213,323.76,242.76086956521735
221,335.92,244.29032258064515
219,332.88,253.5681818181818
210,319.2,250
212,322.24,246.225
219,332.88,241.0806451612903
215,326.8,234.140625
224,340.48,255.5
217,329.84000000000003,280.1842105263158
218,331.36,254.75
216,328.32,256.0909090909091
211,320.72,235
213,323.76,244.3913043478261
217,329.84000000000003,257.19565217391306
212,322.24,237.92
213,323.76,249.75
220,334.4,250.42
212,322.24,243.3913043478261
222,337.44,247.78571428571428
218,331.36,260.02272727272725
222,337.44,264.02272727272725
210,319.2,228.48076923076923
208,316.16,248.83333333333337
222,337.44,287.7894736842105
215,326.8,238.29032258064515
210,319.2,236.74074074074073
222,337.44,248.22413793103448
223,338.96,267.02173913043475
212,322.24,243.11363636363637
213,323.76,249.21428571428572
221,335.92,253.3269230769231
216,328.32,247.5
222,337.44,253.8793103448276
211,320.72,255.44444444444449
217,329.84000000000003,247.08333333333337
221,335.92,267.02272727272725
217,329.84000000000003,255
217,329.84000000000003,255.20454545454544
222,337.44,247.80645161290323
214,325.28000000000003,250.36363636363637
213,323.76,249.21428571428572
208,316.16,253.63333333333333
207,314.64,231.08333333333337
219,332.88,249.42
225,342,292.6
216,328.32,248
220,334.4,255.55769230769232
219,332.88,263
216,328.32,246.76923076923077
221,335.92,255.5681818181818
214,325.28000000000003,249.28
218,331.36,251.06521739130432
224,340.48,266.32
220,334.4,255.28
216,328.32,247.3913043478261
214,325.28000000000003,240.6304347826087
217,329.84000000000003,236.75806451612905
214,325.28000000000003,245.6875
217,329.84000000000003,253.75
217,329.84000000000003,253.75
223,338.96,269.08
216,328.32,239.55769230769232
205,311.6,230.52083333333337
219,332.88,253.7826086956522
217,329.84000000000003,235.77586206896552
219,332.88,252.9230769230769
217,329.84000000000003,259.32
213,323.76,237.92307692307693
216,328.32,236.6428571428571
217,329.84000000000003,239.6851851851852
222,337.44,249.58620689655172
219,332.88,248.76086956521735
217,329.84000000000003,242.78571428571428
219,332.88,269.0869565217391
207,314.64,241.7826086956522
212,322.24,242.08333333333337
215,326.8,242.58620689655172
221,335.92,257.54347826086956
212,322.24,248.54347826086956
208,316.16,237.76086956521735
211,320.72,238.38
221,335.92,267.0952380952381
218,331.36,236.5606060606061
219,332.88,247.88
220,334.4,251.1296296296296
219,332.88,238.75806451612905
217,329.84000000000003,261.1
221,335.92,261.19565217391306
219,332.88,245.22413793103448
217,329.84000000000003,248.6875
215,326.8,246.6875
217,329.84000000000003,253.21428571428572
211,320.72,239.52083333333337
217,329.84000000000003,255.025
214,325.28000000000003,235.78
212,322.24,242.76923076923077
221,335.92,248.58620689655172
216,328.32,234.5606060606061
220,334.4,248.01666666666665
211,320.72,238.38
220,334.4,266.0952380952381
218,331.36,266.4
215,326.8,233.15
215,326.8,240.92
211,320.72,240.25
223,338.96,259.98
213,323.76,243.76923076923077
212,322.24,226.1323529411765
221,335.92,275.85714285714283
223,338.96,255.66129032258064
214,325.28000000000003,250.75
216,328.32,241.78571428571428
218,331.36,254.98
212,322.24,234.6851851851852
211,320.72,235.44642857142856
214,325.28000000000003,248.5681818181818
211,320.72,247.1
220,334.4,264
220,334.4,248.16666666666663
221,335.92,269
212,322.24,236.5
217,329.84000000000003,241
220,334.4,258.3478260869565
216,328.32,264.2142857142857
224,340.48,257.62
219,332.88,267.2142857142857
214,325.28000000000003,234.16666666666663
213,323.76,242.6296296296296
215,326.8,243.16666666666663
219,332.88,259.3333333333333
221,335.92,267.08
209,317.68,253.73529411764707
214,325.28000000000003,230.51612903225805
214,325.28000000000003,244.0178571428571
218,331.36,256.3478260869565
217,329.84000000000003,255.34782608695653
224,340.48,257.62
219,332.88,259.0238095238095
224,340.48,270.225
220,334.4,243.6034482758621
215,326.8,261.0952380952381
221,335.92,256.28
217,329.84000000000003,243.74074074074073
207,314.64,222.55714285714285
208,316.16,242.1052631578947
213,323.76,244.3913043478261
220,334.4,264.1
209,317.68,238.16666666666663
221,335.92,263.4807692307692
219,332.88,252.62
219,332.88,243.53225806451613
216,328.32,240.92307692307693
220,334.4,273.2894736842105
208,316.16,250.25
220,334.4,241.6
211,320.72,240.45454545454544
222,337.44,264.02272727272725
217,329.84000000000003,251.7826086956522
212,322.24,232.6428571428571
210,319.2,244.225
212,322.24,274.2352941176471
211,320.72,242.11363636363637
218,331.36,247.6296296296296
222,337.44,248.22413793103448
208,316.16,232.92307692307693
219,332.88,243.44642857142856
211,320.72,242.3913043478261
215,326.8,255.33333333333337
220,334.4,250.42
217,329.84000000000003,257.3333333333333
209,317.68,233.08333333333337
214,325.28000000000003,250.54347826086956
220,334.4,250.76923076923077
213,323.76,271.77777777777777
225,342,279.3478260869565
214,325.28000000000003,241.76923076923077
218,331.36,242.5
215,326.8,243.16666666666663
211,320.72,251
203,308.56,226.27272727272728
222,337.44,264.1875
216,328.32,251.28
209,317.68,228.44642857142856
219,332.88,236.5
225,342,249.72058823529412
218,331.36,238.41666666666663
205,311.6,227.6875
216,328.32,251.85185185185185
215,326.8,241.32692307692307
224,340.48,257.75
213,323.76,237.08333333333337
224,340.48,268.02173913043475
225,342,253.4516129032258
217,329.84000000000003,237.25
215,326.8,261.69444444444446
220,334.4,256.54347826086956
209,317.68,247.025
222,337.44,258.75
218,331.36,262.1
209,317.68,237.88
223,338.96,259.75
219,332.88,238.9310344827586
214,325.28000000000003,239.80645161290323
215,326.8,281.125
215,326.8,252.23076923076923
218,331.36,276.13157894736844
219,332.88,261.0869565217391
214,325.28000000000003,247.06521739130432
223,338.96,248.35
217,329.84000000000003,236.9310344827586
217,329.84000000000003,261.0833333333333
219,332.88,259.3333333333333
211,320.72,247.0263157894737
218,331.36,236.15
217,329.84000000000003,240.04545454545456
215,326.8,246.6875
222,337.44,254.66666666666663
203,308.56,247.73529411764707
221,335.92,261.19565217391306
207,314.64,253.42105263157896
215,326.8,253.0952380952381
216,328.32,251.02083333333337
215,326.8,242
213,323.76,235.23076923076923
225,342,279.3478260869565
219,332.88,249.0178571428571
220,334.4,241.87878787878788
207,314.64,223.66666666666663
211,320.72,261.625
215,326.8,233.0625
210,319.2,241.3913043478261
217,329.84000000000003,239.81666666666663
214,325.28000000000003,235.78
219,332.88,251
218,331.36,275.1666666666667
216,328.32,243.76923076923077
213,323.76,248.02083333333337
220,334.4,247.76923076923077
213,323.76,247.5681818181818
217,329.84000000000003,247.76923076923077
218,331.36,250.66666666666663
210,319.2,241.3913043478261
217,329.84000000000003,247.76923076923077
218,331.36,245.76923076923077
221,335.92,259.5208333333333
226,343.52,268.1875
212,322.24,237.1304347826087
220,334.4,253.06521739130432
226,343.52,263.5
214,325.28000000000003,262.4
215,326.8,240.35185185185185
221,335.92,256.28
207,314.64,249
219,332.88,252.62
216,328.32,254.20454545454544
220,334.4,256.3636363636364
217,329.84000000000003,239.3448275862069
219,332.88,253.57142857142856
213,323.76,245.8181818181818
214,325.28000000000003,254.0909090909091
211,320.72,245.7826086956522
226,343.52,268.4807692307692
214,325.28000000000003,241.38
216,328.32,258.025
221,335.92,256.0208333333333
216,328.32,244.88
215,326.8,246.3913043478261
213,323.76,238.35185185185185
215,326.8,249.7826086956522
220,334.4,244.44642857142856
207,314.64,223.17307692307693
216,328.32,256
210,319.2,255.125
221,335.92,250.82258064516128
210,319.2,227.015625
213,323.76,253.0909090909091
218,331.36,242.44642857142856
214,325.28000000000003,250.75
214,325.28000000000003,244.76923076923077
212,322.24,254.1052631578947
213,323.76,232.69230769230768
218,331.36,270.5952380952381
213,323.76,238.92
222,337.44,247
215,326.8,249.7826086956522
203,308.56,224.8409090909091
212,322.24,229.5151515151515
226,343.52,265.44642857142856
213,323.76,240.38
225,342,249.53225806451613
213,323.76,249
212,322.24,254.025
215,326.8,239.5
218,331.36,268.3809523809524
217,329.84000000000003,252.55769230769232
217,329.84000000000003,253.75
216,328.32,251.02083333333337
215,326.8,255.0909090909091
205,311.6,245.11111111111111
210,319.2,240.76923076923077
215,326.8,241.32692307692307
209,317.68,243.5681818181818
208,316.16,232.44642857142856
206,313.12,230.08333333333337
210,319.2,239.16666666666663
214,325.28000000000003,252
213,323.76,253
221,335.92,261.3333333333333
226,343.52,257.5
215,326.8,253.0952380952381
212,322.24,229.56451612903223
213,323.76,244.3913043478261
220,334.4,260.0909090909091
220,334.4,248.57142857142856
216,328.32,239.1428571428571
203,308.56,224.78
222,337.44,245.6034482758621
212,322.24,232.16666666666663
216,328.32,256.0238095238095
210,319.2,231.40740740740745
216,328.32,288
214,325.28000000000003,240.22413793103448
215,326.8,237.6851851851852
216,328.32,249.9230769230769
220,334.4,247.16071428571428
216,328.32,249.9230769230769
213,323.76,236.1428571428571
216,328.32,251.02083333333337
218,331.36,255.23076923076923
216,328.32,279.1842105263158
214,325.28000000000003,248.7826086956522
220,334.4,260.0909090909091
220,334.4,260.3333333333333
222,337.44,262.19565217391306
220,334.4,247.38
217,329.84000000000003,291.46153846153845
209,317.68,259
219,332.88,248.6296296296296
212,322.24,239.76923076923077
210,319.2,230.94230769230768
217,329.84000000000003,239.81666666666663
220,334.4,248.01666666666665
213,323.76,268.125
214,325.28000000000003,238
213,323.76,255.1052631578947
216,328.32,276.63157894736844
218,331.36,266.6578947368421
214,325.28000000000003,252
210,319.2,235.92
217,329.84000000000003,259.0869565217391
215,326.8,244.76086956521735
212,322.24,242.42
218,331.36,264.02272727272725
219,332.88,272.2894736842105
212,322.24,256.0238095238095
217,329.84000000000003,249
209,317.68,247.0952380952381
222,337.44,268.02272727272725
214,325.28000000000003,260.225
217,329.84000000000003,247.08333333333337
215,326.8,234.140625
217,329.84000000000003,265.2142857142857
219,332.88,288.03125
216,328.32,251.55769230769232
218,331.36,253.28
217,329.84000000000003,242.52083333333337
213,323.76,237.75
216,328.32,238.6875
211,320.72,229.48076923076923
209,317.68,232.67391304347825
217,329.84000000000003,241.44642857142856
225,342,262.5
214,325.28000000000003,239.52083333333337
215,326.8,241.74074074074073
218,331.36,242.92307692307693
213,323.76,249.54347826086956
215,326.8,261
230,349.6,272.32
217,329.84000000000003,240.12
215,326.8,238.6034482758621
217,329.84000000000003,241.92307692307693
213,323.76,245.8181818181818
214,325.28000000000003,235.40740740740745
221,335.92,265.02173913043475
216,328.32,251.02083333333337
215,326.8,246.3913043478261
220,334.4,254.5681818181818
216,328.32,260.0238095238095
213,323.76,239.32692307692307
219,332.88,247.52083333333337
220,334.4,266.225
216,328.32,243.76923076923077
210,319.2,239.45454545454544
224,340.48,257.62
218,331.36,258
223,338.96,273.20454545454544
216,328.32,260.1
210,319.2,231.6
223,338.96,273.3809523809524
219,332.88,250.6875
215,326.8,243.88
213,323.76,247.02777777777777
216,328.32,240.5
209,317.68,240.3913043478261
218,331.36,251.62
207,314.64,224.52083333333337
218,331.36,250.3269230769231
213,323.76,236.12
219,332.88,249.42
217,329.84000000000003,242.35185185185185
206,313.12,231.52083333333337
209,317.68,231.26086956521735
217,329.84000000000003,259.0869565217391
215,326.8,257.02272727272725
225,342,257.6666666666667
215,326.8,265.20454545454544
207,314.64,234.52380952380952
221,335.92,280.1136363636364
220,334.4,276.8181818181818
217,329.84000000000003,247.42
219,332.88,279.025
219,332.88,240.875
207,314.64,257
214,325.28000000000003,262.4
220,334.4,270.625
208,316.16,235.38
212,322.24,243.1296296296296
220,334.4,251.1296296296296
212,322.24,268.25
223,338.96,239.5540540540541
213,323.76,257.0238095238095
222,337.44,251.6296296296296
218,331.36,253.55769230769232
203,308.56,241.1176470588235
207,314.64,236.76086956521735
210,319.2,241.6875
210,319.2,231.78
225,342,279.85714285714283
219,332.88,253.3809523809524
220,334.4,256.98
215,326.8,245.08333333333337
213,323.76,264.88235294117646
221,335.92,263.02272727272725
218,331.36,270.5952380952381
211,320.72,261.3809523809524
211,320.72,244.06521739130432
219,332.88,257.3478260869565
217,329.84000000000003,241.8965517241379
214,325.28000000000003,237.55769230769232
220,334.4,251.1296296296296
219,332.88,245.22413793103448
219,332.88,240.6
214,325.28000000000003,243.25
217,329.84000000000003,244.76923076923077
214,325.28000000000003,236.81666666666663
224,340.48,264.3333333333333
214,325.28000000000003,242.57142857142856
218,331.36,258.0909090909091
224,340.48,245.72857142857143
216,328.32,235.26666666666665
221,335.92,252.6875
217,329.84000000000003,234.5151515151515
214,325.28000000000003,264.9473684210526
222,337.44,253.5
210,319.2,225.5151515151515
208,316.16,235.76923076923077
222,337.44,253.8793103448276
216,328.32,249.06521739130432
223,338.96,261.72
217,329.84000000000003,239.23076923076923
211,320.72,251.02380952380952
227,345.04,268.14285714285717
221,335.92,254.33333333333337
217,329.84000000000003,239.3448275862069
221,335.92,265.02173913043475
208,316.16,236.17391304347825
208,316.16,228.16666666666663
223,338.96,261.3478260869565
218,331.36,250.3269230769231
212,322.24,236.5
211,320.72,236.92
208,316.16,241.62
217,329.84000000000003,246.25
219,332.88,254.55769230769232
226,343.52,276.20454545454544
214,325.28000000000003,245.1296296296296
224,340.48,268.3076923076923
218,331.36,250.66666666666663
214,325.28000000000003,229.5
219,332.88,257.5208333333333
211,320.72,238
212,322.24,252.0263157894737
222,337.44,257.85185185185185
222,337.44,264.02272727272725
216,328.32,256.19565217391306
216,328.32,228.98648648648648
217,329.84000000000003,259.10526315789474
220,334.4,255.28
220,334.4,256.3636363636364
220,334.4,266.225
217,329.84000000000003,249
216,328.32,240.06666666666663
223,338.96,256.9230769230769
214,325.28000000000003,244.8571428571429
216,328.32,237.1206896551724
216,328.32,278.2352941176471
214,325.28000000000003,236.81666666666663
217,329.84000000000003,261
217,329.84000000000003,251.5681818181818
211,320.72,243
212,322.24,258.225
215,326.8,261.42105263157896
217,329.84000000000003,244.58620689655172
215,326.8,246.1296296296296
213,323.76,235.81666666666663
210,319.2,242.23684210526315
210,319.2,250.19565217391303
210,319.2,238.17391304347825
212,322.24,242.42
215,326.8,237.6851851851852
221,335.92,269.0909090909091
216,328.32,244.88
215,326.8,253.0952380952381
214,325.28000000000003,229.5
207,314.64,232.52083333333337
220,334.4,258.20454545454544
214,325.28000000000003,242.88
219,332.88,251.3269230769231
220,334.4,260.0238095238095
216,328.32,248.4
218,331.36,247.6296296296296
203,308.56,218.07692307692307
221,335.92,256.5576923076923
215,326.8,247.8181818181818
221,335.92,269.4
218,331.36,242.75
215,326.8,240.92
215,326.8,245.42
221,335.92,252.5
213,323.76,247.225
216,328.32,251.28
217,329.84000000000003,251.7826086956522
207,314.64,239.5952380952381
213,323.76,245
219,332.88,255.75
226,343.52,260.1290322580645
215,326.8,253.0952380952381
212,322.24,238.6304347826087
218,331.36,264.0208333333333
211,320.72,253.32
219,332.88,256.2307692307692
221,335.92,254.62
213,323.76,240
220,334.4,280.63157894736844
213,323.76,239.6304347826087
217,329.84000000000003,233.5689655172414
212,322.24,242.08333333333337
220,334.4,245.78571428571428
223,338.96,263.6923076923077
211,320.72,242.11363636363637
217,329.84000000000003,240.1428571428571
215,326.8,250.02083333333337
213,323.76,233.16666666666663
209,317.68,234.92
218,331.36,250
210,319.2,240.76923076923077
221,335.92,269.2142857142857
220,334.4,255.28
221,335.92,243.5625
221,335.92,256.28
218,331.36,241.29032258064515
210,319.2,232.23076923076923
221,335.92,248.1129032258065
217,329.84000000000003,249.3269230769231
215,326.8,253
211,320.72,253.08695652173913
218,331.36,264
213,323.76,249.36363636363637
219,332.88,243.44642857142856
219,332.88,263.2368421052632
218,331.36,262.0238095238095
216,328.32,241.35185185185185
217,329.84000000000003,248.1296296296296
222,337.44,247.35185185185185
222,337.44,270.02
213,323.76,246.06521739130432
212,322.24,233.78
218,331.36,268.0869565217391
218,331.36,251.06521739130432
210,319.2,239.76086956521735
225,342,285.025
221,335.92,265
206,313.12,222.01666666666665
220,334.4,241.6
221,335.92,291.61764705882354
219,332.88,274.6842105263158
213,323.76,243.08333333333337
213,323.76,255.025
215,326.8,246.3913043478261
216,328.32,236.41666666666663
219,332.88,247.52083333333337
211,320.72,247.1
224,340.48,261.2307692307692
222,337.44,262.19565217391306
215,326.8,249.3809523809524
219,332.88,252.9230769230769
210,319.2,246.21428571428572
221,335.92,265.0238095238095
216,328.32,268.9
218,331.36,273.6842105263158
209,317.68,249.0263157894737
216,328.32,230.62857142857143
215,326.8,265.20454545454544
226,343.52,251.78571428571428
217,329.84000000000003,240.29032258064515
224,340.48,291.6
218,331.36,262
215,326.8,241.32692307692307
216,328.32,249.33333333333337
220,334.4,253.62
218,331.36,238.25
212,322.24,240.17391304347825
214,325.28000000000003,247.0178571428571
221,335.92,261.6923076923077
215,326.8,240.78571428571428
217,329.84000000000003,252.28
220,334.4,273.2894736842105
215,326.8,253.52083333333337
217,329.84000000000003,244.76923076923077
210,319.2,239.16666666666663
220,334.4,256.3636363636364
214,325.28000000000003,236.6851851851852
222,337.44,252.81666666666663
213,323.76,239.6304347826087
214,325.28000000000003,250
206,313.12,236.8571428571429
216,328.32,249.33333333333337
227,345.04,284.6
214,325.28000000000003,244.41379310344828
217,329.84000000000003,253.54347826086956
220,334.4,248.16666666666663
217,329.84000000000003,270.2894736842105
213,323.76,263.625
217,329.84000000000003,249.8181818181818
215,326.8,243.52083333333337
215,326.8,248.06521739130432
219,332.88,270.3611111111111
215,326.8,241.32692307692307
214,325.28000000000003,229.05882352941177
225,342,279.3478260869565
224,340.48,260.98
219,332.88,255.54347826086956
215,326.8,257
216,328.32,247.1296296296296
215,326.8,240.52083333333337
218,331.36,248.08333333333337
218,331.36,246.88
211,320.72,235.08333333333337
219,332.88,257.72
220,334.4,244.8965517241379
218,331.36,248.76923076923077
219,332.88,251.66666666666663
217,329.84000000000003,234.015625
217,329.84000000000003,247.42
216,328.32,260.0238095238095
219,332.88,263.02173913043475
216,328.32,262.0952380952381
219,332.88,259.3333333333333
216,328.32,265
216,328.32,246.76923076923077
203,308.56,231.88
216,328.32,256.0238095238095
224,340.48,261.5
213,323.76,241.52083333333337
210,319.2,240.42105263157896
214,325.28000000000003,239.92
225,342,258.01785714285717
218,331.36,249.1296296296296
217,329.84000000000003,231.1323529411765
216,328.32,256.19565217391306
211,320.72,247.21428571428572
220,334.4,248.57142857142856
213,323.76,245.3269230769231
224,340.48,259.28
217,329.84000000000003,250.06521739130432
212,322.24,239.76923076923077
217,329.84000000000003,267.625
215,326.8,270.225
222,337.44,266.0833333333333
218,331.36,278.63157894736844
211,320.72,253
220,334.4,246.32692307692307
220,334.4,258.5208333333333
209,317.68,227.28571428571428
213,323.76,238.35185185185185
215,326.8,238.1428571428571
217,329.84000000000003,259.0869565217391
213,323.76,235.81666666666663
215,326.8,253.34782608695653
225,342,267.0869565217391
220,334.4,264.02173913043475
214,325.28000000000003,237.6034482758621
213,323.76,255.025
222,337.44,259.2307692307692
209,317.68,241.4
223,338.96,244.390625
212,322.24,248.36363636363637
206,313.12,253.53125
209,317.68,239.41379310344828
220,334.4,262.02272727272725
222,337.44,272.20454545454544
219,332.88,249.42
212,322.24,231.9310344827586
213,323.76,257.44444444444446
226,343.52,247.6
218,331.36,256.3478260869565
207,314.64,233.6304347826087
216,328.32,240.06666666666663
219,332.88,251.8181818181818
219,332.88,246.1129032258065
217,329.84000000000003,253.75
222,337.44,254.3269230769231
215,326.8,247.3269230769231
223,338.96,265.32
213,323.76,242.25
218,331.36,248.42
218,331.36,260.1875
213,323.76,237
219,332.88,254.28
223,338.96,254.5
216,328.32,258.25
210,319.2,237
209,317.68,234.78571428571428
207,314.64,229.6875
214,325.28000000000003,236.6851851851852
216,328.32,241.52083333333337
219,332.88,245.32692307692307
214,325.28000000000003,242.52083333333337
217,329.84000000000003,245.88
212,322.24,234.26086956521735
212,322.24,234.23076923076923
219,332.88,244.78571428571428
215,326.8,249.5681818181818
220,334.4,272.9
214,325.28000000000003,241
218,331.36,251.62
214,325.28000000000003,262.4
213,323.76,248.28
215,326.8,268.77777777777777
214,325.28000000000003,260.225
215,326.8,259.0238095238095
210,319.2,239.76086956521735
221,335.92,267.0208333333333
220,334.4,251.3913043478261
206,313.12,259.3333333333333
215,326.8,233.6451612903226
215,326.8,239.44642857142856
218,331.36,235.6551724137931
218,331.36,245
217,329.84000000000003,263.0208333333333
214,325.28000000000003,258.1
214,325.28000000000003,246.8181818181818
215,326.8,237.3448275862069
214,325.28000000000003,244.76923076923077
220,334.4,243.29032258064515
221,335.92,250.25
218,331.36,253.55769230769232
215,326.8,257.25
217,329.84000000000003,232
218,331.36,249.1296296296296
217,329.84000000000003,249
219,332.88,248.25
216,328.32,252.98
220,334.4,239.75806451612905
224,340.48,257.3333333333333
217,329.84000000000003,257.19565217391306
224,340.48,250.265625
221,335.92,252.1296296296296
216,328.32,254.34782608695653
217,329.84000000000003,237.9032258064516
225,342,254.4
211,320.72,233.81666666666663
219,332.88,263.0238095238095
214,325.28000000000003,246
220,334.4,281.3611111111111
210,319.2,259.44117647058823
222,337.44,262.5
220,334.4,268.4
222,337.44,255.62
213,323.76,243.42
224,340.48,251.16071428571428
211,320.72,257.69444444444446
216,328.32,249.62
215,326.8,261.69444444444446
213,323.76,246.06521739130432
218,331.36,242.92307692307693
222,337.44,252.41379310344828
212,322.24,233.78
217,329.84000000000003,248.1296296296296
219,332.88,242.765625
219,332.88,247.01666666666665
216,328.32,238.23076923076923
210,319.2,246.36363636363637
219,332.88,248.25
218,331.36,247.25
217,329.84000000000003,244.16071428571428
211,320.72,238
223,338.96,254.6875
209,317.68,229.6428571428571
215,326.8,264
227,345.04,273.0208333333333
225,342,271.08
214,325.28000000000003,232.28571428571428
217,329.84000000000003,250.33333333333337
208,316.16,229.875
214,325.28000000000003,230.01470588235293
224,340.48,261.7857142857143
208,316.16,244.54347826086956
213,323.76,255
216,328.32,254.20454545454544
211,320.72,233.6851851851852
213,323.76,243.625
218,331.36,262.1
224,340.48,259.85185185185185
217,329.84000000000003,251.7826086956522
215,326.8,236.1206896551724
208,316.16,241.06521739130432
220,334.4,260.19565217391306
204,310.08,232.88
208,316.16,225.6551724137931
216,328.32,258.025
221,335.92,254.62
220,334.4,254.7826086956522
223,338.96,250.58620689655172
221,335.92,279.13157894736844
210,319.2,258.6578947368421
214,325.28000000000003,242.88
220,334.4,247.16071428571428
220,334.4,236.51612903225805
221,335.92,263.025
221,335.92,263.02272727272725
208,316.16,230.23076923076923
212,322.24,262.3809523809524
212,322.24,256.2368421052632
218,331.36,238.6428571428571
221,335.92,251.42
215,326.8,253.025
208,316.16,256.4
219,332.88,246.16071428571428
220,334.4,266.0952380952381
215,326.8,230.5151515151515
211,320.72,241.08333333333337
229,348.08,273.0833333333333
216,328.32,272.25
223,338.96,253.41379310344828
216,328.32,240.5
222,337.44,262.0238095238095
218,331.36,243.52083333333337
215,326.8,237.6851851851852
216,328.32,247.5
224,340.48,268
210,319.2,263.3333333333333
214,325.28000000000003,235.875
220,334.4,266.0208333333333
220,334.4,246.74074074074073
217,329.84000000000003,239.0806451612903
213,323.76,239.6304347826087
216,328.32,252.98
217,329.84000000000003,241.5
220,334.4,250.08333333333337
217,329.84000000000003,236.44642857142856
222,337.44,279.1666666666667
221,335.92,256.0208333333333
226,343.52,259.62
213,323.76,245
227,345.04,269.1875
221,335.92,246.78571428571428
218,331.36,258.5
223,338.96,254.6875
212,322.24,247.28
212,322.24,261
221,335.92,248.16071428571428
216,328.32,241.35185185185185
212,322.24,235.12
212,322.24,236.92307692307693
219,332.88,249.76923076923077
207,314.64,229.23076923076923
218,331.36,258.3333333333333
218,331.36,266.0909090909091
218,331.36,256.0952380952381
216,328.32,254.52083333333337
220,334.4,262
226,343.52,254.01666666666665
215,326.8,231.5689655172414
219,332.88,269.625
223,338.96,255
218,331.36,236.5606060606061
208,316.16,238.8571428571429
218,331.36,260.025
215,326.8,249.5681818181818
224,340.48,270.0952380952381
214,325.28000000000003,244.08333333333337
209,317.68,234.35185185185185
218,331.36,248.0178571428571
220,334.4,252.3269230769231
217,329.84000000000003,241.06666666666663
218,331.36,256.5208333333333
215,326.8,240.35
217,329.84000000000003,245.16666666666663
211,320.72,238.8409090909091
218,331.36,248.08333333333337
213,323.76,251.20454545454544
219,332.88,247.52083333333337
218,331.36,246.57142857142856
224,340.48,252.4516129032258
207,314.64,243.21428571428572
209,317.68,240.6875
216,328.32,235.140625
208,316.16,232.92307692307693
218,331.36,242.92307692307693
217,329.84000000000003,244.38
218,331.36,244.74074074074073
219,332.88,261
217,329.84000000000003,252.28
216,328.32,240.92307692307693
218,331.36,241.765625
216,328.32,250.225
209,317.68,268.55882352941177
215,326.8,255.0909090909091
211,320.72,240.76086956521735
213,323.76,239.66666666666663
221,335.92,267.02272727272725
212,322.24,239.76923076923077
221,335.92,252.2258064516129
211,320.72,253
221,335.92,253.66666666666663
220,334.4,247.38
213,323.76,242.45454545454544
219,332.88,267.4
216,328.32,256.0238095238095
223,338.96,277.85714285714283
226,343.52,274.02173913043475
209,317.68,234.52083333333337
219,332.88,257.3478260869565
217,329.84000000000003,273.25
205,311.6,228.67391304347825
219,332.88,261.0869565217391
218,331.36,264.0952380952381
220,334.4,248.98275862068965
214,325.28000000000003,252.52083333333337
216,328.32,241.92
221,335.92,269.02173913043475
213,323.76,234.40740740740745
220,334.4,264
216,328.32,233.56451612903223
218,331.36,274.94117647058823
212,322.24,238.22413793103448
217,329.84000000000003,241.44642857142856
221,335.92,253.66666666666663
221,335.92,259.9423076923077
220,334.4,254.24074074074073
216,328.32,260.0833333333333
225,342,262.7857142857143
219,332.88,267.6578947368421
211,320.72,261.9473684210526
217,329.84000000000003,248.1296296296296
213,323.76,242.6296296296296
225,342,252.58620689655172
213,323.76,242.76086956521735
221,335.92,252.1296296296296
218,331.36,238.9032258064516
215,326.8,243.88
211,320.72,239.52083333333337
221,335.92,250.6296296296296
211,320.72,239.52083333333337
219,332.88,255.54347826086956
211,320.72,255.44444444444449
218,331.36,246.57142857142856
216,328.32,233.06666666666663
217,329.84000000000003,239.0806451612903
212,322.24,246.225
223,338.96,256.9230769230769
213,323.76,240.38
216,328.32,248
215,326.8,257.025
213,323.76,249.36363636363637
218,331.36,248.0178571428571
213,323.76,248.02083333333337
214,325.28000000000003,247.62
216,328.32,236.41666666666663
217,329.84000000000003,243.32692307692307
220,334.4,249.6296296296296
212,322.24,246.5681818181818
219,332.88,239.25
215,326.8,243.88
220,334.4,246.74074074074073
218,331.36,254.36363636363637
220,334.4,258.5208333333333
217,329.84000000000003,242.35
216,328.32,250.1052631578947
218,331.36,262.02173913043475
218,331.36,241.12
211,320.72,249
212,322.24,236.53225806451613
214,325.28000000000003,241.38
221,335.92,256.0208333333333
222,337.44,270.4
217,329.84000000000003,254.23076923076923
216,328.32,243.76923076923077
212,322.24,234.6851851851852
210,319.2,244.7826086956522
218,331.36,236.5606060606061
218,331.36,244.22413793103448
223,338.96,269.225
213,323.76,236.12
218,331.36,246.52083333333337
202,307.04,230.6578947368421
221,335.92,283.5
209,317.68,234.52083333333337
208,316.16,237.16666666666663
209,317.68,255.42105263157896
210,319.2,265.125
217,329.84000000000003,255.025
221,335.92,263.32
219,332.88,259.19565217391306
218,331.36,238.6428571428571
221,335.92,256.5576923076923
224,340.48,276.3636363636364
219,332.88,253.24074074074073
215,326.8,259.0833333333333
219,332.88,256.5
221,335.92,244.765625
219,332.88,275.25
215,326.8,245.0178571428571
225,342,307.61764705882354
227,345.04,275.02
224,340.48,259.28
223,338.96,261.5208333333333
217,329.84000000000003,242.35185185185185
206,313.12,233.52380952380952
217,329.84000000000003,244.58620689655172
215,326.8,251.36363636363637
207,314.64,228.1206896551724
217,329.84000000000003,255.34782608695653
220,334.4,249.25
212,322.24,256
218,331.36,260.1875
211,320.72,271.5
218,331.36,260.0869565217391
220,334.4,248.16666666666663
218,331.36,246.16666666666663
221,335.92,242.6
212,322.24,234.6851851851852
219,332.88,254.55769230769232
215,326.8,244.45454545454544
219,332.88,250.5
220,334.4,255.02083333333337
218,331.36,250.3269230769231
218,331.36,244.22413793103448
208,316.16,231.12
219,332.88,250.6875
215,326.8,237.3448275862069
212,322.24,246.7826086956522
215,326.8,261.225
217,329.84000000000003,243.6304347826087
217,329.84000000000003,273.25
220,334.4,266.02272727272725
215,326.8,251.54347826086956
218,331.36,245.58620689655172
218,331.36,255.23076923076923
217,329.84000000000003,240.6034482758621
220,334.4,251.6875
216,328.32,258
212,322.24,245.06521739130432
211,320.72,253.025
220,334.4,247.58620689655172
223,338.96,263.19565217391306
213,323.76,239.32692307692307
216,328.32,252.21428571428572
223,338.96,255.66666666666663
223,338.96,258.5576923076923
210,319.2,232.26086956521735
223,338.96,245.5625
216,328.32,252.36363636363637
216,328.32,241.35185185185185
219,332.88,251.8181818181818
217,329.84000000000003,251.3809523809524
218,331.36,245.76923076923077
216,328.32,249.33333333333337
213,323.76,244.6875
217,329.84000000000003,245.52083333333337
206,313.12,231.92
219,332.88,242.6034482758621
225,342,250.80645161290323
219,332.88,265.225
216,328.32,239.52941176470588
221,335.92,245.53225806451613
213,323.76,237.5
217,329.84000000000003,261
217,329.84000000000003,259.10526315789474
213,323.76,238.78571428571428
214,325.28000000000003,256
216,328.32,240
218,331.36,258.0238095238095
202,307.04,217.68
217,329.84000000000003,263.02272727272725
214,325.28000000000003,243.4
219,332.88,257.5208333333333
223,338.96,273.0869565217391
208,316.16,241.06521739130432
214,325.28000000000003,243.76086956521735
213,323.76,236.55769230769232
218,331.36,284.69444444444446
210,319.2,235.52083333333337
212,322.24,236
222,337.44,252.41379310344828
210,319.2,238.9
217,329.84000000000003,274.6
214,325.28000000000003,252.20454545454544
219,332.88,252.62
222,337.44,249.58620689655172
218,331.36,254.54347826086956
216,328.32,256.0263157894737
210,319.2,233.12
220,334.4,281.3611111111111
209,317.68,255.69444444444449
214,325.28000000000003,238.92307692307693
219,332.88,248.25
216,328.32,251.55769230769232
217,329.84000000000003,257.19565217391306
206,313.12,240.225
223,338.96,255
213,323.76,242.6296296296296
214,325.28000000000003,240.32692307692307
214,325.28000000000003,245.3913043478261
217,329.84000000000003,265
222,337.44,257.0208333333333
220,334.4,251.5
218,331.36,249.6875
212,322.24,254.025
215,326.8,236.6
215,326.8,250.28
216,328.32,276.5
212,322.24,258.69444444444446
217,329.84000000000003,253.54347826086956
208,316.16,255.53125
215,326.8,239.44642857142856
217,329.84000000000003,235.01470588235293
224,340.48,253.6296296296296
215,326.8,263.4
220,334.4,253.62
219,332.88,273.3478260869565
227,345.04,267.3333333333333
219,332.88,257.0952380952381
222,337.44,258.1607142857143
225,342,253.57142857142856
212,322.24,243.6875
222,337.44,255.0178571428571
217,329.84000000000003,253.75
207,314.64,234.38
218,331.36,258.19565217391306
213,323.76,237.5
219,332.88,285.69444444444446
218,331.36,238.9032258064516
214,325.28000000000003,254.02380952380952
220,334.4,258.5208333333333
222,337.44,248.265625
219,332.88,291.9
218,331.36,252.5681818181818
228,346.56,261.75
208,316.16,250.25
221,335.92,249.01666666666665
220,334.4,273.77777777777777
210,319.2,238.88
219,332.88,247.88
219,332.88,250.1296296296296
223,338.96,252.4
222,337.44,251.6296296296296
224,340.48,255.2258064516129
222,337.44,288.69444444444446
215,326.8,242
215,326.8,239.8965517241379
216,328.32,240
213,323.76,236.1428571428571
211,320.72,240.16666666666663
214,325.28000000000003,233.26666666666665
212,322.24,232.41666666666663
213,323.76,249.54347826086956
211,320.72,231.45454545454544
221,335.92,265
223,338.96,259.1607142857143
211,320.72,237.32692307692307
222,337.44,246.06666666666663
209,317.68,236.76923076923077
219,332.88,249.0178571428571
216,328.32,244.57142857142856
207,314.64,232.28947368421052
211,320.72,260
222,337.44,260.3478260869565
220,334.4,255.02083333333337
225,342,265.0909090909091
215,326.8,238.55769230769232
213,323.76,251.52083333333337
217,329.84000000000003,265.2142857142857
218,331.36,238.6428571428571
213,323.76,240.16071428571428
220,334.4,262.0869565217391
214,325.28000000000003,239.1304347826087
220,334.4,258.72
216,328.32,248
212,322.24,264.53125
200,304,249.84615384615384
213,323.76,234.40740740740745
218,331.36,248.76923076923077
220,334.4,281.3611111111111
215,326.8,253.20454545454544
213,323.76,267.38235294117646
214,325.28000000000003,234.74242424242425
207,314.64,253.225
226,343.52,253.5625
206,313.12,235.16666666666663
216,328.32,236.74242424242425
212,322.24,233.40740740740745
224,340.48,274.20454545454544
214,325.28000000000003,238.5
215,326.8,242.8409090909091
211,320.72,243
215,326.8,238.1428571428571
211,320.72,244.06521739130432
214,325.28000000000003,248.7826086956522
201,305.52,221.02083333333337
216,328.32,262.225
224,340.48,256
209,317.68,225.5689655172414
211,320.72,235.5
212,322.24,254.1052631578947
213,323.76,237.5
211,320.72,235.44642857142856
212,322.24,268.0333333333333
219,332.88,243.24242424242425
214,325.28000000000003,238.08333333333337
215,326.8,257
217,329.84000000000003,257.6923076923077
214,325.28000000000003,260.02272727272725
215,326.8,269.85714285714283
221,335.92,265.02173913043475
213,323.76,237
208,316.16,242.225
220,334.4,246.22413793103448
216,328.32,270.5681818181818
209,317.68,239.08333333333337
216,328.32,241.35185185185185
213,323.76,262
217,329.84000000000003,255.0952380952381
211,320.72,234.1428571428571
210,319.2,238.17391304347825
212,322.24,240.88
220,334.4,247.76923076923077
225,342,269.64285714285717
218,331.36,250.3269230769231
221,335.92,246.35185185185185
210,319.2,232.6851851851852
224,340.48,258.91379310344826
217,329.84000000000003,251.7826086956522
217,329.84000000000003,240.6034482758621
217,329.84000000000003,261.02173913043475
210,319.2,252.25
216,328.32,240
218,331.36,256.3478260869565
208,316.16,224.51612903225805
218,331.36,264.0952380952381
218,331.36,251.62
207,314.64,227.48
224,340.48,248.8965517241379
211,320.72,240.76086956521735
215,326.8,263.2142857142857
213,323.76,245.4
217,329.84000000000003,238.40740740740745
211,320.72,237.32692307692307
212,322.24,254
221,335.92,247.22413793103448
218,331.36,243.78571428571428
223,338.96,250.16071428571428
223,338.96,251.98275862068965
219,332.88,267.4
213,323.76,245
214,325.28000000000003,244.76923076923077
211,320.72,243.8181818181818
217,329.84000000000003,251.5681818181818
227,345.04,273.08
221,335.92,244.1428571428571
217,329.84000000000003,245.88
214,325.28000000000003,266.9
215,326.8,253.34782608695653
222,337.44,268.0952380952381
223,338.96,254.5
207,314.64,241.1052631578947
219,332.88,257.5208333333333
218,331.36,262.0833333333333
221,335.92,252.6875
218,331.36,258.6923076923077
217,329.84000000000003,261
213,323.76,242.45454545454544
215,326.8,247
208,316.16,248.0263157894737
220,334.4,250.0178571428571
224,340.48,266.0869565217391
217,329.84000000000003,289.32142857142856
219,332.88,251.3269230769231
217,329.84000000000003,261
212,322.24,245.06521739130432
215,326.8,238.55769230769232
215,326.8,251.75
219,332.88,245.74074074074073
213,323.76,243.42
214,325.28000000000003,256
218,331.36,258.0238095238095
207,314.64,220.140625
210,319.2,232.23076923076923
220,334.4,250.42
214,325.28000000000003,238.92307692307693
216,328.32,252.36363636363637
226,343.52,257.1296296296296
219,332.88,248.45454545454544
221,335.92,261.19565217391306
211,320.72,237.6304347826087
209,317.68,230.78
214,325.28000000000003,250.36363636363637
217,329.84000000000003,249.66666666666663
215,326.8,246.5
214,325.28000000000003,233.44642857142856
222,337.44,247.35
213,323.76,239.22413793103448
222,337.44,266.0238095238095
215,326.8,251.54347826086956
215,326.8,245.76923076923077
217,329.84000000000003,265.2142857142857
215,326.8,245.625
219,332.88,265.0952380952381
221,335.92,247.22413793103448
218,331.36,242.44642857142856
223,338.96,244.875
209,317.68,237.17391304347825
215,326.8,240.92
211,320.72,232.78
215,326.8,261.225
222,337.44,252.42
221,335.92,241.41666666666663
212,322.24,244
219,332.88,247.57142857142856
220,334.4,249.4
221,335.92,267.0208333333333
216,328.32,240.8965517241379
220,334.4,243.765625
215,326.8,231.5142857142857
211,320.72,228.6551724137931
210,319.2,236.27272727272728
224,340.48,268
213,323.76,242.25
215,326.8,243.16666666666663
210,319.2,228.28571428571428
223,338.96,273.3809523809524
217,329.84000000000003,253.36363636363637
220,334.4,252.3269230769231
218,331.36,260
219,332.88,247.57142857142856
219,332.88,269.3809523809524
219,332.88,255.54347826086956
221,335.92,278.1666666666667
226,343.52,259.9230769230769
219,332.88,247.16666666666663
214,325.28000000000003,239.35185185185185
219,332.88,257.20454545454544
223,338.96,254.1296296296296
221,335.92,261.3333333333333
216,328.32,274.77777777777777
219,332.88,246.58620689655172
210,319.2,238.17391304347825
218,331.36,246.57142857142856
222,337.44,243.1206896551724
220,334.4,245.80645161290323
221,335.92,251.76923076923077
222,337.44,251.25
221,335.92,252.5
217,329.84000000000003,245.17391304347825
209,317.68,251.1052631578947
216,328.32,266.20454545454544
212,322.24,248.54347826086956
207,314.64,247.0263157894737
219,332.88,259.5
219,332.88,249.41379310344828
209,317.68,242.06521739130432
218,331.36,239.875
210,319.2,246.54347826086956
208,316.16,233.92857142857144
214,325.28000000000003,243.25
218,331.36,262.18
220,334.4,250.42
218,331.36,260.025
219,332.88,257.3478260869565
216,328.32,268.9
208,316.16,246
221,335.92,250.76086956521735
216,328.32,248
216,328.32,251.28
219,332.88,249.76923076923077
221,335.92,251.41379310344828
210,319.2,259
217,329.84000000000003,265.02173913043475
213,323.76,238.52083333333337
217,329.84000000000003,234.56451612903223
220,334.4,253.0178571428571
221,335.92,265.18
225,342,269
214,325.28000000000003,248.7826086956522
220,334.4,255.85185185185185
214,325.28000000000003,247.9230769230769
221,335.92,254.62
217,329.84000000000003,244.58620689655172
220,334.4,260.3333333333333
220,334.4,246.22413793103448
220,334.4,257.2307692307692
213,323.76,253.0909090909091
216,328.32,241.80645161290323
216,328.32,237.1206896551724
222,337.44,272.625
216,328.32,243.76923076923077
216,328.32,243.76923076923077
216,328.32,241.35185185185185
215,326.8,233.96296296296296
219,332.88,257.5208333333333
221,335.92,243.6851851851852
209,317.68,228.22
220,334.4,248.01666666666665
226,343.52,268.1875
215,326.8,239
218,331.36,246.17391304347825
220,334.4,252.66666666666663
224,340.48,254.41379310344828
222,337.44,252.81666666666663
217,329.84000000000003,248.8793103448276
224,340.48,278.5681818181818
221,335.92,253
215,326.8,281.125
217,329.84000000000003,263.02272727272725
215,326.8,251.98
211,320.72,241.625
210,319.2,246.1
218,331.36,264.02272727272725
214,325.28000000000003,238
223,338.96,255.66666666666663
214,325.28000000000003,252.025
208,316.16,238.8571428571429
217,329.84000000000003,265.2142857142857
219,332.88,246.76923076923077
215,326.8,236.1206896551724
219,332.88,254.55769230769232
216,328.32,248.8181818181818
207,314.64,237.625
229,348.08,266.2307692307692
214,325.28000000000003,239.52083333333337
209,317.68,243.5681818181818
219,332.88,254.85185185185185
222,337.44,260.20454545454544
215,326.8,236.1206896551724
227,345.04,267.9074074074074
217,329.84000000000003,255.34782608695653
218,331.36,264.08
216,328.32,245.76086956521735
218,331.36,266.4
217,329.84000000000003,247.41379310344828
211,320.72,307.1538461538462
219,332.88,241.0806451612903
204,310.08,233.16666666666663
215,326.8,237.3448275862069
212,322.24,237.92857142857144
215,326.8,241.22413793103448
220,334.4,251.5
214,325.28000000000003,247.06521739130432
217,329.84000000000003,261.1
217,329.84000000000003,257.0909090909091
222,337.44,257.0208333333333
213,323.76,253.02380952380952
223,338.96,271.2142857142857
216,328.32,254.72
221,335.92,277.3333333333333
221,335.92,261.5
217,329.84000000000003,272.225
225,342,258.01785714285717
213,323.76,249.36363636363637
220,334.4,256.54347826086956
221,335.92,256.0208333333333
223,338.96,246.29032258064515
220,334.4,256.54347826086956
217,329.84000000000003,248.6875
212,322.24,225.140625
213,323.76,245
208,316.16,232.92307692307693
215,326.8,253.34782608695653
213,323.76,234.78
213,323.76,246.06521739130432
217,329.84000000000003,241.92307692307693
215,326.8,243.88
215,326.8,232.6551724137931
219,332.88,253.24074074074073
214,325.28000000000003,241.38
225,342,275.20454545454544
219,332.88,242.6034482758621
217,329.84000000000003,240.29032258064515
221,335.92,271.3809523809524
226,343.52,272.0208333333333
224,340.48,264.6923076923077
218,331.36,246.98275862068965
220,334.4,256.54347826086956
223,338.96,261.72
216,328.32,248.3269230769231
219,332.88,243.06666666666663
214,325.28000000000003,242.52083333333337
216,328.32,252.21428571428572
219,332.88,247.88
212,322.24,252.02380952380952
209,317.68,230.40740740740745
222,337.44,246.06666666666663
215,326.8,251.21428571428572
217,329.84000000000003,271.38235294117646
209,317.68,235.6304347826087
222,337.44,243.390625
219,332.88,251.3269230769231
221,335.92,243.5625
226,343.52,266.5
218,331.36,269.3611111111111
219,332.88,255.36363636363637
221,335.92,271.625
211,320.72,240.76086956521735
216,328.32,269.2894736842105
212,322.24,237.92
220,334.4,253.3793103448276
218,331.36,253.28
217,329.84000000000003,257.3333333333333
211,320.72,247.36363636363637
212,322.24,265.3333333333333
215,326.8,251.98
217,329.84000000000003,257.6923076923077
216,328.32,237.40740740740745
218,331.36,260.0869565217391
212,322.24,252.19565217391303
213,323.76,239.32692307692307
219,332.88,249.76923076923077
213,323.76,245.4
214,325.28000000000003,245.6875
213,323.76,243.42
215,326.8,259.7352941176471
218,331.36,253.02083333333337
214,325.28000000000003,248.3809523809524
213,323.76,251
216,328.32,239.55769230769232
216,328.32,250.5681818181818
214,325.28000000000003,262.6578947368421
219,332.88,254.02083333333337
210,319.2,237.38
221,335.92,246.35185185185185
215,326.8,248.33333333333337
214,325.28000000000003,247.06521739130432
218,331.36,256.72
211,320.72,245.3809523809524
218,331.36,246.52083333333337
214,325.28000000000003,247.06521739130432
216,328.32,243.16071428571428
218,331.36,271.77777777777777
215,326.8,253.34782608695653
213,323.76,261.4
221,335.92,251.08333333333337
221,335.92,255.57142857142856
219,332.88,277.13157894736844
214,325.28000000000003,240.6304347826087
212,322.24,242.08333333333337
213,323.76,255.025
220,334.4,244.8965517241379
220,334.4,252.3269230769231
215,326.8,259.2368421052632
213,323.76,232.26666666666665
213,323.76,245.8181818181818
219,332.88,259.0909090909091
215,326.8,251.21428571428572
215,326.8,255
220,334.4,244.06666666666663
219,332.88,252.33333333333337
212,322.24,236.92307692307693
221,335.92,247.66666666666663
220,334.4,262.1875
220,334.4,250.81666666666663
222,337.44,264.32
218,331.36,253.28
214,325.28000000000003,250.54347826086956
219,332.88,248.25
227,345.04,279.3636363636364
216,328.32,250.225
218,331.36,250.66666666666663
221,335.92,254.9230769230769
215,326.8,271.25
215,326.8,253.20454545454544
219,332.88,254.28
217,329.84000000000003,242.78571428571428
213,323.76,240.38
220,334.4,266.0952380952381
220,334.4,255.28
216,328.32,252.75
223,338.96,263.19565217391306
213,323.76,249.54347826086956
222,337.44,262.5
202,307.04,221.69230769230768
207,314.64,238.11363636363637
214,325.28000000000003,246
207,314.64,228.78
216,328.32,236.94230769230768
206,313.12,234.17391304347825
220,334.4,262.02272727272725
217,329.84000000000003,248.6875
219,332.88,250.6875
214,325.28000000000003,256.025
212,322.24,243.6875
206,313.12,232.27272727272728
218,331.36,247.25
211,320.72,260.44117647058823
221,335.92,249.57142857142856
223,338.96,251.01666666666665
223,338.96,291.4473684210526
209,317.68,232.27272727272728
217,329.84000000000003,248.11363636363637
211,320.72,245.3809523809524
213,323.76,234.875
218,331.36,248.0178571428571
213,323.76,246.06521739130432
221,335.92,256.28
213,323.76,238.52083333333337
218,331.36,248.08333333333337
213,323.76,240.38
212,322.24,230.96296296296296
210,319.2,248
213,323.76,242.25
218,331.36,245.76923076923077
219,332.88,263.1
224,340.48,258.24074074074076
224,340.48,263.18518518518516
214,325.28000000000003,240.6304347826087
220,334.4,235.5151515151515
214,325.28000000000003,243.25
219,332.88,255.36363636363637
217,329.84000000000003,241.44642857142856
214,325.28000000000003,239.92
210,319.2,239.16666666666663
212,322.24,230.15
224,340.48,256.3269230769231
211,320.72,234.55769230769232
226,343.52,261.5576923076923
222,337.44,252.41379310344828
223,338.96,282.5238095238095
218,331.36,266.02173913043475
209,317.68,247.025
215,326.8,240
214,325.28000000000003,265.88235294117646
213,323.76,236.12
216,328.32,258
214,325.28000000000003,247.06521739130432
217,329.84000000000003,246.76086956521735
223,338.96,271.02173913043475
217,329.84000000000003,265.02173913043475
209,317.68,231.6851851851852
221,335.92,265.0833333333333
216,328.32,248.8181818181818
215,326.8,238.12
219,332.88,257.3478260869565
218,331.36,262.0238095238095
225,342,269.18
214,325.28000000000003,252.20454545454544
218,331.36,241.1428571428571
226,343.52,262.98
212,322.24,246.7826086956522
214,325.28000000000003,236.23076923076923
215,326.8,250.02083333333337
211,320.72,242.1296296296296
225,342,259.57142857142856
211,320.72,236.92
210,319.2,256.42105263157896
208,316.16,233.92
216,328.32,245.25
208,316.16,236.9
213,323.76,262.44117647058823
217,329.84000000000003,253.54347826086956
213,323.76,263.625
221,335.92,265.18
219,332.88,252.62
214,325.28000000000003,234.16666666666663
216,328.32,245.25
218,331.36,264.0952380952381
221,335.92,251.0178571428571
213,323.76,233.41666666666663
216,328.32,242.74074074074073
230,349.6,282
214,325.28000000000003,245.5
216,328.32,291.57142857142856
221,335.92,252.1296296296296
215,326.8,238.765625
218,331.36,250.66666666666663
214,325.28000000000003,232.5606060606061
222,337.44,262.0909090909091
217,329.84000000000003,251.7826086956522
212,322.24,234.3448275862069
212,322.24,242.42105263157896
210,319.2,246.1
211,320.72,241.42
216,328.32,240.92307692307693
215,326.8,245.625
215,326.8,249.3809523809524
224,340.48,264.6923076923077
210,319.2,246.0263157894737
216,328.32,246.76923076923077
217,329.84000000000003,255.20454545454544
203,308.56,235.4
212,322.24,240.88
224,340.48,272.0909090909091
214,325.28000000000003,248.3809523809524
221,335.92,242.87878787878788
216,328.32,245.6296296296296
224,340.48,255.8793103448276
211,320.72,247.1
212,322.24,234.3448275862069
206,313.12,233.38
211,320.72,245.3809523809524
218,331.36,242
210,319.2,226.01666666666665
225,342,271.08
215,326.8,249.7826086956522
221,335.92,256.28
217,329.84000000000003,250.33333333333337
217,329.84000000000003,251.5681818181818
223,338.96,263.19565217391306
220,334.4,266.08
218,331.36,248.08333333333337
208,316.16,246.025
216,328.32,262.02272727272725
216,328.32,286.225
218,331.36,256.3478260869565
226,343.52,268.6666666666667
219,332.88,288.03125
225,342,265.19565217391306
212,322.24,262.9473684210526
215,326.8,248.06521739130432
217,329.84000000000003,240.55769230769232
224,340.48,264.3333333333333
215,326.8,270.225
212,322.24,246.7826086956522
218,331.36,268.0869565217391
218,331.36,256.72
215,326.8,244.76086956521735
222,337.44,286
220,334.4,249.76086956521735
218,331.36,268.9473684210526
223,338.96,255.66129032258064
212,322.24,236.5
215,326.8,241.22413793103448
221,335.92,263.02272727272725
216,328.32,243
212,322.24,252.02380952380952
218,331.36,240.0806451612903
211,320.72,242.11363636363637
224,340.48,255.8793103448276
217,329.84000000000003,242.92
222,337.44,249.16071428571428
213,323.76,237
211,320.72,237.32692307692307
213,323.76,238.92
215,326.8,255.19565217391303
219,332.88,253.5681818181818
211,320.72,243.8181818181818
207,314.64,233.27272727272728
216,328.32,245.76086956521735
217,329.84000000000003,247.76923076923077
219,332.88,254.02083333333337
212,322.24,225.140625
212,322.24,237.35185185185185
219,332.88,247.98275862068965
213,323.76,237.8965517241379
216,328.32,254.72
209,317.68,240.3913043478261
210,319.2,248
221,335.92,282.3611111111111
228,346.56,276.02173913043475
212,322.24,248.54347826086956
213,323.76,239.74074074074073
215,326.8,245.0178571428571
218,331.36,254.21428571428572
222,337.44,255.9230769230769
211,320.72,242.6875
215,326.8,243.52083333333337
224,340.48,259.5576923076923
211,320.72,229.96296296296296
223,338.96,258.28
209,317.68,232.12
208,316.16,252.23684210526315
215,326.8,253.0952380952381
206,313.12,237.11363636363637
212,322.24,250.025
220,334.4,264.0833333333333
218,331.36,260
214,325.28000000000003,256.10526315789474
217,329.84000000000003,245.57142857142856
213,323.76,235.81666666666663
220,334.4,262.1875
212,322.24,234.6851851851852
220,334.4,245.80645161290323
214,325.28000000000003,227.63636363636363
211,320.72,233.26086956521735
224,340.48,274.0208333333333
216,328.32,240.92307692307693
215,326.8,259.1
214,325.28000000000003,252.0952380952381
217,329.84000000000003,241
216,328.32,271.225
212,322.24,267.125
216,328.32,252.54347826086956
221,335.92,237.51612903225805
219,332.88,263.1
215,326.8,242.76923076923077
205,311.6,247
221,335.92,273.3636363636364
220,334.4,258.3478260869565
208,316.16,226.28571428571428
213,323.76,239.66666666666663
217,329.84000000000003,253.75
222,337.44,257.28
221,335.92,257.75
211,320.72,247.21428571428572
204,310.08,225.875
219,332.88,265.0952380952381
216,328.32,256.0238095238095
218,331.36,239.1206896551724
218,331.36,246.57142857142856
218,331.36,268.20454545454544
220,334.4,245.35185185185185
222,337.44,262.0909090909091
211,320.72,247.1
216,328.32,236.6428571428571
214,325.28000000000003,233.75806451612905
219,332.88,254.02083333333337
221,335.92,252.1296296296296
217,329.84000000000003,240.6034482758621
220,334.4,247.58620689655172
216,328.32,249.06521739130432
216,328.32,244.16666666666663
221,335.92,254.0178571428571
212,322.24,247.02083333333337
218,331.36,238.9032258064516
220,334.4,278.77777777777777
208,316.16,240.4
219,332.88,238.63636363636363
213,323.76,240.5625
220,334.4,281.3611111111111
208,316.16,244.02941176470588
217,329.84000000000003,247.42
216,328.32,246.42
210,319.2,242.8181818181818
211,320.72,229.28571428571428
215,326.8,247.3269230769231
222,337.44,256.7826086956522
215,326.8,251.21428571428572
218,331.36,256.20454545454544
209,317.68,237.9
211,320.72,253
212,322.24,227.5151515151515
211,320.72,258.53125
212,322.24,252.02380952380952
209,317.68,230.33333333333337
223,338.96,260.2307692307692
209,317.68,245.21428571428572
215,326.8,253.52083333333337
210,319.2,232.6851851851852
225,342,261.98
215,326.8,259.1
220,334.4,253.9230769230769
220,334.4,250.76923076923077
215,326.8,248.62
216,328.32,246.08333333333337
221,335.92,258.5
218,331.36,251.9230769230769
218,331.36,264.02272727272725
217,329.84000000000003,253.54347826086956
214,325.28000000000003,239.92
208,316.16,239.11363636363637
212,322.24,243.3913043478261
221,335.92,248.16071428571428
225,342,253.98275862068965
225,342,271
217,329.84000000000003,261.0238095238095
223,338.96,246.6034482758621
213,323.76,247.3809523809524
212,322.24,242.42
212,322.24,237.35185185185185
212,322.24,237.92
214,325.28000000000003,265.88235294117646
215,326.8,255.0909090909091
222,337.44,248.265625
220,334.4,272.9
216,328.32,246.08333333333337
213,323.76,255.025
217,329.84000000000003,255.52083333333337
217,329.84000000000003,242.80645161290323
219,332.88,252.9230769230769
208,316.16,248.0909090909091
212,322.24,241.76086956521735
209,317.68,226.30769230769232
212,322.24,242.42
221,335.92,246.78571428571428
221,335.92,265.02173913043475
217,329.84000000000003,243.6304347826087
218,331.36,252.3809523809524
213,323.76,259.0952380952381
218,331.36,250.3269230769231
214,325.28000000000003,232.96296296296296
212,322.24,264.53125
218,331.36,264.02272727272725
222,337.44,248.66666666666663
220,334.4,255.28
220,334.4,253.06521739130432
222,337.44,253.5
216,328.32,260.0238095238095
218,331.36,262
218,331.36,231.63636363636363
213,323.76,245.66666666666663
220,334.4,268.0909090909091
206,313.12,246
211,320.72,244.33333333333337
205,311.6,266.53846153846155
212,322.24,245.62
215,326.8,257.10526315789474
217,329.84000000000003,250.33333333333337
216,328.32,258.02272727272725
214,325.28000000000003,258.02173913043475
212,322.24,239.52380952380952
220,334.4,253.06521739130432
215,326.8,248.62
216,328.32,236.9032258064516
212,322.24,258.225
221,335.92,243.5625
214,325.28000000000003,246.4
218,331.36,253.28
215,326.8,248.62
215,326.8,232.56451612903223
215,326.8,253.0952380952381
221,335.92,253
216,328.32,258.47058823529414
214,325.28000000000003,240.74074074074073
213,323.76,231.6451612903226
217,329.84000000000003,252.55769230769232
221,335.92,265.0238095238095
226,343.52,266.3333333333333
212,322.24,234.6875
216,328.32,249.9230769230769
215,326.8,255
215,326.8,250.28
215,326.8,234.9310344827586
220,334.4,270.625
217,329.84000000000003,235.96296296296296
215,326.8,270.125
219,332.88,241.81666666666663
208,316.16,241.06521739130432
222,337.44,275.2894736842105
215,326.8,248.33333333333337
213,323.76,237.44642857142856
213,323.76,242.45454545454544
208,316.16,228.6428571428571
217,329.84000000000003,247.76923076923077
221,335.92,265
216,328.32,262.02272727272725
223,338.96,271.02173913043475
209,317.68,239.8571428571429
220,334.4,266.0952380952381
217,329.84000000000003,251.3809523809524
218,331.36,279.3611111111111
217,329.84000000000003,259.0869565217391
218,331.36,249.6875
213,323.76,227.0625
216,328.32,252.75
214,325.28000000000003,238.92307692307693
210,319.2,244.3809523809524
216,328.32,260.2368421052632
216,328.32,246.0178571428571
220,334.4,256.1607142857143
222,337.44,250.98275862068965
218,331.36,258.0909090909091
215,326.8,236.1206896551724
218,331.36,264.0952380952381
213,323.76,247.7826086956522
215,326.8,246.5
218,331.36,253.02083333333337
219,332.88,288.44444444444446
209,317.68,239.08333333333337
212,322.24,248.36363636363637
219,332.88,247.88
207,314.64,231.75
212,322.24,229.6551724137931
222,337.44,246.53225806451613
216,328.32,246.08333333333337
217,329.84000000000003,243.74074074074073
218,331.36,274.8181818181818
218,331.36,254.54347826086956
217,329.84000000000003,252.02083333333337
216,328.32,275.55882352941177
216,328.32,247.3913043478261
210,319.2,236.32692307692307
221,335.92,256.28
218,331.36,270.3636363636364
214,325.28000000000003,262.6578947368421
213,323.76,269.0333333333333
215,326.8,248.0178571428571
215,326.8,255
216,328.32,260.0238095238095
217,329.84000000000003,244.76923076923077
206,313.12,230.025
217,329.84000000000003,249.66666666666663
221,335.92,253.66666666666663
215,326.8,253.34782608695653
221,335.92,245.8965517241379
206,313.12,237.3913043478261
219,332.88,252.0178571428571
216,328.32,248.8181818181818
215,326.8,251.54347826086956
218,331.36,248.42
222,337.44,274.3636363636364
223,338.96,267
222,337.44,256.24074074074076
221,335.92,245.06666666666663
213,323.76,249.1
215,326.8,250.55769230769232
223,338.96,263.5
215,326.8,244.25
211,320.72,251.11111111111111
223,338.96,262.7241379310345
218,331.36,238.41666666666663
211,320.72,259.2142857142857
214,325.28000000000003,248.7826086956522
213,323.76,241.16666666666663
223,338.96,248.80645161290323
216,328.32,237.40740740740745
210,319.2,250.0909090909091
214,325.28000000000003,240.74074074074073
220,334.4,246.74074074074073
208,316.16,260.53125
216,328.32,267.88235294117646
218,331.36,253.02083333333337
219,332.88,248.25
225,342,265.0909090909091
220,334.4,245.35
223,338.96,252.25
216,328.32,262.0952380952381
218,331.36,250
213,323.76,250.23076923076923
210,319.2,242.5952380952381
216,328.32,260.1
220,334.4,256.75
215,326.8,232.5151515151515
216,328.32,256.0909090909091
216,328.32,240.92307692307693
221,335.92,258.2307692307692
218,331.36,242.92307692307693
206,313.12,242.36363636363637
220,334.4,243.29032258064515
211,320.72,235.5
220,334.4,252.3269230769231
208,316.16,239.6875
220,334.4,238.0625
221,335.92,256.85185185185185
224,340.48,257.01785714285717
215,326.8,246.3913043478261
228,346.56,266.7258064516129
214,325.28000000000003,234.41666666666663
215,326.8,238.6034482758621
216,328.32,252.36363636363637
213,323.76,234.875
221,335.92,255.7826086956522
216,328.32,266.625
208,316.16,248.11111111111111
215,326.8,236.6
214,325.28000000000003,247.33333333333337
223,338.96,263.3333333333333
219,332.88,251.26666666666665
220,334.4,248.57142857142856
220,334.4,254.24074074074073
218,331.36,256.0952380952381
220,334.4,258.5208333333333
222,337.44,250.98275862068965
220,334.4,245.92
217,329.84000000000003,255.34782608695653
217,329.84000000000003,244.58620689655172
217,329.84000000000003,255.20454545454544
216,328.32,252.36363636363637
216,328.32,247.3913043478261
216,328.32,256.19565217391306
207,314.64,229.3448275862069
224,340.48,248.06666666666663
210,319.2,248.52083333333337
214,325.28000000000003,247.06521739130432
202,307.04,232.08333333333337
219,332.88,267.2142857142857
218,331.36,250.8181818181818
217,329.84000000000003,257.19565217391306
222,337.44,268.08
213,323.76,238.35185185185185
214,325.28000000000003,237.55769230769232
217,329.84000000000003,244.76923076923077
216,328.32,234.96296296296296
214,325.28000000000003,237.67391304347825
217,329.84000000000003,277.5
215,326.8,248.06521739130432
215,326.8,247.8181818181818
223,338.96,259.54347826086956
226,343.52,278.9
214,325.28000000000003,246
209,317.68,236.8409090909091
212,322.24,237.92
219,332.88,257.3478260869565
218,331.36,255.23076923076923
209,317.68,267.77777777777777
222,337.44,249.16071428571428
224,340.48,250.22413793103448
215,326.8,240.35185185185185
217,329.84000000000003,243.22413793103448
217,329.84000000000003,259.025
223,338.96,265.1875
215,326.8,252.23076923076923
218,331.36,260.0869565217391
216,328.32,243.38
217,329.84000000000003,236.55714285714285
216,328.32,240.8965517241379
219,332.88,269.9473684210526
213,323.76,241.16666666666663
222,337.44,242.9032258064516
216,328.32,243.38
222,337.44,266.02173913043475
215,326.8,245.76923076923077
209,317.68,258
220,334.4,255.28
213,323.76,262.44117647058823
213,323.76,236.55769230769232
210,319.2,254.02380952380952
222,337.44,264.32
221,335.92,255.7826086956522
223,338.96,263.3333333333333
216,328.32,264.2142857142857
218,331.36,251.33333333333337
225,342,271.0208333333333
219,332.88,275.8181818181818
213,323.76,253.0909090909091
215,326.8,248.33333333333337
217,329.84000000000003,251.7826086956522
210,319.2,242.8181818181818
210,319.2,239.6296296296296
213,323.76,239.74074074074073
219,332.88,261.0869565217391
207,314.64,241.5681818181818
213,323.76,255
216,328.32,262.225
224,340.48,248.53225806451613
217,329.84000000000003,264.05882352941177
208,316.16,231.55769230769232
214,325.28000000000003,237.6034482758621
217,329.84000000000003,240.1428571428571
218,331.36,256.3478260869565
209,317.68,234.92
219,332.88,249.08333333333337
222,337.44,272.3809523809524
219,332.88,254.02083333333337
217,329.84000000000003,246.25
222,337.44,244.0806451612903
219,332.88,271.3636363636364
220,334.4,277.6
208,316.16,232.08333333333337
217,329.84000000000003,250.06521739130432
221,335.92,282.45454545454544
215,326.8,251.21428571428572
219,332.88,259.0909090909091
211,320.72,228.16071428571428
223,338.96,255.26666666666665
210,319.2,232.23076923076923
212,322.24,243.3913043478261
214,325.28000000000003,245.3913043478261
214,325.28000000000003,256.025
217,329.84000000000003,238.875
213,323.76,246.33333333333337
223,338.96,275.0833333333333
214,325.28000000000003,243.6296296296296
225,342,263.72
215,326.8,259.2368421052632
231,351.12,281.0192307692308
216,328.32,249.62
218,331.36,247.25
220,334.4,247.58620689655172
216,328.32,240.8965517241379
225,342,267.02272727272725
223,338.96,251.01666666666665
212,322.24,238.32692307692307
217,329.84000000000003,259.025
215,326.8,233.5606060606061
210,319.2,227.7962962962963
217,329.84000000000003,257.19565217391306
223,338.96,255
222,337.44,260.20454545454544
219,332.88,246.38
215,326.8,253.72
217,329.84000000000003,243.74074074074073
223,338.96,248
221,335.92,292.1578947368421
211,320.72,245.225
213,323.76,259.0952380952381
218,331.36,249.5
214,325.28000000000003,242.17391304347825
208,316.16,246.025
219,332.88,259.0909090909091
223,338.96,261.9423076923077
211,320.72,242.6875
217,329.84000000000003,244.76923076923077
218,331.36,248.0178571428571
223,338.96,259.98
219,332.88,248.6296296296296
220,334.4,256.98
215,326.8,248.9230769230769
218,331.36,237.63636363636363
218,331.36,248.42
209,317.68,245.21428571428572
213,323.76,236.55769230769232
207,314.64,229.6875
209,317.68,249
222,337.44,270.2142857142857
216,328.32,234.01470588235293
213,323.76,237.08333333333337
230,349.6,263.0625
218,331.36,308.1333333333333
212,322.24,231.9310344827586
218,331.36,249.1296296296296
210,319.2,252
226,343.52,262.1607142857143
215,326.8,246.5
217,329.84000000000003,251.3809523809524
216,328.32,264.2142857142857
213,323.76,253.33333333333337
214,325.28000000000003,260.225
214,325.28000000000003,237.55769230769232
211,320.72,253.1052631578947
214,325.28000000000003,231.16071428571428
211,320.72,235.92307692307693
227,345.04,264.7857142857143
218,331.36,244.32692307692307
219,332.88,246.5625
218,331.36,240.5625
221,335.92,277.25
213,323.76,244.6875
222,337.44,254.3269230769231
216,328.32,233.7962962962963
215,326.8,246.6875
209,317.68,265.0333333333333
216,328.32,279.28125
226,343.52,263.7857142857143
212,322.24,234.3448275862069
219,332.88,244.92
220,334.4,268.6578947368421
209,317.68,243.1052631578947
213,323.76,237.8965517241379
215,326.8,240.78571428571428
214,325.28000000000003,243.45454545454544
223,338.96,246.29032258064515
211,320.72,253.1052631578947
216,328.32,237.6
221,335.92,245.24242424242425
212,322.24,239.76923076923077
212,322.24,245.06521739130432
222,337.44,245.29032258064515
214,325.28000000000003,234.94230769230768
217,329.84000000000003,240.6034482758621
216,328.32,234.15
212,322.24,248.36363636363637
218,331.36,249.11363636363637
220,334.4,264.46296296296293
218,331.36,277.55882352941177
222,337.44,262.3333333333333
218,331.36,254.36363636363637
216,328.32,262.02272727272725
223,338.96,261.72
216,328.32,244.16666666666663
205,311.6,251.69444444444449
215,326.8,233.15
217,329.84000000000003,239.3448275862069
209,317.68,230.1206896551724
222,337.44,246.44642857142856
211,320.72,232.1206896551724
214,325.28000000000003,256.10526315789474
215,326.8,261.42105263157896
215,326.8,236.6
214,325.28000000000003,269.125
215,326.8,248.62
218,331.36,245.58620689655172
215,326.8,244.76086956521735
214,325.28000000000003,260.42105263157896
223,338.96,258.0208333333333
220,334.4,252.3269230769231
213,323.76,246.33333333333337
218,331.36,250.66666666666663
219,332.88,254.02083333333337
206,313.12,240.1052631578947
213,323.76,241.16666666666663
222,337.44,266.02173913043475
219,332.88,257.72
215,326.8,255.0909090909091
217,329.84000000000003,250.33333333333337
211,320.72,233.0806451612903
219,332.88,267.6578947368421
223,338.96,267.02173913043475
211,320.72,247.21428571428572
220,334.4,243.6034482758621
215,326.8,235.94230769230768
209,317.68,231.6851851851852
220,334.4,256.98
214,325.28000000000003,239.35185185185185
208,316.16,234.6304347826087
216,328.32,250.3809523809524
208,316.16,238.08333333333337
222,337.44,260.3478260869565
217,329.84000000000003,248.6875
219,332.88,251.3269230769231
215,326.8,263.6578947368421
214,325.28000000000003,248.7826086956522
214,325.28000000000003,242.52083333333337
215,326.8,246.3913043478261
218,331.36,260.0869565217391
222,337.44,254
221,335.92,246.35
219,332.88,251
217,329.84000000000003,276.1136363636364
219,332.88,252.9230769230769
222,337.44,258.98
216,328.32,254.52083333333337
215,326.8,243.52083333333337
220,334.4,260.3333333333333
224,340.48,289.025
225,342,255.41379310344828
220,334.4,255.28
217,329.84000000000003,246.25
217,329.84000000000003,239.3448275862069
216,328.32,252.36363636363637
207,314.64,234.52380952380952
215,326.8,245.08333333333337
217,329.84000000000003,255.0952380952381
216,328.32,238.81666666666663
220,334.4,253.33333333333337
220,334.4,266.02272727272725
217,329.84000000000003,248.1296296296296
222,337.44,264.1875
220,334.4,258.5208333333333
228,346.56,264.81666666666666
212,322.24,245.9230769230769
213,323.76,251.0952380952381
217,329.84000000000003,243.32692307692307
225,342,277.3636363636364
211,320.72,242.11363636363637
217,329.84000000000003,257.6923076923077
207,314.64,229.8809523809524
212,322.24,236.92307692307693
218,331.36,244.32692307692307
219,332.88,253.24074074074073
223,338.96,254.6875
218,331.36,253.55769230769232
217,329.84000000000003,272.225
205,311.6,232
