x1km_square,flower_species,n_observed_flowers,flower_genus
NC0429,Acer pseudoplatanus,0,Acer
NC0429,Achillea millefolium,0,Achillea
NC0429,Achillea ptarmica,0,Achillea
NC0429,Aegopodium podagraria,0,Aegopodium
NC0429,Aethusa cynapium,0,Aethusa
NC0429,Ajuga reptans,0,Ajuga
NC0429,Alliaria petiolata,0,Alliaria
NC0429,Alnus glutinosa,0,Alnus
NC0429,Anagallis arvensis,0,Anagallis
NC0429,Anchusa arvensis,0,Anchusa
NC0429,Anemone nemorosa,0,Anemone
NC0429,Angelica sylvestris,0,Angelica
NC0429,Anthemis cotula,0,Anthemis
NC0429,Anthriscus caucalis,0,Anthriscus
NC0429,Anthriscus sylvestris,0,Anthriscus
NC0429,Apium nodiflorum,0,Apium
NC0429,Armeria maritima,0,Armeria
NC0429,Artemisia absinthium,0,Artemisia
NC0429,Artemisia annua,0,Artemisia
NC0429,Artemisia vulgaris,0,Artemisia
NC0429,Aster tripolium,0,Aster
NC0429,Atriplex patula,0,Atriplex
NC0429,Atriplex portulacoides,0,Atriplex
NC0429,Ballota nigra,0,Ballota
NC0429,Barbarea vulgaris,0,Barbarea
NC0429,Bellis perennis,0,Bellis
NC0429,Berula erecta,0,Berula
NC0429,Brassica napus,0,Brassica
NC0429,Brassica oleracea,0,Brassica
NC0429,Brassica rapa,0,Brassica
NC0429,Bryonia dioica,0,Bryonia
NC0429,Buddleja davidii,0,Buddleja
NC0429,Bupleurum tenuissimum,0,Bupleurum
NC0429,Calluna vulgaris,1638,Calluna
NC0429,Caltha palustris,0,Caltha
NC0429,Calystegia sepium,0,Calystegia
NC0429,Campanula rotundifolia,0,Campanula
NC0429,Capsella bursa,0,Capsella
NC0429,Cardamine flexuosa,0,Cardamine
NC0429,Cardamine hirsuta,0,Cardamine
NC0429,Cardamine pratensis,0,Cardamine
NC0429,Carduus nutans,0,Carduus
NC0429,Carum verticillatum,0,Carum
NC0429,Centaurea cyanus,0,Centaurea
NC0429,Centaurea nigra,0,Centaurea
NC0429,Centaurea scabiosa,0,Centaurea
NC0429,Centaurium erythraea,0,Centaurium
NC0429,Cerastium arvense,0,Cerastium
NC0429,Cerastium fontanum,0,Cerastium
NC0429,Cerastium glomeratum,0,Cerastium
NC0429,Ceratocapnos claviculata,0,Ceratocapnos
NC0429,Chaerophyllum temulum,0,Chaerophyllum
NC0429,Chamaemelum nobile,0,Chamaemelum
NC0429,Chamerion angustifolium,0,Chamerion
NC0429,Chenopodium album,0,Chenopodium
NC0429,Chenopodium ficifolium,0,Chenopodium
NC0429,Chenopodium quinoa,0,Chenopodium
NC0429,Cichorium intybus,0,Cichorium
NC0429,Circaea lutetiana,0,Circaea
NC0429,Cirsium arvense,0,Cirsium
NC0429,Cirsium eriophorum,0,Cirsium
NC0429,Cirsium palustre,0,Cirsium
NC0429,Cirsium vulgare,0,Cirsium
NC0429,Clematis vitalba,0,Clematis
NC0429,Clinopodium vulgare,0,Clinopodium
NC0429,Conium maculatum,0,Conium
NC0429,Conopodium majus,0,Conopodium
NC0429,Convolvulus arvensis,0,Convolvulus
NC0429,Conyza canadensis,0,Conyza
NC0429,Cotoneaster salicifolius,0,Cotoneaster
NC0429,Crataegus monogyna,0,Crataegus
NC0429,Crepis capillaris,0,Crepis
NC0429,Crepis vesicaria,0,Crepis
NC0429,Cruciata laevipes,0,Cruciata
NC0429,Cytisus scoparius,0,Cytisus
NC0429,Dactylorhiza fuchsii,0,Dactylorhiza
NC0429,Dactylorhiza maculata,12,Dactylorhiza
NC0429,Daucus carota,0,Daucus
NC0429,Digitalis ferruginea,0,Digitalis
NC0429,Digitalis grandiflora,0,Digitalis
NC0429,Digitalis purpurea,0,Digitalis
NC0429,Dioscorea communis,0,Dioscorea
NC0429,Doronicum plantagineum,0,Doronicum
NC0429,Drosera anglica,0,Drosera
NC0429,Drosera rotundifolia,0,Drosera
NC0429,Dryas octopetala,0,Dryas
NC0429,Epilobium hirsutum,0,Epilobium
NC0429,Epilobium montanum,0,Epilobium
NC0429,Epilobium obscurum,0,Epilobium
NC0429,Epilobium palustre,0,Epilobium
NC0429,Epilobium parviflorum,0,Epilobium
NC0429,Epilobium roseum,0,Epilobium
NC0429,Epilobium tetragonum,0,Epilobium
NC0429,Erica cinerea,638,Erica
NC0429,Erica tetralix,436,Erica
NC0429,Eriophorum vaginatum,0,Eriophorum
NC0429,Eupatorium cannabinum,0,Eupatorium
NC0429,Euphorbia exigua,0,Euphorbia
NC0429,Euphorbia helioscopia,0,Euphorbia
NC0429,Euphrasia officinalis,0,Euphrasia
NC0429,Fagopyrum esculentum,0,Fagopyrum
NC0429,Fallopia convolvulus,0,Fallopia
NC0429,Filipendula ulmaria,0,Filipendula
NC0429,Fumaria officinalis,0,Fumaria
NC0429,Galeopsis speciosa,0,Galeopsis
NC0429,Galeopsis tetrahit,0,Galeopsis
NC0429,Galium aparine,0,Galium
NC0429,Galium mollugo,0,Galium
NC0429,Galium odoratum,0,Galium
NC0429,Galium palustre,0,Galium
NC0429,Galium saxatile,341,Galium
NC0429,Galium verum,0,Galium
NC0429,Genista anglica,0,Genista
NC0429,Geranium dissectum,0,Geranium
NC0429,Geranium molle,0,Geranium
NC0429,Geranium nodosum,0,Geranium
NC0429,Geranium pratense,0,Geranium
NC0429,Geranium pyrenaicum,0,Geranium
NC0429,Geranium robertianum,0,Geranium
NC0429,Geum urbanum,0,Geum
NC0429,Glechoma hederacea,0,Glechoma
NC0429,Hedera helix,0,Hedera
NC0429,Helianthus annuus,0,Helianthus
NC0429,Heracleum mantegazzianum,0,Heracleum
NC0429,Heracleum sphondylium,0,Heracleum
NC0429,Hippocrepis comosa,0,Hippocrepis
NC0429,Hordeum vulgare,0,Hordeum
NC0429,Hyacinthoides non,0,Hyacinthoides
NC0429,Hypericum forrestii,0,Hypericum
NC0429,Hypericum perforatum,0,Hypericum
NC0429,Hypericum pulchrum,0,Hypericum
NC0429,Hypericum tetrapterum,0,Hypericum
NC0429,Hypochaeris radicata,0,Hypochaeris
NC0429,Ilex aquifolium,0,Ilex
NC0429,Impatiens glandulifera,0,Impatiens
NC0429,Impatiens parviflora,0,Impatiens
NC0429,Iris pseudacorus,0,Iris
NC0429,Jacobaea erucifolia,0,Jacobaea
NC0429,Jacobaea vulgaris,0,Jacobaea
NC0429,Jasione montana,0,Jasione
NC0429,Juncus conglomeratus,0,Juncus
NC0429,Juncus effusus,0,Juncus
NC0429,Knautia arvensis,0,Knautia
NC0429,Lactuca serriola,0,Lactuca
NC0429,Lamium album,0,Lamium
NC0429,Lamium galeobdolon,0,Lamium
NC0429,Lamium purpureum,0,Lamium
NC0429,Lapsana communis,0,Lapsana
NC0429,Lathyrus aphaca,0,Lathyrus
NC0429,Lathyrus linifolius,0,Lathyrus
NC0429,Lathyrus pratensis,0,Lathyrus
NC0429,Leontodon hispidus,0,Leontodon
NC0429,Leontodon saxatilis,0,Leontodon
NC0429,Leucanthemum vulgare,0,Leucanthemum
NC0429,Ligusticum scoticum,0,Ligusticum
NC0429,Limonium vulgare,0,Limonium
NC0429,Linaria vulgaris,0,Linaria
NC0429,Linum catharticum,0,Linum
NC0429,Linum usitatissimum,0,Linum
NC0429,Lonicera caprifolium,0,Lonicera
NC0429,Lonicera periclymenum,0,Lonicera
NC0429,Lotus angustissimus,0,Lotus
NC0429,Lotus corniculatus,1,Lotus
NC0429,Lotus pedunculatus,0,Lotus
NC0429,Lotus subbiflorus,0,Lotus
NC0429,Luzula campestris,0,Luzula
NC0429,Lysimachia nemorum,0,Lysimachia
NC0429,Lysimachia punctata,0,Lysimachia
NC0429,Lysimachia vulgaris,0,Lysimachia
NC0429,Lythrum alatum,0,Lythrum
NC0429,Lythrum salicaria,0,Lythrum
NC0429,Malva sylvestris,0,Malva
NC0429,Matricaria chamomilla,0,Matricaria
NC0429,Matricaria discoidea,0,Matricaria
NC0429,Medicago lupulina,0,Medicago
NC0429,Melampyrum pratense,0,Melampyrum
NC0429,Mentha aquatica,0,Mentha
NC0429,Mentha arvensis,0,Mentha
NC0429,Mercurialis perennis,0,Mercurialis
NC0429,Myosotis arvensis,0,Myosotis
NC0429,Myosotis discolor,0,Myosotis
NC0429,Myosotis sylvatica,0,Myosotis
NC0429,Narthecium ossifragum,231,Narthecium
NC0429,Odontites vernus,0,Odontites
NC0429,Oenanthe crocata,0,Oenanthe
NC0429,Origanum vulgare,0,Origanum
NC0429,Ornithopus perpusillus,0,Ornithopus
NC0429,Oxalis acetosella,0,Oxalis
NC0429,Panicum miliaceum,0,Panicum
NC0429,Papaver rhoeas,0,Papaver
NC0429,Pedicularis sylvatica,77,Pedicularis
NC0429,Persicaria amplexicaulis,0,Persicaria
NC0429,Persicaria bistorta,0,Persicaria
NC0429,Persicaria hydropiper,0,Persicaria
NC0429,Persicaria lapathifolia,0,Persicaria
NC0429,Persicaria maculosa,0,Persicaria
NC0429,Peucedanum ostruthium,0,Peucedanum
NC0429,Picris echioides,0,Picris
NC0429,Picris hieracioides,0,Picris
NC0429,Pilosella officinarum,0,Pilosella
NC0429,Pimpinella saxifraga,0,Pimpinella
NC0429,Pinguicula vulgaris,6,Pinguicula
NC0429,Plantago lanceolata,0,Plantago
NC0429,Plantago major,0,Plantago
NC0429,Plantago maritima,0,Plantago
NC0429,Poa annua,0,Poa
NC0429,Polygala serpyllifolia,54,Polygala
NC0429,Polygala vulgaris,0,Polygala
NC0429,Polygonum aviculare,0,Polygonum
NC0429,Potentilla anglica,0,Potentilla
NC0429,Potentilla anserina,0,Potentilla
NC0429,Potentilla erecta,1133,Potentilla
NC0429,Potentilla recta,0,Potentilla
NC0429,Potentilla reptans,0,Potentilla
NC0429,Prunella vulgaris,1,Prunella
NC0429,Prunus spinosa,0,Prunus
NC0429,Pulicaria dysenterica,0,Pulicaria
NC0429,Ranunculus acris,0,Ranunculus
NC0429,Ranunculus bulbosus,0,Ranunculus
NC0429,Ranunculus ficaria,0,Ranunculus
NC0429,Ranunculus flammula,6,Ranunculus
NC0429,Ranunculus repens,16,Ranunculus
NC0429,Ranunculus sardous,0,Ranunculus
NC0429,Raphanus raphanistrum,0,Raphanus
NC0429,Raphanus sativus,0,Raphanus
NC0429,Rhinanthus minor,0,Rhinanthus
NC0429,Rosa arvensis,0,Rosa
NC0429,Rosa canina,0,Rosa
NC0429,Rubus caesius,0,Rubus
NC0429,Rubus fruticosus,0,Rubus
NC0429,Rubus idaeus,0,Rubus
NC0429,Rumex acetosa,0,Rumex
NC0429,Rumex acetosella,0,Rumex
NC0429,Rumex crispus,0,Rumex
NC0429,Rumex obtusifolius,0,Rumex
NC0429,Rumex sanguineus,0,Rumex
NC0429,Sagina saginoides,0,Sagina
NC0429,Sambucus nigra,0,Sambucus
NC0429,Sanguisorba officinalis,0,Sanguisorba
NC0429,Scorzoneroides autumnalis,0,Scorzoneroides
NC0429,Scrophularia auriculata,0,Scrophularia
NC0429,Scrophularia nodosa,0,Scrophularia
NC0429,Sedum anglicum,0,Sedum
NC0429,Senecio erucifolius,0,Senecio
NC0429,Senecio jacobaea,0,Senecio
NC0429,Senecio vulgaris,0,Senecio
NC0429,Sherardia arvensis,0,Sherardia
NC0429,Silene dioica,0,Silene
NC0429,Silene latifolia,0,Silene
NC0429,Silybum marianum,0,Silybum
NC0429,Sinapis alba,0,Sinapis
NC0429,Sinapis arvensis,0,Sinapis
NC0429,Sisymbrium officinale,0,Sisymbrium
NC0429,Solanum dulcamara,0,Solanum
NC0429,Solanum nigrum,0,Solanum
NC0429,Solanum tuberosum,0,Solanum
NC0429,Sonchus arvensis,0,Sonchus
NC0429,Sonchus asper,0,Sonchus
NC0429,Sonchus oleraceus,0,Sonchus
NC0429,Sorbus aucuparia,0,Sorbus
NC0429,Spergula arvensis,0,Spergula
NC0429,Spergularia media,0,Spergularia
NC0429,Stachys arvensis,0,Stachys
NC0429,Stachys palustris,0,Stachys
NC0429,Stachys sylvatica,0,Stachys
NC0429,Stellaria alsine,0,Stellaria
NC0429,Stellaria graminea,0,Stellaria
NC0429,Stellaria holostea,0,Stellaria
NC0429,Stellaria media,0,Stellaria
NC0429,Suaeda maritima,0,Suaeda
NC0429,Succisa pratensis,3,Succisa
NC0429,Symphytum officinale,0,Symphytum
NC0429,Taraxacum agg,0,Taraxacum
NC0429,Taraxacum officinale,0,Taraxacum
NC0429,Teucrium scorodonia,0,Teucrium
NC0429,Thlaspi arvense,0,Thlaspi
NC0429,Thymus polytrichus,13,Thymus
NC0429,Thymus vulgaris,0,Thymus
NC0429,Torilis japonica,0,Torilis
NC0429,Tragopogon pratensis,0,Tragopogon
NC0429,Trientalis europaea,0,Trientalis
NC0429,Trifolium arvense,0,Trifolium
NC0429,Trifolium campestre,0,Trifolium
NC0429,Trifolium constantinopolitanum,0,Trifolium
NC0429,Trifolium dubium,0,Trifolium
NC0429,Trifolium pratense,0,Trifolium
NC0429,Trifolium repens,7,Trifolium
NC0429,Tripleurospermum inodorum,0,Tripleurospermum
NC0429,Tripleurospermum maritimum,0,Tripleurospermum
NC0429,Turgenia latifolia,0,Turgenia
NC0429,Ulex europaeus,0,Ulex
NC0429,Ulex gallii,0,Ulex
NC0429,Urtica dioica,0,Urtica
NC0429,Vaccinium myrtillus,0,Vaccinium
NC0429,Vaccinium oxycoccos,0,Vaccinium
NC0429,Vaccinium vitis,0,Vaccinium
NC0429,Valeriana dioica,0,Valeriana
NC0429,Valeriana officinalis,0,Valeriana
NC0429,Verbena officinalis,0,Verbena
NC0429,Verbena x,0,Verbena
NC0429,Veronica agrestis,0,Veronica
NC0429,Veronica arvensis,0,Veronica
NC0429,Veronica beccabunga,0,Veronica
NC0429,Veronica chamaedrys,0,Veronica
NC0429,Veronica hederifolia,0,Veronica
NC0429,Veronica montana,0,Veronica
NC0429,Veronica officinalis,0,Veronica
NC0429,Veronica persica,0,Veronica
NC0429,Veronica polita,0,Veronica
NC0429,Veronica serpyllifolia,0,Veronica
NC0429,Vicia benghalensis,0,Vicia
NC0429,Vicia cracca,0,Vicia
NC0429,Vicia faba,0,Vicia
NC0429,Vicia hirsuta,0,Vicia
NC0429,Vicia lutea,0,Vicia
NC0429,Vicia sativa,0,Vicia
NC0429,Vicia sepium,0,Vicia
NC0429,Vicia spp,0,Vicia
NC0429,Vicia tetrasperma,0,Vicia
NC0429,Viola arvensis,0,Viola
NC0429,Viola canina,0,Viola
NC0429,Viola palustris,0,Viola
NC0429,Viola riviniana,0,Viola
NC0429,Zea mays,0,Zea
NC2313,Acer pseudoplatanus,0,Acer
NC2313,Achillea millefolium,0,Achillea
NC2313,Achillea ptarmica,2,Achillea
NC2313,Aegopodium podagraria,0,Aegopodium
NC2313,Aethusa cynapium,0,Aethusa
NC2313,Ajuga reptans,0,Ajuga
NC2313,Alliaria petiolata,0,Alliaria
NC2313,Alnus glutinosa,0,Alnus
NC2313,Anagallis arvensis,0,Anagallis
NC2313,Anchusa arvensis,0,Anchusa
NC2313,Anemone nemorosa,0,Anemone
NC2313,Angelica sylvestris,0,Angelica
NC2313,Anthemis cotula,0,Anthemis
NC2313,Anthriscus caucalis,0,Anthriscus
NC2313,Anthriscus sylvestris,0,Anthriscus
NC2313,Apium nodiflorum,0,Apium
NC2313,Armeria maritima,0,Armeria
NC2313,Artemisia absinthium,0,Artemisia
NC2313,Artemisia annua,0,Artemisia
NC2313,Artemisia vulgaris,0,Artemisia
NC2313,Aster tripolium,0,Aster
NC2313,Atriplex patula,0,Atriplex
NC2313,Atriplex portulacoides,0,Atriplex
NC2313,Ballota nigra,0,Ballota
NC2313,Barbarea vulgaris,0,Barbarea
NC2313,Bellis perennis,10,Bellis
NC2313,Berula erecta,0,Berula
NC2313,Brassica napus,0,Brassica
NC2313,Brassica oleracea,0,Brassica
NC2313,Brassica rapa,0,Brassica
NC2313,Bryonia dioica,0,Bryonia
NC2313,Buddleja davidii,0,Buddleja
NC2313,Bupleurum tenuissimum,0,Bupleurum
NC2313,Calluna vulgaris,32,Calluna
NC2313,Caltha palustris,0,Caltha
NC2313,Calystegia sepium,0,Calystegia
NC2313,Campanula rotundifolia,0,Campanula
NC2313,Capsella bursa,0,Capsella
NC2313,Cardamine flexuosa,0,Cardamine
NC2313,Cardamine hirsuta,0,Cardamine
NC2313,Cardamine pratensis,0,Cardamine
NC2313,Carduus nutans,0,Carduus
NC2313,Carum verticillatum,0,Carum
NC2313,Centaurea cyanus,0,Centaurea
NC2313,Centaurea nigra,0,Centaurea
NC2313,Centaurea scabiosa,0,Centaurea
NC2313,Centaurium erythraea,0,Centaurium
NC2313,Cerastium arvense,0,Cerastium
NC2313,Cerastium fontanum,0,Cerastium
NC2313,Cerastium glomeratum,0,Cerastium
NC2313,Ceratocapnos claviculata,0,Ceratocapnos
NC2313,Chaerophyllum temulum,0,Chaerophyllum
NC2313,Chamaemelum nobile,0,Chamaemelum
NC2313,Chamerion angustifolium,0,Chamerion
NC2313,Chenopodium album,0,Chenopodium
NC2313,Chenopodium ficifolium,0,Chenopodium
NC2313,Chenopodium quinoa,0,Chenopodium
NC2313,Cichorium intybus,0,Cichorium
NC2313,Circaea lutetiana,0,Circaea
NC2313,Cirsium arvense,0,Cirsium
NC2313,Cirsium eriophorum,0,Cirsium
NC2313,Cirsium palustre,10,Cirsium
NC2313,Cirsium vulgare,0,Cirsium
NC2313,Clematis vitalba,0,Clematis
NC2313,Clinopodium vulgare,0,Clinopodium
NC2313,Conium maculatum,0,Conium
NC2313,Conopodium majus,0,Conopodium
NC2313,Convolvulus arvensis,0,Convolvulus
NC2313,Conyza canadensis,0,Conyza
NC2313,Cotoneaster salicifolius,0,Cotoneaster
NC2313,Crataegus monogyna,0,Crataegus
NC2313,Crepis capillaris,0,Crepis
NC2313,Crepis vesicaria,0,Crepis
NC2313,Cruciata laevipes,0,Cruciata
NC2313,Cytisus scoparius,0,Cytisus
NC2313,Dactylorhiza fuchsii,0,Dactylorhiza
NC2313,Dactylorhiza maculata,0,Dactylorhiza
NC2313,Daucus carota,0,Daucus
NC2313,Digitalis ferruginea,0,Digitalis
NC2313,Digitalis grandiflora,0,Digitalis
NC2313,Digitalis purpurea,0,Digitalis
NC2313,Dioscorea communis,0,Dioscorea
NC2313,Doronicum plantagineum,0,Doronicum
NC2313,Drosera anglica,0,Drosera
NC2313,Drosera rotundifolia,0,Drosera
NC2313,Dryas octopetala,0,Dryas
NC2313,Epilobium hirsutum,0,Epilobium
NC2313,Epilobium montanum,0,Epilobium
NC2313,Epilobium obscurum,0,Epilobium
NC2313,Epilobium palustre,0,Epilobium
NC2313,Epilobium parviflorum,0,Epilobium
NC2313,Epilobium roseum,0,Epilobium
NC2313,Epilobium tetragonum,0,Epilobium
NC2313,Erica cinerea,32,Erica
NC2313,Erica tetralix,190,Erica
NC2313,Eriophorum vaginatum,0,Eriophorum
NC2313,Eupatorium cannabinum,0,Eupatorium
NC2313,Euphorbia exigua,0,Euphorbia
NC2313,Euphorbia helioscopia,0,Euphorbia
NC2313,Euphrasia officinalis,0,Euphrasia
NC2313,Fagopyrum esculentum,0,Fagopyrum
NC2313,Fallopia convolvulus,0,Fallopia
NC2313,Filipendula ulmaria,0,Filipendula
NC2313,Fumaria officinalis,0,Fumaria
NC2313,Galeopsis speciosa,0,Galeopsis
NC2313,Galeopsis tetrahit,0,Galeopsis
NC2313,Galium aparine,0,Galium
NC2313,Galium mollugo,0,Galium
NC2313,Galium odoratum,0,Galium
NC2313,Galium palustre,0,Galium
NC2313,Galium saxatile,591,Galium
NC2313,Galium verum,0,Galium
NC2313,Genista anglica,0,Genista
NC2313,Geranium dissectum,0,Geranium
NC2313,Geranium molle,0,Geranium
NC2313,Geranium nodosum,0,Geranium
NC2313,Geranium pratense,0,Geranium
NC2313,Geranium pyrenaicum,0,Geranium
NC2313,Geranium robertianum,0,Geranium
NC2313,Geum urbanum,0,Geum
NC2313,Glechoma hederacea,0,Glechoma
NC2313,Hedera helix,0,Hedera
NC2313,Helianthus annuus,0,Helianthus
NC2313,Heracleum mantegazzianum,0,Heracleum
NC2313,Heracleum sphondylium,0,Heracleum
NC2313,Hippocrepis comosa,0,Hippocrepis
NC2313,Hordeum vulgare,0,Hordeum
NC2313,Hyacinthoides non,0,Hyacinthoides
NC2313,Hypericum forrestii,0,Hypericum
NC2313,Hypericum perforatum,0,Hypericum
NC2313,Hypericum pulchrum,0,Hypericum
NC2313,Hypericum tetrapterum,0,Hypericum
NC2313,Hypochaeris radicata,0,Hypochaeris
NC2313,Ilex aquifolium,0,Ilex
NC2313,Impatiens glandulifera,0,Impatiens
NC2313,Impatiens parviflora,0,Impatiens
NC2313,Iris pseudacorus,0,Iris
NC2313,Jacobaea erucifolia,0,Jacobaea
NC2313,Jacobaea vulgaris,0,Jacobaea
NC2313,Jasione montana,0,Jasione
NC2313,Juncus conglomeratus,0,Juncus
NC2313,Juncus effusus,0,Juncus
NC2313,Knautia arvensis,0,Knautia
NC2313,Lactuca serriola,0,Lactuca
NC2313,Lamium album,0,Lamium
NC2313,Lamium galeobdolon,0,Lamium
NC2313,Lamium purpureum,0,Lamium
NC2313,Lapsana communis,0,Lapsana
NC2313,Lathyrus aphaca,0,Lathyrus
NC2313,Lathyrus linifolius,0,Lathyrus
NC2313,Lathyrus pratensis,0,Lathyrus
NC2313,Leontodon hispidus,0,Leontodon
NC2313,Leontodon saxatilis,0,Leontodon
NC2313,Leucanthemum vulgare,0,Leucanthemum
NC2313,Ligusticum scoticum,0,Ligusticum
NC2313,Limonium vulgare,0,Limonium
NC2313,Linaria vulgaris,0,Linaria
NC2313,Linum catharticum,8,Linum
NC2313,Linum usitatissimum,0,Linum
NC2313,Lonicera caprifolium,0,Lonicera
NC2313,Lonicera periclymenum,0,Lonicera
NC2313,Lotus angustissimus,0,Lotus
NC2313,Lotus corniculatus,17,Lotus
NC2313,Lotus pedunculatus,0,Lotus
NC2313,Lotus subbiflorus,0,Lotus
NC2313,Luzula campestris,0,Luzula
NC2313,Lysimachia nemorum,0,Lysimachia
NC2313,Lysimachia punctata,0,Lysimachia
NC2313,Lysimachia vulgaris,0,Lysimachia
NC2313,Lythrum alatum,0,Lythrum
NC2313,Lythrum salicaria,0,Lythrum
NC2313,Malva sylvestris,0,Malva
NC2313,Matricaria chamomilla,0,Matricaria
NC2313,Matricaria discoidea,0,Matricaria
NC2313,Medicago lupulina,0,Medicago
NC2313,Melampyrum pratense,0,Melampyrum
NC2313,Mentha aquatica,0,Mentha
NC2313,Mentha arvensis,0,Mentha
NC2313,Mercurialis perennis,0,Mercurialis
NC2313,Myosotis arvensis,0,Myosotis
NC2313,Myosotis discolor,0,Myosotis
NC2313,Myosotis sylvatica,0,Myosotis
NC2313,Narthecium ossifragum,2,Narthecium
NC2313,Odontites vernus,0,Odontites
NC2313,Oenanthe crocata,0,Oenanthe
NC2313,Origanum vulgare,0,Origanum
NC2313,Ornithopus perpusillus,0,Ornithopus
NC2313,Oxalis acetosella,0,Oxalis
NC2313,Panicum miliaceum,0,Panicum
NC2313,Papaver rhoeas,0,Papaver
NC2313,Pedicularis sylvatica,28,Pedicularis
NC2313,Persicaria amplexicaulis,0,Persicaria
NC2313,Persicaria bistorta,0,Persicaria
NC2313,Persicaria hydropiper,0,Persicaria
NC2313,Persicaria lapathifolia,0,Persicaria
NC2313,Persicaria maculosa,0,Persicaria
NC2313,Peucedanum ostruthium,0,Peucedanum
NC2313,Picris echioides,0,Picris
NC2313,Picris hieracioides,0,Picris
NC2313,Pilosella officinarum,0,Pilosella
NC2313,Pimpinella saxifraga,0,Pimpinella
NC2313,Pinguicula vulgaris,2,Pinguicula
NC2313,Plantago lanceolata,0,Plantago
NC2313,Plantago major,0,Plantago
NC2313,Plantago maritima,0,Plantago
NC2313,Poa annua,0,Poa
NC2313,Polygala serpyllifolia,278,Polygala
NC2313,Polygala vulgaris,0,Polygala
NC2313,Polygonum aviculare,0,Polygonum
NC2313,Potentilla anglica,0,Potentilla
NC2313,Potentilla anserina,0,Potentilla
NC2313,Potentilla erecta,519,Potentilla
NC2313,Potentilla recta,0,Potentilla
NC2313,Potentilla reptans,0,Potentilla
NC2313,Prunella vulgaris,22,Prunella
NC2313,Prunus spinosa,0,Prunus
NC2313,Pulicaria dysenterica,0,Pulicaria
NC2313,Ranunculus acris,39,Ranunculus
NC2313,Ranunculus bulbosus,0,Ranunculus
NC2313,Ranunculus ficaria,0,Ranunculus
NC2313,Ranunculus flammula,13,Ranunculus
NC2313,Ranunculus repens,0,Ranunculus
NC2313,Ranunculus sardous,0,Ranunculus
NC2313,Raphanus raphanistrum,0,Raphanus
NC2313,Raphanus sativus,0,Raphanus
NC2313,Rhinanthus minor,0,Rhinanthus
NC2313,Rosa arvensis,0,Rosa
NC2313,Rosa canina,0,Rosa
NC2313,Rubus caesius,0,Rubus
NC2313,Rubus fruticosus,0,Rubus
NC2313,Rubus idaeus,0,Rubus
NC2313,Rumex acetosa,0,Rumex
NC2313,Rumex acetosella,0,Rumex
NC2313,Rumex crispus,0,Rumex
NC2313,Rumex obtusifolius,0,Rumex
NC2313,Rumex sanguineus,0,Rumex
NC2313,Sagina saginoides,0,Sagina
NC2313,Sambucus nigra,0,Sambucus
NC2313,Sanguisorba officinalis,0,Sanguisorba
NC2313,Scorzoneroides autumnalis,0,Scorzoneroides
NC2313,Scrophularia auriculata,0,Scrophularia
NC2313,Scrophularia nodosa,0,Scrophularia
NC2313,Sedum anglicum,0,Sedum
NC2313,Senecio erucifolius,0,Senecio
NC2313,Senecio jacobaea,0,Senecio
NC2313,Senecio vulgaris,0,Senecio
NC2313,Sherardia arvensis,0,Sherardia
NC2313,Silene dioica,0,Silene
NC2313,Silene latifolia,0,Silene
NC2313,Silybum marianum,0,Silybum
NC2313,Sinapis alba,0,Sinapis
NC2313,Sinapis arvensis,0,Sinapis
NC2313,Sisymbrium officinale,0,Sisymbrium
NC2313,Solanum dulcamara,0,Solanum
NC2313,Solanum nigrum,0,Solanum
NC2313,Solanum tuberosum,0,Solanum
NC2313,Sonchus arvensis,0,Sonchus
NC2313,Sonchus asper,0,Sonchus
NC2313,Sonchus oleraceus,0,Sonchus
NC2313,Sorbus aucuparia,0,Sorbus
NC2313,Spergula arvensis,0,Spergula
NC2313,Spergularia media,0,Spergularia
NC2313,Stachys arvensis,0,Stachys
NC2313,Stachys palustris,0,Stachys
NC2313,Stachys sylvatica,0,Stachys
NC2313,Stellaria alsine,0,Stellaria
NC2313,Stellaria graminea,0,Stellaria
NC2313,Stellaria holostea,0,Stellaria
NC2313,Stellaria media,0,Stellaria
NC2313,Suaeda maritima,0,Suaeda
NC2313,Succisa pratensis,0,Succisa
NC2313,Symphytum officinale,0,Symphytum
NC2313,Taraxacum agg,0,Taraxacum
NC2313,Taraxacum officinale,0,Taraxacum
NC2313,Teucrium scorodonia,0,Teucrium
NC2313,Thlaspi arvense,0,Thlaspi
NC2313,Thymus polytrichus,0,Thymus
NC2313,Thymus vulgaris,0,Thymus
NC2313,Torilis japonica,0,Torilis
NC2313,Tragopogon pratensis,0,Tragopogon
NC2313,Trientalis europaea,0,Trientalis
NC2313,Trifolium arvense,0,Trifolium
NC2313,Trifolium campestre,0,Trifolium
NC2313,Trifolium constantinopolitanum,0,Trifolium
NC2313,Trifolium dubium,0,Trifolium
NC2313,Trifolium pratense,16,Trifolium
NC2313,Trifolium repens,2,Trifolium
NC2313,Tripleurospermum inodorum,0,Tripleurospermum
NC2313,Tripleurospermum maritimum,0,Tripleurospermum
NC2313,Turgenia latifolia,0,Turgenia
NC2313,Ulex europaeus,0,Ulex
NC2313,Ulex gallii,0,Ulex
NC2313,Urtica dioica,0,Urtica
NC2313,Vaccinium myrtillus,0,Vaccinium
NC2313,Vaccinium oxycoccos,0,Vaccinium
NC2313,Vaccinium vitis,0,Vaccinium
NC2313,Valeriana dioica,0,Valeriana
NC2313,Valeriana officinalis,0,Valeriana
NC2313,Verbena officinalis,0,Verbena
NC2313,Verbena x,0,Verbena
NC2313,Veronica agrestis,0,Veronica
NC2313,Veronica arvensis,0,Veronica
NC2313,Veronica beccabunga,0,Veronica
NC2313,Veronica chamaedrys,0,Veronica
NC2313,Veronica hederifolia,0,Veronica
NC2313,Veronica montana,0,Veronica
NC2313,Veronica officinalis,0,Veronica
NC2313,Veronica persica,0,Veronica
NC2313,Veronica polita,0,Veronica
NC2313,Veronica serpyllifolia,0,Veronica
NC2313,Vicia benghalensis,0,Vicia
NC2313,Vicia cracca,0,Vicia
NC2313,Vicia faba,0,Vicia
NC2313,Vicia hirsuta,0,Vicia
NC2313,Vicia lutea,0,Vicia
NC2313,Vicia sativa,0,Vicia
NC2313,Vicia sepium,0,Vicia
NC2313,Vicia spp,2,Vicia
NC2313,Vicia tetrasperma,0,Vicia
NC2313,Viola arvensis,0,Viola
NC2313,Viola canina,0,Viola
NC2313,Viola palustris,2,Viola
NC2313,Viola riviniana,0,Viola
NC2313,Zea mays,0,Zea
NC5762,Acer pseudoplatanus,0,Acer
NC5762,Achillea millefolium,0,Achillea
NC5762,Achillea ptarmica,0,Achillea
NC5762,Aegopodium podagraria,0,Aegopodium
NC5762,Aethusa cynapium,0,Aethusa
NC5762,Ajuga reptans,0,Ajuga
NC5762,Alliaria petiolata,0,Alliaria
NC5762,Alnus glutinosa,0,Alnus
NC5762,Anagallis arvensis,0,Anagallis
NC5762,Anchusa arvensis,0,Anchusa
NC5762,Anemone nemorosa,0,Anemone
NC5762,Angelica sylvestris,0,Angelica
NC5762,Anthemis cotula,0,Anthemis
NC5762,Anthriscus caucalis,0,Anthriscus
NC5762,Anthriscus sylvestris,0,Anthriscus
NC5762,Apium nodiflorum,0,Apium
NC5762,Armeria maritima,0,Armeria
NC5762,Artemisia absinthium,0,Artemisia
NC5762,Artemisia annua,0,Artemisia
NC5762,Artemisia vulgaris,0,Artemisia
NC5762,Aster tripolium,0,Aster
NC5762,Atriplex patula,0,Atriplex
NC5762,Atriplex portulacoides,0,Atriplex
NC5762,Ballota nigra,0,Ballota
NC5762,Barbarea vulgaris,0,Barbarea
NC5762,Bellis perennis,0,Bellis
NC5762,Berula erecta,0,Berula
NC5762,Brassica napus,0,Brassica
NC5762,Brassica oleracea,0,Brassica
NC5762,Brassica rapa,0,Brassica
NC5762,Bryonia dioica,0,Bryonia
NC5762,Buddleja davidii,0,Buddleja
NC5762,Bupleurum tenuissimum,0,Bupleurum
NC5762,Calluna vulgaris,0,Calluna
NC5762,Caltha palustris,0,Caltha
NC5762,Calystegia sepium,0,Calystegia
NC5762,Campanula rotundifolia,0,Campanula
NC5762,Capsella bursa,0,Capsella
NC5762,Cardamine flexuosa,0,Cardamine
NC5762,Cardamine hirsuta,0,Cardamine
NC5762,Cardamine pratensis,0,Cardamine
NC5762,Carduus nutans,0,Carduus
NC5762,Carum verticillatum,0,Carum
NC5762,Centaurea cyanus,0,Centaurea
NC5762,Centaurea nigra,0,Centaurea
NC5762,Centaurea scabiosa,0,Centaurea
NC5762,Centaurium erythraea,0,Centaurium
NC5762,Cerastium arvense,4,Cerastium
NC5762,Cerastium fontanum,0,Cerastium
NC5762,Cerastium glomeratum,0,Cerastium
NC5762,Ceratocapnos claviculata,0,Ceratocapnos
NC5762,Chaerophyllum temulum,0,Chaerophyllum
NC5762,Chamaemelum nobile,0,Chamaemelum
NC5762,Chamerion angustifolium,0,Chamerion
NC5762,Chenopodium album,0,Chenopodium
NC5762,Chenopodium ficifolium,0,Chenopodium
NC5762,Chenopodium quinoa,0,Chenopodium
NC5762,Cichorium intybus,0,Cichorium
NC5762,Circaea lutetiana,0,Circaea
NC5762,Cirsium arvense,0,Cirsium
NC5762,Cirsium eriophorum,0,Cirsium
NC5762,Cirsium palustre,0,Cirsium
NC5762,Cirsium vulgare,0,Cirsium
NC5762,Clematis vitalba,0,Clematis
NC5762,Clinopodium vulgare,0,Clinopodium
NC5762,Conium maculatum,0,Conium
NC5762,Conopodium majus,0,Conopodium
NC5762,Convolvulus arvensis,0,Convolvulus
NC5762,Conyza canadensis,0,Conyza
NC5762,Cotoneaster salicifolius,0,Cotoneaster
NC5762,Crataegus monogyna,0,Crataegus
NC5762,Crepis capillaris,0,Crepis
NC5762,Crepis vesicaria,0,Crepis
NC5762,Cruciata laevipes,0,Cruciata
NC5762,Cytisus scoparius,0,Cytisus
NC5762,Dactylorhiza fuchsii,0,Dactylorhiza
NC5762,Dactylorhiza maculata,0,Dactylorhiza
NC5762,Daucus carota,0,Daucus
NC5762,Digitalis ferruginea,0,Digitalis
NC5762,Digitalis grandiflora,0,Digitalis
NC5762,Digitalis purpurea,0,Digitalis
NC5762,Dioscorea communis,0,Dioscorea
NC5762,Doronicum plantagineum,0,Doronicum
NC5762,Drosera anglica,1,Drosera
NC5762,Drosera rotundifolia,0,Drosera
NC5762,Dryas octopetala,0,Dryas
NC5762,Epilobium hirsutum,0,Epilobium
NC5762,Epilobium montanum,0,Epilobium
NC5762,Epilobium obscurum,0,Epilobium
NC5762,Epilobium palustre,0,Epilobium
NC5762,Epilobium parviflorum,0,Epilobium
NC5762,Epilobium roseum,0,Epilobium
NC5762,Epilobium tetragonum,0,Epilobium
NC5762,Erica cinerea,520,Erica
NC5762,Erica tetralix,0,Erica
NC5762,Eriophorum vaginatum,0,Eriophorum
NC5762,Eupatorium cannabinum,0,Eupatorium
NC5762,Euphorbia exigua,0,Euphorbia
NC5762,Euphorbia helioscopia,0,Euphorbia
NC5762,Euphrasia officinalis,0,Euphrasia
NC5762,Fagopyrum esculentum,0,Fagopyrum
NC5762,Fallopia convolvulus,0,Fallopia
NC5762,Filipendula ulmaria,0,Filipendula
NC5762,Fumaria officinalis,0,Fumaria
NC5762,Galeopsis speciosa,0,Galeopsis
NC5762,Galeopsis tetrahit,0,Galeopsis
NC5762,Galium aparine,0,Galium
NC5762,Galium mollugo,0,Galium
NC5762,Galium odoratum,0,Galium
NC5762,Galium palustre,0,Galium
NC5762,Galium saxatile,0,Galium
NC5762,Galium verum,0,Galium
NC5762,Genista anglica,0,Genista
NC5762,Geranium dissectum,0,Geranium
NC5762,Geranium molle,0,Geranium
NC5762,Geranium nodosum,0,Geranium
NC5762,Geranium pratense,0,Geranium
NC5762,Geranium pyrenaicum,0,Geranium
NC5762,Geranium robertianum,0,Geranium
NC5762,Geum urbanum,0,Geum
NC5762,Glechoma hederacea,0,Glechoma
NC5762,Hedera helix,0,Hedera
NC5762,Helianthus annuus,0,Helianthus
NC5762,Heracleum mantegazzianum,0,Heracleum
NC5762,Heracleum sphondylium,0,Heracleum
NC5762,Hippocrepis comosa,0,Hippocrepis
NC5762,Hordeum vulgare,0,Hordeum
NC5762,Hyacinthoides non,0,Hyacinthoides
NC5762,Hypericum forrestii,0,Hypericum
NC5762,Hypericum perforatum,0,Hypericum
NC5762,Hypericum pulchrum,0,Hypericum
NC5762,Hypericum tetrapterum,0,Hypericum
NC5762,Hypochaeris radicata,0,Hypochaeris
NC5762,Ilex aquifolium,0,Ilex
NC5762,Impatiens glandulifera,0,Impatiens
NC5762,Impatiens parviflora,0,Impatiens
NC5762,Iris pseudacorus,0,Iris
NC5762,Jacobaea erucifolia,0,Jacobaea
NC5762,Jacobaea vulgaris,0,Jacobaea
NC5762,Jasione montana,0,Jasione
NC5762,Juncus conglomeratus,0,Juncus
NC5762,Juncus effusus,0,Juncus
NC5762,Knautia arvensis,0,Knautia
NC5762,Lactuca serriola,0,Lactuca
NC5762,Lamium album,0,Lamium
NC5762,Lamium galeobdolon,0,Lamium
NC5762,Lamium purpureum,0,Lamium
NC5762,Lapsana communis,0,Lapsana
NC5762,Lathyrus aphaca,0,Lathyrus
NC5762,Lathyrus linifolius,0,Lathyrus
NC5762,Lathyrus pratensis,0,Lathyrus
NC5762,Leontodon hispidus,0,Leontodon
NC5762,Leontodon saxatilis,0,Leontodon
NC5762,Leucanthemum vulgare,0,Leucanthemum
NC5762,Ligusticum scoticum,0,Ligusticum
NC5762,Limonium vulgare,0,Limonium
NC5762,Linaria vulgaris,0,Linaria
NC5762,Linum catharticum,0,Linum
NC5762,Linum usitatissimum,0,Linum
NC5762,Lonicera caprifolium,0,Lonicera
NC5762,Lonicera periclymenum,0,Lonicera
NC5762,Lotus angustissimus,0,Lotus
NC5762,Lotus corniculatus,0,Lotus
NC5762,Lotus pedunculatus,0,Lotus
NC5762,Lotus subbiflorus,0,Lotus
NC5762,Luzula campestris,0,Luzula
NC5762,Lysimachia nemorum,0,Lysimachia
NC5762,Lysimachia punctata,0,Lysimachia
NC5762,Lysimachia vulgaris,0,Lysimachia
NC5762,Lythrum alatum,0,Lythrum
NC5762,Lythrum salicaria,0,Lythrum
NC5762,Malva sylvestris,0,Malva
NC5762,Matricaria chamomilla,0,Matricaria
NC5762,Matricaria discoidea,0,Matricaria
NC5762,Medicago lupulina,0,Medicago
NC5762,Melampyrum pratense,0,Melampyrum
NC5762,Mentha aquatica,0,Mentha
NC5762,Mentha arvensis,0,Mentha
NC5762,Mercurialis perennis,0,Mercurialis
NC5762,Myosotis arvensis,0,Myosotis
NC5762,Myosotis discolor,0,Myosotis
NC5762,Myosotis sylvatica,0,Myosotis
NC5762,Narthecium ossifragum,538,Narthecium
NC5762,Odontites vernus,0,Odontites
NC5762,Oenanthe crocata,0,Oenanthe
NC5762,Origanum vulgare,0,Origanum
NC5762,Ornithopus perpusillus,0,Ornithopus
NC5762,Oxalis acetosella,0,Oxalis
NC5762,Panicum miliaceum,0,Panicum
NC5762,Papaver rhoeas,0,Papaver
NC5762,Pedicularis sylvatica,67,Pedicularis
NC5762,Persicaria amplexicaulis,0,Persicaria
NC5762,Persicaria bistorta,0,Persicaria
NC5762,Persicaria hydropiper,0,Persicaria
NC5762,Persicaria lapathifolia,0,Persicaria
NC5762,Persicaria maculosa,0,Persicaria
NC5762,Peucedanum ostruthium,0,Peucedanum
NC5762,Picris echioides,0,Picris
NC5762,Picris hieracioides,0,Picris
NC5762,Pilosella officinarum,0,Pilosella
NC5762,Pimpinella saxifraga,0,Pimpinella
NC5762,Pinguicula vulgaris,5,Pinguicula
NC5762,Plantago lanceolata,0,Plantago
NC5762,Plantago major,0,Plantago
NC5762,Plantago maritima,0,Plantago
NC5762,Poa annua,0,Poa
NC5762,Polygala serpyllifolia,203,Polygala
NC5762,Polygala vulgaris,0,Polygala
NC5762,Polygonum aviculare,0,Polygonum
NC5762,Potentilla anglica,0,Potentilla
NC5762,Potentilla anserina,0,Potentilla
NC5762,Potentilla erecta,0,Potentilla
NC5762,Potentilla recta,0,Potentilla
NC5762,Potentilla reptans,0,Potentilla
NC5762,Prunella vulgaris,0,Prunella
NC5762,Prunus spinosa,0,Prunus
NC5762,Pulicaria dysenterica,0,Pulicaria
NC5762,Ranunculus acris,0,Ranunculus
NC5762,Ranunculus bulbosus,4,Ranunculus
NC5762,Ranunculus ficaria,0,Ranunculus
NC5762,Ranunculus flammula,88,Ranunculus
NC5762,Ranunculus repens,0,Ranunculus
NC5762,Ranunculus sardous,0,Ranunculus
NC5762,Raphanus raphanistrum,0,Raphanus
NC5762,Raphanus sativus,0,Raphanus
NC5762,Rhinanthus minor,0,Rhinanthus
NC5762,Rosa arvensis,0,Rosa
NC5762,Rosa canina,0,Rosa
NC5762,Rubus caesius,0,Rubus
NC5762,Rubus fruticosus,0,Rubus
NC5762,Rubus idaeus,0,Rubus
NC5762,Rumex acetosa,0,Rumex
NC5762,Rumex acetosella,0,Rumex
NC5762,Rumex crispus,0,Rumex
NC5762,Rumex obtusifolius,0,Rumex
NC5762,Rumex sanguineus,0,Rumex
NC5762,Sagina saginoides,0,Sagina
NC5762,Sambucus nigra,0,Sambucus
NC5762,Sanguisorba officinalis,0,Sanguisorba
NC5762,Scorzoneroides autumnalis,2,Scorzoneroides
NC5762,Scrophularia auriculata,0,Scrophularia
NC5762,Scrophularia nodosa,0,Scrophularia
NC5762,Sedum anglicum,0,Sedum
NC5762,Senecio erucifolius,0,Senecio
NC5762,Senecio jacobaea,0,Senecio
NC5762,Senecio vulgaris,0,Senecio
NC5762,Sherardia arvensis,0,Sherardia
NC5762,Silene dioica,0,Silene
NC5762,Silene latifolia,0,Silene
NC5762,Silybum marianum,0,Silybum
NC5762,Sinapis alba,0,Sinapis
NC5762,Sinapis arvensis,0,Sinapis
NC5762,Sisymbrium officinale,0,Sisymbrium
NC5762,Solanum dulcamara,0,Solanum
NC5762,Solanum nigrum,0,Solanum
NC5762,Solanum tuberosum,0,Solanum
NC5762,Sonchus arvensis,0,Sonchus
NC5762,Sonchus asper,0,Sonchus
NC5762,Sonchus oleraceus,0,Sonchus
NC5762,Sorbus aucuparia,0,Sorbus
NC5762,Spergula arvensis,0,Spergula
NC5762,Spergularia media,0,Spergularia
NC5762,Stachys arvensis,0,Stachys
NC5762,Stachys palustris,0,Stachys
NC5762,Stachys sylvatica,0,Stachys
NC5762,Stellaria alsine,0,Stellaria
NC5762,Stellaria graminea,0,Stellaria
NC5762,Stellaria holostea,0,Stellaria
NC5762,Stellaria media,0,Stellaria
NC5762,Suaeda maritima,0,Suaeda
NC5762,Succisa pratensis,0,Succisa
NC5762,Symphytum officinale,0,Symphytum
NC5762,Taraxacum agg,0,Taraxacum
NC5762,Taraxacum officinale,0,Taraxacum
NC5762,Teucrium scorodonia,0,Teucrium
NC5762,Thlaspi arvense,0,Thlaspi
NC5762,Thymus polytrichus,0,Thymus
NC5762,Thymus vulgaris,0,Thymus
NC5762,Torilis japonica,0,Torilis
NC5762,Tragopogon pratensis,0,Tragopogon
NC5762,Trientalis europaea,0,Trientalis
NC5762,Trifolium arvense,0,Trifolium
NC5762,Trifolium campestre,0,Trifolium
NC5762,Trifolium constantinopolitanum,0,Trifolium
NC5762,Trifolium dubium,0,Trifolium
NC5762,Trifolium pratense,0,Trifolium
NC5762,Trifolium repens,0,Trifolium
NC5762,Tripleurospermum inodorum,0,Tripleurospermum
NC5762,Tripleurospermum maritimum,0,Tripleurospermum
NC5762,Turgenia latifolia,0,Turgenia
NC5762,Ulex europaeus,0,Ulex
NC5762,Ulex gallii,0,Ulex
NC5762,Urtica dioica,0,Urtica
NC5762,Vaccinium myrtillus,0,Vaccinium
NC5762,Vaccinium oxycoccos,0,Vaccinium
NC5762,Vaccinium vitis,0,Vaccinium
NC5762,Valeriana dioica,0,Valeriana
NC5762,Valeriana officinalis,0,Valeriana
NC5762,Verbena officinalis,0,Verbena
NC5762,Verbena x,0,Verbena
NC5762,Veronica agrestis,0,Veronica
NC5762,Veronica arvensis,0,Veronica
NC5762,Veronica beccabunga,0,Veronica
NC5762,Veronica chamaedrys,0,Veronica
NC5762,Veronica hederifolia,0,Veronica
NC5762,Veronica montana,0,Veronica
NC5762,Veronica officinalis,0,Veronica
NC5762,Veronica persica,0,Veronica
NC5762,Veronica polita,0,Veronica
NC5762,Veronica serpyllifolia,0,Veronica
NC5762,Vicia benghalensis,0,Vicia
NC5762,Vicia cracca,0,Vicia
NC5762,Vicia faba,0,Vicia
NC5762,Vicia hirsuta,0,Vicia
NC5762,Vicia lutea,0,Vicia
NC5762,Vicia sativa,0,Vicia
NC5762,Vicia sepium,0,Vicia
NC5762,Vicia spp,0,Vicia
NC5762,Vicia tetrasperma,0,Vicia
NC5762,Viola arvensis,0,Viola
NC5762,Viola canina,0,Viola
NC5762,Viola palustris,0,Viola
NC5762,Viola riviniana,0,Viola
NC5762,Zea mays,0,Zea
NC7158,Acer pseudoplatanus,0,Acer
NC7158,Achillea millefolium,0,Achillea
NC7158,Achillea ptarmica,0,Achillea
NC7158,Aegopodium podagraria,0,Aegopodium
NC7158,Aethusa cynapium,0,Aethusa
NC7158,Ajuga reptans,0,Ajuga
NC7158,Alliaria petiolata,0,Alliaria
NC7158,Alnus glutinosa,0,Alnus
NC7158,Anagallis arvensis,0,Anagallis
NC7158,Anchusa arvensis,0,Anchusa
NC7158,Anemone nemorosa,0,Anemone
NC7158,Angelica sylvestris,0,Angelica
NC7158,Anthemis cotula,0,Anthemis
NC7158,Anthriscus caucalis,0,Anthriscus
NC7158,Anthriscus sylvestris,0,Anthriscus
NC7158,Apium nodiflorum,0,Apium
NC7158,Armeria maritima,0,Armeria
NC7158,Artemisia absinthium,0,Artemisia
NC7158,Artemisia annua,0,Artemisia
NC7158,Artemisia vulgaris,0,Artemisia
NC7158,Aster tripolium,0,Aster
NC7158,Atriplex patula,0,Atriplex
NC7158,Atriplex portulacoides,0,Atriplex
NC7158,Ballota nigra,0,Ballota
NC7158,Barbarea vulgaris,0,Barbarea
NC7158,Bellis perennis,157,Bellis
NC7158,Berula erecta,0,Berula
NC7158,Brassica napus,0,Brassica
NC7158,Brassica oleracea,0,Brassica
NC7158,Brassica rapa,0,Brassica
NC7158,Bryonia dioica,0,Bryonia
NC7158,Buddleja davidii,0,Buddleja
NC7158,Bupleurum tenuissimum,0,Bupleurum
NC7158,Calluna vulgaris,1560,Calluna
NC7158,Caltha palustris,0,Caltha
NC7158,Calystegia sepium,0,Calystegia
NC7158,Campanula rotundifolia,0,Campanula
NC7158,Capsella bursa,0,Capsella
NC7158,Cardamine flexuosa,0,Cardamine
NC7158,Cardamine hirsuta,0,Cardamine
NC7158,Cardamine pratensis,0,Cardamine
NC7158,Carduus nutans,0,Carduus
NC7158,Carum verticillatum,0,Carum
NC7158,Centaurea cyanus,0,Centaurea
NC7158,Centaurea nigra,0,Centaurea
NC7158,Centaurea scabiosa,0,Centaurea
NC7158,Centaurium erythraea,0,Centaurium
NC7158,Cerastium arvense,4,Cerastium
NC7158,Cerastium fontanum,0,Cerastium
NC7158,Cerastium glomeratum,0,Cerastium
NC7158,Ceratocapnos claviculata,0,Ceratocapnos
NC7158,Chaerophyllum temulum,0,Chaerophyllum
NC7158,Chamaemelum nobile,0,Chamaemelum
NC7158,Chamerion angustifolium,0,Chamerion
NC7158,Chenopodium album,0,Chenopodium
NC7158,Chenopodium ficifolium,0,Chenopodium
NC7158,Chenopodium quinoa,0,Chenopodium
NC7158,Cichorium intybus,0,Cichorium
NC7158,Circaea lutetiana,0,Circaea
NC7158,Cirsium arvense,0,Cirsium
NC7158,Cirsium eriophorum,0,Cirsium
NC7158,Cirsium palustre,0,Cirsium
NC7158,Cirsium vulgare,0,Cirsium
NC7158,Clematis vitalba,0,Clematis
NC7158,Clinopodium vulgare,0,Clinopodium
NC7158,Conium maculatum,0,Conium
NC7158,Conopodium majus,39,Conopodium
NC7158,Convolvulus arvensis,0,Convolvulus
NC7158,Conyza canadensis,0,Conyza
NC7158,Cotoneaster salicifolius,0,Cotoneaster
NC7158,Crataegus monogyna,0,Crataegus
NC7158,Crepis capillaris,0,Crepis
NC7158,Crepis vesicaria,0,Crepis
NC7158,Cruciata laevipes,0,Cruciata
NC7158,Cytisus scoparius,0,Cytisus
NC7158,Dactylorhiza fuchsii,4,Dactylorhiza
NC7158,Dactylorhiza maculata,0,Dactylorhiza
NC7158,Daucus carota,0,Daucus
NC7158,Digitalis ferruginea,0,Digitalis
NC7158,Digitalis grandiflora,0,Digitalis
NC7158,Digitalis purpurea,0,Digitalis
NC7158,Dioscorea communis,0,Dioscorea
NC7158,Doronicum plantagineum,0,Doronicum
NC7158,Drosera anglica,0,Drosera
NC7158,Drosera rotundifolia,0,Drosera
NC7158,Dryas octopetala,0,Dryas
NC7158,Epilobium hirsutum,0,Epilobium
NC7158,Epilobium montanum,0,Epilobium
NC7158,Epilobium obscurum,0,Epilobium
NC7158,Epilobium palustre,0,Epilobium
NC7158,Epilobium parviflorum,0,Epilobium
NC7158,Epilobium roseum,0,Epilobium
NC7158,Epilobium tetragonum,0,Epilobium
NC7158,Erica cinerea,413,Erica
NC7158,Erica tetralix,513,Erica
NC7158,Eriophorum vaginatum,0,Eriophorum
NC7158,Eupatorium cannabinum,0,Eupatorium
NC7158,Euphorbia exigua,0,Euphorbia
NC7158,Euphorbia helioscopia,0,Euphorbia
NC7158,Euphrasia officinalis,0,Euphrasia
NC7158,Fagopyrum esculentum,0,Fagopyrum
NC7158,Fallopia convolvulus,0,Fallopia
NC7158,Filipendula ulmaria,0,Filipendula
NC7158,Fumaria officinalis,0,Fumaria
NC7158,Galeopsis speciosa,0,Galeopsis
NC7158,Galeopsis tetrahit,0,Galeopsis
NC7158,Galium aparine,0,Galium
NC7158,Galium mollugo,0,Galium
NC7158,Galium odoratum,0,Galium
NC7158,Galium palustre,0,Galium
NC7158,Galium saxatile,710,Galium
NC7158,Galium verum,0,Galium
NC7158,Genista anglica,16,Genista
NC7158,Geranium dissectum,0,Geranium
NC7158,Geranium molle,0,Geranium
NC7158,Geranium nodosum,0,Geranium
NC7158,Geranium pratense,0,Geranium
NC7158,Geranium pyrenaicum,0,Geranium
NC7158,Geranium robertianum,0,Geranium
NC7158,Geum urbanum,0,Geum
NC7158,Glechoma hederacea,0,Glechoma
NC7158,Hedera helix,0,Hedera
NC7158,Helianthus annuus,0,Helianthus
NC7158,Heracleum mantegazzianum,0,Heracleum
NC7158,Heracleum sphondylium,15,Heracleum
NC7158,Hippocrepis comosa,0,Hippocrepis
NC7158,Hordeum vulgare,0,Hordeum
NC7158,Hyacinthoides non,0,Hyacinthoides
NC7158,Hypericum forrestii,0,Hypericum
NC7158,Hypericum perforatum,0,Hypericum
NC7158,Hypericum pulchrum,0,Hypericum
NC7158,Hypericum tetrapterum,0,Hypericum
NC7158,Hypochaeris radicata,0,Hypochaeris
NC7158,Ilex aquifolium,0,Ilex
NC7158,Impatiens glandulifera,0,Impatiens
NC7158,Impatiens parviflora,0,Impatiens
NC7158,Iris pseudacorus,0,Iris
NC7158,Jacobaea erucifolia,0,Jacobaea
NC7158,Jacobaea vulgaris,0,Jacobaea
NC7158,Jasione montana,0,Jasione
NC7158,Juncus conglomeratus,0,Juncus
NC7158,Juncus effusus,0,Juncus
NC7158,Knautia arvensis,0,Knautia
NC7158,Lactuca serriola,0,Lactuca
NC7158,Lamium album,0,Lamium
NC7158,Lamium galeobdolon,0,Lamium
NC7158,Lamium purpureum,0,Lamium
NC7158,Lapsana communis,0,Lapsana
NC7158,Lathyrus aphaca,0,Lathyrus
NC7158,Lathyrus linifolius,0,Lathyrus
NC7158,Lathyrus pratensis,0,Lathyrus
NC7158,Leontodon hispidus,0,Leontodon
NC7158,Leontodon saxatilis,0,Leontodon
NC7158,Leucanthemum vulgare,0,Leucanthemum
NC7158,Ligusticum scoticum,0,Ligusticum
NC7158,Limonium vulgare,0,Limonium
NC7158,Linaria vulgaris,0,Linaria
NC7158,Linum catharticum,0,Linum
NC7158,Linum usitatissimum,0,Linum
NC7158,Lonicera caprifolium,0,Lonicera
NC7158,Lonicera periclymenum,0,Lonicera
NC7158,Lotus angustissimus,0,Lotus
NC7158,Lotus corniculatus,6,Lotus
NC7158,Lotus pedunculatus,0,Lotus
NC7158,Lotus subbiflorus,0,Lotus
NC7158,Luzula campestris,0,Luzula
NC7158,Lysimachia nemorum,0,Lysimachia
NC7158,Lysimachia punctata,0,Lysimachia
NC7158,Lysimachia vulgaris,0,Lysimachia
NC7158,Lythrum alatum,0,Lythrum
NC7158,Lythrum salicaria,0,Lythrum
NC7158,Malva sylvestris,0,Malva
NC7158,Matricaria chamomilla,0,Matricaria
NC7158,Matricaria discoidea,0,Matricaria
NC7158,Medicago lupulina,0,Medicago
NC7158,Melampyrum pratense,0,Melampyrum
NC7158,Mentha aquatica,0,Mentha
NC7158,Mentha arvensis,0,Mentha
NC7158,Mercurialis perennis,0,Mercurialis
NC7158,Myosotis arvensis,0,Myosotis
NC7158,Myosotis discolor,0,Myosotis
NC7158,Myosotis sylvatica,0,Myosotis
NC7158,Narthecium ossifragum,101,Narthecium
NC7158,Odontites vernus,0,Odontites
NC7158,Oenanthe crocata,0,Oenanthe
NC7158,Origanum vulgare,0,Origanum
NC7158,Ornithopus perpusillus,0,Ornithopus
NC7158,Oxalis acetosella,0,Oxalis
NC7158,Panicum miliaceum,0,Panicum
NC7158,Papaver rhoeas,0,Papaver
NC7158,Pedicularis sylvatica,0,Pedicularis
NC7158,Persicaria amplexicaulis,0,Persicaria
NC7158,Persicaria bistorta,0,Persicaria
NC7158,Persicaria hydropiper,0,Persicaria
NC7158,Persicaria lapathifolia,0,Persicaria
NC7158,Persicaria maculosa,0,Persicaria
NC7158,Peucedanum ostruthium,0,Peucedanum
NC7158,Picris echioides,0,Picris
NC7158,Picris hieracioides,0,Picris
NC7158,Pilosella officinarum,0,Pilosella
NC7158,Pimpinella saxifraga,0,Pimpinella
NC7158,Pinguicula vulgaris,0,Pinguicula
NC7158,Plantago lanceolata,4,Plantago
NC7158,Plantago major,0,Plantago
NC7158,Plantago maritima,0,Plantago
NC7158,Poa annua,0,Poa
NC7158,Polygala serpyllifolia,18,Polygala
NC7158,Polygala vulgaris,0,Polygala
NC7158,Polygonum aviculare,0,Polygonum
NC7158,Potentilla anglica,0,Potentilla
NC7158,Potentilla anserina,0,Potentilla
NC7158,Potentilla erecta,734,Potentilla
NC7158,Potentilla recta,0,Potentilla
NC7158,Potentilla reptans,0,Potentilla
NC7158,Prunella vulgaris,0,Prunella
NC7158,Prunus spinosa,0,Prunus
NC7158,Pulicaria dysenterica,0,Pulicaria
NC7158,Ranunculus acris,21,Ranunculus
NC7158,Ranunculus bulbosus,0,Ranunculus
NC7158,Ranunculus ficaria,0,Ranunculus
NC7158,Ranunculus flammula,1,Ranunculus
NC7158,Ranunculus repens,15,Ranunculus
NC7158,Ranunculus sardous,0,Ranunculus
NC7158,Raphanus raphanistrum,0,Raphanus
NC7158,Raphanus sativus,0,Raphanus
NC7158,Rhinanthus minor,258,Rhinanthus
NC7158,Rosa arvensis,0,Rosa
NC7158,Rosa canina,0,Rosa
NC7158,Rubus caesius,0,Rubus
NC7158,Rubus fruticosus,0,Rubus
NC7158,Rubus idaeus,0,Rubus
NC7158,Rumex acetosa,51,Rumex
NC7158,Rumex acetosella,0,Rumex
NC7158,Rumex crispus,0,Rumex
NC7158,Rumex obtusifolius,0,Rumex
NC7158,Rumex sanguineus,0,Rumex
NC7158,Sagina saginoides,0,Sagina
NC7158,Sambucus nigra,0,Sambucus
NC7158,Sanguisorba officinalis,0,Sanguisorba
NC7158,Scorzoneroides autumnalis,4,Scorzoneroides
NC7158,Scrophularia auriculata,0,Scrophularia
NC7158,Scrophularia nodosa,0,Scrophularia
NC7158,Sedum anglicum,0,Sedum
NC7158,Senecio erucifolius,0,Senecio
NC7158,Senecio jacobaea,0,Senecio
NC7158,Senecio vulgaris,0,Senecio
NC7158,Sherardia arvensis,0,Sherardia
NC7158,Silene dioica,0,Silene
NC7158,Silene latifolia,0,Silene
NC7158,Silybum marianum,0,Silybum
NC7158,Sinapis alba,0,Sinapis
NC7158,Sinapis arvensis,0,Sinapis
NC7158,Sisymbrium officinale,0,Sisymbrium
NC7158,Solanum dulcamara,0,Solanum
NC7158,Solanum nigrum,0,Solanum
NC7158,Solanum tuberosum,0,Solanum
NC7158,Sonchus arvensis,0,Sonchus
NC7158,Sonchus asper,0,Sonchus
NC7158,Sonchus oleraceus,0,Sonchus
NC7158,Sorbus aucuparia,0,Sorbus
NC7158,Spergula arvensis,0,Spergula
NC7158,Spergularia media,0,Spergularia
NC7158,Stachys arvensis,0,Stachys
NC7158,Stachys palustris,0,Stachys
NC7158,Stachys sylvatica,0,Stachys
NC7158,Stellaria alsine,0,Stellaria
NC7158,Stellaria graminea,7,Stellaria
NC7158,Stellaria holostea,0,Stellaria
NC7158,Stellaria media,0,Stellaria
NC7158,Suaeda maritima,0,Suaeda
NC7158,Succisa pratensis,11,Succisa
NC7158,Symphytum officinale,0,Symphytum
NC7158,Taraxacum agg,0,Taraxacum
NC7158,Taraxacum officinale,0,Taraxacum
NC7158,Teucrium scorodonia,0,Teucrium
NC7158,Thlaspi arvense,0,Thlaspi
NC7158,Thymus polytrichus,0,Thymus
NC7158,Thymus vulgaris,0,Thymus
NC7158,Torilis japonica,0,Torilis
NC7158,Tragopogon pratensis,0,Tragopogon
NC7158,Trientalis europaea,0,Trientalis
NC7158,Trifolium arvense,0,Trifolium
NC7158,Trifolium campestre,0,Trifolium
NC7158,Trifolium constantinopolitanum,0,Trifolium
NC7158,Trifolium dubium,16,Trifolium
NC7158,Trifolium pratense,0,Trifolium
NC7158,Trifolium repens,216,Trifolium
NC7158,Tripleurospermum inodorum,0,Tripleurospermum
NC7158,Tripleurospermum maritimum,0,Tripleurospermum
NC7158,Turgenia latifolia,0,Turgenia
NC7158,Ulex europaeus,66,Ulex
NC7158,Ulex gallii,0,Ulex
NC7158,Urtica dioica,0,Urtica
NC7158,Vaccinium myrtillus,0,Vaccinium
NC7158,Vaccinium oxycoccos,0,Vaccinium
NC7158,Vaccinium vitis,0,Vaccinium
NC7158,Valeriana dioica,0,Valeriana
NC7158,Valeriana officinalis,0,Valeriana
NC7158,Verbena officinalis,0,Verbena
NC7158,Verbena x,0,Verbena
NC7158,Veronica agrestis,0,Veronica
NC7158,Veronica arvensis,0,Veronica
NC7158,Veronica beccabunga,0,Veronica
NC7158,Veronica chamaedrys,30,Veronica
NC7158,Veronica hederifolia,0,Veronica
NC7158,Veronica montana,0,Veronica
NC7158,Veronica officinalis,1,Veronica
NC7158,Veronica persica,0,Veronica
NC7158,Veronica polita,0,Veronica
NC7158,Veronica serpyllifolia,0,Veronica
NC7158,Vicia benghalensis,0,Vicia
NC7158,Vicia cracca,0,Vicia
NC7158,Vicia faba,0,Vicia
NC7158,Vicia hirsuta,0,Vicia
NC7158,Vicia lutea,0,Vicia
NC7158,Vicia sativa,2,Vicia
NC7158,Vicia sepium,0,Vicia
NC7158,Vicia spp,0,Vicia
NC7158,Vicia tetrasperma,0,Vicia
NC7158,Viola arvensis,0,Viola
NC7158,Viola canina,0,Viola
NC7158,Viola palustris,0,Viola
NC7158,Viola riviniana,0,Viola
NC7158,Zea mays,0,Zea
NJ0327,Acer pseudoplatanus,0,Acer
NJ0327,Achillea millefolium,0,Achillea
NJ0327,Achillea ptarmica,0,Achillea
NJ0327,Aegopodium podagraria,0,Aegopodium
NJ0327,Aethusa cynapium,0,Aethusa
NJ0327,Ajuga reptans,0,Ajuga
NJ0327,Alliaria petiolata,0,Alliaria
NJ0327,Alnus glutinosa,0,Alnus
NJ0327,Anagallis arvensis,0,Anagallis
NJ0327,Anchusa arvensis,0,Anchusa
NJ0327,Anemone nemorosa,0,Anemone
NJ0327,Angelica sylvestris,0,Angelica
NJ0327,Anthemis cotula,0,Anthemis
NJ0327,Anthriscus caucalis,0,Anthriscus
NJ0327,Anthriscus sylvestris,0,Anthriscus
NJ0327,Apium nodiflorum,0,Apium
NJ0327,Armeria maritima,0,Armeria
NJ0327,Artemisia absinthium,0,Artemisia
NJ0327,Artemisia annua,0,Artemisia
NJ0327,Artemisia vulgaris,0,Artemisia
NJ0327,Aster tripolium,0,Aster
NJ0327,Atriplex patula,0,Atriplex
NJ0327,Atriplex portulacoides,0,Atriplex
NJ0327,Ballota nigra,0,Ballota
NJ0327,Barbarea vulgaris,0,Barbarea
NJ0327,Bellis perennis,0,Bellis
NJ0327,Berula erecta,0,Berula
NJ0327,Brassica napus,0,Brassica
NJ0327,Brassica oleracea,0,Brassica
NJ0327,Brassica rapa,0,Brassica
NJ0327,Bryonia dioica,0,Bryonia
NJ0327,Buddleja davidii,0,Buddleja
NJ0327,Bupleurum tenuissimum,0,Bupleurum
NJ0327,Calluna vulgaris,3491,Calluna
NJ0327,Caltha palustris,0,Caltha
NJ0327,Calystegia sepium,0,Calystegia
NJ0327,Campanula rotundifolia,0,Campanula
NJ0327,Capsella bursa,0,Capsella
NJ0327,Cardamine flexuosa,0,Cardamine
NJ0327,Cardamine hirsuta,0,Cardamine
NJ0327,Cardamine pratensis,15,Cardamine
NJ0327,Carduus nutans,0,Carduus
NJ0327,Carum verticillatum,0,Carum
NJ0327,Centaurea cyanus,0,Centaurea
NJ0327,Centaurea nigra,0,Centaurea
NJ0327,Centaurea scabiosa,0,Centaurea
NJ0327,Centaurium erythraea,0,Centaurium
NJ0327,Cerastium arvense,0,Cerastium
NJ0327,Cerastium fontanum,0,Cerastium
NJ0327,Cerastium glomeratum,0,Cerastium
NJ0327,Ceratocapnos claviculata,0,Ceratocapnos
NJ0327,Chaerophyllum temulum,0,Chaerophyllum
NJ0327,Chamaemelum nobile,0,Chamaemelum
NJ0327,Chamerion angustifolium,0,Chamerion
NJ0327,Chenopodium album,0,Chenopodium
NJ0327,Chenopodium ficifolium,0,Chenopodium
NJ0327,Chenopodium quinoa,0,Chenopodium
NJ0327,Cichorium intybus,0,Cichorium
NJ0327,Circaea lutetiana,0,Circaea
NJ0327,Cirsium arvense,5,Cirsium
NJ0327,Cirsium eriophorum,0,Cirsium
NJ0327,Cirsium palustre,2,Cirsium
NJ0327,Cirsium vulgare,0,Cirsium
NJ0327,Clematis vitalba,0,Clematis
NJ0327,Clinopodium vulgare,0,Clinopodium
NJ0327,Conium maculatum,0,Conium
NJ0327,Conopodium majus,0,Conopodium
NJ0327,Convolvulus arvensis,0,Convolvulus
NJ0327,Conyza canadensis,0,Conyza
NJ0327,Cotoneaster salicifolius,0,Cotoneaster
NJ0327,Crataegus monogyna,0,Crataegus
NJ0327,Crepis capillaris,0,Crepis
NJ0327,Crepis vesicaria,0,Crepis
NJ0327,Cruciata laevipes,0,Cruciata
NJ0327,Cytisus scoparius,0,Cytisus
NJ0327,Dactylorhiza fuchsii,0,Dactylorhiza
NJ0327,Dactylorhiza maculata,0,Dactylorhiza
NJ0327,Daucus carota,0,Daucus
NJ0327,Digitalis ferruginea,0,Digitalis
NJ0327,Digitalis grandiflora,0,Digitalis
NJ0327,Digitalis purpurea,0,Digitalis
NJ0327,Dioscorea communis,0,Dioscorea
NJ0327,Doronicum plantagineum,0,Doronicum
NJ0327,Drosera anglica,0,Drosera
NJ0327,Drosera rotundifolia,0,Drosera
NJ0327,Dryas octopetala,0,Dryas
NJ0327,Epilobium hirsutum,0,Epilobium
NJ0327,Epilobium montanum,0,Epilobium
NJ0327,Epilobium obscurum,0,Epilobium
NJ0327,Epilobium palustre,0,Epilobium
NJ0327,Epilobium parviflorum,0,Epilobium
NJ0327,Epilobium roseum,0,Epilobium
NJ0327,Epilobium tetragonum,0,Epilobium
NJ0327,Erica cinerea,0,Erica
NJ0327,Erica tetralix,0,Erica
NJ0327,Eriophorum vaginatum,0,Eriophorum
NJ0327,Eupatorium cannabinum,0,Eupatorium
NJ0327,Euphorbia exigua,0,Euphorbia
NJ0327,Euphorbia helioscopia,0,Euphorbia
NJ0327,Euphrasia officinalis,0,Euphrasia
NJ0327,Fagopyrum esculentum,0,Fagopyrum
NJ0327,Fallopia convolvulus,0,Fallopia
NJ0327,Filipendula ulmaria,0,Filipendula
NJ0327,Fumaria officinalis,0,Fumaria
NJ0327,Galeopsis speciosa,0,Galeopsis
NJ0327,Galeopsis tetrahit,0,Galeopsis
NJ0327,Galium aparine,0,Galium
NJ0327,Galium mollugo,0,Galium
NJ0327,Galium odoratum,0,Galium
NJ0327,Galium palustre,0,Galium
NJ0327,Galium saxatile,778,Galium
NJ0327,Galium verum,3,Galium
NJ0327,Genista anglica,0,Genista
NJ0327,Geranium dissectum,0,Geranium
NJ0327,Geranium molle,0,Geranium
NJ0327,Geranium nodosum,0,Geranium
NJ0327,Geranium pratense,0,Geranium
NJ0327,Geranium pyrenaicum,0,Geranium
NJ0327,Geranium robertianum,0,Geranium
NJ0327,Geum urbanum,0,Geum
NJ0327,Glechoma hederacea,0,Glechoma
NJ0327,Hedera helix,0,Hedera
NJ0327,Helianthus annuus,0,Helianthus
NJ0327,Heracleum mantegazzianum,0,Heracleum
NJ0327,Heracleum sphondylium,0,Heracleum
NJ0327,Hippocrepis comosa,0,Hippocrepis
NJ0327,Hordeum vulgare,0,Hordeum
NJ0327,Hyacinthoides non,0,Hyacinthoides
NJ0327,Hypericum forrestii,0,Hypericum
NJ0327,Hypericum perforatum,0,Hypericum
NJ0327,Hypericum pulchrum,2,Hypericum
NJ0327,Hypericum tetrapterum,0,Hypericum
NJ0327,Hypochaeris radicata,0,Hypochaeris
NJ0327,Ilex aquifolium,0,Ilex
NJ0327,Impatiens glandulifera,0,Impatiens
NJ0327,Impatiens parviflora,0,Impatiens
NJ0327,Iris pseudacorus,0,Iris
NJ0327,Jacobaea erucifolia,0,Jacobaea
NJ0327,Jacobaea vulgaris,0,Jacobaea
NJ0327,Jasione montana,0,Jasione
NJ0327,Juncus conglomeratus,0,Juncus
NJ0327,Juncus effusus,0,Juncus
NJ0327,Knautia arvensis,0,Knautia
NJ0327,Lactuca serriola,0,Lactuca
NJ0327,Lamium album,0,Lamium
NJ0327,Lamium galeobdolon,0,Lamium
NJ0327,Lamium purpureum,0,Lamium
NJ0327,Lapsana communis,0,Lapsana
NJ0327,Lathyrus aphaca,0,Lathyrus
NJ0327,Lathyrus linifolius,0,Lathyrus
NJ0327,Lathyrus pratensis,0,Lathyrus
NJ0327,Leontodon hispidus,0,Leontodon
NJ0327,Leontodon saxatilis,1,Leontodon
NJ0327,Leucanthemum vulgare,0,Leucanthemum
NJ0327,Ligusticum scoticum,0,Ligusticum
NJ0327,Limonium vulgare,0,Limonium
NJ0327,Linaria vulgaris,0,Linaria
NJ0327,Linum catharticum,0,Linum
NJ0327,Linum usitatissimum,0,Linum
NJ0327,Lonicera caprifolium,0,Lonicera
NJ0327,Lonicera periclymenum,0,Lonicera
NJ0327,Lotus angustissimus,0,Lotus
NJ0327,Lotus corniculatus,0,Lotus
NJ0327,Lotus pedunculatus,0,Lotus
NJ0327,Lotus subbiflorus,0,Lotus
NJ0327,Luzula campestris,0,Luzula
NJ0327,Lysimachia nemorum,0,Lysimachia
NJ0327,Lysimachia punctata,0,Lysimachia
NJ0327,Lysimachia vulgaris,0,Lysimachia
NJ0327,Lythrum alatum,0,Lythrum
NJ0327,Lythrum salicaria,0,Lythrum
NJ0327,Malva sylvestris,0,Malva
NJ0327,Matricaria chamomilla,0,Matricaria
NJ0327,Matricaria discoidea,0,Matricaria
NJ0327,Medicago lupulina,0,Medicago
NJ0327,Melampyrum pratense,0,Melampyrum
NJ0327,Mentha aquatica,0,Mentha
NJ0327,Mentha arvensis,0,Mentha
NJ0327,Mercurialis perennis,0,Mercurialis
NJ0327,Myosotis arvensis,0,Myosotis
NJ0327,Myosotis discolor,0,Myosotis
NJ0327,Myosotis sylvatica,0,Myosotis
NJ0327,Narthecium ossifragum,0,Narthecium
NJ0327,Odontites vernus,0,Odontites
NJ0327,Oenanthe crocata,0,Oenanthe
NJ0327,Origanum vulgare,0,Origanum
NJ0327,Ornithopus perpusillus,0,Ornithopus
NJ0327,Oxalis acetosella,0,Oxalis
NJ0327,Panicum miliaceum,0,Panicum
NJ0327,Papaver rhoeas,0,Papaver
NJ0327,Pedicularis sylvatica,0,Pedicularis
NJ0327,Persicaria amplexicaulis,0,Persicaria
NJ0327,Persicaria bistorta,0,Persicaria
NJ0327,Persicaria hydropiper,0,Persicaria
NJ0327,Persicaria lapathifolia,0,Persicaria
NJ0327,Persicaria maculosa,0,Persicaria
NJ0327,Peucedanum ostruthium,0,Peucedanum
NJ0327,Picris echioides,0,Picris
NJ0327,Picris hieracioides,0,Picris
NJ0327,Pilosella officinarum,0,Pilosella
NJ0327,Pimpinella saxifraga,0,Pimpinella
NJ0327,Pinguicula vulgaris,0,Pinguicula
NJ0327,Plantago lanceolata,0,Plantago
NJ0327,Plantago major,0,Plantago
NJ0327,Plantago maritima,0,Plantago
NJ0327,Poa annua,0,Poa
NJ0327,Polygala serpyllifolia,50,Polygala
NJ0327,Polygala vulgaris,0,Polygala
NJ0327,Polygonum aviculare,0,Polygonum
NJ0327,Potentilla anglica,0,Potentilla
NJ0327,Potentilla anserina,0,Potentilla
NJ0327,Potentilla erecta,350,Potentilla
NJ0327,Potentilla recta,0,Potentilla
NJ0327,Potentilla reptans,0,Potentilla
NJ0327,Prunella vulgaris,0,Prunella
NJ0327,Prunus spinosa,0,Prunus
NJ0327,Pulicaria dysenterica,0,Pulicaria
NJ0327,Ranunculus acris,0,Ranunculus
NJ0327,Ranunculus bulbosus,0,Ranunculus
NJ0327,Ranunculus ficaria,0,Ranunculus
NJ0327,Ranunculus flammula,0,Ranunculus
NJ0327,Ranunculus repens,11,Ranunculus
NJ0327,Ranunculus sardous,0,Ranunculus
NJ0327,Raphanus raphanistrum,0,Raphanus
NJ0327,Raphanus sativus,0,Raphanus
NJ0327,Rhinanthus minor,1,Rhinanthus
NJ0327,Rosa arvensis,0,Rosa
NJ0327,Rosa canina,0,Rosa
NJ0327,Rubus caesius,0,Rubus
NJ0327,Rubus fruticosus,0,Rubus
NJ0327,Rubus idaeus,0,Rubus
NJ0327,Rumex acetosa,0,Rumex
NJ0327,Rumex acetosella,0,Rumex
NJ0327,Rumex crispus,0,Rumex
NJ0327,Rumex obtusifolius,0,Rumex
NJ0327,Rumex sanguineus,0,Rumex
NJ0327,Sagina saginoides,0,Sagina
NJ0327,Sambucus nigra,0,Sambucus
NJ0327,Sanguisorba officinalis,0,Sanguisorba
NJ0327,Scorzoneroides autumnalis,0,Scorzoneroides
NJ0327,Scrophularia auriculata,0,Scrophularia
NJ0327,Scrophularia nodosa,0,Scrophularia
NJ0327,Sedum anglicum,0,Sedum
NJ0327,Senecio erucifolius,0,Senecio
NJ0327,Senecio jacobaea,0,Senecio
NJ0327,Senecio vulgaris,0,Senecio
NJ0327,Sherardia arvensis,0,Sherardia
NJ0327,Silene dioica,0,Silene
NJ0327,Silene latifolia,0,Silene
NJ0327,Silybum marianum,0,Silybum
NJ0327,Sinapis alba,0,Sinapis
NJ0327,Sinapis arvensis,0,Sinapis
NJ0327,Sisymbrium officinale,0,Sisymbrium
NJ0327,Solanum dulcamara,0,Solanum
NJ0327,Solanum nigrum,0,Solanum
NJ0327,Solanum tuberosum,0,Solanum
NJ0327,Sonchus arvensis,0,Sonchus
NJ0327,Sonchus asper,0,Sonchus
NJ0327,Sonchus oleraceus,0,Sonchus
NJ0327,Sorbus aucuparia,0,Sorbus
NJ0327,Spergula arvensis,0,Spergula
NJ0327,Spergularia media,0,Spergularia
NJ0327,Stachys arvensis,0,Stachys
NJ0327,Stachys palustris,0,Stachys
NJ0327,Stachys sylvatica,0,Stachys
NJ0327,Stellaria alsine,0,Stellaria
NJ0327,Stellaria graminea,30,Stellaria
NJ0327,Stellaria holostea,0,Stellaria
NJ0327,Stellaria media,0,Stellaria
NJ0327,Suaeda maritima,0,Suaeda
NJ0327,Succisa pratensis,67,Succisa
NJ0327,Symphytum officinale,0,Symphytum
NJ0327,Taraxacum agg,0,Taraxacum
NJ0327,Taraxacum officinale,1,Taraxacum
NJ0327,Teucrium scorodonia,0,Teucrium
NJ0327,Thlaspi arvense,0,Thlaspi
NJ0327,Thymus polytrichus,0,Thymus
NJ0327,Thymus vulgaris,0,Thymus
NJ0327,Torilis japonica,0,Torilis
NJ0327,Tragopogon pratensis,0,Tragopogon
NJ0327,Trientalis europaea,0,Trientalis
NJ0327,Trifolium arvense,0,Trifolium
NJ0327,Trifolium campestre,0,Trifolium
NJ0327,Trifolium constantinopolitanum,0,Trifolium
NJ0327,Trifolium dubium,0,Trifolium
NJ0327,Trifolium pratense,0,Trifolium
NJ0327,Trifolium repens,0,Trifolium
NJ0327,Tripleurospermum inodorum,0,Tripleurospermum
NJ0327,Tripleurospermum maritimum,0,Tripleurospermum
NJ0327,Turgenia latifolia,0,Turgenia
NJ0327,Ulex europaeus,0,Ulex
NJ0327,Ulex gallii,0,Ulex
NJ0327,Urtica dioica,0,Urtica
NJ0327,Vaccinium myrtillus,834,Vaccinium
NJ0327,Vaccinium oxycoccos,0,Vaccinium
NJ0327,Vaccinium vitis,45,Vaccinium
NJ0327,Valeriana dioica,0,Valeriana
NJ0327,Valeriana officinalis,0,Valeriana
NJ0327,Verbena officinalis,0,Verbena
NJ0327,Verbena x,0,Verbena
NJ0327,Veronica agrestis,0,Veronica
NJ0327,Veronica arvensis,0,Veronica
NJ0327,Veronica beccabunga,0,Veronica
NJ0327,Veronica chamaedrys,0,Veronica
NJ0327,Veronica hederifolia,0,Veronica
NJ0327,Veronica montana,0,Veronica
NJ0327,Veronica officinalis,2,Veronica
NJ0327,Veronica persica,0,Veronica
NJ0327,Veronica polita,0,Veronica
NJ0327,Veronica serpyllifolia,0,Veronica
NJ0327,Vicia benghalensis,0,Vicia
NJ0327,Vicia cracca,2,Vicia
NJ0327,Vicia faba,0,Vicia
NJ0327,Vicia hirsuta,0,Vicia
NJ0327,Vicia lutea,0,Vicia
NJ0327,Vicia sativa,0,Vicia
NJ0327,Vicia sepium,0,Vicia
NJ0327,Vicia spp,0,Vicia
NJ0327,Vicia tetrasperma,0,Vicia
NJ0327,Viola arvensis,0,Viola
NJ0327,Viola canina,0,Viola
NJ0327,Viola palustris,0,Viola
NJ0327,Viola riviniana,2,Viola
NJ0327,Zea mays,0,Zea
NJ6415,Acer pseudoplatanus,0,Acer
NJ6415,Achillea millefolium,0,Achillea
NJ6415,Achillea ptarmica,0,Achillea
NJ6415,Aegopodium podagraria,0,Aegopodium
NJ6415,Aethusa cynapium,0,Aethusa
NJ6415,Ajuga reptans,0,Ajuga
NJ6415,Alliaria petiolata,0,Alliaria
NJ6415,Alnus glutinosa,0,Alnus
NJ6415,Anagallis arvensis,0,Anagallis
NJ6415,Anchusa arvensis,0,Anchusa
NJ6415,Anemone nemorosa,0,Anemone
NJ6415,Angelica sylvestris,0,Angelica
NJ6415,Anthemis cotula,0,Anthemis
NJ6415,Anthriscus caucalis,0,Anthriscus
NJ6415,Anthriscus sylvestris,0,Anthriscus
NJ6415,Apium nodiflorum,0,Apium
NJ6415,Armeria maritima,0,Armeria
NJ6415,Artemisia absinthium,0,Artemisia
NJ6415,Artemisia annua,0,Artemisia
NJ6415,Artemisia vulgaris,0,Artemisia
NJ6415,Aster tripolium,0,Aster
NJ6415,Atriplex patula,0,Atriplex
NJ6415,Atriplex portulacoides,0,Atriplex
NJ6415,Ballota nigra,0,Ballota
NJ6415,Barbarea vulgaris,0,Barbarea
NJ6415,Bellis perennis,0,Bellis
NJ6415,Berula erecta,0,Berula
NJ6415,Brassica napus,0,Brassica
NJ6415,Brassica oleracea,0,Brassica
NJ6415,Brassica rapa,0,Brassica
NJ6415,Bryonia dioica,0,Bryonia
NJ6415,Buddleja davidii,0,Buddleja
NJ6415,Bupleurum tenuissimum,0,Bupleurum
NJ6415,Calluna vulgaris,54475,Calluna
NJ6415,Caltha palustris,0,Caltha
NJ6415,Calystegia sepium,0,Calystegia
NJ6415,Campanula rotundifolia,0,Campanula
NJ6415,Capsella bursa,0,Capsella
NJ6415,Cardamine flexuosa,0,Cardamine
NJ6415,Cardamine hirsuta,0,Cardamine
NJ6415,Cardamine pratensis,0,Cardamine
NJ6415,Carduus nutans,0,Carduus
NJ6415,Carum verticillatum,0,Carum
NJ6415,Centaurea cyanus,0,Centaurea
NJ6415,Centaurea nigra,0,Centaurea
NJ6415,Centaurea scabiosa,0,Centaurea
NJ6415,Centaurium erythraea,0,Centaurium
NJ6415,Cerastium arvense,0,Cerastium
NJ6415,Cerastium fontanum,0,Cerastium
NJ6415,Cerastium glomeratum,0,Cerastium
NJ6415,Ceratocapnos claviculata,53,Ceratocapnos
NJ6415,Chaerophyllum temulum,0,Chaerophyllum
NJ6415,Chamaemelum nobile,0,Chamaemelum
NJ6415,Chamerion angustifolium,0,Chamerion
NJ6415,Chenopodium album,0,Chenopodium
NJ6415,Chenopodium ficifolium,0,Chenopodium
NJ6415,Chenopodium quinoa,0,Chenopodium
NJ6415,Cichorium intybus,0,Cichorium
NJ6415,Circaea lutetiana,0,Circaea
NJ6415,Cirsium arvense,0,Cirsium
NJ6415,Cirsium eriophorum,0,Cirsium
NJ6415,Cirsium palustre,9,Cirsium
NJ6415,Cirsium vulgare,0,Cirsium
NJ6415,Clematis vitalba,0,Clematis
NJ6415,Clinopodium vulgare,0,Clinopodium
NJ6415,Conium maculatum,0,Conium
NJ6415,Conopodium majus,0,Conopodium
NJ6415,Convolvulus arvensis,0,Convolvulus
NJ6415,Conyza canadensis,0,Conyza
NJ6415,Cotoneaster salicifolius,0,Cotoneaster
NJ6415,Crataegus monogyna,0,Crataegus
NJ6415,Crepis capillaris,0,Crepis
NJ6415,Crepis vesicaria,0,Crepis
NJ6415,Cruciata laevipes,0,Cruciata
NJ6415,Cytisus scoparius,0,Cytisus
NJ6415,Dactylorhiza fuchsii,0,Dactylorhiza
NJ6415,Dactylorhiza maculata,0,Dactylorhiza
NJ6415,Daucus carota,0,Daucus
NJ6415,Digitalis ferruginea,160,Digitalis
NJ6415,Digitalis grandiflora,0,Digitalis
NJ6415,Digitalis purpurea,10,Digitalis
NJ6415,Dioscorea communis,0,Dioscorea
NJ6415,Doronicum plantagineum,0,Doronicum
NJ6415,Drosera anglica,0,Drosera
NJ6415,Drosera rotundifolia,0,Drosera
NJ6415,Dryas octopetala,0,Dryas
NJ6415,Epilobium hirsutum,0,Epilobium
NJ6415,Epilobium montanum,0,Epilobium
NJ6415,Epilobium obscurum,0,Epilobium
NJ6415,Epilobium palustre,0,Epilobium
NJ6415,Epilobium parviflorum,0,Epilobium
NJ6415,Epilobium roseum,0,Epilobium
NJ6415,Epilobium tetragonum,0,Epilobium
NJ6415,Erica cinerea,1361,Erica
NJ6415,Erica tetralix,0,Erica
NJ6415,Eriophorum vaginatum,0,Eriophorum
NJ6415,Eupatorium cannabinum,0,Eupatorium
NJ6415,Euphorbia exigua,0,Euphorbia
NJ6415,Euphorbia helioscopia,0,Euphorbia
NJ6415,Euphrasia officinalis,0,Euphrasia
NJ6415,Fagopyrum esculentum,0,Fagopyrum
NJ6415,Fallopia convolvulus,0,Fallopia
NJ6415,Filipendula ulmaria,0,Filipendula
NJ6415,Fumaria officinalis,0,Fumaria
NJ6415,Galeopsis speciosa,0,Galeopsis
NJ6415,Galeopsis tetrahit,0,Galeopsis
NJ6415,Galium aparine,0,Galium
NJ6415,Galium mollugo,0,Galium
NJ6415,Galium odoratum,0,Galium
NJ6415,Galium palustre,0,Galium
NJ6415,Galium saxatile,6160,Galium
NJ6415,Galium verum,0,Galium
NJ6415,Genista anglica,0,Genista
NJ6415,Geranium dissectum,0,Geranium
NJ6415,Geranium molle,0,Geranium
NJ6415,Geranium nodosum,0,Geranium
NJ6415,Geranium pratense,0,Geranium
NJ6415,Geranium pyrenaicum,0,Geranium
NJ6415,Geranium robertianum,0,Geranium
NJ6415,Geum urbanum,0,Geum
NJ6415,Glechoma hederacea,0,Glechoma
NJ6415,Hedera helix,0,Hedera
NJ6415,Helianthus annuus,0,Helianthus
NJ6415,Heracleum mantegazzianum,0,Heracleum
NJ6415,Heracleum sphondylium,0,Heracleum
NJ6415,Hippocrepis comosa,0,Hippocrepis
NJ6415,Hordeum vulgare,0,Hordeum
NJ6415,Hyacinthoides non,0,Hyacinthoides
NJ6415,Hypericum forrestii,0,Hypericum
NJ6415,Hypericum perforatum,0,Hypericum
NJ6415,Hypericum pulchrum,0,Hypericum
NJ6415,Hypericum tetrapterum,0,Hypericum
NJ6415,Hypochaeris radicata,0,Hypochaeris
NJ6415,Ilex aquifolium,0,Ilex
NJ6415,Impatiens glandulifera,0,Impatiens
NJ6415,Impatiens parviflora,0,Impatiens
NJ6415,Iris pseudacorus,0,Iris
NJ6415,Jacobaea erucifolia,0,Jacobaea
NJ6415,Jacobaea vulgaris,0,Jacobaea
NJ6415,Jasione montana,0,Jasione
NJ6415,Juncus conglomeratus,0,Juncus
NJ6415,Juncus effusus,0,Juncus
NJ6415,Knautia arvensis,0,Knautia
NJ6415,Lactuca serriola,0,Lactuca
NJ6415,Lamium album,0,Lamium
NJ6415,Lamium galeobdolon,0,Lamium
NJ6415,Lamium purpureum,0,Lamium
NJ6415,Lapsana communis,0,Lapsana
NJ6415,Lathyrus aphaca,0,Lathyrus
NJ6415,Lathyrus linifolius,0,Lathyrus
NJ6415,Lathyrus pratensis,0,Lathyrus
NJ6415,Leontodon hispidus,0,Leontodon
NJ6415,Leontodon saxatilis,0,Leontodon
NJ6415,Leucanthemum vulgare,0,Leucanthemum
NJ6415,Ligusticum scoticum,0,Ligusticum
NJ6415,Limonium vulgare,0,Limonium
NJ6415,Linaria vulgaris,0,Linaria
NJ6415,Linum catharticum,0,Linum
NJ6415,Linum usitatissimum,0,Linum
NJ6415,Lonicera caprifolium,0,Lonicera
NJ6415,Lonicera periclymenum,0,Lonicera
NJ6415,Lotus angustissimus,0,Lotus
NJ6415,Lotus corniculatus,0,Lotus
NJ6415,Lotus pedunculatus,0,Lotus
NJ6415,Lotus subbiflorus,0,Lotus
NJ6415,Luzula campestris,0,Luzula
NJ6415,Lysimachia nemorum,0,Lysimachia
NJ6415,Lysimachia punctata,0,Lysimachia
NJ6415,Lysimachia vulgaris,0,Lysimachia
NJ6415,Lythrum alatum,0,Lythrum
NJ6415,Lythrum salicaria,0,Lythrum
NJ6415,Malva sylvestris,0,Malva
NJ6415,Matricaria chamomilla,0,Matricaria
NJ6415,Matricaria discoidea,0,Matricaria
NJ6415,Medicago lupulina,0,Medicago
NJ6415,Melampyrum pratense,0,Melampyrum
NJ6415,Mentha aquatica,0,Mentha
NJ6415,Mentha arvensis,0,Mentha
NJ6415,Mercurialis perennis,0,Mercurialis
NJ6415,Myosotis arvensis,0,Myosotis
NJ6415,Myosotis discolor,0,Myosotis
NJ6415,Myosotis sylvatica,0,Myosotis
NJ6415,Narthecium ossifragum,0,Narthecium
NJ6415,Odontites vernus,0,Odontites
NJ6415,Oenanthe crocata,0,Oenanthe
NJ6415,Origanum vulgare,0,Origanum
NJ6415,Ornithopus perpusillus,0,Ornithopus
NJ6415,Oxalis acetosella,0,Oxalis
NJ6415,Panicum miliaceum,0,Panicum
NJ6415,Papaver rhoeas,0,Papaver
NJ6415,Pedicularis sylvatica,0,Pedicularis
NJ6415,Persicaria amplexicaulis,0,Persicaria
NJ6415,Persicaria bistorta,0,Persicaria
NJ6415,Persicaria hydropiper,0,Persicaria
NJ6415,Persicaria lapathifolia,0,Persicaria
NJ6415,Persicaria maculosa,0,Persicaria
NJ6415,Peucedanum ostruthium,0,Peucedanum
NJ6415,Picris echioides,0,Picris
NJ6415,Picris hieracioides,0,Picris
NJ6415,Pilosella officinarum,0,Pilosella
NJ6415,Pimpinella saxifraga,0,Pimpinella
NJ6415,Pinguicula vulgaris,0,Pinguicula
NJ6415,Plantago lanceolata,0,Plantago
NJ6415,Plantago major,0,Plantago
NJ6415,Plantago maritima,0,Plantago
NJ6415,Poa annua,0,Poa
NJ6415,Polygala serpyllifolia,0,Polygala
NJ6415,Polygala vulgaris,0,Polygala
NJ6415,Polygonum aviculare,0,Polygonum
NJ6415,Potentilla anglica,0,Potentilla
NJ6415,Potentilla anserina,0,Potentilla
NJ6415,Potentilla erecta,0,Potentilla
NJ6415,Potentilla recta,0,Potentilla
NJ6415,Potentilla reptans,0,Potentilla
NJ6415,Prunella vulgaris,0,Prunella
NJ6415,Prunus spinosa,0,Prunus
NJ6415,Pulicaria dysenterica,0,Pulicaria
NJ6415,Ranunculus acris,0,Ranunculus
NJ6415,Ranunculus bulbosus,0,Ranunculus
NJ6415,Ranunculus ficaria,0,Ranunculus
NJ6415,Ranunculus flammula,0,Ranunculus
NJ6415,Ranunculus repens,0,Ranunculus
NJ6415,Ranunculus sardous,0,Ranunculus
NJ6415,Raphanus raphanistrum,0,Raphanus
NJ6415,Raphanus sativus,0,Raphanus
NJ6415,Rhinanthus minor,0,Rhinanthus
NJ6415,Rosa arvensis,0,Rosa
NJ6415,Rosa canina,0,Rosa
NJ6415,Rubus caesius,0,Rubus
NJ6415,Rubus fruticosus,0,Rubus
NJ6415,Rubus idaeus,0,Rubus
NJ6415,Rumex acetosa,0,Rumex
NJ6415,Rumex acetosella,0,Rumex
NJ6415,Rumex crispus,0,Rumex
NJ6415,Rumex obtusifolius,0,Rumex
NJ6415,Rumex sanguineus,0,Rumex
NJ6415,Sagina saginoides,0,Sagina
NJ6415,Sambucus nigra,0,Sambucus
NJ6415,Sanguisorba officinalis,0,Sanguisorba
NJ6415,Scorzoneroides autumnalis,0,Scorzoneroides
NJ6415,Scrophularia auriculata,0,Scrophularia
NJ6415,Scrophularia nodosa,0,Scrophularia
NJ6415,Sedum anglicum,0,Sedum
NJ6415,Senecio erucifolius,0,Senecio
NJ6415,Senecio jacobaea,0,Senecio
NJ6415,Senecio vulgaris,0,Senecio
NJ6415,Sherardia arvensis,0,Sherardia
NJ6415,Silene dioica,0,Silene
NJ6415,Silene latifolia,0,Silene
NJ6415,Silybum marianum,0,Silybum
NJ6415,Sinapis alba,0,Sinapis
NJ6415,Sinapis arvensis,0,Sinapis
NJ6415,Sisymbrium officinale,0,Sisymbrium
NJ6415,Solanum dulcamara,0,Solanum
NJ6415,Solanum nigrum,0,Solanum
NJ6415,Solanum tuberosum,0,Solanum
NJ6415,Sonchus arvensis,0,Sonchus
NJ6415,Sonchus asper,0,Sonchus
NJ6415,Sonchus oleraceus,0,Sonchus
NJ6415,Sorbus aucuparia,0,Sorbus
NJ6415,Spergula arvensis,0,Spergula
NJ6415,Spergularia media,0,Spergularia
NJ6415,Stachys arvensis,0,Stachys
NJ6415,Stachys palustris,0,Stachys
NJ6415,Stachys sylvatica,0,Stachys
NJ6415,Stellaria alsine,0,Stellaria
NJ6415,Stellaria graminea,1,Stellaria
NJ6415,Stellaria holostea,0,Stellaria
NJ6415,Stellaria media,0,Stellaria
NJ6415,Suaeda maritima,0,Suaeda
NJ6415,Succisa pratensis,0,Succisa
NJ6415,Symphytum officinale,0,Symphytum
NJ6415,Taraxacum agg,0,Taraxacum
NJ6415,Taraxacum officinale,0,Taraxacum
NJ6415,Teucrium scorodonia,0,Teucrium
NJ6415,Thlaspi arvense,0,Thlaspi
NJ6415,Thymus polytrichus,0,Thymus
NJ6415,Thymus vulgaris,0,Thymus
NJ6415,Torilis japonica,0,Torilis
NJ6415,Tragopogon pratensis,0,Tragopogon
NJ6415,Trientalis europaea,16,Trientalis
NJ6415,Trifolium arvense,0,Trifolium
NJ6415,Trifolium campestre,0,Trifolium
NJ6415,Trifolium constantinopolitanum,0,Trifolium
NJ6415,Trifolium dubium,0,Trifolium
NJ6415,Trifolium pratense,0,Trifolium
NJ6415,Trifolium repens,0,Trifolium
NJ6415,Tripleurospermum inodorum,0,Tripleurospermum
NJ6415,Tripleurospermum maritimum,0,Tripleurospermum
NJ6415,Turgenia latifolia,0,Turgenia
NJ6415,Ulex europaeus,0,Ulex
NJ6415,Ulex gallii,0,Ulex
NJ6415,Urtica dioica,0,Urtica
NJ6415,Vaccinium myrtillus,0,Vaccinium
NJ6415,Vaccinium oxycoccos,0,Vaccinium
NJ6415,Vaccinium vitis,3,Vaccinium
NJ6415,Valeriana dioica,0,Valeriana
NJ6415,Valeriana officinalis,0,Valeriana
NJ6415,Verbena officinalis,0,Verbena
NJ6415,Verbena x,0,Verbena
NJ6415,Veronica agrestis,0,Veronica
NJ6415,Veronica arvensis,0,Veronica
NJ6415,Veronica beccabunga,0,Veronica
NJ6415,Veronica chamaedrys,0,Veronica
NJ6415,Veronica hederifolia,0,Veronica
NJ6415,Veronica montana,0,Veronica
NJ6415,Veronica officinalis,0,Veronica
NJ6415,Veronica persica,0,Veronica
NJ6415,Veronica polita,0,Veronica
NJ6415,Veronica serpyllifolia,0,Veronica
NJ6415,Vicia benghalensis,0,Vicia
NJ6415,Vicia cracca,0,Vicia
NJ6415,Vicia faba,0,Vicia
NJ6415,Vicia hirsuta,0,Vicia
NJ6415,Vicia lutea,0,Vicia
NJ6415,Vicia sativa,0,Vicia
NJ6415,Vicia sepium,0,Vicia
NJ6415,Vicia spp,0,Vicia
NJ6415,Vicia tetrasperma,0,Vicia
NJ6415,Viola arvensis,0,Viola
NJ6415,Viola canina,0,Viola
NJ6415,Viola palustris,0,Viola
NJ6415,Viola riviniana,0,Viola
NJ6415,Zea mays,0,Zea
NJ7638,Acer pseudoplatanus,0,Acer
NJ7638,Achillea millefolium,0,Achillea
NJ7638,Achillea ptarmica,0,Achillea
NJ7638,Aegopodium podagraria,18,Aegopodium
NJ7638,Aethusa cynapium,0,Aethusa
NJ7638,Ajuga reptans,0,Ajuga
NJ7638,Alliaria petiolata,0,Alliaria
NJ7638,Alnus glutinosa,0,Alnus
NJ7638,Anagallis arvensis,0,Anagallis
NJ7638,Anchusa arvensis,0,Anchusa
NJ7638,Anemone nemorosa,0,Anemone
NJ7638,Angelica sylvestris,4,Angelica
NJ7638,Anthemis cotula,0,Anthemis
NJ7638,Anthriscus caucalis,0,Anthriscus
NJ7638,Anthriscus sylvestris,4,Anthriscus
NJ7638,Apium nodiflorum,0,Apium
NJ7638,Armeria maritima,0,Armeria
NJ7638,Artemisia absinthium,0,Artemisia
NJ7638,Artemisia annua,0,Artemisia
NJ7638,Artemisia vulgaris,0,Artemisia
NJ7638,Aster tripolium,0,Aster
NJ7638,Atriplex patula,0,Atriplex
NJ7638,Atriplex portulacoides,0,Atriplex
NJ7638,Ballota nigra,0,Ballota
NJ7638,Barbarea vulgaris,0,Barbarea
NJ7638,Bellis perennis,0,Bellis
NJ7638,Berula erecta,0,Berula
NJ7638,Brassica napus,0,Brassica
NJ7638,Brassica oleracea,0,Brassica
NJ7638,Brassica rapa,0,Brassica
NJ7638,Bryonia dioica,0,Bryonia
NJ7638,Buddleja davidii,0,Buddleja
NJ7638,Bupleurum tenuissimum,0,Bupleurum
NJ7638,Calluna vulgaris,0,Calluna
NJ7638,Caltha palustris,0,Caltha
NJ7638,Calystegia sepium,0,Calystegia
NJ7638,Campanula rotundifolia,0,Campanula
NJ7638,Capsella bursa,0,Capsella
NJ7638,Cardamine flexuosa,0,Cardamine
NJ7638,Cardamine hirsuta,0,Cardamine
NJ7638,Cardamine pratensis,0,Cardamine
NJ7638,Carduus nutans,0,Carduus
NJ7638,Carum verticillatum,0,Carum
NJ7638,Centaurea cyanus,0,Centaurea
NJ7638,Centaurea nigra,0,Centaurea
NJ7638,Centaurea scabiosa,0,Centaurea
NJ7638,Centaurium erythraea,0,Centaurium
NJ7638,Cerastium arvense,0,Cerastium
NJ7638,Cerastium fontanum,0,Cerastium
NJ7638,Cerastium glomeratum,0,Cerastium
NJ7638,Ceratocapnos claviculata,0,Ceratocapnos
NJ7638,Chaerophyllum temulum,0,Chaerophyllum
NJ7638,Chamaemelum nobile,0,Chamaemelum
NJ7638,Chamerion angustifolium,205.16666666666666,Chamerion
NJ7638,Chenopodium album,0,Chenopodium
NJ7638,Chenopodium ficifolium,0,Chenopodium
NJ7638,Chenopodium quinoa,0,Chenopodium
NJ7638,Cichorium intybus,0,Cichorium
NJ7638,Circaea lutetiana,0,Circaea
NJ7638,Cirsium arvense,0,Cirsium
NJ7638,Cirsium eriophorum,0,Cirsium
NJ7638,Cirsium palustre,0,Cirsium
NJ7638,Cirsium vulgare,0,Cirsium
NJ7638,Clematis vitalba,0,Clematis
NJ7638,Clinopodium vulgare,0,Clinopodium
NJ7638,Conium maculatum,0,Conium
NJ7638,Conopodium majus,0,Conopodium
NJ7638,Convolvulus arvensis,0,Convolvulus
NJ7638,Conyza canadensis,0,Conyza
NJ7638,Cotoneaster salicifolius,0,Cotoneaster
NJ7638,Crataegus monogyna,0,Crataegus
NJ7638,Crepis capillaris,0,Crepis
NJ7638,Crepis vesicaria,0,Crepis
NJ7638,Cruciata laevipes,0,Cruciata
NJ7638,Cytisus scoparius,0,Cytisus
NJ7638,Dactylorhiza fuchsii,0,Dactylorhiza
NJ7638,Dactylorhiza maculata,0,Dactylorhiza
NJ7638,Daucus carota,0,Daucus
NJ7638,Digitalis ferruginea,0,Digitalis
NJ7638,Digitalis grandiflora,0,Digitalis
NJ7638,Digitalis purpurea,0,Digitalis
NJ7638,Dioscorea communis,0,Dioscorea
NJ7638,Doronicum plantagineum,0,Doronicum
NJ7638,Drosera anglica,0,Drosera
NJ7638,Drosera rotundifolia,0,Drosera
NJ7638,Dryas octopetala,18,Dryas
NJ7638,Epilobium hirsutum,0,Epilobium
NJ7638,Epilobium montanum,35,Epilobium
NJ7638,Epilobium obscurum,0,Epilobium
NJ7638,Epilobium palustre,0,Epilobium
NJ7638,Epilobium parviflorum,0,Epilobium
NJ7638,Epilobium roseum,0,Epilobium
NJ7638,Epilobium tetragonum,0,Epilobium
NJ7638,Erica cinerea,0,Erica
NJ7638,Erica tetralix,0,Erica
NJ7638,Eriophorum vaginatum,0,Eriophorum
NJ7638,Eupatorium cannabinum,0,Eupatorium
NJ7638,Euphorbia exigua,0,Euphorbia
NJ7638,Euphorbia helioscopia,0,Euphorbia
NJ7638,Euphrasia officinalis,0,Euphrasia
NJ7638,Fagopyrum esculentum,0,Fagopyrum
NJ7638,Fallopia convolvulus,0,Fallopia
NJ7638,Filipendula ulmaria,0,Filipendula
NJ7638,Fumaria officinalis,0,Fumaria
NJ7638,Galeopsis speciosa,0,Galeopsis
NJ7638,Galeopsis tetrahit,0,Galeopsis
NJ7638,Galium aparine,350,Galium
NJ7638,Galium mollugo,0,Galium
NJ7638,Galium odoratum,0,Galium
NJ7638,Galium palustre,0,Galium
NJ7638,Galium saxatile,0,Galium
NJ7638,Galium verum,0,Galium
NJ7638,Genista anglica,0,Genista
NJ7638,Geranium dissectum,0,Geranium
NJ7638,Geranium molle,0,Geranium
NJ7638,Geranium nodosum,0,Geranium
NJ7638,Geranium pratense,0,Geranium
NJ7638,Geranium pyrenaicum,0,Geranium
NJ7638,Geranium robertianum,0,Geranium
NJ7638,Geum urbanum,9,Geum
NJ7638,Glechoma hederacea,0,Glechoma
NJ7638,Hedera helix,0,Hedera
NJ7638,Helianthus annuus,0,Helianthus
NJ7638,Heracleum mantegazzianum,0,Heracleum
NJ7638,Heracleum sphondylium,11,Heracleum
NJ7638,Hippocrepis comosa,0,Hippocrepis
NJ7638,Hordeum vulgare,0,Hordeum
NJ7638,Hyacinthoides non,0,Hyacinthoides
NJ7638,Hypericum forrestii,0,Hypericum
NJ7638,Hypericum perforatum,0,Hypericum
NJ7638,Hypericum pulchrum,0,Hypericum
NJ7638,Hypericum tetrapterum,0,Hypericum
NJ7638,Hypochaeris radicata,0,Hypochaeris
NJ7638,Ilex aquifolium,0,Ilex
NJ7638,Impatiens glandulifera,0,Impatiens
NJ7638,Impatiens parviflora,0,Impatiens
NJ7638,Iris pseudacorus,0,Iris
NJ7638,Jacobaea erucifolia,0,Jacobaea
NJ7638,Jacobaea vulgaris,0,Jacobaea
NJ7638,Jasione montana,0,Jasione
NJ7638,Juncus conglomeratus,0,Juncus
NJ7638,Juncus effusus,0,Juncus
NJ7638,Knautia arvensis,0,Knautia
NJ7638,Lactuca serriola,0,Lactuca
NJ7638,Lamium album,0,Lamium
NJ7638,Lamium galeobdolon,0,Lamium
NJ7638,Lamium purpureum,0,Lamium
NJ7638,Lapsana communis,34,Lapsana
NJ7638,Lathyrus aphaca,0,Lathyrus
NJ7638,Lathyrus linifolius,0,Lathyrus
NJ7638,Lathyrus pratensis,0,Lathyrus
NJ7638,Leontodon hispidus,0,Leontodon
NJ7638,Leontodon saxatilis,0,Leontodon
NJ7638,Leucanthemum vulgare,0,Leucanthemum
NJ7638,Ligusticum scoticum,0,Ligusticum
NJ7638,Limonium vulgare,0,Limonium
NJ7638,Linaria vulgaris,0,Linaria
NJ7638,Linum catharticum,0,Linum
NJ7638,Linum usitatissimum,0,Linum
NJ7638,Lonicera caprifolium,0,Lonicera
NJ7638,Lonicera periclymenum,0,Lonicera
NJ7638,Lotus angustissimus,0,Lotus
NJ7638,Lotus corniculatus,0,Lotus
NJ7638,Lotus pedunculatus,0,Lotus
NJ7638,Lotus subbiflorus,0,Lotus
NJ7638,Luzula campestris,0,Luzula
NJ7638,Lysimachia nemorum,0,Lysimachia
NJ7638,Lysimachia punctata,0,Lysimachia
NJ7638,Lysimachia vulgaris,0,Lysimachia
NJ7638,Lythrum alatum,0,Lythrum
NJ7638,Lythrum salicaria,0,Lythrum
NJ7638,Malva sylvestris,0,Malva
NJ7638,Matricaria chamomilla,0,Matricaria
NJ7638,Matricaria discoidea,0,Matricaria
NJ7638,Medicago lupulina,0,Medicago
NJ7638,Melampyrum pratense,0,Melampyrum
NJ7638,Mentha aquatica,0,Mentha
NJ7638,Mentha arvensis,0,Mentha
NJ7638,Mercurialis perennis,0,Mercurialis
NJ7638,Myosotis arvensis,385,Myosotis
NJ7638,Myosotis discolor,0,Myosotis
NJ7638,Myosotis sylvatica,0,Myosotis
NJ7638,Narthecium ossifragum,0,Narthecium
NJ7638,Odontites vernus,0,Odontites
NJ7638,Oenanthe crocata,0,Oenanthe
NJ7638,Origanum vulgare,0,Origanum
NJ7638,Ornithopus perpusillus,0,Ornithopus
NJ7638,Oxalis acetosella,0,Oxalis
NJ7638,Panicum miliaceum,0,Panicum
NJ7638,Papaver rhoeas,0,Papaver
NJ7638,Pedicularis sylvatica,0,Pedicularis
NJ7638,Persicaria amplexicaulis,0,Persicaria
NJ7638,Persicaria bistorta,0,Persicaria
NJ7638,Persicaria hydropiper,0,Persicaria
NJ7638,Persicaria lapathifolia,0,Persicaria
NJ7638,Persicaria maculosa,0,Persicaria
NJ7638,Peucedanum ostruthium,6,Peucedanum
NJ7638,Picris echioides,0,Picris
NJ7638,Picris hieracioides,0,Picris
NJ7638,Pilosella officinarum,1,Pilosella
NJ7638,Pimpinella saxifraga,0,Pimpinella
NJ7638,Pinguicula vulgaris,0,Pinguicula
NJ7638,Plantago lanceolata,0,Plantago
NJ7638,Plantago major,0,Plantago
NJ7638,Plantago maritima,0,Plantago
NJ7638,Poa annua,0,Poa
NJ7638,Polygala serpyllifolia,0,Polygala
NJ7638,Polygala vulgaris,0,Polygala
NJ7638,Polygonum aviculare,0,Polygonum
NJ7638,Potentilla anglica,0,Potentilla
NJ7638,Potentilla anserina,0,Potentilla
NJ7638,Potentilla erecta,0,Potentilla
NJ7638,Potentilla recta,0,Potentilla
NJ7638,Potentilla reptans,0,Potentilla
NJ7638,Prunella vulgaris,6,Prunella
NJ7638,Prunus spinosa,0,Prunus
NJ7638,Pulicaria dysenterica,0,Pulicaria
NJ7638,Ranunculus acris,0,Ranunculus
NJ7638,Ranunculus bulbosus,0,Ranunculus
NJ7638,Ranunculus ficaria,0,Ranunculus
NJ7638,Ranunculus flammula,0,Ranunculus
NJ7638,Ranunculus repens,488,Ranunculus
NJ7638,Ranunculus sardous,0,Ranunculus
NJ7638,Raphanus raphanistrum,0,Raphanus
NJ7638,Raphanus sativus,0,Raphanus
NJ7638,Rhinanthus minor,0,Rhinanthus
NJ7638,Rosa arvensis,0,Rosa
NJ7638,Rosa canina,0,Rosa
NJ7638,Rubus caesius,0,Rubus
NJ7638,Rubus fruticosus,0,Rubus
NJ7638,Rubus idaeus,0,Rubus
NJ7638,Rumex acetosa,0,Rumex
NJ7638,Rumex acetosella,0,Rumex
NJ7638,Rumex crispus,0,Rumex
NJ7638,Rumex obtusifolius,0,Rumex
NJ7638,Rumex sanguineus,0,Rumex
NJ7638,Sagina saginoides,0,Sagina
NJ7638,Sambucus nigra,0,Sambucus
NJ7638,Sanguisorba officinalis,0,Sanguisorba
NJ7638,Scorzoneroides autumnalis,0,Scorzoneroides
NJ7638,Scrophularia auriculata,0,Scrophularia
NJ7638,Scrophularia nodosa,0,Scrophularia
NJ7638,Sedum anglicum,0,Sedum
NJ7638,Senecio erucifolius,0,Senecio
NJ7638,Senecio jacobaea,7,Senecio
NJ7638,Senecio vulgaris,0,Senecio
NJ7638,Sherardia arvensis,0,Sherardia
NJ7638,Silene dioica,0,Silene
NJ7638,Silene latifolia,0,Silene
NJ7638,Silybum marianum,0,Silybum
NJ7638,Sinapis alba,0,Sinapis
NJ7638,Sinapis arvensis,0,Sinapis
NJ7638,Sisymbrium officinale,0,Sisymbrium
NJ7638,Solanum dulcamara,0,Solanum
NJ7638,Solanum nigrum,0,Solanum
NJ7638,Solanum tuberosum,0,Solanum
NJ7638,Sonchus arvensis,0,Sonchus
NJ7638,Sonchus asper,2,Sonchus
NJ7638,Sonchus oleraceus,0,Sonchus
NJ7638,Sorbus aucuparia,0,Sorbus
NJ7638,Spergula arvensis,0,Spergula
NJ7638,Spergularia media,0,Spergularia
NJ7638,Stachys arvensis,0,Stachys
NJ7638,Stachys palustris,0,Stachys
NJ7638,Stachys sylvatica,0,Stachys
NJ7638,Stellaria alsine,0,Stellaria
NJ7638,Stellaria graminea,8,Stellaria
NJ7638,Stellaria holostea,0,Stellaria
NJ7638,Stellaria media,0,Stellaria
NJ7638,Suaeda maritima,0,Suaeda
NJ7638,Succisa pratensis,0,Succisa
NJ7638,Symphytum officinale,0,Symphytum
NJ7638,Taraxacum agg,0,Taraxacum
NJ7638,Taraxacum officinale,1,Taraxacum
NJ7638,Teucrium scorodonia,0,Teucrium
NJ7638,Thlaspi arvense,0,Thlaspi
NJ7638,Thymus polytrichus,0,Thymus
NJ7638,Thymus vulgaris,0,Thymus
NJ7638,Torilis japonica,0,Torilis
NJ7638,Tragopogon pratensis,0,Tragopogon
NJ7638,Trientalis europaea,0,Trientalis
NJ7638,Trifolium arvense,0,Trifolium
NJ7638,Trifolium campestre,0,Trifolium
NJ7638,Trifolium constantinopolitanum,0,Trifolium
NJ7638,Trifolium dubium,0,Trifolium
NJ7638,Trifolium pratense,0,Trifolium
NJ7638,Trifolium repens,3,Trifolium
NJ7638,Tripleurospermum inodorum,0,Tripleurospermum
NJ7638,Tripleurospermum maritimum,0,Tripleurospermum
NJ7638,Turgenia latifolia,1,Turgenia
NJ7638,Ulex europaeus,0,Ulex
NJ7638,Ulex gallii,0,Ulex
NJ7638,Urtica dioica,0,Urtica
NJ7638,Vaccinium myrtillus,0,Vaccinium
NJ7638,Vaccinium oxycoccos,0,Vaccinium
NJ7638,Vaccinium vitis,0,Vaccinium
NJ7638,Valeriana dioica,0,Valeriana
NJ7638,Valeriana officinalis,0,Valeriana
NJ7638,Verbena officinalis,0,Verbena
NJ7638,Verbena x,0,Verbena
NJ7638,Veronica agrestis,0,Veronica
NJ7638,Veronica arvensis,0,Veronica
NJ7638,Veronica beccabunga,0,Veronica
NJ7638,Veronica chamaedrys,87,Veronica
NJ7638,Veronica hederifolia,0,Veronica
NJ7638,Veronica montana,0,Veronica
NJ7638,Veronica officinalis,0,Veronica
NJ7638,Veronica persica,0,Veronica
NJ7638,Veronica polita,0,Veronica
NJ7638,Veronica serpyllifolia,6,Veronica
NJ7638,Vicia benghalensis,0,Vicia
NJ7638,Vicia cracca,0,Vicia
NJ7638,Vicia faba,0,Vicia
NJ7638,Vicia hirsuta,0,Vicia
NJ7638,Vicia lutea,0,Vicia
NJ7638,Vicia sativa,1,Vicia
NJ7638,Vicia sepium,166,Vicia
NJ7638,Vicia spp,0,Vicia
NJ7638,Vicia tetrasperma,0,Vicia
NJ7638,Viola arvensis,0,Viola
NJ7638,Viola canina,0,Viola
NJ7638,Viola palustris,0,Viola
NJ7638,Viola riviniana,0,Viola
NJ7638,Zea mays,0,Zea
NN5527,Acer pseudoplatanus,0,Acer
NN5527,Achillea millefolium,0,Achillea
NN5527,Achillea ptarmica,0,Achillea
NN5527,Aegopodium podagraria,0,Aegopodium
NN5527,Aethusa cynapium,0,Aethusa
NN5527,Ajuga reptans,0,Ajuga
NN5527,Alliaria petiolata,0,Alliaria
NN5527,Alnus glutinosa,0,Alnus
NN5527,Anagallis arvensis,0,Anagallis
NN5527,Anchusa arvensis,0,Anchusa
NN5527,Anemone nemorosa,0,Anemone
NN5527,Angelica sylvestris,0,Angelica
NN5527,Anthemis cotula,0,Anthemis
NN5527,Anthriscus caucalis,0,Anthriscus
NN5527,Anthriscus sylvestris,0,Anthriscus
NN5527,Apium nodiflorum,0,Apium
NN5527,Armeria maritima,0,Armeria
NN5527,Artemisia absinthium,0,Artemisia
NN5527,Artemisia annua,0,Artemisia
NN5527,Artemisia vulgaris,0,Artemisia
NN5527,Aster tripolium,0,Aster
NN5527,Atriplex patula,0,Atriplex
NN5527,Atriplex portulacoides,0,Atriplex
NN5527,Ballota nigra,0,Ballota
NN5527,Barbarea vulgaris,0,Barbarea
NN5527,Bellis perennis,0,Bellis
NN5527,Berula erecta,0,Berula
NN5527,Brassica napus,0,Brassica
NN5527,Brassica oleracea,0,Brassica
NN5527,Brassica rapa,0,Brassica
NN5527,Bryonia dioica,0,Bryonia
NN5527,Buddleja davidii,0,Buddleja
NN5527,Bupleurum tenuissimum,0,Bupleurum
NN5527,Calluna vulgaris,2758,Calluna
NN5527,Caltha palustris,0,Caltha
NN5527,Calystegia sepium,0,Calystegia
NN5527,Campanula rotundifolia,0,Campanula
NN5527,Capsella bursa,0,Capsella
NN5527,Cardamine flexuosa,0,Cardamine
NN5527,Cardamine hirsuta,0,Cardamine
NN5527,Cardamine pratensis,0,Cardamine
NN5527,Carduus nutans,0,Carduus
NN5527,Carum verticillatum,0,Carum
NN5527,Centaurea cyanus,0,Centaurea
NN5527,Centaurea nigra,0,Centaurea
NN5527,Centaurea scabiosa,0,Centaurea
NN5527,Centaurium erythraea,0,Centaurium
NN5527,Cerastium arvense,0,Cerastium
NN5527,Cerastium fontanum,0,Cerastium
NN5527,Cerastium glomeratum,0,Cerastium
NN5527,Ceratocapnos claviculata,0,Ceratocapnos
NN5527,Chaerophyllum temulum,0,Chaerophyllum
NN5527,Chamaemelum nobile,0,Chamaemelum
NN5527,Chamerion angustifolium,0,Chamerion
NN5527,Chenopodium album,0,Chenopodium
NN5527,Chenopodium ficifolium,0,Chenopodium
NN5527,Chenopodium quinoa,0,Chenopodium
NN5527,Cichorium intybus,0,Cichorium
NN5527,Circaea lutetiana,0,Circaea
NN5527,Cirsium arvense,0,Cirsium
NN5527,Cirsium eriophorum,0,Cirsium
NN5527,Cirsium palustre,0,Cirsium
NN5527,Cirsium vulgare,0,Cirsium
NN5527,Clematis vitalba,0,Clematis
NN5527,Clinopodium vulgare,0,Clinopodium
NN5527,Conium maculatum,0,Conium
NN5527,Conopodium majus,0,Conopodium
NN5527,Convolvulus arvensis,0,Convolvulus
NN5527,Conyza canadensis,0,Conyza
NN5527,Cotoneaster salicifolius,0,Cotoneaster
NN5527,Crataegus monogyna,0,Crataegus
NN5527,Crepis capillaris,0,Crepis
NN5527,Crepis vesicaria,0,Crepis
NN5527,Cruciata laevipes,0,Cruciata
NN5527,Cytisus scoparius,0,Cytisus
NN5527,Dactylorhiza fuchsii,0,Dactylorhiza
NN5527,Dactylorhiza maculata,0,Dactylorhiza
NN5527,Daucus carota,0,Daucus
NN5527,Digitalis ferruginea,0,Digitalis
NN5527,Digitalis grandiflora,0,Digitalis
NN5527,Digitalis purpurea,0,Digitalis
NN5527,Dioscorea communis,0,Dioscorea
NN5527,Doronicum plantagineum,0,Doronicum
NN5527,Drosera anglica,0,Drosera
NN5527,Drosera rotundifolia,0,Drosera
NN5527,Dryas octopetala,0,Dryas
NN5527,Epilobium hirsutum,0,Epilobium
NN5527,Epilobium montanum,0,Epilobium
NN5527,Epilobium obscurum,0,Epilobium
NN5527,Epilobium palustre,0,Epilobium
NN5527,Epilobium parviflorum,0,Epilobium
NN5527,Epilobium roseum,0,Epilobium
NN5527,Epilobium tetragonum,0,Epilobium
NN5527,Erica cinerea,0,Erica
NN5527,Erica tetralix,0,Erica
NN5527,Eriophorum vaginatum,0,Eriophorum
NN5527,Eupatorium cannabinum,0,Eupatorium
NN5527,Euphorbia exigua,0,Euphorbia
NN5527,Euphorbia helioscopia,0,Euphorbia
NN5527,Euphrasia officinalis,0,Euphrasia
NN5527,Fagopyrum esculentum,0,Fagopyrum
NN5527,Fallopia convolvulus,0,Fallopia
NN5527,Filipendula ulmaria,0,Filipendula
NN5527,Fumaria officinalis,0,Fumaria
NN5527,Galeopsis speciosa,0,Galeopsis
NN5527,Galeopsis tetrahit,0,Galeopsis
NN5527,Galium aparine,0,Galium
NN5527,Galium mollugo,0,Galium
NN5527,Galium odoratum,0,Galium
NN5527,Galium palustre,0,Galium
NN5527,Galium saxatile,3761,Galium
NN5527,Galium verum,0,Galium
NN5527,Genista anglica,0,Genista
NN5527,Geranium dissectum,0,Geranium
NN5527,Geranium molle,0,Geranium
NN5527,Geranium nodosum,0,Geranium
NN5527,Geranium pratense,0,Geranium
NN5527,Geranium pyrenaicum,0,Geranium
NN5527,Geranium robertianum,0,Geranium
NN5527,Geum urbanum,0,Geum
NN5527,Glechoma hederacea,0,Glechoma
NN5527,Hedera helix,0,Hedera
NN5527,Helianthus annuus,0,Helianthus
NN5527,Heracleum mantegazzianum,0,Heracleum
NN5527,Heracleum sphondylium,0,Heracleum
NN5527,Hippocrepis comosa,0,Hippocrepis
NN5527,Hordeum vulgare,0,Hordeum
NN5527,Hyacinthoides non,0,Hyacinthoides
NN5527,Hypericum forrestii,0,Hypericum
NN5527,Hypericum perforatum,0,Hypericum
NN5527,Hypericum pulchrum,0,Hypericum
NN5527,Hypericum tetrapterum,0,Hypericum
NN5527,Hypochaeris radicata,0,Hypochaeris
NN5527,Ilex aquifolium,0,Ilex
NN5527,Impatiens glandulifera,0,Impatiens
NN5527,Impatiens parviflora,0,Impatiens
NN5527,Iris pseudacorus,0,Iris
NN5527,Jacobaea erucifolia,0,Jacobaea
NN5527,Jacobaea vulgaris,0,Jacobaea
NN5527,Jasione montana,0,Jasione
NN5527,Juncus conglomeratus,0,Juncus
NN5527,Juncus effusus,0,Juncus
NN5527,Knautia arvensis,0,Knautia
NN5527,Lactuca serriola,0,Lactuca
NN5527,Lamium album,0,Lamium
NN5527,Lamium galeobdolon,0,Lamium
NN5527,Lamium purpureum,0,Lamium
NN5527,Lapsana communis,0,Lapsana
NN5527,Lathyrus aphaca,0,Lathyrus
NN5527,Lathyrus linifolius,0,Lathyrus
NN5527,Lathyrus pratensis,0,Lathyrus
NN5527,Leontodon hispidus,0,Leontodon
NN5527,Leontodon saxatilis,0,Leontodon
NN5527,Leucanthemum vulgare,0,Leucanthemum
NN5527,Ligusticum scoticum,0,Ligusticum
NN5527,Limonium vulgare,0,Limonium
NN5527,Linaria vulgaris,0,Linaria
NN5527,Linum catharticum,0,Linum
NN5527,Linum usitatissimum,0,Linum
NN5527,Lonicera caprifolium,0,Lonicera
NN5527,Lonicera periclymenum,0,Lonicera
NN5527,Lotus angustissimus,0,Lotus
NN5527,Lotus corniculatus,0,Lotus
NN5527,Lotus pedunculatus,0,Lotus
NN5527,Lotus subbiflorus,0,Lotus
NN5527,Luzula campestris,0,Luzula
NN5527,Lysimachia nemorum,0,Lysimachia
NN5527,Lysimachia punctata,0,Lysimachia
NN5527,Lysimachia vulgaris,0,Lysimachia
NN5527,Lythrum alatum,0,Lythrum
NN5527,Lythrum salicaria,0,Lythrum
NN5527,Malva sylvestris,0,Malva
NN5527,Matricaria chamomilla,0,Matricaria
NN5527,Matricaria discoidea,0,Matricaria
NN5527,Medicago lupulina,0,Medicago
NN5527,Melampyrum pratense,0,Melampyrum
NN5527,Mentha aquatica,0,Mentha
NN5527,Mentha arvensis,0,Mentha
NN5527,Mercurialis perennis,0,Mercurialis
NN5527,Myosotis arvensis,0,Myosotis
NN5527,Myosotis discolor,0,Myosotis
NN5527,Myosotis sylvatica,0,Myosotis
NN5527,Narthecium ossifragum,4,Narthecium
NN5527,Odontites vernus,0,Odontites
NN5527,Oenanthe crocata,0,Oenanthe
NN5527,Origanum vulgare,0,Origanum
NN5527,Ornithopus perpusillus,0,Ornithopus
NN5527,Oxalis acetosella,2,Oxalis
NN5527,Panicum miliaceum,0,Panicum
NN5527,Papaver rhoeas,0,Papaver
NN5527,Pedicularis sylvatica,0,Pedicularis
NN5527,Persicaria amplexicaulis,0,Persicaria
NN5527,Persicaria bistorta,0,Persicaria
NN5527,Persicaria hydropiper,0,Persicaria
NN5527,Persicaria lapathifolia,0,Persicaria
NN5527,Persicaria maculosa,0,Persicaria
NN5527,Peucedanum ostruthium,0,Peucedanum
NN5527,Picris echioides,0,Picris
NN5527,Picris hieracioides,0,Picris
NN5527,Pilosella officinarum,0,Pilosella
NN5527,Pimpinella saxifraga,0,Pimpinella
NN5527,Pinguicula vulgaris,0,Pinguicula
NN5527,Plantago lanceolata,0,Plantago
NN5527,Plantago major,0,Plantago
NN5527,Plantago maritima,0,Plantago
NN5527,Poa annua,0,Poa
NN5527,Polygala serpyllifolia,89,Polygala
NN5527,Polygala vulgaris,0,Polygala
NN5527,Polygonum aviculare,0,Polygonum
NN5527,Potentilla anglica,0,Potentilla
NN5527,Potentilla anserina,0,Potentilla
NN5527,Potentilla erecta,1362,Potentilla
NN5527,Potentilla recta,0,Potentilla
NN5527,Potentilla reptans,0,Potentilla
NN5527,Prunella vulgaris,0,Prunella
NN5527,Prunus spinosa,0,Prunus
NN5527,Pulicaria dysenterica,0,Pulicaria
NN5527,Ranunculus acris,0,Ranunculus
NN5527,Ranunculus bulbosus,0,Ranunculus
NN5527,Ranunculus ficaria,0,Ranunculus
NN5527,Ranunculus flammula,0,Ranunculus
NN5527,Ranunculus repens,0,Ranunculus
NN5527,Ranunculus sardous,0,Ranunculus
NN5527,Raphanus raphanistrum,0,Raphanus
NN5527,Raphanus sativus,0,Raphanus
NN5527,Rhinanthus minor,0,Rhinanthus
NN5527,Rosa arvensis,0,Rosa
NN5527,Rosa canina,0,Rosa
NN5527,Rubus caesius,0,Rubus
NN5527,Rubus fruticosus,0,Rubus
NN5527,Rubus idaeus,0,Rubus
NN5527,Rumex acetosa,0,Rumex
NN5527,Rumex acetosella,0,Rumex
NN5527,Rumex crispus,0,Rumex
NN5527,Rumex obtusifolius,0,Rumex
NN5527,Rumex sanguineus,0,Rumex
NN5527,Sagina saginoides,0,Sagina
NN5527,Sambucus nigra,0,Sambucus
NN5527,Sanguisorba officinalis,0,Sanguisorba
NN5527,Scorzoneroides autumnalis,0,Scorzoneroides
NN5527,Scrophularia auriculata,0,Scrophularia
NN5527,Scrophularia nodosa,0,Scrophularia
NN5527,Sedum anglicum,0,Sedum
NN5527,Senecio erucifolius,0,Senecio
NN5527,Senecio jacobaea,0,Senecio
NN5527,Senecio vulgaris,0,Senecio
NN5527,Sherardia arvensis,0,Sherardia
NN5527,Silene dioica,0,Silene
NN5527,Silene latifolia,0,Silene
NN5527,Silybum marianum,0,Silybum
NN5527,Sinapis alba,0,Sinapis
NN5527,Sinapis arvensis,0,Sinapis
NN5527,Sisymbrium officinale,0,Sisymbrium
NN5527,Solanum dulcamara,0,Solanum
NN5527,Solanum nigrum,0,Solanum
NN5527,Solanum tuberosum,0,Solanum
NN5527,Sonchus arvensis,0,Sonchus
NN5527,Sonchus asper,0,Sonchus
NN5527,Sonchus oleraceus,0,Sonchus
NN5527,Sorbus aucuparia,0,Sorbus
NN5527,Spergula arvensis,0,Spergula
NN5527,Spergularia media,0,Spergularia
NN5527,Stachys arvensis,0,Stachys
NN5527,Stachys palustris,0,Stachys
NN5527,Stachys sylvatica,0,Stachys
NN5527,Stellaria alsine,0,Stellaria
NN5527,Stellaria graminea,0,Stellaria
NN5527,Stellaria holostea,0,Stellaria
NN5527,Stellaria media,0,Stellaria
NN5527,Suaeda maritima,0,Suaeda
NN5527,Succisa pratensis,0,Succisa
NN5527,Symphytum officinale,0,Symphytum
NN5527,Taraxacum agg,0,Taraxacum
NN5527,Taraxacum officinale,0,Taraxacum
NN5527,Teucrium scorodonia,0,Teucrium
NN5527,Thlaspi arvense,0,Thlaspi
NN5527,Thymus polytrichus,0,Thymus
NN5527,Thymus vulgaris,0,Thymus
NN5527,Torilis japonica,0,Torilis
NN5527,Tragopogon pratensis,0,Tragopogon
NN5527,Trientalis europaea,0,Trientalis
NN5527,Trifolium arvense,0,Trifolium
NN5527,Trifolium campestre,0,Trifolium
NN5527,Trifolium constantinopolitanum,0,Trifolium
NN5527,Trifolium dubium,0,Trifolium
NN5527,Trifolium pratense,0,Trifolium
NN5527,Trifolium repens,0,Trifolium
NN5527,Tripleurospermum inodorum,0,Tripleurospermum
NN5527,Tripleurospermum maritimum,0,Tripleurospermum
NN5527,Turgenia latifolia,0,Turgenia
NN5527,Ulex europaeus,0,Ulex
NN5527,Ulex gallii,0,Ulex
NN5527,Urtica dioica,0,Urtica
NN5527,Vaccinium myrtillus,20,Vaccinium
NN5527,Vaccinium oxycoccos,0,Vaccinium
NN5527,Vaccinium vitis,0,Vaccinium
NN5527,Valeriana dioica,0,Valeriana
NN5527,Valeriana officinalis,0,Valeriana
NN5527,Verbena officinalis,0,Verbena
NN5527,Verbena x,0,Verbena
NN5527,Veronica agrestis,0,Veronica
NN5527,Veronica arvensis,0,Veronica
NN5527,Veronica beccabunga,0,Veronica
NN5527,Veronica chamaedrys,0,Veronica
NN5527,Veronica hederifolia,0,Veronica
NN5527,Veronica montana,0,Veronica
NN5527,Veronica officinalis,0,Veronica
NN5527,Veronica persica,0,Veronica
NN5527,Veronica polita,0,Veronica
NN5527,Veronica serpyllifolia,0,Veronica
NN5527,Vicia benghalensis,0,Vicia
NN5527,Vicia cracca,0,Vicia
NN5527,Vicia faba,0,Vicia
NN5527,Vicia hirsuta,0,Vicia
NN5527,Vicia lutea,0,Vicia
NN5527,Vicia sativa,0,Vicia
NN5527,Vicia sepium,0,Vicia
NN5527,Vicia spp,0,Vicia
NN5527,Vicia tetrasperma,0,Vicia
NN5527,Viola arvensis,0,Viola
NN5527,Viola canina,0,Viola
NN5527,Viola palustris,0,Viola
NN5527,Viola riviniana,5,Viola
NN5527,Zea mays,0,Zea
NN6693,Acer pseudoplatanus,0,Acer
NN6693,Achillea millefolium,0,Achillea
NN6693,Achillea ptarmica,0,Achillea
NN6693,Aegopodium podagraria,0,Aegopodium
NN6693,Aethusa cynapium,0,Aethusa
NN6693,Ajuga reptans,0,Ajuga
NN6693,Alliaria petiolata,0,Alliaria
NN6693,Alnus glutinosa,0,Alnus
NN6693,Anagallis arvensis,0,Anagallis
NN6693,Anchusa arvensis,0,Anchusa
NN6693,Anemone nemorosa,3,Anemone
NN6693,Angelica sylvestris,0,Angelica
NN6693,Anthemis cotula,0,Anthemis
NN6693,Anthriscus caucalis,0,Anthriscus
NN6693,Anthriscus sylvestris,0,Anthriscus
NN6693,Apium nodiflorum,0,Apium
NN6693,Armeria maritima,0,Armeria
NN6693,Artemisia absinthium,0,Artemisia
NN6693,Artemisia annua,0,Artemisia
NN6693,Artemisia vulgaris,0,Artemisia
NN6693,Aster tripolium,0,Aster
NN6693,Atriplex patula,0,Atriplex
NN6693,Atriplex portulacoides,0,Atriplex
NN6693,Ballota nigra,0,Ballota
NN6693,Barbarea vulgaris,0,Barbarea
NN6693,Bellis perennis,0,Bellis
NN6693,Berula erecta,0,Berula
NN6693,Brassica napus,0,Brassica
NN6693,Brassica oleracea,0,Brassica
NN6693,Brassica rapa,0,Brassica
NN6693,Bryonia dioica,0,Bryonia
NN6693,Buddleja davidii,0,Buddleja
NN6693,Bupleurum tenuissimum,0,Bupleurum
NN6693,Calluna vulgaris,1317,Calluna
NN6693,Caltha palustris,0,Caltha
NN6693,Calystegia sepium,0,Calystegia
NN6693,Campanula rotundifolia,2,Campanula
NN6693,Capsella bursa,0,Capsella
NN6693,Cardamine flexuosa,0,Cardamine
NN6693,Cardamine hirsuta,0,Cardamine
NN6693,Cardamine pratensis,0,Cardamine
NN6693,Carduus nutans,0,Carduus
NN6693,Carum verticillatum,0,Carum
NN6693,Centaurea cyanus,0,Centaurea
NN6693,Centaurea nigra,0,Centaurea
NN6693,Centaurea scabiosa,0,Centaurea
NN6693,Centaurium erythraea,0,Centaurium
NN6693,Cerastium arvense,0,Cerastium
NN6693,Cerastium fontanum,0,Cerastium
NN6693,Cerastium glomeratum,0,Cerastium
NN6693,Ceratocapnos claviculata,0,Ceratocapnos
NN6693,Chaerophyllum temulum,0,Chaerophyllum
NN6693,Chamaemelum nobile,0,Chamaemelum
NN6693,Chamerion angustifolium,0,Chamerion
NN6693,Chenopodium album,0,Chenopodium
NN6693,Chenopodium ficifolium,0,Chenopodium
NN6693,Chenopodium quinoa,0,Chenopodium
NN6693,Cichorium intybus,0,Cichorium
NN6693,Circaea lutetiana,0,Circaea
NN6693,Cirsium arvense,0,Cirsium
NN6693,Cirsium eriophorum,0,Cirsium
NN6693,Cirsium palustre,0,Cirsium
NN6693,Cirsium vulgare,0,Cirsium
NN6693,Clematis vitalba,0,Clematis
NN6693,Clinopodium vulgare,0,Clinopodium
NN6693,Conium maculatum,0,Conium
NN6693,Conopodium majus,0,Conopodium
NN6693,Convolvulus arvensis,0,Convolvulus
NN6693,Conyza canadensis,0,Conyza
NN6693,Cotoneaster salicifolius,0,Cotoneaster
NN6693,Crataegus monogyna,0,Crataegus
NN6693,Crepis capillaris,0,Crepis
NN6693,Crepis vesicaria,0,Crepis
NN6693,Cruciata laevipes,0,Cruciata
NN6693,Cytisus scoparius,0,Cytisus
NN6693,Dactylorhiza fuchsii,0,Dactylorhiza
NN6693,Dactylorhiza maculata,0,Dactylorhiza
NN6693,Daucus carota,0,Daucus
NN6693,Digitalis ferruginea,0,Digitalis
NN6693,Digitalis grandiflora,0,Digitalis
NN6693,Digitalis purpurea,0,Digitalis
NN6693,Dioscorea communis,0,Dioscorea
NN6693,Doronicum plantagineum,0,Doronicum
NN6693,Drosera anglica,0,Drosera
NN6693,Drosera rotundifolia,11,Drosera
NN6693,Dryas octopetala,0,Dryas
NN6693,Epilobium hirsutum,0,Epilobium
NN6693,Epilobium montanum,0,Epilobium
NN6693,Epilobium obscurum,0,Epilobium
NN6693,Epilobium palustre,0,Epilobium
NN6693,Epilobium parviflorum,0,Epilobium
NN6693,Epilobium roseum,0,Epilobium
NN6693,Epilobium tetragonum,0,Epilobium
NN6693,Erica cinerea,122,Erica
NN6693,Erica tetralix,116,Erica
NN6693,Eriophorum vaginatum,0,Eriophorum
NN6693,Eupatorium cannabinum,0,Eupatorium
NN6693,Euphorbia exigua,0,Euphorbia
NN6693,Euphorbia helioscopia,0,Euphorbia
NN6693,Euphrasia officinalis,0,Euphrasia
NN6693,Fagopyrum esculentum,0,Fagopyrum
NN6693,Fallopia convolvulus,0,Fallopia
NN6693,Filipendula ulmaria,0,Filipendula
NN6693,Fumaria officinalis,0,Fumaria
NN6693,Galeopsis speciosa,0,Galeopsis
NN6693,Galeopsis tetrahit,0,Galeopsis
NN6693,Galium aparine,0,Galium
NN6693,Galium mollugo,0,Galium
NN6693,Galium odoratum,0,Galium
NN6693,Galium palustre,0,Galium
NN6693,Galium saxatile,319,Galium
NN6693,Galium verum,0,Galium
NN6693,Genista anglica,0,Genista
NN6693,Geranium dissectum,0,Geranium
NN6693,Geranium molle,0,Geranium
NN6693,Geranium nodosum,0,Geranium
NN6693,Geranium pratense,0,Geranium
NN6693,Geranium pyrenaicum,0,Geranium
NN6693,Geranium robertianum,0,Geranium
NN6693,Geum urbanum,0,Geum
NN6693,Glechoma hederacea,0,Glechoma
NN6693,Hedera helix,0,Hedera
NN6693,Helianthus annuus,0,Helianthus
NN6693,Heracleum mantegazzianum,0,Heracleum
NN6693,Heracleum sphondylium,0,Heracleum
NN6693,Hippocrepis comosa,0,Hippocrepis
NN6693,Hordeum vulgare,0,Hordeum
NN6693,Hyacinthoides non,0,Hyacinthoides
NN6693,Hypericum forrestii,0,Hypericum
NN6693,Hypericum perforatum,0,Hypericum
NN6693,Hypericum pulchrum,0,Hypericum
NN6693,Hypericum tetrapterum,0,Hypericum
NN6693,Hypochaeris radicata,0,Hypochaeris
NN6693,Ilex aquifolium,0,Ilex
NN6693,Impatiens glandulifera,0,Impatiens
NN6693,Impatiens parviflora,0,Impatiens
NN6693,Iris pseudacorus,0,Iris
NN6693,Jacobaea erucifolia,0,Jacobaea
NN6693,Jacobaea vulgaris,0,Jacobaea
NN6693,Jasione montana,0,Jasione
NN6693,Juncus conglomeratus,0,Juncus
NN6693,Juncus effusus,0,Juncus
NN6693,Knautia arvensis,0,Knautia
NN6693,Lactuca serriola,0,Lactuca
NN6693,Lamium album,0,Lamium
NN6693,Lamium galeobdolon,0,Lamium
NN6693,Lamium purpureum,0,Lamium
NN6693,Lapsana communis,0,Lapsana
NN6693,Lathyrus aphaca,0,Lathyrus
NN6693,Lathyrus linifolius,0,Lathyrus
NN6693,Lathyrus pratensis,0,Lathyrus
NN6693,Leontodon hispidus,0,Leontodon
NN6693,Leontodon saxatilis,0,Leontodon
NN6693,Leucanthemum vulgare,0,Leucanthemum
NN6693,Ligusticum scoticum,0,Ligusticum
NN6693,Limonium vulgare,0,Limonium
NN6693,Linaria vulgaris,0,Linaria
NN6693,Linum catharticum,0,Linum
NN6693,Linum usitatissimum,0,Linum
NN6693,Lonicera caprifolium,0,Lonicera
NN6693,Lonicera periclymenum,0,Lonicera
NN6693,Lotus angustissimus,0,Lotus
NN6693,Lotus corniculatus,0,Lotus
NN6693,Lotus pedunculatus,0,Lotus
NN6693,Lotus subbiflorus,0,Lotus
NN6693,Luzula campestris,0,Luzula
NN6693,Lysimachia nemorum,0,Lysimachia
NN6693,Lysimachia punctata,0,Lysimachia
NN6693,Lysimachia vulgaris,0,Lysimachia
NN6693,Lythrum alatum,0,Lythrum
NN6693,Lythrum salicaria,0,Lythrum
NN6693,Malva sylvestris,0,Malva
NN6693,Matricaria chamomilla,0,Matricaria
NN6693,Matricaria discoidea,0,Matricaria
NN6693,Medicago lupulina,0,Medicago
NN6693,Melampyrum pratense,0,Melampyrum
NN6693,Mentha aquatica,0,Mentha
NN6693,Mentha arvensis,0,Mentha
NN6693,Mercurialis perennis,0,Mercurialis
NN6693,Myosotis arvensis,0,Myosotis
NN6693,Myosotis discolor,0,Myosotis
NN6693,Myosotis sylvatica,0,Myosotis
NN6693,Narthecium ossifragum,190,Narthecium
NN6693,Odontites vernus,0,Odontites
NN6693,Oenanthe crocata,0,Oenanthe
NN6693,Origanum vulgare,0,Origanum
NN6693,Ornithopus perpusillus,0,Ornithopus
NN6693,Oxalis acetosella,0,Oxalis
NN6693,Panicum miliaceum,0,Panicum
NN6693,Papaver rhoeas,0,Papaver
NN6693,Pedicularis sylvatica,4,Pedicularis
NN6693,Persicaria amplexicaulis,0,Persicaria
NN6693,Persicaria bistorta,0,Persicaria
NN6693,Persicaria hydropiper,0,Persicaria
NN6693,Persicaria lapathifolia,0,Persicaria
NN6693,Persicaria maculosa,0,Persicaria
NN6693,Peucedanum ostruthium,0,Peucedanum
NN6693,Picris echioides,0,Picris
NN6693,Picris hieracioides,0,Picris
NN6693,Pilosella officinarum,0,Pilosella
NN6693,Pimpinella saxifraga,0,Pimpinella
NN6693,Pinguicula vulgaris,1,Pinguicula
NN6693,Plantago lanceolata,0,Plantago
NN6693,Plantago major,0,Plantago
NN6693,Plantago maritima,0,Plantago
NN6693,Poa annua,0,Poa
NN6693,Polygala serpyllifolia,69,Polygala
NN6693,Polygala vulgaris,0,Polygala
NN6693,Polygonum aviculare,0,Polygonum
NN6693,Potentilla anglica,0,Potentilla
NN6693,Potentilla anserina,0,Potentilla
NN6693,Potentilla erecta,180,Potentilla
NN6693,Potentilla recta,0,Potentilla
NN6693,Potentilla reptans,0,Potentilla
NN6693,Prunella vulgaris,0,Prunella
NN6693,Prunus spinosa,0,Prunus
NN6693,Pulicaria dysenterica,0,Pulicaria
NN6693,Ranunculus acris,0,Ranunculus
NN6693,Ranunculus bulbosus,0,Ranunculus
NN6693,Ranunculus ficaria,0,Ranunculus
NN6693,Ranunculus flammula,1,Ranunculus
NN6693,Ranunculus repens,1,Ranunculus
NN6693,Ranunculus sardous,0,Ranunculus
NN6693,Raphanus raphanistrum,0,Raphanus
NN6693,Raphanus sativus,0,Raphanus
NN6693,Rhinanthus minor,0,Rhinanthus
NN6693,Rosa arvensis,0,Rosa
NN6693,Rosa canina,0,Rosa
NN6693,Rubus caesius,0,Rubus
NN6693,Rubus fruticosus,0,Rubus
NN6693,Rubus idaeus,0,Rubus
NN6693,Rumex acetosa,2,Rumex
NN6693,Rumex acetosella,0,Rumex
NN6693,Rumex crispus,0,Rumex
NN6693,Rumex obtusifolius,0,Rumex
NN6693,Rumex sanguineus,0,Rumex
NN6693,Sagina saginoides,0,Sagina
NN6693,Sambucus nigra,0,Sambucus
NN6693,Sanguisorba officinalis,0,Sanguisorba
NN6693,Scorzoneroides autumnalis,0,Scorzoneroides
NN6693,Scrophularia auriculata,0,Scrophularia
NN6693,Scrophularia nodosa,0,Scrophularia
NN6693,Sedum anglicum,0,Sedum
NN6693,Senecio erucifolius,0,Senecio
NN6693,Senecio jacobaea,0,Senecio
NN6693,Senecio vulgaris,0,Senecio
NN6693,Sherardia arvensis,0,Sherardia
NN6693,Silene dioica,0,Silene
NN6693,Silene latifolia,0,Silene
NN6693,Silybum marianum,0,Silybum
NN6693,Sinapis alba,0,Sinapis
NN6693,Sinapis arvensis,0,Sinapis
NN6693,Sisymbrium officinale,0,Sisymbrium
NN6693,Solanum dulcamara,0,Solanum
NN6693,Solanum nigrum,0,Solanum
NN6693,Solanum tuberosum,0,Solanum
NN6693,Sonchus arvensis,0,Sonchus
NN6693,Sonchus asper,0,Sonchus
NN6693,Sonchus oleraceus,0,Sonchus
NN6693,Sorbus aucuparia,0,Sorbus
NN6693,Spergula arvensis,0,Spergula
NN6693,Spergularia media,0,Spergularia
NN6693,Stachys arvensis,0,Stachys
NN6693,Stachys palustris,0,Stachys
NN6693,Stachys sylvatica,0,Stachys
NN6693,Stellaria alsine,0,Stellaria
NN6693,Stellaria graminea,0,Stellaria
NN6693,Stellaria holostea,0,Stellaria
NN6693,Stellaria media,0,Stellaria
NN6693,Suaeda maritima,0,Suaeda
NN6693,Succisa pratensis,13,Succisa
NN6693,Symphytum officinale,0,Symphytum
NN6693,Taraxacum agg,0,Taraxacum
NN6693,Taraxacum officinale,0,Taraxacum
NN6693,Teucrium scorodonia,0,Teucrium
NN6693,Thlaspi arvense,0,Thlaspi
NN6693,Thymus polytrichus,0,Thymus
NN6693,Thymus vulgaris,0,Thymus
NN6693,Torilis japonica,0,Torilis
NN6693,Tragopogon pratensis,0,Tragopogon
NN6693,Trientalis europaea,43,Trientalis
NN6693,Trifolium arvense,0,Trifolium
NN6693,Trifolium campestre,0,Trifolium
NN6693,Trifolium constantinopolitanum,0,Trifolium
NN6693,Trifolium dubium,0,Trifolium
NN6693,Trifolium pratense,0,Trifolium
NN6693,Trifolium repens,0,Trifolium
NN6693,Tripleurospermum inodorum,0,Tripleurospermum
NN6693,Tripleurospermum maritimum,0,Tripleurospermum
NN6693,Turgenia latifolia,0,Turgenia
NN6693,Ulex europaeus,0,Ulex
NN6693,Ulex gallii,0,Ulex
NN6693,Urtica dioica,0,Urtica
NN6693,Vaccinium myrtillus,0,Vaccinium
NN6693,Vaccinium oxycoccos,0,Vaccinium
NN6693,Vaccinium vitis,0,Vaccinium
NN6693,Valeriana dioica,0,Valeriana
NN6693,Valeriana officinalis,0,Valeriana
NN6693,Verbena officinalis,0,Verbena
NN6693,Verbena x,0,Verbena
NN6693,Veronica agrestis,0,Veronica
NN6693,Veronica arvensis,0,Veronica
NN6693,Veronica beccabunga,0,Veronica
NN6693,Veronica chamaedrys,0,Veronica
NN6693,Veronica hederifolia,0,Veronica
NN6693,Veronica montana,0,Veronica
NN6693,Veronica officinalis,0,Veronica
NN6693,Veronica persica,0,Veronica
NN6693,Veronica polita,0,Veronica
NN6693,Veronica serpyllifolia,0,Veronica
NN6693,Vicia benghalensis,0,Vicia
NN6693,Vicia cracca,0,Vicia
NN6693,Vicia faba,0,Vicia
NN6693,Vicia hirsuta,0,Vicia
NN6693,Vicia lutea,0,Vicia
NN6693,Vicia sativa,0,Vicia
NN6693,Vicia sepium,0,Vicia
NN6693,Vicia spp,0,Vicia
NN6693,Vicia tetrasperma,0,Vicia
NN6693,Viola arvensis,0,Viola
NN6693,Viola canina,0,Viola
NN6693,Viola palustris,0,Viola
NN6693,Viola riviniana,0,Viola
NN6693,Zea mays,0,Zea
NN7911,Acer pseudoplatanus,0,Acer
NN7911,Achillea millefolium,0,Achillea
NN7911,Achillea ptarmica,0,Achillea
NN7911,Aegopodium podagraria,0,Aegopodium
NN7911,Aethusa cynapium,0,Aethusa
NN7911,Ajuga reptans,0,Ajuga
NN7911,Alliaria petiolata,0,Alliaria
NN7911,Alnus glutinosa,0,Alnus
NN7911,Anagallis arvensis,0,Anagallis
NN7911,Anchusa arvensis,0,Anchusa
NN7911,Anemone nemorosa,0,Anemone
NN7911,Angelica sylvestris,0,Angelica
NN7911,Anthemis cotula,0,Anthemis
NN7911,Anthriscus caucalis,0,Anthriscus
NN7911,Anthriscus sylvestris,0,Anthriscus
NN7911,Apium nodiflorum,0,Apium
NN7911,Armeria maritima,0,Armeria
NN7911,Artemisia absinthium,0,Artemisia
NN7911,Artemisia annua,0,Artemisia
NN7911,Artemisia vulgaris,0,Artemisia
NN7911,Aster tripolium,0,Aster
NN7911,Atriplex patula,0,Atriplex
NN7911,Atriplex portulacoides,0,Atriplex
NN7911,Ballota nigra,0,Ballota
NN7911,Barbarea vulgaris,0,Barbarea
NN7911,Bellis perennis,0,Bellis
NN7911,Berula erecta,0,Berula
NN7911,Brassica napus,0,Brassica
NN7911,Brassica oleracea,0,Brassica
NN7911,Brassica rapa,0,Brassica
NN7911,Bryonia dioica,0,Bryonia
NN7911,Buddleja davidii,0,Buddleja
NN7911,Bupleurum tenuissimum,0,Bupleurum
NN7911,Calluna vulgaris,0,Calluna
NN7911,Caltha palustris,0,Caltha
NN7911,Calystegia sepium,0,Calystegia
NN7911,Campanula rotundifolia,0,Campanula
NN7911,Capsella bursa,0,Capsella
NN7911,Cardamine flexuosa,0,Cardamine
NN7911,Cardamine hirsuta,0,Cardamine
NN7911,Cardamine pratensis,0,Cardamine
NN7911,Carduus nutans,0,Carduus
NN7911,Carum verticillatum,0,Carum
NN7911,Centaurea cyanus,0,Centaurea
NN7911,Centaurea nigra,0,Centaurea
NN7911,Centaurea scabiosa,0,Centaurea
NN7911,Centaurium erythraea,0,Centaurium
NN7911,Cerastium arvense,0,Cerastium
NN7911,Cerastium fontanum,0,Cerastium
NN7911,Cerastium glomeratum,0,Cerastium
NN7911,Ceratocapnos claviculata,0,Ceratocapnos
NN7911,Chaerophyllum temulum,0,Chaerophyllum
NN7911,Chamaemelum nobile,0,Chamaemelum
NN7911,Chamerion angustifolium,0,Chamerion
NN7911,Chenopodium album,0,Chenopodium
NN7911,Chenopodium ficifolium,0,Chenopodium
NN7911,Chenopodium quinoa,0,Chenopodium
NN7911,Cichorium intybus,0,Cichorium
NN7911,Circaea lutetiana,0,Circaea
NN7911,Cirsium arvense,0,Cirsium
NN7911,Cirsium eriophorum,0,Cirsium
NN7911,Cirsium palustre,0,Cirsium
NN7911,Cirsium vulgare,0,Cirsium
NN7911,Clematis vitalba,0,Clematis
NN7911,Clinopodium vulgare,0,Clinopodium
NN7911,Conium maculatum,0,Conium
NN7911,Conopodium majus,0,Conopodium
NN7911,Convolvulus arvensis,0,Convolvulus
NN7911,Conyza canadensis,0,Conyza
NN7911,Cotoneaster salicifolius,0,Cotoneaster
NN7911,Crataegus monogyna,0,Crataegus
NN7911,Crepis capillaris,0,Crepis
NN7911,Crepis vesicaria,0,Crepis
NN7911,Cruciata laevipes,0,Cruciata
NN7911,Cytisus scoparius,0,Cytisus
NN7911,Dactylorhiza fuchsii,0,Dactylorhiza
NN7911,Dactylorhiza maculata,0,Dactylorhiza
NN7911,Daucus carota,0,Daucus
NN7911,Digitalis ferruginea,0,Digitalis
NN7911,Digitalis grandiflora,0,Digitalis
NN7911,Digitalis purpurea,0,Digitalis
NN7911,Dioscorea communis,0,Dioscorea
NN7911,Doronicum plantagineum,0,Doronicum
NN7911,Drosera anglica,0,Drosera
NN7911,Drosera rotundifolia,0,Drosera
NN7911,Dryas octopetala,0,Dryas
NN7911,Epilobium hirsutum,0,Epilobium
NN7911,Epilobium montanum,0,Epilobium
NN7911,Epilobium obscurum,0,Epilobium
NN7911,Epilobium palustre,0,Epilobium
NN7911,Epilobium parviflorum,0,Epilobium
NN7911,Epilobium roseum,0,Epilobium
NN7911,Epilobium tetragonum,0,Epilobium
NN7911,Erica cinerea,0,Erica
NN7911,Erica tetralix,156,Erica
NN7911,Eriophorum vaginatum,0,Eriophorum
NN7911,Eupatorium cannabinum,0,Eupatorium
NN7911,Euphorbia exigua,0,Euphorbia
NN7911,Euphorbia helioscopia,0,Euphorbia
NN7911,Euphrasia officinalis,0,Euphrasia
NN7911,Fagopyrum esculentum,0,Fagopyrum
NN7911,Fallopia convolvulus,0,Fallopia
NN7911,Filipendula ulmaria,0,Filipendula
NN7911,Fumaria officinalis,0,Fumaria
NN7911,Galeopsis speciosa,0,Galeopsis
NN7911,Galeopsis tetrahit,0,Galeopsis
NN7911,Galium aparine,0,Galium
NN7911,Galium mollugo,0,Galium
NN7911,Galium odoratum,0,Galium
NN7911,Galium palustre,0,Galium
NN7911,Galium saxatile,631,Galium
NN7911,Galium verum,0,Galium
NN7911,Genista anglica,0,Genista
NN7911,Geranium dissectum,0,Geranium
NN7911,Geranium molle,0,Geranium
NN7911,Geranium nodosum,0,Geranium
NN7911,Geranium pratense,0,Geranium
NN7911,Geranium pyrenaicum,0,Geranium
NN7911,Geranium robertianum,0,Geranium
NN7911,Geum urbanum,0,Geum
NN7911,Glechoma hederacea,0,Glechoma
NN7911,Hedera helix,0,Hedera
NN7911,Helianthus annuus,0,Helianthus
NN7911,Heracleum mantegazzianum,0,Heracleum
NN7911,Heracleum sphondylium,0,Heracleum
NN7911,Hippocrepis comosa,0,Hippocrepis
NN7911,Hordeum vulgare,0,Hordeum
NN7911,Hyacinthoides non,0,Hyacinthoides
NN7911,Hypericum forrestii,0,Hypericum
NN7911,Hypericum perforatum,0,Hypericum
NN7911,Hypericum pulchrum,0,Hypericum
NN7911,Hypericum tetrapterum,0,Hypericum
NN7911,Hypochaeris radicata,0,Hypochaeris
NN7911,Ilex aquifolium,0,Ilex
NN7911,Impatiens glandulifera,0,Impatiens
NN7911,Impatiens parviflora,0,Impatiens
NN7911,Iris pseudacorus,0,Iris
NN7911,Jacobaea erucifolia,0,Jacobaea
NN7911,Jacobaea vulgaris,0,Jacobaea
NN7911,Jasione montana,0,Jasione
NN7911,Juncus conglomeratus,0,Juncus
NN7911,Juncus effusus,0,Juncus
NN7911,Knautia arvensis,0,Knautia
NN7911,Lactuca serriola,0,Lactuca
NN7911,Lamium album,0,Lamium
NN7911,Lamium galeobdolon,0,Lamium
NN7911,Lamium purpureum,0,Lamium
NN7911,Lapsana communis,0,Lapsana
NN7911,Lathyrus aphaca,0,Lathyrus
NN7911,Lathyrus linifolius,0,Lathyrus
NN7911,Lathyrus pratensis,0,Lathyrus
NN7911,Leontodon hispidus,0,Leontodon
NN7911,Leontodon saxatilis,0,Leontodon
NN7911,Leucanthemum vulgare,0,Leucanthemum
NN7911,Ligusticum scoticum,0,Ligusticum
NN7911,Limonium vulgare,0,Limonium
NN7911,Linaria vulgaris,0,Linaria
NN7911,Linum catharticum,0,Linum
NN7911,Linum usitatissimum,0,Linum
NN7911,Lonicera caprifolium,0,Lonicera
NN7911,Lonicera periclymenum,0,Lonicera
NN7911,Lotus angustissimus,0,Lotus
NN7911,Lotus corniculatus,0,Lotus
NN7911,Lotus pedunculatus,0,Lotus
NN7911,Lotus subbiflorus,0,Lotus
NN7911,Luzula campestris,0,Luzula
NN7911,Lysimachia nemorum,0,Lysimachia
NN7911,Lysimachia punctata,0,Lysimachia
NN7911,Lysimachia vulgaris,0,Lysimachia
NN7911,Lythrum alatum,0,Lythrum
NN7911,Lythrum salicaria,0,Lythrum
NN7911,Malva sylvestris,0,Malva
NN7911,Matricaria chamomilla,0,Matricaria
NN7911,Matricaria discoidea,0,Matricaria
NN7911,Medicago lupulina,0,Medicago
NN7911,Melampyrum pratense,0,Melampyrum
NN7911,Mentha aquatica,0,Mentha
NN7911,Mentha arvensis,0,Mentha
NN7911,Mercurialis perennis,0,Mercurialis
NN7911,Myosotis arvensis,0,Myosotis
NN7911,Myosotis discolor,0,Myosotis
NN7911,Myosotis sylvatica,0,Myosotis
NN7911,Narthecium ossifragum,595,Narthecium
NN7911,Odontites vernus,0,Odontites
NN7911,Oenanthe crocata,0,Oenanthe
NN7911,Origanum vulgare,0,Origanum
NN7911,Ornithopus perpusillus,0,Ornithopus
NN7911,Oxalis acetosella,0,Oxalis
NN7911,Panicum miliaceum,0,Panicum
NN7911,Papaver rhoeas,0,Papaver
NN7911,Pedicularis sylvatica,0,Pedicularis
NN7911,Persicaria amplexicaulis,0,Persicaria
NN7911,Persicaria bistorta,0,Persicaria
NN7911,Persicaria hydropiper,0,Persicaria
NN7911,Persicaria lapathifolia,0,Persicaria
NN7911,Persicaria maculosa,0,Persicaria
NN7911,Peucedanum ostruthium,0,Peucedanum
NN7911,Picris echioides,0,Picris
NN7911,Picris hieracioides,0,Picris
NN7911,Pilosella officinarum,0,Pilosella
NN7911,Pimpinella saxifraga,0,Pimpinella
NN7911,Pinguicula vulgaris,0,Pinguicula
NN7911,Plantago lanceolata,0,Plantago
NN7911,Plantago major,0,Plantago
NN7911,Plantago maritima,0,Plantago
NN7911,Poa annua,0,Poa
NN7911,Polygala serpyllifolia,0,Polygala
NN7911,Polygala vulgaris,0,Polygala
NN7911,Polygonum aviculare,0,Polygonum
NN7911,Potentilla anglica,0,Potentilla
NN7911,Potentilla anserina,0,Potentilla
NN7911,Potentilla erecta,1044,Potentilla
NN7911,Potentilla recta,0,Potentilla
NN7911,Potentilla reptans,0,Potentilla
NN7911,Prunella vulgaris,0,Prunella
NN7911,Prunus spinosa,0,Prunus
NN7911,Pulicaria dysenterica,0,Pulicaria
NN7911,Ranunculus acris,0,Ranunculus
NN7911,Ranunculus bulbosus,0,Ranunculus
NN7911,Ranunculus ficaria,0,Ranunculus
NN7911,Ranunculus flammula,0,Ranunculus
NN7911,Ranunculus repens,0,Ranunculus
NN7911,Ranunculus sardous,0,Ranunculus
NN7911,Raphanus raphanistrum,0,Raphanus
NN7911,Raphanus sativus,0,Raphanus
NN7911,Rhinanthus minor,0,Rhinanthus
NN7911,Rosa arvensis,0,Rosa
NN7911,Rosa canina,0,Rosa
NN7911,Rubus caesius,0,Rubus
NN7911,Rubus fruticosus,0,Rubus
NN7911,Rubus idaeus,0,Rubus
NN7911,Rumex acetosa,0,Rumex
NN7911,Rumex acetosella,0,Rumex
NN7911,Rumex crispus,0,Rumex
NN7911,Rumex obtusifolius,0,Rumex
NN7911,Rumex sanguineus,0,Rumex
NN7911,Sagina saginoides,0,Sagina
NN7911,Sambucus nigra,0,Sambucus
NN7911,Sanguisorba officinalis,0,Sanguisorba
NN7911,Scorzoneroides autumnalis,0,Scorzoneroides
NN7911,Scrophularia auriculata,0,Scrophularia
NN7911,Scrophularia nodosa,0,Scrophularia
NN7911,Sedum anglicum,0,Sedum
NN7911,Senecio erucifolius,0,Senecio
NN7911,Senecio jacobaea,0,Senecio
NN7911,Senecio vulgaris,0,Senecio
NN7911,Sherardia arvensis,0,Sherardia
NN7911,Silene dioica,0,Silene
NN7911,Silene latifolia,0,Silene
NN7911,Silybum marianum,0,Silybum
NN7911,Sinapis alba,0,Sinapis
NN7911,Sinapis arvensis,0,Sinapis
NN7911,Sisymbrium officinale,0,Sisymbrium
NN7911,Solanum dulcamara,0,Solanum
NN7911,Solanum nigrum,0,Solanum
NN7911,Solanum tuberosum,0,Solanum
NN7911,Sonchus arvensis,0,Sonchus
NN7911,Sonchus asper,0,Sonchus
NN7911,Sonchus oleraceus,0,Sonchus
NN7911,Sorbus aucuparia,0,Sorbus
NN7911,Spergula arvensis,0,Spergula
NN7911,Spergularia media,0,Spergularia
NN7911,Stachys arvensis,0,Stachys
NN7911,Stachys palustris,0,Stachys
NN7911,Stachys sylvatica,0,Stachys
NN7911,Stellaria alsine,0,Stellaria
NN7911,Stellaria graminea,0,Stellaria
NN7911,Stellaria holostea,0,Stellaria
NN7911,Stellaria media,0,Stellaria
NN7911,Suaeda maritima,0,Suaeda
NN7911,Succisa pratensis,0,Succisa
NN7911,Symphytum officinale,0,Symphytum
NN7911,Taraxacum agg,0,Taraxacum
NN7911,Taraxacum officinale,0,Taraxacum
NN7911,Teucrium scorodonia,0,Teucrium
NN7911,Thlaspi arvense,0,Thlaspi
NN7911,Thymus polytrichus,0,Thymus
NN7911,Thymus vulgaris,0,Thymus
NN7911,Torilis japonica,0,Torilis
NN7911,Tragopogon pratensis,0,Tragopogon
NN7911,Trientalis europaea,0,Trientalis
NN7911,Trifolium arvense,0,Trifolium
NN7911,Trifolium campestre,0,Trifolium
NN7911,Trifolium constantinopolitanum,0,Trifolium
NN7911,Trifolium dubium,0,Trifolium
NN7911,Trifolium pratense,0,Trifolium
NN7911,Trifolium repens,0,Trifolium
NN7911,Tripleurospermum inodorum,0,Tripleurospermum
NN7911,Tripleurospermum maritimum,0,Tripleurospermum
NN7911,Turgenia latifolia,0,Turgenia
NN7911,Ulex europaeus,0,Ulex
NN7911,Ulex gallii,0,Ulex
NN7911,Urtica dioica,0,Urtica
NN7911,Vaccinium myrtillus,0,Vaccinium
NN7911,Vaccinium oxycoccos,170,Vaccinium
NN7911,Vaccinium vitis,0,Vaccinium
NN7911,Valeriana dioica,0,Valeriana
NN7911,Valeriana officinalis,0,Valeriana
NN7911,Verbena officinalis,0,Verbena
NN7911,Verbena x,0,Verbena
NN7911,Veronica agrestis,0,Veronica
NN7911,Veronica arvensis,0,Veronica
NN7911,Veronica beccabunga,0,Veronica
NN7911,Veronica chamaedrys,0,Veronica
NN7911,Veronica hederifolia,0,Veronica
NN7911,Veronica montana,0,Veronica
NN7911,Veronica officinalis,0,Veronica
NN7911,Veronica persica,0,Veronica
NN7911,Veronica polita,0,Veronica
NN7911,Veronica serpyllifolia,0,Veronica
NN7911,Vicia benghalensis,0,Vicia
NN7911,Vicia cracca,0,Vicia
NN7911,Vicia faba,0,Vicia
NN7911,Vicia hirsuta,0,Vicia
NN7911,Vicia lutea,0,Vicia
NN7911,Vicia sativa,0,Vicia
NN7911,Vicia sepium,0,Vicia
NN7911,Vicia spp,0,Vicia
NN7911,Vicia tetrasperma,0,Vicia
NN7911,Viola arvensis,0,Viola
NN7911,Viola canina,0,Viola
NN7911,Viola palustris,0,Viola
NN7911,Viola riviniana,0,Viola
NN7911,Zea mays,0,Zea
NN8369,Acer pseudoplatanus,0,Acer
NN8369,Achillea millefolium,0,Achillea
NN8369,Achillea ptarmica,0,Achillea
NN8369,Aegopodium podagraria,0,Aegopodium
NN8369,Aethusa cynapium,0,Aethusa
NN8369,Ajuga reptans,0,Ajuga
NN8369,Alliaria petiolata,0,Alliaria
NN8369,Alnus glutinosa,0,Alnus
NN8369,Anagallis arvensis,0,Anagallis
NN8369,Anchusa arvensis,0,Anchusa
NN8369,Anemone nemorosa,0,Anemone
NN8369,Angelica sylvestris,0,Angelica
NN8369,Anthemis cotula,0,Anthemis
NN8369,Anthriscus caucalis,0,Anthriscus
NN8369,Anthriscus sylvestris,0,Anthriscus
NN8369,Apium nodiflorum,0,Apium
NN8369,Armeria maritima,0,Armeria
NN8369,Artemisia absinthium,0,Artemisia
NN8369,Artemisia annua,0,Artemisia
NN8369,Artemisia vulgaris,0,Artemisia
NN8369,Aster tripolium,0,Aster
NN8369,Atriplex patula,0,Atriplex
NN8369,Atriplex portulacoides,0,Atriplex
NN8369,Ballota nigra,0,Ballota
NN8369,Barbarea vulgaris,0,Barbarea
NN8369,Bellis perennis,0,Bellis
NN8369,Berula erecta,0,Berula
NN8369,Brassica napus,0,Brassica
NN8369,Brassica oleracea,0,Brassica
NN8369,Brassica rapa,0,Brassica
NN8369,Bryonia dioica,0,Bryonia
NN8369,Buddleja davidii,0,Buddleja
NN8369,Bupleurum tenuissimum,0,Bupleurum
NN8369,Calluna vulgaris,98,Calluna
NN8369,Caltha palustris,0,Caltha
NN8369,Calystegia sepium,0,Calystegia
NN8369,Campanula rotundifolia,0,Campanula
NN8369,Capsella bursa,0,Capsella
NN8369,Cardamine flexuosa,0,Cardamine
NN8369,Cardamine hirsuta,0,Cardamine
NN8369,Cardamine pratensis,0,Cardamine
NN8369,Carduus nutans,0,Carduus
NN8369,Carum verticillatum,0,Carum
NN8369,Centaurea cyanus,0,Centaurea
NN8369,Centaurea nigra,0,Centaurea
NN8369,Centaurea scabiosa,0,Centaurea
NN8369,Centaurium erythraea,0,Centaurium
NN8369,Cerastium arvense,0,Cerastium
NN8369,Cerastium fontanum,0,Cerastium
NN8369,Cerastium glomeratum,0,Cerastium
NN8369,Ceratocapnos claviculata,0,Ceratocapnos
NN8369,Chaerophyllum temulum,0,Chaerophyllum
NN8369,Chamaemelum nobile,0,Chamaemelum
NN8369,Chamerion angustifolium,0,Chamerion
NN8369,Chenopodium album,0,Chenopodium
NN8369,Chenopodium ficifolium,0,Chenopodium
NN8369,Chenopodium quinoa,0,Chenopodium
NN8369,Cichorium intybus,0,Cichorium
NN8369,Circaea lutetiana,0,Circaea
NN8369,Cirsium arvense,0,Cirsium
NN8369,Cirsium eriophorum,0,Cirsium
NN8369,Cirsium palustre,0,Cirsium
NN8369,Cirsium vulgare,0,Cirsium
NN8369,Clematis vitalba,0,Clematis
NN8369,Clinopodium vulgare,0,Clinopodium
NN8369,Conium maculatum,0,Conium
NN8369,Conopodium majus,0,Conopodium
NN8369,Convolvulus arvensis,0,Convolvulus
NN8369,Conyza canadensis,0,Conyza
NN8369,Cotoneaster salicifolius,0,Cotoneaster
NN8369,Crataegus monogyna,0,Crataegus
NN8369,Crepis capillaris,0,Crepis
NN8369,Crepis vesicaria,0,Crepis
NN8369,Cruciata laevipes,0,Cruciata
NN8369,Cytisus scoparius,0,Cytisus
NN8369,Dactylorhiza fuchsii,0,Dactylorhiza
NN8369,Dactylorhiza maculata,0,Dactylorhiza
NN8369,Daucus carota,0,Daucus
NN8369,Digitalis ferruginea,0,Digitalis
NN8369,Digitalis grandiflora,0,Digitalis
NN8369,Digitalis purpurea,0,Digitalis
NN8369,Dioscorea communis,0,Dioscorea
NN8369,Doronicum plantagineum,0,Doronicum
NN8369,Drosera anglica,0,Drosera
NN8369,Drosera rotundifolia,0,Drosera
NN8369,Dryas octopetala,0,Dryas
NN8369,Epilobium hirsutum,0,Epilobium
NN8369,Epilobium montanum,0,Epilobium
NN8369,Epilobium obscurum,0,Epilobium
NN8369,Epilobium palustre,0,Epilobium
NN8369,Epilobium parviflorum,0,Epilobium
NN8369,Epilobium roseum,0,Epilobium
NN8369,Epilobium tetragonum,0,Epilobium
NN8369,Erica cinerea,42,Erica
NN8369,Erica tetralix,24,Erica
NN8369,Eriophorum vaginatum,0,Eriophorum
NN8369,Eupatorium cannabinum,0,Eupatorium
NN8369,Euphorbia exigua,0,Euphorbia
NN8369,Euphorbia helioscopia,0,Euphorbia
NN8369,Euphrasia officinalis,0,Euphrasia
NN8369,Fagopyrum esculentum,0,Fagopyrum
NN8369,Fallopia convolvulus,0,Fallopia
NN8369,Filipendula ulmaria,0,Filipendula
NN8369,Fumaria officinalis,0,Fumaria
NN8369,Galeopsis speciosa,0,Galeopsis
NN8369,Galeopsis tetrahit,0,Galeopsis
NN8369,Galium aparine,0,Galium
NN8369,Galium mollugo,0,Galium
NN8369,Galium odoratum,0,Galium
NN8369,Galium palustre,0,Galium
NN8369,Galium saxatile,770,Galium
NN8369,Galium verum,0,Galium
NN8369,Genista anglica,0,Genista
NN8369,Geranium dissectum,0,Geranium
NN8369,Geranium molle,0,Geranium
NN8369,Geranium nodosum,0,Geranium
NN8369,Geranium pratense,0,Geranium
NN8369,Geranium pyrenaicum,0,Geranium
NN8369,Geranium robertianum,0,Geranium
NN8369,Geum urbanum,0,Geum
NN8369,Glechoma hederacea,0,Glechoma
NN8369,Hedera helix,0,Hedera
NN8369,Helianthus annuus,0,Helianthus
NN8369,Heracleum mantegazzianum,0,Heracleum
NN8369,Heracleum sphondylium,0,Heracleum
NN8369,Hippocrepis comosa,0,Hippocrepis
NN8369,Hordeum vulgare,0,Hordeum
NN8369,Hyacinthoides non,0,Hyacinthoides
NN8369,Hypericum forrestii,0,Hypericum
NN8369,Hypericum perforatum,0,Hypericum
NN8369,Hypericum pulchrum,0,Hypericum
NN8369,Hypericum tetrapterum,0,Hypericum
NN8369,Hypochaeris radicata,0,Hypochaeris
NN8369,Ilex aquifolium,0,Ilex
NN8369,Impatiens glandulifera,0,Impatiens
NN8369,Impatiens parviflora,0,Impatiens
NN8369,Iris pseudacorus,0,Iris
NN8369,Jacobaea erucifolia,0,Jacobaea
NN8369,Jacobaea vulgaris,0,Jacobaea
NN8369,Jasione montana,0,Jasione
NN8369,Juncus conglomeratus,0,Juncus
NN8369,Juncus effusus,0,Juncus
NN8369,Knautia arvensis,0,Knautia
NN8369,Lactuca serriola,0,Lactuca
NN8369,Lamium album,0,Lamium
NN8369,Lamium galeobdolon,0,Lamium
NN8369,Lamium purpureum,0,Lamium
NN8369,Lapsana communis,0,Lapsana
NN8369,Lathyrus aphaca,0,Lathyrus
NN8369,Lathyrus linifolius,0,Lathyrus
NN8369,Lathyrus pratensis,0,Lathyrus
NN8369,Leontodon hispidus,0,Leontodon
NN8369,Leontodon saxatilis,0,Leontodon
NN8369,Leucanthemum vulgare,0,Leucanthemum
NN8369,Ligusticum scoticum,0,Ligusticum
NN8369,Limonium vulgare,0,Limonium
NN8369,Linaria vulgaris,0,Linaria
NN8369,Linum catharticum,0,Linum
NN8369,Linum usitatissimum,0,Linum
NN8369,Lonicera caprifolium,0,Lonicera
NN8369,Lonicera periclymenum,0,Lonicera
NN8369,Lotus angustissimus,0,Lotus
NN8369,Lotus corniculatus,0,Lotus
NN8369,Lotus pedunculatus,0,Lotus
NN8369,Lotus subbiflorus,0,Lotus
NN8369,Luzula campestris,0,Luzula
NN8369,Lysimachia nemorum,0,Lysimachia
NN8369,Lysimachia punctata,0,Lysimachia
NN8369,Lysimachia vulgaris,0,Lysimachia
NN8369,Lythrum alatum,0,Lythrum
NN8369,Lythrum salicaria,0,Lythrum
NN8369,Malva sylvestris,0,Malva
NN8369,Matricaria chamomilla,0,Matricaria
NN8369,Matricaria discoidea,0,Matricaria
NN8369,Medicago lupulina,0,Medicago
NN8369,Melampyrum pratense,0,Melampyrum
NN8369,Mentha aquatica,0,Mentha
NN8369,Mentha arvensis,0,Mentha
NN8369,Mercurialis perennis,0,Mercurialis
NN8369,Myosotis arvensis,0,Myosotis
NN8369,Myosotis discolor,0,Myosotis
NN8369,Myosotis sylvatica,0,Myosotis
NN8369,Narthecium ossifragum,0,Narthecium
NN8369,Odontites vernus,0,Odontites
NN8369,Oenanthe crocata,0,Oenanthe
NN8369,Origanum vulgare,0,Origanum
NN8369,Ornithopus perpusillus,0,Ornithopus
NN8369,Oxalis acetosella,0,Oxalis
NN8369,Panicum miliaceum,0,Panicum
NN8369,Papaver rhoeas,0,Papaver
NN8369,Pedicularis sylvatica,0,Pedicularis
NN8369,Persicaria amplexicaulis,0,Persicaria
NN8369,Persicaria bistorta,0,Persicaria
NN8369,Persicaria hydropiper,0,Persicaria
NN8369,Persicaria lapathifolia,0,Persicaria
NN8369,Persicaria maculosa,0,Persicaria
NN8369,Peucedanum ostruthium,0,Peucedanum
NN8369,Picris echioides,0,Picris
NN8369,Picris hieracioides,0,Picris
NN8369,Pilosella officinarum,0,Pilosella
NN8369,Pimpinella saxifraga,0,Pimpinella
NN8369,Pinguicula vulgaris,0,Pinguicula
NN8369,Plantago lanceolata,0,Plantago
NN8369,Plantago major,0,Plantago
NN8369,Plantago maritima,0,Plantago
NN8369,Poa annua,0,Poa
NN8369,Polygala serpyllifolia,0,Polygala
NN8369,Polygala vulgaris,0,Polygala
NN8369,Polygonum aviculare,0,Polygonum
NN8369,Potentilla anglica,0,Potentilla
NN8369,Potentilla anserina,0,Potentilla
NN8369,Potentilla erecta,198,Potentilla
NN8369,Potentilla recta,0,Potentilla
NN8369,Potentilla reptans,0,Potentilla
NN8369,Prunella vulgaris,0,Prunella
NN8369,Prunus spinosa,0,Prunus
NN8369,Pulicaria dysenterica,0,Pulicaria
NN8369,Ranunculus acris,0,Ranunculus
NN8369,Ranunculus bulbosus,0,Ranunculus
NN8369,Ranunculus ficaria,0,Ranunculus
NN8369,Ranunculus flammula,0,Ranunculus
NN8369,Ranunculus repens,0,Ranunculus
NN8369,Ranunculus sardous,0,Ranunculus
NN8369,Raphanus raphanistrum,0,Raphanus
NN8369,Raphanus sativus,0,Raphanus
NN8369,Rhinanthus minor,0,Rhinanthus
NN8369,Rosa arvensis,0,Rosa
NN8369,Rosa canina,0,Rosa
NN8369,Rubus caesius,0,Rubus
NN8369,Rubus fruticosus,0,Rubus
NN8369,Rubus idaeus,0,Rubus
NN8369,Rumex acetosa,0,Rumex
NN8369,Rumex acetosella,0,Rumex
NN8369,Rumex crispus,0,Rumex
NN8369,Rumex obtusifolius,0,Rumex
NN8369,Rumex sanguineus,0,Rumex
NN8369,Sagina saginoides,0,Sagina
NN8369,Sambucus nigra,0,Sambucus
NN8369,Sanguisorba officinalis,0,Sanguisorba
NN8369,Scorzoneroides autumnalis,1,Scorzoneroides
NN8369,Scrophularia auriculata,0,Scrophularia
NN8369,Scrophularia nodosa,0,Scrophularia
NN8369,Sedum anglicum,0,Sedum
NN8369,Senecio erucifolius,0,Senecio
NN8369,Senecio jacobaea,0,Senecio
NN8369,Senecio vulgaris,0,Senecio
NN8369,Sherardia arvensis,0,Sherardia
NN8369,Silene dioica,0,Silene
NN8369,Silene latifolia,0,Silene
NN8369,Silybum marianum,0,Silybum
NN8369,Sinapis alba,0,Sinapis
NN8369,Sinapis arvensis,0,Sinapis
NN8369,Sisymbrium officinale,0,Sisymbrium
NN8369,Solanum dulcamara,0,Solanum
NN8369,Solanum nigrum,0,Solanum
NN8369,Solanum tuberosum,0,Solanum
NN8369,Sonchus arvensis,0,Sonchus
NN8369,Sonchus asper,0,Sonchus
NN8369,Sonchus oleraceus,0,Sonchus
NN8369,Sorbus aucuparia,0,Sorbus
NN8369,Spergula arvensis,0,Spergula
NN8369,Spergularia media,0,Spergularia
NN8369,Stachys arvensis,0,Stachys
NN8369,Stachys palustris,0,Stachys
NN8369,Stachys sylvatica,0,Stachys
NN8369,Stellaria alsine,0,Stellaria
NN8369,Stellaria graminea,0,Stellaria
NN8369,Stellaria holostea,0,Stellaria
NN8369,Stellaria media,0,Stellaria
NN8369,Suaeda maritima,0,Suaeda
NN8369,Succisa pratensis,5,Succisa
NN8369,Symphytum officinale,0,Symphytum
NN8369,Taraxacum agg,0,Taraxacum
NN8369,Taraxacum officinale,0,Taraxacum
NN8369,Teucrium scorodonia,0,Teucrium
NN8369,Thlaspi arvense,0,Thlaspi
NN8369,Thymus polytrichus,0,Thymus
NN8369,Thymus vulgaris,0,Thymus
NN8369,Torilis japonica,0,Torilis
NN8369,Tragopogon pratensis,0,Tragopogon
NN8369,Trientalis europaea,11,Trientalis
NN8369,Trifolium arvense,0,Trifolium
NN8369,Trifolium campestre,0,Trifolium
NN8369,Trifolium constantinopolitanum,0,Trifolium
NN8369,Trifolium dubium,0,Trifolium
NN8369,Trifolium pratense,0,Trifolium
NN8369,Trifolium repens,0,Trifolium
NN8369,Tripleurospermum inodorum,0,Tripleurospermum
NN8369,Tripleurospermum maritimum,0,Tripleurospermum
NN8369,Turgenia latifolia,0,Turgenia
NN8369,Ulex europaeus,0,Ulex
NN8369,Ulex gallii,0,Ulex
NN8369,Urtica dioica,0,Urtica
NN8369,Vaccinium myrtillus,0,Vaccinium
NN8369,Vaccinium oxycoccos,0,Vaccinium
NN8369,Vaccinium vitis,43,Vaccinium
NN8369,Valeriana dioica,0,Valeriana
NN8369,Valeriana officinalis,0,Valeriana
NN8369,Verbena officinalis,0,Verbena
NN8369,Verbena x,0,Verbena
NN8369,Veronica agrestis,0,Veronica
NN8369,Veronica arvensis,0,Veronica
NN8369,Veronica beccabunga,0,Veronica
NN8369,Veronica chamaedrys,0,Veronica
NN8369,Veronica hederifolia,0,Veronica
NN8369,Veronica montana,0,Veronica
NN8369,Veronica officinalis,0,Veronica
NN8369,Veronica persica,0,Veronica
NN8369,Veronica polita,0,Veronica
NN8369,Veronica serpyllifolia,0,Veronica
NN8369,Vicia benghalensis,0,Vicia
NN8369,Vicia cracca,0,Vicia
NN8369,Vicia faba,0,Vicia
NN8369,Vicia hirsuta,0,Vicia
NN8369,Vicia lutea,0,Vicia
NN8369,Vicia sativa,0,Vicia
NN8369,Vicia sepium,0,Vicia
NN8369,Vicia spp,0,Vicia
NN8369,Vicia tetrasperma,0,Vicia
NN8369,Viola arvensis,0,Viola
NN8369,Viola canina,0,Viola
NN8369,Viola palustris,0,Viola
NN8369,Viola riviniana,0,Viola
NN8369,Zea mays,0,Zea
NN8497,Acer pseudoplatanus,0,Acer
NN8497,Achillea millefolium,0,Achillea
NN8497,Achillea ptarmica,0,Achillea
NN8497,Aegopodium podagraria,0,Aegopodium
NN8497,Aethusa cynapium,0,Aethusa
NN8497,Ajuga reptans,0,Ajuga
NN8497,Alliaria petiolata,0,Alliaria
NN8497,Alnus glutinosa,0,Alnus
NN8497,Anagallis arvensis,0,Anagallis
NN8497,Anchusa arvensis,0,Anchusa
NN8497,Anemone nemorosa,0,Anemone
NN8497,Angelica sylvestris,0,Angelica
NN8497,Anthemis cotula,0,Anthemis
NN8497,Anthriscus caucalis,0,Anthriscus
NN8497,Anthriscus sylvestris,0,Anthriscus
NN8497,Apium nodiflorum,0,Apium
NN8497,Armeria maritima,0,Armeria
NN8497,Artemisia absinthium,0,Artemisia
NN8497,Artemisia annua,0,Artemisia
NN8497,Artemisia vulgaris,0,Artemisia
NN8497,Aster tripolium,0,Aster
NN8497,Atriplex patula,0,Atriplex
NN8497,Atriplex portulacoides,0,Atriplex
NN8497,Ballota nigra,0,Ballota
NN8497,Barbarea vulgaris,0,Barbarea
NN8497,Bellis perennis,0,Bellis
NN8497,Berula erecta,0,Berula
NN8497,Brassica napus,0,Brassica
NN8497,Brassica oleracea,0,Brassica
NN8497,Brassica rapa,0,Brassica
NN8497,Bryonia dioica,0,Bryonia
NN8497,Buddleja davidii,0,Buddleja
NN8497,Bupleurum tenuissimum,0,Bupleurum
NN8497,Calluna vulgaris,5147,Calluna
NN8497,Caltha palustris,0,Caltha
NN8497,Calystegia sepium,0,Calystegia
NN8497,Campanula rotundifolia,8,Campanula
NN8497,Capsella bursa,0,Capsella
NN8497,Cardamine flexuosa,0,Cardamine
NN8497,Cardamine hirsuta,0,Cardamine
NN8497,Cardamine pratensis,0,Cardamine
NN8497,Carduus nutans,0,Carduus
NN8497,Carum verticillatum,0,Carum
NN8497,Centaurea cyanus,0,Centaurea
NN8497,Centaurea nigra,0,Centaurea
NN8497,Centaurea scabiosa,0,Centaurea
NN8497,Centaurium erythraea,0,Centaurium
NN8497,Cerastium arvense,0,Cerastium
NN8497,Cerastium fontanum,0,Cerastium
NN8497,Cerastium glomeratum,0,Cerastium
NN8497,Ceratocapnos claviculata,0,Ceratocapnos
NN8497,Chaerophyllum temulum,0,Chaerophyllum
NN8497,Chamaemelum nobile,0,Chamaemelum
NN8497,Chamerion angustifolium,0,Chamerion
NN8497,Chenopodium album,0,Chenopodium
NN8497,Chenopodium ficifolium,0,Chenopodium
NN8497,Chenopodium quinoa,0,Chenopodium
NN8497,Cichorium intybus,0,Cichorium
NN8497,Circaea lutetiana,0,Circaea
NN8497,Cirsium arvense,0,Cirsium
NN8497,Cirsium eriophorum,0,Cirsium
NN8497,Cirsium palustre,0,Cirsium
NN8497,Cirsium vulgare,0,Cirsium
NN8497,Clematis vitalba,0,Clematis
NN8497,Clinopodium vulgare,0,Clinopodium
NN8497,Conium maculatum,0,Conium
NN8497,Conopodium majus,0,Conopodium
NN8497,Convolvulus arvensis,0,Convolvulus
NN8497,Conyza canadensis,0,Conyza
NN8497,Cotoneaster salicifolius,0,Cotoneaster
NN8497,Crataegus monogyna,0,Crataegus
NN8497,Crepis capillaris,0,Crepis
NN8497,Crepis vesicaria,0,Crepis
NN8497,Cruciata laevipes,0,Cruciata
NN8497,Cytisus scoparius,0,Cytisus
NN8497,Dactylorhiza fuchsii,0,Dactylorhiza
NN8497,Dactylorhiza maculata,0,Dactylorhiza
NN8497,Daucus carota,0,Daucus
NN8497,Digitalis ferruginea,0,Digitalis
NN8497,Digitalis grandiflora,0,Digitalis
NN8497,Digitalis purpurea,0,Digitalis
NN8497,Dioscorea communis,0,Dioscorea
NN8497,Doronicum plantagineum,0,Doronicum
NN8497,Drosera anglica,0,Drosera
NN8497,Drosera rotundifolia,0,Drosera
NN8497,Dryas octopetala,0,Dryas
NN8497,Epilobium hirsutum,0,Epilobium
NN8497,Epilobium montanum,0,Epilobium
NN8497,Epilobium obscurum,0,Epilobium
NN8497,Epilobium palustre,0,Epilobium
NN8497,Epilobium parviflorum,0,Epilobium
NN8497,Epilobium roseum,0,Epilobium
NN8497,Epilobium tetragonum,0,Epilobium
NN8497,Erica cinerea,1796,Erica
NN8497,Erica tetralix,15,Erica
NN8497,Eriophorum vaginatum,0,Eriophorum
NN8497,Eupatorium cannabinum,0,Eupatorium
NN8497,Euphorbia exigua,0,Euphorbia
NN8497,Euphorbia helioscopia,0,Euphorbia
NN8497,Euphrasia officinalis,0,Euphrasia
NN8497,Fagopyrum esculentum,0,Fagopyrum
NN8497,Fallopia convolvulus,0,Fallopia
NN8497,Filipendula ulmaria,0,Filipendula
NN8497,Fumaria officinalis,0,Fumaria
NN8497,Galeopsis speciosa,0,Galeopsis
NN8497,Galeopsis tetrahit,0,Galeopsis
NN8497,Galium aparine,0,Galium
NN8497,Galium mollugo,0,Galium
NN8497,Galium odoratum,0,Galium
NN8497,Galium palustre,0,Galium
NN8497,Galium saxatile,4995,Galium
NN8497,Galium verum,15,Galium
NN8497,Genista anglica,0,Genista
NN8497,Geranium dissectum,0,Geranium
NN8497,Geranium molle,0,Geranium
NN8497,Geranium nodosum,0,Geranium
NN8497,Geranium pratense,0,Geranium
NN8497,Geranium pyrenaicum,0,Geranium
NN8497,Geranium robertianum,0,Geranium
NN8497,Geum urbanum,0,Geum
NN8497,Glechoma hederacea,0,Glechoma
NN8497,Hedera helix,0,Hedera
NN8497,Helianthus annuus,0,Helianthus
NN8497,Heracleum mantegazzianum,0,Heracleum
NN8497,Heracleum sphondylium,0,Heracleum
NN8497,Hippocrepis comosa,0,Hippocrepis
NN8497,Hordeum vulgare,0,Hordeum
NN8497,Hyacinthoides non,0,Hyacinthoides
NN8497,Hypericum forrestii,0,Hypericum
NN8497,Hypericum perforatum,0,Hypericum
NN8497,Hypericum pulchrum,0,Hypericum
NN8497,Hypericum tetrapterum,0,Hypericum
NN8497,Hypochaeris radicata,0,Hypochaeris
NN8497,Ilex aquifolium,0,Ilex
NN8497,Impatiens glandulifera,0,Impatiens
NN8497,Impatiens parviflora,0,Impatiens
NN8497,Iris pseudacorus,0,Iris
NN8497,Jacobaea erucifolia,0,Jacobaea
NN8497,Jacobaea vulgaris,0,Jacobaea
NN8497,Jasione montana,0,Jasione
NN8497,Juncus conglomeratus,0,Juncus
NN8497,Juncus effusus,0,Juncus
NN8497,Knautia arvensis,0,Knautia
NN8497,Lactuca serriola,0,Lactuca
NN8497,Lamium album,0,Lamium
NN8497,Lamium galeobdolon,0,Lamium
NN8497,Lamium purpureum,0,Lamium
NN8497,Lapsana communis,0,Lapsana
NN8497,Lathyrus aphaca,0,Lathyrus
NN8497,Lathyrus linifolius,0,Lathyrus
NN8497,Lathyrus pratensis,0,Lathyrus
NN8497,Leontodon hispidus,0,Leontodon
NN8497,Leontodon saxatilis,0,Leontodon
NN8497,Leucanthemum vulgare,0,Leucanthemum
NN8497,Ligusticum scoticum,0,Ligusticum
NN8497,Limonium vulgare,0,Limonium
NN8497,Linaria vulgaris,0,Linaria
NN8497,Linum catharticum,0,Linum
NN8497,Linum usitatissimum,0,Linum
NN8497,Lonicera caprifolium,0,Lonicera
NN8497,Lonicera periclymenum,0,Lonicera
NN8497,Lotus angustissimus,0,Lotus
NN8497,Lotus corniculatus,0,Lotus
NN8497,Lotus pedunculatus,0,Lotus
NN8497,Lotus subbiflorus,0,Lotus
NN8497,Luzula campestris,0,Luzula
NN8497,Lysimachia nemorum,0,Lysimachia
NN8497,Lysimachia punctata,0,Lysimachia
NN8497,Lysimachia vulgaris,0,Lysimachia
NN8497,Lythrum alatum,0,Lythrum
NN8497,Lythrum salicaria,0,Lythrum
NN8497,Malva sylvestris,0,Malva
NN8497,Matricaria chamomilla,0,Matricaria
NN8497,Matricaria discoidea,0,Matricaria
NN8497,Medicago lupulina,0,Medicago
NN8497,Melampyrum pratense,0,Melampyrum
NN8497,Mentha aquatica,0,Mentha
NN8497,Mentha arvensis,0,Mentha
NN8497,Mercurialis perennis,0,Mercurialis
NN8497,Myosotis arvensis,0,Myosotis
NN8497,Myosotis discolor,0,Myosotis
NN8497,Myosotis sylvatica,0,Myosotis
NN8497,Narthecium ossifragum,0,Narthecium
NN8497,Odontites vernus,0,Odontites
NN8497,Oenanthe crocata,0,Oenanthe
NN8497,Origanum vulgare,0,Origanum
NN8497,Ornithopus perpusillus,0,Ornithopus
NN8497,Oxalis acetosella,0,Oxalis
NN8497,Panicum miliaceum,0,Panicum
NN8497,Papaver rhoeas,0,Papaver
NN8497,Pedicularis sylvatica,0,Pedicularis
NN8497,Persicaria amplexicaulis,0,Persicaria
NN8497,Persicaria bistorta,0,Persicaria
NN8497,Persicaria hydropiper,0,Persicaria
NN8497,Persicaria lapathifolia,0,Persicaria
NN8497,Persicaria maculosa,0,Persicaria
NN8497,Peucedanum ostruthium,0,Peucedanum
NN8497,Picris echioides,0,Picris
NN8497,Picris hieracioides,0,Picris
NN8497,Pilosella officinarum,0,Pilosella
NN8497,Pimpinella saxifraga,0,Pimpinella
NN8497,Pinguicula vulgaris,0,Pinguicula
NN8497,Plantago lanceolata,3.3,Plantago
NN8497,Plantago major,0,Plantago
NN8497,Plantago maritima,0,Plantago
NN8497,Poa annua,0,Poa
NN8497,Polygala serpyllifolia,0,Polygala
NN8497,Polygala vulgaris,0,Polygala
NN8497,Polygonum aviculare,0,Polygonum
NN8497,Potentilla anglica,0,Potentilla
NN8497,Potentilla anserina,0,Potentilla
NN8497,Potentilla erecta,105,Potentilla
NN8497,Potentilla recta,0,Potentilla
NN8497,Potentilla reptans,0,Potentilla
NN8497,Prunella vulgaris,0,Prunella
NN8497,Prunus spinosa,0,Prunus
NN8497,Pulicaria dysenterica,0,Pulicaria
NN8497,Ranunculus acris,0,Ranunculus
NN8497,Ranunculus bulbosus,0,Ranunculus
NN8497,Ranunculus ficaria,0,Ranunculus
NN8497,Ranunculus flammula,0,Ranunculus
NN8497,Ranunculus repens,0,Ranunculus
NN8497,Ranunculus sardous,0,Ranunculus
NN8497,Raphanus raphanistrum,0,Raphanus
NN8497,Raphanus sativus,0,Raphanus
NN8497,Rhinanthus minor,0,Rhinanthus
NN8497,Rosa arvensis,0,Rosa
NN8497,Rosa canina,0,Rosa
NN8497,Rubus caesius,0,Rubus
NN8497,Rubus fruticosus,0,Rubus
NN8497,Rubus idaeus,0,Rubus
NN8497,Rumex acetosa,0,Rumex
NN8497,Rumex acetosella,0,Rumex
NN8497,Rumex crispus,0,Rumex
NN8497,Rumex obtusifolius,0,Rumex
NN8497,Rumex sanguineus,0,Rumex
NN8497,Sagina saginoides,0,Sagina
NN8497,Sambucus nigra,0,Sambucus
NN8497,Sanguisorba officinalis,0,Sanguisorba
NN8497,Scorzoneroides autumnalis,0,Scorzoneroides
NN8497,Scrophularia auriculata,0,Scrophularia
NN8497,Scrophularia nodosa,0,Scrophularia
NN8497,Sedum anglicum,0,Sedum
NN8497,Senecio erucifolius,0,Senecio
NN8497,Senecio jacobaea,0,Senecio
NN8497,Senecio vulgaris,0,Senecio
NN8497,Sherardia arvensis,0,Sherardia
NN8497,Silene dioica,0,Silene
NN8497,Silene latifolia,0,Silene
NN8497,Silybum marianum,0,Silybum
NN8497,Sinapis alba,0,Sinapis
NN8497,Sinapis arvensis,0,Sinapis
NN8497,Sisymbrium officinale,0,Sisymbrium
NN8497,Solanum dulcamara,0,Solanum
NN8497,Solanum nigrum,0,Solanum
NN8497,Solanum tuberosum,0,Solanum
NN8497,Sonchus arvensis,0,Sonchus
NN8497,Sonchus asper,0,Sonchus
NN8497,Sonchus oleraceus,0,Sonchus
NN8497,Sorbus aucuparia,0,Sorbus
NN8497,Spergula arvensis,0,Spergula
NN8497,Spergularia media,0,Spergularia
NN8497,Stachys arvensis,0,Stachys
NN8497,Stachys palustris,0,Stachys
NN8497,Stachys sylvatica,0,Stachys
NN8497,Stellaria alsine,0,Stellaria
NN8497,Stellaria graminea,0,Stellaria
NN8497,Stellaria holostea,0,Stellaria
NN8497,Stellaria media,0,Stellaria
NN8497,Suaeda maritima,0,Suaeda
NN8497,Succisa pratensis,0,Succisa
NN8497,Symphytum officinale,0,Symphytum
NN8497,Taraxacum agg,0,Taraxacum
NN8497,Taraxacum officinale,0,Taraxacum
NN8497,Teucrium scorodonia,0,Teucrium
NN8497,Thlaspi arvense,0,Thlaspi
NN8497,Thymus polytrichus,0,Thymus
NN8497,Thymus vulgaris,0,Thymus
NN8497,Torilis japonica,0,Torilis
NN8497,Tragopogon pratensis,0,Tragopogon
NN8497,Trientalis europaea,0,Trientalis
NN8497,Trifolium arvense,0,Trifolium
NN8497,Trifolium campestre,0,Trifolium
NN8497,Trifolium constantinopolitanum,0,Trifolium
NN8497,Trifolium dubium,0,Trifolium
NN8497,Trifolium pratense,0,Trifolium
NN8497,Trifolium repens,0,Trifolium
NN8497,Tripleurospermum inodorum,0,Tripleurospermum
NN8497,Tripleurospermum maritimum,0,Tripleurospermum
NN8497,Turgenia latifolia,0,Turgenia
NN8497,Ulex europaeus,0,Ulex
NN8497,Ulex gallii,0,Ulex
NN8497,Urtica dioica,0,Urtica
NN8497,Vaccinium myrtillus,52,Vaccinium
NN8497,Vaccinium oxycoccos,0,Vaccinium
NN8497,Vaccinium vitis,3,Vaccinium
NN8497,Valeriana dioica,0,Valeriana
NN8497,Valeriana officinalis,0,Valeriana
NN8497,Verbena officinalis,0,Verbena
NN8497,Verbena x,0,Verbena
NN8497,Veronica agrestis,0,Veronica
NN8497,Veronica arvensis,0,Veronica
NN8497,Veronica beccabunga,0,Veronica
NN8497,Veronica chamaedrys,0,Veronica
NN8497,Veronica hederifolia,0,Veronica
NN8497,Veronica montana,0,Veronica
NN8497,Veronica officinalis,451,Veronica
NN8497,Veronica persica,0,Veronica
NN8497,Veronica polita,0,Veronica
NN8497,Veronica serpyllifolia,0,Veronica
NN8497,Vicia benghalensis,0,Vicia
NN8497,Vicia cracca,0,Vicia
NN8497,Vicia faba,0,Vicia
NN8497,Vicia hirsuta,0,Vicia
NN8497,Vicia lutea,0,Vicia
NN8497,Vicia sativa,0,Vicia
NN8497,Vicia sepium,0,Vicia
NN8497,Vicia spp,0,Vicia
NN8497,Vicia tetrasperma,0,Vicia
NN8497,Viola arvensis,0,Viola
NN8497,Viola canina,0,Viola
NN8497,Viola palustris,0,Viola
NN8497,Viola riviniana,0,Viola
NN8497,Zea mays,0,Zea
NN8664,Acer pseudoplatanus,0,Acer
NN8664,Achillea millefolium,0,Achillea
NN8664,Achillea ptarmica,0,Achillea
NN8664,Aegopodium podagraria,0,Aegopodium
NN8664,Aethusa cynapium,0,Aethusa
NN8664,Ajuga reptans,0,Ajuga
NN8664,Alliaria petiolata,0,Alliaria
NN8664,Alnus glutinosa,0,Alnus
NN8664,Anagallis arvensis,0,Anagallis
NN8664,Anchusa arvensis,0,Anchusa
NN8664,Anemone nemorosa,57,Anemone
NN8664,Angelica sylvestris,0,Angelica
NN8664,Anthemis cotula,0,Anthemis
NN8664,Anthriscus caucalis,0,Anthriscus
NN8664,Anthriscus sylvestris,0,Anthriscus
NN8664,Apium nodiflorum,0,Apium
NN8664,Armeria maritima,0,Armeria
NN8664,Artemisia absinthium,0,Artemisia
NN8664,Artemisia annua,0,Artemisia
NN8664,Artemisia vulgaris,0,Artemisia
NN8664,Aster tripolium,0,Aster
NN8664,Atriplex patula,0,Atriplex
NN8664,Atriplex portulacoides,0,Atriplex
NN8664,Ballota nigra,0,Ballota
NN8664,Barbarea vulgaris,0,Barbarea
NN8664,Bellis perennis,0,Bellis
NN8664,Berula erecta,0,Berula
NN8664,Brassica napus,0,Brassica
NN8664,Brassica oleracea,0,Brassica
NN8664,Brassica rapa,0,Brassica
NN8664,Bryonia dioica,0,Bryonia
NN8664,Buddleja davidii,0,Buddleja
NN8664,Bupleurum tenuissimum,0,Bupleurum
NN8664,Calluna vulgaris,49,Calluna
NN8664,Caltha palustris,0,Caltha
NN8664,Calystegia sepium,0,Calystegia
NN8664,Campanula rotundifolia,120,Campanula
NN8664,Capsella bursa,0,Capsella
NN8664,Cardamine flexuosa,0,Cardamine
NN8664,Cardamine hirsuta,0,Cardamine
NN8664,Cardamine pratensis,0,Cardamine
NN8664,Carduus nutans,0,Carduus
NN8664,Carum verticillatum,0,Carum
NN8664,Centaurea cyanus,0,Centaurea
NN8664,Centaurea nigra,0,Centaurea
NN8664,Centaurea scabiosa,0,Centaurea
NN8664,Centaurium erythraea,0,Centaurium
NN8664,Cerastium arvense,0,Cerastium
NN8664,Cerastium fontanum,0,Cerastium
NN8664,Cerastium glomeratum,0,Cerastium
NN8664,Ceratocapnos claviculata,0,Ceratocapnos
NN8664,Chaerophyllum temulum,0,Chaerophyllum
NN8664,Chamaemelum nobile,0,Chamaemelum
NN8664,Chamerion angustifolium,0,Chamerion
NN8664,Chenopodium album,0,Chenopodium
NN8664,Chenopodium ficifolium,0,Chenopodium
NN8664,Chenopodium quinoa,0,Chenopodium
NN8664,Cichorium intybus,0,Cichorium
NN8664,Circaea lutetiana,0,Circaea
NN8664,Cirsium arvense,0,Cirsium
NN8664,Cirsium eriophorum,0,Cirsium
NN8664,Cirsium palustre,0,Cirsium
NN8664,Cirsium vulgare,0,Cirsium
NN8664,Clematis vitalba,0,Clematis
NN8664,Clinopodium vulgare,0,Clinopodium
NN8664,Conium maculatum,0,Conium
NN8664,Conopodium majus,0,Conopodium
NN8664,Convolvulus arvensis,0,Convolvulus
NN8664,Conyza canadensis,0,Conyza
NN8664,Cotoneaster salicifolius,0,Cotoneaster
NN8664,Crataegus monogyna,0,Crataegus
NN8664,Crepis capillaris,0,Crepis
NN8664,Crepis vesicaria,0,Crepis
NN8664,Cruciata laevipes,0,Cruciata
NN8664,Cytisus scoparius,0,Cytisus
NN8664,Dactylorhiza fuchsii,0,Dactylorhiza
NN8664,Dactylorhiza maculata,0,Dactylorhiza
NN8664,Daucus carota,0,Daucus
NN8664,Digitalis ferruginea,0,Digitalis
NN8664,Digitalis grandiflora,0,Digitalis
NN8664,Digitalis purpurea,0,Digitalis
NN8664,Dioscorea communis,0,Dioscorea
NN8664,Doronicum plantagineum,0,Doronicum
NN8664,Drosera anglica,0,Drosera
NN8664,Drosera rotundifolia,0,Drosera
NN8664,Dryas octopetala,0,Dryas
NN8664,Epilobium hirsutum,0,Epilobium
NN8664,Epilobium montanum,0,Epilobium
NN8664,Epilobium obscurum,0,Epilobium
NN8664,Epilobium palustre,0,Epilobium
NN8664,Epilobium parviflorum,0,Epilobium
NN8664,Epilobium roseum,0,Epilobium
NN8664,Epilobium tetragonum,0,Epilobium
NN8664,Erica cinerea,0,Erica
NN8664,Erica tetralix,0,Erica
NN8664,Eriophorum vaginatum,0,Eriophorum
NN8664,Eupatorium cannabinum,0,Eupatorium
NN8664,Euphorbia exigua,0,Euphorbia
NN8664,Euphorbia helioscopia,0,Euphorbia
NN8664,Euphrasia officinalis,0,Euphrasia
NN8664,Fagopyrum esculentum,0,Fagopyrum
NN8664,Fallopia convolvulus,0,Fallopia
NN8664,Filipendula ulmaria,0,Filipendula
NN8664,Fumaria officinalis,0,Fumaria
NN8664,Galeopsis speciosa,0,Galeopsis
NN8664,Galeopsis tetrahit,0,Galeopsis
NN8664,Galium aparine,0,Galium
NN8664,Galium mollugo,0,Galium
NN8664,Galium odoratum,0,Galium
NN8664,Galium palustre,0,Galium
NN8664,Galium saxatile,299,Galium
NN8664,Galium verum,40,Galium
NN8664,Genista anglica,0,Genista
NN8664,Geranium dissectum,0,Geranium
NN8664,Geranium molle,0,Geranium
NN8664,Geranium nodosum,0,Geranium
NN8664,Geranium pratense,0,Geranium
NN8664,Geranium pyrenaicum,0,Geranium
NN8664,Geranium robertianum,0,Geranium
NN8664,Geum urbanum,0,Geum
NN8664,Glechoma hederacea,0,Glechoma
NN8664,Hedera helix,0,Hedera
NN8664,Helianthus annuus,0,Helianthus
NN8664,Heracleum mantegazzianum,0,Heracleum
NN8664,Heracleum sphondylium,0,Heracleum
NN8664,Hippocrepis comosa,0,Hippocrepis
NN8664,Hordeum vulgare,0,Hordeum
NN8664,Hyacinthoides non,0,Hyacinthoides
NN8664,Hypericum forrestii,0,Hypericum
NN8664,Hypericum perforatum,0,Hypericum
NN8664,Hypericum pulchrum,0,Hypericum
NN8664,Hypericum tetrapterum,0,Hypericum
NN8664,Hypochaeris radicata,0,Hypochaeris
NN8664,Ilex aquifolium,0,Ilex
NN8664,Impatiens glandulifera,0,Impatiens
NN8664,Impatiens parviflora,0,Impatiens
NN8664,Iris pseudacorus,0,Iris
NN8664,Jacobaea erucifolia,0,Jacobaea
NN8664,Jacobaea vulgaris,0,Jacobaea
NN8664,Jasione montana,0,Jasione
NN8664,Juncus conglomeratus,0,Juncus
NN8664,Juncus effusus,0,Juncus
NN8664,Knautia arvensis,0,Knautia
NN8664,Lactuca serriola,0,Lactuca
NN8664,Lamium album,0,Lamium
NN8664,Lamium galeobdolon,0,Lamium
NN8664,Lamium purpureum,0,Lamium
NN8664,Lapsana communis,0,Lapsana
NN8664,Lathyrus aphaca,0,Lathyrus
NN8664,Lathyrus linifolius,5,Lathyrus
NN8664,Lathyrus pratensis,0,Lathyrus
NN8664,Leontodon hispidus,0,Leontodon
NN8664,Leontodon saxatilis,0,Leontodon
NN8664,Leucanthemum vulgare,0,Leucanthemum
NN8664,Ligusticum scoticum,0,Ligusticum
NN8664,Limonium vulgare,0,Limonium
NN8664,Linaria vulgaris,0,Linaria
NN8664,Linum catharticum,0,Linum
NN8664,Linum usitatissimum,0,Linum
NN8664,Lonicera caprifolium,0,Lonicera
NN8664,Lonicera periclymenum,0,Lonicera
NN8664,Lotus angustissimus,0,Lotus
NN8664,Lotus corniculatus,0,Lotus
NN8664,Lotus pedunculatus,0,Lotus
NN8664,Lotus subbiflorus,0,Lotus
NN8664,Luzula campestris,0,Luzula
NN8664,Lysimachia nemorum,0,Lysimachia
NN8664,Lysimachia punctata,0,Lysimachia
NN8664,Lysimachia vulgaris,0,Lysimachia
NN8664,Lythrum alatum,0,Lythrum
NN8664,Lythrum salicaria,0,Lythrum
NN8664,Malva sylvestris,0,Malva
NN8664,Matricaria chamomilla,0,Matricaria
NN8664,Matricaria discoidea,0,Matricaria
NN8664,Medicago lupulina,0,Medicago
NN8664,Melampyrum pratense,0,Melampyrum
NN8664,Mentha aquatica,0,Mentha
NN8664,Mentha arvensis,0,Mentha
NN8664,Mercurialis perennis,0,Mercurialis
NN8664,Myosotis arvensis,0,Myosotis
NN8664,Myosotis discolor,0,Myosotis
NN8664,Myosotis sylvatica,0,Myosotis
NN8664,Narthecium ossifragum,0,Narthecium
NN8664,Odontites vernus,0,Odontites
NN8664,Oenanthe crocata,0,Oenanthe
NN8664,Origanum vulgare,0,Origanum
NN8664,Ornithopus perpusillus,0,Ornithopus
NN8664,Oxalis acetosella,2,Oxalis
NN8664,Panicum miliaceum,0,Panicum
NN8664,Papaver rhoeas,0,Papaver
NN8664,Pedicularis sylvatica,0,Pedicularis
NN8664,Persicaria amplexicaulis,0,Persicaria
NN8664,Persicaria bistorta,0,Persicaria
NN8664,Persicaria hydropiper,0,Persicaria
NN8664,Persicaria lapathifolia,0,Persicaria
NN8664,Persicaria maculosa,0,Persicaria
NN8664,Peucedanum ostruthium,0,Peucedanum
NN8664,Picris echioides,0,Picris
NN8664,Picris hieracioides,0,Picris
NN8664,Pilosella officinarum,0,Pilosella
NN8664,Pimpinella saxifraga,0,Pimpinella
NN8664,Pinguicula vulgaris,0,Pinguicula
NN8664,Plantago lanceolata,0,Plantago
NN8664,Plantago major,0,Plantago
NN8664,Plantago maritima,0,Plantago
NN8664,Poa annua,0,Poa
NN8664,Polygala serpyllifolia,0,Polygala
NN8664,Polygala vulgaris,0,Polygala
NN8664,Polygonum aviculare,0,Polygonum
NN8664,Potentilla anglica,0,Potentilla
NN8664,Potentilla anserina,0,Potentilla
NN8664,Potentilla erecta,977,Potentilla
NN8664,Potentilla recta,0,Potentilla
NN8664,Potentilla reptans,0,Potentilla
NN8664,Prunella vulgaris,0,Prunella
NN8664,Prunus spinosa,0,Prunus
NN8664,Pulicaria dysenterica,0,Pulicaria
NN8664,Ranunculus acris,2,Ranunculus
NN8664,Ranunculus bulbosus,0,Ranunculus
NN8664,Ranunculus ficaria,0,Ranunculus
NN8664,Ranunculus flammula,0,Ranunculus
NN8664,Ranunculus repens,0,Ranunculus
NN8664,Ranunculus sardous,0,Ranunculus
NN8664,Raphanus raphanistrum,0,Raphanus
NN8664,Raphanus sativus,0,Raphanus
NN8664,Rhinanthus minor,0,Rhinanthus
NN8664,Rosa arvensis,0,Rosa
NN8664,Rosa canina,0,Rosa
NN8664,Rubus caesius,0,Rubus
NN8664,Rubus fruticosus,0,Rubus
NN8664,Rubus idaeus,0,Rubus
NN8664,Rumex acetosa,0,Rumex
NN8664,Rumex acetosella,0,Rumex
NN8664,Rumex crispus,0,Rumex
NN8664,Rumex obtusifolius,0,Rumex
NN8664,Rumex sanguineus,0,Rumex
NN8664,Sagina saginoides,0,Sagina
NN8664,Sambucus nigra,0,Sambucus
NN8664,Sanguisorba officinalis,0,Sanguisorba
NN8664,Scorzoneroides autumnalis,0,Scorzoneroides
NN8664,Scrophularia auriculata,0,Scrophularia
NN8664,Scrophularia nodosa,0,Scrophularia
NN8664,Sedum anglicum,0,Sedum
NN8664,Senecio erucifolius,0,Senecio
NN8664,Senecio jacobaea,0,Senecio
NN8664,Senecio vulgaris,0,Senecio
NN8664,Sherardia arvensis,0,Sherardia
NN8664,Silene dioica,0,Silene
NN8664,Silene latifolia,0,Silene
NN8664,Silybum marianum,0,Silybum
NN8664,Sinapis alba,0,Sinapis
NN8664,Sinapis arvensis,0,Sinapis
NN8664,Sisymbrium officinale,0,Sisymbrium
NN8664,Solanum dulcamara,0,Solanum
NN8664,Solanum nigrum,0,Solanum
NN8664,Solanum tuberosum,0,Solanum
NN8664,Sonchus arvensis,0,Sonchus
NN8664,Sonchus asper,0,Sonchus
NN8664,Sonchus oleraceus,0,Sonchus
NN8664,Sorbus aucuparia,0,Sorbus
NN8664,Spergula arvensis,0,Spergula
NN8664,Spergularia media,0,Spergularia
NN8664,Stachys arvensis,0,Stachys
NN8664,Stachys palustris,0,Stachys
NN8664,Stachys sylvatica,0,Stachys
NN8664,Stellaria alsine,0,Stellaria
NN8664,Stellaria graminea,84,Stellaria
NN8664,Stellaria holostea,0,Stellaria
NN8664,Stellaria media,0,Stellaria
NN8664,Suaeda maritima,0,Suaeda
NN8664,Succisa pratensis,1,Succisa
NN8664,Symphytum officinale,0,Symphytum
NN8664,Taraxacum agg,0,Taraxacum
NN8664,Taraxacum officinale,0,Taraxacum
NN8664,Teucrium scorodonia,0,Teucrium
NN8664,Thlaspi arvense,0,Thlaspi
NN8664,Thymus polytrichus,0,Thymus
NN8664,Thymus vulgaris,0,Thymus
NN8664,Torilis japonica,0,Torilis
NN8664,Tragopogon pratensis,0,Tragopogon
NN8664,Trientalis europaea,0,Trientalis
NN8664,Trifolium arvense,0,Trifolium
NN8664,Trifolium campestre,0,Trifolium
NN8664,Trifolium constantinopolitanum,0,Trifolium
NN8664,Trifolium dubium,0,Trifolium
NN8664,Trifolium pratense,0,Trifolium
NN8664,Trifolium repens,0,Trifolium
NN8664,Tripleurospermum inodorum,0,Tripleurospermum
NN8664,Tripleurospermum maritimum,0,Tripleurospermum
NN8664,Turgenia latifolia,0,Turgenia
NN8664,Ulex europaeus,0,Ulex
NN8664,Ulex gallii,0,Ulex
NN8664,Urtica dioica,0,Urtica
NN8664,Vaccinium myrtillus,0,Vaccinium
NN8664,Vaccinium oxycoccos,0,Vaccinium
NN8664,Vaccinium vitis,0,Vaccinium
NN8664,Valeriana dioica,0,Valeriana
NN8664,Valeriana officinalis,0,Valeriana
NN8664,Verbena officinalis,0,Verbena
NN8664,Verbena x,0,Verbena
NN8664,Veronica agrestis,0,Veronica
NN8664,Veronica arvensis,0,Veronica
NN8664,Veronica beccabunga,0,Veronica
NN8664,Veronica chamaedrys,0,Veronica
NN8664,Veronica hederifolia,0,Veronica
NN8664,Veronica montana,0,Veronica
NN8664,Veronica officinalis,0,Veronica
NN8664,Veronica persica,0,Veronica
NN8664,Veronica polita,0,Veronica
NN8664,Veronica serpyllifolia,0,Veronica
NN8664,Vicia benghalensis,0,Vicia
NN8664,Vicia cracca,0,Vicia
NN8664,Vicia faba,0,Vicia
NN8664,Vicia hirsuta,0,Vicia
NN8664,Vicia lutea,0,Vicia
NN8664,Vicia sativa,0,Vicia
NN8664,Vicia sepium,0,Vicia
NN8664,Vicia spp,0,Vicia
NN8664,Vicia tetrasperma,0,Vicia
NN8664,Viola arvensis,0,Viola
NN8664,Viola canina,0,Viola
NN8664,Viola palustris,0,Viola
NN8664,Viola riviniana,18,Viola
NN8664,Zea mays,0,Zea
NO4923,Acer pseudoplatanus,0,Acer
NO4923,Achillea millefolium,0,Achillea
NO4923,Achillea ptarmica,0,Achillea
NO4923,Aegopodium podagraria,0,Aegopodium
NO4923,Aethusa cynapium,0,Aethusa
NO4923,Ajuga reptans,0,Ajuga
NO4923,Alliaria petiolata,0,Alliaria
NO4923,Alnus glutinosa,0,Alnus
NO4923,Anagallis arvensis,0,Anagallis
NO4923,Anchusa arvensis,0,Anchusa
NO4923,Anemone nemorosa,0,Anemone
NO4923,Angelica sylvestris,0,Angelica
NO4923,Anthemis cotula,0,Anthemis
NO4923,Anthriscus caucalis,0,Anthriscus
NO4923,Anthriscus sylvestris,0,Anthriscus
NO4923,Apium nodiflorum,0,Apium
NO4923,Armeria maritima,0,Armeria
NO4923,Artemisia absinthium,0,Artemisia
NO4923,Artemisia annua,0,Artemisia
NO4923,Artemisia vulgaris,0,Artemisia
NO4923,Aster tripolium,0,Aster
NO4923,Atriplex patula,0,Atriplex
NO4923,Atriplex portulacoides,0,Atriplex
NO4923,Ballota nigra,0,Ballota
NO4923,Barbarea vulgaris,0,Barbarea
NO4923,Bellis perennis,0,Bellis
NO4923,Berula erecta,0,Berula
NO4923,Brassica napus,0,Brassica
NO4923,Brassica oleracea,0,Brassica
NO4923,Brassica rapa,0,Brassica
NO4923,Bryonia dioica,0,Bryonia
NO4923,Buddleja davidii,0,Buddleja
NO4923,Bupleurum tenuissimum,0,Bupleurum
NO4923,Calluna vulgaris,0,Calluna
NO4923,Caltha palustris,0,Caltha
NO4923,Calystegia sepium,0,Calystegia
NO4923,Campanula rotundifolia,0,Campanula
NO4923,Capsella bursa,0,Capsella
NO4923,Cardamine flexuosa,0,Cardamine
NO4923,Cardamine hirsuta,0,Cardamine
NO4923,Cardamine pratensis,0,Cardamine
NO4923,Carduus nutans,0,Carduus
NO4923,Carum verticillatum,0,Carum
NO4923,Centaurea cyanus,0,Centaurea
NO4923,Centaurea nigra,0,Centaurea
NO4923,Centaurea scabiosa,0,Centaurea
NO4923,Centaurium erythraea,0,Centaurium
NO4923,Cerastium arvense,30,Cerastium
NO4923,Cerastium fontanum,2,Cerastium
NO4923,Cerastium glomeratum,0,Cerastium
NO4923,Ceratocapnos claviculata,0,Ceratocapnos
NO4923,Chaerophyllum temulum,0,Chaerophyllum
NO4923,Chamaemelum nobile,0,Chamaemelum
NO4923,Chamerion angustifolium,0,Chamerion
NO4923,Chenopodium album,0,Chenopodium
NO4923,Chenopodium ficifolium,0,Chenopodium
NO4923,Chenopodium quinoa,0,Chenopodium
NO4923,Cichorium intybus,0,Cichorium
NO4923,Circaea lutetiana,0,Circaea
NO4923,Cirsium arvense,0,Cirsium
NO4923,Cirsium eriophorum,0,Cirsium
NO4923,Cirsium palustre,0,Cirsium
NO4923,Cirsium vulgare,0,Cirsium
NO4923,Clematis vitalba,0,Clematis
NO4923,Clinopodium vulgare,0,Clinopodium
NO4923,Conium maculatum,0,Conium
NO4923,Conopodium majus,0,Conopodium
NO4923,Convolvulus arvensis,0,Convolvulus
NO4923,Conyza canadensis,0,Conyza
NO4923,Cotoneaster salicifolius,0,Cotoneaster
NO4923,Crataegus monogyna,0,Crataegus
NO4923,Crepis capillaris,0,Crepis
NO4923,Crepis vesicaria,0,Crepis
NO4923,Cruciata laevipes,0,Cruciata
NO4923,Cytisus scoparius,0,Cytisus
NO4923,Dactylorhiza fuchsii,0,Dactylorhiza
NO4923,Dactylorhiza maculata,0,Dactylorhiza
NO4923,Daucus carota,0,Daucus
NO4923,Digitalis ferruginea,0,Digitalis
NO4923,Digitalis grandiflora,0,Digitalis
NO4923,Digitalis purpurea,0,Digitalis
NO4923,Dioscorea communis,0,Dioscorea
NO4923,Doronicum plantagineum,0,Doronicum
NO4923,Drosera anglica,0,Drosera
NO4923,Drosera rotundifolia,0,Drosera
NO4923,Dryas octopetala,0,Dryas
NO4923,Epilobium hirsutum,0,Epilobium
NO4923,Epilobium montanum,0,Epilobium
NO4923,Epilobium obscurum,0,Epilobium
NO4923,Epilobium palustre,0,Epilobium
NO4923,Epilobium parviflorum,0,Epilobium
NO4923,Epilobium roseum,0,Epilobium
NO4923,Epilobium tetragonum,0,Epilobium
NO4923,Erica cinerea,1681,Erica
NO4923,Erica tetralix,0,Erica
NO4923,Eriophorum vaginatum,0,Eriophorum
NO4923,Eupatorium cannabinum,0,Eupatorium
NO4923,Euphorbia exigua,0,Euphorbia
NO4923,Euphorbia helioscopia,0,Euphorbia
NO4923,Euphrasia officinalis,0,Euphrasia
NO4923,Fagopyrum esculentum,0,Fagopyrum
NO4923,Fallopia convolvulus,0,Fallopia
NO4923,Filipendula ulmaria,0,Filipendula
NO4923,Fumaria officinalis,0,Fumaria
NO4923,Galeopsis speciosa,0,Galeopsis
NO4923,Galeopsis tetrahit,0,Galeopsis
NO4923,Galium aparine,0,Galium
NO4923,Galium mollugo,0,Galium
NO4923,Galium odoratum,0,Galium
NO4923,Galium palustre,0,Galium
NO4923,Galium saxatile,137,Galium
NO4923,Galium verum,0,Galium
NO4923,Genista anglica,0,Genista
NO4923,Geranium dissectum,0,Geranium
NO4923,Geranium molle,0,Geranium
NO4923,Geranium nodosum,0,Geranium
NO4923,Geranium pratense,0,Geranium
NO4923,Geranium pyrenaicum,0,Geranium
NO4923,Geranium robertianum,0,Geranium
NO4923,Geum urbanum,0,Geum
NO4923,Glechoma hederacea,0,Glechoma
NO4923,Hedera helix,0,Hedera
NO4923,Helianthus annuus,0,Helianthus
NO4923,Heracleum mantegazzianum,0,Heracleum
NO4923,Heracleum sphondylium,0,Heracleum
NO4923,Hippocrepis comosa,0,Hippocrepis
NO4923,Hordeum vulgare,0,Hordeum
NO4923,Hyacinthoides non,0,Hyacinthoides
NO4923,Hypericum forrestii,0,Hypericum
NO4923,Hypericum perforatum,0,Hypericum
NO4923,Hypericum pulchrum,0,Hypericum
NO4923,Hypericum tetrapterum,0,Hypericum
NO4923,Hypochaeris radicata,0,Hypochaeris
NO4923,Ilex aquifolium,0,Ilex
NO4923,Impatiens glandulifera,0,Impatiens
NO4923,Impatiens parviflora,0,Impatiens
NO4923,Iris pseudacorus,0,Iris
NO4923,Jacobaea erucifolia,0,Jacobaea
NO4923,Jacobaea vulgaris,0,Jacobaea
NO4923,Jasione montana,0,Jasione
NO4923,Juncus conglomeratus,0,Juncus
NO4923,Juncus effusus,0,Juncus
NO4923,Knautia arvensis,0,Knautia
NO4923,Lactuca serriola,0,Lactuca
NO4923,Lamium album,0,Lamium
NO4923,Lamium galeobdolon,0,Lamium
NO4923,Lamium purpureum,0,Lamium
NO4923,Lapsana communis,0,Lapsana
NO4923,Lathyrus aphaca,0,Lathyrus
NO4923,Lathyrus linifolius,0,Lathyrus
NO4923,Lathyrus pratensis,0,Lathyrus
NO4923,Leontodon hispidus,0,Leontodon
NO4923,Leontodon saxatilis,1,Leontodon
NO4923,Leucanthemum vulgare,0,Leucanthemum
NO4923,Ligusticum scoticum,0,Ligusticum
NO4923,Limonium vulgare,0,Limonium
NO4923,Linaria vulgaris,0,Linaria
NO4923,Linum catharticum,0,Linum
NO4923,Linum usitatissimum,0,Linum
NO4923,Lonicera caprifolium,0,Lonicera
NO4923,Lonicera periclymenum,0,Lonicera
NO4923,Lotus angustissimus,0,Lotus
NO4923,Lotus corniculatus,1,Lotus
NO4923,Lotus pedunculatus,0,Lotus
NO4923,Lotus subbiflorus,0,Lotus
NO4923,Luzula campestris,0,Luzula
NO4923,Lysimachia nemorum,0,Lysimachia
NO4923,Lysimachia punctata,0,Lysimachia
NO4923,Lysimachia vulgaris,0,Lysimachia
NO4923,Lythrum alatum,0,Lythrum
NO4923,Lythrum salicaria,0,Lythrum
NO4923,Malva sylvestris,0,Malva
NO4923,Matricaria chamomilla,0,Matricaria
NO4923,Matricaria discoidea,0,Matricaria
NO4923,Medicago lupulina,0,Medicago
NO4923,Melampyrum pratense,0,Melampyrum
NO4923,Mentha aquatica,0,Mentha
NO4923,Mentha arvensis,0,Mentha
NO4923,Mercurialis perennis,0,Mercurialis
NO4923,Myosotis arvensis,0,Myosotis
NO4923,Myosotis discolor,0,Myosotis
NO4923,Myosotis sylvatica,0,Myosotis
NO4923,Narthecium ossifragum,0,Narthecium
NO4923,Odontites vernus,0,Odontites
NO4923,Oenanthe crocata,0,Oenanthe
NO4923,Origanum vulgare,0,Origanum
NO4923,Ornithopus perpusillus,0,Ornithopus
NO4923,Oxalis acetosella,0,Oxalis
NO4923,Panicum miliaceum,0,Panicum
NO4923,Papaver rhoeas,0,Papaver
NO4923,Pedicularis sylvatica,0,Pedicularis
NO4923,Persicaria amplexicaulis,0,Persicaria
NO4923,Persicaria bistorta,0,Persicaria
NO4923,Persicaria hydropiper,0,Persicaria
NO4923,Persicaria lapathifolia,0,Persicaria
NO4923,Persicaria maculosa,0,Persicaria
NO4923,Peucedanum ostruthium,0,Peucedanum
NO4923,Picris echioides,0,Picris
NO4923,Picris hieracioides,0,Picris
NO4923,Pilosella officinarum,1,Pilosella
NO4923,Pimpinella saxifraga,0,Pimpinella
NO4923,Pinguicula vulgaris,0,Pinguicula
NO4923,Plantago lanceolata,2,Plantago
NO4923,Plantago major,0,Plantago
NO4923,Plantago maritima,0,Plantago
NO4923,Poa annua,0,Poa
NO4923,Polygala serpyllifolia,0,Polygala
NO4923,Polygala vulgaris,0,Polygala
NO4923,Polygonum aviculare,0,Polygonum
NO4923,Potentilla anglica,0,Potentilla
NO4923,Potentilla anserina,0,Potentilla
NO4923,Potentilla erecta,88,Potentilla
NO4923,Potentilla recta,0,Potentilla
NO4923,Potentilla reptans,0,Potentilla
NO4923,Prunella vulgaris,0,Prunella
NO4923,Prunus spinosa,0,Prunus
NO4923,Pulicaria dysenterica,0,Pulicaria
NO4923,Ranunculus acris,0,Ranunculus
NO4923,Ranunculus bulbosus,0,Ranunculus
NO4923,Ranunculus ficaria,0,Ranunculus
NO4923,Ranunculus flammula,0,Ranunculus
NO4923,Ranunculus repens,0,Ranunculus
NO4923,Ranunculus sardous,0,Ranunculus
NO4923,Raphanus raphanistrum,0,Raphanus
NO4923,Raphanus sativus,0,Raphanus
NO4923,Rhinanthus minor,15,Rhinanthus
NO4923,Rosa arvensis,0,Rosa
NO4923,Rosa canina,0,Rosa
NO4923,Rubus caesius,0,Rubus
NO4923,Rubus fruticosus,0,Rubus
NO4923,Rubus idaeus,0,Rubus
NO4923,Rumex acetosa,0,Rumex
NO4923,Rumex acetosella,0,Rumex
NO4923,Rumex crispus,0,Rumex
NO4923,Rumex obtusifolius,0,Rumex
NO4923,Rumex sanguineus,0,Rumex
NO4923,Sagina saginoides,0,Sagina
NO4923,Sambucus nigra,0,Sambucus
NO4923,Sanguisorba officinalis,0,Sanguisorba
NO4923,Scorzoneroides autumnalis,106,Scorzoneroides
NO4923,Scrophularia auriculata,0,Scrophularia
NO4923,Scrophularia nodosa,0,Scrophularia
NO4923,Sedum anglicum,0,Sedum
NO4923,Senecio erucifolius,0,Senecio
NO4923,Senecio jacobaea,0,Senecio
NO4923,Senecio vulgaris,0,Senecio
NO4923,Sherardia arvensis,0,Sherardia
NO4923,Silene dioica,0,Silene
NO4923,Silene latifolia,0,Silene
NO4923,Silybum marianum,0,Silybum
NO4923,Sinapis alba,0,Sinapis
NO4923,Sinapis arvensis,0,Sinapis
NO4923,Sisymbrium officinale,0,Sisymbrium
NO4923,Solanum dulcamara,0,Solanum
NO4923,Solanum nigrum,0,Solanum
NO4923,Solanum tuberosum,0,Solanum
NO4923,Sonchus arvensis,0,Sonchus
NO4923,Sonchus asper,0,Sonchus
NO4923,Sonchus oleraceus,0,Sonchus
NO4923,Sorbus aucuparia,0,Sorbus
NO4923,Spergula arvensis,0,Spergula
NO4923,Spergularia media,0,Spergularia
NO4923,Stachys arvensis,0,Stachys
NO4923,Stachys palustris,0,Stachys
NO4923,Stachys sylvatica,0,Stachys
NO4923,Stellaria alsine,0,Stellaria
NO4923,Stellaria graminea,179,Stellaria
NO4923,Stellaria holostea,0,Stellaria
NO4923,Stellaria media,0,Stellaria
NO4923,Suaeda maritima,0,Suaeda
NO4923,Succisa pratensis,0,Succisa
NO4923,Symphytum officinale,0,Symphytum
NO4923,Taraxacum agg,0,Taraxacum
NO4923,Taraxacum officinale,0,Taraxacum
NO4923,Teucrium scorodonia,0,Teucrium
NO4923,Thlaspi arvense,0,Thlaspi
NO4923,Thymus polytrichus,0,Thymus
NO4923,Thymus vulgaris,0,Thymus
NO4923,Torilis japonica,0,Torilis
NO4923,Tragopogon pratensis,0,Tragopogon
NO4923,Trientalis europaea,0,Trientalis
NO4923,Trifolium arvense,93,Trifolium
NO4923,Trifolium campestre,0,Trifolium
NO4923,Trifolium constantinopolitanum,0,Trifolium
NO4923,Trifolium dubium,187,Trifolium
NO4923,Trifolium pratense,0,Trifolium
NO4923,Trifolium repens,203,Trifolium
NO4923,Tripleurospermum inodorum,0,Tripleurospermum
NO4923,Tripleurospermum maritimum,0,Tripleurospermum
NO4923,Turgenia latifolia,0,Turgenia
NO4923,Ulex europaeus,0,Ulex
NO4923,Ulex gallii,0,Ulex
NO4923,Urtica dioica,0,Urtica
NO4923,Vaccinium myrtillus,0,Vaccinium
NO4923,Vaccinium oxycoccos,0,Vaccinium
NO4923,Vaccinium vitis,0,Vaccinium
NO4923,Valeriana dioica,0,Valeriana
NO4923,Valeriana officinalis,0,Valeriana
NO4923,Verbena officinalis,0,Verbena
NO4923,Verbena x,0,Verbena
NO4923,Veronica agrestis,0,Veronica
NO4923,Veronica arvensis,0,Veronica
NO4923,Veronica beccabunga,0,Veronica
NO4923,Veronica chamaedrys,0,Veronica
NO4923,Veronica hederifolia,0,Veronica
NO4923,Veronica montana,0,Veronica
NO4923,Veronica officinalis,0,Veronica
NO4923,Veronica persica,0,Veronica
NO4923,Veronica polita,0,Veronica
NO4923,Veronica serpyllifolia,0,Veronica
NO4923,Vicia benghalensis,0,Vicia
NO4923,Vicia cracca,0,Vicia
NO4923,Vicia faba,0,Vicia
NO4923,Vicia hirsuta,0,Vicia
NO4923,Vicia lutea,0,Vicia
NO4923,Vicia sativa,0,Vicia
NO4923,Vicia sepium,0,Vicia
NO4923,Vicia spp,0,Vicia
NO4923,Vicia tetrasperma,0,Vicia
NO4923,Viola arvensis,0,Viola
NO4923,Viola canina,0,Viola
NO4923,Viola palustris,0,Viola
NO4923,Viola riviniana,0,Viola
NO4923,Zea mays,0,Zea
NO7495,Acer pseudoplatanus,0,Acer
NO7495,Achillea millefolium,1,Achillea
NO7495,Achillea ptarmica,0,Achillea
NO7495,Aegopodium podagraria,0,Aegopodium
NO7495,Aethusa cynapium,0,Aethusa
NO7495,Ajuga reptans,0,Ajuga
NO7495,Alliaria petiolata,0,Alliaria
NO7495,Alnus glutinosa,0,Alnus
NO7495,Anagallis arvensis,0,Anagallis
NO7495,Anchusa arvensis,0,Anchusa
NO7495,Anemone nemorosa,0,Anemone
NO7495,Angelica sylvestris,0,Angelica
NO7495,Anthemis cotula,0,Anthemis
NO7495,Anthriscus caucalis,0,Anthriscus
NO7495,Anthriscus sylvestris,0,Anthriscus
NO7495,Apium nodiflorum,0,Apium
NO7495,Armeria maritima,0,Armeria
NO7495,Artemisia absinthium,0,Artemisia
NO7495,Artemisia annua,0,Artemisia
NO7495,Artemisia vulgaris,0,Artemisia
NO7495,Aster tripolium,0,Aster
NO7495,Atriplex patula,0,Atriplex
NO7495,Atriplex portulacoides,0,Atriplex
NO7495,Ballota nigra,0,Ballota
NO7495,Barbarea vulgaris,0,Barbarea
NO7495,Bellis perennis,491,Bellis
NO7495,Berula erecta,0,Berula
NO7495,Brassica napus,0,Brassica
NO7495,Brassica oleracea,0,Brassica
NO7495,Brassica rapa,0,Brassica
NO7495,Bryonia dioica,0,Bryonia
NO7495,Buddleja davidii,0,Buddleja
NO7495,Bupleurum tenuissimum,0,Bupleurum
NO7495,Calluna vulgaris,0,Calluna
NO7495,Caltha palustris,0,Caltha
NO7495,Calystegia sepium,0,Calystegia
NO7495,Campanula rotundifolia,0,Campanula
NO7495,Capsella bursa,0,Capsella
NO7495,Cardamine flexuosa,36,Cardamine
NO7495,Cardamine hirsuta,0,Cardamine
NO7495,Cardamine pratensis,0,Cardamine
NO7495,Carduus nutans,0,Carduus
NO7495,Carum verticillatum,0,Carum
NO7495,Centaurea cyanus,0,Centaurea
NO7495,Centaurea nigra,0,Centaurea
NO7495,Centaurea scabiosa,0,Centaurea
NO7495,Centaurium erythraea,0,Centaurium
NO7495,Cerastium arvense,0,Cerastium
NO7495,Cerastium fontanum,11,Cerastium
NO7495,Cerastium glomeratum,0,Cerastium
NO7495,Ceratocapnos claviculata,0,Ceratocapnos
NO7495,Chaerophyllum temulum,0,Chaerophyllum
NO7495,Chamaemelum nobile,0,Chamaemelum
NO7495,Chamerion angustifolium,3,Chamerion
NO7495,Chenopodium album,0,Chenopodium
NO7495,Chenopodium ficifolium,0,Chenopodium
NO7495,Chenopodium quinoa,0,Chenopodium
NO7495,Cichorium intybus,0,Cichorium
NO7495,Circaea lutetiana,0,Circaea
NO7495,Cirsium arvense,1,Cirsium
NO7495,Cirsium eriophorum,0,Cirsium
NO7495,Cirsium palustre,0,Cirsium
NO7495,Cirsium vulgare,0,Cirsium
NO7495,Clematis vitalba,0,Clematis
NO7495,Clinopodium vulgare,0,Clinopodium
NO7495,Conium maculatum,0,Conium
NO7495,Conopodium majus,0,Conopodium
NO7495,Convolvulus arvensis,0,Convolvulus
NO7495,Conyza canadensis,0,Conyza
NO7495,Cotoneaster salicifolius,0,Cotoneaster
NO7495,Crataegus monogyna,0,Crataegus
NO7495,Crepis capillaris,0,Crepis
NO7495,Crepis vesicaria,0,Crepis
NO7495,Cruciata laevipes,0,Cruciata
NO7495,Cytisus scoparius,1510,Cytisus
NO7495,Dactylorhiza fuchsii,0,Dactylorhiza
NO7495,Dactylorhiza maculata,0,Dactylorhiza
NO7495,Daucus carota,0,Daucus
NO7495,Digitalis ferruginea,0,Digitalis
NO7495,Digitalis grandiflora,0,Digitalis
NO7495,Digitalis purpurea,0,Digitalis
NO7495,Dioscorea communis,0,Dioscorea
NO7495,Doronicum plantagineum,0,Doronicum
NO7495,Drosera anglica,0,Drosera
NO7495,Drosera rotundifolia,0,Drosera
NO7495,Dryas octopetala,0,Dryas
NO7495,Epilobium hirsutum,0,Epilobium
NO7495,Epilobium montanum,0,Epilobium
NO7495,Epilobium obscurum,29,Epilobium
NO7495,Epilobium palustre,0,Epilobium
NO7495,Epilobium parviflorum,0,Epilobium
NO7495,Epilobium roseum,0,Epilobium
NO7495,Epilobium tetragonum,0,Epilobium
NO7495,Erica cinerea,0,Erica
NO7495,Erica tetralix,0,Erica
NO7495,Eriophorum vaginatum,0,Eriophorum
NO7495,Eupatorium cannabinum,0,Eupatorium
NO7495,Euphorbia exigua,0,Euphorbia
NO7495,Euphorbia helioscopia,0,Euphorbia
NO7495,Euphrasia officinalis,0,Euphrasia
NO7495,Fagopyrum esculentum,0,Fagopyrum
NO7495,Fallopia convolvulus,0,Fallopia
NO7495,Filipendula ulmaria,13,Filipendula
NO7495,Fumaria officinalis,4,Fumaria
NO7495,Galeopsis speciosa,7,Galeopsis
NO7495,Galeopsis tetrahit,0,Galeopsis
NO7495,Galium aparine,0,Galium
NO7495,Galium mollugo,0,Galium
NO7495,Galium odoratum,0,Galium
NO7495,Galium palustre,0,Galium
NO7495,Galium saxatile,0,Galium
NO7495,Galium verum,0,Galium
NO7495,Genista anglica,0,Genista
NO7495,Geranium dissectum,0,Geranium
NO7495,Geranium molle,0,Geranium
NO7495,Geranium nodosum,0,Geranium
NO7495,Geranium pratense,0,Geranium
NO7495,Geranium pyrenaicum,0,Geranium
NO7495,Geranium robertianum,0,Geranium
NO7495,Geum urbanum,0,Geum
NO7495,Glechoma hederacea,0,Glechoma
NO7495,Hedera helix,0,Hedera
NO7495,Helianthus annuus,0,Helianthus
NO7495,Heracleum mantegazzianum,0,Heracleum
NO7495,Heracleum sphondylium,10,Heracleum
NO7495,Hippocrepis comosa,0,Hippocrepis
NO7495,Hordeum vulgare,0,Hordeum
NO7495,Hyacinthoides non,0,Hyacinthoides
NO7495,Hypericum forrestii,0,Hypericum
NO7495,Hypericum perforatum,0,Hypericum
NO7495,Hypericum pulchrum,0,Hypericum
NO7495,Hypericum tetrapterum,0,Hypericum
NO7495,Hypochaeris radicata,0,Hypochaeris
NO7495,Ilex aquifolium,0,Ilex
NO7495,Impatiens glandulifera,0,Impatiens
NO7495,Impatiens parviflora,0,Impatiens
NO7495,Iris pseudacorus,0,Iris
NO7495,Jacobaea erucifolia,0,Jacobaea
NO7495,Jacobaea vulgaris,0,Jacobaea
NO7495,Jasione montana,0,Jasione
NO7495,Juncus conglomeratus,0,Juncus
NO7495,Juncus effusus,0,Juncus
NO7495,Knautia arvensis,0,Knautia
NO7495,Lactuca serriola,0,Lactuca
NO7495,Lamium album,0,Lamium
NO7495,Lamium galeobdolon,0,Lamium
NO7495,Lamium purpureum,0,Lamium
NO7495,Lapsana communis,0,Lapsana
NO7495,Lathyrus aphaca,0,Lathyrus
NO7495,Lathyrus linifolius,0,Lathyrus
NO7495,Lathyrus pratensis,9,Lathyrus
NO7495,Leontodon hispidus,0,Leontodon
NO7495,Leontodon saxatilis,0,Leontodon
NO7495,Leucanthemum vulgare,0,Leucanthemum
NO7495,Ligusticum scoticum,0,Ligusticum
NO7495,Limonium vulgare,0,Limonium
NO7495,Linaria vulgaris,0,Linaria
NO7495,Linum catharticum,13,Linum
NO7495,Linum usitatissimum,0,Linum
NO7495,Lonicera caprifolium,0,Lonicera
NO7495,Lonicera periclymenum,0,Lonicera
NO7495,Lotus angustissimus,0,Lotus
NO7495,Lotus corniculatus,0,Lotus
NO7495,Lotus pedunculatus,0,Lotus
NO7495,Lotus subbiflorus,0,Lotus
NO7495,Luzula campestris,0,Luzula
NO7495,Lysimachia nemorum,0,Lysimachia
NO7495,Lysimachia punctata,0,Lysimachia
NO7495,Lysimachia vulgaris,0,Lysimachia
NO7495,Lythrum alatum,0,Lythrum
NO7495,Lythrum salicaria,0,Lythrum
NO7495,Malva sylvestris,0,Malva
NO7495,Matricaria chamomilla,0,Matricaria
NO7495,Matricaria discoidea,225,Matricaria
NO7495,Medicago lupulina,0,Medicago
NO7495,Melampyrum pratense,0,Melampyrum
NO7495,Mentha aquatica,0,Mentha
NO7495,Mentha arvensis,0,Mentha
NO7495,Mercurialis perennis,0,Mercurialis
NO7495,Myosotis arvensis,0,Myosotis
NO7495,Myosotis discolor,0,Myosotis
NO7495,Myosotis sylvatica,0,Myosotis
NO7495,Narthecium ossifragum,0,Narthecium
NO7495,Odontites vernus,0,Odontites
NO7495,Oenanthe crocata,0,Oenanthe
NO7495,Origanum vulgare,0,Origanum
NO7495,Ornithopus perpusillus,0,Ornithopus
NO7495,Oxalis acetosella,0,Oxalis
NO7495,Panicum miliaceum,0,Panicum
NO7495,Papaver rhoeas,0,Papaver
NO7495,Pedicularis sylvatica,0,Pedicularis
NO7495,Persicaria amplexicaulis,0,Persicaria
NO7495,Persicaria bistorta,18,Persicaria
NO7495,Persicaria hydropiper,0,Persicaria
NO7495,Persicaria lapathifolia,0,Persicaria
NO7495,Persicaria maculosa,40,Persicaria
NO7495,Peucedanum ostruthium,0,Peucedanum
NO7495,Picris echioides,0,Picris
NO7495,Picris hieracioides,0,Picris
NO7495,Pilosella officinarum,0,Pilosella
NO7495,Pimpinella saxifraga,0,Pimpinella
NO7495,Pinguicula vulgaris,0,Pinguicula
NO7495,Plantago lanceolata,0,Plantago
NO7495,Plantago major,0,Plantago
NO7495,Plantago maritima,0,Plantago
NO7495,Poa annua,0,Poa
NO7495,Polygala serpyllifolia,0,Polygala
NO7495,Polygala vulgaris,0,Polygala
NO7495,Polygonum aviculare,2897,Polygonum
NO7495,Potentilla anglica,0,Potentilla
NO7495,Potentilla anserina,0,Potentilla
NO7495,Potentilla erecta,0,Potentilla
NO7495,Potentilla recta,0,Potentilla
NO7495,Potentilla reptans,0,Potentilla
NO7495,Prunella vulgaris,2,Prunella
NO7495,Prunus spinosa,0,Prunus
NO7495,Pulicaria dysenterica,0,Pulicaria
NO7495,Ranunculus acris,0,Ranunculus
NO7495,Ranunculus bulbosus,0,Ranunculus
NO7495,Ranunculus ficaria,0,Ranunculus
NO7495,Ranunculus flammula,0,Ranunculus
NO7495,Ranunculus repens,349,Ranunculus
NO7495,Ranunculus sardous,0,Ranunculus
NO7495,Raphanus raphanistrum,0,Raphanus
NO7495,Raphanus sativus,0,Raphanus
NO7495,Rhinanthus minor,0,Rhinanthus
NO7495,Rosa arvensis,0,Rosa
NO7495,Rosa canina,0,Rosa
NO7495,Rubus caesius,0,Rubus
NO7495,Rubus fruticosus,34,Rubus
NO7495,Rubus idaeus,0,Rubus
NO7495,Rumex acetosa,14,Rumex
NO7495,Rumex acetosella,0,Rumex
NO7495,Rumex crispus,0,Rumex
NO7495,Rumex obtusifolius,0,Rumex
NO7495,Rumex sanguineus,0,Rumex
NO7495,Sagina saginoides,0,Sagina
NO7495,Sambucus nigra,0,Sambucus
NO7495,Sanguisorba officinalis,0,Sanguisorba
NO7495,Scorzoneroides autumnalis,0,Scorzoneroides
NO7495,Scrophularia auriculata,0,Scrophularia
NO7495,Scrophularia nodosa,0,Scrophularia
NO7495,Sedum anglicum,0,Sedum
NO7495,Senecio erucifolius,0,Senecio
NO7495,Senecio jacobaea,0,Senecio
NO7495,Senecio vulgaris,0,Senecio
NO7495,Sherardia arvensis,0,Sherardia
NO7495,Silene dioica,0,Silene
NO7495,Silene latifolia,0,Silene
NO7495,Silybum marianum,0,Silybum
NO7495,Sinapis alba,0,Sinapis
NO7495,Sinapis arvensis,0,Sinapis
NO7495,Sisymbrium officinale,0,Sisymbrium
NO7495,Solanum dulcamara,0,Solanum
NO7495,Solanum nigrum,0,Solanum
NO7495,Solanum tuberosum,0,Solanum
NO7495,Sonchus arvensis,0,Sonchus
NO7495,Sonchus asper,0,Sonchus
NO7495,Sonchus oleraceus,0,Sonchus
NO7495,Sorbus aucuparia,0,Sorbus
NO7495,Spergula arvensis,45,Spergula
NO7495,Spergularia media,0,Spergularia
NO7495,Stachys arvensis,0,Stachys
NO7495,Stachys palustris,0,Stachys
NO7495,Stachys sylvatica,2,Stachys
NO7495,Stellaria alsine,0,Stellaria
NO7495,Stellaria graminea,441,Stellaria
NO7495,Stellaria holostea,0,Stellaria
NO7495,Stellaria media,149,Stellaria
NO7495,Suaeda maritima,0,Suaeda
NO7495,Succisa pratensis,0,Succisa
NO7495,Symphytum officinale,0,Symphytum
NO7495,Taraxacum agg,0,Taraxacum
NO7495,Taraxacum officinale,0,Taraxacum
NO7495,Teucrium scorodonia,0,Teucrium
NO7495,Thlaspi arvense,0,Thlaspi
NO7495,Thymus polytrichus,0,Thymus
NO7495,Thymus vulgaris,0,Thymus
NO7495,Torilis japonica,0,Torilis
NO7495,Tragopogon pratensis,0,Tragopogon
NO7495,Trientalis europaea,0,Trientalis
NO7495,Trifolium arvense,0,Trifolium
NO7495,Trifolium campestre,0,Trifolium
NO7495,Trifolium constantinopolitanum,0,Trifolium
NO7495,Trifolium dubium,419,Trifolium
NO7495,Trifolium pratense,0,Trifolium
NO7495,Trifolium repens,475,Trifolium
NO7495,Tripleurospermum inodorum,2,Tripleurospermum
NO7495,Tripleurospermum maritimum,0,Tripleurospermum
NO7495,Turgenia latifolia,0,Turgenia
NO7495,Ulex europaeus,500,Ulex
NO7495,Ulex gallii,0,Ulex
NO7495,Urtica dioica,0,Urtica
NO7495,Vaccinium myrtillus,0,Vaccinium
NO7495,Vaccinium oxycoccos,0,Vaccinium
NO7495,Vaccinium vitis,0,Vaccinium
NO7495,Valeriana dioica,0,Valeriana
NO7495,Valeriana officinalis,9,Valeriana
NO7495,Verbena officinalis,0,Verbena
NO7495,Verbena x,0,Verbena
NO7495,Veronica agrestis,0,Veronica
NO7495,Veronica arvensis,0,Veronica
NO7495,Veronica beccabunga,0,Veronica
NO7495,Veronica chamaedrys,23,Veronica
NO7495,Veronica hederifolia,0,Veronica
NO7495,Veronica montana,0,Veronica
NO7495,Veronica officinalis,0,Veronica
NO7495,Veronica persica,0,Veronica
NO7495,Veronica polita,0,Veronica
NO7495,Veronica serpyllifolia,0,Veronica
NO7495,Vicia benghalensis,0,Vicia
NO7495,Vicia cracca,7,Vicia
NO7495,Vicia faba,0,Vicia
NO7495,Vicia hirsuta,0,Vicia
NO7495,Vicia lutea,0,Vicia
NO7495,Vicia sativa,44,Vicia
NO7495,Vicia sepium,28,Vicia
NO7495,Vicia spp,0,Vicia
NO7495,Vicia tetrasperma,0,Vicia
NO7495,Viola arvensis,98,Viola
NO7495,Viola canina,0,Viola
NO7495,Viola palustris,0,Viola
NO7495,Viola riviniana,0,Viola
NO7495,Zea mays,0,Zea
NS2366,Acer pseudoplatanus,0,Acer
NS2366,Achillea millefolium,0,Achillea
NS2366,Achillea ptarmica,0,Achillea
NS2366,Aegopodium podagraria,0,Aegopodium
NS2366,Aethusa cynapium,0,Aethusa
NS2366,Ajuga reptans,0,Ajuga
NS2366,Alliaria petiolata,0,Alliaria
NS2366,Alnus glutinosa,0,Alnus
NS2366,Anagallis arvensis,0,Anagallis
NS2366,Anchusa arvensis,0,Anchusa
NS2366,Anemone nemorosa,0,Anemone
NS2366,Angelica sylvestris,0,Angelica
NS2366,Anthemis cotula,0,Anthemis
NS2366,Anthriscus caucalis,0,Anthriscus
NS2366,Anthriscus sylvestris,0,Anthriscus
NS2366,Apium nodiflorum,0,Apium
NS2366,Armeria maritima,0,Armeria
NS2366,Artemisia absinthium,0,Artemisia
NS2366,Artemisia annua,0,Artemisia
NS2366,Artemisia vulgaris,0,Artemisia
NS2366,Aster tripolium,0,Aster
NS2366,Atriplex patula,0,Atriplex
NS2366,Atriplex portulacoides,0,Atriplex
NS2366,Ballota nigra,0,Ballota
NS2366,Barbarea vulgaris,0,Barbarea
NS2366,Bellis perennis,2,Bellis
NS2366,Berula erecta,0,Berula
NS2366,Brassica napus,0,Brassica
NS2366,Brassica oleracea,0,Brassica
NS2366,Brassica rapa,0,Brassica
NS2366,Bryonia dioica,0,Bryonia
NS2366,Buddleja davidii,0,Buddleja
NS2366,Bupleurum tenuissimum,0,Bupleurum
NS2366,Calluna vulgaris,598,Calluna
NS2366,Caltha palustris,0,Caltha
NS2366,Calystegia sepium,0,Calystegia
NS2366,Campanula rotundifolia,0,Campanula
NS2366,Capsella bursa,0,Capsella
NS2366,Cardamine flexuosa,0,Cardamine
NS2366,Cardamine hirsuta,0,Cardamine
NS2366,Cardamine pratensis,0,Cardamine
NS2366,Carduus nutans,0,Carduus
NS2366,Carum verticillatum,0,Carum
NS2366,Centaurea cyanus,0,Centaurea
NS2366,Centaurea nigra,0,Centaurea
NS2366,Centaurea scabiosa,0,Centaurea
NS2366,Centaurium erythraea,0,Centaurium
NS2366,Cerastium arvense,0,Cerastium
NS2366,Cerastium fontanum,48,Cerastium
NS2366,Cerastium glomeratum,0,Cerastium
NS2366,Ceratocapnos claviculata,0,Ceratocapnos
NS2366,Chaerophyllum temulum,0,Chaerophyllum
NS2366,Chamaemelum nobile,0,Chamaemelum
NS2366,Chamerion angustifolium,0,Chamerion
NS2366,Chenopodium album,0,Chenopodium
NS2366,Chenopodium ficifolium,0,Chenopodium
NS2366,Chenopodium quinoa,0,Chenopodium
NS2366,Cichorium intybus,0,Cichorium
NS2366,Circaea lutetiana,0,Circaea
NS2366,Cirsium arvense,0,Cirsium
NS2366,Cirsium eriophorum,0,Cirsium
NS2366,Cirsium palustre,310,Cirsium
NS2366,Cirsium vulgare,0,Cirsium
NS2366,Clematis vitalba,0,Clematis
NS2366,Clinopodium vulgare,0,Clinopodium
NS2366,Conium maculatum,0,Conium
NS2366,Conopodium majus,253,Conopodium
NS2366,Convolvulus arvensis,0,Convolvulus
NS2366,Conyza canadensis,0,Conyza
NS2366,Cotoneaster salicifolius,0,Cotoneaster
NS2366,Crataegus monogyna,0,Crataegus
NS2366,Crepis capillaris,0,Crepis
NS2366,Crepis vesicaria,0,Crepis
NS2366,Cruciata laevipes,0,Cruciata
NS2366,Cytisus scoparius,0,Cytisus
NS2366,Dactylorhiza fuchsii,1,Dactylorhiza
NS2366,Dactylorhiza maculata,0,Dactylorhiza
NS2366,Daucus carota,0,Daucus
NS2366,Digitalis ferruginea,0,Digitalis
NS2366,Digitalis grandiflora,0,Digitalis
NS2366,Digitalis purpurea,0,Digitalis
NS2366,Dioscorea communis,0,Dioscorea
NS2366,Doronicum plantagineum,0,Doronicum
NS2366,Drosera anglica,0,Drosera
NS2366,Drosera rotundifolia,1,Drosera
NS2366,Dryas octopetala,0,Dryas
NS2366,Epilobium hirsutum,0,Epilobium
NS2366,Epilobium montanum,0,Epilobium
NS2366,Epilobium obscurum,0,Epilobium
NS2366,Epilobium palustre,3,Epilobium
NS2366,Epilobium parviflorum,0,Epilobium
NS2366,Epilobium roseum,0,Epilobium
NS2366,Epilobium tetragonum,0,Epilobium
NS2366,Erica cinerea,0,Erica
NS2366,Erica tetralix,141,Erica
NS2366,Eriophorum vaginatum,0,Eriophorum
NS2366,Eupatorium cannabinum,0,Eupatorium
NS2366,Euphorbia exigua,0,Euphorbia
NS2366,Euphorbia helioscopia,0,Euphorbia
NS2366,Euphrasia officinalis,0,Euphrasia
NS2366,Fagopyrum esculentum,0,Fagopyrum
NS2366,Fallopia convolvulus,0,Fallopia
NS2366,Filipendula ulmaria,0,Filipendula
NS2366,Fumaria officinalis,0,Fumaria
NS2366,Galeopsis speciosa,0,Galeopsis
NS2366,Galeopsis tetrahit,0,Galeopsis
NS2366,Galium aparine,0,Galium
NS2366,Galium mollugo,0,Galium
NS2366,Galium odoratum,0,Galium
NS2366,Galium palustre,168,Galium
NS2366,Galium saxatile,154,Galium
NS2366,Galium verum,0,Galium
NS2366,Genista anglica,0,Genista
NS2366,Geranium dissectum,0,Geranium
NS2366,Geranium molle,0,Geranium
NS2366,Geranium nodosum,0,Geranium
NS2366,Geranium pratense,0,Geranium
NS2366,Geranium pyrenaicum,0,Geranium
NS2366,Geranium robertianum,0,Geranium
NS2366,Geum urbanum,0,Geum
NS2366,Glechoma hederacea,0,Glechoma
NS2366,Hedera helix,0,Hedera
NS2366,Helianthus annuus,0,Helianthus
NS2366,Heracleum mantegazzianum,0,Heracleum
NS2366,Heracleum sphondylium,0,Heracleum
NS2366,Hippocrepis comosa,0,Hippocrepis
NS2366,Hordeum vulgare,0,Hordeum
NS2366,Hyacinthoides non,0,Hyacinthoides
NS2366,Hypericum forrestii,0,Hypericum
NS2366,Hypericum perforatum,0,Hypericum
NS2366,Hypericum pulchrum,0,Hypericum
NS2366,Hypericum tetrapterum,0,Hypericum
NS2366,Hypochaeris radicata,6,Hypochaeris
NS2366,Ilex aquifolium,0,Ilex
NS2366,Impatiens glandulifera,0,Impatiens
NS2366,Impatiens parviflora,0,Impatiens
NS2366,Iris pseudacorus,0,Iris
NS2366,Jacobaea erucifolia,0,Jacobaea
NS2366,Jacobaea vulgaris,0,Jacobaea
NS2366,Jasione montana,0,Jasione
NS2366,Juncus conglomeratus,0,Juncus
NS2366,Juncus effusus,0,Juncus
NS2366,Knautia arvensis,0,Knautia
NS2366,Lactuca serriola,0,Lactuca
NS2366,Lamium album,0,Lamium
NS2366,Lamium galeobdolon,0,Lamium
NS2366,Lamium purpureum,0,Lamium
NS2366,Lapsana communis,0,Lapsana
NS2366,Lathyrus aphaca,0,Lathyrus
NS2366,Lathyrus linifolius,0,Lathyrus
NS2366,Lathyrus pratensis,0,Lathyrus
NS2366,Leontodon hispidus,0,Leontodon
NS2366,Leontodon saxatilis,0,Leontodon
NS2366,Leucanthemum vulgare,0,Leucanthemum
NS2366,Ligusticum scoticum,0,Ligusticum
NS2366,Limonium vulgare,0,Limonium
NS2366,Linaria vulgaris,0,Linaria
NS2366,Linum catharticum,0,Linum
NS2366,Linum usitatissimum,0,Linum
NS2366,Lonicera caprifolium,0,Lonicera
NS2366,Lonicera periclymenum,0,Lonicera
NS2366,Lotus angustissimus,0,Lotus
NS2366,Lotus corniculatus,0,Lotus
NS2366,Lotus pedunculatus,0,Lotus
NS2366,Lotus subbiflorus,0,Lotus
NS2366,Luzula campestris,0,Luzula
NS2366,Lysimachia nemorum,0,Lysimachia
NS2366,Lysimachia punctata,0,Lysimachia
NS2366,Lysimachia vulgaris,0,Lysimachia
NS2366,Lythrum alatum,0,Lythrum
NS2366,Lythrum salicaria,0,Lythrum
NS2366,Malva sylvestris,0,Malva
NS2366,Matricaria chamomilla,0,Matricaria
NS2366,Matricaria discoidea,0,Matricaria
NS2366,Medicago lupulina,0,Medicago
NS2366,Melampyrum pratense,0,Melampyrum
NS2366,Mentha aquatica,0,Mentha
NS2366,Mentha arvensis,0,Mentha
NS2366,Mercurialis perennis,0,Mercurialis
NS2366,Myosotis arvensis,0,Myosotis
NS2366,Myosotis discolor,0,Myosotis
NS2366,Myosotis sylvatica,0,Myosotis
NS2366,Narthecium ossifragum,0,Narthecium
NS2366,Odontites vernus,0,Odontites
NS2366,Oenanthe crocata,0,Oenanthe
NS2366,Origanum vulgare,0,Origanum
NS2366,Ornithopus perpusillus,0,Ornithopus
NS2366,Oxalis acetosella,0,Oxalis
NS2366,Panicum miliaceum,0,Panicum
NS2366,Papaver rhoeas,0,Papaver
NS2366,Pedicularis sylvatica,0,Pedicularis
NS2366,Persicaria amplexicaulis,0,Persicaria
NS2366,Persicaria bistorta,0,Persicaria
NS2366,Persicaria hydropiper,0,Persicaria
NS2366,Persicaria lapathifolia,0,Persicaria
NS2366,Persicaria maculosa,0,Persicaria
NS2366,Peucedanum ostruthium,0,Peucedanum
NS2366,Picris echioides,0,Picris
NS2366,Picris hieracioides,0,Picris
NS2366,Pilosella officinarum,0,Pilosella
NS2366,Pimpinella saxifraga,0,Pimpinella
NS2366,Pinguicula vulgaris,0,Pinguicula
NS2366,Plantago lanceolata,117,Plantago
NS2366,Plantago major,0,Plantago
NS2366,Plantago maritima,0,Plantago
NS2366,Poa annua,0,Poa
NS2366,Polygala serpyllifolia,0,Polygala
NS2366,Polygala vulgaris,0,Polygala
NS2366,Polygonum aviculare,0,Polygonum
NS2366,Potentilla anglica,0,Potentilla
NS2366,Potentilla anserina,0,Potentilla
NS2366,Potentilla erecta,299,Potentilla
NS2366,Potentilla recta,0,Potentilla
NS2366,Potentilla reptans,0,Potentilla
NS2366,Prunella vulgaris,10,Prunella
NS2366,Prunus spinosa,0,Prunus
NS2366,Pulicaria dysenterica,0,Pulicaria
NS2366,Ranunculus acris,482,Ranunculus
NS2366,Ranunculus bulbosus,0,Ranunculus
NS2366,Ranunculus ficaria,0,Ranunculus
NS2366,Ranunculus flammula,34,Ranunculus
NS2366,Ranunculus repens,169,Ranunculus
NS2366,Ranunculus sardous,0,Ranunculus
NS2366,Raphanus raphanistrum,0,Raphanus
NS2366,Raphanus sativus,0,Raphanus
NS2366,Rhinanthus minor,0,Rhinanthus
NS2366,Rosa arvensis,0,Rosa
NS2366,Rosa canina,0,Rosa
NS2366,Rubus caesius,0,Rubus
NS2366,Rubus fruticosus,0,Rubus
NS2366,Rubus idaeus,0,Rubus
NS2366,Rumex acetosa,0,Rumex
NS2366,Rumex acetosella,0,Rumex
NS2366,Rumex crispus,0,Rumex
NS2366,Rumex obtusifolius,0,Rumex
NS2366,Rumex sanguineus,0,Rumex
NS2366,Sagina saginoides,0,Sagina
NS2366,Sambucus nigra,0,Sambucus
NS2366,Sanguisorba officinalis,0,Sanguisorba
NS2366,Scorzoneroides autumnalis,0,Scorzoneroides
NS2366,Scrophularia auriculata,0,Scrophularia
NS2366,Scrophularia nodosa,0,Scrophularia
NS2366,Sedum anglicum,0,Sedum
NS2366,Senecio erucifolius,0,Senecio
NS2366,Senecio jacobaea,0,Senecio
NS2366,Senecio vulgaris,0,Senecio
NS2366,Sherardia arvensis,0,Sherardia
NS2366,Silene dioica,16,Silene
NS2366,Silene latifolia,0,Silene
NS2366,Silybum marianum,0,Silybum
NS2366,Sinapis alba,0,Sinapis
NS2366,Sinapis arvensis,0,Sinapis
NS2366,Sisymbrium officinale,0,Sisymbrium
NS2366,Solanum dulcamara,0,Solanum
NS2366,Solanum nigrum,0,Solanum
NS2366,Solanum tuberosum,0,Solanum
NS2366,Sonchus arvensis,0,Sonchus
NS2366,Sonchus asper,0,Sonchus
NS2366,Sonchus oleraceus,0,Sonchus
NS2366,Sorbus aucuparia,0,Sorbus
NS2366,Spergula arvensis,0,Spergula
NS2366,Spergularia media,0,Spergularia
NS2366,Stachys arvensis,0,Stachys
NS2366,Stachys palustris,0,Stachys
NS2366,Stachys sylvatica,0,Stachys
NS2366,Stellaria alsine,0,Stellaria
NS2366,Stellaria graminea,0,Stellaria
NS2366,Stellaria holostea,0,Stellaria
NS2366,Stellaria media,0,Stellaria
NS2366,Suaeda maritima,0,Suaeda
NS2366,Succisa pratensis,16,Succisa
NS2366,Symphytum officinale,0,Symphytum
NS2366,Taraxacum agg,0,Taraxacum
NS2366,Taraxacum officinale,0,Taraxacum
NS2366,Teucrium scorodonia,0,Teucrium
NS2366,Thlaspi arvense,0,Thlaspi
NS2366,Thymus polytrichus,0,Thymus
NS2366,Thymus vulgaris,0,Thymus
NS2366,Torilis japonica,0,Torilis
NS2366,Tragopogon pratensis,0,Tragopogon
NS2366,Trientalis europaea,0,Trientalis
NS2366,Trifolium arvense,0,Trifolium
NS2366,Trifolium campestre,0,Trifolium
NS2366,Trifolium constantinopolitanum,0,Trifolium
NS2366,Trifolium dubium,0,Trifolium
NS2366,Trifolium pratense,0,Trifolium
NS2366,Trifolium repens,71,Trifolium
NS2366,Tripleurospermum inodorum,0,Tripleurospermum
NS2366,Tripleurospermum maritimum,0,Tripleurospermum
NS2366,Turgenia latifolia,0,Turgenia
NS2366,Ulex europaeus,0,Ulex
NS2366,Ulex gallii,0,Ulex
NS2366,Urtica dioica,0,Urtica
NS2366,Vaccinium myrtillus,35,Vaccinium
NS2366,Vaccinium oxycoccos,2,Vaccinium
NS2366,Vaccinium vitis,0,Vaccinium
NS2366,Valeriana dioica,0,Valeriana
NS2366,Valeriana officinalis,0,Valeriana
NS2366,Verbena officinalis,0,Verbena
NS2366,Verbena x,0,Verbena
NS2366,Veronica agrestis,0,Veronica
NS2366,Veronica arvensis,0,Veronica
NS2366,Veronica beccabunga,0,Veronica
NS2366,Veronica chamaedrys,3,Veronica
NS2366,Veronica hederifolia,0,Veronica
NS2366,Veronica montana,0,Veronica
NS2366,Veronica officinalis,0,Veronica
NS2366,Veronica persica,0,Veronica
NS2366,Veronica polita,0,Veronica
NS2366,Veronica serpyllifolia,0,Veronica
NS2366,Vicia benghalensis,0,Vicia
NS2366,Vicia cracca,0,Vicia
NS2366,Vicia faba,0,Vicia
NS2366,Vicia hirsuta,0,Vicia
NS2366,Vicia lutea,0,Vicia
NS2366,Vicia sativa,0,Vicia
NS2366,Vicia sepium,0,Vicia
NS2366,Vicia spp,0,Vicia
NS2366,Vicia tetrasperma,0,Vicia
NS2366,Viola arvensis,0,Viola
NS2366,Viola canina,0,Viola
NS2366,Viola palustris,1,Viola
NS2366,Viola riviniana,0,Viola
NS2366,Zea mays,0,Zea
NS4085,Acer pseudoplatanus,0,Acer
NS4085,Achillea millefolium,0,Achillea
NS4085,Achillea ptarmica,0,Achillea
NS4085,Aegopodium podagraria,0,Aegopodium
NS4085,Aethusa cynapium,0,Aethusa
NS4085,Ajuga reptans,0,Ajuga
NS4085,Alliaria petiolata,0,Alliaria
NS4085,Alnus glutinosa,0,Alnus
NS4085,Anagallis arvensis,0,Anagallis
NS4085,Anchusa arvensis,0,Anchusa
NS4085,Anemone nemorosa,0,Anemone
NS4085,Angelica sylvestris,0,Angelica
NS4085,Anthemis cotula,0,Anthemis
NS4085,Anthriscus caucalis,0,Anthriscus
NS4085,Anthriscus sylvestris,0,Anthriscus
NS4085,Apium nodiflorum,0,Apium
NS4085,Armeria maritima,0,Armeria
NS4085,Artemisia absinthium,0,Artemisia
NS4085,Artemisia annua,0,Artemisia
NS4085,Artemisia vulgaris,0,Artemisia
NS4085,Aster tripolium,0,Aster
NS4085,Atriplex patula,0,Atriplex
NS4085,Atriplex portulacoides,0,Atriplex
NS4085,Ballota nigra,0,Ballota
NS4085,Barbarea vulgaris,0,Barbarea
NS4085,Bellis perennis,14,Bellis
NS4085,Berula erecta,0,Berula
NS4085,Brassica napus,0,Brassica
NS4085,Brassica oleracea,0,Brassica
NS4085,Brassica rapa,0,Brassica
NS4085,Bryonia dioica,0,Bryonia
NS4085,Buddleja davidii,0,Buddleja
NS4085,Bupleurum tenuissimum,0,Bupleurum
NS4085,Calluna vulgaris,0,Calluna
NS4085,Caltha palustris,0,Caltha
NS4085,Calystegia sepium,0,Calystegia
NS4085,Campanula rotundifolia,0,Campanula
NS4085,Capsella bursa,0,Capsella
NS4085,Cardamine flexuosa,16,Cardamine
NS4085,Cardamine hirsuta,10,Cardamine
NS4085,Cardamine pratensis,0,Cardamine
NS4085,Carduus nutans,0,Carduus
NS4085,Carum verticillatum,0,Carum
NS4085,Centaurea cyanus,0,Centaurea
NS4085,Centaurea nigra,0,Centaurea
NS4085,Centaurea scabiosa,0,Centaurea
NS4085,Centaurium erythraea,0,Centaurium
NS4085,Cerastium arvense,0,Cerastium
NS4085,Cerastium fontanum,390,Cerastium
NS4085,Cerastium glomeratum,0,Cerastium
NS4085,Ceratocapnos claviculata,0,Ceratocapnos
NS4085,Chaerophyllum temulum,0,Chaerophyllum
NS4085,Chamaemelum nobile,0,Chamaemelum
NS4085,Chamerion angustifolium,0,Chamerion
NS4085,Chenopodium album,0,Chenopodium
NS4085,Chenopodium ficifolium,0,Chenopodium
NS4085,Chenopodium quinoa,0,Chenopodium
NS4085,Cichorium intybus,0,Cichorium
NS4085,Circaea lutetiana,0,Circaea
NS4085,Cirsium arvense,7,Cirsium
NS4085,Cirsium eriophorum,0,Cirsium
NS4085,Cirsium palustre,0,Cirsium
NS4085,Cirsium vulgare,1,Cirsium
NS4085,Clematis vitalba,0,Clematis
NS4085,Clinopodium vulgare,0,Clinopodium
NS4085,Conium maculatum,0,Conium
NS4085,Conopodium majus,0,Conopodium
NS4085,Convolvulus arvensis,0,Convolvulus
NS4085,Conyza canadensis,0,Conyza
NS4085,Cotoneaster salicifolius,0,Cotoneaster
NS4085,Crataegus monogyna,0,Crataegus
NS4085,Crepis capillaris,0,Crepis
NS4085,Crepis vesicaria,0,Crepis
NS4085,Cruciata laevipes,0,Cruciata
NS4085,Cytisus scoparius,0,Cytisus
NS4085,Dactylorhiza fuchsii,0,Dactylorhiza
NS4085,Dactylorhiza maculata,0,Dactylorhiza
NS4085,Daucus carota,0,Daucus
NS4085,Digitalis ferruginea,0,Digitalis
NS4085,Digitalis grandiflora,0,Digitalis
NS4085,Digitalis purpurea,0,Digitalis
NS4085,Dioscorea communis,0,Dioscorea
NS4085,Doronicum plantagineum,0,Doronicum
NS4085,Drosera anglica,0,Drosera
NS4085,Drosera rotundifolia,0,Drosera
NS4085,Dryas octopetala,0,Dryas
NS4085,Epilobium hirsutum,0,Epilobium
NS4085,Epilobium montanum,0,Epilobium
NS4085,Epilobium obscurum,0,Epilobium
NS4085,Epilobium palustre,1,Epilobium
NS4085,Epilobium parviflorum,0,Epilobium
NS4085,Epilobium roseum,0,Epilobium
NS4085,Epilobium tetragonum,0,Epilobium
NS4085,Erica cinerea,0,Erica
NS4085,Erica tetralix,0,Erica
NS4085,Eriophorum vaginatum,0,Eriophorum
NS4085,Eupatorium cannabinum,0,Eupatorium
NS4085,Euphorbia exigua,0,Euphorbia
NS4085,Euphorbia helioscopia,0,Euphorbia
NS4085,Euphrasia officinalis,0,Euphrasia
NS4085,Fagopyrum esculentum,0,Fagopyrum
NS4085,Fallopia convolvulus,0,Fallopia
NS4085,Filipendula ulmaria,0,Filipendula
NS4085,Fumaria officinalis,0,Fumaria
NS4085,Galeopsis speciosa,0,Galeopsis
NS4085,Galeopsis tetrahit,0,Galeopsis
NS4085,Galium aparine,0,Galium
NS4085,Galium mollugo,0,Galium
NS4085,Galium odoratum,0,Galium
NS4085,Galium palustre,0,Galium
NS4085,Galium saxatile,125,Galium
NS4085,Galium verum,0,Galium
NS4085,Genista anglica,0,Genista
NS4085,Geranium dissectum,0,Geranium
NS4085,Geranium molle,0,Geranium
NS4085,Geranium nodosum,0,Geranium
NS4085,Geranium pratense,0,Geranium
NS4085,Geranium pyrenaicum,0,Geranium
NS4085,Geranium robertianum,0,Geranium
NS4085,Geum urbanum,0,Geum
NS4085,Glechoma hederacea,0,Glechoma
NS4085,Hedera helix,0,Hedera
NS4085,Helianthus annuus,0,Helianthus
NS4085,Heracleum mantegazzianum,0,Heracleum
NS4085,Heracleum sphondylium,0,Heracleum
NS4085,Hippocrepis comosa,0,Hippocrepis
NS4085,Hordeum vulgare,0,Hordeum
NS4085,Hyacinthoides non,0,Hyacinthoides
NS4085,Hypericum forrestii,0,Hypericum
NS4085,Hypericum perforatum,0,Hypericum
NS4085,Hypericum pulchrum,0,Hypericum
NS4085,Hypericum tetrapterum,0,Hypericum
NS4085,Hypochaeris radicata,3,Hypochaeris
NS4085,Ilex aquifolium,0,Ilex
NS4085,Impatiens glandulifera,0,Impatiens
NS4085,Impatiens parviflora,0,Impatiens
NS4085,Iris pseudacorus,0,Iris
NS4085,Jacobaea erucifolia,0,Jacobaea
NS4085,Jacobaea vulgaris,0,Jacobaea
NS4085,Jasione montana,0,Jasione
NS4085,Juncus conglomeratus,0,Juncus
NS4085,Juncus effusus,0,Juncus
NS4085,Knautia arvensis,0,Knautia
NS4085,Lactuca serriola,0,Lactuca
NS4085,Lamium album,0,Lamium
NS4085,Lamium galeobdolon,0,Lamium
NS4085,Lamium purpureum,0,Lamium
NS4085,Lapsana communis,0,Lapsana
NS4085,Lathyrus aphaca,0,Lathyrus
NS4085,Lathyrus linifolius,0,Lathyrus
NS4085,Lathyrus pratensis,0,Lathyrus
NS4085,Leontodon hispidus,0,Leontodon
NS4085,Leontodon saxatilis,0,Leontodon
NS4085,Leucanthemum vulgare,0,Leucanthemum
NS4085,Ligusticum scoticum,0,Ligusticum
NS4085,Limonium vulgare,0,Limonium
NS4085,Linaria vulgaris,0,Linaria
NS4085,Linum catharticum,0,Linum
NS4085,Linum usitatissimum,0,Linum
NS4085,Lonicera caprifolium,0,Lonicera
NS4085,Lonicera periclymenum,0,Lonicera
NS4085,Lotus angustissimus,0,Lotus
NS4085,Lotus corniculatus,0,Lotus
NS4085,Lotus pedunculatus,0,Lotus
NS4085,Lotus subbiflorus,0,Lotus
NS4085,Luzula campestris,0,Luzula
NS4085,Lysimachia nemorum,0,Lysimachia
NS4085,Lysimachia punctata,0,Lysimachia
NS4085,Lysimachia vulgaris,0,Lysimachia
NS4085,Lythrum alatum,0,Lythrum
NS4085,Lythrum salicaria,0,Lythrum
NS4085,Malva sylvestris,0,Malva
NS4085,Matricaria chamomilla,0,Matricaria
NS4085,Matricaria discoidea,200,Matricaria
NS4085,Medicago lupulina,0,Medicago
NS4085,Melampyrum pratense,0,Melampyrum
NS4085,Mentha aquatica,0,Mentha
NS4085,Mentha arvensis,0,Mentha
NS4085,Mercurialis perennis,0,Mercurialis
NS4085,Myosotis arvensis,30,Myosotis
NS4085,Myosotis discolor,0,Myosotis
NS4085,Myosotis sylvatica,0,Myosotis
NS4085,Narthecium ossifragum,0,Narthecium
NS4085,Odontites vernus,0,Odontites
NS4085,Oenanthe crocata,0,Oenanthe
NS4085,Origanum vulgare,0,Origanum
NS4085,Ornithopus perpusillus,0,Ornithopus
NS4085,Oxalis acetosella,0,Oxalis
NS4085,Panicum miliaceum,0,Panicum
NS4085,Papaver rhoeas,0,Papaver
NS4085,Pedicularis sylvatica,0,Pedicularis
NS4085,Persicaria amplexicaulis,0,Persicaria
NS4085,Persicaria bistorta,0,Persicaria
NS4085,Persicaria hydropiper,0,Persicaria
NS4085,Persicaria lapathifolia,0,Persicaria
NS4085,Persicaria maculosa,10,Persicaria
NS4085,Peucedanum ostruthium,0,Peucedanum
NS4085,Picris echioides,0,Picris
NS4085,Picris hieracioides,0,Picris
NS4085,Pilosella officinarum,0,Pilosella
NS4085,Pimpinella saxifraga,0,Pimpinella
NS4085,Pinguicula vulgaris,0,Pinguicula
NS4085,Plantago lanceolata,0,Plantago
NS4085,Plantago major,0,Plantago
NS4085,Plantago maritima,0,Plantago
NS4085,Poa annua,0,Poa
NS4085,Polygala serpyllifolia,0,Polygala
NS4085,Polygala vulgaris,0,Polygala
NS4085,Polygonum aviculare,26,Polygonum
NS4085,Potentilla anglica,0,Potentilla
NS4085,Potentilla anserina,0,Potentilla
NS4085,Potentilla erecta,0,Potentilla
NS4085,Potentilla recta,0,Potentilla
NS4085,Potentilla reptans,0,Potentilla
NS4085,Prunella vulgaris,3,Prunella
NS4085,Prunus spinosa,0,Prunus
NS4085,Pulicaria dysenterica,0,Pulicaria
NS4085,Ranunculus acris,1,Ranunculus
NS4085,Ranunculus bulbosus,0,Ranunculus
NS4085,Ranunculus ficaria,0,Ranunculus
NS4085,Ranunculus flammula,48,Ranunculus
NS4085,Ranunculus repens,463,Ranunculus
NS4085,Ranunculus sardous,0,Ranunculus
NS4085,Raphanus raphanistrum,0,Raphanus
NS4085,Raphanus sativus,0,Raphanus
NS4085,Rhinanthus minor,0,Rhinanthus
NS4085,Rosa arvensis,0,Rosa
NS4085,Rosa canina,0,Rosa
NS4085,Rubus caesius,0,Rubus
NS4085,Rubus fruticosus,0,Rubus
NS4085,Rubus idaeus,0,Rubus
NS4085,Rumex acetosa,33,Rumex
NS4085,Rumex acetosella,0,Rumex
NS4085,Rumex crispus,0,Rumex
NS4085,Rumex obtusifolius,171,Rumex
NS4085,Rumex sanguineus,0,Rumex
NS4085,Sagina saginoides,0,Sagina
NS4085,Sambucus nigra,0,Sambucus
NS4085,Sanguisorba officinalis,0,Sanguisorba
NS4085,Scorzoneroides autumnalis,0,Scorzoneroides
NS4085,Scrophularia auriculata,0,Scrophularia
NS4085,Scrophularia nodosa,0,Scrophularia
NS4085,Sedum anglicum,0,Sedum
NS4085,Senecio erucifolius,0,Senecio
NS4085,Senecio jacobaea,0,Senecio
NS4085,Senecio vulgaris,0,Senecio
NS4085,Sherardia arvensis,0,Sherardia
NS4085,Silene dioica,0,Silene
NS4085,Silene latifolia,0,Silene
NS4085,Silybum marianum,0,Silybum
NS4085,Sinapis alba,0,Sinapis
NS4085,Sinapis arvensis,0,Sinapis
NS4085,Sisymbrium officinale,0,Sisymbrium
NS4085,Solanum dulcamara,0,Solanum
NS4085,Solanum nigrum,0,Solanum
NS4085,Solanum tuberosum,0,Solanum
NS4085,Sonchus arvensis,0,Sonchus
NS4085,Sonchus asper,0,Sonchus
NS4085,Sonchus oleraceus,0,Sonchus
NS4085,Sorbus aucuparia,0,Sorbus
NS4085,Spergula arvensis,0,Spergula
NS4085,Spergularia media,0,Spergularia
NS4085,Stachys arvensis,0,Stachys
NS4085,Stachys palustris,0,Stachys
NS4085,Stachys sylvatica,0,Stachys
NS4085,Stellaria alsine,0,Stellaria
NS4085,Stellaria graminea,0,Stellaria
NS4085,Stellaria holostea,0,Stellaria
NS4085,Stellaria media,0,Stellaria
NS4085,Suaeda maritima,0,Suaeda
NS4085,Succisa pratensis,0,Succisa
NS4085,Symphytum officinale,0,Symphytum
NS4085,Taraxacum agg,0,Taraxacum
NS4085,Taraxacum officinale,0,Taraxacum
NS4085,Teucrium scorodonia,0,Teucrium
NS4085,Thlaspi arvense,0,Thlaspi
NS4085,Thymus polytrichus,0,Thymus
NS4085,Thymus vulgaris,0,Thymus
NS4085,Torilis japonica,0,Torilis
NS4085,Tragopogon pratensis,0,Tragopogon
NS4085,Trientalis europaea,0,Trientalis
NS4085,Trifolium arvense,0,Trifolium
NS4085,Trifolium campestre,0,Trifolium
NS4085,Trifolium constantinopolitanum,0,Trifolium
NS4085,Trifolium dubium,0,Trifolium
NS4085,Trifolium pratense,0,Trifolium
NS4085,Trifolium repens,261,Trifolium
NS4085,Tripleurospermum inodorum,0,Tripleurospermum
NS4085,Tripleurospermum maritimum,0,Tripleurospermum
NS4085,Turgenia latifolia,0,Turgenia
NS4085,Ulex europaeus,0,Ulex
NS4085,Ulex gallii,0,Ulex
NS4085,Urtica dioica,0,Urtica
NS4085,Vaccinium myrtillus,0,Vaccinium
NS4085,Vaccinium oxycoccos,0,Vaccinium
NS4085,Vaccinium vitis,0,Vaccinium
NS4085,Valeriana dioica,0,Valeriana
NS4085,Valeriana officinalis,0,Valeriana
NS4085,Verbena officinalis,0,Verbena
NS4085,Verbena x,0,Verbena
NS4085,Veronica agrestis,0,Veronica
NS4085,Veronica arvensis,0,Veronica
NS4085,Veronica beccabunga,0,Veronica
NS4085,Veronica chamaedrys,0,Veronica
NS4085,Veronica hederifolia,2,Veronica
NS4085,Veronica montana,0,Veronica
NS4085,Veronica officinalis,0,Veronica
NS4085,Veronica persica,0,Veronica
NS4085,Veronica polita,0,Veronica
NS4085,Veronica serpyllifolia,0,Veronica
NS4085,Vicia benghalensis,0,Vicia
NS4085,Vicia cracca,0,Vicia
NS4085,Vicia faba,0,Vicia
NS4085,Vicia hirsuta,0,Vicia
NS4085,Vicia lutea,0,Vicia
NS4085,Vicia sativa,0,Vicia
NS4085,Vicia sepium,0,Vicia
NS4085,Vicia spp,0,Vicia
NS4085,Vicia tetrasperma,0,Vicia
NS4085,Viola arvensis,0,Viola
NS4085,Viola canina,0,Viola
NS4085,Viola palustris,0,Viola
NS4085,Viola riviniana,0,Viola
NS4085,Zea mays,0,Zea
NS5873,Acer pseudoplatanus,0,Acer
NS5873,Achillea millefolium,0,Achillea
NS5873,Achillea ptarmica,0,Achillea
NS5873,Aegopodium podagraria,0,Aegopodium
NS5873,Aethusa cynapium,0,Aethusa
NS5873,Ajuga reptans,0,Ajuga
NS5873,Alliaria petiolata,0,Alliaria
NS5873,Alnus glutinosa,0,Alnus
NS5873,Anagallis arvensis,0,Anagallis
NS5873,Anchusa arvensis,0,Anchusa
NS5873,Anemone nemorosa,0,Anemone
NS5873,Angelica sylvestris,0,Angelica
NS5873,Anthemis cotula,0,Anthemis
NS5873,Anthriscus caucalis,0,Anthriscus
NS5873,Anthriscus sylvestris,71,Anthriscus
NS5873,Apium nodiflorum,0,Apium
NS5873,Armeria maritima,0,Armeria
NS5873,Artemisia absinthium,0,Artemisia
NS5873,Artemisia annua,0,Artemisia
NS5873,Artemisia vulgaris,0,Artemisia
NS5873,Aster tripolium,0,Aster
NS5873,Atriplex patula,0,Atriplex
NS5873,Atriplex portulacoides,0,Atriplex
NS5873,Ballota nigra,0,Ballota
NS5873,Barbarea vulgaris,0,Barbarea
NS5873,Bellis perennis,0,Bellis
NS5873,Berula erecta,0,Berula
NS5873,Brassica napus,0,Brassica
NS5873,Brassica oleracea,0,Brassica
NS5873,Brassica rapa,0,Brassica
NS5873,Bryonia dioica,0,Bryonia
NS5873,Buddleja davidii,0,Buddleja
NS5873,Bupleurum tenuissimum,0,Bupleurum
NS5873,Calluna vulgaris,0,Calluna
NS5873,Caltha palustris,0,Caltha
NS5873,Calystegia sepium,0,Calystegia
NS5873,Campanula rotundifolia,0,Campanula
NS5873,Capsella bursa,0,Capsella
NS5873,Cardamine flexuosa,0,Cardamine
NS5873,Cardamine hirsuta,0,Cardamine
NS5873,Cardamine pratensis,0,Cardamine
NS5873,Carduus nutans,0,Carduus
NS5873,Carum verticillatum,0,Carum
NS5873,Centaurea cyanus,32,Centaurea
NS5873,Centaurea nigra,0,Centaurea
NS5873,Centaurea scabiosa,0,Centaurea
NS5873,Centaurium erythraea,0,Centaurium
NS5873,Cerastium arvense,0,Cerastium
NS5873,Cerastium fontanum,0,Cerastium
NS5873,Cerastium glomeratum,0,Cerastium
NS5873,Ceratocapnos claviculata,0,Ceratocapnos
NS5873,Chaerophyllum temulum,0,Chaerophyllum
NS5873,Chamaemelum nobile,0,Chamaemelum
NS5873,Chamerion angustifolium,60,Chamerion
NS5873,Chenopodium album,0,Chenopodium
NS5873,Chenopodium ficifolium,0,Chenopodium
NS5873,Chenopodium quinoa,0,Chenopodium
NS5873,Cichorium intybus,0,Cichorium
NS5873,Circaea lutetiana,0,Circaea
NS5873,Cirsium arvense,0,Cirsium
NS5873,Cirsium eriophorum,0,Cirsium
NS5873,Cirsium palustre,0,Cirsium
NS5873,Cirsium vulgare,0,Cirsium
NS5873,Clematis vitalba,0,Clematis
NS5873,Clinopodium vulgare,0,Clinopodium
NS5873,Conium maculatum,0,Conium
NS5873,Conopodium majus,0,Conopodium
NS5873,Convolvulus arvensis,0,Convolvulus
NS5873,Conyza canadensis,0,Conyza
NS5873,Cotoneaster salicifolius,0,Cotoneaster
NS5873,Crataegus monogyna,0,Crataegus
NS5873,Crepis capillaris,0,Crepis
NS5873,Crepis vesicaria,0,Crepis
NS5873,Cruciata laevipes,0,Cruciata
NS5873,Cytisus scoparius,0,Cytisus
NS5873,Dactylorhiza fuchsii,0,Dactylorhiza
NS5873,Dactylorhiza maculata,0,Dactylorhiza
NS5873,Daucus carota,0,Daucus
NS5873,Digitalis ferruginea,0,Digitalis
NS5873,Digitalis grandiflora,0,Digitalis
NS5873,Digitalis purpurea,0,Digitalis
NS5873,Dioscorea communis,0,Dioscorea
NS5873,Doronicum plantagineum,0,Doronicum
NS5873,Drosera anglica,0,Drosera
NS5873,Drosera rotundifolia,0,Drosera
NS5873,Dryas octopetala,0,Dryas
NS5873,Epilobium hirsutum,0,Epilobium
NS5873,Epilobium montanum,0,Epilobium
NS5873,Epilobium obscurum,0,Epilobium
NS5873,Epilobium palustre,0,Epilobium
NS5873,Epilobium parviflorum,0,Epilobium
NS5873,Epilobium roseum,0,Epilobium
NS5873,Epilobium tetragonum,0,Epilobium
NS5873,Erica cinerea,0,Erica
NS5873,Erica tetralix,0,Erica
NS5873,Eriophorum vaginatum,0,Eriophorum
NS5873,Eupatorium cannabinum,0,Eupatorium
NS5873,Euphorbia exigua,0,Euphorbia
NS5873,Euphorbia helioscopia,0,Euphorbia
NS5873,Euphrasia officinalis,0,Euphrasia
NS5873,Fagopyrum esculentum,0,Fagopyrum
NS5873,Fallopia convolvulus,0,Fallopia
NS5873,Filipendula ulmaria,0,Filipendula
NS5873,Fumaria officinalis,0,Fumaria
NS5873,Galeopsis speciosa,0,Galeopsis
NS5873,Galeopsis tetrahit,0,Galeopsis
NS5873,Galium aparine,0,Galium
NS5873,Galium mollugo,0,Galium
NS5873,Galium odoratum,0,Galium
NS5873,Galium palustre,0,Galium
NS5873,Galium saxatile,0,Galium
NS5873,Galium verum,0,Galium
NS5873,Genista anglica,0,Genista
NS5873,Geranium dissectum,0,Geranium
NS5873,Geranium molle,0,Geranium
NS5873,Geranium nodosum,0,Geranium
NS5873,Geranium pratense,0,Geranium
NS5873,Geranium pyrenaicum,0,Geranium
NS5873,Geranium robertianum,0,Geranium
NS5873,Geum urbanum,0,Geum
NS5873,Glechoma hederacea,0,Glechoma
NS5873,Hedera helix,0,Hedera
NS5873,Helianthus annuus,0,Helianthus
NS5873,Heracleum mantegazzianum,0,Heracleum
NS5873,Heracleum sphondylium,0,Heracleum
NS5873,Hippocrepis comosa,0,Hippocrepis
NS5873,Hordeum vulgare,0,Hordeum
NS5873,Hyacinthoides non,0,Hyacinthoides
NS5873,Hypericum forrestii,0,Hypericum
NS5873,Hypericum perforatum,0,Hypericum
NS5873,Hypericum pulchrum,0,Hypericum
NS5873,Hypericum tetrapterum,0,Hypericum
NS5873,Hypochaeris radicata,0,Hypochaeris
NS5873,Ilex aquifolium,0,Ilex
NS5873,Impatiens glandulifera,0,Impatiens
NS5873,Impatiens parviflora,0,Impatiens
NS5873,Iris pseudacorus,0,Iris
NS5873,Jacobaea erucifolia,0,Jacobaea
NS5873,Jacobaea vulgaris,0,Jacobaea
NS5873,Jasione montana,0,Jasione
NS5873,Juncus conglomeratus,0,Juncus
NS5873,Juncus effusus,0,Juncus
NS5873,Knautia arvensis,0,Knautia
NS5873,Lactuca serriola,0,Lactuca
NS5873,Lamium album,1,Lamium
NS5873,Lamium galeobdolon,0,Lamium
NS5873,Lamium purpureum,0,Lamium
NS5873,Lapsana communis,0,Lapsana
NS5873,Lathyrus aphaca,0,Lathyrus
NS5873,Lathyrus linifolius,0,Lathyrus
NS5873,Lathyrus pratensis,0,Lathyrus
NS5873,Leontodon hispidus,0,Leontodon
NS5873,Leontodon saxatilis,0,Leontodon
NS5873,Leucanthemum vulgare,1,Leucanthemum
NS5873,Ligusticum scoticum,0,Ligusticum
NS5873,Limonium vulgare,0,Limonium
NS5873,Linaria vulgaris,0,Linaria
NS5873,Linum catharticum,0,Linum
NS5873,Linum usitatissimum,0,Linum
NS5873,Lonicera caprifolium,0,Lonicera
NS5873,Lonicera periclymenum,12,Lonicera
NS5873,Lotus angustissimus,0,Lotus
NS5873,Lotus corniculatus,0,Lotus
NS5873,Lotus pedunculatus,0,Lotus
NS5873,Lotus subbiflorus,0,Lotus
NS5873,Luzula campestris,0,Luzula
NS5873,Lysimachia nemorum,0,Lysimachia
NS5873,Lysimachia punctata,10,Lysimachia
NS5873,Lysimachia vulgaris,30,Lysimachia
NS5873,Lythrum alatum,0,Lythrum
NS5873,Lythrum salicaria,111,Lythrum
NS5873,Malva sylvestris,0,Malva
NS5873,Matricaria chamomilla,0,Matricaria
NS5873,Matricaria discoidea,0,Matricaria
NS5873,Medicago lupulina,0,Medicago
NS5873,Melampyrum pratense,0,Melampyrum
NS5873,Mentha aquatica,0,Mentha
NS5873,Mentha arvensis,0,Mentha
NS5873,Mercurialis perennis,0,Mercurialis
NS5873,Myosotis arvensis,0,Myosotis
NS5873,Myosotis discolor,0,Myosotis
NS5873,Myosotis sylvatica,0,Myosotis
NS5873,Narthecium ossifragum,0,Narthecium
NS5873,Odontites vernus,0,Odontites
NS5873,Oenanthe crocata,0,Oenanthe
NS5873,Origanum vulgare,0,Origanum
NS5873,Ornithopus perpusillus,0,Ornithopus
NS5873,Oxalis acetosella,0,Oxalis
NS5873,Panicum miliaceum,0,Panicum
NS5873,Papaver rhoeas,0,Papaver
NS5873,Pedicularis sylvatica,0,Pedicularis
NS5873,Persicaria amplexicaulis,0,Persicaria
NS5873,Persicaria bistorta,0,Persicaria
NS5873,Persicaria hydropiper,0,Persicaria
NS5873,Persicaria lapathifolia,0,Persicaria
NS5873,Persicaria maculosa,0,Persicaria
NS5873,Peucedanum ostruthium,0,Peucedanum
NS5873,Picris echioides,0,Picris
NS5873,Picris hieracioides,0,Picris
NS5873,Pilosella officinarum,0,Pilosella
NS5873,Pimpinella saxifraga,0,Pimpinella
NS5873,Pinguicula vulgaris,0,Pinguicula
NS5873,Plantago lanceolata,0,Plantago
NS5873,Plantago major,0,Plantago
NS5873,Plantago maritima,0,Plantago
NS5873,Poa annua,0,Poa
NS5873,Polygala serpyllifolia,0,Polygala
NS5873,Polygala vulgaris,0,Polygala
NS5873,Polygonum aviculare,0,Polygonum
NS5873,Potentilla anglica,0,Potentilla
NS5873,Potentilla anserina,0,Potentilla
NS5873,Potentilla erecta,0,Potentilla
NS5873,Potentilla recta,0,Potentilla
NS5873,Potentilla reptans,0,Potentilla
NS5873,Prunella vulgaris,0,Prunella
NS5873,Prunus spinosa,0,Prunus
NS5873,Pulicaria dysenterica,0,Pulicaria
NS5873,Ranunculus acris,23,Ranunculus
NS5873,Ranunculus bulbosus,0,Ranunculus
NS5873,Ranunculus ficaria,0,Ranunculus
NS5873,Ranunculus flammula,0,Ranunculus
NS5873,Ranunculus repens,96,Ranunculus
NS5873,Ranunculus sardous,0,Ranunculus
NS5873,Raphanus raphanistrum,0,Raphanus
NS5873,Raphanus sativus,0,Raphanus
NS5873,Rhinanthus minor,0,Rhinanthus
NS5873,Rosa arvensis,0,Rosa
NS5873,Rosa canina,32,Rosa
NS5873,Rubus caesius,0,Rubus
NS5873,Rubus fruticosus,80,Rubus
NS5873,Rubus idaeus,0,Rubus
NS5873,Rumex acetosa,0,Rumex
NS5873,Rumex acetosella,0,Rumex
NS5873,Rumex crispus,0,Rumex
NS5873,Rumex obtusifolius,0,Rumex
NS5873,Rumex sanguineus,0,Rumex
NS5873,Sagina saginoides,0,Sagina
NS5873,Sambucus nigra,0,Sambucus
NS5873,Sanguisorba officinalis,0,Sanguisorba
NS5873,Scorzoneroides autumnalis,0,Scorzoneroides
NS5873,Scrophularia auriculata,0,Scrophularia
NS5873,Scrophularia nodosa,0,Scrophularia
NS5873,Sedum anglicum,0,Sedum
NS5873,Senecio erucifolius,0,Senecio
NS5873,Senecio jacobaea,0,Senecio
NS5873,Senecio vulgaris,0,Senecio
NS5873,Sherardia arvensis,0,Sherardia
NS5873,Silene dioica,0,Silene
NS5873,Silene latifolia,0,Silene
NS5873,Silybum marianum,0,Silybum
NS5873,Sinapis alba,0,Sinapis
NS5873,Sinapis arvensis,0,Sinapis
NS5873,Sisymbrium officinale,0,Sisymbrium
NS5873,Solanum dulcamara,0,Solanum
NS5873,Solanum nigrum,0,Solanum
NS5873,Solanum tuberosum,0,Solanum
NS5873,Sonchus arvensis,0,Sonchus
NS5873,Sonchus asper,0,Sonchus
NS5873,Sonchus oleraceus,0,Sonchus
NS5873,Sorbus aucuparia,0,Sorbus
NS5873,Spergula arvensis,0,Spergula
NS5873,Spergularia media,0,Spergularia
NS5873,Stachys arvensis,0,Stachys
NS5873,Stachys palustris,0,Stachys
NS5873,Stachys sylvatica,0,Stachys
NS5873,Stellaria alsine,0,Stellaria
NS5873,Stellaria graminea,0,Stellaria
NS5873,Stellaria holostea,0,Stellaria
NS5873,Stellaria media,0,Stellaria
NS5873,Suaeda maritima,0,Suaeda
NS5873,Succisa pratensis,0,Succisa
NS5873,Symphytum officinale,0,Symphytum
NS5873,Taraxacum agg,0,Taraxacum
NS5873,Taraxacum officinale,0,Taraxacum
NS5873,Teucrium scorodonia,0,Teucrium
NS5873,Thlaspi arvense,0,Thlaspi
NS5873,Thymus polytrichus,0,Thymus
NS5873,Thymus vulgaris,0,Thymus
NS5873,Torilis japonica,0,Torilis
NS5873,Tragopogon pratensis,0,Tragopogon
NS5873,Trientalis europaea,0,Trientalis
NS5873,Trifolium arvense,0,Trifolium
NS5873,Trifolium campestre,0,Trifolium
NS5873,Trifolium constantinopolitanum,0,Trifolium
NS5873,Trifolium dubium,0,Trifolium
NS5873,Trifolium pratense,0,Trifolium
NS5873,Trifolium repens,29,Trifolium
NS5873,Tripleurospermum inodorum,0,Tripleurospermum
NS5873,Tripleurospermum maritimum,0,Tripleurospermum
NS5873,Turgenia latifolia,0,Turgenia
NS5873,Ulex europaeus,2,Ulex
NS5873,Ulex gallii,0,Ulex
NS5873,Urtica dioica,38,Urtica
NS5873,Vaccinium myrtillus,0,Vaccinium
NS5873,Vaccinium oxycoccos,0,Vaccinium
NS5873,Vaccinium vitis,0,Vaccinium
NS5873,Valeriana dioica,0,Valeriana
NS5873,Valeriana officinalis,0,Valeriana
NS5873,Verbena officinalis,0,Verbena
NS5873,Verbena x,0,Verbena
NS5873,Veronica agrestis,0,Veronica
NS5873,Veronica arvensis,0,Veronica
NS5873,Veronica beccabunga,0,Veronica
NS5873,Veronica chamaedrys,0,Veronica
NS5873,Veronica hederifolia,0,Veronica
NS5873,Veronica montana,0,Veronica
NS5873,Veronica officinalis,0,Veronica
NS5873,Veronica persica,0,Veronica
NS5873,Veronica polita,0,Veronica
NS5873,Veronica serpyllifolia,0,Veronica
NS5873,Vicia benghalensis,0,Vicia
NS5873,Vicia cracca,0,Vicia
NS5873,Vicia faba,0,Vicia
NS5873,Vicia hirsuta,0,Vicia
NS5873,Vicia lutea,0,Vicia
NS5873,Vicia sativa,0,Vicia
NS5873,Vicia sepium,2,Vicia
NS5873,Vicia spp,10,Vicia
NS5873,Vicia tetrasperma,0,Vicia
NS5873,Viola arvensis,0,Viola
NS5873,Viola canina,0,Viola
NS5873,Viola palustris,0,Viola
NS5873,Viola riviniana,0,Viola
NS5873,Zea mays,0,Zea
NS9052,Acer pseudoplatanus,0,Acer
NS9052,Achillea millefolium,0,Achillea
NS9052,Achillea ptarmica,40,Achillea
NS9052,Aegopodium podagraria,0,Aegopodium
NS9052,Aethusa cynapium,0,Aethusa
NS9052,Ajuga reptans,0,Ajuga
NS9052,Alliaria petiolata,0,Alliaria
NS9052,Alnus glutinosa,0,Alnus
NS9052,Anagallis arvensis,0,Anagallis
NS9052,Anchusa arvensis,0,Anchusa
NS9052,Anemone nemorosa,0,Anemone
NS9052,Angelica sylvestris,0,Angelica
NS9052,Anthemis cotula,0,Anthemis
NS9052,Anthriscus caucalis,0,Anthriscus
NS9052,Anthriscus sylvestris,0,Anthriscus
NS9052,Apium nodiflorum,0,Apium
NS9052,Armeria maritima,0,Armeria
NS9052,Artemisia absinthium,0,Artemisia
NS9052,Artemisia annua,0,Artemisia
NS9052,Artemisia vulgaris,0,Artemisia
NS9052,Aster tripolium,0,Aster
NS9052,Atriplex patula,0,Atriplex
NS9052,Atriplex portulacoides,0,Atriplex
NS9052,Ballota nigra,0,Ballota
NS9052,Barbarea vulgaris,0,Barbarea
NS9052,Bellis perennis,25,Bellis
NS9052,Berula erecta,0,Berula
NS9052,Brassica napus,0,Brassica
NS9052,Brassica oleracea,0,Brassica
NS9052,Brassica rapa,0,Brassica
NS9052,Bryonia dioica,0,Bryonia
NS9052,Buddleja davidii,0,Buddleja
NS9052,Bupleurum tenuissimum,0,Bupleurum
NS9052,Calluna vulgaris,0,Calluna
NS9052,Caltha palustris,0,Caltha
NS9052,Calystegia sepium,0,Calystegia
NS9052,Campanula rotundifolia,0,Campanula
NS9052,Capsella bursa,0,Capsella
NS9052,Cardamine flexuosa,0,Cardamine
NS9052,Cardamine hirsuta,0,Cardamine
NS9052,Cardamine pratensis,0,Cardamine
NS9052,Carduus nutans,0,Carduus
NS9052,Carum verticillatum,0,Carum
NS9052,Centaurea cyanus,0,Centaurea
NS9052,Centaurea nigra,0,Centaurea
NS9052,Centaurea scabiosa,0,Centaurea
NS9052,Centaurium erythraea,0,Centaurium
NS9052,Cerastium arvense,0,Cerastium
NS9052,Cerastium fontanum,9,Cerastium
NS9052,Cerastium glomeratum,0,Cerastium
NS9052,Ceratocapnos claviculata,0,Ceratocapnos
NS9052,Chaerophyllum temulum,0,Chaerophyllum
NS9052,Chamaemelum nobile,0,Chamaemelum
NS9052,Chamerion angustifolium,0,Chamerion
NS9052,Chenopodium album,0,Chenopodium
NS9052,Chenopodium ficifolium,0,Chenopodium
NS9052,Chenopodium quinoa,0,Chenopodium
NS9052,Cichorium intybus,0,Cichorium
NS9052,Circaea lutetiana,0,Circaea
NS9052,Cirsium arvense,0,Cirsium
NS9052,Cirsium eriophorum,0,Cirsium
NS9052,Cirsium palustre,122,Cirsium
NS9052,Cirsium vulgare,8,Cirsium
NS9052,Clematis vitalba,0,Clematis
NS9052,Clinopodium vulgare,0,Clinopodium
NS9052,Conium maculatum,0,Conium
NS9052,Conopodium majus,0,Conopodium
NS9052,Convolvulus arvensis,0,Convolvulus
NS9052,Conyza canadensis,0,Conyza
NS9052,Cotoneaster salicifolius,0,Cotoneaster
NS9052,Crataegus monogyna,0,Crataegus
NS9052,Crepis capillaris,0,Crepis
NS9052,Crepis vesicaria,0,Crepis
NS9052,Cruciata laevipes,0,Cruciata
NS9052,Cytisus scoparius,0,Cytisus
NS9052,Dactylorhiza fuchsii,0,Dactylorhiza
NS9052,Dactylorhiza maculata,0,Dactylorhiza
NS9052,Daucus carota,0,Daucus
NS9052,Digitalis ferruginea,0,Digitalis
NS9052,Digitalis grandiflora,0,Digitalis
NS9052,Digitalis purpurea,0,Digitalis
NS9052,Dioscorea communis,0,Dioscorea
NS9052,Doronicum plantagineum,0,Doronicum
NS9052,Drosera anglica,0,Drosera
NS9052,Drosera rotundifolia,0,Drosera
NS9052,Dryas octopetala,0,Dryas
NS9052,Epilobium hirsutum,0,Epilobium
NS9052,Epilobium montanum,0,Epilobium
NS9052,Epilobium obscurum,0,Epilobium
NS9052,Epilobium palustre,0,Epilobium
NS9052,Epilobium parviflorum,0,Epilobium
NS9052,Epilobium roseum,0,Epilobium
NS9052,Epilobium tetragonum,0,Epilobium
NS9052,Erica cinerea,0,Erica
NS9052,Erica tetralix,0,Erica
NS9052,Eriophorum vaginatum,0,Eriophorum
NS9052,Eupatorium cannabinum,0,Eupatorium
NS9052,Euphorbia exigua,0,Euphorbia
NS9052,Euphorbia helioscopia,0,Euphorbia
NS9052,Euphrasia officinalis,0,Euphrasia
NS9052,Fagopyrum esculentum,0,Fagopyrum
NS9052,Fallopia convolvulus,0,Fallopia
NS9052,Filipendula ulmaria,0,Filipendula
NS9052,Fumaria officinalis,0,Fumaria
NS9052,Galeopsis speciosa,0,Galeopsis
NS9052,Galeopsis tetrahit,0,Galeopsis
NS9052,Galium aparine,0,Galium
NS9052,Galium mollugo,0,Galium
NS9052,Galium odoratum,0,Galium
NS9052,Galium palustre,0,Galium
NS9052,Galium saxatile,5,Galium
NS9052,Galium verum,0,Galium
NS9052,Genista anglica,0,Genista
NS9052,Geranium dissectum,0,Geranium
NS9052,Geranium molle,0,Geranium
NS9052,Geranium nodosum,0,Geranium
NS9052,Geranium pratense,0,Geranium
NS9052,Geranium pyrenaicum,0,Geranium
NS9052,Geranium robertianum,0,Geranium
NS9052,Geum urbanum,0,Geum
NS9052,Glechoma hederacea,0,Glechoma
NS9052,Hedera helix,0,Hedera
NS9052,Helianthus annuus,0,Helianthus
NS9052,Heracleum mantegazzianum,0,Heracleum
NS9052,Heracleum sphondylium,0,Heracleum
NS9052,Hippocrepis comosa,0,Hippocrepis
NS9052,Hordeum vulgare,0,Hordeum
NS9052,Hyacinthoides non,0,Hyacinthoides
NS9052,Hypericum forrestii,0,Hypericum
NS9052,Hypericum perforatum,0,Hypericum
NS9052,Hypericum pulchrum,0,Hypericum
NS9052,Hypericum tetrapterum,0,Hypericum
NS9052,Hypochaeris radicata,0,Hypochaeris
NS9052,Ilex aquifolium,0,Ilex
NS9052,Impatiens glandulifera,0,Impatiens
NS9052,Impatiens parviflora,0,Impatiens
NS9052,Iris pseudacorus,0,Iris
NS9052,Jacobaea erucifolia,0,Jacobaea
NS9052,Jacobaea vulgaris,0,Jacobaea
NS9052,Jasione montana,0,Jasione
NS9052,Juncus conglomeratus,0,Juncus
NS9052,Juncus effusus,0,Juncus
NS9052,Knautia arvensis,0,Knautia
NS9052,Lactuca serriola,0,Lactuca
NS9052,Lamium album,0,Lamium
NS9052,Lamium galeobdolon,0,Lamium
NS9052,Lamium purpureum,0,Lamium
NS9052,Lapsana communis,0,Lapsana
NS9052,Lathyrus aphaca,0,Lathyrus
NS9052,Lathyrus linifolius,0,Lathyrus
NS9052,Lathyrus pratensis,4,Lathyrus
NS9052,Leontodon hispidus,1,Leontodon
NS9052,Leontodon saxatilis,0,Leontodon
NS9052,Leucanthemum vulgare,0,Leucanthemum
NS9052,Ligusticum scoticum,0,Ligusticum
NS9052,Limonium vulgare,0,Limonium
NS9052,Linaria vulgaris,0,Linaria
NS9052,Linum catharticum,0,Linum
NS9052,Linum usitatissimum,0,Linum
NS9052,Lonicera caprifolium,0,Lonicera
NS9052,Lonicera periclymenum,0,Lonicera
NS9052,Lotus angustissimus,0,Lotus
NS9052,Lotus corniculatus,0,Lotus
NS9052,Lotus pedunculatus,0,Lotus
NS9052,Lotus subbiflorus,0,Lotus
NS9052,Luzula campestris,0,Luzula
NS9052,Lysimachia nemorum,0,Lysimachia
NS9052,Lysimachia punctata,0,Lysimachia
NS9052,Lysimachia vulgaris,0,Lysimachia
NS9052,Lythrum alatum,0,Lythrum
NS9052,Lythrum salicaria,0,Lythrum
NS9052,Malva sylvestris,0,Malva
NS9052,Matricaria chamomilla,0,Matricaria
NS9052,Matricaria discoidea,0,Matricaria
NS9052,Medicago lupulina,0,Medicago
NS9052,Melampyrum pratense,0,Melampyrum
NS9052,Mentha aquatica,0,Mentha
NS9052,Mentha arvensis,0,Mentha
NS9052,Mercurialis perennis,0,Mercurialis
NS9052,Myosotis arvensis,0,Myosotis
NS9052,Myosotis discolor,0,Myosotis
NS9052,Myosotis sylvatica,0,Myosotis
NS9052,Narthecium ossifragum,0,Narthecium
NS9052,Odontites vernus,0,Odontites
NS9052,Oenanthe crocata,0,Oenanthe
NS9052,Origanum vulgare,0,Origanum
NS9052,Ornithopus perpusillus,0,Ornithopus
NS9052,Oxalis acetosella,0,Oxalis
NS9052,Panicum miliaceum,0,Panicum
NS9052,Papaver rhoeas,0,Papaver
NS9052,Pedicularis sylvatica,0,Pedicularis
NS9052,Persicaria amplexicaulis,0,Persicaria
NS9052,Persicaria bistorta,0,Persicaria
NS9052,Persicaria hydropiper,0,Persicaria
NS9052,Persicaria lapathifolia,0,Persicaria
NS9052,Persicaria maculosa,0,Persicaria
NS9052,Peucedanum ostruthium,0,Peucedanum
NS9052,Picris echioides,0,Picris
NS9052,Picris hieracioides,0,Picris
NS9052,Pilosella officinarum,0,Pilosella
NS9052,Pimpinella saxifraga,0,Pimpinella
NS9052,Pinguicula vulgaris,0,Pinguicula
NS9052,Plantago lanceolata,14.3,Plantago
NS9052,Plantago major,0,Plantago
NS9052,Plantago maritima,0,Plantago
NS9052,Poa annua,0,Poa
NS9052,Polygala serpyllifolia,0,Polygala
NS9052,Polygala vulgaris,0,Polygala
NS9052,Polygonum aviculare,0,Polygonum
NS9052,Potentilla anglica,11,Potentilla
NS9052,Potentilla anserina,0,Potentilla
NS9052,Potentilla erecta,141,Potentilla
NS9052,Potentilla recta,0,Potentilla
NS9052,Potentilla reptans,0,Potentilla
NS9052,Prunella vulgaris,0,Prunella
NS9052,Prunus spinosa,0,Prunus
NS9052,Pulicaria dysenterica,0,Pulicaria
NS9052,Ranunculus acris,472,Ranunculus
NS9052,Ranunculus bulbosus,0,Ranunculus
NS9052,Ranunculus ficaria,0,Ranunculus
NS9052,Ranunculus flammula,49,Ranunculus
NS9052,Ranunculus repens,228,Ranunculus
NS9052,Ranunculus sardous,0,Ranunculus
NS9052,Raphanus raphanistrum,0,Raphanus
NS9052,Raphanus sativus,0,Raphanus
NS9052,Rhinanthus minor,0,Rhinanthus
NS9052,Rosa arvensis,0,Rosa
NS9052,Rosa canina,0,Rosa
NS9052,Rubus caesius,0,Rubus
NS9052,Rubus fruticosus,0,Rubus
NS9052,Rubus idaeus,0,Rubus
NS9052,Rumex acetosa,0,Rumex
NS9052,Rumex acetosella,0,Rumex
NS9052,Rumex crispus,0,Rumex
NS9052,Rumex obtusifolius,0,Rumex
NS9052,Rumex sanguineus,0,Rumex
NS9052,Sagina saginoides,0,Sagina
NS9052,Sambucus nigra,0,Sambucus
NS9052,Sanguisorba officinalis,0,Sanguisorba
NS9052,Scorzoneroides autumnalis,20,Scorzoneroides
NS9052,Scrophularia auriculata,0,Scrophularia
NS9052,Scrophularia nodosa,0,Scrophularia
NS9052,Sedum anglicum,0,Sedum
NS9052,Senecio erucifolius,0,Senecio
NS9052,Senecio jacobaea,0,Senecio
NS9052,Senecio vulgaris,0,Senecio
NS9052,Sherardia arvensis,0,Sherardia
NS9052,Silene dioica,0,Silene
NS9052,Silene latifolia,0,Silene
NS9052,Silybum marianum,0,Silybum
NS9052,Sinapis alba,0,Sinapis
NS9052,Sinapis arvensis,0,Sinapis
NS9052,Sisymbrium officinale,0,Sisymbrium
NS9052,Solanum dulcamara,0,Solanum
NS9052,Solanum nigrum,0,Solanum
NS9052,Solanum tuberosum,0,Solanum
NS9052,Sonchus arvensis,0,Sonchus
NS9052,Sonchus asper,0,Sonchus
NS9052,Sonchus oleraceus,0,Sonchus
NS9052,Sorbus aucuparia,0,Sorbus
NS9052,Spergula arvensis,0,Spergula
NS9052,Spergularia media,0,Spergularia
NS9052,Stachys arvensis,0,Stachys
NS9052,Stachys palustris,0,Stachys
NS9052,Stachys sylvatica,0,Stachys
NS9052,Stellaria alsine,0,Stellaria
NS9052,Stellaria graminea,9,Stellaria
NS9052,Stellaria holostea,0,Stellaria
NS9052,Stellaria media,0,Stellaria
NS9052,Suaeda maritima,0,Suaeda
NS9052,Succisa pratensis,0,Succisa
NS9052,Symphytum officinale,0,Symphytum
NS9052,Taraxacum agg,0,Taraxacum
NS9052,Taraxacum officinale,0,Taraxacum
NS9052,Teucrium scorodonia,0,Teucrium
NS9052,Thlaspi arvense,0,Thlaspi
NS9052,Thymus polytrichus,0,Thymus
NS9052,Thymus vulgaris,0,Thymus
NS9052,Torilis japonica,0,Torilis
NS9052,Tragopogon pratensis,0,Tragopogon
NS9052,Trientalis europaea,0,Trientalis
NS9052,Trifolium arvense,0,Trifolium
NS9052,Trifolium campestre,0,Trifolium
NS9052,Trifolium constantinopolitanum,0,Trifolium
NS9052,Trifolium dubium,0,Trifolium
NS9052,Trifolium pratense,0,Trifolium
NS9052,Trifolium repens,463,Trifolium
NS9052,Tripleurospermum inodorum,0,Tripleurospermum
NS9052,Tripleurospermum maritimum,0,Tripleurospermum
NS9052,Turgenia latifolia,0,Turgenia
NS9052,Ulex europaeus,0,Ulex
NS9052,Ulex gallii,0,Ulex
NS9052,Urtica dioica,0,Urtica
NS9052,Vaccinium myrtillus,0,Vaccinium
NS9052,Vaccinium oxycoccos,0,Vaccinium
NS9052,Vaccinium vitis,0,Vaccinium
NS9052,Valeriana dioica,0,Valeriana
NS9052,Valeriana officinalis,0,Valeriana
NS9052,Verbena officinalis,0,Verbena
NS9052,Verbena x,0,Verbena
NS9052,Veronica agrestis,0,Veronica
NS9052,Veronica arvensis,0,Veronica
NS9052,Veronica beccabunga,0,Veronica
NS9052,Veronica chamaedrys,0,Veronica
NS9052,Veronica hederifolia,0,Veronica
NS9052,Veronica montana,0,Veronica
NS9052,Veronica officinalis,0,Veronica
NS9052,Veronica persica,0,Veronica
NS9052,Veronica polita,0,Veronica
NS9052,Veronica serpyllifolia,0,Veronica
NS9052,Vicia benghalensis,0,Vicia
NS9052,Vicia cracca,0,Vicia
NS9052,Vicia faba,0,Vicia
NS9052,Vicia hirsuta,0,Vicia
NS9052,Vicia lutea,0,Vicia
NS9052,Vicia sativa,0,Vicia
NS9052,Vicia sepium,0,Vicia
NS9052,Vicia spp,0,Vicia
NS9052,Vicia tetrasperma,0,Vicia
NS9052,Viola arvensis,0,Viola
NS9052,Viola canina,0,Viola
NS9052,Viola palustris,0,Viola
NS9052,Viola riviniana,0,Viola
NS9052,Zea mays,0,Zea
NT2023,Acer pseudoplatanus,0,Acer
NT2023,Achillea millefolium,0,Achillea
NT2023,Achillea ptarmica,0,Achillea
NT2023,Aegopodium podagraria,0,Aegopodium
NT2023,Aethusa cynapium,0,Aethusa
NT2023,Ajuga reptans,0,Ajuga
NT2023,Alliaria petiolata,0,Alliaria
NT2023,Alnus glutinosa,0,Alnus
NT2023,Anagallis arvensis,0,Anagallis
NT2023,Anchusa arvensis,0,Anchusa
NT2023,Anemone nemorosa,0,Anemone
NT2023,Angelica sylvestris,0,Angelica
NT2023,Anthemis cotula,0,Anthemis
NT2023,Anthriscus caucalis,0,Anthriscus
NT2023,Anthriscus sylvestris,0,Anthriscus
NT2023,Apium nodiflorum,0,Apium
NT2023,Armeria maritima,0,Armeria
NT2023,Artemisia absinthium,0,Artemisia
NT2023,Artemisia annua,0,Artemisia
NT2023,Artemisia vulgaris,0,Artemisia
NT2023,Aster tripolium,0,Aster
NT2023,Atriplex patula,0,Atriplex
NT2023,Atriplex portulacoides,0,Atriplex
NT2023,Ballota nigra,0,Ballota
NT2023,Barbarea vulgaris,0,Barbarea
NT2023,Bellis perennis,0,Bellis
NT2023,Berula erecta,0,Berula
NT2023,Brassica napus,0,Brassica
NT2023,Brassica oleracea,0,Brassica
NT2023,Brassica rapa,0,Brassica
NT2023,Bryonia dioica,0,Bryonia
NT2023,Buddleja davidii,0,Buddleja
NT2023,Bupleurum tenuissimum,0,Bupleurum
NT2023,Calluna vulgaris,2868,Calluna
NT2023,Caltha palustris,0,Caltha
NT2023,Calystegia sepium,0,Calystegia
NT2023,Campanula rotundifolia,0,Campanula
NT2023,Capsella bursa,0,Capsella
NT2023,Cardamine flexuosa,0,Cardamine
NT2023,Cardamine hirsuta,0,Cardamine
NT2023,Cardamine pratensis,0,Cardamine
NT2023,Carduus nutans,0,Carduus
NT2023,Carum verticillatum,0,Carum
NT2023,Centaurea cyanus,0,Centaurea
NT2023,Centaurea nigra,0,Centaurea
NT2023,Centaurea scabiosa,0,Centaurea
NT2023,Centaurium erythraea,0,Centaurium
NT2023,Cerastium arvense,0,Cerastium
NT2023,Cerastium fontanum,0,Cerastium
NT2023,Cerastium glomeratum,0,Cerastium
NT2023,Ceratocapnos claviculata,0,Ceratocapnos
NT2023,Chaerophyllum temulum,0,Chaerophyllum
NT2023,Chamaemelum nobile,0,Chamaemelum
NT2023,Chamerion angustifolium,0,Chamerion
NT2023,Chenopodium album,0,Chenopodium
NT2023,Chenopodium ficifolium,0,Chenopodium
NT2023,Chenopodium quinoa,0,Chenopodium
NT2023,Cichorium intybus,0,Cichorium
NT2023,Circaea lutetiana,0,Circaea
NT2023,Cirsium arvense,0,Cirsium
NT2023,Cirsium eriophorum,0,Cirsium
NT2023,Cirsium palustre,0,Cirsium
NT2023,Cirsium vulgare,0,Cirsium
NT2023,Clematis vitalba,0,Clematis
NT2023,Clinopodium vulgare,0,Clinopodium
NT2023,Conium maculatum,0,Conium
NT2023,Conopodium majus,0,Conopodium
NT2023,Convolvulus arvensis,0,Convolvulus
NT2023,Conyza canadensis,0,Conyza
NT2023,Cotoneaster salicifolius,0,Cotoneaster
NT2023,Crataegus monogyna,0,Crataegus
NT2023,Crepis capillaris,0,Crepis
NT2023,Crepis vesicaria,0,Crepis
NT2023,Cruciata laevipes,0,Cruciata
NT2023,Cytisus scoparius,0,Cytisus
NT2023,Dactylorhiza fuchsii,0,Dactylorhiza
NT2023,Dactylorhiza maculata,0,Dactylorhiza
NT2023,Daucus carota,0,Daucus
NT2023,Digitalis ferruginea,0,Digitalis
NT2023,Digitalis grandiflora,0,Digitalis
NT2023,Digitalis purpurea,0,Digitalis
NT2023,Dioscorea communis,0,Dioscorea
NT2023,Doronicum plantagineum,0,Doronicum
NT2023,Drosera anglica,0,Drosera
NT2023,Drosera rotundifolia,0,Drosera
NT2023,Dryas octopetala,0,Dryas
NT2023,Epilobium hirsutum,0,Epilobium
NT2023,Epilobium montanum,0,Epilobium
NT2023,Epilobium obscurum,0,Epilobium
NT2023,Epilobium palustre,0,Epilobium
NT2023,Epilobium parviflorum,0,Epilobium
NT2023,Epilobium roseum,0,Epilobium
NT2023,Epilobium tetragonum,0,Epilobium
NT2023,Erica cinerea,4,Erica
NT2023,Erica tetralix,1.77777777777778,Erica
NT2023,Eriophorum vaginatum,39,Eriophorum
NT2023,Eupatorium cannabinum,0,Eupatorium
NT2023,Euphorbia exigua,0,Euphorbia
NT2023,Euphorbia helioscopia,0,Euphorbia
NT2023,Euphrasia officinalis,0,Euphrasia
NT2023,Fagopyrum esculentum,0,Fagopyrum
NT2023,Fallopia convolvulus,0,Fallopia
NT2023,Filipendula ulmaria,0,Filipendula
NT2023,Fumaria officinalis,0,Fumaria
NT2023,Galeopsis speciosa,0,Galeopsis
NT2023,Galeopsis tetrahit,0,Galeopsis
NT2023,Galium aparine,0,Galium
NT2023,Galium mollugo,0,Galium
NT2023,Galium odoratum,0,Galium
NT2023,Galium palustre,0,Galium
NT2023,Galium saxatile,101,Galium
NT2023,Galium verum,0,Galium
NT2023,Genista anglica,0,Genista
NT2023,Geranium dissectum,0,Geranium
NT2023,Geranium molle,0,Geranium
NT2023,Geranium nodosum,0,Geranium
NT2023,Geranium pratense,0,Geranium
NT2023,Geranium pyrenaicum,0,Geranium
NT2023,Geranium robertianum,0,Geranium
NT2023,Geum urbanum,0,Geum
NT2023,Glechoma hederacea,0,Glechoma
NT2023,Hedera helix,0,Hedera
NT2023,Helianthus annuus,0,Helianthus
NT2023,Heracleum mantegazzianum,0,Heracleum
NT2023,Heracleum sphondylium,0,Heracleum
NT2023,Hippocrepis comosa,0,Hippocrepis
NT2023,Hordeum vulgare,0,Hordeum
NT2023,Hyacinthoides non,0,Hyacinthoides
NT2023,Hypericum forrestii,0,Hypericum
NT2023,Hypericum perforatum,0,Hypericum
NT2023,Hypericum pulchrum,0,Hypericum
NT2023,Hypericum tetrapterum,0,Hypericum
NT2023,Hypochaeris radicata,0,Hypochaeris
NT2023,Ilex aquifolium,0,Ilex
NT2023,Impatiens glandulifera,0,Impatiens
NT2023,Impatiens parviflora,0,Impatiens
NT2023,Iris pseudacorus,0,Iris
NT2023,Jacobaea erucifolia,0,Jacobaea
NT2023,Jacobaea vulgaris,0,Jacobaea
NT2023,Jasione montana,0,Jasione
NT2023,Juncus conglomeratus,0,Juncus
NT2023,Juncus effusus,0,Juncus
NT2023,Knautia arvensis,0,Knautia
NT2023,Lactuca serriola,0,Lactuca
NT2023,Lamium album,0,Lamium
NT2023,Lamium galeobdolon,0,Lamium
NT2023,Lamium purpureum,0,Lamium
NT2023,Lapsana communis,0,Lapsana
NT2023,Lathyrus aphaca,0,Lathyrus
NT2023,Lathyrus linifolius,0,Lathyrus
NT2023,Lathyrus pratensis,0,Lathyrus
NT2023,Leontodon hispidus,0,Leontodon
NT2023,Leontodon saxatilis,0,Leontodon
NT2023,Leucanthemum vulgare,0,Leucanthemum
NT2023,Ligusticum scoticum,0,Ligusticum
NT2023,Limonium vulgare,0,Limonium
NT2023,Linaria vulgaris,0,Linaria
NT2023,Linum catharticum,0,Linum
NT2023,Linum usitatissimum,0,Linum
NT2023,Lonicera caprifolium,0,Lonicera
NT2023,Lonicera periclymenum,0,Lonicera
NT2023,Lotus angustissimus,0,Lotus
NT2023,Lotus corniculatus,0,Lotus
NT2023,Lotus pedunculatus,0,Lotus
NT2023,Lotus subbiflorus,0,Lotus
NT2023,Luzula campestris,0,Luzula
NT2023,Lysimachia nemorum,0,Lysimachia
NT2023,Lysimachia punctata,0,Lysimachia
NT2023,Lysimachia vulgaris,0,Lysimachia
NT2023,Lythrum alatum,0,Lythrum
NT2023,Lythrum salicaria,0,Lythrum
NT2023,Malva sylvestris,0,Malva
NT2023,Matricaria chamomilla,0,Matricaria
NT2023,Matricaria discoidea,0,Matricaria
NT2023,Medicago lupulina,0,Medicago
NT2023,Melampyrum pratense,67,Melampyrum
NT2023,Mentha aquatica,0,Mentha
NT2023,Mentha arvensis,0,Mentha
NT2023,Mercurialis perennis,0,Mercurialis
NT2023,Myosotis arvensis,0,Myosotis
NT2023,Myosotis discolor,0,Myosotis
NT2023,Myosotis sylvatica,0,Myosotis
NT2023,Narthecium ossifragum,0,Narthecium
NT2023,Odontites vernus,0,Odontites
NT2023,Oenanthe crocata,0,Oenanthe
NT2023,Origanum vulgare,0,Origanum
NT2023,Ornithopus perpusillus,0,Ornithopus
NT2023,Oxalis acetosella,0,Oxalis
NT2023,Panicum miliaceum,0,Panicum
NT2023,Papaver rhoeas,0,Papaver
NT2023,Pedicularis sylvatica,0,Pedicularis
NT2023,Persicaria amplexicaulis,0,Persicaria
NT2023,Persicaria bistorta,0,Persicaria
NT2023,Persicaria hydropiper,0,Persicaria
NT2023,Persicaria lapathifolia,0,Persicaria
NT2023,Persicaria maculosa,0,Persicaria
NT2023,Peucedanum ostruthium,0,Peucedanum
NT2023,Picris echioides,0,Picris
NT2023,Picris hieracioides,0,Picris
NT2023,Pilosella officinarum,0,Pilosella
NT2023,Pimpinella saxifraga,0,Pimpinella
NT2023,Pinguicula vulgaris,0,Pinguicula
NT2023,Plantago lanceolata,0,Plantago
NT2023,Plantago major,0,Plantago
NT2023,Plantago maritima,0,Plantago
NT2023,Poa annua,0,Poa
NT2023,Polygala serpyllifolia,0,Polygala
NT2023,Polygala vulgaris,0,Polygala
NT2023,Polygonum aviculare,0,Polygonum
NT2023,Potentilla anglica,0,Potentilla
NT2023,Potentilla anserina,0,Potentilla
NT2023,Potentilla erecta,307,Potentilla
NT2023,Potentilla recta,0,Potentilla
NT2023,Potentilla reptans,0,Potentilla
NT2023,Prunella vulgaris,0,Prunella
NT2023,Prunus spinosa,0,Prunus
NT2023,Pulicaria dysenterica,0,Pulicaria
NT2023,Ranunculus acris,138,Ranunculus
NT2023,Ranunculus bulbosus,0,Ranunculus
NT2023,Ranunculus ficaria,0,Ranunculus
NT2023,Ranunculus flammula,0,Ranunculus
NT2023,Ranunculus repens,0,Ranunculus
NT2023,Ranunculus sardous,0,Ranunculus
NT2023,Raphanus raphanistrum,0,Raphanus
NT2023,Raphanus sativus,0,Raphanus
NT2023,Rhinanthus minor,0,Rhinanthus
NT2023,Rosa arvensis,0,Rosa
NT2023,Rosa canina,0,Rosa
NT2023,Rubus caesius,0,Rubus
NT2023,Rubus fruticosus,0,Rubus
NT2023,Rubus idaeus,0,Rubus
NT2023,Rumex acetosa,0,Rumex
NT2023,Rumex acetosella,0,Rumex
NT2023,Rumex crispus,0,Rumex
NT2023,Rumex obtusifolius,0,Rumex
NT2023,Rumex sanguineus,0,Rumex
NT2023,Sagina saginoides,0,Sagina
NT2023,Sambucus nigra,0,Sambucus
NT2023,Sanguisorba officinalis,0,Sanguisorba
NT2023,Scorzoneroides autumnalis,0,Scorzoneroides
NT2023,Scrophularia auriculata,0,Scrophularia
NT2023,Scrophularia nodosa,0,Scrophularia
NT2023,Sedum anglicum,0,Sedum
NT2023,Senecio erucifolius,0,Senecio
NT2023,Senecio jacobaea,0,Senecio
NT2023,Senecio vulgaris,0,Senecio
NT2023,Sherardia arvensis,0,Sherardia
NT2023,Silene dioica,0,Silene
NT2023,Silene latifolia,0,Silene
NT2023,Silybum marianum,0,Silybum
NT2023,Sinapis alba,0,Sinapis
NT2023,Sinapis arvensis,0,Sinapis
NT2023,Sisymbrium officinale,0,Sisymbrium
NT2023,Solanum dulcamara,0,Solanum
NT2023,Solanum nigrum,0,Solanum
NT2023,Solanum tuberosum,0,Solanum
NT2023,Sonchus arvensis,0,Sonchus
NT2023,Sonchus asper,0,Sonchus
NT2023,Sonchus oleraceus,0,Sonchus
NT2023,Sorbus aucuparia,0,Sorbus
NT2023,Spergula arvensis,0,Spergula
NT2023,Spergularia media,0,Spergularia
NT2023,Stachys arvensis,0,Stachys
NT2023,Stachys palustris,0,Stachys
NT2023,Stachys sylvatica,0,Stachys
NT2023,Stellaria alsine,0,Stellaria
NT2023,Stellaria graminea,0,Stellaria
NT2023,Stellaria holostea,0,Stellaria
NT2023,Stellaria media,0,Stellaria
NT2023,Suaeda maritima,0,Suaeda
NT2023,Succisa pratensis,0,Succisa
NT2023,Symphytum officinale,0,Symphytum
NT2023,Taraxacum agg,0,Taraxacum
NT2023,Taraxacum officinale,0,Taraxacum
NT2023,Teucrium scorodonia,0,Teucrium
NT2023,Thlaspi arvense,0,Thlaspi
NT2023,Thymus polytrichus,0,Thymus
NT2023,Thymus vulgaris,0,Thymus
NT2023,Torilis japonica,0,Torilis
NT2023,Tragopogon pratensis,0,Tragopogon
NT2023,Trientalis europaea,0,Trientalis
NT2023,Trifolium arvense,0,Trifolium
NT2023,Trifolium campestre,0,Trifolium
NT2023,Trifolium constantinopolitanum,0,Trifolium
NT2023,Trifolium dubium,0,Trifolium
NT2023,Trifolium pratense,0,Trifolium
NT2023,Trifolium repens,0,Trifolium
NT2023,Tripleurospermum inodorum,0,Tripleurospermum
NT2023,Tripleurospermum maritimum,0,Tripleurospermum
NT2023,Turgenia latifolia,0,Turgenia
NT2023,Ulex europaeus,0,Ulex
NT2023,Ulex gallii,0,Ulex
NT2023,Urtica dioica,0,Urtica
NT2023,Vaccinium myrtillus,0,Vaccinium
NT2023,Vaccinium oxycoccos,0,Vaccinium
NT2023,Vaccinium vitis,0,Vaccinium
NT2023,Valeriana dioica,0,Valeriana
NT2023,Valeriana officinalis,0,Valeriana
NT2023,Verbena officinalis,0,Verbena
NT2023,Verbena x,0,Verbena
NT2023,Veronica agrestis,0,Veronica
NT2023,Veronica arvensis,0,Veronica
NT2023,Veronica beccabunga,0,Veronica
NT2023,Veronica chamaedrys,0,Veronica
NT2023,Veronica hederifolia,0,Veronica
NT2023,Veronica montana,0,Veronica
NT2023,Veronica officinalis,0,Veronica
NT2023,Veronica persica,0,Veronica
NT2023,Veronica polita,0,Veronica
NT2023,Veronica serpyllifolia,0,Veronica
NT2023,Vicia benghalensis,0,Vicia
NT2023,Vicia cracca,0,Vicia
NT2023,Vicia faba,0,Vicia
NT2023,Vicia hirsuta,0,Vicia
NT2023,Vicia lutea,0,Vicia
NT2023,Vicia sativa,0,Vicia
NT2023,Vicia sepium,0,Vicia
NT2023,Vicia spp,0,Vicia
NT2023,Vicia tetrasperma,0,Vicia
NT2023,Viola arvensis,0,Viola
NT2023,Viola canina,0,Viola
NT2023,Viola palustris,0,Viola
NT2023,Viola riviniana,0,Viola
NT2023,Zea mays,0,Zea
NT4470,Acer pseudoplatanus,0,Acer
NT4470,Achillea millefolium,0,Achillea
NT4470,Achillea ptarmica,0,Achillea
NT4470,Aegopodium podagraria,0,Aegopodium
NT4470,Aethusa cynapium,0,Aethusa
NT4470,Ajuga reptans,0,Ajuga
NT4470,Alliaria petiolata,0,Alliaria
NT4470,Alnus glutinosa,0,Alnus
NT4470,Anagallis arvensis,0,Anagallis
NT4470,Anchusa arvensis,0,Anchusa
NT4470,Anemone nemorosa,0,Anemone
NT4470,Angelica sylvestris,0,Angelica
NT4470,Anthemis cotula,0,Anthemis
NT4470,Anthriscus caucalis,0,Anthriscus
NT4470,Anthriscus sylvestris,0,Anthriscus
NT4470,Apium nodiflorum,0,Apium
NT4470,Armeria maritima,0,Armeria
NT4470,Artemisia absinthium,0,Artemisia
NT4470,Artemisia annua,0,Artemisia
NT4470,Artemisia vulgaris,0,Artemisia
NT4470,Aster tripolium,0,Aster
NT4470,Atriplex patula,0,Atriplex
NT4470,Atriplex portulacoides,0,Atriplex
NT4470,Ballota nigra,0,Ballota
NT4470,Barbarea vulgaris,0,Barbarea
NT4470,Bellis perennis,0,Bellis
NT4470,Berula erecta,0,Berula
NT4470,Brassica napus,0,Brassica
NT4470,Brassica oleracea,0,Brassica
NT4470,Brassica rapa,0,Brassica
NT4470,Bryonia dioica,0,Bryonia
NT4470,Buddleja davidii,0,Buddleja
NT4470,Bupleurum tenuissimum,0,Bupleurum
NT4470,Calluna vulgaris,0,Calluna
NT4470,Caltha palustris,0,Caltha
NT4470,Calystegia sepium,0,Calystegia
NT4470,Campanula rotundifolia,0,Campanula
NT4470,Capsella bursa,0,Capsella
NT4470,Cardamine flexuosa,0,Cardamine
NT4470,Cardamine hirsuta,0,Cardamine
NT4470,Cardamine pratensis,0,Cardamine
NT4470,Carduus nutans,0,Carduus
NT4470,Carum verticillatum,0,Carum
NT4470,Centaurea cyanus,0,Centaurea
NT4470,Centaurea nigra,0,Centaurea
NT4470,Centaurea scabiosa,0,Centaurea
NT4470,Centaurium erythraea,0,Centaurium
NT4470,Cerastium arvense,0,Cerastium
NT4470,Cerastium fontanum,0,Cerastium
NT4470,Cerastium glomeratum,0,Cerastium
NT4470,Ceratocapnos claviculata,0,Ceratocapnos
NT4470,Chaerophyllum temulum,0,Chaerophyllum
NT4470,Chamaemelum nobile,0,Chamaemelum
NT4470,Chamerion angustifolium,0,Chamerion
NT4470,Chenopodium album,0,Chenopodium
NT4470,Chenopodium ficifolium,0,Chenopodium
NT4470,Chenopodium quinoa,0,Chenopodium
NT4470,Cichorium intybus,0,Cichorium
NT4470,Circaea lutetiana,0,Circaea
NT4470,Cirsium arvense,0,Cirsium
NT4470,Cirsium eriophorum,0,Cirsium
NT4470,Cirsium palustre,0,Cirsium
NT4470,Cirsium vulgare,0,Cirsium
NT4470,Clematis vitalba,0,Clematis
NT4470,Clinopodium vulgare,0,Clinopodium
NT4470,Conium maculatum,0,Conium
NT4470,Conopodium majus,0,Conopodium
NT4470,Convolvulus arvensis,0,Convolvulus
NT4470,Conyza canadensis,0,Conyza
NT4470,Cotoneaster salicifolius,0,Cotoneaster
NT4470,Crataegus monogyna,0,Crataegus
NT4470,Crepis capillaris,0,Crepis
NT4470,Crepis vesicaria,0,Crepis
NT4470,Cruciata laevipes,0,Cruciata
NT4470,Cytisus scoparius,0,Cytisus
NT4470,Dactylorhiza fuchsii,0,Dactylorhiza
NT4470,Dactylorhiza maculata,0,Dactylorhiza
NT4470,Daucus carota,0,Daucus
NT4470,Digitalis ferruginea,0,Digitalis
NT4470,Digitalis grandiflora,0,Digitalis
NT4470,Digitalis purpurea,0,Digitalis
NT4470,Dioscorea communis,0,Dioscorea
NT4470,Doronicum plantagineum,0,Doronicum
NT4470,Drosera anglica,0,Drosera
NT4470,Drosera rotundifolia,0,Drosera
NT4470,Dryas octopetala,0,Dryas
NT4470,Epilobium hirsutum,0,Epilobium
NT4470,Epilobium montanum,0,Epilobium
NT4470,Epilobium obscurum,0,Epilobium
NT4470,Epilobium palustre,0,Epilobium
NT4470,Epilobium parviflorum,0,Epilobium
NT4470,Epilobium roseum,0,Epilobium
NT4470,Epilobium tetragonum,0,Epilobium
NT4470,Erica cinerea,0,Erica
NT4470,Erica tetralix,0,Erica
NT4470,Eriophorum vaginatum,0,Eriophorum
NT4470,Eupatorium cannabinum,0,Eupatorium
NT4470,Euphorbia exigua,0,Euphorbia
NT4470,Euphorbia helioscopia,0,Euphorbia
NT4470,Euphrasia officinalis,0,Euphrasia
NT4470,Fagopyrum esculentum,0,Fagopyrum
NT4470,Fallopia convolvulus,0,Fallopia
NT4470,Filipendula ulmaria,0,Filipendula
NT4470,Fumaria officinalis,0,Fumaria
NT4470,Galeopsis speciosa,0,Galeopsis
NT4470,Galeopsis tetrahit,0,Galeopsis
NT4470,Galium aparine,0,Galium
NT4470,Galium mollugo,0,Galium
NT4470,Galium odoratum,0,Galium
NT4470,Galium palustre,0,Galium
NT4470,Galium saxatile,0,Galium
NT4470,Galium verum,0,Galium
NT4470,Genista anglica,0,Genista
NT4470,Geranium dissectum,0,Geranium
NT4470,Geranium molle,0,Geranium
NT4470,Geranium nodosum,0,Geranium
NT4470,Geranium pratense,0,Geranium
NT4470,Geranium pyrenaicum,0,Geranium
NT4470,Geranium robertianum,0,Geranium
NT4470,Geum urbanum,0,Geum
NT4470,Glechoma hederacea,0,Glechoma
NT4470,Hedera helix,0,Hedera
NT4470,Helianthus annuus,0,Helianthus
NT4470,Heracleum mantegazzianum,0,Heracleum
NT4470,Heracleum sphondylium,0,Heracleum
NT4470,Hippocrepis comosa,0,Hippocrepis
NT4470,Hordeum vulgare,0,Hordeum
NT4470,Hyacinthoides non,0,Hyacinthoides
NT4470,Hypericum forrestii,0,Hypericum
NT4470,Hypericum perforatum,0,Hypericum
NT4470,Hypericum pulchrum,0,Hypericum
NT4470,Hypericum tetrapterum,0,Hypericum
NT4470,Hypochaeris radicata,0,Hypochaeris
NT4470,Ilex aquifolium,0,Ilex
NT4470,Impatiens glandulifera,0,Impatiens
NT4470,Impatiens parviflora,0,Impatiens
NT4470,Iris pseudacorus,0,Iris
NT4470,Jacobaea erucifolia,0,Jacobaea
NT4470,Jacobaea vulgaris,0,Jacobaea
NT4470,Jasione montana,0,Jasione
NT4470,Juncus conglomeratus,0,Juncus
NT4470,Juncus effusus,0,Juncus
NT4470,Knautia arvensis,0,Knautia
NT4470,Lactuca serriola,0,Lactuca
NT4470,Lamium album,0,Lamium
NT4470,Lamium galeobdolon,0,Lamium
NT4470,Lamium purpureum,0,Lamium
NT4470,Lapsana communis,0,Lapsana
NT4470,Lathyrus aphaca,0,Lathyrus
NT4470,Lathyrus linifolius,0,Lathyrus
NT4470,Lathyrus pratensis,0,Lathyrus
NT4470,Leontodon hispidus,0,Leontodon
NT4470,Leontodon saxatilis,0,Leontodon
NT4470,Leucanthemum vulgare,0,Leucanthemum
NT4470,Ligusticum scoticum,0,Ligusticum
NT4470,Limonium vulgare,0,Limonium
NT4470,Linaria vulgaris,0,Linaria
NT4470,Linum catharticum,0,Linum
NT4470,Linum usitatissimum,0,Linum
NT4470,Lonicera caprifolium,0,Lonicera
NT4470,Lonicera periclymenum,0,Lonicera
NT4470,Lotus angustissimus,0,Lotus
NT4470,Lotus corniculatus,0,Lotus
NT4470,Lotus pedunculatus,0,Lotus
NT4470,Lotus subbiflorus,0,Lotus
NT4470,Luzula campestris,0,Luzula
NT4470,Lysimachia nemorum,0,Lysimachia
NT4470,Lysimachia punctata,0,Lysimachia
NT4470,Lysimachia vulgaris,0,Lysimachia
NT4470,Lythrum alatum,0,Lythrum
NT4470,Lythrum salicaria,0,Lythrum
NT4470,Malva sylvestris,0,Malva
NT4470,Matricaria chamomilla,0,Matricaria
NT4470,Matricaria discoidea,0,Matricaria
NT4470,Medicago lupulina,0,Medicago
NT4470,Melampyrum pratense,0,Melampyrum
NT4470,Mentha aquatica,0,Mentha
NT4470,Mentha arvensis,0,Mentha
NT4470,Mercurialis perennis,0,Mercurialis
NT4470,Myosotis arvensis,0,Myosotis
NT4470,Myosotis discolor,0,Myosotis
NT4470,Myosotis sylvatica,0,Myosotis
NT4470,Narthecium ossifragum,0,Narthecium
NT4470,Odontites vernus,0,Odontites
NT4470,Oenanthe crocata,0,Oenanthe
NT4470,Origanum vulgare,0,Origanum
NT4470,Ornithopus perpusillus,0,Ornithopus
NT4470,Oxalis acetosella,0,Oxalis
NT4470,Panicum miliaceum,0,Panicum
NT4470,Papaver rhoeas,0,Papaver
NT4470,Pedicularis sylvatica,0,Pedicularis
NT4470,Persicaria amplexicaulis,0,Persicaria
NT4470,Persicaria bistorta,0,Persicaria
NT4470,Persicaria hydropiper,0,Persicaria
NT4470,Persicaria lapathifolia,0,Persicaria
NT4470,Persicaria maculosa,0,Persicaria
NT4470,Peucedanum ostruthium,0,Peucedanum
NT4470,Picris echioides,0,Picris
NT4470,Picris hieracioides,0,Picris
NT4470,Pilosella officinarum,0,Pilosella
NT4470,Pimpinella saxifraga,0,Pimpinella
NT4470,Pinguicula vulgaris,0,Pinguicula
NT4470,Plantago lanceolata,0,Plantago
NT4470,Plantago major,0,Plantago
NT4470,Plantago maritima,0,Plantago
NT4470,Poa annua,0,Poa
NT4470,Polygala serpyllifolia,0,Polygala
NT4470,Polygala vulgaris,0,Polygala
NT4470,Polygonum aviculare,0,Polygonum
NT4470,Potentilla anglica,0,Potentilla
NT4470,Potentilla anserina,0,Potentilla
NT4470,Potentilla erecta,0,Potentilla
NT4470,Potentilla recta,0,Potentilla
NT4470,Potentilla reptans,0,Potentilla
NT4470,Prunella vulgaris,0,Prunella
NT4470,Prunus spinosa,0,Prunus
NT4470,Pulicaria dysenterica,0,Pulicaria
NT4470,Ranunculus acris,48,Ranunculus
NT4470,Ranunculus bulbosus,0,Ranunculus
NT4470,Ranunculus ficaria,0,Ranunculus
NT4470,Ranunculus flammula,0,Ranunculus
NT4470,Ranunculus repens,101,Ranunculus
NT4470,Ranunculus sardous,0,Ranunculus
NT4470,Raphanus raphanistrum,0,Raphanus
NT4470,Raphanus sativus,0,Raphanus
NT4470,Rhinanthus minor,0,Rhinanthus
NT4470,Rosa arvensis,0,Rosa
NT4470,Rosa canina,0,Rosa
NT4470,Rubus caesius,0,Rubus
NT4470,Rubus fruticosus,0,Rubus
NT4470,Rubus idaeus,0,Rubus
NT4470,Rumex acetosa,0,Rumex
NT4470,Rumex acetosella,0,Rumex
NT4470,Rumex crispus,0,Rumex
NT4470,Rumex obtusifolius,0,Rumex
NT4470,Rumex sanguineus,0,Rumex
NT4470,Sagina saginoides,0,Sagina
NT4470,Sambucus nigra,0,Sambucus
NT4470,Sanguisorba officinalis,0,Sanguisorba
NT4470,Scorzoneroides autumnalis,0,Scorzoneroides
NT4470,Scrophularia auriculata,0,Scrophularia
NT4470,Scrophularia nodosa,0,Scrophularia
NT4470,Sedum anglicum,0,Sedum
NT4470,Senecio erucifolius,0,Senecio
NT4470,Senecio jacobaea,0,Senecio
NT4470,Senecio vulgaris,0,Senecio
NT4470,Sherardia arvensis,0,Sherardia
NT4470,Silene dioica,0,Silene
NT4470,Silene latifolia,0,Silene
NT4470,Silybum marianum,0,Silybum
NT4470,Sinapis alba,0,Sinapis
NT4470,Sinapis arvensis,0,Sinapis
NT4470,Sisymbrium officinale,0,Sisymbrium
NT4470,Solanum dulcamara,0,Solanum
NT4470,Solanum nigrum,0,Solanum
NT4470,Solanum tuberosum,0,Solanum
NT4470,Sonchus arvensis,0,Sonchus
NT4470,Sonchus asper,0,Sonchus
NT4470,Sonchus oleraceus,0,Sonchus
NT4470,Sorbus aucuparia,0,Sorbus
NT4470,Spergula arvensis,0,Spergula
NT4470,Spergularia media,0,Spergularia
NT4470,Stachys arvensis,0,Stachys
NT4470,Stachys palustris,0,Stachys
NT4470,Stachys sylvatica,0,Stachys
NT4470,Stellaria alsine,0,Stellaria
NT4470,Stellaria graminea,0,Stellaria
NT4470,Stellaria holostea,0,Stellaria
NT4470,Stellaria media,0,Stellaria
NT4470,Suaeda maritima,0,Suaeda
NT4470,Succisa pratensis,0,Succisa
NT4470,Symphytum officinale,0,Symphytum
NT4470,Taraxacum agg,0,Taraxacum
NT4470,Taraxacum officinale,0,Taraxacum
NT4470,Teucrium scorodonia,0,Teucrium
NT4470,Thlaspi arvense,0,Thlaspi
NT4470,Thymus polytrichus,0,Thymus
NT4470,Thymus vulgaris,0,Thymus
NT4470,Torilis japonica,0,Torilis
NT4470,Tragopogon pratensis,0,Tragopogon
NT4470,Trientalis europaea,0,Trientalis
NT4470,Trifolium arvense,0,Trifolium
NT4470,Trifolium campestre,0,Trifolium
NT4470,Trifolium constantinopolitanum,0,Trifolium
NT4470,Trifolium dubium,0,Trifolium
NT4470,Trifolium pratense,0,Trifolium
NT4470,Trifolium repens,0,Trifolium
NT4470,Tripleurospermum inodorum,0,Tripleurospermum
NT4470,Tripleurospermum maritimum,0,Tripleurospermum
NT4470,Turgenia latifolia,0,Turgenia
NT4470,Ulex europaeus,0,Ulex
NT4470,Ulex gallii,0,Ulex
NT4470,Urtica dioica,0,Urtica
NT4470,Vaccinium myrtillus,0,Vaccinium
NT4470,Vaccinium oxycoccos,0,Vaccinium
NT4470,Vaccinium vitis,0,Vaccinium
NT4470,Valeriana dioica,0,Valeriana
NT4470,Valeriana officinalis,0,Valeriana
NT4470,Verbena officinalis,0,Verbena
NT4470,Verbena x,0,Verbena
NT4470,Veronica agrestis,0,Veronica
NT4470,Veronica arvensis,0,Veronica
NT4470,Veronica beccabunga,0,Veronica
NT4470,Veronica chamaedrys,0,Veronica
NT4470,Veronica hederifolia,0,Veronica
NT4470,Veronica montana,0,Veronica
NT4470,Veronica officinalis,0,Veronica
NT4470,Veronica persica,0,Veronica
NT4470,Veronica polita,0,Veronica
NT4470,Veronica serpyllifolia,0,Veronica
NT4470,Vicia benghalensis,0,Vicia
NT4470,Vicia cracca,0,Vicia
NT4470,Vicia faba,0,Vicia
NT4470,Vicia hirsuta,0,Vicia
NT4470,Vicia lutea,0,Vicia
NT4470,Vicia sativa,0,Vicia
NT4470,Vicia sepium,0,Vicia
NT4470,Vicia spp,0,Vicia
NT4470,Vicia tetrasperma,0,Vicia
NT4470,Viola arvensis,0,Viola
NT4470,Viola canina,0,Viola
NT4470,Viola palustris,0,Viola
NT4470,Viola riviniana,0,Viola
NT4470,Zea mays,0,Zea
NT5824,Acer pseudoplatanus,0,Acer
NT5824,Achillea millefolium,0,Achillea
NT5824,Achillea ptarmica,0,Achillea
NT5824,Aegopodium podagraria,0,Aegopodium
NT5824,Aethusa cynapium,0,Aethusa
NT5824,Ajuga reptans,0,Ajuga
NT5824,Alliaria petiolata,0,Alliaria
NT5824,Alnus glutinosa,0,Alnus
NT5824,Anagallis arvensis,0,Anagallis
NT5824,Anchusa arvensis,0,Anchusa
NT5824,Anemone nemorosa,0,Anemone
NT5824,Angelica sylvestris,0,Angelica
NT5824,Anthemis cotula,0,Anthemis
NT5824,Anthriscus caucalis,0,Anthriscus
NT5824,Anthriscus sylvestris,0,Anthriscus
NT5824,Apium nodiflorum,0,Apium
NT5824,Armeria maritima,0,Armeria
NT5824,Artemisia absinthium,0,Artemisia
NT5824,Artemisia annua,0,Artemisia
NT5824,Artemisia vulgaris,0,Artemisia
NT5824,Aster tripolium,0,Aster
NT5824,Atriplex patula,0,Atriplex
NT5824,Atriplex portulacoides,0,Atriplex
NT5824,Ballota nigra,0,Ballota
NT5824,Barbarea vulgaris,0,Barbarea
NT5824,Bellis perennis,22,Bellis
NT5824,Berula erecta,0,Berula
NT5824,Brassica napus,0,Brassica
NT5824,Brassica oleracea,0,Brassica
NT5824,Brassica rapa,0,Brassica
NT5824,Bryonia dioica,0,Bryonia
NT5824,Buddleja davidii,0,Buddleja
NT5824,Bupleurum tenuissimum,0,Bupleurum
NT5824,Calluna vulgaris,0,Calluna
NT5824,Caltha palustris,0,Caltha
NT5824,Calystegia sepium,0,Calystegia
NT5824,Campanula rotundifolia,0,Campanula
NT5824,Capsella bursa,0,Capsella
NT5824,Cardamine flexuosa,0,Cardamine
NT5824,Cardamine hirsuta,5,Cardamine
NT5824,Cardamine pratensis,0,Cardamine
NT5824,Carduus nutans,0,Carduus
NT5824,Carum verticillatum,0,Carum
NT5824,Centaurea cyanus,0,Centaurea
NT5824,Centaurea nigra,0,Centaurea
NT5824,Centaurea scabiosa,0,Centaurea
NT5824,Centaurium erythraea,0,Centaurium
NT5824,Cerastium arvense,0,Cerastium
NT5824,Cerastium fontanum,0,Cerastium
NT5824,Cerastium glomeratum,0,Cerastium
NT5824,Ceratocapnos claviculata,0,Ceratocapnos
NT5824,Chaerophyllum temulum,0,Chaerophyllum
NT5824,Chamaemelum nobile,0,Chamaemelum
NT5824,Chamerion angustifolium,0,Chamerion
NT5824,Chenopodium album,0,Chenopodium
NT5824,Chenopodium ficifolium,0,Chenopodium
NT5824,Chenopodium quinoa,0,Chenopodium
NT5824,Cichorium intybus,0,Cichorium
NT5824,Circaea lutetiana,0,Circaea
NT5824,Cirsium arvense,0,Cirsium
NT5824,Cirsium eriophorum,0,Cirsium
NT5824,Cirsium palustre,0,Cirsium
NT5824,Cirsium vulgare,2,Cirsium
NT5824,Clematis vitalba,0,Clematis
NT5824,Clinopodium vulgare,0,Clinopodium
NT5824,Conium maculatum,0,Conium
NT5824,Conopodium majus,0,Conopodium
NT5824,Convolvulus arvensis,0,Convolvulus
NT5824,Conyza canadensis,0,Conyza
NT5824,Cotoneaster salicifolius,0,Cotoneaster
NT5824,Crataegus monogyna,0,Crataegus
NT5824,Crepis capillaris,0,Crepis
NT5824,Crepis vesicaria,0,Crepis
NT5824,Cruciata laevipes,0,Cruciata
NT5824,Cytisus scoparius,0,Cytisus
NT5824,Dactylorhiza fuchsii,0,Dactylorhiza
NT5824,Dactylorhiza maculata,0,Dactylorhiza
NT5824,Daucus carota,0,Daucus
NT5824,Digitalis ferruginea,0,Digitalis
NT5824,Digitalis grandiflora,0,Digitalis
NT5824,Digitalis purpurea,0,Digitalis
NT5824,Dioscorea communis,0,Dioscorea
NT5824,Doronicum plantagineum,0,Doronicum
NT5824,Drosera anglica,0,Drosera
NT5824,Drosera rotundifolia,0,Drosera
NT5824,Dryas octopetala,0,Dryas
NT5824,Epilobium hirsutum,0,Epilobium
NT5824,Epilobium montanum,5,Epilobium
NT5824,Epilobium obscurum,0,Epilobium
NT5824,Epilobium palustre,0,Epilobium
NT5824,Epilobium parviflorum,0,Epilobium
NT5824,Epilobium roseum,0,Epilobium
NT5824,Epilobium tetragonum,0,Epilobium
NT5824,Erica cinerea,0,Erica
NT5824,Erica tetralix,0,Erica
NT5824,Eriophorum vaginatum,0,Eriophorum
NT5824,Eupatorium cannabinum,0,Eupatorium
NT5824,Euphorbia exigua,0,Euphorbia
NT5824,Euphorbia helioscopia,0,Euphorbia
NT5824,Euphrasia officinalis,0,Euphrasia
NT5824,Fagopyrum esculentum,0,Fagopyrum
NT5824,Fallopia convolvulus,0,Fallopia
NT5824,Filipendula ulmaria,0,Filipendula
NT5824,Fumaria officinalis,0,Fumaria
NT5824,Galeopsis speciosa,0,Galeopsis
NT5824,Galeopsis tetrahit,0,Galeopsis
NT5824,Galium aparine,0,Galium
NT5824,Galium mollugo,0,Galium
NT5824,Galium odoratum,0,Galium
NT5824,Galium palustre,0,Galium
NT5824,Galium saxatile,0,Galium
NT5824,Galium verum,0,Galium
NT5824,Genista anglica,0,Genista
NT5824,Geranium dissectum,9,Geranium
NT5824,Geranium molle,0,Geranium
NT5824,Geranium nodosum,0,Geranium
NT5824,Geranium pratense,0,Geranium
NT5824,Geranium pyrenaicum,0,Geranium
NT5824,Geranium robertianum,29,Geranium
NT5824,Geum urbanum,0,Geum
NT5824,Glechoma hederacea,0,Glechoma
NT5824,Hedera helix,0,Hedera
NT5824,Helianthus annuus,0,Helianthus
NT5824,Heracleum mantegazzianum,0,Heracleum
NT5824,Heracleum sphondylium,1,Heracleum
NT5824,Hippocrepis comosa,0,Hippocrepis
NT5824,Hordeum vulgare,0,Hordeum
NT5824,Hyacinthoides non,2,Hyacinthoides
NT5824,Hypericum forrestii,0,Hypericum
NT5824,Hypericum perforatum,0,Hypericum
NT5824,Hypericum pulchrum,0,Hypericum
NT5824,Hypericum tetrapterum,0,Hypericum
NT5824,Hypochaeris radicata,0,Hypochaeris
NT5824,Ilex aquifolium,0,Ilex
NT5824,Impatiens glandulifera,0,Impatiens
NT5824,Impatiens parviflora,0,Impatiens
NT5824,Iris pseudacorus,0,Iris
NT5824,Jacobaea erucifolia,0,Jacobaea
NT5824,Jacobaea vulgaris,0,Jacobaea
NT5824,Jasione montana,0,Jasione
NT5824,Juncus conglomeratus,0,Juncus
NT5824,Juncus effusus,0,Juncus
NT5824,Knautia arvensis,0,Knautia
NT5824,Lactuca serriola,0,Lactuca
NT5824,Lamium album,2,Lamium
NT5824,Lamium galeobdolon,0,Lamium
NT5824,Lamium purpureum,4,Lamium
NT5824,Lapsana communis,7,Lapsana
NT5824,Lathyrus aphaca,0,Lathyrus
NT5824,Lathyrus linifolius,0,Lathyrus
NT5824,Lathyrus pratensis,220,Lathyrus
NT5824,Leontodon hispidus,0,Leontodon
NT5824,Leontodon saxatilis,0,Leontodon
NT5824,Leucanthemum vulgare,0,Leucanthemum
NT5824,Ligusticum scoticum,0,Ligusticum
NT5824,Limonium vulgare,0,Limonium
NT5824,Linaria vulgaris,0,Linaria
NT5824,Linum catharticum,0,Linum
NT5824,Linum usitatissimum,0,Linum
NT5824,Lonicera caprifolium,0,Lonicera
NT5824,Lonicera periclymenum,0,Lonicera
NT5824,Lotus angustissimus,0,Lotus
NT5824,Lotus corniculatus,0,Lotus
NT5824,Lotus pedunculatus,0,Lotus
NT5824,Lotus subbiflorus,0,Lotus
NT5824,Luzula campestris,0,Luzula
NT5824,Lysimachia nemorum,0,Lysimachia
NT5824,Lysimachia punctata,0,Lysimachia
NT5824,Lysimachia vulgaris,0,Lysimachia
NT5824,Lythrum alatum,0,Lythrum
NT5824,Lythrum salicaria,0,Lythrum
NT5824,Malva sylvestris,0,Malva
NT5824,Matricaria chamomilla,0,Matricaria
NT5824,Matricaria discoidea,104,Matricaria
NT5824,Medicago lupulina,0,Medicago
NT5824,Melampyrum pratense,0,Melampyrum
NT5824,Mentha aquatica,0,Mentha
NT5824,Mentha arvensis,0,Mentha
NT5824,Mercurialis perennis,0,Mercurialis
NT5824,Myosotis arvensis,33,Myosotis
NT5824,Myosotis discolor,0,Myosotis
NT5824,Myosotis sylvatica,0,Myosotis
NT5824,Narthecium ossifragum,0,Narthecium
NT5824,Odontites vernus,15,Odontites
NT5824,Oenanthe crocata,0,Oenanthe
NT5824,Origanum vulgare,0,Origanum
NT5824,Ornithopus perpusillus,0,Ornithopus
NT5824,Oxalis acetosella,0,Oxalis
NT5824,Panicum miliaceum,0,Panicum
NT5824,Papaver rhoeas,0,Papaver
NT5824,Pedicularis sylvatica,0,Pedicularis
NT5824,Persicaria amplexicaulis,0,Persicaria
NT5824,Persicaria bistorta,0,Persicaria
NT5824,Persicaria hydropiper,0,Persicaria
NT5824,Persicaria lapathifolia,0,Persicaria
NT5824,Persicaria maculosa,0,Persicaria
NT5824,Peucedanum ostruthium,0,Peucedanum
NT5824,Picris echioides,0,Picris
NT5824,Picris hieracioides,0,Picris
NT5824,Pilosella officinarum,0,Pilosella
NT5824,Pimpinella saxifraga,0,Pimpinella
NT5824,Pinguicula vulgaris,0,Pinguicula
NT5824,Plantago lanceolata,0,Plantago
NT5824,Plantago major,0,Plantago
NT5824,Plantago maritima,0,Plantago
NT5824,Poa annua,0,Poa
NT5824,Polygala serpyllifolia,0,Polygala
NT5824,Polygala vulgaris,0,Polygala
NT5824,Polygonum aviculare,0,Polygonum
NT5824,Potentilla anglica,0,Potentilla
NT5824,Potentilla anserina,1,Potentilla
NT5824,Potentilla erecta,0,Potentilla
NT5824,Potentilla recta,0,Potentilla
NT5824,Potentilla reptans,0,Potentilla
NT5824,Prunella vulgaris,6,Prunella
NT5824,Prunus spinosa,0,Prunus
NT5824,Pulicaria dysenterica,0,Pulicaria
NT5824,Ranunculus acris,19,Ranunculus
NT5824,Ranunculus bulbosus,0,Ranunculus
NT5824,Ranunculus ficaria,0,Ranunculus
NT5824,Ranunculus flammula,0,Ranunculus
NT5824,Ranunculus repens,423,Ranunculus
NT5824,Ranunculus sardous,0,Ranunculus
NT5824,Raphanus raphanistrum,0,Raphanus
NT5824,Raphanus sativus,0,Raphanus
NT5824,Rhinanthus minor,0,Rhinanthus
NT5824,Rosa arvensis,0,Rosa
NT5824,Rosa canina,0,Rosa
NT5824,Rubus caesius,0,Rubus
NT5824,Rubus fruticosus,0,Rubus
NT5824,Rubus idaeus,0,Rubus
NT5824,Rumex acetosa,0,Rumex
NT5824,Rumex acetosella,0,Rumex
NT5824,Rumex crispus,0,Rumex
NT5824,Rumex obtusifolius,0,Rumex
NT5824,Rumex sanguineus,0,Rumex
NT5824,Sagina saginoides,0,Sagina
NT5824,Sambucus nigra,0,Sambucus
NT5824,Sanguisorba officinalis,0,Sanguisorba
NT5824,Scorzoneroides autumnalis,0,Scorzoneroides
NT5824,Scrophularia auriculata,0,Scrophularia
NT5824,Scrophularia nodosa,0,Scrophularia
NT5824,Sedum anglicum,0,Sedum
NT5824,Senecio erucifolius,0,Senecio
NT5824,Senecio jacobaea,0,Senecio
NT5824,Senecio vulgaris,2,Senecio
NT5824,Sherardia arvensis,0,Sherardia
NT5824,Silene dioica,0,Silene
NT5824,Silene latifolia,0,Silene
NT5824,Silybum marianum,0,Silybum
NT5824,Sinapis alba,0,Sinapis
NT5824,Sinapis arvensis,0,Sinapis
NT5824,Sisymbrium officinale,0,Sisymbrium
NT5824,Solanum dulcamara,0,Solanum
NT5824,Solanum nigrum,0,Solanum
NT5824,Solanum tuberosum,0,Solanum
NT5824,Sonchus arvensis,0,Sonchus
NT5824,Sonchus asper,0,Sonchus
NT5824,Sonchus oleraceus,0,Sonchus
NT5824,Sorbus aucuparia,0,Sorbus
NT5824,Spergula arvensis,0,Spergula
NT5824,Spergularia media,0,Spergularia
NT5824,Stachys arvensis,0,Stachys
NT5824,Stachys palustris,0,Stachys
NT5824,Stachys sylvatica,0,Stachys
NT5824,Stellaria alsine,0,Stellaria
NT5824,Stellaria graminea,0,Stellaria
NT5824,Stellaria holostea,0,Stellaria
NT5824,Stellaria media,0,Stellaria
NT5824,Suaeda maritima,0,Suaeda
NT5824,Succisa pratensis,0,Succisa
NT5824,Symphytum officinale,0,Symphytum
NT5824,Taraxacum agg,0,Taraxacum
NT5824,Taraxacum officinale,0,Taraxacum
NT5824,Teucrium scorodonia,0,Teucrium
NT5824,Thlaspi arvense,0,Thlaspi
NT5824,Thymus polytrichus,0,Thymus
NT5824,Thymus vulgaris,0,Thymus
NT5824,Torilis japonica,0,Torilis
NT5824,Tragopogon pratensis,0,Tragopogon
NT5824,Trientalis europaea,0,Trientalis
NT5824,Trifolium arvense,0,Trifolium
NT5824,Trifolium campestre,0,Trifolium
NT5824,Trifolium constantinopolitanum,0,Trifolium
NT5824,Trifolium dubium,0,Trifolium
NT5824,Trifolium pratense,0,Trifolium
NT5824,Trifolium repens,205,Trifolium
NT5824,Tripleurospermum inodorum,0,Tripleurospermum
NT5824,Tripleurospermum maritimum,0,Tripleurospermum
NT5824,Turgenia latifolia,0,Turgenia
NT5824,Ulex europaeus,0,Ulex
NT5824,Ulex gallii,0,Ulex
NT5824,Urtica dioica,0,Urtica
NT5824,Vaccinium myrtillus,0,Vaccinium
NT5824,Vaccinium oxycoccos,0,Vaccinium
NT5824,Vaccinium vitis,0,Vaccinium
NT5824,Valeriana dioica,0,Valeriana
NT5824,Valeriana officinalis,0,Valeriana
NT5824,Verbena officinalis,0,Verbena
NT5824,Verbena x,0,Verbena
NT5824,Veronica agrestis,0,Veronica
NT5824,Veronica arvensis,0,Veronica
NT5824,Veronica beccabunga,0,Veronica
NT5824,Veronica chamaedrys,0,Veronica
NT5824,Veronica hederifolia,0,Veronica
NT5824,Veronica montana,0,Veronica
NT5824,Veronica officinalis,0,Veronica
NT5824,Veronica persica,5,Veronica
NT5824,Veronica polita,0,Veronica
NT5824,Veronica serpyllifolia,0,Veronica
NT5824,Vicia benghalensis,0,Vicia
NT5824,Vicia cracca,0,Vicia
NT5824,Vicia faba,0,Vicia
NT5824,Vicia hirsuta,0,Vicia
NT5824,Vicia lutea,0,Vicia
NT5824,Vicia sativa,0,Vicia
NT5824,Vicia sepium,0,Vicia
NT5824,Vicia spp,0,Vicia
NT5824,Vicia tetrasperma,0,Vicia
NT5824,Viola arvensis,0,Viola
NT5824,Viola canina,11,Viola
NT5824,Viola palustris,0,Viola
NT5824,Viola riviniana,0,Viola
NT5824,Zea mays,0,Zea
NX8392,Acer pseudoplatanus,0,Acer
NX8392,Achillea millefolium,29,Achillea
NX8392,Achillea ptarmica,0,Achillea
NX8392,Aegopodium podagraria,0,Aegopodium
NX8392,Aethusa cynapium,0,Aethusa
NX8392,Ajuga reptans,0,Ajuga
NX8392,Alliaria petiolata,0,Alliaria
NX8392,Alnus glutinosa,0,Alnus
NX8392,Anagallis arvensis,0,Anagallis
NX8392,Anchusa arvensis,0,Anchusa
NX8392,Anemone nemorosa,0,Anemone
NX8392,Angelica sylvestris,0,Angelica
NX8392,Anthemis cotula,0,Anthemis
NX8392,Anthriscus caucalis,0,Anthriscus
NX8392,Anthriscus sylvestris,0,Anthriscus
NX8392,Apium nodiflorum,0,Apium
NX8392,Armeria maritima,0,Armeria
NX8392,Artemisia absinthium,0,Artemisia
NX8392,Artemisia annua,0,Artemisia
NX8392,Artemisia vulgaris,0,Artemisia
NX8392,Aster tripolium,0,Aster
NX8392,Atriplex patula,0,Atriplex
NX8392,Atriplex portulacoides,0,Atriplex
NX8392,Ballota nigra,0,Ballota
NX8392,Barbarea vulgaris,0,Barbarea
NX8392,Bellis perennis,0,Bellis
NX8392,Berula erecta,0,Berula
NX8392,Brassica napus,0,Brassica
NX8392,Brassica oleracea,0,Brassica
NX8392,Brassica rapa,0,Brassica
NX8392,Bryonia dioica,0,Bryonia
NX8392,Buddleja davidii,0,Buddleja
NX8392,Bupleurum tenuissimum,0,Bupleurum
NX8392,Calluna vulgaris,596,Calluna
NX8392,Caltha palustris,0,Caltha
NX8392,Calystegia sepium,0,Calystegia
NX8392,Campanula rotundifolia,17,Campanula
NX8392,Capsella bursa,0,Capsella
NX8392,Cardamine flexuosa,0,Cardamine
NX8392,Cardamine hirsuta,0,Cardamine
NX8392,Cardamine pratensis,0,Cardamine
NX8392,Carduus nutans,0,Carduus
NX8392,Carum verticillatum,0,Carum
NX8392,Centaurea cyanus,0,Centaurea
NX8392,Centaurea nigra,0,Centaurea
NX8392,Centaurea scabiosa,0,Centaurea
NX8392,Centaurium erythraea,0,Centaurium
NX8392,Cerastium arvense,0,Cerastium
NX8392,Cerastium fontanum,0,Cerastium
NX8392,Cerastium glomeratum,0,Cerastium
NX8392,Ceratocapnos claviculata,0,Ceratocapnos
NX8392,Chaerophyllum temulum,0,Chaerophyllum
NX8392,Chamaemelum nobile,0,Chamaemelum
NX8392,Chamerion angustifolium,0,Chamerion
NX8392,Chenopodium album,0,Chenopodium
NX8392,Chenopodium ficifolium,0,Chenopodium
NX8392,Chenopodium quinoa,0,Chenopodium
NX8392,Cichorium intybus,0,Cichorium
NX8392,Circaea lutetiana,0,Circaea
NX8392,Cirsium arvense,0,Cirsium
NX8392,Cirsium eriophorum,0,Cirsium
NX8392,Cirsium palustre,0,Cirsium
NX8392,Cirsium vulgare,0,Cirsium
NX8392,Clematis vitalba,0,Clematis
NX8392,Clinopodium vulgare,0,Clinopodium
NX8392,Conium maculatum,0,Conium
NX8392,Conopodium majus,102,Conopodium
NX8392,Convolvulus arvensis,0,Convolvulus
NX8392,Conyza canadensis,0,Conyza
NX8392,Cotoneaster salicifolius,0,Cotoneaster
NX8392,Crataegus monogyna,0,Crataegus
NX8392,Crepis capillaris,0,Crepis
NX8392,Crepis vesicaria,0,Crepis
NX8392,Cruciata laevipes,0,Cruciata
NX8392,Cytisus scoparius,0,Cytisus
NX8392,Dactylorhiza fuchsii,0,Dactylorhiza
NX8392,Dactylorhiza maculata,0,Dactylorhiza
NX8392,Daucus carota,0,Daucus
NX8392,Digitalis ferruginea,0,Digitalis
NX8392,Digitalis grandiflora,0,Digitalis
NX8392,Digitalis purpurea,0,Digitalis
NX8392,Dioscorea communis,0,Dioscorea
NX8392,Doronicum plantagineum,0,Doronicum
NX8392,Drosera anglica,0,Drosera
NX8392,Drosera rotundifolia,0,Drosera
NX8392,Dryas octopetala,0,Dryas
NX8392,Epilobium hirsutum,0,Epilobium
NX8392,Epilobium montanum,0,Epilobium
NX8392,Epilobium obscurum,0,Epilobium
NX8392,Epilobium palustre,0,Epilobium
NX8392,Epilobium parviflorum,0,Epilobium
NX8392,Epilobium roseum,0,Epilobium
NX8392,Epilobium tetragonum,0,Epilobium
NX8392,Erica cinerea,34,Erica
NX8392,Erica tetralix,0,Erica
NX8392,Eriophorum vaginatum,0,Eriophorum
NX8392,Eupatorium cannabinum,0,Eupatorium
NX8392,Euphorbia exigua,0,Euphorbia
NX8392,Euphorbia helioscopia,0,Euphorbia
NX8392,Euphrasia officinalis,0,Euphrasia
NX8392,Fagopyrum esculentum,0,Fagopyrum
NX8392,Fallopia convolvulus,0,Fallopia
NX8392,Filipendula ulmaria,0,Filipendula
NX8392,Fumaria officinalis,0,Fumaria
NX8392,Galeopsis speciosa,0,Galeopsis
NX8392,Galeopsis tetrahit,0,Galeopsis
NX8392,Galium aparine,0,Galium
NX8392,Galium mollugo,0,Galium
NX8392,Galium odoratum,0,Galium
NX8392,Galium palustre,0,Galium
NX8392,Galium saxatile,520,Galium
NX8392,Galium verum,0,Galium
NX8392,Genista anglica,0,Genista
NX8392,Geranium dissectum,0,Geranium
NX8392,Geranium molle,0,Geranium
NX8392,Geranium nodosum,0,Geranium
NX8392,Geranium pratense,0,Geranium
NX8392,Geranium pyrenaicum,0,Geranium
NX8392,Geranium robertianum,0,Geranium
NX8392,Geum urbanum,0,Geum
NX8392,Glechoma hederacea,0,Glechoma
NX8392,Hedera helix,0,Hedera
NX8392,Helianthus annuus,0,Helianthus
NX8392,Heracleum mantegazzianum,0,Heracleum
NX8392,Heracleum sphondylium,0,Heracleum
NX8392,Hippocrepis comosa,0,Hippocrepis
NX8392,Hordeum vulgare,0,Hordeum
NX8392,Hyacinthoides non,0,Hyacinthoides
NX8392,Hypericum forrestii,0,Hypericum
NX8392,Hypericum perforatum,0,Hypericum
NX8392,Hypericum pulchrum,0,Hypericum
NX8392,Hypericum tetrapterum,0,Hypericum
NX8392,Hypochaeris radicata,27,Hypochaeris
NX8392,Ilex aquifolium,0,Ilex
NX8392,Impatiens glandulifera,0,Impatiens
NX8392,Impatiens parviflora,0,Impatiens
NX8392,Iris pseudacorus,0,Iris
NX8392,Jacobaea erucifolia,0,Jacobaea
NX8392,Jacobaea vulgaris,0,Jacobaea
NX8392,Jasione montana,0,Jasione
NX8392,Juncus conglomeratus,0,Juncus
NX8392,Juncus effusus,0,Juncus
NX8392,Knautia arvensis,0,Knautia
NX8392,Lactuca serriola,0,Lactuca
NX8392,Lamium album,0,Lamium
NX8392,Lamium galeobdolon,0,Lamium
NX8392,Lamium purpureum,0,Lamium
NX8392,Lapsana communis,0,Lapsana
NX8392,Lathyrus aphaca,0,Lathyrus
NX8392,Lathyrus linifolius,0,Lathyrus
NX8392,Lathyrus pratensis,0,Lathyrus
NX8392,Leontodon hispidus,0,Leontodon
NX8392,Leontodon saxatilis,0,Leontodon
NX8392,Leucanthemum vulgare,0,Leucanthemum
NX8392,Ligusticum scoticum,0,Ligusticum
NX8392,Limonium vulgare,0,Limonium
NX8392,Linaria vulgaris,0,Linaria
NX8392,Linum catharticum,0,Linum
NX8392,Linum usitatissimum,0,Linum
NX8392,Lonicera caprifolium,0,Lonicera
NX8392,Lonicera periclymenum,0,Lonicera
NX8392,Lotus angustissimus,0,Lotus
NX8392,Lotus corniculatus,12,Lotus
NX8392,Lotus pedunculatus,0,Lotus
NX8392,Lotus subbiflorus,0,Lotus
NX8392,Luzula campestris,0,Luzula
NX8392,Lysimachia nemorum,0,Lysimachia
NX8392,Lysimachia punctata,0,Lysimachia
NX8392,Lysimachia vulgaris,0,Lysimachia
NX8392,Lythrum alatum,0,Lythrum
NX8392,Lythrum salicaria,0,Lythrum
NX8392,Malva sylvestris,0,Malva
NX8392,Matricaria chamomilla,0,Matricaria
NX8392,Matricaria discoidea,0,Matricaria
NX8392,Medicago lupulina,0,Medicago
NX8392,Melampyrum pratense,0,Melampyrum
NX8392,Mentha aquatica,0,Mentha
NX8392,Mentha arvensis,0,Mentha
NX8392,Mercurialis perennis,0,Mercurialis
NX8392,Myosotis arvensis,0,Myosotis
NX8392,Myosotis discolor,0,Myosotis
NX8392,Myosotis sylvatica,0,Myosotis
NX8392,Narthecium ossifragum,0,Narthecium
NX8392,Odontites vernus,0,Odontites
NX8392,Oenanthe crocata,0,Oenanthe
NX8392,Origanum vulgare,0,Origanum
NX8392,Ornithopus perpusillus,0,Ornithopus
NX8392,Oxalis acetosella,0,Oxalis
NX8392,Panicum miliaceum,0,Panicum
NX8392,Papaver rhoeas,0,Papaver
NX8392,Pedicularis sylvatica,0,Pedicularis
NX8392,Persicaria amplexicaulis,0,Persicaria
NX8392,Persicaria bistorta,0,Persicaria
NX8392,Persicaria hydropiper,0,Persicaria
NX8392,Persicaria lapathifolia,0,Persicaria
NX8392,Persicaria maculosa,0,Persicaria
NX8392,Peucedanum ostruthium,0,Peucedanum
NX8392,Picris echioides,0,Picris
NX8392,Picris hieracioides,0,Picris
NX8392,Pilosella officinarum,0,Pilosella
NX8392,Pimpinella saxifraga,25,Pimpinella
NX8392,Pinguicula vulgaris,0,Pinguicula
NX8392,Plantago lanceolata,9,Plantago
NX8392,Plantago major,0,Plantago
NX8392,Plantago maritima,0,Plantago
NX8392,Poa annua,0,Poa
NX8392,Polygala serpyllifolia,10,Polygala
NX8392,Polygala vulgaris,0,Polygala
NX8392,Polygonum aviculare,0,Polygonum
NX8392,Potentilla anglica,0,Potentilla
NX8392,Potentilla anserina,0,Potentilla
NX8392,Potentilla erecta,3513,Potentilla
NX8392,Potentilla recta,0,Potentilla
NX8392,Potentilla reptans,0,Potentilla
NX8392,Prunella vulgaris,69,Prunella
NX8392,Prunus spinosa,0,Prunus
NX8392,Pulicaria dysenterica,0,Pulicaria
NX8392,Ranunculus acris,0,Ranunculus
NX8392,Ranunculus bulbosus,0,Ranunculus
NX8392,Ranunculus ficaria,0,Ranunculus
NX8392,Ranunculus flammula,0,Ranunculus
NX8392,Ranunculus repens,62,Ranunculus
NX8392,Ranunculus sardous,0,Ranunculus
NX8392,Raphanus raphanistrum,0,Raphanus
NX8392,Raphanus sativus,0,Raphanus
NX8392,Rhinanthus minor,0,Rhinanthus
NX8392,Rosa arvensis,0,Rosa
NX8392,Rosa canina,0,Rosa
NX8392,Rubus caesius,0,Rubus
NX8392,Rubus fruticosus,0,Rubus
NX8392,Rubus idaeus,0,Rubus
NX8392,Rumex acetosa,4,Rumex
NX8392,Rumex acetosella,0,Rumex
NX8392,Rumex crispus,0,Rumex
NX8392,Rumex obtusifolius,0,Rumex
NX8392,Rumex sanguineus,0,Rumex
NX8392,Sagina saginoides,0,Sagina
NX8392,Sambucus nigra,0,Sambucus
NX8392,Sanguisorba officinalis,0,Sanguisorba
NX8392,Scorzoneroides autumnalis,0,Scorzoneroides
NX8392,Scrophularia auriculata,0,Scrophularia
NX8392,Scrophularia nodosa,0,Scrophularia
NX8392,Sedum anglicum,0,Sedum
NX8392,Senecio erucifolius,0,Senecio
NX8392,Senecio jacobaea,0,Senecio
NX8392,Senecio vulgaris,0,Senecio
NX8392,Sherardia arvensis,0,Sherardia
NX8392,Silene dioica,0,Silene
NX8392,Silene latifolia,0,Silene
NX8392,Silybum marianum,0,Silybum
NX8392,Sinapis alba,0,Sinapis
NX8392,Sinapis arvensis,0,Sinapis
NX8392,Sisymbrium officinale,0,Sisymbrium
NX8392,Solanum dulcamara,0,Solanum
NX8392,Solanum nigrum,0,Solanum
NX8392,Solanum tuberosum,0,Solanum
NX8392,Sonchus arvensis,0,Sonchus
NX8392,Sonchus asper,0,Sonchus
NX8392,Sonchus oleraceus,0,Sonchus
NX8392,Sorbus aucuparia,0,Sorbus
NX8392,Spergula arvensis,0,Spergula
NX8392,Spergularia media,0,Spergularia
NX8392,Stachys arvensis,0,Stachys
NX8392,Stachys palustris,0,Stachys
NX8392,Stachys sylvatica,0,Stachys
NX8392,Stellaria alsine,0,Stellaria
NX8392,Stellaria graminea,457,Stellaria
NX8392,Stellaria holostea,0,Stellaria
NX8392,Stellaria media,0,Stellaria
NX8392,Suaeda maritima,0,Suaeda
NX8392,Succisa pratensis,0,Succisa
NX8392,Symphytum officinale,0,Symphytum
NX8392,Taraxacum agg,0,Taraxacum
NX8392,Taraxacum officinale,0,Taraxacum
NX8392,Teucrium scorodonia,0,Teucrium
NX8392,Thlaspi arvense,0,Thlaspi
NX8392,Thymus polytrichus,5,Thymus
NX8392,Thymus vulgaris,13,Thymus
NX8392,Torilis japonica,0,Torilis
NX8392,Tragopogon pratensis,0,Tragopogon
NX8392,Trientalis europaea,0,Trientalis
NX8392,Trifolium arvense,0,Trifolium
NX8392,Trifolium campestre,0,Trifolium
NX8392,Trifolium constantinopolitanum,0,Trifolium
NX8392,Trifolium dubium,0,Trifolium
NX8392,Trifolium pratense,52,Trifolium
NX8392,Trifolium repens,360,Trifolium
NX8392,Tripleurospermum inodorum,0,Tripleurospermum
NX8392,Tripleurospermum maritimum,0,Tripleurospermum
NX8392,Turgenia latifolia,0,Turgenia
NX8392,Ulex europaeus,0,Ulex
NX8392,Ulex gallii,0,Ulex
NX8392,Urtica dioica,0,Urtica
NX8392,Vaccinium myrtillus,0,Vaccinium
NX8392,Vaccinium oxycoccos,0,Vaccinium
NX8392,Vaccinium vitis,0,Vaccinium
NX8392,Valeriana dioica,0,Valeriana
NX8392,Valeriana officinalis,0,Valeriana
NX8392,Verbena officinalis,0,Verbena
NX8392,Verbena x,0,Verbena
NX8392,Veronica agrestis,0,Veronica
NX8392,Veronica arvensis,0,Veronica
NX8392,Veronica beccabunga,0,Veronica
NX8392,Veronica chamaedrys,120,Veronica
NX8392,Veronica hederifolia,0,Veronica
NX8392,Veronica montana,0,Veronica
NX8392,Veronica officinalis,0,Veronica
NX8392,Veronica persica,0,Veronica
NX8392,Veronica polita,0,Veronica
NX8392,Veronica serpyllifolia,0,Veronica
NX8392,Vicia benghalensis,0,Vicia
NX8392,Vicia cracca,0,Vicia
NX8392,Vicia faba,0,Vicia
NX8392,Vicia hirsuta,0,Vicia
NX8392,Vicia lutea,0,Vicia
NX8392,Vicia sativa,0,Vicia
NX8392,Vicia sepium,0,Vicia
NX8392,Vicia spp,0,Vicia
NX8392,Vicia tetrasperma,0,Vicia
NX8392,Viola arvensis,0,Viola
NX8392,Viola canina,0,Viola
NX8392,Viola palustris,0,Viola
NX8392,Viola riviniana,0,Viola
NX8392,Zea mays,0,Zea
SE1582,Acer pseudoplatanus,0,Acer
SE1582,Achillea millefolium,0,Achillea
SE1582,Achillea ptarmica,0,Achillea
SE1582,Aegopodium podagraria,0,Aegopodium
SE1582,Aethusa cynapium,0,Aethusa
SE1582,Ajuga reptans,0,Ajuga
SE1582,Alliaria petiolata,0,Alliaria
SE1582,Alnus glutinosa,0,Alnus
SE1582,Anagallis arvensis,0,Anagallis
SE1582,Anchusa arvensis,0,Anchusa
SE1582,Anemone nemorosa,0,Anemone
SE1582,Angelica sylvestris,0,Angelica
SE1582,Anthemis cotula,0,Anthemis
SE1582,Anthriscus caucalis,0,Anthriscus
SE1582,Anthriscus sylvestris,0,Anthriscus
SE1582,Apium nodiflorum,0,Apium
SE1582,Armeria maritima,0,Armeria
SE1582,Artemisia absinthium,0,Artemisia
SE1582,Artemisia annua,0,Artemisia
SE1582,Artemisia vulgaris,0,Artemisia
SE1582,Aster tripolium,0,Aster
SE1582,Atriplex patula,0,Atriplex
SE1582,Atriplex portulacoides,0,Atriplex
SE1582,Ballota nigra,0,Ballota
SE1582,Barbarea vulgaris,0,Barbarea
SE1582,Bellis perennis,0,Bellis
SE1582,Berula erecta,0,Berula
SE1582,Brassica napus,0,Brassica
SE1582,Brassica oleracea,0,Brassica
SE1582,Brassica rapa,0,Brassica
SE1582,Bryonia dioica,0,Bryonia
SE1582,Buddleja davidii,0,Buddleja
SE1582,Bupleurum tenuissimum,0,Bupleurum
SE1582,Calluna vulgaris,20735,Calluna
SE1582,Caltha palustris,0,Caltha
SE1582,Calystegia sepium,0,Calystegia
SE1582,Campanula rotundifolia,0,Campanula
SE1582,Capsella bursa,0,Capsella
SE1582,Cardamine flexuosa,0,Cardamine
SE1582,Cardamine hirsuta,0,Cardamine
SE1582,Cardamine pratensis,0,Cardamine
SE1582,Carduus nutans,0,Carduus
SE1582,Carum verticillatum,0,Carum
SE1582,Centaurea cyanus,0,Centaurea
SE1582,Centaurea nigra,0,Centaurea
SE1582,Centaurea scabiosa,0,Centaurea
SE1582,Centaurium erythraea,0,Centaurium
SE1582,Cerastium arvense,0,Cerastium
SE1582,Cerastium fontanum,8,Cerastium
SE1582,Cerastium glomeratum,0,Cerastium
SE1582,Ceratocapnos claviculata,0,Ceratocapnos
SE1582,Chaerophyllum temulum,0,Chaerophyllum
SE1582,Chamaemelum nobile,0,Chamaemelum
SE1582,Chamerion angustifolium,0,Chamerion
SE1582,Chenopodium album,0,Chenopodium
SE1582,Chenopodium ficifolium,0,Chenopodium
SE1582,Chenopodium quinoa,0,Chenopodium
SE1582,Cichorium intybus,0,Cichorium
SE1582,Circaea lutetiana,0,Circaea
SE1582,Cirsium arvense,80,Cirsium
SE1582,Cirsium eriophorum,0,Cirsium
SE1582,Cirsium palustre,0,Cirsium
SE1582,Cirsium vulgare,0,Cirsium
SE1582,Clematis vitalba,0,Clematis
SE1582,Clinopodium vulgare,0,Clinopodium
SE1582,Conium maculatum,0,Conium
SE1582,Conopodium majus,0,Conopodium
SE1582,Convolvulus arvensis,0,Convolvulus
SE1582,Conyza canadensis,0,Conyza
SE1582,Cotoneaster salicifolius,0,Cotoneaster
SE1582,Crataegus monogyna,0,Crataegus
SE1582,Crepis capillaris,0,Crepis
SE1582,Crepis vesicaria,0,Crepis
SE1582,Cruciata laevipes,0,Cruciata
SE1582,Cytisus scoparius,0,Cytisus
SE1582,Dactylorhiza fuchsii,0,Dactylorhiza
SE1582,Dactylorhiza maculata,0,Dactylorhiza
SE1582,Daucus carota,0,Daucus
SE1582,Digitalis ferruginea,0,Digitalis
SE1582,Digitalis grandiflora,0,Digitalis
SE1582,Digitalis purpurea,0,Digitalis
SE1582,Dioscorea communis,0,Dioscorea
SE1582,Doronicum plantagineum,0,Doronicum
SE1582,Drosera anglica,0,Drosera
SE1582,Drosera rotundifolia,0,Drosera
SE1582,Dryas octopetala,0,Dryas
SE1582,Epilobium hirsutum,0,Epilobium
SE1582,Epilobium montanum,0,Epilobium
SE1582,Epilobium obscurum,0,Epilobium
SE1582,Epilobium palustre,0,Epilobium
SE1582,Epilobium parviflorum,0,Epilobium
SE1582,Epilobium roseum,0,Epilobium
SE1582,Epilobium tetragonum,0,Epilobium
SE1582,Erica cinerea,139,Erica
SE1582,Erica tetralix,32,Erica
SE1582,Eriophorum vaginatum,0,Eriophorum
SE1582,Eupatorium cannabinum,0,Eupatorium
SE1582,Euphorbia exigua,0,Euphorbia
SE1582,Euphorbia helioscopia,0,Euphorbia
SE1582,Euphrasia officinalis,0,Euphrasia
SE1582,Fagopyrum esculentum,0,Fagopyrum
SE1582,Fallopia convolvulus,0,Fallopia
SE1582,Filipendula ulmaria,0,Filipendula
SE1582,Fumaria officinalis,0,Fumaria
SE1582,Galeopsis speciosa,0,Galeopsis
SE1582,Galeopsis tetrahit,0,Galeopsis
SE1582,Galium aparine,0,Galium
SE1582,Galium mollugo,0,Galium
SE1582,Galium odoratum,0,Galium
SE1582,Galium palustre,0,Galium
SE1582,Galium saxatile,0,Galium
SE1582,Galium verum,0,Galium
SE1582,Genista anglica,0,Genista
SE1582,Geranium dissectum,0,Geranium
SE1582,Geranium molle,0,Geranium
SE1582,Geranium nodosum,0,Geranium
SE1582,Geranium pratense,0,Geranium
SE1582,Geranium pyrenaicum,0,Geranium
SE1582,Geranium robertianum,0,Geranium
SE1582,Geum urbanum,0,Geum
SE1582,Glechoma hederacea,0,Glechoma
SE1582,Hedera helix,0,Hedera
SE1582,Helianthus annuus,0,Helianthus
SE1582,Heracleum mantegazzianum,0,Heracleum
SE1582,Heracleum sphondylium,0,Heracleum
SE1582,Hippocrepis comosa,0,Hippocrepis
SE1582,Hordeum vulgare,0,Hordeum
SE1582,Hyacinthoides non,0,Hyacinthoides
SE1582,Hypericum forrestii,0,Hypericum
SE1582,Hypericum perforatum,0,Hypericum
SE1582,Hypericum pulchrum,0,Hypericum
SE1582,Hypericum tetrapterum,0,Hypericum
SE1582,Hypochaeris radicata,0,Hypochaeris
SE1582,Ilex aquifolium,0,Ilex
SE1582,Impatiens glandulifera,0,Impatiens
SE1582,Impatiens parviflora,0,Impatiens
SE1582,Iris pseudacorus,0,Iris
SE1582,Jacobaea erucifolia,0,Jacobaea
SE1582,Jacobaea vulgaris,0,Jacobaea
SE1582,Jasione montana,0,Jasione
SE1582,Juncus conglomeratus,0,Juncus
SE1582,Juncus effusus,0,Juncus
SE1582,Knautia arvensis,0,Knautia
SE1582,Lactuca serriola,0,Lactuca
SE1582,Lamium album,0,Lamium
SE1582,Lamium galeobdolon,0,Lamium
SE1582,Lamium purpureum,0,Lamium
SE1582,Lapsana communis,0,Lapsana
SE1582,Lathyrus aphaca,0,Lathyrus
SE1582,Lathyrus linifolius,0,Lathyrus
SE1582,Lathyrus pratensis,0,Lathyrus
SE1582,Leontodon hispidus,0,Leontodon
SE1582,Leontodon saxatilis,0,Leontodon
SE1582,Leucanthemum vulgare,0,Leucanthemum
SE1582,Ligusticum scoticum,0,Ligusticum
SE1582,Limonium vulgare,0,Limonium
SE1582,Linaria vulgaris,0,Linaria
SE1582,Linum catharticum,0,Linum
SE1582,Linum usitatissimum,0,Linum
SE1582,Lonicera caprifolium,0,Lonicera
SE1582,Lonicera periclymenum,0,Lonicera
SE1582,Lotus angustissimus,0,Lotus
SE1582,Lotus corniculatus,0,Lotus
SE1582,Lotus pedunculatus,0,Lotus
SE1582,Lotus subbiflorus,0,Lotus
SE1582,Luzula campestris,0,Luzula
SE1582,Lysimachia nemorum,0,Lysimachia
SE1582,Lysimachia punctata,0,Lysimachia
SE1582,Lysimachia vulgaris,0,Lysimachia
SE1582,Lythrum alatum,0,Lythrum
SE1582,Lythrum salicaria,0,Lythrum
SE1582,Malva sylvestris,0,Malva
SE1582,Matricaria chamomilla,0,Matricaria
SE1582,Matricaria discoidea,0,Matricaria
SE1582,Medicago lupulina,0,Medicago
SE1582,Melampyrum pratense,0,Melampyrum
SE1582,Mentha aquatica,0,Mentha
SE1582,Mentha arvensis,0,Mentha
SE1582,Mercurialis perennis,0,Mercurialis
SE1582,Myosotis arvensis,0,Myosotis
SE1582,Myosotis discolor,0,Myosotis
SE1582,Myosotis sylvatica,0,Myosotis
SE1582,Narthecium ossifragum,0,Narthecium
SE1582,Odontites vernus,0,Odontites
SE1582,Oenanthe crocata,0,Oenanthe
SE1582,Origanum vulgare,0,Origanum
SE1582,Ornithopus perpusillus,0,Ornithopus
SE1582,Oxalis acetosella,0,Oxalis
SE1582,Panicum miliaceum,0,Panicum
SE1582,Papaver rhoeas,0,Papaver
SE1582,Pedicularis sylvatica,0,Pedicularis
SE1582,Persicaria amplexicaulis,0,Persicaria
SE1582,Persicaria bistorta,0,Persicaria
SE1582,Persicaria hydropiper,0,Persicaria
SE1582,Persicaria lapathifolia,0,Persicaria
SE1582,Persicaria maculosa,0,Persicaria
SE1582,Peucedanum ostruthium,0,Peucedanum
SE1582,Picris echioides,0,Picris
SE1582,Picris hieracioides,0,Picris
SE1582,Pilosella officinarum,0,Pilosella
SE1582,Pimpinella saxifraga,0,Pimpinella
SE1582,Pinguicula vulgaris,0,Pinguicula
SE1582,Plantago lanceolata,0,Plantago
SE1582,Plantago major,0,Plantago
SE1582,Plantago maritima,0,Plantago
SE1582,Poa annua,0,Poa
SE1582,Polygala serpyllifolia,0,Polygala
SE1582,Polygala vulgaris,0,Polygala
SE1582,Polygonum aviculare,0,Polygonum
SE1582,Potentilla anglica,0,Potentilla
SE1582,Potentilla anserina,0,Potentilla
SE1582,Potentilla erecta,0,Potentilla
SE1582,Potentilla recta,0,Potentilla
SE1582,Potentilla reptans,0,Potentilla
SE1582,Prunella vulgaris,0,Prunella
SE1582,Prunus spinosa,0,Prunus
SE1582,Pulicaria dysenterica,0,Pulicaria
SE1582,Ranunculus acris,0,Ranunculus
SE1582,Ranunculus bulbosus,0,Ranunculus
SE1582,Ranunculus ficaria,0,Ranunculus
SE1582,Ranunculus flammula,0,Ranunculus
SE1582,Ranunculus repens,0,Ranunculus
SE1582,Ranunculus sardous,0,Ranunculus
SE1582,Raphanus raphanistrum,0,Raphanus
SE1582,Raphanus sativus,0,Raphanus
SE1582,Rhinanthus minor,0,Rhinanthus
SE1582,Rosa arvensis,0,Rosa
SE1582,Rosa canina,0,Rosa
SE1582,Rubus caesius,0,Rubus
SE1582,Rubus fruticosus,0,Rubus
SE1582,Rubus idaeus,0,Rubus
SE1582,Rumex acetosa,1600,Rumex
SE1582,Rumex acetosella,0,Rumex
SE1582,Rumex crispus,0,Rumex
SE1582,Rumex obtusifolius,0,Rumex
SE1582,Rumex sanguineus,0,Rumex
SE1582,Sagina saginoides,0,Sagina
SE1582,Sambucus nigra,0,Sambucus
SE1582,Sanguisorba officinalis,0,Sanguisorba
SE1582,Scorzoneroides autumnalis,0,Scorzoneroides
SE1582,Scrophularia auriculata,0,Scrophularia
SE1582,Scrophularia nodosa,0,Scrophularia
SE1582,Sedum anglicum,0,Sedum
SE1582,Senecio erucifolius,0,Senecio
SE1582,Senecio jacobaea,0,Senecio
SE1582,Senecio vulgaris,0,Senecio
SE1582,Sherardia arvensis,0,Sherardia
SE1582,Silene dioica,0,Silene
SE1582,Silene latifolia,0,Silene
SE1582,Silybum marianum,0,Silybum
SE1582,Sinapis alba,0,Sinapis
SE1582,Sinapis arvensis,0,Sinapis
SE1582,Sisymbrium officinale,0,Sisymbrium
SE1582,Solanum dulcamara,0,Solanum
SE1582,Solanum nigrum,0,Solanum
SE1582,Solanum tuberosum,0,Solanum
SE1582,Sonchus arvensis,0,Sonchus
SE1582,Sonchus asper,0,Sonchus
SE1582,Sonchus oleraceus,0,Sonchus
SE1582,Sorbus aucuparia,0,Sorbus
SE1582,Spergula arvensis,0,Spergula
SE1582,Spergularia media,0,Spergularia
SE1582,Stachys arvensis,0,Stachys
SE1582,Stachys palustris,0,Stachys
SE1582,Stachys sylvatica,0,Stachys
SE1582,Stellaria alsine,0,Stellaria
SE1582,Stellaria graminea,0,Stellaria
SE1582,Stellaria holostea,0,Stellaria
SE1582,Stellaria media,0,Stellaria
SE1582,Suaeda maritima,0,Suaeda
SE1582,Succisa pratensis,0,Succisa
SE1582,Symphytum officinale,0,Symphytum
SE1582,Taraxacum agg,0,Taraxacum
SE1582,Taraxacum officinale,0,Taraxacum
SE1582,Teucrium scorodonia,0,Teucrium
SE1582,Thlaspi arvense,0,Thlaspi
SE1582,Thymus polytrichus,0,Thymus
SE1582,Thymus vulgaris,0,Thymus
SE1582,Torilis japonica,0,Torilis
SE1582,Tragopogon pratensis,0,Tragopogon
SE1582,Trientalis europaea,0,Trientalis
SE1582,Trifolium arvense,0,Trifolium
SE1582,Trifolium campestre,0,Trifolium
SE1582,Trifolium constantinopolitanum,0,Trifolium
SE1582,Trifolium dubium,0,Trifolium
SE1582,Trifolium pratense,0,Trifolium
SE1582,Trifolium repens,225,Trifolium
SE1582,Tripleurospermum inodorum,0,Tripleurospermum
SE1582,Tripleurospermum maritimum,0,Tripleurospermum
SE1582,Turgenia latifolia,0,Turgenia
SE1582,Ulex europaeus,0,Ulex
SE1582,Ulex gallii,0,Ulex
SE1582,Urtica dioica,0,Urtica
SE1582,Vaccinium myrtillus,0,Vaccinium
SE1582,Vaccinium oxycoccos,0,Vaccinium
SE1582,Vaccinium vitis,0,Vaccinium
SE1582,Valeriana dioica,0,Valeriana
SE1582,Valeriana officinalis,0,Valeriana
SE1582,Verbena officinalis,0,Verbena
SE1582,Verbena x,0,Verbena
SE1582,Veronica agrestis,0,Veronica
SE1582,Veronica arvensis,0,Veronica
SE1582,Veronica beccabunga,0,Veronica
SE1582,Veronica chamaedrys,0,Veronica
SE1582,Veronica hederifolia,0,Veronica
SE1582,Veronica montana,0,Veronica
SE1582,Veronica officinalis,0,Veronica
SE1582,Veronica persica,0,Veronica
SE1582,Veronica polita,0,Veronica
SE1582,Veronica serpyllifolia,0,Veronica
SE1582,Vicia benghalensis,0,Vicia
SE1582,Vicia cracca,0,Vicia
SE1582,Vicia faba,0,Vicia
SE1582,Vicia hirsuta,0,Vicia
SE1582,Vicia lutea,0,Vicia
SE1582,Vicia sativa,0,Vicia
SE1582,Vicia sepium,0,Vicia
SE1582,Vicia spp,0,Vicia
SE1582,Vicia tetrasperma,0,Vicia
SE1582,Viola arvensis,0,Viola
SE1582,Viola canina,0,Viola
SE1582,Viola palustris,0,Viola
SE1582,Viola riviniana,0,Viola
SE1582,Zea mays,0,Zea
SE1845,Acer pseudoplatanus,0,Acer
SE1845,Achillea millefolium,24,Achillea
SE1845,Achillea ptarmica,0,Achillea
SE1845,Aegopodium podagraria,0,Aegopodium
SE1845,Aethusa cynapium,0,Aethusa
SE1845,Ajuga reptans,0,Ajuga
SE1845,Alliaria petiolata,6,Alliaria
SE1845,Alnus glutinosa,0,Alnus
SE1845,Anagallis arvensis,0,Anagallis
SE1845,Anchusa arvensis,0,Anchusa
SE1845,Anemone nemorosa,0,Anemone
SE1845,Angelica sylvestris,0,Angelica
SE1845,Anthemis cotula,0,Anthemis
SE1845,Anthriscus caucalis,0,Anthriscus
SE1845,Anthriscus sylvestris,35,Anthriscus
SE1845,Apium nodiflorum,0,Apium
SE1845,Armeria maritima,0,Armeria
SE1845,Artemisia absinthium,0,Artemisia
SE1845,Artemisia annua,0,Artemisia
SE1845,Artemisia vulgaris,0,Artemisia
SE1845,Aster tripolium,0,Aster
SE1845,Atriplex patula,0,Atriplex
SE1845,Atriplex portulacoides,0,Atriplex
SE1845,Ballota nigra,0,Ballota
SE1845,Barbarea vulgaris,0,Barbarea
SE1845,Bellis perennis,7,Bellis
SE1845,Berula erecta,0,Berula
SE1845,Brassica napus,0,Brassica
SE1845,Brassica oleracea,0,Brassica
SE1845,Brassica rapa,0,Brassica
SE1845,Bryonia dioica,0,Bryonia
SE1845,Buddleja davidii,0,Buddleja
SE1845,Bupleurum tenuissimum,0,Bupleurum
SE1845,Calluna vulgaris,0,Calluna
SE1845,Caltha palustris,0,Caltha
SE1845,Calystegia sepium,0,Calystegia
SE1845,Campanula rotundifolia,0,Campanula
SE1845,Capsella bursa,0,Capsella
SE1845,Cardamine flexuosa,0,Cardamine
SE1845,Cardamine hirsuta,0,Cardamine
SE1845,Cardamine pratensis,0,Cardamine
SE1845,Carduus nutans,0,Carduus
SE1845,Carum verticillatum,0,Carum
SE1845,Centaurea cyanus,0,Centaurea
SE1845,Centaurea nigra,101,Centaurea
SE1845,Centaurea scabiosa,0,Centaurea
SE1845,Centaurium erythraea,0,Centaurium
SE1845,Cerastium arvense,0,Cerastium
SE1845,Cerastium fontanum,0,Cerastium
SE1845,Cerastium glomeratum,0,Cerastium
SE1845,Ceratocapnos claviculata,0,Ceratocapnos
SE1845,Chaerophyllum temulum,0,Chaerophyllum
SE1845,Chamaemelum nobile,0,Chamaemelum
SE1845,Chamerion angustifolium,0,Chamerion
SE1845,Chenopodium album,0,Chenopodium
SE1845,Chenopodium ficifolium,0,Chenopodium
SE1845,Chenopodium quinoa,0,Chenopodium
SE1845,Cichorium intybus,0,Cichorium
SE1845,Circaea lutetiana,0,Circaea
SE1845,Cirsium arvense,195,Cirsium
SE1845,Cirsium eriophorum,0,Cirsium
SE1845,Cirsium palustre,0,Cirsium
SE1845,Cirsium vulgare,0,Cirsium
SE1845,Clematis vitalba,0,Clematis
SE1845,Clinopodium vulgare,0,Clinopodium
SE1845,Conium maculatum,0,Conium
SE1845,Conopodium majus,0,Conopodium
SE1845,Convolvulus arvensis,0,Convolvulus
SE1845,Conyza canadensis,0,Conyza
SE1845,Cotoneaster salicifolius,0,Cotoneaster
SE1845,Crataegus monogyna,500,Crataegus
SE1845,Crepis capillaris,0,Crepis
SE1845,Crepis vesicaria,0,Crepis
SE1845,Cruciata laevipes,46,Cruciata
SE1845,Cytisus scoparius,0,Cytisus
SE1845,Dactylorhiza fuchsii,0,Dactylorhiza
SE1845,Dactylorhiza maculata,0,Dactylorhiza
SE1845,Daucus carota,0,Daucus
SE1845,Digitalis ferruginea,0,Digitalis
SE1845,Digitalis grandiflora,0,Digitalis
SE1845,Digitalis purpurea,0,Digitalis
SE1845,Dioscorea communis,0,Dioscorea
SE1845,Doronicum plantagineum,0,Doronicum
SE1845,Drosera anglica,0,Drosera
SE1845,Drosera rotundifolia,0,Drosera
SE1845,Dryas octopetala,0,Dryas
SE1845,Epilobium hirsutum,1,Epilobium
SE1845,Epilobium montanum,0,Epilobium
SE1845,Epilobium obscurum,0,Epilobium
SE1845,Epilobium palustre,0,Epilobium
SE1845,Epilobium parviflorum,0,Epilobium
SE1845,Epilobium roseum,0,Epilobium
SE1845,Epilobium tetragonum,0,Epilobium
SE1845,Erica cinerea,0,Erica
SE1845,Erica tetralix,0,Erica
SE1845,Eriophorum vaginatum,0,Eriophorum
SE1845,Eupatorium cannabinum,0,Eupatorium
SE1845,Euphorbia exigua,0,Euphorbia
SE1845,Euphorbia helioscopia,0,Euphorbia
SE1845,Euphrasia officinalis,0,Euphrasia
SE1845,Fagopyrum esculentum,0,Fagopyrum
SE1845,Fallopia convolvulus,0,Fallopia
SE1845,Filipendula ulmaria,0,Filipendula
SE1845,Fumaria officinalis,0,Fumaria
SE1845,Galeopsis speciosa,0,Galeopsis
SE1845,Galeopsis tetrahit,0,Galeopsis
SE1845,Galium aparine,437,Galium
SE1845,Galium mollugo,0,Galium
SE1845,Galium odoratum,0,Galium
SE1845,Galium palustre,0,Galium
SE1845,Galium saxatile,0,Galium
SE1845,Galium verum,0,Galium
SE1845,Genista anglica,0,Genista
SE1845,Geranium dissectum,0,Geranium
SE1845,Geranium molle,0,Geranium
SE1845,Geranium nodosum,0,Geranium
SE1845,Geranium pratense,0,Geranium
SE1845,Geranium pyrenaicum,0,Geranium
SE1845,Geranium robertianum,0,Geranium
SE1845,Geum urbanum,0,Geum
SE1845,Glechoma hederacea,0,Glechoma
SE1845,Hedera helix,0,Hedera
SE1845,Helianthus annuus,0,Helianthus
SE1845,Heracleum mantegazzianum,0,Heracleum
SE1845,Heracleum sphondylium,0,Heracleum
SE1845,Hippocrepis comosa,0,Hippocrepis
SE1845,Hordeum vulgare,0,Hordeum
SE1845,Hyacinthoides non,0,Hyacinthoides
SE1845,Hypericum forrestii,0,Hypericum
SE1845,Hypericum perforatum,0,Hypericum
SE1845,Hypericum pulchrum,0,Hypericum
SE1845,Hypericum tetrapterum,0,Hypericum
SE1845,Hypochaeris radicata,0,Hypochaeris
SE1845,Ilex aquifolium,0,Ilex
SE1845,Impatiens glandulifera,172,Impatiens
SE1845,Impatiens parviflora,0,Impatiens
SE1845,Iris pseudacorus,0,Iris
SE1845,Jacobaea erucifolia,0,Jacobaea
SE1845,Jacobaea vulgaris,0,Jacobaea
SE1845,Jasione montana,0,Jasione
SE1845,Juncus conglomeratus,0,Juncus
SE1845,Juncus effusus,0,Juncus
SE1845,Knautia arvensis,0,Knautia
SE1845,Lactuca serriola,0,Lactuca
SE1845,Lamium album,0,Lamium
SE1845,Lamium galeobdolon,0,Lamium
SE1845,Lamium purpureum,0,Lamium
SE1845,Lapsana communis,0,Lapsana
SE1845,Lathyrus aphaca,0,Lathyrus
SE1845,Lathyrus linifolius,0,Lathyrus
SE1845,Lathyrus pratensis,0,Lathyrus
SE1845,Leontodon hispidus,0,Leontodon
SE1845,Leontodon saxatilis,0,Leontodon
SE1845,Leucanthemum vulgare,0,Leucanthemum
SE1845,Ligusticum scoticum,0,Ligusticum
SE1845,Limonium vulgare,0,Limonium
SE1845,Linaria vulgaris,0,Linaria
SE1845,Linum catharticum,0,Linum
SE1845,Linum usitatissimum,0,Linum
SE1845,Lonicera caprifolium,0,Lonicera
SE1845,Lonicera periclymenum,0,Lonicera
SE1845,Lotus angustissimus,0,Lotus
SE1845,Lotus corniculatus,25,Lotus
SE1845,Lotus pedunculatus,0,Lotus
SE1845,Lotus subbiflorus,0,Lotus
SE1845,Luzula campestris,0,Luzula
SE1845,Lysimachia nemorum,0,Lysimachia
SE1845,Lysimachia punctata,0,Lysimachia
SE1845,Lysimachia vulgaris,0,Lysimachia
SE1845,Lythrum alatum,0,Lythrum
SE1845,Lythrum salicaria,0,Lythrum
SE1845,Malva sylvestris,0,Malva
SE1845,Matricaria chamomilla,0,Matricaria
SE1845,Matricaria discoidea,0,Matricaria
SE1845,Medicago lupulina,0,Medicago
SE1845,Melampyrum pratense,0,Melampyrum
SE1845,Mentha aquatica,0,Mentha
SE1845,Mentha arvensis,0,Mentha
SE1845,Mercurialis perennis,0,Mercurialis
SE1845,Myosotis arvensis,0,Myosotis
SE1845,Myosotis discolor,0,Myosotis
SE1845,Myosotis sylvatica,0,Myosotis
SE1845,Narthecium ossifragum,0,Narthecium
SE1845,Odontites vernus,0,Odontites
SE1845,Oenanthe crocata,0,Oenanthe
SE1845,Origanum vulgare,0,Origanum
SE1845,Ornithopus perpusillus,103,Ornithopus
SE1845,Oxalis acetosella,0,Oxalis
SE1845,Panicum miliaceum,0,Panicum
SE1845,Papaver rhoeas,0,Papaver
SE1845,Pedicularis sylvatica,0,Pedicularis
SE1845,Persicaria amplexicaulis,0,Persicaria
SE1845,Persicaria bistorta,0,Persicaria
SE1845,Persicaria hydropiper,0,Persicaria
SE1845,Persicaria lapathifolia,0,Persicaria
SE1845,Persicaria maculosa,0,Persicaria
SE1845,Peucedanum ostruthium,0,Peucedanum
SE1845,Picris echioides,0,Picris
SE1845,Picris hieracioides,0,Picris
SE1845,Pilosella officinarum,0,Pilosella
SE1845,Pimpinella saxifraga,0,Pimpinella
SE1845,Pinguicula vulgaris,0,Pinguicula
SE1845,Plantago lanceolata,45,Plantago
SE1845,Plantago major,0,Plantago
SE1845,Plantago maritima,0,Plantago
SE1845,Poa annua,0,Poa
SE1845,Polygala serpyllifolia,0,Polygala
SE1845,Polygala vulgaris,4,Polygala
SE1845,Polygonum aviculare,0,Polygonum
SE1845,Potentilla anglica,0,Potentilla
SE1845,Potentilla anserina,0,Potentilla
SE1845,Potentilla erecta,0,Potentilla
SE1845,Potentilla recta,0,Potentilla
SE1845,Potentilla reptans,0,Potentilla
SE1845,Prunella vulgaris,9,Prunella
SE1845,Prunus spinosa,0,Prunus
SE1845,Pulicaria dysenterica,0,Pulicaria
SE1845,Ranunculus acris,0,Ranunculus
SE1845,Ranunculus bulbosus,0,Ranunculus
SE1845,Ranunculus ficaria,0,Ranunculus
SE1845,Ranunculus flammula,0,Ranunculus
SE1845,Ranunculus repens,61,Ranunculus
SE1845,Ranunculus sardous,0,Ranunculus
SE1845,Raphanus raphanistrum,11,Raphanus
SE1845,Raphanus sativus,0,Raphanus
SE1845,Rhinanthus minor,0,Rhinanthus
SE1845,Rosa arvensis,0,Rosa
SE1845,Rosa canina,0,Rosa
SE1845,Rubus caesius,0,Rubus
SE1845,Rubus fruticosus,0,Rubus
SE1845,Rubus idaeus,0,Rubus
SE1845,Rumex acetosa,40,Rumex
SE1845,Rumex acetosella,0,Rumex
SE1845,Rumex crispus,81,Rumex
SE1845,Rumex obtusifolius,0,Rumex
SE1845,Rumex sanguineus,0,Rumex
SE1845,Sagina saginoides,0,Sagina
SE1845,Sambucus nigra,0,Sambucus
SE1845,Sanguisorba officinalis,0,Sanguisorba
SE1845,Scorzoneroides autumnalis,0,Scorzoneroides
SE1845,Scrophularia auriculata,0,Scrophularia
SE1845,Scrophularia nodosa,0,Scrophularia
SE1845,Sedum anglicum,0,Sedum
SE1845,Senecio erucifolius,0,Senecio
SE1845,Senecio jacobaea,0,Senecio
SE1845,Senecio vulgaris,0,Senecio
SE1845,Sherardia arvensis,0,Sherardia
SE1845,Silene dioica,0,Silene
SE1845,Silene latifolia,0,Silene
SE1845,Silybum marianum,0,Silybum
SE1845,Sinapis alba,0,Sinapis
SE1845,Sinapis arvensis,0,Sinapis
SE1845,Sisymbrium officinale,0,Sisymbrium
SE1845,Solanum dulcamara,0,Solanum
SE1845,Solanum nigrum,0,Solanum
SE1845,Solanum tuberosum,0,Solanum
SE1845,Sonchus arvensis,0,Sonchus
SE1845,Sonchus asper,0,Sonchus
SE1845,Sonchus oleraceus,0,Sonchus
SE1845,Sorbus aucuparia,0,Sorbus
SE1845,Spergula arvensis,0,Spergula
SE1845,Spergularia media,0,Spergularia
SE1845,Stachys arvensis,0,Stachys
SE1845,Stachys palustris,0,Stachys
SE1845,Stachys sylvatica,0,Stachys
SE1845,Stellaria alsine,0,Stellaria
SE1845,Stellaria graminea,0,Stellaria
SE1845,Stellaria holostea,0,Stellaria
SE1845,Stellaria media,0,Stellaria
SE1845,Suaeda maritima,0,Suaeda
SE1845,Succisa pratensis,0,Succisa
SE1845,Symphytum officinale,0,Symphytum
SE1845,Taraxacum agg,0,Taraxacum
SE1845,Taraxacum officinale,0,Taraxacum
SE1845,Teucrium scorodonia,0,Teucrium
SE1845,Thlaspi arvense,0,Thlaspi
SE1845,Thymus polytrichus,0,Thymus
SE1845,Thymus vulgaris,0,Thymus
SE1845,Torilis japonica,0,Torilis
SE1845,Tragopogon pratensis,0,Tragopogon
SE1845,Trientalis europaea,0,Trientalis
SE1845,Trifolium arvense,0,Trifolium
SE1845,Trifolium campestre,0,Trifolium
SE1845,Trifolium constantinopolitanum,0,Trifolium
SE1845,Trifolium dubium,0,Trifolium
SE1845,Trifolium pratense,0,Trifolium
SE1845,Trifolium repens,26,Trifolium
SE1845,Tripleurospermum inodorum,0,Tripleurospermum
SE1845,Tripleurospermum maritimum,0,Tripleurospermum
SE1845,Turgenia latifolia,0,Turgenia
SE1845,Ulex europaeus,0,Ulex
SE1845,Ulex gallii,0,Ulex
SE1845,Urtica dioica,672,Urtica
SE1845,Vaccinium myrtillus,0,Vaccinium
SE1845,Vaccinium oxycoccos,0,Vaccinium
SE1845,Vaccinium vitis,0,Vaccinium
SE1845,Valeriana dioica,0,Valeriana
SE1845,Valeriana officinalis,0,Valeriana
SE1845,Verbena officinalis,0,Verbena
SE1845,Verbena x,0,Verbena
SE1845,Veronica agrestis,0,Veronica
SE1845,Veronica arvensis,0,Veronica
SE1845,Veronica beccabunga,0,Veronica
SE1845,Veronica chamaedrys,0,Veronica
SE1845,Veronica hederifolia,0,Veronica
SE1845,Veronica montana,0,Veronica
SE1845,Veronica officinalis,0,Veronica
SE1845,Veronica persica,0,Veronica
SE1845,Veronica polita,0,Veronica
SE1845,Veronica serpyllifolia,0,Veronica
SE1845,Vicia benghalensis,0,Vicia
SE1845,Vicia cracca,5,Vicia
SE1845,Vicia faba,0,Vicia
SE1845,Vicia hirsuta,0,Vicia
SE1845,Vicia lutea,0,Vicia
SE1845,Vicia sativa,0,Vicia
SE1845,Vicia sepium,0,Vicia
SE1845,Vicia spp,0,Vicia
SE1845,Vicia tetrasperma,0,Vicia
SE1845,Viola arvensis,0,Viola
SE1845,Viola canina,0,Viola
SE1845,Viola palustris,0,Viola
SE1845,Viola riviniana,0,Viola
SE1845,Zea mays,0,Zea
SE1867,Acer pseudoplatanus,0,Acer
SE1867,Achillea millefolium,0,Achillea
SE1867,Achillea ptarmica,0,Achillea
SE1867,Aegopodium podagraria,0,Aegopodium
SE1867,Aethusa cynapium,0,Aethusa
SE1867,Ajuga reptans,0,Ajuga
SE1867,Alliaria petiolata,0,Alliaria
SE1867,Alnus glutinosa,0,Alnus
SE1867,Anagallis arvensis,0,Anagallis
SE1867,Anchusa arvensis,0,Anchusa
SE1867,Anemone nemorosa,0,Anemone
SE1867,Angelica sylvestris,0,Angelica
SE1867,Anthemis cotula,0,Anthemis
SE1867,Anthriscus caucalis,0,Anthriscus
SE1867,Anthriscus sylvestris,6,Anthriscus
SE1867,Apium nodiflorum,0,Apium
SE1867,Armeria maritima,0,Armeria
SE1867,Artemisia absinthium,0,Artemisia
SE1867,Artemisia annua,0,Artemisia
SE1867,Artemisia vulgaris,0,Artemisia
SE1867,Aster tripolium,0,Aster
SE1867,Atriplex patula,0,Atriplex
SE1867,Atriplex portulacoides,0,Atriplex
SE1867,Ballota nigra,0,Ballota
SE1867,Barbarea vulgaris,0,Barbarea
SE1867,Bellis perennis,0,Bellis
SE1867,Berula erecta,0,Berula
SE1867,Brassica napus,0,Brassica
SE1867,Brassica oleracea,0,Brassica
SE1867,Brassica rapa,0,Brassica
SE1867,Bryonia dioica,0,Bryonia
SE1867,Buddleja davidii,0,Buddleja
SE1867,Bupleurum tenuissimum,0,Bupleurum
SE1867,Calluna vulgaris,2010,Calluna
SE1867,Caltha palustris,0,Caltha
SE1867,Calystegia sepium,0,Calystegia
SE1867,Campanula rotundifolia,0,Campanula
SE1867,Capsella bursa,0,Capsella
SE1867,Cardamine flexuosa,0,Cardamine
SE1867,Cardamine hirsuta,0,Cardamine
SE1867,Cardamine pratensis,0,Cardamine
SE1867,Carduus nutans,0,Carduus
SE1867,Carum verticillatum,0,Carum
SE1867,Centaurea cyanus,0,Centaurea
SE1867,Centaurea nigra,0,Centaurea
SE1867,Centaurea scabiosa,0,Centaurea
SE1867,Centaurium erythraea,0,Centaurium
SE1867,Cerastium arvense,0,Cerastium
SE1867,Cerastium fontanum,0,Cerastium
SE1867,Cerastium glomeratum,0,Cerastium
SE1867,Ceratocapnos claviculata,0,Ceratocapnos
SE1867,Chaerophyllum temulum,0,Chaerophyllum
SE1867,Chamaemelum nobile,0,Chamaemelum
SE1867,Chamerion angustifolium,0,Chamerion
SE1867,Chenopodium album,0,Chenopodium
SE1867,Chenopodium ficifolium,0,Chenopodium
SE1867,Chenopodium quinoa,0,Chenopodium
SE1867,Cichorium intybus,0,Cichorium
SE1867,Circaea lutetiana,0,Circaea
SE1867,Cirsium arvense,2,Cirsium
SE1867,Cirsium eriophorum,0,Cirsium
SE1867,Cirsium palustre,0,Cirsium
SE1867,Cirsium vulgare,0,Cirsium
SE1867,Clematis vitalba,0,Clematis
SE1867,Clinopodium vulgare,0,Clinopodium
SE1867,Conium maculatum,0,Conium
SE1867,Conopodium majus,0,Conopodium
SE1867,Convolvulus arvensis,0,Convolvulus
SE1867,Conyza canadensis,0,Conyza
SE1867,Cotoneaster salicifolius,0,Cotoneaster
SE1867,Crataegus monogyna,0,Crataegus
SE1867,Crepis capillaris,0,Crepis
SE1867,Crepis vesicaria,0,Crepis
SE1867,Cruciata laevipes,0,Cruciata
SE1867,Cytisus scoparius,0,Cytisus
SE1867,Dactylorhiza fuchsii,0,Dactylorhiza
SE1867,Dactylorhiza maculata,0,Dactylorhiza
SE1867,Daucus carota,0,Daucus
SE1867,Digitalis ferruginea,0,Digitalis
SE1867,Digitalis grandiflora,0,Digitalis
SE1867,Digitalis purpurea,0,Digitalis
SE1867,Dioscorea communis,0,Dioscorea
SE1867,Doronicum plantagineum,0,Doronicum
SE1867,Drosera anglica,0,Drosera
SE1867,Drosera rotundifolia,0,Drosera
SE1867,Dryas octopetala,0,Dryas
SE1867,Epilobium hirsutum,0,Epilobium
SE1867,Epilobium montanum,0,Epilobium
SE1867,Epilobium obscurum,0,Epilobium
SE1867,Epilobium palustre,0,Epilobium
SE1867,Epilobium parviflorum,0,Epilobium
SE1867,Epilobium roseum,0,Epilobium
SE1867,Epilobium tetragonum,0,Epilobium
SE1867,Erica cinerea,0,Erica
SE1867,Erica tetralix,11,Erica
SE1867,Eriophorum vaginatum,0,Eriophorum
SE1867,Eupatorium cannabinum,0,Eupatorium
SE1867,Euphorbia exigua,0,Euphorbia
SE1867,Euphorbia helioscopia,0,Euphorbia
SE1867,Euphrasia officinalis,0,Euphrasia
SE1867,Fagopyrum esculentum,0,Fagopyrum
SE1867,Fallopia convolvulus,0,Fallopia
SE1867,Filipendula ulmaria,0,Filipendula
SE1867,Fumaria officinalis,0,Fumaria
SE1867,Galeopsis speciosa,0,Galeopsis
SE1867,Galeopsis tetrahit,0,Galeopsis
SE1867,Galium aparine,0,Galium
SE1867,Galium mollugo,0,Galium
SE1867,Galium odoratum,0,Galium
SE1867,Galium palustre,0,Galium
SE1867,Galium saxatile,8,Galium
SE1867,Galium verum,0,Galium
SE1867,Genista anglica,0,Genista
SE1867,Geranium dissectum,0,Geranium
SE1867,Geranium molle,0,Geranium
SE1867,Geranium nodosum,0,Geranium
SE1867,Geranium pratense,0,Geranium
SE1867,Geranium pyrenaicum,0,Geranium
SE1867,Geranium robertianum,0,Geranium
SE1867,Geum urbanum,0,Geum
SE1867,Glechoma hederacea,0,Glechoma
SE1867,Hedera helix,0,Hedera
SE1867,Helianthus annuus,0,Helianthus
SE1867,Heracleum mantegazzianum,0,Heracleum
SE1867,Heracleum sphondylium,0,Heracleum
SE1867,Hippocrepis comosa,0,Hippocrepis
SE1867,Hordeum vulgare,0,Hordeum
SE1867,Hyacinthoides non,0,Hyacinthoides
SE1867,Hypericum forrestii,0,Hypericum
SE1867,Hypericum perforatum,0,Hypericum
SE1867,Hypericum pulchrum,0,Hypericum
SE1867,Hypericum tetrapterum,0,Hypericum
SE1867,Hypochaeris radicata,0,Hypochaeris
SE1867,Ilex aquifolium,0,Ilex
SE1867,Impatiens glandulifera,0,Impatiens
SE1867,Impatiens parviflora,0,Impatiens
SE1867,Iris pseudacorus,0,Iris
SE1867,Jacobaea erucifolia,0,Jacobaea
SE1867,Jacobaea vulgaris,0,Jacobaea
SE1867,Jasione montana,0,Jasione
SE1867,Juncus conglomeratus,0,Juncus
SE1867,Juncus effusus,0,Juncus
SE1867,Knautia arvensis,0,Knautia
SE1867,Lactuca serriola,0,Lactuca
SE1867,Lamium album,0,Lamium
SE1867,Lamium galeobdolon,0,Lamium
SE1867,Lamium purpureum,0,Lamium
SE1867,Lapsana communis,0,Lapsana
SE1867,Lathyrus aphaca,0,Lathyrus
SE1867,Lathyrus linifolius,0,Lathyrus
SE1867,Lathyrus pratensis,0,Lathyrus
SE1867,Leontodon hispidus,0,Leontodon
SE1867,Leontodon saxatilis,0,Leontodon
SE1867,Leucanthemum vulgare,0,Leucanthemum
SE1867,Ligusticum scoticum,0,Ligusticum
SE1867,Limonium vulgare,0,Limonium
SE1867,Linaria vulgaris,0,Linaria
SE1867,Linum catharticum,0,Linum
SE1867,Linum usitatissimum,0,Linum
SE1867,Lonicera caprifolium,0,Lonicera
SE1867,Lonicera periclymenum,0,Lonicera
SE1867,Lotus angustissimus,0,Lotus
SE1867,Lotus corniculatus,0,Lotus
SE1867,Lotus pedunculatus,0,Lotus
SE1867,Lotus subbiflorus,0,Lotus
SE1867,Luzula campestris,0,Luzula
SE1867,Lysimachia nemorum,0,Lysimachia
SE1867,Lysimachia punctata,0,Lysimachia
SE1867,Lysimachia vulgaris,0,Lysimachia
SE1867,Lythrum alatum,0,Lythrum
SE1867,Lythrum salicaria,0,Lythrum
SE1867,Malva sylvestris,0,Malva
SE1867,Matricaria chamomilla,0,Matricaria
SE1867,Matricaria discoidea,0,Matricaria
SE1867,Medicago lupulina,0,Medicago
SE1867,Melampyrum pratense,0,Melampyrum
SE1867,Mentha aquatica,0,Mentha
SE1867,Mentha arvensis,0,Mentha
SE1867,Mercurialis perennis,0,Mercurialis
SE1867,Myosotis arvensis,0,Myosotis
SE1867,Myosotis discolor,0,Myosotis
SE1867,Myosotis sylvatica,0,Myosotis
SE1867,Narthecium ossifragum,0,Narthecium
SE1867,Odontites vernus,0,Odontites
SE1867,Oenanthe crocata,0,Oenanthe
SE1867,Origanum vulgare,0,Origanum
SE1867,Ornithopus perpusillus,0,Ornithopus
SE1867,Oxalis acetosella,0,Oxalis
SE1867,Panicum miliaceum,0,Panicum
SE1867,Papaver rhoeas,0,Papaver
SE1867,Pedicularis sylvatica,0,Pedicularis
SE1867,Persicaria amplexicaulis,0,Persicaria
SE1867,Persicaria bistorta,0,Persicaria
SE1867,Persicaria hydropiper,0,Persicaria
SE1867,Persicaria lapathifolia,0,Persicaria
SE1867,Persicaria maculosa,0,Persicaria
SE1867,Peucedanum ostruthium,0,Peucedanum
SE1867,Picris echioides,0,Picris
SE1867,Picris hieracioides,0,Picris
SE1867,Pilosella officinarum,0,Pilosella
SE1867,Pimpinella saxifraga,0,Pimpinella
SE1867,Pinguicula vulgaris,0,Pinguicula
SE1867,Plantago lanceolata,0,Plantago
SE1867,Plantago major,0,Plantago
SE1867,Plantago maritima,0,Plantago
SE1867,Poa annua,0,Poa
SE1867,Polygala serpyllifolia,0,Polygala
SE1867,Polygala vulgaris,0,Polygala
SE1867,Polygonum aviculare,0,Polygonum
SE1867,Potentilla anglica,0,Potentilla
SE1867,Potentilla anserina,0,Potentilla
SE1867,Potentilla erecta,0,Potentilla
SE1867,Potentilla recta,0,Potentilla
SE1867,Potentilla reptans,0,Potentilla
SE1867,Prunella vulgaris,0,Prunella
SE1867,Prunus spinosa,0,Prunus
SE1867,Pulicaria dysenterica,0,Pulicaria
SE1867,Ranunculus acris,0,Ranunculus
SE1867,Ranunculus bulbosus,0,Ranunculus
SE1867,Ranunculus ficaria,0,Ranunculus
SE1867,Ranunculus flammula,0,Ranunculus
SE1867,Ranunculus repens,0,Ranunculus
SE1867,Ranunculus sardous,0,Ranunculus
SE1867,Raphanus raphanistrum,0,Raphanus
SE1867,Raphanus sativus,0,Raphanus
SE1867,Rhinanthus minor,0,Rhinanthus
SE1867,Rosa arvensis,0,Rosa
SE1867,Rosa canina,0,Rosa
SE1867,Rubus caesius,0,Rubus
SE1867,Rubus fruticosus,0,Rubus
SE1867,Rubus idaeus,0,Rubus
SE1867,Rumex acetosa,100,Rumex
SE1867,Rumex acetosella,2790,Rumex
SE1867,Rumex crispus,0,Rumex
SE1867,Rumex obtusifolius,0,Rumex
SE1867,Rumex sanguineus,0,Rumex
SE1867,Sagina saginoides,0,Sagina
SE1867,Sambucus nigra,0,Sambucus
SE1867,Sanguisorba officinalis,0,Sanguisorba
SE1867,Scorzoneroides autumnalis,0,Scorzoneroides
SE1867,Scrophularia auriculata,0,Scrophularia
SE1867,Scrophularia nodosa,0,Scrophularia
SE1867,Sedum anglicum,0,Sedum
SE1867,Senecio erucifolius,0,Senecio
SE1867,Senecio jacobaea,0,Senecio
SE1867,Senecio vulgaris,0,Senecio
SE1867,Sherardia arvensis,0,Sherardia
SE1867,Silene dioica,0,Silene
SE1867,Silene latifolia,0,Silene
SE1867,Silybum marianum,0,Silybum
SE1867,Sinapis alba,0,Sinapis
SE1867,Sinapis arvensis,0,Sinapis
SE1867,Sisymbrium officinale,0,Sisymbrium
SE1867,Solanum dulcamara,0,Solanum
SE1867,Solanum nigrum,0,Solanum
SE1867,Solanum tuberosum,0,Solanum
SE1867,Sonchus arvensis,0,Sonchus
SE1867,Sonchus asper,0,Sonchus
SE1867,Sonchus oleraceus,0,Sonchus
SE1867,Sorbus aucuparia,0,Sorbus
SE1867,Spergula arvensis,0,Spergula
SE1867,Spergularia media,0,Spergularia
SE1867,Stachys arvensis,0,Stachys
SE1867,Stachys palustris,0,Stachys
SE1867,Stachys sylvatica,0,Stachys
SE1867,Stellaria alsine,0,Stellaria
SE1867,Stellaria graminea,0,Stellaria
SE1867,Stellaria holostea,0,Stellaria
SE1867,Stellaria media,0,Stellaria
SE1867,Suaeda maritima,0,Suaeda
SE1867,Succisa pratensis,0,Succisa
SE1867,Symphytum officinale,0,Symphytum
SE1867,Taraxacum agg,0,Taraxacum
SE1867,Taraxacum officinale,0,Taraxacum
SE1867,Teucrium scorodonia,0,Teucrium
SE1867,Thlaspi arvense,0,Thlaspi
SE1867,Thymus polytrichus,0,Thymus
SE1867,Thymus vulgaris,0,Thymus
SE1867,Torilis japonica,0,Torilis
SE1867,Tragopogon pratensis,0,Tragopogon
SE1867,Trientalis europaea,0,Trientalis
SE1867,Trifolium arvense,0,Trifolium
SE1867,Trifolium campestre,0,Trifolium
SE1867,Trifolium constantinopolitanum,0,Trifolium
SE1867,Trifolium dubium,0,Trifolium
SE1867,Trifolium pratense,0,Trifolium
SE1867,Trifolium repens,0,Trifolium
SE1867,Tripleurospermum inodorum,0,Tripleurospermum
SE1867,Tripleurospermum maritimum,0,Tripleurospermum
SE1867,Turgenia latifolia,0,Turgenia
SE1867,Ulex europaeus,0,Ulex
SE1867,Ulex gallii,0,Ulex
SE1867,Urtica dioica,0,Urtica
SE1867,Vaccinium myrtillus,3,Vaccinium
SE1867,Vaccinium oxycoccos,0,Vaccinium
SE1867,Vaccinium vitis,0,Vaccinium
SE1867,Valeriana dioica,0,Valeriana
SE1867,Valeriana officinalis,0,Valeriana
SE1867,Verbena officinalis,0,Verbena
SE1867,Verbena x,0,Verbena
SE1867,Veronica agrestis,0,Veronica
SE1867,Veronica arvensis,0,Veronica
SE1867,Veronica beccabunga,0,Veronica
SE1867,Veronica chamaedrys,0,Veronica
SE1867,Veronica hederifolia,0,Veronica
SE1867,Veronica montana,0,Veronica
SE1867,Veronica officinalis,0,Veronica
SE1867,Veronica persica,0,Veronica
SE1867,Veronica polita,0,Veronica
SE1867,Veronica serpyllifolia,0,Veronica
SE1867,Vicia benghalensis,0,Vicia
SE1867,Vicia cracca,0,Vicia
SE1867,Vicia faba,0,Vicia
SE1867,Vicia hirsuta,0,Vicia
SE1867,Vicia lutea,0,Vicia
SE1867,Vicia sativa,0,Vicia
SE1867,Vicia sepium,0,Vicia
SE1867,Vicia spp,0,Vicia
SE1867,Vicia tetrasperma,0,Vicia
SE1867,Viola arvensis,0,Viola
SE1867,Viola canina,0,Viola
SE1867,Viola palustris,0,Viola
SE1867,Viola riviniana,0,Viola
SE1867,Zea mays,0,Zea
SE9023,Acer pseudoplatanus,0,Acer
SE9023,Achillea millefolium,0,Achillea
SE9023,Achillea ptarmica,0,Achillea
SE9023,Aegopodium podagraria,0,Aegopodium
SE9023,Aethusa cynapium,58,Aethusa
SE9023,Ajuga reptans,0,Ajuga
SE9023,Alliaria petiolata,17,Alliaria
SE9023,Alnus glutinosa,0,Alnus
SE9023,Anagallis arvensis,0,Anagallis
SE9023,Anchusa arvensis,35,Anchusa
SE9023,Anemone nemorosa,0,Anemone
SE9023,Angelica sylvestris,0,Angelica
SE9023,Anthemis cotula,0,Anthemis
SE9023,Anthriscus caucalis,0,Anthriscus
SE9023,Anthriscus sylvestris,1106,Anthriscus
SE9023,Apium nodiflorum,0,Apium
SE9023,Armeria maritima,0,Armeria
SE9023,Artemisia absinthium,0,Artemisia
SE9023,Artemisia annua,0,Artemisia
SE9023,Artemisia vulgaris,136,Artemisia
SE9023,Aster tripolium,0,Aster
SE9023,Atriplex patula,0,Atriplex
SE9023,Atriplex portulacoides,0,Atriplex
SE9023,Ballota nigra,16,Ballota
SE9023,Barbarea vulgaris,0,Barbarea
SE9023,Bellis perennis,0,Bellis
SE9023,Berula erecta,0,Berula
SE9023,Brassica napus,0,Brassica
SE9023,Brassica oleracea,0,Brassica
SE9023,Brassica rapa,0,Brassica
SE9023,Bryonia dioica,0,Bryonia
SE9023,Buddleja davidii,0,Buddleja
SE9023,Bupleurum tenuissimum,0,Bupleurum
SE9023,Calluna vulgaris,0,Calluna
SE9023,Caltha palustris,0,Caltha
SE9023,Calystegia sepium,16,Calystegia
SE9023,Campanula rotundifolia,0,Campanula
SE9023,Capsella bursa,0,Capsella
SE9023,Cardamine flexuosa,0,Cardamine
SE9023,Cardamine hirsuta,0,Cardamine
SE9023,Cardamine pratensis,0,Cardamine
SE9023,Carduus nutans,0,Carduus
SE9023,Carum verticillatum,0,Carum
SE9023,Centaurea cyanus,0,Centaurea
SE9023,Centaurea nigra,0,Centaurea
SE9023,Centaurea scabiosa,0,Centaurea
SE9023,Centaurium erythraea,0,Centaurium
SE9023,Cerastium arvense,0,Cerastium
SE9023,Cerastium fontanum,0,Cerastium
SE9023,Cerastium glomeratum,0,Cerastium
SE9023,Ceratocapnos claviculata,0,Ceratocapnos
SE9023,Chaerophyllum temulum,0,Chaerophyllum
SE9023,Chamaemelum nobile,0,Chamaemelum
SE9023,Chamerion angustifolium,0,Chamerion
SE9023,Chenopodium album,0,Chenopodium
SE9023,Chenopodium ficifolium,0,Chenopodium
SE9023,Chenopodium quinoa,0,Chenopodium
SE9023,Cichorium intybus,3,Cichorium
SE9023,Circaea lutetiana,0,Circaea
SE9023,Cirsium arvense,559,Cirsium
SE9023,Cirsium eriophorum,0,Cirsium
SE9023,Cirsium palustre,0,Cirsium
SE9023,Cirsium vulgare,2,Cirsium
SE9023,Clematis vitalba,0,Clematis
SE9023,Clinopodium vulgare,0,Clinopodium
SE9023,Conium maculatum,0,Conium
SE9023,Conopodium majus,0,Conopodium
SE9023,Convolvulus arvensis,37,Convolvulus
SE9023,Conyza canadensis,200,Conyza
SE9023,Cotoneaster salicifolius,0,Cotoneaster
SE9023,Crataegus monogyna,0,Crataegus
SE9023,Crepis capillaris,0,Crepis
SE9023,Crepis vesicaria,0,Crepis
SE9023,Cruciata laevipes,0,Cruciata
SE9023,Cytisus scoparius,0,Cytisus
SE9023,Dactylorhiza fuchsii,0,Dactylorhiza
SE9023,Dactylorhiza maculata,0,Dactylorhiza
SE9023,Daucus carota,0,Daucus
SE9023,Digitalis ferruginea,0,Digitalis
SE9023,Digitalis grandiflora,0,Digitalis
SE9023,Digitalis purpurea,0,Digitalis
SE9023,Dioscorea communis,0,Dioscorea
SE9023,Doronicum plantagineum,0,Doronicum
SE9023,Drosera anglica,0,Drosera
SE9023,Drosera rotundifolia,0,Drosera
SE9023,Dryas octopetala,0,Dryas
SE9023,Epilobium hirsutum,55,Epilobium
SE9023,Epilobium montanum,0,Epilobium
SE9023,Epilobium obscurum,0,Epilobium
SE9023,Epilobium palustre,0,Epilobium
SE9023,Epilobium parviflorum,0,Epilobium
SE9023,Epilobium roseum,0,Epilobium
SE9023,Epilobium tetragonum,0,Epilobium
SE9023,Erica cinerea,0,Erica
SE9023,Erica tetralix,0,Erica
SE9023,Eriophorum vaginatum,0,Eriophorum
SE9023,Eupatorium cannabinum,0,Eupatorium
SE9023,Euphorbia exigua,0,Euphorbia
SE9023,Euphorbia helioscopia,0,Euphorbia
SE9023,Euphrasia officinalis,0,Euphrasia
SE9023,Fagopyrum esculentum,0,Fagopyrum
SE9023,Fallopia convolvulus,0,Fallopia
SE9023,Filipendula ulmaria,0,Filipendula
SE9023,Fumaria officinalis,0,Fumaria
SE9023,Galeopsis speciosa,0,Galeopsis
SE9023,Galeopsis tetrahit,0,Galeopsis
SE9023,Galium aparine,2292,Galium
SE9023,Galium mollugo,0,Galium
SE9023,Galium odoratum,0,Galium
SE9023,Galium palustre,0,Galium
SE9023,Galium saxatile,0,Galium
SE9023,Galium verum,0,Galium
SE9023,Genista anglica,0,Genista
SE9023,Geranium dissectum,0,Geranium
SE9023,Geranium molle,0,Geranium
SE9023,Geranium nodosum,0,Geranium
SE9023,Geranium pratense,0,Geranium
SE9023,Geranium pyrenaicum,0,Geranium
SE9023,Geranium robertianum,4,Geranium
SE9023,Geum urbanum,0,Geum
SE9023,Glechoma hederacea,0,Glechoma
SE9023,Hedera helix,0,Hedera
SE9023,Helianthus annuus,0,Helianthus
SE9023,Heracleum mantegazzianum,0,Heracleum
SE9023,Heracleum sphondylium,0,Heracleum
SE9023,Hippocrepis comosa,0,Hippocrepis
SE9023,Hordeum vulgare,0,Hordeum
SE9023,Hyacinthoides non,0,Hyacinthoides
SE9023,Hypericum forrestii,0,Hypericum
SE9023,Hypericum perforatum,0,Hypericum
SE9023,Hypericum pulchrum,0,Hypericum
SE9023,Hypericum tetrapterum,0,Hypericum
SE9023,Hypochaeris radicata,0,Hypochaeris
SE9023,Ilex aquifolium,0,Ilex
SE9023,Impatiens glandulifera,0,Impatiens
SE9023,Impatiens parviflora,0,Impatiens
SE9023,Iris pseudacorus,0,Iris
SE9023,Jacobaea erucifolia,0,Jacobaea
SE9023,Jacobaea vulgaris,0,Jacobaea
SE9023,Jasione montana,0,Jasione
SE9023,Juncus conglomeratus,0,Juncus
SE9023,Juncus effusus,0,Juncus
SE9023,Knautia arvensis,0,Knautia
SE9023,Lactuca serriola,0,Lactuca
SE9023,Lamium album,89,Lamium
SE9023,Lamium galeobdolon,0,Lamium
SE9023,Lamium purpureum,0,Lamium
SE9023,Lapsana communis,4,Lapsana
SE9023,Lathyrus aphaca,0,Lathyrus
SE9023,Lathyrus linifolius,0,Lathyrus
SE9023,Lathyrus pratensis,0,Lathyrus
SE9023,Leontodon hispidus,0,Leontodon
SE9023,Leontodon saxatilis,0,Leontodon
SE9023,Leucanthemum vulgare,0,Leucanthemum
SE9023,Ligusticum scoticum,0,Ligusticum
SE9023,Limonium vulgare,0,Limonium
SE9023,Linaria vulgaris,0,Linaria
SE9023,Linum catharticum,0,Linum
SE9023,Linum usitatissimum,0,Linum
SE9023,Lonicera caprifolium,0,Lonicera
SE9023,Lonicera periclymenum,0,Lonicera
SE9023,Lotus angustissimus,0,Lotus
SE9023,Lotus corniculatus,0,Lotus
SE9023,Lotus pedunculatus,0,Lotus
SE9023,Lotus subbiflorus,0,Lotus
SE9023,Luzula campestris,0,Luzula
SE9023,Lysimachia nemorum,0,Lysimachia
SE9023,Lysimachia punctata,0,Lysimachia
SE9023,Lysimachia vulgaris,0,Lysimachia
SE9023,Lythrum alatum,0,Lythrum
SE9023,Lythrum salicaria,0,Lythrum
SE9023,Malva sylvestris,0,Malva
SE9023,Matricaria chamomilla,0,Matricaria
SE9023,Matricaria discoidea,0,Matricaria
SE9023,Medicago lupulina,0,Medicago
SE9023,Melampyrum pratense,0,Melampyrum
SE9023,Mentha aquatica,0,Mentha
SE9023,Mentha arvensis,0,Mentha
SE9023,Mercurialis perennis,0,Mercurialis
SE9023,Myosotis arvensis,0,Myosotis
SE9023,Myosotis discolor,0,Myosotis
SE9023,Myosotis sylvatica,0,Myosotis
SE9023,Narthecium ossifragum,0,Narthecium
SE9023,Odontites vernus,0,Odontites
SE9023,Oenanthe crocata,0,Oenanthe
SE9023,Origanum vulgare,0,Origanum
SE9023,Ornithopus perpusillus,0,Ornithopus
SE9023,Oxalis acetosella,0,Oxalis
SE9023,Panicum miliaceum,0,Panicum
SE9023,Papaver rhoeas,6,Papaver
SE9023,Pedicularis sylvatica,0,Pedicularis
SE9023,Persicaria amplexicaulis,0,Persicaria
SE9023,Persicaria bistorta,0,Persicaria
SE9023,Persicaria hydropiper,0,Persicaria
SE9023,Persicaria lapathifolia,0,Persicaria
SE9023,Persicaria maculosa,0,Persicaria
SE9023,Peucedanum ostruthium,0,Peucedanum
SE9023,Picris echioides,0,Picris
SE9023,Picris hieracioides,0,Picris
SE9023,Pilosella officinarum,0,Pilosella
SE9023,Pimpinella saxifraga,0,Pimpinella
SE9023,Pinguicula vulgaris,0,Pinguicula
SE9023,Plantago lanceolata,0,Plantago
SE9023,Plantago major,0,Plantago
SE9023,Plantago maritima,0,Plantago
SE9023,Poa annua,0,Poa
SE9023,Polygala serpyllifolia,0,Polygala
SE9023,Polygala vulgaris,0,Polygala
SE9023,Polygonum aviculare,0,Polygonum
SE9023,Potentilla anglica,0,Potentilla
SE9023,Potentilla anserina,0,Potentilla
SE9023,Potentilla erecta,0,Potentilla
SE9023,Potentilla recta,0,Potentilla
SE9023,Potentilla reptans,0,Potentilla
SE9023,Prunella vulgaris,0,Prunella
SE9023,Prunus spinosa,0,Prunus
SE9023,Pulicaria dysenterica,0,Pulicaria
SE9023,Ranunculus acris,0,Ranunculus
SE9023,Ranunculus bulbosus,0,Ranunculus
SE9023,Ranunculus ficaria,0,Ranunculus
SE9023,Ranunculus flammula,0,Ranunculus
SE9023,Ranunculus repens,0,Ranunculus
SE9023,Ranunculus sardous,0,Ranunculus
SE9023,Raphanus raphanistrum,0,Raphanus
SE9023,Raphanus sativus,0,Raphanus
SE9023,Rhinanthus minor,0,Rhinanthus
SE9023,Rosa arvensis,0,Rosa
SE9023,Rosa canina,0,Rosa
SE9023,Rubus caesius,0,Rubus
SE9023,Rubus fruticosus,0,Rubus
SE9023,Rubus idaeus,0,Rubus
SE9023,Rumex acetosa,0,Rumex
SE9023,Rumex acetosella,0,Rumex
SE9023,Rumex crispus,0,Rumex
SE9023,Rumex obtusifolius,0,Rumex
SE9023,Rumex sanguineus,0,Rumex
SE9023,Sagina saginoides,0,Sagina
SE9023,Sambucus nigra,0,Sambucus
SE9023,Sanguisorba officinalis,0,Sanguisorba
SE9023,Scorzoneroides autumnalis,0,Scorzoneroides
SE9023,Scrophularia auriculata,0,Scrophularia
SE9023,Scrophularia nodosa,0,Scrophularia
SE9023,Sedum anglicum,0,Sedum
SE9023,Senecio erucifolius,0,Senecio
SE9023,Senecio jacobaea,0,Senecio
SE9023,Senecio vulgaris,3241,Senecio
SE9023,Sherardia arvensis,0,Sherardia
SE9023,Silene dioica,0,Silene
SE9023,Silene latifolia,149,Silene
SE9023,Silybum marianum,0,Silybum
SE9023,Sinapis alba,0,Sinapis
SE9023,Sinapis arvensis,0,Sinapis
SE9023,Sisymbrium officinale,6.5,Sisymbrium
SE9023,Solanum dulcamara,0,Solanum
SE9023,Solanum nigrum,0,Solanum
SE9023,Solanum tuberosum,2,Solanum
SE9023,Sonchus arvensis,0,Sonchus
SE9023,Sonchus asper,0,Sonchus
SE9023,Sonchus oleraceus,0,Sonchus
SE9023,Sorbus aucuparia,0,Sorbus
SE9023,Spergula arvensis,0,Spergula
SE9023,Spergularia media,0,Spergularia
SE9023,Stachys arvensis,0,Stachys
SE9023,Stachys palustris,0,Stachys
SE9023,Stachys sylvatica,0,Stachys
SE9023,Stellaria alsine,0,Stellaria
SE9023,Stellaria graminea,0,Stellaria
SE9023,Stellaria holostea,0,Stellaria
SE9023,Stellaria media,15,Stellaria
SE9023,Suaeda maritima,0,Suaeda
SE9023,Succisa pratensis,0,Succisa
SE9023,Symphytum officinale,0,Symphytum
SE9023,Taraxacum agg,0,Taraxacum
SE9023,Taraxacum officinale,1,Taraxacum
SE9023,Teucrium scorodonia,0,Teucrium
SE9023,Thlaspi arvense,0,Thlaspi
SE9023,Thymus polytrichus,0,Thymus
SE9023,Thymus vulgaris,0,Thymus
SE9023,Torilis japonica,0,Torilis
SE9023,Tragopogon pratensis,0,Tragopogon
SE9023,Trientalis europaea,0,Trientalis
SE9023,Trifolium arvense,0,Trifolium
SE9023,Trifolium campestre,0,Trifolium
SE9023,Trifolium constantinopolitanum,0,Trifolium
SE9023,Trifolium dubium,0,Trifolium
SE9023,Trifolium pratense,0,Trifolium
SE9023,Trifolium repens,0,Trifolium
SE9023,Tripleurospermum inodorum,0,Tripleurospermum
SE9023,Tripleurospermum maritimum,0,Tripleurospermum
SE9023,Turgenia latifolia,0,Turgenia
SE9023,Ulex europaeus,0,Ulex
SE9023,Ulex gallii,0,Ulex
SE9023,Urtica dioica,538,Urtica
SE9023,Vaccinium myrtillus,0,Vaccinium
SE9023,Vaccinium oxycoccos,0,Vaccinium
SE9023,Vaccinium vitis,0,Vaccinium
SE9023,Valeriana dioica,0,Valeriana
SE9023,Valeriana officinalis,0,Valeriana
SE9023,Verbena officinalis,0,Verbena
SE9023,Verbena x,0,Verbena
SE9023,Veronica agrestis,0,Veronica
SE9023,Veronica arvensis,0,Veronica
SE9023,Veronica beccabunga,0,Veronica
SE9023,Veronica chamaedrys,0,Veronica
SE9023,Veronica hederifolia,0,Veronica
SE9023,Veronica montana,0,Veronica
SE9023,Veronica officinalis,0,Veronica
SE9023,Veronica persica,14,Veronica
SE9023,Veronica polita,0,Veronica
SE9023,Veronica serpyllifolia,0,Veronica
SE9023,Vicia benghalensis,0,Vicia
SE9023,Vicia cracca,0,Vicia
SE9023,Vicia faba,0,Vicia
SE9023,Vicia hirsuta,0,Vicia
SE9023,Vicia lutea,0,Vicia
SE9023,Vicia sativa,0,Vicia
SE9023,Vicia sepium,0,Vicia
SE9023,Vicia spp,0,Vicia
SE9023,Vicia tetrasperma,0,Vicia
SE9023,Viola arvensis,22,Viola
SE9023,Viola canina,0,Viola
SE9023,Viola palustris,0,Viola
SE9023,Viola riviniana,0,Viola
SE9023,Zea mays,0,Zea
SH4072,Acer pseudoplatanus,0,Acer
SH4072,Achillea millefolium,11,Achillea
SH4072,Achillea ptarmica,0,Achillea
SH4072,Aegopodium podagraria,0,Aegopodium
SH4072,Aethusa cynapium,0,Aethusa
SH4072,Ajuga reptans,0,Ajuga
SH4072,Alliaria petiolata,0,Alliaria
SH4072,Alnus glutinosa,0,Alnus
SH4072,Anagallis arvensis,0,Anagallis
SH4072,Anchusa arvensis,0,Anchusa
SH4072,Anemone nemorosa,0,Anemone
SH4072,Angelica sylvestris,0,Angelica
SH4072,Anthemis cotula,0,Anthemis
SH4072,Anthriscus caucalis,0,Anthriscus
SH4072,Anthriscus sylvestris,9,Anthriscus
SH4072,Apium nodiflorum,18.75,Apium
SH4072,Armeria maritima,0,Armeria
SH4072,Artemisia absinthium,0,Artemisia
SH4072,Artemisia annua,0,Artemisia
SH4072,Artemisia vulgaris,0,Artemisia
SH4072,Aster tripolium,0,Aster
SH4072,Atriplex patula,0,Atriplex
SH4072,Atriplex portulacoides,0,Atriplex
SH4072,Ballota nigra,0,Ballota
SH4072,Barbarea vulgaris,0,Barbarea
SH4072,Bellis perennis,2,Bellis
SH4072,Berula erecta,0,Berula
SH4072,Brassica napus,0,Brassica
SH4072,Brassica oleracea,0,Brassica
SH4072,Brassica rapa,0,Brassica
SH4072,Bryonia dioica,0,Bryonia
SH4072,Buddleja davidii,0,Buddleja
SH4072,Bupleurum tenuissimum,0,Bupleurum
SH4072,Calluna vulgaris,0,Calluna
SH4072,Caltha palustris,24,Caltha
SH4072,Calystegia sepium,0,Calystegia
SH4072,Campanula rotundifolia,0,Campanula
SH4072,Capsella bursa,0,Capsella
SH4072,Cardamine flexuosa,25,Cardamine
SH4072,Cardamine hirsuta,0,Cardamine
SH4072,Cardamine pratensis,15,Cardamine
SH4072,Carduus nutans,0,Carduus
SH4072,Carum verticillatum,0,Carum
SH4072,Centaurea cyanus,0,Centaurea
SH4072,Centaurea nigra,0,Centaurea
SH4072,Centaurea scabiosa,0,Centaurea
SH4072,Centaurium erythraea,0,Centaurium
SH4072,Cerastium arvense,0,Cerastium
SH4072,Cerastium fontanum,121,Cerastium
SH4072,Cerastium glomeratum,0,Cerastium
SH4072,Ceratocapnos claviculata,0,Ceratocapnos
SH4072,Chaerophyllum temulum,0,Chaerophyllum
SH4072,Chamaemelum nobile,0,Chamaemelum
SH4072,Chamerion angustifolium,41.6666666666667,Chamerion
SH4072,Chenopodium album,0,Chenopodium
SH4072,Chenopodium ficifolium,0,Chenopodium
SH4072,Chenopodium quinoa,0,Chenopodium
SH4072,Cichorium intybus,0,Cichorium
SH4072,Circaea lutetiana,0,Circaea
SH4072,Cirsium arvense,11,Cirsium
SH4072,Cirsium eriophorum,0,Cirsium
SH4072,Cirsium palustre,36,Cirsium
SH4072,Cirsium vulgare,0,Cirsium
SH4072,Clematis vitalba,0,Clematis
SH4072,Clinopodium vulgare,0,Clinopodium
SH4072,Conium maculatum,0,Conium
SH4072,Conopodium majus,0,Conopodium
SH4072,Convolvulus arvensis,0,Convolvulus
SH4072,Conyza canadensis,0,Conyza
SH4072,Cotoneaster salicifolius,0,Cotoneaster
SH4072,Crataegus monogyna,82,Crataegus
SH4072,Crepis capillaris,0,Crepis
SH4072,Crepis vesicaria,0,Crepis
SH4072,Cruciata laevipes,0,Cruciata
SH4072,Cytisus scoparius,0,Cytisus
SH4072,Dactylorhiza fuchsii,0,Dactylorhiza
SH4072,Dactylorhiza maculata,0,Dactylorhiza
SH4072,Daucus carota,0,Daucus
SH4072,Digitalis ferruginea,0,Digitalis
SH4072,Digitalis grandiflora,0,Digitalis
SH4072,Digitalis purpurea,220,Digitalis
SH4072,Dioscorea communis,0,Dioscorea
SH4072,Doronicum plantagineum,0,Doronicum
SH4072,Drosera anglica,0,Drosera
SH4072,Drosera rotundifolia,0,Drosera
SH4072,Dryas octopetala,0,Dryas
SH4072,Epilobium hirsutum,117,Epilobium
SH4072,Epilobium montanum,0,Epilobium
SH4072,Epilobium obscurum,0,Epilobium
SH4072,Epilobium palustre,0,Epilobium
SH4072,Epilobium parviflorum,0,Epilobium
SH4072,Epilobium roseum,0,Epilobium
SH4072,Epilobium tetragonum,0,Epilobium
SH4072,Erica cinerea,0,Erica
SH4072,Erica tetralix,0,Erica
SH4072,Eriophorum vaginatum,0,Eriophorum
SH4072,Eupatorium cannabinum,0,Eupatorium
SH4072,Euphorbia exigua,0,Euphorbia
SH4072,Euphorbia helioscopia,0,Euphorbia
SH4072,Euphrasia officinalis,0,Euphrasia
SH4072,Fagopyrum esculentum,0,Fagopyrum
SH4072,Fallopia convolvulus,0,Fallopia
SH4072,Filipendula ulmaria,21,Filipendula
SH4072,Fumaria officinalis,0,Fumaria
SH4072,Galeopsis speciosa,0,Galeopsis
SH4072,Galeopsis tetrahit,0,Galeopsis
SH4072,Galium aparine,55,Galium
SH4072,Galium mollugo,0,Galium
SH4072,Galium odoratum,0,Galium
SH4072,Galium palustre,88,Galium
SH4072,Galium saxatile,0,Galium
SH4072,Galium verum,0,Galium
SH4072,Genista anglica,0,Genista
SH4072,Geranium dissectum,0,Geranium
SH4072,Geranium molle,0,Geranium
SH4072,Geranium nodosum,0,Geranium
SH4072,Geranium pratense,0,Geranium
SH4072,Geranium pyrenaicum,0,Geranium
SH4072,Geranium robertianum,177,Geranium
SH4072,Geum urbanum,0,Geum
SH4072,Glechoma hederacea,0,Glechoma
SH4072,Hedera helix,0,Hedera
SH4072,Helianthus annuus,0,Helianthus
SH4072,Heracleum mantegazzianum,0,Heracleum
SH4072,Heracleum sphondylium,21,Heracleum
SH4072,Hippocrepis comosa,0,Hippocrepis
SH4072,Hordeum vulgare,0,Hordeum
SH4072,Hyacinthoides non,5.16666666666667,Hyacinthoides
SH4072,Hypericum forrestii,0,Hypericum
SH4072,Hypericum perforatum,0,Hypericum
SH4072,Hypericum pulchrum,0,Hypericum
SH4072,Hypericum tetrapterum,0,Hypericum
SH4072,Hypochaeris radicata,43,Hypochaeris
SH4072,Ilex aquifolium,0,Ilex
SH4072,Impatiens glandulifera,102,Impatiens
SH4072,Impatiens parviflora,0,Impatiens
SH4072,Iris pseudacorus,0,Iris
SH4072,Jacobaea erucifolia,0,Jacobaea
SH4072,Jacobaea vulgaris,46,Jacobaea
SH4072,Jasione montana,0,Jasione
SH4072,Juncus conglomeratus,0,Juncus
SH4072,Juncus effusus,0,Juncus
SH4072,Knautia arvensis,0,Knautia
SH4072,Lactuca serriola,0,Lactuca
SH4072,Lamium album,0,Lamium
SH4072,Lamium galeobdolon,0,Lamium
SH4072,Lamium purpureum,0,Lamium
SH4072,Lapsana communis,0,Lapsana
SH4072,Lathyrus aphaca,0,Lathyrus
SH4072,Lathyrus linifolius,0,Lathyrus
SH4072,Lathyrus pratensis,0,Lathyrus
SH4072,Leontodon hispidus,0,Leontodon
SH4072,Leontodon saxatilis,0,Leontodon
SH4072,Leucanthemum vulgare,0,Leucanthemum
SH4072,Ligusticum scoticum,0,Ligusticum
SH4072,Limonium vulgare,0,Limonium
SH4072,Linaria vulgaris,0,Linaria
SH4072,Linum catharticum,0,Linum
SH4072,Linum usitatissimum,0,Linum
SH4072,Lonicera caprifolium,0,Lonicera
SH4072,Lonicera periclymenum,0,Lonicera
SH4072,Lotus angustissimus,0,Lotus
SH4072,Lotus corniculatus,88,Lotus
SH4072,Lotus pedunculatus,16,Lotus
SH4072,Lotus subbiflorus,0,Lotus
SH4072,Luzula campestris,0,Luzula
SH4072,Lysimachia nemorum,0,Lysimachia
SH4072,Lysimachia punctata,0,Lysimachia
SH4072,Lysimachia vulgaris,0,Lysimachia
SH4072,Lythrum alatum,0,Lythrum
SH4072,Lythrum salicaria,0,Lythrum
SH4072,Malva sylvestris,0,Malva
SH4072,Matricaria chamomilla,0,Matricaria
SH4072,Matricaria discoidea,0,Matricaria
SH4072,Medicago lupulina,0,Medicago
SH4072,Melampyrum pratense,0,Melampyrum
SH4072,Mentha aquatica,8,Mentha
SH4072,Mentha arvensis,0,Mentha
SH4072,Mercurialis perennis,0,Mercurialis
SH4072,Myosotis arvensis,0,Myosotis
SH4072,Myosotis discolor,0,Myosotis
SH4072,Myosotis sylvatica,0,Myosotis
SH4072,Narthecium ossifragum,0,Narthecium
SH4072,Odontites vernus,0,Odontites
SH4072,Oenanthe crocata,83,Oenanthe
SH4072,Origanum vulgare,0,Origanum
SH4072,Ornithopus perpusillus,0,Ornithopus
SH4072,Oxalis acetosella,0,Oxalis
SH4072,Panicum miliaceum,0,Panicum
SH4072,Papaver rhoeas,0,Papaver
SH4072,Pedicularis sylvatica,0,Pedicularis
SH4072,Persicaria amplexicaulis,0,Persicaria
SH4072,Persicaria bistorta,0,Persicaria
SH4072,Persicaria hydropiper,0,Persicaria
SH4072,Persicaria lapathifolia,0,Persicaria
SH4072,Persicaria maculosa,0,Persicaria
SH4072,Peucedanum ostruthium,0,Peucedanum
SH4072,Picris echioides,0,Picris
SH4072,Picris hieracioides,0,Picris
SH4072,Pilosella officinarum,0,Pilosella
SH4072,Pimpinella saxifraga,0,Pimpinella
SH4072,Pinguicula vulgaris,0,Pinguicula
SH4072,Plantago lanceolata,0,Plantago
SH4072,Plantago major,0,Plantago
SH4072,Plantago maritima,0,Plantago
SH4072,Poa annua,0,Poa
SH4072,Polygala serpyllifolia,0,Polygala
SH4072,Polygala vulgaris,0,Polygala
SH4072,Polygonum aviculare,0,Polygonum
SH4072,Potentilla anglica,0,Potentilla
SH4072,Potentilla anserina,27,Potentilla
SH4072,Potentilla erecta,0,Potentilla
SH4072,Potentilla recta,0,Potentilla
SH4072,Potentilla reptans,0,Potentilla
SH4072,Prunella vulgaris,5,Prunella
SH4072,Prunus spinosa,0,Prunus
SH4072,Pulicaria dysenterica,0,Pulicaria
SH4072,Ranunculus acris,19,Ranunculus
SH4072,Ranunculus bulbosus,0,Ranunculus
SH4072,Ranunculus ficaria,0,Ranunculus
SH4072,Ranunculus flammula,0,Ranunculus
SH4072,Ranunculus repens,188,Ranunculus
SH4072,Ranunculus sardous,0,Ranunculus
SH4072,Raphanus raphanistrum,0,Raphanus
SH4072,Raphanus sativus,0,Raphanus
SH4072,Rhinanthus minor,0,Rhinanthus
SH4072,Rosa arvensis,0,Rosa
SH4072,Rosa canina,0,Rosa
SH4072,Rubus caesius,0,Rubus
SH4072,Rubus fruticosus,234,Rubus
SH4072,Rubus idaeus,0,Rubus
SH4072,Rumex acetosa,9,Rumex
SH4072,Rumex acetosella,0,Rumex
SH4072,Rumex crispus,0,Rumex
SH4072,Rumex obtusifolius,65,Rumex
SH4072,Rumex sanguineus,0,Rumex
SH4072,Sagina saginoides,0,Sagina
SH4072,Sambucus nigra,0,Sambucus
SH4072,Sanguisorba officinalis,0,Sanguisorba
SH4072,Scorzoneroides autumnalis,0,Scorzoneroides
SH4072,Scrophularia auriculata,0,Scrophularia
SH4072,Scrophularia nodosa,0,Scrophularia
SH4072,Sedum anglicum,0,Sedum
SH4072,Senecio erucifolius,0,Senecio
SH4072,Senecio jacobaea,0,Senecio
SH4072,Senecio vulgaris,0,Senecio
SH4072,Sherardia arvensis,0,Sherardia
SH4072,Silene dioica,189,Silene
SH4072,Silene latifolia,0,Silene
SH4072,Silybum marianum,0,Silybum
SH4072,Sinapis alba,0,Sinapis
SH4072,Sinapis arvensis,0,Sinapis
SH4072,Sisymbrium officinale,0,Sisymbrium
SH4072,Solanum dulcamara,63,Solanum
SH4072,Solanum nigrum,0,Solanum
SH4072,Solanum tuberosum,0,Solanum
SH4072,Sonchus arvensis,0,Sonchus
SH4072,Sonchus asper,0,Sonchus
SH4072,Sonchus oleraceus,0,Sonchus
SH4072,Sorbus aucuparia,0,Sorbus
SH4072,Spergula arvensis,0,Spergula
SH4072,Spergularia media,0,Spergularia
SH4072,Stachys arvensis,0,Stachys
SH4072,Stachys palustris,0,Stachys
SH4072,Stachys sylvatica,0,Stachys
SH4072,Stellaria alsine,0,Stellaria
SH4072,Stellaria graminea,1723,Stellaria
SH4072,Stellaria holostea,0,Stellaria
SH4072,Stellaria media,0,Stellaria
SH4072,Suaeda maritima,0,Suaeda
SH4072,Succisa pratensis,0,Succisa
SH4072,Symphytum officinale,0,Symphytum
SH4072,Taraxacum agg,0,Taraxacum
SH4072,Taraxacum officinale,0,Taraxacum
SH4072,Teucrium scorodonia,0,Teucrium
SH4072,Thlaspi arvense,0,Thlaspi
SH4072,Thymus polytrichus,0,Thymus
SH4072,Thymus vulgaris,0,Thymus
SH4072,Torilis japonica,0,Torilis
SH4072,Tragopogon pratensis,0,Tragopogon
SH4072,Trientalis europaea,0,Trientalis
SH4072,Trifolium arvense,0,Trifolium
SH4072,Trifolium campestre,0,Trifolium
SH4072,Trifolium constantinopolitanum,0,Trifolium
SH4072,Trifolium dubium,0,Trifolium
SH4072,Trifolium pratense,0,Trifolium
SH4072,Trifolium repens,264,Trifolium
SH4072,Tripleurospermum inodorum,0,Tripleurospermum
SH4072,Tripleurospermum maritimum,0,Tripleurospermum
SH4072,Turgenia latifolia,0,Turgenia
SH4072,Ulex europaeus,1000,Ulex
SH4072,Ulex gallii,0,Ulex
SH4072,Urtica dioica,97,Urtica
SH4072,Vaccinium myrtillus,0,Vaccinium
SH4072,Vaccinium oxycoccos,0,Vaccinium
SH4072,Vaccinium vitis,0,Vaccinium
SH4072,Valeriana dioica,0,Valeriana
SH4072,Valeriana officinalis,0,Valeriana
SH4072,Verbena officinalis,0,Verbena
SH4072,Verbena x,0,Verbena
SH4072,Veronica agrestis,0,Veronica
SH4072,Veronica arvensis,0,Veronica
SH4072,Veronica beccabunga,0,Veronica
SH4072,Veronica chamaedrys,0,Veronica
SH4072,Veronica hederifolia,0,Veronica
SH4072,Veronica montana,0,Veronica
SH4072,Veronica officinalis,0,Veronica
SH4072,Veronica persica,0,Veronica
SH4072,Veronica polita,0,Veronica
SH4072,Veronica serpyllifolia,0,Veronica
SH4072,Vicia benghalensis,0,Vicia
SH4072,Vicia cracca,0,Vicia
SH4072,Vicia faba,0,Vicia
SH4072,Vicia hirsuta,0,Vicia
SH4072,Vicia lutea,0,Vicia
SH4072,Vicia sativa,0,Vicia
SH4072,Vicia sepium,0,Vicia
SH4072,Vicia spp,0,Vicia
SH4072,Vicia tetrasperma,0,Vicia
SH4072,Viola arvensis,0,Viola
SH4072,Viola canina,0,Viola
SH4072,Viola palustris,0,Viola
SH4072,Viola riviniana,0,Viola
SH4072,Zea mays,0,Zea
SH4866,Acer pseudoplatanus,0,Acer
SH4866,Achillea millefolium,0,Achillea
SH4866,Achillea ptarmica,0,Achillea
SH4866,Aegopodium podagraria,0,Aegopodium
SH4866,Aethusa cynapium,0,Aethusa
SH4866,Ajuga reptans,0,Ajuga
SH4866,Alliaria petiolata,0,Alliaria
SH4866,Alnus glutinosa,0,Alnus
SH4866,Anagallis arvensis,0,Anagallis
SH4866,Anchusa arvensis,0,Anchusa
SH4866,Anemone nemorosa,0,Anemone
SH4866,Angelica sylvestris,0,Angelica
SH4866,Anthemis cotula,0,Anthemis
SH4866,Anthriscus caucalis,0,Anthriscus
SH4866,Anthriscus sylvestris,0,Anthriscus
SH4866,Apium nodiflorum,0,Apium
SH4866,Armeria maritima,0,Armeria
SH4866,Artemisia absinthium,0,Artemisia
SH4866,Artemisia annua,0,Artemisia
SH4866,Artemisia vulgaris,0,Artemisia
SH4866,Aster tripolium,0,Aster
SH4866,Atriplex patula,0,Atriplex
SH4866,Atriplex portulacoides,0,Atriplex
SH4866,Ballota nigra,0,Ballota
SH4866,Barbarea vulgaris,0,Barbarea
SH4866,Bellis perennis,0,Bellis
SH4866,Berula erecta,0,Berula
SH4866,Brassica napus,0,Brassica
SH4866,Brassica oleracea,0,Brassica
SH4866,Brassica rapa,0,Brassica
SH4866,Bryonia dioica,0,Bryonia
SH4866,Buddleja davidii,0,Buddleja
SH4866,Bupleurum tenuissimum,0,Bupleurum
SH4866,Calluna vulgaris,0,Calluna
SH4866,Caltha palustris,0,Caltha
SH4866,Calystegia sepium,0,Calystegia
SH4866,Campanula rotundifolia,0,Campanula
SH4866,Capsella bursa,0,Capsella
SH4866,Cardamine flexuosa,0,Cardamine
SH4866,Cardamine hirsuta,0,Cardamine
SH4866,Cardamine pratensis,0,Cardamine
SH4866,Carduus nutans,0,Carduus
SH4866,Carum verticillatum,0,Carum
SH4866,Centaurea cyanus,0,Centaurea
SH4866,Centaurea nigra,0,Centaurea
SH4866,Centaurea scabiosa,0,Centaurea
SH4866,Centaurium erythraea,0,Centaurium
SH4866,Cerastium arvense,20,Cerastium
SH4866,Cerastium fontanum,114,Cerastium
SH4866,Cerastium glomeratum,0,Cerastium
SH4866,Ceratocapnos claviculata,0,Ceratocapnos
SH4866,Chaerophyllum temulum,0,Chaerophyllum
SH4866,Chamaemelum nobile,0,Chamaemelum
SH4866,Chamerion angustifolium,4,Chamerion
SH4866,Chenopodium album,0,Chenopodium
SH4866,Chenopodium ficifolium,0,Chenopodium
SH4866,Chenopodium quinoa,0,Chenopodium
SH4866,Cichorium intybus,0,Cichorium
SH4866,Circaea lutetiana,0,Circaea
SH4866,Cirsium arvense,2,Cirsium
SH4866,Cirsium eriophorum,0,Cirsium
SH4866,Cirsium palustre,0,Cirsium
SH4866,Cirsium vulgare,6,Cirsium
SH4866,Clematis vitalba,0,Clematis
SH4866,Clinopodium vulgare,0,Clinopodium
SH4866,Conium maculatum,0,Conium
SH4866,Conopodium majus,0,Conopodium
SH4866,Convolvulus arvensis,0,Convolvulus
SH4866,Conyza canadensis,0,Conyza
SH4866,Cotoneaster salicifolius,0,Cotoneaster
SH4866,Crataegus monogyna,0,Crataegus
SH4866,Crepis capillaris,4,Crepis
SH4866,Crepis vesicaria,0,Crepis
SH4866,Cruciata laevipes,0,Cruciata
SH4866,Cytisus scoparius,0,Cytisus
SH4866,Dactylorhiza fuchsii,0,Dactylorhiza
SH4866,Dactylorhiza maculata,0,Dactylorhiza
SH4866,Daucus carota,0,Daucus
SH4866,Digitalis ferruginea,0,Digitalis
SH4866,Digitalis grandiflora,0,Digitalis
SH4866,Digitalis purpurea,0,Digitalis
SH4866,Dioscorea communis,20,Dioscorea
SH4866,Doronicum plantagineum,0,Doronicum
SH4866,Drosera anglica,0,Drosera
SH4866,Drosera rotundifolia,0,Drosera
SH4866,Dryas octopetala,0,Dryas
SH4866,Epilobium hirsutum,68,Epilobium
SH4866,Epilobium montanum,0,Epilobium
SH4866,Epilobium obscurum,0,Epilobium
SH4866,Epilobium palustre,0,Epilobium
SH4866,Epilobium parviflorum,0,Epilobium
SH4866,Epilobium roseum,0,Epilobium
SH4866,Epilobium tetragonum,0,Epilobium
SH4866,Erica cinerea,0,Erica
SH4866,Erica tetralix,0,Erica
SH4866,Eriophorum vaginatum,0,Eriophorum
SH4866,Eupatorium cannabinum,1,Eupatorium
SH4866,Euphorbia exigua,0,Euphorbia
SH4866,Euphorbia helioscopia,0,Euphorbia
SH4866,Euphrasia officinalis,0,Euphrasia
SH4866,Fagopyrum esculentum,0,Fagopyrum
SH4866,Fallopia convolvulus,0,Fallopia
SH4866,Filipendula ulmaria,0,Filipendula
SH4866,Fumaria officinalis,0,Fumaria
SH4866,Galeopsis speciosa,0,Galeopsis
SH4866,Galeopsis tetrahit,0,Galeopsis
SH4866,Galium aparine,12,Galium
SH4866,Galium mollugo,0,Galium
SH4866,Galium odoratum,0,Galium
SH4866,Galium palustre,0,Galium
SH4866,Galium saxatile,0,Galium
SH4866,Galium verum,0,Galium
SH4866,Genista anglica,0,Genista
SH4866,Geranium dissectum,0,Geranium
SH4866,Geranium molle,0,Geranium
SH4866,Geranium nodosum,0,Geranium
SH4866,Geranium pratense,0,Geranium
SH4866,Geranium pyrenaicum,15,Geranium
SH4866,Geranium robertianum,39,Geranium
SH4866,Geum urbanum,0,Geum
SH4866,Glechoma hederacea,0,Glechoma
SH4866,Hedera helix,0,Hedera
SH4866,Helianthus annuus,0,Helianthus
SH4866,Heracleum mantegazzianum,0,Heracleum
SH4866,Heracleum sphondylium,144,Heracleum
SH4866,Hippocrepis comosa,0,Hippocrepis
SH4866,Hordeum vulgare,0,Hordeum
SH4866,Hyacinthoides non,0,Hyacinthoides
SH4866,Hypericum forrestii,0,Hypericum
SH4866,Hypericum perforatum,0,Hypericum
SH4866,Hypericum pulchrum,0,Hypericum
SH4866,Hypericum tetrapterum,0,Hypericum
SH4866,Hypochaeris radicata,0,Hypochaeris
SH4866,Ilex aquifolium,0,Ilex
SH4866,Impatiens glandulifera,0,Impatiens
SH4866,Impatiens parviflora,0,Impatiens
SH4866,Iris pseudacorus,0,Iris
SH4866,Jacobaea erucifolia,0,Jacobaea
SH4866,Jacobaea vulgaris,0,Jacobaea
SH4866,Jasione montana,0,Jasione
SH4866,Juncus conglomeratus,0,Juncus
SH4866,Juncus effusus,0,Juncus
SH4866,Knautia arvensis,0,Knautia
SH4866,Lactuca serriola,0,Lactuca
SH4866,Lamium album,0,Lamium
SH4866,Lamium galeobdolon,0,Lamium
SH4866,Lamium purpureum,0,Lamium
SH4866,Lapsana communis,2,Lapsana
SH4866,Lathyrus aphaca,0,Lathyrus
SH4866,Lathyrus linifolius,0,Lathyrus
SH4866,Lathyrus pratensis,0,Lathyrus
SH4866,Leontodon hispidus,0,Leontodon
SH4866,Leontodon saxatilis,0,Leontodon
SH4866,Leucanthemum vulgare,120,Leucanthemum
SH4866,Ligusticum scoticum,0,Ligusticum
SH4866,Limonium vulgare,0,Limonium
SH4866,Linaria vulgaris,0,Linaria
SH4866,Linum catharticum,0,Linum
SH4866,Linum usitatissimum,0,Linum
SH4866,Lonicera caprifolium,0,Lonicera
SH4866,Lonicera periclymenum,0,Lonicera
SH4866,Lotus angustissimus,0,Lotus
SH4866,Lotus corniculatus,0,Lotus
SH4866,Lotus pedunculatus,0,Lotus
SH4866,Lotus subbiflorus,0,Lotus
SH4866,Luzula campestris,0,Luzula
SH4866,Lysimachia nemorum,0,Lysimachia
SH4866,Lysimachia punctata,0,Lysimachia
SH4866,Lysimachia vulgaris,0,Lysimachia
SH4866,Lythrum alatum,0,Lythrum
SH4866,Lythrum salicaria,0,Lythrum
SH4866,Malva sylvestris,0,Malva
SH4866,Matricaria chamomilla,0,Matricaria
SH4866,Matricaria discoidea,0,Matricaria
SH4866,Medicago lupulina,0,Medicago
SH4866,Melampyrum pratense,0,Melampyrum
SH4866,Mentha aquatica,39,Mentha
SH4866,Mentha arvensis,0,Mentha
SH4866,Mercurialis perennis,0,Mercurialis
SH4866,Myosotis arvensis,0,Myosotis
SH4866,Myosotis discolor,0,Myosotis
SH4866,Myosotis sylvatica,0,Myosotis
SH4866,Narthecium ossifragum,0,Narthecium
SH4866,Odontites vernus,0,Odontites
SH4866,Oenanthe crocata,0,Oenanthe
SH4866,Origanum vulgare,0,Origanum
SH4866,Ornithopus perpusillus,0,Ornithopus
SH4866,Oxalis acetosella,0,Oxalis
SH4866,Panicum miliaceum,0,Panicum
SH4866,Papaver rhoeas,0,Papaver
SH4866,Pedicularis sylvatica,0,Pedicularis
SH4866,Persicaria amplexicaulis,0,Persicaria
SH4866,Persicaria bistorta,0,Persicaria
SH4866,Persicaria hydropiper,0,Persicaria
SH4866,Persicaria lapathifolia,0,Persicaria
SH4866,Persicaria maculosa,0,Persicaria
SH4866,Peucedanum ostruthium,0,Peucedanum
SH4866,Picris echioides,0,Picris
SH4866,Picris hieracioides,0,Picris
SH4866,Pilosella officinarum,0,Pilosella
SH4866,Pimpinella saxifraga,0,Pimpinella
SH4866,Pinguicula vulgaris,0,Pinguicula
SH4866,Plantago lanceolata,297,Plantago
SH4866,Plantago major,0,Plantago
SH4866,Plantago maritima,0,Plantago
SH4866,Poa annua,0,Poa
SH4866,Polygala serpyllifolia,0,Polygala
SH4866,Polygala vulgaris,0,Polygala
SH4866,Polygonum aviculare,0,Polygonum
SH4866,Potentilla anglica,0,Potentilla
SH4866,Potentilla anserina,0,Potentilla
SH4866,Potentilla erecta,0,Potentilla
SH4866,Potentilla recta,0,Potentilla
SH4866,Potentilla reptans,0,Potentilla
SH4866,Prunella vulgaris,0,Prunella
SH4866,Prunus spinosa,0,Prunus
SH4866,Pulicaria dysenterica,0,Pulicaria
SH4866,Ranunculus acris,0,Ranunculus
SH4866,Ranunculus bulbosus,0,Ranunculus
SH4866,Ranunculus ficaria,0,Ranunculus
SH4866,Ranunculus flammula,0,Ranunculus
SH4866,Ranunculus repens,167,Ranunculus
SH4866,Ranunculus sardous,0,Ranunculus
SH4866,Raphanus raphanistrum,0,Raphanus
SH4866,Raphanus sativus,0,Raphanus
SH4866,Rhinanthus minor,0,Rhinanthus
SH4866,Rosa arvensis,0,Rosa
SH4866,Rosa canina,0,Rosa
SH4866,Rubus caesius,0,Rubus
SH4866,Rubus fruticosus,58,Rubus
SH4866,Rubus idaeus,0,Rubus
SH4866,Rumex acetosa,0,Rumex
SH4866,Rumex acetosella,0,Rumex
SH4866,Rumex crispus,0,Rumex
SH4866,Rumex obtusifolius,0,Rumex
SH4866,Rumex sanguineus,0,Rumex
SH4866,Sagina saginoides,0,Sagina
SH4866,Sambucus nigra,0,Sambucus
SH4866,Sanguisorba officinalis,0,Sanguisorba
SH4866,Scorzoneroides autumnalis,0,Scorzoneroides
SH4866,Scrophularia auriculata,0,Scrophularia
SH4866,Scrophularia nodosa,0,Scrophularia
SH4866,Sedum anglicum,0,Sedum
SH4866,Senecio erucifolius,0,Senecio
SH4866,Senecio jacobaea,0,Senecio
SH4866,Senecio vulgaris,0,Senecio
SH4866,Sherardia arvensis,0,Sherardia
SH4866,Silene dioica,153,Silene
SH4866,Silene latifolia,0,Silene
SH4866,Silybum marianum,0,Silybum
SH4866,Sinapis alba,0,Sinapis
SH4866,Sinapis arvensis,0,Sinapis
SH4866,Sisymbrium officinale,165,Sisymbrium
SH4866,Solanum dulcamara,0,Solanum
SH4866,Solanum nigrum,0,Solanum
SH4866,Solanum tuberosum,0,Solanum
SH4866,Sonchus arvensis,0,Sonchus
SH4866,Sonchus asper,0,Sonchus
SH4866,Sonchus oleraceus,5,Sonchus
SH4866,Sorbus aucuparia,0,Sorbus
SH4866,Spergula arvensis,0,Spergula
SH4866,Spergularia media,0,Spergularia
SH4866,Stachys arvensis,0,Stachys
SH4866,Stachys palustris,4,Stachys
SH4866,Stachys sylvatica,4,Stachys
SH4866,Stellaria alsine,0,Stellaria
SH4866,Stellaria graminea,0,Stellaria
SH4866,Stellaria holostea,0,Stellaria
SH4866,Stellaria media,0,Stellaria
SH4866,Suaeda maritima,0,Suaeda
SH4866,Succisa pratensis,0,Succisa
SH4866,Symphytum officinale,0,Symphytum
SH4866,Taraxacum agg,5,Taraxacum
SH4866,Taraxacum officinale,1,Taraxacum
SH4866,Teucrium scorodonia,0,Teucrium
SH4866,Thlaspi arvense,0,Thlaspi
SH4866,Thymus polytrichus,0,Thymus
SH4866,Thymus vulgaris,0,Thymus
SH4866,Torilis japonica,0,Torilis
SH4866,Tragopogon pratensis,0,Tragopogon
SH4866,Trientalis europaea,0,Trientalis
SH4866,Trifolium arvense,0,Trifolium
SH4866,Trifolium campestre,0,Trifolium
SH4866,Trifolium constantinopolitanum,0,Trifolium
SH4866,Trifolium dubium,0,Trifolium
SH4866,Trifolium pratense,0,Trifolium
SH4866,Trifolium repens,79,Trifolium
SH4866,Tripleurospermum inodorum,0,Tripleurospermum
SH4866,Tripleurospermum maritimum,0,Tripleurospermum
SH4866,Turgenia latifolia,0,Turgenia
SH4866,Ulex europaeus,0,Ulex
SH4866,Ulex gallii,0,Ulex
SH4866,Urtica dioica,16,Urtica
SH4866,Vaccinium myrtillus,0,Vaccinium
SH4866,Vaccinium oxycoccos,0,Vaccinium
SH4866,Vaccinium vitis,0,Vaccinium
SH4866,Valeriana dioica,0,Valeriana
SH4866,Valeriana officinalis,0,Valeriana
SH4866,Verbena officinalis,0,Verbena
SH4866,Verbena x,0,Verbena
SH4866,Veronica agrestis,0,Veronica
SH4866,Veronica arvensis,0,Veronica
SH4866,Veronica beccabunga,0,Veronica
SH4866,Veronica chamaedrys,20,Veronica
SH4866,Veronica hederifolia,0,Veronica
SH4866,Veronica montana,0,Veronica
SH4866,Veronica officinalis,0,Veronica
SH4866,Veronica persica,0,Veronica
SH4866,Veronica polita,0,Veronica
SH4866,Veronica serpyllifolia,0,Veronica
SH4866,Vicia benghalensis,0,Vicia
SH4866,Vicia cracca,0,Vicia
SH4866,Vicia faba,0,Vicia
SH4866,Vicia hirsuta,0,Vicia
SH4866,Vicia lutea,0,Vicia
SH4866,Vicia sativa,0,Vicia
SH4866,Vicia sepium,0,Vicia
SH4866,Vicia spp,0,Vicia
SH4866,Vicia tetrasperma,0,Vicia
SH4866,Viola arvensis,0,Viola
SH4866,Viola canina,0,Viola
SH4866,Viola palustris,0,Viola
SH4866,Viola riviniana,0,Viola
SH4866,Zea mays,0,Zea
SH5924,Acer pseudoplatanus,0,Acer
SH5924,Achillea millefolium,106,Achillea
SH5924,Achillea ptarmica,0,Achillea
SH5924,Aegopodium podagraria,0,Aegopodium
SH5924,Aethusa cynapium,0,Aethusa
SH5924,Ajuga reptans,0,Ajuga
SH5924,Alliaria petiolata,0,Alliaria
SH5924,Alnus glutinosa,0,Alnus
SH5924,Anagallis arvensis,0,Anagallis
SH5924,Anchusa arvensis,0,Anchusa
SH5924,Anemone nemorosa,0,Anemone
SH5924,Angelica sylvestris,0,Angelica
SH5924,Anthemis cotula,0,Anthemis
SH5924,Anthriscus caucalis,0,Anthriscus
SH5924,Anthriscus sylvestris,0,Anthriscus
SH5924,Apium nodiflorum,0,Apium
SH5924,Armeria maritima,0,Armeria
SH5924,Artemisia absinthium,0,Artemisia
SH5924,Artemisia annua,0,Artemisia
SH5924,Artemisia vulgaris,0,Artemisia
SH5924,Aster tripolium,0,Aster
SH5924,Atriplex patula,0,Atriplex
SH5924,Atriplex portulacoides,0,Atriplex
SH5924,Ballota nigra,0,Ballota
SH5924,Barbarea vulgaris,0,Barbarea
SH5924,Bellis perennis,190,Bellis
SH5924,Berula erecta,0,Berula
SH5924,Brassica napus,0,Brassica
SH5924,Brassica oleracea,0,Brassica
SH5924,Brassica rapa,0,Brassica
SH5924,Bryonia dioica,0,Bryonia
SH5924,Buddleja davidii,0,Buddleja
SH5924,Bupleurum tenuissimum,0,Bupleurum
SH5924,Calluna vulgaris,0,Calluna
SH5924,Caltha palustris,0,Caltha
SH5924,Calystegia sepium,0,Calystegia
SH5924,Campanula rotundifolia,0,Campanula
SH5924,Capsella bursa,13,Capsella
SH5924,Cardamine flexuosa,0,Cardamine
SH5924,Cardamine hirsuta,0,Cardamine
SH5924,Cardamine pratensis,3,Cardamine
SH5924,Carduus nutans,0,Carduus
SH5924,Carum verticillatum,0,Carum
SH5924,Centaurea cyanus,0,Centaurea
SH5924,Centaurea nigra,0,Centaurea
SH5924,Centaurea scabiosa,0,Centaurea
SH5924,Centaurium erythraea,0,Centaurium
SH5924,Cerastium arvense,0,Cerastium
SH5924,Cerastium fontanum,430,Cerastium
SH5924,Cerastium glomeratum,0,Cerastium
SH5924,Ceratocapnos claviculata,0,Ceratocapnos
SH5924,Chaerophyllum temulum,0,Chaerophyllum
SH5924,Chamaemelum nobile,0,Chamaemelum
SH5924,Chamerion angustifolium,0,Chamerion
SH5924,Chenopodium album,0,Chenopodium
SH5924,Chenopodium ficifolium,0,Chenopodium
SH5924,Chenopodium quinoa,0,Chenopodium
SH5924,Cichorium intybus,0,Cichorium
SH5924,Circaea lutetiana,0,Circaea
SH5924,Cirsium arvense,9,Cirsium
SH5924,Cirsium eriophorum,0,Cirsium
SH5924,Cirsium palustre,26,Cirsium
SH5924,Cirsium vulgare,0,Cirsium
SH5924,Clematis vitalba,0,Clematis
SH5924,Clinopodium vulgare,0,Clinopodium
SH5924,Conium maculatum,0,Conium
SH5924,Conopodium majus,163,Conopodium
SH5924,Convolvulus arvensis,0,Convolvulus
SH5924,Conyza canadensis,0,Conyza
SH5924,Cotoneaster salicifolius,0,Cotoneaster
SH5924,Crataegus monogyna,0,Crataegus
SH5924,Crepis capillaris,566,Crepis
SH5924,Crepis vesicaria,0,Crepis
SH5924,Cruciata laevipes,0,Cruciata
SH5924,Cytisus scoparius,0,Cytisus
SH5924,Dactylorhiza fuchsii,0,Dactylorhiza
SH5924,Dactylorhiza maculata,0,Dactylorhiza
SH5924,Daucus carota,0,Daucus
SH5924,Digitalis ferruginea,0,Digitalis
SH5924,Digitalis grandiflora,0,Digitalis
SH5924,Digitalis purpurea,0,Digitalis
SH5924,Dioscorea communis,0,Dioscorea
SH5924,Doronicum plantagineum,0,Doronicum
SH5924,Drosera anglica,0,Drosera
SH5924,Drosera rotundifolia,0,Drosera
SH5924,Dryas octopetala,0,Dryas
SH5924,Epilobium hirsutum,0,Epilobium
SH5924,Epilobium montanum,0,Epilobium
SH5924,Epilobium obscurum,0,Epilobium
SH5924,Epilobium palustre,0,Epilobium
SH5924,Epilobium parviflorum,0,Epilobium
SH5924,Epilobium roseum,0,Epilobium
SH5924,Epilobium tetragonum,0,Epilobium
SH5924,Erica cinerea,0,Erica
SH5924,Erica tetralix,0,Erica
SH5924,Eriophorum vaginatum,0,Eriophorum
SH5924,Eupatorium cannabinum,0,Eupatorium
SH5924,Euphorbia exigua,0,Euphorbia
SH5924,Euphorbia helioscopia,0,Euphorbia
SH5924,Euphrasia officinalis,0,Euphrasia
SH5924,Fagopyrum esculentum,0,Fagopyrum
SH5924,Fallopia convolvulus,0,Fallopia
SH5924,Filipendula ulmaria,0,Filipendula
SH5924,Fumaria officinalis,0,Fumaria
SH5924,Galeopsis speciosa,0,Galeopsis
SH5924,Galeopsis tetrahit,0,Galeopsis
SH5924,Galium aparine,0,Galium
SH5924,Galium mollugo,0,Galium
SH5924,Galium odoratum,0,Galium
SH5924,Galium palustre,0,Galium
SH5924,Galium saxatile,3,Galium
SH5924,Galium verum,0,Galium
SH5924,Genista anglica,0,Genista
SH5924,Geranium dissectum,0,Geranium
SH5924,Geranium molle,0,Geranium
SH5924,Geranium nodosum,0,Geranium
SH5924,Geranium pratense,0,Geranium
SH5924,Geranium pyrenaicum,0,Geranium
SH5924,Geranium robertianum,0,Geranium
SH5924,Geum urbanum,0,Geum
SH5924,Glechoma hederacea,0,Glechoma
SH5924,Hedera helix,150,Hedera
SH5924,Helianthus annuus,0,Helianthus
SH5924,Heracleum mantegazzianum,0,Heracleum
SH5924,Heracleum sphondylium,0,Heracleum
SH5924,Hippocrepis comosa,0,Hippocrepis
SH5924,Hordeum vulgare,0,Hordeum
SH5924,Hyacinthoides non,0,Hyacinthoides
SH5924,Hypericum forrestii,0,Hypericum
SH5924,Hypericum perforatum,0,Hypericum
SH5924,Hypericum pulchrum,0,Hypericum
SH5924,Hypericum tetrapterum,0,Hypericum
SH5924,Hypochaeris radicata,0,Hypochaeris
SH5924,Ilex aquifolium,0,Ilex
SH5924,Impatiens glandulifera,0,Impatiens
SH5924,Impatiens parviflora,0,Impatiens
SH5924,Iris pseudacorus,0,Iris
SH5924,Jacobaea erucifolia,0,Jacobaea
SH5924,Jacobaea vulgaris,0,Jacobaea
SH5924,Jasione montana,0,Jasione
SH5924,Juncus conglomeratus,0,Juncus
SH5924,Juncus effusus,0,Juncus
SH5924,Knautia arvensis,0,Knautia
SH5924,Lactuca serriola,0,Lactuca
SH5924,Lamium album,0,Lamium
SH5924,Lamium galeobdolon,0,Lamium
SH5924,Lamium purpureum,0,Lamium
SH5924,Lapsana communis,0,Lapsana
SH5924,Lathyrus aphaca,0,Lathyrus
SH5924,Lathyrus linifolius,0,Lathyrus
SH5924,Lathyrus pratensis,0,Lathyrus
SH5924,Leontodon hispidus,0,Leontodon
SH5924,Leontodon saxatilis,0,Leontodon
SH5924,Leucanthemum vulgare,0,Leucanthemum
SH5924,Ligusticum scoticum,0,Ligusticum
SH5924,Limonium vulgare,0,Limonium
SH5924,Linaria vulgaris,0,Linaria
SH5924,Linum catharticum,0,Linum
SH5924,Linum usitatissimum,0,Linum
SH5924,Lonicera caprifolium,0,Lonicera
SH5924,Lonicera periclymenum,0,Lonicera
SH5924,Lotus angustissimus,0,Lotus
SH5924,Lotus corniculatus,16,Lotus
SH5924,Lotus pedunculatus,0,Lotus
SH5924,Lotus subbiflorus,0,Lotus
SH5924,Luzula campestris,0,Luzula
SH5924,Lysimachia nemorum,0,Lysimachia
SH5924,Lysimachia punctata,0,Lysimachia
SH5924,Lysimachia vulgaris,0,Lysimachia
SH5924,Lythrum alatum,0,Lythrum
SH5924,Lythrum salicaria,0,Lythrum
SH5924,Malva sylvestris,0,Malva
SH5924,Matricaria chamomilla,0,Matricaria
SH5924,Matricaria discoidea,0,Matricaria
SH5924,Medicago lupulina,235,Medicago
SH5924,Melampyrum pratense,0,Melampyrum
SH5924,Mentha aquatica,0,Mentha
SH5924,Mentha arvensis,0,Mentha
SH5924,Mercurialis perennis,0,Mercurialis
SH5924,Myosotis arvensis,0,Myosotis
SH5924,Myosotis discolor,0,Myosotis
SH5924,Myosotis sylvatica,0,Myosotis
SH5924,Narthecium ossifragum,0,Narthecium
SH5924,Odontites vernus,0,Odontites
SH5924,Oenanthe crocata,0,Oenanthe
SH5924,Origanum vulgare,0,Origanum
SH5924,Ornithopus perpusillus,0,Ornithopus
SH5924,Oxalis acetosella,0,Oxalis
SH5924,Panicum miliaceum,0,Panicum
SH5924,Papaver rhoeas,0,Papaver
SH5924,Pedicularis sylvatica,0,Pedicularis
SH5924,Persicaria amplexicaulis,0,Persicaria
SH5924,Persicaria bistorta,0,Persicaria
SH5924,Persicaria hydropiper,0,Persicaria
SH5924,Persicaria lapathifolia,0,Persicaria
SH5924,Persicaria maculosa,0,Persicaria
SH5924,Peucedanum ostruthium,0,Peucedanum
SH5924,Picris echioides,0,Picris
SH5924,Picris hieracioides,0,Picris
SH5924,Pilosella officinarum,0,Pilosella
SH5924,Pimpinella saxifraga,0,Pimpinella
SH5924,Pinguicula vulgaris,0,Pinguicula
SH5924,Plantago lanceolata,6.5,Plantago
SH5924,Plantago major,0,Plantago
SH5924,Plantago maritima,0,Plantago
SH5924,Poa annua,0,Poa
SH5924,Polygala serpyllifolia,0,Polygala
SH5924,Polygala vulgaris,0,Polygala
SH5924,Polygonum aviculare,0,Polygonum
SH5924,Potentilla anglica,0,Potentilla
SH5924,Potentilla anserina,0,Potentilla
SH5924,Potentilla erecta,0,Potentilla
SH5924,Potentilla recta,0,Potentilla
SH5924,Potentilla reptans,0,Potentilla
SH5924,Prunella vulgaris,52,Prunella
SH5924,Prunus spinosa,0,Prunus
SH5924,Pulicaria dysenterica,0,Pulicaria
SH5924,Ranunculus acris,0,Ranunculus
SH5924,Ranunculus bulbosus,20,Ranunculus
SH5924,Ranunculus ficaria,0,Ranunculus
SH5924,Ranunculus flammula,0,Ranunculus
SH5924,Ranunculus repens,961,Ranunculus
SH5924,Ranunculus sardous,0,Ranunculus
SH5924,Raphanus raphanistrum,0,Raphanus
SH5924,Raphanus sativus,0,Raphanus
SH5924,Rhinanthus minor,0,Rhinanthus
SH5924,Rosa arvensis,0,Rosa
SH5924,Rosa canina,0,Rosa
SH5924,Rubus caesius,0,Rubus
SH5924,Rubus fruticosus,0,Rubus
SH5924,Rubus idaeus,0,Rubus
SH5924,Rumex acetosa,0,Rumex
SH5924,Rumex acetosella,0,Rumex
SH5924,Rumex crispus,0,Rumex
SH5924,Rumex obtusifolius,0,Rumex
SH5924,Rumex sanguineus,0,Rumex
SH5924,Sagina saginoides,0,Sagina
SH5924,Sambucus nigra,0,Sambucus
SH5924,Sanguisorba officinalis,0,Sanguisorba
SH5924,Scorzoneroides autumnalis,6,Scorzoneroides
SH5924,Scrophularia auriculata,0,Scrophularia
SH5924,Scrophularia nodosa,0,Scrophularia
SH5924,Sedum anglicum,0,Sedum
SH5924,Senecio erucifolius,0,Senecio
SH5924,Senecio jacobaea,0,Senecio
SH5924,Senecio vulgaris,0,Senecio
SH5924,Sherardia arvensis,0,Sherardia
SH5924,Silene dioica,0,Silene
SH5924,Silene latifolia,0,Silene
SH5924,Silybum marianum,0,Silybum
SH5924,Sinapis alba,0,Sinapis
SH5924,Sinapis arvensis,0,Sinapis
SH5924,Sisymbrium officinale,0,Sisymbrium
SH5924,Solanum dulcamara,0,Solanum
SH5924,Solanum nigrum,0,Solanum
SH5924,Solanum tuberosum,0,Solanum
SH5924,Sonchus arvensis,0,Sonchus
SH5924,Sonchus asper,0,Sonchus
SH5924,Sonchus oleraceus,0,Sonchus
SH5924,Sorbus aucuparia,0,Sorbus
SH5924,Spergula arvensis,13,Spergula
SH5924,Spergularia media,0,Spergularia
SH5924,Stachys arvensis,0,Stachys
SH5924,Stachys palustris,0,Stachys
SH5924,Stachys sylvatica,0,Stachys
SH5924,Stellaria alsine,0,Stellaria
SH5924,Stellaria graminea,125,Stellaria
SH5924,Stellaria holostea,0,Stellaria
SH5924,Stellaria media,0,Stellaria
SH5924,Suaeda maritima,0,Suaeda
SH5924,Succisa pratensis,0,Succisa
SH5924,Symphytum officinale,0,Symphytum
SH5924,Taraxacum agg,0,Taraxacum
SH5924,Taraxacum officinale,0,Taraxacum
SH5924,Teucrium scorodonia,0,Teucrium
SH5924,Thlaspi arvense,0,Thlaspi
SH5924,Thymus polytrichus,0,Thymus
SH5924,Thymus vulgaris,0,Thymus
SH5924,Torilis japonica,0,Torilis
SH5924,Tragopogon pratensis,0,Tragopogon
SH5924,Trientalis europaea,0,Trientalis
SH5924,Trifolium arvense,0,Trifolium
SH5924,Trifolium campestre,0,Trifolium
SH5924,Trifolium constantinopolitanum,0,Trifolium
SH5924,Trifolium dubium,242,Trifolium
SH5924,Trifolium pratense,11,Trifolium
SH5924,Trifolium repens,889,Trifolium
SH5924,Tripleurospermum inodorum,0,Tripleurospermum
SH5924,Tripleurospermum maritimum,0,Tripleurospermum
SH5924,Turgenia latifolia,0,Turgenia
SH5924,Ulex europaeus,0,Ulex
SH5924,Ulex gallii,0,Ulex
SH5924,Urtica dioica,0,Urtica
SH5924,Vaccinium myrtillus,0,Vaccinium
SH5924,Vaccinium oxycoccos,0,Vaccinium
SH5924,Vaccinium vitis,0,Vaccinium
SH5924,Valeriana dioica,0,Valeriana
SH5924,Valeriana officinalis,0,Valeriana
SH5924,Verbena officinalis,0,Verbena
SH5924,Verbena x,0,Verbena
SH5924,Veronica agrestis,0,Veronica
SH5924,Veronica arvensis,0,Veronica
SH5924,Veronica beccabunga,0,Veronica
SH5924,Veronica chamaedrys,0,Veronica
SH5924,Veronica hederifolia,0,Veronica
SH5924,Veronica montana,0,Veronica
SH5924,Veronica officinalis,0,Veronica
SH5924,Veronica persica,0,Veronica
SH5924,Veronica polita,0,Veronica
SH5924,Veronica serpyllifolia,67,Veronica
SH5924,Vicia benghalensis,0,Vicia
SH5924,Vicia cracca,0,Vicia
SH5924,Vicia faba,0,Vicia
SH5924,Vicia hirsuta,0,Vicia
SH5924,Vicia lutea,0,Vicia
SH5924,Vicia sativa,0,Vicia
SH5924,Vicia sepium,0,Vicia
SH5924,Vicia spp,0,Vicia
SH5924,Vicia tetrasperma,0,Vicia
SH5924,Viola arvensis,0,Viola
SH5924,Viola canina,0,Viola
SH5924,Viola palustris,0,Viola
SH5924,Viola riviniana,0,Viola
SH5924,Zea mays,0,Zea
SH7038,Acer pseudoplatanus,0,Acer
SH7038,Achillea millefolium,4,Achillea
SH7038,Achillea ptarmica,0,Achillea
SH7038,Aegopodium podagraria,0,Aegopodium
SH7038,Aethusa cynapium,0,Aethusa
SH7038,Ajuga reptans,0,Ajuga
SH7038,Alliaria petiolata,0,Alliaria
SH7038,Alnus glutinosa,0,Alnus
SH7038,Anagallis arvensis,0,Anagallis
SH7038,Anchusa arvensis,0,Anchusa
SH7038,Anemone nemorosa,0,Anemone
SH7038,Angelica sylvestris,0,Angelica
SH7038,Anthemis cotula,0,Anthemis
SH7038,Anthriscus caucalis,0,Anthriscus
SH7038,Anthriscus sylvestris,0,Anthriscus
SH7038,Apium nodiflorum,0,Apium
SH7038,Armeria maritima,0,Armeria
SH7038,Artemisia absinthium,0,Artemisia
SH7038,Artemisia annua,0,Artemisia
SH7038,Artemisia vulgaris,0,Artemisia
SH7038,Aster tripolium,0,Aster
SH7038,Atriplex patula,0,Atriplex
SH7038,Atriplex portulacoides,0,Atriplex
SH7038,Ballota nigra,0,Ballota
SH7038,Barbarea vulgaris,0,Barbarea
SH7038,Bellis perennis,0,Bellis
SH7038,Berula erecta,0,Berula
SH7038,Brassica napus,0,Brassica
SH7038,Brassica oleracea,0,Brassica
SH7038,Brassica rapa,0,Brassica
SH7038,Bryonia dioica,0,Bryonia
SH7038,Buddleja davidii,0,Buddleja
SH7038,Bupleurum tenuissimum,0,Bupleurum
SH7038,Calluna vulgaris,0,Calluna
SH7038,Caltha palustris,0,Caltha
SH7038,Calystegia sepium,0,Calystegia
SH7038,Campanula rotundifolia,0,Campanula
SH7038,Capsella bursa,0,Capsella
SH7038,Cardamine flexuosa,0,Cardamine
SH7038,Cardamine hirsuta,0,Cardamine
SH7038,Cardamine pratensis,0,Cardamine
SH7038,Carduus nutans,0,Carduus
SH7038,Carum verticillatum,0,Carum
SH7038,Centaurea cyanus,0,Centaurea
SH7038,Centaurea nigra,0,Centaurea
SH7038,Centaurea scabiosa,0,Centaurea
SH7038,Centaurium erythraea,0,Centaurium
SH7038,Cerastium arvense,0,Cerastium
SH7038,Cerastium fontanum,972,Cerastium
SH7038,Cerastium glomeratum,0,Cerastium
SH7038,Ceratocapnos claviculata,0,Ceratocapnos
SH7038,Chaerophyllum temulum,0,Chaerophyllum
SH7038,Chamaemelum nobile,0,Chamaemelum
SH7038,Chamerion angustifolium,0,Chamerion
SH7038,Chenopodium album,0,Chenopodium
SH7038,Chenopodium ficifolium,0,Chenopodium
SH7038,Chenopodium quinoa,0,Chenopodium
SH7038,Cichorium intybus,0,Cichorium
SH7038,Circaea lutetiana,0,Circaea
SH7038,Cirsium arvense,0,Cirsium
SH7038,Cirsium eriophorum,0,Cirsium
SH7038,Cirsium palustre,1317,Cirsium
SH7038,Cirsium vulgare,0,Cirsium
SH7038,Clematis vitalba,0,Clematis
SH7038,Clinopodium vulgare,0,Clinopodium
SH7038,Conium maculatum,0,Conium
SH7038,Conopodium majus,0,Conopodium
SH7038,Convolvulus arvensis,0,Convolvulus
SH7038,Conyza canadensis,0,Conyza
SH7038,Cotoneaster salicifolius,0,Cotoneaster
SH7038,Crataegus monogyna,0,Crataegus
SH7038,Crepis capillaris,0,Crepis
SH7038,Crepis vesicaria,0,Crepis
SH7038,Cruciata laevipes,0,Cruciata
SH7038,Cytisus scoparius,0,Cytisus
SH7038,Dactylorhiza fuchsii,0,Dactylorhiza
SH7038,Dactylorhiza maculata,0,Dactylorhiza
SH7038,Daucus carota,0,Daucus
SH7038,Digitalis ferruginea,0,Digitalis
SH7038,Digitalis grandiflora,0,Digitalis
SH7038,Digitalis purpurea,129,Digitalis
SH7038,Dioscorea communis,0,Dioscorea
SH7038,Doronicum plantagineum,0,Doronicum
SH7038,Drosera anglica,0,Drosera
SH7038,Drosera rotundifolia,0,Drosera
SH7038,Dryas octopetala,0,Dryas
SH7038,Epilobium hirsutum,0,Epilobium
SH7038,Epilobium montanum,0,Epilobium
SH7038,Epilobium obscurum,0,Epilobium
SH7038,Epilobium palustre,0,Epilobium
SH7038,Epilobium parviflorum,0,Epilobium
SH7038,Epilobium roseum,0,Epilobium
SH7038,Epilobium tetragonum,0,Epilobium
SH7038,Erica cinerea,0,Erica
SH7038,Erica tetralix,0,Erica
SH7038,Eriophorum vaginatum,0,Eriophorum
SH7038,Eupatorium cannabinum,0,Eupatorium
SH7038,Euphorbia exigua,0,Euphorbia
SH7038,Euphorbia helioscopia,0,Euphorbia
SH7038,Euphrasia officinalis,0,Euphrasia
SH7038,Fagopyrum esculentum,0,Fagopyrum
SH7038,Fallopia convolvulus,0,Fallopia
SH7038,Filipendula ulmaria,0,Filipendula
SH7038,Fumaria officinalis,0,Fumaria
SH7038,Galeopsis speciosa,0,Galeopsis
SH7038,Galeopsis tetrahit,0,Galeopsis
SH7038,Galium aparine,0,Galium
SH7038,Galium mollugo,0,Galium
SH7038,Galium odoratum,0,Galium
SH7038,Galium palustre,0,Galium
SH7038,Galium saxatile,1552.6,Galium
SH7038,Galium verum,0,Galium
SH7038,Genista anglica,0,Genista
SH7038,Geranium dissectum,0,Geranium
SH7038,Geranium molle,0,Geranium
SH7038,Geranium nodosum,0,Geranium
SH7038,Geranium pratense,0,Geranium
SH7038,Geranium pyrenaicum,0,Geranium
SH7038,Geranium robertianum,0,Geranium
SH7038,Geum urbanum,0,Geum
SH7038,Glechoma hederacea,0,Glechoma
SH7038,Hedera helix,0,Hedera
SH7038,Helianthus annuus,0,Helianthus
SH7038,Heracleum mantegazzianum,0,Heracleum
SH7038,Heracleum sphondylium,0,Heracleum
SH7038,Hippocrepis comosa,0,Hippocrepis
SH7038,Hordeum vulgare,0,Hordeum
SH7038,Hyacinthoides non,0,Hyacinthoides
SH7038,Hypericum forrestii,0,Hypericum
SH7038,Hypericum perforatum,0,Hypericum
SH7038,Hypericum pulchrum,0,Hypericum
SH7038,Hypericum tetrapterum,0,Hypericum
SH7038,Hypochaeris radicata,0,Hypochaeris
SH7038,Ilex aquifolium,0,Ilex
SH7038,Impatiens glandulifera,0,Impatiens
SH7038,Impatiens parviflora,0,Impatiens
SH7038,Iris pseudacorus,0,Iris
SH7038,Jacobaea erucifolia,0,Jacobaea
SH7038,Jacobaea vulgaris,0,Jacobaea
SH7038,Jasione montana,0,Jasione
SH7038,Juncus conglomeratus,0,Juncus
SH7038,Juncus effusus,0,Juncus
SH7038,Knautia arvensis,0,Knautia
SH7038,Lactuca serriola,0,Lactuca
SH7038,Lamium album,0,Lamium
SH7038,Lamium galeobdolon,0,Lamium
SH7038,Lamium purpureum,0,Lamium
SH7038,Lapsana communis,0,Lapsana
SH7038,Lathyrus aphaca,0,Lathyrus
SH7038,Lathyrus linifolius,0,Lathyrus
SH7038,Lathyrus pratensis,0,Lathyrus
SH7038,Leontodon hispidus,0,Leontodon
SH7038,Leontodon saxatilis,0,Leontodon
SH7038,Leucanthemum vulgare,0,Leucanthemum
SH7038,Ligusticum scoticum,0,Ligusticum
SH7038,Limonium vulgare,0,Limonium
SH7038,Linaria vulgaris,0,Linaria
SH7038,Linum catharticum,0,Linum
SH7038,Linum usitatissimum,0,Linum
SH7038,Lonicera caprifolium,0,Lonicera
SH7038,Lonicera periclymenum,0,Lonicera
SH7038,Lotus angustissimus,0,Lotus
SH7038,Lotus corniculatus,0,Lotus
SH7038,Lotus pedunculatus,0,Lotus
SH7038,Lotus subbiflorus,0,Lotus
SH7038,Luzula campestris,0,Luzula
SH7038,Lysimachia nemorum,0,Lysimachia
SH7038,Lysimachia punctata,0,Lysimachia
SH7038,Lysimachia vulgaris,0,Lysimachia
SH7038,Lythrum alatum,0,Lythrum
SH7038,Lythrum salicaria,0,Lythrum
SH7038,Malva sylvestris,0,Malva
SH7038,Matricaria chamomilla,0,Matricaria
SH7038,Matricaria discoidea,0,Matricaria
SH7038,Medicago lupulina,0,Medicago
SH7038,Melampyrum pratense,0,Melampyrum
SH7038,Mentha aquatica,0,Mentha
SH7038,Mentha arvensis,0,Mentha
SH7038,Mercurialis perennis,0,Mercurialis
SH7038,Myosotis arvensis,0,Myosotis
SH7038,Myosotis discolor,0,Myosotis
SH7038,Myosotis sylvatica,0,Myosotis
SH7038,Narthecium ossifragum,0,Narthecium
SH7038,Odontites vernus,0,Odontites
SH7038,Oenanthe crocata,0,Oenanthe
SH7038,Origanum vulgare,0,Origanum
SH7038,Ornithopus perpusillus,0,Ornithopus
SH7038,Oxalis acetosella,0,Oxalis
SH7038,Panicum miliaceum,0,Panicum
SH7038,Papaver rhoeas,0,Papaver
SH7038,Pedicularis sylvatica,0,Pedicularis
SH7038,Persicaria amplexicaulis,0,Persicaria
SH7038,Persicaria bistorta,0,Persicaria
SH7038,Persicaria hydropiper,0,Persicaria
SH7038,Persicaria lapathifolia,0,Persicaria
SH7038,Persicaria maculosa,0,Persicaria
SH7038,Peucedanum ostruthium,0,Peucedanum
SH7038,Picris echioides,0,Picris
SH7038,Picris hieracioides,0,Picris
SH7038,Pilosella officinarum,0,Pilosella
SH7038,Pimpinella saxifraga,0,Pimpinella
SH7038,Pinguicula vulgaris,0,Pinguicula
SH7038,Plantago lanceolata,0,Plantago
SH7038,Plantago major,0,Plantago
SH7038,Plantago maritima,0,Plantago
SH7038,Poa annua,0,Poa
SH7038,Polygala serpyllifolia,6,Polygala
SH7038,Polygala vulgaris,0,Polygala
SH7038,Polygonum aviculare,0,Polygonum
SH7038,Potentilla anglica,0,Potentilla
SH7038,Potentilla anserina,0,Potentilla
SH7038,Potentilla erecta,35,Potentilla
SH7038,Potentilla recta,0,Potentilla
SH7038,Potentilla reptans,0,Potentilla
SH7038,Prunella vulgaris,316,Prunella
SH7038,Prunus spinosa,0,Prunus
SH7038,Pulicaria dysenterica,0,Pulicaria
SH7038,Ranunculus acris,0,Ranunculus
SH7038,Ranunculus bulbosus,0,Ranunculus
SH7038,Ranunculus ficaria,0,Ranunculus
SH7038,Ranunculus flammula,0,Ranunculus
SH7038,Ranunculus repens,552,Ranunculus
SH7038,Ranunculus sardous,0,Ranunculus
SH7038,Raphanus raphanistrum,0,Raphanus
SH7038,Raphanus sativus,0,Raphanus
SH7038,Rhinanthus minor,0,Rhinanthus
SH7038,Rosa arvensis,0,Rosa
SH7038,Rosa canina,0,Rosa
SH7038,Rubus caesius,0,Rubus
SH7038,Rubus fruticosus,0,Rubus
SH7038,Rubus idaeus,0,Rubus
SH7038,Rumex acetosa,0,Rumex
SH7038,Rumex acetosella,0,Rumex
SH7038,Rumex crispus,0,Rumex
SH7038,Rumex obtusifolius,0,Rumex
SH7038,Rumex sanguineus,0,Rumex
SH7038,Sagina saginoides,0,Sagina
SH7038,Sambucus nigra,0,Sambucus
SH7038,Sanguisorba officinalis,0,Sanguisorba
SH7038,Scorzoneroides autumnalis,0,Scorzoneroides
SH7038,Scrophularia auriculata,0,Scrophularia
SH7038,Scrophularia nodosa,0,Scrophularia
SH7038,Sedum anglicum,0,Sedum
SH7038,Senecio erucifolius,0,Senecio
SH7038,Senecio jacobaea,0,Senecio
SH7038,Senecio vulgaris,0,Senecio
SH7038,Sherardia arvensis,0,Sherardia
SH7038,Silene dioica,0,Silene
SH7038,Silene latifolia,0,Silene
SH7038,Silybum marianum,0,Silybum
SH7038,Sinapis alba,0,Sinapis
SH7038,Sinapis arvensis,0,Sinapis
SH7038,Sisymbrium officinale,0,Sisymbrium
SH7038,Solanum dulcamara,0,Solanum
SH7038,Solanum nigrum,0,Solanum
SH7038,Solanum tuberosum,0,Solanum
SH7038,Sonchus arvensis,0,Sonchus
SH7038,Sonchus asper,0,Sonchus
SH7038,Sonchus oleraceus,0,Sonchus
SH7038,Sorbus aucuparia,0,Sorbus
SH7038,Spergula arvensis,0,Spergula
SH7038,Spergularia media,0,Spergularia
SH7038,Stachys arvensis,0,Stachys
SH7038,Stachys palustris,0,Stachys
SH7038,Stachys sylvatica,0,Stachys
SH7038,Stellaria alsine,0,Stellaria
SH7038,Stellaria graminea,20,Stellaria
SH7038,Stellaria holostea,0,Stellaria
SH7038,Stellaria media,0,Stellaria
SH7038,Suaeda maritima,0,Suaeda
SH7038,Succisa pratensis,0,Succisa
SH7038,Symphytum officinale,0,Symphytum
SH7038,Taraxacum agg,0,Taraxacum
SH7038,Taraxacum officinale,0,Taraxacum
SH7038,Teucrium scorodonia,0,Teucrium
SH7038,Thlaspi arvense,0,Thlaspi
SH7038,Thymus polytrichus,0,Thymus
SH7038,Thymus vulgaris,0,Thymus
SH7038,Torilis japonica,0,Torilis
SH7038,Tragopogon pratensis,0,Tragopogon
SH7038,Trientalis europaea,0,Trientalis
SH7038,Trifolium arvense,0,Trifolium
SH7038,Trifolium campestre,0,Trifolium
SH7038,Trifolium constantinopolitanum,0,Trifolium
SH7038,Trifolium dubium,0,Trifolium
SH7038,Trifolium pratense,0,Trifolium
SH7038,Trifolium repens,761,Trifolium
SH7038,Tripleurospermum inodorum,0,Tripleurospermum
SH7038,Tripleurospermum maritimum,0,Tripleurospermum
SH7038,Turgenia latifolia,0,Turgenia
SH7038,Ulex europaeus,0,Ulex
SH7038,Ulex gallii,0,Ulex
SH7038,Urtica dioica,0,Urtica
SH7038,Vaccinium myrtillus,0,Vaccinium
SH7038,Vaccinium oxycoccos,0,Vaccinium
SH7038,Vaccinium vitis,0,Vaccinium
SH7038,Valeriana dioica,0,Valeriana
SH7038,Valeriana officinalis,0,Valeriana
SH7038,Verbena officinalis,0,Verbena
SH7038,Verbena x,0,Verbena
SH7038,Veronica agrestis,0,Veronica
SH7038,Veronica arvensis,0,Veronica
SH7038,Veronica beccabunga,0,Veronica
SH7038,Veronica chamaedrys,0,Veronica
SH7038,Veronica hederifolia,0,Veronica
SH7038,Veronica montana,0,Veronica
SH7038,Veronica officinalis,67,Veronica
SH7038,Veronica persica,0,Veronica
SH7038,Veronica polita,0,Veronica
SH7038,Veronica serpyllifolia,20,Veronica
SH7038,Vicia benghalensis,0,Vicia
SH7038,Vicia cracca,0,Vicia
SH7038,Vicia faba,0,Vicia
SH7038,Vicia hirsuta,0,Vicia
SH7038,Vicia lutea,0,Vicia
SH7038,Vicia sativa,0,Vicia
SH7038,Vicia sepium,0,Vicia
SH7038,Vicia spp,0,Vicia
SH7038,Vicia tetrasperma,0,Vicia
SH7038,Viola arvensis,0,Viola
SH7038,Viola canina,0,Viola
SH7038,Viola palustris,0,Viola
SH7038,Viola riviniana,0,Viola
SH7038,Zea mays,0,Zea
SH7148,Acer pseudoplatanus,0,Acer
SH7148,Achillea millefolium,0,Achillea
SH7148,Achillea ptarmica,0,Achillea
SH7148,Aegopodium podagraria,0,Aegopodium
SH7148,Aethusa cynapium,0,Aethusa
SH7148,Ajuga reptans,0,Ajuga
SH7148,Alliaria petiolata,0,Alliaria
SH7148,Alnus glutinosa,0,Alnus
SH7148,Anagallis arvensis,0,Anagallis
SH7148,Anchusa arvensis,0,Anchusa
SH7148,Anemone nemorosa,0,Anemone
SH7148,Angelica sylvestris,0,Angelica
SH7148,Anthemis cotula,0,Anthemis
SH7148,Anthriscus caucalis,0,Anthriscus
SH7148,Anthriscus sylvestris,0,Anthriscus
SH7148,Apium nodiflorum,0,Apium
SH7148,Armeria maritima,0,Armeria
SH7148,Artemisia absinthium,0,Artemisia
SH7148,Artemisia annua,0,Artemisia
SH7148,Artemisia vulgaris,0,Artemisia
SH7148,Aster tripolium,0,Aster
SH7148,Atriplex patula,0,Atriplex
SH7148,Atriplex portulacoides,0,Atriplex
SH7148,Ballota nigra,0,Ballota
SH7148,Barbarea vulgaris,0,Barbarea
SH7148,Bellis perennis,0,Bellis
SH7148,Berula erecta,0,Berula
SH7148,Brassica napus,0,Brassica
SH7148,Brassica oleracea,0,Brassica
SH7148,Brassica rapa,0,Brassica
SH7148,Bryonia dioica,0,Bryonia
SH7148,Buddleja davidii,0,Buddleja
SH7148,Bupleurum tenuissimum,0,Bupleurum
SH7148,Calluna vulgaris,19615,Calluna
SH7148,Caltha palustris,0,Caltha
SH7148,Calystegia sepium,0,Calystegia
SH7148,Campanula rotundifolia,0,Campanula
SH7148,Capsella bursa,0,Capsella
SH7148,Cardamine flexuosa,0,Cardamine
SH7148,Cardamine hirsuta,0,Cardamine
SH7148,Cardamine pratensis,6,Cardamine
SH7148,Carduus nutans,0,Carduus
SH7148,Carum verticillatum,0,Carum
SH7148,Centaurea cyanus,0,Centaurea
SH7148,Centaurea nigra,0,Centaurea
SH7148,Centaurea scabiosa,0,Centaurea
SH7148,Centaurium erythraea,0,Centaurium
SH7148,Cerastium arvense,0,Cerastium
SH7148,Cerastium fontanum,19,Cerastium
SH7148,Cerastium glomeratum,0,Cerastium
SH7148,Ceratocapnos claviculata,0,Ceratocapnos
SH7148,Chaerophyllum temulum,0,Chaerophyllum
SH7148,Chamaemelum nobile,0,Chamaemelum
SH7148,Chamerion angustifolium,0,Chamerion
SH7148,Chenopodium album,0,Chenopodium
SH7148,Chenopodium ficifolium,0,Chenopodium
SH7148,Chenopodium quinoa,0,Chenopodium
SH7148,Cichorium intybus,0,Cichorium
SH7148,Circaea lutetiana,0,Circaea
SH7148,Cirsium arvense,9,Cirsium
SH7148,Cirsium eriophorum,0,Cirsium
SH7148,Cirsium palustre,69,Cirsium
SH7148,Cirsium vulgare,0,Cirsium
SH7148,Clematis vitalba,0,Clematis
SH7148,Clinopodium vulgare,0,Clinopodium
SH7148,Conium maculatum,0,Conium
SH7148,Conopodium majus,0,Conopodium
SH7148,Convolvulus arvensis,0,Convolvulus
SH7148,Conyza canadensis,0,Conyza
SH7148,Cotoneaster salicifolius,0,Cotoneaster
SH7148,Crataegus monogyna,0,Crataegus
SH7148,Crepis capillaris,0,Crepis
SH7148,Crepis vesicaria,0,Crepis
SH7148,Cruciata laevipes,0,Cruciata
SH7148,Cytisus scoparius,0,Cytisus
SH7148,Dactylorhiza fuchsii,0,Dactylorhiza
SH7148,Dactylorhiza maculata,0,Dactylorhiza
SH7148,Daucus carota,0,Daucus
SH7148,Digitalis ferruginea,0,Digitalis
SH7148,Digitalis grandiflora,0,Digitalis
SH7148,Digitalis purpurea,0,Digitalis
SH7148,Dioscorea communis,0,Dioscorea
SH7148,Doronicum plantagineum,0,Doronicum
SH7148,Drosera anglica,0,Drosera
SH7148,Drosera rotundifolia,0,Drosera
SH7148,Dryas octopetala,0,Dryas
SH7148,Epilobium hirsutum,0,Epilobium
SH7148,Epilobium montanum,0,Epilobium
SH7148,Epilobium obscurum,0,Epilobium
SH7148,Epilobium palustre,0,Epilobium
SH7148,Epilobium parviflorum,0,Epilobium
SH7148,Epilobium roseum,0,Epilobium
SH7148,Epilobium tetragonum,0,Epilobium
SH7148,Erica cinerea,36,Erica
SH7148,Erica tetralix,26,Erica
SH7148,Eriophorum vaginatum,0,Eriophorum
SH7148,Eupatorium cannabinum,0,Eupatorium
SH7148,Euphorbia exigua,0,Euphorbia
SH7148,Euphorbia helioscopia,0,Euphorbia
SH7148,Euphrasia officinalis,0,Euphrasia
SH7148,Fagopyrum esculentum,0,Fagopyrum
SH7148,Fallopia convolvulus,0,Fallopia
SH7148,Filipendula ulmaria,0,Filipendula
SH7148,Fumaria officinalis,0,Fumaria
SH7148,Galeopsis speciosa,0,Galeopsis
SH7148,Galeopsis tetrahit,0,Galeopsis
SH7148,Galium aparine,0,Galium
SH7148,Galium mollugo,0,Galium
SH7148,Galium odoratum,0,Galium
SH7148,Galium palustre,0,Galium
SH7148,Galium saxatile,2426,Galium
SH7148,Galium verum,0,Galium
SH7148,Genista anglica,0,Genista
SH7148,Geranium dissectum,0,Geranium
SH7148,Geranium molle,0,Geranium
SH7148,Geranium nodosum,0,Geranium
SH7148,Geranium pratense,0,Geranium
SH7148,Geranium pyrenaicum,0,Geranium
SH7148,Geranium robertianum,0,Geranium
SH7148,Geum urbanum,0,Geum
SH7148,Glechoma hederacea,0,Glechoma
SH7148,Hedera helix,0,Hedera
SH7148,Helianthus annuus,0,Helianthus
SH7148,Heracleum mantegazzianum,0,Heracleum
SH7148,Heracleum sphondylium,0,Heracleum
SH7148,Hippocrepis comosa,0,Hippocrepis
SH7148,Hordeum vulgare,0,Hordeum
SH7148,Hyacinthoides non,0,Hyacinthoides
SH7148,Hypericum forrestii,0,Hypericum
SH7148,Hypericum perforatum,0,Hypericum
SH7148,Hypericum pulchrum,0,Hypericum
SH7148,Hypericum tetrapterum,0,Hypericum
SH7148,Hypochaeris radicata,0,Hypochaeris
SH7148,Ilex aquifolium,0,Ilex
SH7148,Impatiens glandulifera,0,Impatiens
SH7148,Impatiens parviflora,0,Impatiens
SH7148,Iris pseudacorus,0,Iris
SH7148,Jacobaea erucifolia,0,Jacobaea
SH7148,Jacobaea vulgaris,0,Jacobaea
SH7148,Jasione montana,0,Jasione
SH7148,Juncus conglomeratus,0,Juncus
SH7148,Juncus effusus,0,Juncus
SH7148,Knautia arvensis,0,Knautia
SH7148,Lactuca serriola,0,Lactuca
SH7148,Lamium album,0,Lamium
SH7148,Lamium galeobdolon,0,Lamium
SH7148,Lamium purpureum,0,Lamium
SH7148,Lapsana communis,0,Lapsana
SH7148,Lathyrus aphaca,0,Lathyrus
SH7148,Lathyrus linifolius,0,Lathyrus
SH7148,Lathyrus pratensis,0,Lathyrus
SH7148,Leontodon hispidus,0,Leontodon
SH7148,Leontodon saxatilis,0,Leontodon
SH7148,Leucanthemum vulgare,0,Leucanthemum
SH7148,Ligusticum scoticum,0,Ligusticum
SH7148,Limonium vulgare,0,Limonium
SH7148,Linaria vulgaris,0,Linaria
SH7148,Linum catharticum,0,Linum
SH7148,Linum usitatissimum,0,Linum
SH7148,Lonicera caprifolium,0,Lonicera
SH7148,Lonicera periclymenum,0,Lonicera
SH7148,Lotus angustissimus,0,Lotus
SH7148,Lotus corniculatus,0,Lotus
SH7148,Lotus pedunculatus,0,Lotus
SH7148,Lotus subbiflorus,0,Lotus
SH7148,Luzula campestris,0,Luzula
SH7148,Lysimachia nemorum,0,Lysimachia
SH7148,Lysimachia punctata,0,Lysimachia
SH7148,Lysimachia vulgaris,0,Lysimachia
SH7148,Lythrum alatum,0,Lythrum
SH7148,Lythrum salicaria,0,Lythrum
SH7148,Malva sylvestris,0,Malva
SH7148,Matricaria chamomilla,0,Matricaria
SH7148,Matricaria discoidea,0,Matricaria
SH7148,Medicago lupulina,0,Medicago
SH7148,Melampyrum pratense,0,Melampyrum
SH7148,Mentha aquatica,0,Mentha
SH7148,Mentha arvensis,0,Mentha
SH7148,Mercurialis perennis,0,Mercurialis
SH7148,Myosotis arvensis,0,Myosotis
SH7148,Myosotis discolor,0,Myosotis
SH7148,Myosotis sylvatica,0,Myosotis
SH7148,Narthecium ossifragum,0,Narthecium
SH7148,Odontites vernus,0,Odontites
SH7148,Oenanthe crocata,0,Oenanthe
SH7148,Origanum vulgare,0,Origanum
SH7148,Ornithopus perpusillus,0,Ornithopus
SH7148,Oxalis acetosella,0,Oxalis
SH7148,Panicum miliaceum,0,Panicum
SH7148,Papaver rhoeas,0,Papaver
SH7148,Pedicularis sylvatica,0,Pedicularis
SH7148,Persicaria amplexicaulis,0,Persicaria
SH7148,Persicaria bistorta,0,Persicaria
SH7148,Persicaria hydropiper,0,Persicaria
SH7148,Persicaria lapathifolia,0,Persicaria
SH7148,Persicaria maculosa,0,Persicaria
SH7148,Peucedanum ostruthium,0,Peucedanum
SH7148,Picris echioides,0,Picris
SH7148,Picris hieracioides,0,Picris
SH7148,Pilosella officinarum,0,Pilosella
SH7148,Pimpinella saxifraga,0,Pimpinella
SH7148,Pinguicula vulgaris,0,Pinguicula
SH7148,Plantago lanceolata,31,Plantago
SH7148,Plantago major,0,Plantago
SH7148,Plantago maritima,0,Plantago
SH7148,Poa annua,0,Poa
SH7148,Polygala serpyllifolia,0,Polygala
SH7148,Polygala vulgaris,0,Polygala
SH7148,Polygonum aviculare,0,Polygonum
SH7148,Potentilla anglica,0,Potentilla
SH7148,Potentilla anserina,0,Potentilla
SH7148,Potentilla erecta,394,Potentilla
SH7148,Potentilla recta,0,Potentilla
SH7148,Potentilla reptans,0,Potentilla
SH7148,Prunella vulgaris,0,Prunella
SH7148,Prunus spinosa,0,Prunus
SH7148,Pulicaria dysenterica,0,Pulicaria
SH7148,Ranunculus acris,0,Ranunculus
SH7148,Ranunculus bulbosus,0,Ranunculus
SH7148,Ranunculus ficaria,0,Ranunculus
SH7148,Ranunculus flammula,0,Ranunculus
SH7148,Ranunculus repens,53,Ranunculus
SH7148,Ranunculus sardous,0,Ranunculus
SH7148,Raphanus raphanistrum,0,Raphanus
SH7148,Raphanus sativus,0,Raphanus
SH7148,Rhinanthus minor,0,Rhinanthus
SH7148,Rosa arvensis,0,Rosa
SH7148,Rosa canina,0,Rosa
SH7148,Rubus caesius,0,Rubus
SH7148,Rubus fruticosus,0,Rubus
SH7148,Rubus idaeus,0,Rubus
SH7148,Rumex acetosa,0,Rumex
SH7148,Rumex acetosella,0,Rumex
SH7148,Rumex crispus,0,Rumex
SH7148,Rumex obtusifolius,0,Rumex
SH7148,Rumex sanguineus,0,Rumex
SH7148,Sagina saginoides,0,Sagina
SH7148,Sambucus nigra,0,Sambucus
SH7148,Sanguisorba officinalis,0,Sanguisorba
SH7148,Scorzoneroides autumnalis,0,Scorzoneroides
SH7148,Scrophularia auriculata,0,Scrophularia
SH7148,Scrophularia nodosa,0,Scrophularia
SH7148,Sedum anglicum,0,Sedum
SH7148,Senecio erucifolius,0,Senecio
SH7148,Senecio jacobaea,0,Senecio
SH7148,Senecio vulgaris,0,Senecio
SH7148,Sherardia arvensis,0,Sherardia
SH7148,Silene dioica,0,Silene
SH7148,Silene latifolia,0,Silene
SH7148,Silybum marianum,0,Silybum
SH7148,Sinapis alba,0,Sinapis
SH7148,Sinapis arvensis,0,Sinapis
SH7148,Sisymbrium officinale,0,Sisymbrium
SH7148,Solanum dulcamara,0,Solanum
SH7148,Solanum nigrum,0,Solanum
SH7148,Solanum tuberosum,0,Solanum
SH7148,Sonchus arvensis,0,Sonchus
SH7148,Sonchus asper,0,Sonchus
SH7148,Sonchus oleraceus,0,Sonchus
SH7148,Sorbus aucuparia,0,Sorbus
SH7148,Spergula arvensis,0,Spergula
SH7148,Spergularia media,0,Spergularia
SH7148,Stachys arvensis,0,Stachys
SH7148,Stachys palustris,0,Stachys
SH7148,Stachys sylvatica,0,Stachys
SH7148,Stellaria alsine,0,Stellaria
SH7148,Stellaria graminea,0,Stellaria
SH7148,Stellaria holostea,0,Stellaria
SH7148,Stellaria media,0,Stellaria
SH7148,Suaeda maritima,0,Suaeda
SH7148,Succisa pratensis,0,Succisa
SH7148,Symphytum officinale,0,Symphytum
SH7148,Taraxacum agg,0,Taraxacum
SH7148,Taraxacum officinale,0,Taraxacum
SH7148,Teucrium scorodonia,0,Teucrium
SH7148,Thlaspi arvense,0,Thlaspi
SH7148,Thymus polytrichus,0,Thymus
SH7148,Thymus vulgaris,0,Thymus
SH7148,Torilis japonica,0,Torilis
SH7148,Tragopogon pratensis,0,Tragopogon
SH7148,Trientalis europaea,0,Trientalis
SH7148,Trifolium arvense,0,Trifolium
SH7148,Trifolium campestre,0,Trifolium
SH7148,Trifolium constantinopolitanum,0,Trifolium
SH7148,Trifolium dubium,0,Trifolium
SH7148,Trifolium pratense,0,Trifolium
SH7148,Trifolium repens,0,Trifolium
SH7148,Tripleurospermum inodorum,0,Tripleurospermum
SH7148,Tripleurospermum maritimum,0,Tripleurospermum
SH7148,Turgenia latifolia,0,Turgenia
SH7148,Ulex europaeus,0,Ulex
SH7148,Ulex gallii,0,Ulex
SH7148,Urtica dioica,0,Urtica
SH7148,Vaccinium myrtillus,120,Vaccinium
SH7148,Vaccinium oxycoccos,0,Vaccinium
SH7148,Vaccinium vitis,0,Vaccinium
SH7148,Valeriana dioica,0,Valeriana
SH7148,Valeriana officinalis,0,Valeriana
SH7148,Verbena officinalis,0,Verbena
SH7148,Verbena x,0,Verbena
SH7148,Veronica agrestis,0,Veronica
SH7148,Veronica arvensis,0,Veronica
SH7148,Veronica beccabunga,0,Veronica
SH7148,Veronica chamaedrys,0,Veronica
SH7148,Veronica hederifolia,0,Veronica
SH7148,Veronica montana,0,Veronica
SH7148,Veronica officinalis,0,Veronica
SH7148,Veronica persica,0,Veronica
SH7148,Veronica polita,0,Veronica
SH7148,Veronica serpyllifolia,0,Veronica
SH7148,Vicia benghalensis,0,Vicia
SH7148,Vicia cracca,0,Vicia
SH7148,Vicia faba,0,Vicia
SH7148,Vicia hirsuta,0,Vicia
SH7148,Vicia lutea,0,Vicia
SH7148,Vicia sativa,0,Vicia
SH7148,Vicia sepium,0,Vicia
SH7148,Vicia spp,0,Vicia
SH7148,Vicia tetrasperma,0,Vicia
SH7148,Viola arvensis,0,Viola
SH7148,Viola canina,0,Viola
SH7148,Viola palustris,0,Viola
SH7148,Viola riviniana,0,Viola
SH7148,Zea mays,0,Zea
SH8170,Acer pseudoplatanus,0,Acer
SH8170,Achillea millefolium,0,Achillea
SH8170,Achillea ptarmica,0,Achillea
SH8170,Aegopodium podagraria,0,Aegopodium
SH8170,Aethusa cynapium,0,Aethusa
SH8170,Ajuga reptans,0,Ajuga
SH8170,Alliaria petiolata,0,Alliaria
SH8170,Alnus glutinosa,0,Alnus
SH8170,Anagallis arvensis,0,Anagallis
SH8170,Anchusa arvensis,0,Anchusa
SH8170,Anemone nemorosa,0,Anemone
SH8170,Angelica sylvestris,0,Angelica
SH8170,Anthemis cotula,0,Anthemis
SH8170,Anthriscus caucalis,0,Anthriscus
SH8170,Anthriscus sylvestris,0,Anthriscus
SH8170,Apium nodiflorum,0,Apium
SH8170,Armeria maritima,0,Armeria
SH8170,Artemisia absinthium,0,Artemisia
SH8170,Artemisia annua,0,Artemisia
SH8170,Artemisia vulgaris,0,Artemisia
SH8170,Aster tripolium,0,Aster
SH8170,Atriplex patula,0,Atriplex
SH8170,Atriplex portulacoides,0,Atriplex
SH8170,Ballota nigra,0,Ballota
SH8170,Barbarea vulgaris,0,Barbarea
SH8170,Bellis perennis,0,Bellis
SH8170,Berula erecta,0,Berula
SH8170,Brassica napus,0,Brassica
SH8170,Brassica oleracea,0,Brassica
SH8170,Brassica rapa,0,Brassica
SH8170,Bryonia dioica,0,Bryonia
SH8170,Buddleja davidii,0,Buddleja
SH8170,Bupleurum tenuissimum,0,Bupleurum
SH8170,Calluna vulgaris,0,Calluna
SH8170,Caltha palustris,0,Caltha
SH8170,Calystegia sepium,0,Calystegia
SH8170,Campanula rotundifolia,0,Campanula
SH8170,Capsella bursa,0,Capsella
SH8170,Cardamine flexuosa,0,Cardamine
SH8170,Cardamine hirsuta,0,Cardamine
SH8170,Cardamine pratensis,0,Cardamine
SH8170,Carduus nutans,0,Carduus
SH8170,Carum verticillatum,0,Carum
SH8170,Centaurea cyanus,0,Centaurea
SH8170,Centaurea nigra,0,Centaurea
SH8170,Centaurea scabiosa,0,Centaurea
SH8170,Centaurium erythraea,0,Centaurium
SH8170,Cerastium arvense,0,Cerastium
SH8170,Cerastium fontanum,377,Cerastium
SH8170,Cerastium glomeratum,0,Cerastium
SH8170,Ceratocapnos claviculata,0,Ceratocapnos
SH8170,Chaerophyllum temulum,0,Chaerophyllum
SH8170,Chamaemelum nobile,0,Chamaemelum
SH8170,Chamerion angustifolium,0,Chamerion
SH8170,Chenopodium album,0,Chenopodium
SH8170,Chenopodium ficifolium,0,Chenopodium
SH8170,Chenopodium quinoa,0,Chenopodium
SH8170,Cichorium intybus,0,Cichorium
SH8170,Circaea lutetiana,0,Circaea
SH8170,Cirsium arvense,14,Cirsium
SH8170,Cirsium eriophorum,0,Cirsium
SH8170,Cirsium palustre,138,Cirsium
SH8170,Cirsium vulgare,0,Cirsium
SH8170,Clematis vitalba,0,Clematis
SH8170,Clinopodium vulgare,0,Clinopodium
SH8170,Conium maculatum,0,Conium
SH8170,Conopodium majus,0,Conopodium
SH8170,Convolvulus arvensis,0,Convolvulus
SH8170,Conyza canadensis,0,Conyza
SH8170,Cotoneaster salicifolius,0,Cotoneaster
SH8170,Crataegus monogyna,250,Crataegus
SH8170,Crepis capillaris,180,Crepis
SH8170,Crepis vesicaria,0,Crepis
SH8170,Cruciata laevipes,0,Cruciata
SH8170,Cytisus scoparius,0,Cytisus
SH8170,Dactylorhiza fuchsii,0,Dactylorhiza
SH8170,Dactylorhiza maculata,0,Dactylorhiza
SH8170,Daucus carota,0,Daucus
SH8170,Digitalis ferruginea,0,Digitalis
SH8170,Digitalis grandiflora,0,Digitalis
SH8170,Digitalis purpurea,729,Digitalis
SH8170,Dioscorea communis,0,Dioscorea
SH8170,Doronicum plantagineum,0,Doronicum
SH8170,Drosera anglica,0,Drosera
SH8170,Drosera rotundifolia,0,Drosera
SH8170,Dryas octopetala,0,Dryas
SH8170,Epilobium hirsutum,0,Epilobium
SH8170,Epilobium montanum,4,Epilobium
SH8170,Epilobium obscurum,0,Epilobium
SH8170,Epilobium palustre,0,Epilobium
SH8170,Epilobium parviflorum,0,Epilobium
SH8170,Epilobium roseum,0,Epilobium
SH8170,Epilobium tetragonum,0,Epilobium
SH8170,Erica cinerea,0,Erica
SH8170,Erica tetralix,0,Erica
SH8170,Eriophorum vaginatum,0,Eriophorum
SH8170,Eupatorium cannabinum,0,Eupatorium
SH8170,Euphorbia exigua,0,Euphorbia
SH8170,Euphorbia helioscopia,0,Euphorbia
SH8170,Euphrasia officinalis,0,Euphrasia
SH8170,Fagopyrum esculentum,0,Fagopyrum
SH8170,Fallopia convolvulus,0,Fallopia
SH8170,Filipendula ulmaria,0,Filipendula
SH8170,Fumaria officinalis,0,Fumaria
SH8170,Galeopsis speciosa,0,Galeopsis
SH8170,Galeopsis tetrahit,0,Galeopsis
SH8170,Galium aparine,0,Galium
SH8170,Galium mollugo,0,Galium
SH8170,Galium odoratum,0,Galium
SH8170,Galium palustre,0,Galium
SH8170,Galium saxatile,0,Galium
SH8170,Galium verum,0,Galium
SH8170,Genista anglica,0,Genista
SH8170,Geranium dissectum,0,Geranium
SH8170,Geranium molle,0,Geranium
SH8170,Geranium nodosum,0,Geranium
SH8170,Geranium pratense,0,Geranium
SH8170,Geranium pyrenaicum,0,Geranium
SH8170,Geranium robertianum,7,Geranium
SH8170,Geum urbanum,0,Geum
SH8170,Glechoma hederacea,0,Glechoma
SH8170,Hedera helix,0,Hedera
SH8170,Helianthus annuus,0,Helianthus
SH8170,Heracleum mantegazzianum,0,Heracleum
SH8170,Heracleum sphondylium,0,Heracleum
SH8170,Hippocrepis comosa,0,Hippocrepis
SH8170,Hordeum vulgare,0,Hordeum
SH8170,Hyacinthoides non,50,Hyacinthoides
SH8170,Hypericum forrestii,0,Hypericum
SH8170,Hypericum perforatum,0,Hypericum
SH8170,Hypericum pulchrum,0,Hypericum
SH8170,Hypericum tetrapterum,0,Hypericum
SH8170,Hypochaeris radicata,75,Hypochaeris
SH8170,Ilex aquifolium,0,Ilex
SH8170,Impatiens glandulifera,0,Impatiens
SH8170,Impatiens parviflora,0,Impatiens
SH8170,Iris pseudacorus,0,Iris
SH8170,Jacobaea erucifolia,0,Jacobaea
SH8170,Jacobaea vulgaris,0,Jacobaea
SH8170,Jasione montana,0,Jasione
SH8170,Juncus conglomeratus,0,Juncus
SH8170,Juncus effusus,0,Juncus
SH8170,Knautia arvensis,0,Knautia
SH8170,Lactuca serriola,0,Lactuca
SH8170,Lamium album,0,Lamium
SH8170,Lamium galeobdolon,0,Lamium
SH8170,Lamium purpureum,0,Lamium
SH8170,Lapsana communis,0,Lapsana
SH8170,Lathyrus aphaca,0,Lathyrus
SH8170,Lathyrus linifolius,0,Lathyrus
SH8170,Lathyrus pratensis,0,Lathyrus
SH8170,Leontodon hispidus,0,Leontodon
SH8170,Leontodon saxatilis,0,Leontodon
SH8170,Leucanthemum vulgare,0,Leucanthemum
SH8170,Ligusticum scoticum,0,Ligusticum
SH8170,Limonium vulgare,0,Limonium
SH8170,Linaria vulgaris,0,Linaria
SH8170,Linum catharticum,0,Linum
SH8170,Linum usitatissimum,0,Linum
SH8170,Lonicera caprifolium,0,Lonicera
SH8170,Lonicera periclymenum,0,Lonicera
SH8170,Lotus angustissimus,0,Lotus
SH8170,Lotus corniculatus,220,Lotus
SH8170,Lotus pedunculatus,1,Lotus
SH8170,Lotus subbiflorus,0,Lotus
SH8170,Luzula campestris,0,Luzula
SH8170,Lysimachia nemorum,0,Lysimachia
SH8170,Lysimachia punctata,0,Lysimachia
SH8170,Lysimachia vulgaris,0,Lysimachia
SH8170,Lythrum alatum,0,Lythrum
SH8170,Lythrum salicaria,0,Lythrum
SH8170,Malva sylvestris,0,Malva
SH8170,Matricaria chamomilla,0,Matricaria
SH8170,Matricaria discoidea,0,Matricaria
SH8170,Medicago lupulina,190,Medicago
SH8170,Melampyrum pratense,0,Melampyrum
SH8170,Mentha aquatica,0,Mentha
SH8170,Mentha arvensis,0,Mentha
SH8170,Mercurialis perennis,0,Mercurialis
SH8170,Myosotis arvensis,0,Myosotis
SH8170,Myosotis discolor,0,Myosotis
SH8170,Myosotis sylvatica,0,Myosotis
SH8170,Narthecium ossifragum,0,Narthecium
SH8170,Odontites vernus,0,Odontites
SH8170,Oenanthe crocata,0,Oenanthe
SH8170,Origanum vulgare,0,Origanum
SH8170,Ornithopus perpusillus,0,Ornithopus
SH8170,Oxalis acetosella,0,Oxalis
SH8170,Panicum miliaceum,0,Panicum
SH8170,Papaver rhoeas,0,Papaver
SH8170,Pedicularis sylvatica,0,Pedicularis
SH8170,Persicaria amplexicaulis,0,Persicaria
SH8170,Persicaria bistorta,0,Persicaria
SH8170,Persicaria hydropiper,0,Persicaria
SH8170,Persicaria lapathifolia,0,Persicaria
SH8170,Persicaria maculosa,0,Persicaria
SH8170,Peucedanum ostruthium,0,Peucedanum
SH8170,Picris echioides,0,Picris
SH8170,Picris hieracioides,0,Picris
SH8170,Pilosella officinarum,0,Pilosella
SH8170,Pimpinella saxifraga,0,Pimpinella
SH8170,Pinguicula vulgaris,0,Pinguicula
SH8170,Plantago lanceolata,0,Plantago
SH8170,Plantago major,0,Plantago
SH8170,Plantago maritima,0,Plantago
SH8170,Poa annua,0,Poa
SH8170,Polygala serpyllifolia,0,Polygala
SH8170,Polygala vulgaris,0,Polygala
SH8170,Polygonum aviculare,0,Polygonum
SH8170,Potentilla anglica,0,Potentilla
SH8170,Potentilla anserina,0,Potentilla
SH8170,Potentilla erecta,0,Potentilla
SH8170,Potentilla recta,0,Potentilla
SH8170,Potentilla reptans,0,Potentilla
SH8170,Prunella vulgaris,22,Prunella
SH8170,Prunus spinosa,0,Prunus
SH8170,Pulicaria dysenterica,0,Pulicaria
SH8170,Ranunculus acris,0,Ranunculus
SH8170,Ranunculus bulbosus,0,Ranunculus
SH8170,Ranunculus ficaria,0,Ranunculus
SH8170,Ranunculus flammula,0,Ranunculus
SH8170,Ranunculus repens,97,Ranunculus
SH8170,Ranunculus sardous,0,Ranunculus
SH8170,Raphanus raphanistrum,0,Raphanus
SH8170,Raphanus sativus,0,Raphanus
SH8170,Rhinanthus minor,0,Rhinanthus
SH8170,Rosa arvensis,0,Rosa
SH8170,Rosa canina,0,Rosa
SH8170,Rubus caesius,0,Rubus
SH8170,Rubus fruticosus,301,Rubus
SH8170,Rubus idaeus,0,Rubus
SH8170,Rumex acetosa,0,Rumex
SH8170,Rumex acetosella,0,Rumex
SH8170,Rumex crispus,0,Rumex
SH8170,Rumex obtusifolius,80,Rumex
SH8170,Rumex sanguineus,0,Rumex
SH8170,Sagina saginoides,0,Sagina
SH8170,Sambucus nigra,0,Sambucus
SH8170,Sanguisorba officinalis,0,Sanguisorba
SH8170,Scorzoneroides autumnalis,484,Scorzoneroides
SH8170,Scrophularia auriculata,0,Scrophularia
SH8170,Scrophularia nodosa,0,Scrophularia
SH8170,Sedum anglicum,0,Sedum
SH8170,Senecio erucifolius,0,Senecio
SH8170,Senecio jacobaea,0,Senecio
SH8170,Senecio vulgaris,0,Senecio
SH8170,Sherardia arvensis,0,Sherardia
SH8170,Silene dioica,0,Silene
SH8170,Silene latifolia,0,Silene
SH8170,Silybum marianum,0,Silybum
SH8170,Sinapis alba,0,Sinapis
SH8170,Sinapis arvensis,0,Sinapis
SH8170,Sisymbrium officinale,0,Sisymbrium
SH8170,Solanum dulcamara,0,Solanum
SH8170,Solanum nigrum,0,Solanum
SH8170,Solanum tuberosum,0,Solanum
SH8170,Sonchus arvensis,0,Sonchus
SH8170,Sonchus asper,0,Sonchus
SH8170,Sonchus oleraceus,0,Sonchus
SH8170,Sorbus aucuparia,0,Sorbus
SH8170,Spergula arvensis,0,Spergula
SH8170,Spergularia media,0,Spergularia
SH8170,Stachys arvensis,0,Stachys
SH8170,Stachys palustris,0,Stachys
SH8170,Stachys sylvatica,0,Stachys
SH8170,Stellaria alsine,0,Stellaria
SH8170,Stellaria graminea,118,Stellaria
SH8170,Stellaria holostea,0,Stellaria
SH8170,Stellaria media,0,Stellaria
SH8170,Suaeda maritima,0,Suaeda
SH8170,Succisa pratensis,0,Succisa
SH8170,Symphytum officinale,0,Symphytum
SH8170,Taraxacum agg,0,Taraxacum
SH8170,Taraxacum officinale,36,Taraxacum
SH8170,Teucrium scorodonia,23,Teucrium
SH8170,Thlaspi arvense,0,Thlaspi
SH8170,Thymus polytrichus,0,Thymus
SH8170,Thymus vulgaris,0,Thymus
SH8170,Torilis japonica,0,Torilis
SH8170,Tragopogon pratensis,0,Tragopogon
SH8170,Trientalis europaea,0,Trientalis
SH8170,Trifolium arvense,0,Trifolium
SH8170,Trifolium campestre,0,Trifolium
SH8170,Trifolium constantinopolitanum,0,Trifolium
SH8170,Trifolium dubium,16,Trifolium
SH8170,Trifolium pratense,0,Trifolium
SH8170,Trifolium repens,1203,Trifolium
SH8170,Tripleurospermum inodorum,0,Tripleurospermum
SH8170,Tripleurospermum maritimum,0,Tripleurospermum
SH8170,Turgenia latifolia,0,Turgenia
SH8170,Ulex europaeus,0,Ulex
SH8170,Ulex gallii,0,Ulex
SH8170,Urtica dioica,63,Urtica
SH8170,Vaccinium myrtillus,0,Vaccinium
SH8170,Vaccinium oxycoccos,0,Vaccinium
SH8170,Vaccinium vitis,0,Vaccinium
SH8170,Valeriana dioica,0,Valeriana
SH8170,Valeriana officinalis,0,Valeriana
SH8170,Verbena officinalis,0,Verbena
SH8170,Verbena x,0,Verbena
SH8170,Veronica agrestis,0,Veronica
SH8170,Veronica arvensis,0,Veronica
SH8170,Veronica beccabunga,0,Veronica
SH8170,Veronica chamaedrys,131,Veronica
SH8170,Veronica hederifolia,0,Veronica
SH8170,Veronica montana,0,Veronica
SH8170,Veronica officinalis,0,Veronica
SH8170,Veronica persica,0,Veronica
SH8170,Veronica polita,0,Veronica
SH8170,Veronica serpyllifolia,16,Veronica
SH8170,Vicia benghalensis,0,Vicia
SH8170,Vicia cracca,0,Vicia
SH8170,Vicia faba,0,Vicia
SH8170,Vicia hirsuta,0,Vicia
SH8170,Vicia lutea,0,Vicia
SH8170,Vicia sativa,0,Vicia
SH8170,Vicia sepium,0,Vicia
SH8170,Vicia spp,0,Vicia
SH8170,Vicia tetrasperma,0,Vicia
SH8170,Viola arvensis,0,Viola
SH8170,Viola canina,0,Viola
SH8170,Viola palustris,0,Viola
SH8170,Viola riviniana,0,Viola
SH8170,Zea mays,0,Zea
SH8207,Acer pseudoplatanus,0,Acer
SH8207,Achillea millefolium,0,Achillea
SH8207,Achillea ptarmica,0,Achillea
SH8207,Aegopodium podagraria,0,Aegopodium
SH8207,Aethusa cynapium,0,Aethusa
SH8207,Ajuga reptans,0,Ajuga
SH8207,Alliaria petiolata,0,Alliaria
SH8207,Alnus glutinosa,0,Alnus
SH8207,Anagallis arvensis,0,Anagallis
SH8207,Anchusa arvensis,0,Anchusa
SH8207,Anemone nemorosa,0,Anemone
SH8207,Angelica sylvestris,0,Angelica
SH8207,Anthemis cotula,0,Anthemis
SH8207,Anthriscus caucalis,0,Anthriscus
SH8207,Anthriscus sylvestris,0,Anthriscus
SH8207,Apium nodiflorum,0,Apium
SH8207,Armeria maritima,0,Armeria
SH8207,Artemisia absinthium,0,Artemisia
SH8207,Artemisia annua,0,Artemisia
SH8207,Artemisia vulgaris,0,Artemisia
SH8207,Aster tripolium,0,Aster
SH8207,Atriplex patula,0,Atriplex
SH8207,Atriplex portulacoides,0,Atriplex
SH8207,Ballota nigra,0,Ballota
SH8207,Barbarea vulgaris,0,Barbarea
SH8207,Bellis perennis,0,Bellis
SH8207,Berula erecta,0,Berula
SH8207,Brassica napus,0,Brassica
SH8207,Brassica oleracea,0,Brassica
SH8207,Brassica rapa,0,Brassica
SH8207,Bryonia dioica,0,Bryonia
SH8207,Buddleja davidii,0,Buddleja
SH8207,Bupleurum tenuissimum,0,Bupleurum
SH8207,Calluna vulgaris,0,Calluna
SH8207,Caltha palustris,0,Caltha
SH8207,Calystegia sepium,0,Calystegia
SH8207,Campanula rotundifolia,0,Campanula
SH8207,Capsella bursa,0,Capsella
SH8207,Cardamine flexuosa,0,Cardamine
SH8207,Cardamine hirsuta,0,Cardamine
SH8207,Cardamine pratensis,2,Cardamine
SH8207,Carduus nutans,0,Carduus
SH8207,Carum verticillatum,0,Carum
SH8207,Centaurea cyanus,0,Centaurea
SH8207,Centaurea nigra,0,Centaurea
SH8207,Centaurea scabiosa,0,Centaurea
SH8207,Centaurium erythraea,0,Centaurium
SH8207,Cerastium arvense,0,Cerastium
SH8207,Cerastium fontanum,161,Cerastium
SH8207,Cerastium glomeratum,0,Cerastium
SH8207,Ceratocapnos claviculata,0,Ceratocapnos
SH8207,Chaerophyllum temulum,0,Chaerophyllum
SH8207,Chamaemelum nobile,0,Chamaemelum
SH8207,Chamerion angustifolium,0,Chamerion
SH8207,Chenopodium album,0,Chenopodium
SH8207,Chenopodium ficifolium,0,Chenopodium
SH8207,Chenopodium quinoa,0,Chenopodium
SH8207,Cichorium intybus,0,Cichorium
SH8207,Circaea lutetiana,0,Circaea
SH8207,Cirsium arvense,7,Cirsium
SH8207,Cirsium eriophorum,0,Cirsium
SH8207,Cirsium palustre,832,Cirsium
SH8207,Cirsium vulgare,1,Cirsium
SH8207,Clematis vitalba,0,Clematis
SH8207,Clinopodium vulgare,0,Clinopodium
SH8207,Conium maculatum,0,Conium
SH8207,Conopodium majus,0,Conopodium
SH8207,Convolvulus arvensis,0,Convolvulus
SH8207,Conyza canadensis,0,Conyza
SH8207,Cotoneaster salicifolius,0,Cotoneaster
SH8207,Crataegus monogyna,0,Crataegus
SH8207,Crepis capillaris,0,Crepis
SH8207,Crepis vesicaria,0,Crepis
SH8207,Cruciata laevipes,0,Cruciata
SH8207,Cytisus scoparius,0,Cytisus
SH8207,Dactylorhiza fuchsii,0,Dactylorhiza
SH8207,Dactylorhiza maculata,0,Dactylorhiza
SH8207,Daucus carota,0,Daucus
SH8207,Digitalis ferruginea,0,Digitalis
SH8207,Digitalis grandiflora,0,Digitalis
SH8207,Digitalis purpurea,279,Digitalis
SH8207,Dioscorea communis,0,Dioscorea
SH8207,Doronicum plantagineum,0,Doronicum
SH8207,Drosera anglica,0,Drosera
SH8207,Drosera rotundifolia,0,Drosera
SH8207,Dryas octopetala,0,Dryas
SH8207,Epilobium hirsutum,0,Epilobium
SH8207,Epilobium montanum,0,Epilobium
SH8207,Epilobium obscurum,0,Epilobium
SH8207,Epilobium palustre,0,Epilobium
SH8207,Epilobium parviflorum,0,Epilobium
SH8207,Epilobium roseum,0,Epilobium
SH8207,Epilobium tetragonum,0,Epilobium
SH8207,Erica cinerea,0,Erica
SH8207,Erica tetralix,0,Erica
SH8207,Eriophorum vaginatum,0,Eriophorum
SH8207,Eupatorium cannabinum,0,Eupatorium
SH8207,Euphorbia exigua,0,Euphorbia
SH8207,Euphorbia helioscopia,0,Euphorbia
SH8207,Euphrasia officinalis,0,Euphrasia
SH8207,Fagopyrum esculentum,0,Fagopyrum
SH8207,Fallopia convolvulus,0,Fallopia
SH8207,Filipendula ulmaria,0,Filipendula
SH8207,Fumaria officinalis,0,Fumaria
SH8207,Galeopsis speciosa,0,Galeopsis
SH8207,Galeopsis tetrahit,0,Galeopsis
SH8207,Galium aparine,0,Galium
SH8207,Galium mollugo,0,Galium
SH8207,Galium odoratum,0,Galium
SH8207,Galium palustre,23,Galium
SH8207,Galium saxatile,0,Galium
SH8207,Galium verum,0,Galium
SH8207,Genista anglica,0,Genista
SH8207,Geranium dissectum,0,Geranium
SH8207,Geranium molle,0,Geranium
SH8207,Geranium nodosum,0,Geranium
SH8207,Geranium pratense,0,Geranium
SH8207,Geranium pyrenaicum,0,Geranium
SH8207,Geranium robertianum,0,Geranium
SH8207,Geum urbanum,0,Geum
SH8207,Glechoma hederacea,17.66666666666667,Glechoma
SH8207,Hedera helix,0,Hedera
SH8207,Helianthus annuus,0,Helianthus
SH8207,Heracleum mantegazzianum,0,Heracleum
SH8207,Heracleum sphondylium,0,Heracleum
SH8207,Hippocrepis comosa,0,Hippocrepis
SH8207,Hordeum vulgare,0,Hordeum
SH8207,Hyacinthoides non,0,Hyacinthoides
SH8207,Hypericum forrestii,0,Hypericum
SH8207,Hypericum perforatum,0,Hypericum
SH8207,Hypericum pulchrum,0,Hypericum
SH8207,Hypericum tetrapterum,0,Hypericum
SH8207,Hypochaeris radicata,0,Hypochaeris
SH8207,Ilex aquifolium,0,Ilex
SH8207,Impatiens glandulifera,0,Impatiens
SH8207,Impatiens parviflora,0,Impatiens
SH8207,Iris pseudacorus,0,Iris
SH8207,Jacobaea erucifolia,0,Jacobaea
SH8207,Jacobaea vulgaris,0,Jacobaea
SH8207,Jasione montana,0,Jasione
SH8207,Juncus conglomeratus,0,Juncus
SH8207,Juncus effusus,0,Juncus
SH8207,Knautia arvensis,0,Knautia
SH8207,Lactuca serriola,0,Lactuca
SH8207,Lamium album,0,Lamium
SH8207,Lamium galeobdolon,0,Lamium
SH8207,Lamium purpureum,0,Lamium
SH8207,Lapsana communis,0,Lapsana
SH8207,Lathyrus aphaca,0,Lathyrus
SH8207,Lathyrus linifolius,0,Lathyrus
SH8207,Lathyrus pratensis,0,Lathyrus
SH8207,Leontodon hispidus,0,Leontodon
SH8207,Leontodon saxatilis,0,Leontodon
SH8207,Leucanthemum vulgare,0,Leucanthemum
SH8207,Ligusticum scoticum,0,Ligusticum
SH8207,Limonium vulgare,0,Limonium
SH8207,Linaria vulgaris,0,Linaria
SH8207,Linum catharticum,0,Linum
SH8207,Linum usitatissimum,0,Linum
SH8207,Lonicera caprifolium,0,Lonicera
SH8207,Lonicera periclymenum,0,Lonicera
SH8207,Lotus angustissimus,0,Lotus
SH8207,Lotus corniculatus,23,Lotus
SH8207,Lotus pedunculatus,0,Lotus
SH8207,Lotus subbiflorus,0,Lotus
SH8207,Luzula campestris,50.6,Luzula
SH8207,Lysimachia nemorum,15,Lysimachia
SH8207,Lysimachia punctata,0,Lysimachia
SH8207,Lysimachia vulgaris,0,Lysimachia
SH8207,Lythrum alatum,0,Lythrum
SH8207,Lythrum salicaria,0,Lythrum
SH8207,Malva sylvestris,0,Malva
SH8207,Matricaria chamomilla,0,Matricaria
SH8207,Matricaria discoidea,0,Matricaria
SH8207,Medicago lupulina,5,Medicago
SH8207,Melampyrum pratense,0,Melampyrum
SH8207,Mentha aquatica,0,Mentha
SH8207,Mentha arvensis,0,Mentha
SH8207,Mercurialis perennis,0,Mercurialis
SH8207,Myosotis arvensis,0,Myosotis
SH8207,Myosotis discolor,0,Myosotis
SH8207,Myosotis sylvatica,0,Myosotis
SH8207,Narthecium ossifragum,0,Narthecium
SH8207,Odontites vernus,0,Odontites
SH8207,Oenanthe crocata,0,Oenanthe
SH8207,Origanum vulgare,0,Origanum
SH8207,Ornithopus perpusillus,0,Ornithopus
SH8207,Oxalis acetosella,0,Oxalis
SH8207,Panicum miliaceum,0,Panicum
SH8207,Papaver rhoeas,0,Papaver
SH8207,Pedicularis sylvatica,0,Pedicularis
SH8207,Persicaria amplexicaulis,0,Persicaria
SH8207,Persicaria bistorta,0,Persicaria
SH8207,Persicaria hydropiper,0,Persicaria
SH8207,Persicaria lapathifolia,0,Persicaria
SH8207,Persicaria maculosa,0,Persicaria
SH8207,Peucedanum ostruthium,0,Peucedanum
SH8207,Picris echioides,0,Picris
SH8207,Picris hieracioides,0,Picris
SH8207,Pilosella officinarum,0,Pilosella
SH8207,Pimpinella saxifraga,0,Pimpinella
SH8207,Pinguicula vulgaris,0,Pinguicula
SH8207,Plantago lanceolata,31,Plantago
SH8207,Plantago major,0,Plantago
SH8207,Plantago maritima,0,Plantago
SH8207,Poa annua,0,Poa
SH8207,Polygala serpyllifolia,0,Polygala
SH8207,Polygala vulgaris,0,Polygala
SH8207,Polygonum aviculare,0,Polygonum
SH8207,Potentilla anglica,0,Potentilla
SH8207,Potentilla anserina,0,Potentilla
SH8207,Potentilla erecta,151,Potentilla
SH8207,Potentilla recta,0,Potentilla
SH8207,Potentilla reptans,0,Potentilla
SH8207,Prunella vulgaris,443.7,Prunella
SH8207,Prunus spinosa,0,Prunus
SH8207,Pulicaria dysenterica,0,Pulicaria
SH8207,Ranunculus acris,0,Ranunculus
SH8207,Ranunculus bulbosus,0,Ranunculus
SH8207,Ranunculus ficaria,0,Ranunculus
SH8207,Ranunculus flammula,0,Ranunculus
SH8207,Ranunculus repens,148,Ranunculus
SH8207,Ranunculus sardous,0,Ranunculus
SH8207,Raphanus raphanistrum,0,Raphanus
SH8207,Raphanus sativus,0,Raphanus
SH8207,Rhinanthus minor,0,Rhinanthus
SH8207,Rosa arvensis,0,Rosa
SH8207,Rosa canina,0,Rosa
SH8207,Rubus caesius,0,Rubus
SH8207,Rubus fruticosus,0,Rubus
SH8207,Rubus idaeus,0,Rubus
SH8207,Rumex acetosa,0,Rumex
SH8207,Rumex acetosella,2,Rumex
SH8207,Rumex crispus,0,Rumex
SH8207,Rumex obtusifolius,0,Rumex
SH8207,Rumex sanguineus,0,Rumex
SH8207,Sagina saginoides,39,Sagina
SH8207,Sambucus nigra,0,Sambucus
SH8207,Sanguisorba officinalis,0,Sanguisorba
SH8207,Scorzoneroides autumnalis,1,Scorzoneroides
SH8207,Scrophularia auriculata,0,Scrophularia
SH8207,Scrophularia nodosa,0,Scrophularia
SH8207,Sedum anglicum,0,Sedum
SH8207,Senecio erucifolius,0,Senecio
SH8207,Senecio jacobaea,0,Senecio
SH8207,Senecio vulgaris,0,Senecio
SH8207,Sherardia arvensis,0,Sherardia
SH8207,Silene dioica,0,Silene
SH8207,Silene latifolia,0,Silene
SH8207,Silybum marianum,0,Silybum
SH8207,Sinapis alba,0,Sinapis
SH8207,Sinapis arvensis,0,Sinapis
SH8207,Sisymbrium officinale,0,Sisymbrium
SH8207,Solanum dulcamara,0,Solanum
SH8207,Solanum nigrum,0,Solanum
SH8207,Solanum tuberosum,0,Solanum
SH8207,Sonchus arvensis,0,Sonchus
SH8207,Sonchus asper,0,Sonchus
SH8207,Sonchus oleraceus,0,Sonchus
SH8207,Sorbus aucuparia,0,Sorbus
SH8207,Spergula arvensis,0,Spergula
SH8207,Spergularia media,0,Spergularia
SH8207,Stachys arvensis,0,Stachys
SH8207,Stachys palustris,0,Stachys
SH8207,Stachys sylvatica,0,Stachys
SH8207,Stellaria alsine,0,Stellaria
SH8207,Stellaria graminea,49,Stellaria
SH8207,Stellaria holostea,0,Stellaria
SH8207,Stellaria media,4,Stellaria
SH8207,Suaeda maritima,0,Suaeda
SH8207,Succisa pratensis,0,Succisa
SH8207,Symphytum officinale,0,Symphytum
SH8207,Taraxacum agg,0,Taraxacum
SH8207,Taraxacum officinale,0,Taraxacum
SH8207,Teucrium scorodonia,0,Teucrium
SH8207,Thlaspi arvense,0,Thlaspi
SH8207,Thymus polytrichus,0,Thymus
SH8207,Thymus vulgaris,0,Thymus
SH8207,Torilis japonica,0,Torilis
SH8207,Tragopogon pratensis,0,Tragopogon
SH8207,Trientalis europaea,0,Trientalis
SH8207,Trifolium arvense,0,Trifolium
SH8207,Trifolium campestre,0,Trifolium
SH8207,Trifolium constantinopolitanum,0,Trifolium
SH8207,Trifolium dubium,0,Trifolium
SH8207,Trifolium pratense,0,Trifolium
SH8207,Trifolium repens,340,Trifolium
SH8207,Tripleurospermum inodorum,0,Tripleurospermum
SH8207,Tripleurospermum maritimum,0,Tripleurospermum
SH8207,Turgenia latifolia,0,Turgenia
SH8207,Ulex europaeus,0,Ulex
SH8207,Ulex gallii,0,Ulex
SH8207,Urtica dioica,40,Urtica
SH8207,Vaccinium myrtillus,0,Vaccinium
SH8207,Vaccinium oxycoccos,0,Vaccinium
SH8207,Vaccinium vitis,0,Vaccinium
SH8207,Valeriana dioica,0,Valeriana
SH8207,Valeriana officinalis,0,Valeriana
SH8207,Verbena officinalis,0,Verbena
SH8207,Verbena x,0,Verbena
SH8207,Veronica agrestis,0,Veronica
SH8207,Veronica arvensis,0,Veronica
SH8207,Veronica beccabunga,0,Veronica
SH8207,Veronica chamaedrys,253,Veronica
SH8207,Veronica hederifolia,0,Veronica
SH8207,Veronica montana,0,Veronica
SH8207,Veronica officinalis,0,Veronica
SH8207,Veronica persica,0,Veronica
SH8207,Veronica polita,0,Veronica
SH8207,Veronica serpyllifolia,90,Veronica
SH8207,Vicia benghalensis,0,Vicia
SH8207,Vicia cracca,0,Vicia
SH8207,Vicia faba,0,Vicia
SH8207,Vicia hirsuta,0,Vicia
SH8207,Vicia lutea,0,Vicia
SH8207,Vicia sativa,0,Vicia
SH8207,Vicia sepium,0,Vicia
SH8207,Vicia spp,0,Vicia
SH8207,Vicia tetrasperma,0,Vicia
SH8207,Viola arvensis,0,Viola
SH8207,Viola canina,0,Viola
SH8207,Viola palustris,0,Viola
SH8207,Viola riviniana,0,Viola
SH8207,Zea mays,0,Zea
SK0484,Acer pseudoplatanus,0,Acer
SK0484,Achillea millefolium,21,Achillea
SK0484,Achillea ptarmica,0,Achillea
SK0484,Aegopodium podagraria,0,Aegopodium
SK0484,Aethusa cynapium,0,Aethusa
SK0484,Ajuga reptans,0,Ajuga
SK0484,Alliaria petiolata,0,Alliaria
SK0484,Alnus glutinosa,0,Alnus
SK0484,Anagallis arvensis,0,Anagallis
SK0484,Anchusa arvensis,0,Anchusa
SK0484,Anemone nemorosa,0,Anemone
SK0484,Angelica sylvestris,0,Angelica
SK0484,Anthemis cotula,0,Anthemis
SK0484,Anthriscus caucalis,0,Anthriscus
SK0484,Anthriscus sylvestris,5,Anthriscus
SK0484,Apium nodiflorum,0,Apium
SK0484,Armeria maritima,0,Armeria
SK0484,Artemisia absinthium,0,Artemisia
SK0484,Artemisia annua,0,Artemisia
SK0484,Artemisia vulgaris,0,Artemisia
SK0484,Aster tripolium,0,Aster
SK0484,Atriplex patula,0,Atriplex
SK0484,Atriplex portulacoides,0,Atriplex
SK0484,Ballota nigra,0,Ballota
SK0484,Barbarea vulgaris,0,Barbarea
SK0484,Bellis perennis,0,Bellis
SK0484,Berula erecta,0,Berula
SK0484,Brassica napus,0,Brassica
SK0484,Brassica oleracea,0,Brassica
SK0484,Brassica rapa,0,Brassica
SK0484,Bryonia dioica,0,Bryonia
SK0484,Buddleja davidii,0,Buddleja
SK0484,Bupleurum tenuissimum,0,Bupleurum
SK0484,Calluna vulgaris,0,Calluna
SK0484,Caltha palustris,0,Caltha
SK0484,Calystegia sepium,0,Calystegia
SK0484,Campanula rotundifolia,0,Campanula
SK0484,Capsella bursa,0,Capsella
SK0484,Cardamine flexuosa,0,Cardamine
SK0484,Cardamine hirsuta,0,Cardamine
SK0484,Cardamine pratensis,8,Cardamine
SK0484,Carduus nutans,0,Carduus
SK0484,Carum verticillatum,0,Carum
SK0484,Centaurea cyanus,0,Centaurea
SK0484,Centaurea nigra,0,Centaurea
SK0484,Centaurea scabiosa,0,Centaurea
SK0484,Centaurium erythraea,0,Centaurium
SK0484,Cerastium arvense,0,Cerastium
SK0484,Cerastium fontanum,7,Cerastium
SK0484,Cerastium glomeratum,0,Cerastium
SK0484,Ceratocapnos claviculata,0,Ceratocapnos
SK0484,Chaerophyllum temulum,0,Chaerophyllum
SK0484,Chamaemelum nobile,0,Chamaemelum
SK0484,Chamerion angustifolium,5,Chamerion
SK0484,Chenopodium album,0,Chenopodium
SK0484,Chenopodium ficifolium,0,Chenopodium
SK0484,Chenopodium quinoa,0,Chenopodium
SK0484,Cichorium intybus,0,Cichorium
SK0484,Circaea lutetiana,0,Circaea
SK0484,Cirsium arvense,2,Cirsium
SK0484,Cirsium eriophorum,0,Cirsium
SK0484,Cirsium palustre,10,Cirsium
SK0484,Cirsium vulgare,8,Cirsium
SK0484,Clematis vitalba,0,Clematis
SK0484,Clinopodium vulgare,0,Clinopodium
SK0484,Conium maculatum,0,Conium
SK0484,Conopodium majus,0,Conopodium
SK0484,Convolvulus arvensis,0,Convolvulus
SK0484,Conyza canadensis,0,Conyza
SK0484,Cotoneaster salicifolius,0,Cotoneaster
SK0484,Crataegus monogyna,124,Crataegus
SK0484,Crepis capillaris,0,Crepis
SK0484,Crepis vesicaria,0,Crepis
SK0484,Cruciata laevipes,0,Cruciata
SK0484,Cytisus scoparius,0,Cytisus
SK0484,Dactylorhiza fuchsii,0,Dactylorhiza
SK0484,Dactylorhiza maculata,0,Dactylorhiza
SK0484,Daucus carota,0,Daucus
SK0484,Digitalis ferruginea,0,Digitalis
SK0484,Digitalis grandiflora,0,Digitalis
SK0484,Digitalis purpurea,0,Digitalis
SK0484,Dioscorea communis,0,Dioscorea
SK0484,Doronicum plantagineum,0,Doronicum
SK0484,Drosera anglica,0,Drosera
SK0484,Drosera rotundifolia,0,Drosera
SK0484,Dryas octopetala,0,Dryas
SK0484,Epilobium hirsutum,0,Epilobium
SK0484,Epilobium montanum,0,Epilobium
SK0484,Epilobium obscurum,0,Epilobium
SK0484,Epilobium palustre,0,Epilobium
SK0484,Epilobium parviflorum,0,Epilobium
SK0484,Epilobium roseum,0,Epilobium
SK0484,Epilobium tetragonum,0,Epilobium
SK0484,Erica cinerea,0,Erica
SK0484,Erica tetralix,0,Erica
SK0484,Eriophorum vaginatum,0,Eriophorum
SK0484,Eupatorium cannabinum,0,Eupatorium
SK0484,Euphorbia exigua,0,Euphorbia
SK0484,Euphorbia helioscopia,0,Euphorbia
SK0484,Euphrasia officinalis,0,Euphrasia
SK0484,Fagopyrum esculentum,0,Fagopyrum
SK0484,Fallopia convolvulus,0,Fallopia
SK0484,Filipendula ulmaria,0,Filipendula
SK0484,Fumaria officinalis,0,Fumaria
SK0484,Galeopsis speciosa,0,Galeopsis
SK0484,Galeopsis tetrahit,0,Galeopsis
SK0484,Galium aparine,0,Galium
SK0484,Galium mollugo,0,Galium
SK0484,Galium odoratum,0,Galium
SK0484,Galium palustre,0,Galium
SK0484,Galium saxatile,20,Galium
SK0484,Galium verum,0,Galium
SK0484,Genista anglica,0,Genista
SK0484,Geranium dissectum,0,Geranium
SK0484,Geranium molle,0,Geranium
SK0484,Geranium nodosum,0,Geranium
SK0484,Geranium pratense,0,Geranium
SK0484,Geranium pyrenaicum,0,Geranium
SK0484,Geranium robertianum,0,Geranium
SK0484,Geum urbanum,0,Geum
SK0484,Glechoma hederacea,0,Glechoma
SK0484,Hedera helix,0,Hedera
SK0484,Helianthus annuus,0,Helianthus
SK0484,Heracleum mantegazzianum,0,Heracleum
SK0484,Heracleum sphondylium,1,Heracleum
SK0484,Hippocrepis comosa,0,Hippocrepis
SK0484,Hordeum vulgare,0,Hordeum
SK0484,Hyacinthoides non,0,Hyacinthoides
SK0484,Hypericum forrestii,0,Hypericum
SK0484,Hypericum perforatum,0,Hypericum
SK0484,Hypericum pulchrum,0,Hypericum
SK0484,Hypericum tetrapterum,0,Hypericum
SK0484,Hypochaeris radicata,0,Hypochaeris
SK0484,Ilex aquifolium,0,Ilex
SK0484,Impatiens glandulifera,0,Impatiens
SK0484,Impatiens parviflora,0,Impatiens
SK0484,Iris pseudacorus,0,Iris
SK0484,Jacobaea erucifolia,0,Jacobaea
SK0484,Jacobaea vulgaris,0,Jacobaea
SK0484,Jasione montana,0,Jasione
SK0484,Juncus conglomeratus,0,Juncus
SK0484,Juncus effusus,0,Juncus
SK0484,Knautia arvensis,0,Knautia
SK0484,Lactuca serriola,0,Lactuca
SK0484,Lamium album,0,Lamium
SK0484,Lamium galeobdolon,0,Lamium
SK0484,Lamium purpureum,0,Lamium
SK0484,Lapsana communis,0,Lapsana
SK0484,Lathyrus aphaca,0,Lathyrus
SK0484,Lathyrus linifolius,0,Lathyrus
SK0484,Lathyrus pratensis,0,Lathyrus
SK0484,Leontodon hispidus,0,Leontodon
SK0484,Leontodon saxatilis,0,Leontodon
SK0484,Leucanthemum vulgare,0,Leucanthemum
SK0484,Ligusticum scoticum,0,Ligusticum
SK0484,Limonium vulgare,0,Limonium
SK0484,Linaria vulgaris,0,Linaria
SK0484,Linum catharticum,0,Linum
SK0484,Linum usitatissimum,0,Linum
SK0484,Lonicera caprifolium,0,Lonicera
SK0484,Lonicera periclymenum,0,Lonicera
SK0484,Lotus angustissimus,0,Lotus
SK0484,Lotus corniculatus,0,Lotus
SK0484,Lotus pedunculatus,0,Lotus
SK0484,Lotus subbiflorus,0,Lotus
SK0484,Luzula campestris,0,Luzula
SK0484,Lysimachia nemorum,0,Lysimachia
SK0484,Lysimachia punctata,0,Lysimachia
SK0484,Lysimachia vulgaris,0,Lysimachia
SK0484,Lythrum alatum,0,Lythrum
SK0484,Lythrum salicaria,0,Lythrum
SK0484,Malva sylvestris,0,Malva
SK0484,Matricaria chamomilla,0,Matricaria
SK0484,Matricaria discoidea,0,Matricaria
SK0484,Medicago lupulina,0,Medicago
SK0484,Melampyrum pratense,0,Melampyrum
SK0484,Mentha aquatica,0,Mentha
SK0484,Mentha arvensis,0,Mentha
SK0484,Mercurialis perennis,0,Mercurialis
SK0484,Myosotis arvensis,0,Myosotis
SK0484,Myosotis discolor,0,Myosotis
SK0484,Myosotis sylvatica,0,Myosotis
SK0484,Narthecium ossifragum,0,Narthecium
SK0484,Odontites vernus,0,Odontites
SK0484,Oenanthe crocata,0,Oenanthe
SK0484,Origanum vulgare,0,Origanum
SK0484,Ornithopus perpusillus,0,Ornithopus
SK0484,Oxalis acetosella,0,Oxalis
SK0484,Panicum miliaceum,0,Panicum
SK0484,Papaver rhoeas,0,Papaver
SK0484,Pedicularis sylvatica,0,Pedicularis
SK0484,Persicaria amplexicaulis,0,Persicaria
SK0484,Persicaria bistorta,0,Persicaria
SK0484,Persicaria hydropiper,0,Persicaria
SK0484,Persicaria lapathifolia,0,Persicaria
SK0484,Persicaria maculosa,0,Persicaria
SK0484,Peucedanum ostruthium,0,Peucedanum
SK0484,Picris echioides,0,Picris
SK0484,Picris hieracioides,0,Picris
SK0484,Pilosella officinarum,0,Pilosella
SK0484,Pimpinella saxifraga,0,Pimpinella
SK0484,Pinguicula vulgaris,0,Pinguicula
SK0484,Plantago lanceolata,0,Plantago
SK0484,Plantago major,0,Plantago
SK0484,Plantago maritima,0,Plantago
SK0484,Poa annua,0,Poa
SK0484,Polygala serpyllifolia,0,Polygala
SK0484,Polygala vulgaris,0,Polygala
SK0484,Polygonum aviculare,0,Polygonum
SK0484,Potentilla anglica,0,Potentilla
SK0484,Potentilla anserina,0,Potentilla
SK0484,Potentilla erecta,50,Potentilla
SK0484,Potentilla recta,0,Potentilla
SK0484,Potentilla reptans,0,Potentilla
SK0484,Prunella vulgaris,0,Prunella
SK0484,Prunus spinosa,0,Prunus
SK0484,Pulicaria dysenterica,0,Pulicaria
SK0484,Ranunculus acris,215,Ranunculus
SK0484,Ranunculus bulbosus,0,Ranunculus
SK0484,Ranunculus ficaria,0,Ranunculus
SK0484,Ranunculus flammula,0,Ranunculus
SK0484,Ranunculus repens,8,Ranunculus
SK0484,Ranunculus sardous,0,Ranunculus
SK0484,Raphanus raphanistrum,0,Raphanus
SK0484,Raphanus sativus,0,Raphanus
SK0484,Rhinanthus minor,200,Rhinanthus
SK0484,Rosa arvensis,0,Rosa
SK0484,Rosa canina,0,Rosa
SK0484,Rubus caesius,0,Rubus
SK0484,Rubus fruticosus,0,Rubus
SK0484,Rubus idaeus,0,Rubus
SK0484,Rumex acetosa,0,Rumex
SK0484,Rumex acetosella,0,Rumex
SK0484,Rumex crispus,0,Rumex
SK0484,Rumex obtusifolius,0,Rumex
SK0484,Rumex sanguineus,0,Rumex
SK0484,Sagina saginoides,0,Sagina
SK0484,Sambucus nigra,0,Sambucus
SK0484,Sanguisorba officinalis,0,Sanguisorba
SK0484,Scorzoneroides autumnalis,0,Scorzoneroides
SK0484,Scrophularia auriculata,0,Scrophularia
SK0484,Scrophularia nodosa,0,Scrophularia
SK0484,Sedum anglicum,0,Sedum
SK0484,Senecio erucifolius,0,Senecio
SK0484,Senecio jacobaea,3,Senecio
SK0484,Senecio vulgaris,0,Senecio
SK0484,Sherardia arvensis,0,Sherardia
SK0484,Silene dioica,0,Silene
SK0484,Silene latifolia,0,Silene
SK0484,Silybum marianum,0,Silybum
SK0484,Sinapis alba,0,Sinapis
SK0484,Sinapis arvensis,0,Sinapis
SK0484,Sisymbrium officinale,0,Sisymbrium
SK0484,Solanum dulcamara,0,Solanum
SK0484,Solanum nigrum,0,Solanum
SK0484,Solanum tuberosum,0,Solanum
SK0484,Sonchus arvensis,0,Sonchus
SK0484,Sonchus asper,0,Sonchus
SK0484,Sonchus oleraceus,0,Sonchus
SK0484,Sorbus aucuparia,0,Sorbus
SK0484,Spergula arvensis,0,Spergula
SK0484,Spergularia media,0,Spergularia
SK0484,Stachys arvensis,0,Stachys
SK0484,Stachys palustris,0,Stachys
SK0484,Stachys sylvatica,0,Stachys
SK0484,Stellaria alsine,0,Stellaria
SK0484,Stellaria graminea,0,Stellaria
SK0484,Stellaria holostea,0,Stellaria
SK0484,Stellaria media,0,Stellaria
SK0484,Suaeda maritima,0,Suaeda
SK0484,Succisa pratensis,0,Succisa
SK0484,Symphytum officinale,0,Symphytum
SK0484,Taraxacum agg,0,Taraxacum
SK0484,Taraxacum officinale,0,Taraxacum
SK0484,Teucrium scorodonia,0,Teucrium
SK0484,Thlaspi arvense,0,Thlaspi
SK0484,Thymus polytrichus,0,Thymus
SK0484,Thymus vulgaris,0,Thymus
SK0484,Torilis japonica,0,Torilis
SK0484,Tragopogon pratensis,0,Tragopogon
SK0484,Trientalis europaea,0,Trientalis
SK0484,Trifolium arvense,0,Trifolium
SK0484,Trifolium campestre,0,Trifolium
SK0484,Trifolium constantinopolitanum,0,Trifolium
SK0484,Trifolium dubium,20,Trifolium
SK0484,Trifolium pratense,1,Trifolium
SK0484,Trifolium repens,114,Trifolium
SK0484,Tripleurospermum inodorum,0,Tripleurospermum
SK0484,Tripleurospermum maritimum,0,Tripleurospermum
SK0484,Turgenia latifolia,0,Turgenia
SK0484,Ulex europaeus,0,Ulex
SK0484,Ulex gallii,0,Ulex
SK0484,Urtica dioica,0,Urtica
SK0484,Vaccinium myrtillus,0,Vaccinium
SK0484,Vaccinium oxycoccos,0,Vaccinium
SK0484,Vaccinium vitis,0,Vaccinium
SK0484,Valeriana dioica,0,Valeriana
SK0484,Valeriana officinalis,0,Valeriana
SK0484,Verbena officinalis,0,Verbena
SK0484,Verbena x,0,Verbena
SK0484,Veronica agrestis,0,Veronica
SK0484,Veronica arvensis,0,Veronica
SK0484,Veronica beccabunga,0,Veronica
SK0484,Veronica chamaedrys,0,Veronica
SK0484,Veronica hederifolia,0,Veronica
SK0484,Veronica montana,0,Veronica
SK0484,Veronica officinalis,0,Veronica
SK0484,Veronica persica,0,Veronica
SK0484,Veronica polita,0,Veronica
SK0484,Veronica serpyllifolia,0,Veronica
SK0484,Vicia benghalensis,0,Vicia
SK0484,Vicia cracca,0,Vicia
SK0484,Vicia faba,0,Vicia
SK0484,Vicia hirsuta,0,Vicia
SK0484,Vicia lutea,0,Vicia
SK0484,Vicia sativa,0,Vicia
SK0484,Vicia sepium,0,Vicia
SK0484,Vicia spp,0,Vicia
SK0484,Vicia tetrasperma,0,Vicia
SK0484,Viola arvensis,0,Viola
SK0484,Viola canina,0,Viola
SK0484,Viola palustris,0,Viola
SK0484,Viola riviniana,0,Viola
SK0484,Zea mays,0,Zea
SK1590,Acer pseudoplatanus,0,Acer
SK1590,Achillea millefolium,0,Achillea
SK1590,Achillea ptarmica,0,Achillea
SK1590,Aegopodium podagraria,0,Aegopodium
SK1590,Aethusa cynapium,0,Aethusa
SK1590,Ajuga reptans,0,Ajuga
SK1590,Alliaria petiolata,0,Alliaria
SK1590,Alnus glutinosa,0,Alnus
SK1590,Anagallis arvensis,0,Anagallis
SK1590,Anchusa arvensis,0,Anchusa
SK1590,Anemone nemorosa,0,Anemone
SK1590,Angelica sylvestris,0,Angelica
SK1590,Anthemis cotula,0,Anthemis
SK1590,Anthriscus caucalis,0,Anthriscus
SK1590,Anthriscus sylvestris,0,Anthriscus
SK1590,Apium nodiflorum,0,Apium
SK1590,Armeria maritima,0,Armeria
SK1590,Artemisia absinthium,0,Artemisia
SK1590,Artemisia annua,0,Artemisia
SK1590,Artemisia vulgaris,0,Artemisia
SK1590,Aster tripolium,0,Aster
SK1590,Atriplex patula,0,Atriplex
SK1590,Atriplex portulacoides,0,Atriplex
SK1590,Ballota nigra,0,Ballota
SK1590,Barbarea vulgaris,0,Barbarea
SK1590,Bellis perennis,0,Bellis
SK1590,Berula erecta,0,Berula
SK1590,Brassica napus,0,Brassica
SK1590,Brassica oleracea,0,Brassica
SK1590,Brassica rapa,0,Brassica
SK1590,Bryonia dioica,0,Bryonia
SK1590,Buddleja davidii,0,Buddleja
SK1590,Bupleurum tenuissimum,0,Bupleurum
SK1590,Calluna vulgaris,1133,Calluna
SK1590,Caltha palustris,0,Caltha
SK1590,Calystegia sepium,0,Calystegia
SK1590,Campanula rotundifolia,0,Campanula
SK1590,Capsella bursa,0,Capsella
SK1590,Cardamine flexuosa,0,Cardamine
SK1590,Cardamine hirsuta,0,Cardamine
SK1590,Cardamine pratensis,0,Cardamine
SK1590,Carduus nutans,0,Carduus
SK1590,Carum verticillatum,0,Carum
SK1590,Centaurea cyanus,0,Centaurea
SK1590,Centaurea nigra,0,Centaurea
SK1590,Centaurea scabiosa,0,Centaurea
SK1590,Centaurium erythraea,0,Centaurium
SK1590,Cerastium arvense,0,Cerastium
SK1590,Cerastium fontanum,0,Cerastium
SK1590,Cerastium glomeratum,0,Cerastium
SK1590,Ceratocapnos claviculata,0,Ceratocapnos
SK1590,Chaerophyllum temulum,0,Chaerophyllum
SK1590,Chamaemelum nobile,0,Chamaemelum
SK1590,Chamerion angustifolium,0,Chamerion
SK1590,Chenopodium album,0,Chenopodium
SK1590,Chenopodium ficifolium,0,Chenopodium
SK1590,Chenopodium quinoa,0,Chenopodium
SK1590,Cichorium intybus,0,Cichorium
SK1590,Circaea lutetiana,0,Circaea
SK1590,Cirsium arvense,0,Cirsium
SK1590,Cirsium eriophorum,0,Cirsium
SK1590,Cirsium palustre,0,Cirsium
SK1590,Cirsium vulgare,0,Cirsium
SK1590,Clematis vitalba,0,Clematis
SK1590,Clinopodium vulgare,0,Clinopodium
SK1590,Conium maculatum,0,Conium
SK1590,Conopodium majus,0,Conopodium
SK1590,Convolvulus arvensis,0,Convolvulus
SK1590,Conyza canadensis,0,Conyza
SK1590,Cotoneaster salicifolius,0,Cotoneaster
SK1590,Crataegus monogyna,0,Crataegus
SK1590,Crepis capillaris,0,Crepis
SK1590,Crepis vesicaria,0,Crepis
SK1590,Cruciata laevipes,0,Cruciata
SK1590,Cytisus scoparius,0,Cytisus
SK1590,Dactylorhiza fuchsii,0,Dactylorhiza
SK1590,Dactylorhiza maculata,0,Dactylorhiza
SK1590,Daucus carota,0,Daucus
SK1590,Digitalis ferruginea,0,Digitalis
SK1590,Digitalis grandiflora,0,Digitalis
SK1590,Digitalis purpurea,0,Digitalis
SK1590,Dioscorea communis,0,Dioscorea
SK1590,Doronicum plantagineum,0,Doronicum
SK1590,Drosera anglica,0,Drosera
SK1590,Drosera rotundifolia,0,Drosera
SK1590,Dryas octopetala,0,Dryas
SK1590,Epilobium hirsutum,0,Epilobium
SK1590,Epilobium montanum,0,Epilobium
SK1590,Epilobium obscurum,0,Epilobium
SK1590,Epilobium palustre,0,Epilobium
SK1590,Epilobium parviflorum,0,Epilobium
SK1590,Epilobium roseum,0,Epilobium
SK1590,Epilobium tetragonum,0,Epilobium
SK1590,Erica cinerea,525,Erica
SK1590,Erica tetralix,0,Erica
SK1590,Eriophorum vaginatum,0,Eriophorum
SK1590,Eupatorium cannabinum,0,Eupatorium
SK1590,Euphorbia exigua,0,Euphorbia
SK1590,Euphorbia helioscopia,0,Euphorbia
SK1590,Euphrasia officinalis,0,Euphrasia
SK1590,Fagopyrum esculentum,0,Fagopyrum
SK1590,Fallopia convolvulus,0,Fallopia
SK1590,Filipendula ulmaria,0,Filipendula
SK1590,Fumaria officinalis,0,Fumaria
SK1590,Galeopsis speciosa,0,Galeopsis
SK1590,Galeopsis tetrahit,0,Galeopsis
SK1590,Galium aparine,0,Galium
SK1590,Galium mollugo,0,Galium
SK1590,Galium odoratum,0,Galium
SK1590,Galium palustre,0,Galium
SK1590,Galium saxatile,11,Galium
SK1590,Galium verum,0,Galium
SK1590,Genista anglica,0,Genista
SK1590,Geranium dissectum,0,Geranium
SK1590,Geranium molle,0,Geranium
SK1590,Geranium nodosum,0,Geranium
SK1590,Geranium pratense,0,Geranium
SK1590,Geranium pyrenaicum,0,Geranium
SK1590,Geranium robertianum,0,Geranium
SK1590,Geum urbanum,0,Geum
SK1590,Glechoma hederacea,0,Glechoma
SK1590,Hedera helix,0,Hedera
SK1590,Helianthus annuus,0,Helianthus
SK1590,Heracleum mantegazzianum,0,Heracleum
SK1590,Heracleum sphondylium,0,Heracleum
SK1590,Hippocrepis comosa,0,Hippocrepis
SK1590,Hordeum vulgare,0,Hordeum
SK1590,Hyacinthoides non,0,Hyacinthoides
SK1590,Hypericum forrestii,0,Hypericum
SK1590,Hypericum perforatum,0,Hypericum
SK1590,Hypericum pulchrum,0,Hypericum
SK1590,Hypericum tetrapterum,0,Hypericum
SK1590,Hypochaeris radicata,0,Hypochaeris
SK1590,Ilex aquifolium,0,Ilex
SK1590,Impatiens glandulifera,0,Impatiens
SK1590,Impatiens parviflora,0,Impatiens
SK1590,Iris pseudacorus,0,Iris
SK1590,Jacobaea erucifolia,0,Jacobaea
SK1590,Jacobaea vulgaris,0,Jacobaea
SK1590,Jasione montana,0,Jasione
SK1590,Juncus conglomeratus,0,Juncus
SK1590,Juncus effusus,0,Juncus
SK1590,Knautia arvensis,0,Knautia
SK1590,Lactuca serriola,0,Lactuca
SK1590,Lamium album,0,Lamium
SK1590,Lamium galeobdolon,0,Lamium
SK1590,Lamium purpureum,0,Lamium
SK1590,Lapsana communis,0,Lapsana
SK1590,Lathyrus aphaca,0,Lathyrus
SK1590,Lathyrus linifolius,0,Lathyrus
SK1590,Lathyrus pratensis,0,Lathyrus
SK1590,Leontodon hispidus,0,Leontodon
SK1590,Leontodon saxatilis,0,Leontodon
SK1590,Leucanthemum vulgare,0,Leucanthemum
SK1590,Ligusticum scoticum,0,Ligusticum
SK1590,Limonium vulgare,0,Limonium
SK1590,Linaria vulgaris,0,Linaria
SK1590,Linum catharticum,0,Linum
SK1590,Linum usitatissimum,0,Linum
SK1590,Lonicera caprifolium,0,Lonicera
SK1590,Lonicera periclymenum,0,Lonicera
SK1590,Lotus angustissimus,0,Lotus
SK1590,Lotus corniculatus,0,Lotus
SK1590,Lotus pedunculatus,0,Lotus
SK1590,Lotus subbiflorus,0,Lotus
SK1590,Luzula campestris,0,Luzula
SK1590,Lysimachia nemorum,0,Lysimachia
SK1590,Lysimachia punctata,0,Lysimachia
SK1590,Lysimachia vulgaris,0,Lysimachia
SK1590,Lythrum alatum,0,Lythrum
SK1590,Lythrum salicaria,0,Lythrum
SK1590,Malva sylvestris,0,Malva
SK1590,Matricaria chamomilla,0,Matricaria
SK1590,Matricaria discoidea,0,Matricaria
SK1590,Medicago lupulina,0,Medicago
SK1590,Melampyrum pratense,0,Melampyrum
SK1590,Mentha aquatica,0,Mentha
SK1590,Mentha arvensis,0,Mentha
SK1590,Mercurialis perennis,0,Mercurialis
SK1590,Myosotis arvensis,0,Myosotis
SK1590,Myosotis discolor,0,Myosotis
SK1590,Myosotis sylvatica,0,Myosotis
SK1590,Narthecium ossifragum,0,Narthecium
SK1590,Odontites vernus,0,Odontites
SK1590,Oenanthe crocata,0,Oenanthe
SK1590,Origanum vulgare,0,Origanum
SK1590,Ornithopus perpusillus,0,Ornithopus
SK1590,Oxalis acetosella,0,Oxalis
SK1590,Panicum miliaceum,0,Panicum
SK1590,Papaver rhoeas,0,Papaver
SK1590,Pedicularis sylvatica,0,Pedicularis
SK1590,Persicaria amplexicaulis,0,Persicaria
SK1590,Persicaria bistorta,0,Persicaria
SK1590,Persicaria hydropiper,0,Persicaria
SK1590,Persicaria lapathifolia,0,Persicaria
SK1590,Persicaria maculosa,0,Persicaria
SK1590,Peucedanum ostruthium,0,Peucedanum
SK1590,Picris echioides,0,Picris
SK1590,Picris hieracioides,0,Picris
SK1590,Pilosella officinarum,0,Pilosella
SK1590,Pimpinella saxifraga,0,Pimpinella
SK1590,Pinguicula vulgaris,0,Pinguicula
SK1590,Plantago lanceolata,0,Plantago
SK1590,Plantago major,0,Plantago
SK1590,Plantago maritima,0,Plantago
SK1590,Poa annua,0,Poa
SK1590,Polygala serpyllifolia,0,Polygala
SK1590,Polygala vulgaris,0,Polygala
SK1590,Polygonum aviculare,0,Polygonum
SK1590,Potentilla anglica,0,Potentilla
SK1590,Potentilla anserina,0,Potentilla
SK1590,Potentilla erecta,0,Potentilla
SK1590,Potentilla recta,0,Potentilla
SK1590,Potentilla reptans,0,Potentilla
SK1590,Prunella vulgaris,0,Prunella
SK1590,Prunus spinosa,0,Prunus
SK1590,Pulicaria dysenterica,0,Pulicaria
SK1590,Ranunculus acris,0,Ranunculus
SK1590,Ranunculus bulbosus,0,Ranunculus
SK1590,Ranunculus ficaria,0,Ranunculus
SK1590,Ranunculus flammula,0,Ranunculus
SK1590,Ranunculus repens,0,Ranunculus
SK1590,Ranunculus sardous,0,Ranunculus
SK1590,Raphanus raphanistrum,0,Raphanus
SK1590,Raphanus sativus,0,Raphanus
SK1590,Rhinanthus minor,0,Rhinanthus
SK1590,Rosa arvensis,0,Rosa
SK1590,Rosa canina,0,Rosa
SK1590,Rubus caesius,0,Rubus
SK1590,Rubus fruticosus,0,Rubus
SK1590,Rubus idaeus,0,Rubus
SK1590,Rumex acetosa,0,Rumex
SK1590,Rumex acetosella,0,Rumex
SK1590,Rumex crispus,0,Rumex
SK1590,Rumex obtusifolius,0,Rumex
SK1590,Rumex sanguineus,0,Rumex
SK1590,Sagina saginoides,0,Sagina
SK1590,Sambucus nigra,0,Sambucus
SK1590,Sanguisorba officinalis,0,Sanguisorba
SK1590,Scorzoneroides autumnalis,0,Scorzoneroides
SK1590,Scrophularia auriculata,0,Scrophularia
SK1590,Scrophularia nodosa,0,Scrophularia
SK1590,Sedum anglicum,0,Sedum
SK1590,Senecio erucifolius,0,Senecio
SK1590,Senecio jacobaea,0,Senecio
SK1590,Senecio vulgaris,0,Senecio
SK1590,Sherardia arvensis,0,Sherardia
SK1590,Silene dioica,0,Silene
SK1590,Silene latifolia,0,Silene
SK1590,Silybum marianum,0,Silybum
SK1590,Sinapis alba,0,Sinapis
SK1590,Sinapis arvensis,0,Sinapis
SK1590,Sisymbrium officinale,0,Sisymbrium
SK1590,Solanum dulcamara,0,Solanum
SK1590,Solanum nigrum,0,Solanum
SK1590,Solanum tuberosum,0,Solanum
SK1590,Sonchus arvensis,0,Sonchus
SK1590,Sonchus asper,0,Sonchus
SK1590,Sonchus oleraceus,0,Sonchus
SK1590,Sorbus aucuparia,0,Sorbus
SK1590,Spergula arvensis,0,Spergula
SK1590,Spergularia media,0,Spergularia
SK1590,Stachys arvensis,0,Stachys
SK1590,Stachys palustris,0,Stachys
SK1590,Stachys sylvatica,0,Stachys
SK1590,Stellaria alsine,0,Stellaria
SK1590,Stellaria graminea,0,Stellaria
SK1590,Stellaria holostea,0,Stellaria
SK1590,Stellaria media,0,Stellaria
SK1590,Suaeda maritima,0,Suaeda
SK1590,Succisa pratensis,0,Succisa
SK1590,Symphytum officinale,0,Symphytum
SK1590,Taraxacum agg,0,Taraxacum
SK1590,Taraxacum officinale,0,Taraxacum
SK1590,Teucrium scorodonia,0,Teucrium
SK1590,Thlaspi arvense,0,Thlaspi
SK1590,Thymus polytrichus,0,Thymus
SK1590,Thymus vulgaris,0,Thymus
SK1590,Torilis japonica,0,Torilis
SK1590,Tragopogon pratensis,0,Tragopogon
SK1590,Trientalis europaea,0,Trientalis
SK1590,Trifolium arvense,0,Trifolium
SK1590,Trifolium campestre,0,Trifolium
SK1590,Trifolium constantinopolitanum,0,Trifolium
SK1590,Trifolium dubium,0,Trifolium
SK1590,Trifolium pratense,0,Trifolium
SK1590,Trifolium repens,0,Trifolium
SK1590,Tripleurospermum inodorum,0,Tripleurospermum
SK1590,Tripleurospermum maritimum,0,Tripleurospermum
SK1590,Turgenia latifolia,0,Turgenia
SK1590,Ulex europaeus,0,Ulex
SK1590,Ulex gallii,0,Ulex
SK1590,Urtica dioica,0,Urtica
SK1590,Vaccinium myrtillus,0,Vaccinium
SK1590,Vaccinium oxycoccos,0,Vaccinium
SK1590,Vaccinium vitis,0,Vaccinium
SK1590,Valeriana dioica,0,Valeriana
SK1590,Valeriana officinalis,0,Valeriana
SK1590,Verbena officinalis,0,Verbena
SK1590,Verbena x,0,Verbena
SK1590,Veronica agrestis,0,Veronica
SK1590,Veronica arvensis,0,Veronica
SK1590,Veronica beccabunga,0,Veronica
SK1590,Veronica chamaedrys,0,Veronica
SK1590,Veronica hederifolia,0,Veronica
SK1590,Veronica montana,0,Veronica
SK1590,Veronica officinalis,0,Veronica
SK1590,Veronica persica,0,Veronica
SK1590,Veronica polita,0,Veronica
SK1590,Veronica serpyllifolia,0,Veronica
SK1590,Vicia benghalensis,0,Vicia
SK1590,Vicia cracca,0,Vicia
SK1590,Vicia faba,0,Vicia
SK1590,Vicia hirsuta,0,Vicia
SK1590,Vicia lutea,0,Vicia
SK1590,Vicia sativa,0,Vicia
SK1590,Vicia sepium,0,Vicia
SK1590,Vicia spp,0,Vicia
SK1590,Vicia tetrasperma,0,Vicia
SK1590,Viola arvensis,0,Viola
SK1590,Viola canina,0,Viola
SK1590,Viola palustris,0,Viola
SK1590,Viola riviniana,0,Viola
SK1590,Zea mays,0,Zea
SK2557,Acer pseudoplatanus,0,Acer
SK2557,Achillea millefolium,0,Achillea
SK2557,Achillea ptarmica,0,Achillea
SK2557,Aegopodium podagraria,0,Aegopodium
SK2557,Aethusa cynapium,0,Aethusa
SK2557,Ajuga reptans,0,Ajuga
SK2557,Alliaria petiolata,0,Alliaria
SK2557,Alnus glutinosa,0,Alnus
SK2557,Anagallis arvensis,0,Anagallis
SK2557,Anchusa arvensis,0,Anchusa
SK2557,Anemone nemorosa,0,Anemone
SK2557,Angelica sylvestris,0,Angelica
SK2557,Anthemis cotula,0,Anthemis
SK2557,Anthriscus caucalis,0,Anthriscus
SK2557,Anthriscus sylvestris,86,Anthriscus
SK2557,Apium nodiflorum,0,Apium
SK2557,Armeria maritima,0,Armeria
SK2557,Artemisia absinthium,0,Artemisia
SK2557,Artemisia annua,0,Artemisia
SK2557,Artemisia vulgaris,0,Artemisia
SK2557,Aster tripolium,0,Aster
SK2557,Atriplex patula,0,Atriplex
SK2557,Atriplex portulacoides,0,Atriplex
SK2557,Ballota nigra,0,Ballota
SK2557,Barbarea vulgaris,0,Barbarea
SK2557,Bellis perennis,1,Bellis
SK2557,Berula erecta,0,Berula
SK2557,Brassica napus,0,Brassica
SK2557,Brassica oleracea,0,Brassica
SK2557,Brassica rapa,0,Brassica
SK2557,Bryonia dioica,0,Bryonia
SK2557,Buddleja davidii,0,Buddleja
SK2557,Bupleurum tenuissimum,0,Bupleurum
SK2557,Calluna vulgaris,0,Calluna
SK2557,Caltha palustris,0,Caltha
SK2557,Calystegia sepium,0,Calystegia
SK2557,Campanula rotundifolia,0,Campanula
SK2557,Capsella bursa,18,Capsella
SK2557,Cardamine flexuosa,0,Cardamine
SK2557,Cardamine hirsuta,0,Cardamine
SK2557,Cardamine pratensis,0,Cardamine
SK2557,Carduus nutans,0,Carduus
SK2557,Carum verticillatum,0,Carum
SK2557,Centaurea cyanus,0,Centaurea
SK2557,Centaurea nigra,9,Centaurea
SK2557,Centaurea scabiosa,0,Centaurea
SK2557,Centaurium erythraea,0,Centaurium
SK2557,Cerastium arvense,0,Cerastium
SK2557,Cerastium fontanum,119,Cerastium
SK2557,Cerastium glomeratum,0,Cerastium
SK2557,Ceratocapnos claviculata,0,Ceratocapnos
SK2557,Chaerophyllum temulum,0,Chaerophyllum
SK2557,Chamaemelum nobile,0,Chamaemelum
SK2557,Chamerion angustifolium,0,Chamerion
SK2557,Chenopodium album,0,Chenopodium
SK2557,Chenopodium ficifolium,0,Chenopodium
SK2557,Chenopodium quinoa,0,Chenopodium
SK2557,Cichorium intybus,0,Cichorium
SK2557,Circaea lutetiana,0,Circaea
SK2557,Cirsium arvense,61,Cirsium
SK2557,Cirsium eriophorum,0,Cirsium
SK2557,Cirsium palustre,0,Cirsium
SK2557,Cirsium vulgare,9,Cirsium
SK2557,Clematis vitalba,0,Clematis
SK2557,Clinopodium vulgare,0,Clinopodium
SK2557,Conium maculatum,0,Conium
SK2557,Conopodium majus,9,Conopodium
SK2557,Convolvulus arvensis,0,Convolvulus
SK2557,Conyza canadensis,0,Conyza
SK2557,Cotoneaster salicifolius,0,Cotoneaster
SK2557,Crataegus monogyna,0,Crataegus
SK2557,Crepis capillaris,0,Crepis
SK2557,Crepis vesicaria,0,Crepis
SK2557,Cruciata laevipes,56,Cruciata
SK2557,Cytisus scoparius,0,Cytisus
SK2557,Dactylorhiza fuchsii,0,Dactylorhiza
SK2557,Dactylorhiza maculata,0,Dactylorhiza
SK2557,Daucus carota,0,Daucus
SK2557,Digitalis ferruginea,0,Digitalis
SK2557,Digitalis grandiflora,0,Digitalis
SK2557,Digitalis purpurea,0,Digitalis
SK2557,Dioscorea communis,0,Dioscorea
SK2557,Doronicum plantagineum,0,Doronicum
SK2557,Drosera anglica,0,Drosera
SK2557,Drosera rotundifolia,0,Drosera
SK2557,Dryas octopetala,0,Dryas
SK2557,Epilobium hirsutum,0,Epilobium
SK2557,Epilobium montanum,0,Epilobium
SK2557,Epilobium obscurum,0,Epilobium
SK2557,Epilobium palustre,0,Epilobium
SK2557,Epilobium parviflorum,0,Epilobium
SK2557,Epilobium roseum,0,Epilobium
SK2557,Epilobium tetragonum,0,Epilobium
SK2557,Erica cinerea,0,Erica
SK2557,Erica tetralix,0,Erica
SK2557,Eriophorum vaginatum,0,Eriophorum
SK2557,Eupatorium cannabinum,0,Eupatorium
SK2557,Euphorbia exigua,0,Euphorbia
SK2557,Euphorbia helioscopia,0,Euphorbia
SK2557,Euphrasia officinalis,0,Euphrasia
SK2557,Fagopyrum esculentum,0,Fagopyrum
SK2557,Fallopia convolvulus,0,Fallopia
SK2557,Filipendula ulmaria,0,Filipendula
SK2557,Fumaria officinalis,0,Fumaria
SK2557,Galeopsis speciosa,0,Galeopsis
SK2557,Galeopsis tetrahit,0,Galeopsis
SK2557,Galium aparine,149,Galium
SK2557,Galium mollugo,0,Galium
SK2557,Galium odoratum,0,Galium
SK2557,Galium palustre,0,Galium
SK2557,Galium saxatile,0,Galium
SK2557,Galium verum,35,Galium
SK2557,Genista anglica,0,Genista
SK2557,Geranium dissectum,0,Geranium
SK2557,Geranium molle,0,Geranium
SK2557,Geranium nodosum,0,Geranium
SK2557,Geranium pratense,154,Geranium
SK2557,Geranium pyrenaicum,0,Geranium
SK2557,Geranium robertianum,0,Geranium
SK2557,Geum urbanum,0,Geum
SK2557,Glechoma hederacea,0,Glechoma
SK2557,Hedera helix,0,Hedera
SK2557,Helianthus annuus,0,Helianthus
SK2557,Heracleum mantegazzianum,0,Heracleum
SK2557,Heracleum sphondylium,23,Heracleum
SK2557,Hippocrepis comosa,0,Hippocrepis
SK2557,Hordeum vulgare,0,Hordeum
SK2557,Hyacinthoides non,0,Hyacinthoides
SK2557,Hypericum forrestii,0,Hypericum
SK2557,Hypericum perforatum,0,Hypericum
SK2557,Hypericum pulchrum,0,Hypericum
SK2557,Hypericum tetrapterum,0,Hypericum
SK2557,Hypochaeris radicata,0,Hypochaeris
SK2557,Ilex aquifolium,0,Ilex
SK2557,Impatiens glandulifera,0,Impatiens
SK2557,Impatiens parviflora,0,Impatiens
SK2557,Iris pseudacorus,0,Iris
SK2557,Jacobaea erucifolia,0,Jacobaea
SK2557,Jacobaea vulgaris,0,Jacobaea
SK2557,Jasione montana,0,Jasione
SK2557,Juncus conglomeratus,0,Juncus
SK2557,Juncus effusus,0,Juncus
SK2557,Knautia arvensis,8,Knautia
SK2557,Lactuca serriola,0,Lactuca
SK2557,Lamium album,0,Lamium
SK2557,Lamium galeobdolon,0,Lamium
SK2557,Lamium purpureum,0,Lamium
SK2557,Lapsana communis,0,Lapsana
SK2557,Lathyrus aphaca,0,Lathyrus
SK2557,Lathyrus linifolius,0,Lathyrus
SK2557,Lathyrus pratensis,2,Lathyrus
SK2557,Leontodon hispidus,0,Leontodon
SK2557,Leontodon saxatilis,0,Leontodon
SK2557,Leucanthemum vulgare,0,Leucanthemum
SK2557,Ligusticum scoticum,0,Ligusticum
SK2557,Limonium vulgare,0,Limonium
SK2557,Linaria vulgaris,0,Linaria
SK2557,Linum catharticum,0,Linum
SK2557,Linum usitatissimum,0,Linum
SK2557,Lonicera caprifolium,0,Lonicera
SK2557,Lonicera periclymenum,0,Lonicera
SK2557,Lotus angustissimus,0,Lotus
SK2557,Lotus corniculatus,0,Lotus
SK2557,Lotus pedunculatus,0,Lotus
SK2557,Lotus subbiflorus,0,Lotus
SK2557,Luzula campestris,0,Luzula
SK2557,Lysimachia nemorum,0,Lysimachia
SK2557,Lysimachia punctata,0,Lysimachia
SK2557,Lysimachia vulgaris,0,Lysimachia
SK2557,Lythrum alatum,0,Lythrum
SK2557,Lythrum salicaria,0,Lythrum
SK2557,Malva sylvestris,0,Malva
SK2557,Matricaria chamomilla,0,Matricaria
SK2557,Matricaria discoidea,20,Matricaria
SK2557,Medicago lupulina,0,Medicago
SK2557,Melampyrum pratense,0,Melampyrum
SK2557,Mentha aquatica,0,Mentha
SK2557,Mentha arvensis,0,Mentha
SK2557,Mercurialis perennis,0,Mercurialis
SK2557,Myosotis arvensis,0,Myosotis
SK2557,Myosotis discolor,0,Myosotis
SK2557,Myosotis sylvatica,0,Myosotis
SK2557,Narthecium ossifragum,0,Narthecium
SK2557,Odontites vernus,0,Odontites
SK2557,Oenanthe crocata,0,Oenanthe
SK2557,Origanum vulgare,0,Origanum
SK2557,Ornithopus perpusillus,0,Ornithopus
SK2557,Oxalis acetosella,0,Oxalis
SK2557,Panicum miliaceum,0,Panicum
SK2557,Papaver rhoeas,0,Papaver
SK2557,Pedicularis sylvatica,0,Pedicularis
SK2557,Persicaria amplexicaulis,0,Persicaria
SK2557,Persicaria bistorta,0,Persicaria
SK2557,Persicaria hydropiper,0,Persicaria
SK2557,Persicaria lapathifolia,0,Persicaria
SK2557,Persicaria maculosa,0,Persicaria
SK2557,Peucedanum ostruthium,0,Peucedanum
SK2557,Picris echioides,0,Picris
SK2557,Picris hieracioides,0,Picris
SK2557,Pilosella officinarum,0,Pilosella
SK2557,Pimpinella saxifraga,0,Pimpinella
SK2557,Pinguicula vulgaris,0,Pinguicula
SK2557,Plantago lanceolata,20,Plantago
SK2557,Plantago major,0,Plantago
SK2557,Plantago maritima,0,Plantago
SK2557,Poa annua,0,Poa
SK2557,Polygala serpyllifolia,0,Polygala
SK2557,Polygala vulgaris,0,Polygala
SK2557,Polygonum aviculare,0,Polygonum
SK2557,Potentilla anglica,0,Potentilla
SK2557,Potentilla anserina,0,Potentilla
SK2557,Potentilla erecta,0,Potentilla
SK2557,Potentilla recta,0,Potentilla
SK2557,Potentilla reptans,0,Potentilla
SK2557,Prunella vulgaris,0,Prunella
SK2557,Prunus spinosa,0,Prunus
SK2557,Pulicaria dysenterica,0,Pulicaria
SK2557,Ranunculus acris,0,Ranunculus
SK2557,Ranunculus bulbosus,21,Ranunculus
SK2557,Ranunculus ficaria,0,Ranunculus
SK2557,Ranunculus flammula,0,Ranunculus
SK2557,Ranunculus repens,10,Ranunculus
SK2557,Ranunculus sardous,0,Ranunculus
SK2557,Raphanus raphanistrum,0,Raphanus
SK2557,Raphanus sativus,0,Raphanus
SK2557,Rhinanthus minor,30,Rhinanthus
SK2557,Rosa arvensis,0,Rosa
SK2557,Rosa canina,0,Rosa
SK2557,Rubus caesius,0,Rubus
SK2557,Rubus fruticosus,20,Rubus
SK2557,Rubus idaeus,0,Rubus
SK2557,Rumex acetosa,379,Rumex
SK2557,Rumex acetosella,0,Rumex
SK2557,Rumex crispus,0,Rumex
SK2557,Rumex obtusifolius,0,Rumex
SK2557,Rumex sanguineus,0,Rumex
SK2557,Sagina saginoides,0,Sagina
SK2557,Sambucus nigra,24,Sambucus
SK2557,Sanguisorba officinalis,40,Sanguisorba
SK2557,Scorzoneroides autumnalis,0,Scorzoneroides
SK2557,Scrophularia auriculata,0,Scrophularia
SK2557,Scrophularia nodosa,0,Scrophularia
SK2557,Sedum anglicum,0,Sedum
SK2557,Senecio erucifolius,0,Senecio
SK2557,Senecio jacobaea,0,Senecio
SK2557,Senecio vulgaris,0,Senecio
SK2557,Sherardia arvensis,0,Sherardia
SK2557,Silene dioica,0,Silene
SK2557,Silene latifolia,0,Silene
SK2557,Silybum marianum,0,Silybum
SK2557,Sinapis alba,0,Sinapis
SK2557,Sinapis arvensis,0,Sinapis
SK2557,Sisymbrium officinale,0,Sisymbrium
SK2557,Solanum dulcamara,0,Solanum
SK2557,Solanum nigrum,0,Solanum
SK2557,Solanum tuberosum,0,Solanum
SK2557,Sonchus arvensis,0,Sonchus
SK2557,Sonchus asper,0,Sonchus
SK2557,Sonchus oleraceus,0,Sonchus
SK2557,Sorbus aucuparia,0,Sorbus
SK2557,Spergula arvensis,0,Spergula
SK2557,Spergularia media,0,Spergularia
SK2557,Stachys arvensis,0,Stachys
SK2557,Stachys palustris,0,Stachys
SK2557,Stachys sylvatica,0,Stachys
SK2557,Stellaria alsine,0,Stellaria
SK2557,Stellaria graminea,0,Stellaria
SK2557,Stellaria holostea,167,Stellaria
SK2557,Stellaria media,18,Stellaria
SK2557,Suaeda maritima,0,Suaeda
SK2557,Succisa pratensis,0,Succisa
SK2557,Symphytum officinale,0,Symphytum
SK2557,Taraxacum agg,35,Taraxacum
SK2557,Taraxacum officinale,0,Taraxacum
SK2557,Teucrium scorodonia,0,Teucrium
SK2557,Thlaspi arvense,0,Thlaspi
SK2557,Thymus polytrichus,0,Thymus
SK2557,Thymus vulgaris,0,Thymus
SK2557,Torilis japonica,0,Torilis
SK2557,Tragopogon pratensis,0,Tragopogon
SK2557,Trientalis europaea,0,Trientalis
SK2557,Trifolium arvense,0,Trifolium
SK2557,Trifolium campestre,0,Trifolium
SK2557,Trifolium constantinopolitanum,0,Trifolium
SK2557,Trifolium dubium,0,Trifolium
SK2557,Trifolium pratense,289,Trifolium
SK2557,Trifolium repens,2,Trifolium
SK2557,Tripleurospermum inodorum,0,Tripleurospermum
SK2557,Tripleurospermum maritimum,0,Tripleurospermum
SK2557,Turgenia latifolia,0,Turgenia
SK2557,Ulex europaeus,0,Ulex
SK2557,Ulex gallii,0,Ulex
SK2557,Urtica dioica,413,Urtica
SK2557,Vaccinium myrtillus,0,Vaccinium
SK2557,Vaccinium oxycoccos,0,Vaccinium
SK2557,Vaccinium vitis,0,Vaccinium
SK2557,Valeriana dioica,0,Valeriana
SK2557,Valeriana officinalis,0,Valeriana
SK2557,Verbena officinalis,0,Verbena
SK2557,Verbena x,0,Verbena
SK2557,Veronica agrestis,0,Veronica
SK2557,Veronica arvensis,0,Veronica
SK2557,Veronica beccabunga,0,Veronica
SK2557,Veronica chamaedrys,1,Veronica
SK2557,Veronica hederifolia,0,Veronica
SK2557,Veronica montana,0,Veronica
SK2557,Veronica officinalis,0,Veronica
SK2557,Veronica persica,0,Veronica
SK2557,Veronica polita,0,Veronica
SK2557,Veronica serpyllifolia,2,Veronica
SK2557,Vicia benghalensis,0,Vicia
SK2557,Vicia cracca,32,Vicia
SK2557,Vicia faba,0,Vicia
SK2557,Vicia hirsuta,0,Vicia
SK2557,Vicia lutea,0,Vicia
SK2557,Vicia sativa,0,Vicia
SK2557,Vicia sepium,103,Vicia
SK2557,Vicia spp,1,Vicia
SK2557,Vicia tetrasperma,0,Vicia
SK2557,Viola arvensis,0,Viola
SK2557,Viola canina,0,Viola
SK2557,Viola palustris,0,Viola
SK2557,Viola riviniana,0,Viola
SK2557,Zea mays,0,Zea
SK4706,Acer pseudoplatanus,0,Acer
SK4706,Achillea millefolium,25,Achillea
SK4706,Achillea ptarmica,0,Achillea
SK4706,Aegopodium podagraria,0,Aegopodium
SK4706,Aethusa cynapium,0,Aethusa
SK4706,Ajuga reptans,0,Ajuga
SK4706,Alliaria petiolata,0,Alliaria
SK4706,Alnus glutinosa,0,Alnus
SK4706,Anagallis arvensis,0,Anagallis
SK4706,Anchusa arvensis,0,Anchusa
SK4706,Anemone nemorosa,0,Anemone
SK4706,Angelica sylvestris,0,Angelica
SK4706,Anthemis cotula,0,Anthemis
SK4706,Anthriscus caucalis,0,Anthriscus
SK4706,Anthriscus sylvestris,1,Anthriscus
SK4706,Apium nodiflorum,0,Apium
SK4706,Armeria maritima,0,Armeria
SK4706,Artemisia absinthium,0,Artemisia
SK4706,Artemisia annua,0,Artemisia
SK4706,Artemisia vulgaris,0,Artemisia
SK4706,Aster tripolium,0,Aster
SK4706,Atriplex patula,0,Atriplex
SK4706,Atriplex portulacoides,0,Atriplex
SK4706,Ballota nigra,0,Ballota
SK4706,Barbarea vulgaris,0,Barbarea
SK4706,Bellis perennis,16,Bellis
SK4706,Berula erecta,0,Berula
SK4706,Brassica napus,0,Brassica
SK4706,Brassica oleracea,0,Brassica
SK4706,Brassica rapa,0,Brassica
SK4706,Bryonia dioica,0,Bryonia
SK4706,Buddleja davidii,0,Buddleja
SK4706,Bupleurum tenuissimum,0,Bupleurum
SK4706,Calluna vulgaris,0,Calluna
SK4706,Caltha palustris,0,Caltha
SK4706,Calystegia sepium,0,Calystegia
SK4706,Campanula rotundifolia,0,Campanula
SK4706,Capsella bursa,0,Capsella
SK4706,Cardamine flexuosa,0,Cardamine
SK4706,Cardamine hirsuta,0,Cardamine
SK4706,Cardamine pratensis,0,Cardamine
SK4706,Carduus nutans,0,Carduus
SK4706,Carum verticillatum,0,Carum
SK4706,Centaurea cyanus,0,Centaurea
SK4706,Centaurea nigra,0,Centaurea
SK4706,Centaurea scabiosa,0,Centaurea
SK4706,Centaurium erythraea,0,Centaurium
SK4706,Cerastium arvense,0,Cerastium
SK4706,Cerastium fontanum,0,Cerastium
SK4706,Cerastium glomeratum,0,Cerastium
SK4706,Ceratocapnos claviculata,0,Ceratocapnos
SK4706,Chaerophyllum temulum,0,Chaerophyllum
SK4706,Chamaemelum nobile,0,Chamaemelum
SK4706,Chamerion angustifolium,99.83333333333333,Chamerion
SK4706,Chenopodium album,0,Chenopodium
SK4706,Chenopodium ficifolium,0,Chenopodium
SK4706,Chenopodium quinoa,0,Chenopodium
SK4706,Cichorium intybus,0,Cichorium
SK4706,Circaea lutetiana,0,Circaea
SK4706,Cirsium arvense,161,Cirsium
SK4706,Cirsium eriophorum,0,Cirsium
SK4706,Cirsium palustre,0,Cirsium
SK4706,Cirsium vulgare,0,Cirsium
SK4706,Clematis vitalba,0,Clematis
SK4706,Clinopodium vulgare,0,Clinopodium
SK4706,Conium maculatum,0,Conium
SK4706,Conopodium majus,0,Conopodium
SK4706,Convolvulus arvensis,0,Convolvulus
SK4706,Conyza canadensis,0,Conyza
SK4706,Cotoneaster salicifolius,0,Cotoneaster
SK4706,Crataegus monogyna,460,Crataegus
SK4706,Crepis capillaris,0,Crepis
SK4706,Crepis vesicaria,0,Crepis
SK4706,Cruciata laevipes,0,Cruciata
SK4706,Cytisus scoparius,0,Cytisus
SK4706,Dactylorhiza fuchsii,0,Dactylorhiza
SK4706,Dactylorhiza maculata,0,Dactylorhiza
SK4706,Daucus carota,0,Daucus
SK4706,Digitalis ferruginea,0,Digitalis
SK4706,Digitalis grandiflora,0,Digitalis
SK4706,Digitalis purpurea,0,Digitalis
SK4706,Dioscorea communis,0,Dioscorea
SK4706,Doronicum plantagineum,0,Doronicum
SK4706,Drosera anglica,0,Drosera
SK4706,Drosera rotundifolia,0,Drosera
SK4706,Dryas octopetala,0,Dryas
SK4706,Epilobium hirsutum,38,Epilobium
SK4706,Epilobium montanum,0,Epilobium
SK4706,Epilobium obscurum,0,Epilobium
SK4706,Epilobium palustre,0,Epilobium
SK4706,Epilobium parviflorum,0,Epilobium
SK4706,Epilobium roseum,0,Epilobium
SK4706,Epilobium tetragonum,0,Epilobium
SK4706,Erica cinerea,0,Erica
SK4706,Erica tetralix,0,Erica
SK4706,Eriophorum vaginatum,0,Eriophorum
SK4706,Eupatorium cannabinum,0,Eupatorium
SK4706,Euphorbia exigua,0,Euphorbia
SK4706,Euphorbia helioscopia,0,Euphorbia
SK4706,Euphrasia officinalis,0,Euphrasia
SK4706,Fagopyrum esculentum,0,Fagopyrum
SK4706,Fallopia convolvulus,0,Fallopia
SK4706,Filipendula ulmaria,0,Filipendula
SK4706,Fumaria officinalis,0,Fumaria
SK4706,Galeopsis speciosa,0,Galeopsis
SK4706,Galeopsis tetrahit,0,Galeopsis
SK4706,Galium aparine,0,Galium
SK4706,Galium mollugo,0,Galium
SK4706,Galium odoratum,0,Galium
SK4706,Galium palustre,0,Galium
SK4706,Galium saxatile,0,Galium
SK4706,Galium verum,0,Galium
SK4706,Genista anglica,0,Genista
SK4706,Geranium dissectum,0,Geranium
SK4706,Geranium molle,0,Geranium
SK4706,Geranium nodosum,0,Geranium
SK4706,Geranium pratense,0,Geranium
SK4706,Geranium pyrenaicum,0,Geranium
SK4706,Geranium robertianum,0,Geranium
SK4706,Geum urbanum,0,Geum
SK4706,Glechoma hederacea,0,Glechoma
SK4706,Hedera helix,0,Hedera
SK4706,Helianthus annuus,0,Helianthus
SK4706,Heracleum mantegazzianum,0,Heracleum
SK4706,Heracleum sphondylium,4,Heracleum
SK4706,Hippocrepis comosa,0,Hippocrepis
SK4706,Hordeum vulgare,0,Hordeum
SK4706,Hyacinthoides non,0,Hyacinthoides
SK4706,Hypericum forrestii,0,Hypericum
SK4706,Hypericum perforatum,0,Hypericum
SK4706,Hypericum pulchrum,0,Hypericum
SK4706,Hypericum tetrapterum,0,Hypericum
SK4706,Hypochaeris radicata,0,Hypochaeris
SK4706,Ilex aquifolium,0,Ilex
SK4706,Impatiens glandulifera,0,Impatiens
SK4706,Impatiens parviflora,0,Impatiens
SK4706,Iris pseudacorus,0,Iris
SK4706,Jacobaea erucifolia,0,Jacobaea
SK4706,Jacobaea vulgaris,0,Jacobaea
SK4706,Jasione montana,0,Jasione
SK4706,Juncus conglomeratus,0,Juncus
SK4706,Juncus effusus,0,Juncus
SK4706,Knautia arvensis,0,Knautia
SK4706,Lactuca serriola,0,Lactuca
SK4706,Lamium album,0,Lamium
SK4706,Lamium galeobdolon,0,Lamium
SK4706,Lamium purpureum,0,Lamium
SK4706,Lapsana communis,33,Lapsana
SK4706,Lathyrus aphaca,0,Lathyrus
SK4706,Lathyrus linifolius,0,Lathyrus
SK4706,Lathyrus pratensis,0,Lathyrus
SK4706,Leontodon hispidus,0,Leontodon
SK4706,Leontodon saxatilis,0,Leontodon
SK4706,Leucanthemum vulgare,0,Leucanthemum
SK4706,Ligusticum scoticum,0,Ligusticum
SK4706,Limonium vulgare,0,Limonium
SK4706,Linaria vulgaris,0,Linaria
SK4706,Linum catharticum,0,Linum
SK4706,Linum usitatissimum,0,Linum
SK4706,Lonicera caprifolium,6,Lonicera
SK4706,Lonicera periclymenum,0,Lonicera
SK4706,Lotus angustissimus,0,Lotus
SK4706,Lotus corniculatus,0,Lotus
SK4706,Lotus pedunculatus,0,Lotus
SK4706,Lotus subbiflorus,0,Lotus
SK4706,Luzula campestris,0,Luzula
SK4706,Lysimachia nemorum,0,Lysimachia
SK4706,Lysimachia punctata,0,Lysimachia
SK4706,Lysimachia vulgaris,0,Lysimachia
SK4706,Lythrum alatum,0,Lythrum
SK4706,Lythrum salicaria,0,Lythrum
SK4706,Malva sylvestris,0,Malva
SK4706,Matricaria chamomilla,0,Matricaria
SK4706,Matricaria discoidea,0,Matricaria
SK4706,Medicago lupulina,0,Medicago
SK4706,Melampyrum pratense,0,Melampyrum
SK4706,Mentha aquatica,0,Mentha
SK4706,Mentha arvensis,0,Mentha
SK4706,Mercurialis perennis,0,Mercurialis
SK4706,Myosotis arvensis,0,Myosotis
SK4706,Myosotis discolor,0,Myosotis
SK4706,Myosotis sylvatica,0,Myosotis
SK4706,Narthecium ossifragum,0,Narthecium
SK4706,Odontites vernus,0,Odontites
SK4706,Oenanthe crocata,0,Oenanthe
SK4706,Origanum vulgare,0,Origanum
SK4706,Ornithopus perpusillus,0,Ornithopus
SK4706,Oxalis acetosella,0,Oxalis
SK4706,Panicum miliaceum,0,Panicum
SK4706,Papaver rhoeas,0,Papaver
SK4706,Pedicularis sylvatica,0,Pedicularis
SK4706,Persicaria amplexicaulis,0,Persicaria
SK4706,Persicaria bistorta,0,Persicaria
SK4706,Persicaria hydropiper,0,Persicaria
SK4706,Persicaria lapathifolia,0,Persicaria
SK4706,Persicaria maculosa,30,Persicaria
SK4706,Peucedanum ostruthium,0,Peucedanum
SK4706,Picris echioides,0,Picris
SK4706,Picris hieracioides,0,Picris
SK4706,Pilosella officinarum,0,Pilosella
SK4706,Pimpinella saxifraga,0,Pimpinella
SK4706,Pinguicula vulgaris,0,Pinguicula
SK4706,Plantago lanceolata,0,Plantago
SK4706,Plantago major,0,Plantago
SK4706,Plantago maritima,0,Plantago
SK4706,Poa annua,0,Poa
SK4706,Polygala serpyllifolia,0,Polygala
SK4706,Polygala vulgaris,0,Polygala
SK4706,Polygonum aviculare,0,Polygonum
SK4706,Potentilla anglica,0,Potentilla
SK4706,Potentilla anserina,0,Potentilla
SK4706,Potentilla erecta,0,Potentilla
SK4706,Potentilla recta,0,Potentilla
SK4706,Potentilla reptans,0,Potentilla
SK4706,Prunella vulgaris,0,Prunella
SK4706,Prunus spinosa,0,Prunus
SK4706,Pulicaria dysenterica,0,Pulicaria
SK4706,Ranunculus acris,16,Ranunculus
SK4706,Ranunculus bulbosus,0,Ranunculus
SK4706,Ranunculus ficaria,0,Ranunculus
SK4706,Ranunculus flammula,0,Ranunculus
SK4706,Ranunculus repens,133,Ranunculus
SK4706,Ranunculus sardous,0,Ranunculus
SK4706,Raphanus raphanistrum,0,Raphanus
SK4706,Raphanus sativus,0,Raphanus
SK4706,Rhinanthus minor,0,Rhinanthus
SK4706,Rosa arvensis,0,Rosa
SK4706,Rosa canina,0,Rosa
SK4706,Rubus caesius,0,Rubus
SK4706,Rubus fruticosus,265,Rubus
SK4706,Rubus idaeus,0,Rubus
SK4706,Rumex acetosa,0,Rumex
SK4706,Rumex acetosella,0,Rumex
SK4706,Rumex crispus,2,Rumex
SK4706,Rumex obtusifolius,0,Rumex
SK4706,Rumex sanguineus,0,Rumex
SK4706,Sagina saginoides,0,Sagina
SK4706,Sambucus nigra,2,Sambucus
SK4706,Sanguisorba officinalis,0,Sanguisorba
SK4706,Scorzoneroides autumnalis,0,Scorzoneroides
SK4706,Scrophularia auriculata,0,Scrophularia
SK4706,Scrophularia nodosa,0,Scrophularia
SK4706,Sedum anglicum,0,Sedum
SK4706,Senecio erucifolius,0,Senecio
SK4706,Senecio jacobaea,0,Senecio
SK4706,Senecio vulgaris,0,Senecio
SK4706,Sherardia arvensis,0,Sherardia
SK4706,Silene dioica,1,Silene
SK4706,Silene latifolia,0,Silene
SK4706,Silybum marianum,0,Silybum
SK4706,Sinapis alba,0,Sinapis
SK4706,Sinapis arvensis,0,Sinapis
SK4706,Sisymbrium officinale,0,Sisymbrium
SK4706,Solanum dulcamara,4,Solanum
SK4706,Solanum nigrum,0,Solanum
SK4706,Solanum tuberosum,0,Solanum
SK4706,Sonchus arvensis,0,Sonchus
SK4706,Sonchus asper,0,Sonchus
SK4706,Sonchus oleraceus,0,Sonchus
SK4706,Sorbus aucuparia,0,Sorbus
SK4706,Spergula arvensis,0,Spergula
SK4706,Spergularia media,0,Spergularia
SK4706,Stachys arvensis,0,Stachys
SK4706,Stachys palustris,0,Stachys
SK4706,Stachys sylvatica,0,Stachys
SK4706,Stellaria alsine,0,Stellaria
SK4706,Stellaria graminea,0,Stellaria
SK4706,Stellaria holostea,0,Stellaria
SK4706,Stellaria media,0,Stellaria
SK4706,Suaeda maritima,0,Suaeda
SK4706,Succisa pratensis,0,Succisa
SK4706,Symphytum officinale,0,Symphytum
SK4706,Taraxacum agg,2,Taraxacum
SK4706,Taraxacum officinale,0,Taraxacum
SK4706,Teucrium scorodonia,0,Teucrium
SK4706,Thlaspi arvense,0,Thlaspi
SK4706,Thymus polytrichus,0,Thymus
SK4706,Thymus vulgaris,0,Thymus
SK4706,Torilis japonica,0,Torilis
SK4706,Tragopogon pratensis,0,Tragopogon
SK4706,Trientalis europaea,0,Trientalis
SK4706,Trifolium arvense,0,Trifolium
SK4706,Trifolium campestre,0,Trifolium
SK4706,Trifolium constantinopolitanum,0,Trifolium
SK4706,Trifolium dubium,0,Trifolium
SK4706,Trifolium pratense,2,Trifolium
SK4706,Trifolium repens,0,Trifolium
SK4706,Tripleurospermum inodorum,7,Tripleurospermum
SK4706,Tripleurospermum maritimum,0,Tripleurospermum
SK4706,Turgenia latifolia,0,Turgenia
SK4706,Ulex europaeus,0,Ulex
SK4706,Ulex gallii,0,Ulex
SK4706,Urtica dioica,9,Urtica
SK4706,Vaccinium myrtillus,0,Vaccinium
SK4706,Vaccinium oxycoccos,0,Vaccinium
SK4706,Vaccinium vitis,0,Vaccinium
SK4706,Valeriana dioica,0,Valeriana
SK4706,Valeriana officinalis,0,Valeriana
SK4706,Verbena officinalis,0,Verbena
SK4706,Verbena x,0,Verbena
SK4706,Veronica agrestis,0,Veronica
SK4706,Veronica arvensis,0,Veronica
SK4706,Veronica beccabunga,0,Veronica
SK4706,Veronica chamaedrys,0,Veronica
SK4706,Veronica hederifolia,0,Veronica
SK4706,Veronica montana,0,Veronica
SK4706,Veronica officinalis,0,Veronica
SK4706,Veronica persica,0,Veronica
SK4706,Veronica polita,0,Veronica
SK4706,Veronica serpyllifolia,0,Veronica
SK4706,Vicia benghalensis,0,Vicia
SK4706,Vicia cracca,0,Vicia
SK4706,Vicia faba,0,Vicia
SK4706,Vicia hirsuta,0,Vicia
SK4706,Vicia lutea,0,Vicia
SK4706,Vicia sativa,0,Vicia
SK4706,Vicia sepium,0,Vicia
SK4706,Vicia spp,0,Vicia
SK4706,Vicia tetrasperma,0,Vicia
SK4706,Viola arvensis,0,Viola
SK4706,Viola canina,0,Viola
SK4706,Viola palustris,0,Viola
SK4706,Viola riviniana,0,Viola
SK4706,Zea mays,0,Zea
SK5480,Acer pseudoplatanus,0,Acer
SK5480,Achillea millefolium,0,Achillea
SK5480,Achillea ptarmica,0,Achillea
SK5480,Aegopodium podagraria,0,Aegopodium
SK5480,Aethusa cynapium,0,Aethusa
SK5480,Ajuga reptans,0,Ajuga
SK5480,Alliaria petiolata,0,Alliaria
SK5480,Alnus glutinosa,0,Alnus
SK5480,Anagallis arvensis,0,Anagallis
SK5480,Anchusa arvensis,0,Anchusa
SK5480,Anemone nemorosa,0,Anemone
SK5480,Angelica sylvestris,0,Angelica
SK5480,Anthemis cotula,0,Anthemis
SK5480,Anthriscus caucalis,0,Anthriscus
SK5480,Anthriscus sylvestris,250,Anthriscus
SK5480,Apium nodiflorum,0,Apium
SK5480,Armeria maritima,0,Armeria
SK5480,Artemisia absinthium,0,Artemisia
SK5480,Artemisia annua,0,Artemisia
SK5480,Artemisia vulgaris,0,Artemisia
SK5480,Aster tripolium,0,Aster
SK5480,Atriplex patula,0,Atriplex
SK5480,Atriplex portulacoides,0,Atriplex
SK5480,Ballota nigra,0,Ballota
SK5480,Barbarea vulgaris,0,Barbarea
SK5480,Bellis perennis,0,Bellis
SK5480,Berula erecta,0,Berula
SK5480,Brassica napus,0,Brassica
SK5480,Brassica oleracea,0,Brassica
SK5480,Brassica rapa,0,Brassica
SK5480,Bryonia dioica,12,Bryonia
SK5480,Buddleja davidii,0,Buddleja
SK5480,Bupleurum tenuissimum,0,Bupleurum
SK5480,Calluna vulgaris,0,Calluna
SK5480,Caltha palustris,0,Caltha
SK5480,Calystegia sepium,154,Calystegia
SK5480,Campanula rotundifolia,0,Campanula
SK5480,Capsella bursa,6,Capsella
SK5480,Cardamine flexuosa,0,Cardamine
SK5480,Cardamine hirsuta,0,Cardamine
SK5480,Cardamine pratensis,0,Cardamine
SK5480,Carduus nutans,0,Carduus
SK5480,Carum verticillatum,0,Carum
SK5480,Centaurea cyanus,10,Centaurea
SK5480,Centaurea nigra,0,Centaurea
SK5480,Centaurea scabiosa,0,Centaurea
SK5480,Centaurium erythraea,0,Centaurium
SK5480,Cerastium arvense,0,Cerastium
SK5480,Cerastium fontanum,0,Cerastium
SK5480,Cerastium glomeratum,0,Cerastium
SK5480,Ceratocapnos claviculata,0,Ceratocapnos
SK5480,Chaerophyllum temulum,0,Chaerophyllum
SK5480,Chamaemelum nobile,0,Chamaemelum
SK5480,Chamerion angustifolium,0,Chamerion
SK5480,Chenopodium album,0,Chenopodium
SK5480,Chenopodium ficifolium,0,Chenopodium
SK5480,Chenopodium quinoa,0,Chenopodium
SK5480,Cichorium intybus,201,Cichorium
SK5480,Circaea lutetiana,0,Circaea
SK5480,Cirsium arvense,254,Cirsium
SK5480,Cirsium eriophorum,0,Cirsium
SK5480,Cirsium palustre,0,Cirsium
SK5480,Cirsium vulgare,0,Cirsium
SK5480,Clematis vitalba,0,Clematis
SK5480,Clinopodium vulgare,0,Clinopodium
SK5480,Conium maculatum,0,Conium
SK5480,Conopodium majus,0,Conopodium
SK5480,Convolvulus arvensis,0,Convolvulus
SK5480,Conyza canadensis,0,Conyza
SK5480,Cotoneaster salicifolius,0,Cotoneaster
SK5480,Crataegus monogyna,70,Crataegus
SK5480,Crepis capillaris,32,Crepis
SK5480,Crepis vesicaria,0,Crepis
SK5480,Cruciata laevipes,0,Cruciata
SK5480,Cytisus scoparius,0,Cytisus
SK5480,Dactylorhiza fuchsii,0,Dactylorhiza
SK5480,Dactylorhiza maculata,0,Dactylorhiza
SK5480,Daucus carota,5,Daucus
SK5480,Digitalis ferruginea,0,Digitalis
SK5480,Digitalis grandiflora,0,Digitalis
SK5480,Digitalis purpurea,0,Digitalis
SK5480,Dioscorea communis,0,Dioscorea
SK5480,Doronicum plantagineum,0,Doronicum
SK5480,Drosera anglica,0,Drosera
SK5480,Drosera rotundifolia,0,Drosera
SK5480,Dryas octopetala,0,Dryas
SK5480,Epilobium hirsutum,0,Epilobium
SK5480,Epilobium montanum,0,Epilobium
SK5480,Epilobium obscurum,0,Epilobium
SK5480,Epilobium palustre,0,Epilobium
SK5480,Epilobium parviflorum,0,Epilobium
SK5480,Epilobium roseum,0,Epilobium
SK5480,Epilobium tetragonum,0,Epilobium
SK5480,Erica cinerea,0,Erica
SK5480,Erica tetralix,0,Erica
SK5480,Eriophorum vaginatum,0,Eriophorum
SK5480,Eupatorium cannabinum,0,Eupatorium
SK5480,Euphorbia exigua,0,Euphorbia
SK5480,Euphorbia helioscopia,0,Euphorbia
SK5480,Euphrasia officinalis,0,Euphrasia
SK5480,Fagopyrum esculentum,0,Fagopyrum
SK5480,Fallopia convolvulus,0,Fallopia
SK5480,Filipendula ulmaria,0,Filipendula
SK5480,Fumaria officinalis,0,Fumaria
SK5480,Galeopsis speciosa,0,Galeopsis
SK5480,Galeopsis tetrahit,0,Galeopsis
SK5480,Galium aparine,338,Galium
SK5480,Galium mollugo,0,Galium
SK5480,Galium odoratum,0,Galium
SK5480,Galium palustre,0,Galium
SK5480,Galium saxatile,0,Galium
SK5480,Galium verum,0,Galium
SK5480,Genista anglica,0,Genista
SK5480,Geranium dissectum,159,Geranium
SK5480,Geranium molle,0,Geranium
SK5480,Geranium nodosum,0,Geranium
SK5480,Geranium pratense,0,Geranium
SK5480,Geranium pyrenaicum,0,Geranium
SK5480,Geranium robertianum,1,Geranium
SK5480,Geum urbanum,2,Geum
SK5480,Glechoma hederacea,0,Glechoma
SK5480,Hedera helix,61,Hedera
SK5480,Helianthus annuus,1,Helianthus
SK5480,Heracleum mantegazzianum,0,Heracleum
SK5480,Heracleum sphondylium,30,Heracleum
SK5480,Hippocrepis comosa,0,Hippocrepis
SK5480,Hordeum vulgare,0,Hordeum
SK5480,Hyacinthoides non,0,Hyacinthoides
SK5480,Hypericum forrestii,0,Hypericum
SK5480,Hypericum perforatum,0,Hypericum
SK5480,Hypericum pulchrum,0,Hypericum
SK5480,Hypericum tetrapterum,0,Hypericum
SK5480,Hypochaeris radicata,0,Hypochaeris
SK5480,Ilex aquifolium,0,Ilex
SK5480,Impatiens glandulifera,0,Impatiens
SK5480,Impatiens parviflora,0,Impatiens
SK5480,Iris pseudacorus,0,Iris
SK5480,Jacobaea erucifolia,0,Jacobaea
SK5480,Jacobaea vulgaris,0,Jacobaea
SK5480,Jasione montana,0,Jasione
SK5480,Juncus conglomeratus,0,Juncus
SK5480,Juncus effusus,0,Juncus
SK5480,Knautia arvensis,0,Knautia
SK5480,Lactuca serriola,95,Lactuca
SK5480,Lamium album,1,Lamium
SK5480,Lamium galeobdolon,0,Lamium
SK5480,Lamium purpureum,44,Lamium
SK5480,Lapsana communis,1,Lapsana
SK5480,Lathyrus aphaca,0,Lathyrus
SK5480,Lathyrus linifolius,0,Lathyrus
SK5480,Lathyrus pratensis,0,Lathyrus
SK5480,Leontodon hispidus,3,Leontodon
SK5480,Leontodon saxatilis,0,Leontodon
SK5480,Leucanthemum vulgare,0,Leucanthemum
SK5480,Ligusticum scoticum,0,Ligusticum
SK5480,Limonium vulgare,0,Limonium
SK5480,Linaria vulgaris,0,Linaria
SK5480,Linum catharticum,0,Linum
SK5480,Linum usitatissimum,0,Linum
SK5480,Lonicera caprifolium,0,Lonicera
SK5480,Lonicera periclymenum,0,Lonicera
SK5480,Lotus angustissimus,0,Lotus
SK5480,Lotus corniculatus,0,Lotus
SK5480,Lotus pedunculatus,0,Lotus
SK5480,Lotus subbiflorus,0,Lotus
SK5480,Luzula campestris,0,Luzula
SK5480,Lysimachia nemorum,0,Lysimachia
SK5480,Lysimachia punctata,0,Lysimachia
SK5480,Lysimachia vulgaris,0,Lysimachia
SK5480,Lythrum alatum,0,Lythrum
SK5480,Lythrum salicaria,0,Lythrum
SK5480,Malva sylvestris,0,Malva
SK5480,Matricaria chamomilla,0,Matricaria
SK5480,Matricaria discoidea,9,Matricaria
SK5480,Medicago lupulina,0,Medicago
SK5480,Melampyrum pratense,0,Melampyrum
SK5480,Mentha aquatica,0,Mentha
SK5480,Mentha arvensis,0,Mentha
SK5480,Mercurialis perennis,0,Mercurialis
SK5480,Myosotis arvensis,0,Myosotis
SK5480,Myosotis discolor,0,Myosotis
SK5480,Myosotis sylvatica,0,Myosotis
SK5480,Narthecium ossifragum,0,Narthecium
SK5480,Odontites vernus,0,Odontites
SK5480,Oenanthe crocata,0,Oenanthe
SK5480,Origanum vulgare,0,Origanum
SK5480,Ornithopus perpusillus,0,Ornithopus
SK5480,Oxalis acetosella,0,Oxalis
SK5480,Panicum miliaceum,0,Panicum
SK5480,Papaver rhoeas,0,Papaver
SK5480,Pedicularis sylvatica,0,Pedicularis
SK5480,Persicaria amplexicaulis,2,Persicaria
SK5480,Persicaria bistorta,0,Persicaria
SK5480,Persicaria hydropiper,0,Persicaria
SK5480,Persicaria lapathifolia,0,Persicaria
SK5480,Persicaria maculosa,1070,Persicaria
SK5480,Peucedanum ostruthium,0,Peucedanum
SK5480,Picris echioides,0,Picris
SK5480,Picris hieracioides,0,Picris
SK5480,Pilosella officinarum,0,Pilosella
SK5480,Pimpinella saxifraga,0,Pimpinella
SK5480,Pinguicula vulgaris,0,Pinguicula
SK5480,Plantago lanceolata,2,Plantago
SK5480,Plantago major,0,Plantago
SK5480,Plantago maritima,0,Plantago
SK5480,Poa annua,0,Poa
SK5480,Polygala serpyllifolia,0,Polygala
SK5480,Polygala vulgaris,0,Polygala
SK5480,Polygonum aviculare,0,Polygonum
SK5480,Potentilla anglica,0,Potentilla
SK5480,Potentilla anserina,0,Potentilla
SK5480,Potentilla erecta,0,Potentilla
SK5480,Potentilla recta,0,Potentilla
SK5480,Potentilla reptans,0,Potentilla
SK5480,Prunella vulgaris,0,Prunella
SK5480,Prunus spinosa,0,Prunus
SK5480,Pulicaria dysenterica,0,Pulicaria
SK5480,Ranunculus acris,0,Ranunculus
SK5480,Ranunculus bulbosus,0,Ranunculus
SK5480,Ranunculus ficaria,0,Ranunculus
SK5480,Ranunculus flammula,0,Ranunculus
SK5480,Ranunculus repens,144,Ranunculus
SK5480,Ranunculus sardous,0,Ranunculus
SK5480,Raphanus raphanistrum,0,Raphanus
SK5480,Raphanus sativus,0,Raphanus
SK5480,Rhinanthus minor,0,Rhinanthus
SK5480,Rosa arvensis,0,Rosa
SK5480,Rosa canina,0,Rosa
SK5480,Rubus caesius,0,Rubus
SK5480,Rubus fruticosus,0,Rubus
SK5480,Rubus idaeus,0,Rubus
SK5480,Rumex acetosa,0,Rumex
SK5480,Rumex acetosella,0,Rumex
SK5480,Rumex crispus,318,Rumex
SK5480,Rumex obtusifolius,61,Rumex
SK5480,Rumex sanguineus,0,Rumex
SK5480,Sagina saginoides,0,Sagina
SK5480,Sambucus nigra,0,Sambucus
SK5480,Sanguisorba officinalis,0,Sanguisorba
SK5480,Scorzoneroides autumnalis,0,Scorzoneroides
SK5480,Scrophularia auriculata,0,Scrophularia
SK5480,Scrophularia nodosa,0,Scrophularia
SK5480,Sedum anglicum,0,Sedum
SK5480,Senecio erucifolius,0,Senecio
SK5480,Senecio jacobaea,1000,Senecio
SK5480,Senecio vulgaris,2289,Senecio
SK5480,Sherardia arvensis,0,Sherardia
SK5480,Silene dioica,0,Silene
SK5480,Silene latifolia,0,Silene
SK5480,Silybum marianum,0,Silybum
SK5480,Sinapis alba,0,Sinapis
SK5480,Sinapis arvensis,104,Sinapis
SK5480,Sisymbrium officinale,0,Sisymbrium
SK5480,Solanum dulcamara,0,Solanum
SK5480,Solanum nigrum,0,Solanum
SK5480,Solanum tuberosum,0,Solanum
SK5480,Sonchus arvensis,236,Sonchus
SK5480,Sonchus asper,9,Sonchus
SK5480,Sonchus oleraceus,0,Sonchus
SK5480,Sorbus aucuparia,0,Sorbus
SK5480,Spergula arvensis,0,Spergula
SK5480,Spergularia media,0,Spergularia
SK5480,Stachys arvensis,0,Stachys
SK5480,Stachys palustris,0,Stachys
SK5480,Stachys sylvatica,0,Stachys
SK5480,Stellaria alsine,0,Stellaria
SK5480,Stellaria graminea,0,Stellaria
SK5480,Stellaria holostea,0,Stellaria
SK5480,Stellaria media,0,Stellaria
SK5480,Suaeda maritima,0,Suaeda
SK5480,Succisa pratensis,0,Succisa
SK5480,Symphytum officinale,0,Symphytum
SK5480,Taraxacum agg,1,Taraxacum
SK5480,Taraxacum officinale,6,Taraxacum
SK5480,Teucrium scorodonia,0,Teucrium
SK5480,Thlaspi arvense,0,Thlaspi
SK5480,Thymus polytrichus,0,Thymus
SK5480,Thymus vulgaris,0,Thymus
SK5480,Torilis japonica,0,Torilis
SK5480,Tragopogon pratensis,0,Tragopogon
SK5480,Trientalis europaea,0,Trientalis
SK5480,Trifolium arvense,0,Trifolium
SK5480,Trifolium campestre,0,Trifolium
SK5480,Trifolium constantinopolitanum,0,Trifolium
SK5480,Trifolium dubium,0,Trifolium
SK5480,Trifolium pratense,0,Trifolium
SK5480,Trifolium repens,1,Trifolium
SK5480,Tripleurospermum inodorum,0,Tripleurospermum
SK5480,Tripleurospermum maritimum,0,Tripleurospermum
SK5480,Turgenia latifolia,0,Turgenia
SK5480,Ulex europaeus,0,Ulex
SK5480,Ulex gallii,0,Ulex
SK5480,Urtica dioica,803,Urtica
SK5480,Vaccinium myrtillus,0,Vaccinium
SK5480,Vaccinium oxycoccos,0,Vaccinium
SK5480,Vaccinium vitis,0,Vaccinium
SK5480,Valeriana dioica,0,Valeriana
SK5480,Valeriana officinalis,0,Valeriana
SK5480,Verbena officinalis,0,Verbena
SK5480,Verbena x,0,Verbena
SK5480,Veronica agrestis,0,Veronica
SK5480,Veronica arvensis,0,Veronica
SK5480,Veronica beccabunga,0,Veronica
SK5480,Veronica chamaedrys,0,Veronica
SK5480,Veronica hederifolia,0,Veronica
SK5480,Veronica montana,0,Veronica
SK5480,Veronica officinalis,0,Veronica
SK5480,Veronica persica,1286,Veronica
SK5480,Veronica polita,0,Veronica
SK5480,Veronica serpyllifolia,0,Veronica
SK5480,Vicia benghalensis,0,Vicia
SK5480,Vicia cracca,0,Vicia
SK5480,Vicia faba,0,Vicia
SK5480,Vicia hirsuta,0,Vicia
SK5480,Vicia lutea,0,Vicia
SK5480,Vicia sativa,0,Vicia
SK5480,Vicia sepium,0,Vicia
SK5480,Vicia spp,0,Vicia
SK5480,Vicia tetrasperma,0,Vicia
SK5480,Viola arvensis,0,Viola
SK5480,Viola canina,0,Viola
SK5480,Viola palustris,0,Viola
SK5480,Viola riviniana,0,Viola
SK5480,Zea mays,0,Zea
SK9826,Acer pseudoplatanus,0,Acer
SK9826,Achillea millefolium,83,Achillea
SK9826,Achillea ptarmica,0,Achillea
SK9826,Aegopodium podagraria,0,Aegopodium
SK9826,Aethusa cynapium,0,Aethusa
SK9826,Ajuga reptans,0,Ajuga
SK9826,Alliaria petiolata,4,Alliaria
SK9826,Alnus glutinosa,0,Alnus
SK9826,Anagallis arvensis,0,Anagallis
SK9826,Anchusa arvensis,0,Anchusa
SK9826,Anemone nemorosa,0,Anemone
SK9826,Angelica sylvestris,0,Angelica
SK9826,Anthemis cotula,0,Anthemis
SK9826,Anthriscus caucalis,40,Anthriscus
SK9826,Anthriscus sylvestris,951,Anthriscus
SK9826,Apium nodiflorum,0,Apium
SK9826,Armeria maritima,0,Armeria
SK9826,Artemisia absinthium,0,Artemisia
SK9826,Artemisia annua,4,Artemisia
SK9826,Artemisia vulgaris,0,Artemisia
SK9826,Aster tripolium,0,Aster
SK9826,Atriplex patula,0,Atriplex
SK9826,Atriplex portulacoides,0,Atriplex
SK9826,Ballota nigra,0,Ballota
SK9826,Barbarea vulgaris,30,Barbarea
SK9826,Bellis perennis,4,Bellis
SK9826,Berula erecta,3,Berula
SK9826,Brassica napus,3215,Brassica
SK9826,Brassica oleracea,0,Brassica
SK9826,Brassica rapa,0,Brassica
SK9826,Bryonia dioica,0,Bryonia
SK9826,Buddleja davidii,0,Buddleja
SK9826,Bupleurum tenuissimum,0,Bupleurum
SK9826,Calluna vulgaris,0,Calluna
SK9826,Caltha palustris,0,Caltha
SK9826,Calystegia sepium,0,Calystegia
SK9826,Campanula rotundifolia,0,Campanula
SK9826,Capsella bursa,130.57142857142856,Capsella
SK9826,Cardamine flexuosa,0,Cardamine
SK9826,Cardamine hirsuta,0,Cardamine
SK9826,Cardamine pratensis,0,Cardamine
SK9826,Carduus nutans,4,Carduus
SK9826,Carum verticillatum,0,Carum
SK9826,Centaurea cyanus,0,Centaurea
SK9826,Centaurea nigra,0,Centaurea
SK9826,Centaurea scabiosa,0,Centaurea
SK9826,Centaurium erythraea,0,Centaurium
SK9826,Cerastium arvense,0,Cerastium
SK9826,Cerastium fontanum,2,Cerastium
SK9826,Cerastium glomeratum,0,Cerastium
SK9826,Ceratocapnos claviculata,0,Ceratocapnos
SK9826,Chaerophyllum temulum,0,Chaerophyllum
SK9826,Chamaemelum nobile,0,Chamaemelum
SK9826,Chamerion angustifolium,0,Chamerion
SK9826,Chenopodium album,0,Chenopodium
SK9826,Chenopodium ficifolium,0,Chenopodium
SK9826,Chenopodium quinoa,0,Chenopodium
SK9826,Cichorium intybus,0,Cichorium
SK9826,Circaea lutetiana,0,Circaea
SK9826,Cirsium arvense,54,Cirsium
SK9826,Cirsium eriophorum,0,Cirsium
SK9826,Cirsium palustre,0,Cirsium
SK9826,Cirsium vulgare,9,Cirsium
SK9826,Clematis vitalba,0,Clematis
SK9826,Clinopodium vulgare,0,Clinopodium
SK9826,Conium maculatum,50,Conium
SK9826,Conopodium majus,0,Conopodium
SK9826,Convolvulus arvensis,0,Convolvulus
SK9826,Conyza canadensis,0,Conyza
SK9826,Cotoneaster salicifolius,0,Cotoneaster
SK9826,Crataegus monogyna,4225,Crataegus
SK9826,Crepis capillaris,4,Crepis
SK9826,Crepis vesicaria,0,Crepis
SK9826,Cruciata laevipes,0,Cruciata
SK9826,Cytisus scoparius,0,Cytisus
SK9826,Dactylorhiza fuchsii,0,Dactylorhiza
SK9826,Dactylorhiza maculata,0,Dactylorhiza
SK9826,Daucus carota,0,Daucus
SK9826,Digitalis ferruginea,0,Digitalis
SK9826,Digitalis grandiflora,0,Digitalis
SK9826,Digitalis purpurea,0,Digitalis
SK9826,Dioscorea communis,0,Dioscorea
SK9826,Doronicum plantagineum,0,Doronicum
SK9826,Drosera anglica,0,Drosera
SK9826,Drosera rotundifolia,0,Drosera
SK9826,Dryas octopetala,0,Dryas
SK9826,Epilobium hirsutum,0,Epilobium
SK9826,Epilobium montanum,0,Epilobium
SK9826,Epilobium obscurum,0,Epilobium
SK9826,Epilobium palustre,0,Epilobium
SK9826,Epilobium parviflorum,0,Epilobium
SK9826,Epilobium roseum,0,Epilobium
SK9826,Epilobium tetragonum,0,Epilobium
SK9826,Erica cinerea,0,Erica
SK9826,Erica tetralix,0,Erica
SK9826,Eriophorum vaginatum,0,Eriophorum
SK9826,Eupatorium cannabinum,0,Eupatorium
SK9826,Euphorbia exigua,0,Euphorbia
SK9826,Euphorbia helioscopia,0,Euphorbia
SK9826,Euphrasia officinalis,0,Euphrasia
SK9826,Fagopyrum esculentum,0,Fagopyrum
SK9826,Fallopia convolvulus,0,Fallopia
SK9826,Filipendula ulmaria,0,Filipendula
SK9826,Fumaria officinalis,0,Fumaria
SK9826,Galeopsis speciosa,0,Galeopsis
SK9826,Galeopsis tetrahit,0,Galeopsis
SK9826,Galium aparine,600,Galium
SK9826,Galium mollugo,0,Galium
SK9826,Galium odoratum,0,Galium
SK9826,Galium palustre,0,Galium
SK9826,Galium saxatile,0,Galium
SK9826,Galium verum,0,Galium
SK9826,Genista anglica,0,Genista
SK9826,Geranium dissectum,312,Geranium
SK9826,Geranium molle,2,Geranium
SK9826,Geranium nodosum,0,Geranium
SK9826,Geranium pratense,0,Geranium
SK9826,Geranium pyrenaicum,0,Geranium
SK9826,Geranium robertianum,0,Geranium
SK9826,Geum urbanum,0,Geum
SK9826,Glechoma hederacea,11,Glechoma
SK9826,Hedera helix,0,Hedera
SK9826,Helianthus annuus,0,Helianthus
SK9826,Heracleum mantegazzianum,0,Heracleum
SK9826,Heracleum sphondylium,6,Heracleum
SK9826,Hippocrepis comosa,0,Hippocrepis
SK9826,Hordeum vulgare,0,Hordeum
SK9826,Hyacinthoides non,0,Hyacinthoides
SK9826,Hypericum forrestii,0,Hypericum
SK9826,Hypericum perforatum,0,Hypericum
SK9826,Hypericum pulchrum,0,Hypericum
SK9826,Hypericum tetrapterum,0,Hypericum
SK9826,Hypochaeris radicata,0,Hypochaeris
SK9826,Ilex aquifolium,0,Ilex
SK9826,Impatiens glandulifera,0,Impatiens
SK9826,Impatiens parviflora,0,Impatiens
SK9826,Iris pseudacorus,0,Iris
SK9826,Jacobaea erucifolia,0,Jacobaea
SK9826,Jacobaea vulgaris,0,Jacobaea
SK9826,Jasione montana,0,Jasione
SK9826,Juncus conglomeratus,0,Juncus
SK9826,Juncus effusus,0,Juncus
SK9826,Knautia arvensis,0,Knautia
SK9826,Lactuca serriola,0,Lactuca
SK9826,Lamium album,167.6,Lamium
SK9826,Lamium galeobdolon,0,Lamium
SK9826,Lamium purpureum,6,Lamium
SK9826,Lapsana communis,0,Lapsana
SK9826,Lathyrus aphaca,0,Lathyrus
SK9826,Lathyrus linifolius,0,Lathyrus
SK9826,Lathyrus pratensis,0,Lathyrus
SK9826,Leontodon hispidus,16,Leontodon
SK9826,Leontodon saxatilis,0,Leontodon
SK9826,Leucanthemum vulgare,0,Leucanthemum
SK9826,Ligusticum scoticum,0,Ligusticum
SK9826,Limonium vulgare,0,Limonium
SK9826,Linaria vulgaris,0,Linaria
SK9826,Linum catharticum,0,Linum
SK9826,Linum usitatissimum,0,Linum
SK9826,Lonicera caprifolium,0,Lonicera
SK9826,Lonicera periclymenum,0,Lonicera
SK9826,Lotus angustissimus,0,Lotus
SK9826,Lotus corniculatus,0,Lotus
SK9826,Lotus pedunculatus,0,Lotus
SK9826,Lotus subbiflorus,0,Lotus
SK9826,Luzula campestris,0,Luzula
SK9826,Lysimachia nemorum,0,Lysimachia
SK9826,Lysimachia punctata,0,Lysimachia
SK9826,Lysimachia vulgaris,0,Lysimachia
SK9826,Lythrum alatum,0,Lythrum
SK9826,Lythrum salicaria,0,Lythrum
SK9826,Malva sylvestris,0,Malva
SK9826,Matricaria chamomilla,35,Matricaria
SK9826,Matricaria discoidea,0,Matricaria
SK9826,Medicago lupulina,0,Medicago
SK9826,Melampyrum pratense,0,Melampyrum
SK9826,Mentha aquatica,0,Mentha
SK9826,Mentha arvensis,0,Mentha
SK9826,Mercurialis perennis,0,Mercurialis
SK9826,Myosotis arvensis,0,Myosotis
SK9826,Myosotis discolor,0,Myosotis
SK9826,Myosotis sylvatica,0,Myosotis
SK9826,Narthecium ossifragum,0,Narthecium
SK9826,Odontites vernus,0,Odontites
SK9826,Oenanthe crocata,0,Oenanthe
SK9826,Origanum vulgare,0,Origanum
SK9826,Ornithopus perpusillus,0,Ornithopus
SK9826,Oxalis acetosella,0,Oxalis
SK9826,Panicum miliaceum,0,Panicum
SK9826,Papaver rhoeas,0,Papaver
SK9826,Pedicularis sylvatica,0,Pedicularis
SK9826,Persicaria amplexicaulis,0,Persicaria
SK9826,Persicaria bistorta,0,Persicaria
SK9826,Persicaria hydropiper,0,Persicaria
SK9826,Persicaria lapathifolia,0,Persicaria
SK9826,Persicaria maculosa,0,Persicaria
SK9826,Peucedanum ostruthium,0,Peucedanum
SK9826,Picris echioides,1,Picris
SK9826,Picris hieracioides,0,Picris
SK9826,Pilosella officinarum,0,Pilosella
SK9826,Pimpinella saxifraga,0,Pimpinella
SK9826,Pinguicula vulgaris,0,Pinguicula
SK9826,Plantago lanceolata,3,Plantago
SK9826,Plantago major,0,Plantago
SK9826,Plantago maritima,0,Plantago
SK9826,Poa annua,0,Poa
SK9826,Polygala serpyllifolia,0,Polygala
SK9826,Polygala vulgaris,0,Polygala
SK9826,Polygonum aviculare,0,Polygonum
SK9826,Potentilla anglica,0,Potentilla
SK9826,Potentilla anserina,0,Potentilla
SK9826,Potentilla erecta,0,Potentilla
SK9826,Potentilla recta,0,Potentilla
SK9826,Potentilla reptans,0,Potentilla
SK9826,Prunella vulgaris,4,Prunella
SK9826,Prunus spinosa,0,Prunus
SK9826,Pulicaria dysenterica,0,Pulicaria
SK9826,Ranunculus acris,0,Ranunculus
SK9826,Ranunculus bulbosus,0,Ranunculus
SK9826,Ranunculus ficaria,0,Ranunculus
SK9826,Ranunculus flammula,0,Ranunculus
SK9826,Ranunculus repens,10,Ranunculus
SK9826,Ranunculus sardous,0,Ranunculus
SK9826,Raphanus raphanistrum,0,Raphanus
SK9826,Raphanus sativus,0,Raphanus
SK9826,Rhinanthus minor,0,Rhinanthus
SK9826,Rosa arvensis,0,Rosa
SK9826,Rosa canina,0,Rosa
SK9826,Rubus caesius,0,Rubus
SK9826,Rubus fruticosus,2,Rubus
SK9826,Rubus idaeus,0,Rubus
SK9826,Rumex acetosa,0,Rumex
SK9826,Rumex acetosella,0,Rumex
SK9826,Rumex crispus,0,Rumex
SK9826,Rumex obtusifolius,0,Rumex
SK9826,Rumex sanguineus,0,Rumex
SK9826,Sagina saginoides,0,Sagina
SK9826,Sambucus nigra,0,Sambucus
SK9826,Sanguisorba officinalis,0,Sanguisorba
SK9826,Scorzoneroides autumnalis,1,Scorzoneroides
SK9826,Scrophularia auriculata,0,Scrophularia
SK9826,Scrophularia nodosa,0,Scrophularia
SK9826,Sedum anglicum,0,Sedum
SK9826,Senecio erucifolius,0,Senecio
SK9826,Senecio jacobaea,0,Senecio
SK9826,Senecio vulgaris,75,Senecio
SK9826,Sherardia arvensis,0,Sherardia
SK9826,Silene dioica,0,Silene
SK9826,Silene latifolia,0,Silene
SK9826,Silybum marianum,33,Silybum
SK9826,Sinapis alba,0,Sinapis
SK9826,Sinapis arvensis,0,Sinapis
SK9826,Sisymbrium officinale,0,Sisymbrium
SK9826,Solanum dulcamara,0,Solanum
SK9826,Solanum nigrum,0,Solanum
SK9826,Solanum tuberosum,0,Solanum
SK9826,Sonchus arvensis,0,Sonchus
SK9826,Sonchus asper,0,Sonchus
SK9826,Sonchus oleraceus,0,Sonchus
SK9826,Sorbus aucuparia,0,Sorbus
SK9826,Spergula arvensis,0,Spergula
SK9826,Spergularia media,0,Spergularia
SK9826,Stachys arvensis,0,Stachys
SK9826,Stachys palustris,0,Stachys
SK9826,Stachys sylvatica,4,Stachys
SK9826,Stellaria alsine,0,Stellaria
SK9826,Stellaria graminea,0,Stellaria
SK9826,Stellaria holostea,0,Stellaria
SK9826,Stellaria media,0,Stellaria
SK9826,Suaeda maritima,0,Suaeda
SK9826,Succisa pratensis,0,Succisa
SK9826,Symphytum officinale,0,Symphytum
SK9826,Taraxacum agg,1,Taraxacum
SK9826,Taraxacum officinale,0,Taraxacum
SK9826,Teucrium scorodonia,0,Teucrium
SK9826,Thlaspi arvense,0,Thlaspi
SK9826,Thymus polytrichus,0,Thymus
SK9826,Thymus vulgaris,0,Thymus
SK9826,Torilis japonica,0,Torilis
SK9826,Tragopogon pratensis,0,Tragopogon
SK9826,Trientalis europaea,0,Trientalis
SK9826,Trifolium arvense,0,Trifolium
SK9826,Trifolium campestre,0,Trifolium
SK9826,Trifolium constantinopolitanum,0,Trifolium
SK9826,Trifolium dubium,0,Trifolium
SK9826,Trifolium pratense,0,Trifolium
SK9826,Trifolium repens,20,Trifolium
SK9826,Tripleurospermum inodorum,2,Tripleurospermum
SK9826,Tripleurospermum maritimum,99,Tripleurospermum
SK9826,Turgenia latifolia,0,Turgenia
SK9826,Ulex europaeus,0,Ulex
SK9826,Ulex gallii,0,Ulex
SK9826,Urtica dioica,142,Urtica
SK9826,Vaccinium myrtillus,0,Vaccinium
SK9826,Vaccinium oxycoccos,0,Vaccinium
SK9826,Vaccinium vitis,0,Vaccinium
SK9826,Valeriana dioica,0,Valeriana
SK9826,Valeriana officinalis,0,Valeriana
SK9826,Verbena officinalis,0,Verbena
SK9826,Verbena x,0,Verbena
SK9826,Veronica agrestis,0,Veronica
SK9826,Veronica arvensis,0,Veronica
SK9826,Veronica beccabunga,0,Veronica
SK9826,Veronica chamaedrys,0,Veronica
SK9826,Veronica hederifolia,0,Veronica
SK9826,Veronica montana,0,Veronica
SK9826,Veronica officinalis,0,Veronica
SK9826,Veronica persica,0,Veronica
SK9826,Veronica polita,0,Veronica
SK9826,Veronica serpyllifolia,0,Veronica
SK9826,Vicia benghalensis,0,Vicia
SK9826,Vicia cracca,0,Vicia
SK9826,Vicia faba,0,Vicia
SK9826,Vicia hirsuta,0,Vicia
SK9826,Vicia lutea,0,Vicia
SK9826,Vicia sativa,0,Vicia
SK9826,Vicia sepium,0,Vicia
SK9826,Vicia spp,0,Vicia
SK9826,Vicia tetrasperma,0,Vicia
SK9826,Viola arvensis,0,Viola
SK9826,Viola canina,0,Viola
SK9826,Viola palustris,0,Viola
SK9826,Viola riviniana,0,Viola
SK9826,Zea mays,0,Zea
SN0732,Acer pseudoplatanus,0,Acer
SN0732,Achillea millefolium,0,Achillea
SN0732,Achillea ptarmica,0,Achillea
SN0732,Aegopodium podagraria,0,Aegopodium
SN0732,Aethusa cynapium,0,Aethusa
SN0732,Ajuga reptans,0,Ajuga
SN0732,Alliaria petiolata,0,Alliaria
SN0732,Alnus glutinosa,0,Alnus
SN0732,Anagallis arvensis,0,Anagallis
SN0732,Anchusa arvensis,0,Anchusa
SN0732,Anemone nemorosa,0,Anemone
SN0732,Angelica sylvestris,0,Angelica
SN0732,Anthemis cotula,0,Anthemis
SN0732,Anthriscus caucalis,0,Anthriscus
SN0732,Anthriscus sylvestris,0,Anthriscus
SN0732,Apium nodiflorum,0,Apium
SN0732,Armeria maritima,0,Armeria
SN0732,Artemisia absinthium,0,Artemisia
SN0732,Artemisia annua,0,Artemisia
SN0732,Artemisia vulgaris,0,Artemisia
SN0732,Aster tripolium,0,Aster
SN0732,Atriplex patula,0,Atriplex
SN0732,Atriplex portulacoides,0,Atriplex
SN0732,Ballota nigra,0,Ballota
SN0732,Barbarea vulgaris,0,Barbarea
SN0732,Bellis perennis,0,Bellis
SN0732,Berula erecta,0,Berula
SN0732,Brassica napus,0,Brassica
SN0732,Brassica oleracea,0,Brassica
SN0732,Brassica rapa,0,Brassica
SN0732,Bryonia dioica,0,Bryonia
SN0732,Buddleja davidii,0,Buddleja
SN0732,Bupleurum tenuissimum,0,Bupleurum
SN0732,Calluna vulgaris,2297,Calluna
SN0732,Caltha palustris,0,Caltha
SN0732,Calystegia sepium,0,Calystegia
SN0732,Campanula rotundifolia,0,Campanula
SN0732,Capsella bursa,0,Capsella
SN0732,Cardamine flexuosa,3,Cardamine
SN0732,Cardamine hirsuta,0,Cardamine
SN0732,Cardamine pratensis,2,Cardamine
SN0732,Carduus nutans,0,Carduus
SN0732,Carum verticillatum,0,Carum
SN0732,Centaurea cyanus,0,Centaurea
SN0732,Centaurea nigra,0,Centaurea
SN0732,Centaurea scabiosa,0,Centaurea
SN0732,Centaurium erythraea,0,Centaurium
SN0732,Cerastium arvense,0,Cerastium
SN0732,Cerastium fontanum,0,Cerastium
SN0732,Cerastium glomeratum,0,Cerastium
SN0732,Ceratocapnos claviculata,0,Ceratocapnos
SN0732,Chaerophyllum temulum,0,Chaerophyllum
SN0732,Chamaemelum nobile,0,Chamaemelum
SN0732,Chamerion angustifolium,0,Chamerion
SN0732,Chenopodium album,0,Chenopodium
SN0732,Chenopodium ficifolium,0,Chenopodium
SN0732,Chenopodium quinoa,0,Chenopodium
SN0732,Cichorium intybus,0,Cichorium
SN0732,Circaea lutetiana,0,Circaea
SN0732,Cirsium arvense,0,Cirsium
SN0732,Cirsium eriophorum,0,Cirsium
SN0732,Cirsium palustre,55,Cirsium
SN0732,Cirsium vulgare,0,Cirsium
SN0732,Clematis vitalba,0,Clematis
SN0732,Clinopodium vulgare,0,Clinopodium
SN0732,Conium maculatum,0,Conium
SN0732,Conopodium majus,0,Conopodium
SN0732,Convolvulus arvensis,0,Convolvulus
SN0732,Conyza canadensis,0,Conyza
SN0732,Cotoneaster salicifolius,0,Cotoneaster
SN0732,Crataegus monogyna,0,Crataegus
SN0732,Crepis capillaris,0,Crepis
SN0732,Crepis vesicaria,0,Crepis
SN0732,Cruciata laevipes,0,Cruciata
SN0732,Cytisus scoparius,0,Cytisus
SN0732,Dactylorhiza fuchsii,0,Dactylorhiza
SN0732,Dactylorhiza maculata,0,Dactylorhiza
SN0732,Daucus carota,0,Daucus
SN0732,Digitalis ferruginea,0,Digitalis
SN0732,Digitalis grandiflora,0,Digitalis
SN0732,Digitalis purpurea,0,Digitalis
SN0732,Dioscorea communis,0,Dioscorea
SN0732,Doronicum plantagineum,0,Doronicum
SN0732,Drosera anglica,0,Drosera
SN0732,Drosera rotundifolia,0,Drosera
SN0732,Dryas octopetala,0,Dryas
SN0732,Epilobium hirsutum,0,Epilobium
SN0732,Epilobium montanum,0,Epilobium
SN0732,Epilobium obscurum,0,Epilobium
SN0732,Epilobium palustre,0,Epilobium
SN0732,Epilobium parviflorum,0,Epilobium
SN0732,Epilobium roseum,0,Epilobium
SN0732,Epilobium tetragonum,0,Epilobium
SN0732,Erica cinerea,0,Erica
SN0732,Erica tetralix,242,Erica
SN0732,Eriophorum vaginatum,0,Eriophorum
SN0732,Eupatorium cannabinum,0,Eupatorium
SN0732,Euphorbia exigua,0,Euphorbia
SN0732,Euphorbia helioscopia,0,Euphorbia
SN0732,Euphrasia officinalis,0,Euphrasia
SN0732,Fagopyrum esculentum,0,Fagopyrum
SN0732,Fallopia convolvulus,0,Fallopia
SN0732,Filipendula ulmaria,0,Filipendula
SN0732,Fumaria officinalis,0,Fumaria
SN0732,Galeopsis speciosa,0,Galeopsis
SN0732,Galeopsis tetrahit,0,Galeopsis
SN0732,Galium aparine,0,Galium
SN0732,Galium mollugo,0,Galium
SN0732,Galium odoratum,0,Galium
SN0732,Galium palustre,0,Galium
SN0732,Galium saxatile,53,Galium
SN0732,Galium verum,0,Galium
SN0732,Genista anglica,0,Genista
SN0732,Geranium dissectum,0,Geranium
SN0732,Geranium molle,0,Geranium
SN0732,Geranium nodosum,0,Geranium
SN0732,Geranium pratense,0,Geranium
SN0732,Geranium pyrenaicum,0,Geranium
SN0732,Geranium robertianum,0,Geranium
SN0732,Geum urbanum,0,Geum
SN0732,Glechoma hederacea,0,Glechoma
SN0732,Hedera helix,0,Hedera
SN0732,Helianthus annuus,0,Helianthus
SN0732,Heracleum mantegazzianum,0,Heracleum
SN0732,Heracleum sphondylium,0,Heracleum
SN0732,Hippocrepis comosa,0,Hippocrepis
SN0732,Hordeum vulgare,0,Hordeum
SN0732,Hyacinthoides non,0,Hyacinthoides
SN0732,Hypericum forrestii,0,Hypericum
SN0732,Hypericum perforatum,0,Hypericum
SN0732,Hypericum pulchrum,0,Hypericum
SN0732,Hypericum tetrapterum,0,Hypericum
SN0732,Hypochaeris radicata,0,Hypochaeris
SN0732,Ilex aquifolium,0,Ilex
SN0732,Impatiens glandulifera,0,Impatiens
SN0732,Impatiens parviflora,0,Impatiens
SN0732,Iris pseudacorus,0,Iris
SN0732,Jacobaea erucifolia,0,Jacobaea
SN0732,Jacobaea vulgaris,0,Jacobaea
SN0732,Jasione montana,0,Jasione
SN0732,Juncus conglomeratus,0,Juncus
SN0732,Juncus effusus,0,Juncus
SN0732,Knautia arvensis,0,Knautia
SN0732,Lactuca serriola,0,Lactuca
SN0732,Lamium album,0,Lamium
SN0732,Lamium galeobdolon,0,Lamium
SN0732,Lamium purpureum,0,Lamium
SN0732,Lapsana communis,0,Lapsana
SN0732,Lathyrus aphaca,0,Lathyrus
SN0732,Lathyrus linifolius,0,Lathyrus
SN0732,Lathyrus pratensis,0,Lathyrus
SN0732,Leontodon hispidus,0,Leontodon
SN0732,Leontodon saxatilis,0,Leontodon
SN0732,Leucanthemum vulgare,0,Leucanthemum
SN0732,Ligusticum scoticum,0,Ligusticum
SN0732,Limonium vulgare,0,Limonium
SN0732,Linaria vulgaris,0,Linaria
SN0732,Linum catharticum,0,Linum
SN0732,Linum usitatissimum,0,Linum
SN0732,Lonicera caprifolium,0,Lonicera
SN0732,Lonicera periclymenum,0,Lonicera
SN0732,Lotus angustissimus,0,Lotus
SN0732,Lotus corniculatus,1,Lotus
SN0732,Lotus pedunculatus,0,Lotus
SN0732,Lotus subbiflorus,0,Lotus
SN0732,Luzula campestris,0,Luzula
SN0732,Lysimachia nemorum,0,Lysimachia
SN0732,Lysimachia punctata,0,Lysimachia
SN0732,Lysimachia vulgaris,0,Lysimachia
SN0732,Lythrum alatum,0,Lythrum
SN0732,Lythrum salicaria,0,Lythrum
SN0732,Malva sylvestris,0,Malva
SN0732,Matricaria chamomilla,0,Matricaria
SN0732,Matricaria discoidea,0,Matricaria
SN0732,Medicago lupulina,0,Medicago
SN0732,Melampyrum pratense,0,Melampyrum
SN0732,Mentha aquatica,0,Mentha
SN0732,Mentha arvensis,0,Mentha
SN0732,Mercurialis perennis,0,Mercurialis
SN0732,Myosotis arvensis,0,Myosotis
SN0732,Myosotis discolor,0,Myosotis
SN0732,Myosotis sylvatica,0,Myosotis
SN0732,Narthecium ossifragum,7,Narthecium
SN0732,Odontites vernus,0,Odontites
SN0732,Oenanthe crocata,0,Oenanthe
SN0732,Origanum vulgare,0,Origanum
SN0732,Ornithopus perpusillus,0,Ornithopus
SN0732,Oxalis acetosella,0,Oxalis
SN0732,Panicum miliaceum,0,Panicum
SN0732,Papaver rhoeas,0,Papaver
SN0732,Pedicularis sylvatica,0,Pedicularis
SN0732,Persicaria amplexicaulis,0,Persicaria
SN0732,Persicaria bistorta,0,Persicaria
SN0732,Persicaria hydropiper,0,Persicaria
SN0732,Persicaria lapathifolia,0,Persicaria
SN0732,Persicaria maculosa,0,Persicaria
SN0732,Peucedanum ostruthium,0,Peucedanum
SN0732,Picris echioides,0,Picris
SN0732,Picris hieracioides,0,Picris
SN0732,Pilosella officinarum,0,Pilosella
SN0732,Pimpinella saxifraga,0,Pimpinella
SN0732,Pinguicula vulgaris,0,Pinguicula
SN0732,Plantago lanceolata,0,Plantago
SN0732,Plantago major,0,Plantago
SN0732,Plantago maritima,0,Plantago
SN0732,Poa annua,0,Poa
SN0732,Polygala serpyllifolia,17.5,Polygala
SN0732,Polygala vulgaris,2,Polygala
SN0732,Polygonum aviculare,0,Polygonum
SN0732,Potentilla anglica,0,Potentilla
SN0732,Potentilla anserina,0,Potentilla
SN0732,Potentilla erecta,596,Potentilla
SN0732,Potentilla recta,0,Potentilla
SN0732,Potentilla reptans,0,Potentilla
SN0732,Prunella vulgaris,0,Prunella
SN0732,Prunus spinosa,0,Prunus
SN0732,Pulicaria dysenterica,0,Pulicaria
SN0732,Ranunculus acris,12,Ranunculus
SN0732,Ranunculus bulbosus,0,Ranunculus
SN0732,Ranunculus ficaria,0,Ranunculus
SN0732,Ranunculus flammula,0,Ranunculus
SN0732,Ranunculus repens,10,Ranunculus
SN0732,Ranunculus sardous,0,Ranunculus
SN0732,Raphanus raphanistrum,0,Raphanus
SN0732,Raphanus sativus,0,Raphanus
SN0732,Rhinanthus minor,0,Rhinanthus
SN0732,Rosa arvensis,0,Rosa
SN0732,Rosa canina,0,Rosa
SN0732,Rubus caesius,0,Rubus
SN0732,Rubus fruticosus,0,Rubus
SN0732,Rubus idaeus,0,Rubus
SN0732,Rumex acetosa,0,Rumex
SN0732,Rumex acetosella,0,Rumex
SN0732,Rumex crispus,0,Rumex
SN0732,Rumex obtusifolius,0,Rumex
SN0732,Rumex sanguineus,0,Rumex
SN0732,Sagina saginoides,0,Sagina
SN0732,Sambucus nigra,0,Sambucus
SN0732,Sanguisorba officinalis,0,Sanguisorba
SN0732,Scorzoneroides autumnalis,0,Scorzoneroides
SN0732,Scrophularia auriculata,0,Scrophularia
SN0732,Scrophularia nodosa,0,Scrophularia
SN0732,Sedum anglicum,0,Sedum
SN0732,Senecio erucifolius,0,Senecio
SN0732,Senecio jacobaea,0,Senecio
SN0732,Senecio vulgaris,0,Senecio
SN0732,Sherardia arvensis,0,Sherardia
SN0732,Silene dioica,0,Silene
SN0732,Silene latifolia,0,Silene
SN0732,Silybum marianum,0,Silybum
SN0732,Sinapis alba,0,Sinapis
SN0732,Sinapis arvensis,0,Sinapis
SN0732,Sisymbrium officinale,0,Sisymbrium
SN0732,Solanum dulcamara,0,Solanum
SN0732,Solanum nigrum,0,Solanum
SN0732,Solanum tuberosum,0,Solanum
SN0732,Sonchus arvensis,0,Sonchus
SN0732,Sonchus asper,0,Sonchus
SN0732,Sonchus oleraceus,0,Sonchus
SN0732,Sorbus aucuparia,0,Sorbus
SN0732,Spergula arvensis,0,Spergula
SN0732,Spergularia media,0,Spergularia
SN0732,Stachys arvensis,0,Stachys
SN0732,Stachys palustris,0,Stachys
SN0732,Stachys sylvatica,0,Stachys
SN0732,Stellaria alsine,0,Stellaria
SN0732,Stellaria graminea,0,Stellaria
SN0732,Stellaria holostea,0,Stellaria
SN0732,Stellaria media,0,Stellaria
SN0732,Suaeda maritima,0,Suaeda
SN0732,Succisa pratensis,0,Succisa
SN0732,Symphytum officinale,0,Symphytum
SN0732,Taraxacum agg,0,Taraxacum
SN0732,Taraxacum officinale,0,Taraxacum
SN0732,Teucrium scorodonia,0,Teucrium
SN0732,Thlaspi arvense,0,Thlaspi
SN0732,Thymus polytrichus,0,Thymus
SN0732,Thymus vulgaris,0,Thymus
SN0732,Torilis japonica,0,Torilis
SN0732,Tragopogon pratensis,0,Tragopogon
SN0732,Trientalis europaea,0,Trientalis
SN0732,Trifolium arvense,0,Trifolium
SN0732,Trifolium campestre,0,Trifolium
SN0732,Trifolium constantinopolitanum,0,Trifolium
SN0732,Trifolium dubium,0,Trifolium
SN0732,Trifolium pratense,0,Trifolium
SN0732,Trifolium repens,0,Trifolium
SN0732,Tripleurospermum inodorum,0,Tripleurospermum
SN0732,Tripleurospermum maritimum,0,Tripleurospermum
SN0732,Turgenia latifolia,0,Turgenia
SN0732,Ulex europaeus,0,Ulex
SN0732,Ulex gallii,0,Ulex
SN0732,Urtica dioica,0,Urtica
SN0732,Vaccinium myrtillus,8,Vaccinium
SN0732,Vaccinium oxycoccos,0,Vaccinium
SN0732,Vaccinium vitis,0,Vaccinium
SN0732,Valeriana dioica,0,Valeriana
SN0732,Valeriana officinalis,0,Valeriana
SN0732,Verbena officinalis,0,Verbena
SN0732,Verbena x,0,Verbena
SN0732,Veronica agrestis,0,Veronica
SN0732,Veronica arvensis,0,Veronica
SN0732,Veronica beccabunga,0,Veronica
SN0732,Veronica chamaedrys,0,Veronica
SN0732,Veronica hederifolia,0,Veronica
SN0732,Veronica montana,0,Veronica
SN0732,Veronica officinalis,0,Veronica
SN0732,Veronica persica,0,Veronica
SN0732,Veronica polita,0,Veronica
SN0732,Veronica serpyllifolia,0,Veronica
SN0732,Vicia benghalensis,0,Vicia
SN0732,Vicia cracca,0,Vicia
SN0732,Vicia faba,0,Vicia
SN0732,Vicia hirsuta,0,Vicia
SN0732,Vicia lutea,0,Vicia
SN0732,Vicia sativa,0,Vicia
SN0732,Vicia sepium,0,Vicia
SN0732,Vicia spp,0,Vicia
SN0732,Vicia tetrasperma,0,Vicia
SN0732,Viola arvensis,0,Viola
SN0732,Viola canina,0,Viola
SN0732,Viola palustris,0,Viola
SN0732,Viola riviniana,0,Viola
SN0732,Zea mays,0,Zea
SN6098,Acer pseudoplatanus,0,Acer
SN6098,Achillea millefolium,54,Achillea
SN6098,Achillea ptarmica,0,Achillea
SN6098,Aegopodium podagraria,0,Aegopodium
SN6098,Aethusa cynapium,0,Aethusa
SN6098,Ajuga reptans,0,Ajuga
SN6098,Alliaria petiolata,0,Alliaria
SN6098,Alnus glutinosa,0,Alnus
SN6098,Anagallis arvensis,0,Anagallis
SN6098,Anchusa arvensis,0,Anchusa
SN6098,Anemone nemorosa,0,Anemone
SN6098,Angelica sylvestris,0,Angelica
SN6098,Anthemis cotula,0,Anthemis
SN6098,Anthriscus caucalis,0,Anthriscus
SN6098,Anthriscus sylvestris,0,Anthriscus
SN6098,Apium nodiflorum,0,Apium
SN6098,Armeria maritima,0,Armeria
SN6098,Artemisia absinthium,500,Artemisia
SN6098,Artemisia annua,0,Artemisia
SN6098,Artemisia vulgaris,0,Artemisia
SN6098,Aster tripolium,0,Aster
SN6098,Atriplex patula,0,Atriplex
SN6098,Atriplex portulacoides,0,Atriplex
SN6098,Ballota nigra,0,Ballota
SN6098,Barbarea vulgaris,0,Barbarea
SN6098,Bellis perennis,0,Bellis
SN6098,Berula erecta,0,Berula
SN6098,Brassica napus,0,Brassica
SN6098,Brassica oleracea,0,Brassica
SN6098,Brassica rapa,0,Brassica
SN6098,Bryonia dioica,0,Bryonia
SN6098,Buddleja davidii,0,Buddleja
SN6098,Bupleurum tenuissimum,0,Bupleurum
SN6098,Calluna vulgaris,0,Calluna
SN6098,Caltha palustris,0,Caltha
SN6098,Calystegia sepium,0,Calystegia
SN6098,Campanula rotundifolia,2,Campanula
SN6098,Capsella bursa,0,Capsella
SN6098,Cardamine flexuosa,0,Cardamine
SN6098,Cardamine hirsuta,0,Cardamine
SN6098,Cardamine pratensis,1,Cardamine
SN6098,Carduus nutans,0,Carduus
SN6098,Carum verticillatum,0,Carum
SN6098,Centaurea cyanus,0,Centaurea
SN6098,Centaurea nigra,0,Centaurea
SN6098,Centaurea scabiosa,0,Centaurea
SN6098,Centaurium erythraea,0,Centaurium
SN6098,Cerastium arvense,0,Cerastium
SN6098,Cerastium fontanum,103,Cerastium
SN6098,Cerastium glomeratum,0,Cerastium
SN6098,Ceratocapnos claviculata,0,Ceratocapnos
SN6098,Chaerophyllum temulum,0,Chaerophyllum
SN6098,Chamaemelum nobile,0,Chamaemelum
SN6098,Chamerion angustifolium,0,Chamerion
SN6098,Chenopodium album,0,Chenopodium
SN6098,Chenopodium ficifolium,0,Chenopodium
SN6098,Chenopodium quinoa,0,Chenopodium
SN6098,Cichorium intybus,0,Cichorium
SN6098,Circaea lutetiana,0,Circaea
SN6098,Cirsium arvense,3,Cirsium
SN6098,Cirsium eriophorum,0,Cirsium
SN6098,Cirsium palustre,0,Cirsium
SN6098,Cirsium vulgare,16,Cirsium
SN6098,Clematis vitalba,0,Clematis
SN6098,Clinopodium vulgare,0,Clinopodium
SN6098,Conium maculatum,0,Conium
SN6098,Conopodium majus,0,Conopodium
SN6098,Convolvulus arvensis,0,Convolvulus
SN6098,Conyza canadensis,0,Conyza
SN6098,Cotoneaster salicifolius,0,Cotoneaster
SN6098,Crataegus monogyna,0,Crataegus
SN6098,Crepis capillaris,106,Crepis
SN6098,Crepis vesicaria,0,Crepis
SN6098,Cruciata laevipes,0,Cruciata
SN6098,Cytisus scoparius,0,Cytisus
SN6098,Dactylorhiza fuchsii,0,Dactylorhiza
SN6098,Dactylorhiza maculata,0,Dactylorhiza
SN6098,Daucus carota,0,Daucus
SN6098,Digitalis ferruginea,0,Digitalis
SN6098,Digitalis grandiflora,0,Digitalis
SN6098,Digitalis purpurea,210,Digitalis
SN6098,Dioscorea communis,0,Dioscorea
SN6098,Doronicum plantagineum,0,Doronicum
SN6098,Drosera anglica,0,Drosera
SN6098,Drosera rotundifolia,0,Drosera
SN6098,Dryas octopetala,0,Dryas
SN6098,Epilobium hirsutum,0,Epilobium
SN6098,Epilobium montanum,0,Epilobium
SN6098,Epilobium obscurum,0,Epilobium
SN6098,Epilobium palustre,0,Epilobium
SN6098,Epilobium parviflorum,0,Epilobium
SN6098,Epilobium roseum,0,Epilobium
SN6098,Epilobium tetragonum,0,Epilobium
SN6098,Erica cinerea,0,Erica
SN6098,Erica tetralix,0,Erica
SN6098,Eriophorum vaginatum,0,Eriophorum
SN6098,Eupatorium cannabinum,0,Eupatorium
SN6098,Euphorbia exigua,0,Euphorbia
SN6098,Euphorbia helioscopia,0,Euphorbia
SN6098,Euphrasia officinalis,0,Euphrasia
SN6098,Fagopyrum esculentum,0,Fagopyrum
SN6098,Fallopia convolvulus,0,Fallopia
SN6098,Filipendula ulmaria,0,Filipendula
SN6098,Fumaria officinalis,0,Fumaria
SN6098,Galeopsis speciosa,0,Galeopsis
SN6098,Galeopsis tetrahit,0,Galeopsis
SN6098,Galium aparine,27,Galium
SN6098,Galium mollugo,0,Galium
SN6098,Galium odoratum,0,Galium
SN6098,Galium palustre,115,Galium
SN6098,Galium saxatile,16,Galium
SN6098,Galium verum,0,Galium
SN6098,Genista anglica,0,Genista
SN6098,Geranium dissectum,0,Geranium
SN6098,Geranium molle,7,Geranium
SN6098,Geranium nodosum,0,Geranium
SN6098,Geranium pratense,0,Geranium
SN6098,Geranium pyrenaicum,0,Geranium
SN6098,Geranium robertianum,0,Geranium
SN6098,Geum urbanum,0,Geum
SN6098,Glechoma hederacea,8,Glechoma
SN6098,Hedera helix,0,Hedera
SN6098,Helianthus annuus,0,Helianthus
SN6098,Heracleum mantegazzianum,0,Heracleum
SN6098,Heracleum sphondylium,0,Heracleum
SN6098,Hippocrepis comosa,0,Hippocrepis
SN6098,Hordeum vulgare,0,Hordeum
SN6098,Hyacinthoides non,0,Hyacinthoides
SN6098,Hypericum forrestii,0,Hypericum
SN6098,Hypericum perforatum,0,Hypericum
SN6098,Hypericum pulchrum,0,Hypericum
SN6098,Hypericum tetrapterum,0,Hypericum
SN6098,Hypochaeris radicata,2,Hypochaeris
SN6098,Ilex aquifolium,0,Ilex
SN6098,Impatiens glandulifera,0,Impatiens
SN6098,Impatiens parviflora,0,Impatiens
SN6098,Iris pseudacorus,0,Iris
SN6098,Jacobaea erucifolia,0,Jacobaea
SN6098,Jacobaea vulgaris,0,Jacobaea
SN6098,Jasione montana,5,Jasione
SN6098,Juncus conglomeratus,0,Juncus
SN6098,Juncus effusus,0,Juncus
SN6098,Knautia arvensis,0,Knautia
SN6098,Lactuca serriola,0,Lactuca
SN6098,Lamium album,0,Lamium
SN6098,Lamium galeobdolon,0,Lamium
SN6098,Lamium purpureum,4,Lamium
SN6098,Lapsana communis,8,Lapsana
SN6098,Lathyrus aphaca,0,Lathyrus
SN6098,Lathyrus linifolius,0,Lathyrus
SN6098,Lathyrus pratensis,10,Lathyrus
SN6098,Leontodon hispidus,0,Leontodon
SN6098,Leontodon saxatilis,0,Leontodon
SN6098,Leucanthemum vulgare,0,Leucanthemum
SN6098,Ligusticum scoticum,0,Ligusticum
SN6098,Limonium vulgare,0,Limonium
SN6098,Linaria vulgaris,0,Linaria
SN6098,Linum catharticum,0,Linum
SN6098,Linum usitatissimum,0,Linum
SN6098,Lonicera caprifolium,0,Lonicera
SN6098,Lonicera periclymenum,0,Lonicera
SN6098,Lotus angustissimus,0,Lotus
SN6098,Lotus corniculatus,0,Lotus
SN6098,Lotus pedunculatus,53,Lotus
SN6098,Lotus subbiflorus,0,Lotus
SN6098,Luzula campestris,0,Luzula
SN6098,Lysimachia nemorum,0,Lysimachia
SN6098,Lysimachia punctata,0,Lysimachia
SN6098,Lysimachia vulgaris,0,Lysimachia
SN6098,Lythrum alatum,0,Lythrum
SN6098,Lythrum salicaria,0,Lythrum
SN6098,Malva sylvestris,0,Malva
SN6098,Matricaria chamomilla,0,Matricaria
SN6098,Matricaria discoidea,0,Matricaria
SN6098,Medicago lupulina,50,Medicago
SN6098,Melampyrum pratense,0,Melampyrum
SN6098,Mentha aquatica,0,Mentha
SN6098,Mentha arvensis,0,Mentha
SN6098,Mercurialis perennis,0,Mercurialis
SN6098,Myosotis arvensis,0,Myosotis
SN6098,Myosotis discolor,0,Myosotis
SN6098,Myosotis sylvatica,0,Myosotis
SN6098,Narthecium ossifragum,0,Narthecium
SN6098,Odontites vernus,0,Odontites
SN6098,Oenanthe crocata,64,Oenanthe
SN6098,Origanum vulgare,0,Origanum
SN6098,Ornithopus perpusillus,0,Ornithopus
SN6098,Oxalis acetosella,0,Oxalis
SN6098,Panicum miliaceum,0,Panicum
SN6098,Papaver rhoeas,0,Papaver
SN6098,Pedicularis sylvatica,0,Pedicularis
SN6098,Persicaria amplexicaulis,0,Persicaria
SN6098,Persicaria bistorta,0,Persicaria
SN6098,Persicaria hydropiper,10,Persicaria
SN6098,Persicaria lapathifolia,0,Persicaria
SN6098,Persicaria maculosa,300,Persicaria
SN6098,Peucedanum ostruthium,0,Peucedanum
SN6098,Picris echioides,0,Picris
SN6098,Picris hieracioides,0,Picris
SN6098,Pilosella officinarum,0,Pilosella
SN6098,Pimpinella saxifraga,0,Pimpinella
SN6098,Pinguicula vulgaris,0,Pinguicula
SN6098,Plantago lanceolata,486,Plantago
SN6098,Plantago major,0,Plantago
SN6098,Plantago maritima,0,Plantago
SN6098,Poa annua,0,Poa
SN6098,Polygala serpyllifolia,0,Polygala
SN6098,Polygala vulgaris,0,Polygala
SN6098,Polygonum aviculare,0,Polygonum
SN6098,Potentilla anglica,0,Potentilla
SN6098,Potentilla anserina,0,Potentilla
SN6098,Potentilla erecta,21,Potentilla
SN6098,Potentilla recta,0,Potentilla
SN6098,Potentilla reptans,0,Potentilla
SN6098,Prunella vulgaris,1,Prunella
SN6098,Prunus spinosa,0,Prunus
SN6098,Pulicaria dysenterica,0,Pulicaria
SN6098,Ranunculus acris,43,Ranunculus
SN6098,Ranunculus bulbosus,0,Ranunculus
SN6098,Ranunculus ficaria,0,Ranunculus
SN6098,Ranunculus flammula,0,Ranunculus
SN6098,Ranunculus repens,102,Ranunculus
SN6098,Ranunculus sardous,0,Ranunculus
SN6098,Raphanus raphanistrum,0,Raphanus
SN6098,Raphanus sativus,0,Raphanus
SN6098,Rhinanthus minor,0,Rhinanthus
SN6098,Rosa arvensis,0,Rosa
SN6098,Rosa canina,0,Rosa
SN6098,Rubus caesius,0,Rubus
SN6098,Rubus fruticosus,29,Rubus
SN6098,Rubus idaeus,0,Rubus
SN6098,Rumex acetosa,18,Rumex
SN6098,Rumex acetosella,262,Rumex
SN6098,Rumex crispus,0,Rumex
SN6098,Rumex obtusifolius,22,Rumex
SN6098,Rumex sanguineus,0,Rumex
SN6098,Sagina saginoides,0,Sagina
SN6098,Sambucus nigra,0,Sambucus
SN6098,Sanguisorba officinalis,0,Sanguisorba
SN6098,Scorzoneroides autumnalis,3,Scorzoneroides
SN6098,Scrophularia auriculata,0,Scrophularia
SN6098,Scrophularia nodosa,0,Scrophularia
SN6098,Sedum anglicum,338,Sedum
SN6098,Senecio erucifolius,0,Senecio
SN6098,Senecio jacobaea,0,Senecio
SN6098,Senecio vulgaris,32,Senecio
SN6098,Sherardia arvensis,0,Sherardia
SN6098,Silene dioica,2,Silene
SN6098,Silene latifolia,0,Silene
SN6098,Silybum marianum,0,Silybum
SN6098,Sinapis alba,0,Sinapis
SN6098,Sinapis arvensis,0,Sinapis
SN6098,Sisymbrium officinale,0,Sisymbrium
SN6098,Solanum dulcamara,0,Solanum
SN6098,Solanum nigrum,0,Solanum
SN6098,Solanum tuberosum,0,Solanum
SN6098,Sonchus arvensis,0,Sonchus
SN6098,Sonchus asper,0,Sonchus
SN6098,Sonchus oleraceus,15,Sonchus
SN6098,Sorbus aucuparia,0,Sorbus
SN6098,Spergula arvensis,0,Spergula
SN6098,Spergularia media,0,Spergularia
SN6098,Stachys arvensis,0,Stachys
SN6098,Stachys palustris,0,Stachys
SN6098,Stachys sylvatica,9,Stachys
SN6098,Stellaria alsine,0,Stellaria
SN6098,Stellaria graminea,8,Stellaria
SN6098,Stellaria holostea,0,Stellaria
SN6098,Stellaria media,9,Stellaria
SN6098,Suaeda maritima,0,Suaeda
SN6098,Succisa pratensis,0,Succisa
SN6098,Symphytum officinale,0,Symphytum
SN6098,Taraxacum agg,0,Taraxacum
SN6098,Taraxacum officinale,1,Taraxacum
SN6098,Teucrium scorodonia,0,Teucrium
SN6098,Thlaspi arvense,0,Thlaspi
SN6098,Thymus polytrichus,13,Thymus
SN6098,Thymus vulgaris,0,Thymus
SN6098,Torilis japonica,0,Torilis
SN6098,Tragopogon pratensis,0,Tragopogon
SN6098,Trientalis europaea,0,Trientalis
SN6098,Trifolium arvense,0,Trifolium
SN6098,Trifolium campestre,0,Trifolium
SN6098,Trifolium constantinopolitanum,10,Trifolium
SN6098,Trifolium dubium,13,Trifolium
SN6098,Trifolium pratense,31,Trifolium
SN6098,Trifolium repens,418,Trifolium
SN6098,Tripleurospermum inodorum,0,Tripleurospermum
SN6098,Tripleurospermum maritimum,0,Tripleurospermum
SN6098,Turgenia latifolia,0,Turgenia
SN6098,Ulex europaeus,431,Ulex
SN6098,Ulex gallii,0,Ulex
SN6098,Urtica dioica,66,Urtica
SN6098,Vaccinium myrtillus,0,Vaccinium
SN6098,Vaccinium oxycoccos,0,Vaccinium
SN6098,Vaccinium vitis,0,Vaccinium
SN6098,Valeriana dioica,0,Valeriana
SN6098,Valeriana officinalis,0,Valeriana
SN6098,Verbena officinalis,0,Verbena
SN6098,Verbena x,0,Verbena
SN6098,Veronica agrestis,0,Veronica
SN6098,Veronica arvensis,0,Veronica
SN6098,Veronica beccabunga,0,Veronica
SN6098,Veronica chamaedrys,6,Veronica
SN6098,Veronica hederifolia,0,Veronica
SN6098,Veronica montana,0,Veronica
SN6098,Veronica officinalis,0,Veronica
SN6098,Veronica persica,0,Veronica
SN6098,Veronica polita,0,Veronica
SN6098,Veronica serpyllifolia,0,Veronica
SN6098,Vicia benghalensis,0,Vicia
SN6098,Vicia cracca,0,Vicia
SN6098,Vicia faba,0,Vicia
SN6098,Vicia hirsuta,0,Vicia
SN6098,Vicia lutea,0,Vicia
SN6098,Vicia sativa,0,Vicia
SN6098,Vicia sepium,0,Vicia
SN6098,Vicia spp,0,Vicia
SN6098,Vicia tetrasperma,0,Vicia
SN6098,Viola arvensis,0,Viola
SN6098,Viola canina,0,Viola
SN6098,Viola palustris,0,Viola
SN6098,Viola riviniana,0,Viola
SN6098,Zea mays,0,Zea
SN6185,Acer pseudoplatanus,0,Acer
SN6185,Achillea millefolium,122,Achillea
SN6185,Achillea ptarmica,0,Achillea
SN6185,Aegopodium podagraria,0,Aegopodium
SN6185,Aethusa cynapium,0,Aethusa
SN6185,Ajuga reptans,0,Ajuga
SN6185,Alliaria petiolata,0,Alliaria
SN6185,Alnus glutinosa,0,Alnus
SN6185,Anagallis arvensis,0,Anagallis
SN6185,Anchusa arvensis,0,Anchusa
SN6185,Anemone nemorosa,0,Anemone
SN6185,Angelica sylvestris,0,Angelica
SN6185,Anthemis cotula,0,Anthemis
SN6185,Anthriscus caucalis,0,Anthriscus
SN6185,Anthriscus sylvestris,0,Anthriscus
SN6185,Apium nodiflorum,0,Apium
SN6185,Armeria maritima,0,Armeria
SN6185,Artemisia absinthium,0,Artemisia
SN6185,Artemisia annua,0,Artemisia
SN6185,Artemisia vulgaris,0,Artemisia
SN6185,Aster tripolium,0,Aster
SN6185,Atriplex patula,0,Atriplex
SN6185,Atriplex portulacoides,0,Atriplex
SN6185,Ballota nigra,0,Ballota
SN6185,Barbarea vulgaris,0,Barbarea
SN6185,Bellis perennis,11,Bellis
SN6185,Berula erecta,0,Berula
SN6185,Brassica napus,0,Brassica
SN6185,Brassica oleracea,0,Brassica
SN6185,Brassica rapa,0,Brassica
SN6185,Bryonia dioica,0,Bryonia
SN6185,Buddleja davidii,0,Buddleja
SN6185,Bupleurum tenuissimum,0,Bupleurum
SN6185,Calluna vulgaris,0,Calluna
SN6185,Caltha palustris,0,Caltha
SN6185,Calystegia sepium,0,Calystegia
SN6185,Campanula rotundifolia,45,Campanula
SN6185,Capsella bursa,0,Capsella
SN6185,Cardamine flexuosa,45,Cardamine
SN6185,Cardamine hirsuta,0,Cardamine
SN6185,Cardamine pratensis,0,Cardamine
SN6185,Carduus nutans,0,Carduus
SN6185,Carum verticillatum,0,Carum
SN6185,Centaurea cyanus,0,Centaurea
SN6185,Centaurea nigra,0,Centaurea
SN6185,Centaurea scabiosa,0,Centaurea
SN6185,Centaurium erythraea,0,Centaurium
SN6185,Cerastium arvense,0,Cerastium
SN6185,Cerastium fontanum,428,Cerastium
SN6185,Cerastium glomeratum,0,Cerastium
SN6185,Ceratocapnos claviculata,0,Ceratocapnos
SN6185,Chaerophyllum temulum,0,Chaerophyllum
SN6185,Chamaemelum nobile,0,Chamaemelum
SN6185,Chamerion angustifolium,0,Chamerion
SN6185,Chenopodium album,0,Chenopodium
SN6185,Chenopodium ficifolium,0,Chenopodium
SN6185,Chenopodium quinoa,0,Chenopodium
SN6185,Cichorium intybus,0,Cichorium
SN6185,Circaea lutetiana,0,Circaea
SN6185,Cirsium arvense,9,Cirsium
SN6185,Cirsium eriophorum,0,Cirsium
SN6185,Cirsium palustre,0,Cirsium
SN6185,Cirsium vulgare,0,Cirsium
SN6185,Clematis vitalba,0,Clematis
SN6185,Clinopodium vulgare,0,Clinopodium
SN6185,Conium maculatum,0,Conium
SN6185,Conopodium majus,0,Conopodium
SN6185,Convolvulus arvensis,0,Convolvulus
SN6185,Conyza canadensis,0,Conyza
SN6185,Cotoneaster salicifolius,0,Cotoneaster
SN6185,Crataegus monogyna,0,Crataegus
SN6185,Crepis capillaris,0,Crepis
SN6185,Crepis vesicaria,0,Crepis
SN6185,Cruciata laevipes,0,Cruciata
SN6185,Cytisus scoparius,0,Cytisus
SN6185,Dactylorhiza fuchsii,0,Dactylorhiza
SN6185,Dactylorhiza maculata,0,Dactylorhiza
SN6185,Daucus carota,0,Daucus
SN6185,Digitalis ferruginea,0,Digitalis
SN6185,Digitalis grandiflora,0,Digitalis
SN6185,Digitalis purpurea,316,Digitalis
SN6185,Dioscorea communis,0,Dioscorea
SN6185,Doronicum plantagineum,0,Doronicum
SN6185,Drosera anglica,0,Drosera
SN6185,Drosera rotundifolia,0,Drosera
SN6185,Dryas octopetala,0,Dryas
SN6185,Epilobium hirsutum,0,Epilobium
SN6185,Epilobium montanum,0,Epilobium
SN6185,Epilobium obscurum,0,Epilobium
SN6185,Epilobium palustre,0,Epilobium
SN6185,Epilobium parviflorum,0,Epilobium
SN6185,Epilobium roseum,0,Epilobium
SN6185,Epilobium tetragonum,0,Epilobium
SN6185,Erica cinerea,0,Erica
SN6185,Erica tetralix,0,Erica
SN6185,Eriophorum vaginatum,0,Eriophorum
SN6185,Eupatorium cannabinum,0,Eupatorium
SN6185,Euphorbia exigua,0,Euphorbia
SN6185,Euphorbia helioscopia,0,Euphorbia
SN6185,Euphrasia officinalis,0,Euphrasia
SN6185,Fagopyrum esculentum,0,Fagopyrum
SN6185,Fallopia convolvulus,0,Fallopia
SN6185,Filipendula ulmaria,0,Filipendula
SN6185,Fumaria officinalis,0,Fumaria
SN6185,Galeopsis speciosa,0,Galeopsis
SN6185,Galeopsis tetrahit,110,Galeopsis
SN6185,Galium aparine,0,Galium
SN6185,Galium mollugo,0,Galium
SN6185,Galium odoratum,0,Galium
SN6185,Galium palustre,0,Galium
SN6185,Galium saxatile,0,Galium
SN6185,Galium verum,0,Galium
SN6185,Genista anglica,0,Genista
SN6185,Geranium dissectum,0,Geranium
SN6185,Geranium molle,0,Geranium
SN6185,Geranium nodosum,0,Geranium
SN6185,Geranium pratense,0,Geranium
SN6185,Geranium pyrenaicum,0,Geranium
SN6185,Geranium robertianum,0,Geranium
SN6185,Geum urbanum,0,Geum
SN6185,Glechoma hederacea,0,Glechoma
SN6185,Hedera helix,0,Hedera
SN6185,Helianthus annuus,0,Helianthus
SN6185,Heracleum mantegazzianum,0,Heracleum
SN6185,Heracleum sphondylium,0,Heracleum
SN6185,Hippocrepis comosa,0,Hippocrepis
SN6185,Hordeum vulgare,0,Hordeum
SN6185,Hyacinthoides non,0,Hyacinthoides
SN6185,Hypericum forrestii,0,Hypericum
SN6185,Hypericum perforatum,0,Hypericum
SN6185,Hypericum pulchrum,0,Hypericum
SN6185,Hypericum tetrapterum,0,Hypericum
SN6185,Hypochaeris radicata,34,Hypochaeris
SN6185,Ilex aquifolium,0,Ilex
SN6185,Impatiens glandulifera,0,Impatiens
SN6185,Impatiens parviflora,0,Impatiens
SN6185,Iris pseudacorus,0,Iris
SN6185,Jacobaea erucifolia,0,Jacobaea
SN6185,Jacobaea vulgaris,0,Jacobaea
SN6185,Jasione montana,0,Jasione
SN6185,Juncus conglomeratus,0,Juncus
SN6185,Juncus effusus,0,Juncus
SN6185,Knautia arvensis,0,Knautia
SN6185,Lactuca serriola,0,Lactuca
SN6185,Lamium album,0,Lamium
SN6185,Lamium galeobdolon,0,Lamium
SN6185,Lamium purpureum,0,Lamium
SN6185,Lapsana communis,0,Lapsana
SN6185,Lathyrus aphaca,0,Lathyrus
SN6185,Lathyrus linifolius,0,Lathyrus
SN6185,Lathyrus pratensis,0,Lathyrus
SN6185,Leontodon hispidus,0,Leontodon
SN6185,Leontodon saxatilis,0,Leontodon
SN6185,Leucanthemum vulgare,0,Leucanthemum
SN6185,Ligusticum scoticum,0,Ligusticum
SN6185,Limonium vulgare,0,Limonium
SN6185,Linaria vulgaris,0,Linaria
SN6185,Linum catharticum,0,Linum
SN6185,Linum usitatissimum,0,Linum
SN6185,Lonicera caprifolium,0,Lonicera
SN6185,Lonicera periclymenum,0,Lonicera
SN6185,Lotus angustissimus,0,Lotus
SN6185,Lotus corniculatus,60,Lotus
SN6185,Lotus pedunculatus,0,Lotus
SN6185,Lotus subbiflorus,0,Lotus
SN6185,Luzula campestris,0,Luzula
SN6185,Lysimachia nemorum,0,Lysimachia
SN6185,Lysimachia punctata,0,Lysimachia
SN6185,Lysimachia vulgaris,0,Lysimachia
SN6185,Lythrum alatum,0,Lythrum
SN6185,Lythrum salicaria,0,Lythrum
SN6185,Malva sylvestris,0,Malva
SN6185,Matricaria chamomilla,0,Matricaria
SN6185,Matricaria discoidea,0,Matricaria
SN6185,Medicago lupulina,0,Medicago
SN6185,Melampyrum pratense,0,Melampyrum
SN6185,Mentha aquatica,0,Mentha
SN6185,Mentha arvensis,0,Mentha
SN6185,Mercurialis perennis,0,Mercurialis
SN6185,Myosotis arvensis,0,Myosotis
SN6185,Myosotis discolor,0,Myosotis
SN6185,Myosotis sylvatica,0,Myosotis
SN6185,Narthecium ossifragum,0,Narthecium
SN6185,Odontites vernus,0,Odontites
SN6185,Oenanthe crocata,0,Oenanthe
SN6185,Origanum vulgare,0,Origanum
SN6185,Ornithopus perpusillus,0,Ornithopus
SN6185,Oxalis acetosella,0,Oxalis
SN6185,Panicum miliaceum,0,Panicum
SN6185,Papaver rhoeas,0,Papaver
SN6185,Pedicularis sylvatica,0,Pedicularis
SN6185,Persicaria amplexicaulis,0,Persicaria
SN6185,Persicaria bistorta,0,Persicaria
SN6185,Persicaria hydropiper,0,Persicaria
SN6185,Persicaria lapathifolia,0,Persicaria
SN6185,Persicaria maculosa,366,Persicaria
SN6185,Peucedanum ostruthium,0,Peucedanum
SN6185,Picris echioides,0,Picris
SN6185,Picris hieracioides,0,Picris
SN6185,Pilosella officinarum,0,Pilosella
SN6185,Pimpinella saxifraga,0,Pimpinella
SN6185,Pinguicula vulgaris,0,Pinguicula
SN6185,Plantago lanceolata,0,Plantago
SN6185,Plantago major,0,Plantago
SN6185,Plantago maritima,0,Plantago
SN6185,Poa annua,0,Poa
SN6185,Polygala serpyllifolia,0,Polygala
SN6185,Polygala vulgaris,0,Polygala
SN6185,Polygonum aviculare,0,Polygonum
SN6185,Potentilla anglica,0,Potentilla
SN6185,Potentilla anserina,0,Potentilla
SN6185,Potentilla erecta,0,Potentilla
SN6185,Potentilla recta,0,Potentilla
SN6185,Potentilla reptans,0,Potentilla
SN6185,Prunella vulgaris,0,Prunella
SN6185,Prunus spinosa,0,Prunus
SN6185,Pulicaria dysenterica,0,Pulicaria
SN6185,Ranunculus acris,0,Ranunculus
SN6185,Ranunculus bulbosus,117,Ranunculus
SN6185,Ranunculus ficaria,0,Ranunculus
SN6185,Ranunculus flammula,0,Ranunculus
SN6185,Ranunculus repens,50,Ranunculus
SN6185,Ranunculus sardous,0,Ranunculus
SN6185,Raphanus raphanistrum,0,Raphanus
SN6185,Raphanus sativus,0,Raphanus
SN6185,Rhinanthus minor,0,Rhinanthus
SN6185,Rosa arvensis,0,Rosa
SN6185,Rosa canina,0,Rosa
SN6185,Rubus caesius,0,Rubus
SN6185,Rubus fruticosus,0,Rubus
SN6185,Rubus idaeus,0,Rubus
SN6185,Rumex acetosa,17,Rumex
SN6185,Rumex acetosella,11,Rumex
SN6185,Rumex crispus,0,Rumex
SN6185,Rumex obtusifolius,2,Rumex
SN6185,Rumex sanguineus,0,Rumex
SN6185,Sagina saginoides,0,Sagina
SN6185,Sambucus nigra,0,Sambucus
SN6185,Sanguisorba officinalis,0,Sanguisorba
SN6185,Scorzoneroides autumnalis,140,Scorzoneroides
SN6185,Scrophularia auriculata,0,Scrophularia
SN6185,Scrophularia nodosa,0,Scrophularia
SN6185,Sedum anglicum,0,Sedum
SN6185,Senecio erucifolius,0,Senecio
SN6185,Senecio jacobaea,0,Senecio
SN6185,Senecio vulgaris,0,Senecio
SN6185,Sherardia arvensis,0,Sherardia
SN6185,Silene dioica,0,Silene
SN6185,Silene latifolia,0,Silene
SN6185,Silybum marianum,0,Silybum
SN6185,Sinapis alba,0,Sinapis
SN6185,Sinapis arvensis,0,Sinapis
SN6185,Sisymbrium officinale,0,Sisymbrium
SN6185,Solanum dulcamara,0,Solanum
SN6185,Solanum nigrum,0,Solanum
SN6185,Solanum tuberosum,0,Solanum
SN6185,Sonchus arvensis,0,Sonchus
SN6185,Sonchus asper,0,Sonchus
SN6185,Sonchus oleraceus,0,Sonchus
SN6185,Sorbus aucuparia,0,Sorbus
SN6185,Spergula arvensis,0,Spergula
SN6185,Spergularia media,0,Spergularia
SN6185,Stachys arvensis,3,Stachys
SN6185,Stachys palustris,0,Stachys
SN6185,Stachys sylvatica,0,Stachys
SN6185,Stellaria alsine,0,Stellaria
SN6185,Stellaria graminea,0,Stellaria
SN6185,Stellaria holostea,0,Stellaria
SN6185,Stellaria media,40,Stellaria
SN6185,Suaeda maritima,0,Suaeda
SN6185,Succisa pratensis,0,Succisa
SN6185,Symphytum officinale,0,Symphytum
SN6185,Taraxacum agg,0,Taraxacum
SN6185,Taraxacum officinale,0,Taraxacum
SN6185,Teucrium scorodonia,15,Teucrium
SN6185,Thlaspi arvense,0,Thlaspi
SN6185,Thymus polytrichus,0,Thymus
SN6185,Thymus vulgaris,0,Thymus
SN6185,Torilis japonica,0,Torilis
SN6185,Tragopogon pratensis,0,Tragopogon
SN6185,Trientalis europaea,0,Trientalis
SN6185,Trifolium arvense,0,Trifolium
SN6185,Trifolium campestre,0,Trifolium
SN6185,Trifolium constantinopolitanum,0,Trifolium
SN6185,Trifolium dubium,0,Trifolium
SN6185,Trifolium pratense,0,Trifolium
SN6185,Trifolium repens,0,Trifolium
SN6185,Tripleurospermum inodorum,0,Tripleurospermum
SN6185,Tripleurospermum maritimum,0,Tripleurospermum
SN6185,Turgenia latifolia,0,Turgenia
SN6185,Ulex europaeus,1621,Ulex
SN6185,Ulex gallii,0,Ulex
SN6185,Urtica dioica,149,Urtica
SN6185,Vaccinium myrtillus,0,Vaccinium
SN6185,Vaccinium oxycoccos,0,Vaccinium
SN6185,Vaccinium vitis,0,Vaccinium
SN6185,Valeriana dioica,0,Valeriana
SN6185,Valeriana officinalis,0,Valeriana
SN6185,Verbena officinalis,0,Verbena
SN6185,Verbena x,0,Verbena
SN6185,Veronica agrestis,0,Veronica
SN6185,Veronica arvensis,0,Veronica
SN6185,Veronica beccabunga,0,Veronica
SN6185,Veronica chamaedrys,0,Veronica
SN6185,Veronica hederifolia,0,Veronica
SN6185,Veronica montana,0,Veronica
SN6185,Veronica officinalis,0,Veronica
SN6185,Veronica persica,0,Veronica
SN6185,Veronica polita,0,Veronica
SN6185,Veronica serpyllifolia,2,Veronica
SN6185,Vicia benghalensis,0,Vicia
SN6185,Vicia cracca,0,Vicia
SN6185,Vicia faba,0,Vicia
SN6185,Vicia hirsuta,0,Vicia
SN6185,Vicia lutea,0,Vicia
SN6185,Vicia sativa,0,Vicia
SN6185,Vicia sepium,0,Vicia
SN6185,Vicia spp,0,Vicia
SN6185,Vicia tetrasperma,0,Vicia
SN6185,Viola arvensis,2,Viola
SN6185,Viola canina,0,Viola
SN6185,Viola palustris,0,Viola
SN6185,Viola riviniana,0,Viola
SN6185,Zea mays,0,Zea
SN6634,Acer pseudoplatanus,0,Acer
SN6634,Achillea millefolium,0,Achillea
SN6634,Achillea ptarmica,0,Achillea
SN6634,Aegopodium podagraria,0,Aegopodium
SN6634,Aethusa cynapium,0,Aethusa
SN6634,Ajuga reptans,0,Ajuga
SN6634,Alliaria petiolata,0,Alliaria
SN6634,Alnus glutinosa,0,Alnus
SN6634,Anagallis arvensis,0,Anagallis
SN6634,Anchusa arvensis,0,Anchusa
SN6634,Anemone nemorosa,0,Anemone
SN6634,Angelica sylvestris,0,Angelica
SN6634,Anthemis cotula,0,Anthemis
SN6634,Anthriscus caucalis,0,Anthriscus
SN6634,Anthriscus sylvestris,0,Anthriscus
SN6634,Apium nodiflorum,0,Apium
SN6634,Armeria maritima,0,Armeria
SN6634,Artemisia absinthium,0,Artemisia
SN6634,Artemisia annua,0,Artemisia
SN6634,Artemisia vulgaris,0,Artemisia
SN6634,Aster tripolium,0,Aster
SN6634,Atriplex patula,0,Atriplex
SN6634,Atriplex portulacoides,0,Atriplex
SN6634,Ballota nigra,0,Ballota
SN6634,Barbarea vulgaris,0,Barbarea
SN6634,Bellis perennis,1,Bellis
SN6634,Berula erecta,0,Berula
SN6634,Brassica napus,0,Brassica
SN6634,Brassica oleracea,0,Brassica
SN6634,Brassica rapa,0,Brassica
SN6634,Bryonia dioica,0,Bryonia
SN6634,Buddleja davidii,0,Buddleja
SN6634,Bupleurum tenuissimum,0,Bupleurum
SN6634,Calluna vulgaris,0,Calluna
SN6634,Caltha palustris,0,Caltha
SN6634,Calystegia sepium,0,Calystegia
SN6634,Campanula rotundifolia,0,Campanula
SN6634,Capsella bursa,0,Capsella
SN6634,Cardamine flexuosa,33,Cardamine
SN6634,Cardamine hirsuta,21,Cardamine
SN6634,Cardamine pratensis,8,Cardamine
SN6634,Carduus nutans,0,Carduus
SN6634,Carum verticillatum,5,Carum
SN6634,Centaurea cyanus,0,Centaurea
SN6634,Centaurea nigra,0,Centaurea
SN6634,Centaurea scabiosa,0,Centaurea
SN6634,Centaurium erythraea,0,Centaurium
SN6634,Cerastium arvense,0,Cerastium
SN6634,Cerastium fontanum,88,Cerastium
SN6634,Cerastium glomeratum,0,Cerastium
SN6634,Ceratocapnos claviculata,0,Ceratocapnos
SN6634,Chaerophyllum temulum,0,Chaerophyllum
SN6634,Chamaemelum nobile,0,Chamaemelum
SN6634,Chamerion angustifolium,0,Chamerion
SN6634,Chenopodium album,0,Chenopodium
SN6634,Chenopodium ficifolium,0,Chenopodium
SN6634,Chenopodium quinoa,0,Chenopodium
SN6634,Cichorium intybus,0,Cichorium
SN6634,Circaea lutetiana,0,Circaea
SN6634,Cirsium arvense,5,Cirsium
SN6634,Cirsium eriophorum,0,Cirsium
SN6634,Cirsium palustre,146,Cirsium
SN6634,Cirsium vulgare,0,Cirsium
SN6634,Clematis vitalba,0,Clematis
SN6634,Clinopodium vulgare,0,Clinopodium
SN6634,Conium maculatum,0,Conium
SN6634,Conopodium majus,0,Conopodium
SN6634,Convolvulus arvensis,0,Convolvulus
SN6634,Conyza canadensis,0,Conyza
SN6634,Cotoneaster salicifolius,0,Cotoneaster
SN6634,Crataegus monogyna,0,Crataegus
SN6634,Crepis capillaris,0,Crepis
SN6634,Crepis vesicaria,0,Crepis
SN6634,Cruciata laevipes,0,Cruciata
SN6634,Cytisus scoparius,0,Cytisus
SN6634,Dactylorhiza fuchsii,0,Dactylorhiza
SN6634,Dactylorhiza maculata,0,Dactylorhiza
SN6634,Daucus carota,0,Daucus
SN6634,Digitalis ferruginea,0,Digitalis
SN6634,Digitalis grandiflora,0,Digitalis
SN6634,Digitalis purpurea,0,Digitalis
SN6634,Dioscorea communis,0,Dioscorea
SN6634,Doronicum plantagineum,0,Doronicum
SN6634,Drosera anglica,0,Drosera
SN6634,Drosera rotundifolia,0,Drosera
SN6634,Dryas octopetala,0,Dryas
SN6634,Epilobium hirsutum,0,Epilobium
SN6634,Epilobium montanum,0,Epilobium
SN6634,Epilobium obscurum,0,Epilobium
SN6634,Epilobium palustre,0,Epilobium
SN6634,Epilobium parviflorum,0,Epilobium
SN6634,Epilobium roseum,0,Epilobium
SN6634,Epilobium tetragonum,0,Epilobium
SN6634,Erica cinerea,0,Erica
SN6634,Erica tetralix,0,Erica
SN6634,Eriophorum vaginatum,0,Eriophorum
SN6634,Eupatorium cannabinum,0,Eupatorium
SN6634,Euphorbia exigua,0,Euphorbia
SN6634,Euphorbia helioscopia,0,Euphorbia
SN6634,Euphrasia officinalis,8,Euphrasia
SN6634,Fagopyrum esculentum,0,Fagopyrum
SN6634,Fallopia convolvulus,0,Fallopia
SN6634,Filipendula ulmaria,0,Filipendula
SN6634,Fumaria officinalis,0,Fumaria
SN6634,Galeopsis speciosa,0,Galeopsis
SN6634,Galeopsis tetrahit,0,Galeopsis
SN6634,Galium aparine,0,Galium
SN6634,Galium mollugo,0,Galium
SN6634,Galium odoratum,0,Galium
SN6634,Galium palustre,110,Galium
SN6634,Galium saxatile,86,Galium
SN6634,Galium verum,0,Galium
SN6634,Genista anglica,0,Genista
SN6634,Geranium dissectum,0,Geranium
SN6634,Geranium molle,0,Geranium
SN6634,Geranium nodosum,0,Geranium
SN6634,Geranium pratense,0,Geranium
SN6634,Geranium pyrenaicum,0,Geranium
SN6634,Geranium robertianum,0,Geranium
SN6634,Geum urbanum,0,Geum
SN6634,Glechoma hederacea,0,Glechoma
SN6634,Hedera helix,0,Hedera
SN6634,Helianthus annuus,0,Helianthus
SN6634,Heracleum mantegazzianum,0,Heracleum
SN6634,Heracleum sphondylium,0,Heracleum
SN6634,Hippocrepis comosa,0,Hippocrepis
SN6634,Hordeum vulgare,0,Hordeum
SN6634,Hyacinthoides non,0,Hyacinthoides
SN6634,Hypericum forrestii,0,Hypericum
SN6634,Hypericum perforatum,0,Hypericum
SN6634,Hypericum pulchrum,0,Hypericum
SN6634,Hypericum tetrapterum,0,Hypericum
SN6634,Hypochaeris radicata,0,Hypochaeris
SN6634,Ilex aquifolium,0,Ilex
SN6634,Impatiens glandulifera,0,Impatiens
SN6634,Impatiens parviflora,0,Impatiens
SN6634,Iris pseudacorus,0,Iris
SN6634,Jacobaea erucifolia,0,Jacobaea
SN6634,Jacobaea vulgaris,0,Jacobaea
SN6634,Jasione montana,0,Jasione
SN6634,Juncus conglomeratus,0,Juncus
SN6634,Juncus effusus,0,Juncus
SN6634,Knautia arvensis,0,Knautia
SN6634,Lactuca serriola,0,Lactuca
SN6634,Lamium album,0,Lamium
SN6634,Lamium galeobdolon,0,Lamium
SN6634,Lamium purpureum,0,Lamium
SN6634,Lapsana communis,0,Lapsana
SN6634,Lathyrus aphaca,0,Lathyrus
SN6634,Lathyrus linifolius,0,Lathyrus
SN6634,Lathyrus pratensis,22,Lathyrus
SN6634,Leontodon hispidus,0,Leontodon
SN6634,Leontodon saxatilis,0,Leontodon
SN6634,Leucanthemum vulgare,0,Leucanthemum
SN6634,Ligusticum scoticum,0,Ligusticum
SN6634,Limonium vulgare,0,Limonium
SN6634,Linaria vulgaris,0,Linaria
SN6634,Linum catharticum,0,Linum
SN6634,Linum usitatissimum,0,Linum
SN6634,Lonicera caprifolium,0,Lonicera
SN6634,Lonicera periclymenum,0,Lonicera
SN6634,Lotus angustissimus,0,Lotus
SN6634,Lotus corniculatus,0,Lotus
SN6634,Lotus pedunculatus,273,Lotus
SN6634,Lotus subbiflorus,0,Lotus
SN6634,Luzula campestris,0,Luzula
SN6634,Lysimachia nemorum,0,Lysimachia
SN6634,Lysimachia punctata,0,Lysimachia
SN6634,Lysimachia vulgaris,0,Lysimachia
SN6634,Lythrum alatum,0,Lythrum
SN6634,Lythrum salicaria,0,Lythrum
SN6634,Malva sylvestris,0,Malva
SN6634,Matricaria chamomilla,0,Matricaria
SN6634,Matricaria discoidea,0,Matricaria
SN6634,Medicago lupulina,0,Medicago
SN6634,Melampyrum pratense,0,Melampyrum
SN6634,Mentha aquatica,0,Mentha
SN6634,Mentha arvensis,0,Mentha
SN6634,Mercurialis perennis,0,Mercurialis
SN6634,Myosotis arvensis,0,Myosotis
SN6634,Myosotis discolor,0,Myosotis
SN6634,Myosotis sylvatica,0,Myosotis
SN6634,Narthecium ossifragum,0,Narthecium
SN6634,Odontites vernus,0,Odontites
SN6634,Oenanthe crocata,0,Oenanthe
SN6634,Origanum vulgare,0,Origanum
SN6634,Ornithopus perpusillus,0,Ornithopus
SN6634,Oxalis acetosella,0,Oxalis
SN6634,Panicum miliaceum,0,Panicum
SN6634,Papaver rhoeas,0,Papaver
SN6634,Pedicularis sylvatica,0,Pedicularis
SN6634,Persicaria amplexicaulis,0,Persicaria
SN6634,Persicaria bistorta,0,Persicaria
SN6634,Persicaria hydropiper,0,Persicaria
SN6634,Persicaria lapathifolia,0,Persicaria
SN6634,Persicaria maculosa,0,Persicaria
SN6634,Peucedanum ostruthium,0,Peucedanum
SN6634,Picris echioides,0,Picris
SN6634,Picris hieracioides,0,Picris
SN6634,Pilosella officinarum,4,Pilosella
SN6634,Pimpinella saxifraga,0,Pimpinella
SN6634,Pinguicula vulgaris,0,Pinguicula
SN6634,Plantago lanceolata,0,Plantago
SN6634,Plantago major,0,Plantago
SN6634,Plantago maritima,0,Plantago
SN6634,Poa annua,0,Poa
SN6634,Polygala serpyllifolia,0,Polygala
SN6634,Polygala vulgaris,0,Polygala
SN6634,Polygonum aviculare,0,Polygonum
SN6634,Potentilla anglica,0,Potentilla
SN6634,Potentilla anserina,0,Potentilla
SN6634,Potentilla erecta,210,Potentilla
SN6634,Potentilla recta,0,Potentilla
SN6634,Potentilla reptans,0,Potentilla
SN6634,Prunella vulgaris,0,Prunella
SN6634,Prunus spinosa,0,Prunus
SN6634,Pulicaria dysenterica,0,Pulicaria
SN6634,Ranunculus acris,12,Ranunculus
SN6634,Ranunculus bulbosus,0,Ranunculus
SN6634,Ranunculus ficaria,5,Ranunculus
SN6634,Ranunculus flammula,0,Ranunculus
SN6634,Ranunculus repens,238,Ranunculus
SN6634,Ranunculus sardous,0,Ranunculus
SN6634,Raphanus raphanistrum,0,Raphanus
SN6634,Raphanus sativus,0,Raphanus
SN6634,Rhinanthus minor,0,Rhinanthus
SN6634,Rosa arvensis,0,Rosa
SN6634,Rosa canina,0,Rosa
SN6634,Rubus caesius,0,Rubus
SN6634,Rubus fruticosus,95,Rubus
SN6634,Rubus idaeus,0,Rubus
SN6634,Rumex acetosa,151,Rumex
SN6634,Rumex acetosella,259,Rumex
SN6634,Rumex crispus,0,Rumex
SN6634,Rumex obtusifolius,0,Rumex
SN6634,Rumex sanguineus,0,Rumex
SN6634,Sagina saginoides,0,Sagina
SN6634,Sambucus nigra,0,Sambucus
SN6634,Sanguisorba officinalis,0,Sanguisorba
SN6634,Scorzoneroides autumnalis,0,Scorzoneroides
SN6634,Scrophularia auriculata,0,Scrophularia
SN6634,Scrophularia nodosa,0,Scrophularia
SN6634,Sedum anglicum,0,Sedum
SN6634,Senecio erucifolius,0,Senecio
SN6634,Senecio jacobaea,0,Senecio
SN6634,Senecio vulgaris,0,Senecio
SN6634,Sherardia arvensis,0,Sherardia
SN6634,Silene dioica,0,Silene
SN6634,Silene latifolia,0,Silene
SN6634,Silybum marianum,0,Silybum
SN6634,Sinapis alba,0,Sinapis
SN6634,Sinapis arvensis,0,Sinapis
SN6634,Sisymbrium officinale,0,Sisymbrium
SN6634,Solanum dulcamara,0,Solanum
SN6634,Solanum nigrum,0,Solanum
SN6634,Solanum tuberosum,0,Solanum
SN6634,Sonchus arvensis,0,Sonchus
SN6634,Sonchus asper,0,Sonchus
SN6634,Sonchus oleraceus,0,Sonchus
SN6634,Sorbus aucuparia,0,Sorbus
SN6634,Spergula arvensis,0,Spergula
SN6634,Spergularia media,0,Spergularia
SN6634,Stachys arvensis,0,Stachys
SN6634,Stachys palustris,0,Stachys
SN6634,Stachys sylvatica,0,Stachys
SN6634,Stellaria alsine,0,Stellaria
SN6634,Stellaria graminea,330,Stellaria
SN6634,Stellaria holostea,0,Stellaria
SN6634,Stellaria media,0,Stellaria
SN6634,Suaeda maritima,0,Suaeda
SN6634,Succisa pratensis,0,Succisa
SN6634,Symphytum officinale,0,Symphytum
SN6634,Taraxacum agg,0,Taraxacum
SN6634,Taraxacum officinale,0,Taraxacum
SN6634,Teucrium scorodonia,0,Teucrium
SN6634,Thlaspi arvense,0,Thlaspi
SN6634,Thymus polytrichus,0,Thymus
SN6634,Thymus vulgaris,0,Thymus
SN6634,Torilis japonica,0,Torilis
SN6634,Tragopogon pratensis,0,Tragopogon
SN6634,Trientalis europaea,0,Trientalis
SN6634,Trifolium arvense,0,Trifolium
SN6634,Trifolium campestre,0,Trifolium
SN6634,Trifolium constantinopolitanum,0,Trifolium
SN6634,Trifolium dubium,0,Trifolium
SN6634,Trifolium pratense,17,Trifolium
SN6634,Trifolium repens,140,Trifolium
SN6634,Tripleurospermum inodorum,0,Tripleurospermum
SN6634,Tripleurospermum maritimum,0,Tripleurospermum
SN6634,Turgenia latifolia,0,Turgenia
SN6634,Ulex europaeus,45,Ulex
SN6634,Ulex gallii,0,Ulex
SN6634,Urtica dioica,0,Urtica
SN6634,Vaccinium myrtillus,0,Vaccinium
SN6634,Vaccinium oxycoccos,0,Vaccinium
SN6634,Vaccinium vitis,0,Vaccinium
SN6634,Valeriana dioica,0,Valeriana
SN6634,Valeriana officinalis,0,Valeriana
SN6634,Verbena officinalis,0,Verbena
SN6634,Verbena x,0,Verbena
SN6634,Veronica agrestis,0,Veronica
SN6634,Veronica arvensis,0,Veronica
SN6634,Veronica beccabunga,0,Veronica
SN6634,Veronica chamaedrys,211,Veronica
SN6634,Veronica hederifolia,0,Veronica
SN6634,Veronica montana,0,Veronica
SN6634,Veronica officinalis,208,Veronica
SN6634,Veronica persica,0,Veronica
SN6634,Veronica polita,0,Veronica
SN6634,Veronica serpyllifolia,0,Veronica
SN6634,Vicia benghalensis,0,Vicia
SN6634,Vicia cracca,0,Vicia
SN6634,Vicia faba,0,Vicia
SN6634,Vicia hirsuta,0,Vicia
SN6634,Vicia lutea,0,Vicia
SN6634,Vicia sativa,0,Vicia
SN6634,Vicia sepium,0,Vicia
SN6634,Vicia spp,0,Vicia
SN6634,Vicia tetrasperma,0,Vicia
SN6634,Viola arvensis,0,Viola
SN6634,Viola canina,0,Viola
SN6634,Viola palustris,0,Viola
SN6634,Viola riviniana,0,Viola
SN6634,Zea mays,0,Zea
SN6777,Acer pseudoplatanus,0,Acer
SN6777,Achillea millefolium,0,Achillea
SN6777,Achillea ptarmica,0,Achillea
SN6777,Aegopodium podagraria,0,Aegopodium
SN6777,Aethusa cynapium,0,Aethusa
SN6777,Ajuga reptans,0,Ajuga
SN6777,Alliaria petiolata,0,Alliaria
SN6777,Alnus glutinosa,0,Alnus
SN6777,Anagallis arvensis,0,Anagallis
SN6777,Anchusa arvensis,0,Anchusa
SN6777,Anemone nemorosa,0,Anemone
SN6777,Angelica sylvestris,0,Angelica
SN6777,Anthemis cotula,0,Anthemis
SN6777,Anthriscus caucalis,0,Anthriscus
SN6777,Anthriscus sylvestris,0,Anthriscus
SN6777,Apium nodiflorum,0,Apium
SN6777,Armeria maritima,0,Armeria
SN6777,Artemisia absinthium,0,Artemisia
SN6777,Artemisia annua,0,Artemisia
SN6777,Artemisia vulgaris,0,Artemisia
SN6777,Aster tripolium,0,Aster
SN6777,Atriplex patula,0,Atriplex
SN6777,Atriplex portulacoides,0,Atriplex
SN6777,Ballota nigra,0,Ballota
SN6777,Barbarea vulgaris,0,Barbarea
SN6777,Bellis perennis,0,Bellis
SN6777,Berula erecta,0,Berula
SN6777,Brassica napus,0,Brassica
SN6777,Brassica oleracea,0,Brassica
SN6777,Brassica rapa,0,Brassica
SN6777,Bryonia dioica,0,Bryonia
SN6777,Buddleja davidii,0,Buddleja
SN6777,Bupleurum tenuissimum,0,Bupleurum
SN6777,Calluna vulgaris,0,Calluna
SN6777,Caltha palustris,0,Caltha
SN6777,Calystegia sepium,0,Calystegia
SN6777,Campanula rotundifolia,0,Campanula
SN6777,Capsella bursa,0,Capsella
SN6777,Cardamine flexuosa,9,Cardamine
SN6777,Cardamine hirsuta,0,Cardamine
SN6777,Cardamine pratensis,0,Cardamine
SN6777,Carduus nutans,0,Carduus
SN6777,Carum verticillatum,0,Carum
SN6777,Centaurea cyanus,0,Centaurea
SN6777,Centaurea nigra,0,Centaurea
SN6777,Centaurea scabiosa,0,Centaurea
SN6777,Centaurium erythraea,0,Centaurium
SN6777,Cerastium arvense,0,Cerastium
SN6777,Cerastium fontanum,15,Cerastium
SN6777,Cerastium glomeratum,0,Cerastium
SN6777,Ceratocapnos claviculata,0,Ceratocapnos
SN6777,Chaerophyllum temulum,0,Chaerophyllum
SN6777,Chamaemelum nobile,0,Chamaemelum
SN6777,Chamerion angustifolium,0,Chamerion
SN6777,Chenopodium album,0,Chenopodium
SN6777,Chenopodium ficifolium,0,Chenopodium
SN6777,Chenopodium quinoa,0,Chenopodium
SN6777,Cichorium intybus,0,Cichorium
SN6777,Circaea lutetiana,0,Circaea
SN6777,Cirsium arvense,61,Cirsium
SN6777,Cirsium eriophorum,0,Cirsium
SN6777,Cirsium palustre,571,Cirsium
SN6777,Cirsium vulgare,0,Cirsium
SN6777,Clematis vitalba,0,Clematis
SN6777,Clinopodium vulgare,0,Clinopodium
SN6777,Conium maculatum,0,Conium
SN6777,Conopodium majus,0,Conopodium
SN6777,Convolvulus arvensis,0,Convolvulus
SN6777,Conyza canadensis,0,Conyza
SN6777,Cotoneaster salicifolius,2000,Cotoneaster
SN6777,Crataegus monogyna,0,Crataegus
SN6777,Crepis capillaris,26,Crepis
SN6777,Crepis vesicaria,0,Crepis
SN6777,Cruciata laevipes,0,Cruciata
SN6777,Cytisus scoparius,0,Cytisus
SN6777,Dactylorhiza fuchsii,0,Dactylorhiza
SN6777,Dactylorhiza maculata,0,Dactylorhiza
SN6777,Daucus carota,0,Daucus
SN6777,Digitalis ferruginea,0,Digitalis
SN6777,Digitalis grandiflora,0,Digitalis
SN6777,Digitalis purpurea,45,Digitalis
SN6777,Dioscorea communis,0,Dioscorea
SN6777,Doronicum plantagineum,0,Doronicum
SN6777,Drosera anglica,0,Drosera
SN6777,Drosera rotundifolia,0,Drosera
SN6777,Dryas octopetala,0,Dryas
SN6777,Epilobium hirsutum,0,Epilobium
SN6777,Epilobium montanum,2,Epilobium
SN6777,Epilobium obscurum,0,Epilobium
SN6777,Epilobium palustre,0,Epilobium
SN6777,Epilobium parviflorum,0,Epilobium
SN6777,Epilobium roseum,0,Epilobium
SN6777,Epilobium tetragonum,0,Epilobium
SN6777,Erica cinerea,0,Erica
SN6777,Erica tetralix,0,Erica
SN6777,Eriophorum vaginatum,0,Eriophorum
SN6777,Eupatorium cannabinum,0,Eupatorium
SN6777,Euphorbia exigua,0,Euphorbia
SN6777,Euphorbia helioscopia,0,Euphorbia
SN6777,Euphrasia officinalis,0,Euphrasia
SN6777,Fagopyrum esculentum,0,Fagopyrum
SN6777,Fallopia convolvulus,0,Fallopia
SN6777,Filipendula ulmaria,0,Filipendula
SN6777,Fumaria officinalis,0,Fumaria
SN6777,Galeopsis speciosa,0,Galeopsis
SN6777,Galeopsis tetrahit,0,Galeopsis
SN6777,Galium aparine,0,Galium
SN6777,Galium mollugo,0,Galium
SN6777,Galium odoratum,0,Galium
SN6777,Galium palustre,147,Galium
SN6777,Galium saxatile,26,Galium
SN6777,Galium verum,0,Galium
SN6777,Genista anglica,0,Genista
SN6777,Geranium dissectum,0,Geranium
SN6777,Geranium molle,0,Geranium
SN6777,Geranium nodosum,0,Geranium
SN6777,Geranium pratense,0,Geranium
SN6777,Geranium pyrenaicum,0,Geranium
SN6777,Geranium robertianum,0,Geranium
SN6777,Geum urbanum,0,Geum
SN6777,Glechoma hederacea,0,Glechoma
SN6777,Hedera helix,0,Hedera
SN6777,Helianthus annuus,0,Helianthus
SN6777,Heracleum mantegazzianum,0,Heracleum
SN6777,Heracleum sphondylium,0,Heracleum
SN6777,Hippocrepis comosa,0,Hippocrepis
SN6777,Hordeum vulgare,0,Hordeum
SN6777,Hyacinthoides non,0,Hyacinthoides
SN6777,Hypericum forrestii,0,Hypericum
SN6777,Hypericum perforatum,0,Hypericum
SN6777,Hypericum pulchrum,0,Hypericum
SN6777,Hypericum tetrapterum,0,Hypericum
SN6777,Hypochaeris radicata,0,Hypochaeris
SN6777,Ilex aquifolium,0,Ilex
SN6777,Impatiens glandulifera,0,Impatiens
SN6777,Impatiens parviflora,0,Impatiens
SN6777,Iris pseudacorus,0,Iris
SN6777,Jacobaea erucifolia,0,Jacobaea
SN6777,Jacobaea vulgaris,0,Jacobaea
SN6777,Jasione montana,0,Jasione
SN6777,Juncus conglomeratus,0,Juncus
SN6777,Juncus effusus,0,Juncus
SN6777,Knautia arvensis,0,Knautia
SN6777,Lactuca serriola,0,Lactuca
SN6777,Lamium album,0,Lamium
SN6777,Lamium galeobdolon,0,Lamium
SN6777,Lamium purpureum,0,Lamium
SN6777,Lapsana communis,0,Lapsana
SN6777,Lathyrus aphaca,0,Lathyrus
SN6777,Lathyrus linifolius,0,Lathyrus
SN6777,Lathyrus pratensis,0,Lathyrus
SN6777,Leontodon hispidus,2,Leontodon
SN6777,Leontodon saxatilis,0,Leontodon
SN6777,Leucanthemum vulgare,0,Leucanthemum
SN6777,Ligusticum scoticum,0,Ligusticum
SN6777,Limonium vulgare,0,Limonium
SN6777,Linaria vulgaris,0,Linaria
SN6777,Linum catharticum,0,Linum
SN6777,Linum usitatissimum,0,Linum
SN6777,Lonicera caprifolium,0,Lonicera
SN6777,Lonicera periclymenum,0,Lonicera
SN6777,Lotus angustissimus,0,Lotus
SN6777,Lotus corniculatus,2,Lotus
SN6777,Lotus pedunculatus,120,Lotus
SN6777,Lotus subbiflorus,0,Lotus
SN6777,Luzula campestris,0,Luzula
SN6777,Lysimachia nemorum,0,Lysimachia
SN6777,Lysimachia punctata,0,Lysimachia
SN6777,Lysimachia vulgaris,0,Lysimachia
SN6777,Lythrum alatum,0,Lythrum
SN6777,Lythrum salicaria,0,Lythrum
SN6777,Malva sylvestris,0,Malva
SN6777,Matricaria chamomilla,0,Matricaria
SN6777,Matricaria discoidea,0,Matricaria
SN6777,Medicago lupulina,0,Medicago
SN6777,Melampyrum pratense,0,Melampyrum
SN6777,Mentha aquatica,0,Mentha
SN6777,Mentha arvensis,0,Mentha
SN6777,Mercurialis perennis,0,Mercurialis
SN6777,Myosotis arvensis,0,Myosotis
SN6777,Myosotis discolor,0,Myosotis
SN6777,Myosotis sylvatica,0,Myosotis
SN6777,Narthecium ossifragum,0,Narthecium
SN6777,Odontites vernus,0,Odontites
SN6777,Oenanthe crocata,0,Oenanthe
SN6777,Origanum vulgare,0,Origanum
SN6777,Ornithopus perpusillus,0,Ornithopus
SN6777,Oxalis acetosella,0,Oxalis
SN6777,Panicum miliaceum,0,Panicum
SN6777,Papaver rhoeas,0,Papaver
SN6777,Pedicularis sylvatica,0,Pedicularis
SN6777,Persicaria amplexicaulis,0,Persicaria
SN6777,Persicaria bistorta,0,Persicaria
SN6777,Persicaria hydropiper,0,Persicaria
SN6777,Persicaria lapathifolia,0,Persicaria
SN6777,Persicaria maculosa,0,Persicaria
SN6777,Peucedanum ostruthium,0,Peucedanum
SN6777,Picris echioides,0,Picris
SN6777,Picris hieracioides,0,Picris
SN6777,Pilosella officinarum,0,Pilosella
SN6777,Pimpinella saxifraga,0,Pimpinella
SN6777,Pinguicula vulgaris,0,Pinguicula
SN6777,Plantago lanceolata,0,Plantago
SN6777,Plantago major,0,Plantago
SN6777,Plantago maritima,0,Plantago
SN6777,Poa annua,0,Poa
SN6777,Polygala serpyllifolia,0,Polygala
SN6777,Polygala vulgaris,0,Polygala
SN6777,Polygonum aviculare,0,Polygonum
SN6777,Potentilla anglica,0,Potentilla
SN6777,Potentilla anserina,0,Potentilla
SN6777,Potentilla erecta,8,Potentilla
SN6777,Potentilla recta,0,Potentilla
SN6777,Potentilla reptans,7,Potentilla
SN6777,Prunella vulgaris,0,Prunella
SN6777,Prunus spinosa,0,Prunus
SN6777,Pulicaria dysenterica,0,Pulicaria
SN6777,Ranunculus acris,11,Ranunculus
SN6777,Ranunculus bulbosus,0,Ranunculus
SN6777,Ranunculus ficaria,0,Ranunculus
SN6777,Ranunculus flammula,0,Ranunculus
SN6777,Ranunculus repens,1,Ranunculus
SN6777,Ranunculus sardous,0,Ranunculus
SN6777,Raphanus raphanistrum,0,Raphanus
SN6777,Raphanus sativus,0,Raphanus
SN6777,Rhinanthus minor,0,Rhinanthus
SN6777,Rosa arvensis,0,Rosa
SN6777,Rosa canina,0,Rosa
SN6777,Rubus caesius,0,Rubus
SN6777,Rubus fruticosus,0,Rubus
SN6777,Rubus idaeus,0,Rubus
SN6777,Rumex acetosa,46,Rumex
SN6777,Rumex acetosella,0,Rumex
SN6777,Rumex crispus,0,Rumex
SN6777,Rumex obtusifolius,0,Rumex
SN6777,Rumex sanguineus,0,Rumex
SN6777,Sagina saginoides,0,Sagina
SN6777,Sambucus nigra,0,Sambucus
SN6777,Sanguisorba officinalis,0,Sanguisorba
SN6777,Scorzoneroides autumnalis,0,Scorzoneroides
SN6777,Scrophularia auriculata,0,Scrophularia
SN6777,Scrophularia nodosa,0,Scrophularia
SN6777,Sedum anglicum,0,Sedum
SN6777,Senecio erucifolius,0,Senecio
SN6777,Senecio jacobaea,0,Senecio
SN6777,Senecio vulgaris,0,Senecio
SN6777,Sherardia arvensis,0,Sherardia
SN6777,Silene dioica,0,Silene
SN6777,Silene latifolia,0,Silene
SN6777,Silybum marianum,0,Silybum
SN6777,Sinapis alba,0,Sinapis
SN6777,Sinapis arvensis,0,Sinapis
SN6777,Sisymbrium officinale,0,Sisymbrium
SN6777,Solanum dulcamara,0,Solanum
SN6777,Solanum nigrum,0,Solanum
SN6777,Solanum tuberosum,0,Solanum
SN6777,Sonchus arvensis,0,Sonchus
SN6777,Sonchus asper,0,Sonchus
SN6777,Sonchus oleraceus,0,Sonchus
SN6777,Sorbus aucuparia,0,Sorbus
SN6777,Spergula arvensis,0,Spergula
SN6777,Spergularia media,0,Spergularia
SN6777,Stachys arvensis,0,Stachys
SN6777,Stachys palustris,0,Stachys
SN6777,Stachys sylvatica,0,Stachys
SN6777,Stellaria alsine,151,Stellaria
SN6777,Stellaria graminea,99,Stellaria
SN6777,Stellaria holostea,0,Stellaria
SN6777,Stellaria media,0,Stellaria
SN6777,Suaeda maritima,0,Suaeda
SN6777,Succisa pratensis,0,Succisa
SN6777,Symphytum officinale,0,Symphytum
SN6777,Taraxacum agg,0,Taraxacum
SN6777,Taraxacum officinale,0,Taraxacum
SN6777,Teucrium scorodonia,0,Teucrium
SN6777,Thlaspi arvense,0,Thlaspi
SN6777,Thymus polytrichus,0,Thymus
SN6777,Thymus vulgaris,0,Thymus
SN6777,Torilis japonica,0,Torilis
SN6777,Tragopogon pratensis,0,Tragopogon
SN6777,Trientalis europaea,0,Trientalis
SN6777,Trifolium arvense,0,Trifolium
SN6777,Trifolium campestre,0,Trifolium
SN6777,Trifolium constantinopolitanum,0,Trifolium
SN6777,Trifolium dubium,0,Trifolium
SN6777,Trifolium pratense,7,Trifolium
SN6777,Trifolium repens,220,Trifolium
SN6777,Tripleurospermum inodorum,0,Tripleurospermum
SN6777,Tripleurospermum maritimum,0,Tripleurospermum
SN6777,Turgenia latifolia,0,Turgenia
SN6777,Ulex europaeus,675,Ulex
SN6777,Ulex gallii,440,Ulex
SN6777,Urtica dioica,24,Urtica
SN6777,Vaccinium myrtillus,0,Vaccinium
SN6777,Vaccinium oxycoccos,0,Vaccinium
SN6777,Vaccinium vitis,0,Vaccinium
SN6777,Valeriana dioica,0,Valeriana
SN6777,Valeriana officinalis,0,Valeriana
SN6777,Verbena officinalis,0,Verbena
SN6777,Verbena x,0,Verbena
SN6777,Veronica agrestis,0,Veronica
SN6777,Veronica arvensis,0,Veronica
SN6777,Veronica beccabunga,0,Veronica
SN6777,Veronica chamaedrys,128,Veronica
SN6777,Veronica hederifolia,0,Veronica
SN6777,Veronica montana,0,Veronica
SN6777,Veronica officinalis,0,Veronica
SN6777,Veronica persica,0,Veronica
SN6777,Veronica polita,0,Veronica
SN6777,Veronica serpyllifolia,3,Veronica
SN6777,Vicia benghalensis,0,Vicia
SN6777,Vicia cracca,0,Vicia
SN6777,Vicia faba,0,Vicia
SN6777,Vicia hirsuta,0,Vicia
SN6777,Vicia lutea,0,Vicia
SN6777,Vicia sativa,0,Vicia
SN6777,Vicia sepium,0,Vicia
SN6777,Vicia spp,0,Vicia
SN6777,Vicia tetrasperma,0,Vicia
SN6777,Viola arvensis,0,Viola
SN6777,Viola canina,0,Viola
SN6777,Viola palustris,0,Viola
SN6777,Viola riviniana,0,Viola
SN6777,Zea mays,0,Zea
SN7659,Acer pseudoplatanus,0,Acer
SN7659,Achillea millefolium,0,Achillea
SN7659,Achillea ptarmica,0,Achillea
SN7659,Aegopodium podagraria,0,Aegopodium
SN7659,Aethusa cynapium,0,Aethusa
SN7659,Ajuga reptans,0,Ajuga
SN7659,Alliaria petiolata,0,Alliaria
SN7659,Alnus glutinosa,0,Alnus
SN7659,Anagallis arvensis,0,Anagallis
SN7659,Anchusa arvensis,0,Anchusa
SN7659,Anemone nemorosa,0,Anemone
SN7659,Angelica sylvestris,0,Angelica
SN7659,Anthemis cotula,0,Anthemis
SN7659,Anthriscus caucalis,0,Anthriscus
SN7659,Anthriscus sylvestris,0,Anthriscus
SN7659,Apium nodiflorum,0,Apium
SN7659,Armeria maritima,0,Armeria
SN7659,Artemisia absinthium,0,Artemisia
SN7659,Artemisia annua,0,Artemisia
SN7659,Artemisia vulgaris,0,Artemisia
SN7659,Aster tripolium,0,Aster
SN7659,Atriplex patula,0,Atriplex
SN7659,Atriplex portulacoides,0,Atriplex
SN7659,Ballota nigra,0,Ballota
SN7659,Barbarea vulgaris,0,Barbarea
SN7659,Bellis perennis,0,Bellis
SN7659,Berula erecta,0,Berula
SN7659,Brassica napus,0,Brassica
SN7659,Brassica oleracea,0,Brassica
SN7659,Brassica rapa,0,Brassica
SN7659,Bryonia dioica,0,Bryonia
SN7659,Buddleja davidii,0,Buddleja
SN7659,Bupleurum tenuissimum,0,Bupleurum
SN7659,Calluna vulgaris,2502,Calluna
SN7659,Caltha palustris,0,Caltha
SN7659,Calystegia sepium,0,Calystegia
SN7659,Campanula rotundifolia,0,Campanula
SN7659,Capsella bursa,0,Capsella
SN7659,Cardamine flexuosa,0,Cardamine
SN7659,Cardamine hirsuta,0,Cardamine
SN7659,Cardamine pratensis,0,Cardamine
SN7659,Carduus nutans,0,Carduus
SN7659,Carum verticillatum,0,Carum
SN7659,Centaurea cyanus,0,Centaurea
SN7659,Centaurea nigra,0,Centaurea
SN7659,Centaurea scabiosa,0,Centaurea
SN7659,Centaurium erythraea,0,Centaurium
SN7659,Cerastium arvense,0,Cerastium
SN7659,Cerastium fontanum,3,Cerastium
SN7659,Cerastium glomeratum,0,Cerastium
SN7659,Ceratocapnos claviculata,0,Ceratocapnos
SN7659,Chaerophyllum temulum,0,Chaerophyllum
SN7659,Chamaemelum nobile,0,Chamaemelum
SN7659,Chamerion angustifolium,88,Chamerion
SN7659,Chenopodium album,0,Chenopodium
SN7659,Chenopodium ficifolium,0,Chenopodium
SN7659,Chenopodium quinoa,0,Chenopodium
SN7659,Cichorium intybus,0,Cichorium
SN7659,Circaea lutetiana,0,Circaea
SN7659,Cirsium arvense,0,Cirsium
SN7659,Cirsium eriophorum,0,Cirsium
SN7659,Cirsium palustre,23,Cirsium
SN7659,Cirsium vulgare,0,Cirsium
SN7659,Clematis vitalba,0,Clematis
SN7659,Clinopodium vulgare,0,Clinopodium
SN7659,Conium maculatum,0,Conium
SN7659,Conopodium majus,0,Conopodium
SN7659,Convolvulus arvensis,0,Convolvulus
SN7659,Conyza canadensis,0,Conyza
SN7659,Cotoneaster salicifolius,0,Cotoneaster
SN7659,Crataegus monogyna,0,Crataegus
SN7659,Crepis capillaris,0,Crepis
SN7659,Crepis vesicaria,0,Crepis
SN7659,Cruciata laevipes,0,Cruciata
SN7659,Cytisus scoparius,0,Cytisus
SN7659,Dactylorhiza fuchsii,0,Dactylorhiza
SN7659,Dactylorhiza maculata,0,Dactylorhiza
SN7659,Daucus carota,0,Daucus
SN7659,Digitalis ferruginea,0,Digitalis
SN7659,Digitalis grandiflora,0,Digitalis
SN7659,Digitalis purpurea,0,Digitalis
SN7659,Dioscorea communis,0,Dioscorea
SN7659,Doronicum plantagineum,0,Doronicum
SN7659,Drosera anglica,0,Drosera
SN7659,Drosera rotundifolia,0,Drosera
SN7659,Dryas octopetala,0,Dryas
SN7659,Epilobium hirsutum,0,Epilobium
SN7659,Epilobium montanum,0,Epilobium
SN7659,Epilobium obscurum,0,Epilobium
SN7659,Epilobium palustre,0,Epilobium
SN7659,Epilobium parviflorum,0,Epilobium
SN7659,Epilobium roseum,0,Epilobium
SN7659,Epilobium tetragonum,0,Epilobium
SN7659,Erica cinerea,0,Erica
SN7659,Erica tetralix,136,Erica
SN7659,Eriophorum vaginatum,0,Eriophorum
SN7659,Eupatorium cannabinum,0,Eupatorium
SN7659,Euphorbia exigua,0,Euphorbia
SN7659,Euphorbia helioscopia,0,Euphorbia
SN7659,Euphrasia officinalis,0,Euphrasia
SN7659,Fagopyrum esculentum,0,Fagopyrum
SN7659,Fallopia convolvulus,0,Fallopia
SN7659,Filipendula ulmaria,0,Filipendula
SN7659,Fumaria officinalis,0,Fumaria
SN7659,Galeopsis speciosa,0,Galeopsis
SN7659,Galeopsis tetrahit,0,Galeopsis
SN7659,Galium aparine,0,Galium
SN7659,Galium mollugo,0,Galium
SN7659,Galium odoratum,0,Galium
SN7659,Galium palustre,869,Galium
SN7659,Galium saxatile,816,Galium
SN7659,Galium verum,0,Galium
SN7659,Genista anglica,0,Genista
SN7659,Geranium dissectum,0,Geranium
SN7659,Geranium molle,0,Geranium
SN7659,Geranium nodosum,0,Geranium
SN7659,Geranium pratense,0,Geranium
SN7659,Geranium pyrenaicum,0,Geranium
SN7659,Geranium robertianum,0,Geranium
SN7659,Geum urbanum,0,Geum
SN7659,Glechoma hederacea,0,Glechoma
SN7659,Hedera helix,0,Hedera
SN7659,Helianthus annuus,0,Helianthus
SN7659,Heracleum mantegazzianum,0,Heracleum
SN7659,Heracleum sphondylium,0,Heracleum
SN7659,Hippocrepis comosa,0,Hippocrepis
SN7659,Hordeum vulgare,0,Hordeum
SN7659,Hyacinthoides non,0,Hyacinthoides
SN7659,Hypericum forrestii,0,Hypericum
SN7659,Hypericum perforatum,0,Hypericum
SN7659,Hypericum pulchrum,0,Hypericum
SN7659,Hypericum tetrapterum,0,Hypericum
SN7659,Hypochaeris radicata,0,Hypochaeris
SN7659,Ilex aquifolium,0,Ilex
SN7659,Impatiens glandulifera,0,Impatiens
SN7659,Impatiens parviflora,0,Impatiens
SN7659,Iris pseudacorus,0,Iris
SN7659,Jacobaea erucifolia,0,Jacobaea
SN7659,Jacobaea vulgaris,0,Jacobaea
SN7659,Jasione montana,0,Jasione
SN7659,Juncus conglomeratus,0,Juncus
SN7659,Juncus effusus,0,Juncus
SN7659,Knautia arvensis,0,Knautia
SN7659,Lactuca serriola,0,Lactuca
SN7659,Lamium album,0,Lamium
SN7659,Lamium galeobdolon,0,Lamium
SN7659,Lamium purpureum,0,Lamium
SN7659,Lapsana communis,0,Lapsana
SN7659,Lathyrus aphaca,0,Lathyrus
SN7659,Lathyrus linifolius,0,Lathyrus
SN7659,Lathyrus pratensis,0,Lathyrus
SN7659,Leontodon hispidus,0,Leontodon
SN7659,Leontodon saxatilis,0,Leontodon
SN7659,Leucanthemum vulgare,0,Leucanthemum
SN7659,Ligusticum scoticum,0,Ligusticum
SN7659,Limonium vulgare,0,Limonium
SN7659,Linaria vulgaris,0,Linaria
SN7659,Linum catharticum,0,Linum
SN7659,Linum usitatissimum,0,Linum
SN7659,Lonicera caprifolium,0,Lonicera
SN7659,Lonicera periclymenum,0,Lonicera
SN7659,Lotus angustissimus,0,Lotus
SN7659,Lotus corniculatus,0,Lotus
SN7659,Lotus pedunculatus,0,Lotus
SN7659,Lotus subbiflorus,0,Lotus
SN7659,Luzula campestris,0,Luzula
SN7659,Lysimachia nemorum,0,Lysimachia
SN7659,Lysimachia punctata,0,Lysimachia
SN7659,Lysimachia vulgaris,0,Lysimachia
SN7659,Lythrum alatum,0,Lythrum
SN7659,Lythrum salicaria,0,Lythrum
SN7659,Malva sylvestris,0,Malva
SN7659,Matricaria chamomilla,0,Matricaria
SN7659,Matricaria discoidea,0,Matricaria
SN7659,Medicago lupulina,0,Medicago
SN7659,Melampyrum pratense,0,Melampyrum
SN7659,Mentha aquatica,0,Mentha
SN7659,Mentha arvensis,0,Mentha
SN7659,Mercurialis perennis,0,Mercurialis
SN7659,Myosotis arvensis,0,Myosotis
SN7659,Myosotis discolor,0,Myosotis
SN7659,Myosotis sylvatica,0,Myosotis
SN7659,Narthecium ossifragum,0,Narthecium
SN7659,Odontites vernus,0,Odontites
SN7659,Oenanthe crocata,0,Oenanthe
SN7659,Origanum vulgare,0,Origanum
SN7659,Ornithopus perpusillus,0,Ornithopus
SN7659,Oxalis acetosella,0,Oxalis
SN7659,Panicum miliaceum,0,Panicum
SN7659,Papaver rhoeas,0,Papaver
SN7659,Pedicularis sylvatica,0,Pedicularis
SN7659,Persicaria amplexicaulis,0,Persicaria
SN7659,Persicaria bistorta,0,Persicaria
SN7659,Persicaria hydropiper,0,Persicaria
SN7659,Persicaria lapathifolia,0,Persicaria
SN7659,Persicaria maculosa,0,Persicaria
SN7659,Peucedanum ostruthium,0,Peucedanum
SN7659,Picris echioides,0,Picris
SN7659,Picris hieracioides,0,Picris
SN7659,Pilosella officinarum,0,Pilosella
SN7659,Pimpinella saxifraga,0,Pimpinella
SN7659,Pinguicula vulgaris,0,Pinguicula
SN7659,Plantago lanceolata,0,Plantago
SN7659,Plantago major,0,Plantago
SN7659,Plantago maritima,0,Plantago
SN7659,Poa annua,0,Poa
SN7659,Polygala serpyllifolia,0,Polygala
SN7659,Polygala vulgaris,0,Polygala
SN7659,Polygonum aviculare,0,Polygonum
SN7659,Potentilla anglica,0,Potentilla
SN7659,Potentilla anserina,0,Potentilla
SN7659,Potentilla erecta,46,Potentilla
SN7659,Potentilla recta,0,Potentilla
SN7659,Potentilla reptans,0,Potentilla
SN7659,Prunella vulgaris,0,Prunella
SN7659,Prunus spinosa,0,Prunus
SN7659,Pulicaria dysenterica,0,Pulicaria
SN7659,Ranunculus acris,0,Ranunculus
SN7659,Ranunculus bulbosus,0,Ranunculus
SN7659,Ranunculus ficaria,0,Ranunculus
SN7659,Ranunculus flammula,0,Ranunculus
SN7659,Ranunculus repens,0,Ranunculus
SN7659,Ranunculus sardous,0,Ranunculus
SN7659,Raphanus raphanistrum,0,Raphanus
SN7659,Raphanus sativus,0,Raphanus
SN7659,Rhinanthus minor,0,Rhinanthus
SN7659,Rosa arvensis,0,Rosa
SN7659,Rosa canina,0,Rosa
SN7659,Rubus caesius,0,Rubus
SN7659,Rubus fruticosus,0,Rubus
SN7659,Rubus idaeus,0,Rubus
SN7659,Rumex acetosa,0,Rumex
SN7659,Rumex acetosella,0,Rumex
SN7659,Rumex crispus,0,Rumex
SN7659,Rumex obtusifolius,0,Rumex
SN7659,Rumex sanguineus,0,Rumex
SN7659,Sagina saginoides,0,Sagina
SN7659,Sambucus nigra,0,Sambucus
SN7659,Sanguisorba officinalis,0,Sanguisorba
SN7659,Scorzoneroides autumnalis,0,Scorzoneroides
SN7659,Scrophularia auriculata,0,Scrophularia
SN7659,Scrophularia nodosa,0,Scrophularia
SN7659,Sedum anglicum,0,Sedum
SN7659,Senecio erucifolius,0,Senecio
SN7659,Senecio jacobaea,0,Senecio
SN7659,Senecio vulgaris,0,Senecio
SN7659,Sherardia arvensis,0,Sherardia
SN7659,Silene dioica,0,Silene
SN7659,Silene latifolia,0,Silene
SN7659,Silybum marianum,0,Silybum
SN7659,Sinapis alba,0,Sinapis
SN7659,Sinapis arvensis,0,Sinapis
SN7659,Sisymbrium officinale,0,Sisymbrium
SN7659,Solanum dulcamara,0,Solanum
SN7659,Solanum nigrum,0,Solanum
SN7659,Solanum tuberosum,0,Solanum
SN7659,Sonchus arvensis,0,Sonchus
SN7659,Sonchus asper,0,Sonchus
SN7659,Sonchus oleraceus,0,Sonchus
SN7659,Sorbus aucuparia,0,Sorbus
SN7659,Spergula arvensis,0,Spergula
SN7659,Spergularia media,0,Spergularia
SN7659,Stachys arvensis,0,Stachys
SN7659,Stachys palustris,0,Stachys
SN7659,Stachys sylvatica,0,Stachys
SN7659,Stellaria alsine,0,Stellaria
SN7659,Stellaria graminea,0,Stellaria
SN7659,Stellaria holostea,0,Stellaria
SN7659,Stellaria media,0,Stellaria
SN7659,Suaeda maritima,0,Suaeda
SN7659,Succisa pratensis,0,Succisa
SN7659,Symphytum officinale,0,Symphytum
SN7659,Taraxacum agg,0,Taraxacum
SN7659,Taraxacum officinale,0,Taraxacum
SN7659,Teucrium scorodonia,0,Teucrium
SN7659,Thlaspi arvense,0,Thlaspi
SN7659,Thymus polytrichus,0,Thymus
SN7659,Thymus vulgaris,0,Thymus
SN7659,Torilis japonica,0,Torilis
SN7659,Tragopogon pratensis,0,Tragopogon
SN7659,Trientalis europaea,0,Trientalis
SN7659,Trifolium arvense,0,Trifolium
SN7659,Trifolium campestre,0,Trifolium
SN7659,Trifolium constantinopolitanum,0,Trifolium
SN7659,Trifolium dubium,0,Trifolium
SN7659,Trifolium pratense,0,Trifolium
SN7659,Trifolium repens,10,Trifolium
SN7659,Tripleurospermum inodorum,0,Tripleurospermum
SN7659,Tripleurospermum maritimum,0,Tripleurospermum
SN7659,Turgenia latifolia,0,Turgenia
SN7659,Ulex europaeus,0,Ulex
SN7659,Ulex gallii,0,Ulex
SN7659,Urtica dioica,0,Urtica
SN7659,Vaccinium myrtillus,32,Vaccinium
SN7659,Vaccinium oxycoccos,0,Vaccinium
SN7659,Vaccinium vitis,0,Vaccinium
SN7659,Valeriana dioica,0,Valeriana
SN7659,Valeriana officinalis,0,Valeriana
SN7659,Verbena officinalis,0,Verbena
SN7659,Verbena x,0,Verbena
SN7659,Veronica agrestis,0,Veronica
SN7659,Veronica arvensis,0,Veronica
SN7659,Veronica beccabunga,0,Veronica
SN7659,Veronica chamaedrys,0,Veronica
SN7659,Veronica hederifolia,0,Veronica
SN7659,Veronica montana,0,Veronica
SN7659,Veronica officinalis,0,Veronica
SN7659,Veronica persica,0,Veronica
SN7659,Veronica polita,0,Veronica
SN7659,Veronica serpyllifolia,0,Veronica
SN7659,Vicia benghalensis,0,Vicia
SN7659,Vicia cracca,0,Vicia
SN7659,Vicia faba,0,Vicia
SN7659,Vicia hirsuta,0,Vicia
SN7659,Vicia lutea,0,Vicia
SN7659,Vicia sativa,0,Vicia
SN7659,Vicia sepium,0,Vicia
SN7659,Vicia spp,0,Vicia
SN7659,Vicia tetrasperma,0,Vicia
SN7659,Viola arvensis,0,Viola
SN7659,Viola canina,0,Viola
SN7659,Viola palustris,0,Viola
SN7659,Viola riviniana,0,Viola
SN7659,Zea mays,0,Zea
SO1474,Acer pseudoplatanus,0,Acer
SO1474,Achillea millefolium,0,Achillea
SO1474,Achillea ptarmica,20,Achillea
SO1474,Aegopodium podagraria,0,Aegopodium
SO1474,Aethusa cynapium,0,Aethusa
SO1474,Ajuga reptans,0,Ajuga
SO1474,Alliaria petiolata,0,Alliaria
SO1474,Alnus glutinosa,0,Alnus
SO1474,Anagallis arvensis,0,Anagallis
SO1474,Anchusa arvensis,0,Anchusa
SO1474,Anemone nemorosa,0,Anemone
SO1474,Angelica sylvestris,0,Angelica
SO1474,Anthemis cotula,0,Anthemis
SO1474,Anthriscus caucalis,0,Anthriscus
SO1474,Anthriscus sylvestris,0,Anthriscus
SO1474,Apium nodiflorum,0,Apium
SO1474,Armeria maritima,0,Armeria
SO1474,Artemisia absinthium,0,Artemisia
SO1474,Artemisia annua,0,Artemisia
SO1474,Artemisia vulgaris,0,Artemisia
SO1474,Aster tripolium,0,Aster
SO1474,Atriplex patula,0,Atriplex
SO1474,Atriplex portulacoides,0,Atriplex
SO1474,Ballota nigra,0,Ballota
SO1474,Barbarea vulgaris,0,Barbarea
SO1474,Bellis perennis,0,Bellis
SO1474,Berula erecta,0,Berula
SO1474,Brassica napus,0,Brassica
SO1474,Brassica oleracea,0,Brassica
SO1474,Brassica rapa,0,Brassica
SO1474,Bryonia dioica,0,Bryonia
SO1474,Buddleja davidii,0,Buddleja
SO1474,Bupleurum tenuissimum,0,Bupleurum
SO1474,Calluna vulgaris,0,Calluna
SO1474,Caltha palustris,4,Caltha
SO1474,Calystegia sepium,0,Calystegia
SO1474,Campanula rotundifolia,0,Campanula
SO1474,Capsella bursa,0,Capsella
SO1474,Cardamine flexuosa,0,Cardamine
SO1474,Cardamine hirsuta,0,Cardamine
SO1474,Cardamine pratensis,25,Cardamine
SO1474,Carduus nutans,0,Carduus
SO1474,Carum verticillatum,0,Carum
SO1474,Centaurea cyanus,0,Centaurea
SO1474,Centaurea nigra,0,Centaurea
SO1474,Centaurea scabiosa,0,Centaurea
SO1474,Centaurium erythraea,0,Centaurium
SO1474,Cerastium arvense,0,Cerastium
SO1474,Cerastium fontanum,10,Cerastium
SO1474,Cerastium glomeratum,0,Cerastium
SO1474,Ceratocapnos claviculata,0,Ceratocapnos
SO1474,Chaerophyllum temulum,0,Chaerophyllum
SO1474,Chamaemelum nobile,0,Chamaemelum
SO1474,Chamerion angustifolium,0,Chamerion
SO1474,Chenopodium album,0,Chenopodium
SO1474,Chenopodium ficifolium,0,Chenopodium
SO1474,Chenopodium quinoa,0,Chenopodium
SO1474,Cichorium intybus,0,Cichorium
SO1474,Circaea lutetiana,0,Circaea
SO1474,Cirsium arvense,49,Cirsium
SO1474,Cirsium eriophorum,0,Cirsium
SO1474,Cirsium palustre,0,Cirsium
SO1474,Cirsium vulgare,0,Cirsium
SO1474,Clematis vitalba,0,Clematis
SO1474,Clinopodium vulgare,0,Clinopodium
SO1474,Conium maculatum,0,Conium
SO1474,Conopodium majus,0,Conopodium
SO1474,Convolvulus arvensis,0,Convolvulus
SO1474,Conyza canadensis,0,Conyza
SO1474,Cotoneaster salicifolius,0,Cotoneaster
SO1474,Crataegus monogyna,150,Crataegus
SO1474,Crepis capillaris,0,Crepis
SO1474,Crepis vesicaria,0,Crepis
SO1474,Cruciata laevipes,0,Cruciata
SO1474,Cytisus scoparius,0,Cytisus
SO1474,Dactylorhiza fuchsii,0,Dactylorhiza
SO1474,Dactylorhiza maculata,0,Dactylorhiza
SO1474,Daucus carota,0,Daucus
SO1474,Digitalis ferruginea,0,Digitalis
SO1474,Digitalis grandiflora,0,Digitalis
SO1474,Digitalis purpurea,25,Digitalis
SO1474,Dioscorea communis,0,Dioscorea
SO1474,Doronicum plantagineum,0,Doronicum
SO1474,Drosera anglica,0,Drosera
SO1474,Drosera rotundifolia,0,Drosera
SO1474,Dryas octopetala,0,Dryas
SO1474,Epilobium hirsutum,0,Epilobium
SO1474,Epilobium montanum,0,Epilobium
SO1474,Epilobium obscurum,0,Epilobium
SO1474,Epilobium palustre,0,Epilobium
SO1474,Epilobium parviflorum,0,Epilobium
SO1474,Epilobium roseum,0,Epilobium
SO1474,Epilobium tetragonum,0,Epilobium
SO1474,Erica cinerea,0,Erica
SO1474,Erica tetralix,0,Erica
SO1474,Eriophorum vaginatum,0,Eriophorum
SO1474,Eupatorium cannabinum,0,Eupatorium
SO1474,Euphorbia exigua,0,Euphorbia
SO1474,Euphorbia helioscopia,0,Euphorbia
SO1474,Euphrasia officinalis,0,Euphrasia
SO1474,Fagopyrum esculentum,0,Fagopyrum
SO1474,Fallopia convolvulus,0,Fallopia
SO1474,Filipendula ulmaria,874,Filipendula
SO1474,Fumaria officinalis,0,Fumaria
SO1474,Galeopsis speciosa,0,Galeopsis
SO1474,Galeopsis tetrahit,0,Galeopsis
SO1474,Galium aparine,35,Galium
SO1474,Galium mollugo,0,Galium
SO1474,Galium odoratum,0,Galium
SO1474,Galium palustre,229.85714285714286,Galium
SO1474,Galium saxatile,0,Galium
SO1474,Galium verum,0,Galium
SO1474,Genista anglica,0,Genista
SO1474,Geranium dissectum,0,Geranium
SO1474,Geranium molle,0,Geranium
SO1474,Geranium nodosum,0,Geranium
SO1474,Geranium pratense,0,Geranium
SO1474,Geranium pyrenaicum,0,Geranium
SO1474,Geranium robertianum,0,Geranium
SO1474,Geum urbanum,0,Geum
SO1474,Glechoma hederacea,0,Glechoma
SO1474,Hedera helix,0,Hedera
SO1474,Helianthus annuus,0,Helianthus
SO1474,Heracleum mantegazzianum,0,Heracleum
SO1474,Heracleum sphondylium,0,Heracleum
SO1474,Hippocrepis comosa,0,Hippocrepis
SO1474,Hordeum vulgare,0,Hordeum
SO1474,Hyacinthoides non,0,Hyacinthoides
SO1474,Hypericum forrestii,0,Hypericum
SO1474,Hypericum perforatum,0,Hypericum
SO1474,Hypericum pulchrum,0,Hypericum
SO1474,Hypericum tetrapterum,0,Hypericum
SO1474,Hypochaeris radicata,0,Hypochaeris
SO1474,Ilex aquifolium,0,Ilex
SO1474,Impatiens glandulifera,0,Impatiens
SO1474,Impatiens parviflora,0,Impatiens
SO1474,Iris pseudacorus,0,Iris
SO1474,Jacobaea erucifolia,0,Jacobaea
SO1474,Jacobaea vulgaris,0,Jacobaea
SO1474,Jasione montana,0,Jasione
SO1474,Juncus conglomeratus,0,Juncus
SO1474,Juncus effusus,0,Juncus
SO1474,Knautia arvensis,0,Knautia
SO1474,Lactuca serriola,0,Lactuca
SO1474,Lamium album,0,Lamium
SO1474,Lamium galeobdolon,0,Lamium
SO1474,Lamium purpureum,0,Lamium
SO1474,Lapsana communis,0,Lapsana
SO1474,Lathyrus aphaca,0,Lathyrus
SO1474,Lathyrus linifolius,0,Lathyrus
SO1474,Lathyrus pratensis,157,Lathyrus
SO1474,Leontodon hispidus,0,Leontodon
SO1474,Leontodon saxatilis,0,Leontodon
SO1474,Leucanthemum vulgare,0,Leucanthemum
SO1474,Ligusticum scoticum,0,Ligusticum
SO1474,Limonium vulgare,0,Limonium
SO1474,Linaria vulgaris,0,Linaria
SO1474,Linum catharticum,0,Linum
SO1474,Linum usitatissimum,0,Linum
SO1474,Lonicera caprifolium,0,Lonicera
SO1474,Lonicera periclymenum,0,Lonicera
SO1474,Lotus angustissimus,0,Lotus
SO1474,Lotus corniculatus,11,Lotus
SO1474,Lotus pedunculatus,135,Lotus
SO1474,Lotus subbiflorus,0,Lotus
SO1474,Luzula campestris,0,Luzula
SO1474,Lysimachia nemorum,0,Lysimachia
SO1474,Lysimachia punctata,0,Lysimachia
SO1474,Lysimachia vulgaris,0,Lysimachia
SO1474,Lythrum alatum,0,Lythrum
SO1474,Lythrum salicaria,0,Lythrum
SO1474,Malva sylvestris,0,Malva
SO1474,Matricaria chamomilla,0,Matricaria
SO1474,Matricaria discoidea,0,Matricaria
SO1474,Medicago lupulina,0,Medicago
SO1474,Melampyrum pratense,0,Melampyrum
SO1474,Mentha aquatica,0,Mentha
SO1474,Mentha arvensis,0,Mentha
SO1474,Mercurialis perennis,0,Mercurialis
SO1474,Myosotis arvensis,0,Myosotis
SO1474,Myosotis discolor,7,Myosotis
SO1474,Myosotis sylvatica,0,Myosotis
SO1474,Narthecium ossifragum,0,Narthecium
SO1474,Odontites vernus,0,Odontites
SO1474,Oenanthe crocata,0,Oenanthe
SO1474,Origanum vulgare,0,Origanum
SO1474,Ornithopus perpusillus,0,Ornithopus
SO1474,Oxalis acetosella,0,Oxalis
SO1474,Panicum miliaceum,0,Panicum
SO1474,Papaver rhoeas,0,Papaver
SO1474,Pedicularis sylvatica,0,Pedicularis
SO1474,Persicaria amplexicaulis,0,Persicaria
SO1474,Persicaria bistorta,0,Persicaria
SO1474,Persicaria hydropiper,0,Persicaria
SO1474,Persicaria lapathifolia,0,Persicaria
SO1474,Persicaria maculosa,0,Persicaria
SO1474,Peucedanum ostruthium,0,Peucedanum
SO1474,Picris echioides,0,Picris
SO1474,Picris hieracioides,0,Picris
SO1474,Pilosella officinarum,0,Pilosella
SO1474,Pimpinella saxifraga,0,Pimpinella
SO1474,Pinguicula vulgaris,0,Pinguicula
SO1474,Plantago lanceolata,0,Plantago
SO1474,Plantago major,0,Plantago
SO1474,Plantago maritima,0,Plantago
SO1474,Poa annua,0,Poa
SO1474,Polygala serpyllifolia,0,Polygala
SO1474,Polygala vulgaris,0,Polygala
SO1474,Polygonum aviculare,0,Polygonum
SO1474,Potentilla anglica,0,Potentilla
SO1474,Potentilla anserina,0,Potentilla
SO1474,Potentilla erecta,0,Potentilla
SO1474,Potentilla recta,0,Potentilla
SO1474,Potentilla reptans,0,Potentilla
SO1474,Prunella vulgaris,0,Prunella
SO1474,Prunus spinosa,0,Prunus
SO1474,Pulicaria dysenterica,0,Pulicaria
SO1474,Ranunculus acris,8,Ranunculus
SO1474,Ranunculus bulbosus,0,Ranunculus
SO1474,Ranunculus ficaria,0,Ranunculus
SO1474,Ranunculus flammula,0,Ranunculus
SO1474,Ranunculus repens,42,Ranunculus
SO1474,Ranunculus sardous,0,Ranunculus
SO1474,Raphanus raphanistrum,0,Raphanus
SO1474,Raphanus sativus,0,Raphanus
SO1474,Rhinanthus minor,0,Rhinanthus
SO1474,Rosa arvensis,0,Rosa
SO1474,Rosa canina,0,Rosa
SO1474,Rubus caesius,0,Rubus
SO1474,Rubus fruticosus,0,Rubus
SO1474,Rubus idaeus,0,Rubus
SO1474,Rumex acetosa,15,Rumex
SO1474,Rumex acetosella,0,Rumex
SO1474,Rumex crispus,0,Rumex
SO1474,Rumex obtusifolius,0,Rumex
SO1474,Rumex sanguineus,0,Rumex
SO1474,Sagina saginoides,0,Sagina
SO1474,Sambucus nigra,24,Sambucus
SO1474,Sanguisorba officinalis,0,Sanguisorba
SO1474,Scorzoneroides autumnalis,0,Scorzoneroides
SO1474,Scrophularia auriculata,0,Scrophularia
SO1474,Scrophularia nodosa,0,Scrophularia
SO1474,Sedum anglicum,0,Sedum
SO1474,Senecio erucifolius,0,Senecio
SO1474,Senecio jacobaea,0,Senecio
SO1474,Senecio vulgaris,0,Senecio
SO1474,Sherardia arvensis,0,Sherardia
SO1474,Silene dioica,0,Silene
SO1474,Silene latifolia,0,Silene
SO1474,Silybum marianum,0,Silybum
SO1474,Sinapis alba,0,Sinapis
SO1474,Sinapis arvensis,0,Sinapis
SO1474,Sisymbrium officinale,0,Sisymbrium
SO1474,Solanum dulcamara,0,Solanum
SO1474,Solanum nigrum,0,Solanum
SO1474,Solanum tuberosum,0,Solanum
SO1474,Sonchus arvensis,0,Sonchus
SO1474,Sonchus asper,0,Sonchus
SO1474,Sonchus oleraceus,0,Sonchus
SO1474,Sorbus aucuparia,0,Sorbus
SO1474,Spergula arvensis,0,Spergula
SO1474,Spergularia media,0,Spergularia
SO1474,Stachys arvensis,0,Stachys
SO1474,Stachys palustris,0,Stachys
SO1474,Stachys sylvatica,0,Stachys
SO1474,Stellaria alsine,5,Stellaria
SO1474,Stellaria graminea,0,Stellaria
SO1474,Stellaria holostea,0,Stellaria
SO1474,Stellaria media,0,Stellaria
SO1474,Suaeda maritima,0,Suaeda
SO1474,Succisa pratensis,0,Succisa
SO1474,Symphytum officinale,0,Symphytum
SO1474,Taraxacum agg,0,Taraxacum
SO1474,Taraxacum officinale,0,Taraxacum
SO1474,Teucrium scorodonia,0,Teucrium
SO1474,Thlaspi arvense,0,Thlaspi
SO1474,Thymus polytrichus,0,Thymus
SO1474,Thymus vulgaris,0,Thymus
SO1474,Torilis japonica,0,Torilis
SO1474,Tragopogon pratensis,0,Tragopogon
SO1474,Trientalis europaea,0,Trientalis
SO1474,Trifolium arvense,0,Trifolium
SO1474,Trifolium campestre,0,Trifolium
SO1474,Trifolium constantinopolitanum,0,Trifolium
SO1474,Trifolium dubium,0,Trifolium
SO1474,Trifolium pratense,0,Trifolium
SO1474,Trifolium repens,132,Trifolium
SO1474,Tripleurospermum inodorum,0,Tripleurospermum
SO1474,Tripleurospermum maritimum,0,Tripleurospermum
SO1474,Turgenia latifolia,0,Turgenia
SO1474,Ulex europaeus,0,Ulex
SO1474,Ulex gallii,0,Ulex
SO1474,Urtica dioica,340,Urtica
SO1474,Vaccinium myrtillus,0,Vaccinium
SO1474,Vaccinium oxycoccos,0,Vaccinium
SO1474,Vaccinium vitis,0,Vaccinium
SO1474,Valeriana dioica,0,Valeriana
SO1474,Valeriana officinalis,0,Valeriana
SO1474,Verbena officinalis,0,Verbena
SO1474,Verbena x,0,Verbena
SO1474,Veronica agrestis,0,Veronica
SO1474,Veronica arvensis,0,Veronica
SO1474,Veronica beccabunga,0,Veronica
SO1474,Veronica chamaedrys,0,Veronica
SO1474,Veronica hederifolia,0,Veronica
SO1474,Veronica montana,0,Veronica
SO1474,Veronica officinalis,0,Veronica
SO1474,Veronica persica,0,Veronica
SO1474,Veronica polita,0,Veronica
SO1474,Veronica serpyllifolia,0,Veronica
SO1474,Vicia benghalensis,0,Vicia
SO1474,Vicia cracca,0,Vicia
SO1474,Vicia faba,0,Vicia
SO1474,Vicia hirsuta,0,Vicia
SO1474,Vicia lutea,0,Vicia
SO1474,Vicia sativa,0,Vicia
SO1474,Vicia sepium,0,Vicia
SO1474,Vicia spp,0,Vicia
SO1474,Vicia tetrasperma,0,Vicia
SO1474,Viola arvensis,0,Viola
SO1474,Viola canina,0,Viola
SO1474,Viola palustris,0,Viola
SO1474,Viola riviniana,0,Viola
SO1474,Zea mays,0,Zea
SO2568,Acer pseudoplatanus,0,Acer
SO2568,Achillea millefolium,0,Achillea
SO2568,Achillea ptarmica,0,Achillea
SO2568,Aegopodium podagraria,0,Aegopodium
SO2568,Aethusa cynapium,0,Aethusa
SO2568,Ajuga reptans,0,Ajuga
SO2568,Alliaria petiolata,0,Alliaria
SO2568,Alnus glutinosa,0,Alnus
SO2568,Anagallis arvensis,0,Anagallis
SO2568,Anchusa arvensis,0,Anchusa
SO2568,Anemone nemorosa,0,Anemone
SO2568,Angelica sylvestris,0,Angelica
SO2568,Anthemis cotula,0,Anthemis
SO2568,Anthriscus caucalis,0,Anthriscus
SO2568,Anthriscus sylvestris,0,Anthriscus
SO2568,Apium nodiflorum,0,Apium
SO2568,Armeria maritima,0,Armeria
SO2568,Artemisia absinthium,0,Artemisia
SO2568,Artemisia annua,0,Artemisia
SO2568,Artemisia vulgaris,0,Artemisia
SO2568,Aster tripolium,0,Aster
SO2568,Atriplex patula,0,Atriplex
SO2568,Atriplex portulacoides,0,Atriplex
SO2568,Ballota nigra,0,Ballota
SO2568,Barbarea vulgaris,0,Barbarea
SO2568,Bellis perennis,0,Bellis
SO2568,Berula erecta,0,Berula
SO2568,Brassica napus,0,Brassica
SO2568,Brassica oleracea,0,Brassica
SO2568,Brassica rapa,0,Brassica
SO2568,Bryonia dioica,0,Bryonia
SO2568,Buddleja davidii,0,Buddleja
SO2568,Bupleurum tenuissimum,0,Bupleurum
SO2568,Calluna vulgaris,0,Calluna
SO2568,Caltha palustris,0,Caltha
SO2568,Calystegia sepium,0,Calystegia
SO2568,Campanula rotundifolia,7,Campanula
SO2568,Capsella bursa,0,Capsella
SO2568,Cardamine flexuosa,0,Cardamine
SO2568,Cardamine hirsuta,0,Cardamine
SO2568,Cardamine pratensis,0,Cardamine
SO2568,Carduus nutans,0,Carduus
SO2568,Carum verticillatum,0,Carum
SO2568,Centaurea cyanus,0,Centaurea
SO2568,Centaurea nigra,0,Centaurea
SO2568,Centaurea scabiosa,0,Centaurea
SO2568,Centaurium erythraea,0,Centaurium
SO2568,Cerastium arvense,0,Cerastium
SO2568,Cerastium fontanum,66,Cerastium
SO2568,Cerastium glomeratum,0,Cerastium
SO2568,Ceratocapnos claviculata,0,Ceratocapnos
SO2568,Chaerophyllum temulum,0,Chaerophyllum
SO2568,Chamaemelum nobile,0,Chamaemelum
SO2568,Chamerion angustifolium,0,Chamerion
SO2568,Chenopodium album,0,Chenopodium
SO2568,Chenopodium ficifolium,0,Chenopodium
SO2568,Chenopodium quinoa,0,Chenopodium
SO2568,Cichorium intybus,0,Cichorium
SO2568,Circaea lutetiana,0,Circaea
SO2568,Cirsium arvense,134,Cirsium
SO2568,Cirsium eriophorum,0,Cirsium
SO2568,Cirsium palustre,2,Cirsium
SO2568,Cirsium vulgare,0,Cirsium
SO2568,Clematis vitalba,0,Clematis
SO2568,Clinopodium vulgare,0,Clinopodium
SO2568,Conium maculatum,0,Conium
SO2568,Conopodium majus,0,Conopodium
SO2568,Convolvulus arvensis,0,Convolvulus
SO2568,Conyza canadensis,0,Conyza
SO2568,Cotoneaster salicifolius,0,Cotoneaster
SO2568,Crataegus monogyna,0,Crataegus
SO2568,Crepis capillaris,107,Crepis
SO2568,Crepis vesicaria,0,Crepis
SO2568,Cruciata laevipes,0,Cruciata
SO2568,Cytisus scoparius,0,Cytisus
SO2568,Dactylorhiza fuchsii,0,Dactylorhiza
SO2568,Dactylorhiza maculata,0,Dactylorhiza
SO2568,Daucus carota,0,Daucus
SO2568,Digitalis ferruginea,0,Digitalis
SO2568,Digitalis grandiflora,3,Digitalis
SO2568,Digitalis purpurea,351,Digitalis
SO2568,Dioscorea communis,0,Dioscorea
SO2568,Doronicum plantagineum,0,Doronicum
SO2568,Drosera anglica,0,Drosera
SO2568,Drosera rotundifolia,0,Drosera
SO2568,Dryas octopetala,0,Dryas
SO2568,Epilobium hirsutum,0,Epilobium
SO2568,Epilobium montanum,0,Epilobium
SO2568,Epilobium obscurum,0,Epilobium
SO2568,Epilobium palustre,0,Epilobium
SO2568,Epilobium parviflorum,0,Epilobium
SO2568,Epilobium roseum,0,Epilobium
SO2568,Epilobium tetragonum,0,Epilobium
SO2568,Erica cinerea,0,Erica
SO2568,Erica tetralix,0,Erica
SO2568,Eriophorum vaginatum,0,Eriophorum
SO2568,Eupatorium cannabinum,0,Eupatorium
SO2568,Euphorbia exigua,0,Euphorbia
SO2568,Euphorbia helioscopia,0,Euphorbia
SO2568,Euphrasia officinalis,0,Euphrasia
SO2568,Fagopyrum esculentum,0,Fagopyrum
SO2568,Fallopia convolvulus,0,Fallopia
SO2568,Filipendula ulmaria,0,Filipendula
SO2568,Fumaria officinalis,0,Fumaria
SO2568,Galeopsis speciosa,0,Galeopsis
SO2568,Galeopsis tetrahit,12,Galeopsis
SO2568,Galium aparine,16,Galium
SO2568,Galium mollugo,0,Galium
SO2568,Galium odoratum,0,Galium
SO2568,Galium palustre,0,Galium
SO2568,Galium saxatile,500,Galium
SO2568,Galium verum,0,Galium
SO2568,Genista anglica,0,Genista
SO2568,Geranium dissectum,0,Geranium
SO2568,Geranium molle,0,Geranium
SO2568,Geranium nodosum,0,Geranium
SO2568,Geranium pratense,0,Geranium
SO2568,Geranium pyrenaicum,0,Geranium
SO2568,Geranium robertianum,0,Geranium
SO2568,Geum urbanum,2,Geum
SO2568,Glechoma hederacea,5.16666666666667,Glechoma
SO2568,Hedera helix,0,Hedera
SO2568,Helianthus annuus,0,Helianthus
SO2568,Heracleum mantegazzianum,0,Heracleum
SO2568,Heracleum sphondylium,0,Heracleum
SO2568,Hippocrepis comosa,0,Hippocrepis
SO2568,Hordeum vulgare,0,Hordeum
SO2568,Hyacinthoides non,0,Hyacinthoides
SO2568,Hypericum forrestii,0,Hypericum
SO2568,Hypericum perforatum,0,Hypericum
SO2568,Hypericum pulchrum,5,Hypericum
SO2568,Hypericum tetrapterum,0,Hypericum
SO2568,Hypochaeris radicata,12,Hypochaeris
SO2568,Ilex aquifolium,0,Ilex
SO2568,Impatiens glandulifera,0,Impatiens
SO2568,Impatiens parviflora,0,Impatiens
SO2568,Iris pseudacorus,0,Iris
SO2568,Jacobaea erucifolia,0,Jacobaea
SO2568,Jacobaea vulgaris,0,Jacobaea
SO2568,Jasione montana,0,Jasione
SO2568,Juncus conglomeratus,0,Juncus
SO2568,Juncus effusus,0,Juncus
SO2568,Knautia arvensis,0,Knautia
SO2568,Lactuca serriola,0,Lactuca
SO2568,Lamium album,0,Lamium
SO2568,Lamium galeobdolon,0,Lamium
SO2568,Lamium purpureum,0,Lamium
SO2568,Lapsana communis,0,Lapsana
SO2568,Lathyrus aphaca,0,Lathyrus
SO2568,Lathyrus linifolius,0,Lathyrus
SO2568,Lathyrus pratensis,0,Lathyrus
SO2568,Leontodon hispidus,0,Leontodon
SO2568,Leontodon saxatilis,0,Leontodon
SO2568,Leucanthemum vulgare,0,Leucanthemum
SO2568,Ligusticum scoticum,0,Ligusticum
SO2568,Limonium vulgare,0,Limonium
SO2568,Linaria vulgaris,0,Linaria
SO2568,Linum catharticum,0,Linum
SO2568,Linum usitatissimum,0,Linum
SO2568,Lonicera caprifolium,0,Lonicera
SO2568,Lonicera periclymenum,0,Lonicera
SO2568,Lotus angustissimus,0,Lotus
SO2568,Lotus corniculatus,42,Lotus
SO2568,Lotus pedunculatus,0,Lotus
SO2568,Lotus subbiflorus,0,Lotus
SO2568,Luzula campestris,0,Luzula
SO2568,Lysimachia nemorum,0,Lysimachia
SO2568,Lysimachia punctata,0,Lysimachia
SO2568,Lysimachia vulgaris,0,Lysimachia
SO2568,Lythrum alatum,0,Lythrum
SO2568,Lythrum salicaria,0,Lythrum
SO2568,Malva sylvestris,0,Malva
SO2568,Matricaria chamomilla,0,Matricaria
SO2568,Matricaria discoidea,0,Matricaria
SO2568,Medicago lupulina,0,Medicago
SO2568,Melampyrum pratense,0,Melampyrum
SO2568,Mentha aquatica,0,Mentha
SO2568,Mentha arvensis,0,Mentha
SO2568,Mercurialis perennis,0,Mercurialis
SO2568,Myosotis arvensis,0,Myosotis
SO2568,Myosotis discolor,56,Myosotis
SO2568,Myosotis sylvatica,0,Myosotis
SO2568,Narthecium ossifragum,0,Narthecium
SO2568,Odontites vernus,0,Odontites
SO2568,Oenanthe crocata,0,Oenanthe
SO2568,Origanum vulgare,0,Origanum
SO2568,Ornithopus perpusillus,0,Ornithopus
SO2568,Oxalis acetosella,0,Oxalis
SO2568,Panicum miliaceum,0,Panicum
SO2568,Papaver rhoeas,0,Papaver
SO2568,Pedicularis sylvatica,0,Pedicularis
SO2568,Persicaria amplexicaulis,0,Persicaria
SO2568,Persicaria bistorta,0,Persicaria
SO2568,Persicaria hydropiper,0,Persicaria
SO2568,Persicaria lapathifolia,0,Persicaria
SO2568,Persicaria maculosa,0,Persicaria
SO2568,Peucedanum ostruthium,0,Peucedanum
SO2568,Picris echioides,0,Picris
SO2568,Picris hieracioides,0,Picris
SO2568,Pilosella officinarum,5,Pilosella
SO2568,Pimpinella saxifraga,0,Pimpinella
SO2568,Pinguicula vulgaris,0,Pinguicula
SO2568,Plantago lanceolata,0,Plantago
SO2568,Plantago major,0,Plantago
SO2568,Plantago maritima,0,Plantago
SO2568,Poa annua,0,Poa
SO2568,Polygala serpyllifolia,0,Polygala
SO2568,Polygala vulgaris,0,Polygala
SO2568,Polygonum aviculare,0,Polygonum
SO2568,Potentilla anglica,0,Potentilla
SO2568,Potentilla anserina,0,Potentilla
SO2568,Potentilla erecta,0,Potentilla
SO2568,Potentilla recta,0,Potentilla
SO2568,Potentilla reptans,0,Potentilla
SO2568,Prunella vulgaris,0,Prunella
SO2568,Prunus spinosa,0,Prunus
SO2568,Pulicaria dysenterica,0,Pulicaria
SO2568,Ranunculus acris,21,Ranunculus
SO2568,Ranunculus bulbosus,19,Ranunculus
SO2568,Ranunculus ficaria,0,Ranunculus
SO2568,Ranunculus flammula,0,Ranunculus
SO2568,Ranunculus repens,4,Ranunculus
SO2568,Ranunculus sardous,0,Ranunculus
SO2568,Raphanus raphanistrum,0,Raphanus
SO2568,Raphanus sativus,0,Raphanus
SO2568,Rhinanthus minor,0,Rhinanthus
SO2568,Rosa arvensis,0,Rosa
SO2568,Rosa canina,0,Rosa
SO2568,Rubus caesius,0,Rubus
SO2568,Rubus fruticosus,478,Rubus
SO2568,Rubus idaeus,0,Rubus
SO2568,Rumex acetosa,22,Rumex
SO2568,Rumex acetosella,14,Rumex
SO2568,Rumex crispus,0,Rumex
SO2568,Rumex obtusifolius,0,Rumex
SO2568,Rumex sanguineus,0,Rumex
SO2568,Sagina saginoides,0,Sagina
SO2568,Sambucus nigra,88,Sambucus
SO2568,Sanguisorba officinalis,0,Sanguisorba
SO2568,Scorzoneroides autumnalis,6,Scorzoneroides
SO2568,Scrophularia auriculata,0,Scrophularia
SO2568,Scrophularia nodosa,0,Scrophularia
SO2568,Sedum anglicum,0,Sedum
SO2568,Senecio erucifolius,0,Senecio
SO2568,Senecio jacobaea,0,Senecio
SO2568,Senecio vulgaris,0,Senecio
SO2568,Sherardia arvensis,0,Sherardia
SO2568,Silene dioica,0,Silene
SO2568,Silene latifolia,0,Silene
SO2568,Silybum marianum,0,Silybum
SO2568,Sinapis alba,0,Sinapis
SO2568,Sinapis arvensis,0,Sinapis
SO2568,Sisymbrium officinale,0,Sisymbrium
SO2568,Solanum dulcamara,0,Solanum
SO2568,Solanum nigrum,0,Solanum
SO2568,Solanum tuberosum,0,Solanum
SO2568,Sonchus arvensis,0,Sonchus
SO2568,Sonchus asper,0,Sonchus
SO2568,Sonchus oleraceus,0,Sonchus
SO2568,Sorbus aucuparia,0,Sorbus
SO2568,Spergula arvensis,0,Spergula
SO2568,Spergularia media,0,Spergularia
SO2568,Stachys arvensis,0,Stachys
SO2568,Stachys palustris,0,Stachys
SO2568,Stachys sylvatica,0,Stachys
SO2568,Stellaria alsine,0,Stellaria
SO2568,Stellaria graminea,311,Stellaria
SO2568,Stellaria holostea,228,Stellaria
SO2568,Stellaria media,0,Stellaria
SO2568,Suaeda maritima,0,Suaeda
SO2568,Succisa pratensis,0,Succisa
SO2568,Symphytum officinale,0,Symphytum
SO2568,Taraxacum agg,0,Taraxacum
SO2568,Taraxacum officinale,1,Taraxacum
SO2568,Teucrium scorodonia,0,Teucrium
SO2568,Thlaspi arvense,0,Thlaspi
SO2568,Thymus polytrichus,0,Thymus
SO2568,Thymus vulgaris,0,Thymus
SO2568,Torilis japonica,0,Torilis
SO2568,Tragopogon pratensis,0,Tragopogon
SO2568,Trientalis europaea,0,Trientalis
SO2568,Trifolium arvense,0,Trifolium
SO2568,Trifolium campestre,0,Trifolium
SO2568,Trifolium constantinopolitanum,0,Trifolium
SO2568,Trifolium dubium,0,Trifolium
SO2568,Trifolium pratense,0,Trifolium
SO2568,Trifolium repens,200,Trifolium
SO2568,Tripleurospermum inodorum,0,Tripleurospermum
SO2568,Tripleurospermum maritimum,0,Tripleurospermum
SO2568,Turgenia latifolia,0,Turgenia
SO2568,Ulex europaeus,663,Ulex
SO2568,Ulex gallii,901,Ulex
SO2568,Urtica dioica,507,Urtica
SO2568,Vaccinium myrtillus,0,Vaccinium
SO2568,Vaccinium oxycoccos,0,Vaccinium
SO2568,Vaccinium vitis,0,Vaccinium
SO2568,Valeriana dioica,0,Valeriana
SO2568,Valeriana officinalis,0,Valeriana
SO2568,Verbena officinalis,0,Verbena
SO2568,Verbena x,0,Verbena
SO2568,Veronica agrestis,10,Veronica
SO2568,Veronica arvensis,8,Veronica
SO2568,Veronica beccabunga,0,Veronica
SO2568,Veronica chamaedrys,469,Veronica
SO2568,Veronica hederifolia,0,Veronica
SO2568,Veronica montana,40,Veronica
SO2568,Veronica officinalis,0,Veronica
SO2568,Veronica persica,0,Veronica
SO2568,Veronica polita,0,Veronica
SO2568,Veronica serpyllifolia,2,Veronica
SO2568,Vicia benghalensis,0,Vicia
SO2568,Vicia cracca,0,Vicia
SO2568,Vicia faba,0,Vicia
SO2568,Vicia hirsuta,0,Vicia
SO2568,Vicia lutea,0,Vicia
SO2568,Vicia sativa,0,Vicia
SO2568,Vicia sepium,0,Vicia
SO2568,Vicia spp,0,Vicia
SO2568,Vicia tetrasperma,0,Vicia
SO2568,Viola arvensis,0,Viola
SO2568,Viola canina,0,Viola
SO2568,Viola palustris,0,Viola
SO2568,Viola riviniana,0,Viola
SO2568,Zea mays,0,Zea
SO3129,Acer pseudoplatanus,0,Acer
SO3129,Achillea millefolium,0,Achillea
SO3129,Achillea ptarmica,0,Achillea
SO3129,Aegopodium podagraria,0,Aegopodium
SO3129,Aethusa cynapium,0,Aethusa
SO3129,Ajuga reptans,0,Ajuga
SO3129,Alliaria petiolata,0,Alliaria
SO3129,Alnus glutinosa,0,Alnus
SO3129,Anagallis arvensis,0,Anagallis
SO3129,Anchusa arvensis,0,Anchusa
SO3129,Anemone nemorosa,0,Anemone
SO3129,Angelica sylvestris,0,Angelica
SO3129,Anthemis cotula,0,Anthemis
SO3129,Anthriscus caucalis,0,Anthriscus
SO3129,Anthriscus sylvestris,0,Anthriscus
SO3129,Apium nodiflorum,0,Apium
SO3129,Armeria maritima,0,Armeria
SO3129,Artemisia absinthium,0,Artemisia
SO3129,Artemisia annua,0,Artemisia
SO3129,Artemisia vulgaris,0,Artemisia
SO3129,Aster tripolium,0,Aster
SO3129,Atriplex patula,0,Atriplex
SO3129,Atriplex portulacoides,0,Atriplex
SO3129,Ballota nigra,0,Ballota
SO3129,Barbarea vulgaris,0,Barbarea
SO3129,Bellis perennis,21,Bellis
SO3129,Berula erecta,0,Berula
SO3129,Brassica napus,0,Brassica
SO3129,Brassica oleracea,0,Brassica
SO3129,Brassica rapa,0,Brassica
SO3129,Bryonia dioica,0,Bryonia
SO3129,Buddleja davidii,0,Buddleja
SO3129,Bupleurum tenuissimum,0,Bupleurum
SO3129,Calluna vulgaris,0,Calluna
SO3129,Caltha palustris,0,Caltha
SO3129,Calystegia sepium,4,Calystegia
SO3129,Campanula rotundifolia,0,Campanula
SO3129,Capsella bursa,0,Capsella
SO3129,Cardamine flexuosa,0,Cardamine
SO3129,Cardamine hirsuta,0,Cardamine
SO3129,Cardamine pratensis,1,Cardamine
SO3129,Carduus nutans,0,Carduus
SO3129,Carum verticillatum,0,Carum
SO3129,Centaurea cyanus,0,Centaurea
SO3129,Centaurea nigra,0,Centaurea
SO3129,Centaurea scabiosa,0,Centaurea
SO3129,Centaurium erythraea,0,Centaurium
SO3129,Cerastium arvense,0,Cerastium
SO3129,Cerastium fontanum,19,Cerastium
SO3129,Cerastium glomeratum,0,Cerastium
SO3129,Ceratocapnos claviculata,0,Ceratocapnos
SO3129,Chaerophyllum temulum,0,Chaerophyllum
SO3129,Chamaemelum nobile,0,Chamaemelum
SO3129,Chamerion angustifolium,0,Chamerion
SO3129,Chenopodium album,0,Chenopodium
SO3129,Chenopodium ficifolium,0,Chenopodium
SO3129,Chenopodium quinoa,0,Chenopodium
SO3129,Cichorium intybus,0,Cichorium
SO3129,Circaea lutetiana,10,Circaea
SO3129,Cirsium arvense,5,Cirsium
SO3129,Cirsium eriophorum,0,Cirsium
SO3129,Cirsium palustre,47,Cirsium
SO3129,Cirsium vulgare,0,Cirsium
SO3129,Clematis vitalba,0,Clematis
SO3129,Clinopodium vulgare,0,Clinopodium
SO3129,Conium maculatum,0,Conium
SO3129,Conopodium majus,5,Conopodium
SO3129,Convolvulus arvensis,0,Convolvulus
SO3129,Conyza canadensis,0,Conyza
SO3129,Cotoneaster salicifolius,0,Cotoneaster
SO3129,Crataegus monogyna,0,Crataegus
SO3129,Crepis capillaris,0,Crepis
SO3129,Crepis vesicaria,0,Crepis
SO3129,Cruciata laevipes,0,Cruciata
SO3129,Cytisus scoparius,0,Cytisus
SO3129,Dactylorhiza fuchsii,8.075,Dactylorhiza
SO3129,Dactylorhiza maculata,0,Dactylorhiza
SO3129,Daucus carota,0,Daucus
SO3129,Digitalis ferruginea,0,Digitalis
SO3129,Digitalis grandiflora,0,Digitalis
SO3129,Digitalis purpurea,177,Digitalis
SO3129,Dioscorea communis,0,Dioscorea
SO3129,Doronicum plantagineum,2,Doronicum
SO3129,Drosera anglica,0,Drosera
SO3129,Drosera rotundifolia,0,Drosera
SO3129,Dryas octopetala,0,Dryas
SO3129,Epilobium hirsutum,0,Epilobium
SO3129,Epilobium montanum,4,Epilobium
SO3129,Epilobium obscurum,0,Epilobium
SO3129,Epilobium palustre,0,Epilobium
SO3129,Epilobium parviflorum,0,Epilobium
SO3129,Epilobium roseum,0,Epilobium
SO3129,Epilobium tetragonum,0,Epilobium
SO3129,Erica cinerea,0,Erica
SO3129,Erica tetralix,0,Erica
SO3129,Eriophorum vaginatum,0,Eriophorum
SO3129,Eupatorium cannabinum,0,Eupatorium
SO3129,Euphorbia exigua,0,Euphorbia
SO3129,Euphorbia helioscopia,0,Euphorbia
SO3129,Euphrasia officinalis,0,Euphrasia
SO3129,Fagopyrum esculentum,0,Fagopyrum
SO3129,Fallopia convolvulus,0,Fallopia
SO3129,Filipendula ulmaria,0,Filipendula
SO3129,Fumaria officinalis,0,Fumaria
SO3129,Galeopsis speciosa,0,Galeopsis
SO3129,Galeopsis tetrahit,0,Galeopsis
SO3129,Galium aparine,0,Galium
SO3129,Galium mollugo,0,Galium
SO3129,Galium odoratum,0,Galium
SO3129,Galium palustre,131,Galium
SO3129,Galium saxatile,0,Galium
SO3129,Galium verum,0,Galium
SO3129,Genista anglica,0,Genista
SO3129,Geranium dissectum,0,Geranium
SO3129,Geranium molle,0,Geranium
SO3129,Geranium nodosum,0,Geranium
SO3129,Geranium pratense,0,Geranium
SO3129,Geranium pyrenaicum,0,Geranium
SO3129,Geranium robertianum,0,Geranium
SO3129,Geum urbanum,0,Geum
SO3129,Glechoma hederacea,0,Glechoma
SO3129,Hedera helix,0,Hedera
SO3129,Helianthus annuus,0,Helianthus
SO3129,Heracleum mantegazzianum,0,Heracleum
SO3129,Heracleum sphondylium,3,Heracleum
SO3129,Hippocrepis comosa,0,Hippocrepis
SO3129,Hordeum vulgare,0,Hordeum
SO3129,Hyacinthoides non,0,Hyacinthoides
SO3129,Hypericum forrestii,0,Hypericum
SO3129,Hypericum perforatum,0,Hypericum
SO3129,Hypericum pulchrum,0,Hypericum
SO3129,Hypericum tetrapterum,0,Hypericum
SO3129,Hypochaeris radicata,70,Hypochaeris
SO3129,Ilex aquifolium,7,Ilex
SO3129,Impatiens glandulifera,0,Impatiens
SO3129,Impatiens parviflora,0,Impatiens
SO3129,Iris pseudacorus,0,Iris
SO3129,Jacobaea erucifolia,0,Jacobaea
SO3129,Jacobaea vulgaris,0,Jacobaea
SO3129,Jasione montana,0,Jasione
SO3129,Juncus conglomeratus,0,Juncus
SO3129,Juncus effusus,0,Juncus
SO3129,Knautia arvensis,0,Knautia
SO3129,Lactuca serriola,0,Lactuca
SO3129,Lamium album,0,Lamium
SO3129,Lamium galeobdolon,0,Lamium
SO3129,Lamium purpureum,0,Lamium
SO3129,Lapsana communis,0,Lapsana
SO3129,Lathyrus aphaca,0,Lathyrus
SO3129,Lathyrus linifolius,0,Lathyrus
SO3129,Lathyrus pratensis,0,Lathyrus
SO3129,Leontodon hispidus,72,Leontodon
SO3129,Leontodon saxatilis,0,Leontodon
SO3129,Leucanthemum vulgare,0,Leucanthemum
SO3129,Ligusticum scoticum,0,Ligusticum
SO3129,Limonium vulgare,0,Limonium
SO3129,Linaria vulgaris,0,Linaria
SO3129,Linum catharticum,0,Linum
SO3129,Linum usitatissimum,0,Linum
SO3129,Lonicera caprifolium,0,Lonicera
SO3129,Lonicera periclymenum,0,Lonicera
SO3129,Lotus angustissimus,0,Lotus
SO3129,Lotus corniculatus,71,Lotus
SO3129,Lotus pedunculatus,0,Lotus
SO3129,Lotus subbiflorus,0,Lotus
SO3129,Luzula campestris,0,Luzula
SO3129,Lysimachia nemorum,0,Lysimachia
SO3129,Lysimachia punctata,0,Lysimachia
SO3129,Lysimachia vulgaris,0,Lysimachia
SO3129,Lythrum alatum,0,Lythrum
SO3129,Lythrum salicaria,0,Lythrum
SO3129,Malva sylvestris,0,Malva
SO3129,Matricaria chamomilla,0,Matricaria
SO3129,Matricaria discoidea,0,Matricaria
SO3129,Medicago lupulina,0,Medicago
SO3129,Melampyrum pratense,0,Melampyrum
SO3129,Mentha aquatica,0,Mentha
SO3129,Mentha arvensis,0,Mentha
SO3129,Mercurialis perennis,0,Mercurialis
SO3129,Myosotis arvensis,0,Myosotis
SO3129,Myosotis discolor,0,Myosotis
SO3129,Myosotis sylvatica,0,Myosotis
SO3129,Narthecium ossifragum,0,Narthecium
SO3129,Odontites vernus,0,Odontites
SO3129,Oenanthe crocata,0,Oenanthe
SO3129,Origanum vulgare,0,Origanum
SO3129,Ornithopus perpusillus,0,Ornithopus
SO3129,Oxalis acetosella,0,Oxalis
SO3129,Panicum miliaceum,0,Panicum
SO3129,Papaver rhoeas,0,Papaver
SO3129,Pedicularis sylvatica,0,Pedicularis
SO3129,Persicaria amplexicaulis,0,Persicaria
SO3129,Persicaria bistorta,0,Persicaria
SO3129,Persicaria hydropiper,0,Persicaria
SO3129,Persicaria lapathifolia,0,Persicaria
SO3129,Persicaria maculosa,0,Persicaria
SO3129,Peucedanum ostruthium,0,Peucedanum
SO3129,Picris echioides,0,Picris
SO3129,Picris hieracioides,0,Picris
SO3129,Pilosella officinarum,0,Pilosella
SO3129,Pimpinella saxifraga,0,Pimpinella
SO3129,Pinguicula vulgaris,0,Pinguicula
SO3129,Plantago lanceolata,17,Plantago
SO3129,Plantago major,0,Plantago
SO3129,Plantago maritima,0,Plantago
SO3129,Poa annua,0,Poa
SO3129,Polygala serpyllifolia,0,Polygala
SO3129,Polygala vulgaris,0,Polygala
SO3129,Polygonum aviculare,0,Polygonum
SO3129,Potentilla anglica,0,Potentilla
SO3129,Potentilla anserina,0,Potentilla
SO3129,Potentilla erecta,960,Potentilla
SO3129,Potentilla recta,2,Potentilla
SO3129,Potentilla reptans,0,Potentilla
SO3129,Prunella vulgaris,3,Prunella
SO3129,Prunus spinosa,0,Prunus
SO3129,Pulicaria dysenterica,0,Pulicaria
SO3129,Ranunculus acris,116,Ranunculus
SO3129,Ranunculus bulbosus,4,Ranunculus
SO3129,Ranunculus ficaria,19,Ranunculus
SO3129,Ranunculus flammula,0,Ranunculus
SO3129,Ranunculus repens,6,Ranunculus
SO3129,Ranunculus sardous,0,Ranunculus
SO3129,Raphanus raphanistrum,0,Raphanus
SO3129,Raphanus sativus,0,Raphanus
SO3129,Rhinanthus minor,5,Rhinanthus
SO3129,Rosa arvensis,0,Rosa
SO3129,Rosa canina,0,Rosa
SO3129,Rubus caesius,0,Rubus
SO3129,Rubus fruticosus,0,Rubus
SO3129,Rubus idaeus,0,Rubus
SO3129,Rumex acetosa,0,Rumex
SO3129,Rumex acetosella,0,Rumex
SO3129,Rumex crispus,0,Rumex
SO3129,Rumex obtusifolius,0,Rumex
SO3129,Rumex sanguineus,0,Rumex
SO3129,Sagina saginoides,0,Sagina
SO3129,Sambucus nigra,0,Sambucus
SO3129,Sanguisorba officinalis,0,Sanguisorba
SO3129,Scorzoneroides autumnalis,27,Scorzoneroides
SO3129,Scrophularia auriculata,0,Scrophularia
SO3129,Scrophularia nodosa,0,Scrophularia
SO3129,Sedum anglicum,0,Sedum
SO3129,Senecio erucifolius,0,Senecio
SO3129,Senecio jacobaea,0,Senecio
SO3129,Senecio vulgaris,0,Senecio
SO3129,Sherardia arvensis,0,Sherardia
SO3129,Silene dioica,0,Silene
SO3129,Silene latifolia,0,Silene
SO3129,Silybum marianum,0,Silybum
SO3129,Sinapis alba,0,Sinapis
SO3129,Sinapis arvensis,0,Sinapis
SO3129,Sisymbrium officinale,0,Sisymbrium
SO3129,Solanum dulcamara,0,Solanum
SO3129,Solanum nigrum,0,Solanum
SO3129,Solanum tuberosum,0,Solanum
SO3129,Sonchus arvensis,0,Sonchus
SO3129,Sonchus asper,0,Sonchus
SO3129,Sonchus oleraceus,0,Sonchus
SO3129,Sorbus aucuparia,0,Sorbus
SO3129,Spergula arvensis,0,Spergula
SO3129,Spergularia media,0,Spergularia
SO3129,Stachys arvensis,0,Stachys
SO3129,Stachys palustris,0,Stachys
SO3129,Stachys sylvatica,1,Stachys
SO3129,Stellaria alsine,0,Stellaria
SO3129,Stellaria graminea,3,Stellaria
SO3129,Stellaria holostea,7,Stellaria
SO3129,Stellaria media,0,Stellaria
SO3129,Suaeda maritima,0,Suaeda
SO3129,Succisa pratensis,0,Succisa
SO3129,Symphytum officinale,0,Symphytum
SO3129,Taraxacum agg,0,Taraxacum
SO3129,Taraxacum officinale,0,Taraxacum
SO3129,Teucrium scorodonia,0,Teucrium
SO3129,Thlaspi arvense,0,Thlaspi
SO3129,Thymus polytrichus,0,Thymus
SO3129,Thymus vulgaris,0,Thymus
SO3129,Torilis japonica,0,Torilis
SO3129,Tragopogon pratensis,0,Tragopogon
SO3129,Trientalis europaea,0,Trientalis
SO3129,Trifolium arvense,0,Trifolium
SO3129,Trifolium campestre,0,Trifolium
SO3129,Trifolium constantinopolitanum,0,Trifolium
SO3129,Trifolium dubium,0,Trifolium
SO3129,Trifolium pratense,271,Trifolium
SO3129,Trifolium repens,82,Trifolium
SO3129,Tripleurospermum inodorum,0,Tripleurospermum
SO3129,Tripleurospermum maritimum,0,Tripleurospermum
SO3129,Turgenia latifolia,0,Turgenia
SO3129,Ulex europaeus,0,Ulex
SO3129,Ulex gallii,0,Ulex
SO3129,Urtica dioica,149,Urtica
SO3129,Vaccinium myrtillus,0,Vaccinium
SO3129,Vaccinium oxycoccos,0,Vaccinium
SO3129,Vaccinium vitis,0,Vaccinium
SO3129,Valeriana dioica,0,Valeriana
SO3129,Valeriana officinalis,0,Valeriana
SO3129,Verbena officinalis,0,Verbena
SO3129,Verbena x,0,Verbena
SO3129,Veronica agrestis,0,Veronica
SO3129,Veronica arvensis,0,Veronica
SO3129,Veronica beccabunga,0,Veronica
SO3129,Veronica chamaedrys,69,Veronica
SO3129,Veronica hederifolia,0,Veronica
SO3129,Veronica montana,0,Veronica
SO3129,Veronica officinalis,0,Veronica
SO3129,Veronica persica,0,Veronica
SO3129,Veronica polita,0,Veronica
SO3129,Veronica serpyllifolia,0,Veronica
SO3129,Vicia benghalensis,0,Vicia
SO3129,Vicia cracca,0,Vicia
SO3129,Vicia faba,0,Vicia
SO3129,Vicia hirsuta,0,Vicia
SO3129,Vicia lutea,0,Vicia
SO3129,Vicia sativa,0,Vicia
SO3129,Vicia sepium,0,Vicia
SO3129,Vicia spp,0,Vicia
SO3129,Vicia tetrasperma,0,Vicia
SO3129,Viola arvensis,0,Viola
SO3129,Viola canina,0,Viola
SO3129,Viola palustris,0,Viola
SO3129,Viola riviniana,0,Viola
SO3129,Zea mays,0,Zea
SO4718,Acer pseudoplatanus,0,Acer
SO4718,Achillea millefolium,0,Achillea
SO4718,Achillea ptarmica,0,Achillea
SO4718,Aegopodium podagraria,0,Aegopodium
SO4718,Aethusa cynapium,0,Aethusa
SO4718,Ajuga reptans,0,Ajuga
SO4718,Alliaria petiolata,0,Alliaria
SO4718,Alnus glutinosa,0,Alnus
SO4718,Anagallis arvensis,0,Anagallis
SO4718,Anchusa arvensis,0,Anchusa
SO4718,Anemone nemorosa,0,Anemone
SO4718,Angelica sylvestris,0,Angelica
SO4718,Anthemis cotula,0,Anthemis
SO4718,Anthriscus caucalis,0,Anthriscus
SO4718,Anthriscus sylvestris,0,Anthriscus
SO4718,Apium nodiflorum,0,Apium
SO4718,Armeria maritima,0,Armeria
SO4718,Artemisia absinthium,0,Artemisia
SO4718,Artemisia annua,0,Artemisia
SO4718,Artemisia vulgaris,0,Artemisia
SO4718,Aster tripolium,0,Aster
SO4718,Atriplex patula,0,Atriplex
SO4718,Atriplex portulacoides,0,Atriplex
SO4718,Ballota nigra,0,Ballota
SO4718,Barbarea vulgaris,0,Barbarea
SO4718,Bellis perennis,0,Bellis
SO4718,Berula erecta,0,Berula
SO4718,Brassica napus,0,Brassica
SO4718,Brassica oleracea,0,Brassica
SO4718,Brassica rapa,0,Brassica
SO4718,Bryonia dioica,0,Bryonia
SO4718,Buddleja davidii,0,Buddleja
SO4718,Bupleurum tenuissimum,0,Bupleurum
SO4718,Calluna vulgaris,0,Calluna
SO4718,Caltha palustris,0,Caltha
SO4718,Calystegia sepium,0,Calystegia
SO4718,Campanula rotundifolia,0,Campanula
SO4718,Capsella bursa,0,Capsella
SO4718,Cardamine flexuosa,0,Cardamine
SO4718,Cardamine hirsuta,0,Cardamine
SO4718,Cardamine pratensis,0,Cardamine
SO4718,Carduus nutans,0,Carduus
SO4718,Carum verticillatum,0,Carum
SO4718,Centaurea cyanus,0,Centaurea
SO4718,Centaurea nigra,0,Centaurea
SO4718,Centaurea scabiosa,0,Centaurea
SO4718,Centaurium erythraea,0,Centaurium
SO4718,Cerastium arvense,0,Cerastium
SO4718,Cerastium fontanum,154,Cerastium
SO4718,Cerastium glomeratum,0,Cerastium
SO4718,Ceratocapnos claviculata,0,Ceratocapnos
SO4718,Chaerophyllum temulum,0,Chaerophyllum
SO4718,Chamaemelum nobile,0,Chamaemelum
SO4718,Chamerion angustifolium,0,Chamerion
SO4718,Chenopodium album,0,Chenopodium
SO4718,Chenopodium ficifolium,0,Chenopodium
SO4718,Chenopodium quinoa,0,Chenopodium
SO4718,Cichorium intybus,0,Cichorium
SO4718,Circaea lutetiana,0,Circaea
SO4718,Cirsium arvense,0,Cirsium
SO4718,Cirsium eriophorum,0,Cirsium
SO4718,Cirsium palustre,159,Cirsium
SO4718,Cirsium vulgare,0,Cirsium
SO4718,Clematis vitalba,0,Clematis
SO4718,Clinopodium vulgare,0,Clinopodium
SO4718,Conium maculatum,0,Conium
SO4718,Conopodium majus,0,Conopodium
SO4718,Convolvulus arvensis,0,Convolvulus
SO4718,Conyza canadensis,0,Conyza
SO4718,Cotoneaster salicifolius,0,Cotoneaster
SO4718,Crataegus monogyna,0,Crataegus
SO4718,Crepis capillaris,0,Crepis
SO4718,Crepis vesicaria,0,Crepis
SO4718,Cruciata laevipes,0,Cruciata
SO4718,Cytisus scoparius,0,Cytisus
SO4718,Dactylorhiza fuchsii,0,Dactylorhiza
SO4718,Dactylorhiza maculata,0,Dactylorhiza
SO4718,Daucus carota,0,Daucus
SO4718,Digitalis ferruginea,0,Digitalis
SO4718,Digitalis grandiflora,0,Digitalis
SO4718,Digitalis purpurea,0,Digitalis
SO4718,Dioscorea communis,0,Dioscorea
SO4718,Doronicum plantagineum,0,Doronicum
SO4718,Drosera anglica,0,Drosera
SO4718,Drosera rotundifolia,0,Drosera
SO4718,Dryas octopetala,0,Dryas
SO4718,Epilobium hirsutum,0,Epilobium
SO4718,Epilobium montanum,0,Epilobium
SO4718,Epilobium obscurum,0,Epilobium
SO4718,Epilobium palustre,0,Epilobium
SO4718,Epilobium parviflorum,0,Epilobium
SO4718,Epilobium roseum,0,Epilobium
SO4718,Epilobium tetragonum,0,Epilobium
SO4718,Erica cinerea,0,Erica
SO4718,Erica tetralix,0,Erica
SO4718,Eriophorum vaginatum,0,Eriophorum
SO4718,Eupatorium cannabinum,0,Eupatorium
SO4718,Euphorbia exigua,0,Euphorbia
SO4718,Euphorbia helioscopia,0,Euphorbia
SO4718,Euphrasia officinalis,0,Euphrasia
SO4718,Fagopyrum esculentum,0,Fagopyrum
SO4718,Fallopia convolvulus,0,Fallopia
SO4718,Filipendula ulmaria,0,Filipendula
SO4718,Fumaria officinalis,0,Fumaria
SO4718,Galeopsis speciosa,0,Galeopsis
SO4718,Galeopsis tetrahit,0,Galeopsis
SO4718,Galium aparine,0,Galium
SO4718,Galium mollugo,0,Galium
SO4718,Galium odoratum,0,Galium
SO4718,Galium palustre,0,Galium
SO4718,Galium saxatile,0,Galium
SO4718,Galium verum,0,Galium
SO4718,Genista anglica,0,Genista
SO4718,Geranium dissectum,0,Geranium
SO4718,Geranium molle,0,Geranium
SO4718,Geranium nodosum,0,Geranium
SO4718,Geranium pratense,0,Geranium
SO4718,Geranium pyrenaicum,0,Geranium
SO4718,Geranium robertianum,0,Geranium
SO4718,Geum urbanum,0,Geum
SO4718,Glechoma hederacea,0,Glechoma
SO4718,Hedera helix,0,Hedera
SO4718,Helianthus annuus,0,Helianthus
SO4718,Heracleum mantegazzianum,0,Heracleum
SO4718,Heracleum sphondylium,0,Heracleum
SO4718,Hippocrepis comosa,0,Hippocrepis
SO4718,Hordeum vulgare,0,Hordeum
SO4718,Hyacinthoides non,0,Hyacinthoides
SO4718,Hypericum forrestii,0,Hypericum
SO4718,Hypericum perforatum,0,Hypericum
SO4718,Hypericum pulchrum,0,Hypericum
SO4718,Hypericum tetrapterum,0,Hypericum
SO4718,Hypochaeris radicata,0,Hypochaeris
SO4718,Ilex aquifolium,0,Ilex
SO4718,Impatiens glandulifera,0,Impatiens
SO4718,Impatiens parviflora,0,Impatiens
SO4718,Iris pseudacorus,0,Iris
SO4718,Jacobaea erucifolia,0,Jacobaea
SO4718,Jacobaea vulgaris,0,Jacobaea
SO4718,Jasione montana,0,Jasione
SO4718,Juncus conglomeratus,44,Juncus
SO4718,Juncus effusus,287,Juncus
SO4718,Knautia arvensis,0,Knautia
SO4718,Lactuca serriola,0,Lactuca
SO4718,Lamium album,0,Lamium
SO4718,Lamium galeobdolon,0,Lamium
SO4718,Lamium purpureum,0,Lamium
SO4718,Lapsana communis,0,Lapsana
SO4718,Lathyrus aphaca,0,Lathyrus
SO4718,Lathyrus linifolius,0,Lathyrus
SO4718,Lathyrus pratensis,20,Lathyrus
SO4718,Leontodon hispidus,0,Leontodon
SO4718,Leontodon saxatilis,0,Leontodon
SO4718,Leucanthemum vulgare,0,Leucanthemum
SO4718,Ligusticum scoticum,0,Ligusticum
SO4718,Limonium vulgare,0,Limonium
SO4718,Linaria vulgaris,0,Linaria
SO4718,Linum catharticum,0,Linum
SO4718,Linum usitatissimum,0,Linum
SO4718,Lonicera caprifolium,0,Lonicera
SO4718,Lonicera periclymenum,0,Lonicera
SO4718,Lotus angustissimus,0,Lotus
SO4718,Lotus corniculatus,581,Lotus
SO4718,Lotus pedunculatus,0,Lotus
SO4718,Lotus subbiflorus,0,Lotus
SO4718,Luzula campestris,0,Luzula
SO4718,Lysimachia nemorum,0,Lysimachia
SO4718,Lysimachia punctata,0,Lysimachia
SO4718,Lysimachia vulgaris,0,Lysimachia
SO4718,Lythrum alatum,0,Lythrum
SO4718,Lythrum salicaria,0,Lythrum
SO4718,Malva sylvestris,0,Malva
SO4718,Matricaria chamomilla,0,Matricaria
SO4718,Matricaria discoidea,0,Matricaria
SO4718,Medicago lupulina,10,Medicago
SO4718,Melampyrum pratense,0,Melampyrum
SO4718,Mentha aquatica,0,Mentha
SO4718,Mentha arvensis,0,Mentha
SO4718,Mercurialis perennis,0,Mercurialis
SO4718,Myosotis arvensis,0,Myosotis
SO4718,Myosotis discolor,0,Myosotis
SO4718,Myosotis sylvatica,0,Myosotis
SO4718,Narthecium ossifragum,0,Narthecium
SO4718,Odontites vernus,0,Odontites
SO4718,Oenanthe crocata,0,Oenanthe
SO4718,Origanum vulgare,0,Origanum
SO4718,Ornithopus perpusillus,0,Ornithopus
SO4718,Oxalis acetosella,0,Oxalis
SO4718,Panicum miliaceum,0,Panicum
SO4718,Papaver rhoeas,0,Papaver
SO4718,Pedicularis sylvatica,0,Pedicularis
SO4718,Persicaria amplexicaulis,0,Persicaria
SO4718,Persicaria bistorta,0,Persicaria
SO4718,Persicaria hydropiper,0,Persicaria
SO4718,Persicaria lapathifolia,0,Persicaria
SO4718,Persicaria maculosa,0,Persicaria
SO4718,Peucedanum ostruthium,0,Peucedanum
SO4718,Picris echioides,0,Picris
SO4718,Picris hieracioides,0,Picris
SO4718,Pilosella officinarum,0,Pilosella
SO4718,Pimpinella saxifraga,0,Pimpinella
SO4718,Pinguicula vulgaris,0,Pinguicula
SO4718,Plantago lanceolata,83,Plantago
SO4718,Plantago major,0,Plantago
SO4718,Plantago maritima,0,Plantago
SO4718,Poa annua,0,Poa
SO4718,Polygala serpyllifolia,0,Polygala
SO4718,Polygala vulgaris,0,Polygala
SO4718,Polygonum aviculare,0,Polygonum
SO4718,Potentilla anglica,0,Potentilla
SO4718,Potentilla anserina,0,Potentilla
SO4718,Potentilla erecta,0,Potentilla
SO4718,Potentilla recta,0,Potentilla
SO4718,Potentilla reptans,0,Potentilla
SO4718,Prunella vulgaris,4,Prunella
SO4718,Prunus spinosa,0,Prunus
SO4718,Pulicaria dysenterica,0,Pulicaria
SO4718,Ranunculus acris,867,Ranunculus
SO4718,Ranunculus bulbosus,0,Ranunculus
SO4718,Ranunculus ficaria,0,Ranunculus
SO4718,Ranunculus flammula,0,Ranunculus
SO4718,Ranunculus repens,485,Ranunculus
SO4718,Ranunculus sardous,0,Ranunculus
SO4718,Raphanus raphanistrum,0,Raphanus
SO4718,Raphanus sativus,0,Raphanus
SO4718,Rhinanthus minor,0,Rhinanthus
SO4718,Rosa arvensis,0,Rosa
SO4718,Rosa canina,0,Rosa
SO4718,Rubus caesius,0,Rubus
SO4718,Rubus fruticosus,0,Rubus
SO4718,Rubus idaeus,0,Rubus
SO4718,Rumex acetosa,14,Rumex
SO4718,Rumex acetosella,0,Rumex
SO4718,Rumex crispus,0,Rumex
SO4718,Rumex obtusifolius,0,Rumex
SO4718,Rumex sanguineus,0,Rumex
SO4718,Sagina saginoides,0,Sagina
SO4718,Sambucus nigra,0,Sambucus
SO4718,Sanguisorba officinalis,0,Sanguisorba
SO4718,Scorzoneroides autumnalis,4,Scorzoneroides
SO4718,Scrophularia auriculata,0,Scrophularia
SO4718,Scrophularia nodosa,0,Scrophularia
SO4718,Sedum anglicum,0,Sedum
SO4718,Senecio erucifolius,0,Senecio
SO4718,Senecio jacobaea,0,Senecio
SO4718,Senecio vulgaris,0,Senecio
SO4718,Sherardia arvensis,0,Sherardia
SO4718,Silene dioica,0,Silene
SO4718,Silene latifolia,0,Silene
SO4718,Silybum marianum,0,Silybum
SO4718,Sinapis alba,0,Sinapis
SO4718,Sinapis arvensis,0,Sinapis
SO4718,Sisymbrium officinale,0,Sisymbrium
SO4718,Solanum dulcamara,0,Solanum
SO4718,Solanum nigrum,0,Solanum
SO4718,Solanum tuberosum,0,Solanum
SO4718,Sonchus arvensis,0,Sonchus
SO4718,Sonchus asper,0,Sonchus
SO4718,Sonchus oleraceus,0,Sonchus
SO4718,Sorbus aucuparia,0,Sorbus
SO4718,Spergula arvensis,0,Spergula
SO4718,Spergularia media,0,Spergularia
SO4718,Stachys arvensis,0,Stachys
SO4718,Stachys palustris,0,Stachys
SO4718,Stachys sylvatica,0,Stachys
SO4718,Stellaria alsine,0,Stellaria
SO4718,Stellaria graminea,616,Stellaria
SO4718,Stellaria holostea,0,Stellaria
SO4718,Stellaria media,0,Stellaria
SO4718,Suaeda maritima,0,Suaeda
SO4718,Succisa pratensis,0,Succisa
SO4718,Symphytum officinale,0,Symphytum
SO4718,Taraxacum agg,0,Taraxacum
SO4718,Taraxacum officinale,1,Taraxacum
SO4718,Teucrium scorodonia,0,Teucrium
SO4718,Thlaspi arvense,0,Thlaspi
SO4718,Thymus polytrichus,0,Thymus
SO4718,Thymus vulgaris,0,Thymus
SO4718,Torilis japonica,0,Torilis
SO4718,Tragopogon pratensis,2,Tragopogon
SO4718,Trientalis europaea,0,Trientalis
SO4718,Trifolium arvense,0,Trifolium
SO4718,Trifolium campestre,0,Trifolium
SO4718,Trifolium constantinopolitanum,0,Trifolium
SO4718,Trifolium dubium,0,Trifolium
SO4718,Trifolium pratense,227,Trifolium
SO4718,Trifolium repens,264,Trifolium
SO4718,Tripleurospermum inodorum,0,Tripleurospermum
SO4718,Tripleurospermum maritimum,0,Tripleurospermum
SO4718,Turgenia latifolia,0,Turgenia
SO4718,Ulex europaeus,0,Ulex
SO4718,Ulex gallii,0,Ulex
SO4718,Urtica dioica,0,Urtica
SO4718,Vaccinium myrtillus,0,Vaccinium
SO4718,Vaccinium oxycoccos,0,Vaccinium
SO4718,Vaccinium vitis,0,Vaccinium
SO4718,Valeriana dioica,0,Valeriana
SO4718,Valeriana officinalis,0,Valeriana
SO4718,Verbena officinalis,0,Verbena
SO4718,Verbena x,0,Verbena
SO4718,Veronica agrestis,0,Veronica
SO4718,Veronica arvensis,0,Veronica
SO4718,Veronica beccabunga,0,Veronica
SO4718,Veronica chamaedrys,0,Veronica
SO4718,Veronica hederifolia,0,Veronica
SO4718,Veronica montana,0,Veronica
SO4718,Veronica officinalis,0,Veronica
SO4718,Veronica persica,0,Veronica
SO4718,Veronica polita,0,Veronica
SO4718,Veronica serpyllifolia,0,Veronica
SO4718,Vicia benghalensis,0,Vicia
SO4718,Vicia cracca,0,Vicia
SO4718,Vicia faba,0,Vicia
SO4718,Vicia hirsuta,0,Vicia
SO4718,Vicia lutea,0,Vicia
SO4718,Vicia sativa,2,Vicia
SO4718,Vicia sepium,0,Vicia
SO4718,Vicia spp,4,Vicia
SO4718,Vicia tetrasperma,0,Vicia
SO4718,Viola arvensis,0,Viola
SO4718,Viola canina,0,Viola
SO4718,Viola palustris,0,Viola
SO4718,Viola riviniana,0,Viola
SO4718,Zea mays,0,Zea
SO6087,Acer pseudoplatanus,0,Acer
SO6087,Achillea millefolium,0,Achillea
SO6087,Achillea ptarmica,0,Achillea
SO6087,Aegopodium podagraria,0,Aegopodium
SO6087,Aethusa cynapium,0,Aethusa
SO6087,Ajuga reptans,0,Ajuga
SO6087,Alliaria petiolata,0,Alliaria
SO6087,Alnus glutinosa,0,Alnus
SO6087,Anagallis arvensis,0,Anagallis
SO6087,Anchusa arvensis,0,Anchusa
SO6087,Anemone nemorosa,0,Anemone
SO6087,Angelica sylvestris,0,Angelica
SO6087,Anthemis cotula,0,Anthemis
SO6087,Anthriscus caucalis,0,Anthriscus
SO6087,Anthriscus sylvestris,0,Anthriscus
SO6087,Apium nodiflorum,0,Apium
SO6087,Armeria maritima,0,Armeria
SO6087,Artemisia absinthium,0,Artemisia
SO6087,Artemisia annua,0,Artemisia
SO6087,Artemisia vulgaris,0,Artemisia
SO6087,Aster tripolium,0,Aster
SO6087,Atriplex patula,0,Atriplex
SO6087,Atriplex portulacoides,0,Atriplex
SO6087,Ballota nigra,0,Ballota
SO6087,Barbarea vulgaris,0,Barbarea
SO6087,Bellis perennis,0,Bellis
SO6087,Berula erecta,0,Berula
SO6087,Brassica napus,0,Brassica
SO6087,Brassica oleracea,0,Brassica
SO6087,Brassica rapa,0,Brassica
SO6087,Bryonia dioica,0,Bryonia
SO6087,Buddleja davidii,0,Buddleja
SO6087,Bupleurum tenuissimum,0,Bupleurum
SO6087,Calluna vulgaris,0,Calluna
SO6087,Caltha palustris,0,Caltha
SO6087,Calystegia sepium,0,Calystegia
SO6087,Campanula rotundifolia,0,Campanula
SO6087,Capsella bursa,0,Capsella
SO6087,Cardamine flexuosa,0,Cardamine
SO6087,Cardamine hirsuta,0,Cardamine
SO6087,Cardamine pratensis,0,Cardamine
SO6087,Carduus nutans,0,Carduus
SO6087,Carum verticillatum,0,Carum
SO6087,Centaurea cyanus,0,Centaurea
SO6087,Centaurea nigra,0,Centaurea
SO6087,Centaurea scabiosa,0,Centaurea
SO6087,Centaurium erythraea,0,Centaurium
SO6087,Cerastium arvense,0,Cerastium
SO6087,Cerastium fontanum,82,Cerastium
SO6087,Cerastium glomeratum,0,Cerastium
SO6087,Ceratocapnos claviculata,0,Ceratocapnos
SO6087,Chaerophyllum temulum,0,Chaerophyllum
SO6087,Chamaemelum nobile,0,Chamaemelum
SO6087,Chamerion angustifolium,5,Chamerion
SO6087,Chenopodium album,0,Chenopodium
SO6087,Chenopodium ficifolium,0,Chenopodium
SO6087,Chenopodium quinoa,0,Chenopodium
SO6087,Cichorium intybus,0,Cichorium
SO6087,Circaea lutetiana,0,Circaea
SO6087,Cirsium arvense,0,Cirsium
SO6087,Cirsium eriophorum,0,Cirsium
SO6087,Cirsium palustre,0,Cirsium
SO6087,Cirsium vulgare,0,Cirsium
SO6087,Clematis vitalba,0,Clematis
SO6087,Clinopodium vulgare,0,Clinopodium
SO6087,Conium maculatum,0,Conium
SO6087,Conopodium majus,0,Conopodium
SO6087,Convolvulus arvensis,0,Convolvulus
SO6087,Conyza canadensis,0,Conyza
SO6087,Cotoneaster salicifolius,0,Cotoneaster
SO6087,Crataegus monogyna,15,Crataegus
SO6087,Crepis capillaris,0,Crepis
SO6087,Crepis vesicaria,0,Crepis
SO6087,Cruciata laevipes,0,Cruciata
SO6087,Cytisus scoparius,0,Cytisus
SO6087,Dactylorhiza fuchsii,0,Dactylorhiza
SO6087,Dactylorhiza maculata,0,Dactylorhiza
SO6087,Daucus carota,0,Daucus
SO6087,Digitalis ferruginea,0,Digitalis
SO6087,Digitalis grandiflora,0,Digitalis
SO6087,Digitalis purpurea,0,Digitalis
SO6087,Dioscorea communis,0,Dioscorea
SO6087,Doronicum plantagineum,0,Doronicum
SO6087,Drosera anglica,0,Drosera
SO6087,Drosera rotundifolia,0,Drosera
SO6087,Dryas octopetala,0,Dryas
SO6087,Epilobium hirsutum,0,Epilobium
SO6087,Epilobium montanum,0,Epilobium
SO6087,Epilobium obscurum,0,Epilobium
SO6087,Epilobium palustre,0,Epilobium
SO6087,Epilobium parviflorum,0,Epilobium
SO6087,Epilobium roseum,0,Epilobium
SO6087,Epilobium tetragonum,0,Epilobium
SO6087,Erica cinerea,0,Erica
SO6087,Erica tetralix,0,Erica
SO6087,Eriophorum vaginatum,0,Eriophorum
SO6087,Eupatorium cannabinum,0,Eupatorium
SO6087,Euphorbia exigua,0,Euphorbia
SO6087,Euphorbia helioscopia,0,Euphorbia
SO6087,Euphrasia officinalis,0,Euphrasia
SO6087,Fagopyrum esculentum,0,Fagopyrum
SO6087,Fallopia convolvulus,0,Fallopia
SO6087,Filipendula ulmaria,0,Filipendula
SO6087,Fumaria officinalis,0,Fumaria
SO6087,Galeopsis speciosa,0,Galeopsis
SO6087,Galeopsis tetrahit,0,Galeopsis
SO6087,Galium aparine,0,Galium
SO6087,Galium mollugo,0,Galium
SO6087,Galium odoratum,0,Galium
SO6087,Galium palustre,0,Galium
SO6087,Galium saxatile,0,Galium
SO6087,Galium verum,0,Galium
SO6087,Genista anglica,0,Genista
SO6087,Geranium dissectum,0,Geranium
SO6087,Geranium molle,0,Geranium
SO6087,Geranium nodosum,0,Geranium
SO6087,Geranium pratense,0,Geranium
SO6087,Geranium pyrenaicum,0,Geranium
SO6087,Geranium robertianum,0,Geranium
SO6087,Geum urbanum,0,Geum
SO6087,Glechoma hederacea,0,Glechoma
SO6087,Hedera helix,0,Hedera
SO6087,Helianthus annuus,0,Helianthus
SO6087,Heracleum mantegazzianum,0,Heracleum
SO6087,Heracleum sphondylium,3,Heracleum
SO6087,Hippocrepis comosa,0,Hippocrepis
SO6087,Hordeum vulgare,0,Hordeum
SO6087,Hyacinthoides non,4,Hyacinthoides
SO6087,Hypericum forrestii,0,Hypericum
SO6087,Hypericum perforatum,0,Hypericum
SO6087,Hypericum pulchrum,0,Hypericum
SO6087,Hypericum tetrapterum,0,Hypericum
SO6087,Hypochaeris radicata,0,Hypochaeris
SO6087,Ilex aquifolium,0,Ilex
SO6087,Impatiens glandulifera,0,Impatiens
SO6087,Impatiens parviflora,0,Impatiens
SO6087,Iris pseudacorus,0,Iris
SO6087,Jacobaea erucifolia,0,Jacobaea
SO6087,Jacobaea vulgaris,0,Jacobaea
SO6087,Jasione montana,0,Jasione
SO6087,Juncus conglomeratus,0,Juncus
SO6087,Juncus effusus,0,Juncus
SO6087,Knautia arvensis,0,Knautia
SO6087,Lactuca serriola,0,Lactuca
SO6087,Lamium album,0,Lamium
SO6087,Lamium galeobdolon,0,Lamium
SO6087,Lamium purpureum,0,Lamium
SO6087,Lapsana communis,25,Lapsana
SO6087,Lathyrus aphaca,0,Lathyrus
SO6087,Lathyrus linifolius,0,Lathyrus
SO6087,Lathyrus pratensis,0,Lathyrus
SO6087,Leontodon hispidus,0,Leontodon
SO6087,Leontodon saxatilis,0,Leontodon
SO6087,Leucanthemum vulgare,0,Leucanthemum
SO6087,Ligusticum scoticum,0,Ligusticum
SO6087,Limonium vulgare,0,Limonium
SO6087,Linaria vulgaris,0,Linaria
SO6087,Linum catharticum,0,Linum
SO6087,Linum usitatissimum,0,Linum
SO6087,Lonicera caprifolium,0,Lonicera
SO6087,Lonicera periclymenum,25,Lonicera
SO6087,Lotus angustissimus,0,Lotus
SO6087,Lotus corniculatus,97,Lotus
SO6087,Lotus pedunculatus,0,Lotus
SO6087,Lotus subbiflorus,0,Lotus
SO6087,Luzula campestris,12,Luzula
SO6087,Lysimachia nemorum,0,Lysimachia
SO6087,Lysimachia punctata,0,Lysimachia
SO6087,Lysimachia vulgaris,0,Lysimachia
SO6087,Lythrum alatum,0,Lythrum
SO6087,Lythrum salicaria,0,Lythrum
SO6087,Malva sylvestris,0,Malva
SO6087,Matricaria chamomilla,0,Matricaria
SO6087,Matricaria discoidea,0,Matricaria
SO6087,Medicago lupulina,0,Medicago
SO6087,Melampyrum pratense,0,Melampyrum
SO6087,Mentha aquatica,0,Mentha
SO6087,Mentha arvensis,0,Mentha
SO6087,Mercurialis perennis,0,Mercurialis
SO6087,Myosotis arvensis,0,Myosotis
SO6087,Myosotis discolor,0,Myosotis
SO6087,Myosotis sylvatica,0,Myosotis
SO6087,Narthecium ossifragum,0,Narthecium
SO6087,Odontites vernus,0,Odontites
SO6087,Oenanthe crocata,0,Oenanthe
SO6087,Origanum vulgare,0,Origanum
SO6087,Ornithopus perpusillus,0,Ornithopus
SO6087,Oxalis acetosella,0,Oxalis
SO6087,Panicum miliaceum,0,Panicum
SO6087,Papaver rhoeas,0,Papaver
SO6087,Pedicularis sylvatica,0,Pedicularis
SO6087,Persicaria amplexicaulis,0,Persicaria
SO6087,Persicaria bistorta,0,Persicaria
SO6087,Persicaria hydropiper,0,Persicaria
SO6087,Persicaria lapathifolia,0,Persicaria
SO6087,Persicaria maculosa,0,Persicaria
SO6087,Peucedanum ostruthium,0,Peucedanum
SO6087,Picris echioides,0,Picris
SO6087,Picris hieracioides,0,Picris
SO6087,Pilosella officinarum,0,Pilosella
SO6087,Pimpinella saxifraga,0,Pimpinella
SO6087,Pinguicula vulgaris,0,Pinguicula
SO6087,Plantago lanceolata,0,Plantago
SO6087,Plantago major,0,Plantago
SO6087,Plantago maritima,0,Plantago
SO6087,Poa annua,0,Poa
SO6087,Polygala serpyllifolia,0,Polygala
SO6087,Polygala vulgaris,0,Polygala
SO6087,Polygonum aviculare,0,Polygonum
SO6087,Potentilla anglica,0,Potentilla
SO6087,Potentilla anserina,0,Potentilla
SO6087,Potentilla erecta,9,Potentilla
SO6087,Potentilla recta,0,Potentilla
SO6087,Potentilla reptans,0,Potentilla
SO6087,Prunella vulgaris,0,Prunella
SO6087,Prunus spinosa,0,Prunus
SO6087,Pulicaria dysenterica,0,Pulicaria
SO6087,Ranunculus acris,0,Ranunculus
SO6087,Ranunculus bulbosus,0,Ranunculus
SO6087,Ranunculus ficaria,6,Ranunculus
SO6087,Ranunculus flammula,0,Ranunculus
SO6087,Ranunculus repens,0,Ranunculus
SO6087,Ranunculus sardous,0,Ranunculus
SO6087,Raphanus raphanistrum,0,Raphanus
SO6087,Raphanus sativus,0,Raphanus
SO6087,Rhinanthus minor,0,Rhinanthus
SO6087,Rosa arvensis,0,Rosa
SO6087,Rosa canina,0,Rosa
SO6087,Rubus caesius,0,Rubus
SO6087,Rubus fruticosus,79,Rubus
SO6087,Rubus idaeus,0,Rubus
SO6087,Rumex acetosa,0,Rumex
SO6087,Rumex acetosella,0,Rumex
SO6087,Rumex crispus,0,Rumex
SO6087,Rumex obtusifolius,0,Rumex
SO6087,Rumex sanguineus,0,Rumex
SO6087,Sagina saginoides,0,Sagina
SO6087,Sambucus nigra,0,Sambucus
SO6087,Sanguisorba officinalis,0,Sanguisorba
SO6087,Scorzoneroides autumnalis,0,Scorzoneroides
SO6087,Scrophularia auriculata,0,Scrophularia
SO6087,Scrophularia nodosa,0,Scrophularia
SO6087,Sedum anglicum,0,Sedum
SO6087,Senecio erucifolius,0,Senecio
SO6087,Senecio jacobaea,0,Senecio
SO6087,Senecio vulgaris,0,Senecio
SO6087,Sherardia arvensis,0,Sherardia
SO6087,Silene dioica,3,Silene
SO6087,Silene latifolia,0,Silene
SO6087,Silybum marianum,0,Silybum
SO6087,Sinapis alba,0,Sinapis
SO6087,Sinapis arvensis,0,Sinapis
SO6087,Sisymbrium officinale,0,Sisymbrium
SO6087,Solanum dulcamara,0,Solanum
SO6087,Solanum nigrum,0,Solanum
SO6087,Solanum tuberosum,0,Solanum
SO6087,Sonchus arvensis,0,Sonchus
SO6087,Sonchus asper,0,Sonchus
SO6087,Sonchus oleraceus,0,Sonchus
SO6087,Sorbus aucuparia,0,Sorbus
SO6087,Spergula arvensis,0,Spergula
SO6087,Spergularia media,0,Spergularia
SO6087,Stachys arvensis,0,Stachys
SO6087,Stachys palustris,0,Stachys
SO6087,Stachys sylvatica,0,Stachys
SO6087,Stellaria alsine,0,Stellaria
SO6087,Stellaria graminea,0,Stellaria
SO6087,Stellaria holostea,0,Stellaria
SO6087,Stellaria media,0,Stellaria
SO6087,Suaeda maritima,0,Suaeda
SO6087,Succisa pratensis,0,Succisa
SO6087,Symphytum officinale,0,Symphytum
SO6087,Taraxacum agg,0,Taraxacum
SO6087,Taraxacum officinale,0,Taraxacum
SO6087,Teucrium scorodonia,0,Teucrium
SO6087,Thlaspi arvense,0,Thlaspi
SO6087,Thymus polytrichus,0,Thymus
SO6087,Thymus vulgaris,0,Thymus
SO6087,Torilis japonica,0,Torilis
SO6087,Tragopogon pratensis,0,Tragopogon
SO6087,Trientalis europaea,0,Trientalis
SO6087,Trifolium arvense,0,Trifolium
SO6087,Trifolium campestre,0,Trifolium
SO6087,Trifolium constantinopolitanum,0,Trifolium
SO6087,Trifolium dubium,0,Trifolium
SO6087,Trifolium pratense,0,Trifolium
SO6087,Trifolium repens,141,Trifolium
SO6087,Tripleurospermum inodorum,0,Tripleurospermum
SO6087,Tripleurospermum maritimum,0,Tripleurospermum
SO6087,Turgenia latifolia,0,Turgenia
SO6087,Ulex europaeus,0,Ulex
SO6087,Ulex gallii,0,Ulex
SO6087,Urtica dioica,425,Urtica
SO6087,Vaccinium myrtillus,0,Vaccinium
SO6087,Vaccinium oxycoccos,0,Vaccinium
SO6087,Vaccinium vitis,0,Vaccinium
SO6087,Valeriana dioica,0,Valeriana
SO6087,Valeriana officinalis,0,Valeriana
SO6087,Verbena officinalis,0,Verbena
SO6087,Verbena x,0,Verbena
SO6087,Veronica agrestis,0,Veronica
SO6087,Veronica arvensis,0,Veronica
SO6087,Veronica beccabunga,0,Veronica
SO6087,Veronica chamaedrys,1,Veronica
SO6087,Veronica hederifolia,0,Veronica
SO6087,Veronica montana,0,Veronica
SO6087,Veronica officinalis,0,Veronica
SO6087,Veronica persica,0,Veronica
SO6087,Veronica polita,0,Veronica
SO6087,Veronica serpyllifolia,0,Veronica
SO6087,Vicia benghalensis,0,Vicia
SO6087,Vicia cracca,0,Vicia
SO6087,Vicia faba,0,Vicia
SO6087,Vicia hirsuta,0,Vicia
SO6087,Vicia lutea,0,Vicia
SO6087,Vicia sativa,0,Vicia
SO6087,Vicia sepium,0,Vicia
SO6087,Vicia spp,0,Vicia
SO6087,Vicia tetrasperma,0,Vicia
SO6087,Viola arvensis,0,Viola
SO6087,Viola canina,0,Viola
SO6087,Viola palustris,0,Viola
SO6087,Viola riviniana,0,Viola
SO6087,Zea mays,0,Zea
SO8911,Acer pseudoplatanus,20,Acer
SO8911,Achillea millefolium,0,Achillea
SO8911,Achillea ptarmica,0,Achillea
SO8911,Aegopodium podagraria,0,Aegopodium
SO8911,Aethusa cynapium,0,Aethusa
SO8911,Ajuga reptans,0,Ajuga
SO8911,Alliaria petiolata,0,Alliaria
SO8911,Alnus glutinosa,0,Alnus
SO8911,Anagallis arvensis,0,Anagallis
SO8911,Anchusa arvensis,0,Anchusa
SO8911,Anemone nemorosa,0,Anemone
SO8911,Angelica sylvestris,0,Angelica
SO8911,Anthemis cotula,0,Anthemis
SO8911,Anthriscus caucalis,0,Anthriscus
SO8911,Anthriscus sylvestris,252,Anthriscus
SO8911,Apium nodiflorum,0,Apium
SO8911,Armeria maritima,0,Armeria
SO8911,Artemisia absinthium,0,Artemisia
SO8911,Artemisia annua,0,Artemisia
SO8911,Artemisia vulgaris,0,Artemisia
SO8911,Aster tripolium,0,Aster
SO8911,Atriplex patula,0,Atriplex
SO8911,Atriplex portulacoides,0,Atriplex
SO8911,Ballota nigra,0,Ballota
SO8911,Barbarea vulgaris,0,Barbarea
SO8911,Bellis perennis,9,Bellis
SO8911,Berula erecta,0,Berula
SO8911,Brassica napus,0,Brassica
SO8911,Brassica oleracea,0,Brassica
SO8911,Brassica rapa,0,Brassica
SO8911,Bryonia dioica,0,Bryonia
SO8911,Buddleja davidii,0,Buddleja
SO8911,Bupleurum tenuissimum,0,Bupleurum
SO8911,Calluna vulgaris,0,Calluna
SO8911,Caltha palustris,0,Caltha
SO8911,Calystegia sepium,1,Calystegia
SO8911,Campanula rotundifolia,0,Campanula
SO8911,Capsella bursa,0,Capsella
SO8911,Cardamine flexuosa,0,Cardamine
SO8911,Cardamine hirsuta,0,Cardamine
SO8911,Cardamine pratensis,0,Cardamine
SO8911,Carduus nutans,0,Carduus
SO8911,Carum verticillatum,0,Carum
SO8911,Centaurea cyanus,0,Centaurea
SO8911,Centaurea nigra,5,Centaurea
SO8911,Centaurea scabiosa,0,Centaurea
SO8911,Centaurium erythraea,0,Centaurium
SO8911,Cerastium arvense,0,Cerastium
SO8911,Cerastium fontanum,12,Cerastium
SO8911,Cerastium glomeratum,0,Cerastium
SO8911,Ceratocapnos claviculata,0,Ceratocapnos
SO8911,Chaerophyllum temulum,0,Chaerophyllum
SO8911,Chamaemelum nobile,0,Chamaemelum
SO8911,Chamerion angustifolium,0,Chamerion
SO8911,Chenopodium album,0,Chenopodium
SO8911,Chenopodium ficifolium,0,Chenopodium
SO8911,Chenopodium quinoa,0,Chenopodium
SO8911,Cichorium intybus,0,Cichorium
SO8911,Circaea lutetiana,0,Circaea
SO8911,Cirsium arvense,38,Cirsium
SO8911,Cirsium eriophorum,0,Cirsium
SO8911,Cirsium palustre,0,Cirsium
SO8911,Cirsium vulgare,5,Cirsium
SO8911,Clematis vitalba,0,Clematis
SO8911,Clinopodium vulgare,0,Clinopodium
SO8911,Conium maculatum,0,Conium
SO8911,Conopodium majus,6,Conopodium
SO8911,Convolvulus arvensis,32,Convolvulus
SO8911,Conyza canadensis,0,Conyza
SO8911,Cotoneaster salicifolius,0,Cotoneaster
SO8911,Crataegus monogyna,405,Crataegus
SO8911,Crepis capillaris,0,Crepis
SO8911,Crepis vesicaria,0,Crepis
SO8911,Cruciata laevipes,0,Cruciata
SO8911,Cytisus scoparius,0,Cytisus
SO8911,Dactylorhiza fuchsii,0,Dactylorhiza
SO8911,Dactylorhiza maculata,0,Dactylorhiza
SO8911,Daucus carota,0,Daucus
SO8911,Digitalis ferruginea,0,Digitalis
SO8911,Digitalis grandiflora,0,Digitalis
SO8911,Digitalis purpurea,0,Digitalis
SO8911,Dioscorea communis,60,Dioscorea
SO8911,Doronicum plantagineum,0,Doronicum
SO8911,Drosera anglica,0,Drosera
SO8911,Drosera rotundifolia,0,Drosera
SO8911,Dryas octopetala,0,Dryas
SO8911,Epilobium hirsutum,0,Epilobium
SO8911,Epilobium montanum,0,Epilobium
SO8911,Epilobium obscurum,0,Epilobium
SO8911,Epilobium palustre,0,Epilobium
SO8911,Epilobium parviflorum,0,Epilobium
SO8911,Epilobium roseum,0,Epilobium
SO8911,Epilobium tetragonum,0,Epilobium
SO8911,Erica cinerea,0,Erica
SO8911,Erica tetralix,0,Erica
SO8911,Eriophorum vaginatum,0,Eriophorum
SO8911,Eupatorium cannabinum,0,Eupatorium
SO8911,Euphorbia exigua,0,Euphorbia
SO8911,Euphorbia helioscopia,0,Euphorbia
SO8911,Euphrasia officinalis,0,Euphrasia
SO8911,Fagopyrum esculentum,0,Fagopyrum
SO8911,Fallopia convolvulus,0,Fallopia
SO8911,Filipendula ulmaria,0,Filipendula
SO8911,Fumaria officinalis,0,Fumaria
SO8911,Galeopsis speciosa,0,Galeopsis
SO8911,Galeopsis tetrahit,0,Galeopsis
SO8911,Galium aparine,355,Galium
SO8911,Galium mollugo,0,Galium
SO8911,Galium odoratum,57,Galium
SO8911,Galium palustre,0,Galium
SO8911,Galium saxatile,3,Galium
SO8911,Galium verum,40,Galium
SO8911,Genista anglica,0,Genista
SO8911,Geranium dissectum,21,Geranium
SO8911,Geranium molle,0,Geranium
SO8911,Geranium nodosum,0,Geranium
SO8911,Geranium pratense,0,Geranium
SO8911,Geranium pyrenaicum,0,Geranium
SO8911,Geranium robertianum,0,Geranium
SO8911,Geum urbanum,0,Geum
SO8911,Glechoma hederacea,126,Glechoma
SO8911,Hedera helix,0,Hedera
SO8911,Helianthus annuus,0,Helianthus
SO8911,Heracleum mantegazzianum,0,Heracleum
SO8911,Heracleum sphondylium,101,Heracleum
SO8911,Hippocrepis comosa,0,Hippocrepis
SO8911,Hordeum vulgare,0,Hordeum
SO8911,Hyacinthoides non,2,Hyacinthoides
SO8911,Hypericum forrestii,0,Hypericum
SO8911,Hypericum perforatum,0,Hypericum
SO8911,Hypericum pulchrum,0,Hypericum
SO8911,Hypericum tetrapterum,0,Hypericum
SO8911,Hypochaeris radicata,0,Hypochaeris
SO8911,Ilex aquifolium,0,Ilex
SO8911,Impatiens glandulifera,0,Impatiens
SO8911,Impatiens parviflora,0,Impatiens
SO8911,Iris pseudacorus,0,Iris
SO8911,Jacobaea erucifolia,0,Jacobaea
SO8911,Jacobaea vulgaris,0,Jacobaea
SO8911,Jasione montana,0,Jasione
SO8911,Juncus conglomeratus,0,Juncus
SO8911,Juncus effusus,0,Juncus
SO8911,Knautia arvensis,0,Knautia
SO8911,Lactuca serriola,0,Lactuca
SO8911,Lamium album,56,Lamium
SO8911,Lamium galeobdolon,0,Lamium
SO8911,Lamium purpureum,0,Lamium
SO8911,Lapsana communis,6,Lapsana
SO8911,Lathyrus aphaca,0,Lathyrus
SO8911,Lathyrus linifolius,0,Lathyrus
SO8911,Lathyrus pratensis,82,Lathyrus
SO8911,Leontodon hispidus,0,Leontodon
SO8911,Leontodon saxatilis,0,Leontodon
SO8911,Leucanthemum vulgare,0,Leucanthemum
SO8911,Ligusticum scoticum,0,Ligusticum
SO8911,Limonium vulgare,0,Limonium
SO8911,Linaria vulgaris,0,Linaria
SO8911,Linum catharticum,0,Linum
SO8911,Linum usitatissimum,0,Linum
SO8911,Lonicera caprifolium,0,Lonicera
SO8911,Lonicera periclymenum,0,Lonicera
SO8911,Lotus angustissimus,0,Lotus
SO8911,Lotus corniculatus,4,Lotus
SO8911,Lotus pedunculatus,0,Lotus
SO8911,Lotus subbiflorus,0,Lotus
SO8911,Luzula campestris,0,Luzula
SO8911,Lysimachia nemorum,0,Lysimachia
SO8911,Lysimachia punctata,0,Lysimachia
SO8911,Lysimachia vulgaris,0,Lysimachia
SO8911,Lythrum alatum,0,Lythrum
SO8911,Lythrum salicaria,0,Lythrum
SO8911,Malva sylvestris,0,Malva
SO8911,Matricaria chamomilla,0,Matricaria
SO8911,Matricaria discoidea,1,Matricaria
SO8911,Medicago lupulina,0,Medicago
SO8911,Melampyrum pratense,0,Melampyrum
SO8911,Mentha aquatica,0,Mentha
SO8911,Mentha arvensis,0,Mentha
SO8911,Mercurialis perennis,0,Mercurialis
SO8911,Myosotis arvensis,200,Myosotis
SO8911,Myosotis discolor,0,Myosotis
SO8911,Myosotis sylvatica,0,Myosotis
SO8911,Narthecium ossifragum,0,Narthecium
SO8911,Odontites vernus,0,Odontites
SO8911,Oenanthe crocata,0,Oenanthe
SO8911,Origanum vulgare,0,Origanum
SO8911,Ornithopus perpusillus,0,Ornithopus
SO8911,Oxalis acetosella,0,Oxalis
SO8911,Panicum miliaceum,0,Panicum
SO8911,Papaver rhoeas,0,Papaver
SO8911,Pedicularis sylvatica,0,Pedicularis
SO8911,Persicaria amplexicaulis,0,Persicaria
SO8911,Persicaria bistorta,0,Persicaria
SO8911,Persicaria hydropiper,0,Persicaria
SO8911,Persicaria lapathifolia,0,Persicaria
SO8911,Persicaria maculosa,0,Persicaria
SO8911,Peucedanum ostruthium,0,Peucedanum
SO8911,Picris echioides,0,Picris
SO8911,Picris hieracioides,0,Picris
SO8911,Pilosella officinarum,0,Pilosella
SO8911,Pimpinella saxifraga,0,Pimpinella
SO8911,Pinguicula vulgaris,0,Pinguicula
SO8911,Plantago lanceolata,0,Plantago
SO8911,Plantago major,0,Plantago
SO8911,Plantago maritima,0,Plantago
SO8911,Poa annua,0,Poa
SO8911,Polygala serpyllifolia,0,Polygala
SO8911,Polygala vulgaris,0,Polygala
SO8911,Polygonum aviculare,0,Polygonum
SO8911,Potentilla anglica,0,Potentilla
SO8911,Potentilla anserina,6,Potentilla
SO8911,Potentilla erecta,0,Potentilla
SO8911,Potentilla recta,0,Potentilla
SO8911,Potentilla reptans,0,Potentilla
SO8911,Prunella vulgaris,6,Prunella
SO8911,Prunus spinosa,0,Prunus
SO8911,Pulicaria dysenterica,0,Pulicaria
SO8911,Ranunculus acris,182,Ranunculus
SO8911,Ranunculus bulbosus,0,Ranunculus
SO8911,Ranunculus ficaria,0,Ranunculus
SO8911,Ranunculus flammula,0,Ranunculus
SO8911,Ranunculus repens,77,Ranunculus
SO8911,Ranunculus sardous,0,Ranunculus
SO8911,Raphanus raphanistrum,0,Raphanus
SO8911,Raphanus sativus,0,Raphanus
SO8911,Rhinanthus minor,1,Rhinanthus
SO8911,Rosa arvensis,0,Rosa
SO8911,Rosa canina,0,Rosa
SO8911,Rubus caesius,4,Rubus
SO8911,Rubus fruticosus,34,Rubus
SO8911,Rubus idaeus,0,Rubus
SO8911,Rumex acetosa,0,Rumex
SO8911,Rumex acetosella,0,Rumex
SO8911,Rumex crispus,0,Rumex
SO8911,Rumex obtusifolius,4,Rumex
SO8911,Rumex sanguineus,0,Rumex
SO8911,Sagina saginoides,0,Sagina
SO8911,Sambucus nigra,8,Sambucus
SO8911,Sanguisorba officinalis,0,Sanguisorba
SO8911,Scorzoneroides autumnalis,0,Scorzoneroides
SO8911,Scrophularia auriculata,0,Scrophularia
SO8911,Scrophularia nodosa,0,Scrophularia
SO8911,Sedum anglicum,0,Sedum
SO8911,Senecio erucifolius,0,Senecio
SO8911,Senecio jacobaea,0,Senecio
SO8911,Senecio vulgaris,0,Senecio
SO8911,Sherardia arvensis,0,Sherardia
SO8911,Silene dioica,38,Silene
SO8911,Silene latifolia,0,Silene
SO8911,Silybum marianum,2,Silybum
SO8911,Sinapis alba,0,Sinapis
SO8911,Sinapis arvensis,0,Sinapis
SO8911,Sisymbrium officinale,0,Sisymbrium
SO8911,Solanum dulcamara,0,Solanum
SO8911,Solanum nigrum,0,Solanum
SO8911,Solanum tuberosum,0,Solanum
SO8911,Sonchus arvensis,0,Sonchus
SO8911,Sonchus asper,0,Sonchus
SO8911,Sonchus oleraceus,0,Sonchus
SO8911,Sorbus aucuparia,0,Sorbus
SO8911,Spergula arvensis,0,Spergula
SO8911,Spergularia media,0,Spergularia
SO8911,Stachys arvensis,0,Stachys
SO8911,Stachys palustris,0,Stachys
SO8911,Stachys sylvatica,145,Stachys
SO8911,Stellaria alsine,0,Stellaria
SO8911,Stellaria graminea,0,Stellaria
SO8911,Stellaria holostea,0,Stellaria
SO8911,Stellaria media,0,Stellaria
SO8911,Suaeda maritima,0,Suaeda
SO8911,Succisa pratensis,0,Succisa
SO8911,Symphytum officinale,0,Symphytum
SO8911,Taraxacum agg,8,Taraxacum
SO8911,Taraxacum officinale,0,Taraxacum
SO8911,Teucrium scorodonia,0,Teucrium
SO8911,Thlaspi arvense,0,Thlaspi
SO8911,Thymus polytrichus,0,Thymus
SO8911,Thymus vulgaris,0,Thymus
SO8911,Torilis japonica,0,Torilis
SO8911,Tragopogon pratensis,6,Tragopogon
SO8911,Trientalis europaea,0,Trientalis
SO8911,Trifolium arvense,0,Trifolium
SO8911,Trifolium campestre,0,Trifolium
SO8911,Trifolium constantinopolitanum,0,Trifolium
SO8911,Trifolium dubium,0,Trifolium
SO8911,Trifolium pratense,74,Trifolium
SO8911,Trifolium repens,249,Trifolium
SO8911,Tripleurospermum inodorum,0,Tripleurospermum
SO8911,Tripleurospermum maritimum,0,Tripleurospermum
SO8911,Turgenia latifolia,0,Turgenia
SO8911,Ulex europaeus,0,Ulex
SO8911,Ulex gallii,0,Ulex
SO8911,Urtica dioica,386,Urtica
SO8911,Vaccinium myrtillus,0,Vaccinium
SO8911,Vaccinium oxycoccos,0,Vaccinium
SO8911,Vaccinium vitis,0,Vaccinium
SO8911,Valeriana dioica,0,Valeriana
SO8911,Valeriana officinalis,0,Valeriana
SO8911,Verbena officinalis,0,Verbena
SO8911,Verbena x,0,Verbena
SO8911,Veronica agrestis,0,Veronica
SO8911,Veronica arvensis,0,Veronica
SO8911,Veronica beccabunga,0,Veronica
SO8911,Veronica chamaedrys,0,Veronica
SO8911,Veronica hederifolia,0,Veronica
SO8911,Veronica montana,0,Veronica
SO8911,Veronica officinalis,0,Veronica
SO8911,Veronica persica,0,Veronica
SO8911,Veronica polita,0,Veronica
SO8911,Veronica serpyllifolia,0,Veronica
SO8911,Vicia benghalensis,0,Vicia
SO8911,Vicia cracca,0,Vicia
SO8911,Vicia faba,0,Vicia
SO8911,Vicia hirsuta,0,Vicia
SO8911,Vicia lutea,0,Vicia
SO8911,Vicia sativa,6,Vicia
SO8911,Vicia sepium,166,Vicia
SO8911,Vicia spp,0,Vicia
SO8911,Vicia tetrasperma,0,Vicia
SO8911,Viola arvensis,0,Viola
SO8911,Viola canina,0,Viola
SO8911,Viola palustris,0,Viola
SO8911,Viola riviniana,0,Viola
SO8911,Zea mays,0,Zea
SP1430,Acer pseudoplatanus,0,Acer
SP1430,Achillea millefolium,0,Achillea
SP1430,Achillea ptarmica,0,Achillea
SP1430,Aegopodium podagraria,0,Aegopodium
SP1430,Aethusa cynapium,0,Aethusa
SP1430,Ajuga reptans,0,Ajuga
SP1430,Alliaria petiolata,0,Alliaria
SP1430,Alnus glutinosa,0,Alnus
SP1430,Anagallis arvensis,5,Anagallis
SP1430,Anchusa arvensis,0,Anchusa
SP1430,Anemone nemorosa,0,Anemone
SP1430,Angelica sylvestris,0,Angelica
SP1430,Anthemis cotula,0,Anthemis
SP1430,Anthriscus caucalis,0,Anthriscus
SP1430,Anthriscus sylvestris,0,Anthriscus
SP1430,Apium nodiflorum,0,Apium
SP1430,Armeria maritima,0,Armeria
SP1430,Artemisia absinthium,0,Artemisia
SP1430,Artemisia annua,0,Artemisia
SP1430,Artemisia vulgaris,0,Artemisia
SP1430,Aster tripolium,0,Aster
SP1430,Atriplex patula,0,Atriplex
SP1430,Atriplex portulacoides,0,Atriplex
SP1430,Ballota nigra,0,Ballota
SP1430,Barbarea vulgaris,0,Barbarea
SP1430,Bellis perennis,0,Bellis
SP1430,Berula erecta,0,Berula
SP1430,Brassica napus,0,Brassica
SP1430,Brassica oleracea,0,Brassica
SP1430,Brassica rapa,0,Brassica
SP1430,Bryonia dioica,0,Bryonia
SP1430,Buddleja davidii,0,Buddleja
SP1430,Bupleurum tenuissimum,0,Bupleurum
SP1430,Calluna vulgaris,0,Calluna
SP1430,Caltha palustris,0,Caltha
SP1430,Calystegia sepium,0,Calystegia
SP1430,Campanula rotundifolia,0,Campanula
SP1430,Capsella bursa,0,Capsella
SP1430,Cardamine flexuosa,0,Cardamine
SP1430,Cardamine hirsuta,0,Cardamine
SP1430,Cardamine pratensis,0,Cardamine
SP1430,Carduus nutans,0,Carduus
SP1430,Carum verticillatum,0,Carum
SP1430,Centaurea cyanus,0,Centaurea
SP1430,Centaurea nigra,0,Centaurea
SP1430,Centaurea scabiosa,0,Centaurea
SP1430,Centaurium erythraea,0,Centaurium
SP1430,Cerastium arvense,0,Cerastium
SP1430,Cerastium fontanum,0,Cerastium
SP1430,Cerastium glomeratum,0,Cerastium
SP1430,Ceratocapnos claviculata,0,Ceratocapnos
SP1430,Chaerophyllum temulum,0,Chaerophyllum
SP1430,Chamaemelum nobile,0,Chamaemelum
SP1430,Chamerion angustifolium,0,Chamerion
SP1430,Chenopodium album,0,Chenopodium
SP1430,Chenopodium ficifolium,0,Chenopodium
SP1430,Chenopodium quinoa,0,Chenopodium
SP1430,Cichorium intybus,0,Cichorium
SP1430,Circaea lutetiana,65,Circaea
SP1430,Cirsium arvense,0,Cirsium
SP1430,Cirsium eriophorum,0,Cirsium
SP1430,Cirsium palustre,0,Cirsium
SP1430,Cirsium vulgare,0,Cirsium
SP1430,Clematis vitalba,16,Clematis
SP1430,Clinopodium vulgare,0,Clinopodium
SP1430,Conium maculatum,0,Conium
SP1430,Conopodium majus,0,Conopodium
SP1430,Convolvulus arvensis,0,Convolvulus
SP1430,Conyza canadensis,0,Conyza
SP1430,Cotoneaster salicifolius,0,Cotoneaster
SP1430,Crataegus monogyna,450,Crataegus
SP1430,Crepis capillaris,0,Crepis
SP1430,Crepis vesicaria,0,Crepis
SP1430,Cruciata laevipes,0,Cruciata
SP1430,Cytisus scoparius,0,Cytisus
SP1430,Dactylorhiza fuchsii,0,Dactylorhiza
SP1430,Dactylorhiza maculata,0,Dactylorhiza
SP1430,Daucus carota,0,Daucus
SP1430,Digitalis ferruginea,0,Digitalis
SP1430,Digitalis grandiflora,0,Digitalis
SP1430,Digitalis purpurea,0,Digitalis
SP1430,Dioscorea communis,0,Dioscorea
SP1430,Doronicum plantagineum,0,Doronicum
SP1430,Drosera anglica,0,Drosera
SP1430,Drosera rotundifolia,0,Drosera
SP1430,Dryas octopetala,0,Dryas
SP1430,Epilobium hirsutum,0,Epilobium
SP1430,Epilobium montanum,0,Epilobium
SP1430,Epilobium obscurum,0,Epilobium
SP1430,Epilobium palustre,0,Epilobium
SP1430,Epilobium parviflorum,0,Epilobium
SP1430,Epilobium roseum,0,Epilobium
SP1430,Epilobium tetragonum,0,Epilobium
SP1430,Erica cinerea,0,Erica
SP1430,Erica tetralix,0,Erica
SP1430,Eriophorum vaginatum,0,Eriophorum
SP1430,Eupatorium cannabinum,0,Eupatorium
SP1430,Euphorbia exigua,0,Euphorbia
SP1430,Euphorbia helioscopia,0,Euphorbia
SP1430,Euphrasia officinalis,0,Euphrasia
SP1430,Fagopyrum esculentum,0,Fagopyrum
SP1430,Fallopia convolvulus,0,Fallopia
SP1430,Filipendula ulmaria,0,Filipendula
SP1430,Fumaria officinalis,0,Fumaria
SP1430,Galeopsis speciosa,0,Galeopsis
SP1430,Galeopsis tetrahit,2,Galeopsis
SP1430,Galium aparine,172,Galium
SP1430,Galium mollugo,0,Galium
SP1430,Galium odoratum,0,Galium
SP1430,Galium palustre,0,Galium
SP1430,Galium saxatile,0,Galium
SP1430,Galium verum,0,Galium
SP1430,Genista anglica,0,Genista
SP1430,Geranium dissectum,0,Geranium
SP1430,Geranium molle,0,Geranium
SP1430,Geranium nodosum,0,Geranium
SP1430,Geranium pratense,0,Geranium
SP1430,Geranium pyrenaicum,0,Geranium
SP1430,Geranium robertianum,37,Geranium
SP1430,Geum urbanum,8,Geum
SP1430,Glechoma hederacea,13,Glechoma
SP1430,Hedera helix,0,Hedera
SP1430,Helianthus annuus,0,Helianthus
SP1430,Heracleum mantegazzianum,0,Heracleum
SP1430,Heracleum sphondylium,0,Heracleum
SP1430,Hippocrepis comosa,0,Hippocrepis
SP1430,Hordeum vulgare,0,Hordeum
SP1430,Hyacinthoides non,1,Hyacinthoides
SP1430,Hypericum forrestii,0,Hypericum
SP1430,Hypericum perforatum,0,Hypericum
SP1430,Hypericum pulchrum,0,Hypericum
SP1430,Hypericum tetrapterum,0,Hypericum
SP1430,Hypochaeris radicata,0,Hypochaeris
SP1430,Ilex aquifolium,0,Ilex
SP1430,Impatiens glandulifera,0,Impatiens
SP1430,Impatiens parviflora,0,Impatiens
SP1430,Iris pseudacorus,0,Iris
SP1430,Jacobaea erucifolia,0,Jacobaea
SP1430,Jacobaea vulgaris,0,Jacobaea
SP1430,Jasione montana,0,Jasione
SP1430,Juncus conglomeratus,0,Juncus
SP1430,Juncus effusus,0,Juncus
SP1430,Knautia arvensis,0,Knautia
SP1430,Lactuca serriola,0,Lactuca
SP1430,Lamium album,0,Lamium
SP1430,Lamium galeobdolon,0,Lamium
SP1430,Lamium purpureum,0,Lamium
SP1430,Lapsana communis,10,Lapsana
SP1430,Lathyrus aphaca,0,Lathyrus
SP1430,Lathyrus linifolius,0,Lathyrus
SP1430,Lathyrus pratensis,0,Lathyrus
SP1430,Leontodon hispidus,0,Leontodon
SP1430,Leontodon saxatilis,0,Leontodon
SP1430,Leucanthemum vulgare,0,Leucanthemum
SP1430,Ligusticum scoticum,0,Ligusticum
SP1430,Limonium vulgare,0,Limonium
SP1430,Linaria vulgaris,0,Linaria
SP1430,Linum catharticum,0,Linum
SP1430,Linum usitatissimum,0,Linum
SP1430,Lonicera caprifolium,0,Lonicera
SP1430,Lonicera periclymenum,0,Lonicera
SP1430,Lotus angustissimus,0,Lotus
SP1430,Lotus corniculatus,0,Lotus
SP1430,Lotus pedunculatus,0,Lotus
SP1430,Lotus subbiflorus,0,Lotus
SP1430,Luzula campestris,0,Luzula
SP1430,Lysimachia nemorum,0,Lysimachia
SP1430,Lysimachia punctata,0,Lysimachia
SP1430,Lysimachia vulgaris,0,Lysimachia
SP1430,Lythrum alatum,0,Lythrum
SP1430,Lythrum salicaria,0,Lythrum
SP1430,Malva sylvestris,0,Malva
SP1430,Matricaria chamomilla,0,Matricaria
SP1430,Matricaria discoidea,3,Matricaria
SP1430,Medicago lupulina,41,Medicago
SP1430,Melampyrum pratense,0,Melampyrum
SP1430,Mentha aquatica,0,Mentha
SP1430,Mentha arvensis,0,Mentha
SP1430,Mercurialis perennis,27,Mercurialis
SP1430,Myosotis arvensis,21,Myosotis
SP1430,Myosotis discolor,0,Myosotis
SP1430,Myosotis sylvatica,30,Myosotis
SP1430,Narthecium ossifragum,0,Narthecium
SP1430,Odontites vernus,0,Odontites
SP1430,Oenanthe crocata,0,Oenanthe
SP1430,Origanum vulgare,0,Origanum
SP1430,Ornithopus perpusillus,0,Ornithopus
SP1430,Oxalis acetosella,0,Oxalis
SP1430,Panicum miliaceum,0,Panicum
SP1430,Papaver rhoeas,0,Papaver
SP1430,Pedicularis sylvatica,0,Pedicularis
SP1430,Persicaria amplexicaulis,0,Persicaria
SP1430,Persicaria bistorta,0,Persicaria
SP1430,Persicaria hydropiper,0,Persicaria
SP1430,Persicaria lapathifolia,0,Persicaria
SP1430,Persicaria maculosa,0,Persicaria
SP1430,Peucedanum ostruthium,0,Peucedanum
SP1430,Picris echioides,0,Picris
SP1430,Picris hieracioides,0,Picris
SP1430,Pilosella officinarum,0,Pilosella
SP1430,Pimpinella saxifraga,0,Pimpinella
SP1430,Pinguicula vulgaris,0,Pinguicula
SP1430,Plantago lanceolata,0,Plantago
SP1430,Plantago major,0,Plantago
SP1430,Plantago maritima,0,Plantago
SP1430,Poa annua,0,Poa
SP1430,Polygala serpyllifolia,0,Polygala
SP1430,Polygala vulgaris,0,Polygala
SP1430,Polygonum aviculare,0,Polygonum
SP1430,Potentilla anglica,0,Potentilla
SP1430,Potentilla anserina,0,Potentilla
SP1430,Potentilla erecta,0,Potentilla
SP1430,Potentilla recta,0,Potentilla
SP1430,Potentilla reptans,1,Potentilla
SP1430,Prunella vulgaris,3,Prunella
SP1430,Prunus spinosa,0,Prunus
SP1430,Pulicaria dysenterica,0,Pulicaria
SP1430,Ranunculus acris,0,Ranunculus
SP1430,Ranunculus bulbosus,0,Ranunculus
SP1430,Ranunculus ficaria,0,Ranunculus
SP1430,Ranunculus flammula,0,Ranunculus
SP1430,Ranunculus repens,4,Ranunculus
SP1430,Ranunculus sardous,0,Ranunculus
SP1430,Raphanus raphanistrum,0,Raphanus
SP1430,Raphanus sativus,0,Raphanus
SP1430,Rhinanthus minor,0,Rhinanthus
SP1430,Rosa arvensis,0,Rosa
SP1430,Rosa canina,2,Rosa
SP1430,Rubus caesius,0,Rubus
SP1430,Rubus fruticosus,50,Rubus
SP1430,Rubus idaeus,0,Rubus
SP1430,Rumex acetosa,0,Rumex
SP1430,Rumex acetosella,0,Rumex
SP1430,Rumex crispus,0,Rumex
SP1430,Rumex obtusifolius,0,Rumex
SP1430,Rumex sanguineus,0,Rumex
SP1430,Sagina saginoides,0,Sagina
SP1430,Sambucus nigra,0,Sambucus
SP1430,Sanguisorba officinalis,0,Sanguisorba
SP1430,Scorzoneroides autumnalis,0,Scorzoneroides
SP1430,Scrophularia auriculata,0,Scrophularia
SP1430,Scrophularia nodosa,0,Scrophularia
SP1430,Sedum anglicum,0,Sedum
SP1430,Senecio erucifolius,0,Senecio
SP1430,Senecio jacobaea,0,Senecio
SP1430,Senecio vulgaris,0,Senecio
SP1430,Sherardia arvensis,0,Sherardia
SP1430,Silene dioica,0,Silene
SP1430,Silene latifolia,0,Silene
SP1430,Silybum marianum,0,Silybum
SP1430,Sinapis alba,0,Sinapis
SP1430,Sinapis arvensis,0,Sinapis
SP1430,Sisymbrium officinale,0,Sisymbrium
SP1430,Solanum dulcamara,11,Solanum
SP1430,Solanum nigrum,0,Solanum
SP1430,Solanum tuberosum,0,Solanum
SP1430,Sonchus arvensis,0,Sonchus
SP1430,Sonchus asper,2,Sonchus
SP1430,Sonchus oleraceus,0,Sonchus
SP1430,Sorbus aucuparia,0,Sorbus
SP1430,Spergula arvensis,0,Spergula
SP1430,Spergularia media,0,Spergularia
SP1430,Stachys arvensis,0,Stachys
SP1430,Stachys palustris,0,Stachys
SP1430,Stachys sylvatica,45,Stachys
SP1430,Stellaria alsine,0,Stellaria
SP1430,Stellaria graminea,0,Stellaria
SP1430,Stellaria holostea,0,Stellaria
SP1430,Stellaria media,0,Stellaria
SP1430,Suaeda maritima,0,Suaeda
SP1430,Succisa pratensis,0,Succisa
SP1430,Symphytum officinale,0,Symphytum
SP1430,Taraxacum agg,2,Taraxacum
SP1430,Taraxacum officinale,0,Taraxacum
SP1430,Teucrium scorodonia,0,Teucrium
SP1430,Thlaspi arvense,0,Thlaspi
SP1430,Thymus polytrichus,0,Thymus
SP1430,Thymus vulgaris,0,Thymus
SP1430,Torilis japonica,0,Torilis
SP1430,Tragopogon pratensis,0,Tragopogon
SP1430,Trientalis europaea,0,Trientalis
SP1430,Trifolium arvense,0,Trifolium
SP1430,Trifolium campestre,0,Trifolium
SP1430,Trifolium constantinopolitanum,0,Trifolium
SP1430,Trifolium dubium,0,Trifolium
SP1430,Trifolium pratense,0,Trifolium
SP1430,Trifolium repens,4,Trifolium
SP1430,Tripleurospermum inodorum,0,Tripleurospermum
SP1430,Tripleurospermum maritimum,0,Tripleurospermum
SP1430,Turgenia latifolia,0,Turgenia
SP1430,Ulex europaeus,0,Ulex
SP1430,Ulex gallii,0,Ulex
SP1430,Urtica dioica,156,Urtica
SP1430,Vaccinium myrtillus,0,Vaccinium
SP1430,Vaccinium oxycoccos,0,Vaccinium
SP1430,Vaccinium vitis,0,Vaccinium
SP1430,Valeriana dioica,0,Valeriana
SP1430,Valeriana officinalis,0,Valeriana
SP1430,Verbena officinalis,0,Verbena
SP1430,Verbena x,0,Verbena
SP1430,Veronica agrestis,0,Veronica
SP1430,Veronica arvensis,0,Veronica
SP1430,Veronica beccabunga,0,Veronica
SP1430,Veronica chamaedrys,66,Veronica
SP1430,Veronica hederifolia,0,Veronica
SP1430,Veronica montana,30,Veronica
SP1430,Veronica officinalis,0,Veronica
SP1430,Veronica persica,93,Veronica
SP1430,Veronica polita,0,Veronica
SP1430,Veronica serpyllifolia,0,Veronica
SP1430,Vicia benghalensis,0,Vicia
SP1430,Vicia cracca,0,Vicia
SP1430,Vicia faba,0,Vicia
SP1430,Vicia hirsuta,0,Vicia
SP1430,Vicia lutea,0,Vicia
SP1430,Vicia sativa,0,Vicia
SP1430,Vicia sepium,0,Vicia
SP1430,Vicia spp,0,Vicia
SP1430,Vicia tetrasperma,0,Vicia
SP1430,Viola arvensis,1,Viola
SP1430,Viola canina,0,Viola
SP1430,Viola palustris,0,Viola
SP1430,Viola riviniana,0,Viola
SP1430,Zea mays,0,Zea
SP4951,Acer pseudoplatanus,0,Acer
SP4951,Achillea millefolium,0,Achillea
SP4951,Achillea ptarmica,0,Achillea
SP4951,Aegopodium podagraria,0,Aegopodium
SP4951,Aethusa cynapium,58,Aethusa
SP4951,Ajuga reptans,0,Ajuga
SP4951,Alliaria petiolata,0,Alliaria
SP4951,Alnus glutinosa,0,Alnus
SP4951,Anagallis arvensis,0,Anagallis
SP4951,Anchusa arvensis,0,Anchusa
SP4951,Anemone nemorosa,0,Anemone
SP4951,Angelica sylvestris,20,Angelica
SP4951,Anthemis cotula,0,Anthemis
SP4951,Anthriscus caucalis,0,Anthriscus
SP4951,Anthriscus sylvestris,1120,Anthriscus
SP4951,Apium nodiflorum,0,Apium
SP4951,Armeria maritima,0,Armeria
SP4951,Artemisia absinthium,0,Artemisia
SP4951,Artemisia annua,0,Artemisia
SP4951,Artemisia vulgaris,0,Artemisia
SP4951,Aster tripolium,0,Aster
SP4951,Atriplex patula,0,Atriplex
SP4951,Atriplex portulacoides,0,Atriplex
SP4951,Ballota nigra,0,Ballota
SP4951,Barbarea vulgaris,0,Barbarea
SP4951,Bellis perennis,0,Bellis
SP4951,Berula erecta,0,Berula
SP4951,Brassica napus,0,Brassica
SP4951,Brassica oleracea,0,Brassica
SP4951,Brassica rapa,0,Brassica
SP4951,Bryonia dioica,0,Bryonia
SP4951,Buddleja davidii,0,Buddleja
SP4951,Bupleurum tenuissimum,0,Bupleurum
SP4951,Calluna vulgaris,0,Calluna
SP4951,Caltha palustris,0,Caltha
SP4951,Calystegia sepium,1,Calystegia
SP4951,Campanula rotundifolia,0,Campanula
SP4951,Capsella bursa,4,Capsella
SP4951,Cardamine flexuosa,0,Cardamine
SP4951,Cardamine hirsuta,0,Cardamine
SP4951,Cardamine pratensis,0,Cardamine
SP4951,Carduus nutans,0,Carduus
SP4951,Carum verticillatum,0,Carum
SP4951,Centaurea cyanus,0,Centaurea
SP4951,Centaurea nigra,0,Centaurea
SP4951,Centaurea scabiosa,0,Centaurea
SP4951,Centaurium erythraea,0,Centaurium
SP4951,Cerastium arvense,0,Cerastium
SP4951,Cerastium fontanum,14,Cerastium
SP4951,Cerastium glomeratum,0,Cerastium
SP4951,Ceratocapnos claviculata,0,Ceratocapnos
SP4951,Chaerophyllum temulum,0,Chaerophyllum
SP4951,Chamaemelum nobile,0,Chamaemelum
SP4951,Chamerion angustifolium,0,Chamerion
SP4951,Chenopodium album,0,Chenopodium
SP4951,Chenopodium ficifolium,0,Chenopodium
SP4951,Chenopodium quinoa,0,Chenopodium
SP4951,Cichorium intybus,0,Cichorium
SP4951,Circaea lutetiana,0,Circaea
SP4951,Cirsium arvense,69,Cirsium
SP4951,Cirsium eriophorum,0,Cirsium
SP4951,Cirsium palustre,0,Cirsium
SP4951,Cirsium vulgare,6,Cirsium
SP4951,Clematis vitalba,0,Clematis
SP4951,Clinopodium vulgare,0,Clinopodium
SP4951,Conium maculatum,0,Conium
SP4951,Conopodium majus,0,Conopodium
SP4951,Convolvulus arvensis,0,Convolvulus
SP4951,Conyza canadensis,0,Conyza
SP4951,Cotoneaster salicifolius,0,Cotoneaster
SP4951,Crataegus monogyna,628,Crataegus
SP4951,Crepis capillaris,0,Crepis
SP4951,Crepis vesicaria,0,Crepis
SP4951,Cruciata laevipes,0,Cruciata
SP4951,Cytisus scoparius,0,Cytisus
SP4951,Dactylorhiza fuchsii,0,Dactylorhiza
SP4951,Dactylorhiza maculata,0,Dactylorhiza
SP4951,Daucus carota,0,Daucus
SP4951,Digitalis ferruginea,0,Digitalis
SP4951,Digitalis grandiflora,0,Digitalis
SP4951,Digitalis purpurea,0,Digitalis
SP4951,Dioscorea communis,0,Dioscorea
SP4951,Doronicum plantagineum,0,Doronicum
SP4951,Drosera anglica,0,Drosera
SP4951,Drosera rotundifolia,0,Drosera
SP4951,Dryas octopetala,0,Dryas
SP4951,Epilobium hirsutum,824,Epilobium
SP4951,Epilobium montanum,0,Epilobium
SP4951,Epilobium obscurum,0,Epilobium
SP4951,Epilobium palustre,0,Epilobium
SP4951,Epilobium parviflorum,0,Epilobium
SP4951,Epilobium roseum,0,Epilobium
SP4951,Epilobium tetragonum,0,Epilobium
SP4951,Erica cinerea,0,Erica
SP4951,Erica tetralix,0,Erica
SP4951,Eriophorum vaginatum,0,Eriophorum
SP4951,Eupatorium cannabinum,0,Eupatorium
SP4951,Euphorbia exigua,0,Euphorbia
SP4951,Euphorbia helioscopia,0,Euphorbia
SP4951,Euphrasia officinalis,0,Euphrasia
SP4951,Fagopyrum esculentum,0,Fagopyrum
SP4951,Fallopia convolvulus,0,Fallopia
SP4951,Filipendula ulmaria,81,Filipendula
SP4951,Fumaria officinalis,0,Fumaria
SP4951,Galeopsis speciosa,0,Galeopsis
SP4951,Galeopsis tetrahit,25,Galeopsis
SP4951,Galium aparine,10032,Galium
SP4951,Galium mollugo,0,Galium
SP4951,Galium odoratum,0,Galium
SP4951,Galium palustre,0,Galium
SP4951,Galium saxatile,0,Galium
SP4951,Galium verum,0,Galium
SP4951,Genista anglica,0,Genista
SP4951,Geranium dissectum,160,Geranium
SP4951,Geranium molle,0,Geranium
SP4951,Geranium nodosum,0,Geranium
SP4951,Geranium pratense,0,Geranium
SP4951,Geranium pyrenaicum,0,Geranium
SP4951,Geranium robertianum,0,Geranium
SP4951,Geum urbanum,9,Geum
SP4951,Glechoma hederacea,37.33333333333333,Glechoma
SP4951,Hedera helix,0,Hedera
SP4951,Helianthus annuus,0,Helianthus
SP4951,Heracleum mantegazzianum,0,Heracleum
SP4951,Heracleum sphondylium,268,Heracleum
SP4951,Hippocrepis comosa,0,Hippocrepis
SP4951,Hordeum vulgare,0,Hordeum
SP4951,Hyacinthoides non,0,Hyacinthoides
SP4951,Hypericum forrestii,0,Hypericum
SP4951,Hypericum perforatum,0,Hypericum
SP4951,Hypericum pulchrum,0,Hypericum
SP4951,Hypericum tetrapterum,7,Hypericum
SP4951,Hypochaeris radicata,0,Hypochaeris
SP4951,Ilex aquifolium,0,Ilex
SP4951,Impatiens glandulifera,0,Impatiens
SP4951,Impatiens parviflora,0,Impatiens
SP4951,Iris pseudacorus,0,Iris
SP4951,Jacobaea erucifolia,105,Jacobaea
SP4951,Jacobaea vulgaris,98,Jacobaea
SP4951,Jasione montana,0,Jasione
SP4951,Juncus conglomeratus,0,Juncus
SP4951,Juncus effusus,0,Juncus
SP4951,Knautia arvensis,0,Knautia
SP4951,Lactuca serriola,0,Lactuca
SP4951,Lamium album,131,Lamium
SP4951,Lamium galeobdolon,0,Lamium
SP4951,Lamium purpureum,19,Lamium
SP4951,Lapsana communis,4,Lapsana
SP4951,Lathyrus aphaca,0,Lathyrus
SP4951,Lathyrus linifolius,0,Lathyrus
SP4951,Lathyrus pratensis,0,Lathyrus
SP4951,Leontodon hispidus,0,Leontodon
SP4951,Leontodon saxatilis,0,Leontodon
SP4951,Leucanthemum vulgare,0,Leucanthemum
SP4951,Ligusticum scoticum,0,Ligusticum
SP4951,Limonium vulgare,0,Limonium
SP4951,Linaria vulgaris,0,Linaria
SP4951,Linum catharticum,0,Linum
SP4951,Linum usitatissimum,0,Linum
SP4951,Lonicera caprifolium,0,Lonicera
SP4951,Lonicera periclymenum,0,Lonicera
SP4951,Lotus angustissimus,0,Lotus
SP4951,Lotus corniculatus,0,Lotus
SP4951,Lotus pedunculatus,0,Lotus
SP4951,Lotus subbiflorus,0,Lotus
SP4951,Luzula campestris,0,Luzula
SP4951,Lysimachia nemorum,0,Lysimachia
SP4951,Lysimachia punctata,0,Lysimachia
SP4951,Lysimachia vulgaris,0,Lysimachia
SP4951,Lythrum alatum,0,Lythrum
SP4951,Lythrum salicaria,0,Lythrum
SP4951,Malva sylvestris,0,Malva
SP4951,Matricaria chamomilla,0,Matricaria
SP4951,Matricaria discoidea,95,Matricaria
SP4951,Medicago lupulina,0,Medicago
SP4951,Melampyrum pratense,0,Melampyrum
SP4951,Mentha aquatica,0,Mentha
SP4951,Mentha arvensis,0,Mentha
SP4951,Mercurialis perennis,0,Mercurialis
SP4951,Myosotis arvensis,18,Myosotis
SP4951,Myosotis discolor,0,Myosotis
SP4951,Myosotis sylvatica,0,Myosotis
SP4951,Narthecium ossifragum,0,Narthecium
SP4951,Odontites vernus,0,Odontites
SP4951,Oenanthe crocata,0,Oenanthe
SP4951,Origanum vulgare,0,Origanum
SP4951,Ornithopus perpusillus,0,Ornithopus
SP4951,Oxalis acetosella,0,Oxalis
SP4951,Panicum miliaceum,0,Panicum
SP4951,Papaver rhoeas,0,Papaver
SP4951,Pedicularis sylvatica,0,Pedicularis
SP4951,Persicaria amplexicaulis,0,Persicaria
SP4951,Persicaria bistorta,0,Persicaria
SP4951,Persicaria hydropiper,0,Persicaria
SP4951,Persicaria lapathifolia,0,Persicaria
SP4951,Persicaria maculosa,115.2,Persicaria
SP4951,Peucedanum ostruthium,0,Peucedanum
SP4951,Picris echioides,8,Picris
SP4951,Picris hieracioides,0,Picris
SP4951,Pilosella officinarum,0,Pilosella
SP4951,Pimpinella saxifraga,0,Pimpinella
SP4951,Pinguicula vulgaris,0,Pinguicula
SP4951,Plantago lanceolata,0,Plantago
SP4951,Plantago major,0,Plantago
SP4951,Plantago maritima,0,Plantago
SP4951,Poa annua,0,Poa
SP4951,Polygala serpyllifolia,0,Polygala
SP4951,Polygala vulgaris,0,Polygala
SP4951,Polygonum aviculare,17,Polygonum
SP4951,Potentilla anglica,0,Potentilla
SP4951,Potentilla anserina,0,Potentilla
SP4951,Potentilla erecta,0,Potentilla
SP4951,Potentilla recta,0,Potentilla
SP4951,Potentilla reptans,0,Potentilla
SP4951,Prunella vulgaris,13.3,Prunella
SP4951,Prunus spinosa,0,Prunus
SP4951,Pulicaria dysenterica,0,Pulicaria
SP4951,Ranunculus acris,226,Ranunculus
SP4951,Ranunculus bulbosus,0,Ranunculus
SP4951,Ranunculus ficaria,0,Ranunculus
SP4951,Ranunculus flammula,0,Ranunculus
SP4951,Ranunculus repens,3,Ranunculus
SP4951,Ranunculus sardous,0,Ranunculus
SP4951,Raphanus raphanistrum,0,Raphanus
SP4951,Raphanus sativus,0,Raphanus
SP4951,Rhinanthus minor,0,Rhinanthus
SP4951,Rosa arvensis,5,Rosa
SP4951,Rosa canina,10,Rosa
SP4951,Rubus caesius,0,Rubus
SP4951,Rubus fruticosus,34,Rubus
SP4951,Rubus idaeus,0,Rubus
SP4951,Rumex acetosa,0,Rumex
SP4951,Rumex acetosella,0,Rumex
SP4951,Rumex crispus,0,Rumex
SP4951,Rumex obtusifolius,0,Rumex
SP4951,Rumex sanguineus,17,Rumex
SP4951,Sagina saginoides,0,Sagina
SP4951,Sambucus nigra,0,Sambucus
SP4951,Sanguisorba officinalis,0,Sanguisorba
SP4951,Scorzoneroides autumnalis,0,Scorzoneroides
SP4951,Scrophularia auriculata,0,Scrophularia
SP4951,Scrophularia nodosa,0,Scrophularia
SP4951,Sedum anglicum,0,Sedum
SP4951,Senecio erucifolius,25,Senecio
SP4951,Senecio jacobaea,0,Senecio
SP4951,Senecio vulgaris,0,Senecio
SP4951,Sherardia arvensis,0,Sherardia
SP4951,Silene dioica,0,Silene
SP4951,Silene latifolia,0,Silene
SP4951,Silybum marianum,0,Silybum
SP4951,Sinapis alba,0,Sinapis
SP4951,Sinapis arvensis,0,Sinapis
SP4951,Sisymbrium officinale,243,Sisymbrium
SP4951,Solanum dulcamara,19,Solanum
SP4951,Solanum nigrum,0,Solanum
SP4951,Solanum tuberosum,0,Solanum
SP4951,Sonchus arvensis,0,Sonchus
SP4951,Sonchus asper,1,Sonchus
SP4951,Sonchus oleraceus,0,Sonchus
SP4951,Sorbus aucuparia,0,Sorbus
SP4951,Spergula arvensis,0,Spergula
SP4951,Spergularia media,0,Spergularia
SP4951,Stachys arvensis,0,Stachys
SP4951,Stachys palustris,0,Stachys
SP4951,Stachys sylvatica,95,Stachys
SP4951,Stellaria alsine,0,Stellaria
SP4951,Stellaria graminea,0,Stellaria
SP4951,Stellaria holostea,0,Stellaria
SP4951,Stellaria media,249,Stellaria
SP4951,Suaeda maritima,0,Suaeda
SP4951,Succisa pratensis,0,Succisa
SP4951,Symphytum officinale,0,Symphytum
SP4951,Taraxacum agg,0,Taraxacum
SP4951,Taraxacum officinale,0,Taraxacum
SP4951,Teucrium scorodonia,0,Teucrium
SP4951,Thlaspi arvense,0,Thlaspi
SP4951,Thymus polytrichus,0,Thymus
SP4951,Thymus vulgaris,0,Thymus
SP4951,Torilis japonica,0,Torilis
SP4951,Tragopogon pratensis,0,Tragopogon
SP4951,Trientalis europaea,0,Trientalis
SP4951,Trifolium arvense,0,Trifolium
SP4951,Trifolium campestre,0,Trifolium
SP4951,Trifolium constantinopolitanum,0,Trifolium
SP4951,Trifolium dubium,0,Trifolium
SP4951,Trifolium pratense,1,Trifolium
SP4951,Trifolium repens,0,Trifolium
SP4951,Tripleurospermum inodorum,19,Tripleurospermum
SP4951,Tripleurospermum maritimum,0,Tripleurospermum
SP4951,Turgenia latifolia,0,Turgenia
SP4951,Ulex europaeus,0,Ulex
SP4951,Ulex gallii,0,Ulex
SP4951,Urtica dioica,0,Urtica
SP4951,Vaccinium myrtillus,0,Vaccinium
SP4951,Vaccinium oxycoccos,0,Vaccinium
SP4951,Vaccinium vitis,0,Vaccinium
SP4951,Valeriana dioica,0,Valeriana
SP4951,Valeriana officinalis,0,Valeriana
SP4951,Verbena officinalis,9,Verbena
SP4951,Verbena x,71,Verbena
SP4951,Veronica agrestis,0,Veronica
SP4951,Veronica arvensis,0,Veronica
SP4951,Veronica beccabunga,0,Veronica
SP4951,Veronica chamaedrys,0,Veronica
SP4951,Veronica hederifolia,0,Veronica
SP4951,Veronica montana,0,Veronica
SP4951,Veronica officinalis,0,Veronica
SP4951,Veronica persica,0,Veronica
SP4951,Veronica polita,0,Veronica
SP4951,Veronica serpyllifolia,0,Veronica
SP4951,Vicia benghalensis,0,Vicia
SP4951,Vicia cracca,0,Vicia
SP4951,Vicia faba,0,Vicia
SP4951,Vicia hirsuta,0,Vicia
SP4951,Vicia lutea,0,Vicia
SP4951,Vicia sativa,0,Vicia
SP4951,Vicia sepium,0,Vicia
SP4951,Vicia spp,0,Vicia
SP4951,Vicia tetrasperma,0,Vicia
SP4951,Viola arvensis,0,Viola
SP4951,Viola canina,0,Viola
SP4951,Viola palustris,0,Viola
SP4951,Viola riviniana,0,Viola
SP4951,Zea mays,0,Zea
SP6302,Acer pseudoplatanus,0,Acer
SP6302,Achillea millefolium,0,Achillea
SP6302,Achillea ptarmica,0,Achillea
SP6302,Aegopodium podagraria,0,Aegopodium
SP6302,Aethusa cynapium,0,Aethusa
SP6302,Ajuga reptans,0,Ajuga
SP6302,Alliaria petiolata,4.71428571428571,Alliaria
SP6302,Alnus glutinosa,0,Alnus
SP6302,Anagallis arvensis,0,Anagallis
SP6302,Anchusa arvensis,0,Anchusa
SP6302,Anemone nemorosa,0,Anemone
SP6302,Angelica sylvestris,0,Angelica
SP6302,Anthemis cotula,0,Anthemis
SP6302,Anthriscus caucalis,0,Anthriscus
SP6302,Anthriscus sylvestris,47,Anthriscus
SP6302,Apium nodiflorum,0,Apium
SP6302,Armeria maritima,0,Armeria
SP6302,Artemisia absinthium,0,Artemisia
SP6302,Artemisia annua,0,Artemisia
SP6302,Artemisia vulgaris,0,Artemisia
SP6302,Aster tripolium,0,Aster
SP6302,Atriplex patula,0,Atriplex
SP6302,Atriplex portulacoides,0,Atriplex
SP6302,Ballota nigra,0,Ballota
SP6302,Barbarea vulgaris,0,Barbarea
SP6302,Bellis perennis,0,Bellis
SP6302,Berula erecta,0,Berula
SP6302,Brassica napus,0,Brassica
SP6302,Brassica oleracea,0,Brassica
SP6302,Brassica rapa,0,Brassica
SP6302,Bryonia dioica,0,Bryonia
SP6302,Buddleja davidii,0,Buddleja
SP6302,Bupleurum tenuissimum,0,Bupleurum
SP6302,Calluna vulgaris,0,Calluna
SP6302,Caltha palustris,0,Caltha
SP6302,Calystegia sepium,0,Calystegia
SP6302,Campanula rotundifolia,0,Campanula
SP6302,Capsella bursa,0,Capsella
SP6302,Cardamine flexuosa,0,Cardamine
SP6302,Cardamine hirsuta,0,Cardamine
SP6302,Cardamine pratensis,0,Cardamine
SP6302,Carduus nutans,0,Carduus
SP6302,Carum verticillatum,0,Carum
SP6302,Centaurea cyanus,0,Centaurea
SP6302,Centaurea nigra,0,Centaurea
SP6302,Centaurea scabiosa,0,Centaurea
SP6302,Centaurium erythraea,0,Centaurium
SP6302,Cerastium arvense,0,Cerastium
SP6302,Cerastium fontanum,90,Cerastium
SP6302,Cerastium glomeratum,0,Cerastium
SP6302,Ceratocapnos claviculata,0,Ceratocapnos
SP6302,Chaerophyllum temulum,0,Chaerophyllum
SP6302,Chamaemelum nobile,0,Chamaemelum
SP6302,Chamerion angustifolium,0,Chamerion
SP6302,Chenopodium album,0,Chenopodium
SP6302,Chenopodium ficifolium,0,Chenopodium
SP6302,Chenopodium quinoa,0,Chenopodium
SP6302,Cichorium intybus,0,Cichorium
SP6302,Circaea lutetiana,0,Circaea
SP6302,Cirsium arvense,0,Cirsium
SP6302,Cirsium eriophorum,0,Cirsium
SP6302,Cirsium palustre,0,Cirsium
SP6302,Cirsium vulgare,0,Cirsium
SP6302,Clematis vitalba,0,Clematis
SP6302,Clinopodium vulgare,0,Clinopodium
SP6302,Conium maculatum,0,Conium
SP6302,Conopodium majus,0,Conopodium
SP6302,Convolvulus arvensis,0,Convolvulus
SP6302,Conyza canadensis,0,Conyza
SP6302,Cotoneaster salicifolius,0,Cotoneaster
SP6302,Crataegus monogyna,518,Crataegus
SP6302,Crepis capillaris,0,Crepis
SP6302,Crepis vesicaria,0,Crepis
SP6302,Cruciata laevipes,0,Cruciata
SP6302,Cytisus scoparius,0,Cytisus
SP6302,Dactylorhiza fuchsii,0,Dactylorhiza
SP6302,Dactylorhiza maculata,0,Dactylorhiza
SP6302,Daucus carota,0,Daucus
SP6302,Digitalis ferruginea,0,Digitalis
SP6302,Digitalis grandiflora,0,Digitalis
SP6302,Digitalis purpurea,0,Digitalis
SP6302,Dioscorea communis,0,Dioscorea
SP6302,Doronicum plantagineum,0,Doronicum
SP6302,Drosera anglica,0,Drosera
SP6302,Drosera rotundifolia,0,Drosera
SP6302,Dryas octopetala,0,Dryas
SP6302,Epilobium hirsutum,0,Epilobium
SP6302,Epilobium montanum,0,Epilobium
SP6302,Epilobium obscurum,0,Epilobium
SP6302,Epilobium palustre,0,Epilobium
SP6302,Epilobium parviflorum,0,Epilobium
SP6302,Epilobium roseum,0,Epilobium
SP6302,Epilobium tetragonum,0,Epilobium
SP6302,Erica cinerea,0,Erica
SP6302,Erica tetralix,0,Erica
SP6302,Eriophorum vaginatum,0,Eriophorum
SP6302,Eupatorium cannabinum,0,Eupatorium
SP6302,Euphorbia exigua,0,Euphorbia
SP6302,Euphorbia helioscopia,0,Euphorbia
SP6302,Euphrasia officinalis,0,Euphrasia
SP6302,Fagopyrum esculentum,0,Fagopyrum
SP6302,Fallopia convolvulus,0,Fallopia
SP6302,Filipendula ulmaria,0,Filipendula
SP6302,Fumaria officinalis,0,Fumaria
SP6302,Galeopsis speciosa,0,Galeopsis
SP6302,Galeopsis tetrahit,0,Galeopsis
SP6302,Galium aparine,0,Galium
SP6302,Galium mollugo,0,Galium
SP6302,Galium odoratum,0,Galium
SP6302,Galium palustre,0,Galium
SP6302,Galium saxatile,0,Galium
SP6302,Galium verum,0,Galium
SP6302,Genista anglica,0,Genista
SP6302,Geranium dissectum,0,Geranium
SP6302,Geranium molle,0,Geranium
SP6302,Geranium nodosum,0,Geranium
SP6302,Geranium pratense,0,Geranium
SP6302,Geranium pyrenaicum,0,Geranium
SP6302,Geranium robertianum,0,Geranium
SP6302,Geum urbanum,0,Geum
SP6302,Glechoma hederacea,43.16666666666667,Glechoma
SP6302,Hedera helix,0,Hedera
SP6302,Helianthus annuus,0,Helianthus
SP6302,Heracleum mantegazzianum,0,Heracleum
SP6302,Heracleum sphondylium,0,Heracleum
SP6302,Hippocrepis comosa,0,Hippocrepis
SP6302,Hordeum vulgare,0,Hordeum
SP6302,Hyacinthoides non,0,Hyacinthoides
SP6302,Hypericum forrestii,0,Hypericum
SP6302,Hypericum perforatum,0,Hypericum
SP6302,Hypericum pulchrum,0,Hypericum
SP6302,Hypericum tetrapterum,0,Hypericum
SP6302,Hypochaeris radicata,6,Hypochaeris
SP6302,Ilex aquifolium,0,Ilex
SP6302,Impatiens glandulifera,0,Impatiens
SP6302,Impatiens parviflora,0,Impatiens
SP6302,Iris pseudacorus,0,Iris
SP6302,Jacobaea erucifolia,0,Jacobaea
SP6302,Jacobaea vulgaris,0,Jacobaea
SP6302,Jasione montana,0,Jasione
SP6302,Juncus conglomeratus,0,Juncus
SP6302,Juncus effusus,0,Juncus
SP6302,Knautia arvensis,0,Knautia
SP6302,Lactuca serriola,0,Lactuca
SP6302,Lamium album,156,Lamium
SP6302,Lamium galeobdolon,0,Lamium
SP6302,Lamium purpureum,0,Lamium
SP6302,Lapsana communis,0,Lapsana
SP6302,Lathyrus aphaca,0,Lathyrus
SP6302,Lathyrus linifolius,0,Lathyrus
SP6302,Lathyrus pratensis,12,Lathyrus
SP6302,Leontodon hispidus,0,Leontodon
SP6302,Leontodon saxatilis,0,Leontodon
SP6302,Leucanthemum vulgare,401,Leucanthemum
SP6302,Ligusticum scoticum,0,Ligusticum
SP6302,Limonium vulgare,0,Limonium
SP6302,Linaria vulgaris,0,Linaria
SP6302,Linum catharticum,0,Linum
SP6302,Linum usitatissimum,0,Linum
SP6302,Lonicera caprifolium,0,Lonicera
SP6302,Lonicera periclymenum,0,Lonicera
SP6302,Lotus angustissimus,0,Lotus
SP6302,Lotus corniculatus,1,Lotus
SP6302,Lotus pedunculatus,0,Lotus
SP6302,Lotus subbiflorus,0,Lotus
SP6302,Luzula campestris,0,Luzula
SP6302,Lysimachia nemorum,0,Lysimachia
SP6302,Lysimachia punctata,0,Lysimachia
SP6302,Lysimachia vulgaris,0,Lysimachia
SP6302,Lythrum alatum,0,Lythrum
SP6302,Lythrum salicaria,0,Lythrum
SP6302,Malva sylvestris,0,Malva
SP6302,Matricaria chamomilla,0,Matricaria
SP6302,Matricaria discoidea,0,Matricaria
SP6302,Medicago lupulina,35,Medicago
SP6302,Melampyrum pratense,0,Melampyrum
SP6302,Mentha aquatica,0,Mentha
SP6302,Mentha arvensis,0,Mentha
SP6302,Mercurialis perennis,0,Mercurialis
SP6302,Myosotis arvensis,0,Myosotis
SP6302,Myosotis discolor,0,Myosotis
SP6302,Myosotis sylvatica,0,Myosotis
SP6302,Narthecium ossifragum,0,Narthecium
SP6302,Odontites vernus,0,Odontites
SP6302,Oenanthe crocata,0,Oenanthe
SP6302,Origanum vulgare,0,Origanum
SP6302,Ornithopus perpusillus,0,Ornithopus
SP6302,Oxalis acetosella,0,Oxalis
SP6302,Panicum miliaceum,0,Panicum
SP6302,Papaver rhoeas,0,Papaver
SP6302,Pedicularis sylvatica,0,Pedicularis
SP6302,Persicaria amplexicaulis,0,Persicaria
SP6302,Persicaria bistorta,0,Persicaria
SP6302,Persicaria hydropiper,0,Persicaria
SP6302,Persicaria lapathifolia,0,Persicaria
SP6302,Persicaria maculosa,0,Persicaria
SP6302,Peucedanum ostruthium,0,Peucedanum
SP6302,Picris echioides,0,Picris
SP6302,Picris hieracioides,0,Picris
SP6302,Pilosella officinarum,0,Pilosella
SP6302,Pimpinella saxifraga,0,Pimpinella
SP6302,Pinguicula vulgaris,0,Pinguicula
SP6302,Plantago lanceolata,106.4,Plantago
SP6302,Plantago major,0,Plantago
SP6302,Plantago maritima,0,Plantago
SP6302,Poa annua,0,Poa
SP6302,Polygala serpyllifolia,0,Polygala
SP6302,Polygala vulgaris,0,Polygala
SP6302,Polygonum aviculare,0,Polygonum
SP6302,Potentilla anglica,0,Potentilla
SP6302,Potentilla anserina,0,Potentilla
SP6302,Potentilla erecta,0,Potentilla
SP6302,Potentilla recta,0,Potentilla
SP6302,Potentilla reptans,0,Potentilla
SP6302,Prunella vulgaris,0,Prunella
SP6302,Prunus spinosa,0,Prunus
SP6302,Pulicaria dysenterica,0,Pulicaria
SP6302,Ranunculus acris,167,Ranunculus
SP6302,Ranunculus bulbosus,260,Ranunculus
SP6302,Ranunculus ficaria,0,Ranunculus
SP6302,Ranunculus flammula,0,Ranunculus
SP6302,Ranunculus repens,0,Ranunculus
SP6302,Ranunculus sardous,0,Ranunculus
SP6302,Raphanus raphanistrum,0,Raphanus
SP6302,Raphanus sativus,0,Raphanus
SP6302,Rhinanthus minor,4,Rhinanthus
SP6302,Rosa arvensis,0,Rosa
SP6302,Rosa canina,0,Rosa
SP6302,Rubus caesius,0,Rubus
SP6302,Rubus fruticosus,16,Rubus
SP6302,Rubus idaeus,0,Rubus
SP6302,Rumex acetosa,4,Rumex
SP6302,Rumex acetosella,0,Rumex
SP6302,Rumex crispus,0,Rumex
SP6302,Rumex obtusifolius,0,Rumex
SP6302,Rumex sanguineus,0,Rumex
SP6302,Sagina saginoides,0,Sagina
SP6302,Sambucus nigra,34,Sambucus
SP6302,Sanguisorba officinalis,0,Sanguisorba
SP6302,Scorzoneroides autumnalis,0,Scorzoneroides
SP6302,Scrophularia auriculata,0,Scrophularia
SP6302,Scrophularia nodosa,0,Scrophularia
SP6302,Sedum anglicum,0,Sedum
SP6302,Senecio erucifolius,0,Senecio
SP6302,Senecio jacobaea,0,Senecio
SP6302,Senecio vulgaris,0,Senecio
SP6302,Sherardia arvensis,0,Sherardia
SP6302,Silene dioica,0,Silene
SP6302,Silene latifolia,96,Silene
SP6302,Silybum marianum,0,Silybum
SP6302,Sinapis alba,0,Sinapis
SP6302,Sinapis arvensis,0,Sinapis
SP6302,Sisymbrium officinale,0,Sisymbrium
SP6302,Solanum dulcamara,0,Solanum
SP6302,Solanum nigrum,0,Solanum
SP6302,Solanum tuberosum,0,Solanum
SP6302,Sonchus arvensis,0,Sonchus
SP6302,Sonchus asper,0,Sonchus
SP6302,Sonchus oleraceus,0,Sonchus
SP6302,Sorbus aucuparia,0,Sorbus
SP6302,Spergula arvensis,0,Spergula
SP6302,Spergularia media,0,Spergularia
SP6302,Stachys arvensis,0,Stachys
SP6302,Stachys palustris,0,Stachys
SP6302,Stachys sylvatica,0,Stachys
SP6302,Stellaria alsine,0,Stellaria
SP6302,Stellaria graminea,0,Stellaria
SP6302,Stellaria holostea,0,Stellaria
SP6302,Stellaria media,0,Stellaria
SP6302,Suaeda maritima,0,Suaeda
SP6302,Succisa pratensis,0,Succisa
SP6302,Symphytum officinale,0,Symphytum
SP6302,Taraxacum agg,0,Taraxacum
SP6302,Taraxacum officinale,0,Taraxacum
SP6302,Teucrium scorodonia,0,Teucrium
SP6302,Thlaspi arvense,0,Thlaspi
SP6302,Thymus polytrichus,0,Thymus
SP6302,Thymus vulgaris,0,Thymus
SP6302,Torilis japonica,0,Torilis
SP6302,Tragopogon pratensis,0,Tragopogon
SP6302,Trientalis europaea,0,Trientalis
SP6302,Trifolium arvense,0,Trifolium
SP6302,Trifolium campestre,0,Trifolium
SP6302,Trifolium constantinopolitanum,0,Trifolium
SP6302,Trifolium dubium,0,Trifolium
SP6302,Trifolium pratense,18,Trifolium
SP6302,Trifolium repens,0,Trifolium
SP6302,Tripleurospermum inodorum,0,Tripleurospermum
SP6302,Tripleurospermum maritimum,0,Tripleurospermum
SP6302,Turgenia latifolia,0,Turgenia
SP6302,Ulex europaeus,0,Ulex
SP6302,Ulex gallii,0,Ulex
SP6302,Urtica dioica,0,Urtica
SP6302,Vaccinium myrtillus,0,Vaccinium
SP6302,Vaccinium oxycoccos,0,Vaccinium
SP6302,Vaccinium vitis,0,Vaccinium
SP6302,Valeriana dioica,0,Valeriana
SP6302,Valeriana officinalis,0,Valeriana
SP6302,Verbena officinalis,0,Verbena
SP6302,Verbena x,0,Verbena
SP6302,Veronica agrestis,0,Veronica
SP6302,Veronica arvensis,0,Veronica
SP6302,Veronica beccabunga,0,Veronica
SP6302,Veronica chamaedrys,654,Veronica
SP6302,Veronica hederifolia,0,Veronica
SP6302,Veronica montana,0,Veronica
SP6302,Veronica officinalis,0,Veronica
SP6302,Veronica persica,0,Veronica
SP6302,Veronica polita,0,Veronica
SP6302,Veronica serpyllifolia,0,Veronica
SP6302,Vicia benghalensis,0,Vicia
SP6302,Vicia cracca,0,Vicia
SP6302,Vicia faba,0,Vicia
SP6302,Vicia hirsuta,0,Vicia
SP6302,Vicia lutea,0,Vicia
SP6302,Vicia sativa,35,Vicia
SP6302,Vicia sepium,0,Vicia
SP6302,Vicia spp,12,Vicia
SP6302,Vicia tetrasperma,0,Vicia
SP6302,Viola arvensis,0,Viola
SP6302,Viola canina,0,Viola
SP6302,Viola palustris,0,Viola
SP6302,Viola riviniana,0,Viola
SP6302,Zea mays,0,Zea
SS8395,Acer pseudoplatanus,0,Acer
SS8395,Achillea millefolium,0,Achillea
SS8395,Achillea ptarmica,0,Achillea
SS8395,Aegopodium podagraria,0,Aegopodium
SS8395,Aethusa cynapium,0,Aethusa
SS8395,Ajuga reptans,0,Ajuga
SS8395,Alliaria petiolata,0,Alliaria
SS8395,Alnus glutinosa,0,Alnus
SS8395,Anagallis arvensis,0,Anagallis
SS8395,Anchusa arvensis,0,Anchusa
SS8395,Anemone nemorosa,0,Anemone
SS8395,Angelica sylvestris,3,Angelica
SS8395,Anthemis cotula,0,Anthemis
SS8395,Anthriscus caucalis,0,Anthriscus
SS8395,Anthriscus sylvestris,0,Anthriscus
SS8395,Apium nodiflorum,0,Apium
SS8395,Armeria maritima,0,Armeria
SS8395,Artemisia absinthium,0,Artemisia
SS8395,Artemisia annua,0,Artemisia
SS8395,Artemisia vulgaris,0,Artemisia
SS8395,Aster tripolium,0,Aster
SS8395,Atriplex patula,0,Atriplex
SS8395,Atriplex portulacoides,0,Atriplex
SS8395,Ballota nigra,0,Ballota
SS8395,Barbarea vulgaris,0,Barbarea
SS8395,Bellis perennis,0,Bellis
SS8395,Berula erecta,0,Berula
SS8395,Brassica napus,0,Brassica
SS8395,Brassica oleracea,0,Brassica
SS8395,Brassica rapa,0,Brassica
SS8395,Bryonia dioica,0,Bryonia
SS8395,Buddleja davidii,50,Buddleja
SS8395,Bupleurum tenuissimum,0,Bupleurum
SS8395,Calluna vulgaris,0,Calluna
SS8395,Caltha palustris,0,Caltha
SS8395,Calystegia sepium,0,Calystegia
SS8395,Campanula rotundifolia,0,Campanula
SS8395,Capsella bursa,0,Capsella
SS8395,Cardamine flexuosa,3,Cardamine
SS8395,Cardamine hirsuta,12.5,Cardamine
SS8395,Cardamine pratensis,0,Cardamine
SS8395,Carduus nutans,0,Carduus
SS8395,Carum verticillatum,0,Carum
SS8395,Centaurea cyanus,0,Centaurea
SS8395,Centaurea nigra,0,Centaurea
SS8395,Centaurea scabiosa,0,Centaurea
SS8395,Centaurium erythraea,0,Centaurium
SS8395,Cerastium arvense,0,Cerastium
SS8395,Cerastium fontanum,0,Cerastium
SS8395,Cerastium glomeratum,0,Cerastium
SS8395,Ceratocapnos claviculata,0,Ceratocapnos
SS8395,Chaerophyllum temulum,0,Chaerophyllum
SS8395,Chamaemelum nobile,0,Chamaemelum
SS8395,Chamerion angustifolium,87,Chamerion
SS8395,Chenopodium album,0,Chenopodium
SS8395,Chenopodium ficifolium,0,Chenopodium
SS8395,Chenopodium quinoa,0,Chenopodium
SS8395,Cichorium intybus,0,Cichorium
SS8395,Circaea lutetiana,0,Circaea
SS8395,Cirsium arvense,0,Cirsium
SS8395,Cirsium eriophorum,0,Cirsium
SS8395,Cirsium palustre,0,Cirsium
SS8395,Cirsium vulgare,0,Cirsium
SS8395,Clematis vitalba,0,Clematis
SS8395,Clinopodium vulgare,0,Clinopodium
SS8395,Conium maculatum,0,Conium
SS8395,Conopodium majus,9,Conopodium
SS8395,Convolvulus arvensis,0,Convolvulus
SS8395,Conyza canadensis,0,Conyza
SS8395,Cotoneaster salicifolius,0,Cotoneaster
SS8395,Crataegus monogyna,0,Crataegus
SS8395,Crepis capillaris,0,Crepis
SS8395,Crepis vesicaria,0,Crepis
SS8395,Cruciata laevipes,0,Cruciata
SS8395,Cytisus scoparius,0,Cytisus
SS8395,Dactylorhiza fuchsii,0,Dactylorhiza
SS8395,Dactylorhiza maculata,0,Dactylorhiza
SS8395,Daucus carota,0,Daucus
SS8395,Digitalis ferruginea,0,Digitalis
SS8395,Digitalis grandiflora,0,Digitalis
SS8395,Digitalis purpurea,78,Digitalis
SS8395,Dioscorea communis,0,Dioscorea
SS8395,Doronicum plantagineum,0,Doronicum
SS8395,Drosera anglica,0,Drosera
SS8395,Drosera rotundifolia,0,Drosera
SS8395,Dryas octopetala,0,Dryas
SS8395,Epilobium hirsutum,0,Epilobium
SS8395,Epilobium montanum,206,Epilobium
SS8395,Epilobium obscurum,0,Epilobium
SS8395,Epilobium palustre,0,Epilobium
SS8395,Epilobium parviflorum,0,Epilobium
SS8395,Epilobium roseum,0,Epilobium
SS8395,Epilobium tetragonum,0,Epilobium
SS8395,Erica cinerea,0,Erica
SS8395,Erica tetralix,0,Erica
SS8395,Eriophorum vaginatum,0,Eriophorum
SS8395,Eupatorium cannabinum,0,Eupatorium
SS8395,Euphorbia exigua,0,Euphorbia
SS8395,Euphorbia helioscopia,0,Euphorbia
SS8395,Euphrasia officinalis,0,Euphrasia
SS8395,Fagopyrum esculentum,0,Fagopyrum
SS8395,Fallopia convolvulus,0,Fallopia
SS8395,Filipendula ulmaria,0,Filipendula
SS8395,Fumaria officinalis,0,Fumaria
SS8395,Galeopsis speciosa,0,Galeopsis
SS8395,Galeopsis tetrahit,0,Galeopsis
SS8395,Galium aparine,87,Galium
SS8395,Galium mollugo,0,Galium
SS8395,Galium odoratum,0,Galium
SS8395,Galium palustre,0,Galium
SS8395,Galium saxatile,0,Galium
SS8395,Galium verum,0,Galium
SS8395,Genista anglica,0,Genista
SS8395,Geranium dissectum,0,Geranium
SS8395,Geranium molle,0,Geranium
SS8395,Geranium nodosum,0,Geranium
SS8395,Geranium pratense,0,Geranium
SS8395,Geranium pyrenaicum,0,Geranium
SS8395,Geranium robertianum,250,Geranium
SS8395,Geum urbanum,0,Geum
SS8395,Glechoma hederacea,0,Glechoma
SS8395,Hedera helix,0,Hedera
SS8395,Helianthus annuus,0,Helianthus
SS8395,Heracleum mantegazzianum,0,Heracleum
SS8395,Heracleum sphondylium,47,Heracleum
SS8395,Hippocrepis comosa,0,Hippocrepis
SS8395,Hordeum vulgare,0,Hordeum
SS8395,Hyacinthoides non,113.75,Hyacinthoides
SS8395,Hypericum forrestii,0,Hypericum
SS8395,Hypericum perforatum,0,Hypericum
SS8395,Hypericum pulchrum,0,Hypericum
SS8395,Hypericum tetrapterum,0,Hypericum
SS8395,Hypochaeris radicata,0,Hypochaeris
SS8395,Ilex aquifolium,0,Ilex
SS8395,Impatiens glandulifera,1181,Impatiens
SS8395,Impatiens parviflora,0,Impatiens
SS8395,Iris pseudacorus,0,Iris
SS8395,Jacobaea erucifolia,0,Jacobaea
SS8395,Jacobaea vulgaris,0,Jacobaea
SS8395,Jasione montana,0,Jasione
SS8395,Juncus conglomeratus,0,Juncus
SS8395,Juncus effusus,0,Juncus
SS8395,Knautia arvensis,0,Knautia
SS8395,Lactuca serriola,0,Lactuca
SS8395,Lamium album,0,Lamium
SS8395,Lamium galeobdolon,0,Lamium
SS8395,Lamium purpureum,0,Lamium
SS8395,Lapsana communis,5,Lapsana
SS8395,Lathyrus aphaca,0,Lathyrus
SS8395,Lathyrus linifolius,0,Lathyrus
SS8395,Lathyrus pratensis,0,Lathyrus
SS8395,Leontodon hispidus,0,Leontodon
SS8395,Leontodon saxatilis,0,Leontodon
SS8395,Leucanthemum vulgare,0,Leucanthemum
SS8395,Ligusticum scoticum,0,Ligusticum
SS8395,Limonium vulgare,0,Limonium
SS8395,Linaria vulgaris,0,Linaria
SS8395,Linum catharticum,0,Linum
SS8395,Linum usitatissimum,0,Linum
SS8395,Lonicera caprifolium,0,Lonicera
SS8395,Lonicera periclymenum,0,Lonicera
SS8395,Lotus angustissimus,0,Lotus
SS8395,Lotus corniculatus,0,Lotus
SS8395,Lotus pedunculatus,0,Lotus
SS8395,Lotus subbiflorus,0,Lotus
SS8395,Luzula campestris,0,Luzula
SS8395,Lysimachia nemorum,0,Lysimachia
SS8395,Lysimachia punctata,0,Lysimachia
SS8395,Lysimachia vulgaris,0,Lysimachia
SS8395,Lythrum alatum,0,Lythrum
SS8395,Lythrum salicaria,0,Lythrum
SS8395,Malva sylvestris,0,Malva
SS8395,Matricaria chamomilla,0,Matricaria
SS8395,Matricaria discoidea,0,Matricaria
SS8395,Medicago lupulina,0,Medicago
SS8395,Melampyrum pratense,0,Melampyrum
SS8395,Mentha aquatica,0,Mentha
SS8395,Mentha arvensis,0,Mentha
SS8395,Mercurialis perennis,0,Mercurialis
SS8395,Myosotis arvensis,0,Myosotis
SS8395,Myosotis discolor,0,Myosotis
SS8395,Myosotis sylvatica,0,Myosotis
SS8395,Narthecium ossifragum,0,Narthecium
SS8395,Odontites vernus,0,Odontites
SS8395,Oenanthe crocata,0,Oenanthe
SS8395,Origanum vulgare,0,Origanum
SS8395,Ornithopus perpusillus,0,Ornithopus
SS8395,Oxalis acetosella,1,Oxalis
SS8395,Panicum miliaceum,0,Panicum
SS8395,Papaver rhoeas,0,Papaver
SS8395,Pedicularis sylvatica,0,Pedicularis
SS8395,Persicaria amplexicaulis,0,Persicaria
SS8395,Persicaria bistorta,0,Persicaria
SS8395,Persicaria hydropiper,0,Persicaria
SS8395,Persicaria lapathifolia,0,Persicaria
SS8395,Persicaria maculosa,0,Persicaria
SS8395,Peucedanum ostruthium,0,Peucedanum
SS8395,Picris echioides,0,Picris
SS8395,Picris hieracioides,0,Picris
SS8395,Pilosella officinarum,0,Pilosella
SS8395,Pimpinella saxifraga,0,Pimpinella
SS8395,Pinguicula vulgaris,0,Pinguicula
SS8395,Plantago lanceolata,0,Plantago
SS8395,Plantago major,0,Plantago
SS8395,Plantago maritima,0,Plantago
SS8395,Poa annua,0,Poa
SS8395,Polygala serpyllifolia,0,Polygala
SS8395,Polygala vulgaris,0,Polygala
SS8395,Polygonum aviculare,0,Polygonum
SS8395,Potentilla anglica,0,Potentilla
SS8395,Potentilla anserina,0,Potentilla
SS8395,Potentilla erecta,76,Potentilla
SS8395,Potentilla recta,0,Potentilla
SS8395,Potentilla reptans,0,Potentilla
SS8395,Prunella vulgaris,0,Prunella
SS8395,Prunus spinosa,0,Prunus
SS8395,Pulicaria dysenterica,0,Pulicaria
SS8395,Ranunculus acris,12,Ranunculus
SS8395,Ranunculus bulbosus,0,Ranunculus
SS8395,Ranunculus ficaria,0,Ranunculus
SS8395,Ranunculus flammula,0,Ranunculus
SS8395,Ranunculus repens,0,Ranunculus
SS8395,Ranunculus sardous,0,Ranunculus
SS8395,Raphanus raphanistrum,0,Raphanus
SS8395,Raphanus sativus,0,Raphanus
SS8395,Rhinanthus minor,0,Rhinanthus
SS8395,Rosa arvensis,0,Rosa
SS8395,Rosa canina,0,Rosa
SS8395,Rubus caesius,0,Rubus
SS8395,Rubus fruticosus,387,Rubus
SS8395,Rubus idaeus,0,Rubus
SS8395,Rumex acetosa,41,Rumex
SS8395,Rumex acetosella,0,Rumex
SS8395,Rumex crispus,0,Rumex
SS8395,Rumex obtusifolius,26,Rumex
SS8395,Rumex sanguineus,0,Rumex
SS8395,Sagina saginoides,0,Sagina
SS8395,Sambucus nigra,0,Sambucus
SS8395,Sanguisorba officinalis,0,Sanguisorba
SS8395,Scorzoneroides autumnalis,0,Scorzoneroides
SS8395,Scrophularia auriculata,0,Scrophularia
SS8395,Scrophularia nodosa,0,Scrophularia
SS8395,Sedum anglicum,0,Sedum
SS8395,Senecio erucifolius,0,Senecio
SS8395,Senecio jacobaea,0,Senecio
SS8395,Senecio vulgaris,0,Senecio
SS8395,Sherardia arvensis,0,Sherardia
SS8395,Silene dioica,0,Silene
SS8395,Silene latifolia,0,Silene
SS8395,Silybum marianum,0,Silybum
SS8395,Sinapis alba,0,Sinapis
SS8395,Sinapis arvensis,0,Sinapis
SS8395,Sisymbrium officinale,0,Sisymbrium
SS8395,Solanum dulcamara,0,Solanum
SS8395,Solanum nigrum,0,Solanum
SS8395,Solanum tuberosum,0,Solanum
SS8395,Sonchus arvensis,0,Sonchus
SS8395,Sonchus asper,36,Sonchus
SS8395,Sonchus oleraceus,0,Sonchus
SS8395,Sorbus aucuparia,0,Sorbus
SS8395,Spergula arvensis,0,Spergula
SS8395,Spergularia media,0,Spergularia
SS8395,Stachys arvensis,0,Stachys
SS8395,Stachys palustris,0,Stachys
SS8395,Stachys sylvatica,0,Stachys
SS8395,Stellaria alsine,0,Stellaria
SS8395,Stellaria graminea,0,Stellaria
SS8395,Stellaria holostea,0,Stellaria
SS8395,Stellaria media,0,Stellaria
SS8395,Suaeda maritima,0,Suaeda
SS8395,Succisa pratensis,0,Succisa
SS8395,Symphytum officinale,0,Symphytum
SS8395,Taraxacum agg,0,Taraxacum
SS8395,Taraxacum officinale,0,Taraxacum
SS8395,Teucrium scorodonia,0,Teucrium
SS8395,Thlaspi arvense,0,Thlaspi
SS8395,Thymus polytrichus,0,Thymus
SS8395,Thymus vulgaris,0,Thymus
SS8395,Torilis japonica,0,Torilis
SS8395,Tragopogon pratensis,0,Tragopogon
SS8395,Trientalis europaea,0,Trientalis
SS8395,Trifolium arvense,0,Trifolium
SS8395,Trifolium campestre,0,Trifolium
SS8395,Trifolium constantinopolitanum,0,Trifolium
SS8395,Trifolium dubium,0,Trifolium
SS8395,Trifolium pratense,0,Trifolium
SS8395,Trifolium repens,0,Trifolium
SS8395,Tripleurospermum inodorum,0,Tripleurospermum
SS8395,Tripleurospermum maritimum,0,Tripleurospermum
SS8395,Turgenia latifolia,0,Turgenia
SS8395,Ulex europaeus,0,Ulex
SS8395,Ulex gallii,0,Ulex
SS8395,Urtica dioica,45,Urtica
SS8395,Vaccinium myrtillus,0,Vaccinium
SS8395,Vaccinium oxycoccos,0,Vaccinium
SS8395,Vaccinium vitis,0,Vaccinium
SS8395,Valeriana dioica,0,Valeriana
SS8395,Valeriana officinalis,0,Valeriana
SS8395,Verbena officinalis,0,Verbena
SS8395,Verbena x,0,Verbena
SS8395,Veronica agrestis,0,Veronica
SS8395,Veronica arvensis,0,Veronica
SS8395,Veronica beccabunga,0,Veronica
SS8395,Veronica chamaedrys,0,Veronica
SS8395,Veronica hederifolia,0,Veronica
SS8395,Veronica montana,0,Veronica
SS8395,Veronica officinalis,0,Veronica
SS8395,Veronica persica,0,Veronica
SS8395,Veronica polita,0,Veronica
SS8395,Veronica serpyllifolia,0,Veronica
SS8395,Vicia benghalensis,0,Vicia
SS8395,Vicia cracca,0,Vicia
SS8395,Vicia faba,0,Vicia
SS8395,Vicia hirsuta,0,Vicia
SS8395,Vicia lutea,0,Vicia
SS8395,Vicia sativa,0,Vicia
SS8395,Vicia sepium,0,Vicia
SS8395,Vicia spp,0,Vicia
SS8395,Vicia tetrasperma,0,Vicia
SS8395,Viola arvensis,0,Viola
SS8395,Viola canina,0,Viola
SS8395,Viola palustris,0,Viola
SS8395,Viola riviniana,0,Viola
SS8395,Zea mays,0,Zea
ST2636,Acer pseudoplatanus,0,Acer
ST2636,Achillea millefolium,0,Achillea
ST2636,Achillea ptarmica,0,Achillea
ST2636,Aegopodium podagraria,0,Aegopodium
ST2636,Aethusa cynapium,0,Aethusa
ST2636,Ajuga reptans,0,Ajuga
ST2636,Alliaria petiolata,0,Alliaria
ST2636,Alnus glutinosa,0,Alnus
ST2636,Anagallis arvensis,4,Anagallis
ST2636,Anchusa arvensis,0,Anchusa
ST2636,Anemone nemorosa,0,Anemone
ST2636,Angelica sylvestris,0,Angelica
ST2636,Anthemis cotula,0,Anthemis
ST2636,Anthriscus caucalis,0,Anthriscus
ST2636,Anthriscus sylvestris,0,Anthriscus
ST2636,Apium nodiflorum,0,Apium
ST2636,Armeria maritima,0,Armeria
ST2636,Artemisia absinthium,0,Artemisia
ST2636,Artemisia annua,0,Artemisia
ST2636,Artemisia vulgaris,0,Artemisia
ST2636,Aster tripolium,0,Aster
ST2636,Atriplex patula,0,Atriplex
ST2636,Atriplex portulacoides,0,Atriplex
ST2636,Ballota nigra,0,Ballota
ST2636,Barbarea vulgaris,0,Barbarea
ST2636,Bellis perennis,0,Bellis
ST2636,Berula erecta,0,Berula
ST2636,Brassica napus,0,Brassica
ST2636,Brassica oleracea,0,Brassica
ST2636,Brassica rapa,0,Brassica
ST2636,Bryonia dioica,0,Bryonia
ST2636,Buddleja davidii,0,Buddleja
ST2636,Bupleurum tenuissimum,0,Bupleurum
ST2636,Calluna vulgaris,0,Calluna
ST2636,Caltha palustris,0,Caltha
ST2636,Calystegia sepium,3,Calystegia
ST2636,Campanula rotundifolia,0,Campanula
ST2636,Capsella bursa,0,Capsella
ST2636,Cardamine flexuosa,0,Cardamine
ST2636,Cardamine hirsuta,0,Cardamine
ST2636,Cardamine pratensis,0,Cardamine
ST2636,Carduus nutans,0,Carduus
ST2636,Carum verticillatum,0,Carum
ST2636,Centaurea cyanus,0,Centaurea
ST2636,Centaurea nigra,0,Centaurea
ST2636,Centaurea scabiosa,0,Centaurea
ST2636,Centaurium erythraea,0,Centaurium
ST2636,Cerastium arvense,0,Cerastium
ST2636,Cerastium fontanum,0,Cerastium
ST2636,Cerastium glomeratum,0,Cerastium
ST2636,Ceratocapnos claviculata,0,Ceratocapnos
ST2636,Chaerophyllum temulum,0,Chaerophyllum
ST2636,Chamaemelum nobile,0,Chamaemelum
ST2636,Chamerion angustifolium,0,Chamerion
ST2636,Chenopodium album,0,Chenopodium
ST2636,Chenopodium ficifolium,0,Chenopodium
ST2636,Chenopodium quinoa,0,Chenopodium
ST2636,Cichorium intybus,17,Cichorium
ST2636,Circaea lutetiana,0,Circaea
ST2636,Cirsium arvense,34,Cirsium
ST2636,Cirsium eriophorum,1,Cirsium
ST2636,Cirsium palustre,0,Cirsium
ST2636,Cirsium vulgare,0,Cirsium
ST2636,Clematis vitalba,0,Clematis
ST2636,Clinopodium vulgare,0,Clinopodium
ST2636,Conium maculatum,0,Conium
ST2636,Conopodium majus,0,Conopodium
ST2636,Convolvulus arvensis,47,Convolvulus
ST2636,Conyza canadensis,0,Conyza
ST2636,Cotoneaster salicifolius,0,Cotoneaster
ST2636,Crataegus monogyna,0,Crataegus
ST2636,Crepis capillaris,4,Crepis
ST2636,Crepis vesicaria,23,Crepis
ST2636,Cruciata laevipes,0,Cruciata
ST2636,Cytisus scoparius,0,Cytisus
ST2636,Dactylorhiza fuchsii,0,Dactylorhiza
ST2636,Dactylorhiza maculata,0,Dactylorhiza
ST2636,Daucus carota,0,Daucus
ST2636,Digitalis ferruginea,0,Digitalis
ST2636,Digitalis grandiflora,0,Digitalis
ST2636,Digitalis purpurea,0,Digitalis
ST2636,Dioscorea communis,0,Dioscorea
ST2636,Doronicum plantagineum,0,Doronicum
ST2636,Drosera anglica,0,Drosera
ST2636,Drosera rotundifolia,0,Drosera
ST2636,Dryas octopetala,0,Dryas
ST2636,Epilobium hirsutum,90,Epilobium
ST2636,Epilobium montanum,0,Epilobium
ST2636,Epilobium obscurum,0,Epilobium
ST2636,Epilobium palustre,0,Epilobium
ST2636,Epilobium parviflorum,9,Epilobium
ST2636,Epilobium roseum,0,Epilobium
ST2636,Epilobium tetragonum,0,Epilobium
ST2636,Erica cinerea,0,Erica
ST2636,Erica tetralix,0,Erica
ST2636,Eriophorum vaginatum,0,Eriophorum
ST2636,Eupatorium cannabinum,0,Eupatorium
ST2636,Euphorbia exigua,0,Euphorbia
ST2636,Euphorbia helioscopia,0,Euphorbia
ST2636,Euphrasia officinalis,0,Euphrasia
ST2636,Fagopyrum esculentum,0,Fagopyrum
ST2636,Fallopia convolvulus,0,Fallopia
ST2636,Filipendula ulmaria,0,Filipendula
ST2636,Fumaria officinalis,0,Fumaria
ST2636,Galeopsis speciosa,0,Galeopsis
ST2636,Galeopsis tetrahit,0,Galeopsis
ST2636,Galium aparine,0,Galium
ST2636,Galium mollugo,0,Galium
ST2636,Galium odoratum,0,Galium
ST2636,Galium palustre,0,Galium
ST2636,Galium saxatile,0,Galium
ST2636,Galium verum,0,Galium
ST2636,Genista anglica,0,Genista
ST2636,Geranium dissectum,53,Geranium
ST2636,Geranium molle,0,Geranium
ST2636,Geranium nodosum,0,Geranium
ST2636,Geranium pratense,0,Geranium
ST2636,Geranium pyrenaicum,0,Geranium
ST2636,Geranium robertianum,0,Geranium
ST2636,Geum urbanum,0,Geum
ST2636,Glechoma hederacea,0,Glechoma
ST2636,Hedera helix,0,Hedera
ST2636,Helianthus annuus,0,Helianthus
ST2636,Heracleum mantegazzianum,0,Heracleum
ST2636,Heracleum sphondylium,22,Heracleum
ST2636,Hippocrepis comosa,61,Hippocrepis
ST2636,Hordeum vulgare,0,Hordeum
ST2636,Hyacinthoides non,0,Hyacinthoides
ST2636,Hypericum forrestii,0,Hypericum
ST2636,Hypericum perforatum,0,Hypericum
ST2636,Hypericum pulchrum,0,Hypericum
ST2636,Hypericum tetrapterum,0,Hypericum
ST2636,Hypochaeris radicata,0,Hypochaeris
ST2636,Ilex aquifolium,0,Ilex
ST2636,Impatiens glandulifera,0,Impatiens
ST2636,Impatiens parviflora,0,Impatiens
ST2636,Iris pseudacorus,0,Iris
ST2636,Jacobaea erucifolia,0,Jacobaea
ST2636,Jacobaea vulgaris,48,Jacobaea
ST2636,Jasione montana,0,Jasione
ST2636,Juncus conglomeratus,0,Juncus
ST2636,Juncus effusus,0,Juncus
ST2636,Knautia arvensis,0,Knautia
ST2636,Lactuca serriola,0,Lactuca
ST2636,Lamium album,0,Lamium
ST2636,Lamium galeobdolon,0,Lamium
ST2636,Lamium purpureum,1,Lamium
ST2636,Lapsana communis,3,Lapsana
ST2636,Lathyrus aphaca,0,Lathyrus
ST2636,Lathyrus linifolius,0,Lathyrus
ST2636,Lathyrus pratensis,0,Lathyrus
ST2636,Leontodon hispidus,0,Leontodon
ST2636,Leontodon saxatilis,0,Leontodon
ST2636,Leucanthemum vulgare,0,Leucanthemum
ST2636,Ligusticum scoticum,0,Ligusticum
ST2636,Limonium vulgare,0,Limonium
ST2636,Linaria vulgaris,0,Linaria
ST2636,Linum catharticum,0,Linum
ST2636,Linum usitatissimum,0,Linum
ST2636,Lonicera caprifolium,0,Lonicera
ST2636,Lonicera periclymenum,0,Lonicera
ST2636,Lotus angustissimus,0,Lotus
ST2636,Lotus corniculatus,0,Lotus
ST2636,Lotus pedunculatus,0,Lotus
ST2636,Lotus subbiflorus,0,Lotus
ST2636,Luzula campestris,0,Luzula
ST2636,Lysimachia nemorum,0,Lysimachia
ST2636,Lysimachia punctata,0,Lysimachia
ST2636,Lysimachia vulgaris,0,Lysimachia
ST2636,Lythrum alatum,0,Lythrum
ST2636,Lythrum salicaria,0,Lythrum
ST2636,Malva sylvestris,0,Malva
ST2636,Matricaria chamomilla,1080,Matricaria
ST2636,Matricaria discoidea,0,Matricaria
ST2636,Medicago lupulina,134,Medicago
ST2636,Melampyrum pratense,0,Melampyrum
ST2636,Mentha aquatica,0,Mentha
ST2636,Mentha arvensis,0,Mentha
ST2636,Mercurialis perennis,0,Mercurialis
ST2636,Myosotis arvensis,253,Myosotis
ST2636,Myosotis discolor,0,Myosotis
ST2636,Myosotis sylvatica,0,Myosotis
ST2636,Narthecium ossifragum,0,Narthecium
ST2636,Odontites vernus,0,Odontites
ST2636,Oenanthe crocata,0,Oenanthe
ST2636,Origanum vulgare,0,Origanum
ST2636,Ornithopus perpusillus,0,Ornithopus
ST2636,Oxalis acetosella,0,Oxalis
ST2636,Panicum miliaceum,0,Panicum
ST2636,Papaver rhoeas,3,Papaver
ST2636,Pedicularis sylvatica,0,Pedicularis
ST2636,Persicaria amplexicaulis,0,Persicaria
ST2636,Persicaria bistorta,0,Persicaria
ST2636,Persicaria hydropiper,0,Persicaria
ST2636,Persicaria lapathifolia,0,Persicaria
ST2636,Persicaria maculosa,41,Persicaria
ST2636,Peucedanum ostruthium,0,Peucedanum
ST2636,Picris echioides,5,Picris
ST2636,Picris hieracioides,0,Picris
ST2636,Pilosella officinarum,0,Pilosella
ST2636,Pimpinella saxifraga,0,Pimpinella
ST2636,Pinguicula vulgaris,0,Pinguicula
ST2636,Plantago lanceolata,2,Plantago
ST2636,Plantago major,0,Plantago
ST2636,Plantago maritima,0,Plantago
ST2636,Poa annua,0,Poa
ST2636,Polygala serpyllifolia,0,Polygala
ST2636,Polygala vulgaris,0,Polygala
ST2636,Polygonum aviculare,0,Polygonum
ST2636,Potentilla anglica,0,Potentilla
ST2636,Potentilla anserina,0,Potentilla
ST2636,Potentilla erecta,0,Potentilla
ST2636,Potentilla recta,0,Potentilla
ST2636,Potentilla reptans,0,Potentilla
ST2636,Prunella vulgaris,5,Prunella
ST2636,Prunus spinosa,0,Prunus
ST2636,Pulicaria dysenterica,0,Pulicaria
ST2636,Ranunculus acris,0,Ranunculus
ST2636,Ranunculus bulbosus,0,Ranunculus
ST2636,Ranunculus ficaria,0,Ranunculus
ST2636,Ranunculus flammula,0,Ranunculus
ST2636,Ranunculus repens,81,Ranunculus
ST2636,Ranunculus sardous,0,Ranunculus
ST2636,Raphanus raphanistrum,7,Raphanus
ST2636,Raphanus sativus,50,Raphanus
ST2636,Rhinanthus minor,0,Rhinanthus
ST2636,Rosa arvensis,0,Rosa
ST2636,Rosa canina,0,Rosa
ST2636,Rubus caesius,0,Rubus
ST2636,Rubus fruticosus,42,Rubus
ST2636,Rubus idaeus,0,Rubus
ST2636,Rumex acetosa,0,Rumex
ST2636,Rumex acetosella,56,Rumex
ST2636,Rumex crispus,0,Rumex
ST2636,Rumex obtusifolius,86,Rumex
ST2636,Rumex sanguineus,0,Rumex
ST2636,Sagina saginoides,0,Sagina
ST2636,Sambucus nigra,0,Sambucus
ST2636,Sanguisorba officinalis,0,Sanguisorba
ST2636,Scorzoneroides autumnalis,0,Scorzoneroides
ST2636,Scrophularia auriculata,0,Scrophularia
ST2636,Scrophularia nodosa,0,Scrophularia
ST2636,Sedum anglicum,0,Sedum
ST2636,Senecio erucifolius,0,Senecio
ST2636,Senecio jacobaea,41,Senecio
ST2636,Senecio vulgaris,2,Senecio
ST2636,Sherardia arvensis,4,Sherardia
ST2636,Silene dioica,79,Silene
ST2636,Silene latifolia,0,Silene
ST2636,Silybum marianum,0,Silybum
ST2636,Sinapis alba,15,Sinapis
ST2636,Sinapis arvensis,59,Sinapis
ST2636,Sisymbrium officinale,0,Sisymbrium
ST2636,Solanum dulcamara,0,Solanum
ST2636,Solanum nigrum,0,Solanum
ST2636,Solanum tuberosum,0,Solanum
ST2636,Sonchus arvensis,0,Sonchus
ST2636,Sonchus asper,16,Sonchus
ST2636,Sonchus oleraceus,0,Sonchus
ST2636,Sorbus aucuparia,0,Sorbus
ST2636,Spergula arvensis,0,Spergula
ST2636,Spergularia media,0,Spergularia
ST2636,Stachys arvensis,0,Stachys
ST2636,Stachys palustris,0,Stachys
ST2636,Stachys sylvatica,7,Stachys
ST2636,Stellaria alsine,0,Stellaria
ST2636,Stellaria graminea,0,Stellaria
ST2636,Stellaria holostea,0,Stellaria
ST2636,Stellaria media,9,Stellaria
ST2636,Suaeda maritima,0,Suaeda
ST2636,Succisa pratensis,0,Succisa
ST2636,Symphytum officinale,0,Symphytum
ST2636,Taraxacum agg,10,Taraxacum
ST2636,Taraxacum officinale,0,Taraxacum
ST2636,Teucrium scorodonia,0,Teucrium
ST2636,Thlaspi arvense,0,Thlaspi
ST2636,Thymus polytrichus,0,Thymus
ST2636,Thymus vulgaris,0,Thymus
ST2636,Torilis japonica,0,Torilis
ST2636,Tragopogon pratensis,0,Tragopogon
ST2636,Trientalis europaea,0,Trientalis
ST2636,Trifolium arvense,0,Trifolium
ST2636,Trifolium campestre,0,Trifolium
ST2636,Trifolium constantinopolitanum,0,Trifolium
ST2636,Trifolium dubium,2,Trifolium
ST2636,Trifolium pratense,193,Trifolium
ST2636,Trifolium repens,120,Trifolium
ST2636,Tripleurospermum inodorum,542,Tripleurospermum
ST2636,Tripleurospermum maritimum,39,Tripleurospermum
ST2636,Turgenia latifolia,0,Turgenia
ST2636,Ulex europaeus,0,Ulex
ST2636,Ulex gallii,0,Ulex
ST2636,Urtica dioica,118,Urtica
ST2636,Vaccinium myrtillus,0,Vaccinium
ST2636,Vaccinium oxycoccos,0,Vaccinium
ST2636,Vaccinium vitis,0,Vaccinium
ST2636,Valeriana dioica,0,Valeriana
ST2636,Valeriana officinalis,0,Valeriana
ST2636,Verbena officinalis,0,Verbena
ST2636,Verbena x,0,Verbena
ST2636,Veronica agrestis,0,Veronica
ST2636,Veronica arvensis,0,Veronica
ST2636,Veronica beccabunga,0,Veronica
ST2636,Veronica chamaedrys,0,Veronica
ST2636,Veronica hederifolia,0,Veronica
ST2636,Veronica montana,0,Veronica
ST2636,Veronica officinalis,0,Veronica
ST2636,Veronica persica,100,Veronica
ST2636,Veronica polita,0,Veronica
ST2636,Veronica serpyllifolia,0,Veronica
ST2636,Vicia benghalensis,0,Vicia
ST2636,Vicia cracca,0,Vicia
ST2636,Vicia faba,0,Vicia
ST2636,Vicia hirsuta,1516,Vicia
ST2636,Vicia lutea,0,Vicia
ST2636,Vicia sativa,15,Vicia
ST2636,Vicia sepium,51,Vicia
ST2636,Vicia spp,0,Vicia
ST2636,Vicia tetrasperma,0,Vicia
ST2636,Viola arvensis,70,Viola
ST2636,Viola canina,0,Viola
ST2636,Viola palustris,0,Viola
ST2636,Viola riviniana,0,Viola
ST2636,Zea mays,0,Zea
ST2983,Acer pseudoplatanus,0,Acer
ST2983,Achillea millefolium,0,Achillea
ST2983,Achillea ptarmica,0,Achillea
ST2983,Aegopodium podagraria,0,Aegopodium
ST2983,Aethusa cynapium,0,Aethusa
ST2983,Ajuga reptans,0,Ajuga
ST2983,Alliaria petiolata,0,Alliaria
ST2983,Alnus glutinosa,0,Alnus
ST2983,Anagallis arvensis,0,Anagallis
ST2983,Anchusa arvensis,0,Anchusa
ST2983,Anemone nemorosa,0,Anemone
ST2983,Angelica sylvestris,0,Angelica
ST2983,Anthemis cotula,0,Anthemis
ST2983,Anthriscus caucalis,0,Anthriscus
ST2983,Anthriscus sylvestris,12,Anthriscus
ST2983,Apium nodiflorum,0,Apium
ST2983,Armeria maritima,0,Armeria
ST2983,Artemisia absinthium,0,Artemisia
ST2983,Artemisia annua,0,Artemisia
ST2983,Artemisia vulgaris,0,Artemisia
ST2983,Aster tripolium,0,Aster
ST2983,Atriplex patula,0,Atriplex
ST2983,Atriplex portulacoides,0,Atriplex
ST2983,Ballota nigra,0,Ballota
ST2983,Barbarea vulgaris,0,Barbarea
ST2983,Bellis perennis,0,Bellis
ST2983,Berula erecta,0,Berula
ST2983,Brassica napus,0,Brassica
ST2983,Brassica oleracea,0,Brassica
ST2983,Brassica rapa,0,Brassica
ST2983,Bryonia dioica,0,Bryonia
ST2983,Buddleja davidii,0,Buddleja
ST2983,Bupleurum tenuissimum,0,Bupleurum
ST2983,Calluna vulgaris,0,Calluna
ST2983,Caltha palustris,0,Caltha
ST2983,Calystegia sepium,3,Calystegia
ST2983,Campanula rotundifolia,0,Campanula
ST2983,Capsella bursa,0,Capsella
ST2983,Cardamine flexuosa,0,Cardamine
ST2983,Cardamine hirsuta,0,Cardamine
ST2983,Cardamine pratensis,0,Cardamine
ST2983,Carduus nutans,0,Carduus
ST2983,Carum verticillatum,0,Carum
ST2983,Centaurea cyanus,0,Centaurea
ST2983,Centaurea nigra,0,Centaurea
ST2983,Centaurea scabiosa,0,Centaurea
ST2983,Centaurium erythraea,0,Centaurium
ST2983,Cerastium arvense,0,Cerastium
ST2983,Cerastium fontanum,0,Cerastium
ST2983,Cerastium glomeratum,0,Cerastium
ST2983,Ceratocapnos claviculata,0,Ceratocapnos
ST2983,Chaerophyllum temulum,0,Chaerophyllum
ST2983,Chamaemelum nobile,0,Chamaemelum
ST2983,Chamerion angustifolium,0,Chamerion
ST2983,Chenopodium album,0,Chenopodium
ST2983,Chenopodium ficifolium,0,Chenopodium
ST2983,Chenopodium quinoa,0,Chenopodium
ST2983,Cichorium intybus,0,Cichorium
ST2983,Circaea lutetiana,0,Circaea
ST2983,Cirsium arvense,50,Cirsium
ST2983,Cirsium eriophorum,0,Cirsium
ST2983,Cirsium palustre,0,Cirsium
ST2983,Cirsium vulgare,0,Cirsium
ST2983,Clematis vitalba,0,Clematis
ST2983,Clinopodium vulgare,0,Clinopodium
ST2983,Conium maculatum,0,Conium
ST2983,Conopodium majus,0,Conopodium
ST2983,Convolvulus arvensis,0,Convolvulus
ST2983,Conyza canadensis,0,Conyza
ST2983,Cotoneaster salicifolius,0,Cotoneaster
ST2983,Crataegus monogyna,200,Crataegus
ST2983,Crepis capillaris,0,Crepis
ST2983,Crepis vesicaria,0,Crepis
ST2983,Cruciata laevipes,0,Cruciata
ST2983,Cytisus scoparius,0,Cytisus
ST2983,Dactylorhiza fuchsii,0,Dactylorhiza
ST2983,Dactylorhiza maculata,0,Dactylorhiza
ST2983,Daucus carota,0,Daucus
ST2983,Digitalis ferruginea,0,Digitalis
ST2983,Digitalis grandiflora,0,Digitalis
ST2983,Digitalis purpurea,0,Digitalis
ST2983,Dioscorea communis,0,Dioscorea
ST2983,Doronicum plantagineum,0,Doronicum
ST2983,Drosera anglica,0,Drosera
ST2983,Drosera rotundifolia,0,Drosera
ST2983,Dryas octopetala,0,Dryas
ST2983,Epilobium hirsutum,57,Epilobium
ST2983,Epilobium montanum,0,Epilobium
ST2983,Epilobium obscurum,0,Epilobium
ST2983,Epilobium palustre,0,Epilobium
ST2983,Epilobium parviflorum,0,Epilobium
ST2983,Epilobium roseum,0,Epilobium
ST2983,Epilobium tetragonum,0,Epilobium
ST2983,Erica cinerea,0,Erica
ST2983,Erica tetralix,0,Erica
ST2983,Eriophorum vaginatum,0,Eriophorum
ST2983,Eupatorium cannabinum,0,Eupatorium
ST2983,Euphorbia exigua,0,Euphorbia
ST2983,Euphorbia helioscopia,0,Euphorbia
ST2983,Euphrasia officinalis,0,Euphrasia
ST2983,Fagopyrum esculentum,0,Fagopyrum
ST2983,Fallopia convolvulus,0,Fallopia
ST2983,Filipendula ulmaria,0,Filipendula
ST2983,Fumaria officinalis,0,Fumaria
ST2983,Galeopsis speciosa,0,Galeopsis
ST2983,Galeopsis tetrahit,0,Galeopsis
ST2983,Galium aparine,0,Galium
ST2983,Galium mollugo,0,Galium
ST2983,Galium odoratum,0,Galium
ST2983,Galium palustre,285,Galium
ST2983,Galium saxatile,0,Galium
ST2983,Galium verum,0,Galium
ST2983,Genista anglica,0,Genista
ST2983,Geranium dissectum,0,Geranium
ST2983,Geranium molle,0,Geranium
ST2983,Geranium nodosum,0,Geranium
ST2983,Geranium pratense,0,Geranium
ST2983,Geranium pyrenaicum,0,Geranium
ST2983,Geranium robertianum,0,Geranium
ST2983,Geum urbanum,0,Geum
ST2983,Glechoma hederacea,0,Glechoma
ST2983,Hedera helix,0,Hedera
ST2983,Helianthus annuus,0,Helianthus
ST2983,Heracleum mantegazzianum,0,Heracleum
ST2983,Heracleum sphondylium,0,Heracleum
ST2983,Hippocrepis comosa,0,Hippocrepis
ST2983,Hordeum vulgare,0,Hordeum
ST2983,Hyacinthoides non,0,Hyacinthoides
ST2983,Hypericum forrestii,0,Hypericum
ST2983,Hypericum perforatum,0,Hypericum
ST2983,Hypericum pulchrum,0,Hypericum
ST2983,Hypericum tetrapterum,0,Hypericum
ST2983,Hypochaeris radicata,0,Hypochaeris
ST2983,Ilex aquifolium,0,Ilex
ST2983,Impatiens glandulifera,0,Impatiens
ST2983,Impatiens parviflora,0,Impatiens
ST2983,Iris pseudacorus,0,Iris
ST2983,Jacobaea erucifolia,0,Jacobaea
ST2983,Jacobaea vulgaris,0,Jacobaea
ST2983,Jasione montana,0,Jasione
ST2983,Juncus conglomeratus,0,Juncus
ST2983,Juncus effusus,0,Juncus
ST2983,Knautia arvensis,0,Knautia
ST2983,Lactuca serriola,0,Lactuca
ST2983,Lamium album,0,Lamium
ST2983,Lamium galeobdolon,0,Lamium
ST2983,Lamium purpureum,0,Lamium
ST2983,Lapsana communis,0,Lapsana
ST2983,Lathyrus aphaca,0,Lathyrus
ST2983,Lathyrus linifolius,0,Lathyrus
ST2983,Lathyrus pratensis,0,Lathyrus
ST2983,Leontodon hispidus,0,Leontodon
ST2983,Leontodon saxatilis,0,Leontodon
ST2983,Leucanthemum vulgare,0,Leucanthemum
ST2983,Ligusticum scoticum,0,Ligusticum
ST2983,Limonium vulgare,0,Limonium
ST2983,Linaria vulgaris,0,Linaria
ST2983,Linum catharticum,0,Linum
ST2983,Linum usitatissimum,0,Linum
ST2983,Lonicera caprifolium,0,Lonicera
ST2983,Lonicera periclymenum,0,Lonicera
ST2983,Lotus angustissimus,0,Lotus
ST2983,Lotus corniculatus,0,Lotus
ST2983,Lotus pedunculatus,0,Lotus
ST2983,Lotus subbiflorus,57,Lotus
ST2983,Luzula campestris,0,Luzula
ST2983,Lysimachia nemorum,0,Lysimachia
ST2983,Lysimachia punctata,0,Lysimachia
ST2983,Lysimachia vulgaris,0,Lysimachia
ST2983,Lythrum alatum,0,Lythrum
ST2983,Lythrum salicaria,0,Lythrum
ST2983,Malva sylvestris,0,Malva
ST2983,Matricaria chamomilla,0,Matricaria
ST2983,Matricaria discoidea,0,Matricaria
ST2983,Medicago lupulina,0,Medicago
ST2983,Melampyrum pratense,0,Melampyrum
ST2983,Mentha aquatica,0,Mentha
ST2983,Mentha arvensis,0,Mentha
ST2983,Mercurialis perennis,0,Mercurialis
ST2983,Myosotis arvensis,0,Myosotis
ST2983,Myosotis discolor,0,Myosotis
ST2983,Myosotis sylvatica,0,Myosotis
ST2983,Narthecium ossifragum,0,Narthecium
ST2983,Odontites vernus,0,Odontites
ST2983,Oenanthe crocata,0,Oenanthe
ST2983,Origanum vulgare,0,Origanum
ST2983,Ornithopus perpusillus,0,Ornithopus
ST2983,Oxalis acetosella,0,Oxalis
ST2983,Panicum miliaceum,0,Panicum
ST2983,Papaver rhoeas,0,Papaver
ST2983,Pedicularis sylvatica,0,Pedicularis
ST2983,Persicaria amplexicaulis,0,Persicaria
ST2983,Persicaria bistorta,0,Persicaria
ST2983,Persicaria hydropiper,0,Persicaria
ST2983,Persicaria lapathifolia,0,Persicaria
ST2983,Persicaria maculosa,0,Persicaria
ST2983,Peucedanum ostruthium,0,Peucedanum
ST2983,Picris echioides,0,Picris
ST2983,Picris hieracioides,0,Picris
ST2983,Pilosella officinarum,0,Pilosella
ST2983,Pimpinella saxifraga,0,Pimpinella
ST2983,Pinguicula vulgaris,0,Pinguicula
ST2983,Plantago lanceolata,0,Plantago
ST2983,Plantago major,0,Plantago
ST2983,Plantago maritima,0,Plantago
ST2983,Poa annua,0,Poa
ST2983,Polygala serpyllifolia,0,Polygala
ST2983,Polygala vulgaris,0,Polygala
ST2983,Polygonum aviculare,200,Polygonum
ST2983,Potentilla anglica,0,Potentilla
ST2983,Potentilla anserina,0,Potentilla
ST2983,Potentilla erecta,0,Potentilla
ST2983,Potentilla recta,0,Potentilla
ST2983,Potentilla reptans,0,Potentilla
ST2983,Prunella vulgaris,0,Prunella
ST2983,Prunus spinosa,0,Prunus
ST2983,Pulicaria dysenterica,0,Pulicaria
ST2983,Ranunculus acris,0,Ranunculus
ST2983,Ranunculus bulbosus,0,Ranunculus
ST2983,Ranunculus ficaria,0,Ranunculus
ST2983,Ranunculus flammula,0,Ranunculus
ST2983,Ranunculus repens,0,Ranunculus
ST2983,Ranunculus sardous,0,Ranunculus
ST2983,Raphanus raphanistrum,0,Raphanus
ST2983,Raphanus sativus,0,Raphanus
ST2983,Rhinanthus minor,0,Rhinanthus
ST2983,Rosa arvensis,0,Rosa
ST2983,Rosa canina,0,Rosa
ST2983,Rubus caesius,0,Rubus
ST2983,Rubus fruticosus,7,Rubus
ST2983,Rubus idaeus,0,Rubus
ST2983,Rumex acetosa,0,Rumex
ST2983,Rumex acetosella,0,Rumex
ST2983,Rumex crispus,0,Rumex
ST2983,Rumex obtusifolius,0,Rumex
ST2983,Rumex sanguineus,0,Rumex
ST2983,Sagina saginoides,0,Sagina
ST2983,Sambucus nigra,0,Sambucus
ST2983,Sanguisorba officinalis,0,Sanguisorba
ST2983,Scorzoneroides autumnalis,0,Scorzoneroides
ST2983,Scrophularia auriculata,0,Scrophularia
ST2983,Scrophularia nodosa,0,Scrophularia
ST2983,Sedum anglicum,0,Sedum
ST2983,Senecio erucifolius,0,Senecio
ST2983,Senecio jacobaea,0,Senecio
ST2983,Senecio vulgaris,0,Senecio
ST2983,Sherardia arvensis,0,Sherardia
ST2983,Silene dioica,0,Silene
ST2983,Silene latifolia,0,Silene
ST2983,Silybum marianum,0,Silybum
ST2983,Sinapis alba,0,Sinapis
ST2983,Sinapis arvensis,0,Sinapis
ST2983,Sisymbrium officinale,0,Sisymbrium
ST2983,Solanum dulcamara,0,Solanum
ST2983,Solanum nigrum,0,Solanum
ST2983,Solanum tuberosum,0,Solanum
ST2983,Sonchus arvensis,0,Sonchus
ST2983,Sonchus asper,0,Sonchus
ST2983,Sonchus oleraceus,0,Sonchus
ST2983,Sorbus aucuparia,0,Sorbus
ST2983,Spergula arvensis,0,Spergula
ST2983,Spergularia media,0,Spergularia
ST2983,Stachys arvensis,0,Stachys
ST2983,Stachys palustris,0,Stachys
ST2983,Stachys sylvatica,0,Stachys
ST2983,Stellaria alsine,0,Stellaria
ST2983,Stellaria graminea,0,Stellaria
ST2983,Stellaria holostea,0,Stellaria
ST2983,Stellaria media,0,Stellaria
ST2983,Suaeda maritima,0,Suaeda
ST2983,Succisa pratensis,0,Succisa
ST2983,Symphytum officinale,0,Symphytum
ST2983,Taraxacum agg,0,Taraxacum
ST2983,Taraxacum officinale,0,Taraxacum
ST2983,Teucrium scorodonia,0,Teucrium
ST2983,Thlaspi arvense,0,Thlaspi
ST2983,Thymus polytrichus,0,Thymus
ST2983,Thymus vulgaris,0,Thymus
ST2983,Torilis japonica,0,Torilis
ST2983,Tragopogon pratensis,0,Tragopogon
ST2983,Trientalis europaea,0,Trientalis
ST2983,Trifolium arvense,0,Trifolium
ST2983,Trifolium campestre,0,Trifolium
ST2983,Trifolium constantinopolitanum,0,Trifolium
ST2983,Trifolium dubium,0,Trifolium
ST2983,Trifolium pratense,2,Trifolium
ST2983,Trifolium repens,22,Trifolium
ST2983,Tripleurospermum inodorum,260,Tripleurospermum
ST2983,Tripleurospermum maritimum,0,Tripleurospermum
ST2983,Turgenia latifolia,0,Turgenia
ST2983,Ulex europaeus,0,Ulex
ST2983,Ulex gallii,0,Ulex
ST2983,Urtica dioica,335,Urtica
ST2983,Vaccinium myrtillus,0,Vaccinium
ST2983,Vaccinium oxycoccos,0,Vaccinium
ST2983,Vaccinium vitis,0,Vaccinium
ST2983,Valeriana dioica,0,Valeriana
ST2983,Valeriana officinalis,0,Valeriana
ST2983,Verbena officinalis,0,Verbena
ST2983,Verbena x,0,Verbena
ST2983,Veronica agrestis,0,Veronica
ST2983,Veronica arvensis,0,Veronica
ST2983,Veronica beccabunga,0,Veronica
ST2983,Veronica chamaedrys,0,Veronica
ST2983,Veronica hederifolia,0,Veronica
ST2983,Veronica montana,0,Veronica
ST2983,Veronica officinalis,0,Veronica
ST2983,Veronica persica,0,Veronica
ST2983,Veronica polita,0,Veronica
ST2983,Veronica serpyllifolia,0,Veronica
ST2983,Vicia benghalensis,0,Vicia
ST2983,Vicia cracca,0,Vicia
ST2983,Vicia faba,0,Vicia
ST2983,Vicia hirsuta,0,Vicia
ST2983,Vicia lutea,0,Vicia
ST2983,Vicia sativa,0,Vicia
ST2983,Vicia sepium,0,Vicia
ST2983,Vicia spp,123,Vicia
ST2983,Vicia tetrasperma,0,Vicia
ST2983,Viola arvensis,0,Viola
ST2983,Viola canina,0,Viola
ST2983,Viola palustris,0,Viola
ST2983,Viola riviniana,0,Viola
ST2983,Zea mays,0,Zea
ST4543,Acer pseudoplatanus,0,Acer
ST4543,Achillea millefolium,0,Achillea
ST4543,Achillea ptarmica,0,Achillea
ST4543,Aegopodium podagraria,0,Aegopodium
ST4543,Aethusa cynapium,0,Aethusa
ST4543,Ajuga reptans,0,Ajuga
ST4543,Alliaria petiolata,0,Alliaria
ST4543,Alnus glutinosa,0,Alnus
ST4543,Anagallis arvensis,0,Anagallis
ST4543,Anchusa arvensis,0,Anchusa
ST4543,Anemone nemorosa,0,Anemone
ST4543,Angelica sylvestris,16,Angelica
ST4543,Anthemis cotula,0,Anthemis
ST4543,Anthriscus caucalis,0,Anthriscus
ST4543,Anthriscus sylvestris,0,Anthriscus
ST4543,Apium nodiflorum,0,Apium
ST4543,Armeria maritima,0,Armeria
ST4543,Artemisia absinthium,0,Artemisia
ST4543,Artemisia annua,0,Artemisia
ST4543,Artemisia vulgaris,2,Artemisia
ST4543,Aster tripolium,0,Aster
ST4543,Atriplex patula,10,Atriplex
ST4543,Atriplex portulacoides,0,Atriplex
ST4543,Ballota nigra,0,Ballota
ST4543,Barbarea vulgaris,0,Barbarea
ST4543,Bellis perennis,0,Bellis
ST4543,Berula erecta,0,Berula
ST4543,Brassica napus,0,Brassica
ST4543,Brassica oleracea,0,Brassica
ST4543,Brassica rapa,960,Brassica
ST4543,Bryonia dioica,0,Bryonia
ST4543,Buddleja davidii,0,Buddleja
ST4543,Bupleurum tenuissimum,0,Bupleurum
ST4543,Calluna vulgaris,540,Calluna
ST4543,Caltha palustris,0,Caltha
ST4543,Calystegia sepium,77,Calystegia
ST4543,Campanula rotundifolia,0,Campanula
ST4543,Capsella bursa,0,Capsella
ST4543,Cardamine flexuosa,0,Cardamine
ST4543,Cardamine hirsuta,0,Cardamine
ST4543,Cardamine pratensis,0,Cardamine
ST4543,Carduus nutans,0,Carduus
ST4543,Carum verticillatum,0,Carum
ST4543,Centaurea cyanus,0,Centaurea
ST4543,Centaurea nigra,0,Centaurea
ST4543,Centaurea scabiosa,0,Centaurea
ST4543,Centaurium erythraea,0,Centaurium
ST4543,Cerastium arvense,0,Cerastium
ST4543,Cerastium fontanum,0,Cerastium
ST4543,Cerastium glomeratum,0,Cerastium
ST4543,Ceratocapnos claviculata,0,Ceratocapnos
ST4543,Chaerophyllum temulum,0,Chaerophyllum
ST4543,Chamaemelum nobile,50,Chamaemelum
ST4543,Chamerion angustifolium,3,Chamerion
ST4543,Chenopodium album,62,Chenopodium
ST4543,Chenopodium ficifolium,45,Chenopodium
ST4543,Chenopodium quinoa,0,Chenopodium
ST4543,Cichorium intybus,0,Cichorium
ST4543,Circaea lutetiana,0,Circaea
ST4543,Cirsium arvense,0,Cirsium
ST4543,Cirsium eriophorum,0,Cirsium
ST4543,Cirsium palustre,16,Cirsium
ST4543,Cirsium vulgare,2,Cirsium
ST4543,Clematis vitalba,0,Clematis
ST4543,Clinopodium vulgare,0,Clinopodium
ST4543,Conium maculatum,0,Conium
ST4543,Conopodium majus,0,Conopodium
ST4543,Convolvulus arvensis,0,Convolvulus
ST4543,Conyza canadensis,0,Conyza
ST4543,Cotoneaster salicifolius,0,Cotoneaster
ST4543,Crataegus monogyna,0,Crataegus
ST4543,Crepis capillaris,0,Crepis
ST4543,Crepis vesicaria,0,Crepis
ST4543,Cruciata laevipes,0,Cruciata
ST4543,Cytisus scoparius,0,Cytisus
ST4543,Dactylorhiza fuchsii,0,Dactylorhiza
ST4543,Dactylorhiza maculata,0,Dactylorhiza
ST4543,Daucus carota,0,Daucus
ST4543,Digitalis ferruginea,0,Digitalis
ST4543,Digitalis grandiflora,0,Digitalis
ST4543,Digitalis purpurea,24,Digitalis
ST4543,Dioscorea communis,0,Dioscorea
ST4543,Doronicum plantagineum,0,Doronicum
ST4543,Drosera anglica,0,Drosera
ST4543,Drosera rotundifolia,0,Drosera
ST4543,Dryas octopetala,0,Dryas
ST4543,Epilobium hirsutum,0,Epilobium
ST4543,Epilobium montanum,0,Epilobium
ST4543,Epilobium obscurum,0,Epilobium
ST4543,Epilobium palustre,0,Epilobium
ST4543,Epilobium parviflorum,0,Epilobium
ST4543,Epilobium roseum,4,Epilobium
ST4543,Epilobium tetragonum,2,Epilobium
ST4543,Erica cinerea,0,Erica
ST4543,Erica tetralix,0,Erica
ST4543,Eriophorum vaginatum,0,Eriophorum
ST4543,Eupatorium cannabinum,0,Eupatorium
ST4543,Euphorbia exigua,0,Euphorbia
ST4543,Euphorbia helioscopia,0,Euphorbia
ST4543,Euphrasia officinalis,0,Euphrasia
ST4543,Fagopyrum esculentum,0,Fagopyrum
ST4543,Fallopia convolvulus,0,Fallopia
ST4543,Filipendula ulmaria,0,Filipendula
ST4543,Fumaria officinalis,0,Fumaria
ST4543,Galeopsis speciosa,0,Galeopsis
ST4543,Galeopsis tetrahit,22,Galeopsis
ST4543,Galium aparine,12,Galium
ST4543,Galium mollugo,0,Galium
ST4543,Galium odoratum,0,Galium
ST4543,Galium palustre,22,Galium
ST4543,Galium saxatile,0,Galium
ST4543,Galium verum,0,Galium
ST4543,Genista anglica,0,Genista
ST4543,Geranium dissectum,17,Geranium
ST4543,Geranium molle,0,Geranium
ST4543,Geranium nodosum,0,Geranium
ST4543,Geranium pratense,0,Geranium
ST4543,Geranium pyrenaicum,0,Geranium
ST4543,Geranium robertianum,0,Geranium
ST4543,Geum urbanum,0,Geum
ST4543,Glechoma hederacea,0,Glechoma
ST4543,Hedera helix,0,Hedera
ST4543,Helianthus annuus,0,Helianthus
ST4543,Heracleum mantegazzianum,0,Heracleum
ST4543,Heracleum sphondylium,32,Heracleum
ST4543,Hippocrepis comosa,0,Hippocrepis
ST4543,Hordeum vulgare,0,Hordeum
ST4543,Hyacinthoides non,0,Hyacinthoides
ST4543,Hypericum forrestii,0,Hypericum
ST4543,Hypericum perforatum,0,Hypericum
ST4543,Hypericum pulchrum,0,Hypericum
ST4543,Hypericum tetrapterum,0,Hypericum
ST4543,Hypochaeris radicata,0,Hypochaeris
ST4543,Ilex aquifolium,0,Ilex
ST4543,Impatiens glandulifera,0,Impatiens
ST4543,Impatiens parviflora,0,Impatiens
ST4543,Iris pseudacorus,4,Iris
ST4543,Jacobaea erucifolia,0,Jacobaea
ST4543,Jacobaea vulgaris,0,Jacobaea
ST4543,Jasione montana,0,Jasione
ST4543,Juncus conglomeratus,0,Juncus
ST4543,Juncus effusus,0,Juncus
ST4543,Knautia arvensis,0,Knautia
ST4543,Lactuca serriola,0,Lactuca
ST4543,Lamium album,0,Lamium
ST4543,Lamium galeobdolon,0,Lamium
ST4543,Lamium purpureum,0,Lamium
ST4543,Lapsana communis,0,Lapsana
ST4543,Lathyrus aphaca,0,Lathyrus
ST4543,Lathyrus linifolius,0,Lathyrus
ST4543,Lathyrus pratensis,0,Lathyrus
ST4543,Leontodon hispidus,0,Leontodon
ST4543,Leontodon saxatilis,0,Leontodon
ST4543,Leucanthemum vulgare,0,Leucanthemum
ST4543,Ligusticum scoticum,0,Ligusticum
ST4543,Limonium vulgare,0,Limonium
ST4543,Linaria vulgaris,0,Linaria
ST4543,Linum catharticum,0,Linum
ST4543,Linum usitatissimum,0,Linum
ST4543,Lonicera caprifolium,0,Lonicera
ST4543,Lonicera periclymenum,4,Lonicera
ST4543,Lotus angustissimus,0,Lotus
ST4543,Lotus corniculatus,0,Lotus
ST4543,Lotus pedunculatus,49,Lotus
ST4543,Lotus subbiflorus,0,Lotus
ST4543,Luzula campestris,0,Luzula
ST4543,Lysimachia nemorum,0,Lysimachia
ST4543,Lysimachia punctata,0,Lysimachia
ST4543,Lysimachia vulgaris,0,Lysimachia
ST4543,Lythrum alatum,2,Lythrum
ST4543,Lythrum salicaria,27,Lythrum
ST4543,Malva sylvestris,0,Malva
ST4543,Matricaria chamomilla,0,Matricaria
ST4543,Matricaria discoidea,0,Matricaria
ST4543,Medicago lupulina,0,Medicago
ST4543,Melampyrum pratense,0,Melampyrum
ST4543,Mentha aquatica,77,Mentha
ST4543,Mentha arvensis,0,Mentha
ST4543,Mercurialis perennis,0,Mercurialis
ST4543,Myosotis arvensis,0,Myosotis
ST4543,Myosotis discolor,0,Myosotis
ST4543,Myosotis sylvatica,0,Myosotis
ST4543,Narthecium ossifragum,0,Narthecium
ST4543,Odontites vernus,0,Odontites
ST4543,Oenanthe crocata,0,Oenanthe
ST4543,Origanum vulgare,0,Origanum
ST4543,Ornithopus perpusillus,0,Ornithopus
ST4543,Oxalis acetosella,0,Oxalis
ST4543,Panicum miliaceum,0,Panicum
ST4543,Papaver rhoeas,0,Papaver
ST4543,Pedicularis sylvatica,0,Pedicularis
ST4543,Persicaria amplexicaulis,0,Persicaria
ST4543,Persicaria bistorta,0,Persicaria
ST4543,Persicaria hydropiper,0,Persicaria
ST4543,Persicaria lapathifolia,0,Persicaria
ST4543,Persicaria maculosa,16,Persicaria
ST4543,Peucedanum ostruthium,0,Peucedanum
ST4543,Picris echioides,0,Picris
ST4543,Picris hieracioides,0,Picris
ST4543,Pilosella officinarum,0,Pilosella
ST4543,Pimpinella saxifraga,0,Pimpinella
ST4543,Pinguicula vulgaris,0,Pinguicula
ST4543,Plantago lanceolata,0,Plantago
ST4543,Plantago major,0,Plantago
ST4543,Plantago maritima,0,Plantago
ST4543,Poa annua,0,Poa
ST4543,Polygala serpyllifolia,0,Polygala
ST4543,Polygala vulgaris,0,Polygala
ST4543,Polygonum aviculare,0,Polygonum
ST4543,Potentilla anglica,0,Potentilla
ST4543,Potentilla anserina,0,Potentilla
ST4543,Potentilla erecta,196,Potentilla
ST4543,Potentilla recta,0,Potentilla
ST4543,Potentilla reptans,0,Potentilla
ST4543,Prunella vulgaris,0,Prunella
ST4543,Prunus spinosa,0,Prunus
ST4543,Pulicaria dysenterica,0,Pulicaria
ST4543,Ranunculus acris,0,Ranunculus
ST4543,Ranunculus bulbosus,0,Ranunculus
ST4543,Ranunculus ficaria,0,Ranunculus
ST4543,Ranunculus flammula,0,Ranunculus
ST4543,Ranunculus repens,93,Ranunculus
ST4543,Ranunculus sardous,0,Ranunculus
ST4543,Raphanus raphanistrum,0,Raphanus
ST4543,Raphanus sativus,0,Raphanus
ST4543,Rhinanthus minor,0,Rhinanthus
ST4543,Rosa arvensis,0,Rosa
ST4543,Rosa canina,0,Rosa
ST4543,Rubus caesius,0,Rubus
ST4543,Rubus fruticosus,19,Rubus
ST4543,Rubus idaeus,0,Rubus
ST4543,Rumex acetosa,0,Rumex
ST4543,Rumex acetosella,0,Rumex
ST4543,Rumex crispus,10,Rumex
ST4543,Rumex obtusifolius,37,Rumex
ST4543,Rumex sanguineus,3,Rumex
ST4543,Sagina saginoides,0,Sagina
ST4543,Sambucus nigra,0,Sambucus
ST4543,Sanguisorba officinalis,0,Sanguisorba
ST4543,Scorzoneroides autumnalis,0,Scorzoneroides
ST4543,Scrophularia auriculata,0,Scrophularia
ST4543,Scrophularia nodosa,6,Scrophularia
ST4543,Sedum anglicum,0,Sedum
ST4543,Senecio erucifolius,0,Senecio
ST4543,Senecio jacobaea,0,Senecio
ST4543,Senecio vulgaris,0,Senecio
ST4543,Sherardia arvensis,0,Sherardia
ST4543,Silene dioica,0,Silene
ST4543,Silene latifolia,0,Silene
ST4543,Silybum marianum,0,Silybum
ST4543,Sinapis alba,0,Sinapis
ST4543,Sinapis arvensis,0,Sinapis
ST4543,Sisymbrium officinale,0,Sisymbrium
ST4543,Solanum dulcamara,7,Solanum
ST4543,Solanum nigrum,0,Solanum
ST4543,Solanum tuberosum,0,Solanum
ST4543,Sonchus arvensis,0,Sonchus
ST4543,Sonchus asper,3,Sonchus
ST4543,Sonchus oleraceus,6,Sonchus
ST4543,Sorbus aucuparia,0,Sorbus
ST4543,Spergula arvensis,0,Spergula
ST4543,Spergularia media,0,Spergularia
ST4543,Stachys arvensis,0,Stachys
ST4543,Stachys palustris,0,Stachys
ST4543,Stachys sylvatica,0,Stachys
ST4543,Stellaria alsine,0,Stellaria
ST4543,Stellaria graminea,0,Stellaria
ST4543,Stellaria holostea,0,Stellaria
ST4543,Stellaria media,0,Stellaria
ST4543,Suaeda maritima,0,Suaeda
ST4543,Succisa pratensis,0,Succisa
ST4543,Symphytum officinale,129,Symphytum
ST4543,Taraxacum agg,2,Taraxacum
ST4543,Taraxacum officinale,0,Taraxacum
ST4543,Teucrium scorodonia,0,Teucrium
ST4543,Thlaspi arvense,0,Thlaspi
ST4543,Thymus polytrichus,0,Thymus
ST4543,Thymus vulgaris,0,Thymus
ST4543,Torilis japonica,0,Torilis
ST4543,Tragopogon pratensis,0,Tragopogon
ST4543,Trientalis europaea,0,Trientalis
ST4543,Trifolium arvense,0,Trifolium
ST4543,Trifolium campestre,0,Trifolium
ST4543,Trifolium constantinopolitanum,0,Trifolium
ST4543,Trifolium dubium,0,Trifolium
ST4543,Trifolium pratense,0,Trifolium
ST4543,Trifolium repens,14,Trifolium
ST4543,Tripleurospermum inodorum,0,Tripleurospermum
ST4543,Tripleurospermum maritimum,0,Tripleurospermum
ST4543,Turgenia latifolia,0,Turgenia
ST4543,Ulex europaeus,0,Ulex
ST4543,Ulex gallii,0,Ulex
ST4543,Urtica dioica,1056,Urtica
ST4543,Vaccinium myrtillus,0,Vaccinium
ST4543,Vaccinium oxycoccos,0,Vaccinium
ST4543,Vaccinium vitis,0,Vaccinium
ST4543,Valeriana dioica,4,Valeriana
ST4543,Valeriana officinalis,18,Valeriana
ST4543,Verbena officinalis,0,Verbena
ST4543,Verbena x,0,Verbena
ST4543,Veronica agrestis,0,Veronica
ST4543,Veronica arvensis,0,Veronica
ST4543,Veronica beccabunga,0,Veronica
ST4543,Veronica chamaedrys,0,Veronica
ST4543,Veronica hederifolia,0,Veronica
ST4543,Veronica montana,0,Veronica
ST4543,Veronica officinalis,0,Veronica
ST4543,Veronica persica,118,Veronica
ST4543,Veronica polita,0,Veronica
ST4543,Veronica serpyllifolia,0,Veronica
ST4543,Vicia benghalensis,0,Vicia
ST4543,Vicia cracca,0,Vicia
ST4543,Vicia faba,0,Vicia
ST4543,Vicia hirsuta,0,Vicia
ST4543,Vicia lutea,0,Vicia
ST4543,Vicia sativa,0,Vicia
ST4543,Vicia sepium,0,Vicia
ST4543,Vicia spp,0,Vicia
ST4543,Vicia tetrasperma,0,Vicia
ST4543,Viola arvensis,0,Viola
ST4543,Viola canina,0,Viola
ST4543,Viola palustris,0,Viola
ST4543,Viola riviniana,0,Viola
ST4543,Zea mays,0,Zea
ST9351,Acer pseudoplatanus,0,Acer
ST9351,Achillea millefolium,5,Achillea
ST9351,Achillea ptarmica,0,Achillea
ST9351,Aegopodium podagraria,0,Aegopodium
ST9351,Aethusa cynapium,24,Aethusa
ST9351,Ajuga reptans,0,Ajuga
ST9351,Alliaria petiolata,0,Alliaria
ST9351,Alnus glutinosa,0,Alnus
ST9351,Anagallis arvensis,10,Anagallis
ST9351,Anchusa arvensis,0,Anchusa
ST9351,Anemone nemorosa,0,Anemone
ST9351,Angelica sylvestris,0,Angelica
ST9351,Anthemis cotula,0,Anthemis
ST9351,Anthriscus caucalis,0,Anthriscus
ST9351,Anthriscus sylvestris,233,Anthriscus
ST9351,Apium nodiflorum,0,Apium
ST9351,Armeria maritima,0,Armeria
ST9351,Artemisia absinthium,0,Artemisia
ST9351,Artemisia annua,0,Artemisia
ST9351,Artemisia vulgaris,6,Artemisia
ST9351,Aster tripolium,0,Aster
ST9351,Atriplex patula,0,Atriplex
ST9351,Atriplex portulacoides,0,Atriplex
ST9351,Ballota nigra,0,Ballota
ST9351,Barbarea vulgaris,0,Barbarea
ST9351,Bellis perennis,175,Bellis
ST9351,Berula erecta,0,Berula
ST9351,Brassica napus,355,Brassica
ST9351,Brassica oleracea,0,Brassica
ST9351,Brassica rapa,0,Brassica
ST9351,Bryonia dioica,0,Bryonia
ST9351,Buddleja davidii,0,Buddleja
ST9351,Bupleurum tenuissimum,0,Bupleurum
ST9351,Calluna vulgaris,0,Calluna
ST9351,Caltha palustris,0,Caltha
ST9351,Calystegia sepium,12,Calystegia
ST9351,Campanula rotundifolia,0,Campanula
ST9351,Capsella bursa,3,Capsella
ST9351,Cardamine flexuosa,0,Cardamine
ST9351,Cardamine hirsuta,0,Cardamine
ST9351,Cardamine pratensis,0,Cardamine
ST9351,Carduus nutans,0,Carduus
ST9351,Carum verticillatum,0,Carum
ST9351,Centaurea cyanus,0,Centaurea
ST9351,Centaurea nigra,0,Centaurea
ST9351,Centaurea scabiosa,135,Centaurea
ST9351,Centaurium erythraea,0,Centaurium
ST9351,Cerastium arvense,0,Cerastium
ST9351,Cerastium fontanum,0,Cerastium
ST9351,Cerastium glomeratum,0,Cerastium
ST9351,Ceratocapnos claviculata,0,Ceratocapnos
ST9351,Chaerophyllum temulum,27,Chaerophyllum
ST9351,Chamaemelum nobile,0,Chamaemelum
ST9351,Chamerion angustifolium,0,Chamerion
ST9351,Chenopodium album,0,Chenopodium
ST9351,Chenopodium ficifolium,0,Chenopodium
ST9351,Chenopodium quinoa,0,Chenopodium
ST9351,Cichorium intybus,0,Cichorium
ST9351,Circaea lutetiana,0,Circaea
ST9351,Cirsium arvense,0,Cirsium
ST9351,Cirsium eriophorum,0,Cirsium
ST9351,Cirsium palustre,0,Cirsium
ST9351,Cirsium vulgare,1,Cirsium
ST9351,Clematis vitalba,0,Clematis
ST9351,Clinopodium vulgare,112,Clinopodium
ST9351,Conium maculatum,0,Conium
ST9351,Conopodium majus,0,Conopodium
ST9351,Convolvulus arvensis,20,Convolvulus
ST9351,Conyza canadensis,0,Conyza
ST9351,Cotoneaster salicifolius,0,Cotoneaster
ST9351,Crataegus monogyna,470,Crataegus
ST9351,Crepis capillaris,261,Crepis
ST9351,Crepis vesicaria,0,Crepis
ST9351,Cruciata laevipes,0,Cruciata
ST9351,Cytisus scoparius,0,Cytisus
ST9351,Dactylorhiza fuchsii,0,Dactylorhiza
ST9351,Dactylorhiza maculata,0,Dactylorhiza
ST9351,Daucus carota,0,Daucus
ST9351,Digitalis ferruginea,0,Digitalis
ST9351,Digitalis grandiflora,0,Digitalis
ST9351,Digitalis purpurea,0,Digitalis
ST9351,Dioscorea communis,0,Dioscorea
ST9351,Doronicum plantagineum,0,Doronicum
ST9351,Drosera anglica,0,Drosera
ST9351,Drosera rotundifolia,0,Drosera
ST9351,Dryas octopetala,0,Dryas
ST9351,Epilobium hirsutum,0,Epilobium
ST9351,Epilobium montanum,0,Epilobium
ST9351,Epilobium obscurum,0,Epilobium
ST9351,Epilobium palustre,0,Epilobium
ST9351,Epilobium parviflorum,0,Epilobium
ST9351,Epilobium roseum,0,Epilobium
ST9351,Epilobium tetragonum,0,Epilobium
ST9351,Erica cinerea,0,Erica
ST9351,Erica tetralix,0,Erica
ST9351,Eriophorum vaginatum,0,Eriophorum
ST9351,Eupatorium cannabinum,0,Eupatorium
ST9351,Euphorbia exigua,25,Euphorbia
ST9351,Euphorbia helioscopia,0,Euphorbia
ST9351,Euphrasia officinalis,0,Euphrasia
ST9351,Fagopyrum esculentum,0,Fagopyrum
ST9351,Fallopia convolvulus,54,Fallopia
ST9351,Filipendula ulmaria,0,Filipendula
ST9351,Fumaria officinalis,0,Fumaria
ST9351,Galeopsis speciosa,0,Galeopsis
ST9351,Galeopsis tetrahit,0,Galeopsis
ST9351,Galium aparine,106,Galium
ST9351,Galium mollugo,3739,Galium
ST9351,Galium odoratum,0,Galium
ST9351,Galium palustre,0,Galium
ST9351,Galium saxatile,0,Galium
ST9351,Galium verum,4,Galium
ST9351,Genista anglica,0,Genista
ST9351,Geranium dissectum,13,Geranium
ST9351,Geranium molle,0,Geranium
ST9351,Geranium nodosum,0,Geranium
ST9351,Geranium pratense,0,Geranium
ST9351,Geranium pyrenaicum,2,Geranium
ST9351,Geranium robertianum,18,Geranium
ST9351,Geum urbanum,0,Geum
ST9351,Glechoma hederacea,0,Glechoma
ST9351,Hedera helix,0,Hedera
ST9351,Helianthus annuus,0,Helianthus
ST9351,Heracleum mantegazzianum,0,Heracleum
ST9351,Heracleum sphondylium,2,Heracleum
ST9351,Hippocrepis comosa,0,Hippocrepis
ST9351,Hordeum vulgare,0,Hordeum
ST9351,Hyacinthoides non,0,Hyacinthoides
ST9351,Hypericum forrestii,0,Hypericum
ST9351,Hypericum perforatum,0,Hypericum
ST9351,Hypericum pulchrum,0,Hypericum
ST9351,Hypericum tetrapterum,0,Hypericum
ST9351,Hypochaeris radicata,0,Hypochaeris
ST9351,Ilex aquifolium,0,Ilex
ST9351,Impatiens glandulifera,0,Impatiens
ST9351,Impatiens parviflora,0,Impatiens
ST9351,Iris pseudacorus,0,Iris
ST9351,Jacobaea erucifolia,3,Jacobaea
ST9351,Jacobaea vulgaris,0,Jacobaea
ST9351,Jasione montana,0,Jasione
ST9351,Juncus conglomeratus,0,Juncus
ST9351,Juncus effusus,0,Juncus
ST9351,Knautia arvensis,31,Knautia
ST9351,Lactuca serriola,0,Lactuca
ST9351,Lamium album,38,Lamium
ST9351,Lamium galeobdolon,0,Lamium
ST9351,Lamium purpureum,0,Lamium
ST9351,Lapsana communis,34,Lapsana
ST9351,Lathyrus aphaca,0,Lathyrus
ST9351,Lathyrus linifolius,0,Lathyrus
ST9351,Lathyrus pratensis,63,Lathyrus
ST9351,Leontodon hispidus,0,Leontodon
ST9351,Leontodon saxatilis,0,Leontodon
ST9351,Leucanthemum vulgare,0,Leucanthemum
ST9351,Ligusticum scoticum,0,Ligusticum
ST9351,Limonium vulgare,0,Limonium
ST9351,Linaria vulgaris,2,Linaria
ST9351,Linum catharticum,0,Linum
ST9351,Linum usitatissimum,0,Linum
ST9351,Lonicera caprifolium,0,Lonicera
ST9351,Lonicera periclymenum,0,Lonicera
ST9351,Lotus angustissimus,0,Lotus
ST9351,Lotus corniculatus,0,Lotus
ST9351,Lotus pedunculatus,0,Lotus
ST9351,Lotus subbiflorus,0,Lotus
ST9351,Luzula campestris,0,Luzula
ST9351,Lysimachia nemorum,0,Lysimachia
ST9351,Lysimachia punctata,0,Lysimachia
ST9351,Lysimachia vulgaris,0,Lysimachia
ST9351,Lythrum alatum,0,Lythrum
ST9351,Lythrum salicaria,0,Lythrum
ST9351,Malva sylvestris,0,Malva
ST9351,Matricaria chamomilla,0,Matricaria
ST9351,Matricaria discoidea,0,Matricaria
ST9351,Medicago lupulina,35,Medicago
ST9351,Melampyrum pratense,0,Melampyrum
ST9351,Mentha aquatica,0,Mentha
ST9351,Mentha arvensis,0,Mentha
ST9351,Mercurialis perennis,0,Mercurialis
ST9351,Myosotis arvensis,16,Myosotis
ST9351,Myosotis discolor,0,Myosotis
ST9351,Myosotis sylvatica,0,Myosotis
ST9351,Narthecium ossifragum,0,Narthecium
ST9351,Odontites vernus,0,Odontites
ST9351,Oenanthe crocata,0,Oenanthe
ST9351,Origanum vulgare,124,Origanum
ST9351,Ornithopus perpusillus,0,Ornithopus
ST9351,Oxalis acetosella,0,Oxalis
ST9351,Panicum miliaceum,0,Panicum
ST9351,Papaver rhoeas,0,Papaver
ST9351,Pedicularis sylvatica,0,Pedicularis
ST9351,Persicaria amplexicaulis,0,Persicaria
ST9351,Persicaria bistorta,0,Persicaria
ST9351,Persicaria hydropiper,0,Persicaria
ST9351,Persicaria lapathifolia,0,Persicaria
ST9351,Persicaria maculosa,0,Persicaria
ST9351,Peucedanum ostruthium,0,Peucedanum
ST9351,Picris echioides,0,Picris
ST9351,Picris hieracioides,0,Picris
ST9351,Pilosella officinarum,0,Pilosella
ST9351,Pimpinella saxifraga,0,Pimpinella
ST9351,Pinguicula vulgaris,0,Pinguicula
ST9351,Plantago lanceolata,79,Plantago
ST9351,Plantago major,0,Plantago
ST9351,Plantago maritima,0,Plantago
ST9351,Poa annua,0,Poa
ST9351,Polygala serpyllifolia,0,Polygala
ST9351,Polygala vulgaris,0,Polygala
ST9351,Polygonum aviculare,0,Polygonum
ST9351,Potentilla anglica,0,Potentilla
ST9351,Potentilla anserina,0,Potentilla
ST9351,Potentilla erecta,0,Potentilla
ST9351,Potentilla recta,0,Potentilla
ST9351,Potentilla reptans,0,Potentilla
ST9351,Prunella vulgaris,1,Prunella
ST9351,Prunus spinosa,0,Prunus
ST9351,Pulicaria dysenterica,0,Pulicaria
ST9351,Ranunculus acris,0,Ranunculus
ST9351,Ranunculus bulbosus,50,Ranunculus
ST9351,Ranunculus ficaria,0,Ranunculus
ST9351,Ranunculus flammula,0,Ranunculus
ST9351,Ranunculus repens,10,Ranunculus
ST9351,Ranunculus sardous,0,Ranunculus
ST9351,Raphanus raphanistrum,0,Raphanus
ST9351,Raphanus sativus,0,Raphanus
ST9351,Rhinanthus minor,0,Rhinanthus
ST9351,Rosa arvensis,0,Rosa
ST9351,Rosa canina,7,Rosa
ST9351,Rubus caesius,0,Rubus
ST9351,Rubus fruticosus,370,Rubus
ST9351,Rubus idaeus,0,Rubus
ST9351,Rumex acetosa,14,Rumex
ST9351,Rumex acetosella,0,Rumex
ST9351,Rumex crispus,0,Rumex
ST9351,Rumex obtusifolius,0,Rumex
ST9351,Rumex sanguineus,0,Rumex
ST9351,Sagina saginoides,0,Sagina
ST9351,Sambucus nigra,0,Sambucus
ST9351,Sanguisorba officinalis,0,Sanguisorba
ST9351,Scorzoneroides autumnalis,0,Scorzoneroides
ST9351,Scrophularia auriculata,0,Scrophularia
ST9351,Scrophularia nodosa,0,Scrophularia
ST9351,Sedum anglicum,0,Sedum
ST9351,Senecio erucifolius,0,Senecio
ST9351,Senecio jacobaea,0,Senecio
ST9351,Senecio vulgaris,0,Senecio
ST9351,Sherardia arvensis,0,Sherardia
ST9351,Silene dioica,0,Silene
ST9351,Silene latifolia,0,Silene
ST9351,Silybum marianum,0,Silybum
ST9351,Sinapis alba,0,Sinapis
ST9351,Sinapis arvensis,0,Sinapis
ST9351,Sisymbrium officinale,0,Sisymbrium
ST9351,Solanum dulcamara,0,Solanum
ST9351,Solanum nigrum,0,Solanum
ST9351,Solanum tuberosum,0,Solanum
ST9351,Sonchus arvensis,3,Sonchus
ST9351,Sonchus asper,0,Sonchus
ST9351,Sonchus oleraceus,0,Sonchus
ST9351,Sorbus aucuparia,0,Sorbus
ST9351,Spergula arvensis,0,Spergula
ST9351,Spergularia media,0,Spergularia
ST9351,Stachys arvensis,0,Stachys
ST9351,Stachys palustris,0,Stachys
ST9351,Stachys sylvatica,0,Stachys
ST9351,Stellaria alsine,0,Stellaria
ST9351,Stellaria graminea,0,Stellaria
ST9351,Stellaria holostea,0,Stellaria
ST9351,Stellaria media,0,Stellaria
ST9351,Suaeda maritima,0,Suaeda
ST9351,Succisa pratensis,0,Succisa
ST9351,Symphytum officinale,0,Symphytum
ST9351,Taraxacum agg,0,Taraxacum
ST9351,Taraxacum officinale,0,Taraxacum
ST9351,Teucrium scorodonia,0,Teucrium
ST9351,Thlaspi arvense,0,Thlaspi
ST9351,Thymus polytrichus,0,Thymus
ST9351,Thymus vulgaris,0,Thymus
ST9351,Torilis japonica,23,Torilis
ST9351,Tragopogon pratensis,1,Tragopogon
ST9351,Trientalis europaea,0,Trientalis
ST9351,Trifolium arvense,0,Trifolium
ST9351,Trifolium campestre,0,Trifolium
ST9351,Trifolium constantinopolitanum,0,Trifolium
ST9351,Trifolium dubium,3,Trifolium
ST9351,Trifolium pratense,0,Trifolium
ST9351,Trifolium repens,3,Trifolium
ST9351,Tripleurospermum inodorum,0,Tripleurospermum
ST9351,Tripleurospermum maritimum,0,Tripleurospermum
ST9351,Turgenia latifolia,0,Turgenia
ST9351,Ulex europaeus,0,Ulex
ST9351,Ulex gallii,0,Ulex
ST9351,Urtica dioica,21,Urtica
ST9351,Vaccinium myrtillus,0,Vaccinium
ST9351,Vaccinium oxycoccos,0,Vaccinium
ST9351,Vaccinium vitis,0,Vaccinium
ST9351,Valeriana dioica,0,Valeriana
ST9351,Valeriana officinalis,0,Valeriana
ST9351,Verbena officinalis,0,Verbena
ST9351,Verbena x,0,Verbena
ST9351,Veronica agrestis,0,Veronica
ST9351,Veronica arvensis,0,Veronica
ST9351,Veronica beccabunga,0,Veronica
ST9351,Veronica chamaedrys,762,Veronica
ST9351,Veronica hederifolia,0,Veronica
ST9351,Veronica montana,0,Veronica
ST9351,Veronica officinalis,0,Veronica
ST9351,Veronica persica,49,Veronica
ST9351,Veronica polita,160,Veronica
ST9351,Veronica serpyllifolia,0,Veronica
ST9351,Vicia benghalensis,0,Vicia
ST9351,Vicia cracca,31,Vicia
ST9351,Vicia faba,0,Vicia
ST9351,Vicia hirsuta,0,Vicia
ST9351,Vicia lutea,0,Vicia
ST9351,Vicia sativa,15,Vicia
ST9351,Vicia sepium,0,Vicia
ST9351,Vicia spp,0,Vicia
ST9351,Vicia tetrasperma,0,Vicia
ST9351,Viola arvensis,31,Viola
ST9351,Viola canina,0,Viola
ST9351,Viola palustris,0,Viola
ST9351,Viola riviniana,0,Viola
ST9351,Zea mays,0,Zea
SU1466,Acer pseudoplatanus,0,Acer
SU1466,Achillea millefolium,0,Achillea
SU1466,Achillea ptarmica,0,Achillea
SU1466,Aegopodium podagraria,0,Aegopodium
SU1466,Aethusa cynapium,0,Aethusa
SU1466,Ajuga reptans,0,Ajuga
SU1466,Alliaria petiolata,0,Alliaria
SU1466,Alnus glutinosa,0,Alnus
SU1466,Anagallis arvensis,0,Anagallis
SU1466,Anchusa arvensis,0,Anchusa
SU1466,Anemone nemorosa,0,Anemone
SU1466,Angelica sylvestris,0,Angelica
SU1466,Anthemis cotula,0,Anthemis
SU1466,Anthriscus caucalis,0,Anthriscus
SU1466,Anthriscus sylvestris,0,Anthriscus
SU1466,Apium nodiflorum,0,Apium
SU1466,Armeria maritima,0,Armeria
SU1466,Artemisia absinthium,0,Artemisia
SU1466,Artemisia annua,0,Artemisia
SU1466,Artemisia vulgaris,0,Artemisia
SU1466,Aster tripolium,0,Aster
SU1466,Atriplex patula,0,Atriplex
SU1466,Atriplex portulacoides,0,Atriplex
SU1466,Ballota nigra,0,Ballota
SU1466,Barbarea vulgaris,0,Barbarea
SU1466,Bellis perennis,0,Bellis
SU1466,Berula erecta,0,Berula
SU1466,Brassica napus,0,Brassica
SU1466,Brassica oleracea,0,Brassica
SU1466,Brassica rapa,0,Brassica
SU1466,Bryonia dioica,0,Bryonia
SU1466,Buddleja davidii,0,Buddleja
SU1466,Bupleurum tenuissimum,0,Bupleurum
SU1466,Calluna vulgaris,0,Calluna
SU1466,Caltha palustris,0,Caltha
SU1466,Calystegia sepium,0,Calystegia
SU1466,Campanula rotundifolia,0,Campanula
SU1466,Capsella bursa,0,Capsella
SU1466,Cardamine flexuosa,0,Cardamine
SU1466,Cardamine hirsuta,0,Cardamine
SU1466,Cardamine pratensis,0,Cardamine
SU1466,Carduus nutans,0,Carduus
SU1466,Carum verticillatum,0,Carum
SU1466,Centaurea cyanus,0,Centaurea
SU1466,Centaurea nigra,0,Centaurea
SU1466,Centaurea scabiosa,0,Centaurea
SU1466,Centaurium erythraea,0,Centaurium
SU1466,Cerastium arvense,0,Cerastium
SU1466,Cerastium fontanum,0,Cerastium
SU1466,Cerastium glomeratum,0,Cerastium
SU1466,Ceratocapnos claviculata,0,Ceratocapnos
SU1466,Chaerophyllum temulum,0,Chaerophyllum
SU1466,Chamaemelum nobile,0,Chamaemelum
SU1466,Chamerion angustifolium,0,Chamerion
SU1466,Chenopodium album,0,Chenopodium
SU1466,Chenopodium ficifolium,0,Chenopodium
SU1466,Chenopodium quinoa,0,Chenopodium
SU1466,Cichorium intybus,0,Cichorium
SU1466,Circaea lutetiana,370,Circaea
SU1466,Cirsium arvense,0,Cirsium
SU1466,Cirsium eriophorum,0,Cirsium
SU1466,Cirsium palustre,0,Cirsium
SU1466,Cirsium vulgare,0,Cirsium
SU1466,Clematis vitalba,0,Clematis
SU1466,Clinopodium vulgare,0,Clinopodium
SU1466,Conium maculatum,0,Conium
SU1466,Conopodium majus,0,Conopodium
SU1466,Convolvulus arvensis,0,Convolvulus
SU1466,Conyza canadensis,0,Conyza
SU1466,Cotoneaster salicifolius,0,Cotoneaster
SU1466,Crataegus monogyna,0,Crataegus
SU1466,Crepis capillaris,0,Crepis
SU1466,Crepis vesicaria,0,Crepis
SU1466,Cruciata laevipes,0,Cruciata
SU1466,Cytisus scoparius,0,Cytisus
SU1466,Dactylorhiza fuchsii,0,Dactylorhiza
SU1466,Dactylorhiza maculata,0,Dactylorhiza
SU1466,Daucus carota,0,Daucus
SU1466,Digitalis ferruginea,0,Digitalis
SU1466,Digitalis grandiflora,0,Digitalis
SU1466,Digitalis purpurea,0,Digitalis
SU1466,Dioscorea communis,0,Dioscorea
SU1466,Doronicum plantagineum,0,Doronicum
SU1466,Drosera anglica,0,Drosera
SU1466,Drosera rotundifolia,0,Drosera
SU1466,Dryas octopetala,0,Dryas
SU1466,Epilobium hirsutum,0,Epilobium
SU1466,Epilobium montanum,0,Epilobium
SU1466,Epilobium obscurum,0,Epilobium
SU1466,Epilobium palustre,0,Epilobium
SU1466,Epilobium parviflorum,0,Epilobium
SU1466,Epilobium roseum,0,Epilobium
SU1466,Epilobium tetragonum,0,Epilobium
SU1466,Erica cinerea,0,Erica
SU1466,Erica tetralix,0,Erica
SU1466,Eriophorum vaginatum,0,Eriophorum
SU1466,Eupatorium cannabinum,0,Eupatorium
SU1466,Euphorbia exigua,0,Euphorbia
SU1466,Euphorbia helioscopia,0,Euphorbia
SU1466,Euphrasia officinalis,0,Euphrasia
SU1466,Fagopyrum esculentum,0,Fagopyrum
SU1466,Fallopia convolvulus,0,Fallopia
SU1466,Filipendula ulmaria,0,Filipendula
SU1466,Fumaria officinalis,0,Fumaria
SU1466,Galeopsis speciosa,0,Galeopsis
SU1466,Galeopsis tetrahit,0,Galeopsis
SU1466,Galium aparine,0,Galium
SU1466,Galium mollugo,0,Galium
SU1466,Galium odoratum,0,Galium
SU1466,Galium palustre,0,Galium
SU1466,Galium saxatile,0,Galium
SU1466,Galium verum,0,Galium
SU1466,Genista anglica,0,Genista
SU1466,Geranium dissectum,0,Geranium
SU1466,Geranium molle,0,Geranium
SU1466,Geranium nodosum,0,Geranium
SU1466,Geranium pratense,0,Geranium
SU1466,Geranium pyrenaicum,0,Geranium
SU1466,Geranium robertianum,2,Geranium
SU1466,Geum urbanum,0,Geum
SU1466,Glechoma hederacea,0,Glechoma
SU1466,Hedera helix,0,Hedera
SU1466,Helianthus annuus,0,Helianthus
SU1466,Heracleum mantegazzianum,0,Heracleum
SU1466,Heracleum sphondylium,0,Heracleum
SU1466,Hippocrepis comosa,0,Hippocrepis
SU1466,Hordeum vulgare,0,Hordeum
SU1466,Hyacinthoides non,155,Hyacinthoides
SU1466,Hypericum forrestii,0,Hypericum
SU1466,Hypericum perforatum,0,Hypericum
SU1466,Hypericum pulchrum,0,Hypericum
SU1466,Hypericum tetrapterum,0,Hypericum
SU1466,Hypochaeris radicata,0,Hypochaeris
SU1466,Ilex aquifolium,0,Ilex
SU1466,Impatiens glandulifera,0,Impatiens
SU1466,Impatiens parviflora,0,Impatiens
SU1466,Iris pseudacorus,0,Iris
SU1466,Jacobaea erucifolia,0,Jacobaea
SU1466,Jacobaea vulgaris,0,Jacobaea
SU1466,Jasione montana,0,Jasione
SU1466,Juncus conglomeratus,0,Juncus
SU1466,Juncus effusus,0,Juncus
SU1466,Knautia arvensis,0,Knautia
SU1466,Lactuca serriola,0,Lactuca
SU1466,Lamium album,6,Lamium
SU1466,Lamium galeobdolon,0,Lamium
SU1466,Lamium purpureum,0,Lamium
SU1466,Lapsana communis,0,Lapsana
SU1466,Lathyrus aphaca,0,Lathyrus
SU1466,Lathyrus linifolius,0,Lathyrus
SU1466,Lathyrus pratensis,0,Lathyrus
SU1466,Leontodon hispidus,0,Leontodon
SU1466,Leontodon saxatilis,0,Leontodon
SU1466,Leucanthemum vulgare,0,Leucanthemum
SU1466,Ligusticum scoticum,0,Ligusticum
SU1466,Limonium vulgare,0,Limonium
SU1466,Linaria vulgaris,0,Linaria
SU1466,Linum catharticum,0,Linum
SU1466,Linum usitatissimum,0,Linum
SU1466,Lonicera caprifolium,0,Lonicera
SU1466,Lonicera periclymenum,0,Lonicera
SU1466,Lotus angustissimus,0,Lotus
SU1466,Lotus corniculatus,0,Lotus
SU1466,Lotus pedunculatus,0,Lotus
SU1466,Lotus subbiflorus,0,Lotus
SU1466,Luzula campestris,0,Luzula
SU1466,Lysimachia nemorum,13,Lysimachia
SU1466,Lysimachia punctata,0,Lysimachia
SU1466,Lysimachia vulgaris,0,Lysimachia
SU1466,Lythrum alatum,0,Lythrum
SU1466,Lythrum salicaria,0,Lythrum
SU1466,Malva sylvestris,0,Malva
SU1466,Matricaria chamomilla,0,Matricaria
SU1466,Matricaria discoidea,0,Matricaria
SU1466,Medicago lupulina,0,Medicago
SU1466,Melampyrum pratense,0,Melampyrum
SU1466,Mentha aquatica,0,Mentha
SU1466,Mentha arvensis,0,Mentha
SU1466,Mercurialis perennis,5,Mercurialis
SU1466,Myosotis arvensis,0,Myosotis
SU1466,Myosotis discolor,0,Myosotis
SU1466,Myosotis sylvatica,0,Myosotis
SU1466,Narthecium ossifragum,0,Narthecium
SU1466,Odontites vernus,0,Odontites
SU1466,Oenanthe crocata,0,Oenanthe
SU1466,Origanum vulgare,0,Origanum
SU1466,Ornithopus perpusillus,0,Ornithopus
SU1466,Oxalis acetosella,0,Oxalis
SU1466,Panicum miliaceum,0,Panicum
SU1466,Papaver rhoeas,0,Papaver
SU1466,Pedicularis sylvatica,0,Pedicularis
SU1466,Persicaria amplexicaulis,0,Persicaria
SU1466,Persicaria bistorta,0,Persicaria
SU1466,Persicaria hydropiper,0,Persicaria
SU1466,Persicaria lapathifolia,0,Persicaria
SU1466,Persicaria maculosa,0,Persicaria
SU1466,Peucedanum ostruthium,0,Peucedanum
SU1466,Picris echioides,0,Picris
SU1466,Picris hieracioides,0,Picris
SU1466,Pilosella officinarum,0,Pilosella
SU1466,Pimpinella saxifraga,0,Pimpinella
SU1466,Pinguicula vulgaris,0,Pinguicula
SU1466,Plantago lanceolata,0,Plantago
SU1466,Plantago major,0,Plantago
SU1466,Plantago maritima,0,Plantago
SU1466,Poa annua,0,Poa
SU1466,Polygala serpyllifolia,0,Polygala
SU1466,Polygala vulgaris,0,Polygala
SU1466,Polygonum aviculare,0,Polygonum
SU1466,Potentilla anglica,0,Potentilla
SU1466,Potentilla anserina,0,Potentilla
SU1466,Potentilla erecta,0,Potentilla
SU1466,Potentilla recta,0,Potentilla
SU1466,Potentilla reptans,0,Potentilla
SU1466,Prunella vulgaris,0,Prunella
SU1466,Prunus spinosa,0,Prunus
SU1466,Pulicaria dysenterica,0,Pulicaria
SU1466,Ranunculus acris,5,Ranunculus
SU1466,Ranunculus bulbosus,0,Ranunculus
SU1466,Ranunculus ficaria,0,Ranunculus
SU1466,Ranunculus flammula,0,Ranunculus
SU1466,Ranunculus repens,101,Ranunculus
SU1466,Ranunculus sardous,0,Ranunculus
SU1466,Raphanus raphanistrum,0,Raphanus
SU1466,Raphanus sativus,0,Raphanus
SU1466,Rhinanthus minor,0,Rhinanthus
SU1466,Rosa arvensis,0,Rosa
SU1466,Rosa canina,0,Rosa
SU1466,Rubus caesius,0,Rubus
SU1466,Rubus fruticosus,217,Rubus
SU1466,Rubus idaeus,0,Rubus
SU1466,Rumex acetosa,0,Rumex
SU1466,Rumex acetosella,0,Rumex
SU1466,Rumex crispus,5,Rumex
SU1466,Rumex obtusifolius,55,Rumex
SU1466,Rumex sanguineus,0,Rumex
SU1466,Sagina saginoides,0,Sagina
SU1466,Sambucus nigra,0,Sambucus
SU1466,Sanguisorba officinalis,0,Sanguisorba
SU1466,Scorzoneroides autumnalis,0,Scorzoneroides
SU1466,Scrophularia auriculata,1,Scrophularia
SU1466,Scrophularia nodosa,1,Scrophularia
SU1466,Sedum anglicum,0,Sedum
SU1466,Senecio erucifolius,0,Senecio
SU1466,Senecio jacobaea,0,Senecio
SU1466,Senecio vulgaris,0,Senecio
SU1466,Sherardia arvensis,0,Sherardia
SU1466,Silene dioica,0,Silene
SU1466,Silene latifolia,0,Silene
SU1466,Silybum marianum,0,Silybum
SU1466,Sinapis alba,0,Sinapis
SU1466,Sinapis arvensis,0,Sinapis
SU1466,Sisymbrium officinale,0,Sisymbrium
SU1466,Solanum dulcamara,51,Solanum
SU1466,Solanum nigrum,0,Solanum
SU1466,Solanum tuberosum,0,Solanum
SU1466,Sonchus arvensis,0,Sonchus
SU1466,Sonchus asper,0,Sonchus
SU1466,Sonchus oleraceus,0,Sonchus
SU1466,Sorbus aucuparia,0,Sorbus
SU1466,Spergula arvensis,0,Spergula
SU1466,Spergularia media,0,Spergularia
SU1466,Stachys arvensis,0,Stachys
SU1466,Stachys palustris,0,Stachys
SU1466,Stachys sylvatica,0,Stachys
SU1466,Stellaria alsine,0,Stellaria
SU1466,Stellaria graminea,0,Stellaria
SU1466,Stellaria holostea,0,Stellaria
SU1466,Stellaria media,0,Stellaria
SU1466,Suaeda maritima,0,Suaeda
SU1466,Succisa pratensis,0,Succisa
SU1466,Symphytum officinale,0,Symphytum
SU1466,Taraxacum agg,0,Taraxacum
SU1466,Taraxacum officinale,0,Taraxacum
SU1466,Teucrium scorodonia,0,Teucrium
SU1466,Thlaspi arvense,0,Thlaspi
SU1466,Thymus polytrichus,0,Thymus
SU1466,Thymus vulgaris,0,Thymus
SU1466,Torilis japonica,0,Torilis
SU1466,Tragopogon pratensis,0,Tragopogon
SU1466,Trientalis europaea,0,Trientalis
SU1466,Trifolium arvense,0,Trifolium
SU1466,Trifolium campestre,0,Trifolium
SU1466,Trifolium constantinopolitanum,0,Trifolium
SU1466,Trifolium dubium,0,Trifolium
SU1466,Trifolium pratense,0,Trifolium
SU1466,Trifolium repens,0,Trifolium
SU1466,Tripleurospermum inodorum,0,Tripleurospermum
SU1466,Tripleurospermum maritimum,0,Tripleurospermum
SU1466,Turgenia latifolia,0,Turgenia
SU1466,Ulex europaeus,0,Ulex
SU1466,Ulex gallii,0,Ulex
SU1466,Urtica dioica,0,Urtica
SU1466,Vaccinium myrtillus,0,Vaccinium
SU1466,Vaccinium oxycoccos,0,Vaccinium
SU1466,Vaccinium vitis,0,Vaccinium
SU1466,Valeriana dioica,0,Valeriana
SU1466,Valeriana officinalis,0,Valeriana
SU1466,Verbena officinalis,0,Verbena
SU1466,Verbena x,0,Verbena
SU1466,Veronica agrestis,0,Veronica
SU1466,Veronica arvensis,0,Veronica
SU1466,Veronica beccabunga,0,Veronica
SU1466,Veronica chamaedrys,0,Veronica
SU1466,Veronica hederifolia,0,Veronica
SU1466,Veronica montana,0,Veronica
SU1466,Veronica officinalis,0,Veronica
SU1466,Veronica persica,0,Veronica
SU1466,Veronica polita,0,Veronica
SU1466,Veronica serpyllifolia,0,Veronica
SU1466,Vicia benghalensis,0,Vicia
SU1466,Vicia cracca,0,Vicia
SU1466,Vicia faba,0,Vicia
SU1466,Vicia hirsuta,0,Vicia
SU1466,Vicia lutea,0,Vicia
SU1466,Vicia sativa,0,Vicia
SU1466,Vicia sepium,0,Vicia
SU1466,Vicia spp,0,Vicia
SU1466,Vicia tetrasperma,0,Vicia
SU1466,Viola arvensis,0,Viola
SU1466,Viola canina,0,Viola
SU1466,Viola palustris,0,Viola
SU1466,Viola riviniana,0,Viola
SU1466,Zea mays,0,Zea
SU3986,Acer pseudoplatanus,0,Acer
SU3986,Achillea millefolium,0,Achillea
SU3986,Achillea ptarmica,0,Achillea
SU3986,Aegopodium podagraria,0,Aegopodium
SU3986,Aethusa cynapium,6,Aethusa
SU3986,Ajuga reptans,0,Ajuga
SU3986,Alliaria petiolata,0,Alliaria
SU3986,Alnus glutinosa,0,Alnus
SU3986,Anagallis arvensis,133,Anagallis
SU3986,Anchusa arvensis,0,Anchusa
SU3986,Anemone nemorosa,0,Anemone
SU3986,Angelica sylvestris,0,Angelica
SU3986,Anthemis cotula,0,Anthemis
SU3986,Anthriscus caucalis,0,Anthriscus
SU3986,Anthriscus sylvestris,0,Anthriscus
SU3986,Apium nodiflorum,0,Apium
SU3986,Armeria maritima,0,Armeria
SU3986,Artemisia absinthium,0,Artemisia
SU3986,Artemisia annua,0,Artemisia
SU3986,Artemisia vulgaris,0,Artemisia
SU3986,Aster tripolium,0,Aster
SU3986,Atriplex patula,0,Atriplex
SU3986,Atriplex portulacoides,0,Atriplex
SU3986,Ballota nigra,0,Ballota
SU3986,Barbarea vulgaris,0,Barbarea
SU3986,Bellis perennis,0,Bellis
SU3986,Berula erecta,0,Berula
SU3986,Brassica napus,63,Brassica
SU3986,Brassica oleracea,0,Brassica
SU3986,Brassica rapa,0,Brassica
SU3986,Bryonia dioica,0,Bryonia
SU3986,Buddleja davidii,0,Buddleja
SU3986,Bupleurum tenuissimum,0,Bupleurum
SU3986,Calluna vulgaris,0,Calluna
SU3986,Caltha palustris,0,Caltha
SU3986,Calystegia sepium,0,Calystegia
SU3986,Campanula rotundifolia,0,Campanula
SU3986,Capsella bursa,0,Capsella
SU3986,Cardamine flexuosa,0,Cardamine
SU3986,Cardamine hirsuta,0,Cardamine
SU3986,Cardamine pratensis,0,Cardamine
SU3986,Carduus nutans,0,Carduus
SU3986,Carum verticillatum,0,Carum
SU3986,Centaurea cyanus,0,Centaurea
SU3986,Centaurea nigra,0,Centaurea
SU3986,Centaurea scabiosa,0,Centaurea
SU3986,Centaurium erythraea,0,Centaurium
SU3986,Cerastium arvense,0,Cerastium
SU3986,Cerastium fontanum,0,Cerastium
SU3986,Cerastium glomeratum,0,Cerastium
SU3986,Ceratocapnos claviculata,0,Ceratocapnos
SU3986,Chaerophyllum temulum,0,Chaerophyllum
SU3986,Chamaemelum nobile,0,Chamaemelum
SU3986,Chamerion angustifolium,0,Chamerion
SU3986,Chenopodium album,18,Chenopodium
SU3986,Chenopodium ficifolium,0,Chenopodium
SU3986,Chenopodium quinoa,0,Chenopodium
SU3986,Cichorium intybus,0,Cichorium
SU3986,Circaea lutetiana,0,Circaea
SU3986,Cirsium arvense,8,Cirsium
SU3986,Cirsium eriophorum,0,Cirsium
SU3986,Cirsium palustre,0,Cirsium
SU3986,Cirsium vulgare,0,Cirsium
SU3986,Clematis vitalba,0,Clematis
SU3986,Clinopodium vulgare,0,Clinopodium
SU3986,Conium maculatum,0,Conium
SU3986,Conopodium majus,0,Conopodium
SU3986,Convolvulus arvensis,14,Convolvulus
SU3986,Conyza canadensis,0,Conyza
SU3986,Cotoneaster salicifolius,0,Cotoneaster
SU3986,Crataegus monogyna,0,Crataegus
SU3986,Crepis capillaris,0,Crepis
SU3986,Crepis vesicaria,0,Crepis
SU3986,Cruciata laevipes,0,Cruciata
SU3986,Cytisus scoparius,0,Cytisus
SU3986,Dactylorhiza fuchsii,0,Dactylorhiza
SU3986,Dactylorhiza maculata,0,Dactylorhiza
SU3986,Daucus carota,67,Daucus
SU3986,Digitalis ferruginea,0,Digitalis
SU3986,Digitalis grandiflora,0,Digitalis
SU3986,Digitalis purpurea,0,Digitalis
SU3986,Dioscorea communis,0,Dioscorea
SU3986,Doronicum plantagineum,0,Doronicum
SU3986,Drosera anglica,0,Drosera
SU3986,Drosera rotundifolia,0,Drosera
SU3986,Dryas octopetala,0,Dryas
SU3986,Epilobium hirsutum,0,Epilobium
SU3986,Epilobium montanum,0,Epilobium
SU3986,Epilobium obscurum,0,Epilobium
SU3986,Epilobium palustre,0,Epilobium
SU3986,Epilobium parviflorum,0,Epilobium
SU3986,Epilobium roseum,0,Epilobium
SU3986,Epilobium tetragonum,0,Epilobium
SU3986,Erica cinerea,0,Erica
SU3986,Erica tetralix,0,Erica
SU3986,Eriophorum vaginatum,0,Eriophorum
SU3986,Eupatorium cannabinum,0,Eupatorium
SU3986,Euphorbia exigua,0,Euphorbia
SU3986,Euphorbia helioscopia,24,Euphorbia
SU3986,Euphrasia officinalis,0,Euphrasia
SU3986,Fagopyrum esculentum,0,Fagopyrum
SU3986,Fallopia convolvulus,0,Fallopia
SU3986,Filipendula ulmaria,0,Filipendula
SU3986,Fumaria officinalis,3,Fumaria
SU3986,Galeopsis speciosa,0,Galeopsis
SU3986,Galeopsis tetrahit,0,Galeopsis
SU3986,Galium aparine,17,Galium
SU3986,Galium mollugo,0,Galium
SU3986,Galium odoratum,0,Galium
SU3986,Galium palustre,0,Galium
SU3986,Galium saxatile,0,Galium
SU3986,Galium verum,0,Galium
SU3986,Genista anglica,0,Genista
SU3986,Geranium dissectum,29,Geranium
SU3986,Geranium molle,0,Geranium
SU3986,Geranium nodosum,0,Geranium
SU3986,Geranium pratense,0,Geranium
SU3986,Geranium pyrenaicum,0,Geranium
SU3986,Geranium robertianum,0,Geranium
SU3986,Geum urbanum,0,Geum
SU3986,Glechoma hederacea,10,Glechoma
SU3986,Hedera helix,0,Hedera
SU3986,Helianthus annuus,0,Helianthus
SU3986,Heracleum mantegazzianum,0,Heracleum
SU3986,Heracleum sphondylium,2,Heracleum
SU3986,Hippocrepis comosa,0,Hippocrepis
SU3986,Hordeum vulgare,0,Hordeum
SU3986,Hyacinthoides non,0,Hyacinthoides
SU3986,Hypericum forrestii,0,Hypericum
SU3986,Hypericum perforatum,0,Hypericum
SU3986,Hypericum pulchrum,0,Hypericum
SU3986,Hypericum tetrapterum,0,Hypericum
SU3986,Hypochaeris radicata,0,Hypochaeris
SU3986,Ilex aquifolium,0,Ilex
SU3986,Impatiens glandulifera,0,Impatiens
SU3986,Impatiens parviflora,0,Impatiens
SU3986,Iris pseudacorus,0,Iris
SU3986,Jacobaea erucifolia,0,Jacobaea
SU3986,Jacobaea vulgaris,0,Jacobaea
SU3986,Jasione montana,0,Jasione
SU3986,Juncus conglomeratus,0,Juncus
SU3986,Juncus effusus,0,Juncus
SU3986,Knautia arvensis,0,Knautia
SU3986,Lactuca serriola,0,Lactuca
SU3986,Lamium album,40,Lamium
SU3986,Lamium galeobdolon,0,Lamium
SU3986,Lamium purpureum,8,Lamium
SU3986,Lapsana communis,0,Lapsana
SU3986,Lathyrus aphaca,0,Lathyrus
SU3986,Lathyrus linifolius,0,Lathyrus
SU3986,Lathyrus pratensis,0,Lathyrus
SU3986,Leontodon hispidus,0,Leontodon
SU3986,Leontodon saxatilis,0,Leontodon
SU3986,Leucanthemum vulgare,0,Leucanthemum
SU3986,Ligusticum scoticum,0,Ligusticum
SU3986,Limonium vulgare,0,Limonium
SU3986,Linaria vulgaris,0,Linaria
SU3986,Linum catharticum,0,Linum
SU3986,Linum usitatissimum,0,Linum
SU3986,Lonicera caprifolium,0,Lonicera
SU3986,Lonicera periclymenum,0,Lonicera
SU3986,Lotus angustissimus,0,Lotus
SU3986,Lotus corniculatus,0,Lotus
SU3986,Lotus pedunculatus,0,Lotus
SU3986,Lotus subbiflorus,0,Lotus
SU3986,Luzula campestris,0,Luzula
SU3986,Lysimachia nemorum,0,Lysimachia
SU3986,Lysimachia punctata,0,Lysimachia
SU3986,Lysimachia vulgaris,0,Lysimachia
SU3986,Lythrum alatum,0,Lythrum
SU3986,Lythrum salicaria,0,Lythrum
SU3986,Malva sylvestris,0,Malva
SU3986,Matricaria chamomilla,0,Matricaria
SU3986,Matricaria discoidea,31,Matricaria
SU3986,Medicago lupulina,0,Medicago
SU3986,Melampyrum pratense,0,Melampyrum
SU3986,Mentha aquatica,0,Mentha
SU3986,Mentha arvensis,0,Mentha
SU3986,Mercurialis perennis,0,Mercurialis
SU3986,Myosotis arvensis,0,Myosotis
SU3986,Myosotis discolor,0,Myosotis
SU3986,Myosotis sylvatica,0,Myosotis
SU3986,Narthecium ossifragum,0,Narthecium
SU3986,Odontites vernus,0,Odontites
SU3986,Oenanthe crocata,0,Oenanthe
SU3986,Origanum vulgare,0,Origanum
SU3986,Ornithopus perpusillus,0,Ornithopus
SU3986,Oxalis acetosella,0,Oxalis
SU3986,Panicum miliaceum,0,Panicum
SU3986,Papaver rhoeas,9,Papaver
SU3986,Pedicularis sylvatica,0,Pedicularis
SU3986,Persicaria amplexicaulis,0,Persicaria
SU3986,Persicaria bistorta,0,Persicaria
SU3986,Persicaria hydropiper,0,Persicaria
SU3986,Persicaria lapathifolia,0,Persicaria
SU3986,Persicaria maculosa,0,Persicaria
SU3986,Peucedanum ostruthium,0,Peucedanum
SU3986,Picris echioides,0,Picris
SU3986,Picris hieracioides,0,Picris
SU3986,Pilosella officinarum,0,Pilosella
SU3986,Pimpinella saxifraga,0,Pimpinella
SU3986,Pinguicula vulgaris,0,Pinguicula
SU3986,Plantago lanceolata,0,Plantago
SU3986,Plantago major,0,Plantago
SU3986,Plantago maritima,0,Plantago
SU3986,Poa annua,0,Poa
SU3986,Polygala serpyllifolia,0,Polygala
SU3986,Polygala vulgaris,0,Polygala
SU3986,Polygonum aviculare,0,Polygonum
SU3986,Potentilla anglica,0,Potentilla
SU3986,Potentilla anserina,0,Potentilla
SU3986,Potentilla erecta,0,Potentilla
SU3986,Potentilla recta,0,Potentilla
SU3986,Potentilla reptans,0,Potentilla
SU3986,Prunella vulgaris,0,Prunella
SU3986,Prunus spinosa,0,Prunus
SU3986,Pulicaria dysenterica,0,Pulicaria
SU3986,Ranunculus acris,0,Ranunculus
SU3986,Ranunculus bulbosus,0,Ranunculus
SU3986,Ranunculus ficaria,0,Ranunculus
SU3986,Ranunculus flammula,0,Ranunculus
SU3986,Ranunculus repens,8,Ranunculus
SU3986,Ranunculus sardous,0,Ranunculus
SU3986,Raphanus raphanistrum,0,Raphanus
SU3986,Raphanus sativus,0,Raphanus
SU3986,Rhinanthus minor,0,Rhinanthus
SU3986,Rosa arvensis,0,Rosa
SU3986,Rosa canina,0,Rosa
SU3986,Rubus caesius,0,Rubus
SU3986,Rubus fruticosus,0,Rubus
SU3986,Rubus idaeus,0,Rubus
SU3986,Rumex acetosa,0,Rumex
SU3986,Rumex acetosella,0,Rumex
SU3986,Rumex crispus,0,Rumex
SU3986,Rumex obtusifolius,0,Rumex
SU3986,Rumex sanguineus,0,Rumex
SU3986,Sagina saginoides,0,Sagina
SU3986,Sambucus nigra,0,Sambucus
SU3986,Sanguisorba officinalis,0,Sanguisorba
SU3986,Scorzoneroides autumnalis,0,Scorzoneroides
SU3986,Scrophularia auriculata,0,Scrophularia
SU3986,Scrophularia nodosa,0,Scrophularia
SU3986,Sedum anglicum,0,Sedum
SU3986,Senecio erucifolius,0,Senecio
SU3986,Senecio jacobaea,0,Senecio
SU3986,Senecio vulgaris,95,Senecio
SU3986,Sherardia arvensis,0,Sherardia
SU3986,Silene dioica,0,Silene
SU3986,Silene latifolia,0,Silene
SU3986,Silybum marianum,0,Silybum
SU3986,Sinapis alba,0,Sinapis
SU3986,Sinapis arvensis,67,Sinapis
SU3986,Sisymbrium officinale,0,Sisymbrium
SU3986,Solanum dulcamara,0,Solanum
SU3986,Solanum nigrum,0,Solanum
SU3986,Solanum tuberosum,0,Solanum
SU3986,Sonchus arvensis,0,Sonchus
SU3986,Sonchus asper,18,Sonchus
SU3986,Sonchus oleraceus,0,Sonchus
SU3986,Sorbus aucuparia,0,Sorbus
SU3986,Spergula arvensis,0,Spergula
SU3986,Spergularia media,0,Spergularia
SU3986,Stachys arvensis,0,Stachys
SU3986,Stachys palustris,0,Stachys
SU3986,Stachys sylvatica,0,Stachys
SU3986,Stellaria alsine,0,Stellaria
SU3986,Stellaria graminea,0,Stellaria
SU3986,Stellaria holostea,0,Stellaria
SU3986,Stellaria media,11,Stellaria
SU3986,Suaeda maritima,0,Suaeda
SU3986,Succisa pratensis,0,Succisa
SU3986,Symphytum officinale,0,Symphytum
SU3986,Taraxacum agg,5,Taraxacum
SU3986,Taraxacum officinale,0,Taraxacum
SU3986,Teucrium scorodonia,0,Teucrium
SU3986,Thlaspi arvense,8,Thlaspi
SU3986,Thymus polytrichus,0,Thymus
SU3986,Thymus vulgaris,0,Thymus
SU3986,Torilis japonica,0,Torilis
SU3986,Tragopogon pratensis,0,Tragopogon
SU3986,Trientalis europaea,0,Trientalis
SU3986,Trifolium arvense,0,Trifolium
SU3986,Trifolium campestre,0,Trifolium
SU3986,Trifolium constantinopolitanum,0,Trifolium
SU3986,Trifolium dubium,0,Trifolium
SU3986,Trifolium pratense,0,Trifolium
SU3986,Trifolium repens,133,Trifolium
SU3986,Tripleurospermum inodorum,0,Tripleurospermum
SU3986,Tripleurospermum maritimum,0,Tripleurospermum
SU3986,Turgenia latifolia,0,Turgenia
SU3986,Ulex europaeus,0,Ulex
SU3986,Ulex gallii,0,Ulex
SU3986,Urtica dioica,0,Urtica
SU3986,Vaccinium myrtillus,0,Vaccinium
SU3986,Vaccinium oxycoccos,0,Vaccinium
SU3986,Vaccinium vitis,0,Vaccinium
SU3986,Valeriana dioica,0,Valeriana
SU3986,Valeriana officinalis,0,Valeriana
SU3986,Verbena officinalis,0,Verbena
SU3986,Verbena x,0,Verbena
SU3986,Veronica agrestis,0,Veronica
SU3986,Veronica arvensis,0,Veronica
SU3986,Veronica beccabunga,0,Veronica
SU3986,Veronica chamaedrys,10,Veronica
SU3986,Veronica hederifolia,0,Veronica
SU3986,Veronica montana,0,Veronica
SU3986,Veronica officinalis,0,Veronica
SU3986,Veronica persica,97,Veronica
SU3986,Veronica polita,0,Veronica
SU3986,Veronica serpyllifolia,0,Veronica
SU3986,Vicia benghalensis,0,Vicia
SU3986,Vicia cracca,0,Vicia
SU3986,Vicia faba,9,Vicia
SU3986,Vicia hirsuta,0,Vicia
SU3986,Vicia lutea,0,Vicia
SU3986,Vicia sativa,0,Vicia
SU3986,Vicia sepium,0,Vicia
SU3986,Vicia spp,0,Vicia
SU3986,Vicia tetrasperma,0,Vicia
SU3986,Viola arvensis,0,Viola
SU3986,Viola canina,0,Viola
SU3986,Viola palustris,0,Viola
SU3986,Viola riviniana,0,Viola
SU3986,Zea mays,0,Zea
SU6679,Acer pseudoplatanus,0,Acer
SU6679,Achillea millefolium,0,Achillea
SU6679,Achillea ptarmica,0,Achillea
SU6679,Aegopodium podagraria,0,Aegopodium
SU6679,Aethusa cynapium,0,Aethusa
SU6679,Ajuga reptans,8,Ajuga
SU6679,Alliaria petiolata,74,Alliaria
SU6679,Alnus glutinosa,0,Alnus
SU6679,Anagallis arvensis,0,Anagallis
SU6679,Anchusa arvensis,0,Anchusa
SU6679,Anemone nemorosa,0,Anemone
SU6679,Angelica sylvestris,0,Angelica
SU6679,Anthemis cotula,0,Anthemis
SU6679,Anthriscus caucalis,0,Anthriscus
SU6679,Anthriscus sylvestris,0,Anthriscus
SU6679,Apium nodiflorum,0,Apium
SU6679,Armeria maritima,0,Armeria
SU6679,Artemisia absinthium,0,Artemisia
SU6679,Artemisia annua,0,Artemisia
SU6679,Artemisia vulgaris,0,Artemisia
SU6679,Aster tripolium,0,Aster
SU6679,Atriplex patula,0,Atriplex
SU6679,Atriplex portulacoides,0,Atriplex
SU6679,Ballota nigra,0,Ballota
SU6679,Barbarea vulgaris,0,Barbarea
SU6679,Bellis perennis,0,Bellis
SU6679,Berula erecta,0,Berula
SU6679,Brassica napus,0,Brassica
SU6679,Brassica oleracea,0,Brassica
SU6679,Brassica rapa,0,Brassica
SU6679,Bryonia dioica,0,Bryonia
SU6679,Buddleja davidii,0,Buddleja
SU6679,Bupleurum tenuissimum,0,Bupleurum
SU6679,Calluna vulgaris,0,Calluna
SU6679,Caltha palustris,0,Caltha
SU6679,Calystegia sepium,0,Calystegia
SU6679,Campanula rotundifolia,0,Campanula
SU6679,Capsella bursa,0,Capsella
SU6679,Cardamine flexuosa,0,Cardamine
SU6679,Cardamine hirsuta,0,Cardamine
SU6679,Cardamine pratensis,0,Cardamine
SU6679,Carduus nutans,0,Carduus
SU6679,Carum verticillatum,0,Carum
SU6679,Centaurea cyanus,0,Centaurea
SU6679,Centaurea nigra,0,Centaurea
SU6679,Centaurea scabiosa,0,Centaurea
SU6679,Centaurium erythraea,0,Centaurium
SU6679,Cerastium arvense,0,Cerastium
SU6679,Cerastium fontanum,0,Cerastium
SU6679,Cerastium glomeratum,0,Cerastium
SU6679,Ceratocapnos claviculata,0,Ceratocapnos
SU6679,Chaerophyllum temulum,0,Chaerophyllum
SU6679,Chamaemelum nobile,0,Chamaemelum
SU6679,Chamerion angustifolium,0,Chamerion
SU6679,Chenopodium album,0,Chenopodium
SU6679,Chenopodium ficifolium,0,Chenopodium
SU6679,Chenopodium quinoa,0,Chenopodium
SU6679,Cichorium intybus,0,Cichorium
SU6679,Circaea lutetiana,81,Circaea
SU6679,Cirsium arvense,0,Cirsium
SU6679,Cirsium eriophorum,0,Cirsium
SU6679,Cirsium palustre,0,Cirsium
SU6679,Cirsium vulgare,3,Cirsium
SU6679,Clematis vitalba,0,Clematis
SU6679,Clinopodium vulgare,0,Clinopodium
SU6679,Conium maculatum,0,Conium
SU6679,Conopodium majus,0,Conopodium
SU6679,Convolvulus arvensis,0,Convolvulus
SU6679,Conyza canadensis,0,Conyza
SU6679,Cotoneaster salicifolius,0,Cotoneaster
SU6679,Crataegus monogyna,0,Crataegus
SU6679,Crepis capillaris,0,Crepis
SU6679,Crepis vesicaria,0,Crepis
SU6679,Cruciata laevipes,0,Cruciata
SU6679,Cytisus scoparius,0,Cytisus
SU6679,Dactylorhiza fuchsii,0,Dactylorhiza
SU6679,Dactylorhiza maculata,0,Dactylorhiza
SU6679,Daucus carota,0,Daucus
SU6679,Digitalis ferruginea,0,Digitalis
SU6679,Digitalis grandiflora,0,Digitalis
SU6679,Digitalis purpurea,0,Digitalis
SU6679,Dioscorea communis,0,Dioscorea
SU6679,Doronicum plantagineum,0,Doronicum
SU6679,Drosera anglica,0,Drosera
SU6679,Drosera rotundifolia,0,Drosera
SU6679,Dryas octopetala,0,Dryas
SU6679,Epilobium hirsutum,0,Epilobium
SU6679,Epilobium montanum,1,Epilobium
SU6679,Epilobium obscurum,0,Epilobium
SU6679,Epilobium palustre,0,Epilobium
SU6679,Epilobium parviflorum,0,Epilobium
SU6679,Epilobium roseum,0,Epilobium
SU6679,Epilobium tetragonum,0,Epilobium
SU6679,Erica cinerea,0,Erica
SU6679,Erica tetralix,0,Erica
SU6679,Eriophorum vaginatum,0,Eriophorum
SU6679,Eupatorium cannabinum,0,Eupatorium
SU6679,Euphorbia exigua,0,Euphorbia
SU6679,Euphorbia helioscopia,0,Euphorbia
SU6679,Euphrasia officinalis,0,Euphrasia
SU6679,Fagopyrum esculentum,0,Fagopyrum
SU6679,Fallopia convolvulus,0,Fallopia
SU6679,Filipendula ulmaria,0,Filipendula
SU6679,Fumaria officinalis,0,Fumaria
SU6679,Galeopsis speciosa,0,Galeopsis
SU6679,Galeopsis tetrahit,0,Galeopsis
SU6679,Galium aparine,0,Galium
SU6679,Galium mollugo,0,Galium
SU6679,Galium odoratum,0,Galium
SU6679,Galium palustre,0,Galium
SU6679,Galium saxatile,0,Galium
SU6679,Galium verum,0,Galium
SU6679,Genista anglica,0,Genista
SU6679,Geranium dissectum,0,Geranium
SU6679,Geranium molle,0,Geranium
SU6679,Geranium nodosum,0,Geranium
SU6679,Geranium pratense,0,Geranium
SU6679,Geranium pyrenaicum,0,Geranium
SU6679,Geranium robertianum,0,Geranium
SU6679,Geum urbanum,3,Geum
SU6679,Glechoma hederacea,0,Glechoma
SU6679,Hedera helix,3,Hedera
SU6679,Helianthus annuus,0,Helianthus
SU6679,Heracleum mantegazzianum,0,Heracleum
SU6679,Heracleum sphondylium,49,Heracleum
SU6679,Hippocrepis comosa,0,Hippocrepis
SU6679,Hordeum vulgare,0,Hordeum
SU6679,Hyacinthoides non,10,Hyacinthoides
SU6679,Hypericum forrestii,0,Hypericum
SU6679,Hypericum perforatum,0,Hypericum
SU6679,Hypericum pulchrum,0,Hypericum
SU6679,Hypericum tetrapterum,0,Hypericum
SU6679,Hypochaeris radicata,0,Hypochaeris
SU6679,Ilex aquifolium,0,Ilex
SU6679,Impatiens glandulifera,0,Impatiens
SU6679,Impatiens parviflora,226,Impatiens
SU6679,Iris pseudacorus,0,Iris
SU6679,Jacobaea erucifolia,0,Jacobaea
SU6679,Jacobaea vulgaris,0,Jacobaea
SU6679,Jasione montana,0,Jasione
SU6679,Juncus conglomeratus,0,Juncus
SU6679,Juncus effusus,0,Juncus
SU6679,Knautia arvensis,0,Knautia
SU6679,Lactuca serriola,0,Lactuca
SU6679,Lamium album,10,Lamium
SU6679,Lamium galeobdolon,0,Lamium
SU6679,Lamium purpureum,0,Lamium
SU6679,Lapsana communis,46,Lapsana
SU6679,Lathyrus aphaca,0,Lathyrus
SU6679,Lathyrus linifolius,0,Lathyrus
SU6679,Lathyrus pratensis,0,Lathyrus
SU6679,Leontodon hispidus,0,Leontodon
SU6679,Leontodon saxatilis,0,Leontodon
SU6679,Leucanthemum vulgare,0,Leucanthemum
SU6679,Ligusticum scoticum,0,Ligusticum
SU6679,Limonium vulgare,0,Limonium
SU6679,Linaria vulgaris,0,Linaria
SU6679,Linum catharticum,0,Linum
SU6679,Linum usitatissimum,0,Linum
SU6679,Lonicera caprifolium,0,Lonicera
SU6679,Lonicera periclymenum,0,Lonicera
SU6679,Lotus angustissimus,0,Lotus
SU6679,Lotus corniculatus,0,Lotus
SU6679,Lotus pedunculatus,0,Lotus
SU6679,Lotus subbiflorus,0,Lotus
SU6679,Luzula campestris,0,Luzula
SU6679,Lysimachia nemorum,0,Lysimachia
SU6679,Lysimachia punctata,0,Lysimachia
SU6679,Lysimachia vulgaris,0,Lysimachia
SU6679,Lythrum alatum,0,Lythrum
SU6679,Lythrum salicaria,0,Lythrum
SU6679,Malva sylvestris,0,Malva
SU6679,Matricaria chamomilla,0,Matricaria
SU6679,Matricaria discoidea,0,Matricaria
SU6679,Medicago lupulina,0,Medicago
SU6679,Melampyrum pratense,0,Melampyrum
SU6679,Mentha aquatica,0,Mentha
SU6679,Mentha arvensis,0,Mentha
SU6679,Mercurialis perennis,0,Mercurialis
SU6679,Myosotis arvensis,0,Myosotis
SU6679,Myosotis discolor,0,Myosotis
SU6679,Myosotis sylvatica,0,Myosotis
SU6679,Narthecium ossifragum,0,Narthecium
SU6679,Odontites vernus,0,Odontites
SU6679,Oenanthe crocata,0,Oenanthe
SU6679,Origanum vulgare,0,Origanum
SU6679,Ornithopus perpusillus,0,Ornithopus
SU6679,Oxalis acetosella,0,Oxalis
SU6679,Panicum miliaceum,0,Panicum
SU6679,Papaver rhoeas,0,Papaver
SU6679,Pedicularis sylvatica,0,Pedicularis
SU6679,Persicaria amplexicaulis,0,Persicaria
SU6679,Persicaria bistorta,0,Persicaria
SU6679,Persicaria hydropiper,60,Persicaria
SU6679,Persicaria lapathifolia,0,Persicaria
SU6679,Persicaria maculosa,0,Persicaria
SU6679,Peucedanum ostruthium,0,Peucedanum
SU6679,Picris echioides,0,Picris
SU6679,Picris hieracioides,0,Picris
SU6679,Pilosella officinarum,0,Pilosella
SU6679,Pimpinella saxifraga,0,Pimpinella
SU6679,Pinguicula vulgaris,0,Pinguicula
SU6679,Plantago lanceolata,0,Plantago
SU6679,Plantago major,0,Plantago
SU6679,Plantago maritima,0,Plantago
SU6679,Poa annua,0,Poa
SU6679,Polygala serpyllifolia,0,Polygala
SU6679,Polygala vulgaris,0,Polygala
SU6679,Polygonum aviculare,12,Polygonum
SU6679,Potentilla anglica,0,Potentilla
SU6679,Potentilla anserina,0,Potentilla
SU6679,Potentilla erecta,0,Potentilla
SU6679,Potentilla recta,0,Potentilla
SU6679,Potentilla reptans,0,Potentilla
SU6679,Prunella vulgaris,0,Prunella
SU6679,Prunus spinosa,0,Prunus
SU6679,Pulicaria dysenterica,0,Pulicaria
SU6679,Ranunculus acris,0,Ranunculus
SU6679,Ranunculus bulbosus,0,Ranunculus
SU6679,Ranunculus ficaria,0,Ranunculus
SU6679,Ranunculus flammula,0,Ranunculus
SU6679,Ranunculus repens,0,Ranunculus
SU6679,Ranunculus sardous,0,Ranunculus
SU6679,Raphanus raphanistrum,0,Raphanus
SU6679,Raphanus sativus,0,Raphanus
SU6679,Rhinanthus minor,0,Rhinanthus
SU6679,Rosa arvensis,0,Rosa
SU6679,Rosa canina,0,Rosa
SU6679,Rubus caesius,0,Rubus
SU6679,Rubus fruticosus,813,Rubus
SU6679,Rubus idaeus,23,Rubus
SU6679,Rumex acetosa,0,Rumex
SU6679,Rumex acetosella,0,Rumex
SU6679,Rumex crispus,0,Rumex
SU6679,Rumex obtusifolius,2,Rumex
SU6679,Rumex sanguineus,0,Rumex
SU6679,Sagina saginoides,0,Sagina
SU6679,Sambucus nigra,16,Sambucus
SU6679,Sanguisorba officinalis,0,Sanguisorba
SU6679,Scorzoneroides autumnalis,0,Scorzoneroides
SU6679,Scrophularia auriculata,0,Scrophularia
SU6679,Scrophularia nodosa,0,Scrophularia
SU6679,Sedum anglicum,0,Sedum
SU6679,Senecio erucifolius,0,Senecio
SU6679,Senecio jacobaea,0,Senecio
SU6679,Senecio vulgaris,0,Senecio
SU6679,Sherardia arvensis,0,Sherardia
SU6679,Silene dioica,0,Silene
SU6679,Silene latifolia,0,Silene
SU6679,Silybum marianum,0,Silybum
SU6679,Sinapis alba,0,Sinapis
SU6679,Sinapis arvensis,0,Sinapis
SU6679,Sisymbrium officinale,0,Sisymbrium
SU6679,Solanum dulcamara,31,Solanum
SU6679,Solanum nigrum,0,Solanum
SU6679,Solanum tuberosum,0,Solanum
SU6679,Sonchus arvensis,0,Sonchus
SU6679,Sonchus asper,0,Sonchus
SU6679,Sonchus oleraceus,0,Sonchus
SU6679,Sorbus aucuparia,0,Sorbus
SU6679,Spergula arvensis,0,Spergula
SU6679,Spergularia media,0,Spergularia
SU6679,Stachys arvensis,0,Stachys
SU6679,Stachys palustris,0,Stachys
SU6679,Stachys sylvatica,4,Stachys
SU6679,Stellaria alsine,0,Stellaria
SU6679,Stellaria graminea,0,Stellaria
SU6679,Stellaria holostea,0,Stellaria
SU6679,Stellaria media,0,Stellaria
SU6679,Suaeda maritima,0,Suaeda
SU6679,Succisa pratensis,0,Succisa
SU6679,Symphytum officinale,0,Symphytum
SU6679,Taraxacum agg,0,Taraxacum
SU6679,Taraxacum officinale,0,Taraxacum
SU6679,Teucrium scorodonia,0,Teucrium
SU6679,Thlaspi arvense,0,Thlaspi
SU6679,Thymus polytrichus,0,Thymus
SU6679,Thymus vulgaris,0,Thymus
SU6679,Torilis japonica,0,Torilis
SU6679,Tragopogon pratensis,0,Tragopogon
SU6679,Trientalis europaea,0,Trientalis
SU6679,Trifolium arvense,0,Trifolium
SU6679,Trifolium campestre,0,Trifolium
SU6679,Trifolium constantinopolitanum,0,Trifolium
SU6679,Trifolium dubium,0,Trifolium
SU6679,Trifolium pratense,0,Trifolium
SU6679,Trifolium repens,0,Trifolium
SU6679,Tripleurospermum inodorum,8,Tripleurospermum
SU6679,Tripleurospermum maritimum,0,Tripleurospermum
SU6679,Turgenia latifolia,0,Turgenia
SU6679,Ulex europaeus,0,Ulex
SU6679,Ulex gallii,0,Ulex
SU6679,Urtica dioica,956,Urtica
SU6679,Vaccinium myrtillus,0,Vaccinium
SU6679,Vaccinium oxycoccos,0,Vaccinium
SU6679,Vaccinium vitis,0,Vaccinium
SU6679,Valeriana dioica,0,Valeriana
SU6679,Valeriana officinalis,0,Valeriana
SU6679,Verbena officinalis,0,Verbena
SU6679,Verbena x,0,Verbena
SU6679,Veronica agrestis,0,Veronica
SU6679,Veronica arvensis,0,Veronica
SU6679,Veronica beccabunga,0,Veronica
SU6679,Veronica chamaedrys,0,Veronica
SU6679,Veronica hederifolia,0,Veronica
SU6679,Veronica montana,0,Veronica
SU6679,Veronica officinalis,0,Veronica
SU6679,Veronica persica,3,Veronica
SU6679,Veronica polita,0,Veronica
SU6679,Veronica serpyllifolia,0,Veronica
SU6679,Vicia benghalensis,0,Vicia
SU6679,Vicia cracca,0,Vicia
SU6679,Vicia faba,0,Vicia
SU6679,Vicia hirsuta,0,Vicia
SU6679,Vicia lutea,0,Vicia
SU6679,Vicia sativa,0,Vicia
SU6679,Vicia sepium,0,Vicia
SU6679,Vicia spp,0,Vicia
SU6679,Vicia tetrasperma,0,Vicia
SU6679,Viola arvensis,0,Viola
SU6679,Viola canina,0,Viola
SU6679,Viola palustris,0,Viola
SU6679,Viola riviniana,0,Viola
SU6679,Zea mays,0,Zea
SU7800,Acer pseudoplatanus,0,Acer
SU7800,Achillea millefolium,0,Achillea
SU7800,Achillea ptarmica,0,Achillea
SU7800,Aegopodium podagraria,0,Aegopodium
SU7800,Aethusa cynapium,0,Aethusa
SU7800,Ajuga reptans,0,Ajuga
SU7800,Alliaria petiolata,0,Alliaria
SU7800,Alnus glutinosa,0,Alnus
SU7800,Anagallis arvensis,138,Anagallis
SU7800,Anchusa arvensis,0,Anchusa
SU7800,Anemone nemorosa,0,Anemone
SU7800,Angelica sylvestris,0,Angelica
SU7800,Anthemis cotula,0,Anthemis
SU7800,Anthriscus caucalis,0,Anthriscus
SU7800,Anthriscus sylvestris,0,Anthriscus
SU7800,Apium nodiflorum,0,Apium
SU7800,Armeria maritima,0,Armeria
SU7800,Artemisia absinthium,0,Artemisia
SU7800,Artemisia annua,0,Artemisia
SU7800,Artemisia vulgaris,0,Artemisia
SU7800,Aster tripolium,0,Aster
SU7800,Atriplex patula,0,Atriplex
SU7800,Atriplex portulacoides,0,Atriplex
SU7800,Ballota nigra,12,Ballota
SU7800,Barbarea vulgaris,0,Barbarea
SU7800,Bellis perennis,0,Bellis
SU7800,Berula erecta,0,Berula
SU7800,Brassica napus,0,Brassica
SU7800,Brassica oleracea,0,Brassica
SU7800,Brassica rapa,0,Brassica
SU7800,Bryonia dioica,0,Bryonia
SU7800,Buddleja davidii,0,Buddleja
SU7800,Bupleurum tenuissimum,0,Bupleurum
SU7800,Calluna vulgaris,0,Calluna
SU7800,Caltha palustris,0,Caltha
SU7800,Calystegia sepium,0,Calystegia
SU7800,Campanula rotundifolia,0,Campanula
SU7800,Capsella bursa,3,Capsella
SU7800,Cardamine flexuosa,0,Cardamine
SU7800,Cardamine hirsuta,0,Cardamine
SU7800,Cardamine pratensis,0,Cardamine
SU7800,Carduus nutans,0,Carduus
SU7800,Carum verticillatum,0,Carum
SU7800,Centaurea cyanus,0,Centaurea
SU7800,Centaurea nigra,0,Centaurea
SU7800,Centaurea scabiosa,0,Centaurea
SU7800,Centaurium erythraea,0,Centaurium
SU7800,Cerastium arvense,0,Cerastium
SU7800,Cerastium fontanum,11,Cerastium
SU7800,Cerastium glomeratum,0,Cerastium
SU7800,Ceratocapnos claviculata,0,Ceratocapnos
SU7800,Chaerophyllum temulum,0,Chaerophyllum
SU7800,Chamaemelum nobile,0,Chamaemelum
SU7800,Chamerion angustifolium,0,Chamerion
SU7800,Chenopodium album,9,Chenopodium
SU7800,Chenopodium ficifolium,0,Chenopodium
SU7800,Chenopodium quinoa,0,Chenopodium
SU7800,Cichorium intybus,0,Cichorium
SU7800,Circaea lutetiana,0,Circaea
SU7800,Cirsium arvense,187,Cirsium
SU7800,Cirsium eriophorum,0,Cirsium
SU7800,Cirsium palustre,0,Cirsium
SU7800,Cirsium vulgare,1,Cirsium
SU7800,Clematis vitalba,0,Clematis
SU7800,Clinopodium vulgare,0,Clinopodium
SU7800,Conium maculatum,0,Conium
SU7800,Conopodium majus,0,Conopodium
SU7800,Convolvulus arvensis,0,Convolvulus
SU7800,Conyza canadensis,0,Conyza
SU7800,Cotoneaster salicifolius,0,Cotoneaster
SU7800,Crataegus monogyna,0,Crataegus
SU7800,Crepis capillaris,0,Crepis
SU7800,Crepis vesicaria,0,Crepis
SU7800,Cruciata laevipes,0,Cruciata
SU7800,Cytisus scoparius,0,Cytisus
SU7800,Dactylorhiza fuchsii,0,Dactylorhiza
SU7800,Dactylorhiza maculata,0,Dactylorhiza
SU7800,Daucus carota,0,Daucus
SU7800,Digitalis ferruginea,0,Digitalis
SU7800,Digitalis grandiflora,0,Digitalis
SU7800,Digitalis purpurea,0,Digitalis
SU7800,Dioscorea communis,0,Dioscorea
SU7800,Doronicum plantagineum,0,Doronicum
SU7800,Drosera anglica,0,Drosera
SU7800,Drosera rotundifolia,0,Drosera
SU7800,Dryas octopetala,0,Dryas
SU7800,Epilobium hirsutum,0,Epilobium
SU7800,Epilobium montanum,0,Epilobium
SU7800,Epilobium obscurum,0,Epilobium
SU7800,Epilobium palustre,0,Epilobium
SU7800,Epilobium parviflorum,0,Epilobium
SU7800,Epilobium roseum,0,Epilobium
SU7800,Epilobium tetragonum,0,Epilobium
SU7800,Erica cinerea,0,Erica
SU7800,Erica tetralix,0,Erica
SU7800,Eriophorum vaginatum,0,Eriophorum
SU7800,Eupatorium cannabinum,0,Eupatorium
SU7800,Euphorbia exigua,0,Euphorbia
SU7800,Euphorbia helioscopia,0,Euphorbia
SU7800,Euphrasia officinalis,0,Euphrasia
SU7800,Fagopyrum esculentum,0,Fagopyrum
SU7800,Fallopia convolvulus,0,Fallopia
SU7800,Filipendula ulmaria,0,Filipendula
SU7800,Fumaria officinalis,0,Fumaria
SU7800,Galeopsis speciosa,0,Galeopsis
SU7800,Galeopsis tetrahit,0,Galeopsis
SU7800,Galium aparine,40,Galium
SU7800,Galium mollugo,0,Galium
SU7800,Galium odoratum,0,Galium
SU7800,Galium palustre,0,Galium
SU7800,Galium saxatile,0,Galium
SU7800,Galium verum,0,Galium
SU7800,Genista anglica,0,Genista
SU7800,Geranium dissectum,67,Geranium
SU7800,Geranium molle,0,Geranium
SU7800,Geranium nodosum,0,Geranium
SU7800,Geranium pratense,0,Geranium
SU7800,Geranium pyrenaicum,0,Geranium
SU7800,Geranium robertianum,0,Geranium
SU7800,Geum urbanum,0,Geum
SU7800,Glechoma hederacea,0,Glechoma
SU7800,Hedera helix,0,Hedera
SU7800,Helianthus annuus,0,Helianthus
SU7800,Heracleum mantegazzianum,0,Heracleum
SU7800,Heracleum sphondylium,6,Heracleum
SU7800,Hippocrepis comosa,0,Hippocrepis
SU7800,Hordeum vulgare,0,Hordeum
SU7800,Hyacinthoides non,0,Hyacinthoides
SU7800,Hypericum forrestii,0,Hypericum
SU7800,Hypericum perforatum,0,Hypericum
SU7800,Hypericum pulchrum,0,Hypericum
SU7800,Hypericum tetrapterum,0,Hypericum
SU7800,Hypochaeris radicata,1,Hypochaeris
SU7800,Ilex aquifolium,0,Ilex
SU7800,Impatiens glandulifera,0,Impatiens
SU7800,Impatiens parviflora,0,Impatiens
SU7800,Iris pseudacorus,0,Iris
SU7800,Jacobaea erucifolia,0,Jacobaea
SU7800,Jacobaea vulgaris,378,Jacobaea
SU7800,Jasione montana,0,Jasione
SU7800,Juncus conglomeratus,0,Juncus
SU7800,Juncus effusus,0,Juncus
SU7800,Knautia arvensis,0,Knautia
SU7800,Lactuca serriola,0,Lactuca
SU7800,Lamium album,0,Lamium
SU7800,Lamium galeobdolon,0,Lamium
SU7800,Lamium purpureum,60,Lamium
SU7800,Lapsana communis,1,Lapsana
SU7800,Lathyrus aphaca,0,Lathyrus
SU7800,Lathyrus linifolius,0,Lathyrus
SU7800,Lathyrus pratensis,0,Lathyrus
SU7800,Leontodon hispidus,1,Leontodon
SU7800,Leontodon saxatilis,0,Leontodon
SU7800,Leucanthemum vulgare,0,Leucanthemum
SU7800,Ligusticum scoticum,0,Ligusticum
SU7800,Limonium vulgare,0,Limonium
SU7800,Linaria vulgaris,0,Linaria
SU7800,Linum catharticum,0,Linum
SU7800,Linum usitatissimum,1,Linum
SU7800,Lonicera caprifolium,0,Lonicera
SU7800,Lonicera periclymenum,0,Lonicera
SU7800,Lotus angustissimus,0,Lotus
SU7800,Lotus corniculatus,0,Lotus
SU7800,Lotus pedunculatus,6,Lotus
SU7800,Lotus subbiflorus,0,Lotus
SU7800,Luzula campestris,0,Luzula
SU7800,Lysimachia nemorum,0,Lysimachia
SU7800,Lysimachia punctata,0,Lysimachia
SU7800,Lysimachia vulgaris,0,Lysimachia
SU7800,Lythrum alatum,0,Lythrum
SU7800,Lythrum salicaria,0,Lythrum
SU7800,Malva sylvestris,0,Malva
SU7800,Matricaria chamomilla,0,Matricaria
SU7800,Matricaria discoidea,0,Matricaria
SU7800,Medicago lupulina,0,Medicago
SU7800,Melampyrum pratense,0,Melampyrum
SU7800,Mentha aquatica,0,Mentha
SU7800,Mentha arvensis,0,Mentha
SU7800,Mercurialis perennis,0,Mercurialis
SU7800,Myosotis arvensis,0,Myosotis
SU7800,Myosotis discolor,0,Myosotis
SU7800,Myosotis sylvatica,0,Myosotis
SU7800,Narthecium ossifragum,0,Narthecium
SU7800,Odontites vernus,0,Odontites
SU7800,Oenanthe crocata,4,Oenanthe
SU7800,Origanum vulgare,0,Origanum
SU7800,Ornithopus perpusillus,0,Ornithopus
SU7800,Oxalis acetosella,0,Oxalis
SU7800,Panicum miliaceum,0,Panicum
SU7800,Papaver rhoeas,0,Papaver
SU7800,Pedicularis sylvatica,0,Pedicularis
SU7800,Persicaria amplexicaulis,0,Persicaria
SU7800,Persicaria bistorta,0,Persicaria
SU7800,Persicaria hydropiper,0,Persicaria
SU7800,Persicaria lapathifolia,0,Persicaria
SU7800,Persicaria maculosa,0,Persicaria
SU7800,Peucedanum ostruthium,0,Peucedanum
SU7800,Picris echioides,51,Picris
SU7800,Picris hieracioides,0,Picris
SU7800,Pilosella officinarum,0,Pilosella
SU7800,Pimpinella saxifraga,0,Pimpinella
SU7800,Pinguicula vulgaris,0,Pinguicula
SU7800,Plantago lanceolata,0,Plantago
SU7800,Plantago major,0,Plantago
SU7800,Plantago maritima,0,Plantago
SU7800,Poa annua,0,Poa
SU7800,Polygala serpyllifolia,0,Polygala
SU7800,Polygala vulgaris,0,Polygala
SU7800,Polygonum aviculare,0,Polygonum
SU7800,Potentilla anglica,0,Potentilla
SU7800,Potentilla anserina,0,Potentilla
SU7800,Potentilla erecta,0,Potentilla
SU7800,Potentilla recta,0,Potentilla
SU7800,Potentilla reptans,0,Potentilla
SU7800,Prunella vulgaris,0,Prunella
SU7800,Prunus spinosa,0,Prunus
SU7800,Pulicaria dysenterica,271,Pulicaria
SU7800,Ranunculus acris,0,Ranunculus
SU7800,Ranunculus bulbosus,0,Ranunculus
SU7800,Ranunculus ficaria,0,Ranunculus
SU7800,Ranunculus flammula,0,Ranunculus
SU7800,Ranunculus repens,50,Ranunculus
SU7800,Ranunculus sardous,0,Ranunculus
SU7800,Raphanus raphanistrum,0,Raphanus
SU7800,Raphanus sativus,0,Raphanus
SU7800,Rhinanthus minor,0,Rhinanthus
SU7800,Rosa arvensis,0,Rosa
SU7800,Rosa canina,0,Rosa
SU7800,Rubus caesius,0,Rubus
SU7800,Rubus fruticosus,55,Rubus
SU7800,Rubus idaeus,0,Rubus
SU7800,Rumex acetosa,0,Rumex
SU7800,Rumex acetosella,0,Rumex
SU7800,Rumex crispus,26,Rumex
SU7800,Rumex obtusifolius,8,Rumex
SU7800,Rumex sanguineus,100,Rumex
SU7800,Sagina saginoides,0,Sagina
SU7800,Sambucus nigra,0,Sambucus
SU7800,Sanguisorba officinalis,0,Sanguisorba
SU7800,Scorzoneroides autumnalis,0,Scorzoneroides
SU7800,Scrophularia auriculata,0,Scrophularia
SU7800,Scrophularia nodosa,0,Scrophularia
SU7800,Sedum anglicum,0,Sedum
SU7800,Senecio erucifolius,0,Senecio
SU7800,Senecio jacobaea,253,Senecio
SU7800,Senecio vulgaris,14,Senecio
SU7800,Sherardia arvensis,23,Sherardia
SU7800,Silene dioica,0,Silene
SU7800,Silene latifolia,66,Silene
SU7800,Silybum marianum,0,Silybum
SU7800,Sinapis alba,0,Sinapis
SU7800,Sinapis arvensis,26,Sinapis
SU7800,Sisymbrium officinale,0,Sisymbrium
SU7800,Solanum dulcamara,0,Solanum
SU7800,Solanum nigrum,0,Solanum
SU7800,Solanum tuberosum,0,Solanum
SU7800,Sonchus arvensis,3,Sonchus
SU7800,Sonchus asper,22,Sonchus
SU7800,Sonchus oleraceus,9,Sonchus
SU7800,Sorbus aucuparia,0,Sorbus
SU7800,Spergula arvensis,300,Spergula
SU7800,Spergularia media,0,Spergularia
SU7800,Stachys arvensis,0,Stachys
SU7800,Stachys palustris,0,Stachys
SU7800,Stachys sylvatica,0,Stachys
SU7800,Stellaria alsine,0,Stellaria
SU7800,Stellaria graminea,160,Stellaria
SU7800,Stellaria holostea,0,Stellaria
SU7800,Stellaria media,6,Stellaria
SU7800,Suaeda maritima,0,Suaeda
SU7800,Succisa pratensis,0,Succisa
SU7800,Symphytum officinale,0,Symphytum
SU7800,Taraxacum agg,0,Taraxacum
SU7800,Taraxacum officinale,0,Taraxacum
SU7800,Teucrium scorodonia,0,Teucrium
SU7800,Thlaspi arvense,0,Thlaspi
SU7800,Thymus polytrichus,0,Thymus
SU7800,Thymus vulgaris,0,Thymus
SU7800,Torilis japonica,0,Torilis
SU7800,Tragopogon pratensis,0,Tragopogon
SU7800,Trientalis europaea,0,Trientalis
SU7800,Trifolium arvense,0,Trifolium
SU7800,Trifolium campestre,0,Trifolium
SU7800,Trifolium constantinopolitanum,0,Trifolium
SU7800,Trifolium dubium,0,Trifolium
SU7800,Trifolium pratense,0,Trifolium
SU7800,Trifolium repens,0,Trifolium
SU7800,Tripleurospermum inodorum,198,Tripleurospermum
SU7800,Tripleurospermum maritimum,139,Tripleurospermum
SU7800,Turgenia latifolia,0,Turgenia
SU7800,Ulex europaeus,0,Ulex
SU7800,Ulex gallii,0,Ulex
SU7800,Urtica dioica,283,Urtica
SU7800,Vaccinium myrtillus,0,Vaccinium
SU7800,Vaccinium oxycoccos,0,Vaccinium
SU7800,Vaccinium vitis,0,Vaccinium
SU7800,Valeriana dioica,0,Valeriana
SU7800,Valeriana officinalis,0,Valeriana
SU7800,Verbena officinalis,0,Verbena
SU7800,Verbena x,0,Verbena
SU7800,Veronica agrestis,0,Veronica
SU7800,Veronica arvensis,0,Veronica
SU7800,Veronica beccabunga,0,Veronica
SU7800,Veronica chamaedrys,0,Veronica
SU7800,Veronica hederifolia,0,Veronica
SU7800,Veronica montana,0,Veronica
SU7800,Veronica officinalis,0,Veronica
SU7800,Veronica persica,231,Veronica
SU7800,Veronica polita,0,Veronica
SU7800,Veronica serpyllifolia,0,Veronica
SU7800,Vicia benghalensis,0,Vicia
SU7800,Vicia cracca,0,Vicia
SU7800,Vicia faba,0,Vicia
SU7800,Vicia hirsuta,0,Vicia
SU7800,Vicia lutea,0,Vicia
SU7800,Vicia sativa,6,Vicia
SU7800,Vicia sepium,0,Vicia
SU7800,Vicia spp,0,Vicia
SU7800,Vicia tetrasperma,3,Vicia
SU7800,Viola arvensis,0,Viola
SU7800,Viola canina,0,Viola
SU7800,Viola palustris,0,Viola
SU7800,Viola riviniana,0,Viola
SU7800,Zea mays,0,Zea
SX7048,Acer pseudoplatanus,0,Acer
SX7048,Achillea millefolium,0,Achillea
SX7048,Achillea ptarmica,0,Achillea
SX7048,Aegopodium podagraria,0,Aegopodium
SX7048,Aethusa cynapium,0,Aethusa
SX7048,Ajuga reptans,0,Ajuga
SX7048,Alliaria petiolata,0,Alliaria
SX7048,Alnus glutinosa,0,Alnus
SX7048,Anagallis arvensis,8,Anagallis
SX7048,Anchusa arvensis,0,Anchusa
SX7048,Anemone nemorosa,0,Anemone
SX7048,Angelica sylvestris,0,Angelica
SX7048,Anthemis cotula,0,Anthemis
SX7048,Anthriscus caucalis,0,Anthriscus
SX7048,Anthriscus sylvestris,28,Anthriscus
SX7048,Apium nodiflorum,0,Apium
SX7048,Armeria maritima,0,Armeria
SX7048,Artemisia absinthium,0,Artemisia
SX7048,Artemisia annua,0,Artemisia
SX7048,Artemisia vulgaris,0,Artemisia
SX7048,Aster tripolium,0,Aster
SX7048,Atriplex patula,0,Atriplex
SX7048,Atriplex portulacoides,0,Atriplex
SX7048,Ballota nigra,0,Ballota
SX7048,Barbarea vulgaris,0,Barbarea
SX7048,Bellis perennis,0,Bellis
SX7048,Berula erecta,0,Berula
SX7048,Brassica napus,0,Brassica
SX7048,Brassica oleracea,0,Brassica
SX7048,Brassica rapa,0,Brassica
SX7048,Bryonia dioica,0,Bryonia
SX7048,Buddleja davidii,0,Buddleja
SX7048,Bupleurum tenuissimum,0,Bupleurum
SX7048,Calluna vulgaris,0,Calluna
SX7048,Caltha palustris,0,Caltha
SX7048,Calystegia sepium,0,Calystegia
SX7048,Campanula rotundifolia,0,Campanula
SX7048,Capsella bursa,0,Capsella
SX7048,Cardamine flexuosa,0,Cardamine
SX7048,Cardamine hirsuta,0,Cardamine
SX7048,Cardamine pratensis,0,Cardamine
SX7048,Carduus nutans,0,Carduus
SX7048,Carum verticillatum,0,Carum
SX7048,Centaurea cyanus,0,Centaurea
SX7048,Centaurea nigra,0,Centaurea
SX7048,Centaurea scabiosa,0,Centaurea
SX7048,Centaurium erythraea,0,Centaurium
SX7048,Cerastium arvense,0,Cerastium
SX7048,Cerastium fontanum,5,Cerastium
SX7048,Cerastium glomeratum,0,Cerastium
SX7048,Ceratocapnos claviculata,0,Ceratocapnos
SX7048,Chaerophyllum temulum,0,Chaerophyllum
SX7048,Chamaemelum nobile,0,Chamaemelum
SX7048,Chamerion angustifolium,1,Chamerion
SX7048,Chenopodium album,0,Chenopodium
SX7048,Chenopodium ficifolium,0,Chenopodium
SX7048,Chenopodium quinoa,0,Chenopodium
SX7048,Cichorium intybus,0,Cichorium
SX7048,Circaea lutetiana,0,Circaea
SX7048,Cirsium arvense,2,Cirsium
SX7048,Cirsium eriophorum,0,Cirsium
SX7048,Cirsium palustre,0,Cirsium
SX7048,Cirsium vulgare,0,Cirsium
SX7048,Clematis vitalba,0,Clematis
SX7048,Clinopodium vulgare,0,Clinopodium
SX7048,Conium maculatum,3,Conium
SX7048,Conopodium majus,0,Conopodium
SX7048,Convolvulus arvensis,0,Convolvulus
SX7048,Conyza canadensis,0,Conyza
SX7048,Cotoneaster salicifolius,0,Cotoneaster
SX7048,Crataegus monogyna,35,Crataegus
SX7048,Crepis capillaris,28,Crepis
SX7048,Crepis vesicaria,0,Crepis
SX7048,Cruciata laevipes,0,Cruciata
SX7048,Cytisus scoparius,0,Cytisus
SX7048,Dactylorhiza fuchsii,0,Dactylorhiza
SX7048,Dactylorhiza maculata,0,Dactylorhiza
SX7048,Daucus carota,0,Daucus
SX7048,Digitalis ferruginea,0,Digitalis
SX7048,Digitalis grandiflora,0,Digitalis
SX7048,Digitalis purpurea,0,Digitalis
SX7048,Dioscorea communis,0,Dioscorea
SX7048,Doronicum plantagineum,0,Doronicum
SX7048,Drosera anglica,0,Drosera
SX7048,Drosera rotundifolia,0,Drosera
SX7048,Dryas octopetala,0,Dryas
SX7048,Epilobium hirsutum,0,Epilobium
SX7048,Epilobium montanum,0,Epilobium
SX7048,Epilobium obscurum,0,Epilobium
SX7048,Epilobium palustre,0,Epilobium
SX7048,Epilobium parviflorum,0,Epilobium
SX7048,Epilobium roseum,0,Epilobium
SX7048,Epilobium tetragonum,0,Epilobium
SX7048,Erica cinerea,0,Erica
SX7048,Erica tetralix,0,Erica
SX7048,Eriophorum vaginatum,0,Eriophorum
SX7048,Eupatorium cannabinum,0,Eupatorium
SX7048,Euphorbia exigua,0,Euphorbia
SX7048,Euphorbia helioscopia,0,Euphorbia
SX7048,Euphrasia officinalis,0,Euphrasia
SX7048,Fagopyrum esculentum,0,Fagopyrum
SX7048,Fallopia convolvulus,0,Fallopia
SX7048,Filipendula ulmaria,0,Filipendula
SX7048,Fumaria officinalis,0,Fumaria
SX7048,Galeopsis speciosa,0,Galeopsis
SX7048,Galeopsis tetrahit,0,Galeopsis
SX7048,Galium aparine,985,Galium
SX7048,Galium mollugo,0,Galium
SX7048,Galium odoratum,0,Galium
SX7048,Galium palustre,0,Galium
SX7048,Galium saxatile,0,Galium
SX7048,Galium verum,0,Galium
SX7048,Genista anglica,0,Genista
SX7048,Geranium dissectum,0,Geranium
SX7048,Geranium molle,0,Geranium
SX7048,Geranium nodosum,0,Geranium
SX7048,Geranium pratense,0,Geranium
SX7048,Geranium pyrenaicum,0,Geranium
SX7048,Geranium robertianum,40,Geranium
SX7048,Geum urbanum,0,Geum
SX7048,Glechoma hederacea,0,Glechoma
SX7048,Hedera helix,0,Hedera
SX7048,Helianthus annuus,0,Helianthus
SX7048,Heracleum mantegazzianum,0,Heracleum
SX7048,Heracleum sphondylium,1,Heracleum
SX7048,Hippocrepis comosa,0,Hippocrepis
SX7048,Hordeum vulgare,0,Hordeum
SX7048,Hyacinthoides non,0,Hyacinthoides
SX7048,Hypericum forrestii,0,Hypericum
SX7048,Hypericum perforatum,0,Hypericum
SX7048,Hypericum pulchrum,0,Hypericum
SX7048,Hypericum tetrapterum,0,Hypericum
SX7048,Hypochaeris radicata,1,Hypochaeris
SX7048,Ilex aquifolium,0,Ilex
SX7048,Impatiens glandulifera,0,Impatiens
SX7048,Impatiens parviflora,0,Impatiens
SX7048,Iris pseudacorus,0,Iris
SX7048,Jacobaea erucifolia,0,Jacobaea
SX7048,Jacobaea vulgaris,0,Jacobaea
SX7048,Jasione montana,0,Jasione
SX7048,Juncus conglomeratus,0,Juncus
SX7048,Juncus effusus,0,Juncus
SX7048,Knautia arvensis,0,Knautia
SX7048,Lactuca serriola,0,Lactuca
SX7048,Lamium album,0,Lamium
SX7048,Lamium galeobdolon,0,Lamium
SX7048,Lamium purpureum,0,Lamium
SX7048,Lapsana communis,651,Lapsana
SX7048,Lathyrus aphaca,0,Lathyrus
SX7048,Lathyrus linifolius,0,Lathyrus
SX7048,Lathyrus pratensis,9,Lathyrus
SX7048,Leontodon hispidus,0,Leontodon
SX7048,Leontodon saxatilis,0,Leontodon
SX7048,Leucanthemum vulgare,0,Leucanthemum
SX7048,Ligusticum scoticum,0,Ligusticum
SX7048,Limonium vulgare,0,Limonium
SX7048,Linaria vulgaris,0,Linaria
SX7048,Linum catharticum,0,Linum
SX7048,Linum usitatissimum,0,Linum
SX7048,Lonicera caprifolium,0,Lonicera
SX7048,Lonicera periclymenum,0,Lonicera
SX7048,Lotus angustissimus,0,Lotus
SX7048,Lotus corniculatus,0,Lotus
SX7048,Lotus pedunculatus,0,Lotus
SX7048,Lotus subbiflorus,0,Lotus
SX7048,Luzula campestris,0,Luzula
SX7048,Lysimachia nemorum,0,Lysimachia
SX7048,Lysimachia punctata,0,Lysimachia
SX7048,Lysimachia vulgaris,0,Lysimachia
SX7048,Lythrum alatum,0,Lythrum
SX7048,Lythrum salicaria,0,Lythrum
SX7048,Malva sylvestris,0,Malva
SX7048,Matricaria chamomilla,0,Matricaria
SX7048,Matricaria discoidea,0,Matricaria
SX7048,Medicago lupulina,0,Medicago
SX7048,Melampyrum pratense,0,Melampyrum
SX7048,Mentha aquatica,0,Mentha
SX7048,Mentha arvensis,0,Mentha
SX7048,Mercurialis perennis,0,Mercurialis
SX7048,Myosotis arvensis,0,Myosotis
SX7048,Myosotis discolor,0,Myosotis
SX7048,Myosotis sylvatica,0,Myosotis
SX7048,Narthecium ossifragum,0,Narthecium
SX7048,Odontites vernus,0,Odontites
SX7048,Oenanthe crocata,0,Oenanthe
SX7048,Origanum vulgare,0,Origanum
SX7048,Ornithopus perpusillus,0,Ornithopus
SX7048,Oxalis acetosella,0,Oxalis
SX7048,Panicum miliaceum,0,Panicum
SX7048,Papaver rhoeas,0,Papaver
SX7048,Pedicularis sylvatica,0,Pedicularis
SX7048,Persicaria amplexicaulis,0,Persicaria
SX7048,Persicaria bistorta,0,Persicaria
SX7048,Persicaria hydropiper,0,Persicaria
SX7048,Persicaria lapathifolia,0,Persicaria
SX7048,Persicaria maculosa,0,Persicaria
SX7048,Peucedanum ostruthium,0,Peucedanum
SX7048,Picris echioides,0,Picris
SX7048,Picris hieracioides,0,Picris
SX7048,Pilosella officinarum,0,Pilosella
SX7048,Pimpinella saxifraga,0,Pimpinella
SX7048,Pinguicula vulgaris,0,Pinguicula
SX7048,Plantago lanceolata,16,Plantago
SX7048,Plantago major,0,Plantago
SX7048,Plantago maritima,0,Plantago
SX7048,Poa annua,0,Poa
SX7048,Polygala serpyllifolia,0,Polygala
SX7048,Polygala vulgaris,0,Polygala
SX7048,Polygonum aviculare,40,Polygonum
SX7048,Potentilla anglica,0,Potentilla
SX7048,Potentilla anserina,0,Potentilla
SX7048,Potentilla erecta,0,Potentilla
SX7048,Potentilla recta,0,Potentilla
SX7048,Potentilla reptans,0,Potentilla
SX7048,Prunella vulgaris,0,Prunella
SX7048,Prunus spinosa,0,Prunus
SX7048,Pulicaria dysenterica,0,Pulicaria
SX7048,Ranunculus acris,0,Ranunculus
SX7048,Ranunculus bulbosus,2,Ranunculus
SX7048,Ranunculus ficaria,0,Ranunculus
SX7048,Ranunculus flammula,0,Ranunculus
SX7048,Ranunculus repens,21,Ranunculus
SX7048,Ranunculus sardous,0,Ranunculus
SX7048,Raphanus raphanistrum,0,Raphanus
SX7048,Raphanus sativus,0,Raphanus
SX7048,Rhinanthus minor,0,Rhinanthus
SX7048,Rosa arvensis,0,Rosa
SX7048,Rosa canina,0,Rosa
SX7048,Rubus caesius,0,Rubus
SX7048,Rubus fruticosus,11,Rubus
SX7048,Rubus idaeus,0,Rubus
SX7048,Rumex acetosa,0,Rumex
SX7048,Rumex acetosella,0,Rumex
SX7048,Rumex crispus,0,Rumex
SX7048,Rumex obtusifolius,0,Rumex
SX7048,Rumex sanguineus,0,Rumex
SX7048,Sagina saginoides,0,Sagina
SX7048,Sambucus nigra,0,Sambucus
SX7048,Sanguisorba officinalis,0,Sanguisorba
SX7048,Scorzoneroides autumnalis,11,Scorzoneroides
SX7048,Scrophularia auriculata,0,Scrophularia
SX7048,Scrophularia nodosa,0,Scrophularia
SX7048,Sedum anglicum,0,Sedum
SX7048,Senecio erucifolius,0,Senecio
SX7048,Senecio jacobaea,0,Senecio
SX7048,Senecio vulgaris,0,Senecio
SX7048,Sherardia arvensis,0,Sherardia
SX7048,Silene dioica,204,Silene
SX7048,Silene latifolia,0,Silene
SX7048,Silybum marianum,0,Silybum
SX7048,Sinapis alba,0,Sinapis
SX7048,Sinapis arvensis,0,Sinapis
SX7048,Sisymbrium officinale,0,Sisymbrium
SX7048,Solanum dulcamara,0,Solanum
SX7048,Solanum nigrum,0,Solanum
SX7048,Solanum tuberosum,2,Solanum
SX7048,Sonchus arvensis,0,Sonchus
SX7048,Sonchus asper,0,Sonchus
SX7048,Sonchus oleraceus,0,Sonchus
SX7048,Sorbus aucuparia,0,Sorbus
SX7048,Spergula arvensis,0,Spergula
SX7048,Spergularia media,0,Spergularia
SX7048,Stachys arvensis,0,Stachys
SX7048,Stachys palustris,0,Stachys
SX7048,Stachys sylvatica,0,Stachys
SX7048,Stellaria alsine,0,Stellaria
SX7048,Stellaria graminea,241,Stellaria
SX7048,Stellaria holostea,0,Stellaria
SX7048,Stellaria media,0,Stellaria
SX7048,Suaeda maritima,0,Suaeda
SX7048,Succisa pratensis,0,Succisa
SX7048,Symphytum officinale,0,Symphytum
SX7048,Taraxacum agg,0,Taraxacum
SX7048,Taraxacum officinale,0,Taraxacum
SX7048,Teucrium scorodonia,0,Teucrium
SX7048,Thlaspi arvense,0,Thlaspi
SX7048,Thymus polytrichus,0,Thymus
SX7048,Thymus vulgaris,0,Thymus
SX7048,Torilis japonica,0,Torilis
SX7048,Tragopogon pratensis,0,Tragopogon
SX7048,Trientalis europaea,0,Trientalis
SX7048,Trifolium arvense,0,Trifolium
SX7048,Trifolium campestre,0,Trifolium
SX7048,Trifolium constantinopolitanum,0,Trifolium
SX7048,Trifolium dubium,0,Trifolium
SX7048,Trifolium pratense,0,Trifolium
SX7048,Trifolium repens,3,Trifolium
SX7048,Tripleurospermum inodorum,0,Tripleurospermum
SX7048,Tripleurospermum maritimum,0,Tripleurospermum
SX7048,Turgenia latifolia,0,Turgenia
SX7048,Ulex europaeus,0,Ulex
SX7048,Ulex gallii,0,Ulex
SX7048,Urtica dioica,143,Urtica
SX7048,Vaccinium myrtillus,0,Vaccinium
SX7048,Vaccinium oxycoccos,0,Vaccinium
SX7048,Vaccinium vitis,0,Vaccinium
SX7048,Valeriana dioica,0,Valeriana
SX7048,Valeriana officinalis,0,Valeriana
SX7048,Verbena officinalis,0,Verbena
SX7048,Verbena x,0,Verbena
SX7048,Veronica agrestis,0,Veronica
SX7048,Veronica arvensis,0,Veronica
SX7048,Veronica beccabunga,0,Veronica
SX7048,Veronica chamaedrys,0,Veronica
SX7048,Veronica hederifolia,0,Veronica
SX7048,Veronica montana,0,Veronica
SX7048,Veronica officinalis,0,Veronica
SX7048,Veronica persica,17,Veronica
SX7048,Veronica polita,0,Veronica
SX7048,Veronica serpyllifolia,0,Veronica
SX7048,Vicia benghalensis,0,Vicia
SX7048,Vicia cracca,0,Vicia
SX7048,Vicia faba,0,Vicia
SX7048,Vicia hirsuta,0,Vicia
SX7048,Vicia lutea,0,Vicia
SX7048,Vicia sativa,0,Vicia
SX7048,Vicia sepium,0,Vicia
SX7048,Vicia spp,0,Vicia
SX7048,Vicia tetrasperma,0,Vicia
SX7048,Viola arvensis,0,Viola
SX7048,Viola canina,0,Viola
SX7048,Viola palustris,0,Viola
SX7048,Viola riviniana,0,Viola
SX7048,Zea mays,0,Zea
SX8144,Acer pseudoplatanus,0,Acer
SX8144,Achillea millefolium,0,Achillea
SX8144,Achillea ptarmica,0,Achillea
SX8144,Aegopodium podagraria,7,Aegopodium
SX8144,Aethusa cynapium,0,Aethusa
SX8144,Ajuga reptans,0,Ajuga
SX8144,Alliaria petiolata,1,Alliaria
SX8144,Alnus glutinosa,0,Alnus
SX8144,Anagallis arvensis,0,Anagallis
SX8144,Anchusa arvensis,0,Anchusa
SX8144,Anemone nemorosa,0,Anemone
SX8144,Angelica sylvestris,0,Angelica
SX8144,Anthemis cotula,0,Anthemis
SX8144,Anthriscus caucalis,0,Anthriscus
SX8144,Anthriscus sylvestris,153,Anthriscus
SX8144,Apium nodiflorum,0,Apium
SX8144,Armeria maritima,0,Armeria
SX8144,Artemisia absinthium,0,Artemisia
SX8144,Artemisia annua,0,Artemisia
SX8144,Artemisia vulgaris,0,Artemisia
SX8144,Aster tripolium,0,Aster
SX8144,Atriplex patula,0,Atriplex
SX8144,Atriplex portulacoides,0,Atriplex
SX8144,Ballota nigra,0,Ballota
SX8144,Barbarea vulgaris,0,Barbarea
SX8144,Bellis perennis,24,Bellis
SX8144,Berula erecta,0,Berula
SX8144,Brassica napus,0,Brassica
SX8144,Brassica oleracea,0,Brassica
SX8144,Brassica rapa,0,Brassica
SX8144,Bryonia dioica,0,Bryonia
SX8144,Buddleja davidii,0,Buddleja
SX8144,Bupleurum tenuissimum,0,Bupleurum
SX8144,Calluna vulgaris,0,Calluna
SX8144,Caltha palustris,0,Caltha
SX8144,Calystegia sepium,13,Calystegia
SX8144,Campanula rotundifolia,0,Campanula
SX8144,Capsella bursa,0,Capsella
SX8144,Cardamine flexuosa,0,Cardamine
SX8144,Cardamine hirsuta,0,Cardamine
SX8144,Cardamine pratensis,0,Cardamine
SX8144,Carduus nutans,0,Carduus
SX8144,Carum verticillatum,0,Carum
SX8144,Centaurea cyanus,0,Centaurea
SX8144,Centaurea nigra,0,Centaurea
SX8144,Centaurea scabiosa,0,Centaurea
SX8144,Centaurium erythraea,0,Centaurium
SX8144,Cerastium arvense,0,Cerastium
SX8144,Cerastium fontanum,90,Cerastium
SX8144,Cerastium glomeratum,0,Cerastium
SX8144,Ceratocapnos claviculata,0,Ceratocapnos
SX8144,Chaerophyllum temulum,26,Chaerophyllum
SX8144,Chamaemelum nobile,0,Chamaemelum
SX8144,Chamerion angustifolium,0,Chamerion
SX8144,Chenopodium album,0,Chenopodium
SX8144,Chenopodium ficifolium,0,Chenopodium
SX8144,Chenopodium quinoa,0,Chenopodium
SX8144,Cichorium intybus,0,Cichorium
SX8144,Circaea lutetiana,21,Circaea
SX8144,Cirsium arvense,0,Cirsium
SX8144,Cirsium eriophorum,0,Cirsium
SX8144,Cirsium palustre,0,Cirsium
SX8144,Cirsium vulgare,0,Cirsium
SX8144,Clematis vitalba,0,Clematis
SX8144,Clinopodium vulgare,0,Clinopodium
SX8144,Conium maculatum,0,Conium
SX8144,Conopodium majus,0,Conopodium
SX8144,Convolvulus arvensis,0,Convolvulus
SX8144,Conyza canadensis,0,Conyza
SX8144,Cotoneaster salicifolius,0,Cotoneaster
SX8144,Crataegus monogyna,0,Crataegus
SX8144,Crepis capillaris,17,Crepis
SX8144,Crepis vesicaria,0,Crepis
SX8144,Cruciata laevipes,0,Cruciata
SX8144,Cytisus scoparius,0,Cytisus
SX8144,Dactylorhiza fuchsii,0,Dactylorhiza
SX8144,Dactylorhiza maculata,0,Dactylorhiza
SX8144,Daucus carota,0,Daucus
SX8144,Digitalis ferruginea,0,Digitalis
SX8144,Digitalis grandiflora,0,Digitalis
SX8144,Digitalis purpurea,0,Digitalis
SX8144,Dioscorea communis,0,Dioscorea
SX8144,Doronicum plantagineum,0,Doronicum
SX8144,Drosera anglica,0,Drosera
SX8144,Drosera rotundifolia,0,Drosera
SX8144,Dryas octopetala,0,Dryas
SX8144,Epilobium hirsutum,91,Epilobium
SX8144,Epilobium montanum,0,Epilobium
SX8144,Epilobium obscurum,0,Epilobium
SX8144,Epilobium palustre,0,Epilobium
SX8144,Epilobium parviflorum,0,Epilobium
SX8144,Epilobium roseum,0,Epilobium
SX8144,Epilobium tetragonum,0,Epilobium
SX8144,Erica cinerea,0,Erica
SX8144,Erica tetralix,0,Erica
SX8144,Eriophorum vaginatum,0,Eriophorum
SX8144,Eupatorium cannabinum,0,Eupatorium
SX8144,Euphorbia exigua,0,Euphorbia
SX8144,Euphorbia helioscopia,0,Euphorbia
SX8144,Euphrasia officinalis,0,Euphrasia
SX8144,Fagopyrum esculentum,0,Fagopyrum
SX8144,Fallopia convolvulus,0,Fallopia
SX8144,Filipendula ulmaria,0,Filipendula
SX8144,Fumaria officinalis,0,Fumaria
SX8144,Galeopsis speciosa,0,Galeopsis
SX8144,Galeopsis tetrahit,0,Galeopsis
SX8144,Galium aparine,467,Galium
SX8144,Galium mollugo,2010,Galium
SX8144,Galium odoratum,0,Galium
SX8144,Galium palustre,0,Galium
SX8144,Galium saxatile,0,Galium
SX8144,Galium verum,0,Galium
SX8144,Genista anglica,0,Genista
SX8144,Geranium dissectum,25,Geranium
SX8144,Geranium molle,5,Geranium
SX8144,Geranium nodosum,1,Geranium
SX8144,Geranium pratense,0,Geranium
SX8144,Geranium pyrenaicum,0,Geranium
SX8144,Geranium robertianum,66,Geranium
SX8144,Geum urbanum,15,Geum
SX8144,Glechoma hederacea,16,Glechoma
SX8144,Hedera helix,5,Hedera
SX8144,Helianthus annuus,0,Helianthus
SX8144,Heracleum mantegazzianum,0,Heracleum
SX8144,Heracleum sphondylium,55,Heracleum
SX8144,Hippocrepis comosa,0,Hippocrepis
SX8144,Hordeum vulgare,0,Hordeum
SX8144,Hyacinthoides non,0,Hyacinthoides
SX8144,Hypericum forrestii,0,Hypericum
SX8144,Hypericum perforatum,0,Hypericum
SX8144,Hypericum pulchrum,0,Hypericum
SX8144,Hypericum tetrapterum,0,Hypericum
SX8144,Hypochaeris radicata,111,Hypochaeris
SX8144,Ilex aquifolium,0,Ilex
SX8144,Impatiens glandulifera,0,Impatiens
SX8144,Impatiens parviflora,0,Impatiens
SX8144,Iris pseudacorus,0,Iris
SX8144,Jacobaea erucifolia,0,Jacobaea
SX8144,Jacobaea vulgaris,0,Jacobaea
SX8144,Jasione montana,0,Jasione
SX8144,Juncus conglomeratus,0,Juncus
SX8144,Juncus effusus,0,Juncus
SX8144,Knautia arvensis,0,Knautia
SX8144,Lactuca serriola,0,Lactuca
SX8144,Lamium album,2,Lamium
SX8144,Lamium galeobdolon,0,Lamium
SX8144,Lamium purpureum,9,Lamium
SX8144,Lapsana communis,5,Lapsana
SX8144,Lathyrus aphaca,0,Lathyrus
SX8144,Lathyrus linifolius,0,Lathyrus
SX8144,Lathyrus pratensis,0,Lathyrus
SX8144,Leontodon hispidus,3,Leontodon
SX8144,Leontodon saxatilis,0,Leontodon
SX8144,Leucanthemum vulgare,0,Leucanthemum
SX8144,Ligusticum scoticum,0,Ligusticum
SX8144,Limonium vulgare,0,Limonium
SX8144,Linaria vulgaris,0,Linaria
SX8144,Linum catharticum,0,Linum
SX8144,Linum usitatissimum,0,Linum
SX8144,Lonicera caprifolium,0,Lonicera
SX8144,Lonicera periclymenum,0,Lonicera
SX8144,Lotus angustissimus,0,Lotus
SX8144,Lotus corniculatus,0,Lotus
SX8144,Lotus pedunculatus,0,Lotus
SX8144,Lotus subbiflorus,0,Lotus
SX8144,Luzula campestris,0,Luzula
SX8144,Lysimachia nemorum,0,Lysimachia
SX8144,Lysimachia punctata,0,Lysimachia
SX8144,Lysimachia vulgaris,0,Lysimachia
SX8144,Lythrum alatum,0,Lythrum
SX8144,Lythrum salicaria,0,Lythrum
SX8144,Malva sylvestris,0,Malva
SX8144,Matricaria chamomilla,0,Matricaria
SX8144,Matricaria discoidea,0,Matricaria
SX8144,Medicago lupulina,0,Medicago
SX8144,Melampyrum pratense,0,Melampyrum
SX8144,Mentha aquatica,0,Mentha
SX8144,Mentha arvensis,0,Mentha
SX8144,Mercurialis perennis,13,Mercurialis
SX8144,Myosotis arvensis,0,Myosotis
SX8144,Myosotis discolor,3,Myosotis
SX8144,Myosotis sylvatica,0,Myosotis
SX8144,Narthecium ossifragum,0,Narthecium
SX8144,Odontites vernus,0,Odontites
SX8144,Oenanthe crocata,0,Oenanthe
SX8144,Origanum vulgare,0,Origanum
SX8144,Ornithopus perpusillus,0,Ornithopus
SX8144,Oxalis acetosella,0,Oxalis
SX8144,Panicum miliaceum,0,Panicum
SX8144,Papaver rhoeas,0,Papaver
SX8144,Pedicularis sylvatica,0,Pedicularis
SX8144,Persicaria amplexicaulis,0,Persicaria
SX8144,Persicaria bistorta,0,Persicaria
SX8144,Persicaria hydropiper,0,Persicaria
SX8144,Persicaria lapathifolia,0,Persicaria
SX8144,Persicaria maculosa,0,Persicaria
SX8144,Peucedanum ostruthium,0,Peucedanum
SX8144,Picris echioides,0,Picris
SX8144,Picris hieracioides,0,Picris
SX8144,Pilosella officinarum,0,Pilosella
SX8144,Pimpinella saxifraga,0,Pimpinella
SX8144,Pinguicula vulgaris,0,Pinguicula
SX8144,Plantago lanceolata,7,Plantago
SX8144,Plantago major,0,Plantago
SX8144,Plantago maritima,0,Plantago
SX8144,Poa annua,0,Poa
SX8144,Polygala serpyllifolia,0,Polygala
SX8144,Polygala vulgaris,0,Polygala
SX8144,Polygonum aviculare,0,Polygonum
SX8144,Potentilla anglica,0,Potentilla
SX8144,Potentilla anserina,0,Potentilla
SX8144,Potentilla erecta,0,Potentilla
SX8144,Potentilla recta,0,Potentilla
SX8144,Potentilla reptans,0,Potentilla
SX8144,Prunella vulgaris,3,Prunella
SX8144,Prunus spinosa,0,Prunus
SX8144,Pulicaria dysenterica,0,Pulicaria
SX8144,Ranunculus acris,526,Ranunculus
SX8144,Ranunculus bulbosus,0,Ranunculus
SX8144,Ranunculus ficaria,0,Ranunculus
SX8144,Ranunculus flammula,0,Ranunculus
SX8144,Ranunculus repens,496,Ranunculus
SX8144,Ranunculus sardous,0,Ranunculus
SX8144,Raphanus raphanistrum,0,Raphanus
SX8144,Raphanus sativus,0,Raphanus
SX8144,Rhinanthus minor,0,Rhinanthus
SX8144,Rosa arvensis,0,Rosa
SX8144,Rosa canina,6,Rosa
SX8144,Rubus caesius,0,Rubus
SX8144,Rubus fruticosus,2,Rubus
SX8144,Rubus idaeus,0,Rubus
SX8144,Rumex acetosa,0,Rumex
SX8144,Rumex acetosella,0,Rumex
SX8144,Rumex crispus,0,Rumex
SX8144,Rumex obtusifolius,0,Rumex
SX8144,Rumex sanguineus,0,Rumex
SX8144,Sagina saginoides,0,Sagina
SX8144,Sambucus nigra,0,Sambucus
SX8144,Sanguisorba officinalis,0,Sanguisorba
SX8144,Scorzoneroides autumnalis,0,Scorzoneroides
SX8144,Scrophularia auriculata,0,Scrophularia
SX8144,Scrophularia nodosa,0,Scrophularia
SX8144,Sedum anglicum,0,Sedum
SX8144,Senecio erucifolius,0,Senecio
SX8144,Senecio jacobaea,0,Senecio
SX8144,Senecio vulgaris,0,Senecio
SX8144,Sherardia arvensis,3,Sherardia
SX8144,Silene dioica,591,Silene
SX8144,Silene latifolia,0,Silene
SX8144,Silybum marianum,0,Silybum
SX8144,Sinapis alba,0,Sinapis
SX8144,Sinapis arvensis,0,Sinapis
SX8144,Sisymbrium officinale,0,Sisymbrium
SX8144,Solanum dulcamara,0,Solanum
SX8144,Solanum nigrum,0,Solanum
SX8144,Solanum tuberosum,0,Solanum
SX8144,Sonchus arvensis,0,Sonchus
SX8144,Sonchus asper,17,Sonchus
SX8144,Sonchus oleraceus,0,Sonchus
SX8144,Sorbus aucuparia,0,Sorbus
SX8144,Spergula arvensis,0,Spergula
SX8144,Spergularia media,0,Spergularia
SX8144,Stachys arvensis,0,Stachys
SX8144,Stachys palustris,0,Stachys
SX8144,Stachys sylvatica,9,Stachys
SX8144,Stellaria alsine,0,Stellaria
SX8144,Stellaria graminea,26,Stellaria
SX8144,Stellaria holostea,22,Stellaria
SX8144,Stellaria media,0,Stellaria
SX8144,Suaeda maritima,0,Suaeda
SX8144,Succisa pratensis,0,Succisa
SX8144,Symphytum officinale,0,Symphytum
SX8144,Taraxacum agg,7,Taraxacum
SX8144,Taraxacum officinale,4,Taraxacum
SX8144,Teucrium scorodonia,0,Teucrium
SX8144,Thlaspi arvense,0,Thlaspi
SX8144,Thymus polytrichus,0,Thymus
SX8144,Thymus vulgaris,0,Thymus
SX8144,Torilis japonica,0,Torilis
SX8144,Tragopogon pratensis,3,Tragopogon
SX8144,Trientalis europaea,0,Trientalis
SX8144,Trifolium arvense,0,Trifolium
SX8144,Trifolium campestre,0,Trifolium
SX8144,Trifolium constantinopolitanum,0,Trifolium
SX8144,Trifolium dubium,50,Trifolium
SX8144,Trifolium pratense,7,Trifolium
SX8144,Trifolium repens,927,Trifolium
SX8144,Tripleurospermum inodorum,0,Tripleurospermum
SX8144,Tripleurospermum maritimum,0,Tripleurospermum
SX8144,Turgenia latifolia,0,Turgenia
SX8144,Ulex europaeus,0,Ulex
SX8144,Ulex gallii,0,Ulex
SX8144,Urtica dioica,175,Urtica
SX8144,Vaccinium myrtillus,0,Vaccinium
SX8144,Vaccinium oxycoccos,0,Vaccinium
SX8144,Vaccinium vitis,0,Vaccinium
SX8144,Valeriana dioica,0,Valeriana
SX8144,Valeriana officinalis,0,Valeriana
SX8144,Verbena officinalis,0,Verbena
SX8144,Verbena x,0,Verbena
SX8144,Veronica agrestis,0,Veronica
SX8144,Veronica arvensis,0,Veronica
SX8144,Veronica beccabunga,48,Veronica
SX8144,Veronica chamaedrys,2,Veronica
SX8144,Veronica hederifolia,0,Veronica
SX8144,Veronica montana,0,Veronica
SX8144,Veronica officinalis,0,Veronica
SX8144,Veronica persica,3,Veronica
SX8144,Veronica polita,0,Veronica
SX8144,Veronica serpyllifolia,8,Veronica
SX8144,Vicia benghalensis,0,Vicia
SX8144,Vicia cracca,0,Vicia
SX8144,Vicia faba,0,Vicia
SX8144,Vicia hirsuta,0,Vicia
SX8144,Vicia lutea,0,Vicia
SX8144,Vicia sativa,0,Vicia
SX8144,Vicia sepium,0,Vicia
SX8144,Vicia spp,0,Vicia
SX8144,Vicia tetrasperma,0,Vicia
SX8144,Viola arvensis,0,Viola
SX8144,Viola canina,0,Viola
SX8144,Viola palustris,0,Viola
SX8144,Viola riviniana,0,Viola
SX8144,Zea mays,0,Zea
SY8586,Acer pseudoplatanus,0,Acer
SY8586,Achillea millefolium,0,Achillea
SY8586,Achillea ptarmica,0,Achillea
SY8586,Aegopodium podagraria,0,Aegopodium
SY8586,Aethusa cynapium,0,Aethusa
SY8586,Ajuga reptans,0,Ajuga
SY8586,Alliaria petiolata,0,Alliaria
SY8586,Alnus glutinosa,0,Alnus
SY8586,Anagallis arvensis,1,Anagallis
SY8586,Anchusa arvensis,0,Anchusa
SY8586,Anemone nemorosa,0,Anemone
SY8586,Angelica sylvestris,0,Angelica
SY8586,Anthemis cotula,0,Anthemis
SY8586,Anthriscus caucalis,0,Anthriscus
SY8586,Anthriscus sylvestris,0,Anthriscus
SY8586,Apium nodiflorum,0,Apium
SY8586,Armeria maritima,0,Armeria
SY8586,Artemisia absinthium,0,Artemisia
SY8586,Artemisia annua,0,Artemisia
SY8586,Artemisia vulgaris,0,Artemisia
SY8586,Aster tripolium,0,Aster
SY8586,Atriplex patula,0,Atriplex
SY8586,Atriplex portulacoides,0,Atriplex
SY8586,Ballota nigra,0,Ballota
SY8586,Barbarea vulgaris,0,Barbarea
SY8586,Bellis perennis,0,Bellis
SY8586,Berula erecta,0,Berula
SY8586,Brassica napus,0,Brassica
SY8586,Brassica oleracea,0,Brassica
SY8586,Brassica rapa,0,Brassica
SY8586,Bryonia dioica,0,Bryonia
SY8586,Buddleja davidii,0,Buddleja
SY8586,Bupleurum tenuissimum,0,Bupleurum
SY8586,Calluna vulgaris,0,Calluna
SY8586,Caltha palustris,0,Caltha
SY8586,Calystegia sepium,10,Calystegia
SY8586,Campanula rotundifolia,0,Campanula
SY8586,Capsella bursa,0,Capsella
SY8586,Cardamine flexuosa,0,Cardamine
SY8586,Cardamine hirsuta,0,Cardamine
SY8586,Cardamine pratensis,4,Cardamine
SY8586,Carduus nutans,0,Carduus
SY8586,Carum verticillatum,0,Carum
SY8586,Centaurea cyanus,0,Centaurea
SY8586,Centaurea nigra,0,Centaurea
SY8586,Centaurea scabiosa,0,Centaurea
SY8586,Centaurium erythraea,3,Centaurium
SY8586,Cerastium arvense,0,Cerastium
SY8586,Cerastium fontanum,16,Cerastium
SY8586,Cerastium glomeratum,30,Cerastium
SY8586,Ceratocapnos claviculata,0,Ceratocapnos
SY8586,Chaerophyllum temulum,0,Chaerophyllum
SY8586,Chamaemelum nobile,0,Chamaemelum
SY8586,Chamerion angustifolium,0,Chamerion
SY8586,Chenopodium album,0,Chenopodium
SY8586,Chenopodium ficifolium,0,Chenopodium
SY8586,Chenopodium quinoa,0,Chenopodium
SY8586,Cichorium intybus,0,Cichorium
SY8586,Circaea lutetiana,0,Circaea
SY8586,Cirsium arvense,12,Cirsium
SY8586,Cirsium eriophorum,0,Cirsium
SY8586,Cirsium palustre,0,Cirsium
SY8586,Cirsium vulgare,5,Cirsium
SY8586,Clematis vitalba,0,Clematis
SY8586,Clinopodium vulgare,0,Clinopodium
SY8586,Conium maculatum,0,Conium
SY8586,Conopodium majus,0,Conopodium
SY8586,Convolvulus arvensis,0,Convolvulus
SY8586,Conyza canadensis,0,Conyza
SY8586,Cotoneaster salicifolius,0,Cotoneaster
SY8586,Crataegus monogyna,0,Crataegus
SY8586,Crepis capillaris,25,Crepis
SY8586,Crepis vesicaria,0,Crepis
SY8586,Cruciata laevipes,0,Cruciata
SY8586,Cytisus scoparius,0,Cytisus
SY8586,Dactylorhiza fuchsii,0,Dactylorhiza
SY8586,Dactylorhiza maculata,0,Dactylorhiza
SY8586,Daucus carota,2,Daucus
SY8586,Digitalis ferruginea,0,Digitalis
SY8586,Digitalis grandiflora,0,Digitalis
SY8586,Digitalis purpurea,0,Digitalis
SY8586,Dioscorea communis,0,Dioscorea
SY8586,Doronicum plantagineum,0,Doronicum
SY8586,Drosera anglica,0,Drosera
SY8586,Drosera rotundifolia,0,Drosera
SY8586,Dryas octopetala,0,Dryas
SY8586,Epilobium hirsutum,0,Epilobium
SY8586,Epilobium montanum,0,Epilobium
SY8586,Epilobium obscurum,0,Epilobium
SY8586,Epilobium palustre,0,Epilobium
SY8586,Epilobium parviflorum,0,Epilobium
SY8586,Epilobium roseum,0,Epilobium
SY8586,Epilobium tetragonum,0,Epilobium
SY8586,Erica cinerea,0,Erica
SY8586,Erica tetralix,0,Erica
SY8586,Eriophorum vaginatum,0,Eriophorum
SY8586,Eupatorium cannabinum,0,Eupatorium
SY8586,Euphorbia exigua,0,Euphorbia
SY8586,Euphorbia helioscopia,0,Euphorbia
SY8586,Euphrasia officinalis,0,Euphrasia
SY8586,Fagopyrum esculentum,0,Fagopyrum
SY8586,Fallopia convolvulus,0,Fallopia
SY8586,Filipendula ulmaria,0,Filipendula
SY8586,Fumaria officinalis,0,Fumaria
SY8586,Galeopsis speciosa,0,Galeopsis
SY8586,Galeopsis tetrahit,0,Galeopsis
SY8586,Galium aparine,0,Galium
SY8586,Galium mollugo,0,Galium
SY8586,Galium odoratum,0,Galium
SY8586,Galium palustre,0,Galium
SY8586,Galium saxatile,0,Galium
SY8586,Galium verum,3,Galium
SY8586,Genista anglica,0,Genista
SY8586,Geranium dissectum,0,Geranium
SY8586,Geranium molle,0,Geranium
SY8586,Geranium nodosum,0,Geranium
SY8586,Geranium pratense,0,Geranium
SY8586,Geranium pyrenaicum,0,Geranium
SY8586,Geranium robertianum,59,Geranium
SY8586,Geum urbanum,0,Geum
SY8586,Glechoma hederacea,12,Glechoma
SY8586,Hedera helix,0,Hedera
SY8586,Helianthus annuus,0,Helianthus
SY8586,Heracleum mantegazzianum,0,Heracleum
SY8586,Heracleum sphondylium,0,Heracleum
SY8586,Hippocrepis comosa,0,Hippocrepis
SY8586,Hordeum vulgare,0,Hordeum
SY8586,Hyacinthoides non,0,Hyacinthoides
SY8586,Hypericum forrestii,10,Hypericum
SY8586,Hypericum perforatum,0,Hypericum
SY8586,Hypericum pulchrum,0,Hypericum
SY8586,Hypericum tetrapterum,28,Hypericum
SY8586,Hypochaeris radicata,21,Hypochaeris
SY8586,Ilex aquifolium,0,Ilex
SY8586,Impatiens glandulifera,0,Impatiens
SY8586,Impatiens parviflora,0,Impatiens
SY8586,Iris pseudacorus,0,Iris
SY8586,Jacobaea erucifolia,0,Jacobaea
SY8586,Jacobaea vulgaris,0,Jacobaea
SY8586,Jasione montana,0,Jasione
SY8586,Juncus conglomeratus,0,Juncus
SY8586,Juncus effusus,0,Juncus
SY8586,Knautia arvensis,0,Knautia
SY8586,Lactuca serriola,0,Lactuca
SY8586,Lamium album,0,Lamium
SY8586,Lamium galeobdolon,0,Lamium
SY8586,Lamium purpureum,0,Lamium
SY8586,Lapsana communis,0,Lapsana
SY8586,Lathyrus aphaca,32,Lathyrus
SY8586,Lathyrus linifolius,0,Lathyrus
SY8586,Lathyrus pratensis,0,Lathyrus
SY8586,Leontodon hispidus,0,Leontodon
SY8586,Leontodon saxatilis,0,Leontodon
SY8586,Leucanthemum vulgare,52,Leucanthemum
SY8586,Ligusticum scoticum,0,Ligusticum
SY8586,Limonium vulgare,0,Limonium
SY8586,Linaria vulgaris,0,Linaria
SY8586,Linum catharticum,0,Linum
SY8586,Linum usitatissimum,0,Linum
SY8586,Lonicera caprifolium,0,Lonicera
SY8586,Lonicera periclymenum,0,Lonicera
SY8586,Lotus angustissimus,0,Lotus
SY8586,Lotus corniculatus,17,Lotus
SY8586,Lotus pedunculatus,5,Lotus
SY8586,Lotus subbiflorus,0,Lotus
SY8586,Luzula campestris,0,Luzula
SY8586,Lysimachia nemorum,0,Lysimachia
SY8586,Lysimachia punctata,0,Lysimachia
SY8586,Lysimachia vulgaris,0,Lysimachia
SY8586,Lythrum alatum,0,Lythrum
SY8586,Lythrum salicaria,0,Lythrum
SY8586,Malva sylvestris,0,Malva
SY8586,Matricaria chamomilla,0,Matricaria
SY8586,Matricaria discoidea,0,Matricaria
SY8586,Medicago lupulina,490,Medicago
SY8586,Melampyrum pratense,0,Melampyrum
SY8586,Mentha aquatica,0,Mentha
SY8586,Mentha arvensis,4,Mentha
SY8586,Mercurialis perennis,0,Mercurialis
SY8586,Myosotis arvensis,0,Myosotis
SY8586,Myosotis discolor,5,Myosotis
SY8586,Myosotis sylvatica,0,Myosotis
SY8586,Narthecium ossifragum,0,Narthecium
SY8586,Odontites vernus,0,Odontites
SY8586,Oenanthe crocata,0,Oenanthe
SY8586,Origanum vulgare,0,Origanum
SY8586,Ornithopus perpusillus,0,Ornithopus
SY8586,Oxalis acetosella,0,Oxalis
SY8586,Panicum miliaceum,0,Panicum
SY8586,Papaver rhoeas,0,Papaver
SY8586,Pedicularis sylvatica,0,Pedicularis
SY8586,Persicaria amplexicaulis,0,Persicaria
SY8586,Persicaria bistorta,0,Persicaria
SY8586,Persicaria hydropiper,0,Persicaria
SY8586,Persicaria lapathifolia,0,Persicaria
SY8586,Persicaria maculosa,0,Persicaria
SY8586,Peucedanum ostruthium,0,Peucedanum
SY8586,Picris echioides,0,Picris
SY8586,Picris hieracioides,0,Picris
SY8586,Pilosella officinarum,0,Pilosella
SY8586,Pimpinella saxifraga,0,Pimpinella
SY8586,Pinguicula vulgaris,0,Pinguicula
SY8586,Plantago lanceolata,0,Plantago
SY8586,Plantago major,0,Plantago
SY8586,Plantago maritima,0,Plantago
SY8586,Poa annua,0,Poa
SY8586,Polygala serpyllifolia,0,Polygala
SY8586,Polygala vulgaris,0,Polygala
SY8586,Polygonum aviculare,0,Polygonum
SY8586,Potentilla anglica,0,Potentilla
SY8586,Potentilla anserina,0,Potentilla
SY8586,Potentilla erecta,0,Potentilla
SY8586,Potentilla recta,0,Potentilla
SY8586,Potentilla reptans,0,Potentilla
SY8586,Prunella vulgaris,25,Prunella
SY8586,Prunus spinosa,0,Prunus
SY8586,Pulicaria dysenterica,39,Pulicaria
SY8586,Ranunculus acris,3,Ranunculus
SY8586,Ranunculus bulbosus,0,Ranunculus
SY8586,Ranunculus ficaria,0,Ranunculus
SY8586,Ranunculus flammula,0,Ranunculus
SY8586,Ranunculus repens,0,Ranunculus
SY8586,Ranunculus sardous,0,Ranunculus
SY8586,Raphanus raphanistrum,0,Raphanus
SY8586,Raphanus sativus,0,Raphanus
SY8586,Rhinanthus minor,0,Rhinanthus
SY8586,Rosa arvensis,0,Rosa
SY8586,Rosa canina,0,Rosa
SY8586,Rubus caesius,0,Rubus
SY8586,Rubus fruticosus,118,Rubus
SY8586,Rubus idaeus,0,Rubus
SY8586,Rumex acetosa,1,Rumex
SY8586,Rumex acetosella,20,Rumex
SY8586,Rumex crispus,0,Rumex
SY8586,Rumex obtusifolius,38,Rumex
SY8586,Rumex sanguineus,0,Rumex
SY8586,Sagina saginoides,0,Sagina
SY8586,Sambucus nigra,0,Sambucus
SY8586,Sanguisorba officinalis,0,Sanguisorba
SY8586,Scorzoneroides autumnalis,88,Scorzoneroides
SY8586,Scrophularia auriculata,0,Scrophularia
SY8586,Scrophularia nodosa,0,Scrophularia
SY8586,Sedum anglicum,0,Sedum
SY8586,Senecio erucifolius,0,Senecio
SY8586,Senecio jacobaea,0,Senecio
SY8586,Senecio vulgaris,6,Senecio
SY8586,Sherardia arvensis,0,Sherardia
SY8586,Silene dioica,0,Silene
SY8586,Silene latifolia,0,Silene
SY8586,Silybum marianum,0,Silybum
SY8586,Sinapis alba,0,Sinapis
SY8586,Sinapis arvensis,0,Sinapis
SY8586,Sisymbrium officinale,0,Sisymbrium
SY8586,Solanum dulcamara,0,Solanum
SY8586,Solanum nigrum,0,Solanum
SY8586,Solanum tuberosum,0,Solanum
SY8586,Sonchus arvensis,0,Sonchus
SY8586,Sonchus asper,0,Sonchus
SY8586,Sonchus oleraceus,0,Sonchus
SY8586,Sorbus aucuparia,0,Sorbus
SY8586,Spergula arvensis,0,Spergula
SY8586,Spergularia media,0,Spergularia
SY8586,Stachys arvensis,0,Stachys
SY8586,Stachys palustris,0,Stachys
SY8586,Stachys sylvatica,0,Stachys
SY8586,Stellaria alsine,0,Stellaria
SY8586,Stellaria graminea,0,Stellaria
SY8586,Stellaria holostea,1,Stellaria
SY8586,Stellaria media,0,Stellaria
SY8586,Suaeda maritima,0,Suaeda
SY8586,Succisa pratensis,0,Succisa
SY8586,Symphytum officinale,0,Symphytum
SY8586,Taraxacum agg,0,Taraxacum
SY8586,Taraxacum officinale,2,Taraxacum
SY8586,Teucrium scorodonia,0,Teucrium
SY8586,Thlaspi arvense,0,Thlaspi
SY8586,Thymus polytrichus,0,Thymus
SY8586,Thymus vulgaris,0,Thymus
SY8586,Torilis japonica,0,Torilis
SY8586,Tragopogon pratensis,0,Tragopogon
SY8586,Trientalis europaea,0,Trientalis
SY8586,Trifolium arvense,0,Trifolium
SY8586,Trifolium campestre,2,Trifolium
SY8586,Trifolium constantinopolitanum,0,Trifolium
SY8586,Trifolium dubium,4,Trifolium
SY8586,Trifolium pratense,5,Trifolium
SY8586,Trifolium repens,497,Trifolium
SY8586,Tripleurospermum inodorum,2,Tripleurospermum
SY8586,Tripleurospermum maritimum,10,Tripleurospermum
SY8586,Turgenia latifolia,0,Turgenia
SY8586,Ulex europaeus,8,Ulex
SY8586,Ulex gallii,0,Ulex
SY8586,Urtica dioica,0,Urtica
SY8586,Vaccinium myrtillus,0,Vaccinium
SY8586,Vaccinium oxycoccos,0,Vaccinium
SY8586,Vaccinium vitis,0,Vaccinium
SY8586,Valeriana dioica,0,Valeriana
SY8586,Valeriana officinalis,0,Valeriana
SY8586,Verbena officinalis,0,Verbena
SY8586,Verbena x,0,Verbena
SY8586,Veronica agrestis,0,Veronica
SY8586,Veronica arvensis,0,Veronica
SY8586,Veronica beccabunga,0,Veronica
SY8586,Veronica chamaedrys,0,Veronica
SY8586,Veronica hederifolia,0,Veronica
SY8586,Veronica montana,0,Veronica
SY8586,Veronica officinalis,0,Veronica
SY8586,Veronica persica,0,Veronica
SY8586,Veronica polita,0,Veronica
SY8586,Veronica serpyllifolia,0,Veronica
SY8586,Vicia benghalensis,0,Vicia
SY8586,Vicia cracca,0,Vicia
SY8586,Vicia faba,0,Vicia
SY8586,Vicia hirsuta,0,Vicia
SY8586,Vicia lutea,0,Vicia
SY8586,Vicia sativa,0,Vicia
SY8586,Vicia sepium,0,Vicia
SY8586,Vicia spp,0,Vicia
SY8586,Vicia tetrasperma,0,Vicia
SY8586,Viola arvensis,0,Viola
SY8586,Viola canina,0,Viola
SY8586,Viola palustris,0,Viola
SY8586,Viola riviniana,0,Viola
SY8586,Zea mays,0,Zea
TG4403,Acer pseudoplatanus,0,Acer
TG4403,Achillea millefolium,0,Achillea
TG4403,Achillea ptarmica,0,Achillea
TG4403,Aegopodium podagraria,0,Aegopodium
TG4403,Aethusa cynapium,0,Aethusa
TG4403,Ajuga reptans,0,Ajuga
TG4403,Alliaria petiolata,0,Alliaria
TG4403,Alnus glutinosa,0,Alnus
TG4403,Anagallis arvensis,0,Anagallis
TG4403,Anchusa arvensis,0,Anchusa
TG4403,Anemone nemorosa,0,Anemone
TG4403,Angelica sylvestris,0,Angelica
TG4403,Anthemis cotula,0,Anthemis
TG4403,Anthriscus caucalis,0,Anthriscus
TG4403,Anthriscus sylvestris,0,Anthriscus
TG4403,Apium nodiflorum,30,Apium
TG4403,Armeria maritima,0,Armeria
TG4403,Artemisia absinthium,0,Artemisia
TG4403,Artemisia annua,0,Artemisia
TG4403,Artemisia vulgaris,0,Artemisia
TG4403,Aster tripolium,0,Aster
TG4403,Atriplex patula,0,Atriplex
TG4403,Atriplex portulacoides,0,Atriplex
TG4403,Ballota nigra,0,Ballota
TG4403,Barbarea vulgaris,0,Barbarea
TG4403,Bellis perennis,0,Bellis
TG4403,Berula erecta,0,Berula
TG4403,Brassica napus,0,Brassica
TG4403,Brassica oleracea,0,Brassica
TG4403,Brassica rapa,0,Brassica
TG4403,Bryonia dioica,0,Bryonia
TG4403,Buddleja davidii,0,Buddleja
TG4403,Bupleurum tenuissimum,0,Bupleurum
TG4403,Calluna vulgaris,0,Calluna
TG4403,Caltha palustris,0,Caltha
TG4403,Calystegia sepium,1,Calystegia
TG4403,Campanula rotundifolia,0,Campanula
TG4403,Capsella bursa,0,Capsella
TG4403,Cardamine flexuosa,0,Cardamine
TG4403,Cardamine hirsuta,0,Cardamine
TG4403,Cardamine pratensis,0,Cardamine
TG4403,Carduus nutans,0,Carduus
TG4403,Carum verticillatum,0,Carum
TG4403,Centaurea cyanus,0,Centaurea
TG4403,Centaurea nigra,0,Centaurea
TG4403,Centaurea scabiosa,0,Centaurea
TG4403,Centaurium erythraea,0,Centaurium
TG4403,Cerastium arvense,0,Cerastium
TG4403,Cerastium fontanum,0,Cerastium
TG4403,Cerastium glomeratum,0,Cerastium
TG4403,Ceratocapnos claviculata,0,Ceratocapnos
TG4403,Chaerophyllum temulum,0,Chaerophyllum
TG4403,Chamaemelum nobile,0,Chamaemelum
TG4403,Chamerion angustifolium,0,Chamerion
TG4403,Chenopodium album,0,Chenopodium
TG4403,Chenopodium ficifolium,0,Chenopodium
TG4403,Chenopodium quinoa,0,Chenopodium
TG4403,Cichorium intybus,0,Cichorium
TG4403,Circaea lutetiana,0,Circaea
TG4403,Cirsium arvense,76,Cirsium
TG4403,Cirsium eriophorum,0,Cirsium
TG4403,Cirsium palustre,0,Cirsium
TG4403,Cirsium vulgare,1,Cirsium
TG4403,Clematis vitalba,0,Clematis
TG4403,Clinopodium vulgare,0,Clinopodium
TG4403,Conium maculatum,0,Conium
TG4403,Conopodium majus,0,Conopodium
TG4403,Convolvulus arvensis,0,Convolvulus
TG4403,Conyza canadensis,0,Conyza
TG4403,Cotoneaster salicifolius,0,Cotoneaster
TG4403,Crataegus monogyna,0,Crataegus
TG4403,Crepis capillaris,0,Crepis
TG4403,Crepis vesicaria,0,Crepis
TG4403,Cruciata laevipes,0,Cruciata
TG4403,Cytisus scoparius,0,Cytisus
TG4403,Dactylorhiza fuchsii,0,Dactylorhiza
TG4403,Dactylorhiza maculata,0,Dactylorhiza
TG4403,Daucus carota,7,Daucus
TG4403,Digitalis ferruginea,0,Digitalis
TG4403,Digitalis grandiflora,0,Digitalis
TG4403,Digitalis purpurea,0,Digitalis
TG4403,Dioscorea communis,0,Dioscorea
TG4403,Doronicum plantagineum,0,Doronicum
TG4403,Drosera anglica,0,Drosera
TG4403,Drosera rotundifolia,0,Drosera
TG4403,Dryas octopetala,0,Dryas
TG4403,Epilobium hirsutum,105,Epilobium
TG4403,Epilobium montanum,0,Epilobium
TG4403,Epilobium obscurum,0,Epilobium
TG4403,Epilobium palustre,0,Epilobium
TG4403,Epilobium parviflorum,0,Epilobium
TG4403,Epilobium roseum,0,Epilobium
TG4403,Epilobium tetragonum,0,Epilobium
TG4403,Erica cinerea,0,Erica
TG4403,Erica tetralix,0,Erica
TG4403,Eriophorum vaginatum,0,Eriophorum
TG4403,Eupatorium cannabinum,0,Eupatorium
TG4403,Euphorbia exigua,0,Euphorbia
TG4403,Euphorbia helioscopia,0,Euphorbia
TG4403,Euphrasia officinalis,0,Euphrasia
TG4403,Fagopyrum esculentum,0,Fagopyrum
TG4403,Fallopia convolvulus,0,Fallopia
TG4403,Filipendula ulmaria,0,Filipendula
TG4403,Fumaria officinalis,0,Fumaria
TG4403,Galeopsis speciosa,0,Galeopsis
TG4403,Galeopsis tetrahit,0,Galeopsis
TG4403,Galium aparine,0,Galium
TG4403,Galium mollugo,0,Galium
TG4403,Galium odoratum,0,Galium
TG4403,Galium palustre,0,Galium
TG4403,Galium saxatile,0,Galium
TG4403,Galium verum,0,Galium
TG4403,Genista anglica,0,Genista
TG4403,Geranium dissectum,0,Geranium
TG4403,Geranium molle,0,Geranium
TG4403,Geranium nodosum,0,Geranium
TG4403,Geranium pratense,0,Geranium
TG4403,Geranium pyrenaicum,0,Geranium
TG4403,Geranium robertianum,0,Geranium
TG4403,Geum urbanum,0,Geum
TG4403,Glechoma hederacea,0,Glechoma
TG4403,Hedera helix,0,Hedera
TG4403,Helianthus annuus,0,Helianthus
TG4403,Heracleum mantegazzianum,0,Heracleum
TG4403,Heracleum sphondylium,8,Heracleum
TG4403,Hippocrepis comosa,0,Hippocrepis
TG4403,Hordeum vulgare,0,Hordeum
TG4403,Hyacinthoides non,0,Hyacinthoides
TG4403,Hypericum forrestii,0,Hypericum
TG4403,Hypericum perforatum,0,Hypericum
TG4403,Hypericum pulchrum,0,Hypericum
TG4403,Hypericum tetrapterum,0,Hypericum
TG4403,Hypochaeris radicata,0,Hypochaeris
TG4403,Ilex aquifolium,0,Ilex
TG4403,Impatiens glandulifera,0,Impatiens
TG4403,Impatiens parviflora,0,Impatiens
TG4403,Iris pseudacorus,0,Iris
TG4403,Jacobaea erucifolia,0,Jacobaea
TG4403,Jacobaea vulgaris,0,Jacobaea
TG4403,Jasione montana,0,Jasione
TG4403,Juncus conglomeratus,0,Juncus
TG4403,Juncus effusus,0,Juncus
TG4403,Knautia arvensis,0,Knautia
TG4403,Lactuca serriola,0,Lactuca
TG4403,Lamium album,0,Lamium
TG4403,Lamium galeobdolon,0,Lamium
TG4403,Lamium purpureum,0,Lamium
TG4403,Lapsana communis,0,Lapsana
TG4403,Lathyrus aphaca,0,Lathyrus
TG4403,Lathyrus linifolius,0,Lathyrus
TG4403,Lathyrus pratensis,0,Lathyrus
TG4403,Leontodon hispidus,0,Leontodon
TG4403,Leontodon saxatilis,0,Leontodon
TG4403,Leucanthemum vulgare,0,Leucanthemum
TG4403,Ligusticum scoticum,0,Ligusticum
TG4403,Limonium vulgare,0,Limonium
TG4403,Linaria vulgaris,0,Linaria
TG4403,Linum catharticum,0,Linum
TG4403,Linum usitatissimum,0,Linum
TG4403,Lonicera caprifolium,0,Lonicera
TG4403,Lonicera periclymenum,0,Lonicera
TG4403,Lotus angustissimus,0,Lotus
TG4403,Lotus corniculatus,0,Lotus
TG4403,Lotus pedunculatus,0,Lotus
TG4403,Lotus subbiflorus,0,Lotus
TG4403,Luzula campestris,0,Luzula
TG4403,Lysimachia nemorum,0,Lysimachia
TG4403,Lysimachia punctata,0,Lysimachia
TG4403,Lysimachia vulgaris,0,Lysimachia
TG4403,Lythrum alatum,0,Lythrum
TG4403,Lythrum salicaria,0,Lythrum
TG4403,Malva sylvestris,0,Malva
TG4403,Matricaria chamomilla,0,Matricaria
TG4403,Matricaria discoidea,0,Matricaria
TG4403,Medicago lupulina,14,Medicago
TG4403,Melampyrum pratense,0,Melampyrum
TG4403,Mentha aquatica,0,Mentha
TG4403,Mentha arvensis,0,Mentha
TG4403,Mercurialis perennis,0,Mercurialis
TG4403,Myosotis arvensis,0,Myosotis
TG4403,Myosotis discolor,0,Myosotis
TG4403,Myosotis sylvatica,0,Myosotis
TG4403,Narthecium ossifragum,0,Narthecium
TG4403,Odontites vernus,0,Odontites
TG4403,Oenanthe crocata,0,Oenanthe
TG4403,Origanum vulgare,0,Origanum
TG4403,Ornithopus perpusillus,0,Ornithopus
TG4403,Oxalis acetosella,0,Oxalis
TG4403,Panicum miliaceum,0,Panicum
TG4403,Papaver rhoeas,0,Papaver
TG4403,Pedicularis sylvatica,0,Pedicularis
TG4403,Persicaria amplexicaulis,0,Persicaria
TG4403,Persicaria bistorta,0,Persicaria
TG4403,Persicaria hydropiper,0,Persicaria
TG4403,Persicaria lapathifolia,0,Persicaria
TG4403,Persicaria maculosa,0,Persicaria
TG4403,Peucedanum ostruthium,0,Peucedanum
TG4403,Picris echioides,1,Picris
TG4403,Picris hieracioides,0,Picris
TG4403,Pilosella officinarum,0,Pilosella
TG4403,Pimpinella saxifraga,0,Pimpinella
TG4403,Pinguicula vulgaris,0,Pinguicula
TG4403,Plantago lanceolata,45,Plantago
TG4403,Plantago major,0,Plantago
TG4403,Plantago maritima,0,Plantago
TG4403,Poa annua,0,Poa
TG4403,Polygala serpyllifolia,0,Polygala
TG4403,Polygala vulgaris,0,Polygala
TG4403,Polygonum aviculare,0,Polygonum
TG4403,Potentilla anglica,0,Potentilla
TG4403,Potentilla anserina,0,Potentilla
TG4403,Potentilla erecta,0,Potentilla
TG4403,Potentilla recta,0,Potentilla
TG4403,Potentilla reptans,0,Potentilla
TG4403,Prunella vulgaris,0,Prunella
TG4403,Prunus spinosa,0,Prunus
TG4403,Pulicaria dysenterica,0,Pulicaria
TG4403,Ranunculus acris,0,Ranunculus
TG4403,Ranunculus bulbosus,0,Ranunculus
TG4403,Ranunculus ficaria,0,Ranunculus
TG4403,Ranunculus flammula,0,Ranunculus
TG4403,Ranunculus repens,0,Ranunculus
TG4403,Ranunculus sardous,0,Ranunculus
TG4403,Raphanus raphanistrum,0,Raphanus
TG4403,Raphanus sativus,0,Raphanus
TG4403,Rhinanthus minor,0,Rhinanthus
TG4403,Rosa arvensis,0,Rosa
TG4403,Rosa canina,0,Rosa
TG4403,Rubus caesius,0,Rubus
TG4403,Rubus fruticosus,199,Rubus
TG4403,Rubus idaeus,0,Rubus
TG4403,Rumex acetosa,0,Rumex
TG4403,Rumex acetosella,0,Rumex
TG4403,Rumex crispus,0,Rumex
TG4403,Rumex obtusifolius,0,Rumex
TG4403,Rumex sanguineus,0,Rumex
TG4403,Sagina saginoides,0,Sagina
TG4403,Sambucus nigra,0,Sambucus
TG4403,Sanguisorba officinalis,0,Sanguisorba
TG4403,Scorzoneroides autumnalis,0,Scorzoneroides
TG4403,Scrophularia auriculata,0,Scrophularia
TG4403,Scrophularia nodosa,0,Scrophularia
TG4403,Sedum anglicum,0,Sedum
TG4403,Senecio erucifolius,0,Senecio
TG4403,Senecio jacobaea,0,Senecio
TG4403,Senecio vulgaris,0,Senecio
TG4403,Sherardia arvensis,0,Sherardia
TG4403,Silene dioica,0,Silene
TG4403,Silene latifolia,0,Silene
TG4403,Silybum marianum,0,Silybum
TG4403,Sinapis alba,0,Sinapis
TG4403,Sinapis arvensis,0,Sinapis
TG4403,Sisymbrium officinale,0,Sisymbrium
TG4403,Solanum dulcamara,0,Solanum
TG4403,Solanum nigrum,0,Solanum
TG4403,Solanum tuberosum,0,Solanum
TG4403,Sonchus arvensis,0,Sonchus
TG4403,Sonchus asper,0,Sonchus
TG4403,Sonchus oleraceus,0,Sonchus
TG4403,Sorbus aucuparia,0,Sorbus
TG4403,Spergula arvensis,0,Spergula
TG4403,Spergularia media,0,Spergularia
TG4403,Stachys arvensis,0,Stachys
TG4403,Stachys palustris,0,Stachys
TG4403,Stachys sylvatica,0,Stachys
TG4403,Stellaria alsine,0,Stellaria
TG4403,Stellaria graminea,0,Stellaria
TG4403,Stellaria holostea,0,Stellaria
TG4403,Stellaria media,0,Stellaria
TG4403,Suaeda maritima,0,Suaeda
TG4403,Succisa pratensis,0,Succisa
TG4403,Symphytum officinale,0,Symphytum
TG4403,Taraxacum agg,0,Taraxacum
TG4403,Taraxacum officinale,0,Taraxacum
TG4403,Teucrium scorodonia,0,Teucrium
TG4403,Thlaspi arvense,0,Thlaspi
TG4403,Thymus polytrichus,0,Thymus
TG4403,Thymus vulgaris,0,Thymus
TG4403,Torilis japonica,2,Torilis
TG4403,Tragopogon pratensis,0,Tragopogon
TG4403,Trientalis europaea,0,Trientalis
TG4403,Trifolium arvense,0,Trifolium
TG4403,Trifolium campestre,0,Trifolium
TG4403,Trifolium constantinopolitanum,0,Trifolium
TG4403,Trifolium dubium,0,Trifolium
TG4403,Trifolium pratense,0,Trifolium
TG4403,Trifolium repens,0,Trifolium
TG4403,Tripleurospermum inodorum,12,Tripleurospermum
TG4403,Tripleurospermum maritimum,0,Tripleurospermum
TG4403,Turgenia latifolia,0,Turgenia
TG4403,Ulex europaeus,0,Ulex
TG4403,Ulex gallii,0,Ulex
TG4403,Urtica dioica,20,Urtica
TG4403,Vaccinium myrtillus,0,Vaccinium
TG4403,Vaccinium oxycoccos,0,Vaccinium
TG4403,Vaccinium vitis,0,Vaccinium
TG4403,Valeriana dioica,0,Valeriana
TG4403,Valeriana officinalis,0,Valeriana
TG4403,Verbena officinalis,0,Verbena
TG4403,Verbena x,0,Verbena
TG4403,Veronica agrestis,0,Veronica
TG4403,Veronica arvensis,0,Veronica
TG4403,Veronica beccabunga,0,Veronica
TG4403,Veronica chamaedrys,0,Veronica
TG4403,Veronica hederifolia,0,Veronica
TG4403,Veronica montana,0,Veronica
TG4403,Veronica officinalis,0,Veronica
TG4403,Veronica persica,0,Veronica
TG4403,Veronica polita,0,Veronica
TG4403,Veronica serpyllifolia,0,Veronica
TG4403,Vicia benghalensis,0,Vicia
TG4403,Vicia cracca,0,Vicia
TG4403,Vicia faba,0,Vicia
TG4403,Vicia hirsuta,0,Vicia
TG4403,Vicia lutea,0,Vicia
TG4403,Vicia sativa,0,Vicia
TG4403,Vicia sepium,0,Vicia
TG4403,Vicia spp,0,Vicia
TG4403,Vicia tetrasperma,0,Vicia
TG4403,Viola arvensis,0,Viola
TG4403,Viola canina,0,Viola
TG4403,Viola palustris,0,Viola
TG4403,Viola riviniana,0,Viola
TG4403,Zea mays,0,Zea
TL3266,Acer pseudoplatanus,0,Acer
TL3266,Achillea millefolium,21,Achillea
TL3266,Achillea ptarmica,0,Achillea
TL3266,Aegopodium podagraria,0,Aegopodium
TL3266,Aethusa cynapium,0,Aethusa
TL3266,Ajuga reptans,0,Ajuga
TL3266,Alliaria petiolata,0,Alliaria
TL3266,Alnus glutinosa,0,Alnus
TL3266,Anagallis arvensis,0,Anagallis
TL3266,Anchusa arvensis,0,Anchusa
TL3266,Anemone nemorosa,0,Anemone
TL3266,Angelica sylvestris,0,Angelica
TL3266,Anthemis cotula,0,Anthemis
TL3266,Anthriscus caucalis,0,Anthriscus
TL3266,Anthriscus sylvestris,0,Anthriscus
TL3266,Apium nodiflorum,0,Apium
TL3266,Armeria maritima,0,Armeria
TL3266,Artemisia absinthium,0,Artemisia
TL3266,Artemisia annua,0,Artemisia
TL3266,Artemisia vulgaris,0,Artemisia
TL3266,Aster tripolium,0,Aster
TL3266,Atriplex patula,0,Atriplex
TL3266,Atriplex portulacoides,0,Atriplex
TL3266,Ballota nigra,0,Ballota
TL3266,Barbarea vulgaris,0,Barbarea
TL3266,Bellis perennis,0,Bellis
TL3266,Berula erecta,0,Berula
TL3266,Brassica napus,1,Brassica
TL3266,Brassica oleracea,0,Brassica
TL3266,Brassica rapa,0,Brassica
TL3266,Bryonia dioica,0,Bryonia
TL3266,Buddleja davidii,0,Buddleja
TL3266,Bupleurum tenuissimum,0,Bupleurum
TL3266,Calluna vulgaris,0,Calluna
TL3266,Caltha palustris,0,Caltha
TL3266,Calystegia sepium,51,Calystegia
TL3266,Campanula rotundifolia,0,Campanula
TL3266,Capsella bursa,72,Capsella
TL3266,Cardamine flexuosa,0,Cardamine
TL3266,Cardamine hirsuta,0,Cardamine
TL3266,Cardamine pratensis,0,Cardamine
TL3266,Carduus nutans,0,Carduus
TL3266,Carum verticillatum,0,Carum
TL3266,Centaurea cyanus,0,Centaurea
TL3266,Centaurea nigra,0,Centaurea
TL3266,Centaurea scabiosa,0,Centaurea
TL3266,Centaurium erythraea,0,Centaurium
TL3266,Cerastium arvense,0,Cerastium
TL3266,Cerastium fontanum,0,Cerastium
TL3266,Cerastium glomeratum,0,Cerastium
TL3266,Ceratocapnos claviculata,0,Ceratocapnos
TL3266,Chaerophyllum temulum,0,Chaerophyllum
TL3266,Chamaemelum nobile,0,Chamaemelum
TL3266,Chamerion angustifolium,0,Chamerion
TL3266,Chenopodium album,0,Chenopodium
TL3266,Chenopodium ficifolium,0,Chenopodium
TL3266,Chenopodium quinoa,0,Chenopodium
TL3266,Cichorium intybus,0,Cichorium
TL3266,Circaea lutetiana,0,Circaea
TL3266,Cirsium arvense,15,Cirsium
TL3266,Cirsium eriophorum,0,Cirsium
TL3266,Cirsium palustre,0,Cirsium
TL3266,Cirsium vulgare,0,Cirsium
TL3266,Clematis vitalba,0,Clematis
TL3266,Clinopodium vulgare,0,Clinopodium
TL3266,Conium maculatum,0,Conium
TL3266,Conopodium majus,0,Conopodium
TL3266,Convolvulus arvensis,12,Convolvulus
TL3266,Conyza canadensis,0,Conyza
TL3266,Cotoneaster salicifolius,0,Cotoneaster
TL3266,Crataegus monogyna,0,Crataegus
TL3266,Crepis capillaris,0,Crepis
TL3266,Crepis vesicaria,0,Crepis
TL3266,Cruciata laevipes,0,Cruciata
TL3266,Cytisus scoparius,0,Cytisus
TL3266,Dactylorhiza fuchsii,0,Dactylorhiza
TL3266,Dactylorhiza maculata,0,Dactylorhiza
TL3266,Daucus carota,0,Daucus
TL3266,Digitalis ferruginea,0,Digitalis
TL3266,Digitalis grandiflora,0,Digitalis
TL3266,Digitalis purpurea,0,Digitalis
TL3266,Dioscorea communis,0,Dioscorea
TL3266,Doronicum plantagineum,0,Doronicum
TL3266,Drosera anglica,0,Drosera
TL3266,Drosera rotundifolia,0,Drosera
TL3266,Dryas octopetala,0,Dryas
TL3266,Epilobium hirsutum,0,Epilobium
TL3266,Epilobium montanum,0,Epilobium
TL3266,Epilobium obscurum,0,Epilobium
TL3266,Epilobium palustre,0,Epilobium
TL3266,Epilobium parviflorum,0,Epilobium
TL3266,Epilobium roseum,0,Epilobium
TL3266,Epilobium tetragonum,0,Epilobium
TL3266,Erica cinerea,0,Erica
TL3266,Erica tetralix,0,Erica
TL3266,Eriophorum vaginatum,0,Eriophorum
TL3266,Eupatorium cannabinum,0,Eupatorium
TL3266,Euphorbia exigua,0,Euphorbia
TL3266,Euphorbia helioscopia,0,Euphorbia
TL3266,Euphrasia officinalis,0,Euphrasia
TL3266,Fagopyrum esculentum,0,Fagopyrum
TL3266,Fallopia convolvulus,0,Fallopia
TL3266,Filipendula ulmaria,0,Filipendula
TL3266,Fumaria officinalis,0,Fumaria
TL3266,Galeopsis speciosa,0,Galeopsis
TL3266,Galeopsis tetrahit,0,Galeopsis
TL3266,Galium aparine,0,Galium
TL3266,Galium mollugo,0,Galium
TL3266,Galium odoratum,0,Galium
TL3266,Galium palustre,0,Galium
TL3266,Galium saxatile,0,Galium
TL3266,Galium verum,0,Galium
TL3266,Genista anglica,0,Genista
TL3266,Geranium dissectum,0,Geranium
TL3266,Geranium molle,0,Geranium
TL3266,Geranium nodosum,0,Geranium
TL3266,Geranium pratense,0,Geranium
TL3266,Geranium pyrenaicum,0,Geranium
TL3266,Geranium robertianum,0,Geranium
TL3266,Geum urbanum,0,Geum
TL3266,Glechoma hederacea,0,Glechoma
TL3266,Hedera helix,0,Hedera
TL3266,Helianthus annuus,0,Helianthus
TL3266,Heracleum mantegazzianum,0,Heracleum
TL3266,Heracleum sphondylium,0,Heracleum
TL3266,Hippocrepis comosa,0,Hippocrepis
TL3266,Hordeum vulgare,0,Hordeum
TL3266,Hyacinthoides non,0,Hyacinthoides
TL3266,Hypericum forrestii,0,Hypericum
TL3266,Hypericum perforatum,0,Hypericum
TL3266,Hypericum pulchrum,0,Hypericum
TL3266,Hypericum tetrapterum,0,Hypericum
TL3266,Hypochaeris radicata,0,Hypochaeris
TL3266,Ilex aquifolium,0,Ilex
TL3266,Impatiens glandulifera,0,Impatiens
TL3266,Impatiens parviflora,0,Impatiens
TL3266,Iris pseudacorus,0,Iris
TL3266,Jacobaea erucifolia,0,Jacobaea
TL3266,Jacobaea vulgaris,0,Jacobaea
TL3266,Jasione montana,0,Jasione
TL3266,Juncus conglomeratus,0,Juncus
TL3266,Juncus effusus,0,Juncus
TL3266,Knautia arvensis,0,Knautia
TL3266,Lactuca serriola,0,Lactuca
TL3266,Lamium album,68.2,Lamium
TL3266,Lamium galeobdolon,0,Lamium
TL3266,Lamium purpureum,0,Lamium
TL3266,Lapsana communis,0,Lapsana
TL3266,Lathyrus aphaca,0,Lathyrus
TL3266,Lathyrus linifolius,0,Lathyrus
TL3266,Lathyrus pratensis,0,Lathyrus
TL3266,Leontodon hispidus,0,Leontodon
TL3266,Leontodon saxatilis,0,Leontodon
TL3266,Leucanthemum vulgare,0,Leucanthemum
TL3266,Ligusticum scoticum,0,Ligusticum
TL3266,Limonium vulgare,0,Limonium
TL3266,Linaria vulgaris,0,Linaria
TL3266,Linum catharticum,0,Linum
TL3266,Linum usitatissimum,0,Linum
TL3266,Lonicera caprifolium,0,Lonicera
TL3266,Lonicera periclymenum,0,Lonicera
TL3266,Lotus angustissimus,0,Lotus
TL3266,Lotus corniculatus,0,Lotus
TL3266,Lotus pedunculatus,0,Lotus
TL3266,Lotus subbiflorus,0,Lotus
TL3266,Luzula campestris,0,Luzula
TL3266,Lysimachia nemorum,0,Lysimachia
TL3266,Lysimachia punctata,0,Lysimachia
TL3266,Lysimachia vulgaris,0,Lysimachia
TL3266,Lythrum alatum,0,Lythrum
TL3266,Lythrum salicaria,0,Lythrum
TL3266,Malva sylvestris,0,Malva
TL3266,Matricaria chamomilla,0,Matricaria
TL3266,Matricaria discoidea,0,Matricaria
TL3266,Medicago lupulina,0,Medicago
TL3266,Melampyrum pratense,0,Melampyrum
TL3266,Mentha aquatica,0,Mentha
TL3266,Mentha arvensis,0,Mentha
TL3266,Mercurialis perennis,0,Mercurialis
TL3266,Myosotis arvensis,0,Myosotis
TL3266,Myosotis discolor,0,Myosotis
TL3266,Myosotis sylvatica,0,Myosotis
TL3266,Narthecium ossifragum,0,Narthecium
TL3266,Odontites vernus,0,Odontites
TL3266,Oenanthe crocata,0,Oenanthe
TL3266,Origanum vulgare,0,Origanum
TL3266,Ornithopus perpusillus,0,Ornithopus
TL3266,Oxalis acetosella,0,Oxalis
TL3266,Panicum miliaceum,0,Panicum
TL3266,Papaver rhoeas,0,Papaver
TL3266,Pedicularis sylvatica,0,Pedicularis
TL3266,Persicaria amplexicaulis,0,Persicaria
TL3266,Persicaria bistorta,0,Persicaria
TL3266,Persicaria hydropiper,0,Persicaria
TL3266,Persicaria lapathifolia,0,Persicaria
TL3266,Persicaria maculosa,0,Persicaria
TL3266,Peucedanum ostruthium,0,Peucedanum
TL3266,Picris echioides,0,Picris
TL3266,Picris hieracioides,0,Picris
TL3266,Pilosella officinarum,0,Pilosella
TL3266,Pimpinella saxifraga,0,Pimpinella
TL3266,Pinguicula vulgaris,0,Pinguicula
TL3266,Plantago lanceolata,0,Plantago
TL3266,Plantago major,0,Plantago
TL3266,Plantago maritima,0,Plantago
TL3266,Poa annua,0,Poa
TL3266,Polygala serpyllifolia,0,Polygala
TL3266,Polygala vulgaris,0,Polygala
TL3266,Polygonum aviculare,0,Polygonum
TL3266,Potentilla anglica,0,Potentilla
TL3266,Potentilla anserina,0,Potentilla
TL3266,Potentilla erecta,0,Potentilla
TL3266,Potentilla recta,0,Potentilla
TL3266,Potentilla reptans,0,Potentilla
TL3266,Prunella vulgaris,0,Prunella
TL3266,Prunus spinosa,0,Prunus
TL3266,Pulicaria dysenterica,0,Pulicaria
TL3266,Ranunculus acris,0,Ranunculus
TL3266,Ranunculus bulbosus,2,Ranunculus
TL3266,Ranunculus ficaria,0,Ranunculus
TL3266,Ranunculus flammula,0,Ranunculus
TL3266,Ranunculus repens,0,Ranunculus
TL3266,Ranunculus sardous,0,Ranunculus
TL3266,Raphanus raphanistrum,0,Raphanus
TL3266,Raphanus sativus,0,Raphanus
TL3266,Rhinanthus minor,0,Rhinanthus
TL3266,Rosa arvensis,0,Rosa
TL3266,Rosa canina,0,Rosa
TL3266,Rubus caesius,0,Rubus
TL3266,Rubus fruticosus,0,Rubus
TL3266,Rubus idaeus,0,Rubus
TL3266,Rumex acetosa,0,Rumex
TL3266,Rumex acetosella,0,Rumex
TL3266,Rumex crispus,0,Rumex
TL3266,Rumex obtusifolius,0,Rumex
TL3266,Rumex sanguineus,0,Rumex
TL3266,Sagina saginoides,0,Sagina
TL3266,Sambucus nigra,0,Sambucus
TL3266,Sanguisorba officinalis,0,Sanguisorba
TL3266,Scorzoneroides autumnalis,0,Scorzoneroides
TL3266,Scrophularia auriculata,0,Scrophularia
TL3266,Scrophularia nodosa,0,Scrophularia
TL3266,Sedum anglicum,0,Sedum
TL3266,Senecio erucifolius,0,Senecio
TL3266,Senecio jacobaea,0,Senecio
TL3266,Senecio vulgaris,0,Senecio
TL3266,Sherardia arvensis,0,Sherardia
TL3266,Silene dioica,0,Silene
TL3266,Silene latifolia,0,Silene
TL3266,Silybum marianum,0,Silybum
TL3266,Sinapis alba,0,Sinapis
TL3266,Sinapis arvensis,0,Sinapis
TL3266,Sisymbrium officinale,0,Sisymbrium
TL3266,Solanum dulcamara,0,Solanum
TL3266,Solanum nigrum,0,Solanum
TL3266,Solanum tuberosum,0,Solanum
TL3266,Sonchus arvensis,0,Sonchus
TL3266,Sonchus asper,0,Sonchus
TL3266,Sonchus oleraceus,0,Sonchus
TL3266,Sorbus aucuparia,0,Sorbus
TL3266,Spergula arvensis,0,Spergula
TL3266,Spergularia media,0,Spergularia
TL3266,Stachys arvensis,0,Stachys
TL3266,Stachys palustris,0,Stachys
TL3266,Stachys sylvatica,0,Stachys
TL3266,Stellaria alsine,0,Stellaria
TL3266,Stellaria graminea,0,Stellaria
TL3266,Stellaria holostea,0,Stellaria
TL3266,Stellaria media,0,Stellaria
TL3266,Suaeda maritima,0,Suaeda
TL3266,Succisa pratensis,0,Succisa
TL3266,Symphytum officinale,0,Symphytum
TL3266,Taraxacum agg,0,Taraxacum
TL3266,Taraxacum officinale,0,Taraxacum
TL3266,Teucrium scorodonia,0,Teucrium
TL3266,Thlaspi arvense,0,Thlaspi
TL3266,Thymus polytrichus,0,Thymus
TL3266,Thymus vulgaris,0,Thymus
TL3266,Torilis japonica,0,Torilis
TL3266,Tragopogon pratensis,0,Tragopogon
TL3266,Trientalis europaea,0,Trientalis
TL3266,Trifolium arvense,0,Trifolium
TL3266,Trifolium campestre,0,Trifolium
TL3266,Trifolium constantinopolitanum,0,Trifolium
TL3266,Trifolium dubium,0,Trifolium
TL3266,Trifolium pratense,0,Trifolium
TL3266,Trifolium repens,0,Trifolium
TL3266,Tripleurospermum inodorum,0,Tripleurospermum
TL3266,Tripleurospermum maritimum,0,Tripleurospermum
TL3266,Turgenia latifolia,0,Turgenia
TL3266,Ulex europaeus,0,Ulex
TL3266,Ulex gallii,0,Ulex
TL3266,Urtica dioica,0,Urtica
TL3266,Vaccinium myrtillus,0,Vaccinium
TL3266,Vaccinium oxycoccos,0,Vaccinium
TL3266,Vaccinium vitis,0,Vaccinium
TL3266,Valeriana dioica,0,Valeriana
TL3266,Valeriana officinalis,0,Valeriana
TL3266,Verbena officinalis,0,Verbena
TL3266,Verbena x,0,Verbena
TL3266,Veronica agrestis,0,Veronica
TL3266,Veronica arvensis,0,Veronica
TL3266,Veronica beccabunga,0,Veronica
TL3266,Veronica chamaedrys,0,Veronica
TL3266,Veronica hederifolia,0,Veronica
TL3266,Veronica montana,0,Veronica
TL3266,Veronica officinalis,0,Veronica
TL3266,Veronica persica,0,Veronica
TL3266,Veronica polita,0,Veronica
TL3266,Veronica serpyllifolia,0,Veronica
TL3266,Vicia benghalensis,0,Vicia
TL3266,Vicia cracca,0,Vicia
TL3266,Vicia faba,0,Vicia
TL3266,Vicia hirsuta,0,Vicia
TL3266,Vicia lutea,0,Vicia
TL3266,Vicia sativa,0,Vicia
TL3266,Vicia sepium,0,Vicia
TL3266,Vicia spp,0,Vicia
TL3266,Vicia tetrasperma,0,Vicia
TL3266,Viola arvensis,0,Viola
TL3266,Viola canina,0,Viola
TL3266,Viola palustris,0,Viola
TL3266,Viola riviniana,0,Viola
TL3266,Zea mays,0,Zea
TM3949,Acer pseudoplatanus,0,Acer
TM3949,Achillea millefolium,0,Achillea
TM3949,Achillea ptarmica,0,Achillea
TM3949,Aegopodium podagraria,0,Aegopodium
TM3949,Aethusa cynapium,0,Aethusa
TM3949,Ajuga reptans,0,Ajuga
TM3949,Alliaria petiolata,0,Alliaria
TM3949,Alnus glutinosa,0,Alnus
TM3949,Anagallis arvensis,0,Anagallis
TM3949,Anchusa arvensis,0,Anchusa
TM3949,Anemone nemorosa,0,Anemone
TM3949,Angelica sylvestris,0,Angelica
TM3949,Anthemis cotula,0,Anthemis
TM3949,Anthriscus caucalis,0,Anthriscus
TM3949,Anthriscus sylvestris,20,Anthriscus
TM3949,Apium nodiflorum,0,Apium
TM3949,Armeria maritima,15,Armeria
TM3949,Artemisia absinthium,0,Artemisia
TM3949,Artemisia annua,0,Artemisia
TM3949,Artemisia vulgaris,0,Artemisia
TM3949,Aster tripolium,34,Aster
TM3949,Atriplex patula,0,Atriplex
TM3949,Atriplex portulacoides,2717,Atriplex
TM3949,Ballota nigra,0,Ballota
TM3949,Barbarea vulgaris,0,Barbarea
TM3949,Bellis perennis,131,Bellis
TM3949,Berula erecta,0,Berula
TM3949,Brassica napus,0,Brassica
TM3949,Brassica oleracea,0,Brassica
TM3949,Brassica rapa,0,Brassica
TM3949,Bryonia dioica,0,Bryonia
TM3949,Buddleja davidii,0,Buddleja
TM3949,Bupleurum tenuissimum,40,Bupleurum
TM3949,Calluna vulgaris,0,Calluna
TM3949,Caltha palustris,0,Caltha
TM3949,Calystegia sepium,0,Calystegia
TM3949,Campanula rotundifolia,0,Campanula
TM3949,Capsella bursa,0,Capsella
TM3949,Cardamine flexuosa,0,Cardamine
TM3949,Cardamine hirsuta,0,Cardamine
TM3949,Cardamine pratensis,0,Cardamine
TM3949,Carduus nutans,0,Carduus
TM3949,Carum verticillatum,0,Carum
TM3949,Centaurea cyanus,0,Centaurea
TM3949,Centaurea nigra,0,Centaurea
TM3949,Centaurea scabiosa,0,Centaurea
TM3949,Centaurium erythraea,0,Centaurium
TM3949,Cerastium arvense,0,Cerastium
TM3949,Cerastium fontanum,2,Cerastium
TM3949,Cerastium glomeratum,0,Cerastium
TM3949,Ceratocapnos claviculata,0,Ceratocapnos
TM3949,Chaerophyllum temulum,0,Chaerophyllum
TM3949,Chamaemelum nobile,0,Chamaemelum
TM3949,Chamerion angustifolium,0,Chamerion
TM3949,Chenopodium album,0,Chenopodium
TM3949,Chenopodium ficifolium,0,Chenopodium
TM3949,Chenopodium quinoa,0,Chenopodium
TM3949,Cichorium intybus,0,Cichorium
TM3949,Circaea lutetiana,0,Circaea
TM3949,Cirsium arvense,67,Cirsium
TM3949,Cirsium eriophorum,0,Cirsium
TM3949,Cirsium palustre,12,Cirsium
TM3949,Cirsium vulgare,0,Cirsium
TM3949,Clematis vitalba,0,Clematis
TM3949,Clinopodium vulgare,0,Clinopodium
TM3949,Conium maculatum,0,Conium
TM3949,Conopodium majus,0,Conopodium
TM3949,Convolvulus arvensis,0,Convolvulus
TM3949,Conyza canadensis,0,Conyza
TM3949,Cotoneaster salicifolius,0,Cotoneaster
TM3949,Crataegus monogyna,0,Crataegus
TM3949,Crepis capillaris,0,Crepis
TM3949,Crepis vesicaria,0,Crepis
TM3949,Cruciata laevipes,0,Cruciata
TM3949,Cytisus scoparius,0,Cytisus
TM3949,Dactylorhiza fuchsii,0,Dactylorhiza
TM3949,Dactylorhiza maculata,0,Dactylorhiza
TM3949,Daucus carota,0,Daucus
TM3949,Digitalis ferruginea,0,Digitalis
TM3949,Digitalis grandiflora,0,Digitalis
TM3949,Digitalis purpurea,0,Digitalis
TM3949,Dioscorea communis,0,Dioscorea
TM3949,Doronicum plantagineum,0,Doronicum
TM3949,Drosera anglica,0,Drosera
TM3949,Drosera rotundifolia,0,Drosera
TM3949,Dryas octopetala,0,Dryas
TM3949,Epilobium hirsutum,0,Epilobium
TM3949,Epilobium montanum,0,Epilobium
TM3949,Epilobium obscurum,0,Epilobium
TM3949,Epilobium palustre,0,Epilobium
TM3949,Epilobium parviflorum,0,Epilobium
TM3949,Epilobium roseum,0,Epilobium
TM3949,Epilobium tetragonum,0,Epilobium
TM3949,Erica cinerea,0,Erica
TM3949,Erica tetralix,0,Erica
TM3949,Eriophorum vaginatum,0,Eriophorum
TM3949,Eupatorium cannabinum,0,Eupatorium
TM3949,Euphorbia exigua,0,Euphorbia
TM3949,Euphorbia helioscopia,0,Euphorbia
TM3949,Euphrasia officinalis,0,Euphrasia
TM3949,Fagopyrum esculentum,0,Fagopyrum
TM3949,Fallopia convolvulus,0,Fallopia
TM3949,Filipendula ulmaria,0,Filipendula
TM3949,Fumaria officinalis,0,Fumaria
TM3949,Galeopsis speciosa,0,Galeopsis
TM3949,Galeopsis tetrahit,0,Galeopsis
TM3949,Galium aparine,0,Galium
TM3949,Galium mollugo,0,Galium
TM3949,Galium odoratum,0,Galium
TM3949,Galium palustre,0,Galium
TM3949,Galium saxatile,0,Galium
TM3949,Galium verum,0,Galium
TM3949,Genista anglica,0,Genista
TM3949,Geranium dissectum,26,Geranium
TM3949,Geranium molle,11,Geranium
TM3949,Geranium nodosum,0,Geranium
TM3949,Geranium pratense,0,Geranium
TM3949,Geranium pyrenaicum,0,Geranium
TM3949,Geranium robertianum,0,Geranium
TM3949,Geum urbanum,0,Geum
TM3949,Glechoma hederacea,0,Glechoma
TM3949,Hedera helix,0,Hedera
TM3949,Helianthus annuus,0,Helianthus
TM3949,Heracleum mantegazzianum,0,Heracleum
TM3949,Heracleum sphondylium,2,Heracleum
TM3949,Hippocrepis comosa,0,Hippocrepis
TM3949,Hordeum vulgare,0,Hordeum
TM3949,Hyacinthoides non,0,Hyacinthoides
TM3949,Hypericum forrestii,0,Hypericum
TM3949,Hypericum perforatum,0,Hypericum
TM3949,Hypericum pulchrum,0,Hypericum
TM3949,Hypericum tetrapterum,0,Hypericum
TM3949,Hypochaeris radicata,2,Hypochaeris
TM3949,Ilex aquifolium,0,Ilex
TM3949,Impatiens glandulifera,0,Impatiens
TM3949,Impatiens parviflora,0,Impatiens
TM3949,Iris pseudacorus,0,Iris
TM3949,Jacobaea erucifolia,17,Jacobaea
TM3949,Jacobaea vulgaris,0,Jacobaea
TM3949,Jasione montana,0,Jasione
TM3949,Juncus conglomeratus,0,Juncus
TM3949,Juncus effusus,0,Juncus
TM3949,Knautia arvensis,0,Knautia
TM3949,Lactuca serriola,0,Lactuca
TM3949,Lamium album,0,Lamium
TM3949,Lamium galeobdolon,0,Lamium
TM3949,Lamium purpureum,0,Lamium
TM3949,Lapsana communis,0,Lapsana
TM3949,Lathyrus aphaca,0,Lathyrus
TM3949,Lathyrus linifolius,0,Lathyrus
TM3949,Lathyrus pratensis,0,Lathyrus
TM3949,Leontodon hispidus,1,Leontodon
TM3949,Leontodon saxatilis,0,Leontodon
TM3949,Leucanthemum vulgare,0,Leucanthemum
TM3949,Ligusticum scoticum,0,Ligusticum
TM3949,Limonium vulgare,1450,Limonium
TM3949,Linaria vulgaris,0,Linaria
TM3949,Linum catharticum,0,Linum
TM3949,Linum usitatissimum,0,Linum
TM3949,Lonicera caprifolium,0,Lonicera
TM3949,Lonicera periclymenum,0,Lonicera
TM3949,Lotus angustissimus,0,Lotus
TM3949,Lotus corniculatus,593,Lotus
TM3949,Lotus pedunculatus,0,Lotus
TM3949,Lotus subbiflorus,0,Lotus
TM3949,Luzula campestris,0,Luzula
TM3949,Lysimachia nemorum,0,Lysimachia
TM3949,Lysimachia punctata,0,Lysimachia
TM3949,Lysimachia vulgaris,0,Lysimachia
TM3949,Lythrum alatum,0,Lythrum
TM3949,Lythrum salicaria,0,Lythrum
TM3949,Malva sylvestris,0,Malva
TM3949,Matricaria chamomilla,0,Matricaria
TM3949,Matricaria discoidea,0,Matricaria
TM3949,Medicago lupulina,38,Medicago
TM3949,Melampyrum pratense,0,Melampyrum
TM3949,Mentha aquatica,0,Mentha
TM3949,Mentha arvensis,0,Mentha
TM3949,Mercurialis perennis,0,Mercurialis
TM3949,Myosotis arvensis,0,Myosotis
TM3949,Myosotis discolor,0,Myosotis
TM3949,Myosotis sylvatica,0,Myosotis
TM3949,Narthecium ossifragum,0,Narthecium
TM3949,Odontites vernus,0,Odontites
TM3949,Oenanthe crocata,0,Oenanthe
TM3949,Origanum vulgare,0,Origanum
TM3949,Ornithopus perpusillus,0,Ornithopus
TM3949,Oxalis acetosella,0,Oxalis
TM3949,Panicum miliaceum,0,Panicum
TM3949,Papaver rhoeas,0,Papaver
TM3949,Pedicularis sylvatica,0,Pedicularis
TM3949,Persicaria amplexicaulis,0,Persicaria
TM3949,Persicaria bistorta,0,Persicaria
TM3949,Persicaria hydropiper,0,Persicaria
TM3949,Persicaria lapathifolia,0,Persicaria
TM3949,Persicaria maculosa,0,Persicaria
TM3949,Peucedanum ostruthium,0,Peucedanum
TM3949,Picris echioides,5,Picris
TM3949,Picris hieracioides,0,Picris
TM3949,Pilosella officinarum,0,Pilosella
TM3949,Pimpinella saxifraga,0,Pimpinella
TM3949,Pinguicula vulgaris,0,Pinguicula
TM3949,Plantago lanceolata,1080,Plantago
TM3949,Plantago major,0,Plantago
TM3949,Plantago maritima,365,Plantago
TM3949,Poa annua,0,Poa
TM3949,Polygala serpyllifolia,0,Polygala
TM3949,Polygala vulgaris,0,Polygala
TM3949,Polygonum aviculare,0,Polygonum
TM3949,Potentilla anglica,0,Potentilla
TM3949,Potentilla anserina,0,Potentilla
TM3949,Potentilla erecta,0,Potentilla
TM3949,Potentilla recta,0,Potentilla
TM3949,Potentilla reptans,0,Potentilla
TM3949,Prunella vulgaris,0,Prunella
TM3949,Prunus spinosa,0,Prunus
TM3949,Pulicaria dysenterica,0,Pulicaria
TM3949,Ranunculus acris,83,Ranunculus
TM3949,Ranunculus bulbosus,0,Ranunculus
TM3949,Ranunculus ficaria,0,Ranunculus
TM3949,Ranunculus flammula,0,Ranunculus
TM3949,Ranunculus repens,0,Ranunculus
TM3949,Ranunculus sardous,9,Ranunculus
TM3949,Raphanus raphanistrum,0,Raphanus
TM3949,Raphanus sativus,0,Raphanus
TM3949,Rhinanthus minor,0,Rhinanthus
TM3949,Rosa arvensis,0,Rosa
TM3949,Rosa canina,0,Rosa
TM3949,Rubus caesius,0,Rubus
TM3949,Rubus fruticosus,0,Rubus
TM3949,Rubus idaeus,0,Rubus
TM3949,Rumex acetosa,0,Rumex
TM3949,Rumex acetosella,0,Rumex
TM3949,Rumex crispus,0,Rumex
TM3949,Rumex obtusifolius,0,Rumex
TM3949,Rumex sanguineus,0,Rumex
TM3949,Sagina saginoides,0,Sagina
TM3949,Sambucus nigra,0,Sambucus
TM3949,Sanguisorba officinalis,0,Sanguisorba
TM3949,Scorzoneroides autumnalis,0,Scorzoneroides
TM3949,Scrophularia auriculata,0,Scrophularia
TM3949,Scrophularia nodosa,0,Scrophularia
TM3949,Sedum anglicum,0,Sedum
TM3949,Senecio erucifolius,0,Senecio
TM3949,Senecio jacobaea,85,Senecio
TM3949,Senecio vulgaris,0,Senecio
TM3949,Sherardia arvensis,0,Sherardia
TM3949,Silene dioica,0,Silene
TM3949,Silene latifolia,0,Silene
TM3949,Silybum marianum,0,Silybum
TM3949,Sinapis alba,0,Sinapis
TM3949,Sinapis arvensis,0,Sinapis
TM3949,Sisymbrium officinale,0,Sisymbrium
TM3949,Solanum dulcamara,1,Solanum
TM3949,Solanum nigrum,0,Solanum
TM3949,Solanum tuberosum,0,Solanum
TM3949,Sonchus arvensis,0,Sonchus
TM3949,Sonchus asper,0,Sonchus
TM3949,Sonchus oleraceus,0,Sonchus
TM3949,Sorbus aucuparia,0,Sorbus
TM3949,Spergula arvensis,0,Spergula
TM3949,Spergularia media,1,Spergularia
TM3949,Stachys arvensis,0,Stachys
TM3949,Stachys palustris,0,Stachys
TM3949,Stachys sylvatica,0,Stachys
TM3949,Stellaria alsine,0,Stellaria
TM3949,Stellaria graminea,53,Stellaria
TM3949,Stellaria holostea,0,Stellaria
TM3949,Stellaria media,0,Stellaria
TM3949,Suaeda maritima,11,Suaeda
TM3949,Succisa pratensis,0,Succisa
TM3949,Symphytum officinale,0,Symphytum
TM3949,Taraxacum agg,0,Taraxacum
TM3949,Taraxacum officinale,0,Taraxacum
TM3949,Teucrium scorodonia,0,Teucrium
TM3949,Thlaspi arvense,0,Thlaspi
TM3949,Thymus polytrichus,0,Thymus
TM3949,Thymus vulgaris,0,Thymus
TM3949,Torilis japonica,15,Torilis
TM3949,Tragopogon pratensis,3,Tragopogon
TM3949,Trientalis europaea,0,Trientalis
TM3949,Trifolium arvense,0,Trifolium
TM3949,Trifolium campestre,0,Trifolium
TM3949,Trifolium constantinopolitanum,0,Trifolium
TM3949,Trifolium dubium,177,Trifolium
TM3949,Trifolium pratense,284,Trifolium
TM3949,Trifolium repens,133,Trifolium
TM3949,Tripleurospermum inodorum,0,Tripleurospermum
TM3949,Tripleurospermum maritimum,0,Tripleurospermum
TM3949,Turgenia latifolia,0,Turgenia
TM3949,Ulex europaeus,0,Ulex
TM3949,Ulex gallii,0,Ulex
TM3949,Urtica dioica,0,Urtica
TM3949,Vaccinium myrtillus,0,Vaccinium
TM3949,Vaccinium oxycoccos,0,Vaccinium
TM3949,Vaccinium vitis,0,Vaccinium
TM3949,Valeriana dioica,0,Valeriana
TM3949,Valeriana officinalis,0,Valeriana
TM3949,Verbena officinalis,0,Verbena
TM3949,Verbena x,0,Verbena
TM3949,Veronica agrestis,0,Veronica
TM3949,Veronica arvensis,0,Veronica
TM3949,Veronica beccabunga,0,Veronica
TM3949,Veronica chamaedrys,3,Veronica
TM3949,Veronica hederifolia,0,Veronica
TM3949,Veronica montana,0,Veronica
TM3949,Veronica officinalis,0,Veronica
TM3949,Veronica persica,1,Veronica
TM3949,Veronica polita,0,Veronica
TM3949,Veronica serpyllifolia,0,Veronica
TM3949,Vicia benghalensis,0,Vicia
TM3949,Vicia cracca,3,Vicia
TM3949,Vicia faba,0,Vicia
TM3949,Vicia hirsuta,0,Vicia
TM3949,Vicia lutea,0,Vicia
TM3949,Vicia sativa,38,Vicia
TM3949,Vicia sepium,0,Vicia
TM3949,Vicia spp,0,Vicia
TM3949,Vicia tetrasperma,0,Vicia
TM3949,Viola arvensis,0,Viola
TM3949,Viola canina,0,Viola
TM3949,Viola palustris,0,Viola
TM3949,Viola riviniana,0,Viola
TM3949,Zea mays,0,Zea
TQ1827,Acer pseudoplatanus,0,Acer
TQ1827,Achillea millefolium,0,Achillea
TQ1827,Achillea ptarmica,0,Achillea
TQ1827,Aegopodium podagraria,0,Aegopodium
TQ1827,Aethusa cynapium,0,Aethusa
TQ1827,Ajuga reptans,0,Ajuga
TQ1827,Alliaria petiolata,0,Alliaria
TQ1827,Alnus glutinosa,0,Alnus
TQ1827,Anagallis arvensis,0,Anagallis
TQ1827,Anchusa arvensis,0,Anchusa
TQ1827,Anemone nemorosa,0,Anemone
TQ1827,Angelica sylvestris,0,Angelica
TQ1827,Anthemis cotula,0,Anthemis
TQ1827,Anthriscus caucalis,0,Anthriscus
TQ1827,Anthriscus sylvestris,0,Anthriscus
TQ1827,Apium nodiflorum,0,Apium
TQ1827,Armeria maritima,0,Armeria
TQ1827,Artemisia absinthium,0,Artemisia
TQ1827,Artemisia annua,0,Artemisia
TQ1827,Artemisia vulgaris,0,Artemisia
TQ1827,Aster tripolium,0,Aster
TQ1827,Atriplex patula,0,Atriplex
TQ1827,Atriplex portulacoides,0,Atriplex
TQ1827,Ballota nigra,0,Ballota
TQ1827,Barbarea vulgaris,0,Barbarea
TQ1827,Bellis perennis,0,Bellis
TQ1827,Berula erecta,0,Berula
TQ1827,Brassica napus,0,Brassica
TQ1827,Brassica oleracea,0,Brassica
TQ1827,Brassica rapa,0,Brassica
TQ1827,Bryonia dioica,0,Bryonia
TQ1827,Buddleja davidii,0,Buddleja
TQ1827,Bupleurum tenuissimum,0,Bupleurum
TQ1827,Calluna vulgaris,0,Calluna
TQ1827,Caltha palustris,0,Caltha
TQ1827,Calystegia sepium,0,Calystegia
TQ1827,Campanula rotundifolia,0,Campanula
TQ1827,Capsella bursa,0,Capsella
TQ1827,Cardamine flexuosa,0,Cardamine
TQ1827,Cardamine hirsuta,0,Cardamine
TQ1827,Cardamine pratensis,0,Cardamine
TQ1827,Carduus nutans,0,Carduus
TQ1827,Carum verticillatum,0,Carum
TQ1827,Centaurea cyanus,0,Centaurea
TQ1827,Centaurea nigra,5,Centaurea
TQ1827,Centaurea scabiosa,0,Centaurea
TQ1827,Centaurium erythraea,0,Centaurium
TQ1827,Cerastium arvense,0,Cerastium
TQ1827,Cerastium fontanum,0,Cerastium
TQ1827,Cerastium glomeratum,0,Cerastium
TQ1827,Ceratocapnos claviculata,0,Ceratocapnos
TQ1827,Chaerophyllum temulum,0,Chaerophyllum
TQ1827,Chamaemelum nobile,0,Chamaemelum
TQ1827,Chamerion angustifolium,0,Chamerion
TQ1827,Chenopodium album,0,Chenopodium
TQ1827,Chenopodium ficifolium,0,Chenopodium
TQ1827,Chenopodium quinoa,0,Chenopodium
TQ1827,Cichorium intybus,0,Cichorium
TQ1827,Circaea lutetiana,0,Circaea
TQ1827,Cirsium arvense,30,Cirsium
TQ1827,Cirsium eriophorum,0,Cirsium
TQ1827,Cirsium palustre,0,Cirsium
TQ1827,Cirsium vulgare,31,Cirsium
TQ1827,Clematis vitalba,0,Clematis
TQ1827,Clinopodium vulgare,0,Clinopodium
TQ1827,Conium maculatum,0,Conium
TQ1827,Conopodium majus,0,Conopodium
TQ1827,Convolvulus arvensis,0,Convolvulus
TQ1827,Conyza canadensis,0,Conyza
TQ1827,Cotoneaster salicifolius,0,Cotoneaster
TQ1827,Crataegus monogyna,0,Crataegus
TQ1827,Crepis capillaris,0,Crepis
TQ1827,Crepis vesicaria,0,Crepis
TQ1827,Cruciata laevipes,0,Cruciata
TQ1827,Cytisus scoparius,0,Cytisus
TQ1827,Dactylorhiza fuchsii,0,Dactylorhiza
TQ1827,Dactylorhiza maculata,0,Dactylorhiza
TQ1827,Daucus carota,0,Daucus
TQ1827,Digitalis ferruginea,0,Digitalis
TQ1827,Digitalis grandiflora,0,Digitalis
TQ1827,Digitalis purpurea,0,Digitalis
TQ1827,Dioscorea communis,0,Dioscorea
TQ1827,Doronicum plantagineum,0,Doronicum
TQ1827,Drosera anglica,0,Drosera
TQ1827,Drosera rotundifolia,0,Drosera
TQ1827,Dryas octopetala,0,Dryas
TQ1827,Epilobium hirsutum,0,Epilobium
TQ1827,Epilobium montanum,0,Epilobium
TQ1827,Epilobium obscurum,0,Epilobium
TQ1827,Epilobium palustre,0,Epilobium
TQ1827,Epilobium parviflorum,0,Epilobium
TQ1827,Epilobium roseum,0,Epilobium
TQ1827,Epilobium tetragonum,0,Epilobium
TQ1827,Erica cinerea,0,Erica
TQ1827,Erica tetralix,0,Erica
TQ1827,Eriophorum vaginatum,0,Eriophorum
TQ1827,Eupatorium cannabinum,0,Eupatorium
TQ1827,Euphorbia exigua,0,Euphorbia
TQ1827,Euphorbia helioscopia,0,Euphorbia
TQ1827,Euphrasia officinalis,0,Euphrasia
TQ1827,Fagopyrum esculentum,0,Fagopyrum
TQ1827,Fallopia convolvulus,0,Fallopia
TQ1827,Filipendula ulmaria,0,Filipendula
TQ1827,Fumaria officinalis,0,Fumaria
TQ1827,Galeopsis speciosa,0,Galeopsis
TQ1827,Galeopsis tetrahit,0,Galeopsis
TQ1827,Galium aparine,0,Galium
TQ1827,Galium mollugo,0,Galium
TQ1827,Galium odoratum,0,Galium
TQ1827,Galium palustre,0,Galium
TQ1827,Galium saxatile,0,Galium
TQ1827,Galium verum,0,Galium
TQ1827,Genista anglica,0,Genista
TQ1827,Geranium dissectum,0,Geranium
TQ1827,Geranium molle,0,Geranium
TQ1827,Geranium nodosum,0,Geranium
TQ1827,Geranium pratense,0,Geranium
TQ1827,Geranium pyrenaicum,0,Geranium
TQ1827,Geranium robertianum,0,Geranium
TQ1827,Geum urbanum,4,Geum
TQ1827,Glechoma hederacea,0,Glechoma
TQ1827,Hedera helix,0,Hedera
TQ1827,Helianthus annuus,0,Helianthus
TQ1827,Heracleum mantegazzianum,0,Heracleum
TQ1827,Heracleum sphondylium,0,Heracleum
TQ1827,Hippocrepis comosa,0,Hippocrepis
TQ1827,Hordeum vulgare,0,Hordeum
TQ1827,Hyacinthoides non,0,Hyacinthoides
TQ1827,Hypericum forrestii,0,Hypericum
TQ1827,Hypericum perforatum,240,Hypericum
TQ1827,Hypericum pulchrum,0,Hypericum
TQ1827,Hypericum tetrapterum,0,Hypericum
TQ1827,Hypochaeris radicata,24,Hypochaeris
TQ1827,Ilex aquifolium,0,Ilex
TQ1827,Impatiens glandulifera,0,Impatiens
TQ1827,Impatiens parviflora,0,Impatiens
TQ1827,Iris pseudacorus,0,Iris
TQ1827,Jacobaea erucifolia,0,Jacobaea
TQ1827,Jacobaea vulgaris,0,Jacobaea
TQ1827,Jasione montana,0,Jasione
TQ1827,Juncus conglomeratus,0,Juncus
TQ1827,Juncus effusus,0,Juncus
TQ1827,Knautia arvensis,0,Knautia
TQ1827,Lactuca serriola,0,Lactuca
TQ1827,Lamium album,0,Lamium
TQ1827,Lamium galeobdolon,0,Lamium
TQ1827,Lamium purpureum,1,Lamium
TQ1827,Lapsana communis,4,Lapsana
TQ1827,Lathyrus aphaca,0,Lathyrus
TQ1827,Lathyrus linifolius,0,Lathyrus
TQ1827,Lathyrus pratensis,86,Lathyrus
TQ1827,Leontodon hispidus,0,Leontodon
TQ1827,Leontodon saxatilis,0,Leontodon
TQ1827,Leucanthemum vulgare,0,Leucanthemum
TQ1827,Ligusticum scoticum,0,Ligusticum
TQ1827,Limonium vulgare,0,Limonium
TQ1827,Linaria vulgaris,0,Linaria
TQ1827,Linum catharticum,0,Linum
TQ1827,Linum usitatissimum,0,Linum
TQ1827,Lonicera caprifolium,0,Lonicera
TQ1827,Lonicera periclymenum,0,Lonicera
TQ1827,Lotus angustissimus,3,Lotus
TQ1827,Lotus corniculatus,479,Lotus
TQ1827,Lotus pedunculatus,0,Lotus
TQ1827,Lotus subbiflorus,66,Lotus
TQ1827,Luzula campestris,0,Luzula
TQ1827,Lysimachia nemorum,0,Lysimachia
TQ1827,Lysimachia punctata,0,Lysimachia
TQ1827,Lysimachia vulgaris,0,Lysimachia
TQ1827,Lythrum alatum,0,Lythrum
TQ1827,Lythrum salicaria,0,Lythrum
TQ1827,Malva sylvestris,0,Malva
TQ1827,Matricaria chamomilla,0,Matricaria
TQ1827,Matricaria discoidea,0,Matricaria
TQ1827,Medicago lupulina,0,Medicago
TQ1827,Melampyrum pratense,0,Melampyrum
TQ1827,Mentha aquatica,0,Mentha
TQ1827,Mentha arvensis,0,Mentha
TQ1827,Mercurialis perennis,0,Mercurialis
TQ1827,Myosotis arvensis,0,Myosotis
TQ1827,Myosotis discolor,0,Myosotis
TQ1827,Myosotis sylvatica,0,Myosotis
TQ1827,Narthecium ossifragum,0,Narthecium
TQ1827,Odontites vernus,0,Odontites
TQ1827,Oenanthe crocata,0,Oenanthe
TQ1827,Origanum vulgare,0,Origanum
TQ1827,Ornithopus perpusillus,0,Ornithopus
TQ1827,Oxalis acetosella,0,Oxalis
TQ1827,Panicum miliaceum,0,Panicum
TQ1827,Papaver rhoeas,0,Papaver
TQ1827,Pedicularis sylvatica,0,Pedicularis
TQ1827,Persicaria amplexicaulis,0,Persicaria
TQ1827,Persicaria bistorta,0,Persicaria
TQ1827,Persicaria hydropiper,0,Persicaria
TQ1827,Persicaria lapathifolia,0,Persicaria
TQ1827,Persicaria maculosa,35,Persicaria
TQ1827,Peucedanum ostruthium,0,Peucedanum
TQ1827,Picris echioides,0,Picris
TQ1827,Picris hieracioides,0,Picris
TQ1827,Pilosella officinarum,0,Pilosella
TQ1827,Pimpinella saxifraga,0,Pimpinella
TQ1827,Pinguicula vulgaris,0,Pinguicula
TQ1827,Plantago lanceolata,0,Plantago
TQ1827,Plantago major,0,Plantago
TQ1827,Plantago maritima,0,Plantago
TQ1827,Poa annua,0,Poa
TQ1827,Polygala serpyllifolia,0,Polygala
TQ1827,Polygala vulgaris,0,Polygala
TQ1827,Polygonum aviculare,0,Polygonum
TQ1827,Potentilla anglica,0,Potentilla
TQ1827,Potentilla anserina,0,Potentilla
TQ1827,Potentilla erecta,0,Potentilla
TQ1827,Potentilla recta,0,Potentilla
TQ1827,Potentilla reptans,0,Potentilla
TQ1827,Prunella vulgaris,7,Prunella
TQ1827,Prunus spinosa,0,Prunus
TQ1827,Pulicaria dysenterica,63,Pulicaria
TQ1827,Ranunculus acris,14,Ranunculus
TQ1827,Ranunculus bulbosus,0,Ranunculus
TQ1827,Ranunculus ficaria,0,Ranunculus
TQ1827,Ranunculus flammula,0,Ranunculus
TQ1827,Ranunculus repens,9,Ranunculus
TQ1827,Ranunculus sardous,0,Ranunculus
TQ1827,Raphanus raphanistrum,0,Raphanus
TQ1827,Raphanus sativus,0,Raphanus
TQ1827,Rhinanthus minor,0,Rhinanthus
TQ1827,Rosa arvensis,0,Rosa
TQ1827,Rosa canina,0,Rosa
TQ1827,Rubus caesius,0,Rubus
TQ1827,Rubus fruticosus,62,Rubus
TQ1827,Rubus idaeus,0,Rubus
TQ1827,Rumex acetosa,6,Rumex
TQ1827,Rumex acetosella,0,Rumex
TQ1827,Rumex crispus,65,Rumex
TQ1827,Rumex obtusifolius,0,Rumex
TQ1827,Rumex sanguineus,0,Rumex
TQ1827,Sagina saginoides,0,Sagina
TQ1827,Sambucus nigra,0,Sambucus
TQ1827,Sanguisorba officinalis,0,Sanguisorba
TQ1827,Scorzoneroides autumnalis,0,Scorzoneroides
TQ1827,Scrophularia auriculata,0,Scrophularia
TQ1827,Scrophularia nodosa,0,Scrophularia
TQ1827,Sedum anglicum,0,Sedum
TQ1827,Senecio erucifolius,0,Senecio
TQ1827,Senecio jacobaea,0,Senecio
TQ1827,Senecio vulgaris,0,Senecio
TQ1827,Sherardia arvensis,21,Sherardia
TQ1827,Silene dioica,0,Silene
TQ1827,Silene latifolia,0,Silene
TQ1827,Silybum marianum,0,Silybum
TQ1827,Sinapis alba,0,Sinapis
TQ1827,Sinapis arvensis,0,Sinapis
TQ1827,Sisymbrium officinale,0,Sisymbrium
TQ1827,Solanum dulcamara,0,Solanum
TQ1827,Solanum nigrum,0,Solanum
TQ1827,Solanum tuberosum,0,Solanum
TQ1827,Sonchus arvensis,25,Sonchus
TQ1827,Sonchus asper,0,Sonchus
TQ1827,Sonchus oleraceus,0,Sonchus
TQ1827,Sorbus aucuparia,0,Sorbus
TQ1827,Spergula arvensis,0,Spergula
TQ1827,Spergularia media,0,Spergularia
TQ1827,Stachys arvensis,0,Stachys
TQ1827,Stachys palustris,0,Stachys
TQ1827,Stachys sylvatica,24,Stachys
TQ1827,Stellaria alsine,0,Stellaria
TQ1827,Stellaria graminea,325,Stellaria
TQ1827,Stellaria holostea,0,Stellaria
TQ1827,Stellaria media,0,Stellaria
TQ1827,Suaeda maritima,0,Suaeda
TQ1827,Succisa pratensis,0,Succisa
TQ1827,Symphytum officinale,0,Symphytum
TQ1827,Taraxacum agg,0,Taraxacum
TQ1827,Taraxacum officinale,0,Taraxacum
TQ1827,Teucrium scorodonia,0,Teucrium
TQ1827,Thlaspi arvense,0,Thlaspi
TQ1827,Thymus polytrichus,0,Thymus
TQ1827,Thymus vulgaris,0,Thymus
TQ1827,Torilis japonica,0,Torilis
TQ1827,Tragopogon pratensis,0,Tragopogon
TQ1827,Trientalis europaea,0,Trientalis
TQ1827,Trifolium arvense,0,Trifolium
TQ1827,Trifolium campestre,0,Trifolium
TQ1827,Trifolium constantinopolitanum,0,Trifolium
TQ1827,Trifolium dubium,9,Trifolium
TQ1827,Trifolium pratense,24,Trifolium
TQ1827,Trifolium repens,464,Trifolium
TQ1827,Tripleurospermum inodorum,324,Tripleurospermum
TQ1827,Tripleurospermum maritimum,2,Tripleurospermum
TQ1827,Turgenia latifolia,0,Turgenia
TQ1827,Ulex europaeus,0,Ulex
TQ1827,Ulex gallii,0,Ulex
TQ1827,Urtica dioica,28,Urtica
TQ1827,Vaccinium myrtillus,0,Vaccinium
TQ1827,Vaccinium oxycoccos,0,Vaccinium
TQ1827,Vaccinium vitis,0,Vaccinium
TQ1827,Valeriana dioica,0,Valeriana
TQ1827,Valeriana officinalis,0,Valeriana
TQ1827,Verbena officinalis,0,Verbena
TQ1827,Verbena x,0,Verbena
TQ1827,Veronica agrestis,0,Veronica
TQ1827,Veronica arvensis,0,Veronica
TQ1827,Veronica beccabunga,0,Veronica
TQ1827,Veronica chamaedrys,0,Veronica
TQ1827,Veronica hederifolia,0,Veronica
TQ1827,Veronica montana,0,Veronica
TQ1827,Veronica officinalis,0,Veronica
TQ1827,Veronica persica,0,Veronica
TQ1827,Veronica polita,0,Veronica
TQ1827,Veronica serpyllifolia,0,Veronica
TQ1827,Vicia benghalensis,9,Vicia
TQ1827,Vicia cracca,17,Vicia
TQ1827,Vicia faba,0,Vicia
TQ1827,Vicia hirsuta,0,Vicia
TQ1827,Vicia lutea,10,Vicia
TQ1827,Vicia sativa,6,Vicia
TQ1827,Vicia sepium,0,Vicia
TQ1827,Vicia spp,1,Vicia
TQ1827,Vicia tetrasperma,0,Vicia
TQ1827,Viola arvensis,0,Viola
TQ1827,Viola canina,0,Viola
TQ1827,Viola palustris,0,Viola
TQ1827,Viola riviniana,0,Viola
TQ1827,Zea mays,0,Zea
TQ3110,Acer pseudoplatanus,0,Acer
TQ3110,Achillea millefolium,0,Achillea
TQ3110,Achillea ptarmica,0,Achillea
TQ3110,Aegopodium podagraria,0,Aegopodium
TQ3110,Aethusa cynapium,0,Aethusa
TQ3110,Ajuga reptans,0,Ajuga
TQ3110,Alliaria petiolata,0,Alliaria
TQ3110,Alnus glutinosa,0,Alnus
TQ3110,Anagallis arvensis,64,Anagallis
TQ3110,Anchusa arvensis,0,Anchusa
TQ3110,Anemone nemorosa,0,Anemone
TQ3110,Angelica sylvestris,0,Angelica
TQ3110,Anthemis cotula,0,Anthemis
TQ3110,Anthriscus caucalis,0,Anthriscus
TQ3110,Anthriscus sylvestris,25,Anthriscus
TQ3110,Apium nodiflorum,0,Apium
TQ3110,Armeria maritima,0,Armeria
TQ3110,Artemisia absinthium,0,Artemisia
TQ3110,Artemisia annua,0,Artemisia
TQ3110,Artemisia vulgaris,0,Artemisia
TQ3110,Aster tripolium,0,Aster
TQ3110,Atriplex patula,0,Atriplex
TQ3110,Atriplex portulacoides,0,Atriplex
TQ3110,Ballota nigra,0,Ballota
TQ3110,Barbarea vulgaris,0,Barbarea
TQ3110,Bellis perennis,8,Bellis
TQ3110,Berula erecta,0,Berula
TQ3110,Brassica napus,0,Brassica
TQ3110,Brassica oleracea,0,Brassica
TQ3110,Brassica rapa,0,Brassica
TQ3110,Bryonia dioica,200,Bryonia
TQ3110,Buddleja davidii,0,Buddleja
TQ3110,Bupleurum tenuissimum,0,Bupleurum
TQ3110,Calluna vulgaris,0,Calluna
TQ3110,Caltha palustris,0,Caltha
TQ3110,Calystegia sepium,0,Calystegia
TQ3110,Campanula rotundifolia,0,Campanula
TQ3110,Capsella bursa,10,Capsella
TQ3110,Cardamine flexuosa,0,Cardamine
TQ3110,Cardamine hirsuta,0,Cardamine
TQ3110,Cardamine pratensis,0,Cardamine
TQ3110,Carduus nutans,0,Carduus
TQ3110,Carum verticillatum,0,Carum
TQ3110,Centaurea cyanus,0,Centaurea
TQ3110,Centaurea nigra,0,Centaurea
TQ3110,Centaurea scabiosa,0,Centaurea
TQ3110,Centaurium erythraea,0,Centaurium
TQ3110,Cerastium arvense,0,Cerastium
TQ3110,Cerastium fontanum,0,Cerastium
TQ3110,Cerastium glomeratum,0,Cerastium
TQ3110,Ceratocapnos claviculata,0,Ceratocapnos
TQ3110,Chaerophyllum temulum,0,Chaerophyllum
TQ3110,Chamaemelum nobile,0,Chamaemelum
TQ3110,Chamerion angustifolium,0,Chamerion
TQ3110,Chenopodium album,0,Chenopodium
TQ3110,Chenopodium ficifolium,0,Chenopodium
TQ3110,Chenopodium quinoa,0,Chenopodium
TQ3110,Cichorium intybus,0,Cichorium
TQ3110,Circaea lutetiana,0,Circaea
TQ3110,Cirsium arvense,11,Cirsium
TQ3110,Cirsium eriophorum,0,Cirsium
TQ3110,Cirsium palustre,0,Cirsium
TQ3110,Cirsium vulgare,15,Cirsium
TQ3110,Clematis vitalba,80,Clematis
TQ3110,Clinopodium vulgare,0,Clinopodium
TQ3110,Conium maculatum,0,Conium
TQ3110,Conopodium majus,0,Conopodium
TQ3110,Convolvulus arvensis,371,Convolvulus
TQ3110,Conyza canadensis,0,Conyza
TQ3110,Cotoneaster salicifolius,0,Cotoneaster
TQ3110,Crataegus monogyna,0,Crataegus
TQ3110,Crepis capillaris,0,Crepis
TQ3110,Crepis vesicaria,0,Crepis
TQ3110,Cruciata laevipes,0,Cruciata
TQ3110,Cytisus scoparius,0,Cytisus
TQ3110,Dactylorhiza fuchsii,0,Dactylorhiza
TQ3110,Dactylorhiza maculata,0,Dactylorhiza
TQ3110,Daucus carota,0,Daucus
TQ3110,Digitalis ferruginea,0,Digitalis
TQ3110,Digitalis grandiflora,0,Digitalis
TQ3110,Digitalis purpurea,0,Digitalis
TQ3110,Dioscorea communis,0,Dioscorea
TQ3110,Doronicum plantagineum,0,Doronicum
TQ3110,Drosera anglica,0,Drosera
TQ3110,Drosera rotundifolia,0,Drosera
TQ3110,Dryas octopetala,0,Dryas
TQ3110,Epilobium hirsutum,0,Epilobium
TQ3110,Epilobium montanum,0,Epilobium
TQ3110,Epilobium obscurum,0,Epilobium
TQ3110,Epilobium palustre,0,Epilobium
TQ3110,Epilobium parviflorum,0,Epilobium
TQ3110,Epilobium roseum,0,Epilobium
TQ3110,Epilobium tetragonum,0,Epilobium
TQ3110,Erica cinerea,0,Erica
TQ3110,Erica tetralix,0,Erica
TQ3110,Eriophorum vaginatum,0,Eriophorum
TQ3110,Eupatorium cannabinum,0,Eupatorium
TQ3110,Euphorbia exigua,0,Euphorbia
TQ3110,Euphorbia helioscopia,0,Euphorbia
TQ3110,Euphrasia officinalis,0,Euphrasia
TQ3110,Fagopyrum esculentum,0,Fagopyrum
TQ3110,Fallopia convolvulus,0,Fallopia
TQ3110,Filipendula ulmaria,0,Filipendula
TQ3110,Fumaria officinalis,0,Fumaria
TQ3110,Galeopsis speciosa,0,Galeopsis
TQ3110,Galeopsis tetrahit,0,Galeopsis
TQ3110,Galium aparine,757,Galium
TQ3110,Galium mollugo,0,Galium
TQ3110,Galium odoratum,0,Galium
TQ3110,Galium palustre,0,Galium
TQ3110,Galium saxatile,0,Galium
TQ3110,Galium verum,0,Galium
TQ3110,Genista anglica,0,Genista
TQ3110,Geranium dissectum,1,Geranium
TQ3110,Geranium molle,0,Geranium
TQ3110,Geranium nodosum,0,Geranium
TQ3110,Geranium pratense,0,Geranium
TQ3110,Geranium pyrenaicum,0,Geranium
TQ3110,Geranium robertianum,0,Geranium
TQ3110,Geum urbanum,0,Geum
TQ3110,Glechoma hederacea,17,Glechoma
TQ3110,Hedera helix,0,Hedera
TQ3110,Helianthus annuus,0,Helianthus
TQ3110,Heracleum mantegazzianum,0,Heracleum
TQ3110,Heracleum sphondylium,16,Heracleum
TQ3110,Hippocrepis comosa,0,Hippocrepis
TQ3110,Hordeum vulgare,0,Hordeum
TQ3110,Hyacinthoides non,0,Hyacinthoides
TQ3110,Hypericum forrestii,0,Hypericum
TQ3110,Hypericum perforatum,0,Hypericum
TQ3110,Hypericum pulchrum,0,Hypericum
TQ3110,Hypericum tetrapterum,0,Hypericum
TQ3110,Hypochaeris radicata,0,Hypochaeris
TQ3110,Ilex aquifolium,0,Ilex
TQ3110,Impatiens glandulifera,0,Impatiens
TQ3110,Impatiens parviflora,0,Impatiens
TQ3110,Iris pseudacorus,0,Iris
TQ3110,Jacobaea erucifolia,0,Jacobaea
TQ3110,Jacobaea vulgaris,44,Jacobaea
TQ3110,Jasione montana,0,Jasione
TQ3110,Juncus conglomeratus,0,Juncus
TQ3110,Juncus effusus,0,Juncus
TQ3110,Knautia arvensis,0,Knautia
TQ3110,Lactuca serriola,0,Lactuca
TQ3110,Lamium album,0,Lamium
TQ3110,Lamium galeobdolon,0,Lamium
TQ3110,Lamium purpureum,0,Lamium
TQ3110,Lapsana communis,0,Lapsana
TQ3110,Lathyrus aphaca,0,Lathyrus
TQ3110,Lathyrus linifolius,0,Lathyrus
TQ3110,Lathyrus pratensis,189,Lathyrus
TQ3110,Leontodon hispidus,0,Leontodon
TQ3110,Leontodon saxatilis,0,Leontodon
TQ3110,Leucanthemum vulgare,6,Leucanthemum
TQ3110,Ligusticum scoticum,0,Ligusticum
TQ3110,Limonium vulgare,0,Limonium
TQ3110,Linaria vulgaris,0,Linaria
TQ3110,Linum catharticum,0,Linum
TQ3110,Linum usitatissimum,9,Linum
TQ3110,Lonicera caprifolium,0,Lonicera
TQ3110,Lonicera periclymenum,0,Lonicera
TQ3110,Lotus angustissimus,0,Lotus
TQ3110,Lotus corniculatus,0,Lotus
TQ3110,Lotus pedunculatus,0,Lotus
TQ3110,Lotus subbiflorus,0,Lotus
TQ3110,Luzula campestris,0,Luzula
TQ3110,Lysimachia nemorum,0,Lysimachia
TQ3110,Lysimachia punctata,0,Lysimachia
TQ3110,Lysimachia vulgaris,0,Lysimachia
TQ3110,Lythrum alatum,0,Lythrum
TQ3110,Lythrum salicaria,0,Lythrum
TQ3110,Malva sylvestris,0,Malva
TQ3110,Matricaria chamomilla,0,Matricaria
TQ3110,Matricaria discoidea,0,Matricaria
TQ3110,Medicago lupulina,8,Medicago
TQ3110,Melampyrum pratense,0,Melampyrum
TQ3110,Mentha aquatica,0,Mentha
TQ3110,Mentha arvensis,0,Mentha
TQ3110,Mercurialis perennis,0,Mercurialis
TQ3110,Myosotis arvensis,0,Myosotis
TQ3110,Myosotis discolor,0,Myosotis
TQ3110,Myosotis sylvatica,0,Myosotis
TQ3110,Narthecium ossifragum,0,Narthecium
TQ3110,Odontites vernus,0,Odontites
TQ3110,Oenanthe crocata,0,Oenanthe
TQ3110,Origanum vulgare,0,Origanum
TQ3110,Ornithopus perpusillus,0,Ornithopus
TQ3110,Oxalis acetosella,0,Oxalis
TQ3110,Panicum miliaceum,0,Panicum
TQ3110,Papaver rhoeas,101,Papaver
TQ3110,Pedicularis sylvatica,0,Pedicularis
TQ3110,Persicaria amplexicaulis,0,Persicaria
TQ3110,Persicaria bistorta,0,Persicaria
TQ3110,Persicaria hydropiper,0,Persicaria
TQ3110,Persicaria lapathifolia,0,Persicaria
TQ3110,Persicaria maculosa,0,Persicaria
TQ3110,Peucedanum ostruthium,0,Peucedanum
TQ3110,Picris echioides,0,Picris
TQ3110,Picris hieracioides,0,Picris
TQ3110,Pilosella officinarum,0,Pilosella
TQ3110,Pimpinella saxifraga,0,Pimpinella
TQ3110,Pinguicula vulgaris,0,Pinguicula
TQ3110,Plantago lanceolata,0,Plantago
TQ3110,Plantago major,0,Plantago
TQ3110,Plantago maritima,0,Plantago
TQ3110,Poa annua,0,Poa
TQ3110,Polygala serpyllifolia,0,Polygala
TQ3110,Polygala vulgaris,0,Polygala
TQ3110,Polygonum aviculare,2,Polygonum
TQ3110,Potentilla anglica,0,Potentilla
TQ3110,Potentilla anserina,0,Potentilla
TQ3110,Potentilla erecta,0,Potentilla
TQ3110,Potentilla recta,0,Potentilla
TQ3110,Potentilla reptans,0,Potentilla
TQ3110,Prunella vulgaris,0,Prunella
TQ3110,Prunus spinosa,0,Prunus
TQ3110,Pulicaria dysenterica,0,Pulicaria
TQ3110,Ranunculus acris,14,Ranunculus
TQ3110,Ranunculus bulbosus,0,Ranunculus
TQ3110,Ranunculus ficaria,0,Ranunculus
TQ3110,Ranunculus flammula,0,Ranunculus
TQ3110,Ranunculus repens,2,Ranunculus
TQ3110,Ranunculus sardous,0,Ranunculus
TQ3110,Raphanus raphanistrum,0,Raphanus
TQ3110,Raphanus sativus,0,Raphanus
TQ3110,Rhinanthus minor,0,Rhinanthus
TQ3110,Rosa arvensis,0,Rosa
TQ3110,Rosa canina,16,Rosa
TQ3110,Rubus caesius,0,Rubus
TQ3110,Rubus fruticosus,499,Rubus
TQ3110,Rubus idaeus,0,Rubus
TQ3110,Rumex acetosa,0,Rumex
TQ3110,Rumex acetosella,0,Rumex
TQ3110,Rumex crispus,0,Rumex
TQ3110,Rumex obtusifolius,0,Rumex
TQ3110,Rumex sanguineus,0,Rumex
TQ3110,Sagina saginoides,0,Sagina
TQ3110,Sambucus nigra,0,Sambucus
TQ3110,Sanguisorba officinalis,0,Sanguisorba
TQ3110,Scorzoneroides autumnalis,0,Scorzoneroides
TQ3110,Scrophularia auriculata,0,Scrophularia
TQ3110,Scrophularia nodosa,0,Scrophularia
TQ3110,Sedum anglicum,0,Sedum
TQ3110,Senecio erucifolius,0,Senecio
TQ3110,Senecio jacobaea,0,Senecio
TQ3110,Senecio vulgaris,0,Senecio
TQ3110,Sherardia arvensis,0,Sherardia
TQ3110,Silene dioica,0,Silene
TQ3110,Silene latifolia,0,Silene
TQ3110,Silybum marianum,0,Silybum
TQ3110,Sinapis alba,0,Sinapis
TQ3110,Sinapis arvensis,0,Sinapis
TQ3110,Sisymbrium officinale,0,Sisymbrium
TQ3110,Solanum dulcamara,0,Solanum
TQ3110,Solanum nigrum,20,Solanum
TQ3110,Solanum tuberosum,0,Solanum
TQ3110,Sonchus arvensis,0,Sonchus
TQ3110,Sonchus asper,0,Sonchus
TQ3110,Sonchus oleraceus,0,Sonchus
TQ3110,Sorbus aucuparia,0,Sorbus
TQ3110,Spergula arvensis,0,Spergula
TQ3110,Spergularia media,0,Spergularia
TQ3110,Stachys arvensis,0,Stachys
TQ3110,Stachys palustris,0,Stachys
TQ3110,Stachys sylvatica,5,Stachys
TQ3110,Stellaria alsine,0,Stellaria
TQ3110,Stellaria graminea,0,Stellaria
TQ3110,Stellaria holostea,0,Stellaria
TQ3110,Stellaria media,0,Stellaria
TQ3110,Suaeda maritima,0,Suaeda
TQ3110,Succisa pratensis,0,Succisa
TQ3110,Symphytum officinale,0,Symphytum
TQ3110,Taraxacum agg,0,Taraxacum
TQ3110,Taraxacum officinale,0,Taraxacum
TQ3110,Teucrium scorodonia,0,Teucrium
TQ3110,Thlaspi arvense,0,Thlaspi
TQ3110,Thymus polytrichus,0,Thymus
TQ3110,Thymus vulgaris,0,Thymus
TQ3110,Torilis japonica,0,Torilis
TQ3110,Tragopogon pratensis,0,Tragopogon
TQ3110,Trientalis europaea,0,Trientalis
TQ3110,Trifolium arvense,0,Trifolium
TQ3110,Trifolium campestre,0,Trifolium
TQ3110,Trifolium constantinopolitanum,0,Trifolium
TQ3110,Trifolium dubium,0,Trifolium
TQ3110,Trifolium pratense,0,Trifolium
TQ3110,Trifolium repens,5,Trifolium
TQ3110,Tripleurospermum inodorum,0,Tripleurospermum
TQ3110,Tripleurospermum maritimum,0,Tripleurospermum
TQ3110,Turgenia latifolia,0,Turgenia
TQ3110,Ulex europaeus,0,Ulex
TQ3110,Ulex gallii,0,Ulex
TQ3110,Urtica dioica,372,Urtica
TQ3110,Vaccinium myrtillus,0,Vaccinium
TQ3110,Vaccinium oxycoccos,0,Vaccinium
TQ3110,Vaccinium vitis,0,Vaccinium
TQ3110,Valeriana dioica,0,Valeriana
TQ3110,Valeriana officinalis,0,Valeriana
TQ3110,Verbena officinalis,0,Verbena
TQ3110,Verbena x,0,Verbena
TQ3110,Veronica agrestis,0,Veronica
TQ3110,Veronica arvensis,0,Veronica
TQ3110,Veronica beccabunga,0,Veronica
TQ3110,Veronica chamaedrys,0,Veronica
TQ3110,Veronica hederifolia,0,Veronica
TQ3110,Veronica montana,0,Veronica
TQ3110,Veronica officinalis,0,Veronica
TQ3110,Veronica persica,146,Veronica
TQ3110,Veronica polita,3,Veronica
TQ3110,Veronica serpyllifolia,0,Veronica
TQ3110,Vicia benghalensis,0,Vicia
TQ3110,Vicia cracca,0,Vicia
TQ3110,Vicia faba,0,Vicia
TQ3110,Vicia hirsuta,0,Vicia
TQ3110,Vicia lutea,0,Vicia
TQ3110,Vicia sativa,0,Vicia
TQ3110,Vicia sepium,0,Vicia
TQ3110,Vicia spp,0,Vicia
TQ3110,Vicia tetrasperma,0,Vicia
TQ3110,Viola arvensis,42,Viola
TQ3110,Viola canina,0,Viola
TQ3110,Viola palustris,0,Viola
TQ3110,Viola riviniana,0,Viola
TQ3110,Zea mays,0,Zea
TQ4450,Acer pseudoplatanus,0,Acer
TQ4450,Achillea millefolium,0,Achillea
TQ4450,Achillea ptarmica,0,Achillea
TQ4450,Aegopodium podagraria,0,Aegopodium
TQ4450,Aethusa cynapium,0,Aethusa
TQ4450,Ajuga reptans,0,Ajuga
TQ4450,Alliaria petiolata,0,Alliaria
TQ4450,Alnus glutinosa,0,Alnus
TQ4450,Anagallis arvensis,0,Anagallis
TQ4450,Anchusa arvensis,0,Anchusa
TQ4450,Anemone nemorosa,0,Anemone
TQ4450,Angelica sylvestris,0,Angelica
TQ4450,Anthemis cotula,0,Anthemis
TQ4450,Anthriscus caucalis,0,Anthriscus
TQ4450,Anthriscus sylvestris,2,Anthriscus
TQ4450,Apium nodiflorum,0,Apium
TQ4450,Armeria maritima,0,Armeria
TQ4450,Artemisia absinthium,0,Artemisia
TQ4450,Artemisia annua,0,Artemisia
TQ4450,Artemisia vulgaris,0,Artemisia
TQ4450,Aster tripolium,0,Aster
TQ4450,Atriplex patula,0,Atriplex
TQ4450,Atriplex portulacoides,0,Atriplex
TQ4450,Ballota nigra,0,Ballota
TQ4450,Barbarea vulgaris,0,Barbarea
TQ4450,Bellis perennis,20,Bellis
TQ4450,Berula erecta,0,Berula
TQ4450,Brassica napus,0,Brassica
TQ4450,Brassica oleracea,0,Brassica
TQ4450,Brassica rapa,0,Brassica
TQ4450,Bryonia dioica,0,Bryonia
TQ4450,Buddleja davidii,0,Buddleja
TQ4450,Bupleurum tenuissimum,0,Bupleurum
TQ4450,Calluna vulgaris,0,Calluna
TQ4450,Caltha palustris,0,Caltha
TQ4450,Calystegia sepium,0,Calystegia
TQ4450,Campanula rotundifolia,0,Campanula
TQ4450,Capsella bursa,0,Capsella
TQ4450,Cardamine flexuosa,0,Cardamine
TQ4450,Cardamine hirsuta,0,Cardamine
TQ4450,Cardamine pratensis,9,Cardamine
TQ4450,Carduus nutans,0,Carduus
TQ4450,Carum verticillatum,0,Carum
TQ4450,Centaurea cyanus,0,Centaurea
TQ4450,Centaurea nigra,25,Centaurea
TQ4450,Centaurea scabiosa,28,Centaurea
TQ4450,Centaurium erythraea,0,Centaurium
TQ4450,Cerastium arvense,0,Cerastium
TQ4450,Cerastium fontanum,24,Cerastium
TQ4450,Cerastium glomeratum,0,Cerastium
TQ4450,Ceratocapnos claviculata,0,Ceratocapnos
TQ4450,Chaerophyllum temulum,0,Chaerophyllum
TQ4450,Chamaemelum nobile,0,Chamaemelum
TQ4450,Chamerion angustifolium,0,Chamerion
TQ4450,Chenopodium album,0,Chenopodium
TQ4450,Chenopodium ficifolium,0,Chenopodium
TQ4450,Chenopodium quinoa,0,Chenopodium
TQ4450,Cichorium intybus,0,Cichorium
TQ4450,Circaea lutetiana,0,Circaea
TQ4450,Cirsium arvense,60,Cirsium
TQ4450,Cirsium eriophorum,0,Cirsium
TQ4450,Cirsium palustre,0,Cirsium
TQ4450,Cirsium vulgare,4,Cirsium
TQ4450,Clematis vitalba,0,Clematis
TQ4450,Clinopodium vulgare,0,Clinopodium
TQ4450,Conium maculatum,0,Conium
TQ4450,Conopodium majus,0,Conopodium
TQ4450,Convolvulus arvensis,0,Convolvulus
TQ4450,Conyza canadensis,0,Conyza
TQ4450,Cotoneaster salicifolius,0,Cotoneaster
TQ4450,Crataegus monogyna,709,Crataegus
TQ4450,Crepis capillaris,0,Crepis
TQ4450,Crepis vesicaria,0,Crepis
TQ4450,Cruciata laevipes,0,Cruciata
TQ4450,Cytisus scoparius,0,Cytisus
TQ4450,Dactylorhiza fuchsii,0,Dactylorhiza
TQ4450,Dactylorhiza maculata,0,Dactylorhiza
TQ4450,Daucus carota,0,Daucus
TQ4450,Digitalis ferruginea,0,Digitalis
TQ4450,Digitalis grandiflora,0,Digitalis
TQ4450,Digitalis purpurea,0,Digitalis
TQ4450,Dioscorea communis,0,Dioscorea
TQ4450,Doronicum plantagineum,0,Doronicum
TQ4450,Drosera anglica,0,Drosera
TQ4450,Drosera rotundifolia,0,Drosera
TQ4450,Dryas octopetala,0,Dryas
TQ4450,Epilobium hirsutum,10,Epilobium
TQ4450,Epilobium montanum,0,Epilobium
TQ4450,Epilobium obscurum,0,Epilobium
TQ4450,Epilobium palustre,0,Epilobium
TQ4450,Epilobium parviflorum,0,Epilobium
TQ4450,Epilobium roseum,0,Epilobium
TQ4450,Epilobium tetragonum,0,Epilobium
TQ4450,Erica cinerea,0,Erica
TQ4450,Erica tetralix,0,Erica
TQ4450,Eriophorum vaginatum,0,Eriophorum
TQ4450,Eupatorium cannabinum,0,Eupatorium
TQ4450,Euphorbia exigua,0,Euphorbia
TQ4450,Euphorbia helioscopia,0,Euphorbia
TQ4450,Euphrasia officinalis,0,Euphrasia
TQ4450,Fagopyrum esculentum,0,Fagopyrum
TQ4450,Fallopia convolvulus,0,Fallopia
TQ4450,Filipendula ulmaria,0,Filipendula
TQ4450,Fumaria officinalis,0,Fumaria
TQ4450,Galeopsis speciosa,0,Galeopsis
TQ4450,Galeopsis tetrahit,0,Galeopsis
TQ4450,Galium aparine,111,Galium
TQ4450,Galium mollugo,0,Galium
TQ4450,Galium odoratum,0,Galium
TQ4450,Galium palustre,0,Galium
TQ4450,Galium saxatile,0,Galium
TQ4450,Galium verum,0,Galium
TQ4450,Genista anglica,0,Genista
TQ4450,Geranium dissectum,0,Geranium
TQ4450,Geranium molle,0,Geranium
TQ4450,Geranium nodosum,0,Geranium
TQ4450,Geranium pratense,0,Geranium
TQ4450,Geranium pyrenaicum,0,Geranium
TQ4450,Geranium robertianum,4,Geranium
TQ4450,Geum urbanum,0,Geum
TQ4450,Glechoma hederacea,0,Glechoma
TQ4450,Hedera helix,0,Hedera
TQ4450,Helianthus annuus,0,Helianthus
TQ4450,Heracleum mantegazzianum,0,Heracleum
TQ4450,Heracleum sphondylium,1,Heracleum
TQ4450,Hippocrepis comosa,0,Hippocrepis
TQ4450,Hordeum vulgare,0,Hordeum
TQ4450,Hyacinthoides non,0,Hyacinthoides
TQ4450,Hypericum forrestii,0,Hypericum
TQ4450,Hypericum perforatum,0,Hypericum
TQ4450,Hypericum pulchrum,0,Hypericum
TQ4450,Hypericum tetrapterum,0,Hypericum
TQ4450,Hypochaeris radicata,0,Hypochaeris
TQ4450,Ilex aquifolium,0,Ilex
TQ4450,Impatiens glandulifera,0,Impatiens
TQ4450,Impatiens parviflora,0,Impatiens
TQ4450,Iris pseudacorus,0,Iris
TQ4450,Jacobaea erucifolia,0,Jacobaea
TQ4450,Jacobaea vulgaris,0,Jacobaea
TQ4450,Jasione montana,0,Jasione
TQ4450,Juncus conglomeratus,0,Juncus
TQ4450,Juncus effusus,0,Juncus
TQ4450,Knautia arvensis,0,Knautia
TQ4450,Lactuca serriola,0,Lactuca
TQ4450,Lamium album,0,Lamium
TQ4450,Lamium galeobdolon,68,Lamium
TQ4450,Lamium purpureum,0,Lamium
TQ4450,Lapsana communis,0,Lapsana
TQ4450,Lathyrus aphaca,0,Lathyrus
TQ4450,Lathyrus linifolius,0,Lathyrus
TQ4450,Lathyrus pratensis,0,Lathyrus
TQ4450,Leontodon hispidus,0,Leontodon
TQ4450,Leontodon saxatilis,0,Leontodon
TQ4450,Leucanthemum vulgare,0,Leucanthemum
TQ4450,Ligusticum scoticum,0,Ligusticum
TQ4450,Limonium vulgare,0,Limonium
TQ4450,Linaria vulgaris,0,Linaria
TQ4450,Linum catharticum,0,Linum
TQ4450,Linum usitatissimum,0,Linum
TQ4450,Lonicera caprifolium,0,Lonicera
TQ4450,Lonicera periclymenum,0,Lonicera
TQ4450,Lotus angustissimus,0,Lotus
TQ4450,Lotus corniculatus,350,Lotus
TQ4450,Lotus pedunculatus,0,Lotus
TQ4450,Lotus subbiflorus,0,Lotus
TQ4450,Luzula campestris,0,Luzula
TQ4450,Lysimachia nemorum,0,Lysimachia
TQ4450,Lysimachia punctata,0,Lysimachia
TQ4450,Lysimachia vulgaris,0,Lysimachia
TQ4450,Lythrum alatum,0,Lythrum
TQ4450,Lythrum salicaria,0,Lythrum
TQ4450,Malva sylvestris,0,Malva
TQ4450,Matricaria chamomilla,0,Matricaria
TQ4450,Matricaria discoidea,0,Matricaria
TQ4450,Medicago lupulina,4,Medicago
TQ4450,Melampyrum pratense,0,Melampyrum
TQ4450,Mentha aquatica,0,Mentha
TQ4450,Mentha arvensis,0,Mentha
TQ4450,Mercurialis perennis,0,Mercurialis
TQ4450,Myosotis arvensis,0,Myosotis
TQ4450,Myosotis discolor,0,Myosotis
TQ4450,Myosotis sylvatica,0,Myosotis
TQ4450,Narthecium ossifragum,0,Narthecium
TQ4450,Odontites vernus,0,Odontites
TQ4450,Oenanthe crocata,0,Oenanthe
TQ4450,Origanum vulgare,0,Origanum
TQ4450,Ornithopus perpusillus,0,Ornithopus
TQ4450,Oxalis acetosella,0,Oxalis
TQ4450,Panicum miliaceum,0,Panicum
TQ4450,Papaver rhoeas,0,Papaver
TQ4450,Pedicularis sylvatica,0,Pedicularis
TQ4450,Persicaria amplexicaulis,0,Persicaria
TQ4450,Persicaria bistorta,0,Persicaria
TQ4450,Persicaria hydropiper,0,Persicaria
TQ4450,Persicaria lapathifolia,0,Persicaria
TQ4450,Persicaria maculosa,0,Persicaria
TQ4450,Peucedanum ostruthium,0,Peucedanum
TQ4450,Picris echioides,0,Picris
TQ4450,Picris hieracioides,0,Picris
TQ4450,Pilosella officinarum,0,Pilosella
TQ4450,Pimpinella saxifraga,0,Pimpinella
TQ4450,Pinguicula vulgaris,0,Pinguicula
TQ4450,Plantago lanceolata,0,Plantago
TQ4450,Plantago major,0,Plantago
TQ4450,Plantago maritima,0,Plantago
TQ4450,Poa annua,0,Poa
TQ4450,Polygala serpyllifolia,0,Polygala
TQ4450,Polygala vulgaris,0,Polygala
TQ4450,Polygonum aviculare,0,Polygonum
TQ4450,Potentilla anglica,0,Potentilla
TQ4450,Potentilla anserina,0,Potentilla
TQ4450,Potentilla erecta,0,Potentilla
TQ4450,Potentilla recta,0,Potentilla
TQ4450,Potentilla reptans,1,Potentilla
TQ4450,Prunella vulgaris,0,Prunella
TQ4450,Prunus spinosa,0,Prunus
TQ4450,Pulicaria dysenterica,0,Pulicaria
TQ4450,Ranunculus acris,149,Ranunculus
TQ4450,Ranunculus bulbosus,0,Ranunculus
TQ4450,Ranunculus ficaria,0,Ranunculus
TQ4450,Ranunculus flammula,0,Ranunculus
TQ4450,Ranunculus repens,186,Ranunculus
TQ4450,Ranunculus sardous,0,Ranunculus
TQ4450,Raphanus raphanistrum,0,Raphanus
TQ4450,Raphanus sativus,0,Raphanus
TQ4450,Rhinanthus minor,0,Rhinanthus
TQ4450,Rosa arvensis,0,Rosa
TQ4450,Rosa canina,0,Rosa
TQ4450,Rubus caesius,0,Rubus
TQ4450,Rubus fruticosus,35,Rubus
TQ4450,Rubus idaeus,0,Rubus
TQ4450,Rumex acetosa,0,Rumex
TQ4450,Rumex acetosella,0,Rumex
TQ4450,Rumex crispus,0,Rumex
TQ4450,Rumex obtusifolius,0,Rumex
TQ4450,Rumex sanguineus,0,Rumex
TQ4450,Sagina saginoides,0,Sagina
TQ4450,Sambucus nigra,0,Sambucus
TQ4450,Sanguisorba officinalis,0,Sanguisorba
TQ4450,Scorzoneroides autumnalis,0,Scorzoneroides
TQ4450,Scrophularia auriculata,0,Scrophularia
TQ4450,Scrophularia nodosa,0,Scrophularia
TQ4450,Sedum anglicum,0,Sedum
TQ4450,Senecio erucifolius,0,Senecio
TQ4450,Senecio jacobaea,0,Senecio
TQ4450,Senecio vulgaris,0,Senecio
TQ4450,Sherardia arvensis,0,Sherardia
TQ4450,Silene dioica,26,Silene
TQ4450,Silene latifolia,0,Silene
TQ4450,Silybum marianum,0,Silybum
TQ4450,Sinapis alba,0,Sinapis
TQ4450,Sinapis arvensis,0,Sinapis
TQ4450,Sisymbrium officinale,0,Sisymbrium
TQ4450,Solanum dulcamara,0,Solanum
TQ4450,Solanum nigrum,0,Solanum
TQ4450,Solanum tuberosum,0,Solanum
TQ4450,Sonchus arvensis,0,Sonchus
TQ4450,Sonchus asper,0,Sonchus
TQ4450,Sonchus oleraceus,0,Sonchus
TQ4450,Sorbus aucuparia,0,Sorbus
TQ4450,Spergula arvensis,0,Spergula
TQ4450,Spergularia media,0,Spergularia
TQ4450,Stachys arvensis,0,Stachys
TQ4450,Stachys palustris,0,Stachys
TQ4450,Stachys sylvatica,0,Stachys
TQ4450,Stellaria alsine,0,Stellaria
TQ4450,Stellaria graminea,21,Stellaria
TQ4450,Stellaria holostea,0,Stellaria
TQ4450,Stellaria media,0,Stellaria
TQ4450,Suaeda maritima,0,Suaeda
TQ4450,Succisa pratensis,0,Succisa
TQ4450,Symphytum officinale,0,Symphytum
TQ4450,Taraxacum agg,1,Taraxacum
TQ4450,Taraxacum officinale,0,Taraxacum
TQ4450,Teucrium scorodonia,0,Teucrium
TQ4450,Thlaspi arvense,0,Thlaspi
TQ4450,Thymus polytrichus,0,Thymus
TQ4450,Thymus vulgaris,0,Thymus
TQ4450,Torilis japonica,0,Torilis
TQ4450,Tragopogon pratensis,0,Tragopogon
TQ4450,Trientalis europaea,0,Trientalis
TQ4450,Trifolium arvense,0,Trifolium
TQ4450,Trifolium campestre,0,Trifolium
TQ4450,Trifolium constantinopolitanum,0,Trifolium
TQ4450,Trifolium dubium,675,Trifolium
TQ4450,Trifolium pratense,8,Trifolium
TQ4450,Trifolium repens,1936,Trifolium
TQ4450,Tripleurospermum inodorum,0,Tripleurospermum
TQ4450,Tripleurospermum maritimum,0,Tripleurospermum
TQ4450,Turgenia latifolia,0,Turgenia
TQ4450,Ulex europaeus,0,Ulex
TQ4450,Ulex gallii,0,Ulex
TQ4450,Urtica dioica,0,Urtica
TQ4450,Vaccinium myrtillus,0,Vaccinium
TQ4450,Vaccinium oxycoccos,0,Vaccinium
TQ4450,Vaccinium vitis,0,Vaccinium
TQ4450,Valeriana dioica,0,Valeriana
TQ4450,Valeriana officinalis,0,Valeriana
TQ4450,Verbena officinalis,0,Verbena
TQ4450,Verbena x,0,Verbena
TQ4450,Veronica agrestis,0,Veronica
TQ4450,Veronica arvensis,0,Veronica
TQ4450,Veronica beccabunga,0,Veronica
TQ4450,Veronica chamaedrys,0,Veronica
TQ4450,Veronica hederifolia,0,Veronica
TQ4450,Veronica montana,0,Veronica
TQ4450,Veronica officinalis,0,Veronica
TQ4450,Veronica persica,0,Veronica
TQ4450,Veronica polita,0,Veronica
TQ4450,Veronica serpyllifolia,0,Veronica
TQ4450,Vicia benghalensis,0,Vicia
TQ4450,Vicia cracca,0,Vicia
TQ4450,Vicia faba,0,Vicia
TQ4450,Vicia hirsuta,0,Vicia
TQ4450,Vicia lutea,0,Vicia
TQ4450,Vicia sativa,29,Vicia
TQ4450,Vicia sepium,36,Vicia
TQ4450,Vicia spp,0,Vicia
TQ4450,Vicia tetrasperma,0,Vicia
TQ4450,Viola arvensis,0,Viola
TQ4450,Viola canina,0,Viola
TQ4450,Viola palustris,0,Viola
TQ4450,Viola riviniana,0,Viola
TQ4450,Zea mays,0,Zea
TQ8038,Acer pseudoplatanus,0,Acer
TQ8038,Achillea millefolium,0,Achillea
TQ8038,Achillea ptarmica,0,Achillea
TQ8038,Aegopodium podagraria,0,Aegopodium
TQ8038,Aethusa cynapium,0,Aethusa
TQ8038,Ajuga reptans,0,Ajuga
TQ8038,Alliaria petiolata,0,Alliaria
TQ8038,Alnus glutinosa,0,Alnus
TQ8038,Anagallis arvensis,0,Anagallis
TQ8038,Anchusa arvensis,0,Anchusa
TQ8038,Anemone nemorosa,0,Anemone
TQ8038,Angelica sylvestris,0,Angelica
TQ8038,Anthemis cotula,0,Anthemis
TQ8038,Anthriscus caucalis,0,Anthriscus
TQ8038,Anthriscus sylvestris,7,Anthriscus
TQ8038,Apium nodiflorum,0,Apium
TQ8038,Armeria maritima,0,Armeria
TQ8038,Artemisia absinthium,0,Artemisia
TQ8038,Artemisia annua,0,Artemisia
TQ8038,Artemisia vulgaris,0,Artemisia
TQ8038,Aster tripolium,0,Aster
TQ8038,Atriplex patula,0,Atriplex
TQ8038,Atriplex portulacoides,0,Atriplex
TQ8038,Ballota nigra,0,Ballota
TQ8038,Barbarea vulgaris,0,Barbarea
TQ8038,Bellis perennis,0,Bellis
TQ8038,Berula erecta,0,Berula
TQ8038,Brassica napus,0,Brassica
TQ8038,Brassica oleracea,0,Brassica
TQ8038,Brassica rapa,0,Brassica
TQ8038,Bryonia dioica,0,Bryonia
TQ8038,Buddleja davidii,0,Buddleja
TQ8038,Bupleurum tenuissimum,0,Bupleurum
TQ8038,Calluna vulgaris,0,Calluna
TQ8038,Caltha palustris,0,Caltha
TQ8038,Calystegia sepium,0,Calystegia
TQ8038,Campanula rotundifolia,0,Campanula
TQ8038,Capsella bursa,0,Capsella
TQ8038,Cardamine flexuosa,0,Cardamine
TQ8038,Cardamine hirsuta,0,Cardamine
TQ8038,Cardamine pratensis,0,Cardamine
TQ8038,Carduus nutans,0,Carduus
TQ8038,Carum verticillatum,0,Carum
TQ8038,Centaurea cyanus,0,Centaurea
TQ8038,Centaurea nigra,0,Centaurea
TQ8038,Centaurea scabiosa,0,Centaurea
TQ8038,Centaurium erythraea,0,Centaurium
TQ8038,Cerastium arvense,0,Cerastium
TQ8038,Cerastium fontanum,8,Cerastium
TQ8038,Cerastium glomeratum,0,Cerastium
TQ8038,Ceratocapnos claviculata,0,Ceratocapnos
TQ8038,Chaerophyllum temulum,0,Chaerophyllum
TQ8038,Chamaemelum nobile,0,Chamaemelum
TQ8038,Chamerion angustifolium,0,Chamerion
TQ8038,Chenopodium album,0,Chenopodium
TQ8038,Chenopodium ficifolium,0,Chenopodium
TQ8038,Chenopodium quinoa,0,Chenopodium
TQ8038,Cichorium intybus,0,Cichorium
TQ8038,Circaea lutetiana,0,Circaea
TQ8038,Cirsium arvense,2,Cirsium
TQ8038,Cirsium eriophorum,0,Cirsium
TQ8038,Cirsium palustre,0,Cirsium
TQ8038,Cirsium vulgare,0,Cirsium
TQ8038,Clematis vitalba,0,Clematis
TQ8038,Clinopodium vulgare,0,Clinopodium
TQ8038,Conium maculatum,0,Conium
TQ8038,Conopodium majus,0,Conopodium
TQ8038,Convolvulus arvensis,0,Convolvulus
TQ8038,Conyza canadensis,0,Conyza
TQ8038,Cotoneaster salicifolius,0,Cotoneaster
TQ8038,Crataegus monogyna,7462,Crataegus
TQ8038,Crepis capillaris,0,Crepis
TQ8038,Crepis vesicaria,0,Crepis
TQ8038,Cruciata laevipes,0,Cruciata
TQ8038,Cytisus scoparius,0,Cytisus
TQ8038,Dactylorhiza fuchsii,0,Dactylorhiza
TQ8038,Dactylorhiza maculata,0,Dactylorhiza
TQ8038,Daucus carota,0,Daucus
TQ8038,Digitalis ferruginea,0,Digitalis
TQ8038,Digitalis grandiflora,0,Digitalis
TQ8038,Digitalis purpurea,0,Digitalis
TQ8038,Dioscorea communis,10,Dioscorea
TQ8038,Doronicum plantagineum,0,Doronicum
TQ8038,Drosera anglica,0,Drosera
TQ8038,Drosera rotundifolia,0,Drosera
TQ8038,Dryas octopetala,0,Dryas
TQ8038,Epilobium hirsutum,0,Epilobium
TQ8038,Epilobium montanum,0,Epilobium
TQ8038,Epilobium obscurum,0,Epilobium
TQ8038,Epilobium palustre,0,Epilobium
TQ8038,Epilobium parviflorum,0,Epilobium
TQ8038,Epilobium roseum,0,Epilobium
TQ8038,Epilobium tetragonum,0,Epilobium
TQ8038,Erica cinerea,0,Erica
TQ8038,Erica tetralix,0,Erica
TQ8038,Eriophorum vaginatum,0,Eriophorum
TQ8038,Eupatorium cannabinum,0,Eupatorium
TQ8038,Euphorbia exigua,0,Euphorbia
TQ8038,Euphorbia helioscopia,0,Euphorbia
TQ8038,Euphrasia officinalis,0,Euphrasia
TQ8038,Fagopyrum esculentum,0,Fagopyrum
TQ8038,Fallopia convolvulus,0,Fallopia
TQ8038,Filipendula ulmaria,0,Filipendula
TQ8038,Fumaria officinalis,0,Fumaria
TQ8038,Galeopsis speciosa,0,Galeopsis
TQ8038,Galeopsis tetrahit,0,Galeopsis
TQ8038,Galium aparine,382,Galium
TQ8038,Galium mollugo,0,Galium
TQ8038,Galium odoratum,0,Galium
TQ8038,Galium palustre,0,Galium
TQ8038,Galium saxatile,0,Galium
TQ8038,Galium verum,0,Galium
TQ8038,Genista anglica,0,Genista
TQ8038,Geranium dissectum,7,Geranium
TQ8038,Geranium molle,0,Geranium
TQ8038,Geranium nodosum,0,Geranium
TQ8038,Geranium pratense,0,Geranium
TQ8038,Geranium pyrenaicum,0,Geranium
TQ8038,Geranium robertianum,0,Geranium
TQ8038,Geum urbanum,4,Geum
TQ8038,Glechoma hederacea,6,Glechoma
TQ8038,Hedera helix,0,Hedera
TQ8038,Helianthus annuus,0,Helianthus
TQ8038,Heracleum mantegazzianum,0,Heracleum
TQ8038,Heracleum sphondylium,23,Heracleum
TQ8038,Hippocrepis comosa,0,Hippocrepis
TQ8038,Hordeum vulgare,0,Hordeum
TQ8038,Hyacinthoides non,0,Hyacinthoides
TQ8038,Hypericum forrestii,0,Hypericum
TQ8038,Hypericum perforatum,0,Hypericum
TQ8038,Hypericum pulchrum,0,Hypericum
TQ8038,Hypericum tetrapterum,0,Hypericum
TQ8038,Hypochaeris radicata,0,Hypochaeris
TQ8038,Ilex aquifolium,0,Ilex
TQ8038,Impatiens glandulifera,0,Impatiens
TQ8038,Impatiens parviflora,0,Impatiens
TQ8038,Iris pseudacorus,0,Iris
TQ8038,Jacobaea erucifolia,0,Jacobaea
TQ8038,Jacobaea vulgaris,0,Jacobaea
TQ8038,Jasione montana,0,Jasione
TQ8038,Juncus conglomeratus,0,Juncus
TQ8038,Juncus effusus,0,Juncus
TQ8038,Knautia arvensis,0,Knautia
TQ8038,Lactuca serriola,0,Lactuca
TQ8038,Lamium album,0,Lamium
TQ8038,Lamium galeobdolon,0,Lamium
TQ8038,Lamium purpureum,0,Lamium
TQ8038,Lapsana communis,93,Lapsana
TQ8038,Lathyrus aphaca,0,Lathyrus
TQ8038,Lathyrus linifolius,0,Lathyrus
TQ8038,Lathyrus pratensis,0,Lathyrus
TQ8038,Leontodon hispidus,0,Leontodon
TQ8038,Leontodon saxatilis,0,Leontodon
TQ8038,Leucanthemum vulgare,0,Leucanthemum
TQ8038,Ligusticum scoticum,0,Ligusticum
TQ8038,Limonium vulgare,0,Limonium
TQ8038,Linaria vulgaris,0,Linaria
TQ8038,Linum catharticum,0,Linum
TQ8038,Linum usitatissimum,0,Linum
TQ8038,Lonicera caprifolium,0,Lonicera
TQ8038,Lonicera periclymenum,0,Lonicera
TQ8038,Lotus angustissimus,0,Lotus
TQ8038,Lotus corniculatus,0,Lotus
TQ8038,Lotus pedunculatus,0,Lotus
TQ8038,Lotus subbiflorus,0,Lotus
TQ8038,Luzula campestris,0,Luzula
TQ8038,Lysimachia nemorum,0,Lysimachia
TQ8038,Lysimachia punctata,0,Lysimachia
TQ8038,Lysimachia vulgaris,0,Lysimachia
TQ8038,Lythrum alatum,0,Lythrum
TQ8038,Lythrum salicaria,0,Lythrum
TQ8038,Malva sylvestris,0,Malva
TQ8038,Matricaria chamomilla,0,Matricaria
TQ8038,Matricaria discoidea,0,Matricaria
TQ8038,Medicago lupulina,1,Medicago
TQ8038,Melampyrum pratense,0,Melampyrum
TQ8038,Mentha aquatica,0,Mentha
TQ8038,Mentha arvensis,0,Mentha
TQ8038,Mercurialis perennis,0,Mercurialis
TQ8038,Myosotis arvensis,0,Myosotis
TQ8038,Myosotis discolor,0,Myosotis
TQ8038,Myosotis sylvatica,0,Myosotis
TQ8038,Narthecium ossifragum,0,Narthecium
TQ8038,Odontites vernus,0,Odontites
TQ8038,Oenanthe crocata,0,Oenanthe
TQ8038,Origanum vulgare,0,Origanum
TQ8038,Ornithopus perpusillus,0,Ornithopus
TQ8038,Oxalis acetosella,0,Oxalis
TQ8038,Panicum miliaceum,0,Panicum
TQ8038,Papaver rhoeas,0,Papaver
TQ8038,Pedicularis sylvatica,0,Pedicularis
TQ8038,Persicaria amplexicaulis,0,Persicaria
TQ8038,Persicaria bistorta,0,Persicaria
TQ8038,Persicaria hydropiper,0,Persicaria
TQ8038,Persicaria lapathifolia,0,Persicaria
TQ8038,Persicaria maculosa,0,Persicaria
TQ8038,Peucedanum ostruthium,0,Peucedanum
TQ8038,Picris echioides,0,Picris
TQ8038,Picris hieracioides,0,Picris
TQ8038,Pilosella officinarum,0,Pilosella
TQ8038,Pimpinella saxifraga,0,Pimpinella
TQ8038,Pinguicula vulgaris,0,Pinguicula
TQ8038,Plantago lanceolata,0,Plantago
TQ8038,Plantago major,0,Plantago
TQ8038,Plantago maritima,0,Plantago
TQ8038,Poa annua,0,Poa
TQ8038,Polygala serpyllifolia,0,Polygala
TQ8038,Polygala vulgaris,0,Polygala
TQ8038,Polygonum aviculare,0,Polygonum
TQ8038,Potentilla anglica,0,Potentilla
TQ8038,Potentilla anserina,0,Potentilla
TQ8038,Potentilla erecta,0,Potentilla
TQ8038,Potentilla recta,0,Potentilla
TQ8038,Potentilla reptans,0,Potentilla
TQ8038,Prunella vulgaris,10,Prunella
TQ8038,Prunus spinosa,0,Prunus
TQ8038,Pulicaria dysenterica,0,Pulicaria
TQ8038,Ranunculus acris,23,Ranunculus
TQ8038,Ranunculus bulbosus,0,Ranunculus
TQ8038,Ranunculus ficaria,0,Ranunculus
TQ8038,Ranunculus flammula,0,Ranunculus
TQ8038,Ranunculus repens,178,Ranunculus
TQ8038,Ranunculus sardous,0,Ranunculus
TQ8038,Raphanus raphanistrum,0,Raphanus
TQ8038,Raphanus sativus,0,Raphanus
TQ8038,Rhinanthus minor,0,Rhinanthus
TQ8038,Rosa arvensis,0,Rosa
TQ8038,Rosa canina,4,Rosa
TQ8038,Rubus caesius,0,Rubus
TQ8038,Rubus fruticosus,514,Rubus
TQ8038,Rubus idaeus,0,Rubus
TQ8038,Rumex acetosa,0,Rumex
TQ8038,Rumex acetosella,0,Rumex
TQ8038,Rumex crispus,17,Rumex
TQ8038,Rumex obtusifolius,39,Rumex
TQ8038,Rumex sanguineus,0,Rumex
TQ8038,Sagina saginoides,0,Sagina
TQ8038,Sambucus nigra,0,Sambucus
TQ8038,Sanguisorba officinalis,0,Sanguisorba
TQ8038,Scorzoneroides autumnalis,0,Scorzoneroides
TQ8038,Scrophularia auriculata,0,Scrophularia
TQ8038,Scrophularia nodosa,8,Scrophularia
TQ8038,Sedum anglicum,0,Sedum
TQ8038,Senecio erucifolius,0,Senecio
TQ8038,Senecio jacobaea,0,Senecio
TQ8038,Senecio vulgaris,0,Senecio
TQ8038,Sherardia arvensis,0,Sherardia
TQ8038,Silene dioica,0,Silene
TQ8038,Silene latifolia,0,Silene
TQ8038,Silybum marianum,0,Silybum
TQ8038,Sinapis alba,0,Sinapis
TQ8038,Sinapis arvensis,0,Sinapis
TQ8038,Sisymbrium officinale,0,Sisymbrium
TQ8038,Solanum dulcamara,0,Solanum
TQ8038,Solanum nigrum,0,Solanum
TQ8038,Solanum tuberosum,0,Solanum
TQ8038,Sonchus arvensis,0,Sonchus
TQ8038,Sonchus asper,3,Sonchus
TQ8038,Sonchus oleraceus,0,Sonchus
TQ8038,Sorbus aucuparia,0,Sorbus
TQ8038,Spergula arvensis,0,Spergula
TQ8038,Spergularia media,0,Spergularia
TQ8038,Stachys arvensis,0,Stachys
TQ8038,Stachys palustris,0,Stachys
TQ8038,Stachys sylvatica,41,Stachys
TQ8038,Stellaria alsine,0,Stellaria
TQ8038,Stellaria graminea,0,Stellaria
TQ8038,Stellaria holostea,0,Stellaria
TQ8038,Stellaria media,0,Stellaria
TQ8038,Suaeda maritima,0,Suaeda
TQ8038,Succisa pratensis,0,Succisa
TQ8038,Symphytum officinale,0,Symphytum
TQ8038,Taraxacum agg,1,Taraxacum
TQ8038,Taraxacum officinale,0,Taraxacum
TQ8038,Teucrium scorodonia,0,Teucrium
TQ8038,Thlaspi arvense,0,Thlaspi
TQ8038,Thymus polytrichus,0,Thymus
TQ8038,Thymus vulgaris,0,Thymus
TQ8038,Torilis japonica,50,Torilis
TQ8038,Tragopogon pratensis,0,Tragopogon
TQ8038,Trientalis europaea,0,Trientalis
TQ8038,Trifolium arvense,0,Trifolium
TQ8038,Trifolium campestre,0,Trifolium
TQ8038,Trifolium constantinopolitanum,0,Trifolium
TQ8038,Trifolium dubium,0,Trifolium
TQ8038,Trifolium pratense,0,Trifolium
TQ8038,Trifolium repens,44,Trifolium
TQ8038,Tripleurospermum inodorum,15,Tripleurospermum
TQ8038,Tripleurospermum maritimum,0,Tripleurospermum
TQ8038,Turgenia latifolia,0,Turgenia
TQ8038,Ulex europaeus,0,Ulex
TQ8038,Ulex gallii,0,Ulex
TQ8038,Urtica dioica,168,Urtica
TQ8038,Vaccinium myrtillus,0,Vaccinium
TQ8038,Vaccinium oxycoccos,0,Vaccinium
TQ8038,Vaccinium vitis,0,Vaccinium
TQ8038,Valeriana dioica,0,Valeriana
TQ8038,Valeriana officinalis,0,Valeriana
TQ8038,Verbena officinalis,0,Verbena
TQ8038,Verbena x,0,Verbena
TQ8038,Veronica agrestis,0,Veronica
TQ8038,Veronica arvensis,0,Veronica
TQ8038,Veronica beccabunga,0,Veronica
TQ8038,Veronica chamaedrys,1254,Veronica
TQ8038,Veronica hederifolia,0,Veronica
TQ8038,Veronica montana,0,Veronica
TQ8038,Veronica officinalis,0,Veronica
TQ8038,Veronica persica,0,Veronica
TQ8038,Veronica polita,0,Veronica
TQ8038,Veronica serpyllifolia,0,Veronica
TQ8038,Vicia benghalensis,0,Vicia
TQ8038,Vicia cracca,0,Vicia
TQ8038,Vicia faba,0,Vicia
TQ8038,Vicia hirsuta,0,Vicia
TQ8038,Vicia lutea,0,Vicia
TQ8038,Vicia sativa,0,Vicia
TQ8038,Vicia sepium,12,Vicia
TQ8038,Vicia spp,0,Vicia
TQ8038,Vicia tetrasperma,0,Vicia
TQ8038,Viola arvensis,0,Viola
TQ8038,Viola canina,0,Viola
TQ8038,Viola palustris,0,Viola
TQ8038,Viola riviniana,0,Viola
TQ8038,Zea mays,0,Zea
TR0534,Acer pseudoplatanus,0,Acer
TR0534,Achillea millefolium,0,Achillea
TR0534,Achillea ptarmica,0,Achillea
TR0534,Aegopodium podagraria,0,Aegopodium
TR0534,Aethusa cynapium,0,Aethusa
TR0534,Ajuga reptans,0,Ajuga
TR0534,Alliaria petiolata,0,Alliaria
TR0534,Alnus glutinosa,0,Alnus
TR0534,Anagallis arvensis,0,Anagallis
TR0534,Anchusa arvensis,0,Anchusa
TR0534,Anemone nemorosa,0,Anemone
TR0534,Angelica sylvestris,0,Angelica
TR0534,Anthemis cotula,915,Anthemis
TR0534,Anthriscus caucalis,0,Anthriscus
TR0534,Anthriscus sylvestris,90,Anthriscus
TR0534,Apium nodiflorum,0,Apium
TR0534,Armeria maritima,0,Armeria
TR0534,Artemisia absinthium,0,Artemisia
TR0534,Artemisia annua,0,Artemisia
TR0534,Artemisia vulgaris,0,Artemisia
TR0534,Aster tripolium,0,Aster
TR0534,Atriplex patula,0,Atriplex
TR0534,Atriplex portulacoides,0,Atriplex
TR0534,Ballota nigra,0,Ballota
TR0534,Barbarea vulgaris,0,Barbarea
TR0534,Bellis perennis,0,Bellis
TR0534,Berula erecta,0,Berula
TR0534,Brassica napus,153,Brassica
TR0534,Brassica oleracea,0,Brassica
TR0534,Brassica rapa,0,Brassica
TR0534,Bryonia dioica,0,Bryonia
TR0534,Buddleja davidii,0,Buddleja
TR0534,Bupleurum tenuissimum,0,Bupleurum
TR0534,Calluna vulgaris,0,Calluna
TR0534,Caltha palustris,0,Caltha
TR0534,Calystegia sepium,0,Calystegia
TR0534,Campanula rotundifolia,0,Campanula
TR0534,Capsella bursa,6,Capsella
TR0534,Cardamine flexuosa,0,Cardamine
TR0534,Cardamine hirsuta,0,Cardamine
TR0534,Cardamine pratensis,0,Cardamine
TR0534,Carduus nutans,0,Carduus
TR0534,Carum verticillatum,0,Carum
TR0534,Centaurea cyanus,0,Centaurea
TR0534,Centaurea nigra,0,Centaurea
TR0534,Centaurea scabiosa,0,Centaurea
TR0534,Centaurium erythraea,0,Centaurium
TR0534,Cerastium arvense,0,Cerastium
TR0534,Cerastium fontanum,0,Cerastium
TR0534,Cerastium glomeratum,0,Cerastium
TR0534,Ceratocapnos claviculata,0,Ceratocapnos
TR0534,Chaerophyllum temulum,0,Chaerophyllum
TR0534,Chamaemelum nobile,0,Chamaemelum
TR0534,Chamerion angustifolium,0,Chamerion
TR0534,Chenopodium album,0,Chenopodium
TR0534,Chenopodium ficifolium,0,Chenopodium
TR0534,Chenopodium quinoa,0,Chenopodium
TR0534,Cichorium intybus,0,Cichorium
TR0534,Circaea lutetiana,0,Circaea
TR0534,Cirsium arvense,3,Cirsium
TR0534,Cirsium eriophorum,0,Cirsium
TR0534,Cirsium palustre,0,Cirsium
TR0534,Cirsium vulgare,0,Cirsium
TR0534,Clematis vitalba,0,Clematis
TR0534,Clinopodium vulgare,0,Clinopodium
TR0534,Conium maculatum,0,Conium
TR0534,Conopodium majus,0,Conopodium
TR0534,Convolvulus arvensis,0,Convolvulus
TR0534,Conyza canadensis,0,Conyza
TR0534,Cotoneaster salicifolius,0,Cotoneaster
TR0534,Crataegus monogyna,0,Crataegus
TR0534,Crepis capillaris,0,Crepis
TR0534,Crepis vesicaria,0,Crepis
TR0534,Cruciata laevipes,0,Cruciata
TR0534,Cytisus scoparius,0,Cytisus
TR0534,Dactylorhiza fuchsii,0,Dactylorhiza
TR0534,Dactylorhiza maculata,0,Dactylorhiza
TR0534,Daucus carota,0,Daucus
TR0534,Digitalis ferruginea,0,Digitalis
TR0534,Digitalis grandiflora,0,Digitalis
TR0534,Digitalis purpurea,0,Digitalis
TR0534,Dioscorea communis,0,Dioscorea
TR0534,Doronicum plantagineum,0,Doronicum
TR0534,Drosera anglica,0,Drosera
TR0534,Drosera rotundifolia,0,Drosera
TR0534,Dryas octopetala,0,Dryas
TR0534,Epilobium hirsutum,0,Epilobium
TR0534,Epilobium montanum,0,Epilobium
TR0534,Epilobium obscurum,0,Epilobium
TR0534,Epilobium palustre,0,Epilobium
TR0534,Epilobium parviflorum,0,Epilobium
TR0534,Epilobium roseum,0,Epilobium
TR0534,Epilobium tetragonum,0,Epilobium
TR0534,Erica cinerea,0,Erica
TR0534,Erica tetralix,0,Erica
TR0534,Eriophorum vaginatum,0,Eriophorum
TR0534,Eupatorium cannabinum,0,Eupatorium
TR0534,Euphorbia exigua,0,Euphorbia
TR0534,Euphorbia helioscopia,0,Euphorbia
TR0534,Euphrasia officinalis,0,Euphrasia
TR0534,Fagopyrum esculentum,0,Fagopyrum
TR0534,Fallopia convolvulus,0,Fallopia
TR0534,Filipendula ulmaria,0,Filipendula
TR0534,Fumaria officinalis,0,Fumaria
TR0534,Galeopsis speciosa,0,Galeopsis
TR0534,Galeopsis tetrahit,0,Galeopsis
TR0534,Galium aparine,10,Galium
TR0534,Galium mollugo,0,Galium
TR0534,Galium odoratum,0,Galium
TR0534,Galium palustre,0,Galium
TR0534,Galium saxatile,0,Galium
TR0534,Galium verum,0,Galium
TR0534,Genista anglica,0,Genista
TR0534,Geranium dissectum,231,Geranium
TR0534,Geranium molle,0,Geranium
TR0534,Geranium nodosum,0,Geranium
TR0534,Geranium pratense,0,Geranium
TR0534,Geranium pyrenaicum,0,Geranium
TR0534,Geranium robertianum,0,Geranium
TR0534,Geum urbanum,0,Geum
TR0534,Glechoma hederacea,0,Glechoma
TR0534,Hedera helix,0,Hedera
TR0534,Helianthus annuus,0,Helianthus
TR0534,Heracleum mantegazzianum,0,Heracleum
TR0534,Heracleum sphondylium,14,Heracleum
TR0534,Hippocrepis comosa,0,Hippocrepis
TR0534,Hordeum vulgare,0,Hordeum
TR0534,Hyacinthoides non,0,Hyacinthoides
TR0534,Hypericum forrestii,0,Hypericum
TR0534,Hypericum perforatum,0,Hypericum
TR0534,Hypericum pulchrum,0,Hypericum
TR0534,Hypericum tetrapterum,0,Hypericum
TR0534,Hypochaeris radicata,0,Hypochaeris
TR0534,Ilex aquifolium,0,Ilex
TR0534,Impatiens glandulifera,0,Impatiens
TR0534,Impatiens parviflora,0,Impatiens
TR0534,Iris pseudacorus,0,Iris
TR0534,Jacobaea erucifolia,0,Jacobaea
TR0534,Jacobaea vulgaris,150,Jacobaea
TR0534,Jasione montana,0,Jasione
TR0534,Juncus conglomeratus,0,Juncus
TR0534,Juncus effusus,0,Juncus
TR0534,Knautia arvensis,0,Knautia
TR0534,Lactuca serriola,0,Lactuca
TR0534,Lamium album,0,Lamium
TR0534,Lamium galeobdolon,0,Lamium
TR0534,Lamium purpureum,2,Lamium
TR0534,Lapsana communis,47,Lapsana
TR0534,Lathyrus aphaca,0,Lathyrus
TR0534,Lathyrus linifolius,0,Lathyrus
TR0534,Lathyrus pratensis,0,Lathyrus
TR0534,Leontodon hispidus,0,Leontodon
TR0534,Leontodon saxatilis,0,Leontodon
TR0534,Leucanthemum vulgare,0,Leucanthemum
TR0534,Ligusticum scoticum,0,Ligusticum
TR0534,Limonium vulgare,0,Limonium
TR0534,Linaria vulgaris,0,Linaria
TR0534,Linum catharticum,0,Linum
TR0534,Linum usitatissimum,0,Linum
TR0534,Lonicera caprifolium,0,Lonicera
TR0534,Lonicera periclymenum,0,Lonicera
TR0534,Lotus angustissimus,0,Lotus
TR0534,Lotus corniculatus,0,Lotus
TR0534,Lotus pedunculatus,0,Lotus
TR0534,Lotus subbiflorus,0,Lotus
TR0534,Luzula campestris,0,Luzula
TR0534,Lysimachia nemorum,0,Lysimachia
TR0534,Lysimachia punctata,0,Lysimachia
TR0534,Lysimachia vulgaris,0,Lysimachia
TR0534,Lythrum alatum,0,Lythrum
TR0534,Lythrum salicaria,0,Lythrum
TR0534,Malva sylvestris,0,Malva
TR0534,Matricaria chamomilla,0,Matricaria
TR0534,Matricaria discoidea,0,Matricaria
TR0534,Medicago lupulina,0,Medicago
TR0534,Melampyrum pratense,0,Melampyrum
TR0534,Mentha aquatica,0,Mentha
TR0534,Mentha arvensis,0,Mentha
TR0534,Mercurialis perennis,0,Mercurialis
TR0534,Myosotis arvensis,0,Myosotis
TR0534,Myosotis discolor,0,Myosotis
TR0534,Myosotis sylvatica,0,Myosotis
TR0534,Narthecium ossifragum,0,Narthecium
TR0534,Odontites vernus,0,Odontites
TR0534,Oenanthe crocata,1,Oenanthe
TR0534,Origanum vulgare,0,Origanum
TR0534,Ornithopus perpusillus,0,Ornithopus
TR0534,Oxalis acetosella,0,Oxalis
TR0534,Panicum miliaceum,0,Panicum
TR0534,Papaver rhoeas,0,Papaver
TR0534,Pedicularis sylvatica,0,Pedicularis
TR0534,Persicaria amplexicaulis,0,Persicaria
TR0534,Persicaria bistorta,0,Persicaria
TR0534,Persicaria hydropiper,0,Persicaria
TR0534,Persicaria lapathifolia,20,Persicaria
TR0534,Persicaria maculosa,10,Persicaria
TR0534,Peucedanum ostruthium,0,Peucedanum
TR0534,Picris echioides,57,Picris
TR0534,Picris hieracioides,26,Picris
TR0534,Pilosella officinarum,0,Pilosella
TR0534,Pimpinella saxifraga,0,Pimpinella
TR0534,Pinguicula vulgaris,0,Pinguicula
TR0534,Plantago lanceolata,0,Plantago
TR0534,Plantago major,7,Plantago
TR0534,Plantago maritima,0,Plantago
TR0534,Poa annua,0,Poa
TR0534,Polygala serpyllifolia,0,Polygala
TR0534,Polygala vulgaris,0,Polygala
TR0534,Polygonum aviculare,100,Polygonum
TR0534,Potentilla anglica,0,Potentilla
TR0534,Potentilla anserina,0,Potentilla
TR0534,Potentilla erecta,0,Potentilla
TR0534,Potentilla recta,0,Potentilla
TR0534,Potentilla reptans,0,Potentilla
TR0534,Prunella vulgaris,0,Prunella
TR0534,Prunus spinosa,0,Prunus
TR0534,Pulicaria dysenterica,0,Pulicaria
TR0534,Ranunculus acris,2,Ranunculus
TR0534,Ranunculus bulbosus,0,Ranunculus
TR0534,Ranunculus ficaria,0,Ranunculus
TR0534,Ranunculus flammula,0,Ranunculus
TR0534,Ranunculus repens,265,Ranunculus
TR0534,Ranunculus sardous,0,Ranunculus
TR0534,Raphanus raphanistrum,0,Raphanus
TR0534,Raphanus sativus,0,Raphanus
TR0534,Rhinanthus minor,0,Rhinanthus
TR0534,Rosa arvensis,0,Rosa
TR0534,Rosa canina,0,Rosa
TR0534,Rubus caesius,0,Rubus
TR0534,Rubus fruticosus,0,Rubus
TR0534,Rubus idaeus,0,Rubus
TR0534,Rumex acetosa,0,Rumex
TR0534,Rumex acetosella,0,Rumex
TR0534,Rumex crispus,0,Rumex
TR0534,Rumex obtusifolius,0,Rumex
TR0534,Rumex sanguineus,0,Rumex
TR0534,Sagina saginoides,0,Sagina
TR0534,Sambucus nigra,0,Sambucus
TR0534,Sanguisorba officinalis,0,Sanguisorba
TR0534,Scorzoneroides autumnalis,0,Scorzoneroides
TR0534,Scrophularia auriculata,0,Scrophularia
TR0534,Scrophularia nodosa,0,Scrophularia
TR0534,Sedum anglicum,0,Sedum
TR0534,Senecio erucifolius,0,Senecio
TR0534,Senecio jacobaea,0,Senecio
TR0534,Senecio vulgaris,2066,Senecio
TR0534,Sherardia arvensis,0,Sherardia
TR0534,Silene dioica,0,Silene
TR0534,Silene latifolia,0,Silene
TR0534,Silybum marianum,0,Silybum
TR0534,Sinapis alba,0,Sinapis
TR0534,Sinapis arvensis,0,Sinapis
TR0534,Sisymbrium officinale,0,Sisymbrium
TR0534,Solanum dulcamara,0,Solanum
TR0534,Solanum nigrum,0,Solanum
TR0534,Solanum tuberosum,0,Solanum
TR0534,Sonchus arvensis,10,Sonchus
TR0534,Sonchus asper,64,Sonchus
TR0534,Sonchus oleraceus,31,Sonchus
TR0534,Sorbus aucuparia,0,Sorbus
TR0534,Spergula arvensis,0,Spergula
TR0534,Spergularia media,0,Spergularia
TR0534,Stachys arvensis,0,Stachys
TR0534,Stachys palustris,0,Stachys
TR0534,Stachys sylvatica,0,Stachys
TR0534,Stellaria alsine,0,Stellaria
TR0534,Stellaria graminea,0,Stellaria
TR0534,Stellaria holostea,0,Stellaria
TR0534,Stellaria media,0,Stellaria
TR0534,Suaeda maritima,0,Suaeda
TR0534,Succisa pratensis,0,Succisa
TR0534,Symphytum officinale,0,Symphytum
TR0534,Taraxacum agg,0,Taraxacum
TR0534,Taraxacum officinale,1,Taraxacum
TR0534,Teucrium scorodonia,0,Teucrium
TR0534,Thlaspi arvense,0,Thlaspi
TR0534,Thymus polytrichus,0,Thymus
TR0534,Thymus vulgaris,0,Thymus
TR0534,Torilis japonica,0,Torilis
TR0534,Tragopogon pratensis,0,Tragopogon
TR0534,Trientalis europaea,0,Trientalis
TR0534,Trifolium arvense,0,Trifolium
TR0534,Trifolium campestre,0,Trifolium
TR0534,Trifolium constantinopolitanum,0,Trifolium
TR0534,Trifolium dubium,0,Trifolium
TR0534,Trifolium pratense,0,Trifolium
TR0534,Trifolium repens,0,Trifolium
TR0534,Tripleurospermum inodorum,54,Tripleurospermum
TR0534,Tripleurospermum maritimum,0,Tripleurospermum
TR0534,Turgenia latifolia,0,Turgenia
TR0534,Ulex europaeus,0,Ulex
TR0534,Ulex gallii,0,Ulex
TR0534,Urtica dioica,4,Urtica
TR0534,Vaccinium myrtillus,0,Vaccinium
TR0534,Vaccinium oxycoccos,0,Vaccinium
TR0534,Vaccinium vitis,0,Vaccinium
TR0534,Valeriana dioica,0,Valeriana
TR0534,Valeriana officinalis,0,Valeriana
TR0534,Verbena officinalis,0,Verbena
TR0534,Verbena x,0,Verbena
TR0534,Veronica agrestis,0,Veronica
TR0534,Veronica arvensis,0,Veronica
TR0534,Veronica beccabunga,0,Veronica
TR0534,Veronica chamaedrys,0,Veronica
TR0534,Veronica hederifolia,0,Veronica
TR0534,Veronica montana,0,Veronica
TR0534,Veronica officinalis,0,Veronica
TR0534,Veronica persica,21,Veronica
TR0534,Veronica polita,0,Veronica
TR0534,Veronica serpyllifolia,0,Veronica
TR0534,Vicia benghalensis,0,Vicia
TR0534,Vicia cracca,0,Vicia
TR0534,Vicia faba,0,Vicia
TR0534,Vicia hirsuta,0,Vicia
TR0534,Vicia lutea,0,Vicia
TR0534,Vicia sativa,0,Vicia
TR0534,Vicia sepium,0,Vicia
TR0534,Vicia spp,0,Vicia
TR0534,Vicia tetrasperma,7,Vicia
TR0534,Viola arvensis,0,Viola
TR0534,Viola canina,0,Viola
TR0534,Viola palustris,0,Viola
TR0534,Viola riviniana,0,Viola
TR0534,Zea mays,0,Zea
TR3149,Acer pseudoplatanus,0,Acer
TR3149,Achillea millefolium,43,Achillea
TR3149,Achillea ptarmica,0,Achillea
TR3149,Aegopodium podagraria,0,Aegopodium
TR3149,Aethusa cynapium,0,Aethusa
TR3149,Ajuga reptans,0,Ajuga
TR3149,Alliaria petiolata,3,Alliaria
TR3149,Alnus glutinosa,0,Alnus
TR3149,Anagallis arvensis,23,Anagallis
TR3149,Anchusa arvensis,0,Anchusa
TR3149,Anemone nemorosa,0,Anemone
TR3149,Angelica sylvestris,0,Angelica
TR3149,Anthemis cotula,0,Anthemis
TR3149,Anthriscus caucalis,0,Anthriscus
TR3149,Anthriscus sylvestris,58,Anthriscus
TR3149,Apium nodiflorum,0,Apium
TR3149,Armeria maritima,0,Armeria
TR3149,Artemisia absinthium,0,Artemisia
TR3149,Artemisia annua,0,Artemisia
TR3149,Artemisia vulgaris,0,Artemisia
TR3149,Aster tripolium,0,Aster
TR3149,Atriplex patula,0,Atriplex
TR3149,Atriplex portulacoides,0,Atriplex
TR3149,Ballota nigra,0,Ballota
TR3149,Barbarea vulgaris,0,Barbarea
TR3149,Bellis perennis,5,Bellis
TR3149,Berula erecta,0,Berula
TR3149,Brassica napus,0,Brassica
TR3149,Brassica oleracea,0,Brassica
TR3149,Brassica rapa,0,Brassica
TR3149,Bryonia dioica,0,Bryonia
TR3149,Buddleja davidii,0,Buddleja
TR3149,Bupleurum tenuissimum,0,Bupleurum
TR3149,Calluna vulgaris,0,Calluna
TR3149,Caltha palustris,0,Caltha
TR3149,Calystegia sepium,0,Calystegia
TR3149,Campanula rotundifolia,0,Campanula
TR3149,Capsella bursa,0,Capsella
TR3149,Cardamine flexuosa,0,Cardamine
TR3149,Cardamine hirsuta,0,Cardamine
TR3149,Cardamine pratensis,0,Cardamine
TR3149,Carduus nutans,0,Carduus
TR3149,Carum verticillatum,0,Carum
TR3149,Centaurea cyanus,0,Centaurea
TR3149,Centaurea nigra,0,Centaurea
TR3149,Centaurea scabiosa,0,Centaurea
TR3149,Centaurium erythraea,0,Centaurium
TR3149,Cerastium arvense,0,Cerastium
TR3149,Cerastium fontanum,0,Cerastium
TR3149,Cerastium glomeratum,0,Cerastium
TR3149,Ceratocapnos claviculata,0,Ceratocapnos
TR3149,Chaerophyllum temulum,0,Chaerophyllum
TR3149,Chamaemelum nobile,0,Chamaemelum
TR3149,Chamerion angustifolium,0,Chamerion
TR3149,Chenopodium album,0,Chenopodium
TR3149,Chenopodium ficifolium,0,Chenopodium
TR3149,Chenopodium quinoa,0,Chenopodium
TR3149,Cichorium intybus,0,Cichorium
TR3149,Circaea lutetiana,0,Circaea
TR3149,Cirsium arvense,0,Cirsium
TR3149,Cirsium eriophorum,0,Cirsium
TR3149,Cirsium palustre,0,Cirsium
TR3149,Cirsium vulgare,2,Cirsium
TR3149,Clematis vitalba,0,Clematis
TR3149,Clinopodium vulgare,0,Clinopodium
TR3149,Conium maculatum,0,Conium
TR3149,Conopodium majus,0,Conopodium
TR3149,Convolvulus arvensis,167,Convolvulus
TR3149,Conyza canadensis,0,Conyza
TR3149,Cotoneaster salicifolius,0,Cotoneaster
TR3149,Crataegus monogyna,35,Crataegus
TR3149,Crepis capillaris,0,Crepis
TR3149,Crepis vesicaria,0,Crepis
TR3149,Cruciata laevipes,0,Cruciata
TR3149,Cytisus scoparius,0,Cytisus
TR3149,Dactylorhiza fuchsii,0,Dactylorhiza
TR3149,Dactylorhiza maculata,0,Dactylorhiza
TR3149,Daucus carota,22,Daucus
TR3149,Digitalis ferruginea,0,Digitalis
TR3149,Digitalis grandiflora,0,Digitalis
TR3149,Digitalis purpurea,0,Digitalis
TR3149,Dioscorea communis,0,Dioscorea
TR3149,Doronicum plantagineum,0,Doronicum
TR3149,Drosera anglica,0,Drosera
TR3149,Drosera rotundifolia,0,Drosera
TR3149,Dryas octopetala,0,Dryas
TR3149,Epilobium hirsutum,0,Epilobium
TR3149,Epilobium montanum,0,Epilobium
TR3149,Epilobium obscurum,0,Epilobium
TR3149,Epilobium palustre,0,Epilobium
TR3149,Epilobium parviflorum,0,Epilobium
TR3149,Epilobium roseum,0,Epilobium
TR3149,Epilobium tetragonum,0,Epilobium
TR3149,Erica cinerea,0,Erica
TR3149,Erica tetralix,0,Erica
TR3149,Eriophorum vaginatum,0,Eriophorum
TR3149,Eupatorium cannabinum,0,Eupatorium
TR3149,Euphorbia exigua,0,Euphorbia
TR3149,Euphorbia helioscopia,0,Euphorbia
TR3149,Euphrasia officinalis,0,Euphrasia
TR3149,Fagopyrum esculentum,0,Fagopyrum
TR3149,Fallopia convolvulus,0,Fallopia
TR3149,Filipendula ulmaria,0,Filipendula
TR3149,Fumaria officinalis,5,Fumaria
TR3149,Galeopsis speciosa,0,Galeopsis
TR3149,Galeopsis tetrahit,0,Galeopsis
TR3149,Galium aparine,43,Galium
TR3149,Galium mollugo,14,Galium
TR3149,Galium odoratum,0,Galium
TR3149,Galium palustre,0,Galium
TR3149,Galium saxatile,0,Galium
TR3149,Galium verum,0,Galium
TR3149,Genista anglica,0,Genista
TR3149,Geranium dissectum,0,Geranium
TR3149,Geranium molle,8,Geranium
TR3149,Geranium nodosum,0,Geranium
TR3149,Geranium pratense,0,Geranium
TR3149,Geranium pyrenaicum,0,Geranium
TR3149,Geranium robertianum,0,Geranium
TR3149,Geum urbanum,0,Geum
TR3149,Glechoma hederacea,0,Glechoma
TR3149,Hedera helix,0,Hedera
TR3149,Helianthus annuus,0,Helianthus
TR3149,Heracleum mantegazzianum,0,Heracleum
TR3149,Heracleum sphondylium,0,Heracleum
TR3149,Hippocrepis comosa,0,Hippocrepis
TR3149,Hordeum vulgare,0,Hordeum
TR3149,Hyacinthoides non,0,Hyacinthoides
TR3149,Hypericum forrestii,0,Hypericum
TR3149,Hypericum perforatum,0,Hypericum
TR3149,Hypericum pulchrum,0,Hypericum
TR3149,Hypericum tetrapterum,0,Hypericum
TR3149,Hypochaeris radicata,0,Hypochaeris
TR3149,Ilex aquifolium,0,Ilex
TR3149,Impatiens glandulifera,0,Impatiens
TR3149,Impatiens parviflora,0,Impatiens
TR3149,Iris pseudacorus,0,Iris
TR3149,Jacobaea erucifolia,0,Jacobaea
TR3149,Jacobaea vulgaris,6,Jacobaea
TR3149,Jasione montana,0,Jasione
TR3149,Juncus conglomeratus,0,Juncus
TR3149,Juncus effusus,0,Juncus
TR3149,Knautia arvensis,0,Knautia
TR3149,Lactuca serriola,0,Lactuca
TR3149,Lamium album,82,Lamium
TR3149,Lamium galeobdolon,0,Lamium
TR3149,Lamium purpureum,15,Lamium
TR3149,Lapsana communis,0,Lapsana
TR3149,Lathyrus aphaca,0,Lathyrus
TR3149,Lathyrus linifolius,0,Lathyrus
TR3149,Lathyrus pratensis,0,Lathyrus
TR3149,Leontodon hispidus,0,Leontodon
TR3149,Leontodon saxatilis,0,Leontodon
TR3149,Leucanthemum vulgare,0,Leucanthemum
TR3149,Ligusticum scoticum,0,Ligusticum
TR3149,Limonium vulgare,0,Limonium
TR3149,Linaria vulgaris,0,Linaria
TR3149,Linum catharticum,0,Linum
TR3149,Linum usitatissimum,0,Linum
TR3149,Lonicera caprifolium,0,Lonicera
TR3149,Lonicera periclymenum,0,Lonicera
TR3149,Lotus angustissimus,0,Lotus
TR3149,Lotus corniculatus,0,Lotus
TR3149,Lotus pedunculatus,0,Lotus
TR3149,Lotus subbiflorus,0,Lotus
TR3149,Luzula campestris,0,Luzula
TR3149,Lysimachia nemorum,0,Lysimachia
TR3149,Lysimachia punctata,0,Lysimachia
TR3149,Lysimachia vulgaris,0,Lysimachia
TR3149,Lythrum alatum,0,Lythrum
TR3149,Lythrum salicaria,0,Lythrum
TR3149,Malva sylvestris,50,Malva
TR3149,Matricaria chamomilla,80,Matricaria
TR3149,Matricaria discoidea,0,Matricaria
TR3149,Medicago lupulina,0,Medicago
TR3149,Melampyrum pratense,0,Melampyrum
TR3149,Mentha aquatica,0,Mentha
TR3149,Mentha arvensis,0,Mentha
TR3149,Mercurialis perennis,0,Mercurialis
TR3149,Myosotis arvensis,0,Myosotis
TR3149,Myosotis discolor,0,Myosotis
TR3149,Myosotis sylvatica,0,Myosotis
TR3149,Narthecium ossifragum,0,Narthecium
TR3149,Odontites vernus,0,Odontites
TR3149,Oenanthe crocata,0,Oenanthe
TR3149,Origanum vulgare,0,Origanum
TR3149,Ornithopus perpusillus,0,Ornithopus
TR3149,Oxalis acetosella,0,Oxalis
TR3149,Panicum miliaceum,0,Panicum
TR3149,Papaver rhoeas,0,Papaver
TR3149,Pedicularis sylvatica,0,Pedicularis
TR3149,Persicaria amplexicaulis,0,Persicaria
TR3149,Persicaria bistorta,0,Persicaria
TR3149,Persicaria hydropiper,0,Persicaria
TR3149,Persicaria lapathifolia,0,Persicaria
TR3149,Persicaria maculosa,0,Persicaria
TR3149,Peucedanum ostruthium,0,Peucedanum
TR3149,Picris echioides,0,Picris
TR3149,Picris hieracioides,0,Picris
TR3149,Pilosella officinarum,0,Pilosella
TR3149,Pimpinella saxifraga,0,Pimpinella
TR3149,Pinguicula vulgaris,0,Pinguicula
TR3149,Plantago lanceolata,0,Plantago
TR3149,Plantago major,0,Plantago
TR3149,Plantago maritima,0,Plantago
TR3149,Poa annua,0,Poa
TR3149,Polygala serpyllifolia,0,Polygala
TR3149,Polygala vulgaris,0,Polygala
TR3149,Polygonum aviculare,0,Polygonum
TR3149,Potentilla anglica,0,Potentilla
TR3149,Potentilla anserina,0,Potentilla
TR3149,Potentilla erecta,0,Potentilla
TR3149,Potentilla recta,0,Potentilla
TR3149,Potentilla reptans,0,Potentilla
TR3149,Prunella vulgaris,5,Prunella
TR3149,Prunus spinosa,0,Prunus
TR3149,Pulicaria dysenterica,0,Pulicaria
TR3149,Ranunculus acris,0,Ranunculus
TR3149,Ranunculus bulbosus,5,Ranunculus
TR3149,Ranunculus ficaria,0,Ranunculus
TR3149,Ranunculus flammula,0,Ranunculus
TR3149,Ranunculus repens,0,Ranunculus
TR3149,Ranunculus sardous,0,Ranunculus
TR3149,Raphanus raphanistrum,0,Raphanus
TR3149,Raphanus sativus,0,Raphanus
TR3149,Rhinanthus minor,0,Rhinanthus
TR3149,Rosa arvensis,0,Rosa
TR3149,Rosa canina,4,Rosa
TR3149,Rubus caesius,0,Rubus
TR3149,Rubus fruticosus,31,Rubus
TR3149,Rubus idaeus,0,Rubus
TR3149,Rumex acetosa,2,Rumex
TR3149,Rumex acetosella,0,Rumex
TR3149,Rumex crispus,0,Rumex
TR3149,Rumex obtusifolius,0,Rumex
TR3149,Rumex sanguineus,0,Rumex
TR3149,Sagina saginoides,0,Sagina
TR3149,Sambucus nigra,0,Sambucus
TR3149,Sanguisorba officinalis,0,Sanguisorba
TR3149,Scorzoneroides autumnalis,0,Scorzoneroides
TR3149,Scrophularia auriculata,0,Scrophularia
TR3149,Scrophularia nodosa,0,Scrophularia
TR3149,Sedum anglicum,0,Sedum
TR3149,Senecio erucifolius,0,Senecio
TR3149,Senecio jacobaea,0,Senecio
TR3149,Senecio vulgaris,100,Senecio
TR3149,Sherardia arvensis,0,Sherardia
TR3149,Silene dioica,0,Silene
TR3149,Silene latifolia,0,Silene
TR3149,Silybum marianum,0,Silybum
TR3149,Sinapis alba,0,Sinapis
TR3149,Sinapis arvensis,80,Sinapis
TR3149,Sisymbrium officinale,0,Sisymbrium
TR3149,Solanum dulcamara,0,Solanum
TR3149,Solanum nigrum,0,Solanum
TR3149,Solanum tuberosum,0,Solanum
TR3149,Sonchus arvensis,0,Sonchus
TR3149,Sonchus asper,0,Sonchus
TR3149,Sonchus oleraceus,0,Sonchus
TR3149,Sorbus aucuparia,0,Sorbus
TR3149,Spergula arvensis,0,Spergula
TR3149,Spergularia media,0,Spergularia
TR3149,Stachys arvensis,0,Stachys
TR3149,Stachys palustris,0,Stachys
TR3149,Stachys sylvatica,0,Stachys
TR3149,Stellaria alsine,0,Stellaria
TR3149,Stellaria graminea,0,Stellaria
TR3149,Stellaria holostea,0,Stellaria
TR3149,Stellaria media,0,Stellaria
TR3149,Suaeda maritima,0,Suaeda
TR3149,Succisa pratensis,0,Succisa
TR3149,Symphytum officinale,0,Symphytum
TR3149,Taraxacum agg,0,Taraxacum
TR3149,Taraxacum officinale,0,Taraxacum
TR3149,Teucrium scorodonia,0,Teucrium
TR3149,Thlaspi arvense,0,Thlaspi
TR3149,Thymus polytrichus,0,Thymus
TR3149,Thymus vulgaris,0,Thymus
TR3149,Torilis japonica,0,Torilis
TR3149,Tragopogon pratensis,0,Tragopogon
TR3149,Trientalis europaea,0,Trientalis
TR3149,Trifolium arvense,0,Trifolium
TR3149,Trifolium campestre,0,Trifolium
TR3149,Trifolium constantinopolitanum,0,Trifolium
TR3149,Trifolium dubium,0,Trifolium
TR3149,Trifolium pratense,0,Trifolium
TR3149,Trifolium repens,0,Trifolium
TR3149,Tripleurospermum inodorum,0,Tripleurospermum
TR3149,Tripleurospermum maritimum,0,Tripleurospermum
TR3149,Turgenia latifolia,0,Turgenia
TR3149,Ulex europaeus,0,Ulex
TR3149,Ulex gallii,0,Ulex
TR3149,Urtica dioica,19,Urtica
TR3149,Vaccinium myrtillus,0,Vaccinium
TR3149,Vaccinium oxycoccos,0,Vaccinium
TR3149,Vaccinium vitis,0,Vaccinium
TR3149,Valeriana dioica,0,Valeriana
TR3149,Valeriana officinalis,0,Valeriana
TR3149,Verbena officinalis,0,Verbena
TR3149,Verbena x,0,Verbena
TR3149,Veronica agrestis,0,Veronica
TR3149,Veronica arvensis,0,Veronica
TR3149,Veronica beccabunga,0,Veronica
TR3149,Veronica chamaedrys,20,Veronica
TR3149,Veronica hederifolia,0,Veronica
TR3149,Veronica montana,0,Veronica
TR3149,Veronica officinalis,0,Veronica
TR3149,Veronica persica,0,Veronica
TR3149,Veronica polita,0,Veronica
TR3149,Veronica serpyllifolia,0,Veronica
TR3149,Vicia benghalensis,0,Vicia
TR3149,Vicia cracca,0,Vicia
TR3149,Vicia faba,0,Vicia
TR3149,Vicia hirsuta,0,Vicia
TR3149,Vicia lutea,0,Vicia
TR3149,Vicia sativa,0,Vicia
TR3149,Vicia sepium,0,Vicia
TR3149,Vicia spp,0,Vicia
TR3149,Vicia tetrasperma,0,Vicia
TR3149,Viola arvensis,0,Viola
TR3149,Viola canina,0,Viola
TR3149,Viola palustris,0,Viola
TR3149,Viola riviniana,0,Viola
TR3149,Zea mays,0,Zea
