Gene_ID,cds_length
MT-ND1,956
MT-ND2,1042
MT-CO1,1542
MT-CO2,684
MT-ATP8,207
MT-ATP6,681
MT-CO3,784
MT-ND3,346
MT-ND4L,297
MT-ND4,1378
MT-ND5,1812
MT-ND6,525
MT-CYB,1141
MAFIP,390
RYBP,687
ACR,1266
OGN,897
OMD,1266
SHANK3,5421
IARS1,3789
PRAMEF11,1437
HNRNPCL1,882
PRAMEF2,1425
PRAMEF4,1437
PRAMEF10,1425
PRAMEF7,1425
PRAMEF6,1431
PRAMEF27,1437
HNRNPCL3,882
PRAMEF25,1437
NOL8,3504
HNRNPCL2,882
PRAMEF26,1437
HNRNPCL4,882
PRAMEF9,1437
ARHGEF19,2409
PRAMEF13,1425
CENPP,867
PRAMEF18,1440
PRAMEF5,1431
ECM2,2100
CPLANE2,777
PRAMEF8,1425
ACTG1,1128
ASPN,1140
FBXO42,2154
SZRD1,459
PRAMEF33,1425
SPATA21,1410
PRAMEF22,1440
NECAP2,822
BAHCC1,7920
PADI2,1998
NBPF1,5115
CNTNAP3C,2238
OR8J2,948
OR5T2,1080
OR5T3,1023
OR5T1,981
OR8H1,936
OR8K3,939
OR8K1,960
OR8J1,951
OR8U8,960
OR8U9,930
SYT15B,1425
NPY4R2,1128
FAM25C,270
GRK1,1692
TSPY8,927
TSPY4,945
TSPY9,945
HMX1,1047
C1R,2160
OR4C12,930
OR4C45,921
C1RL,1464
FAM20C,1755
RBP5,408
CLSTN3,2871
PEX5,1983
SERTAD4,1071
HHAT,1485
GCGR,1572
MCRIP1,357
PPP1R27,465
CRLF2,1116
BCL2L14,1083
PLCXD1,972
LRP6,4842
AKAP17A,2088
PPP2R3B,1728
P2RY8,1080
IL3RA,1137
MANSC1,1296
ZBED1,2085
BORCS5,591
DHRSX,993
DUSP16,1998
SLC25A6,897
ASMT,1122
ASMTL,1866
CSF2RA,1203
SHOX,879
GTPBP6,1551
CD99,558
OBP2B,513
SURF6,1086
WASH6P,1437
MED22,603
VAMP7,663
RPL7A,801
IL9R,1566
SURF1,903
BPY2,321
SURF2,771
SURF4,810
ECSCR,618
SMIM33,399
STING1,1140
STKLD1,2043
TGIF2LY,558
CDY2A,1626
REXO4,1269
BPY2C,321
CDY2B,1626
SRY,615
VCY,378
AMELY,579
ADAMTS13,4284
VCY1B,378
RPS4Y2,792
CDY1B,1623
BPY2B,321
CDY1,1665
TSPY3,927
CACFD1,702
SLC2A6,1524
TSPY1,927
ABO,1065
OR9G1,918
OR9G9,918
OR9G4,984
OR5G3,936
TOLLIP,825
BRSK2,2301
DUSP8,1878
KRTAP5-1,837
KRTAP5-2,534
KRTAP5-3,717
KRTAP5-4,687
KRTAP5-5,714
MOB2,807
ZKSCAN7,2265
ZNF660,996
ZNF197,3090
ZNF35,1584
ZNF502,1635
ZNF501,816
KIAA1143,465
KIF15,4167
H3-4,411
H2AC25,393
H2BC26,381
RNF187,708
EIF1AY,435
RHOU,777
TMEM42,480
TGM4,2055
TSPY10,927
ZNF852,1008
RPS4Y1,792
RBMY1B,1491
TSPY2,927
TRIM71,2607
CNOT10,2415
RBMY1F,1491
NLGN4Y,2511
LEUTX,597
DYRK1B,1890
FBL,966
DAZ1,2235
PSMC4,1257
RBMY1E,1491
ZNF546,2511
ZNF780B,2502
RBMY1D,1491
ZNF780A,1929
DAZ4,2172
FCGBP,16218
DDX3Y,1983
FRG2,837
FRG1,777
DUX4L8,1275
DUX4,1275
CARMIL3,4119
TBL1Y,1569
CPNE6,1839
USP9Y,7668
GPR20,1077
PTP4A3,522
C8orf90,579
MROH5,3957
NRL,714
PCK2,1923
ELP5,951
DCAF11,1641
CLDN7,636
SLC2A4,1530
HSFY2,1206
ZFY,2406
YBX2,1095
DAZ3,1317
EIF5A,561
FITM1,879
PSME1,753
RBMY1J,1491
GPS2,984
DAZ2,1965
EMC9,627
TNK1,2001
PSME2,765
PLSCR3,888
NEURL4,4689
RBMY1A1,1491
TMEM256-PLSCR3,207
TMEM256,342
NLGN2,2508
RNF31,3219
SPEM1,930
SPEM2,1506
SPEM3,3591
TMEM102,1527
FGF11,678
HSFY1,1206
PCDH11Y,3747
CHRNB1,1506
TMSB4Y,135
UTY,4335
ACAP1,2223
ZBTB4,3042
SLC35G6,1017
IRF9,1182
POLR2A,5913
KCTD11,816
TMEM95,612
REC8,1644
IPO4,3246
ORAI1,906
KDM5D,4620
TM9SF1,1821
NAT8,684
TPRKB,645
DUSP11,1023
TSSK4,1017
C2orf78,2769
NAT8B,684
KBTBD4,1632
CHMP4A,669
FAM180B,552
C1QTNF4,990
AGBL2,2715
MDP1,531
NEDD8-MDP1,510
NEDD8,246
FNBP4,3054
GMPR2,1284
MTCH2,912
C6orf52,459
PAK1IP1,1179
TMEM14C,339
GCNT2,1209
CCDC40,3429
GAA,2859
EIF4A3,1236
TINF2,1356
TGM1,2454
RABGGTA,1704
DHRS1,942
RPS6KA1,2235
NOP9,1911
CIDEB,660
LTB4R2,1170
LTB4R,1059
ADCY4,3234
RIPK3,1557
NFATC4,2895
DHRS4,837
ITGA9,3108
NXNL2,471
ADIPOR2,1161
CACNA2D4,3465
CTIF,1803
ISLR,1287
IBTK,4062
STRA6,2121
LRTM2,1113
TPBG,1263
DCP1B,1854
CCDC33,2922
CYP11A1,1566
CACNA1C,6756
SEMA7A,2001
UBL7,1143
KPNA7,1551
PADI1,1992
PADI3,1995
PADI4,1992
PADI6,2085
RCC2,1569
CENATAC,999
RPS25,378
TRAPPC4,774
HYOU1,3003
SLC16A1,1503
VPS11,2826
MLXIP,2760
SLC37A4,1290
XYLT1,2880
SLC25A26,825
SAA1,369
PCP4,189
DSCAM,6039
HPS5,3390
GTF2H1,1647
PLCL2,3384
LDHA,1086
TMEM131,5652
FAHD2B,945
ANKRD36,5748
COX5B,390
ACTR1B,1131
C2orf92,798
ANKRD36B,4062
ZAP70,1860
DDX51,2001
NOC4L,1551
CTTN,1905
GALNT9,1812
PPFIA1,3729
HBP1,1545
RTP1,792
RTP4,741
MASP1,2187
COG5,2583
PCDHA1,2853
PCDHA2,2847
PCDHA3,2853
PCDHA4,2844
PCDHA5,2811
PCDHA6,2853
PCDHA7,2814
PCDHA8,2853
PCDHA9,2853
PCDHA10,2847
PCDHA11,2850
PCDHA12,2826
PCDHA13,2853
PCDHAC2,3024
PCDHB1,2457
PCDHAC1,2892
GPR22,1302
PCDHB2,2397
DUS4L,954
PCDHB4,2388
PCDHB5,2388
PCDHB6,2385
PCDHB7,2382
PCDHB8,2406
PCDHB16,2331
PCDHB9,2394
PCDHB10,2403
PCDHB11,2394
PCDHB12,2388
PCDHB13,2397
PCDHB14,2397
BCAP29,723
PCDHB15,2364
PCDHB3,2391
GJA10,1632
CASP8AP2,5949
KLLN,534
PTEN,1731
LIAT1,1272
VPS53,2499
RFLNB,645
RNF135,1299
OMG,1323
EVI2B,1347
OR4M2,939
OR4N4,948
POTEB,1632
NIPA1,987
CYFIP1,3759
GOLGA6L1,1248
SLC5A11,2028
GOLGA8DP,1905
GOLGA6L2,1242
MAGEL2,3747
NDN,324
GOLGA6L6,1422
POTEB2,1746
POTEB3,1746
OR4M2B,939
OR4N4C,948
ARHGAP17,2646
KAT6B,6222
RNF139,1995
TATDN1,966
HSF1,1590
DGAT1,1467
ZNF558,1209
MBD3L1,585
MUC16,46050
SCRT1,1047
CATSPERQ,708
FBXL6,1620
ADCK5,1743
CPSF1,4332
MED10,408
UBE2QL1,486
MEF2D,1566
IQGAP3,4896
DUSP29,663
TTC24,1749
HAPLN2,1023
GPATCH4,1341
SLC39A4,1944
VPS28,702
COL3A1,4401
SLC52A2,1338
LTN1,5439
RWDD2B,960
USP16,2472
CCT8,1647
MAP3K7CL,729
OR4K2,945
OR4K5,972
OR4K1,936
OR4K15,975
OR4K14,933
OR4K13,915
OR4L1,939
OR4K17,939
OR4N5,927
OR11G2,936
OR11H6,993
OR11H4,945
TTC5,1323
CCNB1IP1,834
PARP2,1752
TEP1,7884
KLHL33,2394
OSGEP,1008
APEX1,957
PIP4P1,855
PNP,987
RNASE10,651
OR4K3,947
OR4Q2,942
OR11H7,945
SEL1L2,2067
TCEAL2,684
BEX5,336
TCEAL6,603
ZNF496,1764
VN1R5,1074
APOB,13692
TDRD15,5805
NKRF,2355
ERICH6B,2091
OR8U1,930
OR8U3,975
PRR20B,666
OR5M9,933
OR5M3,924
OR5AL1,990
OR5M8,936
PRR20D,666
GPRC5C,1461
PRR20E,666
CD300A,900
CD300LB,606
CD300C,675
CD300LD,585
POU4F1,1260
CD300H,606
PRR20A,666
IFNL3,603
IFNL2,603
IFNL1,603
LRFN1,2316
GMFG,429
PRR20C,666
IFNL4,540
SOX1,1176
NALF1,1377
FCER1A,774
OR10J1,963
OR10J3,990
OR10J4,936
CSNK1A1L,1014
LRTM3,21246
BIVM-ERCC5,4923
PNLIPRP1,1404
SPMIP5,705
PNLIPRP2,1410
SLITRK1,2091
KBTBD6,2025
KBTBD7,2055
CCDC70,669
KCTD12,978
SLC10A2,1047
HNRNPA1L2,963
ZIC5,1920
GSX1,795
OR52J3,936
OR52E2,978
OR52E1,927
INPP5D,3570
ATP4B,876
ATG16L1,1875
GBA3,1410
KCTD4,780
PABPC3,1896
AMER2,2016
CCDC169-SOHLH2,1509
ACOD1,1446
GPC6,1668
TMPRSS15,3060
SOX21,831
SQSTM1,1323
KRTAP25-1,309
RUFY1,2127
SAG,1218
CLDN17,675
URAD,522
KRTAP24-1,765
CLDN8,678
RNF113B,969
CBY3,729
CANX,1779
C13orf46,639
EIF3K,657
C13orf42,978
CFAP298-TCP10L,1170
ACTN4,2736
MAML1,3051
LTC4S,453
GET1-SH3BGR,822
MGAT4B,1692
TFF2,390
LGALS4,972
H2BC12L,381
KRTAP10-1,849
KRTAP10-2,768
KRTAP10-3,666
KRTAP10-5,816
KRTAP10-6,1098
KRTAP10-7,1113
KRTAP10-8,780
KRTAP10-10,756
KRTAP10-11,897
ECH1,987
KRTAP12-4,339
KRTAP12-3,291
KRTAP12-2,441
KRTAP12-1,291
OLIG1,816
KRTAP8-1,192
KRTAP7-1,264
KRTAP11-1,492
KRTAP19-8,192
ADAMTSL3,5076
HNRNPL,1770
MRNIP,1032
ERVH48-1,483
SH3GL3,1068
KRTAP10-9,879
KRTAP10-4,1206
ZSCAN2,1845
WDR73,1137
KRTAP26-1,633
KRTAP27-1,624
KRTAP13-2,528
KRTAP13-1,519
KRTAP15-1,414
KRTAP19-1,273
NMB,465
KRTAP19-2,159
KRTAP19-3,246
KRTAP19-4,255
KRTAP19-5,219
RINL,1701
KRTAP19-6,177
KRTAP19-7,192
KRTAP22-2,138
KRTAP22-1,147
KRTAP20-1,171
KRTAP20-4,135
KRTAP20-2,198
KRTAP20-3,135
KRTAP21-3,177
KRTAP21-2,252
KRTAP21-1,240
KRTAP23-1,198
KRTAP13-3,519
SIRT2,1170
KRTAP13-4,483
TBC1D9B,3753
KRTAP6-2,189
KRTAP6-1,216
SYT8,1206
TNNI2,549
LSP1,1404
HNRNPH1,1359
NFKBIB,1071
RASA3,2505
CCER2,801
SARS2,1563
KRTAP10-12,738
MRPS12,417
FBXO17,837
PRR33,1440
TNNT3,810
CAPN12,2160
LGALS7B,411
LGALS7,411
MRPL23,576
OR4F4,972
ZP2,2238
TWIST2,483
ANKS4B,1254
NPIPB5,3150
POLR3E,2127
EEF2K,2178
MOSMO,501
PDZD9,795
NPIPB4,3162
METTL9,846
IGSF6,726
NPIPB11,3147
PTCHD3,2865
PFDN5,471
MYG1,1131
AAAS,1641
SP7,1296
OR10A3,945
OR5P2,969
OR5P3,936
OR10A6,945
NLRP10,1968
MSRB1,681
RPL3L,1224
NDUFB10,519
RPS2,882
RNF151,738
TBL3,2427
DLG5,5760
NOXO1,1131
GFER,618
SYNGR3,719
NPW,498
ZNF598,2715
DEFA5,285
MSRA,708
CMC2,282
CENPN,1062
ATMIN,2472
C16orf46,1188
GCSH,522
XKR5,2061
DEFA1B,285
FAM90A19,1395
FAM90A7,1395
FAM90A10,1395
PRR23D1,840
DEFB107B,213
DEFB106B,198
DEFB104B,219
DEFB103B,204
DEFB4B,195
USP17L4,1593
USP17L1,1593
FAM90A20,1395
FAM90A3,1395
FAM90A23,1395
USP17L7,1181
ZNF705D,903
DEFB130B,240
DEFB134,201
DEFB135,234
DEFB136,237
OOSP1,603
CTSB,1116
OOSP4A,555
OOSP4B,483
OOSP2,477
MS4A3,645
RPN2,1965
GHRH,327
MANBAL,258
SRC,1662
MROH8,3159
FDFT1,1425
NEIL2,999
GATA4,1332
PHLDA2,459
CARS1,2496
BLK,1518
FAM167A,645
SLC35G5,1017
MTMR9,1650
XKR6,1149
PINX1,1017
SOX7,1167
RP1L1,7182
C8orf74,885
PRSS55,1059
PRSS51,798
TNKS,3984
C1GALT1C1,957
CT47B1,900
PPP1R3B,858
CT47A6,867
CT47A5,867
ERI1,1050
CT47A4,867
MFHAS1,3159
CT47A3,867
CT47A2,867
CLDN23,879
CT47A1,867
GLUD2,1677
PRAG1,4215
FAM90A9,1395
FAM90A17,1395
FAM90A16,1395
ZNF705G,903
PRR23D2,1038
DEFB107A,213
DEFB105A,234
DEFB106A,195
DEFB104A,219
SPAG11A,402
DEFB103A,204
DEFB4A,195
KCNQ1,517
ZNF705B,903
USP17L8,1593
USP17L3,1593
NAP1L4,1161
FAM86B2,993
LONRF1,2322
TRMT9B,1365
DLC1,3276
AGPAT5,1095
DEFB1,207
DEFA6,303
DEFA4,294
DEFA1,285
DEFA3,285
DEFB105B,237
SPAG11B,402
CDKN1C,951
DEFB108C,252
DEFB109B,264
DEFB109D,264
DEFB109C,264
FAM90A12,1395
FAM86B1,984
SLC67A1,1275
LRRC56,1629
PHRF1,4950
CASP12,1026
TAS2R7,957
TAS2R8,930
TAS2R9,939
PRR4,501
LMNTD2,1905
ZYX,1719
RNH1,1386
TAS2R10,924
TAS2R13,912
PRH2,501
TAS2R14,954
TAS2R50,900
TAS2R20,930
TAS2R19,900
TAS2R31,930
TAS2R46,930
TAS2R43,930
TAS2R45,900
TAS2R30,960
EPHA1,2931
AP2A2,2753
DRD4,1260
TAS2R60,957
DEAF1,485
TAS2R41,924
OR10AC1,979
CTAGE15,2334
CTAGE6,2334
IRF7,1551
OR2F2,954
OR2F1,954
OR6B1,936
TCAF2,2760
MUC6,12123
MUC2,8454
HRAS,570
RASSF7,1122
CDHR5,2538
PRB1,993
PRB3,1056
TAS2R42,945
FOXO6,1680
SCT,366
PTDSS2,1180
PRB4,744
PRH1,564
CTAGE1,2238
MARCHF8,723
OR13A1,987
ALOX5,2025
MC4R,999
DNAH10,9591
CCDC92,996
SLC5A8,1833
ANO4,530
RPL17-C18orf32,687
ONECUT2,1515
PIWIL1,2586
SERPINB11,1179
TMEM255B,46
C18orf63,2058
SERPINB12,1278
ELOA2,2262
CETN1,519
LRRC30,906
MC5R,978
SPACA7,588
TUBGCP3,638
SERPINB10,1194
SLC35G4,1017
CHMP1B,600
TUBB8B,1335
METTL21EP,756
C21orf140,756
SMIM34,420
TMEM179,702
C14orf180,534
MLNR,1239
SLC25A52,894
KRTAP6-3,312
TC2N,1473
CATSPERB,3351
KRTAP5-6,390
IFITM10,150
EDNRB,1329
NAALAD2,2223
ZIC2,1599
NUFIP1,1488
TUBGCP5,3075
ADARB1,2106
CDK8,1395
CHORDC1,999
RB1,2787
GOLGA6L22,1980
IQSEC3,3114
GPR18,996
SMAD9,1404
GOLGA8F,1947
GOLGA8G,1947
TIAM1,4776
RGCC,414
ENTREP2,1620
PROZ,1203
APBA2,2250
HERC2,72
ATP23,741
OCA2,2244
SLC25A30,876
NSMCE3,915
CHRFAM7A,1239
GOLGA8T,1896
ARHGAP11B,804
CHRNA7,1506
ARHGAP11A,3072
GOLGA8Q,1899
OVOS2P,4302
RRP1B,2277
TRPM1,4929
STOML3,876
GOLGA8N,1899
SINHCAF,666
SCG5,651
ATP11A,3405
IL10RB,978
GREM1,555
TJP1,5307
NEK3,1521
GOLGA6L10,1653
IFNAR2,1548
GOLGA6L9,1299
GOLGA8J,1899
FAN1,3054
RPS17,411
MTMR10,2334
CPEB1,1881
KLF13,867
BIVM,1512
SNTB2,580
UTP4,1535
SCAF4,3444
ZDHHC20,1098
HS3ST6,1029
SERTM1,324
ARL11,591
UFM1,258
DECR2,879
RAB11FIP3,2271
MICU2,1305
CTRB2,792
CTRB1,789
ZG16B,519
PRSS22,1338
GTF2F2,750
RXFP2,2265
SOHLH2,1278
C2CD2,2091
INTS6,2664
AIRE,1638
KRTAP17-1,318
CLDN14,720
KRT33A,1215
KRT33B,1215
CCL3L3,282
KRT31,1251
KRT37,1350
KRT34,1185
KRTAP2-3,387
KRTAP2-4,387
CCL18,270
KRTAP4-11,588
KRTAP4-12,606
KRTAP4-5,546
KRTAP4-4,501
KRTAP4-8,558
KRTAP16-1,1554
KRTAP4-2,411
KRTAP9-3,480
KRTAP9-8,480
KRTAP9-4,465
KRTAP29-1,1026
KRTAP4-6,618
KRTAP4-9,633
CCL3,279
KRTAP4-7,468
KRTAP2-2,372
KRTAP4-16,708
IFNAR1,1674
CCL4,279
CCL4L2,312
TBC1D3B,1650
FARP1,3138
TBC1D3I,1650
C21orf58,969
SERPINF1,129
SCARF1,2493
PRIMA1,462
IFI27,369
SCGB1C2,288
PPP4R4,2622
RPH3AL,948
TLCD2,795
WDR81,5823
B3GALT5,933
MOAP1,1056
LYSET,510
SERPINA6,1218
BTBD7,3399
DOC2B,1239
SLC43A2,1722
IFI27L1,318
ATP5PF,327
UNC79,7974
RILP,1206
PRPF8,7008
SERPINA10,1455
UBR7,1278
METRNL,936
ASB2,1908
SERPINF2,1476
TBCD,1515
ITPK1,1245
PARP4,5175
QTGAL,1086
OTUB2,705
TTC3,6078
FAM181A,1065
COX8C,219
IFI27L2,393
CHGA,1374
DDX24,2580
GON7,303
SERPINA1,1257
SERPINA2,1266
ABR,2469
DNMT3L,1161
WDFY2,1203
SGPP1,1326
FTCD,1626
TRARG1,14
NXN,360
YWHAE,768
TIMM22,585
CHAMP1,2439
NUDT15,495
MEDAG,912
SUCLA2,1392
MEGF11,2710
KRTAP9-2,525
KRTAP9-9,510
KRTAP9-6,483
KRTAP9-7,510
LRRC37A2,5103
MAPT,2331
HS6ST3,1416
CRYL1,960
PLEKHM1,3171
SEPTIN9,31
ARHGAP27,2670
RNASEH2B,939
TRIM69,1503
B2M,360
KANSL1,3318
LRRC37A,5103
LRRC37A3,5103
KRT12,1485
KRT20,1275
KRT23,1269
SPPL2C,2055
ARL17B,546
KRT39,1476
KRT40,1296
NSF,2235
KRTAP3-3,297
KRTAP3-2,297
KRTAP3-1,297
KRTAP1-5,525
KRTAP1-4,366
KRTAP1-3,504
KRTAP1-1,534
KRTAP2-1,387
NUTM1,3483
PDE9A,1782
LPCAT4,1575
GOLGA8A,1812
STH,387
NOP10,219
CRHR1,1335
WNT3,1068
TRIM13,1224
RCBTB2,1656
SLC39A11,254
SKA1,768
BOD1L2,519
DEFB129,552
DEFB125,471
INSM1,1533
DEFB128,282
DEFB126,336
OLFM4,1533
COMMD6,258
SCRT2,924
DEFB127,300
DEFB115,267
DSC1,2685
MC3R,972
NBEA,8904
SCP2D1,471
BHLHE23,726
DSEL,3669
ATP12A,3120
SYS1-DBNDD2,294
CXXC1,1971
SERPINE3,1215
STX16-NPEPL1,1149
ITGBL1,1485
GTSF1L,447
OTOR,387
R3HDML,762
XKR7,1740
FAM83C,2244
TGIF2-RAB5IF,468
CTDP1,2417
AVP,495
FOXS1,993
ATP9B,119
SALL3,3903
SIRPD,594
C20orf144,462
PRND,531
SCEL,2067
MAFB,972
SPINT3,270
EPPIN-WFDC6,561
ZCCHC3,1212
MOCS3,1383
SOX12,948
WFDC13,282
SPINT4,300
ZNF831,5034
ACTL10,738
PEDS1-UBE2V1,1113
CSTL1,438
OCSTAMP,1701
GCNT7,927
TAF4,3258
C20orf202,300
HMGB1P1,636
ANKRD60,1038
BPIFB4,1845
BPIFA2,750
BPIFB3,1419
CACNA1I,6672
RTEL1-TNFRSF6B,2358
SETBP1,4791
DEFB121,231
WFDC12,336
KIR3DL3,1233
DEFB116,309
FAM210A,819
DEFB118,372
KIR2DL3,1026
NPBWR2,1002
KIR3DL2,354
SSTR4,1167
THBD,1728
ABHD16B,1410
LMAN1,1533
ENTHD1,1824
PKDREJ,6762
FAM9A,999
BEND2,2400
RFPL3,954
KLHL34,1935
MIB1,3021
SPECC1L-ADORA2A,2736
DNAJC28,1167
S100G,240
KIR2DL4,1134
H2AP,354
FAM47B,1938
PIGP,405
MAGEB10,1044
PPP1R3D,900
ITIH6,3942
MTCL1,6036
YY2,1119
CENPB,1800
AKAP4,2565
KIR2DS1,990
FOXR2,936
MAGEH1,660
ZNF516,3492
GRP,447
PABPC1L2A,603
KIR2DL1,1125
CRYAA,522
ZNF840P,2079
STARD6,663
EFCAB8,3867
TRPM2,4512
ZNF521,3936
MAGEE1,2874
CEBPB,1038
TGIF2LX,726
NPIPA5,1053
NOMO1,3804
CCL23,414
NDC80,1929
SEC14L2,1212
TEX13B,939
TBC1D3G,1650
MAGEE2,1572
POU3F4,1086
FAM236C,240
PPP1R2C,609
CCL16,363
KIR3DL1,1335
DDX52,1800
DCAF8L1,1803
SPIN4,750
DCAF12L2,1392
OTUD6A,867
SPANXB1,312
CLUL1,1401
MAGEC2,1122
RRN3,1956
KIR2DS4,893
TFDP3,1218
TBC1D3K,1650
CT47A12,867
TSSK2,1077
GSC2,618
DOK6,996
CT47A11,867
LYZL6,447
AMER1,3408
RSPH1,930
SPANXC,294
MRPL45,921
SPANXN1,219
PARN,1920
TBC1D3L,1650
HSFX1,1272
CHKB-CPT1B,183
CT47A7,867
SPATC1L,1023
ACACA,7152
CELF4,1461
H1-0,585
RIMBP3C,4920
GPR50,1854
C22orf31,873
PASD1,2322
WDR4,1239
PLA2G10,498
SPANXD,294
CXorf51B,327
APOL5,1302
NAP1L3,1521
OR11H1,948
SPANXA2,294
TMEM121B,1737
CEP20,597
IL17REL,1524
PDXDC1,2421
TMA7B,195
FAM246C,698
H2AB3,348
MCHR1,1062
OPN1LW,1095
TPTEP2-CSNK1E,1251
OPN1MW,1095
TTLL8,2259
RIMBP3B,4920
TBX1,1515
PAXBP1,2754
SSX7,567
MN1,3963
GSTT2,735
POTEH,1638
F8A3,1116
PABPC1L2B,603
RBMXL3,3204
HSFX4,1002
PNMA6A,1200
SOX3,1341
RPL36A-HNRNPH2,357
ABCC6,4512
DUSP21,573
GAGE2E,331
DLGAP1,2934
GAGE12B,23
GPR101,1527
MYO19,2913
UBQLN2,1875
MPV17L,591
RIMBP3,4920
NTAN1,933
C22orf42,756
RFPL1,954
IRS4,3771
TMEM191B,1041
NPIPA3,1110
GART,3033
BMERB1,615
ESX1,1221
CTAG1A,543
NPIPA6,1110
SRPX2,1398
PCGF2,1035
BFAR,1353
EPG5,7740
PRR5-ARHGAP8,1932
CT45A3,570
MLLT6,3282
CT45A2,570
NDE1,1008
SOWAHD,948
RNF113A,1032
FTHL17,552
GSPT2,1887
ZNHIT3,468
MARF1,5229
HSFX3,1002
MAGEB18,1032
DNAJB7,930
MAGEB6,1224
MAGEB5,828
RIOK3,1560
TADA2A,1332
MAGEA9,948
CT47A10,867
CT47A9,867
CT47A8,867
ABCC1,4596
HSFX2,1272
H2AB1,348
F8A1,1116
MRM1,1062
UBE2L5,465
GUCY2F,3327
F10,1467
GGNBP2,2094
KCNE5,429
H2AB2,348
F8A2,1116
ARSH,1689
PGAM4,765
CCL15,342
GPR119,1008
PIP4K2B,1251
MAGEB4,1041
NPIPA1,1110
AATF,1683
NOMO3,3804
OR13H1,927
SPACA5B,480
MAGEB3,1041
OPN1MW2,1095
TEX26,870
CCT8L2,1674
CCDC102B,1542
TBC1D3H,1650
FAM236D,240
ACTRT1,1131
CTAG1B,543
CTAG2,543
IPO5,3294
MPC1L,411
GAB4,1725
SPMAP1,465
SOCS7,1746
GAGE1,354
EPOP,1140
RDM1,855
ATXN3L,1068
VCX3B,741
FAM47A,2376
TEX13D,2145
CNGA2,1995
HAPSTR2,822
PMAIP1,165
RS1,675
ZNF24,1107
SUPT20HL1,2664
SUPT20HL2,2454
SMIM9,300
KIAA1210,4602
CXorf51A,327
MYH11,5940
CT45A7,570
HEATR9,1713
USP26,2742
LPIN2,2691
H2AL1Q,600
DGAT2L6,1014
POSTN,2511
AWAT1,987
P2RY4,1098
TRPC5,2922
TEX13C,2982
FAM47C,3108
HNF1B,1674
MAGEA1,930
PWWP4,6186
MBD2,1236
OPN1MW3,1095
PIGW,1515
H2AL3,447
MAGEB6B,1224
CCL5,451
SPANXA1,294
TEX28,1233
SRCIN1,3654
SMIM10,252
ATP5F1A,1662
DUSP14,597
FCAR,864
GPR179,7104
CISD3,384
LHX1,1221
SYNRG,3945
GLRA2,1359
NPIPA7,1110
NCR1,682
RTL5,1710
CWC25,1278
NPC1,3837
C17orf78,828
XPO4,3456
CCL14,330
MMP28,1563
ZCCHC13,501
H2BW2,447
CPAP,4017
TKTL1,1791
CES5A,1815
TAF15,1779
UBE2NL,462
CBS,1656
CES1,1707
CCL15-CCL14,342
USP27X,1317
DHRS11,783
DDX53,1896
PPP4R3C,2499
BMP15,1179
RBBP8P1,1308
KIR2DL5A,1125
CBLL2,1278
ARHGAP23,4476
TXNL4A,429
ZMYM5,2010
CDH19,2319
PSMB3,618
TBC1D3F,1488
ARGLU1,822
METTL21C,795
GRTP1,1011
DIPK1C,1260
RAX,1041
ANKRD12,6189
MBNL2,1176
KIR2DS5,915
KIR2DS3,915
KIR2DS2,915
ZSCAN30,1485
ABCC4,3978
KIR3DS1,1167
GLIS2,1575
VASN,2022
CORO7-PAM16,3147
NMRAL1,900
HMOX2,1113
PAM16,438
DNAJA3,1443
CLN5,1077
TBC1D4,3897
CDIP1,627
CORO7,2778
UBL3,354
KIR3DP1,987
NAXD,990
DYNAP,555
CEP76,1980
DNAJC3,1515
CNDP1,1524
KIR2DL5B,1128
THSD1,2559
COL18A1,4020
KCNRG,819
KATNAL2,1617
LRRC63,1764
FNDC3A,3597
CMTR2,2313
CALB2,816
TUBB6,1341
SERP2,198
GPR183,1086
BRCA2,10257
SERPINB3,1173
FBXL3,1287
PCID2,1200
SERPINB2,1248
USP14,1485
RIT2,654
ARK2N,1215
ERCC5,3561
HDHD2,780
MYCBP2,14037
KIR2DL2,1047
LIPG,1503
EFNB2,1002
ENOX1,1932
TRAPPC8,4308
BTG3,759
HELZ2,7950
BPIFB6,1362
HLCS,2622
WNT9B,1074
GFRA4,810
ADPRHL1,5904
C1QTNF9B,1002
LIPI,1383
HTR2A,1416
SUMO3,312
CDX2,942
DCLK1,2223
RIPPLY3,573
CST9,480
PRDM15,3426
SERPINB13,1176
CST4,426
LMO7,4896
MOCOS,2667
KDSR,999
C20orf204,570
WFDC9,270
SLC19A1,1776
WFDC11,264
APCDD1,1545
FAM246B,699
WDR7,4473
FAM246A,699
PSKH2,1158
SIK1,2352
DCAF4L2,1188
HSF2BP,1005
TSPYL5,1254
SLC39A6,2268
STARD13,3342
KLHDC7B,3708
PRMT2,1302
CD93,1959
TFAP2C,1353
ODF1,753
EZHIP,1512
VSTM1,711
CENPVL3,819
SNAI1,795
CENPVL2,819
CENPVL1,819
DEFB124,216
CST8,429
BHLHE22,1146
ATP5MGL,303
VWA8,5718
TARM1,816
OSCAR,861
NEDD4L,2928
NDUFA3,255
TFPT,762
PRPF31,1500
LYNX1-SLURP2,396
TMC2,2721
CNOT3,2262
LENG1,795
SLPI,399
TMC4,2139
MBOAT7,1419
ADNP,3309
TSEN34,948
RPS9,585
LILRA3,1470
LILRA5,900
LILRA4,1500
LAIR1,864
CRNKL1,2064
FLII,3810
CYP2D7,1342
MOS,1041
VPS36,1161
POTEA,1929
CCDC166,1320
WDR97,4869
C8orf44-SGK3,1491
RFPL2,1137
TYW2,1347
TNNC2,483
MIEF2,1398
RPA4,786
CNGB3,2430
UBE2V1,444
TOP3A,3006
PACSIN2,1461
NKX2-6,906
ING1,840
MAFA,1062
TIGD5,1929
TGDS,1053
KCNU1,3450
SMCR8,2814
ARMCX5-GPRASP2,1644
SHMT1,1452
EVPLL,906
IL17D,609
NLRP7,3114
ATP8A2,3567
NLRP2,3189
LGALS9C,1071
GP6,1863
RAB40AL,837
RDH13,783
SLC35H1,1098
ZHX1-C8orf76,879
FABP9,399
SLC10A5,1317
USP17L2,1593
RTL8B,342
RTL8C,342
RTL8A,342
RUBCNL,1989
GNG5B,207
ZXDB,2412
NLRP2B,138
ZXDA,2400
ETDC,180
CLDN34,645
UBAC2,1035
ZNF430,327
RRS1,1098
ZNF85,1788
ZNF66,1806
SPRY2,948
TM9SF2,1992
CRIPTO3,567
NAP1L2,1383
OR4M2-OT1,951
FAM90A22,1395
FAM90A8,1395
FAM90A18,1395
FAM90A14,1395
C15orf62,528
LDHAL6B,1146
BUB1B-PAK6,424
GPI,849
HCN4,3612
KL,3039
DACH1,2121
SLC25A32,948
GOLGA6A,2082
GARRE1,388
RNF6,2058
ARMCX4,6873
XKR4,1953
GABRQ,1899
HMOX1,867
ZNF157,1521
GSDMC,1527
FMR1NB,768
ZNF729,30
ZNF676,1767
CXorf49B,1545
C8orf48,960
SNU13,387
CXorf65,552
IGF1R,4104
TCP11X2,1509
VCX2,420
LILRB3,1947
SPANXN5,219
SPANXN3,426
ARL13A,771
RFC3,1071
ARC,1191
HDHD5,1272
TCP11X1,1509
VBP1,594
TCIM,321
FAM90A13,1395
FAM90A5,1395
FAM90A11,1395
CEACAM4,765
FAM90A24,1395
LILRA6,1446
CEACAM21,882
GAGE12E,354
CEACAM7,92
BCAP31,741
GPC5,1719
ELL3,1194
LILRB5,1932
EPSTI1,924
GOLGA8O,1899
LILRB2,1797
AHCY,1299
CLYBL,1023
ARFGAP3,1551
FASTKD5,2295
PGBD4,1758
PCDH9,3714
PIGU,1308
PAN3,2664
TTYH1,1383
LDOC1,441
CITED1,582
CFAP161,906
ZMYM2,4134
MAGT1,1008
LENG8,2403
TGM7,2133
NPEPL1,1572
LENG9,1437
CDC42EP5,447
LAIR2,459
TBC1D22A,1554
KIR3DX1,1059
JMJD7-PLA2G4B,3039
LILRA2,1473
TBL1X,1734
LILRA1,1521
SPTBN5,11025
PFKL,2343
LILRB1,1959
PFKFB1,1416
MESP2,1194
LILRB4,1350
ARPIN-AP3S2,1185
B4GALT6,1149
CDS2,1338
ST20-MTHFS,540
SKOR2,3048
KBTBD13,1377
SERPINB4,1173
ALPK2,6513
AGBL1,3366
BEX1,378
DCT,1560
MTCP1,324
DIAPH3,3582
RALBP1,1968
PLXNB3,5730
CPNE1,1614
BNC1,2985
ANKRD63,1143
SLC28A3,2076
C22orf23,654
GOLGA6L4,1725
FOXD4L3,1254
GOLGA8H,1899
SBNO2,4101
SERPINB5,1128
ATP11C,3390
APOL3,996
HSPH1,2577
CCBE1,1221
TLNRD1,1089
INAFM2,462
CHST14,1131
SPATA31A6,4032
GAS1,1038
ARHGAP11A-SCG5,1878
GOLGA8M,1899
MSANTD3-TMEFF1,1026
RPL17,555
GOLGA6L7,1869
CHADL,2289
PHETA2,780
CCDC117,840
CSAG3,384
GOLGA6L25,2481
GOLGA6L26,1950
GOLGA6L24,2499
PRRG3,696
PLA2G4E,2520
GUCD1,720
FAM221B,1209
HRCT1,348
OR2S2,960
AZU1,756
PQBP1,798
PRTN3,771
PPP3R2,513
PLPPR3,75
MED16,1493
SUSD2,2469
TMEM203,411
CIMIP2A,954
NRARP,345
ELANE,804
CFD,783
ACTL7B,1248
ACTL7A,1308
QRFP,411
PRDM12,1104
IER5L,1215
AP1B1,2850
SPATA31A1,4044
GOLGA8S,1917
C2CD4A,1110
OR1K1,951
TPTE2,1569
GOLGA8K,1893
CLDN10,687
NDUFA11,687
NFATC1,2832
VMAC,510
FUT3,1086
PRKACG,1056
SPATA31A5,4044
MTIF3,837
OR4F6,939
OR4F15,939
GOLGA8R,1896
WBP2NL,930
GOLGA6C,2082
BAIAP2L2,1590
COG6,1974
OR13F1,960
OR13C4,957
OR13C8,963
OR13C5,957
OR13C2,957
OR13C9,957
FRRS1L,882
RRAGA,942
CCL27,339
RAB12,1023
CEL,2262
GALR1,1050
DPM1,783
SYT4,1278
EIF3D,1647
NKAP,1248
TAF1L,5481
DCC,4344
RCAN1,759
FOXD4,1320
KCNV2,1638
DOLK,1617
OR1J1,969
RIMS4,810
OR1J2,942
OR1J4,942
OR1Q1,945
OR1L1,933
HRH4,1173
ADIG,243
DNAJC25-GNG10,462
BCOR,5268
ZBTB21,3201
OR2K2,951
ZSWIM3,2091
TUSC1,630
TPP2,3789
NDUFV2,750
ATP5PO,642
TNFRSF14,852
IFNB1,564
IFNW1,588
IFNA21,570
OR1L3,975
OR13J1,939
SPATA31E1,4338
NUTM2F,2271
NCOA3,4275
LCN9,474
PROSER1,2835
SPATA31C2,3405
TTC34,1701
MMEL1,2340
FAM240B,237
FOXD4L5,1251
RPP25,600
FOXD4L4,1251
GOLGA6D,2082
IFNA17,570
IFNA14,570
IFNA5,570
IFNA2,567
IFNA8,570
IFNA1,570
IFNE,627
NANOGP8,918
PANK4,2322
RLN1,558
IFNK,624
PLCH2,4251
GGACT,462
OR13C3,954
OR13D1,945
CKAP2,2049
COLEC12,2229
BACH1,2211
HES5,501
GPR82,1011
SPATA31A7,4044
PHEX,2250
PRXL2B,741
SPATA31A3,4044
IFNA13,573
SS18,1257
ADAMTS1,2904
PABIR1,864
SPATA31D4,2754
SPATA31D3,2754
SLC7A1,1890
SPATA31D1,4731
OR13C7,959
SYNJ1,3936
LIG4,2736
CASK,2781
CYSRT1,435
INTS3,3129
IRS2,4017
TNFSF11,954
CCDC187,6234
FREM2,9510
SPATA31C1,3567
KLF12,1209
OR2T4,1047
OR2T2,975
PLPP6,888
OR2T1,1110
OR2T6,927
OR2T7,927
OR2T3,957
OR2T5,948
CBR3,834
OR1N1,936
OR1N2,951
OR1L4,936
OR1L6,936
DIP2A,4716
OR5C1,963
LCP1,1884
GATAD2B,1782
GCOM1,2298
SLC27A3,2436
OR1B1,954
PCDH17,3480
SLITRK5,2877
CHGB,2034
USP12,1113
VPREB1,438
CELSR1,9060
GMEB2,1593
BCL2,720
FOXD4L6,1254
SKA3,1239
INO80C,579
IFNA4,570
IFNA7,570
IFNA10,570
IFNA16,570
FOXE1,1122
NKX2-4,1065
SRXN1,414
ATP6V1G3,375
MRPS26,618
PTPRC,1714
SALL4,3162
SLC14A2,2763
RAB20,705
FLT1,4017
WFDC10A,240
MYH9,5883
LAMA5,11088
NETO1,1602
CLK2,1500
GATA6,1788
LINC02203,951
PKLR,1725
DSG2,3357
SOX18,1155
PPIAL4F,495
ZHX3,2871
SCAMP3,1044
GBA1,1611
FRY,9042
NPAP1,3471
KCNQ2,2619
HCN3,2325
POTEC,1629
ENTREP3,2007
IMPACT,963
SLC9D1,2034
MBP,915
CRYBB3,636
DYRK1A,2265
F13B,1986
KCNT2,3408
GTPBP1,2010
CFHR5,1710
CFHR2,1068
KIR2DP1,1050
ZMAT5,513
SLC25A24,1434
NBPF6,2004
NBPF4,1917
B3GALNT2,1509
RNF125,699
ZNRF3,2811
AFG3L2,2394
ADAMTS5,2793
NFS1,1374
MED18,627
HUNK,2145
HORMAD2,924
BLOC1S5-TXNDC5,411
ATP5IF1,321
SLITRK6,2526
HDGFL1,756
OLIG2,972
SESN2,1443
NALCN,5217
COL6A1,3087
SOX4,1425
OR14I1,936
GTSE1,2220
FOXC1,1662
OR2G6,951
NHLRC1,1188
OR2T29,948
OR2T34,957
OR2T10,939
OR2T11,951
OR2T35,956
OR2T27,954
POU3F2,1332
ATP7A,4503
GLYATL3,867
APOBEC3B,1149
CYYR1,468
DGCR6L,663
TSPYL4,1245
GFRAL,1185
IGSF5,1224
EVA1C,1326
RSPH14,1047
DZANK1,2334
MPHOSPH8,2583
THAP7,930
TINAG,1431
PCMTD2,1086
ADA2,1536
CDH4,1701
OPRL1,880
TAAR6,1038
CNMD,1005
MYT1,3447
TRAPPC3L,546
VCX,621
ZIC3,1404
TAAR2,1056
HS3ST4,1371
ADCYAP1,531
LRRC3,774
SMAD4,1659
CHAF1B,1680
PNCK,1032
OPRM1,1203
TUBA3C,1353
SEC14L4,1221
KATNAL1,1473
CAPNS2,747
FOXC2,1506
CYB5A,405
AKAP11,5706
ADAMTS18,3666
EPCIP,801
SAMSN1,1122
PDX1,852
TSC22D1,3222
LZTR1,2523
ZNF396,1008
APOBEC3A,600
CLDN9,654
SMCHD1,6018
POMP,426
OR2C1,939
CSTB,297
C16orf90,549
SH3BGR,531
OLIG3,819
TEX29,456
NCF4,1047
FGF9,627
LSS,1649
LATS2,3267
PVALB,333
ELAC1,1092
PCBP3,1116
IFNGR2,998
IFT88,2475
TMEM50B,477
CBX7,756
PIK3C3,2664
OR2B8,938
OR2B6,942
GPR31,960
TFAP2D,1359
DENND6B,1758
SMDT1,324
GPR139,1062
ADGRG2,3054
NDUFA6,465
ZNF469,11862
PRM3,312
GCM2,1521
C18orf54,1602
PEX39,306
EXOSC6,819
TCF20,5883
KHDC1L,387
GUCA1B,603
DUXB,1038
CPHXL,1218
NOX3,1707
DDX28,1623
CDSN,1590
PRR18,888
SLC35D4,891
ZNF280B,1632
TEKT5,1458
H1-1,648
H2AC4,393
H3C3,411
ZNF280A,1629
H1-6,624
H1-4,660
H2BC6,381
TMPRSS3,1362
DERL3,720
H4C4,312
PRAME,1530
MCCD1,360
ATP6V1G2-DDX39B,300
C6orf47,885
CEMP1,744
SLC2A11,1608
MICAL3,6009
LY6G6F-LY6G6D,1149
LY6G6C,378
OBI1,2181
MSH5-SAPCD1,2556
MED4,813
RBP3,3744
ONECUT3,1485
TBCC,1041
S1PR4,1155
ARHGAP19-SLIT1,1554
RFXAP,819
CYP2D6,1493
ZNRF4,1290
FLT3,2982
SEPHS2,1347
CAPN11,2220
CYP26C1,1569
DNTTIP1,990
TEKTL1,1500
C16orf78,798
OR7C2,960
CYP4F8,1563
MIF,348
CKLF-CMTM1,507
ICOSLG,909
CSTF2T,1851
RBFOX2,1170
GSTT2B,735
ATP8B1,3756
DDTL,405
DDT,501
CASP14,729
MPIG6B,726
RAP2A,552
BTBD16,1521
SACS,13740
URB1,6816
GSTT4,726
PDILT,1755
GSTTP2,726
BORCS8-MEF2B,1149
GPR26,1014
GSTT1,723
ARMS2,324
C16orf82,465
ITPRIPL2,1608
C22orf15,449
PNPLA1,1719
UPF3A,1431
CHCHD10,450
TCP10L,648
MMP11,1467
ASCC2,2274
HLA-DQA2,768
SMARCB1,1185
PTPN2,1248
MRAP,519
SPACA1,885
SETD4,1323
PKD1L3,5199
H2AC16,393
H1-5,681
H3C11,411
H4C13,312
H3C12,411
PIGT,1737
H2AC17,393
H2BC17,381
OR2B2,1074
SKIDA1,2727
NPS,270
PPT2-EGFL8,906
CALML5,441
CALML3,450
RPEL1,687
SPART,2001
NPIPB15,1332
RAB4B-EGLN2,642
ADI1,300
H2AC7,393
TRAPPC12,1161
H1-3,666
H4C6,312
H4C7,297
H3C7,411
UQCC4,399
H2BC10,381
PERCC1,804
IRGC,1392
LIPM,1272
OR2H2,939
TMEM114,672
FAM217A,1527
BSPH1,399
THAP11,945
CABP5,522
CTRL,795
MIA-RAB4B,396
H4C3,312
OR2A4,933
CTAGE9,2334
MAGEA8,957
MMGT1,396
DEFB114,210
DPEP2NB,372
DEFB113,249
RNF128,1287
DEFB110,204
TPGS2,903
OR12D2,924
MAS1L,1137
OR5V1,966
OR12D3,951
PNMA8B,1908
B3GALT4,1137
HPS6,2328
SMIM40,240
PIR,873
OR14J1,966
IRF2BP1,1755
NANOS2,417
NPIPB3,1263
H4C8,312
OR2J1,939
OR2J2,939
OR10C1,939
C19orf18,648
GPR32,1071
SORCS3,3669
TRIM43,1341
HIPK4,1851
CH25H,819
PROM2,2505
NMBR,1173
IZUMO1,1053
TRIM39-RPP21,1512
FAHD2A,945
H2AC14,387
H4C11,312
H3C10,411
PRSS41,918
ZNF511-PRAP1,955
PRSS53,1662
SLC18A3,1599
EIF5AL1,465
TP53TG3,375
H2AC13,393
H2BC7,381
H2BC9,381
H3C8,411
H4C5,312
CPHXL2,1203
TAAR5,1014
NKAPL,1209
H2AC12,387
IQSEC2,4467
BOLA2-SMG1P6,654
POM121L2,3108
GARIN5B,2769
FAM25G,270
RIPPLY2,387
LIPK,1200
NLRP9,2976
OR11A1,948
KIF5C,2583
CCDC74B,1143
CALHM1,1041
CALHM3,1035
HNRNPA1L3,963
RFPL4AL1,864
MLDHR,96
MZT2B,657
CLPSL1,366
CCDC68,1008
TUBA3E,1353
HAT1,1260
ATOH7,459
ZC3H11C,2418
SMPD4,2601
NUTM2E,2637
METAP1D,1008
PPAN-P2RY11,2385
DLX1,768
PTTG1IP,543
GPR180,1323
ADRA2A,1398
IL13RA1,1284
SLC25A12,2037
SF3B5,261
S1PR2,1062
DYNC1I2,1917
ITM2B,801
WDR87,8739
LRIT2,1653
GAL3ST2,1168
RAB6C,765
NEU4,1494
VPS4B,1335
IL17A,468
ADRB1,1434
IL17F,492
KCNJ15,1128
GJE1,618
TAAR8,1029
CACNG2,972
TAAR9,1047
PCDH8,3213
LY6G5C,453
OTUD1,1446
ESD,849
WNT7B,1050
OR2I1,948
JUND,1044
APOBEC3C,573
BORCS7-ASMT,321
RTP5,1719
SUMO4,288
PDCD1,867
GUCA1ANB-GUCA1A,606
ACSM6,1443
SEC14L3,1203
H2AC1,396
H2BC1,384
TP53TG3F,375
CRIM1,331
FAM170B,852
KASH5,1689
GATD3,807
PNLIP,1398
TTBK1,3966
CCDC22,1884
SERPINB8,1125
ABCB11,1356
G6PC2,1068
SOX10,1401
TP53TG3C,375
NPIPA8,1110
SPC25,675
RPS10-NUDT3,876
CRYBB2,618
NOSTRIN,1350
LHB,426
PPIL2,1563
MTUS2,4110
C19orf73,390
ITGB2,2310
L3MBTL4,1845
NPIPB9,1299
TCF7L1,1767
TGOLN2,1443
FGF14,744
RETSAT,1833
WFIKKN1,1647
GJB6,786
TIMM23B-AGAP6,567
MSLNL,2259
TERB1,2184
ADGB,5004
JUNB,1044
C19orf67,1077
H2BW1,444
MTRF1,1338
HDX,2073
ADO,813
SNTG2,693
CRYGD,525
CRYGC,525
PROSER2,1308
GSK3A,1452
CBY1,381
PEDS1,813
TSPAN6,738
SPADH,414
DUSP13B,1254
C10orf120,1008
DHX36,651
IMPA2,867
CTSZ,912
GABRR2,1398
ARHGEF26,2616
CGB2,492
GJD4,1113
FZD8,2085
RBM11,846
TP53TG3E,375
CABLES1,1902
AADACL2,1206
IRAK1,2139
NXNL1,639
PRNP,762
FUT5,1125
PLA2G6,2421
SLC25A41,1113
RAD21L1,1668
SOD1,465
OR10H2,948
OR10H3,951
OR7E24,1020
PCDH20,2856
OR1I1,1068
OR10H1,957
DSG3,3000
LNX2,2073
OR7A10,930
APOC4-APOC2,537
KIAA1755,3603
MYL12B,519
ZNF443,2016
WNT8B,1056
ERG,1440
GSTA5,669
CACNG8,1278
SLAIN1,1773
INO80D,3084
OSBPL1A,2853
NDUFS1,2184
ZNF625-ZNF20,378
ERVFRD-1,1617
OR12D1,947
FKBP1C,327
OR1M1,942
OR7G1,936
OR7G3,939
H2AC11,393
H4C9,312
OR7D4,939
SLC17A9,1311
OR7A17,930
EBPL,621
PNMA8C,615
THSD8,348
HUS1B,837
ZNF816-ZNF321P,702
B3GLCT,1497
VN1R2,1188
KLK9,753
RTL3,1428
GAGE12D,354
OR2W1,963
OR2B3,942
UCHL3,693
HTR1B,1173
BEX2,387
MFNG,966
SAGE1,2715
CT45A10,570
EEF1B2,678
CSAG1,237
CATSPERD,2397
CMKLR2,1068
SHROOM2,4851
N4BP2L1,732
ZDBF2,7065
WFDC3,696
SH2D1A,387
SRRM5,2148
AMH,1683
HSPA1B,1926
H4C2,312
MBD3L5,627
H3C4,411
PLXNB2,5517
MBD3L4,627
H1-2,642
MBD3L2,627
ZNF99,2595
ARHGEF9,1572
H2AC15,393
MBD3L3,627
OR2Z1,945
OR7G2,975
OR4F17,918
TM9SF4,1929
ERVV-1,1434
HCN2,2670
CCDC169,645
PSPN,471
SDHAF1,348
TAMM41,708
LYPD3,1041
H4C12,312
SIGLEC14,1191
KLK4,765
SGCG,876
CEP192,7614
ZSCAN5B,1488
LSM14A,1392
CEACAM18,1155
MUC20,2172
MUC4,16157
CGB1,468
CCDC8,1617
FAM90A27P,1683
ZSCAN4,1302
FEM1A,2010
TMTC4,2283
FAM187B,1110
ERFL,1065
TPRX1,1401
TPRX2,906
ZNF43,1426
ZNF100,1629
SELENOV,1041
VN1R4,906
ZC3H4,3912
CDK5RAP1,1764
MRPS6,378
EFNA2,642
SDF2L1,666
NBPF26,4347
BRD1,3570
U2AF1,723
PPIAL4A,495
NOTCH2NLR,939
RNF225,990
NUP58,1800
SIGLEC16,1463
RBBP7,1278
ME2,1755
KIF26B,5864
USP18,1119
COG3,2487
GCSAM,543
SLC9C1,3534
CEBPA,1077
ITSN1,5166
ZNF559-ZNF177,966
GATA1,1242
RELCH,3651
RRAGB,1041
PANX2,2034
SBSN,1773
ANKRD10,1263
GAPDHS,1227
CEP170,4755
NKX2-2,822
CHD6,8148
SNX12,489
SGSM3,2250
ACTL9,1251
AKT3,1440
RPS21,252
GNG14,324
DPRX,576
ZDHHC9,1095
SDCCAG8,2142
CAB39L,1014
NINL,4149
SMIM46,153
SLC46A3,1386
RAB27B,657
TCEAL8,354
CPLX4,483
UTP14C,2301
SPMAP2,1140
PDS5B,4344
TGIF1,819
TMSB15A,138
ZNF441,2082
MTMR1,2022
NDUFAF5,1038
ARHGAP28,2190
HNRNPR,1911
MSX1,912
GPR78,1092
TFDP1,1233
E2F2,1314
ID3,360
GPR42,1041
ZNF436,1413
FFAR2,993
TCEA3,1056
ZFP92,1251
ZNF512B,2679
TCEANC,1056
ASAP3,2712
TTPAL,1029
UGT2B11,1590
NAA11,690
TAF1,5622
GK2,1662
LIPE,3231
CIB3,564
SMIM21,306
TRAM1L1,1110
OR10H5,948
ZNF532,3906
DSTN,498
PDHA2,1167
RBM10,2793
MYH7B,5826
KCNJ6,1272
SIAH3,810
HMGB1,648
PDXK,939
BDH1,1032
TXNL1,870
ABHD12,1197
CTSO,966
ASIC5,1235
TDO2,1221
DCHS2,10116
CLDN24,663
TRIML1,1407
HRURF,105
MIPEP,2142
SMIM11,177
PAPOLB,1914
CCDC178,2604
PHF5A,333
TKTL2,1881
UGT2A3,1584
UGT2B10,1587
UGT2B15,999
HEMK2,645
KREMEN1,1377
TMPRSS11E,1272
RPS3A,795
YTHDC1,2208
PRDM9,2685
POM121L12,891
POTED,1755
SAT1,516
SH3D19,3144
GTF3A,1098
TRIL,2436
RBBP8,2694
RAB22A,585
FAM227A,1713
PRSS48,1041
ALG5,975
ENAM,3429
PJA1,1767
UTP3,1440
MX2,2148
USP17L10,1593
USP17L11,1593
USP17L12,1593
SSX5,567
TRIOBP,7098
DOK5,921
USP17L13,1593
USP17L17,1593
USP17L18,1593
USP17L23,551
USP17L5,1593
USP17L27,1593
USP17L28,1593
USP17L29,1593
USP17L30,1593
PLXNA3,5616
USP17L20,1593
USP17L21,1593
USP17L22,1593
USP17L24,1593
USP17L25,1593
USP17L26,1593
TEX47,762
USP17L19,1593
TTLL9,1320
GIMD1,654
RRP1,1386
IL2,462
N4BP2L2,1752
MAP1LC3A,366
LIMK2,1917
ZNF716,1488
TWSG1,672
HTN1,174
STATH,189
SOWAHB,2382
HTN3,156
FMC1-LUC7L2,1377
CLDN22,663
PRELID3A,519
NONO,1416
PRR27,660
LPCAT1,1470
POU4F2,1230
USP17L15,1662
TAS2R3,951
ZNF397,1605
IL21,489
CLPTM1L,1617
PLCB4,3621
RANBP1,837
TAS2R5,900
TMEM229A,1143
LPAR6,1035
NKX1-1,1347
ZAR1L,966
SLC6A3,1863
CPEB2,3105
DHRS12,807
ZC3H7B,2934
RNF152,612
ABCG1,2001
TPD52L3,411
KCTD1,2598
TAS2R38,1002
LMF2,2124
PROP1,339
RBAK-RBAKDN,732
CEP72,512
SLC9A3,211
ANXA10,975
SPMIP7,1317
NEK5,2499
TAS2R4,900
DRC11L,2457
TCF4,2016
CCKAR,1287
DOP1B,6897
SLC45A2,705
GIMAP1-GIMAP5,1536
TMEM276-ZFTRAF1,1089
RRH,1014
RXFP3,1410
ADAMTS12,489
SMN2,885
DSPP,3906
DEFB130A,240
GTF2H2,1188
GJC3,840
FAM47E-STBD1,1056
MIS18A,702
PARVB,1095
NDUFV3,1422
LRRC72,864
C4orf54,5382
OTOP1,1839
DNAJC30,681
CLDN3,663
TFF3,243
BLOC1S4,654
ABT1,819
BTN2A1,1584
KIF2B,2022
TFF1,255
HMGN4,273
NME1-NME2,804
BTN1A1,1581
POLR2J3-UPK3BL2,348
SERF1B,333
S100B,279
NAIP,4212
CSN2,681
NEUROG2,819
NPTXR,1503
TST,894
TMEM271,1158
MCCC2,624
PKNOX1,1311
FAM90A15,1395
MAB21L2,1080
BDP1,7875
PTGES3L-AARSD1,1632
PES1,1767
CLRN2,699
ERMARD,2037
ATOH1,1065
SMN1,885
DCAF4L1,1191
GRXCR1,873
TRIM75,1407
PURB,939
SERF1A,333
ADRA2C,1389
CXXC4,1104
UGGT2,4551
CCDC182,462
DYNLT2,597
PTTG2,576
SON,7281
SENP3-EIF4A1,1623
OR1D5,939
MRFAP1L2,360
FAM90A26,1395
GK3,1662
FREM3,6420
SERHL2,945
INMT-MINDY4,426
GEMIN8,729
C21orf91,894
FAM120B,2802
ZAR1,1275
TAS2R39,1017
TAS2R40,972
GUCY2D,3312
TCAF2C,2137
DLL1,2172
BORCS6,1074
MFSD6L,1761
OR9A4,945
VPS26C,894
LONRF3,2280
LHFPL3,711
MYH8,5814
NDFIP2,1011
FERD3L,501
OR2A42,933
OR2A1,933
OR2A5,936
MYH4,5820
OR2A25,933
TMPRSS11F,1317
OR2A12,933
OR2A14,933
TMPRSS11B,1251
SHH,1389
BTK,1980
SF3A1,2382
CARS2,1695
CDRT15,567
C7orf33,534
CFAP184,1668
PSAPL1,1566
EXOC1L,519
UBE2G2,498
EEFSEC,1791
MUC17,13482
CDC45,1701
HOXA13,1167
CFAP299,702
DTD1,630
FAM3B,708
FZD9,1776
ABCB5,3774
PPEF2,2262
PRELID3B,585
PTPRK,4419
GET1,525
SLC15A5,1740
TEN1-CDK3,372
COMMD7,603
ZNF679,1236
EPX,2148
SPMIP11,396
PCCA,2187
MID1,2004
ZACN,1239
LCA5L,2013
KRT76,1917
KCNIP4,88
URGCP-MRPS24,333
STK4,1464
KRT2,1920
HEXIM1,1080
SCPPPQ1,240
ABCF2-H2BK1,1905
ARL5C,540
PPP6R2,2880
SDK1,6642
LRRIQ1,5169
MORC3,2820
NAP1L5,549
THEMIS,1926
CCDC71L,708
CCER1,1221
HCRT,396
SPDYE2B,1209
KRT1,1935
PROKR2,1155
SPDYE5,1209
ASIC2,1692
SPDYE9,798
TNFRSF6B,903
TPH2,1473
SPDYE11,798
ATP6AP1,1413
GABPA,1365
SPDYE13,798
SPDYE15,798
SPDYE16,1059
SPDYE17,798
KRT25,1353
TBX20,1344
KRT27,1380
KRT77,1737
KRT28,1395
ATG9B,2775
SCN4A,5511
TPX2,2244
FOXL3,702
SLITRK2,2538
ASZ1,1428
MAP1LC3B2,378
HCCS,807
SPDYE6,1209
FNDC8,975
CTAGE8,2334
GRIFIN,435
CTAGE4,2334
ARMC10,639
CDC14C,1344
RTL4,933
SPANXN4,300
NAPEPLD,1182
OR4D2,924
MAGEB1,1044
MC2R,894
SPDYE21,1209
BHLHA9,708
ZNF735,1239
OR9A1P,945
SPDYE2,1209
DTNA,2313
SPDYE12,798
USH1G,1386
OR1D2,939
NACA2,648
CLIC2,744
OR1E1,945
OR1E2,972
ABTB3,3315
RNASEK-C17orf49,701
AGPAT3,1131
GAB3,1764
RNF17,4872
OR1A2,930
ANKRD61,1257
DZIP1,2604
DENND11,1368
OCM2,330
CCDC201,564
ANHX,1452
ATG4A,1197
SSBP1,403
ZNF286A-TBC1D26,1566
SEPTIN14,1299
TBC1D26,1407
AGK,681
KGD4,312
WEE2,1704
CYP3A7-CYP3A51P,1512
CDK7,1041
OR4F21,939
DUS4L-BCAP29,1446
BACE2,1557
LRCH1,2292
KRT38,1371
KRT32,1347
CCDC125,1536
NME8,1767
EDA,1176
KRT36,1404
KRT35,1368
PTPRN2,114
IL31,495
DMRTC1B,579
AK6,519
SPATA13,3834
ATP5MF-PTCD1,2250
ADAMDEC1,1413
ZMYND8,3705
TAF9,795
VSIG1,1164
CXADR,1098
TLR7,3150
EPYC,969
RAD17,2046
KCND1,1944
HGH1,1173
HSPB9,480
DDN,2136
VGLL1,777
MUC5B,17289
RNF222,663
GSG1L2,882
CHMP4C,702
SLURP2,294
GDF11,1224
CDADC1,1545
GPR142,1125
GAGE13,354
SLC35G3,1017
MUC5AC,16965
EFCAB5,4512
SDR9C7,942
APOO,597
CEBPD,810
RBMXL2,1179
FNTA,1140
KPNA3,1566
REP15,711
CSNK2A3,1176
FANCF,1125
POMZP3,752
KERA,1059
MARVELD2,1677
DONSON,1701
CCL8,300
FJX1,1314
CCL1,291
OR4C13,930
UPK3B,963
HCAR2,1092
CRYBA1,648
OCLN,1569
HCAR3,1164
HCAR1,1041
SEBOX,573
DTX2,639
OR5L2,936
ANKRD33,1359
OR5D14,945
MAB21L1,1080
MRPL57,309
OR5D13,945
OR9Q1,933
OR4C16,933
SPDYE14,798
CPB2,1272
OR10W1,918
OR5B17,945
OR6C70,939
OR6C68,939
OR1G1,942
TRIM27,1542
P2RX5-TAX1BP3,1299
TRIM48,675
HASPIN,2397
CFAP298,873
SSU72L6,585
OR5I1,945
OR5W2,933
ZNF311,2001
KLF14,972
TRIM51,1359
RPRML,363
EID3,1002
KRTAP4-3,588
KRTAP4-1,441
LST1,315
OR5D16,987
FIBIN,636
OR5L1,936
FGF3,720
RTL6,720
TRIM77,1353
MPO,2238
APOBEC3F,1122
PTPRQ,6900
OR2J3,936
MICB,1152
DDI1,1191
TYR,1590
NRG1,1923
OR1R1,945
TRIM10,1446
KRT26,1407
FOXRED2,2055
PPP1R3F,2400
MMP8,1404
TNFSF12-TNFSF13,993
RNF39,1263
MUC21,1701
TNF,516
MOG,888
STK24,1296
GTF2H2C_2,1188
NOG,699
TRPV5,2190
LHX5,1209
GRIA3,2685
KCNJ18,1302
HEPHL1,3480
SOST,642
TVP23C-CDRT4,495
KCTD17,945
LLCFC1,459
TVP23C,612
OR2AP1,930
OR6C2,939
TRPV6,2178
TENM4,8310
OR6C4,930
GNAT3,1065
OR6C75,939
ZFP57,634
PRSS2,744
OR6C76,939
CRKL,912
ALG11,1479
OR6C6,945
ATP1B4,1074
PRSS1,786
ANP32D,396
NPVF,591
HLA-G,1032
ARVCF,2889
CABYR,1140
PANX3,1179
SPDYE3,1650
OR6V1,942
ASCL4,519
MGAM2,7548
DHX16,2007
SLC15A1,2127
ATF7-NPFF,1392
SMIM10L2B-AS1,300
GLOD5,483
GABBR1,2886
OR9A2,933
OR6C3,936
MS4A5,603
GNL3L,1749
KRT3,1887
EPHB6,3069
KRT4,1563
MYO15B,9291
OR6C74,939
OR52R1,948
OR51G1,966
OR51A2,942
H2AJ,390
RNF133,1131
OR10P1,942
RNF148,918
TAS2R16,876
SLC37A1,1602
NKD2,1356
WNT1,1113
OR6C1,939
HBE1,444
NHLRC3,1044
ACSM4,1743
SLC12A7,3252
H4C16,312
OR51B4,933
MGAM,6038
OR51B6,939
OR51Q1,954
OR52D1,957
UBQLN3,1968
UBQLNL,1428
TG,8307
PRSS58,726
OR52B6,1008
WBP4,1131
TRIM6-TRIM34,2529
HLA-DOB,822
HOXB1,906
ALG12,1467
OR56B1,975
OR52E6,942
NXF2,1881
MRGPRG,870
DSC2,2706
POLGARF,783
NCR3,606
CFAP47,9564
MUC19,24669
HSPB2-C11orf52,549
AGPAT1,852
KEL,2199
PLET1,624
F7,1335
CD69,600
HLA-DRA,765
KLRF2,624
IGSF1,4011
BTNL2,1368
PNMA2,1095
PPP1R11,381
TNXB,1902
TRIM15,1398
RIDA,414
KCNA6,1590
OR4C46,930
KCNA1,1488
OR52L1,990
RPP21,1512
OR56B4,960
NRIP1,3477
OR8A1,930
HSPA1L,1926
PRRT1,921
TPT1,519
UPB1,1155
POFUT2,1290
IDO2,1224
FLOT1,271
KRT81,1518
PPP1R18,1842
CCDC85B,609
KRT83,1482
CATSPER1,2343
NEU1,1248
ZNF407,6747
KRT84,1803
MED14,4365
CD248,2274
KRT82,1542
SMIM36,282
DLGAP2,1202
SAPCD1,537
NOL4,1917
KRT6C,1695
TAP1,2427
PRG3,678
KRT5,1773
OR3A1,948
KRTAP9-1,753
FZD2,1698
UBD,498
MRGPRD,966
LTB,735
DEFB108B,222
DEFB131B,213
KRT71,1572
FAM187A,1242
KRT73,1623
VARS1,3795
RIPK4,2355
OVCH1,3273
MRGPRX4,969
PIGN,2796
SAA2-SAA4,627
CYC1,978
PCNT,10011
OR5F1,945
OR8H3,939
RNF5,543
OR8K5,924
OR5J2,939
LSM2,288
OR10Q1,960
ARHGEF7,2589
HOXC12,849
OR2H1,951
FOXO3B,873
MYO1H,3117
OR4D11,936
C17orf100,357
HSPA1A,1926
EGFL8,882
OR3A3,948
C17orf114,240
PANO1,648
OR8S1,939
OR5BS1,936
MAGED2,1821
CABIN1,6663
H2BN1,357
TUBB,1335
OR10G6,999
SPNS3,1539
NCAM2,2514
OR10G9,936
RNF170,777
TSBP1,580
PTPRCAP,621
GPR152,1413
RUNX1,1443
HLA-DMB,792
TBCEL-TECTA,1432
TRIM40,777
GNL1,1224
ZNF251,2016
PSMB8,831
PMCH,498
COL6A2,3060
SLC22A13,1656
MSH5,1527
OR8G3,933
SGK2,1104
C11orf71,372
POC1B-GALNT4,1728
MMP10,1431
GALNT4,1737
MDC1,6270
LHFPL6,603
TANGO2,831
MTNR1B,1089
MATN2,2871
SUGT1,1002
CSNK2A2IP,2205
PATE3,297
HLA-DPB1,777
HLA-DMA,871
FZD10,1746
FAM181B,1281
CCDC184,585
SLC2A10,1626
POF1B,1770
POLR1H,381
SCGB1C1,288
OR10AD1,954
H1-7,768
VN1R1,1062
TRIM31,744
IMPG2,3726
PSMF1,816
EHMT2,3804
CCDC89,1125
DIS3,2877
NDUFC2-KCTD14,345
RPS4X,792
OMP,492
TMEM158,903
DNAH17,13389
GPR27,1128
SPICE1-CFAP44,2568
LRRC10B,879
HNRNPUL2-BSCL2,2241
OR5AN1,936
SOX14,723
OR51L1,948
SLC44A4,2133
TRPC4,2934
OR8D4,945
GGT7,1989
OR4S2,936
HSF5,1791
OR4C6,930
OR8H2,939
OR4D9,945
TRIM59-IFT80,2847
OR52N5,975
MUCL1,273
AGER,1263
OR56A4,942
OR10A7,951
OR52A5,951
GRHL2,1878
SI,5484
OR6C65,939
OR8D1,927
OR5B3,945
OR52A1,939
OR10G7,936
OR52N1,963
OR5B2,930
OR8B8,936
LINC02210-CRHR1,723
MSC,621
SLCO1B3-SLCO1B7,2247
SLC25A15,906
TGS1,2562
ACE2,2418
OR10A4,948
OR4D10,936
SAXO3,1005
OTOG,8742
NOTCH4,3147
TAP2,2112
FER1L6,5574
MZT1,249
LINC01556,189
PSORS1C1,459
GPR149,2196
OR56A3,948
HLA-DPA1,783
BAG4,1374
GSDMD,1599
OR51M1,981
CCDC122,822
PPP1R10,2823
ZNF41,2340
OR51I2,939
OR52K2,945
OR52K1,945
HLA-A,1185
CCDC87,2550
RBM14-RBM4,1020
EEF1AKMT1,645
TTC28,7446
CLSTN2,2868
OR52M1,954
OR5M1,948
PXDNL,4392
OR51F2,993
ZC3H3,1561
OR8B3,942
ZNF343,1800
OR8B2,942
PYCR3,861
UPK3A,864
OR10A2,912
TRIM42,2172
OR5A1,948
OR51G2,945
C1QTNF9,1002
OR51A7,939
OR52E4,939
KLRC4-KLRK1,451
JAM2,897
PWWP3B,2091
OR6A2,984
OR51D1,975
OR2AG2,951
TRIM26,1620
BORA,1680
EEF1D,1944
OR10G8,936
PYDC2,294
OR51A4,942
SLC25A18,948
KRTAP5-7,498
KRTAP5-8,564
KRTAP5-9,510
KRTAP5-10,609
GPSM3,483
RGS9BP,708
OR8J3,948
GIP,462
TM2D2,645
SNHG32,228
APP,2313
OR10G4,936
PRPS2,957
TYMS,942
SCAND3,2382
PDRG1,402
ACCSL,1707
GJA3,1308
VWA7,2676
RHOBTB2,2184
DNAJC15,453
ALX4,1236
LY6G6E,378
OSBPL2,1443
MRPS18B,777
PBX2,1293
FOXO4,1518
ARK2C,1041
OVCH2,1698
SSX4,567
COL4A2,5139
OR4D5,957
OR5D18,942
OR8I2,933
SERTM2,273
EIF2S3B,1419
PSMB9,660
OR5AR1,933
OR4A16,987
OR9Q2,945
OR5AS1,975
OR2AG1,951
PTGR3,1134
MRPL13,537
OR52N4,966
PSORS1C2,411
DNASE1L1,909
OR8G1,936
OR4C15,951
TRIM39,1557
DDX39B,986
OR51T1,984
ZNF80,822
OR8D2,936
ATXN7L3B,294
OR5M10,948
OR6T1,972
OR6X1,939
OR8B12,933
SOCS6,1608
CCNYL1B,858
OR8B4,930
OR5M11,918
OR6M1,942
OR4C11,933
OR9I1,945
EEF1AKMT4-ECE2,2652
OR5B21,930
OR10AG1,966
OR51I1,945
TMEM276,579
OR51B2,939
DDAH2,858
OR52H1,945
USP50,1005
OR5AP2,951
OR4D6,945
PMM1,789
TPBGL,1149
IMP3,555
PRSS50,1158
LEPROTL1,396
ANKRD30B,4578
DDR1,417
CBR1,834
OR51S1,972
MAPK15,1635
VSIG10L2,2382
FAM43A,1272
FAM83H,3540
COL4A1,5010
CFAP53,1545
GFUS,966
GRIK1,2850
DSG1,3150
USP29,2769
ARPC4-TTLL3,1878
YWHAZ,738
ENOSF1,1332
ZIM3,1419
BCLAF3,2136
TXN2,501
DUXA,615
KRTAP5-11,471
NAPRT,1617
TSPEAR,2010
PPT2,927
MYBPC3,3825
BSN,11781
TRAPPC10,3780
ZNF707,1116
AMIGO3,1515
FOXL2,1131
SNRPB,696
PRR23A,801
PRR23B,798
PRR23C,789
C11orf91,582
OR5B12,945
OR51V1,948
NRM,789
APLNR,1143
BCL2L13,1458
POU2AF1,771
ACP4,1281
ARL14,579
IGSF22,3981
GPR62,1107
ZNF623,1611
BAG6,3399
MROH6,2160
ABHD14A-ACY1,1530
HLA-DRB3,801
NAA16,2595
MRGPRX2,993
RHOXF1P3,399
MRGPRX1,969
SH3BGRL,345
SCRIB,4968
OR52E5,984
HSPA12B,2061
ASCL3,546
OR51F1,960
HLA-DQB2,828
RNF26,1302
HSPA13,1416
DOK2,1239
LAS1L,2205
UBASH3A,1986
DGKH,3663
INS-IGF2,603
BPNT2,1080
C3orf22,426
ARL2-SNX15,342
LY6L,417
LY6H,486
ZNHIT2,1212
CIMIP7,615
MORC2,3099
CLRN1,699
TRIM49D2,1359
LY6E,444
YBEY,504
ERICH1,22
TRIM49C,1359
NPHP3-ACAD11,695
TRIM64,1350
FXYD6-FXYD2,435
PDCD7,1458
FUT4,1593
XNDC1N-ZNF705EP-ALG1L9P,810
OR10H4,951
TEX30,684
ZFYVE19,1416
CLIC1,726
CLDN25,690
OR5AK3P,930
OR5AK2,930
PTK2B,3030
ISY1-RAB43,996
KDM4E,1521
SRSF8,849
ABCA7,6441
ABCF1,2538
RAG2,1584
IQCF2,495
IQCF5,447
CLIC6,2061
SEC23B,2304
SUPT20H,2340
METTL4,1419
TTLL13,2256
UCN2,339
TMEM89,480
LTA,618
FRAT1,840
CELSR3,9939
EID1,564
XAGE1A,246
SRP14,411
ADNP2,3396
CLN8,861
SFI1,3729
C3orf80,744
ASXL3,6747
OR5K1,927
EDA2R,894
TMEM207,441
TRIM64C,1353
DNAH1,12798
CKMT1A,1254
ETS2,1410
FAM174C,399
OR4B1,930
OR4X2,912
OR4X1,918
OR52E8,942
OR10D3,939
C19orf81,597
ANTXRL,1896
OR4A15,945
OR5D3,972
KIAA1328,1734
OR51B5,939
NPIPB2,1194
OR10S1,969
RASSF10,1524
C11orf96,369
NUDT10,495
ZSCAN5C,1491
UXT,474
OR52P1,963
ST8SIA5,1131
OR5H8,931
OR8G2P,935
MYOM2,4398
OR5H1,942
BLID,327
OR5H14,933
OR5H6,930
IQCH,3084
FAM240A,252
POU1F1,876
POLI,2223
VCX3A,561
ARGFX,948
DMRTC1,579
SLC22A14,1785
KBTBD11,1872
SELENOS,570
ARHGEF10,4110
SERPINA7,1248
H1-8,1041
GPR171,960
PRR3,567
BMF,555
GPR87,1077
OR52B2,972
CD226,1011
C11orf42,1002
TOPAZ1,5079
KCNE2,372
OR4A47,930
CT45A6,570
PWP2,2760
MS4A10,804
ARHGEF6,2331
ADAM2,2208
HEPN1,267
GP5,1683
TEX54,375
OR5H15,942
NAPG,939
FOXB2,1299
GLCE,1854
MBD3L2B,615
IFNA6,570
HTR3C,1344
INAFM1,429
OR4S1,930
SLC5A2,2019
OR4C3,909
MX1,1989
OR4C5,981
FUT1,1098
HYPK,366
HTR3E,1371
MS4A18,1197
MISP3,660
OR52I1,975
OR56A5,942
TRO,4296
SSU72L5,585
C1QTNF8,759
APBA1,1314
SSU72L2,585
ADAM9,162
SSU72L4,585
CDH2,2721
SSU72L3,585
TLE7,1326
SSU72L1,585
OR52B4,945
FOXL1,1038
ADAM32,2364
SAMD7,1341
MMP20,1452
RGS19,654
LRRIQ4,1683
NCBP2AS2,300
MAMDC2,1648
L3MBTL1,2589
ADAM18,2220
IER3,471
C6orf136,1302
GLT6D1,831
OR1S2,939
OR1S1,939
OTOL1,1434
OR52I2,975
OR4P4,939
AJM1,2931
OR2AT4,963
LCNL1,495
GABRR3,1404
SPIRE1,2271
LRTOMT,876
SMIM44,450
BAAT,1257
PLPPR1,978
OR6Q1,954
NEFL,1632
BSX,702
FANCI,3987
IDH3B,1158
CSMD1,10695
ABHD16A,1806
OR5AC2,930
OR5H2,930
OR5K4,966
OR5K3,966
SLC6A8,1908
MAGEA3,945
MAGEA2B,945
MAGEA12,945
CBFA2T3,1962
CETN2,519
HLA-DQB1,786
NSDHL,1122
C2,2259
LY6G6F,894
PNMA5,1347
MUCL3,1554
MAGEA6,945
LCN15,555
VARS2,3282
KCNV1,1503
ZNF185,2169
ANKRD20A1,2472
ALG13,3414
FBRS,2943
COPS5,1005
ZNF519,1623
STIMATE-MUSTN1,1119
C16orf86,954
TAL2,327
GRIN3A,3348
TBX22,1563
CMTM1,861
DAB2IP,3570
H1-10,642
NLRP8,3147
PIAS2,1866
SCGB1D1,273
NLRP13,3132
SCGB2A2,282
KIF12,1956
SCGB1D4,252
DUSP4,1185
NLRP5,3450
PCSK2,1917
GRIN3B,3132
SNTG1,1554
SLC6A5,2394
GDPD3,957
TNP2,417
ZNFX1,5757
MT3,207
TP53TG3B,375
CHODL,822
RING1,1221
ATF6B,2112
BCL3,1365
TIMM17B,669
STX4,894
PABIR2,804
ACER2,828
IGFL2,360
SLC35A2,1266
MRPL39,1017
LURAP1L,687
TTC39C,1752
CCIN,1767
B4GALT5,1167
TEX53,213
INTS10,2133
PIM2,936
OTUD5,1716
RXRB,1614
ZNF723,1542
TNRC6B,5502
TTI1,3270
SPACA4,375
NEK6,942
GRIPAP1,2655
GDF1,1119
EMILIN2,3162
CCDC54,987
DYNLT3,351
RMI2,444
GTF2H4,1389
ABHD3,1230
ALG1L2,648
TMSB15B,138
DXO,1191
TLE2,2232
ZBTB46,1770
PLD5P1,363
RBM15B,2673
KCNE1,390
TREX2,711
CPT1B,2319
UBE2I,477
UTP23,750
SRPX,1395
RPS18,459
SMIM26,288
SLC5A3,2157
HSBP1L1,225
CRYZL1,1050
SNRPB2,678
FBXW2,1365
PLPP5,795
DYM,2175
GPR15,1083
HMGN5,849
IQCJ-SCHIP1,1692
RCBTB1,1596
HLA-DOA,753
EDN3,717
CSNK2B,705
FAM199X,1167
PRR23E,729
SLC39A7,1410
F9,1386
SAMHD1,1881
SAXO1,1425
ERICH6,1992
VCPIP1,3669
TFE3,1728
FKBPL,1050
LY6G6D,1149
ELF1,1860
PRAF2,537
PTDSS1,1422
VPS13A,9525
WDR45,1116
SLX9,693
BRD2,2511
MINDY4B,1383
NOVA2,1479
ZNF575,738
HEPH,3477
SOX2,954
P2RY1,1122
CCHCR1,2613
EPB41L3,3264
ZBTB22,1905
SIM2,2004
EXOC3L1,2241
GPKOW,1431
CCNA1,1266
MAGIX,1005
CYP21A2,1488
TPTE,1656
SMIM47,87
CCDC120,2091
SHISA7,1617
RMDN1,945
ABHD13,1014
SPESP1,1053
LINC03051,75
PTGIR,1161
ZBTB12,1380
ASB7,957
IFT52,1314
RAP2B,552
MAMDC4,3414
TM4SF19-DYNLT2B,630
GARIN5A,744
MCM3AP,5943
ATAT1,1266
MMP2,1983
ATP7B,4398
ZNF226,2412
AIF1,486
CYLC2,1047
FES,2469
C20orf141,498
SPMIP6,789
HMGN1,303
SKIC2,3741
KIZ,2022
RSPO2,732
NDOR1,1794
PRSS36,2568
RGL2,2334
GRK3,2067
RBM12B,3006
ZNF267,2232
PRR35,1716
CSGALNACT1,1599
CERS1,1053
HLA-DQA1,765
BCAT2,1179
SFTA2,237
NELFE,1143
HIRA,3054
C10orf62,672
ID1,468
DAOA,462
PFDN6,390
FOCAD,5406
TAPBP,1515
TGM2,2064
GAS6,2037
KCNK18,1155
HLA-F,1329
CFAP410,771
TCF19,1038
GDF5,1506
ZNRF1,684
LY6G5B,606
EDEM2,1737
C6orf15,978
TMPRSS2,1479
CFB,2295
GPANK1,1071
UCN3,486
APOM,567
ZNF668,1860
RPL36,318
SMIM22,267
DMTN,1218
HLA-E,1077
TSR2,576
GALNT1,1680
PDP2,1590
PLP2,459
WDR18,1299
FAM133A,747
POGLUT2,1509
LRRC74B,1179
ZNF711,2424
H4C1,312
ARFGEF2,5358
H2BC3,381
MICALL1,2592
TK2,798
BRWD1,6810
CCN4,1104
PDIA3,1518
H2AC8,393
PSMA8,753
HAS2,1659
HEY1,915
RNF215,1134
ACAA2,1194
CACNA1B,7020
VPS52,2172
KLF5,1374
PRRC2A,6474
AGAP9,1977
C19orf25,357
F8,7056
SAP18,519
GNAZ,1068
ABCC2,4638
WFDC2,375
RAC2,579
FOXO1,1968
HOMER2,1032
CCAR2,2772
SMIM10L2A,237
COX4I1,510
USPL1,3279
ZNF133,1965
USP9X,7665
TMEM26,1107
PPP1R3C,954
FKBP8,1242
SEZ6L,3075
LIPN,1197
RNMT,1431
LYZL1,447
FAM124A,1641
BBS4,1560
NFIL3,1389
FAM24A,318
COMMD3-BMI1,1410
MTMR6,1866
WHR1,1107
FXN,633
PKD2L1,2418
DIPK1B,1296
MSGN1,582
RAB9A,606
GPR12,1005
ZC3H13,5010
MBD1,1818
PSMG1,867
CHM,1962
ASPHD2,1110
GGTA1,303
TMEM236,1056
FRAT2,702
XBP1,1131
NANOS1,879
TLE3,2310
SYT17,1425
CCDC116,1842
CFAP77,855
CDCA2,3072
EMID1,1332
ASB6,1266
HSD17B8,786
DNMT3B,2562
NXT2,429
NFKBIL1,1146
PIBF1,2274
HK1,2754
UMODL1,3957
TSTD2,1551
TPPP3,531
PBOV1,408
CNKSR2,3105
DPY19L4,2172
MEGF9,1809
ATP13A1,3615
ABL1,3393
USP25,3378
TMEM185B,1053
PLEKHG4,3576
MYBL2,2103
STON1-GTF2A1L,3408
MLLT3,1707
FAM216B,420
MCF2L,3378
SOWAHC,1578
TFIP11,2514
DAXX,2223
ORM2,606
WDR46,1833
WASHC1,1398
HYDIN,15366
LY75-CD302,5622
C4B,5235
TMEM65,723
ATP2B3,3663
BPIFA3,765
XKR3,1380
SULF2,2613
CDPF1,372
TNFRSF10A,1407
ZNF841,2775
NDUFAB1,471
TMEM272,564
RNF103-CHMP3,756
CERS3,1152
SPRYD7,591
CCN3,1074
KLK6,735
GSG1L,996
SFRP5,954
FAM236A,240
ZNF710,1995
PPP2CB,930
COL11A2,5211
LYZL2,447
SYN1,2118
IGLL5,645
C4A,5235
DLEU7,666
IZUMO4,699
COMT,816
IFIT5,1449
CDC16,1863
DRC4,1437
RMDN3,1413
COL9A3,2055
ZNF33B,2337
TEX48,363
GABRE,1521
BMP1,2961
BRD3,2181
PLK5,1011
LRRC18,786
C8orf33,747
GJD3,885
TM9SF3,1770
SMG1,10986
CERK,1614
ATP6V1G2,357
SPAG4,1314
S1PR5,1197
ZBTB34,1515
DCAF12,1362
ZNF383,1428
INO80B-WBP1,1092
ZNF804A,3630
UBE2F-SCLY,396
CCDC183,1605
ATP5F1E,156
ALPP,1608
KCNS1,1581
MAGEC3,1932
DOCK9,6279
ALPI,1587
MAVS,1623
ASTN2,4020
CHRDL1,1377
LPL,1428
ZNF561,1461
PRSS56,1812
MINDY2,1866
CHRNG,1554
TPST2,1134
GPR148,1044
RIPOR3,2853
CA2,783
CASKIN1,4296
GPX5,666
RGPD4,5277
GPX6,219
ZSWIM4,2970
ADAD2,1752
CDK5R2,1104
HPRT1,657
NANOS3,579
BRME1,2007
TRIQK,261
ZNF782,2100
CC2D1A,2856
DYTN,1737
PDPK1,1671
POLR1D,402
POU5F1,1083
PODNL1,1725
CXorf66,1086
CSPG4,6969
KDM6A,4362
RASL11A,729
TIGD1,1776
C2orf66,303
DCAF15,1803
LACC1,1293
ACSS2,2106
NUP188,5250
ZNF555,1887
RFX1,2940
VPS39,2628
HSPE1-MOB4,786
RHBDD3,1161
RLN3,429
IL27RA,1911
TMEM160,567
ZNF146,879
PALM3,2067
IFT70B,1998
IFT70A,1998
TEX44,1188
PRKACA,1056
GPALPP1,1023
FOXP3,1296
ATXN1L,2070
HLA-C,1194
ASF1B,609
RHOB,591
FAM91A1,2517
CCDC157,2259
ADGRL1,4425
TERF2,1629
TAB1,1515
POTEJ,3117
KLHL1,2247
SAMD1,1617
MRPL54,417
DCUN1D2,780
VEGFD,1065
TMEM204,681
MICA,999
HLA-B,1089
FER1L5,6174
KDM5C,4683
SH2B1,2271
ALOX5AP,486
NIPAL2,1152
PHF11,996
PRR5,1167
SFT2D3,648
RBM44,3156
MTBP,2715
FZD7,1725
H3C1,411
CACNG3,948
RPL21,483
C1GALT1C1L,948
RPL30,348
STPG3,927
ZNF91,3576
NAA60,729
PXT1,405
RABL2B,690
PCBP1,1071
SNAP23,636
HLA-DRB1,801
HOXD12,813
DMRT1,1122
SETDB2,2124
GOLGA1,2304
RAB6D,765
NKX3-1,705
DKK4,675
TNFRSF19,1254
RAB9B,606
GMIP,2913
ATP6V1B2,1536
FGF16,624
TNMD,954
MCTS1,546
DPP7,1479
CENPT,1686
ASPRV1,780
THOC2,4782
KCNE4,513
EXOSC8,831
CRB3,363
CEP152,5133
SGCZ,939
ERLIN2,1020
ADRA2B,1353
TCFL5,1503
AQP12A,888
THSD7B,4821
LANCL3,1263
NT5DC4,1368
NEIL1,1173
OR1L8,930
USP51,2136
JMJD8,795
TMEM268,1029
EVX2,1431
CST1,426
ASIC4,1620
RIN2,2688
LAMP1,1254
LHFPL1,663
PRR30,1239
UCN,375
GAGE12J,354
NCBP1,2373
OXGR1,1014
PRDM13,2124
RBMX,1176
MYO16,5643
C6orf120,576
NELFCD,1746
CIMIP3,339
OXER1,1155
PSPC1,1572
PVALEF,405
PLEC,13644
ZDHHC7,927
ZNF547,1209
SMIM28,459
CCPG1,2424
ZNF227,2400
TRIM43B,1341
MARS2,1782
TRIM14,1329
GJB2,681
SORBS1,3879
CFAP97D2,297
CUL4A,2280
IL36A,477
TBC1D3C,1650
PSG6,1275
IL1F10,459
CHRNA5,1407
CA9,1380
TBC1D3E,1650
DDX3X,1989
TMEM244,387
GPR176,1548
LGALS1,408
CBY2,1347
CREBZF,1065
RBM26,3024
USB1,798
ZNF70,1341
SLC35E4,1053
CDRT15L2,846
CGNL1,3909
MEIS3P2,1077
RFXANK,783
ESF1,2556
CHD9,8694
ESS2,1431
RNF228,1038
TDRD3,2235
PARVG,996
PABPC1L,1860
FIGLA,660
SCYGR10,318
TSPYL6,1233
CYSLTR2,1041
FSIP1,1746
WASF3,1509
CLUAP1,1242
PPP1R3G,1077
VPS33B,1854
HTRA4,1431
TNFSF13B,858
AARD,468
LSR,1806
ITPA,585
OR6B2,939
MRPS31,1188
PRM2,309
ALLC,1176
ZFAND1,807
DERPC,1575
DCDC2C,1095
SHISA2,888
SOX11,1326
H2BC14,381
GGT1,1710
ZNF821,1239
GPR39,1362
RAMACL,357
ZNF830,1119
CPXCR1,906
TUBA4B,726
SUN5,1140
EFHC2,2250
RHCG,1440
ASIP,399
ERAS,702
C8orf88,354
NYX,1431
TXLNB,2055
PRKD2,2637
TGM6,2121
ALAS2,1764
FAM217B,1152
DNAJC5B,600
EPPIN,402
FABP4,399
POLG,3720
ARHGAP6,2925
RBBP8NL,1995
FERMT1,2034
UNCX,1596
FLYWCH2,423
NPBWR1,987
FOXQ1,1212
IL36B,474
ST18,3144
PLAUR,1008
PCDH19,3447
DPEP3,1467
RPRM,330
TAF9B,756
EEF1E1-BLOC1S5,456
FOXA2,1392
NRSN2,615
CHST6,1188
RPS6,750
DRC7,2625
PLS3,1893
COL20A1,3855
TMEM247,659
OTUD6B,882
ZNF823,1833
MPHOSPH6,483
PALM,1164
CRH,591
RBAKDN,246
SPAG1,2781
RPL4,1284
POU3F3,1503
FBXW10B,2259
LYRM1,369
ZGPAT,1536
ZMAT4,690
CSPP1,3681
DLX4,723
TMEM151B,1701
LPIN3,2556
NFX1,3363
GLP1R,1392
CLEC16A,3162
CRYBG1,6396
NMS,462
C6orf141,735
PREX1,4980
CABS1,1188
SMR3A,405
GPR45,1119
OPRPN,747
PPP1R14A,444
H2AC6,393
C6orf58,993
PNMA3,1392
MYADML2,924
TBC1D3,1650
ZNF580,519
ARHGAP4,2841
IREB2,2892
H3C2,411
ZNF440,1788
OR1P1,993
FAM110A,888
TAT,1365
TMPRSS11D,1257
DNAAF3,1626
TSPYL1,1314
SMLR1,324
OVOL2,828
RSPO4,705
PSMG4,372
TBC1D20,1212
CHTF18,2928
SLC35D2,1014
H3-5,408
DSC3,2691
EPB42,2076
RFX2,2172
VGLL2,954
SNRPD1,360
MAPK12,1104
H2BC11,381
HTR2C,1377
PGK2,1254
KLHL14,1887
LRP12,2580
GZF1,2136
CDH7,2358
CDAN1,3684
SLCO5A1,2547
SERINC3,1422
SMARCA1,3213
YES1,1632
ZMYND19,684
MTFR1,1002
GOLGA2,3090
RHOV,711
ZNF429,2025
ANKRD34C,1608
RORA,1572
ZNF414,1173
MAPRE2,984
CSTF1,1296
NFATC3,3228
RPL18A,531
TLR4,2520
SLC51B,387
APOL1,1197
ST8SIA3,1143
SEC11A,540
PTCH1,4344
ZBTB14,1350
PLAG1,1503
OR2A2,954
ARHGEF35,1452
OR2A7,930
RRBP1,4233
NR1D1,1845
SLC5A4,1980
ATP6V1C1,1149
ARHGEF5,4794
ZNF236,5544
NOBOX,2073
PPM1E,2268
MPST,954
ZNF567,1944
SPACA6,975
SLC25A37,1017
HMG20A,1044
CNTNAP2,986
CNDP2,1428
PYCR1,960
ZSCAN18,1533
EGR3,1164
SLA2,786
SPTLC3,1659
DEXI,288
EGFL6,1662
SDCBP,897
MT1A,186
KDM4C,3171
PCYT1B,1110
CELF6,1446
MT1E,384
JAG1,3657
ZNF473,2616
TMSB15C,138
ZNF19,1377
MAGEA10,1110
RPL36A,321
DUX4L9,1125
VAV1,2538
SPINT1,1542
BTN2A2,1572
POLR2F,384
CXorf49,1545
EDC4,4206
RBCK1,1533
RXRA,1389
FKBP15,3660
IL11,600
TRMU,1266
IL7,534
NWD1,4299
COPRS,555
MYLIP,1338
ENTPD4,1851
GANC,2745
THAP9,2712
SRSF12,786
SLC2A9,1623
NFIC,1527
GSTA1,669
APOBEC1,711
BCL2L10,615
NANOGNB,567
SS18L1,1191
TMOD1,1080
USP3,1563
MT1G,189
CST3,441
CFAP418,624
PSMA7,747
MT1F,186
SETD7,1101
NUDT7,717
KISS1R,1197
CDH22,2487
ZBTB7A,1755
CXCL3,324
TDRP,558
RAB33B,690
MYLK2,1791
ACADVL,1968
ARSJ,1800
CER1,804
MAF1,771
PPP6C,918
SULT1A3,888
KDM4F,1917
ELOVL6,798
ZNF772,1347
ELP2,2481
CST9L,444
ITCH,2589
TMDD1,954
RARS2,1737
KCTD15,852
SLC71A2,1521
TSPO,510
THSD4,3057
PRR14,1758
ZNF722,1155
GAK,3936
DNAJC17,915
EID2B,486
LARGE1,2271
DEPTOR,1230
FTL,528
ZNF213,1380
ZNF778,2274
HNF4G,1368
VPS16,2520
SRL,1422
TNFRSF10C,780
SEMA4B,2514
EGFL7,822
ZNF320,1530
TLCD3B,825
THOC6,1026
KLHL22,1905
DEDD2,981
SENP6,3339
GARIN6,726
IGFLR1,1068
CCDC188,1209
IMPA1,834
SMIM41,282
PEAK1,5241
DACT3,1890
CPAMD8,5658
LRRC10,834
ABAT,1503
MRPL46,840
BID,588
CBLIF,1254
TCN1,1302
PPDPF,345
OOSP3,582
CBLN4,606
EBF4,1809
SFRP1,945
SYMPK,3825
EPB41L1,2646
OR9K2,942
EIF4ENIF1,2958
MGRN1,1731
ADAM10,2247
CENPV,819
ZFP91-CNTF,1590
RPL7,747
GNB3,1023
KRT16,1422
ADH1C,1128
MYL4,594
ZSCAN29,2559
VAV2,2637
GLYATL1B,909
ATP10A,4500
ASCC3,6609
GGTLC2,657
FGFR1,2469
CASTOR1,990
PPARGC1A,2397
NDUFAF8,225
MRPS11,585
NXPH3,759
C1QBP,849
MIP,792
ACSM5,1740
CFAP54,9291
OR10V1,930
EWSR1,1971
RPL19,591
C7orf78,771
AVIL,2460
SIRT6,1068
TRBV11-2,347
SVOP,1647
MAEA,1191
ATOSA,3231
ASF1A,615
C12orf76,219
PNISR,2418
SH3GLB2,1188
UFSP1,657
PHLPP2,3972
GTSF1,504
LAMA3,10002
ZNF559,1617
CAPZA3,900
CLEC9A,726
KAT2A,2514
HBQ1,429
ATG5,828
TANGO6,3285
OR10A5,954
OR2D2,927
OR2D3,993
UBTFL1,1182
LAGE3,432
OR56B2,951
PAGE5,333
CYBB,1713
PTGIS,1503
PRR13,447
ZNF330,963
TPM1,855
OR52W1,963
TMEM164,894
DACH2,1800
SLCO4A1,2169
CUTA,597
NFKBID,1368
CDKL5,2883
ZNF570,1611
EIF3C,2742
ZNF431,1731
ZP1,1917
ASS1,1239
APOLD1,747
KCNA5,1842
CELA1,777
UNC119,723
TLR2,2355
ZNF420,2067
EBP,693
PHLPP1,5154
RAE1,1107
SPATA32,1155
SPDYE4,714
OCEL1,795
OTUD4,3345
MAPK4,1764
TRIM51G,1359
BGN,1107
MPEG1,2151
TMX3,1365
CD209,1215
OR4A8,948
OR4A5,948
PPHLN1,1104
H2AX,432
SLC22A10,1626
INS,333
PMEPA1,864
MAGED1,2337
TOMM34,930
CENPC,2832
YJU2B,1191
SMAD2,1404
QSER1,5595
NRIP3,726
RRAS2,615
RBBP9,561
KCNK6,942
EIF2S2,1002
PSG2,1008
CFL1,501
DMP1,1542
GTF3C6,642
MYH16,3345
HSPB6,483
EGF,3624
HOXA10-HOXA9,339
BYSL,1314
TLE1,2313
TMEM30A,1086
RBL1,3207
VRK3,1425
ERVW-1,1617
TRAPPC9,3447
CFAP144P1,408
KIFC1,2022
NTHL1,915
ELMO2,2163
HPF1,1041
AHI1,3591
QRFPR,1296
PITX2,975
ANKRD29,906
GINS4,672
SPATA4,918
FHIP2B,2232
CYLD,2871
SCD5,993
RAPGEF2,4983
CBLN2,675
DHH,1191
RAB31,588
METTL25,1812
DNAAF4,1263
LGI3,1647
PDGFC,1038
STIP1,1632
NR2F2,1245
FABP12,423
WHAMM,2430
MEX3C,1980
THAP6,669
MBOAT4,1308
RTTN,6681
SCARA5,1488
MAP7D3,2631
BSG,1158
CIB1,576
CDK2AP1,348
SPDYE8,798
CACNA1G,7134
PRR14L,6456
GFI1B,993
G3BP2,1449
SPDYE10,798
ALX1,981
BIK,483
ARSF,1773
CD274,873
PFDN4,405
PIGB,1665
ZBED4,3516
FAM236B,240
DUS3L,1953
FAM3A,693
KIAA1671,5421
CADM1,1416
DDX27,2298
JAK2,3399
FBXO15,1533
SNAP29,777
LYPD2,378
POLR2J3,1062
TMEM191C,909
FECH,1272
NHLRC2,2181
EBAG9,642
RTN3,3099
ISYNA1,1677
PHF1,1704
GLRX3,1008
PRPS1L1,957
NRN1L,498
OR2AE1,972
ZNF212,1488
NR1H4,1431
CARD10,3099
AVEN,1089
THOC1,1974
GALNT17,1797
RPUSD2,1638
ASB10,1404
GPC3,1743
CALB1,786
NPY5R,1338
XPA,822
BTBD1,1449
ZSCAN26,1440
TMEM225,678
NDNF,1707
C11orf24,1350
LACTB2,867
TEF,912
KCNK16,885
C19orf85,669
PGCKA1,945
SPOUT1,1131
MAPK8IP2,2475
PANK2,1383
RNASEH2C,495
CHST9,1332
ZNF862,3510
CYP4V2,1578
THAP10,774
ITGB1,2397
PPP1R16B,1704
KCNA4,1962
DSG4,3123
TARS3,2409
ACY3,960
MEP1B,2106
ZNF335,4029
TAF6,2034
DUSP18,567
ZNF280C,2214
PARD6G,1131
RPS19BP1,411
SIGLEC15,987
SSH3,1980
CDH20,2406
HIC2,1848
L3MBTL2,2118
ZNF630,1974
TIMM21,747
PRMT1,1116
TPD52L2,621
PHF2,3291
EPM2AIP1,1824
ZCCHC2,3537
CCNQ,747
LRRK2,7584
ACSL1,2097
OIT3,1638
ANKRD62,2754
FCN1,981
HSDL1,993
AIFM1,1842
TMEM87A,1668
KCNG2,1401
SEC11C,579
IL18BP,585
RGP1,1176
PDIA2,1578
PFKP,2355
ZNF658,3180
ZNF740,582
XRCC6,1830
CCL19,297
SRRM2,8259
MED13L,6633
ABTB2,3078
PTBP3,1575
CASS4,2361
TP53TG5,873
POP1,3075
DUSP15,708
MED17,1956
FPR3,1062
IGFALS,1818
CALML4,462
ZNF665,2037
ZNF774,1452
SIX5,2220
FZD1,1944
STMN3,543
GARIN1B,1029
DNASE2,1083
ANKRD11,7992
PLCB1,3651
C2CD4C,1266
PINLYP,615
CNPY4,747
TRAM1,1125
DLL4,2058
RPL41,78
SLC39A3,945
MED27,936
FERRY3,1659
RPS27L,255
PSMC2,1302
ZBTB9,1422
WTIP,1293
FHOD3,4869
CIAO2A,483
UTF1,1026
WNT2,1083
MTMR8,2115
OBP2A,513
MAP3K11,2544
NFIX,1509
MCM10,2625
MAGEA4,954
EXD1,1719
SPAG8,1458
FBXL18,2157
TMEM70,783
HIGD2B,321
MGA,9345
CCR6,1125
BPI,1452
RINT1,2379
SASH1,3744
IQANK1,1683
OPRK1,1143
AR,2763
RPL35,372
PTPRB,6648
KCNQ3,2619
OPCML,1017
PTK6,1356
SNUPN,1083
ZNF599,1767
SEC61B,291
PAK5,2160
RAB40A,834
SSNA1,360
ME1,1719
EIF2S3,1419
CRISPLD1,1503
SPIRE2,2145
C9orf43,1386
MATN4,1746
P2RY2,1134
MUC12,16008
LAMTOR1,486
SMO,2364
PCSK5,5664
FGF8,735
MMP9,2124
INTS6L,2697
RNF24,447
MBL2,747
IFITM2,399
TSC22D4,1188
BICC1,2925
MVP,2682
POLD4,324
LY96,483
EIF4H,747
ASXL1,4626
SV2B,2052
TRIM64B,1350
MAGED4B,2226
KIRREL3,2337
STN1,1107
SHARPIN,1164
HLA-DRB4,801
SYNGAP1,4032
LGALS12,945
NRG4,348
LDLRAD4,921
KCNK15,993
HAO1,1113
KIF27,4206
ZNF616,2346
DGAT2,1167
PEX2,918
JPH2,2091
RSPRY1,1731
CD40LG,786
HDAC9,3210
PRRX2,762
ANP32A,750
RAB11FIP1,3852
TAF4B,2589
M6PR,834
PIN4,396
ANKEF1,2331
DOLPP1,717
BEX4,363
FBH1,3132
ASB12,957
ACTN3,2706
PDHA1,1173
CDH26,2499
WDR5B,993
SLC7A13,1413
LRRC14,1482
NEFH,3063
SLC7A4,1908
CNBD2,1731
OR5AC1,925
RDH5,957
RPL3,1212
INSL6,642
MSR1,1356
JOSD2,567
PPP4R1,2853
ZDHHC1,1449
PKIG,231
TMEM8B,2775
C12orf56,1869
KCNK4,1182
TCEAL7,303
DUSP9,1155
ATP1A3,3042
SH2B3,1728
LRRC26,1005
MAGEB17,1011
WNK3,5403
ZFPM2,3456
POLR2L,204
SLC25A25,1548
TSPAN3,762
CWC15,690
TEAD4,1305
EBLN2,819
HP,1221
PPP3CC,1539
BFSP2,1248
NR4A3,1881
ACSBG1,2175
KLHL35,1752
BRWD3,5409
SMPD1,1896
POMT1,2178
SASH3,1143
MAP1A,8412
FAM174B,480
CLDN11,624
ANKRD49,720
TXLNG,1587
CRYBG3,8913
IQGAP1,4974
ZDHHC19,930
TMBIM6,714
CCDC9,1596
PRR20G,633
UVSSA,2130
NAALADL2,2388
MSL3,1566
IGFBP1,780
SIX6,741
MACROD2,1347
GPHB5,393
RPL29,480
TMEM74B,771
CLEC14A,1473
MPV17L2,621
ETV1,1434
PTPRA,2409
SLC25A42,957
TRAPPC11,3402
FXYD2,201
MYO5B,5547
H3C6,411
SEC61A1,1431
ELOVL5,900
RPL10L,645
ZNF525,1440
PNPLA5,1290
IL12RB1,1989
THOC5,2052
ZNF596,1515
ONECUT1,1398
CIBAR2,915
RASGRF1,3774
PSMB11,903
FBXO31,1620
ERCC6L2,4653
CD6,2007
MAGEF1,924
MSL2,1734
SNRPC,480
PAF1,1596
OR5K2,951
CDH5,2355
AMOTL2,2343
TFB1M,1041
PPIF,624
ZBTB7C,1860
OR6S1,996
EDDM3A,444
MCM7,2160
EDDM3B,444
RNASE13,471
RNASE7,471
RNASE8,465
OR5AU1,936
GDF10,1437
TBC1D2B,2892
CDKN2AIP,1743
RFPL4B,792
NDP,402
PABPC5,1149
ARHGAP36,1644
COL14A1,5391
SHB,1530
LIAS,1119
L3MBTL3,2343
PLEKHA4,2340
RPRD1A,939
COQ9,957
RETNLB,336
POTEG,1527
KLHL6,1866
ZNF182,1863
OR4N2,924
KLHL15,1815
TMUB1,741
TEX13A,1230
SARDH,2757
NCAM1,2577
MAOA,1584
ABHD2,1278
SLC14A1,1170
RBAK,2145
FAM156A,642
OR10G2,933
RTL1,4077
SRI,597
PTH1R,1782
NKX2-8,720
NAGPA,1548
NRAP,5193
CIMAP1B,762
MARCHF1,1638
CHERP,2751
GPR143,1215
GDPD4,1563
RGL4,1422
NDST4,2619
RPGRIP1,3861
LAMA1,9228
ATF7IP,3813
KLHL4,2157
EIF1AD,498
SPCS3,543
ATP6V1E1,681
ZNF517,1479
ZDHHC2,1104
ARHGAP10,2361
SYNJ2BP-COX16,549
PRKX,1077
ASB4,1281
KCTD5,705
HBD,444
ZNF316,3015
MRGPRX3,969
BCO1,1644
TRIM21,1428
INSM2,1701
FZD6,2121
OR4M1,942
XAGE2,336
OR6J1,1044
OR10G3,942
CHURC1-FNTB,1416
TXNL4B,450
RIC3,1110
INPP5J,3021
LOXHD1,6822
OR4E2,942
MLXIPL,2559
CDH8,2400
LMTK3,4383
IKBKG,1260
MAP2K5,1347
CCND1,888
MVK,1191
ZNF493,2325
NDUFC2,360
SLC7A6OS,930
FXYD7,243
RMC1,1974
C4B_2,5235
PABPN1L,837
TAGLN,606
CLTCL1,4923
TM6SF2,1134
ZNF462,7521
COL8A1,2235
ZNF510,2052
HSPA2,1920
ZNF404,1659
KIT,2931
MLST8,981
ZNF667,1833
TGM3,2082
BIRC7,897
IRF2BPL,2391
GPX2,573
SLC9A8,1746
GPR135,1485
VSX2,1086
STXBP1,1785
OXNAD1,939
SPEF1,711
NARS1,1647
RNASEH2A,900
ACOT6,1266
CCN5,753
NMU,525
PNMA1,1062
ZFP41,597
NOXRED1,1080
ZC4H2,675
FKBP1A,327
RP1,6471
STK11,1302
TBPL2,1032
IGBP1,1020
IGF2,543
MUC22,5322
RNASE12,444
RD3L,597
ZNF626,1587
COX6A1,330
BANF2,273
IKZF4,1758
BCL2L2-PABPN1,1002
PTOV1,1251
FRAS1,12039
ZFP64,2046
TMEM30B,1056
UNC45A,2835
POTEM,1527
CALD1,2382
CT47C1,975
KRABD4,516
PLBD2,1770
HMSD,420
GAL3ST1,1272
TSHZ1,3234
IL25,486
GNAL,1377
ZFP82,1599
LRRC2,1116
RALGAPA2,5622
TIRAP,666
PIAS4,1533
DIO3,915
COMMD5,675
OR4E1,948
OR11H2,948
MAP7D2,2322
SNCA,423
MYL12A,516
PDGFD,1113
OR4Q3,966
SLA,831
TOP1,2298
ASPDH,852
FAM168A,708
CCDC134,690
RARB,1347
MAPK11,1095
GPR33,1002
HBB,444
DSN1,1071
FSCB,2478
RPL6,867
DCAF12L1,1392
C18orf32,231
ZBTB44,1713
MECP2,1497
KLF10,1443
TTLL1,1272
EPN1,1731
SLC66A2,816
ATP6V0D2,1053
NR0B1,1413
RBMX2,969
BATF2,825
SPATA12,573
DUOX1,4656
CCDC107,852
CCDC86,1083
STAP1,888
CCDC160,978
NDRG1,1185
TMEM138,489
HDAC8,1134
FGF5,807
UBA5,1215
DDX60,5139
GPRC5B,1212
CNTFR,1119
P2RY14,1017
ANGPT4,1512
NFATC2,2766
SUN2,2154
TXNDC2,1461
GAREM1,2631
DEF8,1356
CWH43,2100
AKAIN1,210
PTPRM,4398
NKTR,4389
SLC25A22,972
NECAB3,1191
LRRC28,1104
RMP24,663
BBS12,2133
RAPGEFL1,1989
PARM1,933
POLR2K,177
PIEZO2,8598
PTGES2,1134
BDH2,738
MYL7,528
UBOX5,1626
LAPTM4B,681
RAC3,579
OSER1,879
GLTP,630
RPL38,213
WFDC10B,222
POLB,1008
PEPD,1482
PLAGL2,1491
PET117,246
VSIG4,1200
PYGB,2532
HAUS1,837
CARD9,1611
CD96,1710
NICOL1,288
TRAPPC2L,420
CAPN3,2466
RC3H2,3576
APBB2,2280
DCTN6,573
NUP107,2778
NEURL1,1725
SYT7,2061
PRLHR,1113
TP53,1182
PRKCI,1791
TUG1,462
ASCC1,1074
ITFG1,1839
GCAT,1260
VAPA,750
UQCR11,171
ETDB,180
GAGE12G,354
PLTP,1482
ZNF230,1425
RP2,1053
TSC22D3,603
TMEM238,531
ZBTB5,2034
C5AR2,1014
ADGRD2,2949
COL5A3,5238
SMAD7,1281
IDNK,564
ELOVL2,891
GRAP2,993
TMEM200C,1866
MALT1,2475
RPS3,732
ALDH18A1,2388
CCK,348
LMBRD1,1623
SMC1B,3708
NPAS1,1773
PPAT,1554
CLTA,657
RBM38,720
DNAL4,318
CNBP,534
SLC23A2,1953
MXD4,630
SAMM50,1410
ASPH,2277
CDH1,2649
UBE2R2,717
CHMP2A,669
NOL6,3441
CCDC3,813
TAPT1,1704
AZGP1,897
TTR,444
TERB2,663
CIMIP2B,828
ULBP2,741
RERGL,615
CTXN2,246
TEX52,918
KCNK17,999
RAB14,648
GABRA5,1389
PLCXD2,1026
CABLES2,1437
IL17C,594
ZNF850,3273
MRO,747
A4GALT,1062
GOPC,1389
RASSF2,981
TIMMDC1,858
ATP8B3,3903
DHX38,3684
FCN2,942
EGFR,3633
OTOP2,1689
PDE8A,2490
SCARF2,2601
WASHC4,3522
NFKB1,2910
ZNF287,2286
TBC1D2,2787
ZNF845,2913
PSTPIP2,1005
TMEM239,459
RTF2,921
LPAR2,1047
BRPF3,3618
SLFN12,1737
ADD3,2121
RPL35A,333
TXNRD2,1575
MPPE1,1191
TRPT1,762
ZNF28,2157
GNA14,1068
FBXO10,2871
ZNF568,1935
SPMIP10,405
DDX19B,1440
TRIM32,1962
SIRPB2,1029
IL9,435
STOM,867
MATK,1524
SDCBP2,879
RIOX2,1398
HTT,9429
LRFN4,1908
GPR21,1050
SPAM1,1530
AMD1,1005
FOXD4L1,1227
MINAR2,573
DRAP1,618
PRSS37,708
MGME1,1035
ZER1,2301
RAB8B,624
SYN3,1743
EFCAB9,594
ENDOU,1233
KCNJ4,1338
TECTA,6468
TUBA8,1350
STAT3,2313
TMED7-TICAM2,1215
AMDHD1,1281
BUD23,846
HSPBAP1,1467
CKMT1B,1254
GRM5,3639
IL3,459
NDRG3,1128
PEX26,918
REELD1,1581
NDUFAF4,528
PRSS12,2628
FTMT,729
RND1,699
WNT7A,1050
MATCAP1,1416
GPRASP2,2517
ALDH3B1,1407
TTLL12,1935
MBOAT1,1488
DNAJC14,2109
HDDC3,540
KIF4B,3705
SOWAHA,1650
EDNRA,1284
ELK1,1287
TMEM174,732
ARL2BP,492
ALDH1A3,1539
FOXL2NB,528
ACRBP,1632
SHFL,876
GDA,1365
BST1,957
PRSS16,1545
ZC3H12B,2511
PFN3,414
SERPIND1,1500
TSNAXIP1,2139
RLBP1,954
ZNF605,1926
PIGA,1455
RIBC2,1149
TSGA13,828
PROB1,3048
SAA2,369
HTR1A,1269
SETD5,4329
SAXO2,1377
ATF4,1056
KCND2,1893
CDC37L1,1014
TRPC7,2589
MRPS10,606
TNFAIP8L3,615
CALCR,1425
WAS,1509
CIDEA,660
SMAD6,1491
ICAM3,1644
SHISAL1,600
UBE2J1,957
RNF150,1317
ATXN10,1428
SPINK4,261
FBP2,1020
HIP1R,3207
IER3IP1,249
CILP,3555
ANKHD1-EIF4EBP3,7854
SERPINB7,1143
PGPEP1,630
MTAP,852
MMUT,2253
ABHD17C,990
SPIN2B,777
BMP2,1191
PLEKHO2,1473
GPR174,1002
RBM39,1593
MCF2,3006
NKG7,498
DND1,1062
RNF138,738
MANBA,2640
LMAN1L,1581
ZNF699,1929
ARHGAP1,1320
IGIP,162
HUS1,843
ZNF225,2121
LRRC70,1869
TNFRSF11A,1851
FOXD1,1398
SBK2,1047
C1QTNF3-AMACR,855
TBC1D10B,2427
ADRB2,1242
RAB3A,663
SLC25A17,924
UBE3D,1170
RBFA,1032
SNRPA,849
PPP1R2B,618
CRPPA,1356
MYLK3,2460
BTG1,516
FGD3,2178
TMEM31,507
PDCD6-AHRR,222
OR2V2,948
ANXA2R,582
ROCK1,4065
OFD1,3039
TAS2R1,900
TRIM68,1458
OR2V1,948
DNAH5,13875
COL19A1,3429
UPF1,3357
CRELD2,1062
USP2,1818
KIF22,1998
KRABD3,3195
PDHB,1080
GREB1L,5772
VEZT,2340
BIRC2,1857
OR2Y1,936
GPR151,1260
RNF146,1080
TLN2,7629
ZNF540,1983
DCANP1,735
IL13,441
JADE1,2529
LVRN,2973
ZNF565,1500
CRYAB,528
MYOM1,5058
PMPCA,1578
MAOB,1563
ZFP14,1602
TCERG1L,1761
DBNDD1,477
ENTPD1,1533
HSP90AB1,2175
MYL3,588
CNOT4,2142
TAF7,1050
HACL2,1899
SLC25A2,906
CWF19L2,2685
SPSB3,1068
FSD2,2250
SPINK14,294
CNPY1,438
GARIN3,1818
SEH1L,1266
TMEM184A,1242
RHOXF2,867
PHKA1,3672
GMCL2,1581
MTG1,1005
OTP,978
FAM81B,1359
GALK2,1377
P2RX6,1326
GPR150,1305
CATSPER3,1197
NEUROG1,714
AQP4,972
CALU,948
GRM6,2634
SCAF11,4392
AP1G1,2469
EFCC1,1800
POU5F2,987
BCCIP,945
OGT,3141
PPBP,387
PSMG2,795
EIF4E3,675
TUBB4B,1338
SLC6A19,1905
INPP4B,2775
SLC6A18,1887
PIWIL3,2622
TOR1B,1011
ZNF592,3804
PDXP,891
DMC1,1023
MYO1F,3297
GAP43,717
ATF7,1452
KNL1,6951
SMPX,267
ESCO1,2523
CTC1,3654
CNNM1,2856
GRIN1,2817
OCRL,2706
NPY1R,1155
KPNA4,1566
SCRN1,1245
PGPEP1L,429
KLC4,1860
CFAP70,3366
SULT1E1,885
TSSK1B,1104
AEN,978
LINC02218,597
H3Y2,444
H3Y1,411
SLC16A9,1530
STARD5,642
RBM27-POU4F3,3084
PRMT8,1185
MYEF2,1803
KDELR3,645
ARMCX3,1140
GAS2L1,2046
FBLL1,1005
SIRT1,2244
MAP9,1944
NUB1,1848
CEACAM8,1050
SMIM32,312
CDIN1,846
OR4F3,939
TAF11L5,597
TAF11L3,597
SLC25A14,978
TAF11L7,597
TAF11L8,597
PGM5,1704
MARCHF2,741
TAF11L13,597
TAF11L4,597
TAF11L6,597
TAF11L9,597
TAF11L2,597
TAF11L14,594
ABCC9,4650
NUPR1,249
MIEF1,1392
FAM153CP,576
FUT7,1029
TGIF2,714
FIBCD1,1386
BMI1,981
MYO18B,7704
CLTC,5028
TMIGD2,837
LIPC,1500
IZUMO3,720
SRMS,1467
ZNF217,3147
RADX,2568
PCDH12,3555
HNRNPA0,918
FCSK,3255
ADGRF4,2088
GATA5,1194
MIA,396
TPRA1,1122
CDK5RAP2,5682
ACO2,2343
GRID1,3030
CRLS1,906
PRRG1,657
CLIC5,756
CD37,846
FAT2,13050
GTPBP4,1905
PCLAF,336
RBM3,474
ACTBL2,1131
IL20RA,1662
JAK3,3375
PGAM5,870
PIWIL4,2559
KCNB1,2577
PSTPIP1,1251
LAMB4,5286
ADRM1,1224
PALB2,3561
CT55,795
PSMB1,726
NALF2,1419
LLGL1,3195
HSD17B6,954
WNT11,1065
APEX2,1557
SPTBN4,7695
OR11H12,981
HOXA1,1008
BCORL1,5358
SECISBP2L,3306
CGAS,1569
PAGE3,342
SPINDOC,1146
BEND3,2487
ARMH3,2070
IDS,1653
MAPK3,1140
ARPC1B,1119
SCAF8,3816
SLC28A2,1977
PRKAB1,813
PECAM1,2217
ZNF334,2043
NR1H2,1383
TDP2,1089
ZNF143,1917
VSIG10,1623
CDH15,2445
KIF3B,2244
ULK3,1419
SEC31A,3663
BPIFB1,1455
ZBTB2,1545
GINS2,558
SLC16A8,1515
CERS5,1179
DDO,1026
PARD6A,1038
TUBA3FP,258
GGTLC3,678
RIPPLY1,456
KIAA0930,1215
PKD1L2,7379
TMEM35A,504
OGFRL1,1356
XAGE5,327
ARHGAP12,2541
PNRC1,984
VWDE,4773
H2BC15,381
CTPS2,1761
TMEM230,363
DGCR2,1653
HEXD,1461
POP7,423
MLIP,2982
ZNF84,2217
ZNF417,1728
CTSV,1005
MCPH1,2508
ZNF621,1320
AP5Z1,2424
HDGFL2,2016
KCNK7,924
GNMT,888
AXIN1,2589
HIGD1A,282
HSD17B12,939
DDX55,1803
TASP1,1263
MAN2A2,3453
NFIB,1485
JPH1,1986
CDK19,1509
INO80E,735
SHPK,1437
ZNF706,231
CSNK1E,1251
GAGE10,351
PHF10,1497
ACTR8,1875
TRMT112,378
XPNPEP2,2025
KLK12,747
PEMT,711
NAA20,537
FKBP6,984
SCYGR1,267
SCAMP5,708
NUP62CL,555
SCYGR2,363
SCYGR3,303
SCYGR4,318
SCYGR5,258
SEMG1,1389
YIF1A,882
SCYGR6,318
SCYGR7,291
SCYGR8,327
FBXL12,981
NAPB,897
ACTL6B,1281
MAGEC1,3429
NUP37,981
HBA1,429
ZFX,2418
CDKN1A,495
RFT1,1626
MROH1,4926
EN1,1179
UHRF1,2382
CPA2,1260
KCTD10,942
SNPH,1617
SLC13A4,1884
NPAS4,2409
POPDC3,876
SYS1,471
WDR5,1005
SNX22,582
MRPL34,279
POLD3,1401
CPN1,1377
PMP22,483
IST1,1101
MLN,348
ZBP1,1290
SLC30A4,1290
CEACAM1,1581
NT5E,1725
FGF7,585
SLC25A40,1017
DBNDD2,486
SLC18A2,1545
GNG10,207
EFNB1,1041
STRC,5328
GPD1L,1056
CBX6,1239
DIAPH2,3306
NEU2,1143
GLIPR2,465
PPARA,1407
PLA2G7,1326
CAPN6,1926
RFK,468
KLF15,1251
CAVIN4,1095
LRRC15,1746
SPIN3,777
CDC25B,1743
STMND1,831
UPK1A,777
PGAM1,765
CLDN16,708
LARP4,2175
SLC35F1,1227
RASIP1,2892
PCSK6,2910
DLG2,2928
CRCP,447
HTR7,1440
AHNAK2,17388
CCDC172,777
KIF26A,5649
EXOSC7,876
RNF183,579
PIP,441
SLC52A1,1347
SMNDC1,717
LAMP2,1233
APOL6,1032
TOMM20L,459
RBX1,327
PDK4,1236
CCDC175,2382
SAXO5,1518
FHL5,855
GLE1,2097
SREBF1,3444
PSG11,1008
ZNF488,1023
NUTM2D,2421
GATAD1,810
YWHAH,741
ECHDC3,912
PTN,507
PDYN,765
CRLF1,1269
BCR,3816
SIRPG,1164
RPL10,645
DCBLD2,2328
REC114,801
GET4,984
CST5,429
ATG14,1479
GDI2,1338
LYSMD2,648
SLC24A3,1935
MGAT2,1344
RIOX1,1926
TOMM40,1086
ANGEL1,2013
NNAT,246
ISLR2,2238
PSCA,345
RNF114,687
DHODH,1188
CLVS1,1065
HOMEZ,1653
WDR86,1131
RPS29,171
FMC1,342
MYZAP,1401
B4GAT1,1248
FOXA3,1053
ASAH1,1188
TSKU,1062
KCNH2,3480
BFSP1,1998
RLN2,558
POMT2,2253
TSR3,939
FAM219A,558
UQCC1,900
SOBP,2622
TOM1,1479
ZNF134,1284
CD109,4338
SUPV3L1,2361
ADAMTSL5,1416
TMEM213,324
CIAO3,1431
YIPF6,711
LMOD2,1644
MAD2L1BP,825
RNF216,2772
MED24,2970
TUBE1,1428
HSPA8,1941
TYK2,3564
STARD8,3312
CNTNAP3,3867
TMEM255A,978
PRLH,264
CLEC3A,594
ZMIZ2,2763
DCTN5,549
OTC,1065
GALNT16,1677
BOLL,852
ITGA7,3414
PLG,2433
ZSWIM8,5505
CCDC78,1413
MEIS2,1434
PGK1,1254
APOBEC3G,1155
FAM163B,501
NTSR1,1257
GGTLC1,678
PCBP4,1212
BPIFB2,1377
CHEK2,1632
TMEM141,327
TIGD7,1650
SLX4IP,1227
RPP38,852
SCFD1,1929
TP53TG3D,375
NEXMIF,4551
BAX,579
AMELX,576
NFATC2IP,1260
GLI4,1131
BRINP1,2286
ZNF674,1731
SLC35G1,1098
CCM2L,1716
ESPNL,3018
EMD,765
CTSW,1131
NRG3,2091
POLR3F,951
TCP1,1671
LRRC8E,2391
CFDP1,900
ZCWPW1,1950
TRMT10B,951
GPAT4,1371
SCAPER,4203
RSPH6A,2154
PGRMC1,588
TLL2,3048
NOL4L,2043
GPM6B,987
PCNX3,6105
TUBB3,1353
PIP5K1C,2007
PCIF1,2115
GSTO2,732
SLC25A29,912
CACNA1F,5901
PTPDC1,2427
CAMK1D,1158
PKMYT1,1500
TMEM178B,885
ACOT1,1266
CDHR1,2580
MAN1B1,2100
TIMM9,270
STAT5A,2385
CCDC195,606
ABCF2,1872
POTEI,3228
TOP6BL,1536
AARS2,2958
DUSP26,636
KLHL13,1920
ENTPD7,1815
FAM209A,516
UCKL1,1647
PAGE2,336
PTGDR,1080
CDK9,1119
ZFAND4,2184
SAMD15,2025
ARX,1689
PYGO1,1260
KCNF1,1485
SYTL4,2016
CAPNS1,807
MESD,705
URM1,306
CDC40,1740
ERC1,3351
NT5C1B-RDH14,1809
PSME3IP1,765
ZKSCAN5,2520
SVEP1,10716
INTS14,1557
PISD,1230
GCM1,1311
IRAK1BP1,783
USP11,2763
STK3,1476
ZNG1F,1188
GPR4,1089
YAE1,681
FBXW10,3159
DAZAP1,1224
ZNF652,1821
SEMA3C,2256
SIRT3,1200
MARCHF4,1233
SSR1,861
TCF15,600
SNX5,1215
GGA1,1920
CRYGA,525
CPA6,1314
SEZ6,2985
GZMH,741
SMC1A,3702
CHRNB3,1377
THBS1,3513
PRKG1,2061
EXT1,2241
KMT5A,1059
PPP4R3A,2502
ADRA1A,1401
C17orf58,1020
MNS1,1488
SMS,1101
NRN1,429
PRDX3,771
POU5F1B,1080
PIK3C2G,4461
PIGO,3270
MAK16,903
YWHAB,741
YKT6,597
FURIN,2385
ZNF350,1599
PDZD11,423
VPS37A,1194
ANAPC11,255
PLCL1,3288
BBS1,1782
COG8,1839
CASD1,2394
EHD2,1632
MOGAT1,1008
ART4,945
GINS3,651
CIMIP1,414
UBC,2058
ZNF883,1140
RPGRIP1L,3948
ZNF468,1569
SLC19A3,1491
BRF1,2034
DRP2,2874
SPRN,456
NOXA1,1431
KLK8,783
TIAL1,1128
FGF13,738
LCTL,1704
DDX54,2646
FBXO41,2628
AAR2,1155
SH3BP1,2106
PNMA6F,1737
EOLA1,477
CYP2A13,1485
FAM117B,1770
GPR141,918
ABHD17A,933
POTEF,3228
SQOR,1353
PROKR1,1182
BMPER,2058
BCAS1,1890
RGS11,1404
PPM1F,1365
PCCB,1620
TMEM145,1482
DMWD,2025
SREBF2,3426
TRPM3,5160
LGALS14,420
ZEB2,3645
ZNF549,1923
HPS1,2103
FHL1,891
ZNF219,2169
VASP,1143
NQO1,825
RPRD1B,981
ZNF10,1722
MAP3K7,1821
JMJD6,1212
CHEK1,1431
SLC13A3,1809
SRRT,2631
KATNIP,4857
GOLGA5,2196
PIANP,831
TIMM13,288
WDR38,945
TNP1,168
SAPCD2,1185
SPATA31H1,16167
ZNF700,2229
FOSB,1017
PNPLA7,4029
TRIB3,1077
PKD1,12912
LIMA1,2280
TMEM98,681
SLC7A9,1464
FAM227B,1527
ZNRD2,600
N4BP2,5313
HM13,1281
SPRY3,867
ADAM20,2181
XKRX,1350
ARMCX2,1899
RPL12,498
LGALS2,399
UGT2B28,1590
HNRNPUL2,2244
GP1BB,621
SCO2,801
COPS4,1221
ITPKA,1386
FNDC1,5685
TRIM3,2235
YARS2,1434
SRRD,1020
PLCG2,3798
KCNK9,1125
SUMO2,288
SCART1,3084
PRKCSH,1608
TYMP,1449
EIF3H,1059
LIPF,1197
ARHGEF15,2526
LIPJ,1101
KLHDC3,1149
TRMT44,2274
AACS,2019
NPHP3,3993
OAT,1320
GDPD5,1818
DNPEP,1458
GOLGA7,414
RNPS1,918
ZBTB43,1404
LRPAP1,1074
DCX,1101
ATPAF2,870
MCTS2,546
CIDEC,717
TRRAP,11622
ISX,738
XRN2,2853
UBE2L3,465
ARMCX6,903
TMEM254,372
CECR2,4395
ZHX1,2622
FUNDC1,468
CRBN,1329
PCTP,645
MPP1,1401
EFCAB6,4506
POLE2,1584
NRSN1,588
DGKQ,2829
CTXN1,249
CSMD3,11124
ARHGEF18,4086
TRAF3IP2,1698
RPSA2,888
PDCD4,1410
POLR2G,519
DHX8,3663
SLC27A1,1941
DDX17,2190
STARD9,14103
HBG2,444
RRP36,780
RAB5B,648
SHISA8,1194
KCNT1,3708
IL2RG,1110
YDJC,972
TTI2,1527
RPL34,354
THUMPD1,1062
VMA21,306
VMA22,543
GASK1A,1728
NPIPB12,2787
TRMT2A,1878
STMN2,540
PCSK1N,783
PARP6,1893
PSMA2,705
TMA7,195
ZNF843,1047
GLOD4,897
ARSL,1770
PCGF5,771
SNX14,2841
MYC,1365
ZNF619,1731
GOT2,1293
SF3B2,2688
RALY,921
EYA1,1779
LAMTOR3,375
VSIR,936
IGLL1,642
MRPL4,936
TBC1D10A,1527
TFDP2,1341
SLC9A6,2040
CYP51A1,1530
DCK,783
CNOT2,1623
TUBAL3,1341
ADIRF,231
PTMA,333
HNRNPC,882
CACNG5,828
FFAR4,1086
TRIM60,1416
SLC10A7,1023
R3HCC1L,2337
RORB,1380
ANKS3,1971
C9orf153,288
ENHO,231
BICD2,2568
DENND6A,1827
IL17RA,2601
USP53,3222
ZFP28,2607
GABRA3,1479
WHRN,2724
RAB33A,714
RAB34,780
PTCHD1,2667
KALRN,8961
SIGLECL1,594
TLR8,3126
WDR13,1458
RAB36,804
ZNF578,1773
SMR3B,240
UBA6,3159
LIF,609
TRIM74,753
GBGT1,1044
SGTA,942
APOL2,1014
HYCC1,1566
UBE2V2,438
BLOC1S2,429
MB,465
CT45A8,570
TMEM37,573
DPYSL2,2034
BMX,2028
KCNK3,1185
BRI3,378
IFFO1,1716
GPR158,3648
SH2D4A,1365
RBM28,2280
SELENOO,2010
NHSL2,3678
KLHL36,1851
COMMD8,552
IL15RA,804
PTGS1,1800
TMSB4X,135
CRYBB1,759
NOX4,1737
UBE2C,540
MMAA,1257
IFT27,561
GDI1,1344
ZNF200,1188
ZNF816,1956
MAD2L1,618
TNIK,4083
KIF7,4032
MTG2,1221
ELF2,1782
THAP8,825
AIFM3,1818
KLF9,735
MLANA,357
ITGA3,3156
GRB10,1785
TMED1,684
CIITA,3393
ACSS1,2070
TMEM68,975
MAGEA11,1290
KCNN1,1632
ODAD2,3135
ABCB7,2259
PLCZ1,1827
AKAP7,1047
TLR10,2436
HHIPL1,2349
ZNF749,2337
C8orf76,1143
OSTC,450
RAB3D,660
SAV1,1152
CA10,987
NFILZ,870
HSF2,1611
TUBGCP4,2001
DHRS2,843
MKI67,9771
MND1,618
PAG1,1299
STAT2,2556
CTCFL,1992
GPR108,1632
C1QL3,768
ELOB,357
EMSY,4014
VLDLR,2622
FAM50B,978
ZNF394,1686
BLOC1S5,564
EXD2,1866
PRXL2A,690
KIFC2,2376
SLC49A3,1680
CYP3A7,1512
SNRNP25,372
SRSF3,495
KCTD19,2781
DLG4,2175
SLURP1,312
GSAP,2565
MMP15,2010
SARAF,1020
PHPT1,378
AAGAB,948
RTRAF,735
PPIL6,936
MSANTD1,837
HTR3D,1215
KDR,4071
IFIT1,1437
ACOT8,960
CPNE2,1647
SHOC1,4527
B3GNT5,1137
FRMD4A,3120
RAD54B,2733
RIMKLB,1161
PORCN,1386
CMA1,744
LSG1,1977
PRXL2C,681
SLC25A1,936
YIPF7,771
ZNF613,1854
CYP2C9,1473
SS18L2,234
GRK4,1737
CSE1L,2916
ANXA1,1041
MEA1,558
ELP3,1644
ZNF586,1209
SLC2A14,1494
MTRES1,723
BRICD5,687
TMEM220,483
GNA11,1080
TAFA5,399
TMEM47,546
TUFM,1368
CT45A1,570
PGF,513
PITPNB,816
ZFP36,981
FGFR3,2421
APOC4,384
ZNF22,675
CYP39A1,1410
NUTM2A,2637
TPGS1,873
SCAP,3840
SLC39A12,2076
RNF126,936
PNN,2154
ST14,2568
CSF2RB,2694
HMX2,822
SYBU,1992
CUEDC2,864
BBS9,2664
SLAIN2,1746
KHDC1,495
SLC17A8,1770
NPAS3,2802
DESI1,507
SEPTIN2,1086
C4orf51,609
LHFPL5,660
PRM1,156
RABL6,2190
COPS2,1332
TRABD,1131
ZFP30,1560
MT1X,186
ERO1A,1407
RENBP,1284
KATNB1,1968
RAP1GDS1,1824
TSPAN14,813
CEP250,7329
FYN,1614
NCR3LG1,1365
LCN6,492
UBA2,1923
ZMYM3,4113
CA3,783
SLC4A1,2736
FAM120AOS,771
ANO1,2961
NOP2,2439
CCNB2,1197
SECISBP2,2565
EHHADH,2172
AGO2,2580
PAPOLA,2238
CASR,3237
LIMD2,384
C20orf96,1092
SIRPB1,1197
CTR9,3522
C15orf39,3144
TP53INP1,723
LSM14B,1158
CHL1,3675
SPATC1,1776
MYO5A,5643
ZC3H7A,2916
PURG,1044
GGT5,1761
AP5S1,603
LRP4,5718
BRF2,1260
BMP7,1296
ATF5,849
VIRMA,5439
HCK,1581
DNASE1L2,900
YPEL2,360
MAJIN,651
CDR2,1365
SNX13,2874
GRM2,2619
ATOSB,1617
ADGRE5,2508
KRT17,1299
ETFA,1002
ORC6,759
SOX15,702
FRMPD3,5334
TSGA10IP,1671
SLITRK3,2934
ALYREF,795
GOT1L1,1266
CYP24A1,1545
ARMCX5,1677
SNAI2,807
SEC22A,924
RNF157,2040
ATP5MK,177
LDAF1,486
CSTPP1,996
FAM210B,579
SLC32A1,1578
TCEA2,900
CLU,1350
ALDH1A1,1506
NATD1,342
ASB11,972
TSR1,2415
NAAA,1080
MT1M,186
GTPBP3,1479
AFF2,3936
CCL22,282
IRX3,1506
DNMBP,4734
MT1H,186
RUVBL1,1371
MAPRE1,807
ZFP1,1224
TUNAR,198
SLC25A5,897
PPP1R3E,840
CALHM2,972
KMT5B,2658
FTO,1518
PCDH11X,4044
PPID,1113
YLPM1,6441
XAGE3,336
CRISP1,750
ITGB8,2310
SPIN1,789
FXYD4,270
ZNF90,1806
ASPSCR1,1662
HSCB,708
NLGN3,2547
SLC10A1,1050
ABRAXAS1,1230
CPXM2,2271
IMPG1,2394
MTCL2,4986
FLRT1,2025
CYREN,474
GP2,1605
IFITM3,402
MLC1,1134
EEF1A2,1392
HNRNPA1,1119
CUTC,822
MAPK14,1083
REPS2,1983
RBM23,1320
CBLL1,1476
NPIPB8,1299
SEPTIN1,1119
PIDD1,2733
SDC4,597
TMEM139,651
UBA3,1392
AGAP6,2061
PXMP4,639
EXOC1,2685
COXFA4,246
ARHGDIG,678
ARHGAP8,1302
RAB41,669
COX5A,453
GPCPD1,2019
LRRC8A,2433
TSNARE1,1542
NEUROD2,1149
RBM17,1206
PRPS1,957
SSH2,4353
NPIPB6,1278
SP4,2355
FBXL19,2025
ATRX,7479
PDCL,906
BET1,357
PML,2649
KCNG4,1560
IFT74,1803
PRMT7,2079
AOC1,2256
SNTA1,1518
GRM1,3585
DPYSL4,1719
SCX,606
KIF13B,5481
SLC26A11,1821
SLC24A4,1869
ARMC12,1023
RAB38,636
RBM18,573
RAB11FIP2,1539
COQ3,1110
PLAAT4,495
ABCB1,3843
GSS,1425
AGTR2,1092
GOT1,1242
DNAAF6,645
PRR22,1269
SAYSD1,552
VASH1,1098
SPZ1,1293
NCAN,3966
RECQL4,3627
TBXT,1311
AP1S2,483
SLC43A1,1680
CEP78,2118
FBXO5,1344
TAGLN3,600
JOSD1,609
ZNF497,1497
MT2A,186
BZW1,1260
ASAH2,2343
SETD3,1785
ZNF14,1929
MC1R,954
AGAP2,3579
SEPTIN3,2571
IGSF11,1296
POLR3K,327
SLX1B,828
ALDH16A1,2409
PABIR3,813
BBIP1,279
ZNF703,1773
RDH16,954
CEP15,387
AREG,759
SBF1,5682
KSR2,2853
RIPOR1,3660
OXTR,1170
MSANTD7,1086
TAPBPL,1407
ZP3,1275
TCEAL4,648
JAKMIP3,2541
SUCLG2,1299
LRRD1,2583
CFAP61,3714
CHRM5,1599
ZBTB6,1275
AGR2,528
ZNF106,5721
RECK,2916
ZNF384,1827
CUL4B,2688
SORBS2,3903
PARP16,969
CRHR2,1236
DIRAS1,597
ZNF385B,1461
BTBD18,2139
SLC16A12,1551
SLC2A13,1947
OR4D1,933
LINGO1,1863
ARHGAP40,2028
STAC2,1236
IGHMBP2,2982
SIGLEC1,5130
SMC2,3594
LIG1,2760
GOLT1B,417
ALDOA,1257
LIPA,1200
CHRNA4,1884
CAPZA2,861
C15orf61,474
PDE6H,252
LRRN4,2223
RBM6,3372
NCBP2L,462
HAUS7,1077
DIS3L,3165
NSFL1C,1113
TWF1,1053
SPATA20,2409
VTA1,924
MPZL2,648
PI4KA,6309
ZNF276,1845
MRPS24,504
USP49,2067
DYRK4,1905
HDAC6,3648
ZSCAN31,1221
ARHGAP39,3345
ATP6V0A4,2523
DPM2,255
CFAP43,4998
SNX33,1725
ACVR1B,1518
VPS4A,1314
LEO1,2001
FNDC11,957
PDCD1LG2,822
SDR16C5,930
DDRGK1,945
DYDC2,534
CX3CL1,1194
ABI2,1629
MICAL2,3375
SPIC,747
CMTM4,627
CPNE3,1614
DICER1,5769
AGTPBP1,3681
PGAP6,2316
TMPO,1365
GABRB3,1422
TSPAN15,885
SPMIP4,1773
ZSWIM1,1458
COX4I2,516
PTK7,3213
SMIM30,180
BCL2L1,702
RASSF9,1308
COQ5,984
NOS3,3612
DUOXA1,1032
GFOD2,1158
NLGN1,2532
KCNG1,1542
AP4S1,435
CABP1,1113
LMF1,1704
MICU1,1431
CA1,786
PRRT4,2700
RASSF3,717
BCKDHA,1338
POLDIP3,1266
CADPS,4062
ASCL1,711
GDAP1L1,1104
OASL,1545
LGMN,1302
GBX1,1092
CHST5,1236
SMTNL2,1386
SPTLC1,1422
CFAP251,3450
SLC9A5,2691
TMEM242,426
MISP,2040
SNX21,1122
MTMR7,1983
SLC26A3,2295
TAFA2,396
LHFPL7,603
TOMM22,429
ARG1,969
FLRT3,1950
SBK1,1275
CDC42EP1,1176
HNF4A,1359
NUDT19,1128
TECTB,990
THAP1,642
SERTAD1,711
ASGR2,921
NHLRC4,372
MGAT3,1602
SERTAD3,591
ANKRD22,576
PLLP,549
EGR2,1431
APOBEC3D,1161
MLF1,852
NLRC3,3198
NFAM1,813
ALDH2,1554
SAMD10,609
RSPH4A,2151
PIK3IP1,792
NUDT18,972
METTL24,1101
POLL,1728
TP53AIP1,375
RALGAPB,4485
ATP6V0C,468
LINC03040,729
POMK,1053
ADSL,1455
CSTF2,1734
FPR1,1053
ADAT1,1509
SHANK2,5550
ZNF837,1596
TUSC3,1047
SIGMAR1,672
ZNF677,1755
BCLAF1,2763
RPL22L1,369
APOBR,3294
IL34,729
EML1,2448
LRRC4,1962
ANAPC1,5835
KPTN,1311
HOXA11,942
TENT5D,1170
UNKL,2202
ATP6AP2,1053
ILDR1,1641
ACO1,2670
MS4A8,753
PNPLA8,2349
C5AR1,1053
GRIN2A,4395
SNAPC2,1005
ADAM33,2442
PLCB2,3558
PSG1,1260
RUNX1T1,1815
VWA5A,2361
ANGPTL6,1413
HMHB1,126
C14orf132,252
C1QTNF6,837
RSAD1,1329
SPATA31J1,714
MTMR3,3597
ZNF160,2457
KIAA0586,4647
ADH5,1125
AQP5,798
PDCD10,639
UTP14A,2316
HDC,1989
WDR83OS,321
TMEM217,636
CDK17,1572
ORAI3,888
DLL3,1764
HINT3,549
DIDO1,6723
PSMB10,822
RAD21,1896
AKIRIN2,612
FOXB1,978
PHGR1,249
MAP4K1,2466
P2RX3,1194
RCN2,954
COL9A1,2766
DNAJC7,1485
BCL7C,654
MGARP,723
ADAM28,2328
PDE1C,2130
ZCCHC12,1209
C11orf68,882
MAGEA2,945
SHROOM3,5991
SFTPA1,747
VPS18,2922
CSRP3,585
ANKRD37,477
GNAO1,1065
SLC28A1,1950
TLR6,2391
MORC4,2814
NEK1,3861
GLDC,3063
GNRH2,342
VTI1B,699
BCAS4,522
ZSCAN5A,1491
ZNF16,2049
CLCN4,2283
SCNN1G,1950
NUDCD1,1752
CST2,426
TSHZ2,3105
MOV10L1,3636
ZFPM1,3021
CSNK2A1,1176
APPL2,1995
CACNG7,828
MTO1,2079
ADH7,1125
ZNF607,2091
CYB5R3,906
DPEP1,1236
RNF19A,2517
TTC17,3426
BMP3,1419
BCAM,1887
COQ6,1407
PLK4,2913
DHRS13,1134
ANXA13,951
SLC7A5,1524
ITGAE,3540
TCEA1,906
UBXN7,1470
ASPHD1,1173
ATP10D,4281
SNTN,444
KNOP1,1377
RPL13A,612
DENND1A,3213
DGKE,1704
PDF,732
ANKRD54,903
UBALD1,534
CHLSN,585
HSPB3,453
SHCBP1,2019
TRHR,1197
TMEM64,1143
FBLN2,3696
DISP2,4206
FBXO25,1077
CACNB1,1797
PKM,1596
POU4F3,1017
HABP4,1242
CRYBA4,591
LMBR1,1473
NAA15,2601
ARL6IP1,612
SGSM1,3282
ARF6,528
CARD16,294
CERT1,1875
GSKIP,420
SNX30,1314
P2RY10,1020
PGA4,1167
GRPR,1155
POLA1,4407
NYNRIN,5697
C16orf87,465
NSMF,1593
WDR89,1164
CCNE2,1215
CHKA,1374
MYDGF,522
INHBE,1053
ISCA2,465
DRG1,1104
PEX3,1122
HOXB8,732
MIPOL1,1329
SPACA3,648
RHBDF1,2568
SCLT1,2067
TRAFD1,1749
DYSF,6360
UBALD2,495
FAM162B,489
DENND3,3837
KPNA1,1617
ASRGL1,927
CTNNBL1,1692
RASL10A,612
IL2RB,1656
TAF7L,1131
DCXR,735
FUZ,1257
CPA5,1311
CENPI,2271
HR,3570
TOB2,1035
ADAMTS3,3618
YPEL1,360
HEATR4,3081
ELFN2,2463
NACAD,4689
IL13RA2,1143
CHKB,1188
SEPTIN11,1290
FLVCR2,1581
MASTL,2640
ACAD8,1248
TAF11L10,597
RTL9,4167
FAM50A,1020
SLC18A1,1578
ZSCAN23,1170
ANAPC7,1698
TSC1,3495
WFDC8,726
TRPC4AP,2394
TMEM219,723
DENND2A,3030
HEY2,1014
TET1,6411
LRRC66,2643
PHF3,6120
CHRD,2868
ZBTB42,1269
CUBN,10872
ADSS1,1374
HSPA4L,2520
SSC5D,4722
KAT6A,6015
BPIFC,1524
SATL1,2088
GPRIN2,1377
ADORA2A,1239
SPATA31G1,3240
ZNF174,1224
BRS3,1200
SPON2,996
PTPN3,2742
GPC2,1740
FBXL4,1866
CFAP20,582
SSX1,567
SSR4,522
CLDN15,687
GSTO1,726
SGF29,882
SMIM31,216
LRIT3,2040
RPS6KL1,1650
MAFF,495
SPATA18,1617
TMOD2,1056
DSCC1,1182
ABHD14B,633
MIOX,858
UCP2,930
NEBL,3045
AQR,4458
KREMEN2,1389
SH3KBP1,1998
UBXN8,813
CBR4,714
TBC1D13,1203
PICK1,1248
CCDC167,294
MAP3K14,2844
ANKRD31,5793
SERAC1,1965
USP19,4155
TSHR,2295
PLAC8L1,534
NDUFB7,414
MARVELD3,1206
NTN4,1887
ZDHHC11,1239
TACR3,1398
SETD1A,5124
ZNF432,1959
DTHD1,2721
CCDC42,951
DDB2,1284
RASAL3,3036
HAP1,1860
FZD3,2001
C9orf78,870
IDUA,1962
TMEM229B,504
NLRC5,5601
SYNGR2,675
ZNF248,1740
ZNF701,1398
EIF3E,1338
EPB41L4A,2061
SUPT16H,3144
CCL21,405
NAPA,888
CYP1A1,1539
GZMK,795
CYB561,756
NIPAL1,1233
TAF11L12,594
RPUSD3,1032
MZB1,570
C9orf72,1446
FAM216A,822
TUBB8,1335
HTR4,1167
PPA1,870
MYO9A,7647
MCM8,2523
CIMIP4,843
NFXL1,2736
NTF3,813
FIGNL2,1962
NAGA,1236
ZNF576,513
IK,1674
SEL1L,2385
CPNE8,1695
SKA2,366
E2F4,1242
SPC24,594
SLC1A2,1725
TUBB1,1356
EMILIN3,2301
GTPBP8,855
NANP,747
PHF23,1212
RBM12,2799
UBQLN1,1770
EDRF1,3717
LONP1,2880
RAB5IF,390
MYRFL,2733
NTN1,1815
STK11IP,3267
RAB11A,651
BCDIN3D,879
CYB5D1,687
PRSS33,843
LBP,1446
CBX1,558
SLC25A53,924
KNSTRN,951
NBDY,207
SIL1,1386
STUB1,912
IRAK4,1383
HMCES,1065
MSN,1734
FGF17,651
STOML2,1071
STX8,711
LETM1,2220
DMAC2L,603
CYP11B1,1512
SLC38A5,1419
ZNF554,1617
NOP56,1785
BOLA2B,261
MFAP4,768
TMEM169,894
HAPSTR1,828
DNAJB12,1128
CLEC17A,1137
ERMN,855
LRP3,2313
IL17RE,2004
CD180,1986
SNX25,3015
CCNO,1053
ARRDC3,1245
ZNF81,1986
SFXN3,966
ENTPD5,1287
CDC26,258
KDM1B,2469
ZNF446,1353
G6PD,1548
MIER3,1653
TNS2,4230
CCDC83,1242
WDR35,3513
ZNF79,1497
NBR1,2901
ZNF564,1662
B4GALNT4,3120
NUDT5,660
MRPL41,414
IGFBPL1,837
CAMSAP3,3750
CSF2,435
PITX1,945
ZNF165,1458
DHX30,3585
TMEM245,2640
IGSF9B,4314
TGM5,2163
SEPTIN5,1110
ASAH2B,483
DCTN4,1383
ASCL2,582
INO80,4671
SCN4B,687
ADARB2,2220
MTSS1,2268
FAM24B,285
WDR62,4572
PPP2R5B,1494
COX7B,243
FBXO7,1569
PTPN1,1308
ELN,2175
SNAP91,2724
GPRIN1,3027
TSPYL2,2082
SFTPA2,747
CCDC112,1590
ADH4,1143
DEFB123,204
LZTS3,2022
NUP50,1407
THOC3,1056
ZNF585B,2310
ANAPC10,558
SLC10A3,1434
NBN,2265
SCG3,1407
P2RY11,1125
FAM83D,1758
ZIK1,1464
RELA,1656
NKD1,1413
MBNL3,1065
SPO11,1191
FAM169A,2013
HSBP1,231
AMBP,1059
MRM3,1263
OGFR,2034
NOL3,627
HECTD2,2331
AKAP13,8442
PRORP,1752
SLC25A11,945
CBLB,2949
PHACTR3,1680
CPLANE1,9756
RPH3A,2085
KANTR,231
TGFB1I1,1386
FATE1,552
RNASE2,486
SCML2,2103
TNFAIP2,1965
EIF3A,4149
LARP7,1749
TIMM10,273
NFKBIA,954
BHMT2,1092
PGR,2802
SIX1,855
NDUFA1,213
LIME1,888
EPS15L1,2733
PROX2,1779
ATP6V1D,744
UBA1,3177
SLC6A4,1893
C20orf203,585
POLE3,444
PLIN1,1569
SCN3B,648
C5orf34,1917
SLC4A11,2628
STYX,672
CLEC7A,744
HBA2,429
SGK3,1491
CLTB,690
MAPK6,2166
LSM6,243
ZFPL1,933
TRIM41,1893
COX6A2,294
TGFBR1,1512
PNPLA3,1446
B3GNT9,1209
LRRC27,1593
SH2D7,1356
GAPT,474
NUDT6,951
SLC7A7,1536
WNT5B,1080
CSNK1G1,1269
PCNA,786
PELO,1158
CFAP97D1,495
CNGA1,2061
NDUFS3,795
SELENOM,438
UBAC1,1218
C22orf39,318
STAG1,3777
SCUBE1,2967
PROCR,717
FRMPD2,3930
ADGRA3,3966
MRPS34,657
RBPJL,1554
P3H3,2211
HTR3B,1326
CMTM3,549
VAPB,732
DCPH1,1326
PHF19,1743
ST13,1110
RBM7,804
C6orf89,1044
ADA,1092
SPOP,1125
COMMD3,588
ARHGEF17,6192
SSBP2,1110
RAB1B,606
KAT8,1377
DRC2,1455
NUTM2G,2226
FGA,1935
C11orf87,594
PRSS3,744
NTM,1068
CDK2,897
HAUS3,1812
NOTCH1,7668
BAHD1,2343
VENTX,777
IDE,3060
CLIC3,711
BCL9L,4500
IGF2R,7476
FAM149A,2319
PDE1B,1611
ZNG1B,1188
ENTREP1,1812
DUS2,1482
DBX1,1032
GNB5,1188
LBHD1,792
PHOX2A,855
LY6D,387
THRSP,441
MON1A,1668
LOXL1,1725
OLFML1,1209
KAT14,2346
ST3GAL1,1023
PSMB7,834
GOLGA8B,1812
UNG,942
PIP4K2A,1221
SERPINB6,1131
SLC35A5,1275
GC,1425
ROMO1,240
CHUK,2238
NXT1,423
AMIGO2,1569
DNAAF9,3534
ABCC8,4746
CCR3,1068
KRT78,1563
UCK1,834
ARPIN,681
JMJD7,951
SHQ1,1734
KNTC1,6630
SNX31,1323
STAR,858
CCDC171,3981
RNLS,1029
PAX1,1374
HRH3,1338
KTN1,4074
GNAS,1185
ZNF696,1125
UCP1,924
ITIH2,2841
ATN1,3573
UQCRC1,1443
GNB1L,984
COL15A1,4167
POLR2B,3525
RUNDC1,1842
FAIM2,951
UTP18,1671
FHIP1A,3123
METTL1,831
TUBGCP6,5460
DUOX2,4647
TSPAN17,990
SMCO2,1032
BOD1L1,9156
HRK,276
MINAR1,2751
IRX5,1452
EMC7,729
DNAJA2,1239
ZNF45,2049
SCOC,249
MCM5,2205
RNFT1,1308
DET1,1653
ABCC12,4080
RELL2,912
RIC1,4272
AIG1,717
MON1B,1644
ADAMTS7,5061
KCNB2,2736
REEP4,774
MUC7,1134
STK32B,1245
PDCD11,5616
ZNF646,5499
HEXB,1671
ACE,3921
IFT140,4389
DYNLL1,270
PI15,777
NAA80,861
PPP1R14C,498
TMEM165,975
RDH8,936
SLC26A7,1971
NR6A1,1443
XPNPEP3,1524
CHST13,1026
TMCO5A,867
ODAD3,1788
POLR2M,1107
CCDC14,2718
FAM151B,831
BANF1,270
RTN4R,1422
RFPL4A,864
MRTFA,3096
SPHK2,1965
DHFR,564
KIF23,2925
STIM2,2241
SERPINE2,1194
SEC14L5,2091
FOSL1,816
LKAAEAR1,585
KANK1,4059
COL4A6,5073
ERGIC3,1152
PCDHGB6,2793
CPOX,1365
ZNF799,1932
IPO7,3117
SULT4A1,855
FRA10AC1,948
DOCK5,5613
GABRA4,1665
JAKMIP2,2463
SF3B3,3654
LMCD1,1098
HPN,1254
MEI1,3825
CST6,450
PTPRJ,4014
SLC9B2,1614
PLAGL1,1392
MYH10,6024
SYCE3,267
ATXN2,3468
ARMC1,849
UFD1,924
ECE2,2298
LRP5,4848
NCR2,831
STK10,2907
MYBL1,2259
TRMT11,1392
PSTK,1077
NPY4R,1128
NKX1-2,933
HTRA3,1362
CCDC7,4158
GAL,372
REM1,897
KIF3A,2181
MTUS1,3813
ADGRG4,9243
PLD1,3225
FGG,1362
CBFA2T2,1788
CDCA5,759
PHF6,1098
SPTY2D1,2058
ARSA,1530
COL21A1,2874
CRY2,1782
SUGP2,3249
ECI1,909
EIF3J,777
GPX8,630
SUV39H1,1239
ATP5ME,210
GDF9,1365
NKAIN4,627
SPINK7,258
NOX1,1695
ABLIM2,1938
C20orf173,609
NOP16,537
NEURL2,858
PLA2G4B,2346
ADISSP,525
MCTP2,2637
CXCL6,345
USP10,2397
SSR3,558
SCD,1080
COA4,264
RNF185,579
ZNF322,1209
RBM41,1314
AASDH,3297
NDUFS8,633
STC2,909
DRGX,792
HDAC2,1467
STAMBPL1,1311
RAD1,849
ATRN,4290
ARAF,1821
SMAD3,1278
VPREB3,372
RNF122,468
APOL4,1047
COLEC10,834
LARS2,2712
GDF6,1368
GRAMD4,1737
ZNF791,1731
GPR137,1191
SLC25A28,1095
ADHFE1,1404
TNFSF9,765
SPANXN2,543
MALRD1,6471
NCAPH2,1818
ARMCX1,1362
MYL9,519
SLC7A6,1548
SERF2,180
PBLD,867
STX10,750
FGF4,621
CGA,351
GAGE2A,351
AURKA,1212
TIPIN,906
TBCEL,1275
CT45A5,570
PDE7B,1353
EVC2,3927
SHROOM4,4482
CTNNAL1,2205
APOOL,807
ARRDC2,1224
ADAMTS2,3636
CDH13,2142
UBL4A,474
SSX4B,567
HES7,693
XG,588
TIMP2,663
CPPED1,945
RGS7BP,774
NME5,639
TTBK2,3735
CCDC154,2004
B3GAT1,1005
LGSN,1530
RPS5,615
DYNLRB2,291
SULF1,2616
SLC35B1,969
RNF145,1992
ITPR3,8016
RNF169,2127
SLC24A1,3300
MMS19,3093
HPSE,1632
ASB9,885
HSPB2,549
CLEC6A,630
CETP,1482
PCDHGB1,2784
HAVCR2,906
TNK2,3168
RPS6KA6,2238
SARNP,633
MROH2B,4758
CCDC9B,1473
HCST,282
TRIP4,1746
KLHL9,1854
LINGO2,1821
CNTLN,4221
CD14,1128
AWAT2,1002
USP28,3420
TBC1D16,2304
FOXP4,2043
CXCL10,297
MXD3,621
LUZP4,942
AMMECR1,1002
GRPEL1,654
PPP5C,1500
AVPR2,1116
RNF208,786
ZBTB26,1326
FAM156B,642
AK3,684
AMACR,1149
DUOXA2,963
TREM2,693
KLHDC4,1563
CLCN5,2451
FAM219B,597
DMRT3,1419
SSPN,732
GABRA6,1362
LCN10,603
DUSP22,618
IRAK3,1791
EP300,7245
LCN12,579
C17orf99,798
HYAL2,1422
ORMDL3,462
BPIFA1,771
RAD23B,1230
STAG2,3807
DYRK2,1806
PPCDC,615
MAL2,531
PPP1R37,2076
ACSL6,2169
BTN3A3,1755
AGPAT2,837
DRICH1,690
ANKRD40,1107
NF2,1788
TMEM71,888
BUB1B,3153
STX2,867
TULP2,1563
SLC38A12,1491
DHX35,2112
NEFM,2751
ICAM1,1599
EEIG1,1155
EXTL3,2760
WDR24,2373
ANK2,11874
CNN1,894
SLFN11,2706
STX1B,867
TMC1,2283
HSD11B2,1218
FN1,7434
SMIM29,309
TTC16,2622
ACY1,1227
E4F1,2355
ALOX15B,2031
B4GALNT1,1602
GCHFR,255
NPDC1,978
RBPMS2,630
NR2E1,1158
MAG,1881
DNAAF19,729
MAPKBP1,4527
PGAP3,963
SCAND1,540
UBAP1,1509
DLGAP4,2979
CHD1,5133
SYT1,1269
NUDT16L1,636
TTC19,1143
CBLN1,582
ANAPC15,366
ZNF689,1503
CHMP4B,675
RAB3C,684
VSTM2L,615
MTSS2,2244
PI3,354
CARD6,3114
TPSG1,966
GID8,687
IRX2,1416
INSL3,396
MED29,603
RBBP6,5379
SV2C,2184
NAT14,621
EDDM13,486
CTSA,1443
CCDC200,507
KLK3,786
EXOC3,2238
MGAT5B,2379
GNPTG,918
SMC5,3306
PDCD5,378
C5orf63,348
ENPP7,1377
RTL10,1095
CARD14,3015
ADM2,447
RPS23,432
DGCR6,663
NRP1,2772
CD276,1605
RTBDN,690
IRAG2,1500
PCDHGA5,2796
TTC33,789
ACSF3,1731
RTCB,1518
ALOX12B,2106
ANKRD55,1845
ADM5,462
ARHGDIA,615
PLEKHJ1,450
NIPBL,8415
P2RY12,1029
PSMA1,792
RREB1,5229
LEKR1,2079
NPIPB7,1245
UBE2Q2,1128
BOLA2,261
TTC38,1410
EIF6,738
PFN1,423
APC2,6912
BSPRY,1209
TSPAN31,633
NHERF2,1014
LRCH2,2298
GALNT15,1920
TSLP,480
FAM20A,1626
TIMM50,1062
SLCO6A1,2160
CMAS,1305
DAAM1,3207
CIZ1,2697
SLCO4C1,2175
WFDC6,261
ZNF337,2256
ZNF543,1803
AQP8,786
GET3,1047
OSBP2,2751
SNX6,1221
AMHR2,1722
CD99L2,789
TRMT6,1494
CMTM6,552
RUSF1,1407
ZCCHC10,579
CCL11,294
SCAF1,3939
TIMM23B,567
GABARAP,354
LIPH,1356
PCDHGA4,2889
OXT,378
SF3A2,1395
SPATA2,1563
SLCO3A1,2133
ZEB1,3378
PIPOX,1173
NCOA6,6192
PIEZO1,7566
IQGAP2,4728
ACTC1,1134
ARPC3,537
SYVN1,1854
DHRS7B,978
XK,1335
PPP2R5E,1404
CFP,1410
TRIM38,1398
DIP2C,4671
C2CD4B,1095
SLC16A13,1281
FAM83F,1503
ACSM2B,1734
SMIM45,207
ZNF331,1392
XYLB,1611
GHITM,1038
FBLN1,2112
AKAP10,1989
SAMD5,522
KIF16B,3954
ETV7,1026
ITPRIP,1644
ANKRD26,5133
RAB32,678
GPR6,1089
PACSIN1,1335
AKAP3,2562
HMGB3,603
AKR1C2,972
DEF6,1896
SYNDIG1,777
LRP1,13635
ACTR1A,1131
LY86,489
MMP24,1938
LRRC75A,1035
C5orf52,480
KHDRBS2,1050
CSAG2,384
FAM120C,3291
GRPEL2,678
STK35,1605
FAM83G,2472
ISM1,1395
NDUFB11,462
MTCH1,1170
STAU1,1734
ANKRA2,942
UCP3,939
CHST7,1461
CASKIN2,3609
OPHN1,2409
IFIT1B,1425
JMJD1C,7623
TMEM135,1377
DAZAP2,507
DLK2,1152
AREL1,2472
SPEF2,5469
CT83,342
CYLC1,1956
OSTM1,1005
AMOT,3255
ECD,1935
SEC14L6,1194
FRMD7,2145
TOP3B,2589
ACOX1,1983
YBX3,1119
DNPH1,525
ALG1,1395
SSX2B,567
GSTA3,669
STS,1737
UBP1,1623
ZNF449,1557
ATP5MJ,177
STX3,870
GNPDA1,870
PCK1,1869
AKAP14,594
ITGAD,3486
CXorf58,999
PNPLA4,762
DYNLRB1,291
ZNF764,1224
ERH,315
FUOM,465
NDUFAF1,984
ZNF180,1998
SCN11A,5376
RASEF,2223
EXOC3L4,2169
TRAP1,2115
SYAP1,1059
LARP6,1476
GRHPR,987
UBXN6,1326
DTWD1,915
ADAMTS15,2853
CHIC1,675
PABPN1,921
SHLD1,618
KCNC2,1917
VDAC2,885
CDK16,1491
HLTF,3030
CST11,417
TNFRSF21,1968
ARFGAP1,1221
LGALS3,753
SHC2,1749
FAM83B,3036
PPIP5K2,3732
SPX,351
SNRPD3,381
EEF1AKMT3,681
REV3L,9393
CKAP4,1809
TMC3,3303
EIF3L,1695
RASGRP2,1830
SLCO1B1,2076
ARPP19,339
SKAP1,1080
TGFB1,1173
PLSCR2,675
ZNF234,2103
PRRC2B,6690
BLOC1S6,519
WRNIP1,1998
ROPN1,639
ENGASE,2232
BRK1,228
HSPA5,1965
GINM1,993
DPH6,804
NUDT16,588
PAK4,1776
KLHDC2,1221
PRDM1,2478
ZDHHC3,900
GLP2R,1662
PHF20L1,3054
HSD17B3,933
CAND1,3693
RCAN2,732
SPPL2A,1563
ADGRB3,4569
ST6GALNAC2,1125
TLN1,7626
SEZ6L2,2772
GFOD1,1173
PLGLB2,291
GMDS,1119
CYP27B1,1527
CD300E,618
TULP3,1329
HOXB2,1071
VAMP2,351
GPATCH11,792
TTF1,2718
PTRH2,540
NUBPL,960
RAET1L,741
RANGAP1,1764
CD302,699
CCNL1,1581
WDR93,2061
ZNF688,831
SFXN4,1014
SYCP2,4593
MAP7,2250
FBXO39,1329
NUDT21,684
PPARGC1B,3072
RASGRP1,2394
EID2,711
CTDSP2,816
ZNF211,1734
MNAT1,930
ZFP90,1911
PARD6B,1119
MAMLD1,2325
PCED1A,1365
ANKK1,2298
ALG10B,1422
HOGA1,984
CMSS1,840
PBDC1,702
DNAJC4,726
EPOR,1527
DHX37,3474
ENKUR,771
ZNF704,1239
COX17,192
MYOZ1,900
SNX16,1035
STEEP1,669
CDIPT,642
HDHD3,756
DOK3,1323
GPATCH2L,1449
RHOT1,1980
PNMA6E,1944
RASGEF1A,1446
MID2,2208
PSG9,1281
ANKRD18B,3342
LDLRAD3,1038
GPRASP1,4188
SUSD3,768
RALYL,876
ZNF12,2094
CAP2,1434
ITIH5,2829
MRGBP,615
TMEM9B,597
ZFAND2A,438
RPL36AL,321
IL1RAPL2,2061
HEMGN,1455
NCOA5,1740
CLPTM1,2010
TIMM8A,294
PTK2,3291
ACTL6A,1290
PHF8,3075
PHYHD1,876
CDT1,1641
ZNF341,2565
SLC27A2,1863
SH2B2,1899
RPLP0,954
CES3,1716
GATM,1272
FIS1,459
APBB1,2133
RPL37,294
TEC,1896
SAMD8,1248
CTCF,2184
EYA2,1617
ZNF474,1095
NOC3L,2403
PCDHGC3,2805
PUS7,1986
MTHFS,612
OCIAD2,465
ITGB1BP1,603
HYKK,1122
PAGE2B,336
LCMT2,2061
DOCK2,5493
LYSMD4,891
CDKN2D,501
SLC68A1,1554
GNA15,1125
PMM2,741
PTPRT,4326
GCNA,2076
TMOD3,1059
MPC1,330
COL27A1,5583
TBC1D25,2067
YJU2,972
MRPS18C,429
TOP2B,4881
TMX4,1050
LRG1,1044
SGPL1,1707
GALNT11,1827
LSM4,420
SRSF6,1035
IL1RAPL1,2091
UPF3B,1452
VSTM4,963
DENND4A,5724
BLCAP,264
TOR4A,1272
HSDL2,1257
ANKRD16,1086
CLCN7,2418
GINS1,591
DPF1,1164
GYG2,1413
PAIP2,384
PPP2R5D,1809
GAB1,2085
LHPP,813
TOX2,1521
UVRAG,2100
FBN1,8616
ERMP1,2715
TP53RK,762
MKKS,1713
F2RL2,1125
IBSP,954
ACOT12,1668
KLRF1,696
PTER,1050
TBXAS1,1602
TLDC2,648
POFUT1,1167
CPE,1431
KDELR1,639
MLLT10,3207
NPY2R,1146
ZNF721,2772
SLC36A3,1413
TMEM190,534
DEFB119,255
PRPF4,1566
OVOL1,804
MEF2A,1518
FAM209B,516
ZNF790,1911
SCARB1,1530
SIRPA,1515
PATE4,297
EFNA5,687
TBCA,327
SDHAF3,378
LARGE2,2166
NOP14,2574
GIMAP6,879
RPS19,438
LRRC61,780
C16orf96,3426
FAM136A,738
GLCCI1,1644
SRCAP,9693
ZSWIM6,3648
CYP27C1,1614
TENM2,8325
ZNF48,1857
NFYA,1044
ITGAM,3459
KCNN2,2376
GABRG1,1398
GADD45G,480
GPHA2,390
DNAJC5,597
APLN,234
USP46,1101
DLG3,2454
ATAD2B,4377
TREH,1752
RRAS,657
CCDC174,1404
PTGDS,573
APBB1IP,2001
H2AZ2,387
STX16,978
ADAMTS10,3312
IL20RB,936
PYURF,345
SMTN,2748
BEND4,1605
SCGB2A1,288
MED20,639
ZNF92,1761
LIN7C,594
FAM13C,1758
TRIML2,1314
ACTR10,1254
RHO,1047
PTAR1,1209
GPR83,1272
FKBP9,1713
MXRA5,8487
TBC1D22B,1518
ENTPD3,1590
BRD7,1956
USE1,780
SLC7A3,1860
AGA,1041
ACLY,3306
PPME1,1161
RFX3,2250
GSTA2,669
SLC38A7,1389
SMOX,1668
ZNF766,1407
RHOH,576
KCNMB3,828
NFYB,624
MOCS1,1911
CDHR4,2367
ERCC6L,3753
ZNF681,1938
TLX1,993
PHKA2,3708
ZNF813,1854
NKX2-3,1095
EEF1AKMT2,876
PCNP,537
ZNF98,1719
HGFAC,1968
SLC34A3,1800
CREB3L3,1386
SUSD1,2244
SNAP25,621
FOXN3,1407
GRIK2,2727
TM4SF4,609
C16orf92,333
ZNF784,972
ZNF77,1638
DDX47,1368
DBR1,1635
ABCA3,5115
TRDMT1,1176
MRPL40,621
PWWP3A,2133
HES1,843
DGKK,3816
GGCX,2277
NIPA2,1083
TIMP3,636
TMEM121,960
TREML1,936
CAMK2B,2001
AP5M1,1473
MAPKAP1,1569
TBC1D14,2082
PRPF6,2826
TMEM184B,1224
RRAGD,1203
CYSLTR1,1014
TUBA1C,1350
GLA,1290
CPNE4,1674
HACE1,2730
PAPLN,3837
RILPL1,1212
VSX1,1098
MBTPS2,1560
NCLN,1692
APMAP,1251
MORF4L2,867
GALR3,1107
ZNF239,1377
FAM118A,1074
RNF41,954
E2F1,1314
CCNI,1134
DEFB132,288
PLCG1,3876
PPL,5271
PIERCE1,411
WASHC5,3480
REEP3,768
ZNF483,2235
PSENEN,306
ECT2,2745
LDB3,2184
ZKSCAN8P1,810
QPRT,894
C6orf132,3567
PPP2R5C,1740
FNBP1,1854
FGD1,2886
PKN1,2829
PALLD,3372
CABP7,648
CXCR1,1053
POLR3H,615
MDM1,2175
ADRA1D,1719
SPATA25,684
GALNT5,2823
SLC52A3,1410
MTHFSD,1152
FMR1,1899
AP3M2,1257
FITM2,789
SEMG2,1749
CPXM1,2205
PDGFB,726
SANBR,2157
CTNND1,2907
CXCL2,324
RASL10B,612
MYB,2286
TVP23A,642
ETFRF1,273
UBE2K,603
TRAF4,1413
DECR1,1008
TP53INP2,663
DEPDC5,4812
TNFRSF17,555
CTDSPL2,1401
GSTZ1,651
RAB35,606
WFDC5,372
FABP2,399
CLDND2,504
ACTR5,1824
SRGN,477
STK17B,1119
ADAM11,2310
AARS1,2907
ZNF141,1425
LARP4B,2217
TRMT1,1980
TEX10,2790
C12orf54,384
MMP24OS,216
SRGAP3,3300
GUCY1B1,1860
CD40,834
CSHL1,669
CNOT9,900
SYNM,4698
GFRA2,1395
EFCAB13,2922
SEC31B,3540
IGDCC3,2445
MRAS,627
CD63,717
PSEN1,1404
BTBD3,1569
M1AP,1593
OSR2,939
DBH,1854
SLC12A5,3351
ARMC7,597
ZHX2,2514
KNG1,1935
SLC23A3,1833
INPP5E,1935
PHOSPHO1,804
SPMAP2L,1398
PLAT,1689
GABRB1,1425
CSNK1D,1248
NR2E3,1233
CLK4,1446
ODAM,840
LHX2,1221
NME9,993
CYP26B1,1539
APCDD1L,1506
FAM98B,1302
SLC31A1,573
ZNF266,1851
YTHDF1,1680
SLC24A5,1503
SGMS1,1242
TMEM237,1227
PHF20,3039
CEMIP2,4152
EEF1AKMT4,768
ITGA11,3567
ZNF75D,1533
HERC3,3153
QTRT2,1248
JADE3,2472
DNAAF10,1074
ZRSR2,1449
RGMA,1353
PDE6D,453
ASTE1,2040
FAH,1260
ZNF486,1392
DTD2,507
SLC30A8,1110
TJP2,3573
TAFAZZIN,879
GPX1,612
TXNDC16,2478
SCGB3A1,315
PRDM7,1479
CSNK1G2,1248
IRX4,1560
CADM2,1215
METTL22,1215
SLC2A4RG,1164
SESTD1,2091
AGAP4,2061
WSCD2,1698
PCDHGA2,2799
CCNY,1026
SSUH2,1128
APC,8532
ALB,1830
ZNF479,1575
MATCAP2,1554
ABCC3,4584
LUM,1017
ENTPD6,1455
C3AR1,1449
ZNF736,1284
AHSA1,1017
ESYT3,2661
KDM7A,2826
FAM200C,1785
KIAA0825,3828
LANCL2,1353
TDRD7,3297
NODAL,1044
MAP4K5,2541
ZNF302,1200
MEIG1,267
MYO5C,5229
NDUFB8,561
PPP1R17,468
UBE2H,552
DIRAS2,600
TMPRSS6,2409
PIP5KL1,1185
NIM1K,1311
CHPT1,1221
SMIM23,519
ACAD11,2343
PITX3,909
USP6NL,2487
TES,1266
XIAP,1494
ESRRB,1365
ANKHD1,7629
PKHD1L1,12732
FPGS,1764
PRKCH,2052
CRTC3,1860
HUWE1,13125
DGKD,3645
SFXN2,969
GLI3,4743
NKX2-1,1206
ZNF71,1650
ZFYVE26,7620
PLEKHA2,1278
TMEM143,1380
PPIB,651
CACNB3,1455
DPY19L1,2247
EMC2,894
LINS1,2274
HSD3B7,1110
C19orf44,1974
BMPR1A,1599
ZSCAN25,1635
TEX9,1176
ZFHX4,10851
ETF1,1314
PTPRS,5847
FUT8,1728
LRRC57,720
TM7SF3,1713
SENP8,639
APPL1,2130
DOC2A,1203
SIN3A,3822
ZNF530,1701
HIBADH,1011
CD177,1314
TTC23L,1086
OST4,114
TNFRSF13C,555
MCAT,1173
LCP2,1602
MOSPD2,1557
HABP2,1683
RPS28,210
MED15,2367
UBE2A,459
PLEKHA1,1215
KCNN4,1284
PDLIM2,1059
STAC3,1095
NSA2,783
HTR1F,1101
TRANK1,8910
TUBA1A,1356
CMBL,738
SLC16A2,1620
PRRT3,2946
SCN2A,6018
CHCHD4,429
CBX3,552
TNPO2,2694
ETDA,180
PWP1,1506
BTBD6,1617
DMD,11058
IQCF3,465
PRUNE2,9267
CALM1,450
CFAP92,3315
NLN,2115
CST7,438
LY6K,498
ATP9A,3144
EFL1,3363
TMC5,3021
IKBKB,2271
CCDC180,4974
BRI3BP,756
IRF4,1356
ARFRP1,606
CCND2,870
PALM2AKAP2,3312
CDH18,2373
HERC1,14586
STARD7,1113
PTMS,309
WIPI2,1365
VIPR1,1374
EXOC2,2775
EZH1,2244
CAMK2G,1767
ADAMTSL1,5289
IRF1,978
SNRPN,723
OTOS,270
PTPA,972
HPS4,2127
MYBPC2,3426
TPCN1,2451
CDYL2,1521
CTF1,606
POC5,1728
MRPL12,597
CNOT1,7131
ZNF638,5937
NF1,8520
FAM161B,1944
TECPR2,4236
HTATSF1,2268
SBSPON,795
COL5A1,5517
CYP4F3,1563
LAMP5,843
POFUT3,1440
FAM114A2,1518
PKD1L1,8550
SPTB,6987
PTPRG,4338
RTEL1,3903
TRPS1,3885
TCEAL9,315
NXF3,1596
SAMD3,1563
PLSCR5,816
TMSB10,135
CHRNA2,1590
DCAF8L2,1896
NDUFS7,642
TENM1,8199
EXOC4,2925
TRMT61A,870
TEKT3,1473
RHOJ,645
NAT1,873
MAP3K2,1860
PIWIL2,2922
BRCC3,876
ALKBH1,1170
GRM4,2739
PAX9,1026
ITM2A,792
TOM1L1,1431
CBLN3,618
SIT1,591
EML5,5934
SEC16A,7074
METTL27,738
NOL12,642
NXF2B,1881
APOBEC3H,552
DIPK2B,1302
MTMR14,1953
SYTL5,2193
ATRAID,690
PIM3,981
TRIM35,1482
ST7,1734
MAN2A1,3435
CDC37,1137
GSTCD,1902
LRRC24,1542
MAPK1,1083
SPIN2A,777
ZFTRAF1,1215
ARHGEF40,4560
SLC6A14,1929
PLPP7,816
IL21R,1617
ADGRA2,4017
GPR107,1659
MYO7B,6429
ARSD,1782
PDCD2L,1077
OSM,759
RASD2,801
ZKSCAN8,1737
STX5,1068
MPPED1,981
PSKH1,1275
LRAT,693
PPFIA2,3774
RPL8,774
MYADM,969
SLITRK4,2514
AMDHD2,1230
PRR32,897
CDS1,1386
IDH3G,1182
ZDHHC8,2298
ZDHHC14,1467
ZNF418,2031
CHAC2,555
LCN8,459
DNAJC18,1077
C1QL2,864
VSTM2B,858
RNF20,2928
HS3ST3A1,1221
ZNF83,1551
DKK2,780
TCN2,1284
TMEM91,519
TMEM156,891
ANKS1A,3405
PF4V1,315
SCGB1D2,273
TNFSF15,756
ZDHHC5,2148
STX17,909
PLPBP,828
ANKZF1,2181
LYPD5,756
TMEM208,522
ACSL4,2013
PRLR,1869
SIN3B,3393
UBN1,3405
HMGXB4,1806
RAB27A,666
AKIP1,633
ZSCAN12,1836
DCUN1D4,879
ZNF318,6840
RANBP10,1863
EIF4EBP1,357
CYTH4,1185
ZNG1A,1188
LYN,1539
SLC17A3,1497
ESYT2,2601
AIPL1,1155
PRODH,1803
ACER3,804
ZBTB10,2616
RAPGEF6,4806
CIMAP1D,870
DPPA3,480
CA13,789
TAOK2,3708
ZNF385C,1512
ZNF250,1668
POLR3B,3402
RPS12,399
DGUOK,834
PPM1D,1818
PRC1,1863
MRPL27,447
FGFRL1,1515
UBN2,4044
MRPL10,786
ACSM3,1761
DOK7,1515
TMEM185A,1053
SERPINA3,1272
CASTOR2,990
SPAG7,684
CALHM5,930
LOXL2,2325
CFAP210,1659
PACRG,774
UQCR10,192
PAFAH1B3,696
ACAT2,1194
DGCR8,2322
ETNPPL,1500
GAL3ST4,1461
TAB3,2139
TMEM74,918
UNC13D,3273
CENPH,744
TNFRSF10D,1161
CHURC1,339
CYP2B6,1476
CALCOCO1,2076
SEPTIN7,1314
TTLL4,3600
ZBTB33,2019
MRPS18A,591
FAAH2,1599
RGMB,1314
IGDCC4,3753
RALGDS,2745
ERICH5,1125
CENPM,543
ASAP1,3390
CAGE1,2520
VEGFC,1260
YY1,1245
HAUS2,708
ITGB1BP2,1044
JAKMIP1,2496
SLC39A9,924
TCERG1,3348
NOL7,774
ORC5,1308
NIPSNAP1,855
U2AF1L4,546
GDPD2,1620
CHD2,5487
CDC27,2475
EEF2KMT,993
EIF1AX,435
TBC1D23,2100
SLC39A14,1479
TJAP1,1674
AMER3,2586
SNRNP27,468
ZNF74,1935
RIBC1,1140
COL4A4,5073
PLA2G3,1530
ZNF274,1962
MAGEA9B,948
PATZ1,2064
ARL9,798
AUTS2,3780
PDLIM3,1095
PHYHIPL,1131
SLC5A1,1995
MMD,717
METTL26,615
SMIM10L2B,237
RHOXF2B,867
COL13A1,2187
UPRT,930
STAT5B,2364
NPAS2,2475
NGRN,876
TMEM192,816
AHR,2547
LRRC75B,948
AFAP1,2445
BEX3,306
MAP2K1,1182
SLC13A1,1788
LRP2BP,1044
ANKDD1B,1587
ARR3,1167
CERS4,1185
ZNG1C,1188
PCDH7,3768
MTFP1,501
FLNA,7944
GTF2IRD2,2850
SRR,1023
ANKRD52,3231
FARS2,1356
SRP72,2016
SLC8A3,2766
TM6SF1,1113
EBF1,1776
SYNGR1,702
HDAC11,1044
DEPDC1B,1590
SHBG,1209
ELAPOR2,3090
CLDN5,657
OSBPL5,2640
FAM83A,1305
CSDC2,462
SULT1A1,888
MYL6,456
TRAF3,1707
BNIP2,945
NPM2,645
HDAC10,2010
ATE1,1557
LEMD2,1512
SMIM3,183
SH3RF2,2190
DOK1,1446
ADCY1,3360
TNFRSF10B,1323
HOPX,276
FEZF2,1380
DRD3,1203
CA12,1065
SLC27A6,1860
SLC35B2,1299
FOXN2,1296
EIF3B,2445
TIGD4,1539
SHLD2,2715
JAG2,3717
PAQR3,936
RND2,684
STIMATE,885
CD19,1671
CMTR1,2508
WBP2,786
PRKAA1,1680
LAMP3,1251
COL25A1,1965
WNT8A,1110
RAB2A,639
GTF2A2,330
ROM1,1056
CTNND2,3678
GREB1,5850
PLRG1,1545
TMEM200A,1476
CASP5,1305
ARID1B,7119
SORBS3,2016
ATP2A3,3000
NTRK3,2520
TPK1,732
PACS1,2892
PLS1,1890
CXCL13,330
TRMT10A,1020
FPR2,1056
ACSL5,2052
JPH4,1887
GPRASP3,1644
POU2F3,1311
TNNT1,837
ACHE,1845
TMEM187,786
TECRL,1092
ZFAND3,684
ACOT9,1347
BOP1,2241
FDXACB1,1875
SSTR3,1257
BCL2A1,528
RRP7A,843
SLC6A12,1845
ZNF410,1437
CHRM1,1383
ADPGK,1494
SIM1,2301
HEBP2,618
STMP1,144
PRDM6,1788
NIBAN2,2241
GNA13,1134
SYNE1,26394
NPY,294
TMEM92,480
RNF32,1089
WIPI1,1341
SPECC1L,3354
TTC23,1344
HSPA9,2040
BMAL1,1881
AQP12B,924
FAM53A,1197
DNAJC10,2382
PGRMC2,672
FUBP3,1719
USP22,1578
KLHL5,2130
SRPK3,1704
POLR2J,354
HOXA10,1233
CYB5R4,1566
CTTNBP2,4992
ZSWIM2,1902
ASB18,1401
HOXA7,693
PHF21B,1596
HSPE1,309
CYTH1,1197
ARF5,543
UACA,4251
DYNLT1,342
TCEAL3,603
NTAQ1,618
C3,4992
FRMD3,1794
SSC4D,1728
IPMK,1251
RANBP9,2190
SEPTIN6,1284
WNT10B,1170
C10orf90,2391
MMRN1,3687
PECR,912
SDC2,606
AIMP2,963
SYNJ2,4491
SFMBT2,2685
COX18,1005
POC1B,1437
TESK1,1881
CEP131,3243
NSMCE2,744
CCDC198,891
WDR91,2244
ACAN,7707
ARHGEF38,2334
KIAA1191,918
SET,834
DCAF17,1563
ZFYVE27,1236
PIM1,942
CLOCK,2541
SYN2,1749
IL11RA,1269
LPCAT2,1635
SCAMP4,690
TCF12,2121
NEDD9,2505
FAU,402
ARL4C,606
TSPAN12,918
ICOS,600
MRPL51,387
SHPRH,5052
SOX17,1245
TRAF7,2013
APBA3,1728
NHS,4956
FAM110B,1113
ZC3H14,2211
FAM9C,501
TBX5,1557
SSMEM1,735
PLCD4,2289
SOX6,2487
HSD17B10,786
R3HCC1,1323
SCAMP1,1017
HAUS6,2868
IFRD1,1356
NCOA2,4395
CXCR3,1107
PRICKLE3,1848
RAB8A,624
MORN4,441
SLC22A2,1668
DDX43,1947
SH2D4B,1302
CYP2C18,1473
ZUP1,1737
ITFG2,1344
NMI,924
FGFBP1,705
MYORG,2145
TMLHE,1266
OVOL3,573
DMBT1,7629
HINT2,492
ENPEP,2874
CYP4F11,1575
CSF1R,2919
RNASET2,771
WRN,4299
NEK10,3348
ZNF804B,4050
SEC61G,207
FSD1L,1593
GAS7,1431
PAGE1,441
FAT3,13770
TTC21B,3951
OR51C1,939
TRPC5OS,336
MAGEB2,960
HNRNPH2,1350
ZNF529,1692
ST6GALNAC6,1002
CCNB3,4188
MNX1,1206
ARHGEF12,4635
ITPRID1,3135
SLC25A43,1026
TFG,1203
CCNP,924
FGF18,624
ZCCHC14,3261
KITLG,822
ZNF506,1335
GAGE12H,354
DHRS7C,936
PPP1R3A,3369
PMP2,399
XAGE1B,246
HK3,2772
SLC38A8,1308
DOCK6,6144
HGSNAT,1908
NSUN5,1401
CCDC102A,1653
GK,1680
CEP112,2868
KRT6B,1695
CYP2U1,1635
C9orf85,474
EIF3CL,2745
NUP43,1143
FAM78A,852
SEPSECS,1506
PTPRR,1974
CORO2A,1578
CDH9,2370
KRABD5,381
TMEM140,558
SRRM3,1962
VCAN,10191
EPB41L4B,2703
APOC1,252
PRIMPOL,1683
MAGI2,4368
CCN6,1065
MRPL28,771
DCBLD1,2148
SPIDR,2748
PPP1R7,1083
DLGAP5,2541
GRIN2D,4011
ANO2,2997
ARMC3,2619
DDX39A,1284
PTGES,459
DDX4,2175
PPM1H,1545
TPSD1,729
MPDZ,6213
WWOX,1245
MYF5,768
CLEC12B,831
TMPPE,1362
NUP160,4209
ARHGAP31,4335
AVPI1,444
CHPF2,2319
ICE1,6801
PAH,1359
MGAT4D,1125
FAM107B,921
SLC12A6,3453
ZDHHC4,1035
NSG2,516
ZNF536,3903
RNASE3,483
DGKG,2376
DEGS2,972
LRR1,1245
TBCB,735
RAB39B,642
WWC3,3651
HAND1,648
WIPF2,1323
SLC9B1,1548
SLC25A47,927
KIF4A,3699
DTX3,1044
GREP1,1245
ZNF726,1851
SPN,1203
ZNF534,1986
PAGR1,765
BAZ1A,4671
AKR1C8,981
COG7,2313
RPL28,414
ZNF438,2487
THNSL2,1455
SLC38A2,1521
NLE1,1458
CAMKV,1506
GPR37,1842
LRMDA,681
GGH,957
C10orf71,4308
ASNS,1686
FAM149B1,1749
SLC33A2,1239
MYCN,1395
CFAP68,453
DCAF4,1488
PPAN,1422
ROGDI,864
UNC5D,2862
C11orf58,552
MYH15,5781
DDX42,2817
NAB2,1578
RGPD6,5298
FUNDC2,570
DOHH,909
XCR1,1002
C11orf21,399
ABCD1,2238
LBX1,846
LDB1,1236
ABRA,1146
BTBD2,1578
SLC25A3,1086
GRINA,1116
TNKS1BP1,5190
CLPSL2,303
NRK,4749
HIVEP1,8157
ACAD9,1866
NHSL1,4821
FRMPD4,5289
TRAPPC6B,477
VSTM5,603
SCAI,1821
TACC1,2418
RPS6KA3,2223
DPP4,2301
SNX19,2979
NIP7,543
CIRBP,894
NPTN,1197
FXR2,2022
L3HYPDH,1065
SMIM10L3,207
HOXA4,963
A1CF,1761
RCOR1,1458
NRF1,1512
SPG7,2388
GLTPD2,876
FAM120A,3357
SERPINA4,1284
CFC1,672
PAFAH1B2,690
ATXN7L3,1044
RNF111,2961
TMEM198,1083
NSG1,558
FLRT2,1983
UHRF2,2409
CT45A9,570
CEP170B,4665
ZCCHC18,1212
C1S,2067
CFAP97,1599
PUDP,687
ELF5,768
NCF1,1173
GPC4,1671
NOL11,2160
SH3BP2,1686
TRIO,9294
CCDC88B,4431
ACOX2,2046
HECTD1,7833
NELFB,1887
RHOXF1,555
PTPN9,1782
IL1RL2,1728
C8G,609
TRMT2B,1515
GBA2,2784
GEMIN6,504
FRMD8,1395
BRCA1,5592
MARCHF6,2733
PLA2G4F,2550
DMRTA1,1515
SOS1,4002
KYAT1,1269
CRISP2,732
KAZN,2328
TSPAN7,750
CHMP7,1362
CD36,1419
RTN4IP1,1191
ANXA2,1020
COL4A5,5076
BICRA,4683
HERC6,3069
KLF18,3159
SLC6A15,2193
CD2AP,1920
PSG3,1287
ESRP1,2046
CORO1B,1470
GJA9,1548
PFN2,423
MROH7-TTC4,4005
TENT2,1455
ZNF552,1224
BAZ2B,6507
IQCF1,618
IL4R,2478
ALKBH7,666
SORCS2,3480
ZNF860,1899
STX19,885
PARG,2931
TENM3,8100
PREP,2133
POLR2E,633
MS4A6E,444
BCL6,2121
FLI1,1359
IGF1,462
AKAP5,1284
VCF2,348
ZFYVE21,705
TSHB,417
CAMTA2,3609
CCDC73,3240
PRDM14,1716
FTSJ1,990
NKX6-1,1104
DRD5,1434
CDKL2,1713
ETS1,1458
TLCD4-RWDD3,606
IGF2BP2,1800
RPP40,1092
FABP5,408
CHN1,1380
P2RX7,1788
LRIT1,1872
RNF38,1548
ACBD7,267
OR10J5,930
ZCCHC4,1542
TAF3,2790
MICU3,1593
PLEKHG3,3660
TMEM273,390
GPR34,1146
PLIN5,1392
TCEAL5,621
RAG1,3132
RIGI,2778
ADTRP,693
NAA10,708
SHISA9,1275
ZNF23,2061
C10orf88,1338
DNAAF2,2514
DCDC2,1431
EAPP,858
SHCBP1L,1962
PCSK7,2358
LSM1,402
ELOVL4,945
ST8SIA4,1080
MGMT,624
GAR1,654
SNAI3,879
TPPP2,513
STK38,1398
MVD,1203
UBE2W,456
RND3,735
PCDHGB3,2790
PLIN4,4116
EXOC8,2178
CHMP4BP1,516
COA8,582
ZNF670-ZNF695,414
RGS21,459
CYP2A6,1485
MRC1,4371
DKC1,1545
NPB,378
MUSK,2610
GGT6,1500
BCL7A,633
CCNA2,1299
REL,1764
BBOF1,1590
GPR52,1086
PTX4,1437
TEAD3,1308
PMIS2,453
ZNF768,1623
EPHX3,1083
CHP2,591
GALT,1140
FGFR4,2409
ACTR6,1191
ZDHHC22,792
HPR,1047
PDSS2,1200
NAT9,624
LARP1B,2745
CUZD1,1824
MAP3K15,3942
ZFYVE1,2334
SPATA33,423
PLSCR1,957
USP54,5055
BTN3A1,1542
FAM43B,990
CDH16,2490
VSIG8,1245
GPR173,1122
SSX2,567
MANSC4,1023
TEAD2,1356
TMEM52B,552
TRAPPC2,423
CAPN10,2019
CENPS-CORT,417
MAS1,978
MAN1A1,1962
PLEKHA5,3849
OR2G2,954
RSPH3,1257
OR2G3,930
AMN,1362
CARNMT1,1230
ELF4,1992
GPIHBP1,555
PMF1-BGLAP,636
FOXH1,1098
CMC4,207
BAALC,438
MEX3A,1563
RMI1,1878
ARID4A,3774
CISD1,327
CYP4Z1,1518
CHST1,1236
ENOX2,1746
PDGFRL,1128
FOXE3,960
VHLL,420
LRRC52,942
FOXD2,1488
RXFP4,1125
ANGPT1,1497
PTGR1,990
GJA8,1302
SLC22A12,1662
LSAMP,1017
PUF60,1680
DCLK3,2454
MT1HL1,186
MRPL38,1143
HPS3,3015
JAM3,933
ADAM30,2373
HSPA6,1932
KCNA10,1536
STXBP5,3456
LBHD2,327
ATAD3C,1236
SGSM2,3156
CLHC1,1761
CAPN15,3261
RNF186,684
PLA2G2E,429
OR2M7,939
OR14C36,939
KNCN,375
LNP1,537
ADD1,2400
LCE3B,288
LCE3A,270
LCE2B,333
LCE2A,321
PRAMEF15,1437
L1CAM,3774
PRAMEF14,1425
RBM19,2883
PRAMEF17,1425
FNDC10,681
OR10T2,945
PRMT6,1128
MLYCD,1482
TNFAIP6,834
NGLY1,1965
RSL1D1,1473
STAM2,1578
MACROD1,978
LRRCC1,3099
TSSK3,807
ERAL1,1314
IL18RAP,1800
CDC42BPB,5136
SALL2,3018
LCLAT1,1131
CCAR1,3453
PLEKHB1,732
ATP2C2,2841
CHRNA6,1485
POLR1E,1260
SLC9A7,2181
FBXO16,879
PTGS2,1815
RNASE1,471
DVL2,2211
ARMH4,2325
PLAC1,639
PAGE4,309
PCDHGA9,2799
RNF224,471
MSH4,2811
PREX2,4821
NTNG2,1593
PRELID2,534
RNF223,750
PAK3,1635
APOA4,1191
RANBP6,3318
CCDC185,1872
TICAM2,708
SLC24A2,1986
LRRC53,3744
DAP,309
RBM4,1095
CNBD1,1311
FPGT-TNNI3K,2811
TMEM167A,219
ARHGEF25,1743
ECPAS,5520
TRAPPC13,1254
CFAP52,1863
ZDHHC17,1899
H3C13,411
H2AC20,390
H2AC21,393
GPR25,1086
TMEM81,768
HGD,1338
CIBAR1,870
ZNF233,2013
CCDC127,783
ACYP1,300
DUSP1,1104
RLIM,1875
OR2L2,939
CNTROB,2712
OR2L3,939
NRXN2,5139
OR2M4,936
SPINK2,405
MAP3K10,2865
OR10K2,939
KLHDC7A,2334
LINGO4,1782
HMGXB3,3879
THEM5,744
EOLA2,477
IL23A,570
LCE1F,357
UGT8,1626
LCE1D,345
HPDL,1116
OR2L5,939
NABP2,636
LYPD4,741
NTMT1,672
OR10X1,981
PBX4,1125
OR6K3,948
PUM2,3195
LRRC74A,1416
OR14A16,930
OR11L1,969
OR2W3,945
OR2AJ1,987
SLC75A1,1368
OR2L8,939
OR6Y1,978
OR2M5,939
OR2M2,1044
SLC1A5,1626
TMEM171,975
OR2T8,939
BEGAIN,1839
OR6F1,927
ENPP1,2778
OR14K1,945
OR2T12,963
OR2T33,963
TMED3,654
APOA1,804
MYF6,729
OR4F5,981
OR13G1,924
ALKBH2,786
OR1C1,945
OR2M3,939
SNURF,216
OR6N1,939
DBN1,2088
OR10Z1,942
POFUT4,1479
E2F5,1041
UNC13C,6645
ACSBG2,2001
SPTA1,7260
PDZD8,3465
NAA35,2178
ZNF641,1275
VNN1,1542
PPEF1,1962
OXR1,2622
HDGFL3,612
SMPD2,1272
NSUN3,1023
IER5,984
BECN2,1296
ANXA11,1518
TNFSF18,534
MAP10,2718
INSL5,408
OR6P1,954
SLC2A7,1539
SNAPC5,297
SLC25A39,1080
OR6K2,975
LCE4A,300
BIN2,1698
ACTRT2,1134
CGB5,498
DDC,1443
PHACTR1,1743
CELA3B,813
MBD4,1725
TIMP1,624
TUBB4A,1335
UBAP1L,1146
TTC12,2118
FRMD5,1713
CELA3A,813
PLN,159
ATXN3,1086
ALDH5A1,1608
DKKL1,729
LCE1C,357
H3-7,411
LCE5A,357
CRCT1,300
LCE3E,279
LCE3D,279
COLGALT1,1869
ANOS1,2043
A3GALT2,1023
ASCL5,621
TBC1D21,1011
TMEM269,612
LCE1B,357
LCE1A,333
LCE6A,243
COX6C,228
SPRR4,240
CNTNAP3B,3867
NCEH1,1227
HAND2,654
MAN2C1,3123
LIN37,741
CLGN,1833
HTR1E,1098
DCST2,2322
HECA,1632
ELAVL3,1104
RPL39,156
ZSCAN9,1185
KDM5A,5073
SEC62,1200
HS6ST2,1938
FAM9B,561
ZNF808,2712
INTS9,1977
TCHHL1,2715
MTM1,1812
RPTN,2355
HRNR,8553
EXOSC9,1320
CLEC4M,1200
SFN,747
CATSPER4,1419
KLF4,1440
GKAP1,1101
OR6N2,954
H3C15,411
HAPLN4,1209
H4C15,312
H2AC18,393
H2BC21,381
H4C14,312
SRPK1,1968
H3C14,411
LCE2C,333
OR2C3,963
FBXO40,2130
CCDC124,672
LCE3C,285
CITED4,555
SHC3,1785
ANKS6,2616
P3R3URF-PIK3R3,1524
ZW10,2340
FCGR2C,972
PPIAL4C,495
PPIAL4D,495
PPIAL4E,495
PPIAL4G,495
PPIAL4H,495
SPACA9,669
MFN1,2226
AKR7L,996
LENEP,186
S1PR3,1137
APOBEC4,1104
C8orf58,1098
MPG,882
NR5A1,1386
PARP12,2106
CELF1,1545
PYCARD,588
NRBP2,1506
FAM229A,384
TCHH,5832
ATP8A1,3495
KIFC3,2481
KPRP,1740
SYK,1908
FANCB,2580
VDR,1284
CELSR2,8772
NECAB1,1056
MANEA,1389
LACTBL1,1740
UPK3BL2,792
PCOLCE,1350
GEM,891
WDFY1,1233
CLTRN,669
RPS10,498
IPO8,3114
NHLH1,402
RGN,900
NUDT4B,546
CPA4,1266
MATN1,1491
KLK13,834
OXCT2,1554
TERF1,1320
PTGES3L,471
FCRL4,1548
SLC25A4,897
LFNG,1140
FSIP2,20724
RAVER1,2220
KCNAB1,1260
RELT,1293
GNAI1,1065
UQCRHL,276
CXorf38,960
SUFU,1455
PRAMEF12,1452
VSIG10L,2604
PRAMEF1,1425
STMN4,651
FANCC,1677
SPAG5,3582
ATP5F1D,507
LYRM4,276
CTBP1,1290
ZDHHC15,1014
DCHS1,9897
ADGRV1,18921
AADACL4,1224
MID1IP1,552
NUDT11,495
TMEM72,828
PRAMEF20,1428
BRPF1,3663
TACSTD2,972
RPGR,3459
REPS1,2391
ERCC2,2283
PRAMEF19,1440
CASP7,912
FADS2,1335
KCNA3,1728
KRIT1,2211
ZC3H11B,2418
FOXD3,1437
LELP1,297
PRR9,351
LORICRIN,939
B3GALT6,990
ZNF572,1590
DDX11,2721
ACD,1377
OPLAH,3867
ORM1,606
TMBIM1,936
KIAA1217,5832
SETSIP,879
OR2AK2,963
OR6K6,960
OR10R2,975
OR14L1,978
CCDC191,2811
TAS1R2,2520
GNE,2169
OR4F29,939
ERI2,2076
PDK3,1221
C3orf49,879
OR4F16,939
ARSK,1611
ARL16,522
BBLN,252
CFAP263,1134
ZNF618,2865
MED12,6534
INCA1,711
PLCXD3,966
OIP5,690
CACNA1D,6486
PPP4C,924
PANK3,1113
SEMA6D,3222
HAPLN1,1065
SEC24D,3099
OGA,2751
SECTM1,747
CAPSL,627
RAI2,1593
LRRC55,897
MRGPRE,939
CREB3L1,1560
LHFPL2,687
TASL,906
DOCK11,6222
PLD3,1473
NRCAM,3915
ZFP37,1893
SMARCAL1,2865
RRM2B,1056
ANKRD18A,2979
RPL27A,447
MICOS10-NBL1,216
MLX,735
ZDHHC21,798
TMEM278,492
CD3G,549
RGS4,618
LRRC36,2265
CTNNA1,2721
CA5B,954
TMEM126A,588
SLC1A1,1575
ZNF648,1707
UBL4B,525
PRDX4,816
C3orf85,273
CHCHD7,258
JUN,996
ERVMER34-1,1692
ERCC4,2751
ZNF385D,1188
SSRP1,2130
ALPK1,3735
TANK,1278
PSMD5,1515
LCAT,1323
GARIN4,1785
ACSF2,1848
SYP,942
CHCHD1,357
CDH23,10065
TSNAX-DISC1,567
PSMD10,681
ARPC4,507
BMP5,1365
EME2,1140
GSN,2196
CRISPLD2,1494
KCNC1,1758
FBXO8,960
HIKESHI,594
ZFHX3,11112
NPRL2,1143
TENT4B,2142
OR14A2,945
FEM1B,1884
GPR61,1356
LDHD,1455
ICE2,2949
ENPP6,1323
RPE65,1602
IL15,489
MRLN,141
HELB,3264
KTI12,1065
DPCD,612
KBTBD3,1839
DNAJB9,672
CLEC1A,843
RBM48,1104
TMEM223,609
PLA2G15,1239
MRPL14,438
THY1,486
TCHP,1497
ZNF611,2118
PRAP1,456
QKI,1026
PIK3CG,3309
CAVIN3,786
XYLT2,2598
BBS2,2166
NAA40,714
ERLIN1,1047
SSX3,567
COCH,1653
GUCY2C,3222
KLHL24,1803
CD38,903
OTUD7A,2802
P4HB,1527
BORCS7,321
SUGCT,1317
THAP4,1734
SPACA5,480
TCEAL1,480
PKP3,2394
DAPK2,1113
ANKRD1,960
PTHLH,534
GAGE12C,354
TMEM128,498
ZNF275,1290
STK26,1251
ZNF93,1863
MEN1,1833
PFKFB3,1563
FSCN3,1497
GRM3,2640
LEF1,1200
CIROP,2367
DCSTAMP,1413
TBX19,1347
SAMTOR,1218
ATG2B,6237
PPP2R2A,1344
THBS4,2886
OLA1,1191
MAGEB16,975
SRPK2,2100
YOD1,1047
ZMAT1,2088
ADAP2,1146
RNASE4,444
CHD4,5739
ZNF649,1518
UGT2B17,1593
SHTN1,1896
MAGED4,2226
GRID2,3024
FGF22,513
TUB,1521
CALN1,786
RAD51,1020
TMEM259,1863
ZC2HC1A,978
ZC3H6,3570
LPAR4,1113
MMP13,1416
RGS20,726
GDPD1,945
MOSPD1,642
SLC12A9,2745
CYFIP2,3762
INPP5F,3399
NCK2,1143
SNX3,489
ATF7IP2,2049
B4GALNT2,1521
EBF2,1728
FBXO3,1416
TBC1D8B,3363
SOD2,669
CHSY1,2409
TEX2,3384
KLF8,1080
CLRN3,681
HCFC1,6108
LIMCH1,4404
SCLY,1338
KLF6,852
LIN28B,753
QARS1,2328
FOXF2,1335
RPL13,636
IFNGR1,1470
EXOSC1,588
KLHL38,1746
OR51E2,963
PATE1,381
STAU2,1713
EDC3,1527
GAGE12F,354
CPT1C,2412
CDX4,855
ABCD4,1821
TEX11,2778
EPS8L2,2148
LIMS3,1197
TERF2IP,1200
THBS2,3519
DYNC1LI2,1479
FAM171B,2481
WDR44,2742
PIERCE2,366
SP5,1197
SLC12A1,3300
CCL2,300
BTAF1,5550
PON2,1065
SLC16A3,1398
XDH,4002
CARMIL1,4116
TK1,705
SLK,3708
PDZD4,2328
KCNJ16,1257
GLDN,1656
LITAFD,219
PDPR,2640
PLP1,834
SLC16A6,1572
TMEM266,1572
ZNF775,1614
PLXDC1,1503
KCNH7,3591
LRRK1,6048
YIPF3,1053
STRN4,2262
IGFBP3,876
PRKCB,2022
VCL,3405
NBEAL1,8172
SP6,1131
MKRN3,1524
TRPM5,3498
VPS13B,11994
METTL23,573
KLHL25,1770
SCML1,990
DENR,597
RCCD1,1131
NCAPG2,3432
MED23,4107
SETD1B,5901
DCUN1D3,915
CLDN2,693
FN3KRP,930
FIBP,1074
RAP2C,552
BCAR1,2613
HSPA12A,2028
KRT80,1359
PIF1,1926
GJB1,852
CHAD,1080
MAGOHB,447
NOTUM,1491
CPEB4,2190
RNASE11,600
AKR1C1,972
NLGN4X,2451
RFWD3,2325
SIX4,2346
IKBIP,1134
ZNF260,1239
SNW1,1611
SLIT3,4572
CDK5RAP3,1521
PRR12,6111
RMP64,1704
ELL,1866
IRX6,1341
LYPLA1,693
EFEMP2,1332
RSU1,834
SOCS1,636
ALS2,4974
CHMP1A,591
ZNF622,1434
SIGLEC8,1500
JSRP1,996
USP31,4059
GRK6,1731
GSTA4,669
CYP2S1,1515
CDNF,564
PYDC1,270
CEMIP,4086
NPIPA2,1110
KIF11,3171
MT1B,186
GPRC6A,2781
TELO2,2514
SEMA5B,3456
GRAMD1A,2175
FIG4,2724
MBIP,1035
ARL5B,540
EIF4EBP2,363
SH3PXD2A,3402
DUT,759
ARID5B,3567
NSUN6,1410
G2E3,2121
CTSD,1239
SKOR1,2898
DLX6,882
FANK1,1038
RAD51D,987
CHRNA3,1518
CCDC136,3465
PWWP2A,2268
GALP,351
FCF1,597
CUL7,5097
MYO1E,3327
GNG8,213
PARD3,4062
DNHD1,14262
ZC2HC1C,1371
TJP3,2760
TRIM23,1725
HACL1,1737
LITAF,486
SEC24A,3282
CHRNA10,1353
HDDC2,615
KCTD14,768
VPS25,531
NAALADL1,2223
PSMA4,786
PRKAR2B,1257
SCO1,906
PHYHIP,993
NKAIN2,627
BLTP3A,4323
SRP54,1515
HSPA4,2523
ZFAT,3732
COL10A1,2043
AKAP1,2712
MDH1,1005
PHF14,2847
FUT6,1080
PSMD13,1131
BLOC1S3,609
ERVK3-1,330
PTGER1,1209
B9D2,528
TMEM243,357
ATG4D,1425
NTN3,1743
SAMD9,4770
FAR2,1548
GTF3C1,6330
DDX56,1644
EYS,9435
PPP1R13B,3273
PLBD1,1662
OSGIN2,1650
NR2F1,1272
PDP1,1614
HCN1,2673
UGGT1,4668
C17orf67,273
FGD6,4293
CTHRC1,732
MRPS27,1245
TICRR,5733
RTN1,2331
TCAP,504
RRP8,1371
HOXB7,654
CDH17,2499
HMG20B,954
CLN6,936
IQSEC1,3345
EIF4B,1836
PDHX,1506
BMP4,1227
SLFN14,2739
RNASEK,297
LAMTOR4,300
TPRG1,828
NOX5,2298
CRISP3,777
G6PC3,1041
WDHD1,3390
REPIN1,1875
TCF3,1965
RPAP1,4182
HOXD3,1299
ROPN1L,693
MDH2,1017
SLC9A9,1938
ESCO2,1806
C5orf58,246
RNF8,1458
SLC12A4,3258
CCNT2,2193
PSMD11,1269
POLQ,7773
ZNF7,2061
ASB8,867
KLC2,1869
ZNF786,2349
ARID3B,1683
ZNF727,1500
CCDC197,819
BRD8,3708
DTX3L,2223
TMEM130,1272
ILRUN,897
SLC33A1,1650
DYNC1H1,13941
ACVRL1,1512
HEXA,1590
ANKMY2,1326
FANCE,1611
MSH6,4083
RAB7A,624
NANOG,918
THAP5,1188
UQCC6,216
GSR,1569
FAM180A,522
PALS2,1623
SLC6A11,1899
SYCN,405
HAMP,255
AKT1S1,771
KCTD6,714
CLIP1,4317
SPNS2,1650
ALG8,1581
PPDPFL,255
GATA2,1443
PENK,804
IGF2BP3,1740
CLEC18A,1341
GPX4,594
WSB1,1266
CLMN,3009
SUCNR1,1005
MADCAM1,1149
DRC9,1332
MKNK2,1398
GRM8,2727
NBAS,7116
MED30,537
THTPA,693
C11orf98,372
LUC7L,1116
RAB15,639
HHLA1,1596
EED,1326
FGF20,636
EPPK1,15267
NPTX2,1296
PPARD,1326
RBPMS,591
HACD3,1089
SCGB2B2,291
FBXW9,1377
COPG2,2616
DZIP1L,2304
ADGRE2,2472
ROBO3,4161
RPL14,648
KIAA0753,2904
ZDHHC23,1308
MMD2,741
SUSD6,912
MAP6,2442
ALCAM,1752
MDFIC,741
AIP,993
DHX33,2124
KATNBL1,915
TAC4,324
TSC22D2,2271
ZNF800,1995
METRN,882
CUL9,7554
MSL1,1845
TTLL5,3846
EHF,903
KLRK1,651
HMBOX1,1263
NEUROD1,1071
MARCOL,858
FGF10,627
CIAO2B,492
C3orf20,2715
ZSWIM9,2763
RAB11FIP4,1914
CCNF,2361
KDM3B,5286
SPPL2B,1779
H2BK1,369
AOAH,1728
USP15,2946
COMMD4,600
RAD18,1488
COLEC11,816
SMG8,2976
HOXB3,1296
NOD2,3042
FAIM,606
NUP153,4428
PIK3R5,2643
DPEP2,1461
GRID2IP,3636
ZNF300,1815
DCAF7,1029
ADAMTS6,3354
NUP210,5664
DNAJB6,981
FAM53C,1179
CD2BP2,1026
PALS1,2028
ZNF17,1995
OTULINL,1071
OR7D2,939
ANTKMT,708
CD79B,690
ICAM5,2775
NAA30,1089
PER2,3768
MT4,189
HMGCR,2667
RPS15A,393
ID4,486
CRABP1,414
MED25,2244
FAM177A1,711
KIF19,2997
KCNQ5,2799
CWC22,2727
PLA2G1B,447
RNF217,1629
GHSR,1101
TMX1,843
TMEM115,1056
SIK3,4110
SPRYD3,1329
STX11,864
TMEM253,654
KCTD9,1170
TIAM2,5106
KCNS2,1434
C8orf89,486
UBR5,8400
ACIN1,3852
METAP2,1437
TMEM17,597
IL1RN,534
GJC1,1191
VPS35,2391
ANPEP,2904
CLDN12,735
TTLL6,2676
GFRA1,1398
FAAP24,648
LIMD1,2031
SGCD,873
MCOLN1,1743
PSMB6,720
SMIM13,276
TMED4,684
ADGRF1,2733
HCFC2,2379
GBE1,2109
MSMB,345
SEC23IP,3003
RAD50,3939
VPS41,2565
DPP8,2649
GPAT2,2406
ADAT2,576
TGFBR3L,879
CCP110,2976
PCMT1,684
DCN,1080
SPATA16,1710
ZNF625,1119
TEKTIP1,630
CCR4,1083
GMNC,1005
NIBAN3,1863
IQCF6,441
BNIP3,585
TESMIN,1527
CALCOCO2,1341
TXNRD3,1932
CCDC196,894
LYNX1,351
CABP4,828
SEPTIN8,1452
HNRNPH3,1041
GARIN2,1254
TNFRSF11B,1206
COMMD9,597
TULP1,1629
HSPBP1,1080
XRN1,5085
ATP6V0D1,1056
PARP10,3078
BATF,378
GPR65,1014
RIOK1,1707
CLECL1,270
EIF5,1296
TMEM120A,1032
F2,1869
MGP,312
KLRC4,477
NINJ2,429
ZNF329,1626
CA5A,918
AQP6,849
FBXL17,2106
AQP7B,1041
CLC,429
ADRA1B,1563
LRRC19,1113
IRGM,546
BTNL3,1401
TMEM38B,876
GADD45GIP1,669
DNAJC5G,570
BNIP5,1959
ZNF222,1476
NOMO2,3669
ZNF865,3180
SH3BGRL2,324
SYNJ2BP,438
POLR3D,1197
SULT2A1,858
UBE3B,3207
FBXO38,3567
SPECC1,3207
MCF2L2,3345
CYP2C19,1473
KLHL28,1716
PRKN,1398
C9orf57,420
NDUFA5,351
PRRT1B,792
GPD2,2184
ZNF627,1386
CRAT,1881
LRFN5,2160
OARD1,459
AKR1C3,972
ZFP36L1,1017
SMIM19,324
POLRMT,3693
WDR25,1635
APOC3,300
NYAP1,2526
SNX1,1569
RSPH10B2,2613
TAF2,3600
TTC14,2313
ARG2,1065
MARCHF5,837
CNPY3,837
FAHD1,666
KIF1C,3312
BANP,1593
RET,3345
HEATR5A,6141
ABHD17B,867
HMGN3,393
NAMPT,1476
GTF3C4,2469
ANP32B,756
RHOBTB3,1836
FAM204A,702
CKS2,240
POLR1F,1017
INF2,3750
ECI2,1185
AQP7,1029
FBXO32,1068
CAT,1584
CACNB4,1563
ADAM22,2895
PIAS1,1956
MRPS28,564
C8orf82,651
A1BG,1488
NDUFB9,540
LRFN3,1887
RFFL,1092
EML2,1950
TCTN3,1824
TNIP1,1911
CYP11B2,1512
APIP,729
ADRB3,1227
CYP19A1,1512
ZNF395,1542
TPD52L1,615
P2RX4,1167
RDH12,951
FRMD6,1869
PSIP1,1593
CAMK2N2,240
NCOR1,7323
NEUROG3,645
PDZD7,3102
KLK1,789
MED26,1803
LTK,2595
PABPC1,1911
DNAJC12,597
CADM4,1167
MBNL1,1149
MAP1S,3180
CARMIL2,4308
HNRNPF,1248
CDKL4,1029
CAPN14,2055
PHKB,3282
CNGA3,2085
GDPGP1,1158
NRTN,594
PSMA6,741
C19orf84,561
PEX11A,744
ZNF550,1269
MRPS33,321
EMC4,552
AGFG1,1689
DNAI7,2169
DHPS,1110
THSD7A,4974
DOCK1,5661
CYGB,573
SLC17A5,1488
TNS4,2148
FAM237B,420
SHC4,1893
GPSM1,2028
NUDT1,471
MAML2,3471
CBX2,1599
RDX,1752
MTNAP1,1830
GOLGA6B,2082
CDKN3,639
HMGA1,324
COXFA4L3,252
GJD2,966
CHP1,588
CREG2,873
TPST1,1113
TOR2A,966
EIF5A2,462
MDM2,1494
CYRIB,975
INKA1,858
SUGP1,1938
MUC13,1539
PRTG,3453
EQTN,885
P3H4,1314
LCN2,597
ATP8B4,3579
GNAI2,1068
CDH11,2391
SLC46A2,1428
TBL2,1344
DKK1,801
TMEM132E,3225
STARD10,876
DMAC1,339
LZTS2,2010
C5,5031
XAF1,906
ALDH8A1,1464
REV1,3756
BCKDHB,1179
CTSH,1008
SMC3,3654
ZNF785,1218
CD200,810
CLEC2L,645
L2HGDH,1392
KRT24,1578
CYBA,588
ACTMAP,1056
CCR10,1089
PLOD3,2217
TMC8,2181
NINJ1,459
APOD,570
SCN1B,657
HELQ,3306
CCL17,285
MAF,1212
PSMA3,768
GRIN2B,4455
NOB1,1239
GLIS3,2793
FOLR3,738
YIF1B,945
FOXJ2,1725
LHFPL4,744
BEND7,1242
CAV2,489
AHSP,309
TET2,6009
TEX14,4356
EPB41L2,3018
AGTR1,1080
C11orf97,381
MBTPS1,3159
PGA3,1167
ENTPD8,1488
GIMAP2,1014
KLHL8,1863
DGKB,2412
GPR19,1248
SLC17A6,1749
TSEN2,1398
RFX7,4383
PANX1,1281
SDS,987
INA,1500
CTBP2,1338
IPPK,1476
ANKFN1,3441
IDH3A,1101
USH1C,2700
NCBP3,1863
KLF1,1089
ZNF680,1593
SMU1,1542
LIM2,522
LRRC46,966
PIN1,492
CPSF6,1656
TLR1,2361
ARMC6,1506
RABGEF1,1476
CLNK,1287
MOK,1260
FHIT,444
FGFBP2,672
NPFFR2,1263
PAXX,615
MRPS25,522
MPI,1272
STOX2,2781
TGFBRAP1,2583
NDUFC1,231
HOXB6,675
MEGF10,3423
FLT3LG,708
GAS2,942
CCDC47,1452
EP400,9372
TMEM39A,1467
FBP1,1017
IQUB,2376
SLC11A1,1653
TMEM62,1932
EIF2B2,1056
EIF4G2,2724
NNT,3261
TMEM60,402
GML,477
FAM184B,3183
MMP17,1812
ATP5MF,285
SFTPC,576
ZNF484,2559
KLB,3135
TADA2B,1263
PRR19,1071
PTPRD,5739
COL6A5,7845
PRDM5,1893
GEMIN2,810
SLC44A2,2121
IGF2BP1,1734
PHB2,900
CIMAP1C,825
CNIH2,483
RASL12,801
EPHB4,2964
RB1CC1,4785
ACVR1C,1482
HMCN2,15240
SORD,1074
HEMK1,1017
GPRC5D,1038
AQP2,816
SLC29A2,1371
MILR1,1032
SELPLG,1239
HOXC6,708
TMEM163,870
TRPM6,6069
INTS13,2121
NEK8,2079
HNRNPLL,1629
FBXL5,2076
OTX2,894
ENPP2,2592
REXO5,2325
NTSR2,1233
TOM1L2,1524
OPN4,1437
CATSPER2,1593
DAGLB,2019
PBX3,1305
MIDEAS,3300
KMT2B,8148
BUB3,987
ABCG8,2022
ACADS,1239
CIB2,564
TNFSF8,705
ERP44,1221
PSMD2,2727
UGT1A3,1605
USO1,2889
ISL1,1050
TEX261,591
ZBTB1,2142
ZFAND6,627
FCHSD1,2073
ZDHHC6,1242
STK38L,1395
SYT13,1281
ZFAND5,642
TPSB2,828
WDPCP,2241
CNTNAP4,3927
SYTL2,6720
GPR85,1113
IDO1,1212
CCDC149,1608
DNAJA1,1194
CCM2,1335
RTN2,1638
TMCO6,1482
ORMDL2,462
SH3TC1,4011
CARHSP1,444
SEPHS1,1179
PRPH,1413
CXCR2,1083
TRIM16,1695
SH3GL1,1107
PRKAG1,996
RESP18,561
DCTN3,561
PDE10A,3168
GIN1,1569
GPR55,960
QPCTL,1149
PAPOLG,2211
ARMH2,693
DYNC2I2,1611
EBLN1,1101
H2BC8,381
STXBP2,1782
FAS,1008
RAET1E,792
SLC41A3,1464
GEMIN5,4527
FAM13A,3072
RPL7L1,768
ABCA6,4854
SNAPC4,4410
SERINC5,1386
LAT,702
GAPDH,1008
FAM221A,897
POPDC1,1083
SERPINA12,1245
RSPO3,819
ZNF428,567
CDK20,1041
CAPN13,2010
GPHN,2310
FOXI1,1137
TMEM86B,681
UGT3A2,1572
NUTF2,384
CDC34,711
DSP,8616
RRP12,3894
ZSWIM7,423
EPHB1,2955
SLC25A46,1257
ACP7,1317
CATIP,1164
MAFK,471
CRACD,3702
OGFOD1,1629
MACC1,2559
NTRK2,2517
B3GNT3,1119
LDHAL6A,999
SPCS2,681
IER2,672
RNF25,1380
TNFAIP8L1,561
CAMK2D,1602
CCL25,453
RBM22,1263
IGFBP4,777
AP4M1,1362
HYLS1,900
ZNF114,1254
DBF4B,1848
BSCL2,1389
CYP4F22,1596
HOMER1,1065
NMRK1,600
AIFM2,1122
CRELD1,1263
NCOA7,2829
CALR,1254
CRAMP1,3810
ATP1B2,873
HNRNPAB,999
BRIP1,3750
RNF40,3006
ENPP4,1362
TRIM28,2508
PSMB5,792
NRBP1,1608
MARCKS,999
ELP1,3999
FNIP1,3501
AP4E1,3414
CWF19L1,1617
CD3E,624
EPHA7,2997
WDR20,1710
SLC16A5,1518
SQLE,1725
SMARCD1,1548
MPLKIP,540
DENND5A,3864
PVRIG,921
ZNF365,1224
GNG11,222
FBXL13,2478
SUV39H2,1233
IRX1,1443
PSMD7,975
RBM25,2532
RYR3,14613
SNCB,405
RDH10,1026
NEUROD6,1014
MINDY3,1338
MTDH,1749
ADGRG3,1650
AGPAT4,1137
BABAM1,990
TBRG4,1896
IAPP,270
RFLNA,651
NCKAP5L,4005
VWA3A,3555
PITPNM3,2925
RIPK1,2016
ARHGDIB,606
SCARA3,1821
ARAP3,4635
CRK,915
RHOT2,1857
KAT2B,2499
CHRAC1,396
ZNF511,759
DNAH8,14124
MRPL15,891
TRIM29,1767
CD163L1,4362
CLUH,4047
AIF1L,453
PIGH,567
ARL8B,561
RUFY2,1821
FBXO22,1212
DIO2,822
SLC35F5,1572
NUP155,4176
FBXO34,2136
KBTBD8,1806
WNK2,6654
COL22A1,4881
SYT16,1938
PRKD1,2739
ATP2B2,3732
RAPGEF3,2772
RBM14,2010
FUCA2,1404
TMEM260,2124
WDR76,1881
TMEM132A,3072
IKZF3,1530
RAB44,3066
TAAR1,1020
EBF3,1890
MYOD1,963
GABPB1,1152
ARFGEF3,6534
EHMT1,3897
ARFGEF1,5550
TMEM134,588
UCMA,417
MSS51,1383
CCNJ,1152
FIGN,2280
SOD3,723
COQ10B,717
AFG2A,2682
EGLN2,1224
VTI1A,654
SNX4,1353
FAXC,1230
MTA1,2148
C1QTNF1,846
AKR1C4,972
CCDC179,207
IFITM5,399
QRSL1,1587
CCDC93,1896
ADGRB1,4755
DDX60L,5121
ZNF69,1701
TCIRG1,2493
LRP11,1503
ELOF1,252
ITGB3,2367
CNKSR3,1668
NDUFS6,375
TACC2,8847
TMEM41A,795
KIAA1549,5853
EPHX2,1668
DNAI2,1818
ZNF787,1149
ZNF718,1437
GPLD1,2523
AKR1D1,981
ISG20,546
LPP,1839
C9,1680
ATP6V1E2,681
ACOT4,1266
UBE2O,3879
CALR3,1155
LNX1,2187
SYNE3,2928
TEK,3375
ADGRE3,1959
COL2A1,4464
AQP9,888
C2orf74,564
STRIP2,2505
PLAC8,348
QRICH2,5664
LUZP2,1041
UMOD,1923
TMEM150A,816
PPP1R14D,438
RTN4RL1,1326
RAB30,612
SNRPA1,768
INTS2,3591
KLHL7,1761
RIN3,2958
CCND3,879
FBXW7,2124
NRG2,2553
ZNF582,1554
VAMP1,357
POMGNT2,1743
TUBA3D,1353
PPP1R2,618
PTP4A1,522
TYROBP,342
PPP2R2C,1344
LYPD6,516
LMBRD2,2088
SAA4,393
GALC,2058
GLS2,1809
COA5,225
MAST3,4044
MRFAP1,384
BTBD17,1437
WDFY3,10581
SDF2,636
C1QTNF2,858
SPOCK1,1320
FZD4,1614
JPT2,573
ACMSD,1011
NKAPD1,882
LYRM7,315
LRRC25,918
EMC6,333
PPP1R42,816
MEF2B,1107
WWC2,3579
DDIT4,699
ANKRD40CL,345
POU3F1,1356
SLIT1,4605
ALDH6A1,1608
CXXC5,969
PKIA,231
FREM1,6540
APPBP2,1758
AKR1B15,1035
SPG21,927
METTL8,1224
SDR42E1,1182
MMP16,1824
ZPBP,1056
HS3ST2,1104
CD72,1080
SRP19,435
CHST4,1161
EFR3A,2466
ZNF423,3879
ZNF773,1329
ITIH4,2793
ARAP1,4353
DOCK8,6300
CEACAM16,1278
COX11,831
ZNF263,2052
SLC35B4,996
ZNF846,1602
MARVELD1,522
UNC5B,2838
YIPF5,774
EMILIN1,3051
CRYM,945
SMYD4,2415
KIN,1182
AGFG2,1446
NWD2,5229
NUP62,1569
SYNDIG1L,717
PACRGL,747
BAG5,1344
MSH3,3414
GAN,1794
PANK1,1386
SLC48A1,441
VAMP5,351
RHBDL3,1215
CYB5B,453
PRKAG2,1710
CHAT,2247
MSRB3,558
PTPN21,3525
MIGA2,1782
GLG1,3540
ZNF471,1881
CEBPE,846
SPTSSA,216
RPS20,360
TEDC1,1488
ATRNL1,4140
TNNI3,633
ARPC2,903
UTP6,1794
JCAD,4080
WAC,1944
RASGRP4,2022
EN2,1002
PSD3,3144
ABLIM3,2052
HBM,426
RNASE9,615
LAMB1,5361
CCNDBP1,1083
HIRIP3,1671
LAG3,1578
EFS,1686
TRMO,1326
SLC35E3,942
TRIM9,2388
SIAH1,849
ADGRG6,3753
FRMPD1,4737
TOX,1581
TMPRSS12,1047
SLC47A2,1701
MEAK7,1371
KRT6A,1695
CNOT7,858
OLFML2A,1959
PIK3R1,2175
RNASEH1,861
GPD1,1050
CFAP95,690
ANKDD1A,1569
VAT1L,1260
CACTIN,2277
PCNX4,3519
FMNL1,3303
CPNE7,1677
ATP6V0A2,2571
LIMS4,1197
TTC8,1548
PLPPR2,1359
CRYGB,528
MCEE,531
OLR1,822
AKAP8L,1941
PAPSS2,1860
BCKDK,1239
TYRP1,1614
LMAN2L,1047
WTAP,1191
KLRC3,723
NACC2,1764
ATP6V0A1,2514
LHX3,1194
AFG2B,2262
TRPV4,2616
LRSAM1,2172
GLUD1,1677
RIMS1,5079
ALKAL1,390
ZNF454,1569
MAPDA,1068
GPT,1491
TFCP2L1,1440
NUP205,6039
CD3D,516
FLT4,4092
CXCL1,324
CFAP300,804
CFAP99,1941
SLC30A9,1707
ANKRD42,1584
BLM,4254
MIDN,1536
CAPS,570
RIMS2,4824
ZNF574,2691
DCD,333
LINGO3,1779
ZNF285,1773
ALKBH3,861
OSBPL8,2670
HSP90AA1,2199
PDIA6,1323
PPM1N,1293
LRRN1,2151
AGGF1,2145
NR2C2AP,420
FAM241B,366
VXN,624
UQCRC2,1362
FYTTD1,957
TRPM4,3645
JRK,1707
MAT1A,1188
NFRKB,3900
NDUFAF2,510
SAMD12,606
FST,1035
UBR2,5268
GPAA1,1866
SEMA3E,2328
CDH12,2385
PRTFDC1,678
QRICH1,2331
HOXA5,813
USP42,3951
GLRX5,474
SCFD2,2055
HERC4,3150
PTCRA,846
SYNE2,20724
UNC93A,1374
PDGFRA,3270
MCIDAS,1158
TMTC1,2649
ANKH,1479
CSK,1353
FBXO9,1314
SCN10A,5871
LACTB,1644
SELENOH,369
PDZRN3,3201
OTUB1,816
LIN7B,624
MTERF1,1200
USP8,3357
FAM8A1,1242
TERT,3399
CRY1,1761
GLYCTK,1572
COX7A1,240
RTN4,3579
S100P,288
RELN,10383
AMTN,630
HBZ,429
IQCK,864
ALKBH6,717
FDCSP,258
TCTA,312
TXK,1584
SP1,2358
WDR82,942
RETREG1,1494
CA8,873
AOPEP,2460
SNX9,1788
STPG2,1380
COL6A6,6792
HS3ST3B1,1173
SEL1L3,3399
ABHD15,1407
LZTS1,1791
PPP6R3,2622
RNF44,1299
WDR45B,1035
AMPH,2088
CHD7,8994
PARP15,2037
PLEKHH1,4095
SLC22A3,1671
COG4,2370
NIPSNAP3A,744
DHX34,3432
CHPF,2328
DNM1,2595
CYP7A1,1515
EYA4,1920
GSK3B,1263
PDGFRB,3321
GTF2A1,1131
SMIM18,288
NT5C1B,1653
MTERF3,1254
ABCB9,2301
C1orf202,549
HSPB1,618
SLC1A6,1695
NUDT14,669
ZNF142,5664
C7orf25,1266
MTTP,2685
CLEC5A,567
REST,3294
DAD1,342
GRIN2C,3702
UBXN2A,780
CCDC177,2124
IFT43,627
SUN3,1074
ZNF135,1977
TRIB1,1119
CFI,1752
SHOX2,960
ARIH1,1674
RIPK2,1623
DBF4,2025
IGLON5,1011
NR2F6,1215
KDM4B,3291
EMCN,786
SPTLC2,1689
PLXNB1,6408
MYH13,5817
MPP4,1914
CREM,900
TBKBP1,1848
SKIC8,918
AKTIP,879
LRRC69,1044
SLC25A27,972
SNCAIP,2760
MED13,6525
UBXN2B,996
DNAH11,13551
BAK1,636
RAP1B,555
COQ2,1116
LY6S,405
TP53I13,1182
TMEM67,2988
FILIP1,3642
FLACC1,1269
AP2S1,429
TAGAP,2196
ANAPC4,2427
PRIM2,1530
FOXP2,2148
PPP2R1A,1770
PNKD,1158
NFKB2,2703
EARS2,1572
SLC18B1,1371
TRPM7,5598
VPS35L,2892
ASNSD1,1932
CCDC25,627
RFX6,2787
SLC35B3,1110
PAFAH1B1,1233
CYP2F1,1476
SPINK5,3195
PUS10,1590
MEX3B,1710
APH1B,774
CCDC106,843
LRTM1,1038
RPL24,474
RAB4B,642
SCAMP2,990
TOP1MT,1806
HKDC1,2754
TMEFF1,1143
PRPF18,1029
SPATA22,1092
ERBIN,4239
RASA2,2550
KLC1,1920
MTFMT,1170
ROR2,2832
ARRDC5,987
CTU1,1047
NELFA,1587
PAX5,1176
GPR63,1260
BLVRA,891
MCMDC2,2046
B4GALNT3,2997
CATSPERG,3480
GRAMD2A,1065
ZNF33A,2436
PPP2R3A,3453
AOX1,4017
PPP1R9A,4125
GUCY1A1,2073
ZNF609,4236
ARNT2,2154
DERL1,756
KCNMB4,633
SNRPF,261
NLRP4,2985
PYROXD2,1746
COX14,174
ZNF560,2373
PRIM1,1263
FBXO46,1812
CIAPIN1,939
AKT2,1446
TOR1A,999
RGS22,3795
SLC44A1,1974
H2AC19,393
BHLHE40,1239
TBP,1020
SMIM42,213
GDF3,1095
THAP2,687
WASHC2C,4026
ZCRB1,654
EIF2AK4,4950
FLG,12186
FLG2,7176
MAK,1947
KPLCE,753
KRAS,567
LCE7A,288
PARP9,2460
CCNC,852
TBX3,2172
ZNF34,1620
GXYLT1,1323
TFR2,2406
MSI2,987
COTL1,429
MLF2,747
FAM240C,288
LCMT1,1005
EHD4,1626
UGT1A10,1593
FMN1,4260
UQCRB,336
ZP4,1623
CYP1A2,1551
TLE4,2322
TRIM55,1647
SP140L,1743
RPL27,411
GOLM2,1311
ZNF747,996
USP7,3309
CHRNA9,1440
TMEM43,1203
NDST3,2622
GABARAPL1,354
ASB16,1362
TBC1D9,3801
PYDC5,342
AOC3,2292
WWP1,2769
TMEM147,675
RSC1A1,1854
ODAD4,2019
GNS,1659
FAM193A,4548
ADPRM,1029
HAPLN3,1083
TAFA4,423
MED9,441
BASP1,684
CEP19,492
ARL4D,606
COMMD1,573
IVD,1272
ZNF671,1605
RMND5B,1182
CAAP1,1086
NLRP1,4422
PEG3,4767
MYLK,5745
ATP5MG,312
CAMSAP1,4809
PHAF1,1269
NBPF10,11388
PTGDR2,1188
SAC3D1,1077
FUT9,1080
TMEM117,1545
FBXL16,1440
AKNA,4320
THOP1,2070
HERPUD1,1176
ATG13,1653
COPZ1,534
ACOX3,2103
GOLM1,1206
NGDN,948
INSYN1,882
C15orf40,462
LRWD1,1944
CEP57L1,1383
MDGA2,3078
OR3A2,948
ATP10B,4386
C3orf33,885
ASIC1,1587
CD68,1065
NUGGC,2391
CPSF2,2349
SYNPO,2712
ICA1,1452
PTRH1,645
AP3B2,3306
ADGRG1,2064
NUDCD2,474
PCM1,6075
LIG3,3030
PHLDA1,1206
TLE6,1719
LHX6,1179
CTSG,768
ATG10,663
HNF1A,1896
ADCK1,1572
ULBP3,735
FGD2,1968
SLMAP,2529
TEDDM1,822
PNPLA6,4098
PHF24,1203
UNC13B,13023
RGSL1,3231
RWDD2A,879
SERPINB1,1140
LRP10,2142
NOPCHAP1,558
CC2D2B,4314
HOXC10,1029
RNGTT,1794
TAF11L11,597
PHAX,1185
GPN3,855
KAZALD1,915
SEMA5A,3225
AP1G2,2358
LGI1,1674
TRIM63,1062
CDK4,912
STAP2,1212
SPRR5,327
LPA,6123
FHIP2A,2298
EIF4A1,1221
TMEM181,1428
RGR,876
IGFBP6,723
SELENOP,1146
PTPN20,1263
EMG1,735
KLHL32,1863
LYSMD3,921
ZNF713,1332
MESP1,807
PTPRZ1,6948
TACC3,2517
ZNF770,2076
TMTC2,2511
RNF14,1425
TPMT,738
WDR83,948
GABRG3,1404
HECTD4,13257
RSL24D1,492
INSL4,420
ALG2,1251
ENDOG,894
DEPP1,639
SNCG,384
ABCA2,7311
NEO1,4386
ZNF709,1926
USP5,2577
C3orf62,804
MAST1,4713
ZMIZ1,3204
CCDC66,2847
SAFB,2754
LIMK1,1944
ARLN,201
ENY2,306
GLB1L2,1911
F11,1878
FOXO3,2022
SMARCA2,4773
LASP1NB,78
MEOX1,765
FBXO24,1743
TEPSIN,1782
ZNF292,8172
CCS,825
HOOK3,2157
CEP55,1395
TAF5,2403
ZFYVE16,4620
TRIM73,753
CITED2,813
SYCE1,1056
SPDEF,1008
RSBN1L,2541
TOB1,1038
ZKSCAN2,2904
SMTNL1,1485
ZNF391,1077
LETM2,1476
ELMO3,2163
ASPA,942
CELF2,1566
TMEM106B,825
CFAP221,2523
TNFAIP3,2373
PLA2G4D,2457
NUSAP1,1326
NUS1,882
XKR9,1122
ITGB4,5469
PRDM10,3471
TRERF1,3639
TSPAN33,852
FSBP,900
NMUR2,1248
ANO10,1983
HERC5,3075
TMEM170A,435
SLC36A1,1431
SGO2,3798
RAB26,771
CLEC2D,576
RHPN1,2013
PSPH,678
ANKRD34A,1491
STOML1,1197
DDAH1,858
LBX2,597
SSTR1,1176
KNDC1,5250
MAIP1,876
TEX22,453
ZNF697,1638
GMFB,429
LHX8,1041
SNRPG,231
SDAD1,2064
WBP11,1926
BBOX1,1164
ZNF319,1749
ISG15,498
CSNK1A1,1014
CIMIP6,864
ZDHHC16,1134
NOVA1,1524
TUBB2A,1338
ALPK3,5118
VDAC3,852
TSPO2,513
SLTM,3105
HOATZ,510
GZMB,744
OR9H1,927
PNPLA2,1515
ABCD2,2223
ACTN1,2745
OGFOD2,1053
ZNF117,1452
ARHGAP33,3864
ARFIP1,1122
MYO1G,3057
SFTPB,1146
MICOS13,357
NUMA1,6348
LRATD2,933
DDA1,309
NDUFA12,438
SDHA,1995
CPED1,3081
POLR1C,1041
RAD23A,1092
RHOF,636
SEMA3G,2349
FHOD1,3495
CDC14B,1497
TMEM263,351
OAZ2,570
ATP13A5,3657
ZMYND10,1323
CCDC59,726
BHLHA15,570
C12orf57,381
ELFN1,2487
AMY2A,1536
COX6B1,261
TOMM7,168
PIGM,1272
MARCHF9,1041
SERPINB9,1131
GARIN1A,903
CAPN7,2442
ARL6IP4,714
ZNF579,1689
CHN2,1407
KLF2,1068
PVR,1254
CEP135,3423
EFHC1,1923
PSAT1,1113
MAN2B1,3036
WDR19,4029
NRXN3,4716
ZNF280D,2940
CUL1,2331
SDR39U1,882
BRD3OS,255
MOB3B,651
SMAP1,1404
FKTN,1386
STOX1,2970
TMEM100,405
ACOT2,1452
INSYN2B,1608
ODAPH,393
PSAP,1575
FBXL2,1272
PRRC1,1338
GALNT7,1974
GPR68,1098
TMEM202,822
UBE3A,2619
FOS,1143
PIP4P2,774
RNF213,15624
TGFBI,2052
UBE2D3,444
MYH7,5808
TECR,927
GTPBP2,1809
FGL1,939
NAE1,1605
ALDOB,1095
SCUBE3,2982
KCNMB2,708
TNFSF13,753
CDX1,798
XPNPEP1,2001
NTS,513
CALCA,426
BTN3A2,1005
KLRD1,540
CCDC34,1122
HHATL,1515
MRPL58,621
ATP5MC3,429
DNLZ,537
BARHL1,984
TTLL11,2133
RPLP1,345
SYT10,1572
TMEM209,1686
B3GNT4,1137
CCDC90B,765
MRPS2,891
MRPL30,486
OR7C1,963
C8orf34,1617
APOE,954
CDKN2A,471
ADGRD1,2625
PAPPA,4884
ID2,405
FBXL22,696
ANGPT2,1488
SHD,1023
TMEM252,513
SEMA3A,2316
KIF2A,2235
ZWILCH,1776
ZNF514,1203
CTSL,1002
MBD3,876
GTF2E2,876
SEMA4D,2589
MRPS23,573
RPA3,366
CD300LG,999
SRSF7,717
ZNF224,2124
MKLN1,2208
RBIS,303
PTBP1,1674
SERINC1,1362
LRRC73,951
TEKT1,1257
GMPR,1038
NECTIN1,1554
CPLX3,477
SRRM4,1836
NUP93,2460
PATL2,1632
PCDHGC4,2817
USP32,4815
DOCK3,6093
TKFC,1728
SLC16A7,1437
OC90,1434
SLC4A9,2880
TTYH3,1572
MAP3K5,4125
SERINC4,1557
PPP1R16A,1587
TP53BP1,5934
NIT2,831
DNAJC9,783
ABITRAM,546
HIC1,2145
OCM,330
NT5C2,1686
PNPO,786
PPIL1,501
SPOPL,1179
DBNL,1293
PUM3,1947
GYS2,2112
ELP6,801
NPAT,4284
TXNDC5,1299
CD28,663
BCL2L11,597
KPNB1,2631
FOLR2,768
DRC5,1506
RELB,1740
PEX6,2943
LRRC49,2061
NDST1,2649
WDR43,2034
COPE,927
ALG3,1317
TSPAN19,747
INTS8,2988
TMEM109,732
BICD1,2928
MRPL49,501
TDRD9,4149
RIPOR2,3144
PXYLP1,1443
ZNF140,1374
ABCG4,1941
CLEC18B,1341
ASB1,1008
BNIP3L,660
PAK6,2046
RBKS,969
RYR2,14904
KCTD13,990
ARRDC1,1302
PELI2,1263
TBX4,1641
RACK1,954
SLC22A17,1896
PRMT9,2538
PLCB3,3705
CCDC38,1692
PHYH,1017
PRR15,390
PLEKHF2,750
SLC35F4,1458
JPH3,2247
CLXN,636
XRCC2,843
TCL1A,345
ZNF771,954
HS3ST5,1041
PIK3CA,3207
PKD2,2907
MTPN,357
APAF1,3747
CA7,795
ASB15,1767
MRAP2,618
ANKRD46,687
ANGPTL2,1482
CHRNB4,1497
RHBDL1,1122
SLC31A2,432
INIP,315
MFAP1,1320
CCDC61,1539
HEXIM2,861
PCDH10,3123
PNLIPRP3,1404
FAM81A,1107
GPAM,2487
GATB,1674
BARX1,765
HAGH,927
PCMTD1,1074
CAPG,1047
RAPGEF1,3792
RNF227,573
VMO1,609
CAMK1,1113
CEP85L,2418
CDK12,4473
CCDC32,558
SIGLEC7,1404
LSMEM1,396
NDUFAF6,1002
ZNF3,1341
RALGAPA1,7629
FAM135A,4548
SLC13A2,1779
SYCE2,657
PIK3R2,2187
SLC7A11,1506
ALDH1A2,1557
HYAL1,1308
TTPA,837
CARD19,552
EPHA5,3051
SULT1A4,888
RASSF1,1023
PRKCQ,2121
SOHLH1,1164
PI4K2B,1446
PBK,969
ZFP2,1386
TEX50,534
NAPSA,1263
PLIN2,1314
BIRC5,429
ISL2,1080
S100Z,300
RPL9,579
HRH2,1269
NRROS,2079
SPINK6,243
RANBP3,1704
CLDN4,630
FBXL7,1476
AMZ1,1497
EXOSC4,738
SLU7,1761
CYP7B1,1521
NR1D2,1740
ZNF18,1650
CPQ,1419
NFAT5,4650
UMAD1,414
SPATA1,1323
EFCAB11,492
VKORC1L1,531
NBPF19,11532
HEPACAM2,1389
PCDHGB7,2790
CTXND1,180
UBLCP1,957
ZNF620,1269
ST8SIA2,1128
PCP4L1,207
SHISAL2A,573
MYL2,501
FAM133B,744
VRK1,1191
PM20D1,1509
ARPC5L,462
GCNT3,1317
STYXL2,3477
TNC,6606
SETD2,7695
CASP6,882
PAIP1,1440
ATP6V1H,1452
GATA3,1335
IL16,3999
PPIL4,1479
SPRR2E,219
IQCM,1506
TMCO2,549
LIN28A,630
ABHD18,1395
KIFBP,1866
MRM2,741
INSC,1599
UPP1,933
ADORA2B,999
MRPL42,429
CSH2,654
ZKSCAN3,1617
ANKRD30A,4194
UBTD1,684
CORO2B,1443
SPICE1,2568
CCDC186,2697
CDH24,2346
BICDL2,1527
PRR15L,312
PLEKHF1,840
SHF,1467
FASTKD3,1989
HNRNPD,1068
PATE2,342
ANKFY1,3510
MYO9B,6474
NLRP14,3282
SLC25A16,999
FNTB,1314
TFAP4,1017
XRRA1,2403
RARS1,1983
WIF1,1140
PLAC9,294
CLPX,1902
DTNBP1,1056
AKR1E2,963
IFT172,5250
DNAH3,12213
RPP25L,492
PYY,294
NUP214,6273
CCDC137,870
MYRIP,2580
TCTN2,2094
XRCC3,1041
ITGA2B,3120
TWNK,2055
SCNN1B,1923
GRIK5,2943
NAT10,3078
PI4K2A,1440
ADCK2,1881
MYMX,255
SGK1,1581
UBR1,5250
MTMR4,3630
HMGA2,330
BIN3,762
RUNX3,1248
INHBA,1281
DNTTIP2,2271
KCNMA1,3711
PITPNM2,4050
TMIGD3,1044
POLM,1485
AP3D1,3648
P3R3URF,288
COX7C,192
EPHA3,2952
ELAC2,2481
TRIM52,864
VPS13C,11262
FCHO2,2433
KLRG1,570
ZC2HC1B,669
CFAP20DC,2445
QNG1,1026
CMTM2,747
OAS2,2064
RSPH9,831
KDM8,1251
CDKN2B,417
PIP5K1B,1623
ESRRA,1272
KCNJ8,1275
CNNM2,2628
KRT86,1461
CYP26A1,1494
KRT75,1656
XPO6,3378
SEC23A,2298
ARAP2,5115
KICS2,1338
POLR3A,4173
HDAC3,1287
NXPE3,1680
TMT1A,735
SNTB1,1617
TSPAN8,714
RHOC,582
NEDD4,2703
FBXO43,2127
ADCY8,3756
TRIM44,1035
RIF1,7419
KIF20B,5463
ANK1,5643
TRIM49D1,1359
LYZL4,441
PKNOX2,1419
CEP290,7440
SIGLEC6,1362
FERMT2,2043
NDUFA8,519
FGFBP3,777
AP3M1,1257
EXOSC3,828
MCCC1,2178
LAT2,732
SEC24B,3807
SESN1,1656
HACD4,699
BIRC3,1815
ZNF714,1668
SNX29,2442
VCP,2421
RBM24,711
BBC3,582
PAAF1,1179
TRHDE,3210
CFAP58,2619
ZNF577,1458
KIAA1586,2364
DDX50,2214
NRIP2,846
ACSM2A,1734
ELOVL7,846
SDHAF4,327
ANKLE2,2817
PERP,582
POP4,663
C5orf46,264
HCRTR2,1335
RTF1,2133
SAR1B,597
MYOCD,2961
PPM1A,1149
CRX,900
SPG11,7332
CFAP69,2826
LYL1,843
SFT2D1,480
ZNF439,1515
CD9,687
EXO1,2541
WNK4,3732
EZR,1761
CTNS,1104
MIOS,2628
PCDHGA10,2811
RANBP17,3267
PGM2L1,1869
ZNF485,1326
MAPK8IP3,4014
MSI1,1089
S100A13,297
ZNF875,1923
ZNF32,822
ABCA1,6786
KPNA2,1590
UEVLD,1416
C4orf36,354
OPTN,1734
FAM229B,243
P2RX2,1416
ZNF746,1983
CFAP126,534
SCGN,831
SPMIP8,651
GJB4,801
SLC7A2,1977
PDS5A,4014
ING3,1257
SLX1A,828
GJB7,672
TMEM106A,789
ALS2CL,2862
NEMF,3231
TMEM221,876
ZNF584,1266
ZSCAN32,2094
BOD1,558
CREBRF,1920
IGSF23,579
WDR72,3309
FOXJ3,1869
MYMK,666
ARHGAP45,3411
IL33,813
FAM3C,684
HAGHL,849
WDR41,1380
CCDC91,1326
MELK,1956
KCNK1,1011
GDAP1,1077
DPF3,1137
SPRED1,1335
ZSCAN16,1047
CD320,849
MARK2,2367
MBLAC1,801
AMFR,1932
RTCA,1101
SKAP2,1080
CD164,594
RAMAC,357
RNF212B,903
TRPA1,3360
DNAJA4,1194
TRIP11,5940
UBE2N,459
CFAP141,306
DNAAF11,1401
SPP2,636
ISOC1,897
CS,1401
DDX41,1869
H3-3B,411
NCALD,582
COPS6,984
TMEM170B,399
TM2D3,744
ZNF653,1848
CKLF,459
ZNF284,1782
KCNH6,2877
NGB,456
NKAIN3,657
TTC6,5661
ETV2,1029
CNEP1R1,378
ATAD2,4173
PPIP5K1,4473
TP73,1911
PRKAR2A,1215
CENPK,810
CCT4,1620
FBXO27,852
KCNH4,3054
PPIA,498
TOX4,1866
TMEM97,531
CLEC11A,972
ZNF20,1599
ZNF205,1665
CRTC1,1905
RPS6KB1,1578
MORF4L1,972
RNF212,894
SIAH2,975
GIMAP8,1998
GSPT1,1914
ELOC,339
PLAAT1,507
MYL10,681
PACS2,2715
ZBTB45,1536
FMNL3,3084
ELMO1,2184
SLC6A17,2184
TPRN,2136
PCDHGA12,2799
SPOCK3,1302
SDHAF2,501
TXN,318
PCOLCE2,1248
HES4,666
SLC35A4,975
AHRR,2094
PRR16,915
PLGRKT,444
SRPRA,1917
TNPO1,2697
SLC45A3,1662
DPYSL5,1695
ILF3,2697
DENND10,1074
IFT122,3726
UBAP2,3360
ST3GAL2,1053
DYNLT5,540
ATF1,816
TPD52,624
GLS,2010
GOLT1A,399
DLAT,1944
CSNK2A2,1053
RARRES2,492
ZRANB1,2127
RPS8,627
BBS7,2148
PLEKHS1,1407
SNX20,951
MON2,5154
EPN2,1926
RBM20,3684
TYRO3,2673
CHST15,1686
GUCA1A,606
GLRX,321
SEC63,2283
NSD3,4314
AKAP19,288
DTX4,1860
GHRHR,1272
CCDC158,3354
VDAC1,852
DAPK1,4293
MYO7A,6648
DGKI,3174
ZRANB3,3240
ZNF503,1941
PWWP2B,1773
SNX27,1626
NOLC1,2100
VHL,642
RHOA,582
GNA12,1146
VAC14,2349
LMTK2,4512
ALKBH5,1185
YTHDF3,1758
CD300LF,873
SERPINE1,1209
ARHGEF3,1581
ELMOD2,882
GNRH1,279
LSM8,291
DDHD2,2136
TEN1,372
KIF5B,2892
GFM2,2340
CRYGN,549
ACTG2,1131
GSTM5,657
CLK3,1473
ECHDC1,906
ZNF732,1758
AEBP1,3477
KIAA0232,4188
NUBP2,816
AADAT,1278
SLC46A1,1380
ZSCAN22,1476
RHOG,576
CYP4F12,1575
MYO1D,3021
LRRC9,4485
MYOG,675
CD151,762
B3GALNT1,996
OPN3,1209
SOS2,3999
RAC1,579
BMP10,1275
IRF8,1281
OSR1,801
FAM135B,4221
MRS2,1332
CCN1,1146
MRFAP1L1,384
PCGF3,729
NSMAF,2754
YPEL3,474
PLXNA4,5685
ATAD1,1086
CLIP4,2118
NPIPA9,1110
ZNF610,1389
RAB19,654
SSBP3,1167
IL27,732
ZC3H10,1305
ZNF573,1998
BRAF,2301
NME3,510
ANKRD33B,1485
PDZRN4,3111
CRHBP,969
ARRDC4,1257
SLCO1A2,2013
FAM117A,1362
ZNF738,1128
PIGBOS1,165
RALGPS1,1674
EIF4E1B,729
AP3S2,582
SMPDL3A,1362
RWDD4,567
SUPT5H,3264
CPD,4143
BUD13,1860
UBE2D2,444
OLFML2B,2253
CPZ,1959
GGA2,1842
CALHM4,945
YPEL4,384
IL22RA1,1725
MCUR1,1080
BCL11B,2685
KRT74,1590
DPYS,1560
GPR132,1143
NUDT8,711
DPH1,1317
PTPN6,1788
TRMT5,1530
ADAMTS16,3675
THYN1,678
ADAMTS17,3288
RPA2,813
ARHGAP5,4509
CHCHD2,456
ATXN1,2448
KIAA0513,1236
ADAM8,2475
SLC26A1,2106
IDH2,1359
FAM153A,933
TMEM225B,666
CCDC85C,1260
FAM47E,1182
TPSAB1,828
NEK9,2940
EMP2,504
RP9,666
TRAPPC3,543
SAAL1,1425
PAICS,1278
GTF3C5,1560
ZNF480,1608
CUX1,4518
PYROXD1,1503
XPO7,3264
POLDIP2,1107
HHEX,813
ABCC11,4149
MARCKSL1,588
FAF2,1338
TSSK6,822
TUBGCP2,2709
FXYD3,264
DMXL2,9177
SFT2D2,483
RPL10A,654
ZNF2,1278
SMOC1,1308
C1orf185,600
TMEM182,690
CDK10,1083
A2M,4425
PPARG,1428
MTRF1L,1143
INO80B,1071
GFPT2,2049
ZNF202,1947
AP4B1,2220
KATNA1,1476
STRADA,1296
CCNK,1743
CXCL8,300
MGST2,444
NCOA4,1845
CHAC1,669
EVL,1257
MFGE8,1164
STC1,744
CHIC2,498
PNOC,531
MRPL1,978
SYPL1,726
TBC1D32,3774
SPI1,813
SLC45A4,2427
EZH2,2256
DCAF16,651
TMEM154,552
SLC45A1,2247
MS4A13,459
PROM1,2598
PDE7A,1449
CMYA5,12210
SERPING1,1503
DUSP10,1449
ACP5,978
LTV1,1428
IMMT,2277
MEP1A,2241
MMP25,1689
PDCD6,576
BRMS1L,972
PAQR5,993
UNC13A,5112
NANS,1080
NECAB2,1161
CYP17A1,1527
ERN2,2781
CILK1,1899
NKX6-3,798
MARK3,2262
DCAF13,1338
CDC7,1725
CEACAM6,1035
BICRAL,3240
PPP1R26,3630
CDK14,1410
FREY1,297
FCGRT,1098
MYCT1,708
MOGAT2,1005
TBX18,1824
RABEPK,1119
CD5,1488
COMTD1,789
TPP1,1692
GCLC,1914
IL2RA,819
TONSL,4137
COQ7,654
C10orf105,402
DDX21,2352
PGAP4,1212
TMEM265,327
CCDC181,1530
ZC3H18,2862
SMIM27,168
VAT1,1182
TBC1D31,3201
CIMAP2,1257
ATP6V1G1,357
USP45,2445
POLG2,1458
RABGAP1,3210
DCAF5,2829
LEMD1,546
SPDYE1,1131
P3H2,2127
GIGYF1,3108
ZNF195,1890
NME4,564
DNMT1,4899
OPALIN,426
GFI1,1269
LLGL2,3063
ADIPOQ,735
TRIM59,1212
ZFHX2,7719
NSMCE4A,1158
RNASE6,453
ARB2A,1251
DNAL1,573
XXYLT1,1182
PHETA1,750
TFEC,1044
ENPP3,2628
HSD17B2,1164
FGF12,546
MAPK1IP1L,738
MYO1A,3132
JKAMP,936
GIMAP1,921
GK5,1590
MYLK4,1167
ASH2L,1887
TRIM22,1497
IDI1,855
TYW1B,2007
EMC8,633
TIFAB,486
LSM11,1083
PGBD1,2430
SFTPD,1128
UTP15,1557
TRAF1,1251
GCK,1398
KCTD8,1422
MCUB,1011
SUPT3H,954
ST8SIA1,1071
PLEK2,1062
PARP3,1602
NDRG4,1059
ECT2L,2715
JCHAIN,480
TTC39B,1851
ZCCHC8,2124
GPR146,1002
PLEKHD1,1521
PRCP,1491
CACUL1,1110
FRYL,9042
HAUS4,1092
ZNF76,1713
FASTK,1650
RAB3GAP2,4182
GABRA1,1371
PITRM1,3114
LRRC23,1032
JAGN1,552
TXNDC8,384
NDUFB5,570
COQ4,798
RAB1A,618
WDR88,1419
URI1,1608
GKN1,558
CORIN,3129
SPAG16,1896
THEM6,627
SCYL1,2427
PRPF40B,2679
GALNT12,1746
FGF1,468
AZIN1,1347
ADGRG7,2394
PSG4,1260
LRRC58,1116
ZCCHC7,1632
CCSER2,3144
TM4SF1,609
EXOC5,2127
VEPH1,2502
GRAPL,357
SLC36A2,1452
TAGLN2,600
TMEM88,480
UGT1A7,1593
GAD2,1758
ZSCAN1,1227
ZPBP2,1017
EBI3,690
SLC22A4,1656
MET,4173
GSDMA,1338
ZNF675,1707
CIPC,1200
ALOXE3,2136
CTNNA3,2688
IGSF10,7872
PLPP3,936
ATG12,423
COL5A2,4500
PPFIBP1,3018
MEIOSIN,1917
MOGAT3,1026
MFSD12,1443
WDR53,1077
ESR1,1788
LGALS3BP,1758
WAPL,3573
LCN1,531
MYH6,5820
SDE2,1356
TRADD,939
NDUFA2,300
SH2D3C,2583
SLC25A13,2028
MAP6D1,600
SYNGR4,705
CALM3,450
BPHL,876
PGM1,1689
CYCS,318
MRRF,789
IFT56,1665
NAT2,873
OPA1,3048
ADAM7,2265
SLC30A5,2298
SLC12A3,3066
KHDRBS3,1041
SLC17A2,1437
C1QTNF7,870
ADGRA1,1683
ENTR1,1308
HACD1,867
TMEM205,570
TMEM214,2070
PEBP4,684
IMMP2L,528
ZNF257,1692
NIPSNAP2,861
ZC3H11A,2433
SLF2,3522
CILP2,3471
NCS1,573
SLC20A2,1959
ZNF557,1293
STRBP,2019
SIGLEC5,1656
F2RL3,1158
CYP2E1,1482
C5orf47,531
MBLAC2,840
TRIP13,1299
TAF8,933
PACC1,1053
CACNA2D1,3276
TEX36,561
PPP2R2B,1332
COX15,1233
MDGA1,2868
SEPTIN10,1365
SLC22A9,1662
GNL2,2196
KLF3,1038
SPNS1,1587
HLA-DRB5,801
PRKDC,12387
INTS12,1389
EEF1E1,525
FBLN5,1347
ZNF44,1848
ADM,558
RANBP3L,1398
ZNF169,1812
SAP25,894
NRAS,570
COX7A2,252
YWHAG,744
ITPKC,2052
ANLN,3375
NCMAP,309
TRAF2,1506
CEP126,3354
PET100,222
FAM234A,1659
PHACTR2,1938
EFCAB7,1890
CCDC152,765
C19orf12,426
ZCCHC24,726
ACCS,1506
PAX2,1185
ADAM17,2475
F2RL1,1194
PCDHGC5,2835
IFT20,399
GDNF,636
ZNF608,4539
CFAP96,930
AGAP3,2736
SLC2A1,1479
TEX15,9519
IDI2,684
FXYD1,279
DACT1,2400
SRFBP1,1290
RASSF4,966
TCF24,504
LSM12,588
MCM4,2592
DHX15,2388
GATD1,663
OSMR,2940
SERPINA11,1269
CDCA4,726
PELP1,3393
LIN7A,702
SLC39A2,930
MLLT11,273
KCNH5,2967
IP6K3,1233
CPM,1332
PRPF39,2010
C11orf65,942
DNAH7,12075
IRF2,1050
MALSU1,705
HNRNPK,1395
SOSTDC1,621
ARL4A,603
BLMH,1368
TPCN2,2259
RMND1,1350
SND1,2733
CYSTM1,294
ANXA8,984
SF3A3,1506
ZC3H8,876
CXCR6,1029
NCK1,1134
INPP5A,1239
CDH10,2367
INTU,2829
MAP2K2,1203
RACGAP1,1899
SULT1C2,891
ABRACL,246
TTC1,879
CCR1,1068
RARRES1,885
PLVAP,1329
TTC9,669
EFHB,2502
H2BC12,381
CC2D2A,4863
UTRN,10302
MMP14,1749
SPAST,1851
MIGA1,1803
AP1M1,1272
LASP1,786
RBM27,3183
HIF1A,2481
AHSG,1104
RAB3IL1,1149
MYOF,6186
CHCT1,711
AXIN2,2532
XPO5,3615
SPATA19,504
KCTD7,870
OXCT1,1563
STRN,2343
TRIM49B,1359
RPL39L,156
ZBTB3,1575
ST6GALNAC3,918
CCZ1B,1449
HEPACAM,1251
TIPARP,1974
ALDOC,1095
PUS3,1446
SBK3,1080
RC3H1,3402
CLASRP,2025
ACP3,1161
TP53I11,570
RASL11B,747
AGAP5,2061
TMEM33,744
KCNJ13,1083
PLAU,1296
SGO1,1584
WASF1,1680
ADCY3,3435
RHOBTB1,2091
DOCK4,5928
NUP54,1524
DNAJC16,2349
SLC2A3,1491
GSTP1,633
ZNF419,1533
GPR137C,1290
BDKRB2,1176
SPARCL1,1995
SNAPC1,1107
PTPRE,2103
RAB43,639
TAF6L,1869
RAET1G,1005
UPK1B,783
CGRRF1,999
BEST2,1530
TMEM14B,345
HLF,888
LRRC40,1809
DHX29,4110
BORCS8,360
PDE6G,264
DORIP1,933
UNC50,780
MYH3,5823
VEGFB,624
ZNF789,1278
ITGA8,3192
MEIOC,2859
GNAT2,1065
MEOX2,915
NETO2,1578
PROSER3,2175
SRSF1,747
CDK13,4539
ATF3,546
RPS13,456
KRT19,1203
ZNF615,2229
ISCU,504
ASB13,837
LRRC3C,828
B9D1,615
TNN,3900
GNG13,204
OSGIN1,1434
ACER1,795
DMTF1,2283
OLAH,798
EIF4E,654
ZNF461,1692
AGXT,1179
SNX24,510
FBXO21,1866
EHBP1L1,4572
PPP1R15A,2025
LTBP2,5466
ITGAL,3513
CGB3,498
VIM,1401
ZNF444,984
KDM6B,4932
CTSS,996
AIMP1,939
FAM184A,3423
SH3PXD2B,2736
DLK1,1152
CYBC1,564
SMIM15,225
EFNA3,717
SMAD5,1398
COPB1,2862
FBXO33,1668
DPH3,249
SMG9,1563
SLX4,5505
MICOS10,237
DNAJC1,1665
IL17RB,1509
C16orf95,720
SCARB2,1437
KRT18,1293
HSF4,1479
MLH3,4362
SPDL1,1818
C10orf143,327
ZFYVE9,4278
H2BC13,381
SAFB2,2862
NUDT3,519
MPRIP,7278
POTEE,3228
MTHFD1L,2937
TCF7L2,1860
TMCC3,1434
FANCD2OS,534
SLC4A4,3240
SERPINA9,1254
RBMS2,1224
DNAJB11,1077
GYS1,2214
PNO1,759
ROR1,2814
IPO11,2928
KLF17,1170
MAP3K9,3315
SLC1A4,1599
STX7,786
STXBP6,633
FOXR1,879
ESPL1,6363
SLC4A7,3780
MAMSTR,1248
CPSF7,1389
HNMT,879
BAG2,636
LDLRAP1,927
SRF,1527
SMIM7,228
IYD,870
DERA,957
GLO1,555
RAB2B,651
COL12A1,9192
C14orf93,1617
CEP41,1122
G0S2,312
FAM222A,1359
ZNF131,1872
BARHL2,1164
GPR162,1767
CALML6,546
MRTFB,3300
FAM98C,1050
IL10RA,1737
CLEC4A,714
PTPN7,1083
HPGD,801
CDK6,981
VWF,8442
LRRC51,579
SIGLEC10,2094
ANXA4,966
FBXO4,1164
TCF25,2031
PON3,1065
MRPL52,369
TRIM61,1416
CLEC20A,1203
SULT1B1,891
ITK,1863
AMN1,777
CTH,1218
CNTRL,6978
CNOT8,879
PDE6B,2565
CMTM5,672
CIT,6210
GZMM,774
EPHX4,1089
MYL5,522
RETN,327
CDKL1,1074
ZNF624,2598
OPTC,999
ZNF682,1497
FAM111A,1836
TRAPPC14,1743
SLC13A5,1707
VAMP3,303
ZNG1E,1188
TMEM63C,2421
ELSPBP1,672
SLC10A6,1134
SLC5A5,1932
ZKSCAN1,1692
NSD2,4098
OPA3,540
KIF18A,2697
TPM4,747
STRN3,2394
MICALL2,2715
FOXJ1,1266
SHISA6,1656
ATXN2L,3228
CAVIN1,1173
DNAH2,13284
UPK2,555
CARD18,273
MYRF,3456
SCN5A,6048
DHRS4L2,699
AOC2,2271
FAM131B,1083
TACO1,894
SMARCE1,1236
TFPI2,708
ZNF345,1467
STYK1,1269
ZNRF2,729
AGBL3,2763
MICAL1,3204
HOOK2,2160
COL4A3,5013
STEAP4,1380
CHTF8,366
CDCA7L,1365
SULT1A2,888
CXCL17,360
PPP1R13L,2487
TIMD4,1137
GAD1,1785
COQ10A,744
MTHFD2L,1044
TARS1,2172
CHD8,7746
KLRB1,678
SLC10A4,1314
AFF1,3657
SMUG1,813
COPG1,2625
LRGUK,2478
USHBP1,2112
TNS3,4338
AFP,1830
NPIPB13,3417
EEF1G,1314
NTN5,1470
ATP2A1,2985
ZNF507,2862
UGT2A1,1584
EIF2AK2,1656
GID4,903
TBC1D19,1581
NUDT12,1389
ZNF442,1884
TINCR,264
TBC1D28,633
ABHD11,921
SLC7A10,1572
HIGD2A,321
ZNF366,2235
CCT6B,1593
ATL1,1677
HOXC4,795
SH3TC2,3867
ZNF317,1788
TCTN1,1779
THOC7,615
TCL1B,387
GTF2IRD1,2835
RPS6KA5,2409
TMIGD1,789
WDR6,3366
CNFN,339
SSBP4,1158
UTS2R,1170
MARCHF10,2427
TIMM10B,312
MACIR,621
BEAN1,780
HINFP,1554
EDIL3,1443
FOXF1,1140
CDC42EP4,1071
DNAAF1,2178
MEPE,1578
FAAP100,2646
SLC34A2,2073
ARHGAP26,2280
TOPBP1,4569
GSC,774
TDP1,1827
MAP2K7,1260
SHOC2,1749
KAT5,1641
HHIP,2103
FAM168B,588
SLC6A2,1854
POLK,2613
ZNF155,1617
RNF168,1716
SMARCAD1,3081
PDCD2,1035
GDF2,1290
UPF2,3819
MOBP,552
SAMD4B,2085
ZNF581,594
WDR90,5247
MCEMP1,525
F13A1,2199
GLYATL2,885
GGA3,2172
ADCY5,3786
CCDC85A,1662
ELMOD1,1005
PRX,4386
ACOT13,423
ARHGAP18,1992
TMEM41B,876
NRDE2,3495
CEBPG,453
SUMO1,306
TSPAN16,735
SLC25A21,900
SPSB4,822
DCUN1D5,714
FZR1,1482
METTL3,1743
CCR2,1083
ISCA1,390
TRMT10C,1212
HMMR,2178
SYNPO2L,2934
SLC25A36,936
PDE6C,2577
INTS5,3060
RCHY1,786
SRBD1,2988
EXT2,2157
NUDT13,1059
GALNS,1569
NPR2,3144
INHA,1101
HVCN1,822
CPA1,1260
WFIKKN2,1731
IL4,462
AURKB,1035
BZW2,1260
ARL3,549
MAT2B,1005
PGP,966
PLAA,2388
PMFBP1,3024
IFIT3,1473
ABHD12B,1089
MAPK8,1284
ADGRG5,1587
PRDX2,597
FBXW12,1395
ACSS3,2061
GNPNAT1,555
ITGA1,3540
GYPE,237
RRAD,927
GYG1,1053
UBE2F,558
TMEM175,1515
RCN1,996
KIRREL2,2127
TOMM5,156
C2CD2L,2121
KDELR2,639
WDR59,2925
OLFM1,1458
ZBTB25,1308
HPD,1182
SLC4A2,3726
PDLIM1,990
SH3GL2,1059
CLBA1,978
DHX58,2037
ENO4,1878
SRA1,675
SLC38A6,1371
ZGLP1,822
KIAA1958,2151
ZNF37A,1686
TRIP10,1806
NKX2-5,975
WNT5A,1143
FYB1,2490
BNC2,3300
CRYGS,537
MME,2253
CXCL9,378
ABCE1,1800
MORN5,486
MSMP,420
VPS9D1,1896
ARHGEF39,1008
ZNF286A,1566
P4HA2,1602
TFAM,741
CRACR2B,1200
RCL1,1122
PLCE1,6909
SNN,267
PLD4,1521
LONP2,2559
SNX15,1029
GALK1,1179
C14orf119,423
TMEM210,444
AK8,1440
ACKR2,1155
NDRG2,1116
ASGR1,876
ADAM12,2721
EIF3F,1074
ZNF639,1458
PTPN13,7458
EXOSC2,882
MS4A1,894
ARID2,5508
ADAMTS9,5808
MADD,4953
DYDC1,534
CFAP46,8148
ENKD1,1041
SPSB2,792
BAG1,1038
EMX1,873
KEAP1,1875
RARG,1365
GTF2E1,1320
TAF1C,2532
RUSC2,4551
DYNC2I1,3201
MAPRE3,846
MXI1,888
GSDMB,1251
ANKLE1,1848
CRB2,3858
LRRC14B,1545
ERGIC1,873
GARNL3,3042
GLB1,2034
KHSRP,2244
NECTIN2,1617
ERV3-1,1815
HOXA6,702
HEBP1,570
ANKRD7,765
NOS2,3462
ST6GALNAC4,909
ITGA5,3150
CAMLG,891
MMP21,1710
STAG3,3681
TNFAIP8,597
ATP5F1C,897
ZFR,3225
ZNF737,1611
TTC31,1560
MSANTD3,828
AQP3,879
GUCA1C,630
DNAI1,2100
LMX1B,1209
ARHGEF1,2739
VWC2,978
THRB,1386
AK1,585
LMBR1L,1470
COA1,441
RTKN2,1830
BAIAP3,3459
TRIM65,1554
SVIL,6645
CTDNEP1,735
ABCG5,1956
TPM2,855
PAM,2922
PLA2G12A,570
MKS1,1680
PPM1K,1119
RPL37A,279
TMEM233,330
CSDE1,2397
CMKLR1,1122
RASA4,2412
MMAB,753
FGF2,468
SP9,1455
GSX2,915
CACNG1,669
DQX1,2154
HSD17B11,903
SNX11,813
CRIPTO,567
RASGEF1B,1422
FASTKD1,2544
TMEM101,774
OSTN,402
TXNRD1,1950
GPM6A,837
FOXK2,1983
CLCN2,2697
LRRC17,1326
NPSR1,1116
TOPORS,3138
RGS3,3261
NME1,459
SPMIP1,531
HIP1,3114
RHEBL1,552
MAST4,7872
DMRTC2,1104
TBC1D8,3468
GLIPR1,801
UFSP2,1410
AURKC,930
MRPS35,972
HSD17B14,813
MYO1C,3192
KCP,4887
FA2H,1119
BEST3,2007
FNDC9,675
TRIP6,1431
CWC27,1419
TRIM2,2316
CIC,7554
CRTAP,1206
APOF,981
ANAPC5,2268
EEF1A1,1389
LRRTM3,1746
LMNB1,1761
ARHGAP22,2097
NFKBIZ,2157
HCFC1R1,417
ALDH1B1,1554
RUVBL2,1392
ZDHHC12,804
GALR2,1164
ARSB,1602
SLFN13,2694
ABCB8,2157
ASB14,1764
CLEC19A,561
PASK,3972
SPATA2L,1275
EOGT,1584
ARID3C,1239
FAM171A1,2673
FBXW5,1701
MAP1LC3B,378
NME2,459
SKP1,492
DNAAF8,1563
SMAD1,1398
CABCOCO1,891
MAGI1,4389
TRUB1,1050
RAB40C,846
PALD1,2571
DAPK3,1365
SSTR5,1095
FAM241A,399
SLC27A4,1932
ADCY9,4062
GLRB,1494
ANGPTL4,1221
TRIM50,1464
ZNF777,2496
RNF7,342
MYL1,585
ZNF606,2379
CFTR,4443
MTMR12,2244
UBFD1,930
TEX51,501
TMEM94,4071
ANKRD17,7812
ODAD1,2124
TAF1B,1767
MAZ,1434
MVB12B,960
FXR1,1866
IRF3,1284
SMKR1,198
RBL2,3420
IFIH1,3078
WDR31,1104
TYW1,2199
TACR1,1224
SEC24C,3285
HOXD11,1017
AAK1,2886
SNX18,1875
C5orf22,1329
CAB39,1026
LAMC3,4728
SLC22A23,2061
ETFBKMT,789
ZCCHC9,816
EPDR1,675
DDIT3,510
TSPAN13,615
ARMC5,2808
CERCAM,1788
MCFD2,441
PSD2,2316
H2BC5,381
CLN3,1317
VSTM2A,723
SLC39A5,1623
PRL,684
ATP6V0E1,246
GCC1,2328
ASL,1395
STARD4,618
ZBTB24,2094
HELT,729
LDB2,1122
EVA1A,459
MTPAP,1749
FABP7,399
FANCG,1869
DAAM2,3207
CX3CR1,1068
DDX46,3099
ST6GAL1,1221
EEF2,2577
SPOCK2,1275
RPL26,438
DTX1,1863
ANK3,13134
ING4,747
GABRB2,1539
OTX1,1065
OR5A2,975
DHCR7,1428
DAPL1,324
RXFP1,2274
FRS3,1479
PAQR8,1065
DUSP19,654
BHMT,1221
NQO2,696
CACNA2D3,3276
MYH1,5820
FEM1C,1854
USP20,2745
GALNT14,1659
YTHDC2,4293
KRI1,2112
UNC119B,756
BBS10,2172
TMED2,606
SMIM14,300
ARF4,543
ANO6,2733
IMMP1L,501
MRPL43,480
MORC1,2955
NUP35,981
MOB3A,654
SEMA6A,3093
CNTD1,993
TRAK1,2862
ARHGAP44,2457
CLPS,339
ZNF136,1623
DEFB112,285
VAX1,1005
PON1,1068
KLHL31,1905
CASP3,834
PIK3AP1,2418
PHIP,5466
KANSL2,1479
ZNF112,2724
DDIAS,2997
APTX,1029
KLK14,756
GAMT,711
DLX5,870
NPC1L1,3999
WDR49,3150
FRG2B,837
PSD,3075
SLC34A1,1920
CDON,3795
MYO6,3858
RAB3IP,1383
CCDC194,705
ZNF132,2121
PILRB,684
PLSCR4,990
NR3C1,2334
ZNF563,1431
COL17A1,4494
MYPOP,1200
SGMS2,1098
HAUS8,1233
RABEP1,2589
LSM5,276
TTC29,1428
CCDC150,3306
FBXL8,1125
GAB2,2031
ZNF853,1980
PEG10,2352
SEPTIN12,1077
PPA2,1005
PDIA4,1938
KMT2A,11919
ZNF614,1758
SETD6,1422
RAPGEF5,2652
OXSR1,1584
GFPT1,2100
TSHZ3,3246
ACSM1,1734
POLD1,3324
SLCO1C1,2139
ZNF215,1554
PCGF6,1053
COL1A2,4101
FANCA,4368
MEF2C,1422
CBX5,576
SLC22A8,1629
SLC22A1,1665
DHX40,2340
DUSP13A,567
EIF4A2,1224
CLMP,1122
CDC123,1011
ERBB3,4029
TEAD1,1281
PNMT,849
GPN1,1125
SAXO4,1278
LPAR1,1095
LRRC37B,2598
NPRL3,1710
C4orf17,1080
KPNA5,1620
GANAB,2835
PDLIM5,1791
YME1L1,2151
KIAA0319,3219
NEDD1,1983
ZNF750,2172
RGS9,2025
SPAAR,228
DENND4C,5877
SPDYE18,1059
ZAN,8439
GMNN,630
ADGRF3,3015
ICAM2,828
CEP68,2274
GPR15LG,246
C9orf50,1296
DHX32,2232
TMEM215,708
ALAD,993
FLNC,8178
CENPW,267
C6orf118,1410
PRKAR1A,1146
MSRB2,549
ZNF470,2154
PEX7,972
C2CD5,3156
ZNF181,1716
A4GNT,1023
ELOVL3,813
CCR5,1059
CSTF3,2154
NDUFB4,390
CUL2,2238
ATP4A,3108
PLEKHB2,669
SLC29A1,1371
GTF2IRD2B,2850
ZNF223,1449
EDEM1,1974
PHLDB1,4134
ZNF324B,1635
MANF,549
FIZ1,1491
SFMBT1,2601
CKM,1146
HAS3,1662
C1orf21,366
ANAPC2,2469
SFRP4,1041
HEATR3,2043
IQCE,2088
LRRC38,885
C1orf116,1806
RGL3,2133
SCRN2,1278
PRSS8,1032
CFAP100,1836
FBXO2,891
PKN3,2670
KCTD18,1281
DPM3,279
TMPRSS7,2532
GRK5,1773
LYPD6B,624
PLXND1,5778
MED11,354
LCK,1530
TUBG2,1356
SLC2A8,1434
EPAS1,2613
AFAP1L2,2457
ZNF253,1500
ZBED3,705
FCER2,966
PAXIP1,3210
MIX23,435
ATAD5,5535
PCDHGA11,2808
GLRA1,1350
ZFR2,2820
TMEM161B,1464
GBX2,1047
ZSCAN10,2343
LRRC59,924
SLC29A4,1593
DSTYK,2790
WNT6,1098
FKRP,1488
MSTN,1128
TMEM45A,828
SALL1,3975
TSPOAP1,5574
PAQR4,822
DNA2,3183
IFT22,558
VKORC1,492
ANO3,2946
FFAR1,903
IGFBP7,849
WWP2,2613
OSBPL3,2664
ARL1,546
DNM2,2613
SFXN1,969
VPS8,4287
UGT2B4,1587
WDR33,4011
MS4A15,723
PGS1,1671
ATP2B1,3663
PF4,306
P2RY6,987
MFAP3L,1230
NPFFR1,1293
ABRAXAS2,1248
CHMP5,660
TLR3,2715
CHST3,1440
SETD9,900
MDK,432
ACBD5,1578
SCRG1,297
IGFBP5,819
EVC,2979
GABBR2,2826
BRIX1,1062
GNPAT,2043
TNIP2,1290
ZNF500,1443
CCDC144A,4278
TBC1D10C,1341
WDR36,2688
DOK4,981
SPMIP2,561
KIF24,4107
MTNR1A,1053
SLC4A3,3699
GASK1B,1560
DCAF10,1680
ZNF324,1662
NECAP1,828
ALOX15,1989
PODXL,1677
TMEM86A,723
HPSE2,1779
UNC5A,2529
SLC17A7,1683
MYCBPAP,2826
NUDT9,1053
KCTD21,783
ADAMTSL2,2856
SLC22A25,1644
INSYN2A,1440
DIMT1,942
FOXI2,957
TTLL3,2448
AS3MT,1128
HAS1,1734
UBE2G1,513
PLIN3,1305
CSRNP2,1632
WASHC2A,4026
METTL2B,1137
TMEM184C,1317
LEFTY1,1101
LMNTD1,1230
TAX1BP3,375
ZNF629,2610
CREB3,1116
TPRG1L,819
POLR2C,828
KRT15,1371
RAMP3,447
KCNH3,3252
ZNF827,3246
PTGER3,1173
APOC2,306
NAIF1,984
MYBBP1A,3987
PLK2,2058
DNAJC25,1083
OGDH,3072
CRIP3,615
EXD3,2631
PHLDB3,1923
PDIA5,1560
SLC8A2,2766
MYBPC1,3516
NOTCH2,7416
GEMIN7,396
TTLL2,1779
PRICKLE4,1155
WDR1,1821
IL4I1,1704
WDR27,2688
CAMK4,1422
ZNF556,1371
RPL15,615
EGR1,1632
CACNG4,984
GRAMD2B,1299
HID1,2367
VAMP8,303
KHDC3L,654
IPCEF1,1317
KIF3C,2382
SPRY1,960
SNAPC3,1236
MFSD8,1557
CDR2L,1398
LGALS9B,1071
MREG,645
SIDT1,2484
HNRNPM,2193
PLB1,4377
C9orf152,720
OOEP,450
PAEP,543
GJA1,1149
PRPH2,1041
TCP11,1512
CKMT2,1260
UGCG,1185
BBX,2826
MYO18A,6165
C9orf40,585
MMP7,804
EDF1,447
KCNE3,312
ZNF836,2811
TMEM161A,1440
SLC5A12,1857
MRPS17,393
NDUFB6,387
CLPB,2034
MRPL50,477
GTPBP10,1164
CEP43,1200
TUT7,4488
CCDC192,822
QDPR,735
DCP2,1263
KIF1B,5451
INPP4A,2919
PDZD2,8520
SVOPL,1479
CNR1,1419
KANK3,2466
IMPDH1,1800
CNOT6L,1668
TMEM232,1974
FGB,1476
CAMKK1,1518
TREML4,603
SPATA31F1,4008
LYRM2,267
CXCR5,1119
MEIKIN,1122
BRD10,6312
EML3,2691
GRXCR2,747
GCNT1,1287
FBN2,8739
SNRNP48,1020
C6orf62,690
B3GALT9,1110
SPATA31F3,627
RPN1,1824
DPP9,2679
TOMM6,225
SPTAN1,7434
TBCK,2682
NADK2,1329
CCR8,1068
ACTRT3,1119
ZBBX,2520
RAX2,555
CYTH3,1200
CDH6,2373
UBE2M,552
BCHE,1809
AFF4,3492
LCA5,2094
CARM1,1827
GIMAP5,924
INTS15,1350
SLC6A1,1800
PXDN,4440
OAZ1,687
ERAP2,2883
ZNF597,1275
SMURF1,2196
SOX8,1341
KLHL26,1848
INPP5K,1347
TOX3,1731
ELAVL1,981
CLEC18C,1341
CENPQ,807
APELA,165
JARID2,3741
TBC1D1,3789
GRIK4,2871
CELF5,1458
HILPDA,192
TMED6,723
SEM1,213
CD83,618
ESRP2,2154
SLC17A4,1494
ZNF415,1668
GOLPH3,897
TNFSF12,750
CD2,1056
PSMD1,2862
RPL32,408
MCTP1,3000
OVCA2,684
ASB17,888
MAP3K3,1881
ADCYAP1R1,1407
MTFR2,1158
PLAAT5,810
GSE1,3654
TREML2,966
TMEM123,627
TBPL1,561
TMIE,471
CGGBP1,504
ZNF426,1665
SLC22A7,1647
ADCY2,3276
BCO2,1740
USP13,2592
LRBA,8559
TMEM168,2094
FFAR3,1041
ATP1A2,3063
KLK5,882
NUBP1,963
RADIL,3228
ZNF761,2241
CYP3A5,1509
CYTH2,1200
TENT5A,1329
CRTAC1,1986
RANGRF,561
DPY19L3,2151
TAF11,636
TSC2,5424
PPM1M,1380
SMARCD2,1596
IRF2BP2,1764
TCF21,540
ADAMTS8,2670
KCTD20,1260
CD74,891
NIBAN1,2787
CALCB,384
BTD,1572
CLEC4G,882
BMS1,3849
SLC22A6,1653
IRGQ,1872
POU2F2,1875
REXO2,714
SLC38A9,1686
OGFOD3,960
HIVEP2,7341
LRRC47,1752
TREM1,705
LIN54,2250
NFKBIE,1086
PDSS1,1248
C8A,1755
CDYL,1635
ABCB6,2529
NXPE2,1680
BARX2,840
CCL7,300
ARIH2,1482
PRDM11,3534
NLRP12,3186
DACT2,2325
UROS,798
H2BC4,381
PPP1R14B,444
SP2,1842
TTK,2574
POU2AF2,867
OR56A1,945
FMN2,5169
TRIM34,1467
PCYT2,1170
PTTG1IP2,465
COBL,3786
TSPAN4,717
GTF2F1,1554
SLC39A8,1383
B3GNT2,1194
NDFIP1,666
CCDC148,1776
ADGRF5,4041
ABL2,3549
TCF7,1155
ZNF256,1884
ZNF562,1281
ADH1B,1128
CORT,318
CCT7,1632
ZNF57,1668
SKP2,1275
LRRN3,2127
FDX2,552
CEACAM3,759
PRRG2,609
GYPA,453
RFX5,1851
DPH7,1359
LAMA4,5472
KXD1,531
PPP2CA,930
PRKRIP1,555
CCDC110,2502
PRR7,825
STEAP1,1020
MAPK9,1275
CYP2W1,1473
RNF4,573
WIZ,5670
LYVE1,969
CREB5,1527
WDR11,3675
KIAA1549L,6441
SAT2,513
GMCL1,1548
DDB1,3423
FEZF1,1428
VIPR2,1317
CLPP,834
METTL14,1371
MIEN1,348
MEX3D,1956
AANAT,624
MZF1,2205
B4GALT1,1197
SPATA6L,1179
VMA12,627
WDFY4,9555
TMA16,612
CLINT1,1878
CASC3,2112
TEX101,750
ZWINT,834
ODF2,2739
HADHA,2292
KCNA7,1371
FAM185A,1179
ZNF792,1899
ZFYVE28,2664
ERICH4,393
NSMCE1,801
LRRC4B,2142
KIF25,1155
IL22RA2,792
OPN5,1065
TMUB2,966
MAPK13,1098
NOP53,1437
RBPJ,1464
MCMBP,1923
GOSR2,639
TXNDC11,2877
PDE4D,2430
SNX8,1398
TRUB2,996
PTCHD4,2532
POLH,2142
PFKFB4,1410
AHCYL2,1836
CFAP157,1563
ZNF189,1881
FGFR2,2466
SLC25A51,894
RCC1,1266
CBFB,564
DDX31,2241
NUPR2,294
STRA8,1140
LRCH4,2052
GPATCH1,2796
KIF5A,3099
FAM114A1,1692
CREBBP,7329
LMAN2,1071
TRDN,2190
COX7A2L,345
SHISA3,717
PZP,4449
PGM2,1839
LRRTM2,1551
CA4,939
WWC1,3342
AUH,1020
TRAPPC5,567
ARID3A,1782
PRSS21,945
NCKIPSD,2169
RPS11,477
DERL2,720
ELAVL2,1080
CDKN1B,597
RFC1,3444
SCYL2,2790
TNFRSF12A,390
MIER2,1638
BTF3,621
MEIOB,1416
SLC37A3,1485
RNF166,714
UBE2B,459
ZNF527,1830
SMARCC2,3738
ZKSCAN4,1638
OSTF1,645
MCRIP2,483
KLC3,1515
HARS2,1521
MRC2,4440
NOA1,2097
SLC38A3,1515
USP47,4068
NUDT2,444
SLC6A16,2211
FIP1L1,1785
SPATA7,1800
SETX,8034
LRRFIP1,1923
DBP,978
VNN2,1563
SMIM5,234
MEIS3,1128
CEP95,2466
CCDC146,2868
RAB4A,657
SIRT5,933
UAP1L1,1524
MRPL22,621
SAMD9L,4755
IFI35,861
ZNHIT1,465
FANCM,6147
DPYSL3,2055
DNAJB5,1263
ZZEF1,8886
CCL26,285
PSMG3,369
SMC4,3867
IL6,639
NIPSNAP3B,744
PGC,1167
SWI5,393
TNPO3,2772
ZNF475,327
QSOX2,2097
PRP4K,3024
NKIRAS2,576
ENG,1977
KCNIP2,813
ERVV-2,1608
ZNF708,1692
DVL1,2088
RPTOR,4008
TRIM72,1434
LRRC1,1575
WFDC1,663
ANG,444
UBA52,387
AMOTL1,2871
NID2,4128
CHD9NB,159
PRSS27,873
ZG16,504
EIF3M,1125
ABCC10,4479
MED1,4746
NIN,6402
TBC1D24,1680
NEK11,1938
ZNF326,1749
CNGB1,3756
ADAM19,2757
UST,1221
CCDC92B,768
SLC26A8,2913
INPPL1,3777
CORO1A,1386
TAC1,390
CLEC4C,642
SHROOM1,2559
ZNF835,1614
RWDD1,732
BAMBI,783
FCHO1,2670
BLNK,1371
KMT2C,14736
TSPAN9,720
TMEM131L,4833
EDN1,639
EVI2A,711
MPP3,1758
ENTPD2,1488
TADA3,1299
TRAM2,1113
GAPVD1,4383
ELK3,1224
CD24,243
C12orf42,1083
RPS6KA2,2202
RPUSD1,939
ANKRD9,954
CD163,3366
MMP12,1413
FAM111B,2205
FRMD4B,3105
INTS4,2892
ARL17A,534
CCL24,360
GPT2,1572
CD46,1134
TRA2A,849
EXOC6,2415
NSD1,8091
MED6,741
CDCP1,2511
UCHL1,672
TRIM36,2151
CACNB2,1983
MYNN,1833
PFDN1,369
CCT6A,1596
ABHD4,1029
PKD2L2,1875
NDUFA9,1134
PKHD1,12225
DMRT2,1686
TANC2,6225
TIGIT,735
MLKL,1416
RASGRF2,3714
TMEM250,420
TIMP4,675
GNAQ,1080
CEP128,3285
GFAP,1299
FAM3D,675
NLRX1,2928
ANXA3,972
ZNF367,1053
TMC7,2172
VEGFA,1188
INVS,3198
RPS14,456
MGAT4C,1437
CYP46A1,1503
RBMS3,1314
PIH1D1,873
SDR42E2,1269
MBD6,3012
SMG6,4260
F12,1848
APRT,543
FAM89B,570
TSG101,1173
LEMD3,2736
POT1,1905
PTGER2,1077
HMGB2,630
VWA2,2268
PRODH2,1383
ZNF839,2784
SLC25A19,963
PIGQ,1746
ACADSB,1299
ZFC3H1,5970
GTF2H5,216
PCBD2,393
GREM2,507
RPF2,921
PSG7,1260
TIFA,555
SLIRP,330
PKP2,2514
SGCB,957
TTC36,570
SST,351
PGLYRP2,1731
CDV3,777
TRIM49,1359
MYO3A,4851
ARHGAP20,3576
SMIM20,204
ADGRE1,2661
SNX2,1560
SLC6A13,1809
PIGR,2295
OSBPL11,2244
PTGR2,1056
SLC25A31,948
PRKG2,2289
C16orf89,1086
GIT1,2286
BAZ1B,4452
SUDS3,987
GNG3,228
SERP1,201
RYR1,15117
STK32C,1461
CCDC12,501
ARRB1,1257
MCM3,2427
CFAP119,996
SLC15A4,1734
ABLIM1,2337
CLCN3,2457
KBTBD12,1872
PNPT1,2352
FRG2C,849
CMIP,2322
ATP1B3,840
GCNT4,1362
SLC6A7,1911
PCSK4,2268
FKBP3,675
ERCC6,4482
TMEM186,642
COPS7A,828
CTU2,1548
EIF4EBP3,303
GABRG2,1428
OGDHL,3033
BCL2L2,582
ZNF30,1872
RUFY3,1863
STON2,2868
CKB,1146
TASOR,5013
NPEPPS,2760
RNF144B,912
PLEKHA8,1560
LTBP4,4674
SYCP2L,2439
KCNK10,1632
DOP1A,7398
PFKFB2,1518
PPP1R36,1269
DMXL1,9147
ARHGAP21,5877
TMEM144,1038
PRMT3,1596
CD80,867
EIF2S1,948
DNASE1,849
CSPG5,1620
STEAP1B,795
MCM2,2715
CRIP1,234
KLRG2,1230
HECW1,4821
CTSF,1455
RABEP2,1710
C5orf15,798
RAB23,714
GPX3,681
DNAAF5,2568
EGFLAM,3030
ETV5,1533
C2orf68,501
PRR29,570
ECHS1,873
SNF8,777
GABARAPL2,354
CYP20A1,1389
SLC60A2,1557
SEMA6B,2667
CCNB1,1302
TNRC6A,5889
AKAP6,6960
INSIG1,834
EPHB3,2997
MMS22L,3732
DHDH,1005
GPAT3,1305
CYP2C8,1473
ZNF235,2217
CPNE9,1662
CDK3,918
SLC43A3,1476
CRB1,4221
CCDC62,2055
CDHR3,2658
PSMD3,1605
ZNF296,1428
ZNF492,1596
IGFL4,375
KLHDC1,1221
SIGLEC9,1392
ZFP42,933
KRT72,1536
C7,2532
CRMP1,2061
PLEKHA3,903
TMEM217B,513
NUAK1,1986
TRIM24,3153
QTRT1,1212
KARS1,1794
FNDC3B,3615
LRRC43,1971
RAD51AP2,3480
PGGT1B,1134
TFEB,1431
RPS26,348
RPL26L1,438
PCED1B,1299
GALNTL6,1806
TLCD3A,774
GNRHR,987
CAPRIN2,3138
MARCHF3,762
CPSF4L,540
ZGRF1,6315
LYRM9,237
ZNF333,1998
PPIE,906
CHSY3,2649
HARS1,1530
PRSS54,1188
TRPV1,2520
KCNK13,1227
KHNYN,2037
OTOA,3420
COL26A1,1326
BLTP1,15282
OSBPL6,2805
ARHGAP35,4500
NMRK2,693
TOGARAM1,5322
GABRR1,1440
TBATA,1059
PI16,1392
CACNA1H,7062
GIMAP4,990
BTRC,1818
AK7,2172
CASP2,1359
BTNL8,1503
ZNF451,3186
SULT2B1,1098
INCENP,2757
ZNF628,3180
ZIM2,1677
CCDC190,906
BLTP2,6708
VRTN,2109
HTR5A,1074
PAQR7,1041
SNX10,606
HINT1,381
CELA2A,810
MGAT1,1338
MFRP,1740
PSMC3IP,654
IGFL3,378
ETFB,768
ANAPC16,333
TAF1D,837
POLD2,1410
RGL1,2307
PRDM8,2070
MTRR,2097
PGLS,777
DPPA5,351
SLC35D3,1251
AK9,5736
COL1A1,4395
ABCG2,1968
DCLRE1C,2079
PRAM1,2013
SAMD4A,2157
DDX19A,1437
ARMC2,2604
DHRS7,1020
MED12L,6543
FLVCR1,1668
NDUFB1,177
RCE1,990
PCP2,411
MTARC1,1014
ZNF208,3843
ADAM21,2169
ASB5,990
CDK2AP2,381
METTL17,1371
CHST2,1593
CCNJL,1164
UBE2E2,606
TBX6,1311
TBRG1,1236
CPLX1,405
DUSP7,1260
C16orf74,231
LSMEM2,495
CDC25C,1422
SH3RF1,2667
AVL9,1947
GPR160,1017
FLYWCH1,2151
COL9A2,2070
H2AZ1,387
CACNG6,783
FNIP2,3345
SPTSSB,231
KCNJ5,1260
ARHGAP19,1485
IQCB1,1797
TM7SF2,1257
RAB28,666
AKR7A2,1080
CCDC88C,6087
FUT2,1032
COQ8B,1635
ANKRD13B,1881
SCGB3A2,282
ZNF467,1788
ACTA2,1134
MSLN,1869
REM2,1023
SPINK9,261
CNIH1,435
TMED9,708
METTL21A,657
C1QL1,777
SLFN5,2676
GCH1,753
CLIP2,3141
DLX3,864
PDZK1,1560
MPHOSPH9,3552
SRSF5,819
GLYAT,891
AFM,1800
MITF,1581
ZNF254,1980
TMX2,891
CXCL12,270
MRPS9,1191
TACR2,1197
TMPRSS9,3282
ANXA8L1,984
KLHL11,2127
GIPR,1401
UBE2Z,1065
NOM1,2583
DPF2,1176
CROT,1839
NMT1,1491
SNRNP35,741
EPC1,2442
MEMO1,894
CCDC77,1467
SYDE1,2208
SPP1,945
KLK15,771
ZMYND11,1809
PLAAT3,489
PGLYRP1,591
SPTBN2,7173
MEGF8,8538
NR3C2,2955
SMARCD3,1452
FBRSL1,3009
NPC2,456
GPS1,1464
GADD45B,483
BPGM,780
PCDH18,3408
PILRA,912
ROBO2,4422
UGDH,1485
USP35,3057
PYGL,2544
ZNF460,1689
GDE1,996
PRSS57,849
MARCHF7,2115
TMEM270,798
EPS8,2469
FAM220A,780
FSD1,1491
BAIAP2L1,1536
PRRG4,681
SHISAL2B,483
CDH3,2490
LECT2,456
TMEM218,348
ZNF354A,1818
MKRN1,1449
GRIP2,3132
PTCD2,1167
U2AF2,1428
DAG1,2688
CES4A,1686
NAT8L,909
ANTXR2,1467
CAV1,537
GGCT,567
VCPKMT,690
ZNF425,2259
CMTM7,528
BST2,543
POLR2J2,348
ZNF138,960
CRIP2,627
BUD31,435
CYP2A7,1485
ITIH1,2736
PARP8,2565
MS4A14,2040
ZNF382,1653
CES2,1680
ZNF491,1314
NXF1,1860
OTOGL,7062
PDGFA,591
PRKCG,2094
TMEM196,540
DLD,1530
GNGT2,210
TGFB3,1239
ZNF829,1299
SIGLEC12,1788
FADS6,1107
TUBG1,1356
PRSS23,1152
SLC16A10,1548
WARS1,1416
HNRNPUL1,2571
CFAP36,1029
APOA5,1101
MOXD1,1842
NNMT,795
PFAS,4017
FAM174A,573
ZC3H12D,1584
PCDHGA8,2799
CLDN6,663
FRK,1518
NOCT,1296
AFAP1L1,2307
DCTPP1,513
MED28,537
DEK,1128
FUS,1581
MKRN2,1251
FSTL5,2544
EPS8L1,2172
JAZF1,732
ATG3,945
FKBP11,606
HOXD9,1059
MITD1,750
GRSF1,1443
PCDHGA7,2799
PLD2,2802
N4BP3,1635
CRACR2A,2196
MTCL3,2844
DPPA2,897
REXO1,3666
TBC1D15,2025
GTF3C2,2736
NPM3,537
JHY,2337
TMEM44,1287
ST3GAL3,1128
BMP2K,3486
CD33,1095
MMRN2,2850
MMP3,1434
EREG,510
FAM25A,270
LCORL,5616
SEMA4G,2532
HIF3A,2010
FEN1,1143
SOX30,2262
OR51E1,957
CENPE,8106
PGAP2,948
COMMD10,609
VIP,513
TNKS2,3501
AKAP12,5349
CCDC39,2826
TBC1D12,2328
LATS1,3393
UBTD2,705
MARCHF11,1209
IL31RA,2295
TRH,729
ATP6V0E2,246
KRT9,1872
ADPRH,1074
CEP162,4212
HSD17B1,987
ZNF304,1980
PSMC6,1170
R3HDM4,807
SELENOI,1194
SEC22C,912
DCLRE1A,3123
DUSP2,945
ATXN7L1,2586
PTGES3,483
SLC22A5,1674
UBTF,2295
LIPT1,1122
UGT2A2,1611
CDK1,894
NSUN7,2157
PCLO,15429
CEP164,4383
ANKRD53,1593
DDX49,1452
STEAP2,1473
HS3ST1,924
CDC20B,1560
SLC40A1,1716
CFL2,501
HBS1L,2055
PABPC4L,1113
TMEM231,951
DAPP1,843
NREP,207
ZNF717,2745
BTBD10,1428
ERG28,423
BTC,537
SFR1,738
HTRA1,1443
MYL11,510
AP1AR,909
ESR2,1593
SCIN,2148
LMOD3,1683
TMT1B,735
BRAP,1779
STXBP5L,3489
C16orf54,675
GLYR1,1662
CLIP3,1644
ADK,1089
GSTK1,681
HADH,945
SPRED3,1233
COBLL1,3387
MRPL21,618
EIF3G,963
SSH1,3150
MDFIC2,570
EXOG,1107
MINPP1,1464
AKT1,1443
IFT46,915
ST8SIA6,1197
B4GALT7,984
ANKRD50,4290
PAOX,1536
ADAM29,2463
PHKG2,1221
TBCCD1,1674
ZNF879,1692
PIGY,216
C4orf33,600
RFESD,633
ZC3H12C,2652
RSPH10B,2613
CPEB3,2097
IRAG1,2739
ZNF26,1602
NPM1,885
MECOM,3720
BMAL2,1911
HSD17B13,903
CHST12,1245
ORAI2,765
PDE5A,2628
PMS2,2589
MKX,1059
RAB3GAP1,2946
CCDC6,1425
IL32,567
CHST8,1275
MDFI,741
PCBD1,315
PEBP1,564
CLDN1,636
MAP3K8,1404
ZNF524,795
RBSN,2355
CFAP206,1869
ZNF730,1512
TMEM120B,1020
FAM32A,339
HTR3A,1437
GRHL1,1857
SPAG6,1530
MVB12A,822
FHDC1,3432
SLC17A1,1404
LDHB,1005
CEP44,1173
YWHAQ,738
CAPN1,2145
CCDC28A,555
THNSL1,2232
SPINT2,759
TIMM23,630
TEX264,942
MAP3K4,4827
ACTB,1128
ARHGEF4,5631
GABRA2,1356
REDIC1,1959
ANKRD2,1002
MYH14,6111
C12orf43,789
C10orf53,282
RPP30,807
GNB4,1023
BRMS1,741
CYTL1,411
NAF1,1485
PPP1R35,762
CCZ1,1449
RGS12,4344
PXK,1737
STK25,1281
TTC9C,516
PPP3CB,1575
AP2B1,2856
NUMB,1956
SPON1,2424
SYCP3,711
RAD9A,1176
NLRP11,3102
KIAA0408,2085
SLC2A12,1854
HMGCLL1,1023
EMC10,789
OCIAD1,738
SBDS,753
DRC12,633
RERG,600
LCOR,4674
OAF,822
EEPD1,1710
CDKAL1,1740
CCT2,1608
CEACAM20,1791
PTPN12,2343
PAX6,1311
VPS26A,984
TFAP2A,1320
TRAPPC2B,423
CTXN3,246
KCNJ14,1311
ARSI,1710
B3GNT8,1194
PPP2R2D,1362
SYT3,1773
GPBP1,1422
DST,23457
ZNF154,1314
GIPC3,939
TNFSF14,723
CCDC97,1032
MACROH2A2,1119
ZNF728,1869
TNRC18,8907
GNG7,207
IKZF5,1260
ZNF583,1710
NHERF1,1077
PMPCB,1470
MYPN,3963
INSR,4149
KLRC1,702
VMP1,1221
ADAMTS14,3672
KLRC2,696
FOXK1,2202
ITPRIPL1,1668
GARS1,2220
TMEM177,936
RXYLT1,1332
AHCTF1,6801
KCNG3,1311
ANO8,3699
DNTT,1530
USP44,2139
ZNF878,1596
SLC29A3,1428
ZNF724,1860
FANCL,1128
HYAL4,1446
ECSIT,1296
SLC26A4,2343
RGS10,546
GRAP,654
FBXL15,903
ARPC1A,1113
PITPNA,813
STAM,1623
ITGAX,3492
RAD51AP1,1008
GORASP1,1323
MRPS7,729
LDLRAD1,618
NUDT22,912
TRPV3,2373
INSRR,3894
SYCE1L,729
TRIM8,1656
CKAP5,6099
TEDC2,1302
CALY,654
PPT1,921
UBE3C,3252
MAU2,1842
C10orf95,642
XPOT,2889
MRPS16,414
PLK1,1812
PITPNC1,999
HSPA14,1530
BCL6B,1440
LGI4,1614
RAP1GAP2,2193
DDHD1,2703
TMCC1,1962
RUNX2,1566
PPM1B,1440
N4BP1,2691
CLCN1,2967
RBFOX1,1194
HELLS,2517
HRC,2100
SLC25A10,864
PLPP2,867
AGR3,501
OXA1L,1308
SELENOT,588
GPR89B,1368
FAT1,13767
ZNF793,1221
NOD1,2862
PLXNA1,5691
CCT5,1626
RBM46,1602
EXOSC5,708
ASXL2,4308
CAND2,3711
SMIM43,192
IGFL1,333
TDRD12,3993
PRMT5,1914
TIGD2,1578
UGT2B7,1590
LMO3,438
BMP6,1542
ENPP5,1434
DNAJB1,1023
HFE,1047
PGAM2,762
CNTN6,3087
ADAP1,1125
MAP4K3,2685
ZNF844,2001
KLHL2,1782
TMEM59L,1029
MEFV,2346
FBXO47,1359
CXCL16,765
DCPS,1014
NGFR,1284
GP1BA,1959
TFCP2,1509
RPS15,438
SLC25A33,966
PM20D2,1311
GBF1,5583
PYGM,2529
PRRT2,1023
CLDN20,660
KIF6,2445
ZNF75A,1614
FSTL3,792
PTP4A2,504
SREK1,1875
UQCC2,381
CYP8B1,1506
CEP97,2598
BACE1,1506
CISD2,408
RPL18,567
ADCY7,3243
TDRD6,6291
BTBD9,1839
FAM131A,1101
C4orf46,342
ATP2A2,3129
HGF,2187
GRIA2,2652
PNLDC1,1596
HAVCR1,1095
SLC15A2,2190
VIPAS39,1482
ASTN1,3885
KCNK5,1500
TUBB2B,1338
SMIM8,294
FAM83E,1437
NAT16,1110
GLIPR1L1,729
IKZF1,1560
SAE1,1041
TMEM14A,300
DRD1,1341
AGRP,399
FOXM1,2292
SMPD3,1968
MATR3,2544
TAB2,2082
CCN2,1050
CEP295,7806
SEMA3B,2250
CCDC170,2148
BEST1,1758
DHX57,4161
SPATS1,903
SLC22A31,1341
EPM2A,996
OR1F1,939
CSF3R,2511
CIMAP1A,765
STX18,1008
CTSC,1392
PXDC1,696
COL28A1,3378
MRPL2,918
SLC27A5,2073
RIC8B,1683
ATP6V1C2,1284
SLN,96
MAX,483
ACP2,1272
C1GALT1,1092
CFAP45,1656
ORC3,2136
UNC5C,2796
C12orf60,738
GDF15,927
RSBN1,2409
GALNT6,1869
EXOC3L2,2409
CAMK2N1,237
ETFDH,1854
KIAA1614,3573
CIST1,705
PP2D1,1893
CD79A,681
COLQ,1368
ZNF264,1884
ASPG,1722
VGF,1848
CEACAM5,2109
GIMAP7,903
LTBP1,5166
SEMA3D,2334
PSMC3,1320
PARP11,1017
AQP1,810
TUT4,4938
VPS37D,756
COX19,273
SLC25A23,1407
PRKAR1B,1146
ZNF25,1371
CLEC4D,648
RNF10,2436
RAF1,1947
SYT15,1266
GPRIN3,2331
TMPRSS11A,1257
SEC61A2,1431
RNF175,987
KRT14,1419
SLBP,813
PLEKHA7,3816
RARA,1389
ANXA7,1401
PSG5,1008
ZRANB2,993
STBD1,1077
CSN3,549
WFS1,2673
CYB5R2,831
MOSPD3,708
REEP2,765
ZNF776,1557
JUP,2238
CCDC126,423
DDIT4L,582
AMBN,1344
ITLN2,978
RUNDC3B,1371
RGS6,1473
CCNH,972
AFG1L,1446
CCDC141,4593
NELL2,2451
CSKMT,723
MRPL16,756
IPO13,2892
AKR1B1,951
SIPA1,3129
CSN1S1,558
CLVS2,984
FGF21,630
MRPS5,1293
ZNF566,1257
ZNF587B,1902
OR7A5,960
NOTCH3,6966
RNF182,744
HIF1AN,1050
ZNF518B,3225
RHAG,1230
S100PBP,1227
ADGRL3,4632
CREBL2,363
LXN,669
IFIT2,1419
POP5,492
COX16,321
ANKRD66,591
NUTM2B,2637
EIF2B5,2166
WDR37,1485
SELENOW,264
TLK1,2301
NTF4,633
TMED10,660
IRF5,1545
NIPAL4,1215
IQCN,4104
TSPAN18,747
OS9,2004
FARSA,1527
C14orf39,1764
MIA2,4239
RBP4,606
CAPRIN1,2130
FBN3,8430
LTAP1,762
VWA3B,3885
RHEB,555
UBE2D1,444
SYNPO2,3786
ZNF595,1947
ZNF398,1929
ZC3HC1,1509
CTNNA2,2862
ZNF487,624
HPGDS,600
RBM5,2448
HNRNPDL,1263
PLA2G12B,588
PLXDC2,1590
ZNF107,2559
NXPH1,816
FADD,627
XPO1,3216
CYP3A4,1512
ZPR1,1380
SIPA1L1,5352
PCDH15,5223
MEI4,1158
LAMA2,9369
BLVRB,621
ZNF541,4041
LMNB2,1863
GUF1,2010
ZNF490,1590
CHAF1A,2871
SCML4,1245
GVQW3,564
VSIG2,984
PPP3CA,1566
TFAP2B,1383
NUP42,1272
SNX32,1212
TBC1D7,882
SYT12,1266
DOT1L,4614
ENC1,1770
TRPC3,2766
ZNF175,2136
C7orf57,888
KRT79,1608
ZNF585A,2310
ZMAT2,600
TMEM80,432
TMEM119,852
ARNT,2370
CISH,777
NT5DC3,1647
SLC26A2,2220
SLC7A14,2316
SUMF2,906
BET1L,336
DNAJB14,1140
SLC6A6,1863
PEAK3,1422
CGB7,498
TMEM235,672
TMEM38A,900
TMPRSS5,1374
TRIM37,2895
HSD17B4,2211
MCM9,3432
HAUS5,1902
USP38,3129
IDH1,1245
NDST2,2652
NAV3,7158
CPNE5,1782
NECTIN3,1650
ADH6,1128
HACD2,765
FBXW4,1704
PLEKHG1,4158
OSBPL10,2295
PAMR1,2163
ZNF518A,4452
NT5DC1,1368
TMEM150B,702
CCNG2,1035
CHST11,1059
FGFR1OP2,762
COMP,2274
TF,2097
PIGG,2952
SLC35F2,1125
CSGALNACT2,1629
GSG1,1089
FKBP5,1374
RCC1L,1395
PDE4A,2661
PITPNM1,3735
NMT2,1497
ETNK1,1092
SAP30L,552
AP3B1,3285
FAM186B,2682
GRIP1,3387
DMAC2,774
JDP2,492
CYP27A1,1596
PSMC1,1323
HOXA2,1131
MCU,1056
INMT,792
PNMA8A,1320
FGL2,1320
PLEKHG2,4161
STK17A,1245
ZFP3,1509
TVP23B,618
ZNF513,1626
SLC22A16,1734
SH2D6,1008
SLC3A2,1590
PLPP4,816
MDN1,16791
NUDCD3,1086
GOLGA7B,504
PCYOX1,1518
NT5C3B,903
NUCB1,1386
SORCS1,3507
ZC3HAV1L,903
SLC7A8,1608
UPP2,954
INTS1,6573
NKX6-2,834
NET1,1791
NLRC4,3075
SLC41A2,1722
FBXO30,2238
RNF149,1203
SLC35A1,1014
MCRS1,1389
PPRC1,4995
PTGER4,1467
POGLUT3,1524
ITGA2,3546
RAD51B,1053
RAPSN,1239
KCMF1,1146
MCHR2,1023
SLC47A1,1713
EGLN3,720
ULBP1,735
FAM200B,1974
ATP6V0B,618
ANKIB1,3270
COPS7B,795
EFCAB12,1719
MRPL17,528
SYTL3,1833
TYSND1,1701
TM4SF18,606
TMEM258,240
DLST,1362
EMX2,759
NKX3-2,1002
LOXL4,2271
DCTD,537
SNRNP70,1314
NCBP2,471
POLR3G,672
SMCO4,180
MUC3A,9972
APOBEC2,675
ZNF184,2256
MUSTN1,249
KIF13A,5418
NT5C3A,996
DNAJC19,351
PIAS3,1887
MED21,435
LMO2,684
TASOR2,7293
PGA5,1167
TCP11L2,1560
CCDC81,1959
EPHA4,2961
WDR17,3852
RNF130,1260
CCRL2,1035
VEZF1,1566
MIS18BP1,3399
GFM1,2256
RPS24,393
CADPS2,3891
ATG16L2,1860
ACAD10,3180
MYO15A,10593
YJEFN3,900
PYCR2,963
TTC7B,2532
BRSK1,2337
METAP1,1161
ARMC9,2457
MYOT,1497
SAR1A,597
TAOK1,3006
ERAP1,2826
IRAK2,1878
ISM2,1716
RAB5C,651
DMAP1,1404
SOCS4,1323
PIGX,777
MAPK10,1395
GNG2,216
ZNF805,1884
GOLGA4,6693
ZNF569,2061
PRSS35,1242
FOXA1,1419
ZNF347,2520
SERPINA5,1221
NDUFA13,435
DHTKD1,2760
RASD1,846
THRA,1233
ACP6,1287
YIPF2,951
SPRY4,900
ANKRD6,2184
CETN3,504
RDH11,957
ZMYND15,2229
STK32A,1191
LTBP3,3912
PTCD1,2103
PSME3,765
PRDX6,675
COL23A1,1623
DGLUCY,1866
DTWD2,897
TCAF1,2766
PTF1A,987
TRIR,531
MPP7,1731
CROCC,6054
NEURL1B,1668
AP1M2,1272
LGR5,2724
LOX,1254
CPVL,1431
PCYT1A,1104
PDLIM4,993
GAS2L2,2643
TM4SF5,594
PPP1R1B,615
FAM53B,1269
ARHGEF28,5118
ALG10,1422
SACM1L,1764
TDRD1,3543
NPHP1,2034
TMTC3,2745
USH2A,15609
LRRN4CL,717
PPP6R1,2646
CUL5,2343
BACH2,2526
ABI1,1446
TMEM63B,2499
SIK2,2781
VPS33A,1791
ATP6V1F,360
MPC2,384
WNT16,1098
TMEM126B,693
ABCB4,3840
NT5DC2,1674
AGO3,2583
CLNS1A,714
CDKL3,1779
CDC5L,2409
CA6,927
MCM6,2466
PKIB,237
PDLIM7,1374
NMNAT1,840
IFT57,1290
ZMYND12,1098
AIRIM,612
SKIL,2055
YAP1,1515
CHCHD6,708
FRMD1,1650
SOCS2,597
PRPSAP2,1110
AQP10,906
MINDY4,2274
C10orf67,1653
EMP3,492
IP6K1,1326
ERP27,822
PPP4R3B,2550
HMX3,1074
TAOK3,2697
LRRC20,555
BEND6,840
VOPP1,519
RTP2,678
TRA2B,867
CGB8,498
C6orf163,990
ZNF587,1728
BAG3,1728
SLC35E1,1233
COL16A1,4815
PRF1,1668
WBP1L,1092
RHBDD2,1095
FXYD5,537
KY,1986
P4HA1,1605
GPNMB,1683
TFRC,2283
SMOC2,1341
CLP1,1278
UBASH3B,1950
FSTL1,927
NR1H3,1344
TULP4,4632
AICDA,597
SLC22A15,1644
RGS14,1701
OPN1SW,1038
LEP,504
RGS17,633
ASIC3,1596
NRBF2,864
AFDN,5496
SMIM17,357
ZNF705A,903
HSD11B1L,861
MSANTD5,642
DUSP5,1155
SHLD3,753
RAD52,1257
METTL6,855
HBEGF,627
ALKBH4,909
PHYKPL,1353
RAB18,621
TOR1AIP1,1752
SGCE,1314
DALRD3,1632
MRPL18,543
BOLA3,324
RPL23A,471
LRFN2,2370
UNC5CL,1557
ARMH1,1323
ALKAL2,459
ABCA10,4632
NEUROD4,996
EMP1,474
SLC30A6,1386
DSE,2877
HYAL3,1254
CFAP73,927
ZNF8,1728
MKRN2OS,672
ZNF416,1785
SLC26A6,2280
IL12B,987
POLR1G,1533
LRIG3,3360
ICAM4,816
E2F3,1398
DCLK2,2301
VAV3,2544
ZNF526,2013
DAB2,2313
SUZ12,2220
SIGLEC11,2097
UFL1,2385
KLF11,1539
AKAP8,2079
KRT8,1452
SPMIP3,444
C11orf52,372
SAP30,663
FSHB,390
TRPC6,2796
TMEM129,1089
CALHM6,948
PROCA1,1095
TLE5,594
ROS1,7026
BACC1,519
SRD5A3,957
GNPDA2,831
VPS37C,1068
BDKRB1,1062
PDCL2,726
PCNX1,7026
DCAKD,696
RASA1,3144
SYNCRIP,1872
KIF1A,5376
CXCL11,285
RNF121,984
ZNF544,2148
KIAA0319L,3150
ART3,1170
RLIG1,978
RCVRN,603
EXOC7,2055
POLE,6861
VGLL4,891
ESAM,1173
PPP2R3C,1362
CCNE1,1233
ARCN1,1536
AMT,1212
MRI1,1110
ZNF354B,1839
POU2AF3,756
ZNF433,2013
TENT4A,2379
ENDOD1,1503
PGM3,1629
ZNF600,2376
MTHFD1,2808
PDE4C,2043
FBXL14,1257
CLEC4E,660
SHE,1488
SPATA9,765
CSRP2,582
SLIT2,4590
HMGCS1,1563
B3GAT2,972
UBE2D4,444
TMEM50A,474
IFT80,2334
GIPC1,1002
STAB2,7656
MYO10,6177
TRIM56,2268
ZNF783,1641
GLI1,3321
KPNA6,1611
SIVA1,528
SLC5A10,1791
GCDH,1317
PDAP1,546
FOXG1,1470
SART3,2892
CINP,639
SENP5,2268
ADPRS,1092
LIN52,339
ABCA13,15177
SEC14L1,2148
SFRP2,888
ZBTB49,2298
UIMC1,2160
AJUBA,1617
ABHD10,921
USF3,6738
TMED8,978
C4orf50,4527
DNAJC13,6732
ZBTB32,1464
ARHGAP24,2247
ERF,1647
NUMBL,1830
NCAPG,3048
ANGPTL8,597
GTF2I,2997
TBC1D17,1947
TRAIP,1410
DMGDH,2601
ARHGAP9,2196
MAP2K6,1005
TMEM150C,750
DNAJC21,1596
RAB37,672
ADH1A,1128
MSANTD2,1680
XRCC1,1902
ARHGAP32,6306
POPDC2,1107
PRICKLE1,2496
ARRB2,1230
ATG7,2112
SLC25A48,936
TNIP3,978
SF1,1920
PDE1A,1590
LEAP2,234
PAPSS1,1875
NKPD1,2499
FAM13B,2814
CNN2,930
OSBPL9,2211
ING5,723
FAM234B,1869
EFNB3,1023
OXSM,1380
ERBB2,3768
KDM2B,4011
WDSUB1,1431
KLHL3,1764
NPHS1,3726
ENOPH1,786
WT1,1569
ELL2,1923
ATRIP,2376
ITPR2,8106
COX7B2,246
FAT4,14952
ZNF229,2478
MOB1B,651
OLFM2,1365
DIXDC1,2052
KLKB1,1917
PJA2,2127
GALM,1029
STRAP,1053
C19orf33,321
C19orf53,300
PDE8B,2658
SCN2B,648
PSG8,1281
CNTN3,3087
MINK1,3999
CARNS1,2853
GLB1L,1965
MYOZ2,795
TICAM1,2139
NCCRP1,828
ZNF548,1638
PROS1,2031
GALNT8,1914
MS4A12,804
KLK11,753
CRTAM,1182
LAP3,1560
ITGB7,2397
POLA2,1797
CCSER1,2703
NOL10,2067
ZNF551,2013
TSPAN32,963
TTC9B,720
ZNF121,1173
RASSF6,1014
ESM1,555
DAND5,570
KRTDAP,300
CDHR2,3933
MARK4,2259
LTA4H,1836
CACNA2D2,3432
CENPU,1257
RAB39A,654
UBXN1,894
KMT5C,1389
VAMP4,426
DEFB131A,213
CXCL5,345
CHST10,1071
GYPB,276
ACBD4,918
MPND,1506
FSTL4,2529
MS4A6A,678
TAFA3,402
PCDHGB2,2796
IL17B,543
RELL1,816
CDC23,1794
MAN2B2,3030
PIK3C2A,5061
CEP85,2286
SNRPD2,357
CCDC159,894
WDR70,1965
ZNF891,1635
TBC1D30,2286
LALBA,429
POU6F1,1836
DDX25,1452
SFSWAP,2856
GULP1,915
LSM7,312
POLN,2703
IMPDH2,1545
FAM76A,924
DELE1,1548
ZNF358,1707
DENND1C,2406
KRT13,1377
CCDC15,2856
SMURF2,2247
IL26,516
NPNT,1698
SLC4A8,3282
FERMT3,1992
LDLR,2583
GSTM2,657
CSNK1G3,1371
FASN,7536
CD44,2229
C19orf38,693
MAML3,3417
MLEC,879
GLRA3,1395
ZNF589,1095
LYZ,447
CACNA1A,7521
TLL1,3042
FGF23,756
LLPH,390
ZBTB47,2244
RFX4,2208
PLK3,1941
COMMD2,600
MSMO1,882
GNL3,1650
DBX2,1020
BANK1,2358
MROH9,2586
ERP29,786
G6PC1,1074
TAF1A,1353
NUDT4,543
MACROH2A1,1119
LRIG1,3282
TSPAN5,807
RBMXL1,1173
REEP6,555
HJV,1281
ZNF283,2040
TIGAR,813
TRAK2,2745
SENP1,1935
GFY,1557
GGN,1959
LYAR,1140
PSMD8,1053
ZNF177,1446
ANXA5,963
SHANK1,6486
TUBD1,1362
HOXC11,915
IL22,540
EVI5L,2418
ZNF664,786
NUP133,3471
ARL6IP6,681
COG1,2943
NMUR1,1281
A2ML1,4365
NCOA1,4326
SYT5,1161
BAIAP2,1605
KLHDC8B,1065
APLP1,1956
GALNT10,1812
ABCF3,2130
GLT8D2,1050
NENF,519
MED7,702
BHLHE41,1449
TCOF1,4470
BAZ2A,5712
CC2D1B,2559
ATL3,1626
TMPRSS13,1704
SMARCA5,3159
TIA1,1161
PAQR9,1134
ART1,984
FETUB,1149
SIPA1L3,5346
KRT85,1524
GRK2,2070
NOS1,4305
HDAC5,3369
MAP3K13,2901
PTPRH,3348
E2F7,2736
IFI16,2358
WASHC3,585
C3orf38,990
RBM47,1782
ARL6,561
RABAC1,558
RFTN1,1737
MORN3,723
ERCC1,894
NEMP1,1335
TRIM4,1425
FAM118B,1056
RAD9B,1254
IFRD2,1329
ACTR3C,633
THADA,5862
HEATR1,6435
EPGN,465
HOXC8,729
TMEM132D,3300
MTURN,396
PCYOX1L,1485
PHKG1,1164
WNK1,7149
ING2,843
LGI2,1638
LARP1,3291
NEIL3,1818
AKR1B10,951
ADAD1,1731
HBG1,444
ZSCAN21,1422
WDTC1,2034
RSF1,4326
C6,2805
BMPR1B,1509
SENP2,1770
VPS50,2895
PPP1CA,993
VPS72,1095
PHOX2B,945
PIK3R3,1386
TBX10,1158
GLIPR1L2,1035
MMP26,786
ABCA8,4866
ANKRD27,3153
APLP2,2256
PCBP2,1089
MFSD1,1398
PLA2G5,417
AGMO,1338
MRPL32,567
LYSMD1,684
MAP1LC3C,444
EVX1,1224
CARD11,3465
MGLL,942
AASS,2781
CPLX2,405
NPR3,1626
KAT7,1836
WIPF1,1512
GABRP,1323
FTH1,552
P2RY13,1065
CMC1,321
CEP89,2352
PCDHGA6,2799
RIOK2,1659
EXOSC10,2658
RCOR2,1572
CHDH,1785
TEX19,495
NHP2,462
DOCK10,6561
FBF1,3447
CD22,2544
CCDC69,891
TMEM179B,660
GALNTL5,1332
ARFGAP2,1566
LNPEP,3078
RABL3,711
MAP2K4,1200
FSCN1,1482
LGALSL,519
MST1,2178
TMEM176A,708
EIF2AK3,3351
CDKN2AIPNL,351
MAP1B,7407
TMEM107,423
JMY,2967
PPFIA3,3585
ENDOV,849
SEC13,969
FSHR,2088
KCNJ10,1140
ZNF763,1185
PURA,969
BCL2L12,753
GPR155,2613
PCDHGB4,2772
BNIP1,687
NTRK1,2391
URGCP,2796
PC,3537
RHNO1,717
RAI1,5721
TLR9,3099
LMLN,2055
LETMD1,1083
ZNF207,1485
FAM200A,1722
STARD3NL,705
CYP4F2,1563
ZDHHC11B,1116
LAMB2,5397
CDC42SE2,255
GBP3,1788
RAB24,612
DAW1,1248
MSL3B,1071
CGREF1,957
PLA2G4C,1626
LIFR,3294
GUSB,1956
CLEC12A,798
NAA38,378
ITPRID2,3780
UBB,690
PYM1,615
RPAIN,660
PHC1,3015
F2R,1278
MRPS30,1320
LGR6,2904
C1QTNF3,960
TRAPPC6A,480
RAI14,2943
EAF2,783
GAST,306
SYT9,1476
DNAJB8,699
ATP5MC1,411
CMTM8,522
UBL5,222
SLC36A4,1515
DLG1,2682
REX1BD,606
UNK,2433
CD70,582
NECTIN4,1533
ART5,876
CARD8,1614
PHF12,3015
UBE4A,3201
GPR35,930
PHTF2,2256
CR2,3279
LIMS1,1014
C17orf75,1191
ARHGAP30,3306
ANKRD44,2982
ADAMTS19,3642
DDX6,1452
PRPSAP1,1158
EEIG2,1083
RGPD1,5271
TIGD6,1566
KIF20A,2673
DIPK1A,1287
LRATD1,879
CRADD,600
COIL,1731
SLC38A10,3360
ZNF684,1137
PPP1CC,972
DYNC1I1,1887
STAMBP,1275
ANKRD34B,1545
MAPK8IP1,2136
NXPH4,927
ECM1,1623
CUX2,4461
TPPP,660
DDX10,2628
CCL28,384
UQCRFS1,825
PTPN11,1782
ZNF346,885
RCN3,987
TTLL10,2022
NOSIP,906
C12orf50,1245
FAM186A,7056
CCNG1,888
NR2C1,1812
RNF214,2112
LRIG2,3198
SENP3,1725
BRD9,1794
P2RX1,1200
RHOD,633
ABI3,1101
PICALM,1959
OTOP3,1737
HERPUD2,1221
KLF16,759
MFSD11,1350
DMKN,1431
RASGEF1C,1401
DNAH6,12477
SPACDR,621
CSAD,1482
EFCAB10,384
ARL13B,1287
POM121,3750
WDR55,1152
PPOX,1434
GZMA,789
LANCL1,1200
FAM170A,993
PCDHGB5,2772
ZC3HAV1,2709
MRPL36,312
ZBTB38,3588
FAM193B,2469
ACTR3B,1257
C17orf107,573
EME1,1713
ALMS1,12507
PEX12,1080
SLC12A2,3639
WASL,1518
ALOX12,1992
SLC35G2,1239
SENP7,3153
POM121C,2964
AMZ2,1083
ACKR3,1089
PLEK,1053
PFKM,2343
ATG2A,5817
NFE2L3,2085
SRSF2,666
AKAP9,11724
SAP130,3174
SPINK1,240
PCSK1,2262
PDK2,1224
THRAP3,2868
SLCO2B1,2130
PIGZ,1740
ATOX1,207
U2SURP,3090
CHRM2,1401
CDO1,603
BCL7B,609
DUSP3,558
FAM171A2,2481
SH2D2A,1170
CREB3L2,1563
ZNF354C,1665
PCDH1,3714
GH2,654
DPP6,2598
TLX3,876
NUP98,5403
CSF1,1665
RAD54L2,4404
UQCRQ,249
HOXA3,1332
PRAC2,273
PRPF40A,2919
SIMC1,2676
SYNE4,1215
EPO,582
PLEKHH3,2382
SYTL1,1689
ZBTB11,3162
POR,2034
HEG1,4146
CTNNB1,2346
SLC1A3,1629
KRABD2,1233
FKBP10,1749
CRABP2,417
SMIM24,393
ZNF880,1734
TBXA2R,1032
SLC5A9,2046
CREB1,984
ANKRD24,3441
JADE2,2505
CRLF3,1329
C1orf115,429
KLK2,786
SOX9,1530
AFMID,912
LGALS16,429
GTF2H2C,1188
NDUFA7,342
RHPN2,2061
ETHE1,765
NFE2L2,1818
IKBKE,2151
CBARP,2118
COASY,1695
ZNF273,1710
P2RX5,1269
GNGT1,225
ZNF888,2157
TECPR1,3498
PRDX5,645
MAP4K4,4155
RHEX,519
GOLPH3L,858
RTN4RL2,1263
RNF112,1896
TPH1,1335
GPN2,933
EOMES,2118
SLC25A35,903
ZCWPW2,1071
CNTF,603
UNC93B1,1794
CYP3A43,1512
SYT2,1260
ADAT3,1104
DRC3,1572
AP2A1,2868
GNG5,207
ZXDC,2577
IRF6,1404
NCAPD3,4497
TIMM29,783
AXL,2685
ARHGEF37,2028
ARF3,546
LRRFIP2,2166
SREK1IP1,468
GRIA1,2721
SMYD5,1257
SCIMP,438
USP30,1554
STXBP4,1662
POLR2I,378
CNNM3,2124
KLK7,762
RIMOC1,885
MTRFR,501
TBX21,1608
NSUN2,2304
TMEM132B,3252
DEPDC7,1536
KLK10,831
NPLOC4,1827
RASA4B,2412
CLEC2A,525
TDG,1233
PTH2,303
SH2D3A,1731
LRRC32,1989
ITSN2,5094
USP33,2736
PIK3R6,2265
ME3,1815
TMEM176B,813
KRT7,1410
ABHD8,1320
TLCD1,744
EPN3,1899
CEACAM19,900
LGALS13,420
C19orf47,1158
DUSP6,1146
CYB5D2,795
ZNF385A,1101
UBE2S,669
NXPE1,1644
CDC6,1683
PLPP1,855
CA11,987
SIRT4,945
SWSAP1,753
GRWD1,1341
ARL15,615
SCNN1A,2010
VCF1,624
TM4SF20,690
MAD1L1,2157
MTX3,939
APOH,1038
HECW2,4719
SPIB,789
BTNL9,1608
RAB11B,657
RNF43,2352
MTREX,3129
FOXN1,1947
GEMIN4,3177
SRGAP1,3258
DMPK,1890
GLIS1,2388
LMOD1,1803
PPP1R12A,3093
DNAJC27,822
GSDME,1491
KRTCAP3,723
PNKP,1566
POU6F2,2163
SPHKAP,5103
DCDC1,5361
CARTPT,351
RFC2,1065
RPIA,936
SPARC,912
ERGIC2,1134
TMEM151A,1407
PRG2,669
HGS,2334
PLEKHM3,2286
TFPI,915
PIH1D2,948
GCN1,8016
SLF1,3177
GLB1L3,1962
STK31,3060
NACC1,1584
TH,1494
OTULIN,1059
PRR36,4041
TIMM44,1359
PPP1R21,2343
REEP5,570
CAP1,1428
HIPK2,3597
AP1S1,477
SIAE,1572
SP8,1527
RBM33,3513
TBK1,2190
MFAP3,1089
PPFIBP2,2631
DROSHA,4125
CHCHD3,684
SMARCA4,4944
MEPCE,2070
KLHL41,1821
HNRNPA2B1,1026
PELI1,1257
ANKS1B,3858
CYTIP,1080
PGGHG,2214
TTL,1134
SESN3,1479
STK39,1638
COX8A,210
MTMR2,1932
CCDC63,1692
LPCAT3,1464
ARFIP2,1026
HTR2B,1446
MCC,3060
DNMT3A,2739
CDKN2C,507
COXFA4L2,264
ATPSCKMT,702
OAS1,1203
GHR,1917
CEND1,450
PTH,348
PELI3,1410
NFE2,1122
GNB2,1023
IFITM1,378
E2F8,2604
SPATS2,1638
SMG5,3051
CBX8,1170
TXNDC15,1083
PER1,3873
SULT1C4,909
NEU3,1386
ARL14EPL,459
FER,2469
LAPTM4A,702
SLC15A3,1746
DNAJC2,1866
NHERF4,1518
ZFAND2B,774
KCNMB1,576
EMB,984
KMT2E,5577
SWAP70,1758
BLTP3B,4395
FBXW11,1692
PRAC1,174
GPATCH8,4509
ORC2,1734
ZFP62,2703
MYOZ3,756
BECN1,1353
TRIM66,4179
ALDH1L2,2772
PAX4,1056
SLC39A13,1116
SDSL,990
STX1A,867
NAXE,867
IL5,405
TRIM25,1893
APBB3,1461
UBR3,5667
STYXL1,942
LPO,2139
ZBED6,2940
MYCBP,312
GAS2L3,2085
FCRLA,1080
MSANTD4,1038
TUBA1B,1356
CDCP2,1623
TMC6,2418
MCAM,1941
SHISA4,594
GORASP2,1359
HAL,1974
GPER1,1128
MEST,1008
CAMK2A,1470
TMEM127,717
SOAT1,1653
VIL1,2484
FADS1,1506
LRRN2,2142
CFAP90,444
RAB21,678
IL7R,1380
TEX12,372
UTP20,8358
ANO5,2742
XRCC4,1005
SCN3A,6003
ZNF221,1854
PAQR6,1035
EIF2AK1,1893
HSH2D,1059
FAXDC2,1002
ANKRD13A,1773
TMED7,675
MUS81,1656
NDUFS4,528
SRD5A1,780
ZNF512,1704
PRELID1,660
C11orf86,351
SRSF9,666
JAML,1185
LUC7L2,1179
CFHR3,993
TMEM19,1011
RPS27A,471
ARL10,735
PRB2,1251
TMEM267,648
ACACB,7377
TTYH2,1605
SLC44A5,2154
TRIM7,1536
IZUMO2,666
SHKBP1,2124
TEX38,621
IL6ST,2757
SUN1,2358
MNT,1749
DTYMK,639
ARL2,555
FTSJ3,2544
LAYN,1125
PA2G4,1185
CCR7,1137
CRIPT,306
CD82,804
MAP7D1,2523
EFTUD2,2919
RBM42,1443
PPP1CB,984
DPY19L2,2277
LARS1,3531
HTR1D,1134
LONRF2,2265
TM2D1,624
ATCAY,1116
CYBRD1,861
VPS51,2349
C2orf69,1158
DPY30,300
ISOC2,618
CDRT4,459
COA3,321
MS4A2,735
NPTX1,1299
FBXL20,1311
HMBS,1086
TTC32,456
IGSF8,1842
PREB,1254
COX6B2,267
RECQL5,2976
PLEKHG7,2076
RPS16,441
HSP90B1,2412
PEX11G,726
IFI30,753
BCAR3,2478
CAMKMT,972
PPP1R12C,2349
NCL,2133
PRKCA,2019
MAP2K3,1044
DIP2B,4731
CCDC82,1635
HOMER3,1086
ASTL,1296
SPATA3,579
CTNNBIP1,246
RNF180,1779
MRPL33,198
GATAD2A,1905
PLEKHG4B,4884
POLE4,354
RAN,651
WSCD1,1728
KIDINS220,5316
UGT3A1,1572
PDE3B,3339
GHDC,1593
KCNC3,2274
MAP3K1,4539
SLC19A2,1494
USF2,1041
HROB,1941
TRIM17,1434
G3BP1,1401
TROAP,2337
BRD4,4089
NDEL1,1038
SPDYC,825
TOMT,777
CHIA,1431
DAGLA,3129
KANK2,2556
CD1C,1002
C11orf54,948
CCNI2,1110
CAPN8,2112
CXCL14,300
RPAP3,1998
SAP30BP,927
PLCH1,5058
XAB2,2568
SGTB,915
NUDT17,987
PDE3A,3426
CHRND,1554
THG1L,897
CPT2,1977
HTRA2,1377
SUB1,384
S100A7A,306
HHIPL2,2175
LEPROT,396
CPO,1125
YRDC,840
TNR,4077
SLC4A5,3366
TSPAN11,762
RILPL2,636
ZDHHC18,1167
NICN1,642
PPP1R1A,516
TMEM238L,240
METTL2A,1137
TAMALIN,1188
NDUFB2,318
DNAH12,11883
SIRT7,1203
CD27,783
PPIC,639
C1QL4,717
FARSB,1770
ATG101,657
ERCC8,1191
ZNF528,1887
HTD2,507
TAX1BP1,2370
FICD,1377
GPRC5A,1074
AADAC,1200
ZNF571,1830
SPRYD4,624
DENND2B,3414
UNC45B,2790
C3orf70,753
GMPPB,1083
MAT2A,1188
MSX2,804
MLLT1,1680
RASSF8,1260
ANXA6,2022
ZNF101,1311
ZNF765,1572
TSFM,978
SATB2,2202
CBLC,1425
RAB6B,627
KMT2D,16614
ATP13A3,3771
ZNF814,2568
TSKS,1779
TEKT4,1308
GRB7,1599
PLOD2,2277
CERS6,1155
HIGD1C,294
PIP4K2C,1266
MGAT4A,1608
SCN8A,5943
SPMIP9,543
TWIST1,609
PEX1,3852
EIF4G1,4800
ZBTB39,2139
RSRC2,1305
AP3S1,582
CSH1,654
ADGRL2,4410
TRIP12,6204
MOCS2,567
CUEDC1,1161
MYL6B,627
GFRA3,1203
CCL13,297
CEP120,2961
HOXB9,753
KCNAB3,1215
MIS12,618
KBTBD2,1872
CDK5,879
GRB2,654
ZNF268,2844
FOXRED1,1461
PTTG1,609
NT5M,687
PSMD12,1371
PSMD9,672
LIPT2,696
FAR1,1548
NCKAP1L,3384
PCDHGA3,2799
DYNLL2,270
KCNIP1,651
PDE2A,2826
KCNJ12,1302
NSRP1,1677
AGXT2,1545
HOXC5,669
TMEM132C,3327
UPK3BL1,792
ADAMTS20,5733
WIPF3,1452
ZNF282,2016
ZNF277,1353
AATK,4125
CEP83,2106
EVPL,6102
KLHDC10,1329
CPSF4,810
GM2A,582
PPWD1,1941
MPDU1,744
NPFF,342
GATC,411
RNF141,693
TPI1,750
TSSC4,990
SLC26A5,2235
MPZL3,708
CNOT6,1674
DYNC2H1,12924
PDE6A,2583
PUS1,1284
NLK,1584
LIX1,849
CNTN1,3057
SPATA24,618
ALDH3A1,1362
FABP6,387
HOXA9,819
SPINK13,285
TMEM248,945
ALDH7A1,1620
SMAGP,294
ALDH3A2,1458
ATP5F1B,1590
TUFT1,1173
PHF21A,2046
ZNF655,1476
SH3BP5,1368
MAP3K12,2679
TXNDC12,519
HOXC13,993
SLC11A2,1686
LURAP1,720
AIDA,921
FIGNL1,2025
FKBP14,636
RBP2,405
RIT1,660
KCTD16,1287
BRAT1,2466
SKIC3,4695
HRG,1578
SEC22B,648
NUCB2,1263
C1QB,756
VWA5B2,3729
ANKRD65,1200
NBPF12,4374
IFNG,501
ADCY6,3507
GPR37L1,1446
FAM167B,492
FYCO1,4437
RALA,621
AZIN2,1383
NIFK,882
DENND5B,3825
ABHD14A,816
UBE2E1,582
TALDO1,1014
SLC23A1,1797
TCAIM,1491
C5orf24,567
DEUP1,1815
IGSF9,3540
RICTOR,5127
AEBP2,1512
KLHL10,1827
ALDH3B2,1158
CNTNAP1,4155
TRPV2,2295
ANGPTL5,1167
BCAT1,1161
STIM1,2151
PDE12,1830
TP63,2043
ST3GAL4,1002
SLC8B1,1755
OSBPL7,2529
DIAPH1,3819
PBRM1,5115
COP1,2196
PCDHGA1,2796
C2orf80,582
FN3K,930
KLHL42,1518
TNFRSF1A,1368
SLC16A11,1344
FKBP7,669
SEPTIN4,2991
MPV17,531
TBC1D3D,1650
HDAC7,2976
FLCN,1740
PLA2R1,4392
CIP2A,2718
KRT222,888
HIGD1B,300
TRIM47,1917
MOB3C,651
FLNB,7809
CORO6,1419
NEK7,909
RSAD2,1086
CAMKK2,1767
USP40,3711
CYRIA,972
SMPDL3B,1368
PRKAA2,1659
CHRNE,1482
GH1,654
HTATIP2,729
SGCA,1164
ZBED2,657
TIMM8B,252
BAP1,2190
ZNF408,2163
CLEC4F,1770
GALNT18,1824
C2orf49,699
PCARE,3867
PLCD1,2271
PGAP1,2769
ELP4,1275
JPT1,465
CYP4A11,1560
KIAA2012,3546
SP3,2346
TMEM212,585
CSF3,615
UGT1A6,1599
PHC3,2988
CHD3,6003
NDUFV1,1395
TMEM106C,753
MXD1,666
MOB1A,651
RAB40B,837
CALCRL,1386
XIRP1,5532
KLHL18,1725
ATP5MC2,426
COX10,1332
TLCD5,738
SERGEF,1377
DCAF1,4524
PIRT,414
CLEC10A,870
FARP2,3165
ESYT1,3315
MBTD1,1887
TGFBR3,2556
SCGB1A1,276
MXRA7,513
GUCY1A2,2199
TGFBR2,1704
CAPN5,1923
KIF18B,2559
AP2M1,1308
PDC,741
ETV4,1455
MRPL11,579
ZC3H15,1281
EHD1,1605
ELAPOR1,3042
FADS3,1338
ALAS1,1923
RBM43,1074
NCOR2,7545
CAVIN2,1278
ZNF232,1335
AFF3,3681
GOSR1,747
GPR17,1020
METTL18,1119
KCNIP3,771
FCRL2,1527
UBE2L6,462
MPPED2,885
RTP3,699
CD200R1L,753
TMEM201,2001
BCS1L,1260
BOC,3348
INHBC,1059
FDX1,555
RNF34,1119
ATM,9171
SUPT4H1,354
CNPY2,549
PRR11,1083
LGALS9,1068
CDCA3,807
PSMA5,726
C12orf75,192
FKBP2,429
ARPP21,2544
AUNIP,1074
CLEC1B,690
IQCC,1401
MTA2,2007
SMIM10L1,207
HSPB8,591
PMEL,1986
FLAD1,1764
ILK,1359
AGPS,1977
KCNC4,1881
RBFOX3,1080
POLR3C,1605
PPTC7,915
GTF2H3,927
DUS1L,1422
DRC10,1350
ENO2,1305
MAP3K19,3987
RPS6KB2,1449
ARHGEF10L,3840
PSD4,3171
LACRT,417
C17orf50,525
FBXW8,1797
FLOT2,1287
LYG2,639
FEV,717
NRXN1,4524
LRCOL1,480
CLEC3B,609
GNPTAB,3771
POGLUT1,1179
RSKR,1233
PARPBP,1740
TNFRSF13B,882
LUC7L3,1299
GXYLT2,1332
PTH2R,1653
PIK3CB,3213
UGT1A9,1593
LTO1,414
MMP19,1527
ATP5PB,771
OXLD1,444
HAAO,861
EXPH5,5970
AARSD1,1239
FXYD6,288
PARS2,1428
EEA1,4236
RNF181,462
AFTPH,2811
BICDL1,1866
ATP11B,3534
UTP25,2271
ODF4,774
RECQL,1950
MIF4GD,669
RHBDD1,948
FCMR,1173
CEP295NL,1866
TMEM11,579
AHDC1,4812
DRAM1,717
PRKD3,2673
RRP9,1428
CHFR,1959
SART1,2403
ZNF445,3096
GRAMD1C,1989
PARP1,3045
USP36,3372
BIN1,1782
FEZ1,1179
ITGB5,2400
PPY,288
FDXR,1476
CATSPERH,351
THAP12,2286
IL12RB2,2589
B3GNT6,1155
RBM4B,1080
PEX16,1011
STAC,1209
ALG9,1857
HHLA2,1245
IFTAP,666
IL17RD,2220
SLCO1B3,2109
RFNG,996
XNDC1N,705
SATB1,2292
SOCS3,678
MAPK7,2451
OAS3,3264
TARS2,2157
NUP85,1971
SPPL3,1155
GOLGB1,9795
TRIAP1,231
PAWR,1023
MUC15,1086
KIF21A,5025
STK33,1545
HELZ,5829
GADL1,1566
PODXL2,1818
CHMP2B,642
ABHD5,1050
FRS2,1527
SLC25A38,915
IGBP1C,1023
NAGLU,2232
ITPR1,8277
ABCA5,4929
SDF4,1068
CYP2R1,1506
ZDHHC13,1869
PLXNC1,4707
RAB25,642
USP6,4221
BEND5,1266
GLT1D1,1041
TRIM6,1551
SCPEP1,1359
CNST,2178
FAM90A1,1395
WEE1,1941
PXN,3246
AHNAK,17673
HOXB13,855
RAB7B,600
DNAH9,13461
SORL1,6645
PLD6,759
ERN1,2934
TNFAIP1,951
CYB561D2,669
RITA1,810
UTS2B,360
OR1A1,930
VPS26B,1011
MFAP5,522
DYNLT2B,429
CRYZ,990
MRPS22,1083
PRR5L,1107
SHMT2,1515
ATP6V1A,1854
CCDC57,3084
TWF2,1050
FAM76B,1020
CDC25A,1575
PATL1,2313
MYH2,5826
IZUMO1R,753
SLC35C1,1095
SPCS1,309
WDR74,1158
GOLIM4,2091
PLEKHG6,2373
MMP1,1410
CBL,2721
SERPINC1,1395
SLC37A2,1506
ULK2,3111
RAB13,612
DSCAML1,6162
SBNO1,4182
SERPINI1,1233
FOLR1,774
PHLDB2,3762
AVPR1A,1257
CHRDL2,1290
SOAT2,1569
ENO3,1305
KCNJ11,1173
NARS2,1434
CCNL2,1563
MARS1,2703
TUT1,2625
DRAXIN,1050
SVIP,234
FCRL5,2934
ACRV1,798
SAMD14,1254
CNTN5,3303
GIPC2,948
PPP1R9B,2454
HCLS1,1461
EI24,1023
ZNF594,2424
PIGS,1668
PTPN14,3564
GPR156,2445
ANKUB1,1635
PEX5L,1881
NR5A2,1626
LDAH,978
PHB1,819
SLC9C2,3375
BBS5,1026
TAC3,366
SAMD11,2535
MTHFD2,1053
DAZL,888
PLA2G2A,435
PDCD6IP,2607
S1PR1,1149
YEATS4,684
FAM89A,555
EFCAB3,1317
SLAMF6,999
CLEC2B,450
NUFIP2,2088
EIF1,342
TMEM53,834
GIT2,2280
MTA3,1785
LRRC45,2013
FOLH1,2253
FOXP1,2034
MAFG,489
PRCD,165
SDK2,6519
FUBP1,1935
BPTF,8763
ARL14EP,783
GIGYF2,3900
NUP88,2226
IL18,582
ZNF214,1821
B3GAT3,1008
DNAJB13,951
SMIM38,156
GRAMD1B,2634
SEMA4A,2286
SLC38A4,1644
PXMP2,588
ZFP69B,1605
GLYATL1,909
KCTD2,792
SARM1,2175
DAO,1044
CYP2J2,1509
CYB561A3,729
VTN,1437
RPL5,894
RPL23,423
TESPA1,1566
FGF19,651
OR52N2,966
TEFM,1083
PAK1,1638
WRAP53,1647
PTPRO,3651
SMYD3,1287
RRP15,849
CNP,1266
NHSL3,3285
CD7,723
PIGL,759
ARHGEF16,2130
ITIH3,2673
COPS3,1272
SUOX,1638
BTF3L4,477
EPCAM,945
USP4,2892
ZFP69,1581
STEAP3,1497
PJVK,1059
HOXB4,756
SSTR2,1110
DENND1B,2328
CBX4,1683
C17orf113,2028
SGSH,1509
SF3B1,3915
SIGIRR,1233
ACKR5,1215
R3HDM2,2973
FSCN2,1479
HEATR6,3546
LPXN,1161
AQP11,816
ZBTB37,1512
PARVA,1119
METTL25B,1428
KSR1,2787
SC5D,900
TP53I3,999
TSEN54,1581
LRRC71,1680
SLC61A1,1353
DNAJC22,1026
ZNF593,405
MDH1B,1557
KDM4D,1572
CLCF1,678
RPS6KA4,2319
PRPF38B,1641
NAB1,1464
TNRC6C,5811
PRDM4,2406
SRP68,1884
F11R,900
TIMELESS,3627
ZDHHC24,855
ARSG,1578
PROX1,2214
NELL1,2433
SLC30A7,1131
RDH14,1011
STARD3,1338
ASB3,1557
CD1E,1167
ALKBH8,1995
RSRP1,873
BAD,507
EIF2B1,918
SPA17,456
NBEAL2,8265
NSUN4,1155
SP100,2658
BDNF,744
CD4,1377
CHRM4,1440
TCP11L1,1530
ROBO1,4956
DDX23,2463
AMPD3,2304
P3H1,2211
EIF2A,1758
RIMBP2,4089
SPAG9,3966
TAF10,657
WSB2,1215
IL5RA,1263
IL10,537
GRIA4,2709
STAT6,2544
DCUN1D1,780
BTG4,690
CLDN18,786
NADSYN1,2121
TATDN2,2286
NME6,561
MUC1,1428
ZMAT3,870
ISY1,858
ZFTA,2037
TXNDC17,372
AP5B1,2637
DRD2,1332
KCNJ2,1284
DRG2,1095
SYNPR,858
GRM7,2748
TRAF6,1569
C1QTNF5,732
AMBRA1,3897
ABCA12,7788
ACVR2B,1539
FILIP1L,3573
ZIC4,1005
SMYD1,1473
STT3A,2118
CFAP91,2304
AHCYL1,1593
BARD1,2334
LRCH3,2334
ATP5PD,486
DIABLO,720
HOXB5,810
METTL16,1689
TLK2,2253
NFIA,1530
MYEOV,942
NAP1L1,1176
MAP4K2,2463
WDR75,2493
GP9,534
ULK4,3828
ETV3,1539
SPRR3,510
PGD,1452
KANSL1L,2964
ACAA1,1275
ERI3,1014
DGKZ,2787
PKDCC,1482
RETREG3,1401
GLRX2,495
FMO1,1599
SUPT6H,5181
DHCR24,1551
SYPL2,819
TNNC1,486
SH3BP5L,1182
TBX15,1809
KRT10,1755
ABI3BP,5361
GRN,1782
ANGPTL3,1383
DGKA,2208
FAM72C,450
ARPC5,456
CASP4,1134
JRKL,1575
RIN1,2352
RHBDF2,2484
MCOLN3,1662
HARBI1,1050
SLC22A24,1659
PTPMT1,606
HDAC4,3270
SMIM35,258
NAV2,7290
MTERF2,1158
FKBP4,1380
KCNA2,1500
DDX5,1845
PPCS,936
HOXC9,783
SMCO3,678
FGD4,2712
PCGF1,780
LEPR,3498
FBLN7,1320
PRPF19,1515
DBI,264
SLC38A1,1464
UGT1A5,1605
SNX17,1413
MED31,396
RNF167,1053
MB21D2,1476
TNFSF10,846
ATP2C1,2760
SCUBE2,3087
COPZ2,633
CEP350,9354
ERFE,1065
ANKRD36C,6360
XCL2,345
MED19,735
FHIP1B,2919
MALL,462
KLHDC8A,1053
ACYP2,300
RTKN,1692
MS4A4A,720
MRGPRF,1032
NDUFA10,1068
C11orf16,1404
PUS7L,2106
METTL15,1224
NFE2L1,2319
IFT81,2031
VPS13D,13167
LRRC4C,1923
CANT1,1206
MRPL48,639
PTS,438
CCDC60,1653
SRSF10,789
CD59,387
DNM1L,2211
SLC66A3,609
UQCC3,282
CDC42BPG,4656
BCL11A,2508
C2CD3,7062
ZNF692,1560
ATG9A,2520
ST6GALNAC1,1803
CD81,711
PTPN5,1698
PIMREG,717
DNAJC24,450
API5,1575
ERLN,189
RPRD2,4386
MTX2,792
RAMP2,528
BCAS3,2742
PRICKLE2,2535
SLC49A4,1437
ABTB1,1437
FBXO48,468
SP140,2604
CDC42EP2,633
BLOC1S1,462
PLAAT2,489
PSMD4,1134
OSBP,2424
NR4A1,1797
CENPX,246
CHID1,1182
YEATS2,4269
RPA1,1851
TMBIM4,717
LAMTOR2,378
NAGS,1605
POLR2D,429
PLCD3,2370
C12orf71,810
LTBR,1308
DDX18,2013
LRRC3B,780
SERPINI2,1218
THPO,1062
GTF2A1L,1437
CSTA,297
SPHK1,1155
MAPKAPK5,1416
ALDH1L1,2709
TMEM87B,1668
USP43,3372
EMC1,2982
TSGA10,2097
TSPAN10,1068
NT5C,606
FGF6,627
TMEM25,1101
RAD51C,1131
NAA25,2919
PSMC5,1221
BABAM2,1152
DEPDC4,1491
ANO9,2349
PPP4R2,1254
NCAPD2,4206
KRABD1,387
NARF,1371
SMARCC1,3318
CEP57,1503
PTPN22,2424
DES,1413
LMO1,471
TOP2A,4596
CORO1C,1425
AASDHPPT,930
ACAT1,1284
TRAPPC1,438
SFPQ,2124
TBX2,2139
SLFN12L,1839
CCDC43,675
RUNDC3A,1341
FAM72B,450
MRE11,2127
AK4P3,672
TMEM116,1014
HDAC1,1449
CHMP6,606
FAM222B,1689
ITGA4,3099
PTPN23,4911
MPP2,1659
DISP3,4179
PLGLB1,291
CSRNP1,1770
GOLGA3,4497
KDM1A,2631
CFAP65,5778
RRM1,2379
IP6K2,1281
KANSL3,2637
TMEM79,1185
RPUSD4,1134
ABCA9,4875
CFAP57,3753
PCF11,5061
CDK5R1,924
VWCE,2868
ADCY10,4833
RYK,1824
RESF1,5244
VPS29,549
CTPS1,1776
CCDC13,2148
TMPRSS4,1314
NACA,6237
FEZ2,1062
TTC21A,3942
PPP1R15B,2142
MTMR11,2130
RAMP1,447
HRH1,1464
IGFBP2,978
RBP1,594
TOGARAM2,3060
SLCO2A1,1932
NCKAP5,5730
PEX14,1134
SIDT2,2499
KCNS3,1476
AMMECR1L,933
DCTN2,1206
DDX1,2223
RAB6A,627
ULK1,3153
PLEKHG5,3021
ARL6IP5,567
CAPS2,1674
NLRP6,2676
TMEM108,1728
DPP3,2214
ACAP2,2337
RFC5,1023
SLC51A,1023
SRPRB,816
GABPB2,1347
NAA50,510
KCNJ1,1119
TARBP2,1101
ABHD6,1014
ROBO4,3024
FCGR3B,702
UGT1A8,1593
TMEM178A,894
EIF5B,3663
FABP3,402
TAFA1,402
NR2C2,1791
SOX5,2292
MISFA,180
LAPTM5,789
RPLP2,348
EGR4,1461
GAREM2,2625
ANKRD28,3252
PAN2,3597
HPX,1389
CD86,990
IARS2,3039
XPC,2823
FAM124B,1368
QPCT,1086
CCKBR,1344
UBA7,3039
SLC5A7,1743
NXPE4,1635
PTRHD1,423
PTCD3,2070
CNGA4,1728
TMEM200B,924
SLC22A11,1653
NOTCH2NLA,711
DPAGT1,1227
RNFT2,1335
SPRING1,618
YAF2,543
PTX3,1146
GRK7,1662
FAM107A,435
VPS37B,858
HIPK3,3648
MGST1,468
CDC42BPA,5265
MLH1,2271
ETV6,1359
FOXN4,1554
PKP4,3579
LPAR5,1119
RASAL1,2418
KCNN3,2196
CHCHD5,333
ASDURF,291
RANBP2,9675
TESC,645
RPS6KC1,3201
CCNT1,2181
CDCA7,1353
KRR1,1146
RAPGEF4,3036
GPR84,1191
MRPL3,1047
CD5L,1044
GNAT1,1053
TEX55,1611
VGLL3,981
C2orf76,381
RER1,591
ATR,7935
ACTR2,1185
ERICH2,1311
PDE11A,2802
MAP4,6891
ECE1,2313
MRPL44,999
HOXD8,873
MZT2A,477
GMPPA,1263
KLHL20,1830
TIGD3,1416
GAL3ST3,1296
ZBTB16,2022
ANKRD13D,1818
KDM4A,3195
STRADB,1257
UBIAD1,1017
CASP1,1215
VCAM1,2220
P4HA3,1635
HS2ST1,1071
C1orf198,984
CSRNP3,1758
SBF2,5550
TLCD4,792
GPC1,1677
DENND2C,2787
TTN,107976
DR1,531
S100A11,318
ARHGAP42,2625
CYP4X1,1530
LDHC,999
DNALI1,777
TM4SF19,630
NMNAT3,759
TMEM216,438
FAM162A,465
MS4A7,723
ZPLD1,1248
GLT8D1,1116
NRGN,237
TMEM45B,828
PACSIN3,1275
PLEKHO1,1230
EXO5,1122
GBP1,1779
DVL3,2151
RIC8A,1596
CD48,732
AAMDC,369
SLC41A1,1542
CTDSPL,831
CTRC,807
DKK3,1053
COPB2,2721
CSRP1,582
ROPN1B,639
TKT,1872
ADAR,3681
GCKR,1878
KDM2A,3489
KCNH8,3324
NR4A2,1797
GHRL,354
RPP14,375
SLC25A45,867
SELENOK,285
ALPG,1599
PSMD6,1170
ADAM23,2499
CABP2,663
UMPS,1443
CPT1A,2322
MMP27,1542
CLDND1,762
LGR4,2856
POMGNT1,1983
THUMPD2,1512
FCHSD2,2223
FASTKD2,2133
LZTFL1,900
LRRTM4,1773
C2orf42,1725
ZFP91,1713
FANCD2,4356
ZBED5,2082
OBSL1,5691
SDHD,480
GGPS1,903
TRIM5,1482
HMGCS2,1527
CATSPERZ,603
MS4A4E,996
PPP2R1B,1806
EHD3,1608
TMEM183A,1131
FOXI3,1263
XIRP2,10650
TRNT1,1305
IL36G,510
CHRNA1,1374
SERPINH1,1257
ADAMTS4,2514
SETMAR,2055
ASAP2,3021
CP,3198
SLC30A10,1458
TMEM61,633
TP53BP2,3405
HDLBP,3807
STRIT1,108
CCDC51,1236
AGO1,2574
STT3B,2481
MED8,807
ARV1,816
DHFR2,564
WDR48,2034
OR8G5,936
AMY1C,1536
ANGEL2,1635
DZIP3,3627
CHML,1971
TGFB2,1245
MYOC,1515
ZBTB20,2226
MACF1,22668
BTLA,870
STRIP1,2514
SUSD5,1890
CAV3,456
CCDC80,2853
DPPA4,915
SRSF4,1485
P4HTM,1509
EXOC6B,2436
RFC4,1092
POC1A,1224
RMDN2,1233
IL1RAP,1713
PTPRN,2940
CDK11B,2349
PAK2,1575
TBL1XR1,1545
TSN,687
PPP3R1,513
RUFY4,1716
YIPF4,735
BOLA1,414
DNAI4,2547
PROK2,390
EAF1,807
SPATA6,1467
CCNYL1,1080
ZNF148,2385
DUSP28,531
LRP1B,13800
SGPP2,1200
MFSD2B,1515
CRACDL,2889
ETAA1,2781
SPRED2,1257
SRSF11,1455
MRPL53,339
HADHB,1425
TUSC2,333
NMD3,1512
PSMB4,795
POLR2H,453
DYNC1LI1,1572
APCS,672
BLACAT1,102
PARP14,5406
PEF1,855
SCHIP1,1464
POLR3GL,657
IL12A,660
SPINK8,294
EIF1B,342
LRRC31,1659
CCDC50,1449
CD47,972
FMO5,1602
TOMM70,1827
RNF123,3945
EIPR1,1164
USP39,1698
LRRC42,1287
SLC30A1,1524
TRABD2A,1518
GSTM1,657
MYO1B,3411
CRNN,1488
KLHL40,1866
NISCH,4515
FCGR2B,933
FGD5,4389
ADORA3,957
CD1B,1002
CMPK1,687
ERC2,2874
C8B,1776
ATP13A4,3591
CCDC71,1404
EPHA6,3393
ODF2L,1935
AZI2,1179
SUPT7L,1245
VILL,2571
RGS8,543
SFXN5,1023
TDRD5,3108
ANKRD45,801
C3orf18,489
MAP3K6,3867
IL1A,816
LRRC34,1395
CATSPERT,5463
SMCO1,645
CD200R1,1047
ZNF892,1569
TMF1,3282
PHOSPHO2,726
MERTK,3000
CFAP44,5565
DYNC2LI1,1056
RPSA,888
MINDY1,1410
REEP1,855
SEMA3F,2358
ACOXL,1743
CD244,1098
IHO1,1785
NDUFAF3,555
UBR4,15552
PPM1L,1083
SULT6B1,912
CPN2,1638
CIMIP5,489
LHCGR,2100
PHF7,1146
ATOH8,966
ANKMY1,3093
APEH,2199
S100A7,306
UBXN10,843
BRINP2,2352
ACVR2A,1542
ICA1L,1449
RHCE,1254
RNF13,1146
CYP1B1,1632
SNORC,366
PDCL3,720
RPL31,378
GJA4,1002
HYCC2,1761
NDUFS2,1392
PRKCD,2031
TMEM167B,225
NFU1,765
TSNAX,873
TMEFF2,1125
ANTXR1,1695
HESX1,558
PIK3R4,4077
ADD2,2181
PTPRF,5724
CEP70,1794
IAH1,747
SCN1A,6030
PTAFR,1029
LYPD1,426
MTIF2,2184
MYD88,891
WWTR1,1203
GPBP1L1,1425
SLC12A8,2145
PIGF,660
CNR2,1083
CCDC28B,603
LTF,2133
TRMT13,1446
SPEG,9804
CALM2,450
PLA1A,1371
DNASE1L3,918
TBCE,1584
EPB41L5,2202
FBXO45,861
COL7A1,8835
RSRC1,1005
LNPK,1287
CYB561D1,690
OR2B11,954
SLC25A34,915
TET3,5388
MANEAL,1374
HEATR5B,6216
PRKCE,2214
CCT3,1638
ITGAV,3147
ABCC5,4314
TRNAU1AP,864
FBXO28,1107
PSME4,5532
SETDB1,3879
DIPK2A,1293
LSM3,309
NKIRAS1,579
APLF,1536
ZNF654,3387
TMEM40,702
ILKAP,1179
ZBTB8OS,504
ARMC8,2022
FAM72A,450
PARD3B,3618
FMOD,1131
DPH2,1470
SEMA4F,2313
TMEM18,423
MACO1,1995
CIAO1,1020
TRIM11,1407
KDM3A,3966
WNT9A,1098
REG4,477
RAB5A,648
NBPF9,3336
B4GALT4,1035
ITGA6,3222
IFI44,1335
VWC2L,669
ANO7,2640
IQCJ,339
IPP,1755
TRIM54,1077
C3orf52,654
ATXN7,2679
NUAK2,1887
PDK1,1311
SLC6A20,1779
MRPL47,753
KHK,897
MAPKAPK3,1149
LGALS8,954
TLX2,855
MRPL19,879
LPIN1,2781
ZIC1,1344
ANAPC13,225
TRAT1,561
ST3GAL6,996
RORC,1557
ATIC,1779
SERINC2,1368
OR10K1,942
FCRLB,1281
SNRPE,279
ANKRD39,552
ZFP36L2,1485
GDF7,1353
IL1B,810
GLI2,4710
PDE4DIP,7239
CPB1,1254
SERTAD2,945
ODC1,1386
EMC3,786
TRPC1,2382
OGG1,1038
ORC4,1311
DFFB,1017
DLEC1,5268
PRG4,4215
CCDC121,837
TTC7A,2577
PARL,1140
ATP2B4,3618
STAB1,7713
LBR,1848
AGBL5,2661
CENPA,423
SLC30A3,1167
SLC25A20,906
IL36RN,468
TMEM63A,2424
GRB14,1623
RUBCN,2919
CPA3,1254
EDAR,1347
CAMP,513
TREX1,945
SUMF1,1125
MSH2,2805
NEK4,2526
TIE1,3417
ZNF662,1281
PIGK,1188
HJURP,2247
HSD3B2,1119
KIF9,2373
CUL3,2307
RASSF5,1257
ADORA1,981
SELP,2493
CFC1B,672
TXNDC9,681
UROC1,2031
HOXD10,1023
IL37,657
MELTF,2217
CIRSR,1353
AKR1A1,978
FTCDNL1,417
NR1I2,1305
AUP1,1233
SHISA5,723
CDC73,1596
SNRK,2298
MXRA8,1329
DCP1A,1749
SIX2,876
CAPN9,2073
RGPD2,5271
MST1R,4203
PKP1,2181
PREPL,1917
PEX11B,780
CCR9,1110
CNTN4,3081
CEP63,2112
C1orf174,732
FAM177B,477
MBD5,5184
EIF2B3,1359
UQCC5,213
RFX8,1422
IL17RC,2163
ARID5A,1785
TRMT1L,2202
IL1R2,1197
FNDC5,783
UGP2,1527
UQCRH,276
SPRR2B,219
TOMM40L,927
EIF2B4,1572
CAPN2,2103
FPGT,1785
GUK1,657
CMPK2,1350
SDC1,933
PFN4,390
ACSL3,2163
TBC1D5,2454
ATP6V1B1,1542
MTHFR,1971
LIMS2,1026
AGTRAP,480
SLC30A2,1119
GMPS,2082
ACP1,477
CLASP2,4521
GNB1,1023
RBM45,1425
DHRS9,960
MYT1L,3561
SLC2A2,1575
ACKR4,1053
THUMPD3,1524
WDR12,1272
ACTA1,1134
LRP2,13968
MTF1,2262
NPHP4,4281
HNRNPA3,1137
SMIM12,279
SLC2A5,1506
TTC22,1710
DHRS3,909
EML4,2946
ENAH,1713
HMGN2,273
CCDC142,2253
TRIM62,1428
EFEMP1,1482
FYB2,2187
RIIAD1,279
MFSD2A,1593
PTPN18,1383
AVPR1B,1275
SLAMF8,858
ARID1A,6858
YPEL5,366
MATN3,1461
NME7,1131
SLC9A2,2439
SCG2,1854
OR6B3,996
PID1,654
PKN2,2955
SUCLG1,1041
CTDSP1,786
MORN1,1494
MFF,876
CACHD1,3825
RD3,588
C1orf232,561
DUSP23,453
PRRC2C,8697
PUSL1,912
VASH2,1068
C1orf122,333
CYB5R1,918
LYPD8,714
IL24,621
STK36,3948
KIFAP3,2379
VPS54,2934
FBXO44,768
PRKRA,942
DPT,606
QSOX1,2244
HPCAL1,582
TSTD1,348
ADSS2,1371
MRPL24,651
DNAJB2,975
TAS1R3,2559
TMEM234,423
PMS1,2799
CD164L2,525
RNF115,915
TXNIP,1176
RUSC1,2709
MEGF6,4626
SYT11,1296
BRDT,2844
RAB11FIP5,3975
GMEB1,1692
ALK,4863
ZC3H12A,1800
MASP2,2061
FABP1,384
PPM1G,1641
TNNT2,897
SNED1,4242
CENPO,903
NXPH2,795
MYO3B,4026
SPDYA,942
SH3BGRL3,282
SPATS2L,1677
TRAF3IP3,1656
SELE,1833
CHIT1,1401
LRRC8D,2577
PIK3C2B,4905
TDRKH,1686
MIA3,5724
ELOA,2319
KLHDC9,1050
MAP3K21,3111
TRPM8,3315
SPR,786
FAP,2283
FAM178B,2040
ACADL,1293
FMO4,1677
EPC2,2424
TPO,2802
MKNK1,1239
TBR1,2049
ECEL1,2328
CDK18,1425
ANKRD23,918
INSIG2,678
GCFC2,2346
DAB1,1668
HOXD1,987
ERBB4,3927
R3HDM1,3405
SGIP1,2487
NOS1AP,1521
TYW5,948
LRIF1,2310
UROD,1104
RABL2A,690
GBP7,1917
KDF1,1197
CARF,2178
DIO1,750
NR0B2,774
TNNI1,564
DENND4B,4491
IRS1,3729
RALB,621
FMO2,1608
FAM110C,966
CLCA2,2832
CD8B,633
RNF220,1701
IKZF2,1581
KCNQ4,2088
SNRNP200,6411
PHACTR4,2109
DNAJC6,2913
CKAP2L,2238
MAL,462
IMP4,876
GNG12,219
SMIM39,171
RGPD3,5277
SCRN3,1275
SLC44A3,1962
FMNL2,3279
RGS7,1488
GALNT3,1902
COLGALT2,1881
CXCR4,1059
GPR75,1623
REG3G,528
HECTD3,2586
MEIS1,1173
DDI2,1200
HOXD4,768
TNS1,5520
RBBP5,1617
AKIRIN1,579
RABIF,372
CDC42,576
GJC2,1320
LSM10,372
TRAF3IP1,2076
LZIC,573
OR2L13,939
NDUFB3,297
CD58,753
TUBA4A,1347
OTUD3,1197
WDR77,1029
NEB,25578
EFHD2,723
EPS15,2691
VSNL1,576
SRD5A2,765
ST3GAL5,1257
MPZ,747
EDEM3,2799
IHH,1236
TGFA,483
CASP8,1440
GALNT2,1716
CADM3,1197
MR1,1026
MROH2A,5025
NEMP2,1254
SCN9A,5967
MFN2,2274
ITM2C,804
KLF7,909
ECRG4,447
HS1BP3,1179
POMC,804
FHL2,840
LHX4,1173
HMGB4,561
GNG4,228
ZBTB8B,1488
EFNA4,606
NID1,3744
DPP10,2391
CLCN6,2610
SPTBN1,7095
NGF,726
NBPF20,16938
PIGC,894
PRUNE1,1362
UBXN11,1563
SLC8A1,2922
CD8A,708
OSGEPL1,1245
PDZK1IP1,345
ATPAF1,987
SCN7A,5049
POLR1A,5163
CRTC2,2082
STK16,918
USP34,10641
MAD2L2,636
AP1S3,465
RPS7,585
SOCS5,1611
PPIG,2265
ZBTB7B,1620
E2F6,846
DISC1,2565
EHBP1,3483
LYG1,585
RNPEPL1,2178
XCL1,345
LAX1,1197
DIRAS3,690
SYDE2,3585
RCAN3,726
NOTO,756
HSPD1,1722
C1orf87,1641
DEGS1,972
VPS45,1713
NEURL3,789
SPEGNB,717
REG1B,501
RRM2,1170
F5,6675
NOTCH2NLB,750
CRP,675
FAM161A,2151
AK4,672
NGEF,2133
TEX35,702
PROC,1386
CAMTA1,5022
DNAJC11,1680
BROX,1236
MOGS,2514
IL18R1,1626
SELENON,1671
BOK,639
OMA1,1575
ARHGEF33,2613
CYS1,477
GKN2,555
KCNJ3,1506
ERLEC1,1452
FNDC4,705
SCTR,1323
TAS1R1,2526
EFR3B,2454
AIM2,1032
ATG4C,1377
SH3YL1,1029
RPE,687
TXLNA,1641
ABHD1,1218
BIRC6,14574
NRDC,3456
CTLA4,672
NRP2,2781
CERKL,1599
SSB,1227
FAM228B,975
ARHGAP15,1428
CAD,6678
MORN2,456
ANKRD30BL,777
RBMS1,1221
SP110,2142
CA14,1014
C1orf53,438
ZNF691,948
MARCO,1563
DESI2,585
LPGAT1,1113
CDK15,1308
MYCL,1095
ATF2,1518
CD34,1158
PSRC1,1002
DTNB,1884
MUL1,1059
LMO4,498
UCHL5,987
TNFRSF8,1788
CAMK1G,1431
PLA2G2C,450
MPHOSPH10,2046
HP1BP3,1662
WDCP,2166
MTLN,171
ANKAR,4305
PPIL3,486
SASS6,1974
ZNF670,1170
SF3B4,1275
ISG20L2,1062
WNT3A,1059
SH3RF3,2649
PAX3,1455
HNRNPU,2478
FRZB,978
LRPPRC,4185
TMEM35B,465
LMX1A,1149
C2orf81,1848
UBXN4,1527
GPSM2,2055
EFHD1,720
HOXD13,1032
KLHL29,2628
PLEKHH2,4482
GLMP,1221
HIBCH,1161
CLCNKB,2064
C2orf15,276
FKBP1B,327
SHC1,1755
RASGRP3,2073
PSMD14,933
MRPL35,567
PINK1,1746
CCL20,291
RNF144A,879
SRM,909
MAB21L4,1344
MNDA,1224
CCDC88A,5616
PRCC,1476
C1orf226,819
CACYBP,687
AGRN,6138
HTR6,1323
GBP5,1761
CRYBG2,4986
TDRD10,1056
RWDD3,804
PHTF1,2289
ARHGAP25,1941
H3-3A,411
CEBPZ,3165
LCT,5784
TNFRSF18,726
SLC39A10,2496
PHLDA3,384
MAGI3,4446
GORAB,1110
FCRL3,2205
RASAL2,3843
SLC20A1,2040
MARK1,2388
RNF103,2058
ROCK2,4167
ARL8A,561
PRDX1,600
FAM98A,1557
CNIH4,420
RAB10,603
MBOAT2,1563
EIF2D,1755
NPPC,381
FAM237A,546
ARL5A,540
CPTP,645
MAP2,5484
CZIB,483
ZNF669,1137
FCGR2A,954
ABCB10,2217
DOCK7,6423
SLC38A11,1389
DCTN1,3837
TSEN15,516
WARS2,1083
FAM228A,621
AADACL3,1224
GALNT13,1671
LYST,11406
RAPH1,3753
ODR4,1365
FBXO11,2784
BUB1,3258
UBAP2L,3264
ITGB6,2367
SLC67A2,1425
CASP10,1569
RGPD5,5298
ORMDL1,462
CPSF3,2055
NCKAP1,3387
PLXNA2,5685
IGSF21,1404
DRC8,489
CNN3,990
AKR7A3,996
FBXO36,567
EPHA2,2931
SMC6,3276
HSD3B1,1122
CEP104,2778
NIF3L1,1134
PARK7,570
QTMAN,1377
TENT5B,1278
INKA2,894
KHDC4,1845
MRPL55,387
VIT,2082
SULT1C3,915
GEN1,2727
HS6ST1,1236
NOP58,1590
CELF3,1398
GUCA2A,348
TAF5L,1770
WDR54,1005
GPA33,960
GPATCH2,1587
RGS16,609
CLK1,1455
TTF2,3489
CFHR1,993
VRK2,1527
DCLRE1B,1599
PIGV,1482
GSTM4,657
SLC39A1,975
GLMN,1785
PABPC4,1983
DRC1,2223
VAX2,873
PIKFYVE,6297
AMY1B,1536
PLA2G2D,438
MMACHC,849
PATJ,5649
INHBB,1224
PTPN4,2781
UCK2,786
CAPZA1,861
ELMOD3,1146
RNF2,1011
PEX19,900
LIX1L,1014
CHI3L1,1152
DISP1,4575
ZBTB48,2067
UXS1,1278
ZYG11B,2235
RGS13,480
MRPL20,450
PEX13,1212
ABCA4,6822
ATG4B,1182
PAX7,1518
MTR,3798
MAEL,1305
HLX,1467
B3GALT2,1269
SPRR2A,219
EYA3,1722
WNT10A,1254
TRMT61B,1434
PER3,3633
KRCC1,780
CRYBA2,594
COL6A3,9534
HORMAD1,1185
DARS2,1938
WDR64,3276
REG1A,501
DCAF8,1794
CROCC2,4962
D2HGDH,1566
B3GNT7,1206
CNNM4,2328
RFTN2,1506
EIF4E2,738
PAIP2B,372
ABCD3,1980
CD8B2,633
SLC4A10,3357
RNASEL,2226
FOSL2,981
C1orf141,1203
NABP1,615
TAF13,375
AMPD2,2478
ERCC3,2349
ETNK2,1161
SLC35E2B,1218
LRRC39,1008
TRIM67,2352
AAMP,1305
EPHB2,2961
ZSCAN20,3132
ZBTB17,2412
TTC27,2532
INPP1,1200
WDR47,2760
PMF1,618
TRIM58,1461
CIMIP2C,606
ALPL,1575
UNC80,9975
SH3BP4,2892
MMADHC,891
NIT1,984
FAM151A,1758
GBP6,1902
CD160,546
PRKAG3,1470
CCDC17,1869
KYAT3,1365
MTERF4,1146
NBPF14,8967
GYPC,387
CHMP3,669
C2CD4D,1062
NFASC,3723
RETREG2,1632
GNLY,438
HES6,675
HSD17B7,1026
COPS8,630
SEC16B,3183
LY75,5169
FHL3,843
COPS9,174
ACVR1,1530
TMEM39B,1479
AGMAT,1059
GCLM,825
MSTO1,1713
AGAP1,2574
NAGK,1035
TNNI3K,2508
EML6,5877
MGAT5,2226
KLHL23,1677
CEBPZOS,243
HEYL,987
POGZ,4233
STAT1,2253
DNAJC8,762
BCL2L15,492
FNDC7,2202
PHC2,2580
ACBD3,1587
MMP23B,1173
MAPKAPK2,1203
YY1AP1,2253
WBP1,810
TCF23,645
SEMA4C,2502
CD207,987
IL1RL1,1671
SMAP2,1290
ACTR3,1257
PLPPR5,966
FAM72D,450
CHD1L,2694
KYNU,1398
ST6GAL2,1590
NYAP2,2160
CNRIP1,495
CDC42EP3,765
CIB4,558
SLC4A1AP,2229
SLC16A14,1533
MOB4,678
OTOF,5994
IVNS1ABP,1929
DRC11,2469
CNTNAP5,3924
STPG4,747
EPHX1,1368
BMPR2,3117
SLC9A4,2397
TANC1,5586
PPP1R1C,330
SLC35F6,1116
RGPD8,5298
EIF4G3,4926
PRADC1,567
RHOQ,618
LBH,318
C2orf72,888
POLR1B,3408
USP37,2940
S100A9,345
C1orf216,690
PBX1,1293
ADAMTSL4,3225
ZMPSTE24,1428
MIB2,2868
SLC5A6,1908
C1D,426
CFLAR,1443
CCDC138,1998
STAT4,2247
DLX2,987
PAX8,1353
TIMM17A,516
ZNF593OS,192
S100A12,279
TNFRSF9,768
ZMYM1,3429
DIS3L2,2658
ASH1L,8895
TRIB2,1032
SLC3A1,2058
TTC4,1164
MRPS14,387
CREG1,663
RALGPS2,1752
CPS1,4503
ATF6,2013
TOMM20,438
TMEM52,630
PRDM2,5157
HIVEP3,7221
KLHL17,1929
NEK2,1338
SDC3,1329
CHRNB2,1509
CYB5RL,948
APH1A,798
RNPEP,1953
BCL10,702
FAM131C,843
REG3A,528
IL23R,1890
B3GALT1,981
LOXL3,2262
PBXIP1,2196
USP1,2358
SF3B6,378
GTF3C3,2661
FBLIM1,1122
DNER,2214
SSR2,552
FZD5,1758
NDUFAF7,1326
SPAG17,6672
CDA,441
GCA,654
EVA1B,498
VWA1,1338
FCN3,900
RMND5A,1176
INTS11,1803
XRCC5,2199
UGT1A4,1605
GCG,543
LRRTM1,1569
SIX3,999
IL1R1,1710
KCNK12,1293
CCDC74A,939
KCTD3,2448
IWS1,2460
C1orf35,792
NCAPH,2226
TYW3,780
H2BC18,381
NVL,2571
SYT14,1725
RAB17,639
PDE4B,2211
C1orf56,1026
RIMKLA,1176
HOOK1,2187
GCC2,5055
ARTN,663
THAP3,720
CNOT11,1533
LAMTOR5,276
NDUFS5,321
MAP3K20,2403
FCRL6,1305
CERS2,1143
DARS1,1506
CHRM3,1773
SPATA46,786
MAST2,5397
UGT1A1,1602
METTL5,630
NBPF3,1902
PAPPA2,5376
NPR1,3186
STON1,2208
GPBAR1,993
ATL2,1752
FCER1G,261
DNM3,2592
HK2,2754
KCNK2,1281
KLHL30,1737
ATP1B1,912
UBE2E3,624
EPRS1,4539
MLPH,1803
SMYD2,1302
RBBP4,1278
FCGR3A,765
DBT,1449
MFAP2,552
MFSD6,2376
CNPPD1,1233
ZBTB18,1596
USF1,933
PTCH2,3612
CLASP1,4680
PEX10,981
SYT6,1533
DRAM2,801
PALMD,1656
NHEJ1,900
MTOR,7650
FAAH,1740
TMEM275,534
SCNN1D,2409
KIRREL1,2274
RGS18,708
TTC13,2583
BCL9,4281
AKNAD1,2511
ITGA10,3504
SLC6A9,1902
CFAP74,4920
CGN,3612
NBPF11,2598
NCDN,2190
S100A2,297
SLC9A1,2448
URB2,4575
VTCN1,849
C1orf52,549
ST7L,1728
BSND,963
PAFAH2,1179
NOL9,2109
CELA2B,810
RPS27,255
NUP210L,5667
SELENOF,498
MTF2,1782
ALG6,1524
SRGAP2B,1380
DUSP12,1023
BCAS2,678
RPL11,537
RSPO1,792
TSACC,378
SH2D1B,399
CNKSR1,2142
SRGAP2C,1380
WDR3,2832
BNIPL,1074
CENPS,417
GPR161,1590
ALDH9A1,1557
TRIM45,1743
RXRG,1392
AK2,720
DEPDC1,2436
CIMAP3,576
ORC1,2586
GPR3,993
CFAP107,585
OSCP1,1140
S100A14,315
DDR2,2568
ADGRL4,2073
PLOD1,2184
PYHIN1,1479
TMEM125,660
KIF17,3087
SCCPDH,1290
RCSD1,1251
CTXND2,168
RAB3B,660
SPOCD1,3651
USP21,1698
PLPPR4,2148
C1orf146,543
SPATA45,297
HCRTR1,1278
YIPF1,921
SNAPIN,411
SPRR1B,270
CD247,495
REN,1221
RHD,1254
S100A3,306
ZYG11A,2280
TPR,7092
SWT1,2703
TMEM54,669
CASQ1,1191
LCE2D,333
AMY1A,1536
BMP8B,1209
UBE2J2,780
APOA2,303
GRHL3,1809
RHBG,1377
S100A4,306
ZMYM4,4647
ACOT7,1113
IPO9,3126
PCSK9,2079
TCEANC2,627
PDPN,489
PRELP,1149
GJB3,813
COA6,468
RBM8A,525
SYCP1,2931
SVBP,201
PPFIA4,3624
FIRRM,2562
UBE2U,954
LRRIQ3,1875
MRTO4,720
YARS1,1587
CYP4B1,1539
AXDND1,3039
RPF1,1050
TRABD2B,1554
VANGL2,1566
NOC2L,2250
PRRX1,738
F3,888
PDIK1L,1026
SCNM1,693
FDPS,1260
SUSD4,1473
PYGO2,1221
SAMD13,309
TMEM69,744
CENPL,1035
COL24A1,5145
KIF2C,2178
TTLL7,2664
PGLYRP3,1026
TIPRL,819
TMEM240,522
UTS2,375
ZBTB40,3720
SV2A,2229
SELENBP1,1419
COL11A1,5421
MRPL37,1272
MROH7,3972
CDC42SE1,240
STK40,1308
LIN9,1629
SPSB1,822
RAB29,612
SCYL3,2067
ELAVL4,1101
FGR,1590
CTTNBP2NL,1920
KANK4,2988
STMN1,450
XPR1,2091
LPAR3,1062
ZZZ3,2712
PEAR1,3114
NLRP3,3105
DDX59,1860
THEM4,723
SPRTN,1470
C1orf50,600
ALX3,1032
ZBTB8A,1326
KCNH1,2970
CD53,660
GPX7,564
UHMK1,1260
RAD54L,2244
DPH5,858
TOE1,1533
UBE2T,594
LRRC7,4728
HPCA,582
SCMH1,2013
GALE,1047
GPR88,1155
SLAMF1,1008
ADIPOR1,1128
BRINP3,2301
ZNF124,1056
TOR3A,1194
CCDC163,438
CCDC18,4368
TADA1,1008
LAD1,1554
AGT,1431
GPATCH3,1578
PRPF38A,939
ASPM,10434
MPZL1,810
EPHA8,3018
CLCA4,2760
ZNF362,1263
NSL1,846
RAVER2,2076
MAN1C1,1893
EIF3I,978
TRIM46,2280
MRPS21,264
DDX20,2475
VWA5B1,3648
SLC16A4,1464
C1orf159,597
SPRR2D,219
FAM163A,504
FCGR1A,1125
LRP8,2892
SLC25A44,945
ESRRG,1377
C1QTNF12,909
CFHR4,1737
IFNLR1,1563
NOTCH2NLC,882
DNASE2B,1086
PLEKHN1,1836
RNPC3,1554
PMVK,579
HFM1,4308
ARHGAP29,3786
LRRC41,2439
GPR89A,1368
EBNA1BP2,921
SLC1A7,1683
CHD5,5865
AK5,1689
KCNJ9,1182
MAB21L3,1089
IVL,1758
ERMAP,1428
PRSS38,981
FAM110D,816
GLUL,1122
INAVA,1737
BTBD8,5379
YBX1,975
AGBL4,1512
CLCA1,2745
DNAJB4,1014
IBA57,1071
C1orf210,342
MAN1A2,1926
CEPT1,1251
ATAD3B,1947
CTBS,1158
OVGP1,2037
SLC35D1,1068
FCRL1,1290
IFFO2,1554
NTPCR,573
GJB5,822
ATXN7L2,2265
SPATA17,1086
SH3D21,2271
DENND2D,1416
CCDC30,2817
GCSAML,408
MYOM3,4314
NT5C1A,1107
DCAF6,2856
MOV10,3012
ZNF687,3714
JMJD4,1254
VANGL1,1575
SEMA6C,2793
OAZ3,708
ATP1A1,3072
TMEM222,627
CHTOP,747
DEDD,957
RPL22,387
NTMT2,852
RERE,4701
ATP13A2,3543
CD1D,1008
ZBTB41,2730
LYPLA2,696
COQ8A,1944
WLS,1626
ZNF281,2688
NHLH2,408
GUCA2B,339
CD84,987
CATSPERE,2856
FUCA1,1401
PLEKHA6,3147
SCP2,1644
TOR1AIP2,1413
RNF11,465
AGO4,2586
B4GALT3,1182
JTB,441
NUDC,996
PTPRU,4311
HDGF,723
SLAMF7,1008
KMO,1461
UBQLN4,1806
PLEKHM2,3060
C4BPA,1794
PGLYRP4,1122
NEXN,2028
PRDM16,3831
COG2,2217
INTS7,2889
TSPAN1,726
RLF,5745
SSX2IP,1845
S100A16,312
GBP2,1776
DDOST,1320
SIKE1,624
CKS1B,240
GADD45A,498
RABGAP1L,3156
ACBD6,849
NIPAL3,1221
SNRNP40,1074
HPCAL4,576
SLC35A3,978
PNRC2,420
COL8A2,2112
C4BPB,759
EFCAB14,1488
TENT5C,1176
CHI3L2,1173
SLC60A1,1545
EVI5,2481
TNFRSF1B,1386
SPRR1A,270
KIF21B,4872
KCNAB2,1248
FASLG,846
MRPS15,774
UFC1,504
TLR5,2577
SLC50A1,666
MUTYH,1566
IL20,531
ERRFI1,1389
RNF207,1905
HYI,834
GNAI3,1065
IGSF3,3585
IFI44L,1359
KIAA0040,300
PEA15,393
SLC26A9,2376
MEAF6,576
PHF13,903
ANGPTL7,1041
ICMT,855
ECHDC2,879
BSDC1,1293
UAP1,1569
STPG1,1005
S100A6,273
RBM34,1293
GDAP2,1494
CCDC27,1971
FCAMR,1734
KLHL21,1794
ZNHIT6,1413
HSPG2,13176
WNT4,1056
CFAP276,510
ZNF672,1359
BTBD19,876
PLA2G2F,636
PPIH,534
NPHS2,1152
PPM1J,1518
NMNAT2,924
PLD5,1611
MGST3,459
SMG7,3564
C1orf167,4350
TEX46,366
ANXA9,1038
BPNT1,927
MYBPH,1434
TMOD4,1038
MECR,1122
SUCO,3765
DCST1,2121
ELK4,1296
USP48,3108
CSMD2,10896
WNT2B,1176
S100A1,285
CD101,3066
SOX13,1869
KIF14,4947
HSD11B1,879
POU2F1,2301
NCF2,1581
KISS1,417
SRRM1,2715
TMEM59,972
METTL13,2100
MTX1,1401
SDHC,510
PFDN2,465
LRRC8C,2412
ACTN2,2685
FRRS1,1779
NKAIN1,624
TTC39A,1734
CYP4A22,1560
ANP32E,807
PROK1,318
STX6,768
ATP8B2,3573
GJA5,1077
ARF1,546
L1TD1,2598
GABRD,1359
ILF2,1173
OLFML3,1221
FMO3,1599
FNBP1L,1818
SNAP47,1260
PITHD1,636
SYNC,1449
ADAM15,2592
PIP5K1A,1689
TEKT2,1293
BGLAP,303
NASP,2367
TMEM82,1032
RO60,1617
CR1L,1710
RBP7,405
EXTL2,993
STUM,426
SORT1,2496
CDC14A,1785
HES3,561
KIAA2013,1905
ARHGEF2,2961
ERICH3,4593
EPS8L3,1782
TFB2M,1191
SLAMF9,870
BTG2,477
IFT25,435
TMCO4,1905
YTHDF2,1740
TMED5,690
MIXL1,699
HENMT1,1182
C1orf162,393
C1orf94,1797
FBXO6,882
ACTL8,1101
HAX1,840
PCNX2,6414
PHGDH,1602
DNAH14,13854
RHBDL2,912
CDC20,1500
IL6R,1407
AGL,4599
NPL,963
MCOLN2,1701
HMGCL,978
CAMSAP2,4437
THBS3,2871
HES2,522
BEST4,1422
CIROZ,2472
GSTM3,678
UBE4B,3909
B4GALT2,1119
RAP1GAP,1992
SNIP1,1191
LDLRAD2,819
CTSE,1191
S100A10,294
IL19,534
SARS1,1545
THEMIS2,1932
PRKAB2,819
CLIC4,762
KDM5B,4635
XKR8,1188
PSMB2,606
BMP8A,1209
CLSPN,4020
RPAP2,1839
CASQ2,1200
LYPLAL1,714
DHDDS,1002
MIIP,1167
PPP1R8,1056
ELF3,1116
ACAP3,2505
HAO2,1056
S100A5,279
MAGOH,441
S100A8,282
DLGAP3,2940
ZMYM6,3978
NBPF8,2829
OPRD1,1119
FSAF1,882
PRKACB,1197
NBPF15,2013
NCSTN,2130
ENSA,366
CNIH3,483
TNFRSF25,1254
SIPA1L2,5169
ST6GALNAC5,1011
GTF2B,951
MCL1,1053
TSPAN2,666
KRTCAP2,411
RAP1A,555
DYNLT4,666
MTFR1L,879
PPP2R5A,1461
AMIGO1,1482
PI4KB,2451
EPHA10,3027
ZNF695,1548
NUF2,1395
OTUD7B,2532
SPRR2F,219
ATP1A4,3090
TPM3,858
ARID4B,3939
OLFM3,1377
LCE1E,357
WRAP73,1383
NBL1,546
C1orf54,396
MTARC2,1008
CASP9,1251
COPA,3675
STXBP3,1779
LAMC1,4830
SSU72,585
DHX9,3813
ATAD3A,1761
CNTN2,3123
CIART,1158
SELL,1119
RRAGC,1200
WDR26,2286
RGS1,630
IGFN1,11127
TMEM9,552
AMY2B,1536
ITLN1,942
PTGFR,1080
RGS5,546
DFFA,996
NUCKS1,732
ETV3L,1086
OBSCN,26778
CASZ1,5280
SRGAP2,3216
TRAF5,1674
ALDH4A1,1692
PTBP2,1596
SKI,2187
LAMC2,3582
RCOR3,1662
KLHL12,1707
FAM20B,1230
ZNF678,1578
PODN,1842
NTNG1,1620
PPP1R12B,2949
EDN2,537
ANKRD35,3006
EGLN1,1281
ALG14,651
MRPL9,804
MIER1,1698
CD55,1146
NADK,1341
USP24,7863
ADGRB2,4758
BLZF1,1203
ENO1,1305
GPR137B,1200
TRIT1,1404
AJAP1,1236
SLC35F3,1473
TNFSF4,552
CD1A,984
SH2D5,1272
TESK2,1716
ACOT11,1785
COA7,696
RABGGTB,996
NPPB,405
DMBX1,1134
LY9,1968
CAPZB,819
HIPK1,3633
CD52,186
SYF2,732
KHDRBS1,1332
PRKCZ,1779
C1orf105,552
KCND3,1968
GPR157,1008
PTGFRN,2640
MYOCOS,243
EPB41,2595
ITPKB,2841
DYRK3,1767
C1QC,738
SH3GLB1,1098
SMCP,351
CCSAP,813
RIMS3,927
UTP11,762
FHAD1,4440
PUM1,3567
ANGPTL1,1476
DMRTA2,1629
FAF1,1953
ITGB3BP,534
FAM78B,786
DPYD,3078
MPL,1908
EDARADD,648
ILDR2,1920
EFNA1,618
CFAP144,405
PRPF3,2052
SLC66A1,876
RAB42,657
NEGR1,1065
FH,1533
GPR153,1830
INPP5B,2742
TMEM51,762
SLC71A1,1473
CLCNKA,2064
PLA2G4A,2250
GON4L,6726
TFAP2E,1329
GRIK3,2760
ZNF683,1515
LRRC8B,2412
SMIM1,237
CENPF,9345
C1orf74,810
RGS2,636
ELOVL1,840
CDCA8,843
TAF12,486
SZT2,10299
DAP3,1197
NFYC,1008
PIK3CD,3135
SPRR2G,222
ANKRD13C,1626
SRARP,510
DMRTB1,1029
CLCC1,1656
EXTL1,2031
ZCCHC17,726
WASF2,1497
RNF19B,2196
LUZP1,3231
CFH,3696
GBP4,1923
CREB3L4,1188
TAL1,996
H6PD,2376
LMNA,1995
TNFAIP8L2,555
NDC1,2025
PGBD2,1779
FGGY,1656
TMCO1,567
ARHGEF11,4689
ERO1B,1404
STX12,831
NAV1,6495
NPPA,456
MDM4,1473
HMCN1,16908
LAMB3,3519
COX20,357
TARDBP,1245
UBE2Q1,1269
CDK11A,2343
RBM15,2934
CLSTN1,2946
NR1I3,1047
CTSK,990
ZSWIM5,3558
SRP9,261
ACADM,1266
CACNA1E,6942
ACKR1,1011
LEFTY2,1101
POGK,1830
TRIM33,3384
FAAP20,543
SPEN,10995
PERM1,2373
SLFNL1,1224
CR1,7470
DCDC2B,1050
BCAN,2736
DTL,2193
STIL,3867
SDHB,843
SNX7,1356
ESPN,2565
JAK1,3465
TMCC2,2130
CCDC24,924
BATF3,384
PSEN2,1347
AMPD1,2244
TNFRSF4,834
CACNA1S,5622
DNAI3,2676
MYSM1,2487
TRNP1,684
AURKAIP1,600
LHX9,1194
HSPB7,513
PGBD5,1575
IFI6,393
TINAGL1,1404
TARBP1,4866
SERBP1,1182
ZNF644,3984
C1QA,738
CLDN19,675
MYBPHL,1065
TATDN3,825
NES,4866
