x1km_square,species,present
NC0429,Acer pseudoplatanus,FALSE
NC0429,Achillea millefolium,FALSE
NC0429,Achillea ptarmica,FALSE
NC0429,Aegopodium podagraria,FALSE
NC0429,Aethusa cynapium,FALSE
NC0429,Ajuga reptans,FALSE
NC0429,Alliaria petiolata,FALSE
NC0429,Alnus glutinosa,FALSE
NC0429,Anagallis arvensis,FALSE
NC0429,Anchusa arvensis,FALSE
NC0429,Anemone nemorosa,FALSE
NC0429,Angelica sylvestris,FALSE
NC0429,Anthemis cotula,FALSE
NC0429,Anthriscus caucalis,FALSE
NC0429,Anthriscus sylvestris,FALSE
NC0429,Apium nodiflorum,FALSE
NC0429,Armeria maritima,FALSE
NC0429,Artemisia absinthium,FALSE
NC0429,Artemisia annua,FALSE
NC0429,Artemisia vulgaris,FALSE
NC0429,Aster tripolium,FALSE
NC0429,Atriplex patula,FALSE
NC0429,Atriplex portulacoides,FALSE
NC0429,Ballota nigra,FALSE
NC0429,Barbarea vulgaris,FALSE
NC0429,Bellis perennis,FALSE
NC0429,Berula erecta,FALSE
NC0429,Brassica napus,FALSE
NC0429,Brassica oleracea,FALSE
NC0429,Brassica rapa,FALSE
NC0429,Bryonia dioica,FALSE
NC0429,Buddleja davidii,FALSE
NC0429,Bupleurum tenuissimum,FALSE
NC0429,Calluna vulgaris,TRUE
NC0429,Caltha palustris,FALSE
NC0429,Calystegia sepium,FALSE
NC0429,Campanula rotundifolia,FALSE
NC0429,Capsella bursa,FALSE
NC0429,Cardamine flexuosa,FALSE
NC0429,Cardamine hirsuta,FALSE
NC0429,Cardamine pratensis,FALSE
NC0429,Carduus nutans,FALSE
NC0429,Carum verticillatum,FALSE
NC0429,Centaurea cyanus,FALSE
NC0429,Centaurea nigra,FALSE
NC0429,Centaurea scabiosa,FALSE
NC0429,Centaurium erythraea,FALSE
NC0429,Cerastium arvense,FALSE
NC0429,Cerastium fontanum,FALSE
NC0429,Cerastium glomeratum,FALSE
NC0429,Ceratocapnos claviculata,FALSE
NC0429,Chaerophyllum temulum,FALSE
NC0429,Chamaemelum nobile,FALSE
NC0429,Chamerion angustifolium,FALSE
NC0429,Chenopodium album,FALSE
NC0429,Chenopodium ficifolium,FALSE
NC0429,Chenopodium quinoa,FALSE
NC0429,Cichorium intybus,FALSE
NC0429,Circaea lutetiana,FALSE
NC0429,Cirsium arvense,FALSE
NC0429,Cirsium eriophorum,FALSE
NC0429,Cirsium palustre,FALSE
NC0429,Cirsium vulgare,FALSE
NC0429,Clematis vitalba,FALSE
NC0429,Clinopodium vulgare,FALSE
NC0429,Conium maculatum,FALSE
NC0429,Conopodium majus,FALSE
NC0429,Convolvulus arvensis,FALSE
NC0429,Conyza canadensis,FALSE
NC0429,Cotoneaster salicifolius,FALSE
NC0429,Crataegus monogyna,FALSE
NC0429,Crepis capillaris,FALSE
NC0429,Crepis vesicaria,FALSE
NC0429,Cruciata laevipes,FALSE
NC0429,Cytisus scoparius,FALSE
NC0429,Dactylorhiza fuchsii,FALSE
NC0429,Dactylorhiza maculata,TRUE
NC0429,Daucus carota,FALSE
NC0429,Digitalis ferruginea,FALSE
NC0429,Digitalis grandiflora,FALSE
NC0429,Digitalis purpurea,FALSE
NC0429,Dioscorea communis,FALSE
NC0429,Doronicum plantagineum,FALSE
NC0429,Drosera anglica,FALSE
NC0429,Drosera rotundifolia,FALSE
NC0429,Dryas octopetala,FALSE
NC0429,Epilobium hirsutum,FALSE
NC0429,Epilobium montanum,FALSE
NC0429,Epilobium obscurum,FALSE
NC0429,Epilobium palustre,FALSE
NC0429,Epilobium parviflorum,FALSE
NC0429,Epilobium roseum,FALSE
NC0429,Epilobium tetragonum,FALSE
NC0429,Erica cinerea,TRUE
NC0429,Erica tetralix,TRUE
NC0429,Eriophorum vaginatum,FALSE
NC0429,Eupatorium cannabinum,FALSE
NC0429,Euphorbia exigua,FALSE
NC0429,Euphorbia helioscopia,FALSE
NC0429,Euphrasia officinalis,FALSE
NC0429,Fagopyrum esculentum,FALSE
NC0429,Fallopia convolvulus,FALSE
NC0429,Filipendula ulmaria,FALSE
NC0429,Fumaria officinalis,FALSE
NC0429,Galeopsis speciosa,FALSE
NC0429,Galeopsis tetrahit,FALSE
NC0429,Galium aparine,FALSE
NC0429,Galium mollugo,FALSE
NC0429,Galium odoratum,FALSE
NC0429,Galium palustre,FALSE
NC0429,Galium saxatile,TRUE
NC0429,Galium verum,FALSE
NC0429,Genista anglica,FALSE
NC0429,Geranium dissectum,FALSE
NC0429,Geranium molle,FALSE
NC0429,Geranium nodosum,FALSE
NC0429,Geranium pratense,FALSE
NC0429,Geranium pyrenaicum,FALSE
NC0429,Geranium robertianum,FALSE
NC0429,Geum urbanum,FALSE
NC0429,Glechoma hederacea,FALSE
NC0429,Hedera helix,FALSE
NC0429,Helianthus annuus,FALSE
NC0429,Heracleum mantegazzianum,FALSE
NC0429,Heracleum sphondylium,FALSE
NC0429,Hippocrepis comosa,FALSE
NC0429,Hordeum vulgare,FALSE
NC0429,Hyacinthoides non,FALSE
NC0429,Hypericum forrestii,FALSE
NC0429,Hypericum perforatum,FALSE
NC0429,Hypericum pulchrum,FALSE
NC0429,Hypericum tetrapterum,FALSE
NC0429,Hypochaeris radicata,FALSE
NC0429,Ilex aquifolium,FALSE
NC0429,Impatiens glandulifera,FALSE
NC0429,Impatiens parviflora,FALSE
NC0429,Iris pseudacorus,FALSE
NC0429,Jacobaea erucifolia,FALSE
NC0429,Jacobaea vulgaris,FALSE
NC0429,Jasione montana,FALSE
NC0429,Juncus conglomeratus,FALSE
NC0429,Juncus effusus,FALSE
NC0429,Knautia arvensis,FALSE
NC0429,Lactuca serriola,FALSE
NC0429,Lamium album,FALSE
NC0429,Lamium galeobdolon,FALSE
NC0429,Lamium purpureum,FALSE
NC0429,Lapsana communis,FALSE
NC0429,Lathyrus aphaca,FALSE
NC0429,Lathyrus linifolius,FALSE
NC0429,Lathyrus pratensis,FALSE
NC0429,Leontodon hispidus,FALSE
NC0429,Leontodon saxatilis,FALSE
NC0429,Leucanthemum vulgare,FALSE
NC0429,Ligusticum scoticum,FALSE
NC0429,Limonium vulgare,FALSE
NC0429,Linaria vulgaris,FALSE
NC0429,Linum catharticum,FALSE
NC0429,Linum usitatissimum,FALSE
NC0429,Lonicera caprifolium,FALSE
NC0429,Lonicera periclymenum,FALSE
NC0429,Lotus angustissimus,FALSE
NC0429,Lotus corniculatus,TRUE
NC0429,Lotus pedunculatus,FALSE
NC0429,Lotus subbiflorus,FALSE
NC0429,Luzula campestris,FALSE
NC0429,Lysimachia nemorum,FALSE
NC0429,Lysimachia punctata,FALSE
NC0429,Lysimachia vulgaris,FALSE
NC0429,Lythrum alatum,FALSE
NC0429,Lythrum salicaria,FALSE
NC0429,Malva sylvestris,FALSE
NC0429,Matricaria chamomilla,FALSE
NC0429,Matricaria discoidea,FALSE
NC0429,Medicago lupulina,FALSE
NC0429,Melampyrum pratense,FALSE
NC0429,Mentha aquatica,FALSE
NC0429,Mentha arvensis,FALSE
NC0429,Mercurialis perennis,FALSE
NC0429,Myosotis arvensis,FALSE
NC0429,Myosotis discolor,FALSE
NC0429,Myosotis sylvatica,FALSE
NC0429,Narthecium ossifragum,TRUE
NC0429,Odontites vernus,FALSE
NC0429,Oenanthe crocata,FALSE
NC0429,Origanum vulgare,FALSE
NC0429,Ornithopus perpusillus,FALSE
NC0429,Oxalis acetosella,FALSE
NC0429,Panicum miliaceum,FALSE
NC0429,Papaver rhoeas,FALSE
NC0429,Pedicularis sylvatica,TRUE
NC0429,Persicaria amplexicaulis,FALSE
NC0429,Persicaria bistorta,FALSE
NC0429,Persicaria hydropiper,FALSE
NC0429,Persicaria lapathifolia,FALSE
NC0429,Persicaria maculosa,FALSE
NC0429,Peucedanum ostruthium,FALSE
NC0429,Picris echioides,FALSE
NC0429,Picris hieracioides,FALSE
NC0429,Pilosella officinarum,FALSE
NC0429,Pimpinella saxifraga,FALSE
NC0429,Pinguicula vulgaris,TRUE
NC0429,Plantago lanceolata,FALSE
NC0429,Plantago major,FALSE
NC0429,Plantago maritima,FALSE
NC0429,Poa annua,FALSE
NC0429,Polygala serpyllifolia,TRUE
NC0429,Polygala vulgaris,FALSE
NC0429,Polygonum aviculare,FALSE
NC0429,Potentilla anglica,FALSE
NC0429,Potentilla anserina,FALSE
NC0429,Potentilla erecta,TRUE
NC0429,Potentilla recta,FALSE
NC0429,Potentilla reptans,FALSE
NC0429,Prunella vulgaris,TRUE
NC0429,Prunus spinosa,FALSE
NC0429,Pulicaria dysenterica,FALSE
NC0429,Ranunculus acris,FALSE
NC0429,Ranunculus bulbosus,FALSE
NC0429,Ranunculus ficaria,FALSE
NC0429,Ranunculus flammula,TRUE
NC0429,Ranunculus repens,TRUE
NC0429,Ranunculus sardous,FALSE
NC0429,Raphanus raphanistrum,FALSE
NC0429,Raphanus sativus,FALSE
NC0429,Rhinanthus minor,FALSE
NC0429,Rosa arvensis,FALSE
NC0429,Rosa canina,FALSE
NC0429,Rubus caesius,FALSE
NC0429,Rubus fruticosus,FALSE
NC0429,Rubus idaeus,FALSE
NC0429,Rumex acetosa,FALSE
NC0429,Rumex acetosella,FALSE
NC0429,Rumex crispus,FALSE
NC0429,Rumex obtusifolius,FALSE
NC0429,Rumex sanguineus,FALSE
NC0429,Sagina saginoides,FALSE
NC0429,Sambucus nigra,FALSE
NC0429,Sanguisorba officinalis,FALSE
NC0429,Scorzoneroides autumnalis,FALSE
NC0429,Scrophularia auriculata,FALSE
NC0429,Scrophularia nodosa,FALSE
NC0429,Sedum anglicum,FALSE
NC0429,Senecio erucifolius,FALSE
NC0429,Senecio jacobaea,FALSE
NC0429,Senecio vulgaris,FALSE
NC0429,Sherardia arvensis,FALSE
NC0429,Silene dioica,FALSE
NC0429,Silene latifolia,FALSE
NC0429,Silybum marianum,FALSE
NC0429,Sinapis alba,FALSE
NC0429,Sinapis arvensis,FALSE
NC0429,Sisymbrium officinale,FALSE
NC0429,Solanum dulcamara,FALSE
NC0429,Solanum nigrum,FALSE
NC0429,Solanum tuberosum,FALSE
NC0429,Sonchus arvensis,FALSE
NC0429,Sonchus asper,FALSE
NC0429,Sonchus oleraceus,FALSE
NC0429,Sorbus aucuparia,FALSE
NC0429,Spergula arvensis,FALSE
NC0429,Spergularia media,FALSE
NC0429,Stachys arvensis,FALSE
NC0429,Stachys palustris,FALSE
NC0429,Stachys sylvatica,FALSE
NC0429,Stellaria alsine,FALSE
NC0429,Stellaria graminea,FALSE
NC0429,Stellaria holostea,FALSE
NC0429,Stellaria media,FALSE
NC0429,Suaeda maritima,FALSE
NC0429,Succisa pratensis,TRUE
NC0429,Symphytum officinale,FALSE
NC0429,Taraxacum agg,FALSE
NC0429,Taraxacum officinale,FALSE
NC0429,Teucrium scorodonia,FALSE
NC0429,Thlaspi arvense,FALSE
NC0429,Thymus polytrichus,TRUE
NC0429,Thymus vulgaris,FALSE
NC0429,Torilis japonica,FALSE
NC0429,Tragopogon pratensis,FALSE
NC0429,Trientalis europaea,FALSE
NC0429,Trifolium arvense,FALSE
NC0429,Trifolium campestre,FALSE
NC0429,Trifolium constantinopolitanum,FALSE
NC0429,Trifolium dubium,FALSE
NC0429,Trifolium pratense,FALSE
NC0429,Trifolium repens,TRUE
NC0429,Tripleurospermum inodorum,FALSE
NC0429,Tripleurospermum maritimum,FALSE
NC0429,Turgenia latifolia,FALSE
NC0429,Ulex europaeus,FALSE
NC0429,Ulex gallii,FALSE
NC0429,Urtica dioica,FALSE
NC0429,Vaccinium myrtillus,FALSE
NC0429,Vaccinium oxycoccos,FALSE
NC0429,Vaccinium vitis,FALSE
NC0429,Valeriana dioica,FALSE
NC0429,Valeriana officinalis,FALSE
NC0429,Verbena officinalis,FALSE
NC0429,Verbena x,FALSE
NC0429,Veronica agrestis,FALSE
NC0429,Veronica arvensis,FALSE
NC0429,Veronica beccabunga,FALSE
NC0429,Veronica chamaedrys,FALSE
NC0429,Veronica hederifolia,FALSE
NC0429,Veronica montana,FALSE
NC0429,Veronica officinalis,FALSE
NC0429,Veronica persica,FALSE
NC0429,Veronica polita,FALSE
NC0429,Veronica serpyllifolia,FALSE
NC0429,Vicia benghalensis,FALSE
NC0429,Vicia cracca,FALSE
NC0429,Vicia faba,FALSE
NC0429,Vicia hirsuta,FALSE
NC0429,Vicia lutea,FALSE
NC0429,Vicia sativa,FALSE
NC0429,Vicia sepium,FALSE
NC0429,Vicia spp,FALSE
NC0429,Vicia tetrasperma,FALSE
NC0429,Viola arvensis,FALSE
NC0429,Viola canina,FALSE
NC0429,Viola palustris,FALSE
NC0429,Viola riviniana,FALSE
NC0429,Zea mays,FALSE
NC2313,Acer pseudoplatanus,FALSE
NC2313,Achillea millefolium,FALSE
NC2313,Achillea ptarmica,TRUE
NC2313,Aegopodium podagraria,FALSE
NC2313,Aethusa cynapium,FALSE
NC2313,Ajuga reptans,FALSE
NC2313,Alliaria petiolata,FALSE
NC2313,Alnus glutinosa,FALSE
NC2313,Anagallis arvensis,FALSE
NC2313,Anchusa arvensis,FALSE
NC2313,Anemone nemorosa,FALSE
NC2313,Angelica sylvestris,FALSE
NC2313,Anthemis cotula,FALSE
NC2313,Anthriscus caucalis,FALSE
NC2313,Anthriscus sylvestris,FALSE
NC2313,Apium nodiflorum,FALSE
NC2313,Armeria maritima,FALSE
NC2313,Artemisia absinthium,FALSE
NC2313,Artemisia annua,FALSE
NC2313,Artemisia vulgaris,FALSE
NC2313,Aster tripolium,FALSE
NC2313,Atriplex patula,FALSE
NC2313,Atriplex portulacoides,FALSE
NC2313,Ballota nigra,FALSE
NC2313,Barbarea vulgaris,FALSE
NC2313,Bellis perennis,TRUE
NC2313,Berula erecta,FALSE
NC2313,Brassica napus,FALSE
NC2313,Brassica oleracea,FALSE
NC2313,Brassica rapa,FALSE
NC2313,Bryonia dioica,FALSE
NC2313,Buddleja davidii,FALSE
NC2313,Bupleurum tenuissimum,FALSE
NC2313,Calluna vulgaris,TRUE
NC2313,Caltha palustris,FALSE
NC2313,Calystegia sepium,FALSE
NC2313,Campanula rotundifolia,FALSE
NC2313,Capsella bursa,FALSE
NC2313,Cardamine flexuosa,FALSE
NC2313,Cardamine hirsuta,FALSE
NC2313,Cardamine pratensis,FALSE
NC2313,Carduus nutans,FALSE
NC2313,Carum verticillatum,FALSE
NC2313,Centaurea cyanus,FALSE
NC2313,Centaurea nigra,FALSE
NC2313,Centaurea scabiosa,FALSE
NC2313,Centaurium erythraea,FALSE
NC2313,Cerastium arvense,FALSE
NC2313,Cerastium fontanum,FALSE
NC2313,Cerastium glomeratum,FALSE
NC2313,Ceratocapnos claviculata,FALSE
NC2313,Chaerophyllum temulum,FALSE
NC2313,Chamaemelum nobile,FALSE
NC2313,Chamerion angustifolium,FALSE
NC2313,Chenopodium album,FALSE
NC2313,Chenopodium ficifolium,FALSE
NC2313,Chenopodium quinoa,FALSE
NC2313,Cichorium intybus,FALSE
NC2313,Circaea lutetiana,FALSE
NC2313,Cirsium arvense,FALSE
NC2313,Cirsium eriophorum,FALSE
NC2313,Cirsium palustre,TRUE
NC2313,Cirsium vulgare,FALSE
NC2313,Clematis vitalba,FALSE
NC2313,Clinopodium vulgare,FALSE
NC2313,Conium maculatum,FALSE
NC2313,Conopodium majus,FALSE
NC2313,Convolvulus arvensis,FALSE
NC2313,Conyza canadensis,FALSE
NC2313,Cotoneaster salicifolius,FALSE
NC2313,Crataegus monogyna,FALSE
NC2313,Crepis capillaris,FALSE
NC2313,Crepis vesicaria,FALSE
NC2313,Cruciata laevipes,FALSE
NC2313,Cytisus scoparius,FALSE
NC2313,Dactylorhiza fuchsii,FALSE
NC2313,Dactylorhiza maculata,FALSE
NC2313,Daucus carota,FALSE
NC2313,Digitalis ferruginea,FALSE
NC2313,Digitalis grandiflora,FALSE
NC2313,Digitalis purpurea,FALSE
NC2313,Dioscorea communis,FALSE
NC2313,Doronicum plantagineum,FALSE
NC2313,Drosera anglica,FALSE
NC2313,Drosera rotundifolia,FALSE
NC2313,Dryas octopetala,FALSE
NC2313,Epilobium hirsutum,FALSE
NC2313,Epilobium montanum,FALSE
NC2313,Epilobium obscurum,FALSE
NC2313,Epilobium palustre,FALSE
NC2313,Epilobium parviflorum,FALSE
NC2313,Epilobium roseum,FALSE
NC2313,Epilobium tetragonum,FALSE
NC2313,Erica cinerea,TRUE
NC2313,Erica tetralix,TRUE
NC2313,Eriophorum vaginatum,FALSE
NC2313,Eupatorium cannabinum,FALSE
NC2313,Euphorbia exigua,FALSE
NC2313,Euphorbia helioscopia,FALSE
NC2313,Euphrasia officinalis,FALSE
NC2313,Fagopyrum esculentum,FALSE
NC2313,Fallopia convolvulus,FALSE
NC2313,Filipendula ulmaria,FALSE
NC2313,Fumaria officinalis,FALSE
NC2313,Galeopsis speciosa,FALSE
NC2313,Galeopsis tetrahit,FALSE
NC2313,Galium aparine,FALSE
NC2313,Galium mollugo,FALSE
NC2313,Galium odoratum,FALSE
NC2313,Galium palustre,FALSE
NC2313,Galium saxatile,TRUE
NC2313,Galium verum,FALSE
NC2313,Genista anglica,FALSE
NC2313,Geranium dissectum,FALSE
NC2313,Geranium molle,FALSE
NC2313,Geranium nodosum,FALSE
NC2313,Geranium pratense,FALSE
NC2313,Geranium pyrenaicum,FALSE
NC2313,Geranium robertianum,FALSE
NC2313,Geum urbanum,FALSE
NC2313,Glechoma hederacea,FALSE
NC2313,Hedera helix,FALSE
NC2313,Helianthus annuus,FALSE
NC2313,Heracleum mantegazzianum,FALSE
NC2313,Heracleum sphondylium,FALSE
NC2313,Hippocrepis comosa,FALSE
NC2313,Hordeum vulgare,FALSE
NC2313,Hyacinthoides non,FALSE
NC2313,Hypericum forrestii,FALSE
NC2313,Hypericum perforatum,FALSE
NC2313,Hypericum pulchrum,FALSE
NC2313,Hypericum tetrapterum,FALSE
NC2313,Hypochaeris radicata,FALSE
NC2313,Ilex aquifolium,FALSE
NC2313,Impatiens glandulifera,FALSE
NC2313,Impatiens parviflora,FALSE
NC2313,Iris pseudacorus,FALSE
NC2313,Jacobaea erucifolia,FALSE
NC2313,Jacobaea vulgaris,FALSE
NC2313,Jasione montana,FALSE
NC2313,Juncus conglomeratus,FALSE
NC2313,Juncus effusus,FALSE
NC2313,Knautia arvensis,FALSE
NC2313,Lactuca serriola,FALSE
NC2313,Lamium album,FALSE
NC2313,Lamium galeobdolon,FALSE
NC2313,Lamium purpureum,FALSE
NC2313,Lapsana communis,FALSE
NC2313,Lathyrus aphaca,FALSE
NC2313,Lathyrus linifolius,FALSE
NC2313,Lathyrus pratensis,FALSE
NC2313,Leontodon hispidus,FALSE
NC2313,Leontodon saxatilis,FALSE
NC2313,Leucanthemum vulgare,FALSE
NC2313,Ligusticum scoticum,FALSE
NC2313,Limonium vulgare,FALSE
NC2313,Linaria vulgaris,FALSE
NC2313,Linum catharticum,TRUE
NC2313,Linum usitatissimum,FALSE
NC2313,Lonicera caprifolium,FALSE
NC2313,Lonicera periclymenum,FALSE
NC2313,Lotus angustissimus,FALSE
NC2313,Lotus corniculatus,TRUE
NC2313,Lotus pedunculatus,FALSE
NC2313,Lotus subbiflorus,FALSE
NC2313,Luzula campestris,FALSE
NC2313,Lysimachia nemorum,FALSE
NC2313,Lysimachia punctata,FALSE
NC2313,Lysimachia vulgaris,FALSE
NC2313,Lythrum alatum,FALSE
NC2313,Lythrum salicaria,FALSE
NC2313,Malva sylvestris,FALSE
NC2313,Matricaria chamomilla,FALSE
NC2313,Matricaria discoidea,FALSE
NC2313,Medicago lupulina,FALSE
NC2313,Melampyrum pratense,FALSE
NC2313,Mentha aquatica,FALSE
NC2313,Mentha arvensis,FALSE
NC2313,Mercurialis perennis,FALSE
NC2313,Myosotis arvensis,FALSE
NC2313,Myosotis discolor,FALSE
NC2313,Myosotis sylvatica,FALSE
NC2313,Narthecium ossifragum,TRUE
NC2313,Odontites vernus,FALSE
NC2313,Oenanthe crocata,FALSE
NC2313,Origanum vulgare,FALSE
NC2313,Ornithopus perpusillus,FALSE
NC2313,Oxalis acetosella,FALSE
NC2313,Panicum miliaceum,FALSE
NC2313,Papaver rhoeas,FALSE
NC2313,Pedicularis sylvatica,TRUE
NC2313,Persicaria amplexicaulis,FALSE
NC2313,Persicaria bistorta,FALSE
NC2313,Persicaria hydropiper,FALSE
NC2313,Persicaria lapathifolia,FALSE
NC2313,Persicaria maculosa,FALSE
NC2313,Peucedanum ostruthium,FALSE
NC2313,Picris echioides,FALSE
NC2313,Picris hieracioides,FALSE
NC2313,Pilosella officinarum,FALSE
NC2313,Pimpinella saxifraga,FALSE
NC2313,Pinguicula vulgaris,TRUE
NC2313,Plantago lanceolata,FALSE
NC2313,Plantago major,FALSE
NC2313,Plantago maritima,FALSE
NC2313,Poa annua,FALSE
NC2313,Polygala serpyllifolia,TRUE
NC2313,Polygala vulgaris,FALSE
NC2313,Polygonum aviculare,FALSE
NC2313,Potentilla anglica,FALSE
NC2313,Potentilla anserina,FALSE
NC2313,Potentilla erecta,TRUE
NC2313,Potentilla recta,FALSE
NC2313,Potentilla reptans,FALSE
NC2313,Prunella vulgaris,TRUE
NC2313,Prunus spinosa,FALSE
NC2313,Pulicaria dysenterica,FALSE
NC2313,Ranunculus acris,TRUE
NC2313,Ranunculus bulbosus,FALSE
NC2313,Ranunculus ficaria,FALSE
NC2313,Ranunculus flammula,TRUE
NC2313,Ranunculus repens,FALSE
NC2313,Ranunculus sardous,FALSE
NC2313,Raphanus raphanistrum,FALSE
NC2313,Raphanus sativus,FALSE
NC2313,Rhinanthus minor,FALSE
NC2313,Rosa arvensis,FALSE
NC2313,Rosa canina,FALSE
NC2313,Rubus caesius,FALSE
NC2313,Rubus fruticosus,FALSE
NC2313,Rubus idaeus,FALSE
NC2313,Rumex acetosa,FALSE
NC2313,Rumex acetosella,FALSE
NC2313,Rumex crispus,FALSE
NC2313,Rumex obtusifolius,FALSE
NC2313,Rumex sanguineus,FALSE
NC2313,Sagina saginoides,FALSE
NC2313,Sambucus nigra,FALSE
NC2313,Sanguisorba officinalis,FALSE
NC2313,Scorzoneroides autumnalis,FALSE
NC2313,Scrophularia auriculata,FALSE
NC2313,Scrophularia nodosa,FALSE
NC2313,Sedum anglicum,FALSE
NC2313,Senecio erucifolius,FALSE
NC2313,Senecio jacobaea,FALSE
NC2313,Senecio vulgaris,FALSE
NC2313,Sherardia arvensis,FALSE
NC2313,Silene dioica,FALSE
NC2313,Silene latifolia,FALSE
NC2313,Silybum marianum,FALSE
NC2313,Sinapis alba,FALSE
NC2313,Sinapis arvensis,FALSE
NC2313,Sisymbrium officinale,FALSE
NC2313,Solanum dulcamara,FALSE
NC2313,Solanum nigrum,FALSE
NC2313,Solanum tuberosum,FALSE
NC2313,Sonchus arvensis,FALSE
NC2313,Sonchus asper,FALSE
NC2313,Sonchus oleraceus,FALSE
NC2313,Sorbus aucuparia,FALSE
NC2313,Spergula arvensis,FALSE
NC2313,Spergularia media,FALSE
NC2313,Stachys arvensis,FALSE
NC2313,Stachys palustris,FALSE
NC2313,Stachys sylvatica,FALSE
NC2313,Stellaria alsine,FALSE
NC2313,Stellaria graminea,FALSE
NC2313,Stellaria holostea,FALSE
NC2313,Stellaria media,FALSE
NC2313,Suaeda maritima,FALSE
NC2313,Succisa pratensis,FALSE
NC2313,Symphytum officinale,FALSE
NC2313,Taraxacum agg,FALSE
NC2313,Taraxacum officinale,FALSE
NC2313,Teucrium scorodonia,FALSE
NC2313,Thlaspi arvense,FALSE
NC2313,Thymus polytrichus,FALSE
NC2313,Thymus vulgaris,FALSE
NC2313,Torilis japonica,FALSE
NC2313,Tragopogon pratensis,FALSE
NC2313,Trientalis europaea,FALSE
NC2313,Trifolium arvense,FALSE
NC2313,Trifolium campestre,FALSE
NC2313,Trifolium constantinopolitanum,FALSE
NC2313,Trifolium dubium,FALSE
NC2313,Trifolium pratense,TRUE
NC2313,Trifolium repens,TRUE
NC2313,Tripleurospermum inodorum,FALSE
NC2313,Tripleurospermum maritimum,FALSE
NC2313,Turgenia latifolia,FALSE
NC2313,Ulex europaeus,FALSE
NC2313,Ulex gallii,FALSE
NC2313,Urtica dioica,FALSE
NC2313,Vaccinium myrtillus,FALSE
NC2313,Vaccinium oxycoccos,FALSE
NC2313,Vaccinium vitis,FALSE
NC2313,Valeriana dioica,FALSE
NC2313,Valeriana officinalis,FALSE
NC2313,Verbena officinalis,FALSE
NC2313,Verbena x,FALSE
NC2313,Veronica agrestis,FALSE
NC2313,Veronica arvensis,FALSE
NC2313,Veronica beccabunga,FALSE
NC2313,Veronica chamaedrys,FALSE
NC2313,Veronica hederifolia,FALSE
NC2313,Veronica montana,FALSE
NC2313,Veronica officinalis,FALSE
NC2313,Veronica persica,FALSE
NC2313,Veronica polita,FALSE
NC2313,Veronica serpyllifolia,FALSE
NC2313,Vicia benghalensis,FALSE
NC2313,Vicia cracca,FALSE
NC2313,Vicia faba,FALSE
NC2313,Vicia hirsuta,FALSE
NC2313,Vicia lutea,FALSE
NC2313,Vicia sativa,FALSE
NC2313,Vicia sepium,FALSE
NC2313,Vicia spp,TRUE
NC2313,Vicia tetrasperma,FALSE
NC2313,Viola arvensis,FALSE
NC2313,Viola canina,FALSE
NC2313,Viola palustris,TRUE
NC2313,Viola riviniana,FALSE
NC2313,Zea mays,FALSE
NC5762,Acer pseudoplatanus,FALSE
NC5762,Achillea millefolium,FALSE
NC5762,Achillea ptarmica,FALSE
NC5762,Aegopodium podagraria,FALSE
NC5762,Aethusa cynapium,FALSE
NC5762,Ajuga reptans,FALSE
NC5762,Alliaria petiolata,FALSE
NC5762,Alnus glutinosa,FALSE
NC5762,Anagallis arvensis,FALSE
NC5762,Anchusa arvensis,FALSE
NC5762,Anemone nemorosa,FALSE
NC5762,Angelica sylvestris,FALSE
NC5762,Anthemis cotula,FALSE
NC5762,Anthriscus caucalis,FALSE
NC5762,Anthriscus sylvestris,FALSE
NC5762,Apium nodiflorum,FALSE
NC5762,Armeria maritima,FALSE
NC5762,Artemisia absinthium,FALSE
NC5762,Artemisia annua,FALSE
NC5762,Artemisia vulgaris,FALSE
NC5762,Aster tripolium,FALSE
NC5762,Atriplex patula,FALSE
NC5762,Atriplex portulacoides,FALSE
NC5762,Ballota nigra,FALSE
NC5762,Barbarea vulgaris,FALSE
NC5762,Bellis perennis,FALSE
NC5762,Berula erecta,FALSE
NC5762,Brassica napus,FALSE
NC5762,Brassica oleracea,FALSE
NC5762,Brassica rapa,FALSE
NC5762,Bryonia dioica,FALSE
NC5762,Buddleja davidii,FALSE
NC5762,Bupleurum tenuissimum,FALSE
NC5762,Calluna vulgaris,TRUE
NC5762,Caltha palustris,FALSE
NC5762,Calystegia sepium,FALSE
NC5762,Campanula rotundifolia,FALSE
NC5762,Capsella bursa,FALSE
NC5762,Cardamine flexuosa,FALSE
NC5762,Cardamine hirsuta,FALSE
NC5762,Cardamine pratensis,FALSE
NC5762,Carduus nutans,FALSE
NC5762,Carum verticillatum,FALSE
NC5762,Centaurea cyanus,FALSE
NC5762,Centaurea nigra,FALSE
NC5762,Centaurea scabiosa,FALSE
NC5762,Centaurium erythraea,FALSE
NC5762,Cerastium arvense,TRUE
NC5762,Cerastium fontanum,FALSE
NC5762,Cerastium glomeratum,FALSE
NC5762,Ceratocapnos claviculata,FALSE
NC5762,Chaerophyllum temulum,FALSE
NC5762,Chamaemelum nobile,FALSE
NC5762,Chamerion angustifolium,FALSE
NC5762,Chenopodium album,FALSE
NC5762,Chenopodium ficifolium,FALSE
NC5762,Chenopodium quinoa,FALSE
NC5762,Cichorium intybus,FALSE
NC5762,Circaea lutetiana,FALSE
NC5762,Cirsium arvense,FALSE
NC5762,Cirsium eriophorum,FALSE
NC5762,Cirsium palustre,FALSE
NC5762,Cirsium vulgare,FALSE
NC5762,Clematis vitalba,FALSE
NC5762,Clinopodium vulgare,FALSE
NC5762,Conium maculatum,FALSE
NC5762,Conopodium majus,FALSE
NC5762,Convolvulus arvensis,FALSE
NC5762,Conyza canadensis,FALSE
NC5762,Cotoneaster salicifolius,FALSE
NC5762,Crataegus monogyna,FALSE
NC5762,Crepis capillaris,FALSE
NC5762,Crepis vesicaria,FALSE
NC5762,Cruciata laevipes,FALSE
NC5762,Cytisus scoparius,FALSE
NC5762,Dactylorhiza fuchsii,FALSE
NC5762,Dactylorhiza maculata,FALSE
NC5762,Daucus carota,FALSE
NC5762,Digitalis ferruginea,FALSE
NC5762,Digitalis grandiflora,FALSE
NC5762,Digitalis purpurea,FALSE
NC5762,Dioscorea communis,FALSE
NC5762,Doronicum plantagineum,FALSE
NC5762,Drosera anglica,TRUE
NC5762,Drosera rotundifolia,FALSE
NC5762,Dryas octopetala,FALSE
NC5762,Epilobium hirsutum,FALSE
NC5762,Epilobium montanum,FALSE
NC5762,Epilobium obscurum,FALSE
NC5762,Epilobium palustre,FALSE
NC5762,Epilobium parviflorum,FALSE
NC5762,Epilobium roseum,FALSE
NC5762,Epilobium tetragonum,FALSE
NC5762,Erica cinerea,TRUE
NC5762,Erica tetralix,TRUE
NC5762,Eriophorum vaginatum,FALSE
NC5762,Eupatorium cannabinum,FALSE
NC5762,Euphorbia exigua,FALSE
NC5762,Euphorbia helioscopia,FALSE
NC5762,Euphrasia officinalis,FALSE
NC5762,Fagopyrum esculentum,FALSE
NC5762,Fallopia convolvulus,FALSE
NC5762,Filipendula ulmaria,FALSE
NC5762,Fumaria officinalis,FALSE
NC5762,Galeopsis speciosa,FALSE
NC5762,Galeopsis tetrahit,FALSE
NC5762,Galium aparine,FALSE
NC5762,Galium mollugo,FALSE
NC5762,Galium odoratum,FALSE
NC5762,Galium palustre,FALSE
NC5762,Galium saxatile,FALSE
NC5762,Galium verum,FALSE
NC5762,Genista anglica,FALSE
NC5762,Geranium dissectum,FALSE
NC5762,Geranium molle,FALSE
NC5762,Geranium nodosum,FALSE
NC5762,Geranium pratense,FALSE
NC5762,Geranium pyrenaicum,FALSE
NC5762,Geranium robertianum,FALSE
NC5762,Geum urbanum,FALSE
NC5762,Glechoma hederacea,FALSE
NC5762,Hedera helix,FALSE
NC5762,Helianthus annuus,FALSE
NC5762,Heracleum mantegazzianum,FALSE
NC5762,Heracleum sphondylium,FALSE
NC5762,Hippocrepis comosa,FALSE
NC5762,Hordeum vulgare,FALSE
NC5762,Hyacinthoides non,FALSE
NC5762,Hypericum forrestii,FALSE
NC5762,Hypericum perforatum,FALSE
NC5762,Hypericum pulchrum,FALSE
NC5762,Hypericum tetrapterum,FALSE
NC5762,Hypochaeris radicata,FALSE
NC5762,Ilex aquifolium,FALSE
NC5762,Impatiens glandulifera,FALSE
NC5762,Impatiens parviflora,FALSE
NC5762,Iris pseudacorus,FALSE
NC5762,Jacobaea erucifolia,FALSE
NC5762,Jacobaea vulgaris,FALSE
NC5762,Jasione montana,FALSE
NC5762,Juncus conglomeratus,FALSE
NC5762,Juncus effusus,FALSE
NC5762,Knautia arvensis,FALSE
NC5762,Lactuca serriola,FALSE
NC5762,Lamium album,FALSE
NC5762,Lamium galeobdolon,FALSE
NC5762,Lamium purpureum,FALSE
NC5762,Lapsana communis,FALSE
NC5762,Lathyrus aphaca,FALSE
NC5762,Lathyrus linifolius,FALSE
NC5762,Lathyrus pratensis,FALSE
NC5762,Leontodon hispidus,FALSE
NC5762,Leontodon saxatilis,FALSE
NC5762,Leucanthemum vulgare,FALSE
NC5762,Ligusticum scoticum,FALSE
NC5762,Limonium vulgare,FALSE
NC5762,Linaria vulgaris,FALSE
NC5762,Linum catharticum,FALSE
NC5762,Linum usitatissimum,FALSE
NC5762,Lonicera caprifolium,FALSE
NC5762,Lonicera periclymenum,FALSE
NC5762,Lotus angustissimus,FALSE
NC5762,Lotus corniculatus,FALSE
NC5762,Lotus pedunculatus,FALSE
NC5762,Lotus subbiflorus,FALSE
NC5762,Luzula campestris,FALSE
NC5762,Lysimachia nemorum,FALSE
NC5762,Lysimachia punctata,FALSE
NC5762,Lysimachia vulgaris,FALSE
NC5762,Lythrum alatum,FALSE
NC5762,Lythrum salicaria,FALSE
NC5762,Malva sylvestris,FALSE
NC5762,Matricaria chamomilla,FALSE
NC5762,Matricaria discoidea,FALSE
NC5762,Medicago lupulina,FALSE
NC5762,Melampyrum pratense,FALSE
NC5762,Mentha aquatica,FALSE
NC5762,Mentha arvensis,FALSE
NC5762,Mercurialis perennis,FALSE
NC5762,Myosotis arvensis,FALSE
NC5762,Myosotis discolor,FALSE
NC5762,Myosotis sylvatica,FALSE
NC5762,Narthecium ossifragum,TRUE
NC5762,Odontites vernus,FALSE
NC5762,Oenanthe crocata,FALSE
NC5762,Origanum vulgare,FALSE
NC5762,Ornithopus perpusillus,FALSE
NC5762,Oxalis acetosella,FALSE
NC5762,Panicum miliaceum,FALSE
NC5762,Papaver rhoeas,FALSE
NC5762,Pedicularis sylvatica,TRUE
NC5762,Persicaria amplexicaulis,FALSE
NC5762,Persicaria bistorta,FALSE
NC5762,Persicaria hydropiper,FALSE
NC5762,Persicaria lapathifolia,FALSE
NC5762,Persicaria maculosa,FALSE
NC5762,Peucedanum ostruthium,FALSE
NC5762,Picris echioides,FALSE
NC5762,Picris hieracioides,FALSE
NC5762,Pilosella officinarum,FALSE
NC5762,Pimpinella saxifraga,FALSE
NC5762,Pinguicula vulgaris,TRUE
NC5762,Plantago lanceolata,FALSE
NC5762,Plantago major,FALSE
NC5762,Plantago maritima,FALSE
NC5762,Poa annua,FALSE
NC5762,Polygala serpyllifolia,TRUE
NC5762,Polygala vulgaris,FALSE
NC5762,Polygonum aviculare,FALSE
NC5762,Potentilla anglica,FALSE
NC5762,Potentilla anserina,FALSE
NC5762,Potentilla erecta,TRUE
NC5762,Potentilla recta,FALSE
NC5762,Potentilla reptans,FALSE
NC5762,Prunella vulgaris,FALSE
NC5762,Prunus spinosa,FALSE
NC5762,Pulicaria dysenterica,FALSE
NC5762,Ranunculus acris,FALSE
NC5762,Ranunculus bulbosus,TRUE
NC5762,Ranunculus ficaria,FALSE
NC5762,Ranunculus flammula,TRUE
NC5762,Ranunculus repens,FALSE
NC5762,Ranunculus sardous,FALSE
NC5762,Raphanus raphanistrum,FALSE
NC5762,Raphanus sativus,FALSE
NC5762,Rhinanthus minor,FALSE
NC5762,Rosa arvensis,FALSE
NC5762,Rosa canina,FALSE
NC5762,Rubus caesius,FALSE
NC5762,Rubus fruticosus,FALSE
NC5762,Rubus idaeus,FALSE
NC5762,Rumex acetosa,FALSE
NC5762,Rumex acetosella,FALSE
NC5762,Rumex crispus,FALSE
NC5762,Rumex obtusifolius,FALSE
NC5762,Rumex sanguineus,FALSE
NC5762,Sagina saginoides,FALSE
NC5762,Sambucus nigra,FALSE
NC5762,Sanguisorba officinalis,FALSE
NC5762,Scorzoneroides autumnalis,TRUE
NC5762,Scrophularia auriculata,FALSE
NC5762,Scrophularia nodosa,FALSE
NC5762,Sedum anglicum,FALSE
NC5762,Senecio erucifolius,FALSE
NC5762,Senecio jacobaea,FALSE
NC5762,Senecio vulgaris,FALSE
NC5762,Sherardia arvensis,FALSE
NC5762,Silene dioica,FALSE
NC5762,Silene latifolia,FALSE
NC5762,Silybum marianum,FALSE
NC5762,Sinapis alba,FALSE
NC5762,Sinapis arvensis,FALSE
NC5762,Sisymbrium officinale,FALSE
NC5762,Solanum dulcamara,FALSE
NC5762,Solanum nigrum,FALSE
NC5762,Solanum tuberosum,FALSE
NC5762,Sonchus arvensis,FALSE
NC5762,Sonchus asper,FALSE
NC5762,Sonchus oleraceus,FALSE
NC5762,Sorbus aucuparia,FALSE
NC5762,Spergula arvensis,FALSE
NC5762,Spergularia media,FALSE
NC5762,Stachys arvensis,FALSE
NC5762,Stachys palustris,FALSE
NC5762,Stachys sylvatica,FALSE
NC5762,Stellaria alsine,FALSE
NC5762,Stellaria graminea,FALSE
NC5762,Stellaria holostea,FALSE
NC5762,Stellaria media,FALSE
NC5762,Suaeda maritima,FALSE
NC5762,Succisa pratensis,TRUE
NC5762,Symphytum officinale,FALSE
NC5762,Taraxacum agg,FALSE
NC5762,Taraxacum officinale,FALSE
NC5762,Teucrium scorodonia,FALSE
NC5762,Thlaspi arvense,FALSE
NC5762,Thymus polytrichus,FALSE
NC5762,Thymus vulgaris,FALSE
NC5762,Torilis japonica,FALSE
NC5762,Tragopogon pratensis,FALSE
NC5762,Trientalis europaea,FALSE
NC5762,Trifolium arvense,FALSE
NC5762,Trifolium campestre,FALSE
NC5762,Trifolium constantinopolitanum,FALSE
NC5762,Trifolium dubium,FALSE
NC5762,Trifolium pratense,FALSE
NC5762,Trifolium repens,FALSE
NC5762,Tripleurospermum inodorum,FALSE
NC5762,Tripleurospermum maritimum,FALSE
NC5762,Turgenia latifolia,FALSE
NC5762,Ulex europaeus,FALSE
NC5762,Ulex gallii,FALSE
NC5762,Urtica dioica,FALSE
NC5762,Vaccinium myrtillus,FALSE
NC5762,Vaccinium oxycoccos,FALSE
NC5762,Vaccinium vitis,FALSE
NC5762,Valeriana dioica,FALSE
NC5762,Valeriana officinalis,FALSE
NC5762,Verbena officinalis,FALSE
NC5762,Verbena x,FALSE
NC5762,Veronica agrestis,FALSE
NC5762,Veronica arvensis,FALSE
NC5762,Veronica beccabunga,FALSE
NC5762,Veronica chamaedrys,FALSE
NC5762,Veronica hederifolia,FALSE
NC5762,Veronica montana,FALSE
NC5762,Veronica officinalis,FALSE
NC5762,Veronica persica,FALSE
NC5762,Veronica polita,FALSE
NC5762,Veronica serpyllifolia,FALSE
NC5762,Vicia benghalensis,FALSE
NC5762,Vicia cracca,FALSE
NC5762,Vicia faba,FALSE
NC5762,Vicia hirsuta,FALSE
NC5762,Vicia lutea,FALSE
NC5762,Vicia sativa,FALSE
NC5762,Vicia sepium,FALSE
NC5762,Vicia spp,FALSE
NC5762,Vicia tetrasperma,FALSE
NC5762,Viola arvensis,FALSE
NC5762,Viola canina,FALSE
NC5762,Viola palustris,FALSE
NC5762,Viola riviniana,FALSE
NC5762,Zea mays,FALSE
NC7158,Acer pseudoplatanus,FALSE
NC7158,Achillea millefolium,FALSE
NC7158,Achillea ptarmica,FALSE
NC7158,Aegopodium podagraria,FALSE
NC7158,Aethusa cynapium,FALSE
NC7158,Ajuga reptans,FALSE
NC7158,Alliaria petiolata,FALSE
NC7158,Alnus glutinosa,FALSE
NC7158,Anagallis arvensis,FALSE
NC7158,Anchusa arvensis,FALSE
NC7158,Anemone nemorosa,FALSE
NC7158,Angelica sylvestris,FALSE
NC7158,Anthemis cotula,FALSE
NC7158,Anthriscus caucalis,FALSE
NC7158,Anthriscus sylvestris,FALSE
NC7158,Apium nodiflorum,FALSE
NC7158,Armeria maritima,FALSE
NC7158,Artemisia absinthium,FALSE
NC7158,Artemisia annua,FALSE
NC7158,Artemisia vulgaris,FALSE
NC7158,Aster tripolium,FALSE
NC7158,Atriplex patula,FALSE
NC7158,Atriplex portulacoides,FALSE
NC7158,Ballota nigra,FALSE
NC7158,Barbarea vulgaris,FALSE
NC7158,Bellis perennis,TRUE
NC7158,Berula erecta,FALSE
NC7158,Brassica napus,FALSE
NC7158,Brassica oleracea,FALSE
NC7158,Brassica rapa,FALSE
NC7158,Bryonia dioica,FALSE
NC7158,Buddleja davidii,FALSE
NC7158,Bupleurum tenuissimum,FALSE
NC7158,Calluna vulgaris,TRUE
NC7158,Caltha palustris,FALSE
NC7158,Calystegia sepium,FALSE
NC7158,Campanula rotundifolia,FALSE
NC7158,Capsella bursa,FALSE
NC7158,Cardamine flexuosa,FALSE
NC7158,Cardamine hirsuta,FALSE
NC7158,Cardamine pratensis,FALSE
NC7158,Carduus nutans,FALSE
NC7158,Carum verticillatum,FALSE
NC7158,Centaurea cyanus,FALSE
NC7158,Centaurea nigra,FALSE
NC7158,Centaurea scabiosa,FALSE
NC7158,Centaurium erythraea,FALSE
NC7158,Cerastium arvense,TRUE
NC7158,Cerastium fontanum,FALSE
NC7158,Cerastium glomeratum,FALSE
NC7158,Ceratocapnos claviculata,FALSE
NC7158,Chaerophyllum temulum,FALSE
NC7158,Chamaemelum nobile,FALSE
NC7158,Chamerion angustifolium,FALSE
NC7158,Chenopodium album,FALSE
NC7158,Chenopodium ficifolium,FALSE
NC7158,Chenopodium quinoa,FALSE
NC7158,Cichorium intybus,FALSE
NC7158,Circaea lutetiana,FALSE
NC7158,Cirsium arvense,FALSE
NC7158,Cirsium eriophorum,FALSE
NC7158,Cirsium palustre,FALSE
NC7158,Cirsium vulgare,FALSE
NC7158,Clematis vitalba,FALSE
NC7158,Clinopodium vulgare,FALSE
NC7158,Conium maculatum,FALSE
NC7158,Conopodium majus,TRUE
NC7158,Convolvulus arvensis,FALSE
NC7158,Conyza canadensis,FALSE
NC7158,Cotoneaster salicifolius,FALSE
NC7158,Crataegus monogyna,FALSE
NC7158,Crepis capillaris,FALSE
NC7158,Crepis vesicaria,FALSE
NC7158,Cruciata laevipes,FALSE
NC7158,Cytisus scoparius,FALSE
NC7158,Dactylorhiza fuchsii,TRUE
NC7158,Dactylorhiza maculata,FALSE
NC7158,Daucus carota,FALSE
NC7158,Digitalis ferruginea,FALSE
NC7158,Digitalis grandiflora,FALSE
NC7158,Digitalis purpurea,FALSE
NC7158,Dioscorea communis,FALSE
NC7158,Doronicum plantagineum,FALSE
NC7158,Drosera anglica,FALSE
NC7158,Drosera rotundifolia,FALSE
NC7158,Dryas octopetala,FALSE
NC7158,Epilobium hirsutum,FALSE
NC7158,Epilobium montanum,FALSE
NC7158,Epilobium obscurum,FALSE
NC7158,Epilobium palustre,FALSE
NC7158,Epilobium parviflorum,FALSE
NC7158,Epilobium roseum,FALSE
NC7158,Epilobium tetragonum,FALSE
NC7158,Erica cinerea,TRUE
NC7158,Erica tetralix,TRUE
NC7158,Eriophorum vaginatum,FALSE
NC7158,Eupatorium cannabinum,FALSE
NC7158,Euphorbia exigua,FALSE
NC7158,Euphorbia helioscopia,FALSE
NC7158,Euphrasia officinalis,FALSE
NC7158,Fagopyrum esculentum,FALSE
NC7158,Fallopia convolvulus,FALSE
NC7158,Filipendula ulmaria,FALSE
NC7158,Fumaria officinalis,FALSE
NC7158,Galeopsis speciosa,FALSE
NC7158,Galeopsis tetrahit,FALSE
NC7158,Galium aparine,FALSE
NC7158,Galium mollugo,FALSE
NC7158,Galium odoratum,FALSE
NC7158,Galium palustre,FALSE
NC7158,Galium saxatile,TRUE
NC7158,Galium verum,FALSE
NC7158,Genista anglica,TRUE
NC7158,Geranium dissectum,FALSE
NC7158,Geranium molle,FALSE
NC7158,Geranium nodosum,FALSE
NC7158,Geranium pratense,FALSE
NC7158,Geranium pyrenaicum,FALSE
NC7158,Geranium robertianum,FALSE
NC7158,Geum urbanum,FALSE
NC7158,Glechoma hederacea,FALSE
NC7158,Hedera helix,FALSE
NC7158,Helianthus annuus,FALSE
NC7158,Heracleum mantegazzianum,FALSE
NC7158,Heracleum sphondylium,TRUE
NC7158,Hippocrepis comosa,FALSE
NC7158,Hordeum vulgare,FALSE
NC7158,Hyacinthoides non,FALSE
NC7158,Hypericum forrestii,FALSE
NC7158,Hypericum perforatum,FALSE
NC7158,Hypericum pulchrum,FALSE
NC7158,Hypericum tetrapterum,FALSE
NC7158,Hypochaeris radicata,FALSE
NC7158,Ilex aquifolium,FALSE
NC7158,Impatiens glandulifera,FALSE
NC7158,Impatiens parviflora,FALSE
NC7158,Iris pseudacorus,FALSE
NC7158,Jacobaea erucifolia,FALSE
NC7158,Jacobaea vulgaris,FALSE
NC7158,Jasione montana,FALSE
NC7158,Juncus conglomeratus,FALSE
NC7158,Juncus effusus,FALSE
NC7158,Knautia arvensis,FALSE
NC7158,Lactuca serriola,FALSE
NC7158,Lamium album,FALSE
NC7158,Lamium galeobdolon,FALSE
NC7158,Lamium purpureum,FALSE
NC7158,Lapsana communis,FALSE
NC7158,Lathyrus aphaca,FALSE
NC7158,Lathyrus linifolius,FALSE
NC7158,Lathyrus pratensis,FALSE
NC7158,Leontodon hispidus,FALSE
NC7158,Leontodon saxatilis,FALSE
NC7158,Leucanthemum vulgare,FALSE
NC7158,Ligusticum scoticum,FALSE
NC7158,Limonium vulgare,FALSE
NC7158,Linaria vulgaris,FALSE
NC7158,Linum catharticum,FALSE
NC7158,Linum usitatissimum,FALSE
NC7158,Lonicera caprifolium,FALSE
NC7158,Lonicera periclymenum,FALSE
NC7158,Lotus angustissimus,FALSE
NC7158,Lotus corniculatus,TRUE
NC7158,Lotus pedunculatus,FALSE
NC7158,Lotus subbiflorus,FALSE
NC7158,Luzula campestris,FALSE
NC7158,Lysimachia nemorum,FALSE
NC7158,Lysimachia punctata,FALSE
NC7158,Lysimachia vulgaris,FALSE
NC7158,Lythrum alatum,FALSE
NC7158,Lythrum salicaria,FALSE
NC7158,Malva sylvestris,FALSE
NC7158,Matricaria chamomilla,FALSE
NC7158,Matricaria discoidea,FALSE
NC7158,Medicago lupulina,FALSE
NC7158,Melampyrum pratense,FALSE
NC7158,Mentha aquatica,FALSE
NC7158,Mentha arvensis,FALSE
NC7158,Mercurialis perennis,FALSE
NC7158,Myosotis arvensis,FALSE
NC7158,Myosotis discolor,FALSE
NC7158,Myosotis sylvatica,FALSE
NC7158,Narthecium ossifragum,TRUE
NC7158,Odontites vernus,FALSE
NC7158,Oenanthe crocata,FALSE
NC7158,Origanum vulgare,FALSE
NC7158,Ornithopus perpusillus,FALSE
NC7158,Oxalis acetosella,FALSE
NC7158,Panicum miliaceum,FALSE
NC7158,Papaver rhoeas,FALSE
NC7158,Pedicularis sylvatica,FALSE
NC7158,Persicaria amplexicaulis,FALSE
NC7158,Persicaria bistorta,FALSE
NC7158,Persicaria hydropiper,FALSE
NC7158,Persicaria lapathifolia,FALSE
NC7158,Persicaria maculosa,FALSE
NC7158,Peucedanum ostruthium,FALSE
NC7158,Picris echioides,FALSE
NC7158,Picris hieracioides,FALSE
NC7158,Pilosella officinarum,FALSE
NC7158,Pimpinella saxifraga,FALSE
NC7158,Pinguicula vulgaris,FALSE
NC7158,Plantago lanceolata,TRUE
NC7158,Plantago major,FALSE
NC7158,Plantago maritima,FALSE
NC7158,Poa annua,FALSE
NC7158,Polygala serpyllifolia,TRUE
NC7158,Polygala vulgaris,FALSE
NC7158,Polygonum aviculare,FALSE
NC7158,Potentilla anglica,FALSE
NC7158,Potentilla anserina,FALSE
NC7158,Potentilla erecta,TRUE
NC7158,Potentilla recta,FALSE
NC7158,Potentilla reptans,FALSE
NC7158,Prunella vulgaris,FALSE
NC7158,Prunus spinosa,FALSE
NC7158,Pulicaria dysenterica,FALSE
NC7158,Ranunculus acris,TRUE
NC7158,Ranunculus bulbosus,FALSE
NC7158,Ranunculus ficaria,FALSE
NC7158,Ranunculus flammula,TRUE
NC7158,Ranunculus repens,TRUE
NC7158,Ranunculus sardous,FALSE
NC7158,Raphanus raphanistrum,FALSE
NC7158,Raphanus sativus,FALSE
NC7158,Rhinanthus minor,TRUE
NC7158,Rosa arvensis,FALSE
NC7158,Rosa canina,FALSE
NC7158,Rubus caesius,FALSE
NC7158,Rubus fruticosus,FALSE
NC7158,Rubus idaeus,FALSE
NC7158,Rumex acetosa,TRUE
NC7158,Rumex acetosella,FALSE
NC7158,Rumex crispus,FALSE
NC7158,Rumex obtusifolius,FALSE
NC7158,Rumex sanguineus,FALSE
NC7158,Sagina saginoides,FALSE
NC7158,Sambucus nigra,FALSE
NC7158,Sanguisorba officinalis,FALSE
NC7158,Scorzoneroides autumnalis,TRUE
NC7158,Scrophularia auriculata,FALSE
NC7158,Scrophularia nodosa,FALSE
NC7158,Sedum anglicum,FALSE
NC7158,Senecio erucifolius,FALSE
NC7158,Senecio jacobaea,FALSE
NC7158,Senecio vulgaris,FALSE
NC7158,Sherardia arvensis,FALSE
NC7158,Silene dioica,FALSE
NC7158,Silene latifolia,FALSE
NC7158,Silybum marianum,FALSE
NC7158,Sinapis alba,FALSE
NC7158,Sinapis arvensis,FALSE
NC7158,Sisymbrium officinale,FALSE
NC7158,Solanum dulcamara,FALSE
NC7158,Solanum nigrum,FALSE
NC7158,Solanum tuberosum,FALSE
NC7158,Sonchus arvensis,FALSE
NC7158,Sonchus asper,FALSE
NC7158,Sonchus oleraceus,FALSE
NC7158,Sorbus aucuparia,FALSE
NC7158,Spergula arvensis,FALSE
NC7158,Spergularia media,FALSE
NC7158,Stachys arvensis,FALSE
NC7158,Stachys palustris,FALSE
NC7158,Stachys sylvatica,FALSE
NC7158,Stellaria alsine,FALSE
NC7158,Stellaria graminea,TRUE
NC7158,Stellaria holostea,FALSE
NC7158,Stellaria media,FALSE
NC7158,Suaeda maritima,FALSE
NC7158,Succisa pratensis,TRUE
NC7158,Symphytum officinale,FALSE
NC7158,Taraxacum agg,FALSE
NC7158,Taraxacum officinale,FALSE
NC7158,Teucrium scorodonia,FALSE
NC7158,Thlaspi arvense,FALSE
NC7158,Thymus polytrichus,FALSE
NC7158,Thymus vulgaris,FALSE
NC7158,Torilis japonica,FALSE
NC7158,Tragopogon pratensis,FALSE
NC7158,Trientalis europaea,FALSE
NC7158,Trifolium arvense,FALSE
NC7158,Trifolium campestre,FALSE
NC7158,Trifolium constantinopolitanum,FALSE
NC7158,Trifolium dubium,TRUE
NC7158,Trifolium pratense,FALSE
NC7158,Trifolium repens,TRUE
NC7158,Tripleurospermum inodorum,FALSE
NC7158,Tripleurospermum maritimum,FALSE
NC7158,Turgenia latifolia,FALSE
NC7158,Ulex europaeus,TRUE
NC7158,Ulex gallii,FALSE
NC7158,Urtica dioica,FALSE
NC7158,Vaccinium myrtillus,FALSE
NC7158,Vaccinium oxycoccos,FALSE
NC7158,Vaccinium vitis,FALSE
NC7158,Valeriana dioica,FALSE
NC7158,Valeriana officinalis,FALSE
NC7158,Verbena officinalis,FALSE
NC7158,Verbena x,FALSE
NC7158,Veronica agrestis,FALSE
NC7158,Veronica arvensis,FALSE
NC7158,Veronica beccabunga,FALSE
NC7158,Veronica chamaedrys,TRUE
NC7158,Veronica hederifolia,FALSE
NC7158,Veronica montana,FALSE
NC7158,Veronica officinalis,TRUE
NC7158,Veronica persica,FALSE
NC7158,Veronica polita,FALSE
NC7158,Veronica serpyllifolia,FALSE
NC7158,Vicia benghalensis,FALSE
NC7158,Vicia cracca,FALSE
NC7158,Vicia faba,FALSE
NC7158,Vicia hirsuta,FALSE
NC7158,Vicia lutea,FALSE
NC7158,Vicia sativa,TRUE
NC7158,Vicia sepium,FALSE
NC7158,Vicia spp,FALSE
NC7158,Vicia tetrasperma,FALSE
NC7158,Viola arvensis,FALSE
NC7158,Viola canina,FALSE
NC7158,Viola palustris,FALSE
NC7158,Viola riviniana,FALSE
NC7158,Zea mays,FALSE
NJ0327,Acer pseudoplatanus,FALSE
NJ0327,Achillea millefolium,FALSE
NJ0327,Achillea ptarmica,FALSE
NJ0327,Aegopodium podagraria,FALSE
NJ0327,Aethusa cynapium,FALSE
NJ0327,Ajuga reptans,FALSE
NJ0327,Alliaria petiolata,FALSE
NJ0327,Alnus glutinosa,FALSE
NJ0327,Anagallis arvensis,FALSE
NJ0327,Anchusa arvensis,FALSE
NJ0327,Anemone nemorosa,FALSE
NJ0327,Angelica sylvestris,FALSE
NJ0327,Anthemis cotula,FALSE
NJ0327,Anthriscus caucalis,FALSE
NJ0327,Anthriscus sylvestris,FALSE
NJ0327,Apium nodiflorum,FALSE
NJ0327,Armeria maritima,FALSE
NJ0327,Artemisia absinthium,FALSE
NJ0327,Artemisia annua,FALSE
NJ0327,Artemisia vulgaris,FALSE
NJ0327,Aster tripolium,FALSE
NJ0327,Atriplex patula,FALSE
NJ0327,Atriplex portulacoides,FALSE
NJ0327,Ballota nigra,FALSE
NJ0327,Barbarea vulgaris,FALSE
NJ0327,Bellis perennis,FALSE
NJ0327,Berula erecta,FALSE
NJ0327,Brassica napus,FALSE
NJ0327,Brassica oleracea,FALSE
NJ0327,Brassica rapa,FALSE
NJ0327,Bryonia dioica,FALSE
NJ0327,Buddleja davidii,FALSE
NJ0327,Bupleurum tenuissimum,FALSE
NJ0327,Calluna vulgaris,TRUE
NJ0327,Caltha palustris,FALSE
NJ0327,Calystegia sepium,FALSE
NJ0327,Campanula rotundifolia,FALSE
NJ0327,Capsella bursa,FALSE
NJ0327,Cardamine flexuosa,FALSE
NJ0327,Cardamine hirsuta,FALSE
NJ0327,Cardamine pratensis,TRUE
NJ0327,Carduus nutans,FALSE
NJ0327,Carum verticillatum,FALSE
NJ0327,Centaurea cyanus,FALSE
NJ0327,Centaurea nigra,FALSE
NJ0327,Centaurea scabiosa,FALSE
NJ0327,Centaurium erythraea,FALSE
NJ0327,Cerastium arvense,FALSE
NJ0327,Cerastium fontanum,FALSE
NJ0327,Cerastium glomeratum,FALSE
NJ0327,Ceratocapnos claviculata,FALSE
NJ0327,Chaerophyllum temulum,FALSE
NJ0327,Chamaemelum nobile,FALSE
NJ0327,Chamerion angustifolium,FALSE
NJ0327,Chenopodium album,FALSE
NJ0327,Chenopodium ficifolium,FALSE
NJ0327,Chenopodium quinoa,FALSE
NJ0327,Cichorium intybus,FALSE
NJ0327,Circaea lutetiana,FALSE
NJ0327,Cirsium arvense,TRUE
NJ0327,Cirsium eriophorum,FALSE
NJ0327,Cirsium palustre,TRUE
NJ0327,Cirsium vulgare,FALSE
NJ0327,Clematis vitalba,FALSE
NJ0327,Clinopodium vulgare,FALSE
NJ0327,Conium maculatum,FALSE
NJ0327,Conopodium majus,FALSE
NJ0327,Convolvulus arvensis,FALSE
NJ0327,Conyza canadensis,FALSE
NJ0327,Cotoneaster salicifolius,FALSE
NJ0327,Crataegus monogyna,FALSE
NJ0327,Crepis capillaris,FALSE
NJ0327,Crepis vesicaria,FALSE
NJ0327,Cruciata laevipes,FALSE
NJ0327,Cytisus scoparius,FALSE
NJ0327,Dactylorhiza fuchsii,FALSE
NJ0327,Dactylorhiza maculata,FALSE
NJ0327,Daucus carota,FALSE
NJ0327,Digitalis ferruginea,FALSE
NJ0327,Digitalis grandiflora,FALSE
NJ0327,Digitalis purpurea,FALSE
NJ0327,Dioscorea communis,FALSE
NJ0327,Doronicum plantagineum,FALSE
NJ0327,Drosera anglica,FALSE
NJ0327,Drosera rotundifolia,FALSE
NJ0327,Dryas octopetala,FALSE
NJ0327,Epilobium hirsutum,FALSE
NJ0327,Epilobium montanum,FALSE
NJ0327,Epilobium obscurum,FALSE
NJ0327,Epilobium palustre,FALSE
NJ0327,Epilobium parviflorum,FALSE
NJ0327,Epilobium roseum,FALSE
NJ0327,Epilobium tetragonum,FALSE
NJ0327,Erica cinerea,FALSE
NJ0327,Erica tetralix,FALSE
NJ0327,Eriophorum vaginatum,FALSE
NJ0327,Eupatorium cannabinum,FALSE
NJ0327,Euphorbia exigua,FALSE
NJ0327,Euphorbia helioscopia,FALSE
NJ0327,Euphrasia officinalis,FALSE
NJ0327,Fagopyrum esculentum,FALSE
NJ0327,Fallopia convolvulus,FALSE
NJ0327,Filipendula ulmaria,FALSE
NJ0327,Fumaria officinalis,FALSE
NJ0327,Galeopsis speciosa,FALSE
NJ0327,Galeopsis tetrahit,FALSE
NJ0327,Galium aparine,FALSE
NJ0327,Galium mollugo,FALSE
NJ0327,Galium odoratum,FALSE
NJ0327,Galium palustre,FALSE
NJ0327,Galium saxatile,TRUE
NJ0327,Galium verum,TRUE
NJ0327,Genista anglica,FALSE
NJ0327,Geranium dissectum,FALSE
NJ0327,Geranium molle,FALSE
NJ0327,Geranium nodosum,FALSE
NJ0327,Geranium pratense,FALSE
NJ0327,Geranium pyrenaicum,FALSE
NJ0327,Geranium robertianum,FALSE
NJ0327,Geum urbanum,FALSE
NJ0327,Glechoma hederacea,FALSE
NJ0327,Hedera helix,FALSE
NJ0327,Helianthus annuus,FALSE
NJ0327,Heracleum mantegazzianum,FALSE
NJ0327,Heracleum sphondylium,FALSE
NJ0327,Hippocrepis comosa,FALSE
NJ0327,Hordeum vulgare,FALSE
NJ0327,Hyacinthoides non,FALSE
NJ0327,Hypericum forrestii,FALSE
NJ0327,Hypericum perforatum,FALSE
NJ0327,Hypericum pulchrum,TRUE
NJ0327,Hypericum tetrapterum,FALSE
NJ0327,Hypochaeris radicata,FALSE
NJ0327,Ilex aquifolium,FALSE
NJ0327,Impatiens glandulifera,FALSE
NJ0327,Impatiens parviflora,FALSE
NJ0327,Iris pseudacorus,FALSE
NJ0327,Jacobaea erucifolia,FALSE
NJ0327,Jacobaea vulgaris,FALSE
NJ0327,Jasione montana,FALSE
NJ0327,Juncus conglomeratus,FALSE
NJ0327,Juncus effusus,FALSE
NJ0327,Knautia arvensis,FALSE
NJ0327,Lactuca serriola,FALSE
NJ0327,Lamium album,FALSE
NJ0327,Lamium galeobdolon,FALSE
NJ0327,Lamium purpureum,FALSE
NJ0327,Lapsana communis,FALSE
NJ0327,Lathyrus aphaca,FALSE
NJ0327,Lathyrus linifolius,FALSE
NJ0327,Lathyrus pratensis,FALSE
NJ0327,Leontodon hispidus,FALSE
NJ0327,Leontodon saxatilis,TRUE
NJ0327,Leucanthemum vulgare,FALSE
NJ0327,Ligusticum scoticum,FALSE
NJ0327,Limonium vulgare,FALSE
NJ0327,Linaria vulgaris,FALSE
NJ0327,Linum catharticum,FALSE
NJ0327,Linum usitatissimum,FALSE
NJ0327,Lonicera caprifolium,FALSE
NJ0327,Lonicera periclymenum,FALSE
NJ0327,Lotus angustissimus,FALSE
NJ0327,Lotus corniculatus,FALSE
NJ0327,Lotus pedunculatus,FALSE
NJ0327,Lotus subbiflorus,FALSE
NJ0327,Luzula campestris,FALSE
NJ0327,Lysimachia nemorum,FALSE
NJ0327,Lysimachia punctata,FALSE
NJ0327,Lysimachia vulgaris,FALSE
NJ0327,Lythrum alatum,FALSE
NJ0327,Lythrum salicaria,FALSE
NJ0327,Malva sylvestris,FALSE
NJ0327,Matricaria chamomilla,FALSE
NJ0327,Matricaria discoidea,FALSE
NJ0327,Medicago lupulina,FALSE
NJ0327,Melampyrum pratense,FALSE
NJ0327,Mentha aquatica,FALSE
NJ0327,Mentha arvensis,FALSE
NJ0327,Mercurialis perennis,FALSE
NJ0327,Myosotis arvensis,FALSE
NJ0327,Myosotis discolor,FALSE
NJ0327,Myosotis sylvatica,FALSE
NJ0327,Narthecium ossifragum,FALSE
NJ0327,Odontites vernus,FALSE
NJ0327,Oenanthe crocata,FALSE
NJ0327,Origanum vulgare,FALSE
NJ0327,Ornithopus perpusillus,FALSE
NJ0327,Oxalis acetosella,FALSE
NJ0327,Panicum miliaceum,FALSE
NJ0327,Papaver rhoeas,FALSE
NJ0327,Pedicularis sylvatica,FALSE
NJ0327,Persicaria amplexicaulis,FALSE
NJ0327,Persicaria bistorta,FALSE
NJ0327,Persicaria hydropiper,FALSE
NJ0327,Persicaria lapathifolia,FALSE
NJ0327,Persicaria maculosa,FALSE
NJ0327,Peucedanum ostruthium,FALSE
NJ0327,Picris echioides,FALSE
NJ0327,Picris hieracioides,FALSE
NJ0327,Pilosella officinarum,FALSE
NJ0327,Pimpinella saxifraga,FALSE
NJ0327,Pinguicula vulgaris,FALSE
NJ0327,Plantago lanceolata,FALSE
NJ0327,Plantago major,FALSE
NJ0327,Plantago maritima,FALSE
NJ0327,Poa annua,FALSE
NJ0327,Polygala serpyllifolia,TRUE
NJ0327,Polygala vulgaris,FALSE
NJ0327,Polygonum aviculare,FALSE
NJ0327,Potentilla anglica,FALSE
NJ0327,Potentilla anserina,FALSE
NJ0327,Potentilla erecta,TRUE
NJ0327,Potentilla recta,FALSE
NJ0327,Potentilla reptans,FALSE
NJ0327,Prunella vulgaris,FALSE
NJ0327,Prunus spinosa,FALSE
NJ0327,Pulicaria dysenterica,FALSE
NJ0327,Ranunculus acris,FALSE
NJ0327,Ranunculus bulbosus,FALSE
NJ0327,Ranunculus ficaria,FALSE
NJ0327,Ranunculus flammula,FALSE
NJ0327,Ranunculus repens,TRUE
NJ0327,Ranunculus sardous,FALSE
NJ0327,Raphanus raphanistrum,FALSE
NJ0327,Raphanus sativus,FALSE
NJ0327,Rhinanthus minor,TRUE
NJ0327,Rosa arvensis,FALSE
NJ0327,Rosa canina,FALSE
NJ0327,Rubus caesius,FALSE
NJ0327,Rubus fruticosus,FALSE
NJ0327,Rubus idaeus,FALSE
NJ0327,Rumex acetosa,FALSE
NJ0327,Rumex acetosella,FALSE
NJ0327,Rumex crispus,FALSE
NJ0327,Rumex obtusifolius,FALSE
NJ0327,Rumex sanguineus,FALSE
NJ0327,Sagina saginoides,FALSE
NJ0327,Sambucus nigra,FALSE
NJ0327,Sanguisorba officinalis,FALSE
NJ0327,Scorzoneroides autumnalis,FALSE
NJ0327,Scrophularia auriculata,FALSE
NJ0327,Scrophularia nodosa,FALSE
NJ0327,Sedum anglicum,FALSE
NJ0327,Senecio erucifolius,FALSE
NJ0327,Senecio jacobaea,FALSE
NJ0327,Senecio vulgaris,FALSE
NJ0327,Sherardia arvensis,FALSE
NJ0327,Silene dioica,FALSE
NJ0327,Silene latifolia,FALSE
NJ0327,Silybum marianum,FALSE
NJ0327,Sinapis alba,FALSE
NJ0327,Sinapis arvensis,FALSE
NJ0327,Sisymbrium officinale,FALSE
NJ0327,Solanum dulcamara,FALSE
NJ0327,Solanum nigrum,FALSE
NJ0327,Solanum tuberosum,FALSE
NJ0327,Sonchus arvensis,FALSE
NJ0327,Sonchus asper,FALSE
NJ0327,Sonchus oleraceus,FALSE
NJ0327,Sorbus aucuparia,FALSE
NJ0327,Spergula arvensis,FALSE
NJ0327,Spergularia media,FALSE
NJ0327,Stachys arvensis,FALSE
NJ0327,Stachys palustris,FALSE
NJ0327,Stachys sylvatica,FALSE
NJ0327,Stellaria alsine,FALSE
NJ0327,Stellaria graminea,TRUE
NJ0327,Stellaria holostea,FALSE
NJ0327,Stellaria media,FALSE
NJ0327,Suaeda maritima,FALSE
NJ0327,Succisa pratensis,TRUE
NJ0327,Symphytum officinale,FALSE
NJ0327,Taraxacum agg,FALSE
NJ0327,Taraxacum officinale,TRUE
NJ0327,Teucrium scorodonia,FALSE
NJ0327,Thlaspi arvense,FALSE
NJ0327,Thymus polytrichus,FALSE
NJ0327,Thymus vulgaris,FALSE
NJ0327,Torilis japonica,FALSE
NJ0327,Tragopogon pratensis,FALSE
NJ0327,Trientalis europaea,FALSE
NJ0327,Trifolium arvense,FALSE
NJ0327,Trifolium campestre,FALSE
NJ0327,Trifolium constantinopolitanum,FALSE
NJ0327,Trifolium dubium,FALSE
NJ0327,Trifolium pratense,FALSE
NJ0327,Trifolium repens,FALSE
NJ0327,Tripleurospermum inodorum,FALSE
NJ0327,Tripleurospermum maritimum,FALSE
NJ0327,Turgenia latifolia,FALSE
NJ0327,Ulex europaeus,FALSE
NJ0327,Ulex gallii,FALSE
NJ0327,Urtica dioica,FALSE
NJ0327,Vaccinium myrtillus,TRUE
NJ0327,Vaccinium oxycoccos,FALSE
NJ0327,Vaccinium vitis,TRUE
NJ0327,Valeriana dioica,FALSE
NJ0327,Valeriana officinalis,FALSE
NJ0327,Verbena officinalis,FALSE
NJ0327,Verbena x,FALSE
NJ0327,Veronica agrestis,FALSE
NJ0327,Veronica arvensis,FALSE
NJ0327,Veronica beccabunga,FALSE
NJ0327,Veronica chamaedrys,FALSE
NJ0327,Veronica hederifolia,FALSE
NJ0327,Veronica montana,FALSE
NJ0327,Veronica officinalis,TRUE
NJ0327,Veronica persica,FALSE
NJ0327,Veronica polita,FALSE
NJ0327,Veronica serpyllifolia,FALSE
NJ0327,Vicia benghalensis,FALSE
NJ0327,Vicia cracca,TRUE
NJ0327,Vicia faba,FALSE
NJ0327,Vicia hirsuta,FALSE
NJ0327,Vicia lutea,FALSE
NJ0327,Vicia sativa,FALSE
NJ0327,Vicia sepium,FALSE
NJ0327,Vicia spp,FALSE
NJ0327,Vicia tetrasperma,FALSE
NJ0327,Viola arvensis,FALSE
NJ0327,Viola canina,FALSE
NJ0327,Viola palustris,FALSE
NJ0327,Viola riviniana,TRUE
NJ0327,Zea mays,FALSE
NJ6415,Acer pseudoplatanus,FALSE
NJ6415,Achillea millefolium,FALSE
NJ6415,Achillea ptarmica,FALSE
NJ6415,Aegopodium podagraria,FALSE
NJ6415,Aethusa cynapium,FALSE
NJ6415,Ajuga reptans,FALSE
NJ6415,Alliaria petiolata,FALSE
NJ6415,Alnus glutinosa,FALSE
NJ6415,Anagallis arvensis,FALSE
NJ6415,Anchusa arvensis,FALSE
NJ6415,Anemone nemorosa,FALSE
NJ6415,Angelica sylvestris,FALSE
NJ6415,Anthemis cotula,FALSE
NJ6415,Anthriscus caucalis,FALSE
NJ6415,Anthriscus sylvestris,FALSE
NJ6415,Apium nodiflorum,FALSE
NJ6415,Armeria maritima,FALSE
NJ6415,Artemisia absinthium,FALSE
NJ6415,Artemisia annua,FALSE
NJ6415,Artemisia vulgaris,FALSE
NJ6415,Aster tripolium,FALSE
NJ6415,Atriplex patula,FALSE
NJ6415,Atriplex portulacoides,FALSE
NJ6415,Ballota nigra,FALSE
NJ6415,Barbarea vulgaris,FALSE
NJ6415,Bellis perennis,FALSE
NJ6415,Berula erecta,FALSE
NJ6415,Brassica napus,FALSE
NJ6415,Brassica oleracea,FALSE
NJ6415,Brassica rapa,FALSE
NJ6415,Bryonia dioica,FALSE
NJ6415,Buddleja davidii,FALSE
NJ6415,Bupleurum tenuissimum,FALSE
NJ6415,Calluna vulgaris,TRUE
NJ6415,Caltha palustris,FALSE
NJ6415,Calystegia sepium,FALSE
NJ6415,Campanula rotundifolia,FALSE
NJ6415,Capsella bursa,FALSE
NJ6415,Cardamine flexuosa,FALSE
NJ6415,Cardamine hirsuta,FALSE
NJ6415,Cardamine pratensis,FALSE
NJ6415,Carduus nutans,FALSE
NJ6415,Carum verticillatum,FALSE
NJ6415,Centaurea cyanus,FALSE
NJ6415,Centaurea nigra,FALSE
NJ6415,Centaurea scabiosa,FALSE
NJ6415,Centaurium erythraea,FALSE
NJ6415,Cerastium arvense,FALSE
NJ6415,Cerastium fontanum,FALSE
NJ6415,Cerastium glomeratum,FALSE
NJ6415,Ceratocapnos claviculata,TRUE
NJ6415,Chaerophyllum temulum,FALSE
NJ6415,Chamaemelum nobile,FALSE
NJ6415,Chamerion angustifolium,FALSE
NJ6415,Chenopodium album,FALSE
NJ6415,Chenopodium ficifolium,FALSE
NJ6415,Chenopodium quinoa,FALSE
NJ6415,Cichorium intybus,FALSE
NJ6415,Circaea lutetiana,FALSE
NJ6415,Cirsium arvense,FALSE
NJ6415,Cirsium eriophorum,FALSE
NJ6415,Cirsium palustre,TRUE
NJ6415,Cirsium vulgare,FALSE
NJ6415,Clematis vitalba,FALSE
NJ6415,Clinopodium vulgare,FALSE
NJ6415,Conium maculatum,FALSE
NJ6415,Conopodium majus,FALSE
NJ6415,Convolvulus arvensis,FALSE
NJ6415,Conyza canadensis,FALSE
NJ6415,Cotoneaster salicifolius,FALSE
NJ6415,Crataegus monogyna,FALSE
NJ6415,Crepis capillaris,FALSE
NJ6415,Crepis vesicaria,FALSE
NJ6415,Cruciata laevipes,FALSE
NJ6415,Cytisus scoparius,FALSE
NJ6415,Dactylorhiza fuchsii,FALSE
NJ6415,Dactylorhiza maculata,FALSE
NJ6415,Daucus carota,FALSE
NJ6415,Digitalis ferruginea,TRUE
NJ6415,Digitalis grandiflora,FALSE
NJ6415,Digitalis purpurea,TRUE
NJ6415,Dioscorea communis,FALSE
NJ6415,Doronicum plantagineum,FALSE
NJ6415,Drosera anglica,FALSE
NJ6415,Drosera rotundifolia,FALSE
NJ6415,Dryas octopetala,FALSE
NJ6415,Epilobium hirsutum,FALSE
NJ6415,Epilobium montanum,FALSE
NJ6415,Epilobium obscurum,FALSE
NJ6415,Epilobium palustre,FALSE
NJ6415,Epilobium parviflorum,FALSE
NJ6415,Epilobium roseum,FALSE
NJ6415,Epilobium tetragonum,FALSE
NJ6415,Erica cinerea,TRUE
NJ6415,Erica tetralix,FALSE
NJ6415,Eriophorum vaginatum,FALSE
NJ6415,Eupatorium cannabinum,FALSE
NJ6415,Euphorbia exigua,FALSE
NJ6415,Euphorbia helioscopia,FALSE
NJ6415,Euphrasia officinalis,FALSE
NJ6415,Fagopyrum esculentum,FALSE
NJ6415,Fallopia convolvulus,FALSE
NJ6415,Filipendula ulmaria,FALSE
NJ6415,Fumaria officinalis,FALSE
NJ6415,Galeopsis speciosa,FALSE
NJ6415,Galeopsis tetrahit,FALSE
NJ6415,Galium aparine,FALSE
NJ6415,Galium mollugo,FALSE
NJ6415,Galium odoratum,FALSE
NJ6415,Galium palustre,FALSE
NJ6415,Galium saxatile,TRUE
NJ6415,Galium verum,FALSE
NJ6415,Genista anglica,FALSE
NJ6415,Geranium dissectum,FALSE
NJ6415,Geranium molle,FALSE
NJ6415,Geranium nodosum,FALSE
NJ6415,Geranium pratense,FALSE
NJ6415,Geranium pyrenaicum,FALSE
NJ6415,Geranium robertianum,FALSE
NJ6415,Geum urbanum,FALSE
NJ6415,Glechoma hederacea,FALSE
NJ6415,Hedera helix,FALSE
NJ6415,Helianthus annuus,FALSE
NJ6415,Heracleum mantegazzianum,FALSE
NJ6415,Heracleum sphondylium,FALSE
NJ6415,Hippocrepis comosa,FALSE
NJ6415,Hordeum vulgare,FALSE
NJ6415,Hyacinthoides non,FALSE
NJ6415,Hypericum forrestii,FALSE
NJ6415,Hypericum perforatum,FALSE
NJ6415,Hypericum pulchrum,FALSE
NJ6415,Hypericum tetrapterum,FALSE
NJ6415,Hypochaeris radicata,FALSE
NJ6415,Ilex aquifolium,FALSE
NJ6415,Impatiens glandulifera,FALSE
NJ6415,Impatiens parviflora,FALSE
NJ6415,Iris pseudacorus,FALSE
NJ6415,Jacobaea erucifolia,FALSE
NJ6415,Jacobaea vulgaris,FALSE
NJ6415,Jasione montana,FALSE
NJ6415,Juncus conglomeratus,FALSE
NJ6415,Juncus effusus,FALSE
NJ6415,Knautia arvensis,FALSE
NJ6415,Lactuca serriola,FALSE
NJ6415,Lamium album,FALSE
NJ6415,Lamium galeobdolon,FALSE
NJ6415,Lamium purpureum,FALSE
NJ6415,Lapsana communis,FALSE
NJ6415,Lathyrus aphaca,FALSE
NJ6415,Lathyrus linifolius,FALSE
NJ6415,Lathyrus pratensis,FALSE
NJ6415,Leontodon hispidus,FALSE
NJ6415,Leontodon saxatilis,FALSE
NJ6415,Leucanthemum vulgare,FALSE
NJ6415,Ligusticum scoticum,FALSE
NJ6415,Limonium vulgare,FALSE
NJ6415,Linaria vulgaris,FALSE
NJ6415,Linum catharticum,FALSE
NJ6415,Linum usitatissimum,FALSE
NJ6415,Lonicera caprifolium,FALSE
NJ6415,Lonicera periclymenum,FALSE
NJ6415,Lotus angustissimus,FALSE
NJ6415,Lotus corniculatus,FALSE
NJ6415,Lotus pedunculatus,FALSE
NJ6415,Lotus subbiflorus,FALSE
NJ6415,Luzula campestris,FALSE
NJ6415,Lysimachia nemorum,FALSE
NJ6415,Lysimachia punctata,FALSE
NJ6415,Lysimachia vulgaris,FALSE
NJ6415,Lythrum alatum,FALSE
NJ6415,Lythrum salicaria,FALSE
NJ6415,Malva sylvestris,FALSE
NJ6415,Matricaria chamomilla,FALSE
NJ6415,Matricaria discoidea,FALSE
NJ6415,Medicago lupulina,FALSE
NJ6415,Melampyrum pratense,FALSE
NJ6415,Mentha aquatica,FALSE
NJ6415,Mentha arvensis,FALSE
NJ6415,Mercurialis perennis,FALSE
NJ6415,Myosotis arvensis,FALSE
NJ6415,Myosotis discolor,FALSE
NJ6415,Myosotis sylvatica,FALSE
NJ6415,Narthecium ossifragum,FALSE
NJ6415,Odontites vernus,FALSE
NJ6415,Oenanthe crocata,FALSE
NJ6415,Origanum vulgare,FALSE
NJ6415,Ornithopus perpusillus,FALSE
NJ6415,Oxalis acetosella,FALSE
NJ6415,Panicum miliaceum,FALSE
NJ6415,Papaver rhoeas,FALSE
NJ6415,Pedicularis sylvatica,FALSE
NJ6415,Persicaria amplexicaulis,FALSE
NJ6415,Persicaria bistorta,FALSE
NJ6415,Persicaria hydropiper,FALSE
NJ6415,Persicaria lapathifolia,FALSE
NJ6415,Persicaria maculosa,FALSE
NJ6415,Peucedanum ostruthium,FALSE
NJ6415,Picris echioides,FALSE
NJ6415,Picris hieracioides,FALSE
NJ6415,Pilosella officinarum,FALSE
NJ6415,Pimpinella saxifraga,FALSE
NJ6415,Pinguicula vulgaris,FALSE
NJ6415,Plantago lanceolata,FALSE
NJ6415,Plantago major,FALSE
NJ6415,Plantago maritima,FALSE
NJ6415,Poa annua,FALSE
NJ6415,Polygala serpyllifolia,FALSE
NJ6415,Polygala vulgaris,FALSE
NJ6415,Polygonum aviculare,FALSE
NJ6415,Potentilla anglica,FALSE
NJ6415,Potentilla anserina,FALSE
NJ6415,Potentilla erecta,FALSE
NJ6415,Potentilla recta,FALSE
NJ6415,Potentilla reptans,FALSE
NJ6415,Prunella vulgaris,FALSE
NJ6415,Prunus spinosa,FALSE
NJ6415,Pulicaria dysenterica,FALSE
NJ6415,Ranunculus acris,FALSE
NJ6415,Ranunculus bulbosus,FALSE
NJ6415,Ranunculus ficaria,FALSE
NJ6415,Ranunculus flammula,FALSE
NJ6415,Ranunculus repens,FALSE
NJ6415,Ranunculus sardous,FALSE
NJ6415,Raphanus raphanistrum,FALSE
NJ6415,Raphanus sativus,FALSE
NJ6415,Rhinanthus minor,FALSE
NJ6415,Rosa arvensis,FALSE
NJ6415,Rosa canina,FALSE
NJ6415,Rubus caesius,FALSE
NJ6415,Rubus fruticosus,FALSE
NJ6415,Rubus idaeus,FALSE
NJ6415,Rumex acetosa,FALSE
NJ6415,Rumex acetosella,FALSE
NJ6415,Rumex crispus,FALSE
NJ6415,Rumex obtusifolius,FALSE
NJ6415,Rumex sanguineus,FALSE
NJ6415,Sagina saginoides,FALSE
NJ6415,Sambucus nigra,FALSE
NJ6415,Sanguisorba officinalis,FALSE
NJ6415,Scorzoneroides autumnalis,FALSE
NJ6415,Scrophularia auriculata,FALSE
NJ6415,Scrophularia nodosa,FALSE
NJ6415,Sedum anglicum,FALSE
NJ6415,Senecio erucifolius,FALSE
NJ6415,Senecio jacobaea,FALSE
NJ6415,Senecio vulgaris,FALSE
NJ6415,Sherardia arvensis,FALSE
NJ6415,Silene dioica,FALSE
NJ6415,Silene latifolia,FALSE
NJ6415,Silybum marianum,FALSE
NJ6415,Sinapis alba,FALSE
NJ6415,Sinapis arvensis,FALSE
NJ6415,Sisymbrium officinale,FALSE
NJ6415,Solanum dulcamara,FALSE
NJ6415,Solanum nigrum,FALSE
NJ6415,Solanum tuberosum,FALSE
NJ6415,Sonchus arvensis,FALSE
NJ6415,Sonchus asper,FALSE
NJ6415,Sonchus oleraceus,FALSE
NJ6415,Sorbus aucuparia,FALSE
NJ6415,Spergula arvensis,FALSE
NJ6415,Spergularia media,FALSE
NJ6415,Stachys arvensis,FALSE
NJ6415,Stachys palustris,FALSE
NJ6415,Stachys sylvatica,FALSE
NJ6415,Stellaria alsine,FALSE
NJ6415,Stellaria graminea,TRUE
NJ6415,Stellaria holostea,FALSE
NJ6415,Stellaria media,FALSE
NJ6415,Suaeda maritima,FALSE
NJ6415,Succisa pratensis,FALSE
NJ6415,Symphytum officinale,FALSE
NJ6415,Taraxacum agg,FALSE
NJ6415,Taraxacum officinale,FALSE
NJ6415,Teucrium scorodonia,FALSE
NJ6415,Thlaspi arvense,FALSE
NJ6415,Thymus polytrichus,FALSE
NJ6415,Thymus vulgaris,FALSE
NJ6415,Torilis japonica,FALSE
NJ6415,Tragopogon pratensis,FALSE
NJ6415,Trientalis europaea,TRUE
NJ6415,Trifolium arvense,FALSE
NJ6415,Trifolium campestre,FALSE
NJ6415,Trifolium constantinopolitanum,FALSE
NJ6415,Trifolium dubium,FALSE
NJ6415,Trifolium pratense,FALSE
NJ6415,Trifolium repens,FALSE
NJ6415,Tripleurospermum inodorum,FALSE
NJ6415,Tripleurospermum maritimum,FALSE
NJ6415,Turgenia latifolia,FALSE
NJ6415,Ulex europaeus,FALSE
NJ6415,Ulex gallii,FALSE
NJ6415,Urtica dioica,FALSE
NJ6415,Vaccinium myrtillus,FALSE
NJ6415,Vaccinium oxycoccos,FALSE
NJ6415,Vaccinium vitis,TRUE
NJ6415,Valeriana dioica,FALSE
NJ6415,Valeriana officinalis,FALSE
NJ6415,Verbena officinalis,FALSE
NJ6415,Verbena x,FALSE
NJ6415,Veronica agrestis,FALSE
NJ6415,Veronica arvensis,FALSE
NJ6415,Veronica beccabunga,FALSE
NJ6415,Veronica chamaedrys,FALSE
NJ6415,Veronica hederifolia,FALSE
NJ6415,Veronica montana,FALSE
NJ6415,Veronica officinalis,FALSE
NJ6415,Veronica persica,FALSE
NJ6415,Veronica polita,FALSE
NJ6415,Veronica serpyllifolia,FALSE
NJ6415,Vicia benghalensis,FALSE
NJ6415,Vicia cracca,FALSE
NJ6415,Vicia faba,FALSE
NJ6415,Vicia hirsuta,FALSE
NJ6415,Vicia lutea,FALSE
NJ6415,Vicia sativa,FALSE
NJ6415,Vicia sepium,FALSE
NJ6415,Vicia spp,FALSE
NJ6415,Vicia tetrasperma,FALSE
NJ6415,Viola arvensis,FALSE
NJ6415,Viola canina,FALSE
NJ6415,Viola palustris,FALSE
NJ6415,Viola riviniana,FALSE
NJ6415,Zea mays,FALSE
NJ7638,Acer pseudoplatanus,FALSE
NJ7638,Achillea millefolium,FALSE
NJ7638,Achillea ptarmica,FALSE
NJ7638,Aegopodium podagraria,TRUE
NJ7638,Aethusa cynapium,FALSE
NJ7638,Ajuga reptans,FALSE
NJ7638,Alliaria petiolata,FALSE
NJ7638,Alnus glutinosa,FALSE
NJ7638,Anagallis arvensis,FALSE
NJ7638,Anchusa arvensis,FALSE
NJ7638,Anemone nemorosa,FALSE
NJ7638,Angelica sylvestris,TRUE
NJ7638,Anthemis cotula,FALSE
NJ7638,Anthriscus caucalis,FALSE
NJ7638,Anthriscus sylvestris,TRUE
NJ7638,Apium nodiflorum,FALSE
NJ7638,Armeria maritima,FALSE
NJ7638,Artemisia absinthium,FALSE
NJ7638,Artemisia annua,FALSE
NJ7638,Artemisia vulgaris,FALSE
NJ7638,Aster tripolium,FALSE
NJ7638,Atriplex patula,FALSE
NJ7638,Atriplex portulacoides,FALSE
NJ7638,Ballota nigra,FALSE
NJ7638,Barbarea vulgaris,FALSE
NJ7638,Bellis perennis,FALSE
NJ7638,Berula erecta,FALSE
NJ7638,Brassica napus,FALSE
NJ7638,Brassica oleracea,FALSE
NJ7638,Brassica rapa,FALSE
NJ7638,Bryonia dioica,FALSE
NJ7638,Buddleja davidii,FALSE
NJ7638,Bupleurum tenuissimum,FALSE
NJ7638,Calluna vulgaris,FALSE
NJ7638,Caltha palustris,FALSE
NJ7638,Calystegia sepium,FALSE
NJ7638,Campanula rotundifolia,FALSE
NJ7638,Capsella bursa,FALSE
NJ7638,Cardamine flexuosa,FALSE
NJ7638,Cardamine hirsuta,FALSE
NJ7638,Cardamine pratensis,FALSE
NJ7638,Carduus nutans,FALSE
NJ7638,Carum verticillatum,FALSE
NJ7638,Centaurea cyanus,FALSE
NJ7638,Centaurea nigra,FALSE
NJ7638,Centaurea scabiosa,FALSE
NJ7638,Centaurium erythraea,FALSE
NJ7638,Cerastium arvense,FALSE
NJ7638,Cerastium fontanum,FALSE
NJ7638,Cerastium glomeratum,FALSE
NJ7638,Ceratocapnos claviculata,FALSE
NJ7638,Chaerophyllum temulum,FALSE
NJ7638,Chamaemelum nobile,FALSE
NJ7638,Chamerion angustifolium,TRUE
NJ7638,Chenopodium album,FALSE
NJ7638,Chenopodium ficifolium,FALSE
NJ7638,Chenopodium quinoa,FALSE
NJ7638,Cichorium intybus,FALSE
NJ7638,Circaea lutetiana,FALSE
NJ7638,Cirsium arvense,TRUE
NJ7638,Cirsium eriophorum,FALSE
NJ7638,Cirsium palustre,FALSE
NJ7638,Cirsium vulgare,FALSE
NJ7638,Clematis vitalba,FALSE
NJ7638,Clinopodium vulgare,FALSE
NJ7638,Conium maculatum,FALSE
NJ7638,Conopodium majus,FALSE
NJ7638,Convolvulus arvensis,FALSE
NJ7638,Conyza canadensis,FALSE
NJ7638,Cotoneaster salicifolius,FALSE
NJ7638,Crataegus monogyna,FALSE
NJ7638,Crepis capillaris,FALSE
NJ7638,Crepis vesicaria,FALSE
NJ7638,Cruciata laevipes,FALSE
NJ7638,Cytisus scoparius,FALSE
NJ7638,Dactylorhiza fuchsii,FALSE
NJ7638,Dactylorhiza maculata,FALSE
NJ7638,Daucus carota,FALSE
NJ7638,Digitalis ferruginea,FALSE
NJ7638,Digitalis grandiflora,FALSE
NJ7638,Digitalis purpurea,FALSE
NJ7638,Dioscorea communis,FALSE
NJ7638,Doronicum plantagineum,FALSE
NJ7638,Drosera anglica,FALSE
NJ7638,Drosera rotundifolia,FALSE
NJ7638,Dryas octopetala,TRUE
NJ7638,Epilobium hirsutum,FALSE
NJ7638,Epilobium montanum,TRUE
NJ7638,Epilobium obscurum,FALSE
NJ7638,Epilobium palustre,TRUE
NJ7638,Epilobium parviflorum,FALSE
NJ7638,Epilobium roseum,FALSE
NJ7638,Epilobium tetragonum,FALSE
NJ7638,Erica cinerea,FALSE
NJ7638,Erica tetralix,FALSE
NJ7638,Eriophorum vaginatum,FALSE
NJ7638,Eupatorium cannabinum,FALSE
NJ7638,Euphorbia exigua,FALSE
NJ7638,Euphorbia helioscopia,FALSE
NJ7638,Euphrasia officinalis,FALSE
NJ7638,Fagopyrum esculentum,FALSE
NJ7638,Fallopia convolvulus,FALSE
NJ7638,Filipendula ulmaria,FALSE
NJ7638,Fumaria officinalis,FALSE
NJ7638,Galeopsis speciosa,FALSE
NJ7638,Galeopsis tetrahit,FALSE
NJ7638,Galium aparine,TRUE
NJ7638,Galium mollugo,FALSE
NJ7638,Galium odoratum,FALSE
NJ7638,Galium palustre,FALSE
NJ7638,Galium saxatile,FALSE
NJ7638,Galium verum,FALSE
NJ7638,Genista anglica,FALSE
NJ7638,Geranium dissectum,FALSE
NJ7638,Geranium molle,FALSE
NJ7638,Geranium nodosum,FALSE
NJ7638,Geranium pratense,FALSE
NJ7638,Geranium pyrenaicum,FALSE
NJ7638,Geranium robertianum,FALSE
NJ7638,Geum urbanum,TRUE
NJ7638,Glechoma hederacea,FALSE
NJ7638,Hedera helix,FALSE
NJ7638,Helianthus annuus,FALSE
NJ7638,Heracleum mantegazzianum,FALSE
NJ7638,Heracleum sphondylium,TRUE
NJ7638,Hippocrepis comosa,FALSE
NJ7638,Hordeum vulgare,FALSE
NJ7638,Hyacinthoides non,FALSE
NJ7638,Hypericum forrestii,FALSE
NJ7638,Hypericum perforatum,FALSE
NJ7638,Hypericum pulchrum,FALSE
NJ7638,Hypericum tetrapterum,FALSE
NJ7638,Hypochaeris radicata,FALSE
NJ7638,Ilex aquifolium,FALSE
NJ7638,Impatiens glandulifera,FALSE
NJ7638,Impatiens parviflora,FALSE
NJ7638,Iris pseudacorus,FALSE
NJ7638,Jacobaea erucifolia,FALSE
NJ7638,Jacobaea vulgaris,FALSE
NJ7638,Jasione montana,FALSE
NJ7638,Juncus conglomeratus,FALSE
NJ7638,Juncus effusus,FALSE
NJ7638,Knautia arvensis,FALSE
NJ7638,Lactuca serriola,FALSE
NJ7638,Lamium album,FALSE
NJ7638,Lamium galeobdolon,FALSE
NJ7638,Lamium purpureum,FALSE
NJ7638,Lapsana communis,TRUE
NJ7638,Lathyrus aphaca,FALSE
NJ7638,Lathyrus linifolius,FALSE
NJ7638,Lathyrus pratensis,FALSE
NJ7638,Leontodon hispidus,FALSE
NJ7638,Leontodon saxatilis,FALSE
NJ7638,Leucanthemum vulgare,FALSE
NJ7638,Ligusticum scoticum,TRUE
NJ7638,Limonium vulgare,FALSE
NJ7638,Linaria vulgaris,FALSE
NJ7638,Linum catharticum,FALSE
NJ7638,Linum usitatissimum,FALSE
NJ7638,Lonicera caprifolium,FALSE
NJ7638,Lonicera periclymenum,FALSE
NJ7638,Lotus angustissimus,FALSE
NJ7638,Lotus corniculatus,FALSE
NJ7638,Lotus pedunculatus,FALSE
NJ7638,Lotus subbiflorus,FALSE
NJ7638,Luzula campestris,FALSE
NJ7638,Lysimachia nemorum,FALSE
NJ7638,Lysimachia punctata,FALSE
NJ7638,Lysimachia vulgaris,FALSE
NJ7638,Lythrum alatum,FALSE
NJ7638,Lythrum salicaria,FALSE
NJ7638,Malva sylvestris,FALSE
NJ7638,Matricaria chamomilla,FALSE
NJ7638,Matricaria discoidea,FALSE
NJ7638,Medicago lupulina,FALSE
NJ7638,Melampyrum pratense,FALSE
NJ7638,Mentha aquatica,FALSE
NJ7638,Mentha arvensis,FALSE
NJ7638,Mercurialis perennis,FALSE
NJ7638,Myosotis arvensis,TRUE
NJ7638,Myosotis discolor,FALSE
NJ7638,Myosotis sylvatica,FALSE
NJ7638,Narthecium ossifragum,FALSE
NJ7638,Odontites vernus,FALSE
NJ7638,Oenanthe crocata,FALSE
NJ7638,Origanum vulgare,FALSE
NJ7638,Ornithopus perpusillus,FALSE
NJ7638,Oxalis acetosella,FALSE
NJ7638,Panicum miliaceum,FALSE
NJ7638,Papaver rhoeas,FALSE
NJ7638,Pedicularis sylvatica,FALSE
NJ7638,Persicaria amplexicaulis,FALSE
NJ7638,Persicaria bistorta,FALSE
NJ7638,Persicaria hydropiper,FALSE
NJ7638,Persicaria lapathifolia,FALSE
NJ7638,Persicaria maculosa,FALSE
NJ7638,Peucedanum ostruthium,TRUE
NJ7638,Picris echioides,FALSE
NJ7638,Picris hieracioides,FALSE
NJ7638,Pilosella officinarum,TRUE
NJ7638,Pimpinella saxifraga,FALSE
NJ7638,Pinguicula vulgaris,FALSE
NJ7638,Plantago lanceolata,FALSE
NJ7638,Plantago major,FALSE
NJ7638,Plantago maritima,FALSE
NJ7638,Poa annua,FALSE
NJ7638,Polygala serpyllifolia,FALSE
NJ7638,Polygala vulgaris,FALSE
NJ7638,Polygonum aviculare,FALSE
NJ7638,Potentilla anglica,FALSE
NJ7638,Potentilla anserina,FALSE
NJ7638,Potentilla erecta,FALSE
NJ7638,Potentilla recta,FALSE
NJ7638,Potentilla reptans,FALSE
NJ7638,Prunella vulgaris,TRUE
NJ7638,Prunus spinosa,FALSE
NJ7638,Pulicaria dysenterica,FALSE
NJ7638,Ranunculus acris,FALSE
NJ7638,Ranunculus bulbosus,FALSE
NJ7638,Ranunculus ficaria,FALSE
NJ7638,Ranunculus flammula,FALSE
NJ7638,Ranunculus repens,TRUE
NJ7638,Ranunculus sardous,FALSE
NJ7638,Raphanus raphanistrum,FALSE
NJ7638,Raphanus sativus,FALSE
NJ7638,Rhinanthus minor,FALSE
NJ7638,Rosa arvensis,FALSE
NJ7638,Rosa canina,FALSE
NJ7638,Rubus caesius,FALSE
NJ7638,Rubus fruticosus,FALSE
NJ7638,Rubus idaeus,TRUE
NJ7638,Rumex acetosa,FALSE
NJ7638,Rumex acetosella,FALSE
NJ7638,Rumex crispus,FALSE
NJ7638,Rumex obtusifolius,FALSE
NJ7638,Rumex sanguineus,FALSE
NJ7638,Sagina saginoides,FALSE
NJ7638,Sambucus nigra,FALSE
NJ7638,Sanguisorba officinalis,FALSE
NJ7638,Scorzoneroides autumnalis,FALSE
NJ7638,Scrophularia auriculata,FALSE
NJ7638,Scrophularia nodosa,FALSE
NJ7638,Sedum anglicum,FALSE
NJ7638,Senecio erucifolius,FALSE
NJ7638,Senecio jacobaea,TRUE
NJ7638,Senecio vulgaris,FALSE
NJ7638,Sherardia arvensis,FALSE
NJ7638,Silene dioica,FALSE
NJ7638,Silene latifolia,FALSE
NJ7638,Silybum marianum,FALSE
NJ7638,Sinapis alba,FALSE
NJ7638,Sinapis arvensis,FALSE
NJ7638,Sisymbrium officinale,FALSE
NJ7638,Solanum dulcamara,FALSE
NJ7638,Solanum nigrum,FALSE
NJ7638,Solanum tuberosum,FALSE
NJ7638,Sonchus arvensis,FALSE
NJ7638,Sonchus asper,TRUE
NJ7638,Sonchus oleraceus,FALSE
NJ7638,Sorbus aucuparia,FALSE
NJ7638,Spergula arvensis,FALSE
NJ7638,Spergularia media,FALSE
NJ7638,Stachys arvensis,FALSE
NJ7638,Stachys palustris,FALSE
NJ7638,Stachys sylvatica,FALSE
NJ7638,Stellaria alsine,FALSE
NJ7638,Stellaria graminea,TRUE
NJ7638,Stellaria holostea,FALSE
NJ7638,Stellaria media,FALSE
NJ7638,Suaeda maritima,FALSE
NJ7638,Succisa pratensis,FALSE
NJ7638,Symphytum officinale,FALSE
NJ7638,Taraxacum agg,FALSE
NJ7638,Taraxacum officinale,TRUE
NJ7638,Teucrium scorodonia,FALSE
NJ7638,Thlaspi arvense,FALSE
NJ7638,Thymus polytrichus,FALSE
NJ7638,Thymus vulgaris,FALSE
NJ7638,Torilis japonica,FALSE
NJ7638,Tragopogon pratensis,FALSE
NJ7638,Trientalis europaea,FALSE
NJ7638,Trifolium arvense,FALSE
NJ7638,Trifolium campestre,FALSE
NJ7638,Trifolium constantinopolitanum,FALSE
NJ7638,Trifolium dubium,FALSE
NJ7638,Trifolium pratense,FALSE
NJ7638,Trifolium repens,TRUE
NJ7638,Tripleurospermum inodorum,FALSE
NJ7638,Tripleurospermum maritimum,FALSE
NJ7638,Turgenia latifolia,TRUE
NJ7638,Ulex europaeus,FALSE
NJ7638,Ulex gallii,FALSE
NJ7638,Urtica dioica,TRUE
NJ7638,Vaccinium myrtillus,FALSE
NJ7638,Vaccinium oxycoccos,FALSE
NJ7638,Vaccinium vitis,FALSE
NJ7638,Valeriana dioica,FALSE
NJ7638,Valeriana officinalis,FALSE
NJ7638,Verbena officinalis,FALSE
NJ7638,Verbena x,FALSE
NJ7638,Veronica agrestis,FALSE
NJ7638,Veronica arvensis,FALSE
NJ7638,Veronica beccabunga,FALSE
NJ7638,Veronica chamaedrys,TRUE
NJ7638,Veronica hederifolia,FALSE
NJ7638,Veronica montana,FALSE
NJ7638,Veronica officinalis,FALSE
NJ7638,Veronica persica,FALSE
NJ7638,Veronica polita,FALSE
NJ7638,Veronica serpyllifolia,TRUE
NJ7638,Vicia benghalensis,FALSE
NJ7638,Vicia cracca,FALSE
NJ7638,Vicia faba,FALSE
NJ7638,Vicia hirsuta,FALSE
NJ7638,Vicia lutea,FALSE
NJ7638,Vicia sativa,TRUE
NJ7638,Vicia sepium,TRUE
NJ7638,Vicia spp,FALSE
NJ7638,Vicia tetrasperma,FALSE
NJ7638,Viola arvensis,FALSE
NJ7638,Viola canina,FALSE
NJ7638,Viola palustris,FALSE
NJ7638,Viola riviniana,FALSE
NJ7638,Zea mays,FALSE
NN5527,Acer pseudoplatanus,FALSE
NN5527,Achillea millefolium,FALSE
NN5527,Achillea ptarmica,FALSE
NN5527,Aegopodium podagraria,FALSE
NN5527,Aethusa cynapium,FALSE
NN5527,Ajuga reptans,FALSE
NN5527,Alliaria petiolata,FALSE
NN5527,Alnus glutinosa,FALSE
NN5527,Anagallis arvensis,FALSE
NN5527,Anchusa arvensis,FALSE
NN5527,Anemone nemorosa,FALSE
NN5527,Angelica sylvestris,FALSE
NN5527,Anthemis cotula,FALSE
NN5527,Anthriscus caucalis,FALSE
NN5527,Anthriscus sylvestris,FALSE
NN5527,Apium nodiflorum,FALSE
NN5527,Armeria maritima,FALSE
NN5527,Artemisia absinthium,FALSE
NN5527,Artemisia annua,FALSE
NN5527,Artemisia vulgaris,FALSE
NN5527,Aster tripolium,FALSE
NN5527,Atriplex patula,FALSE
NN5527,Atriplex portulacoides,FALSE
NN5527,Ballota nigra,FALSE
NN5527,Barbarea vulgaris,FALSE
NN5527,Bellis perennis,FALSE
NN5527,Berula erecta,FALSE
NN5527,Brassica napus,FALSE
NN5527,Brassica oleracea,FALSE
NN5527,Brassica rapa,FALSE
NN5527,Bryonia dioica,FALSE
NN5527,Buddleja davidii,FALSE
NN5527,Bupleurum tenuissimum,FALSE
NN5527,Calluna vulgaris,TRUE
NN5527,Caltha palustris,FALSE
NN5527,Calystegia sepium,FALSE
NN5527,Campanula rotundifolia,FALSE
NN5527,Capsella bursa,FALSE
NN5527,Cardamine flexuosa,FALSE
NN5527,Cardamine hirsuta,FALSE
NN5527,Cardamine pratensis,FALSE
NN5527,Carduus nutans,FALSE
NN5527,Carum verticillatum,FALSE
NN5527,Centaurea cyanus,FALSE
NN5527,Centaurea nigra,FALSE
NN5527,Centaurea scabiosa,FALSE
NN5527,Centaurium erythraea,FALSE
NN5527,Cerastium arvense,FALSE
NN5527,Cerastium fontanum,FALSE
NN5527,Cerastium glomeratum,FALSE
NN5527,Ceratocapnos claviculata,FALSE
NN5527,Chaerophyllum temulum,FALSE
NN5527,Chamaemelum nobile,FALSE
NN5527,Chamerion angustifolium,FALSE
NN5527,Chenopodium album,FALSE
NN5527,Chenopodium ficifolium,FALSE
NN5527,Chenopodium quinoa,FALSE
NN5527,Cichorium intybus,FALSE
NN5527,Circaea lutetiana,FALSE
NN5527,Cirsium arvense,FALSE
NN5527,Cirsium eriophorum,FALSE
NN5527,Cirsium palustre,FALSE
NN5527,Cirsium vulgare,FALSE
NN5527,Clematis vitalba,FALSE
NN5527,Clinopodium vulgare,FALSE
NN5527,Conium maculatum,FALSE
NN5527,Conopodium majus,FALSE
NN5527,Convolvulus arvensis,FALSE
NN5527,Conyza canadensis,FALSE
NN5527,Cotoneaster salicifolius,FALSE
NN5527,Crataegus monogyna,FALSE
NN5527,Crepis capillaris,FALSE
NN5527,Crepis vesicaria,FALSE
NN5527,Cruciata laevipes,FALSE
NN5527,Cytisus scoparius,FALSE
NN5527,Dactylorhiza fuchsii,FALSE
NN5527,Dactylorhiza maculata,FALSE
NN5527,Daucus carota,FALSE
NN5527,Digitalis ferruginea,FALSE
NN5527,Digitalis grandiflora,FALSE
NN5527,Digitalis purpurea,FALSE
NN5527,Dioscorea communis,FALSE
NN5527,Doronicum plantagineum,FALSE
NN5527,Drosera anglica,FALSE
NN5527,Drosera rotundifolia,FALSE
NN5527,Dryas octopetala,FALSE
NN5527,Epilobium hirsutum,FALSE
NN5527,Epilobium montanum,FALSE
NN5527,Epilobium obscurum,FALSE
NN5527,Epilobium palustre,FALSE
NN5527,Epilobium parviflorum,FALSE
NN5527,Epilobium roseum,FALSE
NN5527,Epilobium tetragonum,FALSE
NN5527,Erica cinerea,FALSE
NN5527,Erica tetralix,FALSE
NN5527,Eriophorum vaginatum,FALSE
NN5527,Eupatorium cannabinum,FALSE
NN5527,Euphorbia exigua,FALSE
NN5527,Euphorbia helioscopia,FALSE
NN5527,Euphrasia officinalis,FALSE
NN5527,Fagopyrum esculentum,FALSE
NN5527,Fallopia convolvulus,FALSE
NN5527,Filipendula ulmaria,FALSE
NN5527,Fumaria officinalis,FALSE
NN5527,Galeopsis speciosa,FALSE
NN5527,Galeopsis tetrahit,FALSE
NN5527,Galium aparine,FALSE
NN5527,Galium mollugo,FALSE
NN5527,Galium odoratum,FALSE
NN5527,Galium palustre,FALSE
NN5527,Galium saxatile,TRUE
NN5527,Galium verum,FALSE
NN5527,Genista anglica,FALSE
NN5527,Geranium dissectum,FALSE
NN5527,Geranium molle,FALSE
NN5527,Geranium nodosum,FALSE
NN5527,Geranium pratense,FALSE
NN5527,Geranium pyrenaicum,FALSE
NN5527,Geranium robertianum,FALSE
NN5527,Geum urbanum,FALSE
NN5527,Glechoma hederacea,FALSE
NN5527,Hedera helix,FALSE
NN5527,Helianthus annuus,FALSE
NN5527,Heracleum mantegazzianum,FALSE
NN5527,Heracleum sphondylium,FALSE
NN5527,Hippocrepis comosa,FALSE
NN5527,Hordeum vulgare,FALSE
NN5527,Hyacinthoides non,FALSE
NN5527,Hypericum forrestii,FALSE
NN5527,Hypericum perforatum,FALSE
NN5527,Hypericum pulchrum,FALSE
NN5527,Hypericum tetrapterum,FALSE
NN5527,Hypochaeris radicata,FALSE
NN5527,Ilex aquifolium,FALSE
NN5527,Impatiens glandulifera,FALSE
NN5527,Impatiens parviflora,FALSE
NN5527,Iris pseudacorus,FALSE
NN5527,Jacobaea erucifolia,FALSE
NN5527,Jacobaea vulgaris,FALSE
NN5527,Jasione montana,FALSE
NN5527,Juncus conglomeratus,FALSE
NN5527,Juncus effusus,FALSE
NN5527,Knautia arvensis,FALSE
NN5527,Lactuca serriola,FALSE
NN5527,Lamium album,FALSE
NN5527,Lamium galeobdolon,FALSE
NN5527,Lamium purpureum,FALSE
NN5527,Lapsana communis,FALSE
NN5527,Lathyrus aphaca,FALSE
NN5527,Lathyrus linifolius,FALSE
NN5527,Lathyrus pratensis,FALSE
NN5527,Leontodon hispidus,FALSE
NN5527,Leontodon saxatilis,FALSE
NN5527,Leucanthemum vulgare,FALSE
NN5527,Ligusticum scoticum,FALSE
NN5527,Limonium vulgare,FALSE
NN5527,Linaria vulgaris,FALSE
NN5527,Linum catharticum,FALSE
NN5527,Linum usitatissimum,FALSE
NN5527,Lonicera caprifolium,FALSE
NN5527,Lonicera periclymenum,FALSE
NN5527,Lotus angustissimus,FALSE
NN5527,Lotus corniculatus,FALSE
NN5527,Lotus pedunculatus,FALSE
NN5527,Lotus subbiflorus,FALSE
NN5527,Luzula campestris,FALSE
NN5527,Lysimachia nemorum,FALSE
NN5527,Lysimachia punctata,FALSE
NN5527,Lysimachia vulgaris,FALSE
NN5527,Lythrum alatum,FALSE
NN5527,Lythrum salicaria,FALSE
NN5527,Malva sylvestris,FALSE
NN5527,Matricaria chamomilla,FALSE
NN5527,Matricaria discoidea,FALSE
NN5527,Medicago lupulina,FALSE
NN5527,Melampyrum pratense,FALSE
NN5527,Mentha aquatica,FALSE
NN5527,Mentha arvensis,FALSE
NN5527,Mercurialis perennis,FALSE
NN5527,Myosotis arvensis,FALSE
NN5527,Myosotis discolor,FALSE
NN5527,Myosotis sylvatica,FALSE
NN5527,Narthecium ossifragum,TRUE
NN5527,Odontites vernus,FALSE
NN5527,Oenanthe crocata,FALSE
NN5527,Origanum vulgare,FALSE
NN5527,Ornithopus perpusillus,FALSE
NN5527,Oxalis acetosella,TRUE
NN5527,Panicum miliaceum,FALSE
NN5527,Papaver rhoeas,FALSE
NN5527,Pedicularis sylvatica,FALSE
NN5527,Persicaria amplexicaulis,FALSE
NN5527,Persicaria bistorta,FALSE
NN5527,Persicaria hydropiper,FALSE
NN5527,Persicaria lapathifolia,FALSE
NN5527,Persicaria maculosa,FALSE
NN5527,Peucedanum ostruthium,FALSE
NN5527,Picris echioides,FALSE
NN5527,Picris hieracioides,FALSE
NN5527,Pilosella officinarum,FALSE
NN5527,Pimpinella saxifraga,FALSE
NN5527,Pinguicula vulgaris,FALSE
NN5527,Plantago lanceolata,FALSE
NN5527,Plantago major,FALSE
NN5527,Plantago maritima,FALSE
NN5527,Poa annua,FALSE
NN5527,Polygala serpyllifolia,TRUE
NN5527,Polygala vulgaris,FALSE
NN5527,Polygonum aviculare,FALSE
NN5527,Potentilla anglica,FALSE
NN5527,Potentilla anserina,FALSE
NN5527,Potentilla erecta,TRUE
NN5527,Potentilla recta,FALSE
NN5527,Potentilla reptans,FALSE
NN5527,Prunella vulgaris,FALSE
NN5527,Prunus spinosa,FALSE
NN5527,Pulicaria dysenterica,FALSE
NN5527,Ranunculus acris,FALSE
NN5527,Ranunculus bulbosus,FALSE
NN5527,Ranunculus ficaria,FALSE
NN5527,Ranunculus flammula,FALSE
NN5527,Ranunculus repens,FALSE
NN5527,Ranunculus sardous,FALSE
NN5527,Raphanus raphanistrum,FALSE
NN5527,Raphanus sativus,FALSE
NN5527,Rhinanthus minor,FALSE
NN5527,Rosa arvensis,FALSE
NN5527,Rosa canina,FALSE
NN5527,Rubus caesius,FALSE
NN5527,Rubus fruticosus,FALSE
NN5527,Rubus idaeus,FALSE
NN5527,Rumex acetosa,FALSE
NN5527,Rumex acetosella,FALSE
NN5527,Rumex crispus,FALSE
NN5527,Rumex obtusifolius,FALSE
NN5527,Rumex sanguineus,FALSE
NN5527,Sagina saginoides,FALSE
NN5527,Sambucus nigra,FALSE
NN5527,Sanguisorba officinalis,FALSE
NN5527,Scorzoneroides autumnalis,FALSE
NN5527,Scrophularia auriculata,FALSE
NN5527,Scrophularia nodosa,FALSE
NN5527,Sedum anglicum,FALSE
NN5527,Senecio erucifolius,FALSE
NN5527,Senecio jacobaea,FALSE
NN5527,Senecio vulgaris,FALSE
NN5527,Sherardia arvensis,FALSE
NN5527,Silene dioica,FALSE
NN5527,Silene latifolia,FALSE
NN5527,Silybum marianum,FALSE
NN5527,Sinapis alba,FALSE
NN5527,Sinapis arvensis,FALSE
NN5527,Sisymbrium officinale,FALSE
NN5527,Solanum dulcamara,FALSE
NN5527,Solanum nigrum,FALSE
NN5527,Solanum tuberosum,FALSE
NN5527,Sonchus arvensis,FALSE
NN5527,Sonchus asper,FALSE
NN5527,Sonchus oleraceus,FALSE
NN5527,Sorbus aucuparia,FALSE
NN5527,Spergula arvensis,FALSE
NN5527,Spergularia media,FALSE
NN5527,Stachys arvensis,FALSE
NN5527,Stachys palustris,FALSE
NN5527,Stachys sylvatica,FALSE
NN5527,Stellaria alsine,FALSE
NN5527,Stellaria graminea,FALSE
NN5527,Stellaria holostea,FALSE
NN5527,Stellaria media,FALSE
NN5527,Suaeda maritima,FALSE
NN5527,Succisa pratensis,FALSE
NN5527,Symphytum officinale,FALSE
NN5527,Taraxacum agg,FALSE
NN5527,Taraxacum officinale,FALSE
NN5527,Teucrium scorodonia,FALSE
NN5527,Thlaspi arvense,FALSE
NN5527,Thymus polytrichus,FALSE
NN5527,Thymus vulgaris,FALSE
NN5527,Torilis japonica,FALSE
NN5527,Tragopogon pratensis,FALSE
NN5527,Trientalis europaea,FALSE
NN5527,Trifolium arvense,FALSE
NN5527,Trifolium campestre,FALSE
NN5527,Trifolium constantinopolitanum,FALSE
NN5527,Trifolium dubium,FALSE
NN5527,Trifolium pratense,FALSE
NN5527,Trifolium repens,FALSE
NN5527,Tripleurospermum inodorum,FALSE
NN5527,Tripleurospermum maritimum,FALSE
NN5527,Turgenia latifolia,FALSE
NN5527,Ulex europaeus,FALSE
NN5527,Ulex gallii,FALSE
NN5527,Urtica dioica,FALSE
NN5527,Vaccinium myrtillus,TRUE
NN5527,Vaccinium oxycoccos,FALSE
NN5527,Vaccinium vitis,FALSE
NN5527,Valeriana dioica,FALSE
NN5527,Valeriana officinalis,FALSE
NN5527,Verbena officinalis,FALSE
NN5527,Verbena x,FALSE
NN5527,Veronica agrestis,FALSE
NN5527,Veronica arvensis,FALSE
NN5527,Veronica beccabunga,FALSE
NN5527,Veronica chamaedrys,FALSE
NN5527,Veronica hederifolia,FALSE
NN5527,Veronica montana,FALSE
NN5527,Veronica officinalis,FALSE
NN5527,Veronica persica,FALSE
NN5527,Veronica polita,FALSE
NN5527,Veronica serpyllifolia,FALSE
NN5527,Vicia benghalensis,FALSE
NN5527,Vicia cracca,FALSE
NN5527,Vicia faba,FALSE
NN5527,Vicia hirsuta,FALSE
NN5527,Vicia lutea,FALSE
NN5527,Vicia sativa,FALSE
NN5527,Vicia sepium,FALSE
NN5527,Vicia spp,FALSE
NN5527,Vicia tetrasperma,FALSE
NN5527,Viola arvensis,FALSE
NN5527,Viola canina,FALSE
NN5527,Viola palustris,FALSE
NN5527,Viola riviniana,TRUE
NN5527,Zea mays,FALSE
NN6693,Acer pseudoplatanus,FALSE
NN6693,Achillea millefolium,FALSE
NN6693,Achillea ptarmica,FALSE
NN6693,Aegopodium podagraria,FALSE
NN6693,Aethusa cynapium,FALSE
NN6693,Ajuga reptans,FALSE
NN6693,Alliaria petiolata,FALSE
NN6693,Alnus glutinosa,FALSE
NN6693,Anagallis arvensis,FALSE
NN6693,Anchusa arvensis,FALSE
NN6693,Anemone nemorosa,TRUE
NN6693,Angelica sylvestris,FALSE
NN6693,Anthemis cotula,FALSE
NN6693,Anthriscus caucalis,FALSE
NN6693,Anthriscus sylvestris,FALSE
NN6693,Apium nodiflorum,FALSE
NN6693,Armeria maritima,FALSE
NN6693,Artemisia absinthium,FALSE
NN6693,Artemisia annua,FALSE
NN6693,Artemisia vulgaris,FALSE
NN6693,Aster tripolium,FALSE
NN6693,Atriplex patula,FALSE
NN6693,Atriplex portulacoides,FALSE
NN6693,Ballota nigra,FALSE
NN6693,Barbarea vulgaris,FALSE
NN6693,Bellis perennis,FALSE
NN6693,Berula erecta,FALSE
NN6693,Brassica napus,FALSE
NN6693,Brassica oleracea,FALSE
NN6693,Brassica rapa,FALSE
NN6693,Bryonia dioica,FALSE
NN6693,Buddleja davidii,FALSE
NN6693,Bupleurum tenuissimum,FALSE
NN6693,Calluna vulgaris,TRUE
NN6693,Caltha palustris,FALSE
NN6693,Calystegia sepium,FALSE
NN6693,Campanula rotundifolia,TRUE
NN6693,Capsella bursa,FALSE
NN6693,Cardamine flexuosa,FALSE
NN6693,Cardamine hirsuta,FALSE
NN6693,Cardamine pratensis,FALSE
NN6693,Carduus nutans,FALSE
NN6693,Carum verticillatum,FALSE
NN6693,Centaurea cyanus,FALSE
NN6693,Centaurea nigra,FALSE
NN6693,Centaurea scabiosa,FALSE
NN6693,Centaurium erythraea,FALSE
NN6693,Cerastium arvense,FALSE
NN6693,Cerastium fontanum,FALSE
NN6693,Cerastium glomeratum,FALSE
NN6693,Ceratocapnos claviculata,FALSE
NN6693,Chaerophyllum temulum,FALSE
NN6693,Chamaemelum nobile,FALSE
NN6693,Chamerion angustifolium,FALSE
NN6693,Chenopodium album,FALSE
NN6693,Chenopodium ficifolium,FALSE
NN6693,Chenopodium quinoa,FALSE
NN6693,Cichorium intybus,FALSE
NN6693,Circaea lutetiana,FALSE
NN6693,Cirsium arvense,FALSE
NN6693,Cirsium eriophorum,FALSE
NN6693,Cirsium palustre,FALSE
NN6693,Cirsium vulgare,FALSE
NN6693,Clematis vitalba,FALSE
NN6693,Clinopodium vulgare,FALSE
NN6693,Conium maculatum,FALSE
NN6693,Conopodium majus,FALSE
NN6693,Convolvulus arvensis,FALSE
NN6693,Conyza canadensis,FALSE
NN6693,Cotoneaster salicifolius,FALSE
NN6693,Crataegus monogyna,FALSE
NN6693,Crepis capillaris,FALSE
NN6693,Crepis vesicaria,FALSE
NN6693,Cruciata laevipes,FALSE
NN6693,Cytisus scoparius,FALSE
NN6693,Dactylorhiza fuchsii,FALSE
NN6693,Dactylorhiza maculata,FALSE
NN6693,Daucus carota,FALSE
NN6693,Digitalis ferruginea,FALSE
NN6693,Digitalis grandiflora,FALSE
NN6693,Digitalis purpurea,FALSE
NN6693,Dioscorea communis,FALSE
NN6693,Doronicum plantagineum,FALSE
NN6693,Drosera anglica,FALSE
NN6693,Drosera rotundifolia,TRUE
NN6693,Dryas octopetala,FALSE
NN6693,Epilobium hirsutum,FALSE
NN6693,Epilobium montanum,FALSE
NN6693,Epilobium obscurum,FALSE
NN6693,Epilobium palustre,FALSE
NN6693,Epilobium parviflorum,FALSE
NN6693,Epilobium roseum,FALSE
NN6693,Epilobium tetragonum,FALSE
NN6693,Erica cinerea,TRUE
NN6693,Erica tetralix,TRUE
NN6693,Eriophorum vaginatum,FALSE
NN6693,Eupatorium cannabinum,FALSE
NN6693,Euphorbia exigua,FALSE
NN6693,Euphorbia helioscopia,FALSE
NN6693,Euphrasia officinalis,FALSE
NN6693,Fagopyrum esculentum,FALSE
NN6693,Fallopia convolvulus,FALSE
NN6693,Filipendula ulmaria,FALSE
NN6693,Fumaria officinalis,FALSE
NN6693,Galeopsis speciosa,FALSE
NN6693,Galeopsis tetrahit,FALSE
NN6693,Galium aparine,FALSE
NN6693,Galium mollugo,FALSE
NN6693,Galium odoratum,FALSE
NN6693,Galium palustre,FALSE
NN6693,Galium saxatile,TRUE
NN6693,Galium verum,FALSE
NN6693,Genista anglica,FALSE
NN6693,Geranium dissectum,FALSE
NN6693,Geranium molle,FALSE
NN6693,Geranium nodosum,FALSE
NN6693,Geranium pratense,FALSE
NN6693,Geranium pyrenaicum,FALSE
NN6693,Geranium robertianum,FALSE
NN6693,Geum urbanum,FALSE
NN6693,Glechoma hederacea,FALSE
NN6693,Hedera helix,FALSE
NN6693,Helianthus annuus,FALSE
NN6693,Heracleum mantegazzianum,FALSE
NN6693,Heracleum sphondylium,FALSE
NN6693,Hippocrepis comosa,FALSE
NN6693,Hordeum vulgare,FALSE
NN6693,Hyacinthoides non,FALSE
NN6693,Hypericum forrestii,FALSE
NN6693,Hypericum perforatum,FALSE
NN6693,Hypericum pulchrum,FALSE
NN6693,Hypericum tetrapterum,FALSE
NN6693,Hypochaeris radicata,FALSE
NN6693,Ilex aquifolium,FALSE
NN6693,Impatiens glandulifera,FALSE
NN6693,Impatiens parviflora,FALSE
NN6693,Iris pseudacorus,FALSE
NN6693,Jacobaea erucifolia,FALSE
NN6693,Jacobaea vulgaris,FALSE
NN6693,Jasione montana,FALSE
NN6693,Juncus conglomeratus,FALSE
NN6693,Juncus effusus,FALSE
NN6693,Knautia arvensis,FALSE
NN6693,Lactuca serriola,FALSE
NN6693,Lamium album,FALSE
NN6693,Lamium galeobdolon,FALSE
NN6693,Lamium purpureum,FALSE
NN6693,Lapsana communis,FALSE
NN6693,Lathyrus aphaca,FALSE
NN6693,Lathyrus linifolius,FALSE
NN6693,Lathyrus pratensis,FALSE
NN6693,Leontodon hispidus,FALSE
NN6693,Leontodon saxatilis,FALSE
NN6693,Leucanthemum vulgare,FALSE
NN6693,Ligusticum scoticum,FALSE
NN6693,Limonium vulgare,FALSE
NN6693,Linaria vulgaris,FALSE
NN6693,Linum catharticum,FALSE
NN6693,Linum usitatissimum,FALSE
NN6693,Lonicera caprifolium,FALSE
NN6693,Lonicera periclymenum,FALSE
NN6693,Lotus angustissimus,FALSE
NN6693,Lotus corniculatus,FALSE
NN6693,Lotus pedunculatus,FALSE
NN6693,Lotus subbiflorus,FALSE
NN6693,Luzula campestris,FALSE
NN6693,Lysimachia nemorum,FALSE
NN6693,Lysimachia punctata,FALSE
NN6693,Lysimachia vulgaris,FALSE
NN6693,Lythrum alatum,FALSE
NN6693,Lythrum salicaria,FALSE
NN6693,Malva sylvestris,FALSE
NN6693,Matricaria chamomilla,FALSE
NN6693,Matricaria discoidea,FALSE
NN6693,Medicago lupulina,FALSE
NN6693,Melampyrum pratense,TRUE
NN6693,Mentha aquatica,FALSE
NN6693,Mentha arvensis,FALSE
NN6693,Mercurialis perennis,FALSE
NN6693,Myosotis arvensis,FALSE
NN6693,Myosotis discolor,FALSE
NN6693,Myosotis sylvatica,FALSE
NN6693,Narthecium ossifragum,TRUE
NN6693,Odontites vernus,FALSE
NN6693,Oenanthe crocata,FALSE
NN6693,Origanum vulgare,FALSE
NN6693,Ornithopus perpusillus,FALSE
NN6693,Oxalis acetosella,FALSE
NN6693,Panicum miliaceum,FALSE
NN6693,Papaver rhoeas,FALSE
NN6693,Pedicularis sylvatica,TRUE
NN6693,Persicaria amplexicaulis,FALSE
NN6693,Persicaria bistorta,FALSE
NN6693,Persicaria hydropiper,FALSE
NN6693,Persicaria lapathifolia,FALSE
NN6693,Persicaria maculosa,FALSE
NN6693,Peucedanum ostruthium,FALSE
NN6693,Picris echioides,FALSE
NN6693,Picris hieracioides,FALSE
NN6693,Pilosella officinarum,FALSE
NN6693,Pimpinella saxifraga,FALSE
NN6693,Pinguicula vulgaris,TRUE
NN6693,Plantago lanceolata,FALSE
NN6693,Plantago major,FALSE
NN6693,Plantago maritima,FALSE
NN6693,Poa annua,FALSE
NN6693,Polygala serpyllifolia,TRUE
NN6693,Polygala vulgaris,FALSE
NN6693,Polygonum aviculare,FALSE
NN6693,Potentilla anglica,FALSE
NN6693,Potentilla anserina,FALSE
NN6693,Potentilla erecta,TRUE
NN6693,Potentilla recta,FALSE
NN6693,Potentilla reptans,FALSE
NN6693,Prunella vulgaris,FALSE
NN6693,Prunus spinosa,FALSE
NN6693,Pulicaria dysenterica,FALSE
NN6693,Ranunculus acris,FALSE
NN6693,Ranunculus bulbosus,FALSE
NN6693,Ranunculus ficaria,FALSE
NN6693,Ranunculus flammula,TRUE
NN6693,Ranunculus repens,TRUE
NN6693,Ranunculus sardous,FALSE
NN6693,Raphanus raphanistrum,FALSE
NN6693,Raphanus sativus,FALSE
NN6693,Rhinanthus minor,FALSE
NN6693,Rosa arvensis,FALSE
NN6693,Rosa canina,FALSE
NN6693,Rubus caesius,FALSE
NN6693,Rubus fruticosus,FALSE
NN6693,Rubus idaeus,FALSE
NN6693,Rumex acetosa,TRUE
NN6693,Rumex acetosella,FALSE
NN6693,Rumex crispus,FALSE
NN6693,Rumex obtusifolius,FALSE
NN6693,Rumex sanguineus,FALSE
NN6693,Sagina saginoides,FALSE
NN6693,Sambucus nigra,FALSE
NN6693,Sanguisorba officinalis,FALSE
NN6693,Scorzoneroides autumnalis,FALSE
NN6693,Scrophularia auriculata,FALSE
NN6693,Scrophularia nodosa,FALSE
NN6693,Sedum anglicum,FALSE
NN6693,Senecio erucifolius,FALSE
NN6693,Senecio jacobaea,FALSE
NN6693,Senecio vulgaris,FALSE
NN6693,Sherardia arvensis,FALSE
NN6693,Silene dioica,FALSE
NN6693,Silene latifolia,FALSE
NN6693,Silybum marianum,FALSE
NN6693,Sinapis alba,FALSE
NN6693,Sinapis arvensis,FALSE
NN6693,Sisymbrium officinale,FALSE
NN6693,Solanum dulcamara,FALSE
NN6693,Solanum nigrum,FALSE
NN6693,Solanum tuberosum,FALSE
NN6693,Sonchus arvensis,FALSE
NN6693,Sonchus asper,FALSE
NN6693,Sonchus oleraceus,FALSE
NN6693,Sorbus aucuparia,FALSE
NN6693,Spergula arvensis,FALSE
NN6693,Spergularia media,FALSE
NN6693,Stachys arvensis,FALSE
NN6693,Stachys palustris,FALSE
NN6693,Stachys sylvatica,FALSE
NN6693,Stellaria alsine,FALSE
NN6693,Stellaria graminea,FALSE
NN6693,Stellaria holostea,FALSE
NN6693,Stellaria media,FALSE
NN6693,Suaeda maritima,FALSE
NN6693,Succisa pratensis,TRUE
NN6693,Symphytum officinale,FALSE
NN6693,Taraxacum agg,FALSE
NN6693,Taraxacum officinale,FALSE
NN6693,Teucrium scorodonia,FALSE
NN6693,Thlaspi arvense,FALSE
NN6693,Thymus polytrichus,FALSE
NN6693,Thymus vulgaris,FALSE
NN6693,Torilis japonica,FALSE
NN6693,Tragopogon pratensis,FALSE
NN6693,Trientalis europaea,TRUE
NN6693,Trifolium arvense,FALSE
NN6693,Trifolium campestre,FALSE
NN6693,Trifolium constantinopolitanum,FALSE
NN6693,Trifolium dubium,FALSE
NN6693,Trifolium pratense,FALSE
NN6693,Trifolium repens,FALSE
NN6693,Tripleurospermum inodorum,FALSE
NN6693,Tripleurospermum maritimum,FALSE
NN6693,Turgenia latifolia,FALSE
NN6693,Ulex europaeus,FALSE
NN6693,Ulex gallii,FALSE
NN6693,Urtica dioica,FALSE
NN6693,Vaccinium myrtillus,FALSE
NN6693,Vaccinium oxycoccos,FALSE
NN6693,Vaccinium vitis,FALSE
NN6693,Valeriana dioica,FALSE
NN6693,Valeriana officinalis,FALSE
NN6693,Verbena officinalis,FALSE
NN6693,Verbena x,FALSE
NN6693,Veronica agrestis,FALSE
NN6693,Veronica arvensis,FALSE
NN6693,Veronica beccabunga,FALSE
NN6693,Veronica chamaedrys,FALSE
NN6693,Veronica hederifolia,FALSE
NN6693,Veronica montana,FALSE
NN6693,Veronica officinalis,FALSE
NN6693,Veronica persica,FALSE
NN6693,Veronica polita,FALSE
NN6693,Veronica serpyllifolia,FALSE
NN6693,Vicia benghalensis,FALSE
NN6693,Vicia cracca,FALSE
NN6693,Vicia faba,FALSE
NN6693,Vicia hirsuta,FALSE
NN6693,Vicia lutea,FALSE
NN6693,Vicia sativa,FALSE
NN6693,Vicia sepium,FALSE
NN6693,Vicia spp,FALSE
NN6693,Vicia tetrasperma,FALSE
NN6693,Viola arvensis,FALSE
NN6693,Viola canina,FALSE
NN6693,Viola palustris,FALSE
NN6693,Viola riviniana,FALSE
NN6693,Zea mays,FALSE
NN7911,Acer pseudoplatanus,FALSE
NN7911,Achillea millefolium,FALSE
NN7911,Achillea ptarmica,FALSE
NN7911,Aegopodium podagraria,FALSE
NN7911,Aethusa cynapium,FALSE
NN7911,Ajuga reptans,FALSE
NN7911,Alliaria petiolata,FALSE
NN7911,Alnus glutinosa,FALSE
NN7911,Anagallis arvensis,FALSE
NN7911,Anchusa arvensis,FALSE
NN7911,Anemone nemorosa,FALSE
NN7911,Angelica sylvestris,FALSE
NN7911,Anthemis cotula,FALSE
NN7911,Anthriscus caucalis,FALSE
NN7911,Anthriscus sylvestris,FALSE
NN7911,Apium nodiflorum,FALSE
NN7911,Armeria maritima,FALSE
NN7911,Artemisia absinthium,FALSE
NN7911,Artemisia annua,FALSE
NN7911,Artemisia vulgaris,FALSE
NN7911,Aster tripolium,FALSE
NN7911,Atriplex patula,FALSE
NN7911,Atriplex portulacoides,FALSE
NN7911,Ballota nigra,FALSE
NN7911,Barbarea vulgaris,FALSE
NN7911,Bellis perennis,FALSE
NN7911,Berula erecta,FALSE
NN7911,Brassica napus,FALSE
NN7911,Brassica oleracea,FALSE
NN7911,Brassica rapa,FALSE
NN7911,Bryonia dioica,FALSE
NN7911,Buddleja davidii,FALSE
NN7911,Bupleurum tenuissimum,FALSE
NN7911,Calluna vulgaris,TRUE
NN7911,Caltha palustris,FALSE
NN7911,Calystegia sepium,FALSE
NN7911,Campanula rotundifolia,FALSE
NN7911,Capsella bursa,FALSE
NN7911,Cardamine flexuosa,FALSE
NN7911,Cardamine hirsuta,FALSE
NN7911,Cardamine pratensis,FALSE
NN7911,Carduus nutans,FALSE
NN7911,Carum verticillatum,FALSE
NN7911,Centaurea cyanus,FALSE
NN7911,Centaurea nigra,FALSE
NN7911,Centaurea scabiosa,FALSE
NN7911,Centaurium erythraea,FALSE
NN7911,Cerastium arvense,FALSE
NN7911,Cerastium fontanum,FALSE
NN7911,Cerastium glomeratum,FALSE
NN7911,Ceratocapnos claviculata,FALSE
NN7911,Chaerophyllum temulum,FALSE
NN7911,Chamaemelum nobile,FALSE
NN7911,Chamerion angustifolium,FALSE
NN7911,Chenopodium album,FALSE
NN7911,Chenopodium ficifolium,FALSE
NN7911,Chenopodium quinoa,FALSE
NN7911,Cichorium intybus,FALSE
NN7911,Circaea lutetiana,FALSE
NN7911,Cirsium arvense,FALSE
NN7911,Cirsium eriophorum,FALSE
NN7911,Cirsium palustre,FALSE
NN7911,Cirsium vulgare,FALSE
NN7911,Clematis vitalba,FALSE
NN7911,Clinopodium vulgare,FALSE
NN7911,Conium maculatum,FALSE
NN7911,Conopodium majus,FALSE
NN7911,Convolvulus arvensis,FALSE
NN7911,Conyza canadensis,FALSE
NN7911,Cotoneaster salicifolius,FALSE
NN7911,Crataegus monogyna,FALSE
NN7911,Crepis capillaris,FALSE
NN7911,Crepis vesicaria,FALSE
NN7911,Cruciata laevipes,FALSE
NN7911,Cytisus scoparius,FALSE
NN7911,Dactylorhiza fuchsii,FALSE
NN7911,Dactylorhiza maculata,FALSE
NN7911,Daucus carota,FALSE
NN7911,Digitalis ferruginea,FALSE
NN7911,Digitalis grandiflora,FALSE
NN7911,Digitalis purpurea,FALSE
NN7911,Dioscorea communis,FALSE
NN7911,Doronicum plantagineum,FALSE
NN7911,Drosera anglica,FALSE
NN7911,Drosera rotundifolia,FALSE
NN7911,Dryas octopetala,FALSE
NN7911,Epilobium hirsutum,FALSE
NN7911,Epilobium montanum,FALSE
NN7911,Epilobium obscurum,FALSE
NN7911,Epilobium palustre,FALSE
NN7911,Epilobium parviflorum,FALSE
NN7911,Epilobium roseum,FALSE
NN7911,Epilobium tetragonum,FALSE
NN7911,Erica cinerea,FALSE
NN7911,Erica tetralix,TRUE
NN7911,Eriophorum vaginatum,FALSE
NN7911,Eupatorium cannabinum,FALSE
NN7911,Euphorbia exigua,FALSE
NN7911,Euphorbia helioscopia,FALSE
NN7911,Euphrasia officinalis,FALSE
NN7911,Fagopyrum esculentum,FALSE
NN7911,Fallopia convolvulus,FALSE
NN7911,Filipendula ulmaria,FALSE
NN7911,Fumaria officinalis,FALSE
NN7911,Galeopsis speciosa,FALSE
NN7911,Galeopsis tetrahit,FALSE
NN7911,Galium aparine,FALSE
NN7911,Galium mollugo,FALSE
NN7911,Galium odoratum,FALSE
NN7911,Galium palustre,FALSE
NN7911,Galium saxatile,TRUE
NN7911,Galium verum,FALSE
NN7911,Genista anglica,FALSE
NN7911,Geranium dissectum,FALSE
NN7911,Geranium molle,FALSE
NN7911,Geranium nodosum,FALSE
NN7911,Geranium pratense,FALSE
NN7911,Geranium pyrenaicum,FALSE
NN7911,Geranium robertianum,FALSE
NN7911,Geum urbanum,FALSE
NN7911,Glechoma hederacea,FALSE
NN7911,Hedera helix,FALSE
NN7911,Helianthus annuus,FALSE
NN7911,Heracleum mantegazzianum,FALSE
NN7911,Heracleum sphondylium,FALSE
NN7911,Hippocrepis comosa,FALSE
NN7911,Hordeum vulgare,FALSE
NN7911,Hyacinthoides non,FALSE
NN7911,Hypericum forrestii,FALSE
NN7911,Hypericum perforatum,FALSE
NN7911,Hypericum pulchrum,FALSE
NN7911,Hypericum tetrapterum,FALSE
NN7911,Hypochaeris radicata,FALSE
NN7911,Ilex aquifolium,FALSE
NN7911,Impatiens glandulifera,FALSE
NN7911,Impatiens parviflora,FALSE
NN7911,Iris pseudacorus,FALSE
NN7911,Jacobaea erucifolia,FALSE
NN7911,Jacobaea vulgaris,FALSE
NN7911,Jasione montana,FALSE
NN7911,Juncus conglomeratus,FALSE
NN7911,Juncus effusus,FALSE
NN7911,Knautia arvensis,FALSE
NN7911,Lactuca serriola,FALSE
NN7911,Lamium album,FALSE
NN7911,Lamium galeobdolon,FALSE
NN7911,Lamium purpureum,FALSE
NN7911,Lapsana communis,FALSE
NN7911,Lathyrus aphaca,FALSE
NN7911,Lathyrus linifolius,FALSE
NN7911,Lathyrus pratensis,FALSE
NN7911,Leontodon hispidus,FALSE
NN7911,Leontodon saxatilis,FALSE
NN7911,Leucanthemum vulgare,FALSE
NN7911,Ligusticum scoticum,FALSE
NN7911,Limonium vulgare,FALSE
NN7911,Linaria vulgaris,FALSE
NN7911,Linum catharticum,FALSE
NN7911,Linum usitatissimum,FALSE
NN7911,Lonicera caprifolium,FALSE
NN7911,Lonicera periclymenum,FALSE
NN7911,Lotus angustissimus,FALSE
NN7911,Lotus corniculatus,FALSE
NN7911,Lotus pedunculatus,FALSE
NN7911,Lotus subbiflorus,FALSE
NN7911,Luzula campestris,FALSE
NN7911,Lysimachia nemorum,FALSE
NN7911,Lysimachia punctata,FALSE
NN7911,Lysimachia vulgaris,FALSE
NN7911,Lythrum alatum,FALSE
NN7911,Lythrum salicaria,FALSE
NN7911,Malva sylvestris,FALSE
NN7911,Matricaria chamomilla,FALSE
NN7911,Matricaria discoidea,FALSE
NN7911,Medicago lupulina,FALSE
NN7911,Melampyrum pratense,FALSE
NN7911,Mentha aquatica,FALSE
NN7911,Mentha arvensis,FALSE
NN7911,Mercurialis perennis,FALSE
NN7911,Myosotis arvensis,FALSE
NN7911,Myosotis discolor,FALSE
NN7911,Myosotis sylvatica,FALSE
NN7911,Narthecium ossifragum,TRUE
NN7911,Odontites vernus,FALSE
NN7911,Oenanthe crocata,FALSE
NN7911,Origanum vulgare,FALSE
NN7911,Ornithopus perpusillus,FALSE
NN7911,Oxalis acetosella,FALSE
NN7911,Panicum miliaceum,FALSE
NN7911,Papaver rhoeas,FALSE
NN7911,Pedicularis sylvatica,FALSE
NN7911,Persicaria amplexicaulis,FALSE
NN7911,Persicaria bistorta,FALSE
NN7911,Persicaria hydropiper,FALSE
NN7911,Persicaria lapathifolia,FALSE
NN7911,Persicaria maculosa,FALSE
NN7911,Peucedanum ostruthium,FALSE
NN7911,Picris echioides,FALSE
NN7911,Picris hieracioides,FALSE
NN7911,Pilosella officinarum,FALSE
NN7911,Pimpinella saxifraga,FALSE
NN7911,Pinguicula vulgaris,FALSE
NN7911,Plantago lanceolata,FALSE
NN7911,Plantago major,FALSE
NN7911,Plantago maritima,FALSE
NN7911,Poa annua,FALSE
NN7911,Polygala serpyllifolia,FALSE
NN7911,Polygala vulgaris,FALSE
NN7911,Polygonum aviculare,FALSE
NN7911,Potentilla anglica,FALSE
NN7911,Potentilla anserina,FALSE
NN7911,Potentilla erecta,TRUE
NN7911,Potentilla recta,FALSE
NN7911,Potentilla reptans,FALSE
NN7911,Prunella vulgaris,FALSE
NN7911,Prunus spinosa,FALSE
NN7911,Pulicaria dysenterica,FALSE
NN7911,Ranunculus acris,FALSE
NN7911,Ranunculus bulbosus,FALSE
NN7911,Ranunculus ficaria,FALSE
NN7911,Ranunculus flammula,FALSE
NN7911,Ranunculus repens,FALSE
NN7911,Ranunculus sardous,FALSE
NN7911,Raphanus raphanistrum,FALSE
NN7911,Raphanus sativus,FALSE
NN7911,Rhinanthus minor,FALSE
NN7911,Rosa arvensis,FALSE
NN7911,Rosa canina,FALSE
NN7911,Rubus caesius,FALSE
NN7911,Rubus fruticosus,FALSE
NN7911,Rubus idaeus,FALSE
NN7911,Rumex acetosa,FALSE
NN7911,Rumex acetosella,FALSE
NN7911,Rumex crispus,FALSE
NN7911,Rumex obtusifolius,FALSE
NN7911,Rumex sanguineus,FALSE
NN7911,Sagina saginoides,FALSE
NN7911,Sambucus nigra,FALSE
NN7911,Sanguisorba officinalis,FALSE
NN7911,Scorzoneroides autumnalis,FALSE
NN7911,Scrophularia auriculata,FALSE
NN7911,Scrophularia nodosa,FALSE
NN7911,Sedum anglicum,FALSE
NN7911,Senecio erucifolius,FALSE
NN7911,Senecio jacobaea,FALSE
NN7911,Senecio vulgaris,FALSE
NN7911,Sherardia arvensis,FALSE
NN7911,Silene dioica,FALSE
NN7911,Silene latifolia,FALSE
NN7911,Silybum marianum,FALSE
NN7911,Sinapis alba,FALSE
NN7911,Sinapis arvensis,FALSE
NN7911,Sisymbrium officinale,FALSE
NN7911,Solanum dulcamara,FALSE
NN7911,Solanum nigrum,FALSE
NN7911,Solanum tuberosum,FALSE
NN7911,Sonchus arvensis,FALSE
NN7911,Sonchus asper,FALSE
NN7911,Sonchus oleraceus,FALSE
NN7911,Sorbus aucuparia,FALSE
NN7911,Spergula arvensis,FALSE
NN7911,Spergularia media,FALSE
NN7911,Stachys arvensis,FALSE
NN7911,Stachys palustris,FALSE
NN7911,Stachys sylvatica,FALSE
NN7911,Stellaria alsine,FALSE
NN7911,Stellaria graminea,FALSE
NN7911,Stellaria holostea,FALSE
NN7911,Stellaria media,FALSE
NN7911,Suaeda maritima,FALSE
NN7911,Succisa pratensis,FALSE
NN7911,Symphytum officinale,FALSE
NN7911,Taraxacum agg,FALSE
NN7911,Taraxacum officinale,FALSE
NN7911,Teucrium scorodonia,FALSE
NN7911,Thlaspi arvense,FALSE
NN7911,Thymus polytrichus,FALSE
NN7911,Thymus vulgaris,FALSE
NN7911,Torilis japonica,FALSE
NN7911,Tragopogon pratensis,FALSE
NN7911,Trientalis europaea,FALSE
NN7911,Trifolium arvense,FALSE
NN7911,Trifolium campestre,FALSE
NN7911,Trifolium constantinopolitanum,FALSE
NN7911,Trifolium dubium,FALSE
NN7911,Trifolium pratense,FALSE
NN7911,Trifolium repens,FALSE
NN7911,Tripleurospermum inodorum,FALSE
NN7911,Tripleurospermum maritimum,FALSE
NN7911,Turgenia latifolia,FALSE
NN7911,Ulex europaeus,FALSE
NN7911,Ulex gallii,FALSE
NN7911,Urtica dioica,FALSE
NN7911,Vaccinium myrtillus,FALSE
NN7911,Vaccinium oxycoccos,TRUE
NN7911,Vaccinium vitis,FALSE
NN7911,Valeriana dioica,FALSE
NN7911,Valeriana officinalis,FALSE
NN7911,Verbena officinalis,FALSE
NN7911,Verbena x,FALSE
NN7911,Veronica agrestis,FALSE
NN7911,Veronica arvensis,FALSE
NN7911,Veronica beccabunga,FALSE
NN7911,Veronica chamaedrys,FALSE
NN7911,Veronica hederifolia,FALSE
NN7911,Veronica montana,FALSE
NN7911,Veronica officinalis,FALSE
NN7911,Veronica persica,FALSE
NN7911,Veronica polita,FALSE
NN7911,Veronica serpyllifolia,FALSE
NN7911,Vicia benghalensis,FALSE
NN7911,Vicia cracca,FALSE
NN7911,Vicia faba,FALSE
NN7911,Vicia hirsuta,FALSE
NN7911,Vicia lutea,FALSE
NN7911,Vicia sativa,FALSE
NN7911,Vicia sepium,FALSE
NN7911,Vicia spp,FALSE
NN7911,Vicia tetrasperma,FALSE
NN7911,Viola arvensis,FALSE
NN7911,Viola canina,FALSE
NN7911,Viola palustris,FALSE
NN7911,Viola riviniana,FALSE
NN7911,Zea mays,FALSE
NN8369,Acer pseudoplatanus,FALSE
NN8369,Achillea millefolium,FALSE
NN8369,Achillea ptarmica,FALSE
NN8369,Aegopodium podagraria,FALSE
NN8369,Aethusa cynapium,FALSE
NN8369,Ajuga reptans,FALSE
NN8369,Alliaria petiolata,FALSE
NN8369,Alnus glutinosa,FALSE
NN8369,Anagallis arvensis,FALSE
NN8369,Anchusa arvensis,FALSE
NN8369,Anemone nemorosa,FALSE
NN8369,Angelica sylvestris,FALSE
NN8369,Anthemis cotula,FALSE
NN8369,Anthriscus caucalis,FALSE
NN8369,Anthriscus sylvestris,FALSE
NN8369,Apium nodiflorum,FALSE
NN8369,Armeria maritima,FALSE
NN8369,Artemisia absinthium,FALSE
NN8369,Artemisia annua,FALSE
NN8369,Artemisia vulgaris,FALSE
NN8369,Aster tripolium,FALSE
NN8369,Atriplex patula,FALSE
NN8369,Atriplex portulacoides,FALSE
NN8369,Ballota nigra,FALSE
NN8369,Barbarea vulgaris,FALSE
NN8369,Bellis perennis,FALSE
NN8369,Berula erecta,FALSE
NN8369,Brassica napus,FALSE
NN8369,Brassica oleracea,FALSE
NN8369,Brassica rapa,FALSE
NN8369,Bryonia dioica,FALSE
NN8369,Buddleja davidii,FALSE
NN8369,Bupleurum tenuissimum,FALSE
NN8369,Calluna vulgaris,TRUE
NN8369,Caltha palustris,FALSE
NN8369,Calystegia sepium,FALSE
NN8369,Campanula rotundifolia,FALSE
NN8369,Capsella bursa,FALSE
NN8369,Cardamine flexuosa,FALSE
NN8369,Cardamine hirsuta,FALSE
NN8369,Cardamine pratensis,FALSE
NN8369,Carduus nutans,FALSE
NN8369,Carum verticillatum,FALSE
NN8369,Centaurea cyanus,FALSE
NN8369,Centaurea nigra,FALSE
NN8369,Centaurea scabiosa,FALSE
NN8369,Centaurium erythraea,FALSE
NN8369,Cerastium arvense,FALSE
NN8369,Cerastium fontanum,FALSE
NN8369,Cerastium glomeratum,FALSE
NN8369,Ceratocapnos claviculata,FALSE
NN8369,Chaerophyllum temulum,FALSE
NN8369,Chamaemelum nobile,FALSE
NN8369,Chamerion angustifolium,FALSE
NN8369,Chenopodium album,FALSE
NN8369,Chenopodium ficifolium,FALSE
NN8369,Chenopodium quinoa,FALSE
NN8369,Cichorium intybus,FALSE
NN8369,Circaea lutetiana,FALSE
NN8369,Cirsium arvense,FALSE
NN8369,Cirsium eriophorum,FALSE
NN8369,Cirsium palustre,FALSE
NN8369,Cirsium vulgare,FALSE
NN8369,Clematis vitalba,FALSE
NN8369,Clinopodium vulgare,FALSE
NN8369,Conium maculatum,FALSE
NN8369,Conopodium majus,FALSE
NN8369,Convolvulus arvensis,FALSE
NN8369,Conyza canadensis,FALSE
NN8369,Cotoneaster salicifolius,FALSE
NN8369,Crataegus monogyna,FALSE
NN8369,Crepis capillaris,FALSE
NN8369,Crepis vesicaria,FALSE
NN8369,Cruciata laevipes,FALSE
NN8369,Cytisus scoparius,FALSE
NN8369,Dactylorhiza fuchsii,FALSE
NN8369,Dactylorhiza maculata,FALSE
NN8369,Daucus carota,FALSE
NN8369,Digitalis ferruginea,FALSE
NN8369,Digitalis grandiflora,FALSE
NN8369,Digitalis purpurea,FALSE
NN8369,Dioscorea communis,FALSE
NN8369,Doronicum plantagineum,FALSE
NN8369,Drosera anglica,FALSE
NN8369,Drosera rotundifolia,FALSE
NN8369,Dryas octopetala,FALSE
NN8369,Epilobium hirsutum,FALSE
NN8369,Epilobium montanum,FALSE
NN8369,Epilobium obscurum,FALSE
NN8369,Epilobium palustre,FALSE
NN8369,Epilobium parviflorum,FALSE
NN8369,Epilobium roseum,FALSE
NN8369,Epilobium tetragonum,FALSE
NN8369,Erica cinerea,TRUE
NN8369,Erica tetralix,TRUE
NN8369,Eriophorum vaginatum,FALSE
NN8369,Eupatorium cannabinum,FALSE
NN8369,Euphorbia exigua,FALSE
NN8369,Euphorbia helioscopia,FALSE
NN8369,Euphrasia officinalis,FALSE
NN8369,Fagopyrum esculentum,FALSE
NN8369,Fallopia convolvulus,FALSE
NN8369,Filipendula ulmaria,FALSE
NN8369,Fumaria officinalis,FALSE
NN8369,Galeopsis speciosa,FALSE
NN8369,Galeopsis tetrahit,FALSE
NN8369,Galium aparine,FALSE
NN8369,Galium mollugo,FALSE
NN8369,Galium odoratum,FALSE
NN8369,Galium palustre,FALSE
NN8369,Galium saxatile,TRUE
NN8369,Galium verum,FALSE
NN8369,Genista anglica,FALSE
NN8369,Geranium dissectum,FALSE
NN8369,Geranium molle,FALSE
NN8369,Geranium nodosum,FALSE
NN8369,Geranium pratense,FALSE
NN8369,Geranium pyrenaicum,FALSE
NN8369,Geranium robertianum,FALSE
NN8369,Geum urbanum,FALSE
NN8369,Glechoma hederacea,FALSE
NN8369,Hedera helix,FALSE
NN8369,Helianthus annuus,FALSE
NN8369,Heracleum mantegazzianum,FALSE
NN8369,Heracleum sphondylium,FALSE
NN8369,Hippocrepis comosa,FALSE
NN8369,Hordeum vulgare,FALSE
NN8369,Hyacinthoides non,FALSE
NN8369,Hypericum forrestii,FALSE
NN8369,Hypericum perforatum,FALSE
NN8369,Hypericum pulchrum,FALSE
NN8369,Hypericum tetrapterum,FALSE
NN8369,Hypochaeris radicata,FALSE
NN8369,Ilex aquifolium,FALSE
NN8369,Impatiens glandulifera,FALSE
NN8369,Impatiens parviflora,FALSE
NN8369,Iris pseudacorus,FALSE
NN8369,Jacobaea erucifolia,FALSE
NN8369,Jacobaea vulgaris,FALSE
NN8369,Jasione montana,FALSE
NN8369,Juncus conglomeratus,FALSE
NN8369,Juncus effusus,FALSE
NN8369,Knautia arvensis,FALSE
NN8369,Lactuca serriola,FALSE
NN8369,Lamium album,FALSE
NN8369,Lamium galeobdolon,FALSE
NN8369,Lamium purpureum,FALSE
NN8369,Lapsana communis,FALSE
NN8369,Lathyrus aphaca,FALSE
NN8369,Lathyrus linifolius,FALSE
NN8369,Lathyrus pratensis,FALSE
NN8369,Leontodon hispidus,FALSE
NN8369,Leontodon saxatilis,FALSE
NN8369,Leucanthemum vulgare,FALSE
NN8369,Ligusticum scoticum,FALSE
NN8369,Limonium vulgare,FALSE
NN8369,Linaria vulgaris,FALSE
NN8369,Linum catharticum,FALSE
NN8369,Linum usitatissimum,FALSE
NN8369,Lonicera caprifolium,FALSE
NN8369,Lonicera periclymenum,FALSE
NN8369,Lotus angustissimus,FALSE
NN8369,Lotus corniculatus,FALSE
NN8369,Lotus pedunculatus,FALSE
NN8369,Lotus subbiflorus,FALSE
NN8369,Luzula campestris,FALSE
NN8369,Lysimachia nemorum,FALSE
NN8369,Lysimachia punctata,FALSE
NN8369,Lysimachia vulgaris,FALSE
NN8369,Lythrum alatum,FALSE
NN8369,Lythrum salicaria,FALSE
NN8369,Malva sylvestris,FALSE
NN8369,Matricaria chamomilla,FALSE
NN8369,Matricaria discoidea,FALSE
NN8369,Medicago lupulina,FALSE
NN8369,Melampyrum pratense,FALSE
NN8369,Mentha aquatica,FALSE
NN8369,Mentha arvensis,FALSE
NN8369,Mercurialis perennis,FALSE
NN8369,Myosotis arvensis,FALSE
NN8369,Myosotis discolor,FALSE
NN8369,Myosotis sylvatica,FALSE
NN8369,Narthecium ossifragum,FALSE
NN8369,Odontites vernus,FALSE
NN8369,Oenanthe crocata,FALSE
NN8369,Origanum vulgare,FALSE
NN8369,Ornithopus perpusillus,FALSE
NN8369,Oxalis acetosella,FALSE
NN8369,Panicum miliaceum,FALSE
NN8369,Papaver rhoeas,FALSE
NN8369,Pedicularis sylvatica,FALSE
NN8369,Persicaria amplexicaulis,FALSE
NN8369,Persicaria bistorta,FALSE
NN8369,Persicaria hydropiper,FALSE
NN8369,Persicaria lapathifolia,FALSE
NN8369,Persicaria maculosa,FALSE
NN8369,Peucedanum ostruthium,FALSE
NN8369,Picris echioides,FALSE
NN8369,Picris hieracioides,FALSE
NN8369,Pilosella officinarum,FALSE
NN8369,Pimpinella saxifraga,FALSE
NN8369,Pinguicula vulgaris,FALSE
NN8369,Plantago lanceolata,FALSE
NN8369,Plantago major,FALSE
NN8369,Plantago maritima,FALSE
NN8369,Poa annua,FALSE
NN8369,Polygala serpyllifolia,FALSE
NN8369,Polygala vulgaris,FALSE
NN8369,Polygonum aviculare,FALSE
NN8369,Potentilla anglica,FALSE
NN8369,Potentilla anserina,FALSE
NN8369,Potentilla erecta,TRUE
NN8369,Potentilla recta,FALSE
NN8369,Potentilla reptans,FALSE
NN8369,Prunella vulgaris,FALSE
NN8369,Prunus spinosa,FALSE
NN8369,Pulicaria dysenterica,FALSE
NN8369,Ranunculus acris,FALSE
NN8369,Ranunculus bulbosus,FALSE
NN8369,Ranunculus ficaria,FALSE
NN8369,Ranunculus flammula,FALSE
NN8369,Ranunculus repens,FALSE
NN8369,Ranunculus sardous,FALSE
NN8369,Raphanus raphanistrum,FALSE
NN8369,Raphanus sativus,FALSE
NN8369,Rhinanthus minor,FALSE
NN8369,Rosa arvensis,FALSE
NN8369,Rosa canina,FALSE
NN8369,Rubus caesius,FALSE
NN8369,Rubus fruticosus,FALSE
NN8369,Rubus idaeus,FALSE
NN8369,Rumex acetosa,FALSE
NN8369,Rumex acetosella,FALSE
NN8369,Rumex crispus,FALSE
NN8369,Rumex obtusifolius,FALSE
NN8369,Rumex sanguineus,FALSE
NN8369,Sagina saginoides,FALSE
NN8369,Sambucus nigra,FALSE
NN8369,Sanguisorba officinalis,FALSE
NN8369,Scorzoneroides autumnalis,TRUE
NN8369,Scrophularia auriculata,FALSE
NN8369,Scrophularia nodosa,FALSE
NN8369,Sedum anglicum,FALSE
NN8369,Senecio erucifolius,FALSE
NN8369,Senecio jacobaea,FALSE
NN8369,Senecio vulgaris,FALSE
NN8369,Sherardia arvensis,FALSE
NN8369,Silene dioica,FALSE
NN8369,Silene latifolia,FALSE
NN8369,Silybum marianum,FALSE
NN8369,Sinapis alba,FALSE
NN8369,Sinapis arvensis,FALSE
NN8369,Sisymbrium officinale,FALSE
NN8369,Solanum dulcamara,FALSE
NN8369,Solanum nigrum,FALSE
NN8369,Solanum tuberosum,FALSE
NN8369,Sonchus arvensis,FALSE
NN8369,Sonchus asper,FALSE
NN8369,Sonchus oleraceus,FALSE
NN8369,Sorbus aucuparia,FALSE
NN8369,Spergula arvensis,FALSE
NN8369,Spergularia media,FALSE
NN8369,Stachys arvensis,FALSE
NN8369,Stachys palustris,FALSE
NN8369,Stachys sylvatica,FALSE
NN8369,Stellaria alsine,FALSE
NN8369,Stellaria graminea,FALSE
NN8369,Stellaria holostea,FALSE
NN8369,Stellaria media,FALSE
NN8369,Suaeda maritima,FALSE
NN8369,Succisa pratensis,TRUE
NN8369,Symphytum officinale,FALSE
NN8369,Taraxacum agg,FALSE
NN8369,Taraxacum officinale,FALSE
NN8369,Teucrium scorodonia,FALSE
NN8369,Thlaspi arvense,FALSE
NN8369,Thymus polytrichus,FALSE
NN8369,Thymus vulgaris,FALSE
NN8369,Torilis japonica,FALSE
NN8369,Tragopogon pratensis,FALSE
NN8369,Trientalis europaea,TRUE
NN8369,Trifolium arvense,FALSE
NN8369,Trifolium campestre,FALSE
NN8369,Trifolium constantinopolitanum,FALSE
NN8369,Trifolium dubium,FALSE
NN8369,Trifolium pratense,FALSE
NN8369,Trifolium repens,FALSE
NN8369,Tripleurospermum inodorum,FALSE
NN8369,Tripleurospermum maritimum,FALSE
NN8369,Turgenia latifolia,FALSE
NN8369,Ulex europaeus,FALSE
NN8369,Ulex gallii,FALSE
NN8369,Urtica dioica,FALSE
NN8369,Vaccinium myrtillus,FALSE
NN8369,Vaccinium oxycoccos,FALSE
NN8369,Vaccinium vitis,TRUE
NN8369,Valeriana dioica,FALSE
NN8369,Valeriana officinalis,FALSE
NN8369,Verbena officinalis,FALSE
NN8369,Verbena x,FALSE
NN8369,Veronica agrestis,FALSE
NN8369,Veronica arvensis,FALSE
NN8369,Veronica beccabunga,FALSE
NN8369,Veronica chamaedrys,FALSE
NN8369,Veronica hederifolia,FALSE
NN8369,Veronica montana,FALSE
NN8369,Veronica officinalis,FALSE
NN8369,Veronica persica,FALSE
NN8369,Veronica polita,FALSE
NN8369,Veronica serpyllifolia,FALSE
NN8369,Vicia benghalensis,FALSE
NN8369,Vicia cracca,FALSE
NN8369,Vicia faba,FALSE
NN8369,Vicia hirsuta,FALSE
NN8369,Vicia lutea,FALSE
NN8369,Vicia sativa,FALSE
NN8369,Vicia sepium,FALSE
NN8369,Vicia spp,FALSE
NN8369,Vicia tetrasperma,FALSE
NN8369,Viola arvensis,FALSE
NN8369,Viola canina,FALSE
NN8369,Viola palustris,FALSE
NN8369,Viola riviniana,FALSE
NN8369,Zea mays,FALSE
NN8497,Acer pseudoplatanus,FALSE
NN8497,Achillea millefolium,FALSE
NN8497,Achillea ptarmica,FALSE
NN8497,Aegopodium podagraria,FALSE
NN8497,Aethusa cynapium,FALSE
NN8497,Ajuga reptans,FALSE
NN8497,Alliaria petiolata,FALSE
NN8497,Alnus glutinosa,FALSE
NN8497,Anagallis arvensis,FALSE
NN8497,Anchusa arvensis,FALSE
NN8497,Anemone nemorosa,FALSE
NN8497,Angelica sylvestris,FALSE
NN8497,Anthemis cotula,FALSE
NN8497,Anthriscus caucalis,FALSE
NN8497,Anthriscus sylvestris,FALSE
NN8497,Apium nodiflorum,FALSE
NN8497,Armeria maritima,FALSE
NN8497,Artemisia absinthium,FALSE
NN8497,Artemisia annua,FALSE
NN8497,Artemisia vulgaris,FALSE
NN8497,Aster tripolium,FALSE
NN8497,Atriplex patula,FALSE
NN8497,Atriplex portulacoides,FALSE
NN8497,Ballota nigra,FALSE
NN8497,Barbarea vulgaris,FALSE
NN8497,Bellis perennis,FALSE
NN8497,Berula erecta,FALSE
NN8497,Brassica napus,FALSE
NN8497,Brassica oleracea,FALSE
NN8497,Brassica rapa,FALSE
NN8497,Bryonia dioica,FALSE
NN8497,Buddleja davidii,FALSE
NN8497,Bupleurum tenuissimum,FALSE
NN8497,Calluna vulgaris,TRUE
NN8497,Caltha palustris,FALSE
NN8497,Calystegia sepium,FALSE
NN8497,Campanula rotundifolia,TRUE
NN8497,Capsella bursa,FALSE
NN8497,Cardamine flexuosa,FALSE
NN8497,Cardamine hirsuta,FALSE
NN8497,Cardamine pratensis,FALSE
NN8497,Carduus nutans,FALSE
NN8497,Carum verticillatum,FALSE
NN8497,Centaurea cyanus,FALSE
NN8497,Centaurea nigra,FALSE
NN8497,Centaurea scabiosa,FALSE
NN8497,Centaurium erythraea,FALSE
NN8497,Cerastium arvense,FALSE
NN8497,Cerastium fontanum,FALSE
NN8497,Cerastium glomeratum,FALSE
NN8497,Ceratocapnos claviculata,FALSE
NN8497,Chaerophyllum temulum,FALSE
NN8497,Chamaemelum nobile,FALSE
NN8497,Chamerion angustifolium,FALSE
NN8497,Chenopodium album,FALSE
NN8497,Chenopodium ficifolium,FALSE
NN8497,Chenopodium quinoa,FALSE
NN8497,Cichorium intybus,FALSE
NN8497,Circaea lutetiana,FALSE
NN8497,Cirsium arvense,FALSE
NN8497,Cirsium eriophorum,FALSE
NN8497,Cirsium palustre,FALSE
NN8497,Cirsium vulgare,FALSE
NN8497,Clematis vitalba,FALSE
NN8497,Clinopodium vulgare,FALSE
NN8497,Conium maculatum,FALSE
NN8497,Conopodium majus,FALSE
NN8497,Convolvulus arvensis,FALSE
NN8497,Conyza canadensis,FALSE
NN8497,Cotoneaster salicifolius,FALSE
NN8497,Crataegus monogyna,FALSE
NN8497,Crepis capillaris,FALSE
NN8497,Crepis vesicaria,FALSE
NN8497,Cruciata laevipes,FALSE
NN8497,Cytisus scoparius,FALSE
NN8497,Dactylorhiza fuchsii,FALSE
NN8497,Dactylorhiza maculata,FALSE
NN8497,Daucus carota,FALSE
NN8497,Digitalis ferruginea,FALSE
NN8497,Digitalis grandiflora,FALSE
NN8497,Digitalis purpurea,FALSE
NN8497,Dioscorea communis,FALSE
NN8497,Doronicum plantagineum,FALSE
NN8497,Drosera anglica,FALSE
NN8497,Drosera rotundifolia,FALSE
NN8497,Dryas octopetala,FALSE
NN8497,Epilobium hirsutum,FALSE
NN8497,Epilobium montanum,FALSE
NN8497,Epilobium obscurum,FALSE
NN8497,Epilobium palustre,FALSE
NN8497,Epilobium parviflorum,FALSE
NN8497,Epilobium roseum,FALSE
NN8497,Epilobium tetragonum,FALSE
NN8497,Erica cinerea,TRUE
NN8497,Erica tetralix,TRUE
NN8497,Eriophorum vaginatum,FALSE
NN8497,Eupatorium cannabinum,FALSE
NN8497,Euphorbia exigua,FALSE
NN8497,Euphorbia helioscopia,FALSE
NN8497,Euphrasia officinalis,FALSE
NN8497,Fagopyrum esculentum,FALSE
NN8497,Fallopia convolvulus,FALSE
NN8497,Filipendula ulmaria,FALSE
NN8497,Fumaria officinalis,FALSE
NN8497,Galeopsis speciosa,FALSE
NN8497,Galeopsis tetrahit,FALSE
NN8497,Galium aparine,FALSE
NN8497,Galium mollugo,FALSE
NN8497,Galium odoratum,FALSE
NN8497,Galium palustre,FALSE
NN8497,Galium saxatile,TRUE
NN8497,Galium verum,TRUE
NN8497,Genista anglica,FALSE
NN8497,Geranium dissectum,FALSE
NN8497,Geranium molle,FALSE
NN8497,Geranium nodosum,FALSE
NN8497,Geranium pratense,FALSE
NN8497,Geranium pyrenaicum,FALSE
NN8497,Geranium robertianum,FALSE
NN8497,Geum urbanum,FALSE
NN8497,Glechoma hederacea,FALSE
NN8497,Hedera helix,FALSE
NN8497,Helianthus annuus,FALSE
NN8497,Heracleum mantegazzianum,FALSE
NN8497,Heracleum sphondylium,FALSE
NN8497,Hippocrepis comosa,FALSE
NN8497,Hordeum vulgare,FALSE
NN8497,Hyacinthoides non,FALSE
NN8497,Hypericum forrestii,FALSE
NN8497,Hypericum perforatum,FALSE
NN8497,Hypericum pulchrum,FALSE
NN8497,Hypericum tetrapterum,FALSE
NN8497,Hypochaeris radicata,FALSE
NN8497,Ilex aquifolium,FALSE
NN8497,Impatiens glandulifera,FALSE
NN8497,Impatiens parviflora,FALSE
NN8497,Iris pseudacorus,FALSE
NN8497,Jacobaea erucifolia,FALSE
NN8497,Jacobaea vulgaris,FALSE
NN8497,Jasione montana,FALSE
NN8497,Juncus conglomeratus,FALSE
NN8497,Juncus effusus,FALSE
NN8497,Knautia arvensis,FALSE
NN8497,Lactuca serriola,FALSE
NN8497,Lamium album,FALSE
NN8497,Lamium galeobdolon,FALSE
NN8497,Lamium purpureum,FALSE
NN8497,Lapsana communis,FALSE
NN8497,Lathyrus aphaca,FALSE
NN8497,Lathyrus linifolius,FALSE
NN8497,Lathyrus pratensis,FALSE
NN8497,Leontodon hispidus,FALSE
NN8497,Leontodon saxatilis,FALSE
NN8497,Leucanthemum vulgare,FALSE
NN8497,Ligusticum scoticum,FALSE
NN8497,Limonium vulgare,FALSE
NN8497,Linaria vulgaris,FALSE
NN8497,Linum catharticum,FALSE
NN8497,Linum usitatissimum,FALSE
NN8497,Lonicera caprifolium,FALSE
NN8497,Lonicera periclymenum,FALSE
NN8497,Lotus angustissimus,FALSE
NN8497,Lotus corniculatus,FALSE
NN8497,Lotus pedunculatus,FALSE
NN8497,Lotus subbiflorus,FALSE
NN8497,Luzula campestris,FALSE
NN8497,Lysimachia nemorum,FALSE
NN8497,Lysimachia punctata,FALSE
NN8497,Lysimachia vulgaris,FALSE
NN8497,Lythrum alatum,FALSE
NN8497,Lythrum salicaria,FALSE
NN8497,Malva sylvestris,FALSE
NN8497,Matricaria chamomilla,FALSE
NN8497,Matricaria discoidea,FALSE
NN8497,Medicago lupulina,FALSE
NN8497,Melampyrum pratense,FALSE
NN8497,Mentha aquatica,FALSE
NN8497,Mentha arvensis,FALSE
NN8497,Mercurialis perennis,FALSE
NN8497,Myosotis arvensis,FALSE
NN8497,Myosotis discolor,FALSE
NN8497,Myosotis sylvatica,FALSE
NN8497,Narthecium ossifragum,FALSE
NN8497,Odontites vernus,FALSE
NN8497,Oenanthe crocata,FALSE
NN8497,Origanum vulgare,FALSE
NN8497,Ornithopus perpusillus,FALSE
NN8497,Oxalis acetosella,FALSE
NN8497,Panicum miliaceum,FALSE
NN8497,Papaver rhoeas,FALSE
NN8497,Pedicularis sylvatica,FALSE
NN8497,Persicaria amplexicaulis,FALSE
NN8497,Persicaria bistorta,FALSE
NN8497,Persicaria hydropiper,FALSE
NN8497,Persicaria lapathifolia,FALSE
NN8497,Persicaria maculosa,FALSE
NN8497,Peucedanum ostruthium,FALSE
NN8497,Picris echioides,FALSE
NN8497,Picris hieracioides,FALSE
NN8497,Pilosella officinarum,FALSE
NN8497,Pimpinella saxifraga,FALSE
NN8497,Pinguicula vulgaris,FALSE
NN8497,Plantago lanceolata,TRUE
NN8497,Plantago major,FALSE
NN8497,Plantago maritima,FALSE
NN8497,Poa annua,FALSE
NN8497,Polygala serpyllifolia,FALSE
NN8497,Polygala vulgaris,FALSE
NN8497,Polygonum aviculare,FALSE
NN8497,Potentilla anglica,FALSE
NN8497,Potentilla anserina,FALSE
NN8497,Potentilla erecta,TRUE
NN8497,Potentilla recta,FALSE
NN8497,Potentilla reptans,FALSE
NN8497,Prunella vulgaris,FALSE
NN8497,Prunus spinosa,FALSE
NN8497,Pulicaria dysenterica,FALSE
NN8497,Ranunculus acris,FALSE
NN8497,Ranunculus bulbosus,FALSE
NN8497,Ranunculus ficaria,FALSE
NN8497,Ranunculus flammula,FALSE
NN8497,Ranunculus repens,FALSE
NN8497,Ranunculus sardous,FALSE
NN8497,Raphanus raphanistrum,FALSE
NN8497,Raphanus sativus,FALSE
NN8497,Rhinanthus minor,FALSE
NN8497,Rosa arvensis,FALSE
NN8497,Rosa canina,FALSE
NN8497,Rubus caesius,FALSE
NN8497,Rubus fruticosus,FALSE
NN8497,Rubus idaeus,FALSE
NN8497,Rumex acetosa,FALSE
NN8497,Rumex acetosella,FALSE
NN8497,Rumex crispus,FALSE
NN8497,Rumex obtusifolius,FALSE
NN8497,Rumex sanguineus,FALSE
NN8497,Sagina saginoides,FALSE
NN8497,Sambucus nigra,FALSE
NN8497,Sanguisorba officinalis,FALSE
NN8497,Scorzoneroides autumnalis,FALSE
NN8497,Scrophularia auriculata,FALSE
NN8497,Scrophularia nodosa,FALSE
NN8497,Sedum anglicum,FALSE
NN8497,Senecio erucifolius,FALSE
NN8497,Senecio jacobaea,FALSE
NN8497,Senecio vulgaris,FALSE
NN8497,Sherardia arvensis,FALSE
NN8497,Silene dioica,FALSE
NN8497,Silene latifolia,FALSE
NN8497,Silybum marianum,FALSE
NN8497,Sinapis alba,FALSE
NN8497,Sinapis arvensis,FALSE
NN8497,Sisymbrium officinale,FALSE
NN8497,Solanum dulcamara,FALSE
NN8497,Solanum nigrum,FALSE
NN8497,Solanum tuberosum,FALSE
NN8497,Sonchus arvensis,FALSE
NN8497,Sonchus asper,FALSE
NN8497,Sonchus oleraceus,FALSE
NN8497,Sorbus aucuparia,FALSE
NN8497,Spergula arvensis,FALSE
NN8497,Spergularia media,FALSE
NN8497,Stachys arvensis,FALSE
NN8497,Stachys palustris,FALSE
NN8497,Stachys sylvatica,FALSE
NN8497,Stellaria alsine,FALSE
NN8497,Stellaria graminea,FALSE
NN8497,Stellaria holostea,FALSE
NN8497,Stellaria media,FALSE
NN8497,Suaeda maritima,FALSE
NN8497,Succisa pratensis,FALSE
NN8497,Symphytum officinale,FALSE
NN8497,Taraxacum agg,FALSE
NN8497,Taraxacum officinale,FALSE
NN8497,Teucrium scorodonia,FALSE
NN8497,Thlaspi arvense,FALSE
NN8497,Thymus polytrichus,FALSE
NN8497,Thymus vulgaris,FALSE
NN8497,Torilis japonica,FALSE
NN8497,Tragopogon pratensis,FALSE
NN8497,Trientalis europaea,FALSE
NN8497,Trifolium arvense,FALSE
NN8497,Trifolium campestre,FALSE
NN8497,Trifolium constantinopolitanum,FALSE
NN8497,Trifolium dubium,FALSE
NN8497,Trifolium pratense,FALSE
NN8497,Trifolium repens,FALSE
NN8497,Tripleurospermum inodorum,FALSE
NN8497,Tripleurospermum maritimum,FALSE
NN8497,Turgenia latifolia,FALSE
NN8497,Ulex europaeus,FALSE
NN8497,Ulex gallii,FALSE
NN8497,Urtica dioica,FALSE
NN8497,Vaccinium myrtillus,TRUE
NN8497,Vaccinium oxycoccos,FALSE
NN8497,Vaccinium vitis,TRUE
NN8497,Valeriana dioica,FALSE
NN8497,Valeriana officinalis,FALSE
NN8497,Verbena officinalis,FALSE
NN8497,Verbena x,FALSE
NN8497,Veronica agrestis,FALSE
NN8497,Veronica arvensis,FALSE
NN8497,Veronica beccabunga,FALSE
NN8497,Veronica chamaedrys,FALSE
NN8497,Veronica hederifolia,FALSE
NN8497,Veronica montana,FALSE
NN8497,Veronica officinalis,TRUE
NN8497,Veronica persica,FALSE
NN8497,Veronica polita,FALSE
NN8497,Veronica serpyllifolia,FALSE
NN8497,Vicia benghalensis,FALSE
NN8497,Vicia cracca,FALSE
NN8497,Vicia faba,FALSE
NN8497,Vicia hirsuta,FALSE
NN8497,Vicia lutea,FALSE
NN8497,Vicia sativa,FALSE
NN8497,Vicia sepium,FALSE
NN8497,Vicia spp,FALSE
NN8497,Vicia tetrasperma,FALSE
NN8497,Viola arvensis,FALSE
NN8497,Viola canina,FALSE
NN8497,Viola palustris,FALSE
NN8497,Viola riviniana,FALSE
NN8497,Zea mays,FALSE
NN8664,Acer pseudoplatanus,FALSE
NN8664,Achillea millefolium,FALSE
NN8664,Achillea ptarmica,FALSE
NN8664,Aegopodium podagraria,FALSE
NN8664,Aethusa cynapium,FALSE
NN8664,Ajuga reptans,FALSE
NN8664,Alliaria petiolata,FALSE
NN8664,Alnus glutinosa,FALSE
NN8664,Anagallis arvensis,FALSE
NN8664,Anchusa arvensis,FALSE
NN8664,Anemone nemorosa,TRUE
NN8664,Angelica sylvestris,FALSE
NN8664,Anthemis cotula,FALSE
NN8664,Anthriscus caucalis,FALSE
NN8664,Anthriscus sylvestris,FALSE
NN8664,Apium nodiflorum,FALSE
NN8664,Armeria maritima,FALSE
NN8664,Artemisia absinthium,FALSE
NN8664,Artemisia annua,FALSE
NN8664,Artemisia vulgaris,FALSE
NN8664,Aster tripolium,FALSE
NN8664,Atriplex patula,FALSE
NN8664,Atriplex portulacoides,FALSE
NN8664,Ballota nigra,FALSE
NN8664,Barbarea vulgaris,FALSE
NN8664,Bellis perennis,FALSE
NN8664,Berula erecta,FALSE
NN8664,Brassica napus,FALSE
NN8664,Brassica oleracea,FALSE
NN8664,Brassica rapa,FALSE
NN8664,Bryonia dioica,FALSE
NN8664,Buddleja davidii,FALSE
NN8664,Bupleurum tenuissimum,FALSE
NN8664,Calluna vulgaris,TRUE
NN8664,Caltha palustris,FALSE
NN8664,Calystegia sepium,FALSE
NN8664,Campanula rotundifolia,TRUE
NN8664,Capsella bursa,FALSE
NN8664,Cardamine flexuosa,FALSE
NN8664,Cardamine hirsuta,FALSE
NN8664,Cardamine pratensis,FALSE
NN8664,Carduus nutans,FALSE
NN8664,Carum verticillatum,FALSE
NN8664,Centaurea cyanus,FALSE
NN8664,Centaurea nigra,FALSE
NN8664,Centaurea scabiosa,FALSE
NN8664,Centaurium erythraea,FALSE
NN8664,Cerastium arvense,FALSE
NN8664,Cerastium fontanum,FALSE
NN8664,Cerastium glomeratum,FALSE
NN8664,Ceratocapnos claviculata,FALSE
NN8664,Chaerophyllum temulum,FALSE
NN8664,Chamaemelum nobile,FALSE
NN8664,Chamerion angustifolium,FALSE
NN8664,Chenopodium album,FALSE
NN8664,Chenopodium ficifolium,FALSE
NN8664,Chenopodium quinoa,FALSE
NN8664,Cichorium intybus,FALSE
NN8664,Circaea lutetiana,FALSE
NN8664,Cirsium arvense,FALSE
NN8664,Cirsium eriophorum,FALSE
NN8664,Cirsium palustre,FALSE
NN8664,Cirsium vulgare,FALSE
NN8664,Clematis vitalba,FALSE
NN8664,Clinopodium vulgare,FALSE
NN8664,Conium maculatum,FALSE
NN8664,Conopodium majus,FALSE
NN8664,Convolvulus arvensis,FALSE
NN8664,Conyza canadensis,FALSE
NN8664,Cotoneaster salicifolius,FALSE
NN8664,Crataegus monogyna,FALSE
NN8664,Crepis capillaris,FALSE
NN8664,Crepis vesicaria,FALSE
NN8664,Cruciata laevipes,FALSE
NN8664,Cytisus scoparius,FALSE
NN8664,Dactylorhiza fuchsii,FALSE
NN8664,Dactylorhiza maculata,FALSE
NN8664,Daucus carota,FALSE
NN8664,Digitalis ferruginea,FALSE
NN8664,Digitalis grandiflora,FALSE
NN8664,Digitalis purpurea,FALSE
NN8664,Dioscorea communis,FALSE
NN8664,Doronicum plantagineum,FALSE
NN8664,Drosera anglica,FALSE
NN8664,Drosera rotundifolia,FALSE
NN8664,Dryas octopetala,FALSE
NN8664,Epilobium hirsutum,FALSE
NN8664,Epilobium montanum,FALSE
NN8664,Epilobium obscurum,FALSE
NN8664,Epilobium palustre,FALSE
NN8664,Epilobium parviflorum,FALSE
NN8664,Epilobium roseum,FALSE
NN8664,Epilobium tetragonum,FALSE
NN8664,Erica cinerea,FALSE
NN8664,Erica tetralix,FALSE
NN8664,Eriophorum vaginatum,FALSE
NN8664,Eupatorium cannabinum,FALSE
NN8664,Euphorbia exigua,FALSE
NN8664,Euphorbia helioscopia,FALSE
NN8664,Euphrasia officinalis,FALSE
NN8664,Fagopyrum esculentum,FALSE
NN8664,Fallopia convolvulus,FALSE
NN8664,Filipendula ulmaria,FALSE
NN8664,Fumaria officinalis,FALSE
NN8664,Galeopsis speciosa,FALSE
NN8664,Galeopsis tetrahit,FALSE
NN8664,Galium aparine,FALSE
NN8664,Galium mollugo,FALSE
NN8664,Galium odoratum,FALSE
NN8664,Galium palustre,FALSE
NN8664,Galium saxatile,TRUE
NN8664,Galium verum,TRUE
NN8664,Genista anglica,FALSE
NN8664,Geranium dissectum,FALSE
NN8664,Geranium molle,FALSE
NN8664,Geranium nodosum,FALSE
NN8664,Geranium pratense,FALSE
NN8664,Geranium pyrenaicum,FALSE
NN8664,Geranium robertianum,FALSE
NN8664,Geum urbanum,FALSE
NN8664,Glechoma hederacea,FALSE
NN8664,Hedera helix,FALSE
NN8664,Helianthus annuus,FALSE
NN8664,Heracleum mantegazzianum,FALSE
NN8664,Heracleum sphondylium,FALSE
NN8664,Hippocrepis comosa,FALSE
NN8664,Hordeum vulgare,FALSE
NN8664,Hyacinthoides non,FALSE
NN8664,Hypericum forrestii,FALSE
NN8664,Hypericum perforatum,FALSE
NN8664,Hypericum pulchrum,FALSE
NN8664,Hypericum tetrapterum,FALSE
NN8664,Hypochaeris radicata,FALSE
NN8664,Ilex aquifolium,FALSE
NN8664,Impatiens glandulifera,FALSE
NN8664,Impatiens parviflora,FALSE
NN8664,Iris pseudacorus,FALSE
NN8664,Jacobaea erucifolia,FALSE
NN8664,Jacobaea vulgaris,FALSE
NN8664,Jasione montana,FALSE
NN8664,Juncus conglomeratus,FALSE
NN8664,Juncus effusus,FALSE
NN8664,Knautia arvensis,FALSE
NN8664,Lactuca serriola,FALSE
NN8664,Lamium album,FALSE
NN8664,Lamium galeobdolon,FALSE
NN8664,Lamium purpureum,FALSE
NN8664,Lapsana communis,FALSE
NN8664,Lathyrus aphaca,FALSE
NN8664,Lathyrus linifolius,TRUE
NN8664,Lathyrus pratensis,FALSE
NN8664,Leontodon hispidus,FALSE
NN8664,Leontodon saxatilis,FALSE
NN8664,Leucanthemum vulgare,FALSE
NN8664,Ligusticum scoticum,FALSE
NN8664,Limonium vulgare,FALSE
NN8664,Linaria vulgaris,FALSE
NN8664,Linum catharticum,FALSE
NN8664,Linum usitatissimum,FALSE
NN8664,Lonicera caprifolium,FALSE
NN8664,Lonicera periclymenum,FALSE
NN8664,Lotus angustissimus,FALSE
NN8664,Lotus corniculatus,FALSE
NN8664,Lotus pedunculatus,FALSE
NN8664,Lotus subbiflorus,FALSE
NN8664,Luzula campestris,FALSE
NN8664,Lysimachia nemorum,FALSE
NN8664,Lysimachia punctata,FALSE
NN8664,Lysimachia vulgaris,FALSE
NN8664,Lythrum alatum,FALSE
NN8664,Lythrum salicaria,FALSE
NN8664,Malva sylvestris,FALSE
NN8664,Matricaria chamomilla,FALSE
NN8664,Matricaria discoidea,FALSE
NN8664,Medicago lupulina,FALSE
NN8664,Melampyrum pratense,FALSE
NN8664,Mentha aquatica,FALSE
NN8664,Mentha arvensis,FALSE
NN8664,Mercurialis perennis,FALSE
NN8664,Myosotis arvensis,FALSE
NN8664,Myosotis discolor,FALSE
NN8664,Myosotis sylvatica,FALSE
NN8664,Narthecium ossifragum,FALSE
NN8664,Odontites vernus,FALSE
NN8664,Oenanthe crocata,FALSE
NN8664,Origanum vulgare,FALSE
NN8664,Ornithopus perpusillus,FALSE
NN8664,Oxalis acetosella,TRUE
NN8664,Panicum miliaceum,FALSE
NN8664,Papaver rhoeas,FALSE
NN8664,Pedicularis sylvatica,FALSE
NN8664,Persicaria amplexicaulis,FALSE
NN8664,Persicaria bistorta,FALSE
NN8664,Persicaria hydropiper,FALSE
NN8664,Persicaria lapathifolia,FALSE
NN8664,Persicaria maculosa,FALSE
NN8664,Peucedanum ostruthium,FALSE
NN8664,Picris echioides,FALSE
NN8664,Picris hieracioides,FALSE
NN8664,Pilosella officinarum,FALSE
NN8664,Pimpinella saxifraga,FALSE
NN8664,Pinguicula vulgaris,FALSE
NN8664,Plantago lanceolata,FALSE
NN8664,Plantago major,FALSE
NN8664,Plantago maritima,FALSE
NN8664,Poa annua,FALSE
NN8664,Polygala serpyllifolia,FALSE
NN8664,Polygala vulgaris,FALSE
NN8664,Polygonum aviculare,FALSE
NN8664,Potentilla anglica,FALSE
NN8664,Potentilla anserina,FALSE
NN8664,Potentilla erecta,TRUE
NN8664,Potentilla recta,FALSE
NN8664,Potentilla reptans,FALSE
NN8664,Prunella vulgaris,FALSE
NN8664,Prunus spinosa,FALSE
NN8664,Pulicaria dysenterica,FALSE
NN8664,Ranunculus acris,TRUE
NN8664,Ranunculus bulbosus,FALSE
NN8664,Ranunculus ficaria,FALSE
NN8664,Ranunculus flammula,FALSE
NN8664,Ranunculus repens,FALSE
NN8664,Ranunculus sardous,FALSE
NN8664,Raphanus raphanistrum,FALSE
NN8664,Raphanus sativus,FALSE
NN8664,Rhinanthus minor,FALSE
NN8664,Rosa arvensis,FALSE
NN8664,Rosa canina,FALSE
NN8664,Rubus caesius,FALSE
NN8664,Rubus fruticosus,FALSE
NN8664,Rubus idaeus,FALSE
NN8664,Rumex acetosa,FALSE
NN8664,Rumex acetosella,FALSE
NN8664,Rumex crispus,FALSE
NN8664,Rumex obtusifolius,FALSE
NN8664,Rumex sanguineus,FALSE
NN8664,Sagina saginoides,FALSE
NN8664,Sambucus nigra,FALSE
NN8664,Sanguisorba officinalis,FALSE
NN8664,Scorzoneroides autumnalis,FALSE
NN8664,Scrophularia auriculata,FALSE
NN8664,Scrophularia nodosa,FALSE
NN8664,Sedum anglicum,FALSE
NN8664,Senecio erucifolius,FALSE
NN8664,Senecio jacobaea,FALSE
NN8664,Senecio vulgaris,FALSE
NN8664,Sherardia arvensis,FALSE
NN8664,Silene dioica,FALSE
NN8664,Silene latifolia,FALSE
NN8664,Silybum marianum,FALSE
NN8664,Sinapis alba,FALSE
NN8664,Sinapis arvensis,FALSE
NN8664,Sisymbrium officinale,FALSE
NN8664,Solanum dulcamara,FALSE
NN8664,Solanum nigrum,FALSE
NN8664,Solanum tuberosum,FALSE
NN8664,Sonchus arvensis,FALSE
NN8664,Sonchus asper,FALSE
NN8664,Sonchus oleraceus,FALSE
NN8664,Sorbus aucuparia,FALSE
NN8664,Spergula arvensis,FALSE
NN8664,Spergularia media,FALSE
NN8664,Stachys arvensis,FALSE
NN8664,Stachys palustris,FALSE
NN8664,Stachys sylvatica,FALSE
NN8664,Stellaria alsine,FALSE
NN8664,Stellaria graminea,TRUE
NN8664,Stellaria holostea,FALSE
NN8664,Stellaria media,FALSE
NN8664,Suaeda maritima,FALSE
NN8664,Succisa pratensis,TRUE
NN8664,Symphytum officinale,FALSE
NN8664,Taraxacum agg,FALSE
NN8664,Taraxacum officinale,FALSE
NN8664,Teucrium scorodonia,FALSE
NN8664,Thlaspi arvense,FALSE
NN8664,Thymus polytrichus,FALSE
NN8664,Thymus vulgaris,FALSE
NN8664,Torilis japonica,FALSE
NN8664,Tragopogon pratensis,FALSE
NN8664,Trientalis europaea,FALSE
NN8664,Trifolium arvense,FALSE
NN8664,Trifolium campestre,FALSE
NN8664,Trifolium constantinopolitanum,FALSE
NN8664,Trifolium dubium,FALSE
NN8664,Trifolium pratense,FALSE
NN8664,Trifolium repens,FALSE
NN8664,Tripleurospermum inodorum,FALSE
NN8664,Tripleurospermum maritimum,FALSE
NN8664,Turgenia latifolia,FALSE
NN8664,Ulex europaeus,FALSE
NN8664,Ulex gallii,FALSE
NN8664,Urtica dioica,FALSE
NN8664,Vaccinium myrtillus,FALSE
NN8664,Vaccinium oxycoccos,FALSE
NN8664,Vaccinium vitis,FALSE
NN8664,Valeriana dioica,FALSE
NN8664,Valeriana officinalis,FALSE
NN8664,Verbena officinalis,FALSE
NN8664,Verbena x,FALSE
NN8664,Veronica agrestis,FALSE
NN8664,Veronica arvensis,FALSE
NN8664,Veronica beccabunga,FALSE
NN8664,Veronica chamaedrys,FALSE
NN8664,Veronica hederifolia,FALSE
NN8664,Veronica montana,FALSE
NN8664,Veronica officinalis,FALSE
NN8664,Veronica persica,FALSE
NN8664,Veronica polita,FALSE
NN8664,Veronica serpyllifolia,FALSE
NN8664,Vicia benghalensis,FALSE
NN8664,Vicia cracca,FALSE
NN8664,Vicia faba,FALSE
NN8664,Vicia hirsuta,FALSE
NN8664,Vicia lutea,FALSE
NN8664,Vicia sativa,FALSE
NN8664,Vicia sepium,FALSE
NN8664,Vicia spp,FALSE
NN8664,Vicia tetrasperma,FALSE
NN8664,Viola arvensis,FALSE
NN8664,Viola canina,FALSE
NN8664,Viola palustris,FALSE
NN8664,Viola riviniana,TRUE
NN8664,Zea mays,FALSE
NO4923,Acer pseudoplatanus,FALSE
NO4923,Achillea millefolium,FALSE
NO4923,Achillea ptarmica,FALSE
NO4923,Aegopodium podagraria,FALSE
NO4923,Aethusa cynapium,FALSE
NO4923,Ajuga reptans,FALSE
NO4923,Alliaria petiolata,FALSE
NO4923,Alnus glutinosa,FALSE
NO4923,Anagallis arvensis,FALSE
NO4923,Anchusa arvensis,FALSE
NO4923,Anemone nemorosa,FALSE
NO4923,Angelica sylvestris,FALSE
NO4923,Anthemis cotula,FALSE
NO4923,Anthriscus caucalis,FALSE
NO4923,Anthriscus sylvestris,FALSE
NO4923,Apium nodiflorum,FALSE
NO4923,Armeria maritima,FALSE
NO4923,Artemisia absinthium,FALSE
NO4923,Artemisia annua,FALSE
NO4923,Artemisia vulgaris,FALSE
NO4923,Aster tripolium,FALSE
NO4923,Atriplex patula,FALSE
NO4923,Atriplex portulacoides,FALSE
NO4923,Ballota nigra,FALSE
NO4923,Barbarea vulgaris,FALSE
NO4923,Bellis perennis,FALSE
NO4923,Berula erecta,FALSE
NO4923,Brassica napus,FALSE
NO4923,Brassica oleracea,FALSE
NO4923,Brassica rapa,FALSE
NO4923,Bryonia dioica,FALSE
NO4923,Buddleja davidii,FALSE
NO4923,Bupleurum tenuissimum,FALSE
NO4923,Calluna vulgaris,FALSE
NO4923,Caltha palustris,FALSE
NO4923,Calystegia sepium,FALSE
NO4923,Campanula rotundifolia,FALSE
NO4923,Capsella bursa,FALSE
NO4923,Cardamine flexuosa,FALSE
NO4923,Cardamine hirsuta,FALSE
NO4923,Cardamine pratensis,FALSE
NO4923,Carduus nutans,FALSE
NO4923,Carum verticillatum,FALSE
NO4923,Centaurea cyanus,FALSE
NO4923,Centaurea nigra,FALSE
NO4923,Centaurea scabiosa,FALSE
NO4923,Centaurium erythraea,FALSE
NO4923,Cerastium arvense,TRUE
NO4923,Cerastium fontanum,TRUE
NO4923,Cerastium glomeratum,FALSE
NO4923,Ceratocapnos claviculata,FALSE
NO4923,Chaerophyllum temulum,FALSE
NO4923,Chamaemelum nobile,FALSE
NO4923,Chamerion angustifolium,FALSE
NO4923,Chenopodium album,FALSE
NO4923,Chenopodium ficifolium,FALSE
NO4923,Chenopodium quinoa,FALSE
NO4923,Cichorium intybus,FALSE
NO4923,Circaea lutetiana,FALSE
NO4923,Cirsium arvense,FALSE
NO4923,Cirsium eriophorum,FALSE
NO4923,Cirsium palustre,FALSE
NO4923,Cirsium vulgare,FALSE
NO4923,Clematis vitalba,FALSE
NO4923,Clinopodium vulgare,FALSE
NO4923,Conium maculatum,FALSE
NO4923,Conopodium majus,FALSE
NO4923,Convolvulus arvensis,FALSE
NO4923,Conyza canadensis,FALSE
NO4923,Cotoneaster salicifolius,FALSE
NO4923,Crataegus monogyna,FALSE
NO4923,Crepis capillaris,FALSE
NO4923,Crepis vesicaria,FALSE
NO4923,Cruciata laevipes,FALSE
NO4923,Cytisus scoparius,FALSE
NO4923,Dactylorhiza fuchsii,FALSE
NO4923,Dactylorhiza maculata,FALSE
NO4923,Daucus carota,FALSE
NO4923,Digitalis ferruginea,FALSE
NO4923,Digitalis grandiflora,FALSE
NO4923,Digitalis purpurea,FALSE
NO4923,Dioscorea communis,FALSE
NO4923,Doronicum plantagineum,FALSE
NO4923,Drosera anglica,FALSE
NO4923,Drosera rotundifolia,FALSE
NO4923,Dryas octopetala,FALSE
NO4923,Epilobium hirsutum,FALSE
NO4923,Epilobium montanum,FALSE
NO4923,Epilobium obscurum,FALSE
NO4923,Epilobium palustre,FALSE
NO4923,Epilobium parviflorum,FALSE
NO4923,Epilobium roseum,FALSE
NO4923,Epilobium tetragonum,FALSE
NO4923,Erica cinerea,TRUE
NO4923,Erica tetralix,FALSE
NO4923,Eriophorum vaginatum,FALSE
NO4923,Eupatorium cannabinum,FALSE
NO4923,Euphorbia exigua,FALSE
NO4923,Euphorbia helioscopia,FALSE
NO4923,Euphrasia officinalis,FALSE
NO4923,Fagopyrum esculentum,FALSE
NO4923,Fallopia convolvulus,FALSE
NO4923,Filipendula ulmaria,FALSE
NO4923,Fumaria officinalis,FALSE
NO4923,Galeopsis speciosa,FALSE
NO4923,Galeopsis tetrahit,FALSE
NO4923,Galium aparine,FALSE
NO4923,Galium mollugo,FALSE
NO4923,Galium odoratum,FALSE
NO4923,Galium palustre,FALSE
NO4923,Galium saxatile,TRUE
NO4923,Galium verum,FALSE
NO4923,Genista anglica,FALSE
NO4923,Geranium dissectum,FALSE
NO4923,Geranium molle,FALSE
NO4923,Geranium nodosum,FALSE
NO4923,Geranium pratense,FALSE
NO4923,Geranium pyrenaicum,FALSE
NO4923,Geranium robertianum,FALSE
NO4923,Geum urbanum,FALSE
NO4923,Glechoma hederacea,FALSE
NO4923,Hedera helix,FALSE
NO4923,Helianthus annuus,FALSE
NO4923,Heracleum mantegazzianum,FALSE
NO4923,Heracleum sphondylium,FALSE
NO4923,Hippocrepis comosa,FALSE
NO4923,Hordeum vulgare,FALSE
NO4923,Hyacinthoides non,FALSE
NO4923,Hypericum forrestii,FALSE
NO4923,Hypericum perforatum,FALSE
NO4923,Hypericum pulchrum,FALSE
NO4923,Hypericum tetrapterum,FALSE
NO4923,Hypochaeris radicata,FALSE
NO4923,Ilex aquifolium,FALSE
NO4923,Impatiens glandulifera,FALSE
NO4923,Impatiens parviflora,FALSE
NO4923,Iris pseudacorus,FALSE
NO4923,Jacobaea erucifolia,FALSE
NO4923,Jacobaea vulgaris,FALSE
NO4923,Jasione montana,FALSE
NO4923,Juncus conglomeratus,FALSE
NO4923,Juncus effusus,FALSE
NO4923,Knautia arvensis,FALSE
NO4923,Lactuca serriola,FALSE
NO4923,Lamium album,FALSE
NO4923,Lamium galeobdolon,FALSE
NO4923,Lamium purpureum,FALSE
NO4923,Lapsana communis,FALSE
NO4923,Lathyrus aphaca,FALSE
NO4923,Lathyrus linifolius,FALSE
NO4923,Lathyrus pratensis,FALSE
NO4923,Leontodon hispidus,FALSE
NO4923,Leontodon saxatilis,TRUE
NO4923,Leucanthemum vulgare,FALSE
NO4923,Ligusticum scoticum,FALSE
NO4923,Limonium vulgare,FALSE
NO4923,Linaria vulgaris,FALSE
NO4923,Linum catharticum,FALSE
NO4923,Linum usitatissimum,FALSE
NO4923,Lonicera caprifolium,FALSE
NO4923,Lonicera periclymenum,FALSE
NO4923,Lotus angustissimus,FALSE
NO4923,Lotus corniculatus,TRUE
NO4923,Lotus pedunculatus,FALSE
NO4923,Lotus subbiflorus,FALSE
NO4923,Luzula campestris,FALSE
NO4923,Lysimachia nemorum,FALSE
NO4923,Lysimachia punctata,FALSE
NO4923,Lysimachia vulgaris,FALSE
NO4923,Lythrum alatum,FALSE
NO4923,Lythrum salicaria,FALSE
NO4923,Malva sylvestris,FALSE
NO4923,Matricaria chamomilla,FALSE
NO4923,Matricaria discoidea,FALSE
NO4923,Medicago lupulina,FALSE
NO4923,Melampyrum pratense,FALSE
NO4923,Mentha aquatica,FALSE
NO4923,Mentha arvensis,FALSE
NO4923,Mercurialis perennis,FALSE
NO4923,Myosotis arvensis,FALSE
NO4923,Myosotis discolor,FALSE
NO4923,Myosotis sylvatica,FALSE
NO4923,Narthecium ossifragum,FALSE
NO4923,Odontites vernus,FALSE
NO4923,Oenanthe crocata,FALSE
NO4923,Origanum vulgare,FALSE
NO4923,Ornithopus perpusillus,FALSE
NO4923,Oxalis acetosella,FALSE
NO4923,Panicum miliaceum,FALSE
NO4923,Papaver rhoeas,FALSE
NO4923,Pedicularis sylvatica,FALSE
NO4923,Persicaria amplexicaulis,FALSE
NO4923,Persicaria bistorta,FALSE
NO4923,Persicaria hydropiper,FALSE
NO4923,Persicaria lapathifolia,FALSE
NO4923,Persicaria maculosa,FALSE
NO4923,Peucedanum ostruthium,FALSE
NO4923,Picris echioides,FALSE
NO4923,Picris hieracioides,FALSE
NO4923,Pilosella officinarum,TRUE
NO4923,Pimpinella saxifraga,FALSE
NO4923,Pinguicula vulgaris,FALSE
NO4923,Plantago lanceolata,TRUE
NO4923,Plantago major,FALSE
NO4923,Plantago maritima,FALSE
NO4923,Poa annua,FALSE
NO4923,Polygala serpyllifolia,FALSE
NO4923,Polygala vulgaris,FALSE
NO4923,Polygonum aviculare,FALSE
NO4923,Potentilla anglica,FALSE
NO4923,Potentilla anserina,FALSE
NO4923,Potentilla erecta,TRUE
NO4923,Potentilla recta,FALSE
NO4923,Potentilla reptans,FALSE
NO4923,Prunella vulgaris,FALSE
NO4923,Prunus spinosa,FALSE
NO4923,Pulicaria dysenterica,FALSE
NO4923,Ranunculus acris,FALSE
NO4923,Ranunculus bulbosus,FALSE
NO4923,Ranunculus ficaria,FALSE
NO4923,Ranunculus flammula,FALSE
NO4923,Ranunculus repens,FALSE
NO4923,Ranunculus sardous,FALSE
NO4923,Raphanus raphanistrum,FALSE
NO4923,Raphanus sativus,FALSE
NO4923,Rhinanthus minor,TRUE
NO4923,Rosa arvensis,FALSE
NO4923,Rosa canina,FALSE
NO4923,Rubus caesius,FALSE
NO4923,Rubus fruticosus,FALSE
NO4923,Rubus idaeus,FALSE
NO4923,Rumex acetosa,FALSE
NO4923,Rumex acetosella,FALSE
NO4923,Rumex crispus,FALSE
NO4923,Rumex obtusifolius,FALSE
NO4923,Rumex sanguineus,FALSE
NO4923,Sagina saginoides,FALSE
NO4923,Sambucus nigra,FALSE
NO4923,Sanguisorba officinalis,FALSE
NO4923,Scorzoneroides autumnalis,TRUE
NO4923,Scrophularia auriculata,FALSE
NO4923,Scrophularia nodosa,FALSE
NO4923,Sedum anglicum,FALSE
NO4923,Senecio erucifolius,FALSE
NO4923,Senecio jacobaea,FALSE
NO4923,Senecio vulgaris,FALSE
NO4923,Sherardia arvensis,FALSE
NO4923,Silene dioica,FALSE
NO4923,Silene latifolia,FALSE
NO4923,Silybum marianum,FALSE
NO4923,Sinapis alba,FALSE
NO4923,Sinapis arvensis,FALSE
NO4923,Sisymbrium officinale,FALSE
NO4923,Solanum dulcamara,FALSE
NO4923,Solanum nigrum,FALSE
NO4923,Solanum tuberosum,FALSE
NO4923,Sonchus arvensis,FALSE
NO4923,Sonchus asper,FALSE
NO4923,Sonchus oleraceus,FALSE
NO4923,Sorbus aucuparia,FALSE
NO4923,Spergula arvensis,FALSE
NO4923,Spergularia media,FALSE
NO4923,Stachys arvensis,FALSE
NO4923,Stachys palustris,FALSE
NO4923,Stachys sylvatica,FALSE
NO4923,Stellaria alsine,FALSE
NO4923,Stellaria graminea,TRUE
NO4923,Stellaria holostea,FALSE
NO4923,Stellaria media,FALSE
NO4923,Suaeda maritima,FALSE
NO4923,Succisa pratensis,FALSE
NO4923,Symphytum officinale,FALSE
NO4923,Taraxacum agg,FALSE
NO4923,Taraxacum officinale,FALSE
NO4923,Teucrium scorodonia,FALSE
NO4923,Thlaspi arvense,FALSE
NO4923,Thymus polytrichus,FALSE
NO4923,Thymus vulgaris,FALSE
NO4923,Torilis japonica,FALSE
NO4923,Tragopogon pratensis,FALSE
NO4923,Trientalis europaea,FALSE
NO4923,Trifolium arvense,TRUE
NO4923,Trifolium campestre,FALSE
NO4923,Trifolium constantinopolitanum,FALSE
NO4923,Trifolium dubium,TRUE
NO4923,Trifolium pratense,FALSE
NO4923,Trifolium repens,TRUE
NO4923,Tripleurospermum inodorum,FALSE
NO4923,Tripleurospermum maritimum,FALSE
NO4923,Turgenia latifolia,FALSE
NO4923,Ulex europaeus,FALSE
NO4923,Ulex gallii,FALSE
NO4923,Urtica dioica,FALSE
NO4923,Vaccinium myrtillus,FALSE
NO4923,Vaccinium oxycoccos,FALSE
NO4923,Vaccinium vitis,FALSE
NO4923,Valeriana dioica,FALSE
NO4923,Valeriana officinalis,FALSE
NO4923,Verbena officinalis,FALSE
NO4923,Verbena x,FALSE
NO4923,Veronica agrestis,FALSE
NO4923,Veronica arvensis,FALSE
NO4923,Veronica beccabunga,FALSE
NO4923,Veronica chamaedrys,FALSE
NO4923,Veronica hederifolia,FALSE
NO4923,Veronica montana,FALSE
NO4923,Veronica officinalis,FALSE
NO4923,Veronica persica,FALSE
NO4923,Veronica polita,FALSE
NO4923,Veronica serpyllifolia,FALSE
NO4923,Vicia benghalensis,FALSE
NO4923,Vicia cracca,FALSE
NO4923,Vicia faba,FALSE
NO4923,Vicia hirsuta,FALSE
NO4923,Vicia lutea,FALSE
NO4923,Vicia sativa,FALSE
NO4923,Vicia sepium,FALSE
NO4923,Vicia spp,FALSE
NO4923,Vicia tetrasperma,FALSE
NO4923,Viola arvensis,FALSE
NO4923,Viola canina,FALSE
NO4923,Viola palustris,FALSE
NO4923,Viola riviniana,FALSE
NO4923,Zea mays,FALSE
NO7495,Acer pseudoplatanus,FALSE
NO7495,Achillea millefolium,TRUE
NO7495,Achillea ptarmica,FALSE
NO7495,Aegopodium podagraria,FALSE
NO7495,Aethusa cynapium,FALSE
NO7495,Ajuga reptans,FALSE
NO7495,Alliaria petiolata,FALSE
NO7495,Alnus glutinosa,FALSE
NO7495,Anagallis arvensis,FALSE
NO7495,Anchusa arvensis,FALSE
NO7495,Anemone nemorosa,FALSE
NO7495,Angelica sylvestris,FALSE
NO7495,Anthemis cotula,FALSE
NO7495,Anthriscus caucalis,FALSE
NO7495,Anthriscus sylvestris,FALSE
NO7495,Apium nodiflorum,FALSE
NO7495,Armeria maritima,FALSE
NO7495,Artemisia absinthium,FALSE
NO7495,Artemisia annua,FALSE
NO7495,Artemisia vulgaris,FALSE
NO7495,Aster tripolium,FALSE
NO7495,Atriplex patula,FALSE
NO7495,Atriplex portulacoides,FALSE
NO7495,Ballota nigra,FALSE
NO7495,Barbarea vulgaris,FALSE
NO7495,Bellis perennis,TRUE
NO7495,Berula erecta,FALSE
NO7495,Brassica napus,FALSE
NO7495,Brassica oleracea,FALSE
NO7495,Brassica rapa,FALSE
NO7495,Bryonia dioica,FALSE
NO7495,Buddleja davidii,FALSE
NO7495,Bupleurum tenuissimum,FALSE
NO7495,Calluna vulgaris,FALSE
NO7495,Caltha palustris,FALSE
NO7495,Calystegia sepium,FALSE
NO7495,Campanula rotundifolia,FALSE
NO7495,Capsella bursa,FALSE
NO7495,Cardamine flexuosa,TRUE
NO7495,Cardamine hirsuta,FALSE
NO7495,Cardamine pratensis,FALSE
NO7495,Carduus nutans,FALSE
NO7495,Carum verticillatum,FALSE
NO7495,Centaurea cyanus,FALSE
NO7495,Centaurea nigra,FALSE
NO7495,Centaurea scabiosa,FALSE
NO7495,Centaurium erythraea,FALSE
NO7495,Cerastium arvense,FALSE
NO7495,Cerastium fontanum,TRUE
NO7495,Cerastium glomeratum,FALSE
NO7495,Ceratocapnos claviculata,FALSE
NO7495,Chaerophyllum temulum,FALSE
NO7495,Chamaemelum nobile,FALSE
NO7495,Chamerion angustifolium,TRUE
NO7495,Chenopodium album,FALSE
NO7495,Chenopodium ficifolium,FALSE
NO7495,Chenopodium quinoa,FALSE
NO7495,Cichorium intybus,FALSE
NO7495,Circaea lutetiana,FALSE
NO7495,Cirsium arvense,TRUE
NO7495,Cirsium eriophorum,FALSE
NO7495,Cirsium palustre,FALSE
NO7495,Cirsium vulgare,FALSE
NO7495,Clematis vitalba,FALSE
NO7495,Clinopodium vulgare,FALSE
NO7495,Conium maculatum,FALSE
NO7495,Conopodium majus,FALSE
NO7495,Convolvulus arvensis,FALSE
NO7495,Conyza canadensis,FALSE
NO7495,Cotoneaster salicifolius,FALSE
NO7495,Crataegus monogyna,FALSE
NO7495,Crepis capillaris,FALSE
NO7495,Crepis vesicaria,FALSE
NO7495,Cruciata laevipes,FALSE
NO7495,Cytisus scoparius,TRUE
NO7495,Dactylorhiza fuchsii,FALSE
NO7495,Dactylorhiza maculata,FALSE
NO7495,Daucus carota,FALSE
NO7495,Digitalis ferruginea,FALSE
NO7495,Digitalis grandiflora,FALSE
NO7495,Digitalis purpurea,FALSE
NO7495,Dioscorea communis,FALSE
NO7495,Doronicum plantagineum,FALSE
NO7495,Drosera anglica,FALSE
NO7495,Drosera rotundifolia,FALSE
NO7495,Dryas octopetala,FALSE
NO7495,Epilobium hirsutum,FALSE
NO7495,Epilobium montanum,FALSE
NO7495,Epilobium obscurum,TRUE
NO7495,Epilobium palustre,FALSE
NO7495,Epilobium parviflorum,FALSE
NO7495,Epilobium roseum,FALSE
NO7495,Epilobium tetragonum,FALSE
NO7495,Erica cinerea,FALSE
NO7495,Erica tetralix,FALSE
NO7495,Eriophorum vaginatum,FALSE
NO7495,Eupatorium cannabinum,FALSE
NO7495,Euphorbia exigua,FALSE
NO7495,Euphorbia helioscopia,FALSE
NO7495,Euphrasia officinalis,FALSE
NO7495,Fagopyrum esculentum,FALSE
NO7495,Fallopia convolvulus,FALSE
NO7495,Filipendula ulmaria,TRUE
NO7495,Fumaria officinalis,TRUE
NO7495,Galeopsis speciosa,TRUE
NO7495,Galeopsis tetrahit,FALSE
NO7495,Galium aparine,FALSE
NO7495,Galium mollugo,FALSE
NO7495,Galium odoratum,FALSE
NO7495,Galium palustre,FALSE
NO7495,Galium saxatile,FALSE
NO7495,Galium verum,FALSE
NO7495,Genista anglica,FALSE
NO7495,Geranium dissectum,FALSE
NO7495,Geranium molle,FALSE
NO7495,Geranium nodosum,FALSE
NO7495,Geranium pratense,FALSE
NO7495,Geranium pyrenaicum,FALSE
NO7495,Geranium robertianum,FALSE
NO7495,Geum urbanum,FALSE
NO7495,Glechoma hederacea,FALSE
NO7495,Hedera helix,FALSE
NO7495,Helianthus annuus,FALSE
NO7495,Heracleum mantegazzianum,FALSE
NO7495,Heracleum sphondylium,TRUE
NO7495,Hippocrepis comosa,FALSE
NO7495,Hordeum vulgare,FALSE
NO7495,Hyacinthoides non,FALSE
NO7495,Hypericum forrestii,FALSE
NO7495,Hypericum perforatum,FALSE
NO7495,Hypericum pulchrum,FALSE
NO7495,Hypericum tetrapterum,FALSE
NO7495,Hypochaeris radicata,FALSE
NO7495,Ilex aquifolium,FALSE
NO7495,Impatiens glandulifera,FALSE
NO7495,Impatiens parviflora,FALSE
NO7495,Iris pseudacorus,FALSE
NO7495,Jacobaea erucifolia,FALSE
NO7495,Jacobaea vulgaris,FALSE
NO7495,Jasione montana,FALSE
NO7495,Juncus conglomeratus,FALSE
NO7495,Juncus effusus,FALSE
NO7495,Knautia arvensis,FALSE
NO7495,Lactuca serriola,FALSE
NO7495,Lamium album,FALSE
NO7495,Lamium galeobdolon,FALSE
NO7495,Lamium purpureum,FALSE
NO7495,Lapsana communis,FALSE
NO7495,Lathyrus aphaca,FALSE
NO7495,Lathyrus linifolius,FALSE
NO7495,Lathyrus pratensis,TRUE
NO7495,Leontodon hispidus,FALSE
NO7495,Leontodon saxatilis,FALSE
NO7495,Leucanthemum vulgare,FALSE
NO7495,Ligusticum scoticum,FALSE
NO7495,Limonium vulgare,FALSE
NO7495,Linaria vulgaris,FALSE
NO7495,Linum catharticum,TRUE
NO7495,Linum usitatissimum,FALSE
NO7495,Lonicera caprifolium,FALSE
NO7495,Lonicera periclymenum,FALSE
NO7495,Lotus angustissimus,FALSE
NO7495,Lotus corniculatus,FALSE
NO7495,Lotus pedunculatus,FALSE
NO7495,Lotus subbiflorus,FALSE
NO7495,Luzula campestris,FALSE
NO7495,Lysimachia nemorum,FALSE
NO7495,Lysimachia punctata,FALSE
NO7495,Lysimachia vulgaris,FALSE
NO7495,Lythrum alatum,FALSE
NO7495,Lythrum salicaria,FALSE
NO7495,Malva sylvestris,FALSE
NO7495,Matricaria chamomilla,FALSE
NO7495,Matricaria discoidea,TRUE
NO7495,Medicago lupulina,FALSE
NO7495,Melampyrum pratense,FALSE
NO7495,Mentha aquatica,FALSE
NO7495,Mentha arvensis,FALSE
NO7495,Mercurialis perennis,FALSE
NO7495,Myosotis arvensis,FALSE
NO7495,Myosotis discolor,FALSE
NO7495,Myosotis sylvatica,FALSE
NO7495,Narthecium ossifragum,FALSE
NO7495,Odontites vernus,FALSE
NO7495,Oenanthe crocata,FALSE
NO7495,Origanum vulgare,FALSE
NO7495,Ornithopus perpusillus,FALSE
NO7495,Oxalis acetosella,FALSE
NO7495,Panicum miliaceum,FALSE
NO7495,Papaver rhoeas,FALSE
NO7495,Pedicularis sylvatica,FALSE
NO7495,Persicaria amplexicaulis,FALSE
NO7495,Persicaria bistorta,TRUE
NO7495,Persicaria hydropiper,FALSE
NO7495,Persicaria lapathifolia,FALSE
NO7495,Persicaria maculosa,TRUE
NO7495,Peucedanum ostruthium,FALSE
NO7495,Picris echioides,FALSE
NO7495,Picris hieracioides,FALSE
NO7495,Pilosella officinarum,FALSE
NO7495,Pimpinella saxifraga,FALSE
NO7495,Pinguicula vulgaris,FALSE
NO7495,Plantago lanceolata,FALSE
NO7495,Plantago major,FALSE
NO7495,Plantago maritima,FALSE
NO7495,Poa annua,FALSE
NO7495,Polygala serpyllifolia,FALSE
NO7495,Polygala vulgaris,FALSE
NO7495,Polygonum aviculare,TRUE
NO7495,Potentilla anglica,FALSE
NO7495,Potentilla anserina,FALSE
NO7495,Potentilla erecta,FALSE
NO7495,Potentilla recta,FALSE
NO7495,Potentilla reptans,FALSE
NO7495,Prunella vulgaris,TRUE
NO7495,Prunus spinosa,FALSE
NO7495,Pulicaria dysenterica,FALSE
NO7495,Ranunculus acris,FALSE
NO7495,Ranunculus bulbosus,FALSE
NO7495,Ranunculus ficaria,FALSE
NO7495,Ranunculus flammula,FALSE
NO7495,Ranunculus repens,TRUE
NO7495,Ranunculus sardous,FALSE
NO7495,Raphanus raphanistrum,FALSE
NO7495,Raphanus sativus,FALSE
NO7495,Rhinanthus minor,FALSE
NO7495,Rosa arvensis,FALSE
NO7495,Rosa canina,FALSE
NO7495,Rubus caesius,FALSE
NO7495,Rubus fruticosus,TRUE
NO7495,Rubus idaeus,FALSE
NO7495,Rumex acetosa,TRUE
NO7495,Rumex acetosella,FALSE
NO7495,Rumex crispus,FALSE
NO7495,Rumex obtusifolius,FALSE
NO7495,Rumex sanguineus,FALSE
NO7495,Sagina saginoides,FALSE
NO7495,Sambucus nigra,FALSE
NO7495,Sanguisorba officinalis,FALSE
NO7495,Scorzoneroides autumnalis,FALSE
NO7495,Scrophularia auriculata,FALSE
NO7495,Scrophularia nodosa,FALSE
NO7495,Sedum anglicum,FALSE
NO7495,Senecio erucifolius,FALSE
NO7495,Senecio jacobaea,FALSE
NO7495,Senecio vulgaris,FALSE
NO7495,Sherardia arvensis,FALSE
NO7495,Silene dioica,FALSE
NO7495,Silene latifolia,FALSE
NO7495,Silybum marianum,FALSE
NO7495,Sinapis alba,FALSE
NO7495,Sinapis arvensis,FALSE
NO7495,Sisymbrium officinale,FALSE
NO7495,Solanum dulcamara,FALSE
NO7495,Solanum nigrum,FALSE
NO7495,Solanum tuberosum,FALSE
NO7495,Sonchus arvensis,FALSE
NO7495,Sonchus asper,FALSE
NO7495,Sonchus oleraceus,FALSE
NO7495,Sorbus aucuparia,FALSE
NO7495,Spergula arvensis,TRUE
NO7495,Spergularia media,FALSE
NO7495,Stachys arvensis,FALSE
NO7495,Stachys palustris,FALSE
NO7495,Stachys sylvatica,TRUE
NO7495,Stellaria alsine,FALSE
NO7495,Stellaria graminea,TRUE
NO7495,Stellaria holostea,FALSE
NO7495,Stellaria media,TRUE
NO7495,Suaeda maritima,FALSE
NO7495,Succisa pratensis,FALSE
NO7495,Symphytum officinale,FALSE
NO7495,Taraxacum agg,FALSE
NO7495,Taraxacum officinale,FALSE
NO7495,Teucrium scorodonia,FALSE
NO7495,Thlaspi arvense,FALSE
NO7495,Thymus polytrichus,FALSE
NO7495,Thymus vulgaris,FALSE
NO7495,Torilis japonica,FALSE
NO7495,Tragopogon pratensis,FALSE
NO7495,Trientalis europaea,FALSE
NO7495,Trifolium arvense,FALSE
NO7495,Trifolium campestre,FALSE
NO7495,Trifolium constantinopolitanum,FALSE
NO7495,Trifolium dubium,TRUE
NO7495,Trifolium pratense,FALSE
NO7495,Trifolium repens,TRUE
NO7495,Tripleurospermum inodorum,TRUE
NO7495,Tripleurospermum maritimum,FALSE
NO7495,Turgenia latifolia,FALSE
NO7495,Ulex europaeus,TRUE
NO7495,Ulex gallii,FALSE
NO7495,Urtica dioica,FALSE
NO7495,Vaccinium myrtillus,FALSE
NO7495,Vaccinium oxycoccos,FALSE
NO7495,Vaccinium vitis,FALSE
NO7495,Valeriana dioica,FALSE
NO7495,Valeriana officinalis,TRUE
NO7495,Verbena officinalis,FALSE
NO7495,Verbena x,FALSE
NO7495,Veronica agrestis,FALSE
NO7495,Veronica arvensis,FALSE
NO7495,Veronica beccabunga,FALSE
NO7495,Veronica chamaedrys,TRUE
NO7495,Veronica hederifolia,FALSE
NO7495,Veronica montana,FALSE
NO7495,Veronica officinalis,FALSE
NO7495,Veronica persica,FALSE
NO7495,Veronica polita,FALSE
NO7495,Veronica serpyllifolia,FALSE
NO7495,Vicia benghalensis,FALSE
NO7495,Vicia cracca,TRUE
NO7495,Vicia faba,FALSE
NO7495,Vicia hirsuta,FALSE
NO7495,Vicia lutea,FALSE
NO7495,Vicia sativa,TRUE
NO7495,Vicia sepium,TRUE
NO7495,Vicia spp,FALSE
NO7495,Vicia tetrasperma,FALSE
NO7495,Viola arvensis,TRUE
NO7495,Viola canina,FALSE
NO7495,Viola palustris,FALSE
NO7495,Viola riviniana,FALSE
NO7495,Zea mays,FALSE
NS2366,Acer pseudoplatanus,FALSE
NS2366,Achillea millefolium,FALSE
NS2366,Achillea ptarmica,FALSE
NS2366,Aegopodium podagraria,FALSE
NS2366,Aethusa cynapium,FALSE
NS2366,Ajuga reptans,FALSE
NS2366,Alliaria petiolata,FALSE
NS2366,Alnus glutinosa,FALSE
NS2366,Anagallis arvensis,FALSE
NS2366,Anchusa arvensis,FALSE
NS2366,Anemone nemorosa,FALSE
NS2366,Angelica sylvestris,FALSE
NS2366,Anthemis cotula,FALSE
NS2366,Anthriscus caucalis,FALSE
NS2366,Anthriscus sylvestris,FALSE
NS2366,Apium nodiflorum,FALSE
NS2366,Armeria maritima,FALSE
NS2366,Artemisia absinthium,FALSE
NS2366,Artemisia annua,FALSE
NS2366,Artemisia vulgaris,FALSE
NS2366,Aster tripolium,FALSE
NS2366,Atriplex patula,FALSE
NS2366,Atriplex portulacoides,FALSE
NS2366,Ballota nigra,FALSE
NS2366,Barbarea vulgaris,FALSE
NS2366,Bellis perennis,TRUE
NS2366,Berula erecta,FALSE
NS2366,Brassica napus,FALSE
NS2366,Brassica oleracea,FALSE
NS2366,Brassica rapa,FALSE
NS2366,Bryonia dioica,FALSE
NS2366,Buddleja davidii,FALSE
NS2366,Bupleurum tenuissimum,FALSE
NS2366,Calluna vulgaris,TRUE
NS2366,Caltha palustris,FALSE
NS2366,Calystegia sepium,FALSE
NS2366,Campanula rotundifolia,FALSE
NS2366,Capsella bursa,FALSE
NS2366,Cardamine flexuosa,FALSE
NS2366,Cardamine hirsuta,FALSE
NS2366,Cardamine pratensis,TRUE
NS2366,Carduus nutans,FALSE
NS2366,Carum verticillatum,FALSE
NS2366,Centaurea cyanus,FALSE
NS2366,Centaurea nigra,FALSE
NS2366,Centaurea scabiosa,FALSE
NS2366,Centaurium erythraea,FALSE
NS2366,Cerastium arvense,FALSE
NS2366,Cerastium fontanum,TRUE
NS2366,Cerastium glomeratum,FALSE
NS2366,Ceratocapnos claviculata,FALSE
NS2366,Chaerophyllum temulum,FALSE
NS2366,Chamaemelum nobile,FALSE
NS2366,Chamerion angustifolium,FALSE
NS2366,Chenopodium album,FALSE
NS2366,Chenopodium ficifolium,FALSE
NS2366,Chenopodium quinoa,FALSE
NS2366,Cichorium intybus,FALSE
NS2366,Circaea lutetiana,FALSE
NS2366,Cirsium arvense,FALSE
NS2366,Cirsium eriophorum,FALSE
NS2366,Cirsium palustre,TRUE
NS2366,Cirsium vulgare,FALSE
NS2366,Clematis vitalba,FALSE
NS2366,Clinopodium vulgare,FALSE
NS2366,Conium maculatum,FALSE
NS2366,Conopodium majus,TRUE
NS2366,Convolvulus arvensis,FALSE
NS2366,Conyza canadensis,FALSE
NS2366,Cotoneaster salicifolius,FALSE
NS2366,Crataegus monogyna,FALSE
NS2366,Crepis capillaris,FALSE
NS2366,Crepis vesicaria,FALSE
NS2366,Cruciata laevipes,FALSE
NS2366,Cytisus scoparius,FALSE
NS2366,Dactylorhiza fuchsii,TRUE
NS2366,Dactylorhiza maculata,FALSE
NS2366,Daucus carota,FALSE
NS2366,Digitalis ferruginea,FALSE
NS2366,Digitalis grandiflora,FALSE
NS2366,Digitalis purpurea,FALSE
NS2366,Dioscorea communis,FALSE
NS2366,Doronicum plantagineum,FALSE
NS2366,Drosera anglica,FALSE
NS2366,Drosera rotundifolia,TRUE
NS2366,Dryas octopetala,FALSE
NS2366,Epilobium hirsutum,FALSE
NS2366,Epilobium montanum,FALSE
NS2366,Epilobium obscurum,FALSE
NS2366,Epilobium palustre,TRUE
NS2366,Epilobium parviflorum,FALSE
NS2366,Epilobium roseum,FALSE
NS2366,Epilobium tetragonum,FALSE
NS2366,Erica cinerea,FALSE
NS2366,Erica tetralix,TRUE
NS2366,Eriophorum vaginatum,FALSE
NS2366,Eupatorium cannabinum,FALSE
NS2366,Euphorbia exigua,FALSE
NS2366,Euphorbia helioscopia,FALSE
NS2366,Euphrasia officinalis,FALSE
NS2366,Fagopyrum esculentum,FALSE
NS2366,Fallopia convolvulus,FALSE
NS2366,Filipendula ulmaria,FALSE
NS2366,Fumaria officinalis,FALSE
NS2366,Galeopsis speciosa,FALSE
NS2366,Galeopsis tetrahit,FALSE
NS2366,Galium aparine,FALSE
NS2366,Galium mollugo,FALSE
NS2366,Galium odoratum,FALSE
NS2366,Galium palustre,TRUE
NS2366,Galium saxatile,TRUE
NS2366,Galium verum,FALSE
NS2366,Genista anglica,FALSE
NS2366,Geranium dissectum,FALSE
NS2366,Geranium molle,FALSE
NS2366,Geranium nodosum,FALSE
NS2366,Geranium pratense,FALSE
NS2366,Geranium pyrenaicum,FALSE
NS2366,Geranium robertianum,FALSE
NS2366,Geum urbanum,FALSE
NS2366,Glechoma hederacea,FALSE
NS2366,Hedera helix,FALSE
NS2366,Helianthus annuus,FALSE
NS2366,Heracleum mantegazzianum,FALSE
NS2366,Heracleum sphondylium,FALSE
NS2366,Hippocrepis comosa,FALSE
NS2366,Hordeum vulgare,FALSE
NS2366,Hyacinthoides non,FALSE
NS2366,Hypericum forrestii,FALSE
NS2366,Hypericum perforatum,FALSE
NS2366,Hypericum pulchrum,FALSE
NS2366,Hypericum tetrapterum,FALSE
NS2366,Hypochaeris radicata,TRUE
NS2366,Ilex aquifolium,FALSE
NS2366,Impatiens glandulifera,FALSE
NS2366,Impatiens parviflora,FALSE
NS2366,Iris pseudacorus,FALSE
NS2366,Jacobaea erucifolia,FALSE
NS2366,Jacobaea vulgaris,FALSE
NS2366,Jasione montana,FALSE
NS2366,Juncus conglomeratus,FALSE
NS2366,Juncus effusus,FALSE
NS2366,Knautia arvensis,FALSE
NS2366,Lactuca serriola,FALSE
NS2366,Lamium album,FALSE
NS2366,Lamium galeobdolon,FALSE
NS2366,Lamium purpureum,FALSE
NS2366,Lapsana communis,FALSE
NS2366,Lathyrus aphaca,FALSE
NS2366,Lathyrus linifolius,FALSE
NS2366,Lathyrus pratensis,FALSE
NS2366,Leontodon hispidus,FALSE
NS2366,Leontodon saxatilis,FALSE
NS2366,Leucanthemum vulgare,FALSE
NS2366,Ligusticum scoticum,FALSE
NS2366,Limonium vulgare,FALSE
NS2366,Linaria vulgaris,FALSE
NS2366,Linum catharticum,FALSE
NS2366,Linum usitatissimum,FALSE
NS2366,Lonicera caprifolium,FALSE
NS2366,Lonicera periclymenum,FALSE
NS2366,Lotus angustissimus,FALSE
NS2366,Lotus corniculatus,FALSE
NS2366,Lotus pedunculatus,FALSE
NS2366,Lotus subbiflorus,FALSE
NS2366,Luzula campestris,FALSE
NS2366,Lysimachia nemorum,FALSE
NS2366,Lysimachia punctata,FALSE
NS2366,Lysimachia vulgaris,FALSE
NS2366,Lythrum alatum,FALSE
NS2366,Lythrum salicaria,FALSE
NS2366,Malva sylvestris,FALSE
NS2366,Matricaria chamomilla,FALSE
NS2366,Matricaria discoidea,FALSE
NS2366,Medicago lupulina,FALSE
NS2366,Melampyrum pratense,FALSE
NS2366,Mentha aquatica,FALSE
NS2366,Mentha arvensis,FALSE
NS2366,Mercurialis perennis,FALSE
NS2366,Myosotis arvensis,FALSE
NS2366,Myosotis discolor,FALSE
NS2366,Myosotis sylvatica,FALSE
NS2366,Narthecium ossifragum,FALSE
NS2366,Odontites vernus,FALSE
NS2366,Oenanthe crocata,FALSE
NS2366,Origanum vulgare,FALSE
NS2366,Ornithopus perpusillus,FALSE
NS2366,Oxalis acetosella,FALSE
NS2366,Panicum miliaceum,FALSE
NS2366,Papaver rhoeas,FALSE
NS2366,Pedicularis sylvatica,FALSE
NS2366,Persicaria amplexicaulis,FALSE
NS2366,Persicaria bistorta,FALSE
NS2366,Persicaria hydropiper,FALSE
NS2366,Persicaria lapathifolia,FALSE
NS2366,Persicaria maculosa,FALSE
NS2366,Peucedanum ostruthium,FALSE
NS2366,Picris echioides,FALSE
NS2366,Picris hieracioides,FALSE
NS2366,Pilosella officinarum,FALSE
NS2366,Pimpinella saxifraga,FALSE
NS2366,Pinguicula vulgaris,FALSE
NS2366,Plantago lanceolata,TRUE
NS2366,Plantago major,FALSE
NS2366,Plantago maritima,FALSE
NS2366,Poa annua,FALSE
NS2366,Polygala serpyllifolia,FALSE
NS2366,Polygala vulgaris,FALSE
NS2366,Polygonum aviculare,FALSE
NS2366,Potentilla anglica,FALSE
NS2366,Potentilla anserina,FALSE
NS2366,Potentilla erecta,TRUE
NS2366,Potentilla recta,FALSE
NS2366,Potentilla reptans,FALSE
NS2366,Prunella vulgaris,TRUE
NS2366,Prunus spinosa,FALSE
NS2366,Pulicaria dysenterica,FALSE
NS2366,Ranunculus acris,TRUE
NS2366,Ranunculus bulbosus,FALSE
NS2366,Ranunculus ficaria,FALSE
NS2366,Ranunculus flammula,TRUE
NS2366,Ranunculus repens,TRUE
NS2366,Ranunculus sardous,FALSE
NS2366,Raphanus raphanistrum,FALSE
NS2366,Raphanus sativus,FALSE
NS2366,Rhinanthus minor,FALSE
NS2366,Rosa arvensis,FALSE
NS2366,Rosa canina,FALSE
NS2366,Rubus caesius,FALSE
NS2366,Rubus fruticosus,FALSE
NS2366,Rubus idaeus,FALSE
NS2366,Rumex acetosa,FALSE
NS2366,Rumex acetosella,FALSE
NS2366,Rumex crispus,FALSE
NS2366,Rumex obtusifolius,FALSE
NS2366,Rumex sanguineus,FALSE
NS2366,Sagina saginoides,FALSE
NS2366,Sambucus nigra,FALSE
NS2366,Sanguisorba officinalis,FALSE
NS2366,Scorzoneroides autumnalis,FALSE
NS2366,Scrophularia auriculata,FALSE
NS2366,Scrophularia nodosa,FALSE
NS2366,Sedum anglicum,FALSE
NS2366,Senecio erucifolius,FALSE
NS2366,Senecio jacobaea,FALSE
NS2366,Senecio vulgaris,FALSE
NS2366,Sherardia arvensis,FALSE
NS2366,Silene dioica,TRUE
NS2366,Silene latifolia,FALSE
NS2366,Silybum marianum,FALSE
NS2366,Sinapis alba,FALSE
NS2366,Sinapis arvensis,FALSE
NS2366,Sisymbrium officinale,FALSE
NS2366,Solanum dulcamara,FALSE
NS2366,Solanum nigrum,FALSE
NS2366,Solanum tuberosum,FALSE
NS2366,Sonchus arvensis,FALSE
NS2366,Sonchus asper,FALSE
NS2366,Sonchus oleraceus,FALSE
NS2366,Sorbus aucuparia,FALSE
NS2366,Spergula arvensis,FALSE
NS2366,Spergularia media,FALSE
NS2366,Stachys arvensis,FALSE
NS2366,Stachys palustris,FALSE
NS2366,Stachys sylvatica,FALSE
NS2366,Stellaria alsine,FALSE
NS2366,Stellaria graminea,FALSE
NS2366,Stellaria holostea,FALSE
NS2366,Stellaria media,FALSE
NS2366,Suaeda maritima,FALSE
NS2366,Succisa pratensis,TRUE
NS2366,Symphytum officinale,FALSE
NS2366,Taraxacum agg,FALSE
NS2366,Taraxacum officinale,FALSE
NS2366,Teucrium scorodonia,FALSE
NS2366,Thlaspi arvense,FALSE
NS2366,Thymus polytrichus,FALSE
NS2366,Thymus vulgaris,FALSE
NS2366,Torilis japonica,FALSE
NS2366,Tragopogon pratensis,FALSE
NS2366,Trientalis europaea,FALSE
NS2366,Trifolium arvense,FALSE
NS2366,Trifolium campestre,FALSE
NS2366,Trifolium constantinopolitanum,FALSE
NS2366,Trifolium dubium,FALSE
NS2366,Trifolium pratense,FALSE
NS2366,Trifolium repens,TRUE
NS2366,Tripleurospermum inodorum,FALSE
NS2366,Tripleurospermum maritimum,FALSE
NS2366,Turgenia latifolia,FALSE
NS2366,Ulex europaeus,FALSE
NS2366,Ulex gallii,FALSE
NS2366,Urtica dioica,FALSE
NS2366,Vaccinium myrtillus,TRUE
NS2366,Vaccinium oxycoccos,TRUE
NS2366,Vaccinium vitis,FALSE
NS2366,Valeriana dioica,FALSE
NS2366,Valeriana officinalis,FALSE
NS2366,Verbena officinalis,FALSE
NS2366,Verbena x,FALSE
NS2366,Veronica agrestis,FALSE
NS2366,Veronica arvensis,FALSE
NS2366,Veronica beccabunga,FALSE
NS2366,Veronica chamaedrys,TRUE
NS2366,Veronica hederifolia,FALSE
NS2366,Veronica montana,FALSE
NS2366,Veronica officinalis,FALSE
NS2366,Veronica persica,FALSE
NS2366,Veronica polita,FALSE
NS2366,Veronica serpyllifolia,FALSE
NS2366,Vicia benghalensis,FALSE
NS2366,Vicia cracca,FALSE
NS2366,Vicia faba,FALSE
NS2366,Vicia hirsuta,FALSE
NS2366,Vicia lutea,FALSE
NS2366,Vicia sativa,FALSE
NS2366,Vicia sepium,FALSE
NS2366,Vicia spp,FALSE
NS2366,Vicia tetrasperma,FALSE
NS2366,Viola arvensis,FALSE
NS2366,Viola canina,FALSE
NS2366,Viola palustris,TRUE
NS2366,Viola riviniana,FALSE
NS2366,Zea mays,FALSE
NS4085,Acer pseudoplatanus,FALSE
NS4085,Achillea millefolium,FALSE
NS4085,Achillea ptarmica,FALSE
NS4085,Aegopodium podagraria,FALSE
NS4085,Aethusa cynapium,FALSE
NS4085,Ajuga reptans,FALSE
NS4085,Alliaria petiolata,FALSE
NS4085,Alnus glutinosa,FALSE
NS4085,Anagallis arvensis,FALSE
NS4085,Anchusa arvensis,FALSE
NS4085,Anemone nemorosa,FALSE
NS4085,Angelica sylvestris,FALSE
NS4085,Anthemis cotula,FALSE
NS4085,Anthriscus caucalis,FALSE
NS4085,Anthriscus sylvestris,FALSE
NS4085,Apium nodiflorum,FALSE
NS4085,Armeria maritima,FALSE
NS4085,Artemisia absinthium,FALSE
NS4085,Artemisia annua,FALSE
NS4085,Artemisia vulgaris,FALSE
NS4085,Aster tripolium,FALSE
NS4085,Atriplex patula,FALSE
NS4085,Atriplex portulacoides,FALSE
NS4085,Ballota nigra,FALSE
NS4085,Barbarea vulgaris,FALSE
NS4085,Bellis perennis,TRUE
NS4085,Berula erecta,FALSE
NS4085,Brassica napus,FALSE
NS4085,Brassica oleracea,FALSE
NS4085,Brassica rapa,FALSE
NS4085,Bryonia dioica,FALSE
NS4085,Buddleja davidii,FALSE
NS4085,Bupleurum tenuissimum,FALSE
NS4085,Calluna vulgaris,FALSE
NS4085,Caltha palustris,FALSE
NS4085,Calystegia sepium,FALSE
NS4085,Campanula rotundifolia,FALSE
NS4085,Capsella bursa,FALSE
NS4085,Cardamine flexuosa,TRUE
NS4085,Cardamine hirsuta,TRUE
NS4085,Cardamine pratensis,FALSE
NS4085,Carduus nutans,FALSE
NS4085,Carum verticillatum,FALSE
NS4085,Centaurea cyanus,FALSE
NS4085,Centaurea nigra,FALSE
NS4085,Centaurea scabiosa,FALSE
NS4085,Centaurium erythraea,FALSE
NS4085,Cerastium arvense,FALSE
NS4085,Cerastium fontanum,TRUE
NS4085,Cerastium glomeratum,FALSE
NS4085,Ceratocapnos claviculata,FALSE
NS4085,Chaerophyllum temulum,FALSE
NS4085,Chamaemelum nobile,FALSE
NS4085,Chamerion angustifolium,FALSE
NS4085,Chenopodium album,FALSE
NS4085,Chenopodium ficifolium,FALSE
NS4085,Chenopodium quinoa,FALSE
NS4085,Cichorium intybus,FALSE
NS4085,Circaea lutetiana,FALSE
NS4085,Cirsium arvense,TRUE
NS4085,Cirsium eriophorum,FALSE
NS4085,Cirsium palustre,FALSE
NS4085,Cirsium vulgare,TRUE
NS4085,Clematis vitalba,FALSE
NS4085,Clinopodium vulgare,FALSE
NS4085,Conium maculatum,FALSE
NS4085,Conopodium majus,FALSE
NS4085,Convolvulus arvensis,FALSE
NS4085,Conyza canadensis,FALSE
NS4085,Cotoneaster salicifolius,FALSE
NS4085,Crataegus monogyna,FALSE
NS4085,Crepis capillaris,FALSE
NS4085,Crepis vesicaria,FALSE
NS4085,Cruciata laevipes,FALSE
NS4085,Cytisus scoparius,FALSE
NS4085,Dactylorhiza fuchsii,FALSE
NS4085,Dactylorhiza maculata,FALSE
NS4085,Daucus carota,FALSE
NS4085,Digitalis ferruginea,FALSE
NS4085,Digitalis grandiflora,FALSE
NS4085,Digitalis purpurea,FALSE
NS4085,Dioscorea communis,FALSE
NS4085,Doronicum plantagineum,FALSE
NS4085,Drosera anglica,FALSE
NS4085,Drosera rotundifolia,FALSE
NS4085,Dryas octopetala,FALSE
NS4085,Epilobium hirsutum,FALSE
NS4085,Epilobium montanum,FALSE
NS4085,Epilobium obscurum,FALSE
NS4085,Epilobium palustre,TRUE
NS4085,Epilobium parviflorum,FALSE
NS4085,Epilobium roseum,FALSE
NS4085,Epilobium tetragonum,FALSE
NS4085,Erica cinerea,FALSE
NS4085,Erica tetralix,FALSE
NS4085,Eriophorum vaginatum,FALSE
NS4085,Eupatorium cannabinum,FALSE
NS4085,Euphorbia exigua,FALSE
NS4085,Euphorbia helioscopia,FALSE
NS4085,Euphrasia officinalis,FALSE
NS4085,Fagopyrum esculentum,FALSE
NS4085,Fallopia convolvulus,FALSE
NS4085,Filipendula ulmaria,FALSE
NS4085,Fumaria officinalis,FALSE
NS4085,Galeopsis speciosa,FALSE
NS4085,Galeopsis tetrahit,FALSE
NS4085,Galium aparine,FALSE
NS4085,Galium mollugo,FALSE
NS4085,Galium odoratum,FALSE
NS4085,Galium palustre,FALSE
NS4085,Galium saxatile,TRUE
NS4085,Galium verum,FALSE
NS4085,Genista anglica,FALSE
NS4085,Geranium dissectum,FALSE
NS4085,Geranium molle,FALSE
NS4085,Geranium nodosum,FALSE
NS4085,Geranium pratense,FALSE
NS4085,Geranium pyrenaicum,FALSE
NS4085,Geranium robertianum,FALSE
NS4085,Geum urbanum,FALSE
NS4085,Glechoma hederacea,FALSE
NS4085,Hedera helix,FALSE
NS4085,Helianthus annuus,FALSE
NS4085,Heracleum mantegazzianum,FALSE
NS4085,Heracleum sphondylium,FALSE
NS4085,Hippocrepis comosa,FALSE
NS4085,Hordeum vulgare,FALSE
NS4085,Hyacinthoides non,FALSE
NS4085,Hypericum forrestii,FALSE
NS4085,Hypericum perforatum,FALSE
NS4085,Hypericum pulchrum,FALSE
NS4085,Hypericum tetrapterum,FALSE
NS4085,Hypochaeris radicata,TRUE
NS4085,Ilex aquifolium,FALSE
NS4085,Impatiens glandulifera,FALSE
NS4085,Impatiens parviflora,FALSE
NS4085,Iris pseudacorus,FALSE
NS4085,Jacobaea erucifolia,FALSE
NS4085,Jacobaea vulgaris,FALSE
NS4085,Jasione montana,FALSE
NS4085,Juncus conglomeratus,FALSE
NS4085,Juncus effusus,FALSE
NS4085,Knautia arvensis,FALSE
NS4085,Lactuca serriola,FALSE
NS4085,Lamium album,FALSE
NS4085,Lamium galeobdolon,FALSE
NS4085,Lamium purpureum,FALSE
NS4085,Lapsana communis,FALSE
NS4085,Lathyrus aphaca,FALSE
NS4085,Lathyrus linifolius,FALSE
NS4085,Lathyrus pratensis,FALSE
NS4085,Leontodon hispidus,FALSE
NS4085,Leontodon saxatilis,FALSE
NS4085,Leucanthemum vulgare,FALSE
NS4085,Ligusticum scoticum,FALSE
NS4085,Limonium vulgare,FALSE
NS4085,Linaria vulgaris,FALSE
NS4085,Linum catharticum,FALSE
NS4085,Linum usitatissimum,FALSE
NS4085,Lonicera caprifolium,FALSE
NS4085,Lonicera periclymenum,FALSE
NS4085,Lotus angustissimus,FALSE
NS4085,Lotus corniculatus,FALSE
NS4085,Lotus pedunculatus,FALSE
NS4085,Lotus subbiflorus,FALSE
NS4085,Luzula campestris,FALSE
NS4085,Lysimachia nemorum,FALSE
NS4085,Lysimachia punctata,FALSE
NS4085,Lysimachia vulgaris,FALSE
NS4085,Lythrum alatum,FALSE
NS4085,Lythrum salicaria,FALSE
NS4085,Malva sylvestris,FALSE
NS4085,Matricaria chamomilla,FALSE
NS4085,Matricaria discoidea,TRUE
NS4085,Medicago lupulina,FALSE
NS4085,Melampyrum pratense,FALSE
NS4085,Mentha aquatica,FALSE
NS4085,Mentha arvensis,FALSE
NS4085,Mercurialis perennis,FALSE
NS4085,Myosotis arvensis,TRUE
NS4085,Myosotis discolor,FALSE
NS4085,Myosotis sylvatica,FALSE
NS4085,Narthecium ossifragum,FALSE
NS4085,Odontites vernus,FALSE
NS4085,Oenanthe crocata,FALSE
NS4085,Origanum vulgare,FALSE
NS4085,Ornithopus perpusillus,FALSE
NS4085,Oxalis acetosella,FALSE
NS4085,Panicum miliaceum,FALSE
NS4085,Papaver rhoeas,FALSE
NS4085,Pedicularis sylvatica,FALSE
NS4085,Persicaria amplexicaulis,FALSE
NS4085,Persicaria bistorta,FALSE
NS4085,Persicaria hydropiper,FALSE
NS4085,Persicaria lapathifolia,FALSE
NS4085,Persicaria maculosa,TRUE
NS4085,Peucedanum ostruthium,FALSE
NS4085,Picris echioides,FALSE
NS4085,Picris hieracioides,FALSE
NS4085,Pilosella officinarum,FALSE
NS4085,Pimpinella saxifraga,FALSE
NS4085,Pinguicula vulgaris,FALSE
NS4085,Plantago lanceolata,FALSE
NS4085,Plantago major,FALSE
NS4085,Plantago maritima,FALSE
NS4085,Poa annua,FALSE
NS4085,Polygala serpyllifolia,FALSE
NS4085,Polygala vulgaris,FALSE
NS4085,Polygonum aviculare,TRUE
NS4085,Potentilla anglica,FALSE
NS4085,Potentilla anserina,FALSE
NS4085,Potentilla erecta,FALSE
NS4085,Potentilla recta,FALSE
NS4085,Potentilla reptans,FALSE
NS4085,Prunella vulgaris,TRUE
NS4085,Prunus spinosa,FALSE
NS4085,Pulicaria dysenterica,FALSE
NS4085,Ranunculus acris,TRUE
NS4085,Ranunculus bulbosus,FALSE
NS4085,Ranunculus ficaria,FALSE
NS4085,Ranunculus flammula,TRUE
NS4085,Ranunculus repens,TRUE
NS4085,Ranunculus sardous,FALSE
NS4085,Raphanus raphanistrum,FALSE
NS4085,Raphanus sativus,FALSE
NS4085,Rhinanthus minor,FALSE
NS4085,Rosa arvensis,FALSE
NS4085,Rosa canina,FALSE
NS4085,Rubus caesius,FALSE
NS4085,Rubus fruticosus,FALSE
NS4085,Rubus idaeus,FALSE
NS4085,Rumex acetosa,TRUE
NS4085,Rumex acetosella,FALSE
NS4085,Rumex crispus,FALSE
NS4085,Rumex obtusifolius,TRUE
NS4085,Rumex sanguineus,FALSE
NS4085,Sagina saginoides,FALSE
NS4085,Sambucus nigra,FALSE
NS4085,Sanguisorba officinalis,FALSE
NS4085,Scorzoneroides autumnalis,FALSE
NS4085,Scrophularia auriculata,FALSE
NS4085,Scrophularia nodosa,FALSE
NS4085,Sedum anglicum,FALSE
NS4085,Senecio erucifolius,FALSE
NS4085,Senecio jacobaea,FALSE
NS4085,Senecio vulgaris,FALSE
NS4085,Sherardia arvensis,FALSE
NS4085,Silene dioica,FALSE
NS4085,Silene latifolia,FALSE
NS4085,Silybum marianum,FALSE
NS4085,Sinapis alba,FALSE
NS4085,Sinapis arvensis,FALSE
NS4085,Sisymbrium officinale,FALSE
NS4085,Solanum dulcamara,FALSE
NS4085,Solanum nigrum,FALSE
NS4085,Solanum tuberosum,FALSE
NS4085,Sonchus arvensis,FALSE
NS4085,Sonchus asper,FALSE
NS4085,Sonchus oleraceus,FALSE
NS4085,Sorbus aucuparia,FALSE
NS4085,Spergula arvensis,FALSE
NS4085,Spergularia media,FALSE
NS4085,Stachys arvensis,FALSE
NS4085,Stachys palustris,FALSE
NS4085,Stachys sylvatica,FALSE
NS4085,Stellaria alsine,FALSE
NS4085,Stellaria graminea,FALSE
NS4085,Stellaria holostea,FALSE
NS4085,Stellaria media,FALSE
NS4085,Suaeda maritima,FALSE
NS4085,Succisa pratensis,FALSE
NS4085,Symphytum officinale,FALSE
NS4085,Taraxacum agg,FALSE
NS4085,Taraxacum officinale,FALSE
NS4085,Teucrium scorodonia,FALSE
NS4085,Thlaspi arvense,FALSE
NS4085,Thymus polytrichus,FALSE
NS4085,Thymus vulgaris,FALSE
NS4085,Torilis japonica,FALSE
NS4085,Tragopogon pratensis,FALSE
NS4085,Trientalis europaea,FALSE
NS4085,Trifolium arvense,FALSE
NS4085,Trifolium campestre,FALSE
NS4085,Trifolium constantinopolitanum,FALSE
NS4085,Trifolium dubium,FALSE
NS4085,Trifolium pratense,FALSE
NS4085,Trifolium repens,TRUE
NS4085,Tripleurospermum inodorum,FALSE
NS4085,Tripleurospermum maritimum,FALSE
NS4085,Turgenia latifolia,FALSE
NS4085,Ulex europaeus,FALSE
NS4085,Ulex gallii,FALSE
NS4085,Urtica dioica,FALSE
NS4085,Vaccinium myrtillus,FALSE
NS4085,Vaccinium oxycoccos,FALSE
NS4085,Vaccinium vitis,FALSE
NS4085,Valeriana dioica,FALSE
NS4085,Valeriana officinalis,FALSE
NS4085,Verbena officinalis,FALSE
NS4085,Verbena x,FALSE
NS4085,Veronica agrestis,FALSE
NS4085,Veronica arvensis,FALSE
NS4085,Veronica beccabunga,FALSE
NS4085,Veronica chamaedrys,FALSE
NS4085,Veronica hederifolia,TRUE
NS4085,Veronica montana,FALSE
NS4085,Veronica officinalis,FALSE
NS4085,Veronica persica,FALSE
NS4085,Veronica polita,FALSE
NS4085,Veronica serpyllifolia,FALSE
NS4085,Vicia benghalensis,FALSE
NS4085,Vicia cracca,FALSE
NS4085,Vicia faba,FALSE
NS4085,Vicia hirsuta,FALSE
NS4085,Vicia lutea,FALSE
NS4085,Vicia sativa,FALSE
NS4085,Vicia sepium,FALSE
NS4085,Vicia spp,FALSE
NS4085,Vicia tetrasperma,FALSE
NS4085,Viola arvensis,FALSE
NS4085,Viola canina,FALSE
NS4085,Viola palustris,FALSE
NS4085,Viola riviniana,FALSE
NS4085,Zea mays,FALSE
NS5873,Acer pseudoplatanus,FALSE
NS5873,Achillea millefolium,FALSE
NS5873,Achillea ptarmica,FALSE
NS5873,Aegopodium podagraria,FALSE
NS5873,Aethusa cynapium,FALSE
NS5873,Ajuga reptans,FALSE
NS5873,Alliaria petiolata,FALSE
NS5873,Alnus glutinosa,FALSE
NS5873,Anagallis arvensis,FALSE
NS5873,Anchusa arvensis,FALSE
NS5873,Anemone nemorosa,FALSE
NS5873,Angelica sylvestris,FALSE
NS5873,Anthemis cotula,FALSE
NS5873,Anthriscus caucalis,FALSE
NS5873,Anthriscus sylvestris,TRUE
NS5873,Apium nodiflorum,FALSE
NS5873,Armeria maritima,FALSE
NS5873,Artemisia absinthium,FALSE
NS5873,Artemisia annua,FALSE
NS5873,Artemisia vulgaris,FALSE
NS5873,Aster tripolium,FALSE
NS5873,Atriplex patula,FALSE
NS5873,Atriplex portulacoides,FALSE
NS5873,Ballota nigra,FALSE
NS5873,Barbarea vulgaris,FALSE
NS5873,Bellis perennis,FALSE
NS5873,Berula erecta,FALSE
NS5873,Brassica napus,FALSE
NS5873,Brassica oleracea,FALSE
NS5873,Brassica rapa,FALSE
NS5873,Bryonia dioica,FALSE
NS5873,Buddleja davidii,FALSE
NS5873,Bupleurum tenuissimum,FALSE
NS5873,Calluna vulgaris,FALSE
NS5873,Caltha palustris,FALSE
NS5873,Calystegia sepium,FALSE
NS5873,Campanula rotundifolia,FALSE
NS5873,Capsella bursa,FALSE
NS5873,Cardamine flexuosa,FALSE
NS5873,Cardamine hirsuta,FALSE
NS5873,Cardamine pratensis,FALSE
NS5873,Carduus nutans,FALSE
NS5873,Carum verticillatum,FALSE
NS5873,Centaurea cyanus,TRUE
NS5873,Centaurea nigra,FALSE
NS5873,Centaurea scabiosa,FALSE
NS5873,Centaurium erythraea,FALSE
NS5873,Cerastium arvense,FALSE
NS5873,Cerastium fontanum,FALSE
NS5873,Cerastium glomeratum,FALSE
NS5873,Ceratocapnos claviculata,FALSE
NS5873,Chaerophyllum temulum,FALSE
NS5873,Chamaemelum nobile,FALSE
NS5873,Chamerion angustifolium,TRUE
NS5873,Chenopodium album,FALSE
NS5873,Chenopodium ficifolium,FALSE
NS5873,Chenopodium quinoa,FALSE
NS5873,Cichorium intybus,FALSE
NS5873,Circaea lutetiana,FALSE
NS5873,Cirsium arvense,FALSE
NS5873,Cirsium eriophorum,FALSE
NS5873,Cirsium palustre,FALSE
NS5873,Cirsium vulgare,FALSE
NS5873,Clematis vitalba,FALSE
NS5873,Clinopodium vulgare,FALSE
NS5873,Conium maculatum,FALSE
NS5873,Conopodium majus,FALSE
NS5873,Convolvulus arvensis,FALSE
NS5873,Conyza canadensis,FALSE
NS5873,Cotoneaster salicifolius,FALSE
NS5873,Crataegus monogyna,FALSE
NS5873,Crepis capillaris,FALSE
NS5873,Crepis vesicaria,FALSE
NS5873,Cruciata laevipes,FALSE
NS5873,Cytisus scoparius,FALSE
NS5873,Dactylorhiza fuchsii,FALSE
NS5873,Dactylorhiza maculata,FALSE
NS5873,Daucus carota,FALSE
NS5873,Digitalis ferruginea,FALSE
NS5873,Digitalis grandiflora,FALSE
NS5873,Digitalis purpurea,FALSE
NS5873,Dioscorea communis,FALSE
NS5873,Doronicum plantagineum,FALSE
NS5873,Drosera anglica,FALSE
NS5873,Drosera rotundifolia,FALSE
NS5873,Dryas octopetala,FALSE
NS5873,Epilobium hirsutum,FALSE
NS5873,Epilobium montanum,FALSE
NS5873,Epilobium obscurum,FALSE
NS5873,Epilobium palustre,FALSE
NS5873,Epilobium parviflorum,FALSE
NS5873,Epilobium roseum,FALSE
NS5873,Epilobium tetragonum,FALSE
NS5873,Erica cinerea,FALSE
NS5873,Erica tetralix,FALSE
NS5873,Eriophorum vaginatum,FALSE
NS5873,Eupatorium cannabinum,FALSE
NS5873,Euphorbia exigua,FALSE
NS5873,Euphorbia helioscopia,FALSE
NS5873,Euphrasia officinalis,FALSE
NS5873,Fagopyrum esculentum,FALSE
NS5873,Fallopia convolvulus,FALSE
NS5873,Filipendula ulmaria,FALSE
NS5873,Fumaria officinalis,FALSE
NS5873,Galeopsis speciosa,FALSE
NS5873,Galeopsis tetrahit,FALSE
NS5873,Galium aparine,FALSE
NS5873,Galium mollugo,FALSE
NS5873,Galium odoratum,FALSE
NS5873,Galium palustre,FALSE
NS5873,Galium saxatile,FALSE
NS5873,Galium verum,FALSE
NS5873,Genista anglica,FALSE
NS5873,Geranium dissectum,FALSE
NS5873,Geranium molle,FALSE
NS5873,Geranium nodosum,FALSE
NS5873,Geranium pratense,FALSE
NS5873,Geranium pyrenaicum,FALSE
NS5873,Geranium robertianum,FALSE
NS5873,Geum urbanum,FALSE
NS5873,Glechoma hederacea,FALSE
NS5873,Hedera helix,FALSE
NS5873,Helianthus annuus,FALSE
NS5873,Heracleum mantegazzianum,FALSE
NS5873,Heracleum sphondylium,FALSE
NS5873,Hippocrepis comosa,FALSE
NS5873,Hordeum vulgare,FALSE
NS5873,Hyacinthoides non,FALSE
NS5873,Hypericum forrestii,FALSE
NS5873,Hypericum perforatum,FALSE
NS5873,Hypericum pulchrum,FALSE
NS5873,Hypericum tetrapterum,FALSE
NS5873,Hypochaeris radicata,FALSE
NS5873,Ilex aquifolium,FALSE
NS5873,Impatiens glandulifera,FALSE
NS5873,Impatiens parviflora,FALSE
NS5873,Iris pseudacorus,FALSE
NS5873,Jacobaea erucifolia,FALSE
NS5873,Jacobaea vulgaris,FALSE
NS5873,Jasione montana,FALSE
NS5873,Juncus conglomeratus,FALSE
NS5873,Juncus effusus,FALSE
NS5873,Knautia arvensis,FALSE
NS5873,Lactuca serriola,FALSE
NS5873,Lamium album,TRUE
NS5873,Lamium galeobdolon,FALSE
NS5873,Lamium purpureum,FALSE
NS5873,Lapsana communis,FALSE
NS5873,Lathyrus aphaca,FALSE
NS5873,Lathyrus linifolius,FALSE
NS5873,Lathyrus pratensis,FALSE
NS5873,Leontodon hispidus,FALSE
NS5873,Leontodon saxatilis,FALSE
NS5873,Leucanthemum vulgare,TRUE
NS5873,Ligusticum scoticum,FALSE
NS5873,Limonium vulgare,FALSE
NS5873,Linaria vulgaris,FALSE
NS5873,Linum catharticum,FALSE
NS5873,Linum usitatissimum,FALSE
NS5873,Lonicera caprifolium,FALSE
NS5873,Lonicera periclymenum,TRUE
NS5873,Lotus angustissimus,FALSE
NS5873,Lotus corniculatus,FALSE
NS5873,Lotus pedunculatus,FALSE
NS5873,Lotus subbiflorus,FALSE
NS5873,Luzula campestris,FALSE
NS5873,Lysimachia nemorum,FALSE
NS5873,Lysimachia punctata,TRUE
NS5873,Lysimachia vulgaris,TRUE
NS5873,Lythrum alatum,FALSE
NS5873,Lythrum salicaria,TRUE
NS5873,Malva sylvestris,FALSE
NS5873,Matricaria chamomilla,FALSE
NS5873,Matricaria discoidea,FALSE
NS5873,Medicago lupulina,FALSE
NS5873,Melampyrum pratense,FALSE
NS5873,Mentha aquatica,FALSE
NS5873,Mentha arvensis,FALSE
NS5873,Mercurialis perennis,FALSE
NS5873,Myosotis arvensis,FALSE
NS5873,Myosotis discolor,FALSE
NS5873,Myosotis sylvatica,FALSE
NS5873,Narthecium ossifragum,FALSE
NS5873,Odontites vernus,FALSE
NS5873,Oenanthe crocata,FALSE
NS5873,Origanum vulgare,FALSE
NS5873,Ornithopus perpusillus,FALSE
NS5873,Oxalis acetosella,FALSE
NS5873,Panicum miliaceum,FALSE
NS5873,Papaver rhoeas,FALSE
NS5873,Pedicularis sylvatica,FALSE
NS5873,Persicaria amplexicaulis,FALSE
NS5873,Persicaria bistorta,FALSE
NS5873,Persicaria hydropiper,FALSE
NS5873,Persicaria lapathifolia,FALSE
NS5873,Persicaria maculosa,FALSE
NS5873,Peucedanum ostruthium,FALSE
NS5873,Picris echioides,FALSE
NS5873,Picris hieracioides,FALSE
NS5873,Pilosella officinarum,FALSE
NS5873,Pimpinella saxifraga,FALSE
NS5873,Pinguicula vulgaris,FALSE
NS5873,Plantago lanceolata,FALSE
NS5873,Plantago major,FALSE
NS5873,Plantago maritima,FALSE
NS5873,Poa annua,FALSE
NS5873,Polygala serpyllifolia,FALSE
NS5873,Polygala vulgaris,FALSE
NS5873,Polygonum aviculare,FALSE
NS5873,Potentilla anglica,FALSE
NS5873,Potentilla anserina,FALSE
NS5873,Potentilla erecta,FALSE
NS5873,Potentilla recta,FALSE
NS5873,Potentilla reptans,FALSE
NS5873,Prunella vulgaris,FALSE
NS5873,Prunus spinosa,FALSE
NS5873,Pulicaria dysenterica,FALSE
NS5873,Ranunculus acris,TRUE
NS5873,Ranunculus bulbosus,FALSE
NS5873,Ranunculus ficaria,FALSE
NS5873,Ranunculus flammula,FALSE
NS5873,Ranunculus repens,TRUE
NS5873,Ranunculus sardous,FALSE
NS5873,Raphanus raphanistrum,FALSE
NS5873,Raphanus sativus,FALSE
NS5873,Rhinanthus minor,FALSE
NS5873,Rosa arvensis,FALSE
NS5873,Rosa canina,TRUE
NS5873,Rubus caesius,FALSE
NS5873,Rubus fruticosus,TRUE
NS5873,Rubus idaeus,FALSE
NS5873,Rumex acetosa,FALSE
NS5873,Rumex acetosella,FALSE
NS5873,Rumex crispus,FALSE
NS5873,Rumex obtusifolius,FALSE
NS5873,Rumex sanguineus,FALSE
NS5873,Sagina saginoides,FALSE
NS5873,Sambucus nigra,FALSE
NS5873,Sanguisorba officinalis,FALSE
NS5873,Scorzoneroides autumnalis,FALSE
NS5873,Scrophularia auriculata,FALSE
NS5873,Scrophularia nodosa,FALSE
NS5873,Sedum anglicum,FALSE
NS5873,Senecio erucifolius,FALSE
NS5873,Senecio jacobaea,FALSE
NS5873,Senecio vulgaris,FALSE
NS5873,Sherardia arvensis,FALSE
NS5873,Silene dioica,FALSE
NS5873,Silene latifolia,FALSE
NS5873,Silybum marianum,FALSE
NS5873,Sinapis alba,FALSE
NS5873,Sinapis arvensis,FALSE
NS5873,Sisymbrium officinale,FALSE
NS5873,Solanum dulcamara,FALSE
NS5873,Solanum nigrum,FALSE
NS5873,Solanum tuberosum,FALSE
NS5873,Sonchus arvensis,FALSE
NS5873,Sonchus asper,FALSE
NS5873,Sonchus oleraceus,FALSE
NS5873,Sorbus aucuparia,FALSE
NS5873,Spergula arvensis,FALSE
NS5873,Spergularia media,FALSE
NS5873,Stachys arvensis,FALSE
NS5873,Stachys palustris,FALSE
NS5873,Stachys sylvatica,FALSE
NS5873,Stellaria alsine,FALSE
NS5873,Stellaria graminea,FALSE
NS5873,Stellaria holostea,FALSE
NS5873,Stellaria media,FALSE
NS5873,Suaeda maritima,FALSE
NS5873,Succisa pratensis,FALSE
NS5873,Symphytum officinale,FALSE
NS5873,Taraxacum agg,FALSE
NS5873,Taraxacum officinale,FALSE
NS5873,Teucrium scorodonia,FALSE
NS5873,Thlaspi arvense,FALSE
NS5873,Thymus polytrichus,FALSE
NS5873,Thymus vulgaris,FALSE
NS5873,Torilis japonica,FALSE
NS5873,Tragopogon pratensis,FALSE
NS5873,Trientalis europaea,FALSE
NS5873,Trifolium arvense,FALSE
NS5873,Trifolium campestre,FALSE
NS5873,Trifolium constantinopolitanum,FALSE
NS5873,Trifolium dubium,FALSE
NS5873,Trifolium pratense,FALSE
NS5873,Trifolium repens,TRUE
NS5873,Tripleurospermum inodorum,FALSE
NS5873,Tripleurospermum maritimum,FALSE
NS5873,Turgenia latifolia,FALSE
NS5873,Ulex europaeus,TRUE
NS5873,Ulex gallii,FALSE
NS5873,Urtica dioica,TRUE
NS5873,Vaccinium myrtillus,FALSE
NS5873,Vaccinium oxycoccos,FALSE
NS5873,Vaccinium vitis,FALSE
NS5873,Valeriana dioica,FALSE
NS5873,Valeriana officinalis,FALSE
NS5873,Verbena officinalis,FALSE
NS5873,Verbena x,FALSE
NS5873,Veronica agrestis,FALSE
NS5873,Veronica arvensis,FALSE
NS5873,Veronica beccabunga,FALSE
NS5873,Veronica chamaedrys,FALSE
NS5873,Veronica hederifolia,FALSE
NS5873,Veronica montana,FALSE
NS5873,Veronica officinalis,FALSE
NS5873,Veronica persica,FALSE
NS5873,Veronica polita,FALSE
NS5873,Veronica serpyllifolia,FALSE
NS5873,Vicia benghalensis,FALSE
NS5873,Vicia cracca,FALSE
NS5873,Vicia faba,FALSE
NS5873,Vicia hirsuta,FALSE
NS5873,Vicia lutea,FALSE
NS5873,Vicia sativa,FALSE
NS5873,Vicia sepium,TRUE
NS5873,Vicia spp,TRUE
NS5873,Vicia tetrasperma,FALSE
NS5873,Viola arvensis,FALSE
NS5873,Viola canina,FALSE
NS5873,Viola palustris,FALSE
NS5873,Viola riviniana,FALSE
NS5873,Zea mays,FALSE
NS9052,Acer pseudoplatanus,FALSE
NS9052,Achillea millefolium,FALSE
NS9052,Achillea ptarmica,TRUE
NS9052,Aegopodium podagraria,FALSE
NS9052,Aethusa cynapium,FALSE
NS9052,Ajuga reptans,FALSE
NS9052,Alliaria petiolata,FALSE
NS9052,Alnus glutinosa,FALSE
NS9052,Anagallis arvensis,FALSE
NS9052,Anchusa arvensis,FALSE
NS9052,Anemone nemorosa,FALSE
NS9052,Angelica sylvestris,FALSE
NS9052,Anthemis cotula,FALSE
NS9052,Anthriscus caucalis,FALSE
NS9052,Anthriscus sylvestris,FALSE
NS9052,Apium nodiflorum,FALSE
NS9052,Armeria maritima,FALSE
NS9052,Artemisia absinthium,FALSE
NS9052,Artemisia annua,FALSE
NS9052,Artemisia vulgaris,FALSE
NS9052,Aster tripolium,FALSE
NS9052,Atriplex patula,FALSE
NS9052,Atriplex portulacoides,FALSE
NS9052,Ballota nigra,FALSE
NS9052,Barbarea vulgaris,FALSE
NS9052,Bellis perennis,TRUE
NS9052,Berula erecta,FALSE
NS9052,Brassica napus,FALSE
NS9052,Brassica oleracea,FALSE
NS9052,Brassica rapa,FALSE
NS9052,Bryonia dioica,FALSE
NS9052,Buddleja davidii,FALSE
NS9052,Bupleurum tenuissimum,FALSE
NS9052,Calluna vulgaris,FALSE
NS9052,Caltha palustris,FALSE
NS9052,Calystegia sepium,FALSE
NS9052,Campanula rotundifolia,FALSE
NS9052,Capsella bursa,FALSE
NS9052,Cardamine flexuosa,FALSE
NS9052,Cardamine hirsuta,FALSE
NS9052,Cardamine pratensis,FALSE
NS9052,Carduus nutans,FALSE
NS9052,Carum verticillatum,FALSE
NS9052,Centaurea cyanus,FALSE
NS9052,Centaurea nigra,FALSE
NS9052,Centaurea scabiosa,FALSE
NS9052,Centaurium erythraea,FALSE
NS9052,Cerastium arvense,FALSE
NS9052,Cerastium fontanum,TRUE
NS9052,Cerastium glomeratum,FALSE
NS9052,Ceratocapnos claviculata,FALSE
NS9052,Chaerophyllum temulum,FALSE
NS9052,Chamaemelum nobile,FALSE
NS9052,Chamerion angustifolium,FALSE
NS9052,Chenopodium album,FALSE
NS9052,Chenopodium ficifolium,FALSE
NS9052,Chenopodium quinoa,FALSE
NS9052,Cichorium intybus,FALSE
NS9052,Circaea lutetiana,FALSE
NS9052,Cirsium arvense,FALSE
NS9052,Cirsium eriophorum,FALSE
NS9052,Cirsium palustre,TRUE
NS9052,Cirsium vulgare,TRUE
NS9052,Clematis vitalba,FALSE
NS9052,Clinopodium vulgare,FALSE
NS9052,Conium maculatum,FALSE
NS9052,Conopodium majus,FALSE
NS9052,Convolvulus arvensis,FALSE
NS9052,Conyza canadensis,FALSE
NS9052,Cotoneaster salicifolius,FALSE
NS9052,Crataegus monogyna,FALSE
NS9052,Crepis capillaris,FALSE
NS9052,Crepis vesicaria,FALSE
NS9052,Cruciata laevipes,FALSE
NS9052,Cytisus scoparius,FALSE
NS9052,Dactylorhiza fuchsii,FALSE
NS9052,Dactylorhiza maculata,FALSE
NS9052,Daucus carota,FALSE
NS9052,Digitalis ferruginea,FALSE
NS9052,Digitalis grandiflora,FALSE
NS9052,Digitalis purpurea,FALSE
NS9052,Dioscorea communis,FALSE
NS9052,Doronicum plantagineum,FALSE
NS9052,Drosera anglica,FALSE
NS9052,Drosera rotundifolia,FALSE
NS9052,Dryas octopetala,FALSE
NS9052,Epilobium hirsutum,FALSE
NS9052,Epilobium montanum,FALSE
NS9052,Epilobium obscurum,FALSE
NS9052,Epilobium palustre,FALSE
NS9052,Epilobium parviflorum,FALSE
NS9052,Epilobium roseum,FALSE
NS9052,Epilobium tetragonum,FALSE
NS9052,Erica cinerea,FALSE
NS9052,Erica tetralix,FALSE
NS9052,Eriophorum vaginatum,FALSE
NS9052,Eupatorium cannabinum,FALSE
NS9052,Euphorbia exigua,FALSE
NS9052,Euphorbia helioscopia,FALSE
NS9052,Euphrasia officinalis,FALSE
NS9052,Fagopyrum esculentum,FALSE
NS9052,Fallopia convolvulus,FALSE
NS9052,Filipendula ulmaria,FALSE
NS9052,Fumaria officinalis,FALSE
NS9052,Galeopsis speciosa,FALSE
NS9052,Galeopsis tetrahit,FALSE
NS9052,Galium aparine,FALSE
NS9052,Galium mollugo,FALSE
NS9052,Galium odoratum,FALSE
NS9052,Galium palustre,FALSE
NS9052,Galium saxatile,TRUE
NS9052,Galium verum,FALSE
NS9052,Genista anglica,FALSE
NS9052,Geranium dissectum,FALSE
NS9052,Geranium molle,FALSE
NS9052,Geranium nodosum,FALSE
NS9052,Geranium pratense,FALSE
NS9052,Geranium pyrenaicum,FALSE
NS9052,Geranium robertianum,FALSE
NS9052,Geum urbanum,FALSE
NS9052,Glechoma hederacea,FALSE
NS9052,Hedera helix,FALSE
NS9052,Helianthus annuus,FALSE
NS9052,Heracleum mantegazzianum,FALSE
NS9052,Heracleum sphondylium,FALSE
NS9052,Hippocrepis comosa,FALSE
NS9052,Hordeum vulgare,FALSE
NS9052,Hyacinthoides non,FALSE
NS9052,Hypericum forrestii,FALSE
NS9052,Hypericum perforatum,FALSE
NS9052,Hypericum pulchrum,FALSE
NS9052,Hypericum tetrapterum,FALSE
NS9052,Hypochaeris radicata,FALSE
NS9052,Ilex aquifolium,FALSE
NS9052,Impatiens glandulifera,FALSE
NS9052,Impatiens parviflora,FALSE
NS9052,Iris pseudacorus,FALSE
NS9052,Jacobaea erucifolia,FALSE
NS9052,Jacobaea vulgaris,FALSE
NS9052,Jasione montana,FALSE
NS9052,Juncus conglomeratus,FALSE
NS9052,Juncus effusus,FALSE
NS9052,Knautia arvensis,FALSE
NS9052,Lactuca serriola,FALSE
NS9052,Lamium album,FALSE
NS9052,Lamium galeobdolon,FALSE
NS9052,Lamium purpureum,FALSE
NS9052,Lapsana communis,FALSE
NS9052,Lathyrus aphaca,FALSE
NS9052,Lathyrus linifolius,FALSE
NS9052,Lathyrus pratensis,TRUE
NS9052,Leontodon hispidus,TRUE
NS9052,Leontodon saxatilis,FALSE
NS9052,Leucanthemum vulgare,FALSE
NS9052,Ligusticum scoticum,FALSE
NS9052,Limonium vulgare,FALSE
NS9052,Linaria vulgaris,FALSE
NS9052,Linum catharticum,FALSE
NS9052,Linum usitatissimum,FALSE
NS9052,Lonicera caprifolium,FALSE
NS9052,Lonicera periclymenum,FALSE
NS9052,Lotus angustissimus,FALSE
NS9052,Lotus corniculatus,FALSE
NS9052,Lotus pedunculatus,FALSE
NS9052,Lotus subbiflorus,FALSE
NS9052,Luzula campestris,FALSE
NS9052,Lysimachia nemorum,FALSE
NS9052,Lysimachia punctata,FALSE
NS9052,Lysimachia vulgaris,FALSE
NS9052,Lythrum alatum,FALSE
NS9052,Lythrum salicaria,FALSE
NS9052,Malva sylvestris,FALSE
NS9052,Matricaria chamomilla,FALSE
NS9052,Matricaria discoidea,FALSE
NS9052,Medicago lupulina,FALSE
NS9052,Melampyrum pratense,FALSE
NS9052,Mentha aquatica,FALSE
NS9052,Mentha arvensis,FALSE
NS9052,Mercurialis perennis,FALSE
NS9052,Myosotis arvensis,FALSE
NS9052,Myosotis discolor,FALSE
NS9052,Myosotis sylvatica,FALSE
NS9052,Narthecium ossifragum,FALSE
NS9052,Odontites vernus,FALSE
NS9052,Oenanthe crocata,FALSE
NS9052,Origanum vulgare,FALSE
NS9052,Ornithopus perpusillus,FALSE
NS9052,Oxalis acetosella,FALSE
NS9052,Panicum miliaceum,FALSE
NS9052,Papaver rhoeas,FALSE
NS9052,Pedicularis sylvatica,FALSE
NS9052,Persicaria amplexicaulis,FALSE
NS9052,Persicaria bistorta,FALSE
NS9052,Persicaria hydropiper,FALSE
NS9052,Persicaria lapathifolia,FALSE
NS9052,Persicaria maculosa,FALSE
NS9052,Peucedanum ostruthium,FALSE
NS9052,Picris echioides,FALSE
NS9052,Picris hieracioides,FALSE
NS9052,Pilosella officinarum,FALSE
NS9052,Pimpinella saxifraga,FALSE
NS9052,Pinguicula vulgaris,FALSE
NS9052,Plantago lanceolata,TRUE
NS9052,Plantago major,FALSE
NS9052,Plantago maritima,FALSE
NS9052,Poa annua,FALSE
NS9052,Polygala serpyllifolia,FALSE
NS9052,Polygala vulgaris,FALSE
NS9052,Polygonum aviculare,FALSE
NS9052,Potentilla anglica,TRUE
NS9052,Potentilla anserina,FALSE
NS9052,Potentilla erecta,TRUE
NS9052,Potentilla recta,FALSE
NS9052,Potentilla reptans,FALSE
NS9052,Prunella vulgaris,FALSE
NS9052,Prunus spinosa,FALSE
NS9052,Pulicaria dysenterica,FALSE
NS9052,Ranunculus acris,TRUE
NS9052,Ranunculus bulbosus,FALSE
NS9052,Ranunculus ficaria,FALSE
NS9052,Ranunculus flammula,TRUE
NS9052,Ranunculus repens,TRUE
NS9052,Ranunculus sardous,FALSE
NS9052,Raphanus raphanistrum,FALSE
NS9052,Raphanus sativus,FALSE
NS9052,Rhinanthus minor,FALSE
NS9052,Rosa arvensis,FALSE
NS9052,Rosa canina,FALSE
NS9052,Rubus caesius,FALSE
NS9052,Rubus fruticosus,FALSE
NS9052,Rubus idaeus,FALSE
NS9052,Rumex acetosa,FALSE
NS9052,Rumex acetosella,FALSE
NS9052,Rumex crispus,FALSE
NS9052,Rumex obtusifolius,FALSE
NS9052,Rumex sanguineus,FALSE
NS9052,Sagina saginoides,FALSE
NS9052,Sambucus nigra,FALSE
NS9052,Sanguisorba officinalis,FALSE
NS9052,Scorzoneroides autumnalis,TRUE
NS9052,Scrophularia auriculata,FALSE
NS9052,Scrophularia nodosa,FALSE
NS9052,Sedum anglicum,FALSE
NS9052,Senecio erucifolius,FALSE
NS9052,Senecio jacobaea,FALSE
NS9052,Senecio vulgaris,FALSE
NS9052,Sherardia arvensis,FALSE
NS9052,Silene dioica,FALSE
NS9052,Silene latifolia,FALSE
NS9052,Silybum marianum,FALSE
NS9052,Sinapis alba,FALSE
NS9052,Sinapis arvensis,FALSE
NS9052,Sisymbrium officinale,FALSE
NS9052,Solanum dulcamara,FALSE
NS9052,Solanum nigrum,FALSE
NS9052,Solanum tuberosum,FALSE
NS9052,Sonchus arvensis,FALSE
NS9052,Sonchus asper,FALSE
NS9052,Sonchus oleraceus,FALSE
NS9052,Sorbus aucuparia,FALSE
NS9052,Spergula arvensis,FALSE
NS9052,Spergularia media,FALSE
NS9052,Stachys arvensis,FALSE
NS9052,Stachys palustris,FALSE
NS9052,Stachys sylvatica,FALSE
NS9052,Stellaria alsine,FALSE
NS9052,Stellaria graminea,TRUE
NS9052,Stellaria holostea,FALSE
NS9052,Stellaria media,FALSE
NS9052,Suaeda maritima,FALSE
NS9052,Succisa pratensis,FALSE
NS9052,Symphytum officinale,FALSE
NS9052,Taraxacum agg,FALSE
NS9052,Taraxacum officinale,FALSE
NS9052,Teucrium scorodonia,FALSE
NS9052,Thlaspi arvense,FALSE
NS9052,Thymus polytrichus,FALSE
NS9052,Thymus vulgaris,FALSE
NS9052,Torilis japonica,FALSE
NS9052,Tragopogon pratensis,FALSE
NS9052,Trientalis europaea,FALSE
NS9052,Trifolium arvense,FALSE
NS9052,Trifolium campestre,FALSE
NS9052,Trifolium constantinopolitanum,FALSE
NS9052,Trifolium dubium,FALSE
NS9052,Trifolium pratense,FALSE
NS9052,Trifolium repens,TRUE
NS9052,Tripleurospermum inodorum,FALSE
NS9052,Tripleurospermum maritimum,FALSE
NS9052,Turgenia latifolia,FALSE
NS9052,Ulex europaeus,FALSE
NS9052,Ulex gallii,FALSE
NS9052,Urtica dioica,FALSE
NS9052,Vaccinium myrtillus,FALSE
NS9052,Vaccinium oxycoccos,FALSE
NS9052,Vaccinium vitis,FALSE
NS9052,Valeriana dioica,FALSE
NS9052,Valeriana officinalis,FALSE
NS9052,Verbena officinalis,FALSE
NS9052,Verbena x,FALSE
NS9052,Veronica agrestis,FALSE
NS9052,Veronica arvensis,FALSE
NS9052,Veronica beccabunga,FALSE
NS9052,Veronica chamaedrys,FALSE
NS9052,Veronica hederifolia,FALSE
NS9052,Veronica montana,FALSE
NS9052,Veronica officinalis,FALSE
NS9052,Veronica persica,FALSE
NS9052,Veronica polita,FALSE
NS9052,Veronica serpyllifolia,FALSE
NS9052,Vicia benghalensis,FALSE
NS9052,Vicia cracca,FALSE
NS9052,Vicia faba,FALSE
NS9052,Vicia hirsuta,FALSE
NS9052,Vicia lutea,FALSE
NS9052,Vicia sativa,FALSE
NS9052,Vicia sepium,FALSE
NS9052,Vicia spp,FALSE
NS9052,Vicia tetrasperma,FALSE
NS9052,Viola arvensis,FALSE
NS9052,Viola canina,FALSE
NS9052,Viola palustris,FALSE
NS9052,Viola riviniana,FALSE
NS9052,Zea mays,FALSE
NT2023,Acer pseudoplatanus,FALSE
NT2023,Achillea millefolium,FALSE
NT2023,Achillea ptarmica,FALSE
NT2023,Aegopodium podagraria,FALSE
NT2023,Aethusa cynapium,FALSE
NT2023,Ajuga reptans,FALSE
NT2023,Alliaria petiolata,FALSE
NT2023,Alnus glutinosa,FALSE
NT2023,Anagallis arvensis,FALSE
NT2023,Anchusa arvensis,FALSE
NT2023,Anemone nemorosa,FALSE
NT2023,Angelica sylvestris,FALSE
NT2023,Anthemis cotula,FALSE
NT2023,Anthriscus caucalis,FALSE
NT2023,Anthriscus sylvestris,FALSE
NT2023,Apium nodiflorum,FALSE
NT2023,Armeria maritima,FALSE
NT2023,Artemisia absinthium,FALSE
NT2023,Artemisia annua,FALSE
NT2023,Artemisia vulgaris,FALSE
NT2023,Aster tripolium,FALSE
NT2023,Atriplex patula,FALSE
NT2023,Atriplex portulacoides,FALSE
NT2023,Ballota nigra,FALSE
NT2023,Barbarea vulgaris,FALSE
NT2023,Bellis perennis,FALSE
NT2023,Berula erecta,FALSE
NT2023,Brassica napus,FALSE
NT2023,Brassica oleracea,FALSE
NT2023,Brassica rapa,FALSE
NT2023,Bryonia dioica,FALSE
NT2023,Buddleja davidii,FALSE
NT2023,Bupleurum tenuissimum,FALSE
NT2023,Calluna vulgaris,TRUE
NT2023,Caltha palustris,FALSE
NT2023,Calystegia sepium,FALSE
NT2023,Campanula rotundifolia,FALSE
NT2023,Capsella bursa,FALSE
NT2023,Cardamine flexuosa,FALSE
NT2023,Cardamine hirsuta,FALSE
NT2023,Cardamine pratensis,FALSE
NT2023,Carduus nutans,FALSE
NT2023,Carum verticillatum,FALSE
NT2023,Centaurea cyanus,FALSE
NT2023,Centaurea nigra,FALSE
NT2023,Centaurea scabiosa,FALSE
NT2023,Centaurium erythraea,FALSE
NT2023,Cerastium arvense,FALSE
NT2023,Cerastium fontanum,FALSE
NT2023,Cerastium glomeratum,FALSE
NT2023,Ceratocapnos claviculata,FALSE
NT2023,Chaerophyllum temulum,FALSE
NT2023,Chamaemelum nobile,FALSE
NT2023,Chamerion angustifolium,FALSE
NT2023,Chenopodium album,FALSE
NT2023,Chenopodium ficifolium,FALSE
NT2023,Chenopodium quinoa,FALSE
NT2023,Cichorium intybus,FALSE
NT2023,Circaea lutetiana,FALSE
NT2023,Cirsium arvense,FALSE
NT2023,Cirsium eriophorum,FALSE
NT2023,Cirsium palustre,FALSE
NT2023,Cirsium vulgare,FALSE
NT2023,Clematis vitalba,FALSE
NT2023,Clinopodium vulgare,FALSE
NT2023,Conium maculatum,FALSE
NT2023,Conopodium majus,FALSE
NT2023,Convolvulus arvensis,FALSE
NT2023,Conyza canadensis,FALSE
NT2023,Cotoneaster salicifolius,FALSE
NT2023,Crataegus monogyna,FALSE
NT2023,Crepis capillaris,FALSE
NT2023,Crepis vesicaria,FALSE
NT2023,Cruciata laevipes,FALSE
NT2023,Cytisus scoparius,FALSE
NT2023,Dactylorhiza fuchsii,FALSE
NT2023,Dactylorhiza maculata,FALSE
NT2023,Daucus carota,FALSE
NT2023,Digitalis ferruginea,FALSE
NT2023,Digitalis grandiflora,FALSE
NT2023,Digitalis purpurea,FALSE
NT2023,Dioscorea communis,FALSE
NT2023,Doronicum plantagineum,FALSE
NT2023,Drosera anglica,FALSE
NT2023,Drosera rotundifolia,FALSE
NT2023,Dryas octopetala,FALSE
NT2023,Epilobium hirsutum,FALSE
NT2023,Epilobium montanum,FALSE
NT2023,Epilobium obscurum,FALSE
NT2023,Epilobium palustre,FALSE
NT2023,Epilobium parviflorum,FALSE
NT2023,Epilobium roseum,FALSE
NT2023,Epilobium tetragonum,FALSE
NT2023,Erica cinerea,TRUE
NT2023,Erica tetralix,TRUE
NT2023,Eriophorum vaginatum,TRUE
NT2023,Eupatorium cannabinum,FALSE
NT2023,Euphorbia exigua,FALSE
NT2023,Euphorbia helioscopia,FALSE
NT2023,Euphrasia officinalis,FALSE
NT2023,Fagopyrum esculentum,FALSE
NT2023,Fallopia convolvulus,FALSE
NT2023,Filipendula ulmaria,FALSE
NT2023,Fumaria officinalis,FALSE
NT2023,Galeopsis speciosa,FALSE
NT2023,Galeopsis tetrahit,FALSE
NT2023,Galium aparine,FALSE
NT2023,Galium mollugo,FALSE
NT2023,Galium odoratum,FALSE
NT2023,Galium palustre,FALSE
NT2023,Galium saxatile,TRUE
NT2023,Galium verum,FALSE
NT2023,Genista anglica,FALSE
NT2023,Geranium dissectum,FALSE
NT2023,Geranium molle,FALSE
NT2023,Geranium nodosum,FALSE
NT2023,Geranium pratense,FALSE
NT2023,Geranium pyrenaicum,FALSE
NT2023,Geranium robertianum,FALSE
NT2023,Geum urbanum,FALSE
NT2023,Glechoma hederacea,FALSE
NT2023,Hedera helix,FALSE
NT2023,Helianthus annuus,FALSE
NT2023,Heracleum mantegazzianum,FALSE
NT2023,Heracleum sphondylium,FALSE
NT2023,Hippocrepis comosa,FALSE
NT2023,Hordeum vulgare,FALSE
NT2023,Hyacinthoides non,FALSE
NT2023,Hypericum forrestii,FALSE
NT2023,Hypericum perforatum,FALSE
NT2023,Hypericum pulchrum,FALSE
NT2023,Hypericum tetrapterum,FALSE
NT2023,Hypochaeris radicata,FALSE
NT2023,Ilex aquifolium,FALSE
NT2023,Impatiens glandulifera,FALSE
NT2023,Impatiens parviflora,FALSE
NT2023,Iris pseudacorus,FALSE
NT2023,Jacobaea erucifolia,FALSE
NT2023,Jacobaea vulgaris,FALSE
NT2023,Jasione montana,FALSE
NT2023,Juncus conglomeratus,FALSE
NT2023,Juncus effusus,FALSE
NT2023,Knautia arvensis,FALSE
NT2023,Lactuca serriola,FALSE
NT2023,Lamium album,FALSE
NT2023,Lamium galeobdolon,FALSE
NT2023,Lamium purpureum,FALSE
NT2023,Lapsana communis,FALSE
NT2023,Lathyrus aphaca,FALSE
NT2023,Lathyrus linifolius,FALSE
NT2023,Lathyrus pratensis,FALSE
NT2023,Leontodon hispidus,FALSE
NT2023,Leontodon saxatilis,FALSE
NT2023,Leucanthemum vulgare,FALSE
NT2023,Ligusticum scoticum,FALSE
NT2023,Limonium vulgare,FALSE
NT2023,Linaria vulgaris,FALSE
NT2023,Linum catharticum,FALSE
NT2023,Linum usitatissimum,FALSE
NT2023,Lonicera caprifolium,FALSE
NT2023,Lonicera periclymenum,FALSE
NT2023,Lotus angustissimus,FALSE
NT2023,Lotus corniculatus,FALSE
NT2023,Lotus pedunculatus,FALSE
NT2023,Lotus subbiflorus,FALSE
NT2023,Luzula campestris,FALSE
NT2023,Lysimachia nemorum,FALSE
NT2023,Lysimachia punctata,FALSE
NT2023,Lysimachia vulgaris,FALSE
NT2023,Lythrum alatum,FALSE
NT2023,Lythrum salicaria,FALSE
NT2023,Malva sylvestris,FALSE
NT2023,Matricaria chamomilla,FALSE
NT2023,Matricaria discoidea,FALSE
NT2023,Medicago lupulina,FALSE
NT2023,Melampyrum pratense,TRUE
NT2023,Mentha aquatica,FALSE
NT2023,Mentha arvensis,FALSE
NT2023,Mercurialis perennis,FALSE
NT2023,Myosotis arvensis,FALSE
NT2023,Myosotis discolor,FALSE
NT2023,Myosotis sylvatica,FALSE
NT2023,Narthecium ossifragum,FALSE
NT2023,Odontites vernus,FALSE
NT2023,Oenanthe crocata,FALSE
NT2023,Origanum vulgare,FALSE
NT2023,Ornithopus perpusillus,FALSE
NT2023,Oxalis acetosella,FALSE
NT2023,Panicum miliaceum,FALSE
NT2023,Papaver rhoeas,FALSE
NT2023,Pedicularis sylvatica,FALSE
NT2023,Persicaria amplexicaulis,FALSE
NT2023,Persicaria bistorta,FALSE
NT2023,Persicaria hydropiper,FALSE
NT2023,Persicaria lapathifolia,FALSE
NT2023,Persicaria maculosa,FALSE
NT2023,Peucedanum ostruthium,FALSE
NT2023,Picris echioides,FALSE
NT2023,Picris hieracioides,FALSE
NT2023,Pilosella officinarum,FALSE
NT2023,Pimpinella saxifraga,FALSE
NT2023,Pinguicula vulgaris,FALSE
NT2023,Plantago lanceolata,FALSE
NT2023,Plantago major,FALSE
NT2023,Plantago maritima,FALSE
NT2023,Poa annua,FALSE
NT2023,Polygala serpyllifolia,FALSE
NT2023,Polygala vulgaris,FALSE
NT2023,Polygonum aviculare,FALSE
NT2023,Potentilla anglica,FALSE
NT2023,Potentilla anserina,FALSE
NT2023,Potentilla erecta,TRUE
NT2023,Potentilla recta,FALSE
NT2023,Potentilla reptans,FALSE
NT2023,Prunella vulgaris,FALSE
NT2023,Prunus spinosa,FALSE
NT2023,Pulicaria dysenterica,FALSE
NT2023,Ranunculus acris,TRUE
NT2023,Ranunculus bulbosus,FALSE
NT2023,Ranunculus ficaria,FALSE
NT2023,Ranunculus flammula,FALSE
NT2023,Ranunculus repens,FALSE
NT2023,Ranunculus sardous,FALSE
NT2023,Raphanus raphanistrum,FALSE
NT2023,Raphanus sativus,FALSE
NT2023,Rhinanthus minor,FALSE
NT2023,Rosa arvensis,FALSE
NT2023,Rosa canina,FALSE
NT2023,Rubus caesius,FALSE
NT2023,Rubus fruticosus,FALSE
NT2023,Rubus idaeus,FALSE
NT2023,Rumex acetosa,FALSE
NT2023,Rumex acetosella,FALSE
NT2023,Rumex crispus,FALSE
NT2023,Rumex obtusifolius,FALSE
NT2023,Rumex sanguineus,FALSE
NT2023,Sagina saginoides,FALSE
NT2023,Sambucus nigra,FALSE
NT2023,Sanguisorba officinalis,FALSE
NT2023,Scorzoneroides autumnalis,FALSE
NT2023,Scrophularia auriculata,FALSE
NT2023,Scrophularia nodosa,FALSE
NT2023,Sedum anglicum,FALSE
NT2023,Senecio erucifolius,FALSE
NT2023,Senecio jacobaea,FALSE
NT2023,Senecio vulgaris,FALSE
NT2023,Sherardia arvensis,FALSE
NT2023,Silene dioica,FALSE
NT2023,Silene latifolia,FALSE
NT2023,Silybum marianum,FALSE
NT2023,Sinapis alba,FALSE
NT2023,Sinapis arvensis,FALSE
NT2023,Sisymbrium officinale,FALSE
NT2023,Solanum dulcamara,FALSE
NT2023,Solanum nigrum,FALSE
NT2023,Solanum tuberosum,FALSE
NT2023,Sonchus arvensis,FALSE
NT2023,Sonchus asper,FALSE
NT2023,Sonchus oleraceus,FALSE
NT2023,Sorbus aucuparia,FALSE
NT2023,Spergula arvensis,FALSE
NT2023,Spergularia media,FALSE
NT2023,Stachys arvensis,FALSE
NT2023,Stachys palustris,FALSE
NT2023,Stachys sylvatica,FALSE
NT2023,Stellaria alsine,FALSE
NT2023,Stellaria graminea,FALSE
NT2023,Stellaria holostea,FALSE
NT2023,Stellaria media,FALSE
NT2023,Suaeda maritima,FALSE
NT2023,Succisa pratensis,FALSE
NT2023,Symphytum officinale,FALSE
NT2023,Taraxacum agg,FALSE
NT2023,Taraxacum officinale,FALSE
NT2023,Teucrium scorodonia,FALSE
NT2023,Thlaspi arvense,FALSE
NT2023,Thymus polytrichus,FALSE
NT2023,Thymus vulgaris,FALSE
NT2023,Torilis japonica,FALSE
NT2023,Tragopogon pratensis,FALSE
NT2023,Trientalis europaea,FALSE
NT2023,Trifolium arvense,FALSE
NT2023,Trifolium campestre,FALSE
NT2023,Trifolium constantinopolitanum,FALSE
NT2023,Trifolium dubium,FALSE
NT2023,Trifolium pratense,FALSE
NT2023,Trifolium repens,FALSE
NT2023,Tripleurospermum inodorum,FALSE
NT2023,Tripleurospermum maritimum,FALSE
NT2023,Turgenia latifolia,FALSE
NT2023,Ulex europaeus,FALSE
NT2023,Ulex gallii,FALSE
NT2023,Urtica dioica,FALSE
NT2023,Vaccinium myrtillus,FALSE
NT2023,Vaccinium oxycoccos,FALSE
NT2023,Vaccinium vitis,FALSE
NT2023,Valeriana dioica,FALSE
NT2023,Valeriana officinalis,FALSE
NT2023,Verbena officinalis,FALSE
NT2023,Verbena x,FALSE
NT2023,Veronica agrestis,FALSE
NT2023,Veronica arvensis,FALSE
NT2023,Veronica beccabunga,FALSE
NT2023,Veronica chamaedrys,FALSE
NT2023,Veronica hederifolia,FALSE
NT2023,Veronica montana,FALSE
NT2023,Veronica officinalis,FALSE
NT2023,Veronica persica,FALSE
NT2023,Veronica polita,FALSE
NT2023,Veronica serpyllifolia,FALSE
NT2023,Vicia benghalensis,FALSE
NT2023,Vicia cracca,FALSE
NT2023,Vicia faba,FALSE
NT2023,Vicia hirsuta,FALSE
NT2023,Vicia lutea,FALSE
NT2023,Vicia sativa,FALSE
NT2023,Vicia sepium,FALSE
NT2023,Vicia spp,FALSE
NT2023,Vicia tetrasperma,FALSE
NT2023,Viola arvensis,FALSE
NT2023,Viola canina,FALSE
NT2023,Viola palustris,FALSE
NT2023,Viola riviniana,FALSE
NT2023,Zea mays,FALSE
NT4470,Acer pseudoplatanus,FALSE
NT4470,Achillea millefolium,FALSE
NT4470,Achillea ptarmica,FALSE
NT4470,Aegopodium podagraria,FALSE
NT4470,Aethusa cynapium,FALSE
NT4470,Ajuga reptans,FALSE
NT4470,Alliaria petiolata,FALSE
NT4470,Alnus glutinosa,FALSE
NT4470,Anagallis arvensis,FALSE
NT4470,Anchusa arvensis,FALSE
NT4470,Anemone nemorosa,FALSE
NT4470,Angelica sylvestris,FALSE
NT4470,Anthemis cotula,FALSE
NT4470,Anthriscus caucalis,FALSE
NT4470,Anthriscus sylvestris,FALSE
NT4470,Apium nodiflorum,FALSE
NT4470,Armeria maritima,FALSE
NT4470,Artemisia absinthium,FALSE
NT4470,Artemisia annua,FALSE
NT4470,Artemisia vulgaris,FALSE
NT4470,Aster tripolium,FALSE
NT4470,Atriplex patula,FALSE
NT4470,Atriplex portulacoides,FALSE
NT4470,Ballota nigra,FALSE
NT4470,Barbarea vulgaris,FALSE
NT4470,Bellis perennis,FALSE
NT4470,Berula erecta,FALSE
NT4470,Brassica napus,FALSE
NT4470,Brassica oleracea,FALSE
NT4470,Brassica rapa,FALSE
NT4470,Bryonia dioica,FALSE
NT4470,Buddleja davidii,FALSE
NT4470,Bupleurum tenuissimum,FALSE
NT4470,Calluna vulgaris,FALSE
NT4470,Caltha palustris,FALSE
NT4470,Calystegia sepium,FALSE
NT4470,Campanula rotundifolia,FALSE
NT4470,Capsella bursa,FALSE
NT4470,Cardamine flexuosa,FALSE
NT4470,Cardamine hirsuta,FALSE
NT4470,Cardamine pratensis,FALSE
NT4470,Carduus nutans,FALSE
NT4470,Carum verticillatum,FALSE
NT4470,Centaurea cyanus,FALSE
NT4470,Centaurea nigra,FALSE
NT4470,Centaurea scabiosa,FALSE
NT4470,Centaurium erythraea,FALSE
NT4470,Cerastium arvense,FALSE
NT4470,Cerastium fontanum,FALSE
NT4470,Cerastium glomeratum,FALSE
NT4470,Ceratocapnos claviculata,FALSE
NT4470,Chaerophyllum temulum,FALSE
NT4470,Chamaemelum nobile,FALSE
NT4470,Chamerion angustifolium,FALSE
NT4470,Chenopodium album,FALSE
NT4470,Chenopodium ficifolium,FALSE
NT4470,Chenopodium quinoa,FALSE
NT4470,Cichorium intybus,FALSE
NT4470,Circaea lutetiana,FALSE
NT4470,Cirsium arvense,FALSE
NT4470,Cirsium eriophorum,FALSE
NT4470,Cirsium palustre,FALSE
NT4470,Cirsium vulgare,FALSE
NT4470,Clematis vitalba,FALSE
NT4470,Clinopodium vulgare,FALSE
NT4470,Conium maculatum,FALSE
NT4470,Conopodium majus,FALSE
NT4470,Convolvulus arvensis,FALSE
NT4470,Conyza canadensis,FALSE
NT4470,Cotoneaster salicifolius,FALSE
NT4470,Crataegus monogyna,FALSE
NT4470,Crepis capillaris,FALSE
NT4470,Crepis vesicaria,FALSE
NT4470,Cruciata laevipes,FALSE
NT4470,Cytisus scoparius,FALSE
NT4470,Dactylorhiza fuchsii,FALSE
NT4470,Dactylorhiza maculata,FALSE
NT4470,Daucus carota,FALSE
NT4470,Digitalis ferruginea,FALSE
NT4470,Digitalis grandiflora,FALSE
NT4470,Digitalis purpurea,FALSE
NT4470,Dioscorea communis,FALSE
NT4470,Doronicum plantagineum,FALSE
NT4470,Drosera anglica,FALSE
NT4470,Drosera rotundifolia,FALSE
NT4470,Dryas octopetala,FALSE
NT4470,Epilobium hirsutum,FALSE
NT4470,Epilobium montanum,FALSE
NT4470,Epilobium obscurum,FALSE
NT4470,Epilobium palustre,FALSE
NT4470,Epilobium parviflorum,FALSE
NT4470,Epilobium roseum,FALSE
NT4470,Epilobium tetragonum,FALSE
NT4470,Erica cinerea,FALSE
NT4470,Erica tetralix,FALSE
NT4470,Eriophorum vaginatum,FALSE
NT4470,Eupatorium cannabinum,FALSE
NT4470,Euphorbia exigua,FALSE
NT4470,Euphorbia helioscopia,FALSE
NT4470,Euphrasia officinalis,FALSE
NT4470,Fagopyrum esculentum,FALSE
NT4470,Fallopia convolvulus,FALSE
NT4470,Filipendula ulmaria,FALSE
NT4470,Fumaria officinalis,FALSE
NT4470,Galeopsis speciosa,FALSE
NT4470,Galeopsis tetrahit,FALSE
NT4470,Galium aparine,FALSE
NT4470,Galium mollugo,FALSE
NT4470,Galium odoratum,FALSE
NT4470,Galium palustre,FALSE
NT4470,Galium saxatile,FALSE
NT4470,Galium verum,FALSE
NT4470,Genista anglica,FALSE
NT4470,Geranium dissectum,FALSE
NT4470,Geranium molle,FALSE
NT4470,Geranium nodosum,FALSE
NT4470,Geranium pratense,FALSE
NT4470,Geranium pyrenaicum,FALSE
NT4470,Geranium robertianum,FALSE
NT4470,Geum urbanum,FALSE
NT4470,Glechoma hederacea,FALSE
NT4470,Hedera helix,FALSE
NT4470,Helianthus annuus,FALSE
NT4470,Heracleum mantegazzianum,FALSE
NT4470,Heracleum sphondylium,FALSE
NT4470,Hippocrepis comosa,FALSE
NT4470,Hordeum vulgare,FALSE
NT4470,Hyacinthoides non,FALSE
NT4470,Hypericum forrestii,FALSE
NT4470,Hypericum perforatum,FALSE
NT4470,Hypericum pulchrum,FALSE
NT4470,Hypericum tetrapterum,FALSE
NT4470,Hypochaeris radicata,FALSE
NT4470,Ilex aquifolium,FALSE
NT4470,Impatiens glandulifera,FALSE
NT4470,Impatiens parviflora,FALSE
NT4470,Iris pseudacorus,FALSE
NT4470,Jacobaea erucifolia,FALSE
NT4470,Jacobaea vulgaris,FALSE
NT4470,Jasione montana,FALSE
NT4470,Juncus conglomeratus,FALSE
NT4470,Juncus effusus,FALSE
NT4470,Knautia arvensis,FALSE
NT4470,Lactuca serriola,FALSE
NT4470,Lamium album,FALSE
NT4470,Lamium galeobdolon,FALSE
NT4470,Lamium purpureum,FALSE
NT4470,Lapsana communis,FALSE
NT4470,Lathyrus aphaca,FALSE
NT4470,Lathyrus linifolius,FALSE
NT4470,Lathyrus pratensis,FALSE
NT4470,Leontodon hispidus,FALSE
NT4470,Leontodon saxatilis,FALSE
NT4470,Leucanthemum vulgare,FALSE
NT4470,Ligusticum scoticum,FALSE
NT4470,Limonium vulgare,FALSE
NT4470,Linaria vulgaris,FALSE
NT4470,Linum catharticum,FALSE
NT4470,Linum usitatissimum,FALSE
NT4470,Lonicera caprifolium,FALSE
NT4470,Lonicera periclymenum,FALSE
NT4470,Lotus angustissimus,FALSE
NT4470,Lotus corniculatus,FALSE
NT4470,Lotus pedunculatus,FALSE
NT4470,Lotus subbiflorus,FALSE
NT4470,Luzula campestris,FALSE
NT4470,Lysimachia nemorum,FALSE
NT4470,Lysimachia punctata,FALSE
NT4470,Lysimachia vulgaris,FALSE
NT4470,Lythrum alatum,FALSE
NT4470,Lythrum salicaria,FALSE
NT4470,Malva sylvestris,FALSE
NT4470,Matricaria chamomilla,FALSE
NT4470,Matricaria discoidea,FALSE
NT4470,Medicago lupulina,FALSE
NT4470,Melampyrum pratense,FALSE
NT4470,Mentha aquatica,FALSE
NT4470,Mentha arvensis,FALSE
NT4470,Mercurialis perennis,FALSE
NT4470,Myosotis arvensis,FALSE
NT4470,Myosotis discolor,FALSE
NT4470,Myosotis sylvatica,FALSE
NT4470,Narthecium ossifragum,FALSE
NT4470,Odontites vernus,FALSE
NT4470,Oenanthe crocata,FALSE
NT4470,Origanum vulgare,FALSE
NT4470,Ornithopus perpusillus,FALSE
NT4470,Oxalis acetosella,FALSE
NT4470,Panicum miliaceum,FALSE
NT4470,Papaver rhoeas,FALSE
NT4470,Pedicularis sylvatica,FALSE
NT4470,Persicaria amplexicaulis,FALSE
NT4470,Persicaria bistorta,FALSE
NT4470,Persicaria hydropiper,FALSE
NT4470,Persicaria lapathifolia,FALSE
NT4470,Persicaria maculosa,FALSE
NT4470,Peucedanum ostruthium,FALSE
NT4470,Picris echioides,FALSE
NT4470,Picris hieracioides,FALSE
NT4470,Pilosella officinarum,FALSE
NT4470,Pimpinella saxifraga,FALSE
NT4470,Pinguicula vulgaris,FALSE
NT4470,Plantago lanceolata,FALSE
NT4470,Plantago major,FALSE
NT4470,Plantago maritima,FALSE
NT4470,Poa annua,FALSE
NT4470,Polygala serpyllifolia,FALSE
NT4470,Polygala vulgaris,FALSE
NT4470,Polygonum aviculare,FALSE
NT4470,Potentilla anglica,FALSE
NT4470,Potentilla anserina,FALSE
NT4470,Potentilla erecta,FALSE
NT4470,Potentilla recta,FALSE
NT4470,Potentilla reptans,FALSE
NT4470,Prunella vulgaris,FALSE
NT4470,Prunus spinosa,FALSE
NT4470,Pulicaria dysenterica,FALSE
NT4470,Ranunculus acris,TRUE
NT4470,Ranunculus bulbosus,FALSE
NT4470,Ranunculus ficaria,FALSE
NT4470,Ranunculus flammula,FALSE
NT4470,Ranunculus repens,TRUE
NT4470,Ranunculus sardous,FALSE
NT4470,Raphanus raphanistrum,FALSE
NT4470,Raphanus sativus,FALSE
NT4470,Rhinanthus minor,FALSE
NT4470,Rosa arvensis,FALSE
NT4470,Rosa canina,FALSE
NT4470,Rubus caesius,FALSE
NT4470,Rubus fruticosus,FALSE
NT4470,Rubus idaeus,FALSE
NT4470,Rumex acetosa,FALSE
NT4470,Rumex acetosella,FALSE
NT4470,Rumex crispus,FALSE
NT4470,Rumex obtusifolius,FALSE
NT4470,Rumex sanguineus,FALSE
NT4470,Sagina saginoides,FALSE
NT4470,Sambucus nigra,FALSE
NT4470,Sanguisorba officinalis,FALSE
NT4470,Scorzoneroides autumnalis,FALSE
NT4470,Scrophularia auriculata,FALSE
NT4470,Scrophularia nodosa,FALSE
NT4470,Sedum anglicum,FALSE
NT4470,Senecio erucifolius,FALSE
NT4470,Senecio jacobaea,FALSE
NT4470,Senecio vulgaris,FALSE
NT4470,Sherardia arvensis,FALSE
NT4470,Silene dioica,FALSE
NT4470,Silene latifolia,FALSE
NT4470,Silybum marianum,FALSE
NT4470,Sinapis alba,FALSE
NT4470,Sinapis arvensis,FALSE
NT4470,Sisymbrium officinale,FALSE
NT4470,Solanum dulcamara,FALSE
NT4470,Solanum nigrum,FALSE
NT4470,Solanum tuberosum,FALSE
NT4470,Sonchus arvensis,FALSE
NT4470,Sonchus asper,FALSE
NT4470,Sonchus oleraceus,FALSE
NT4470,Sorbus aucuparia,FALSE
NT4470,Spergula arvensis,FALSE
NT4470,Spergularia media,FALSE
NT4470,Stachys arvensis,FALSE
NT4470,Stachys palustris,FALSE
NT4470,Stachys sylvatica,FALSE
NT4470,Stellaria alsine,FALSE
NT4470,Stellaria graminea,FALSE
NT4470,Stellaria holostea,FALSE
NT4470,Stellaria media,FALSE
NT4470,Suaeda maritima,FALSE
NT4470,Succisa pratensis,FALSE
NT4470,Symphytum officinale,FALSE
NT4470,Taraxacum agg,FALSE
NT4470,Taraxacum officinale,FALSE
NT4470,Teucrium scorodonia,FALSE
NT4470,Thlaspi arvense,FALSE
NT4470,Thymus polytrichus,FALSE
NT4470,Thymus vulgaris,FALSE
NT4470,Torilis japonica,FALSE
NT4470,Tragopogon pratensis,FALSE
NT4470,Trientalis europaea,FALSE
NT4470,Trifolium arvense,FALSE
NT4470,Trifolium campestre,FALSE
NT4470,Trifolium constantinopolitanum,FALSE
NT4470,Trifolium dubium,FALSE
NT4470,Trifolium pratense,FALSE
NT4470,Trifolium repens,FALSE
NT4470,Tripleurospermum inodorum,FALSE
NT4470,Tripleurospermum maritimum,FALSE
NT4470,Turgenia latifolia,FALSE
NT4470,Ulex europaeus,FALSE
NT4470,Ulex gallii,FALSE
NT4470,Urtica dioica,FALSE
NT4470,Vaccinium myrtillus,FALSE
NT4470,Vaccinium oxycoccos,FALSE
NT4470,Vaccinium vitis,FALSE
NT4470,Valeriana dioica,FALSE
NT4470,Valeriana officinalis,FALSE
NT4470,Verbena officinalis,FALSE
NT4470,Verbena x,FALSE
NT4470,Veronica agrestis,FALSE
NT4470,Veronica arvensis,FALSE
NT4470,Veronica beccabunga,FALSE
NT4470,Veronica chamaedrys,FALSE
NT4470,Veronica hederifolia,FALSE
NT4470,Veronica montana,FALSE
NT4470,Veronica officinalis,FALSE
NT4470,Veronica persica,FALSE
NT4470,Veronica polita,FALSE
NT4470,Veronica serpyllifolia,FALSE
NT4470,Vicia benghalensis,FALSE
NT4470,Vicia cracca,FALSE
NT4470,Vicia faba,FALSE
NT4470,Vicia hirsuta,FALSE
NT4470,Vicia lutea,FALSE
NT4470,Vicia sativa,FALSE
NT4470,Vicia sepium,FALSE
NT4470,Vicia spp,FALSE
NT4470,Vicia tetrasperma,FALSE
NT4470,Viola arvensis,FALSE
NT4470,Viola canina,FALSE
NT4470,Viola palustris,FALSE
NT4470,Viola riviniana,FALSE
NT4470,Zea mays,FALSE
NT5824,Acer pseudoplatanus,FALSE
NT5824,Achillea millefolium,FALSE
NT5824,Achillea ptarmica,FALSE
NT5824,Aegopodium podagraria,FALSE
NT5824,Aethusa cynapium,FALSE
NT5824,Ajuga reptans,FALSE
NT5824,Alliaria petiolata,FALSE
NT5824,Alnus glutinosa,FALSE
NT5824,Anagallis arvensis,FALSE
NT5824,Anchusa arvensis,FALSE
NT5824,Anemone nemorosa,FALSE
NT5824,Angelica sylvestris,FALSE
NT5824,Anthemis cotula,FALSE
NT5824,Anthriscus caucalis,FALSE
NT5824,Anthriscus sylvestris,FALSE
NT5824,Apium nodiflorum,FALSE
NT5824,Armeria maritima,FALSE
NT5824,Artemisia absinthium,FALSE
NT5824,Artemisia annua,FALSE
NT5824,Artemisia vulgaris,FALSE
NT5824,Aster tripolium,FALSE
NT5824,Atriplex patula,FALSE
NT5824,Atriplex portulacoides,FALSE
NT5824,Ballota nigra,FALSE
NT5824,Barbarea vulgaris,FALSE
NT5824,Bellis perennis,TRUE
NT5824,Berula erecta,FALSE
NT5824,Brassica napus,FALSE
NT5824,Brassica oleracea,FALSE
NT5824,Brassica rapa,FALSE
NT5824,Bryonia dioica,FALSE
NT5824,Buddleja davidii,FALSE
NT5824,Bupleurum tenuissimum,FALSE
NT5824,Calluna vulgaris,FALSE
NT5824,Caltha palustris,FALSE
NT5824,Calystegia sepium,FALSE
NT5824,Campanula rotundifolia,FALSE
NT5824,Capsella bursa,FALSE
NT5824,Cardamine flexuosa,FALSE
NT5824,Cardamine hirsuta,TRUE
NT5824,Cardamine pratensis,FALSE
NT5824,Carduus nutans,FALSE
NT5824,Carum verticillatum,FALSE
NT5824,Centaurea cyanus,FALSE
NT5824,Centaurea nigra,FALSE
NT5824,Centaurea scabiosa,FALSE
NT5824,Centaurium erythraea,FALSE
NT5824,Cerastium arvense,FALSE
NT5824,Cerastium fontanum,FALSE
NT5824,Cerastium glomeratum,FALSE
NT5824,Ceratocapnos claviculata,FALSE
NT5824,Chaerophyllum temulum,FALSE
NT5824,Chamaemelum nobile,FALSE
NT5824,Chamerion angustifolium,FALSE
NT5824,Chenopodium album,FALSE
NT5824,Chenopodium ficifolium,FALSE
NT5824,Chenopodium quinoa,FALSE
NT5824,Cichorium intybus,FALSE
NT5824,Circaea lutetiana,FALSE
NT5824,Cirsium arvense,FALSE
NT5824,Cirsium eriophorum,FALSE
NT5824,Cirsium palustre,FALSE
NT5824,Cirsium vulgare,TRUE
NT5824,Clematis vitalba,FALSE
NT5824,Clinopodium vulgare,FALSE
NT5824,Conium maculatum,FALSE
NT5824,Conopodium majus,FALSE
NT5824,Convolvulus arvensis,FALSE
NT5824,Conyza canadensis,FALSE
NT5824,Cotoneaster salicifolius,FALSE
NT5824,Crataegus monogyna,FALSE
NT5824,Crepis capillaris,FALSE
NT5824,Crepis vesicaria,FALSE
NT5824,Cruciata laevipes,FALSE
NT5824,Cytisus scoparius,FALSE
NT5824,Dactylorhiza fuchsii,FALSE
NT5824,Dactylorhiza maculata,FALSE
NT5824,Daucus carota,FALSE
NT5824,Digitalis ferruginea,FALSE
NT5824,Digitalis grandiflora,FALSE
NT5824,Digitalis purpurea,FALSE
NT5824,Dioscorea communis,FALSE
NT5824,Doronicum plantagineum,FALSE
NT5824,Drosera anglica,FALSE
NT5824,Drosera rotundifolia,FALSE
NT5824,Dryas octopetala,FALSE
NT5824,Epilobium hirsutum,FALSE
NT5824,Epilobium montanum,TRUE
NT5824,Epilobium obscurum,FALSE
NT5824,Epilobium palustre,FALSE
NT5824,Epilobium parviflorum,FALSE
NT5824,Epilobium roseum,FALSE
NT5824,Epilobium tetragonum,FALSE
NT5824,Erica cinerea,FALSE
NT5824,Erica tetralix,FALSE
NT5824,Eriophorum vaginatum,FALSE
NT5824,Eupatorium cannabinum,FALSE
NT5824,Euphorbia exigua,FALSE
NT5824,Euphorbia helioscopia,FALSE
NT5824,Euphrasia officinalis,FALSE
NT5824,Fagopyrum esculentum,FALSE
NT5824,Fallopia convolvulus,FALSE
NT5824,Filipendula ulmaria,FALSE
NT5824,Fumaria officinalis,FALSE
NT5824,Galeopsis speciosa,FALSE
NT5824,Galeopsis tetrahit,FALSE
NT5824,Galium aparine,FALSE
NT5824,Galium mollugo,FALSE
NT5824,Galium odoratum,FALSE
NT5824,Galium palustre,FALSE
NT5824,Galium saxatile,FALSE
NT5824,Galium verum,FALSE
NT5824,Genista anglica,FALSE
NT5824,Geranium dissectum,TRUE
NT5824,Geranium molle,FALSE
NT5824,Geranium nodosum,FALSE
NT5824,Geranium pratense,FALSE
NT5824,Geranium pyrenaicum,FALSE
NT5824,Geranium robertianum,TRUE
NT5824,Geum urbanum,FALSE
NT5824,Glechoma hederacea,FALSE
NT5824,Hedera helix,FALSE
NT5824,Helianthus annuus,FALSE
NT5824,Heracleum mantegazzianum,FALSE
NT5824,Heracleum sphondylium,TRUE
NT5824,Hippocrepis comosa,FALSE
NT5824,Hordeum vulgare,FALSE
NT5824,Hyacinthoides non,TRUE
NT5824,Hypericum forrestii,FALSE
NT5824,Hypericum perforatum,FALSE
NT5824,Hypericum pulchrum,FALSE
NT5824,Hypericum tetrapterum,FALSE
NT5824,Hypochaeris radicata,FALSE
NT5824,Ilex aquifolium,FALSE
NT5824,Impatiens glandulifera,FALSE
NT5824,Impatiens parviflora,FALSE
NT5824,Iris pseudacorus,FALSE
NT5824,Jacobaea erucifolia,FALSE
NT5824,Jacobaea vulgaris,FALSE
NT5824,Jasione montana,FALSE
NT5824,Juncus conglomeratus,FALSE
NT5824,Juncus effusus,FALSE
NT5824,Knautia arvensis,FALSE
NT5824,Lactuca serriola,FALSE
NT5824,Lamium album,TRUE
NT5824,Lamium galeobdolon,FALSE
NT5824,Lamium purpureum,TRUE
NT5824,Lapsana communis,TRUE
NT5824,Lathyrus aphaca,FALSE
NT5824,Lathyrus linifolius,FALSE
NT5824,Lathyrus pratensis,TRUE
NT5824,Leontodon hispidus,FALSE
NT5824,Leontodon saxatilis,FALSE
NT5824,Leucanthemum vulgare,FALSE
NT5824,Ligusticum scoticum,FALSE
NT5824,Limonium vulgare,FALSE
NT5824,Linaria vulgaris,FALSE
NT5824,Linum catharticum,FALSE
NT5824,Linum usitatissimum,FALSE
NT5824,Lonicera caprifolium,FALSE
NT5824,Lonicera periclymenum,FALSE
NT5824,Lotus angustissimus,FALSE
NT5824,Lotus corniculatus,FALSE
NT5824,Lotus pedunculatus,FALSE
NT5824,Lotus subbiflorus,FALSE
NT5824,Luzula campestris,FALSE
NT5824,Lysimachia nemorum,FALSE
NT5824,Lysimachia punctata,FALSE
NT5824,Lysimachia vulgaris,FALSE
NT5824,Lythrum alatum,FALSE
NT5824,Lythrum salicaria,FALSE
NT5824,Malva sylvestris,FALSE
NT5824,Matricaria chamomilla,FALSE
NT5824,Matricaria discoidea,TRUE
NT5824,Medicago lupulina,FALSE
NT5824,Melampyrum pratense,FALSE
NT5824,Mentha aquatica,FALSE
NT5824,Mentha arvensis,FALSE
NT5824,Mercurialis perennis,FALSE
NT5824,Myosotis arvensis,TRUE
NT5824,Myosotis discolor,FALSE
NT5824,Myosotis sylvatica,FALSE
NT5824,Narthecium ossifragum,FALSE
NT5824,Odontites vernus,TRUE
NT5824,Oenanthe crocata,FALSE
NT5824,Origanum vulgare,FALSE
NT5824,Ornithopus perpusillus,FALSE
NT5824,Oxalis acetosella,FALSE
NT5824,Panicum miliaceum,FALSE
NT5824,Papaver rhoeas,FALSE
NT5824,Pedicularis sylvatica,FALSE
NT5824,Persicaria amplexicaulis,FALSE
NT5824,Persicaria bistorta,FALSE
NT5824,Persicaria hydropiper,FALSE
NT5824,Persicaria lapathifolia,FALSE
NT5824,Persicaria maculosa,FALSE
NT5824,Peucedanum ostruthium,FALSE
NT5824,Picris echioides,FALSE
NT5824,Picris hieracioides,FALSE
NT5824,Pilosella officinarum,FALSE
NT5824,Pimpinella saxifraga,FALSE
NT5824,Pinguicula vulgaris,FALSE
NT5824,Plantago lanceolata,FALSE
NT5824,Plantago major,FALSE
NT5824,Plantago maritima,FALSE
NT5824,Poa annua,FALSE
NT5824,Polygala serpyllifolia,FALSE
NT5824,Polygala vulgaris,FALSE
NT5824,Polygonum aviculare,FALSE
NT5824,Potentilla anglica,FALSE
NT5824,Potentilla anserina,TRUE
NT5824,Potentilla erecta,FALSE
NT5824,Potentilla recta,FALSE
NT5824,Potentilla reptans,FALSE
NT5824,Prunella vulgaris,TRUE
NT5824,Prunus spinosa,FALSE
NT5824,Pulicaria dysenterica,FALSE
NT5824,Ranunculus acris,TRUE
NT5824,Ranunculus bulbosus,FALSE
NT5824,Ranunculus ficaria,FALSE
NT5824,Ranunculus flammula,FALSE
NT5824,Ranunculus repens,TRUE
NT5824,Ranunculus sardous,FALSE
NT5824,Raphanus raphanistrum,FALSE
NT5824,Raphanus sativus,FALSE
NT5824,Rhinanthus minor,FALSE
NT5824,Rosa arvensis,FALSE
NT5824,Rosa canina,FALSE
NT5824,Rubus caesius,FALSE
NT5824,Rubus fruticosus,FALSE
NT5824,Rubus idaeus,FALSE
NT5824,Rumex acetosa,FALSE
NT5824,Rumex acetosella,FALSE
NT5824,Rumex crispus,FALSE
NT5824,Rumex obtusifolius,FALSE
NT5824,Rumex sanguineus,FALSE
NT5824,Sagina saginoides,FALSE
NT5824,Sambucus nigra,FALSE
NT5824,Sanguisorba officinalis,FALSE
NT5824,Scorzoneroides autumnalis,FALSE
NT5824,Scrophularia auriculata,FALSE
NT5824,Scrophularia nodosa,FALSE
NT5824,Sedum anglicum,FALSE
NT5824,Senecio erucifolius,FALSE
NT5824,Senecio jacobaea,FALSE
NT5824,Senecio vulgaris,TRUE
NT5824,Sherardia arvensis,FALSE
NT5824,Silene dioica,FALSE
NT5824,Silene latifolia,FALSE
NT5824,Silybum marianum,FALSE
NT5824,Sinapis alba,FALSE
NT5824,Sinapis arvensis,FALSE
NT5824,Sisymbrium officinale,FALSE
NT5824,Solanum dulcamara,FALSE
NT5824,Solanum nigrum,FALSE
NT5824,Solanum tuberosum,FALSE
NT5824,Sonchus arvensis,FALSE
NT5824,Sonchus asper,FALSE
NT5824,Sonchus oleraceus,FALSE
NT5824,Sorbus aucuparia,FALSE
NT5824,Spergula arvensis,FALSE
NT5824,Spergularia media,FALSE
NT5824,Stachys arvensis,FALSE
NT5824,Stachys palustris,FALSE
NT5824,Stachys sylvatica,FALSE
NT5824,Stellaria alsine,FALSE
NT5824,Stellaria graminea,FALSE
NT5824,Stellaria holostea,FALSE
NT5824,Stellaria media,FALSE
NT5824,Suaeda maritima,FALSE
NT5824,Succisa pratensis,FALSE
NT5824,Symphytum officinale,FALSE
NT5824,Taraxacum agg,FALSE
NT5824,Taraxacum officinale,FALSE
NT5824,Teucrium scorodonia,FALSE
NT5824,Thlaspi arvense,FALSE
NT5824,Thymus polytrichus,FALSE
NT5824,Thymus vulgaris,FALSE
NT5824,Torilis japonica,FALSE
NT5824,Tragopogon pratensis,FALSE
NT5824,Trientalis europaea,FALSE
NT5824,Trifolium arvense,FALSE
NT5824,Trifolium campestre,FALSE
NT5824,Trifolium constantinopolitanum,FALSE
NT5824,Trifolium dubium,FALSE
NT5824,Trifolium pratense,FALSE
NT5824,Trifolium repens,TRUE
NT5824,Tripleurospermum inodorum,FALSE
NT5824,Tripleurospermum maritimum,FALSE
NT5824,Turgenia latifolia,FALSE
NT5824,Ulex europaeus,FALSE
NT5824,Ulex gallii,FALSE
NT5824,Urtica dioica,FALSE
NT5824,Vaccinium myrtillus,FALSE
NT5824,Vaccinium oxycoccos,FALSE
NT5824,Vaccinium vitis,FALSE
NT5824,Valeriana dioica,FALSE
NT5824,Valeriana officinalis,FALSE
NT5824,Verbena officinalis,FALSE
NT5824,Verbena x,FALSE
NT5824,Veronica agrestis,FALSE
NT5824,Veronica arvensis,FALSE
NT5824,Veronica beccabunga,FALSE
NT5824,Veronica chamaedrys,FALSE
NT5824,Veronica hederifolia,FALSE
NT5824,Veronica montana,FALSE
NT5824,Veronica officinalis,FALSE
NT5824,Veronica persica,TRUE
NT5824,Veronica polita,FALSE
NT5824,Veronica serpyllifolia,FALSE
NT5824,Vicia benghalensis,FALSE
NT5824,Vicia cracca,FALSE
NT5824,Vicia faba,FALSE
NT5824,Vicia hirsuta,FALSE
NT5824,Vicia lutea,FALSE
NT5824,Vicia sativa,FALSE
NT5824,Vicia sepium,FALSE
NT5824,Vicia spp,FALSE
NT5824,Vicia tetrasperma,FALSE
NT5824,Viola arvensis,FALSE
NT5824,Viola canina,TRUE
NT5824,Viola palustris,FALSE
NT5824,Viola riviniana,FALSE
NT5824,Zea mays,FALSE
NX8392,Acer pseudoplatanus,FALSE
NX8392,Achillea millefolium,TRUE
NX8392,Achillea ptarmica,FALSE
NX8392,Aegopodium podagraria,FALSE
NX8392,Aethusa cynapium,FALSE
NX8392,Ajuga reptans,FALSE
NX8392,Alliaria petiolata,FALSE
NX8392,Alnus glutinosa,FALSE
NX8392,Anagallis arvensis,FALSE
NX8392,Anchusa arvensis,FALSE
NX8392,Anemone nemorosa,FALSE
NX8392,Angelica sylvestris,FALSE
NX8392,Anthemis cotula,FALSE
NX8392,Anthriscus caucalis,FALSE
NX8392,Anthriscus sylvestris,FALSE
NX8392,Apium nodiflorum,FALSE
NX8392,Armeria maritima,FALSE
NX8392,Artemisia absinthium,FALSE
NX8392,Artemisia annua,FALSE
NX8392,Artemisia vulgaris,FALSE
NX8392,Aster tripolium,FALSE
NX8392,Atriplex patula,FALSE
NX8392,Atriplex portulacoides,FALSE
NX8392,Ballota nigra,FALSE
NX8392,Barbarea vulgaris,FALSE
NX8392,Bellis perennis,FALSE
NX8392,Berula erecta,FALSE
NX8392,Brassica napus,FALSE
NX8392,Brassica oleracea,FALSE
NX8392,Brassica rapa,FALSE
NX8392,Bryonia dioica,FALSE
NX8392,Buddleja davidii,FALSE
NX8392,Bupleurum tenuissimum,FALSE
NX8392,Calluna vulgaris,TRUE
NX8392,Caltha palustris,FALSE
NX8392,Calystegia sepium,FALSE
NX8392,Campanula rotundifolia,TRUE
NX8392,Capsella bursa,FALSE
NX8392,Cardamine flexuosa,FALSE
NX8392,Cardamine hirsuta,FALSE
NX8392,Cardamine pratensis,FALSE
NX8392,Carduus nutans,FALSE
NX8392,Carum verticillatum,FALSE
NX8392,Centaurea cyanus,FALSE
NX8392,Centaurea nigra,FALSE
NX8392,Centaurea scabiosa,FALSE
NX8392,Centaurium erythraea,FALSE
NX8392,Cerastium arvense,FALSE
NX8392,Cerastium fontanum,FALSE
NX8392,Cerastium glomeratum,FALSE
NX8392,Ceratocapnos claviculata,FALSE
NX8392,Chaerophyllum temulum,FALSE
NX8392,Chamaemelum nobile,FALSE
NX8392,Chamerion angustifolium,FALSE
NX8392,Chenopodium album,FALSE
NX8392,Chenopodium ficifolium,FALSE
NX8392,Chenopodium quinoa,FALSE
NX8392,Cichorium intybus,FALSE
NX8392,Circaea lutetiana,FALSE
NX8392,Cirsium arvense,FALSE
NX8392,Cirsium eriophorum,FALSE
NX8392,Cirsium palustre,FALSE
NX8392,Cirsium vulgare,FALSE
NX8392,Clematis vitalba,FALSE
NX8392,Clinopodium vulgare,FALSE
NX8392,Conium maculatum,FALSE
NX8392,Conopodium majus,TRUE
NX8392,Convolvulus arvensis,FALSE
NX8392,Conyza canadensis,FALSE
NX8392,Cotoneaster salicifolius,FALSE
NX8392,Crataegus monogyna,FALSE
NX8392,Crepis capillaris,FALSE
NX8392,Crepis vesicaria,FALSE
NX8392,Cruciata laevipes,FALSE
NX8392,Cytisus scoparius,FALSE
NX8392,Dactylorhiza fuchsii,FALSE
NX8392,Dactylorhiza maculata,FALSE
NX8392,Daucus carota,FALSE
NX8392,Digitalis ferruginea,FALSE
NX8392,Digitalis grandiflora,FALSE
NX8392,Digitalis purpurea,FALSE
NX8392,Dioscorea communis,FALSE
NX8392,Doronicum plantagineum,FALSE
NX8392,Drosera anglica,FALSE
NX8392,Drosera rotundifolia,FALSE
NX8392,Dryas octopetala,FALSE
NX8392,Epilobium hirsutum,FALSE
NX8392,Epilobium montanum,FALSE
NX8392,Epilobium obscurum,FALSE
NX8392,Epilobium palustre,FALSE
NX8392,Epilobium parviflorum,FALSE
NX8392,Epilobium roseum,FALSE
NX8392,Epilobium tetragonum,FALSE
NX8392,Erica cinerea,TRUE
NX8392,Erica tetralix,FALSE
NX8392,Eriophorum vaginatum,FALSE
NX8392,Eupatorium cannabinum,FALSE
NX8392,Euphorbia exigua,FALSE
NX8392,Euphorbia helioscopia,FALSE
NX8392,Euphrasia officinalis,FALSE
NX8392,Fagopyrum esculentum,FALSE
NX8392,Fallopia convolvulus,FALSE
NX8392,Filipendula ulmaria,FALSE
NX8392,Fumaria officinalis,FALSE
NX8392,Galeopsis speciosa,FALSE
NX8392,Galeopsis tetrahit,FALSE
NX8392,Galium aparine,FALSE
NX8392,Galium mollugo,FALSE
NX8392,Galium odoratum,FALSE
NX8392,Galium palustre,FALSE
NX8392,Galium saxatile,TRUE
NX8392,Galium verum,FALSE
NX8392,Genista anglica,FALSE
NX8392,Geranium dissectum,FALSE
NX8392,Geranium molle,FALSE
NX8392,Geranium nodosum,FALSE
NX8392,Geranium pratense,FALSE
NX8392,Geranium pyrenaicum,FALSE
NX8392,Geranium robertianum,FALSE
NX8392,Geum urbanum,FALSE
NX8392,Glechoma hederacea,FALSE
NX8392,Hedera helix,FALSE
NX8392,Helianthus annuus,FALSE
NX8392,Heracleum mantegazzianum,FALSE
NX8392,Heracleum sphondylium,FALSE
NX8392,Hippocrepis comosa,FALSE
NX8392,Hordeum vulgare,FALSE
NX8392,Hyacinthoides non,FALSE
NX8392,Hypericum forrestii,FALSE
NX8392,Hypericum perforatum,FALSE
NX8392,Hypericum pulchrum,FALSE
NX8392,Hypericum tetrapterum,FALSE
NX8392,Hypochaeris radicata,TRUE
NX8392,Ilex aquifolium,FALSE
NX8392,Impatiens glandulifera,FALSE
NX8392,Impatiens parviflora,FALSE
NX8392,Iris pseudacorus,FALSE
NX8392,Jacobaea erucifolia,FALSE
NX8392,Jacobaea vulgaris,FALSE
NX8392,Jasione montana,FALSE
NX8392,Juncus conglomeratus,FALSE
NX8392,Juncus effusus,FALSE
NX8392,Knautia arvensis,FALSE
NX8392,Lactuca serriola,FALSE
NX8392,Lamium album,FALSE
NX8392,Lamium galeobdolon,FALSE
NX8392,Lamium purpureum,FALSE
NX8392,Lapsana communis,FALSE
NX8392,Lathyrus aphaca,FALSE
NX8392,Lathyrus linifolius,FALSE
NX8392,Lathyrus pratensis,FALSE
NX8392,Leontodon hispidus,FALSE
NX8392,Leontodon saxatilis,FALSE
NX8392,Leucanthemum vulgare,FALSE
NX8392,Ligusticum scoticum,FALSE
NX8392,Limonium vulgare,FALSE
NX8392,Linaria vulgaris,FALSE
NX8392,Linum catharticum,FALSE
NX8392,Linum usitatissimum,FALSE
NX8392,Lonicera caprifolium,FALSE
NX8392,Lonicera periclymenum,FALSE
NX8392,Lotus angustissimus,FALSE
NX8392,Lotus corniculatus,TRUE
NX8392,Lotus pedunculatus,FALSE
NX8392,Lotus subbiflorus,FALSE
NX8392,Luzula campestris,FALSE
NX8392,Lysimachia nemorum,FALSE
NX8392,Lysimachia punctata,FALSE
NX8392,Lysimachia vulgaris,FALSE
NX8392,Lythrum alatum,FALSE
NX8392,Lythrum salicaria,FALSE
NX8392,Malva sylvestris,FALSE
NX8392,Matricaria chamomilla,FALSE
NX8392,Matricaria discoidea,FALSE
NX8392,Medicago lupulina,FALSE
NX8392,Melampyrum pratense,FALSE
NX8392,Mentha aquatica,FALSE
NX8392,Mentha arvensis,FALSE
NX8392,Mercurialis perennis,FALSE
NX8392,Myosotis arvensis,FALSE
NX8392,Myosotis discolor,FALSE
NX8392,Myosotis sylvatica,FALSE
NX8392,Narthecium ossifragum,FALSE
NX8392,Odontites vernus,FALSE
NX8392,Oenanthe crocata,FALSE
NX8392,Origanum vulgare,FALSE
NX8392,Ornithopus perpusillus,FALSE
NX8392,Oxalis acetosella,FALSE
NX8392,Panicum miliaceum,FALSE
NX8392,Papaver rhoeas,FALSE
NX8392,Pedicularis sylvatica,FALSE
NX8392,Persicaria amplexicaulis,FALSE
NX8392,Persicaria bistorta,FALSE
NX8392,Persicaria hydropiper,FALSE
NX8392,Persicaria lapathifolia,FALSE
NX8392,Persicaria maculosa,FALSE
NX8392,Peucedanum ostruthium,FALSE
NX8392,Picris echioides,FALSE
NX8392,Picris hieracioides,FALSE
NX8392,Pilosella officinarum,FALSE
NX8392,Pimpinella saxifraga,TRUE
NX8392,Pinguicula vulgaris,FALSE
NX8392,Plantago lanceolata,TRUE
NX8392,Plantago major,FALSE
NX8392,Plantago maritima,FALSE
NX8392,Poa annua,FALSE
NX8392,Polygala serpyllifolia,TRUE
NX8392,Polygala vulgaris,FALSE
NX8392,Polygonum aviculare,FALSE
NX8392,Potentilla anglica,FALSE
NX8392,Potentilla anserina,FALSE
NX8392,Potentilla erecta,TRUE
NX8392,Potentilla recta,FALSE
NX8392,Potentilla reptans,FALSE
NX8392,Prunella vulgaris,TRUE
NX8392,Prunus spinosa,FALSE
NX8392,Pulicaria dysenterica,FALSE
NX8392,Ranunculus acris,FALSE
NX8392,Ranunculus bulbosus,FALSE
NX8392,Ranunculus ficaria,FALSE
NX8392,Ranunculus flammula,FALSE
NX8392,Ranunculus repens,TRUE
NX8392,Ranunculus sardous,FALSE
NX8392,Raphanus raphanistrum,FALSE
NX8392,Raphanus sativus,FALSE
NX8392,Rhinanthus minor,FALSE
NX8392,Rosa arvensis,FALSE
NX8392,Rosa canina,FALSE
NX8392,Rubus caesius,FALSE
NX8392,Rubus fruticosus,FALSE
NX8392,Rubus idaeus,FALSE
NX8392,Rumex acetosa,TRUE
NX8392,Rumex acetosella,FALSE
NX8392,Rumex crispus,FALSE
NX8392,Rumex obtusifolius,FALSE
NX8392,Rumex sanguineus,FALSE
NX8392,Sagina saginoides,FALSE
NX8392,Sambucus nigra,FALSE
NX8392,Sanguisorba officinalis,FALSE
NX8392,Scorzoneroides autumnalis,FALSE
NX8392,Scrophularia auriculata,FALSE
NX8392,Scrophularia nodosa,FALSE
NX8392,Sedum anglicum,FALSE
NX8392,Senecio erucifolius,FALSE
NX8392,Senecio jacobaea,FALSE
NX8392,Senecio vulgaris,FALSE
NX8392,Sherardia arvensis,FALSE
NX8392,Silene dioica,FALSE
NX8392,Silene latifolia,FALSE
NX8392,Silybum marianum,FALSE
NX8392,Sinapis alba,FALSE
NX8392,Sinapis arvensis,FALSE
NX8392,Sisymbrium officinale,FALSE
NX8392,Solanum dulcamara,FALSE
NX8392,Solanum nigrum,FALSE
NX8392,Solanum tuberosum,FALSE
NX8392,Sonchus arvensis,FALSE
NX8392,Sonchus asper,FALSE
NX8392,Sonchus oleraceus,FALSE
NX8392,Sorbus aucuparia,FALSE
NX8392,Spergula arvensis,FALSE
NX8392,Spergularia media,FALSE
NX8392,Stachys arvensis,FALSE
NX8392,Stachys palustris,FALSE
NX8392,Stachys sylvatica,FALSE
NX8392,Stellaria alsine,FALSE
NX8392,Stellaria graminea,TRUE
NX8392,Stellaria holostea,FALSE
NX8392,Stellaria media,FALSE
NX8392,Suaeda maritima,FALSE
NX8392,Succisa pratensis,FALSE
NX8392,Symphytum officinale,FALSE
NX8392,Taraxacum agg,FALSE
NX8392,Taraxacum officinale,FALSE
NX8392,Teucrium scorodonia,FALSE
NX8392,Thlaspi arvense,FALSE
NX8392,Thymus polytrichus,TRUE
NX8392,Thymus vulgaris,TRUE
NX8392,Torilis japonica,FALSE
NX8392,Tragopogon pratensis,FALSE
NX8392,Trientalis europaea,FALSE
NX8392,Trifolium arvense,FALSE
NX8392,Trifolium campestre,FALSE
NX8392,Trifolium constantinopolitanum,FALSE
NX8392,Trifolium dubium,FALSE
NX8392,Trifolium pratense,TRUE
NX8392,Trifolium repens,TRUE
NX8392,Tripleurospermum inodorum,FALSE
NX8392,Tripleurospermum maritimum,FALSE
NX8392,Turgenia latifolia,FALSE
NX8392,Ulex europaeus,FALSE
NX8392,Ulex gallii,FALSE
NX8392,Urtica dioica,FALSE
NX8392,Vaccinium myrtillus,FALSE
NX8392,Vaccinium oxycoccos,FALSE
NX8392,Vaccinium vitis,FALSE
NX8392,Valeriana dioica,FALSE
NX8392,Valeriana officinalis,FALSE
NX8392,Verbena officinalis,FALSE
NX8392,Verbena x,FALSE
NX8392,Veronica agrestis,FALSE
NX8392,Veronica arvensis,FALSE
NX8392,Veronica beccabunga,FALSE
NX8392,Veronica chamaedrys,TRUE
NX8392,Veronica hederifolia,FALSE
NX8392,Veronica montana,FALSE
NX8392,Veronica officinalis,FALSE
NX8392,Veronica persica,FALSE
NX8392,Veronica polita,FALSE
NX8392,Veronica serpyllifolia,FALSE
NX8392,Vicia benghalensis,FALSE
NX8392,Vicia cracca,FALSE
NX8392,Vicia faba,FALSE
NX8392,Vicia hirsuta,FALSE
NX8392,Vicia lutea,FALSE
NX8392,Vicia sativa,FALSE
NX8392,Vicia sepium,FALSE
NX8392,Vicia spp,FALSE
NX8392,Vicia tetrasperma,FALSE
NX8392,Viola arvensis,FALSE
NX8392,Viola canina,FALSE
NX8392,Viola palustris,FALSE
NX8392,Viola riviniana,FALSE
NX8392,Zea mays,FALSE
SE1582,Acer pseudoplatanus,FALSE
SE1582,Achillea millefolium,FALSE
SE1582,Achillea ptarmica,FALSE
SE1582,Aegopodium podagraria,FALSE
SE1582,Aethusa cynapium,FALSE
SE1582,Ajuga reptans,FALSE
SE1582,Alliaria petiolata,FALSE
SE1582,Alnus glutinosa,FALSE
SE1582,Anagallis arvensis,FALSE
SE1582,Anchusa arvensis,FALSE
SE1582,Anemone nemorosa,FALSE
SE1582,Angelica sylvestris,FALSE
SE1582,Anthemis cotula,FALSE
SE1582,Anthriscus caucalis,FALSE
SE1582,Anthriscus sylvestris,FALSE
SE1582,Apium nodiflorum,FALSE
SE1582,Armeria maritima,FALSE
SE1582,Artemisia absinthium,FALSE
SE1582,Artemisia annua,FALSE
SE1582,Artemisia vulgaris,FALSE
SE1582,Aster tripolium,FALSE
SE1582,Atriplex patula,FALSE
SE1582,Atriplex portulacoides,FALSE
SE1582,Ballota nigra,FALSE
SE1582,Barbarea vulgaris,FALSE
SE1582,Bellis perennis,FALSE
SE1582,Berula erecta,FALSE
SE1582,Brassica napus,FALSE
SE1582,Brassica oleracea,FALSE
SE1582,Brassica rapa,FALSE
SE1582,Bryonia dioica,FALSE
SE1582,Buddleja davidii,FALSE
SE1582,Bupleurum tenuissimum,FALSE
SE1582,Calluna vulgaris,TRUE
SE1582,Caltha palustris,FALSE
SE1582,Calystegia sepium,FALSE
SE1582,Campanula rotundifolia,FALSE
SE1582,Capsella bursa,FALSE
SE1582,Cardamine flexuosa,FALSE
SE1582,Cardamine hirsuta,FALSE
SE1582,Cardamine pratensis,FALSE
SE1582,Carduus nutans,FALSE
SE1582,Carum verticillatum,FALSE
SE1582,Centaurea cyanus,FALSE
SE1582,Centaurea nigra,FALSE
SE1582,Centaurea scabiosa,FALSE
SE1582,Centaurium erythraea,FALSE
SE1582,Cerastium arvense,FALSE
SE1582,Cerastium fontanum,TRUE
SE1582,Cerastium glomeratum,FALSE
SE1582,Ceratocapnos claviculata,FALSE
SE1582,Chaerophyllum temulum,FALSE
SE1582,Chamaemelum nobile,FALSE
SE1582,Chamerion angustifolium,FALSE
SE1582,Chenopodium album,FALSE
SE1582,Chenopodium ficifolium,FALSE
SE1582,Chenopodium quinoa,FALSE
SE1582,Cichorium intybus,FALSE
SE1582,Circaea lutetiana,FALSE
SE1582,Cirsium arvense,TRUE
SE1582,Cirsium eriophorum,FALSE
SE1582,Cirsium palustre,FALSE
SE1582,Cirsium vulgare,FALSE
SE1582,Clematis vitalba,FALSE
SE1582,Clinopodium vulgare,FALSE
SE1582,Conium maculatum,FALSE
SE1582,Conopodium majus,FALSE
SE1582,Convolvulus arvensis,FALSE
SE1582,Conyza canadensis,FALSE
SE1582,Cotoneaster salicifolius,FALSE
SE1582,Crataegus monogyna,FALSE
SE1582,Crepis capillaris,FALSE
SE1582,Crepis vesicaria,FALSE
SE1582,Cruciata laevipes,FALSE
SE1582,Cytisus scoparius,FALSE
SE1582,Dactylorhiza fuchsii,FALSE
SE1582,Dactylorhiza maculata,FALSE
SE1582,Daucus carota,FALSE
SE1582,Digitalis ferruginea,FALSE
SE1582,Digitalis grandiflora,FALSE
SE1582,Digitalis purpurea,FALSE
SE1582,Dioscorea communis,FALSE
SE1582,Doronicum plantagineum,FALSE
SE1582,Drosera anglica,FALSE
SE1582,Drosera rotundifolia,FALSE
SE1582,Dryas octopetala,FALSE
SE1582,Epilobium hirsutum,FALSE
SE1582,Epilobium montanum,FALSE
SE1582,Epilobium obscurum,FALSE
SE1582,Epilobium palustre,FALSE
SE1582,Epilobium parviflorum,FALSE
SE1582,Epilobium roseum,FALSE
SE1582,Epilobium tetragonum,FALSE
SE1582,Erica cinerea,TRUE
SE1582,Erica tetralix,TRUE
SE1582,Eriophorum vaginatum,FALSE
SE1582,Eupatorium cannabinum,FALSE
SE1582,Euphorbia exigua,FALSE
SE1582,Euphorbia helioscopia,FALSE
SE1582,Euphrasia officinalis,FALSE
SE1582,Fagopyrum esculentum,FALSE
SE1582,Fallopia convolvulus,FALSE
SE1582,Filipendula ulmaria,FALSE
SE1582,Fumaria officinalis,FALSE
SE1582,Galeopsis speciosa,FALSE
SE1582,Galeopsis tetrahit,FALSE
SE1582,Galium aparine,FALSE
SE1582,Galium mollugo,FALSE
SE1582,Galium odoratum,FALSE
SE1582,Galium palustre,FALSE
SE1582,Galium saxatile,FALSE
SE1582,Galium verum,FALSE
SE1582,Genista anglica,FALSE
SE1582,Geranium dissectum,FALSE
SE1582,Geranium molle,FALSE
SE1582,Geranium nodosum,FALSE
SE1582,Geranium pratense,FALSE
SE1582,Geranium pyrenaicum,FALSE
SE1582,Geranium robertianum,FALSE
SE1582,Geum urbanum,FALSE
SE1582,Glechoma hederacea,FALSE
SE1582,Hedera helix,FALSE
SE1582,Helianthus annuus,FALSE
SE1582,Heracleum mantegazzianum,FALSE
SE1582,Heracleum sphondylium,FALSE
SE1582,Hippocrepis comosa,FALSE
SE1582,Hordeum vulgare,FALSE
SE1582,Hyacinthoides non,FALSE
SE1582,Hypericum forrestii,FALSE
SE1582,Hypericum perforatum,FALSE
SE1582,Hypericum pulchrum,FALSE
SE1582,Hypericum tetrapterum,FALSE
SE1582,Hypochaeris radicata,FALSE
SE1582,Ilex aquifolium,FALSE
SE1582,Impatiens glandulifera,FALSE
SE1582,Impatiens parviflora,FALSE
SE1582,Iris pseudacorus,FALSE
SE1582,Jacobaea erucifolia,FALSE
SE1582,Jacobaea vulgaris,FALSE
SE1582,Jasione montana,FALSE
SE1582,Juncus conglomeratus,FALSE
SE1582,Juncus effusus,FALSE
SE1582,Knautia arvensis,FALSE
SE1582,Lactuca serriola,FALSE
SE1582,Lamium album,FALSE
SE1582,Lamium galeobdolon,FALSE
SE1582,Lamium purpureum,FALSE
SE1582,Lapsana communis,FALSE
SE1582,Lathyrus aphaca,FALSE
SE1582,Lathyrus linifolius,FALSE
SE1582,Lathyrus pratensis,FALSE
SE1582,Leontodon hispidus,FALSE
SE1582,Leontodon saxatilis,FALSE
SE1582,Leucanthemum vulgare,FALSE
SE1582,Ligusticum scoticum,FALSE
SE1582,Limonium vulgare,FALSE
SE1582,Linaria vulgaris,FALSE
SE1582,Linum catharticum,FALSE
SE1582,Linum usitatissimum,FALSE
SE1582,Lonicera caprifolium,FALSE
SE1582,Lonicera periclymenum,FALSE
SE1582,Lotus angustissimus,FALSE
SE1582,Lotus corniculatus,FALSE
SE1582,Lotus pedunculatus,FALSE
SE1582,Lotus subbiflorus,FALSE
SE1582,Luzula campestris,FALSE
SE1582,Lysimachia nemorum,FALSE
SE1582,Lysimachia punctata,FALSE
SE1582,Lysimachia vulgaris,FALSE
SE1582,Lythrum alatum,FALSE
SE1582,Lythrum salicaria,FALSE
SE1582,Malva sylvestris,FALSE
SE1582,Matricaria chamomilla,FALSE
SE1582,Matricaria discoidea,FALSE
SE1582,Medicago lupulina,FALSE
SE1582,Melampyrum pratense,FALSE
SE1582,Mentha aquatica,FALSE
SE1582,Mentha arvensis,FALSE
SE1582,Mercurialis perennis,FALSE
SE1582,Myosotis arvensis,FALSE
SE1582,Myosotis discolor,FALSE
SE1582,Myosotis sylvatica,FALSE
SE1582,Narthecium ossifragum,FALSE
SE1582,Odontites vernus,FALSE
SE1582,Oenanthe crocata,FALSE
SE1582,Origanum vulgare,FALSE
SE1582,Ornithopus perpusillus,FALSE
SE1582,Oxalis acetosella,FALSE
SE1582,Panicum miliaceum,FALSE
SE1582,Papaver rhoeas,FALSE
SE1582,Pedicularis sylvatica,FALSE
SE1582,Persicaria amplexicaulis,FALSE
SE1582,Persicaria bistorta,FALSE
SE1582,Persicaria hydropiper,FALSE
SE1582,Persicaria lapathifolia,FALSE
SE1582,Persicaria maculosa,FALSE
SE1582,Peucedanum ostruthium,FALSE
SE1582,Picris echioides,FALSE
SE1582,Picris hieracioides,FALSE
SE1582,Pilosella officinarum,FALSE
SE1582,Pimpinella saxifraga,FALSE
SE1582,Pinguicula vulgaris,FALSE
SE1582,Plantago lanceolata,FALSE
SE1582,Plantago major,FALSE
SE1582,Plantago maritima,FALSE
SE1582,Poa annua,FALSE
SE1582,Polygala serpyllifolia,FALSE
SE1582,Polygala vulgaris,FALSE
SE1582,Polygonum aviculare,FALSE
SE1582,Potentilla anglica,FALSE
SE1582,Potentilla anserina,FALSE
SE1582,Potentilla erecta,FALSE
SE1582,Potentilla recta,FALSE
SE1582,Potentilla reptans,FALSE
SE1582,Prunella vulgaris,FALSE
SE1582,Prunus spinosa,FALSE
SE1582,Pulicaria dysenterica,FALSE
SE1582,Ranunculus acris,FALSE
SE1582,Ranunculus bulbosus,FALSE
SE1582,Ranunculus ficaria,FALSE
SE1582,Ranunculus flammula,FALSE
SE1582,Ranunculus repens,FALSE
SE1582,Ranunculus sardous,FALSE
SE1582,Raphanus raphanistrum,FALSE
SE1582,Raphanus sativus,FALSE
SE1582,Rhinanthus minor,FALSE
SE1582,Rosa arvensis,FALSE
SE1582,Rosa canina,FALSE
SE1582,Rubus caesius,FALSE
SE1582,Rubus fruticosus,FALSE
SE1582,Rubus idaeus,FALSE
SE1582,Rumex acetosa,TRUE
SE1582,Rumex acetosella,TRUE
SE1582,Rumex crispus,FALSE
SE1582,Rumex obtusifolius,FALSE
SE1582,Rumex sanguineus,FALSE
SE1582,Sagina saginoides,FALSE
SE1582,Sambucus nigra,FALSE
SE1582,Sanguisorba officinalis,FALSE
SE1582,Scorzoneroides autumnalis,FALSE
SE1582,Scrophularia auriculata,FALSE
SE1582,Scrophularia nodosa,FALSE
SE1582,Sedum anglicum,FALSE
SE1582,Senecio erucifolius,FALSE
SE1582,Senecio jacobaea,FALSE
SE1582,Senecio vulgaris,FALSE
SE1582,Sherardia arvensis,FALSE
SE1582,Silene dioica,FALSE
SE1582,Silene latifolia,FALSE
SE1582,Silybum marianum,FALSE
SE1582,Sinapis alba,FALSE
SE1582,Sinapis arvensis,FALSE
SE1582,Sisymbrium officinale,FALSE
SE1582,Solanum dulcamara,FALSE
SE1582,Solanum nigrum,FALSE
SE1582,Solanum tuberosum,FALSE
SE1582,Sonchus arvensis,FALSE
SE1582,Sonchus asper,FALSE
SE1582,Sonchus oleraceus,FALSE
SE1582,Sorbus aucuparia,FALSE
SE1582,Spergula arvensis,FALSE
SE1582,Spergularia media,FALSE
SE1582,Stachys arvensis,FALSE
SE1582,Stachys palustris,FALSE
SE1582,Stachys sylvatica,FALSE
SE1582,Stellaria alsine,FALSE
SE1582,Stellaria graminea,FALSE
SE1582,Stellaria holostea,FALSE
SE1582,Stellaria media,FALSE
SE1582,Suaeda maritima,FALSE
SE1582,Succisa pratensis,FALSE
SE1582,Symphytum officinale,FALSE
SE1582,Taraxacum agg,FALSE
SE1582,Taraxacum officinale,FALSE
SE1582,Teucrium scorodonia,FALSE
SE1582,Thlaspi arvense,FALSE
SE1582,Thymus polytrichus,FALSE
SE1582,Thymus vulgaris,FALSE
SE1582,Torilis japonica,FALSE
SE1582,Tragopogon pratensis,FALSE
SE1582,Trientalis europaea,FALSE
SE1582,Trifolium arvense,FALSE
SE1582,Trifolium campestre,FALSE
SE1582,Trifolium constantinopolitanum,FALSE
SE1582,Trifolium dubium,FALSE
SE1582,Trifolium pratense,FALSE
SE1582,Trifolium repens,TRUE
SE1582,Tripleurospermum inodorum,FALSE
SE1582,Tripleurospermum maritimum,FALSE
SE1582,Turgenia latifolia,FALSE
SE1582,Ulex europaeus,FALSE
SE1582,Ulex gallii,FALSE
SE1582,Urtica dioica,FALSE
SE1582,Vaccinium myrtillus,FALSE
SE1582,Vaccinium oxycoccos,FALSE
SE1582,Vaccinium vitis,FALSE
SE1582,Valeriana dioica,FALSE
SE1582,Valeriana officinalis,FALSE
SE1582,Verbena officinalis,FALSE
SE1582,Verbena x,FALSE
SE1582,Veronica agrestis,FALSE
SE1582,Veronica arvensis,FALSE
SE1582,Veronica beccabunga,FALSE
SE1582,Veronica chamaedrys,FALSE
SE1582,Veronica hederifolia,FALSE
SE1582,Veronica montana,FALSE
SE1582,Veronica officinalis,FALSE
SE1582,Veronica persica,FALSE
SE1582,Veronica polita,FALSE
SE1582,Veronica serpyllifolia,FALSE
SE1582,Vicia benghalensis,FALSE
SE1582,Vicia cracca,FALSE
SE1582,Vicia faba,FALSE
SE1582,Vicia hirsuta,FALSE
SE1582,Vicia lutea,FALSE
SE1582,Vicia sativa,FALSE
SE1582,Vicia sepium,FALSE
SE1582,Vicia spp,FALSE
SE1582,Vicia tetrasperma,FALSE
SE1582,Viola arvensis,FALSE
SE1582,Viola canina,FALSE
SE1582,Viola palustris,FALSE
SE1582,Viola riviniana,FALSE
SE1582,Zea mays,FALSE
SE1845,Acer pseudoplatanus,FALSE
SE1845,Achillea millefolium,TRUE
SE1845,Achillea ptarmica,FALSE
SE1845,Aegopodium podagraria,FALSE
SE1845,Aethusa cynapium,FALSE
SE1845,Ajuga reptans,FALSE
SE1845,Alliaria petiolata,TRUE
SE1845,Alnus glutinosa,FALSE
SE1845,Anagallis arvensis,FALSE
SE1845,Anchusa arvensis,FALSE
SE1845,Anemone nemorosa,FALSE
SE1845,Angelica sylvestris,FALSE
SE1845,Anthemis cotula,FALSE
SE1845,Anthriscus caucalis,FALSE
SE1845,Anthriscus sylvestris,TRUE
SE1845,Apium nodiflorum,FALSE
SE1845,Armeria maritima,FALSE
SE1845,Artemisia absinthium,FALSE
SE1845,Artemisia annua,FALSE
SE1845,Artemisia vulgaris,FALSE
SE1845,Aster tripolium,FALSE
SE1845,Atriplex patula,FALSE
SE1845,Atriplex portulacoides,FALSE
SE1845,Ballota nigra,FALSE
SE1845,Barbarea vulgaris,FALSE
SE1845,Bellis perennis,TRUE
SE1845,Berula erecta,FALSE
SE1845,Brassica napus,FALSE
SE1845,Brassica oleracea,FALSE
SE1845,Brassica rapa,FALSE
SE1845,Bryonia dioica,FALSE
SE1845,Buddleja davidii,FALSE
SE1845,Bupleurum tenuissimum,FALSE
SE1845,Calluna vulgaris,FALSE
SE1845,Caltha palustris,FALSE
SE1845,Calystegia sepium,FALSE
SE1845,Campanula rotundifolia,FALSE
SE1845,Capsella bursa,FALSE
SE1845,Cardamine flexuosa,FALSE
SE1845,Cardamine hirsuta,FALSE
SE1845,Cardamine pratensis,FALSE
SE1845,Carduus nutans,FALSE
SE1845,Carum verticillatum,FALSE
SE1845,Centaurea cyanus,FALSE
SE1845,Centaurea nigra,TRUE
SE1845,Centaurea scabiosa,FALSE
SE1845,Centaurium erythraea,FALSE
SE1845,Cerastium arvense,FALSE
SE1845,Cerastium fontanum,FALSE
SE1845,Cerastium glomeratum,FALSE
SE1845,Ceratocapnos claviculata,FALSE
SE1845,Chaerophyllum temulum,FALSE
SE1845,Chamaemelum nobile,FALSE
SE1845,Chamerion angustifolium,FALSE
SE1845,Chenopodium album,FALSE
SE1845,Chenopodium ficifolium,FALSE
SE1845,Chenopodium quinoa,FALSE
SE1845,Cichorium intybus,FALSE
SE1845,Circaea lutetiana,FALSE
SE1845,Cirsium arvense,TRUE
SE1845,Cirsium eriophorum,FALSE
SE1845,Cirsium palustre,FALSE
SE1845,Cirsium vulgare,FALSE
SE1845,Clematis vitalba,FALSE
SE1845,Clinopodium vulgare,FALSE
SE1845,Conium maculatum,FALSE
SE1845,Conopodium majus,FALSE
SE1845,Convolvulus arvensis,FALSE
SE1845,Conyza canadensis,FALSE
SE1845,Cotoneaster salicifolius,FALSE
SE1845,Crataegus monogyna,TRUE
SE1845,Crepis capillaris,FALSE
SE1845,Crepis vesicaria,FALSE
SE1845,Cruciata laevipes,TRUE
SE1845,Cytisus scoparius,FALSE
SE1845,Dactylorhiza fuchsii,FALSE
SE1845,Dactylorhiza maculata,FALSE
SE1845,Daucus carota,FALSE
SE1845,Digitalis ferruginea,FALSE
SE1845,Digitalis grandiflora,FALSE
SE1845,Digitalis purpurea,FALSE
SE1845,Dioscorea communis,FALSE
SE1845,Doronicum plantagineum,FALSE
SE1845,Drosera anglica,FALSE
SE1845,Drosera rotundifolia,FALSE
SE1845,Dryas octopetala,FALSE
SE1845,Epilobium hirsutum,TRUE
SE1845,Epilobium montanum,FALSE
SE1845,Epilobium obscurum,FALSE
SE1845,Epilobium palustre,FALSE
SE1845,Epilobium parviflorum,FALSE
SE1845,Epilobium roseum,FALSE
SE1845,Epilobium tetragonum,FALSE
SE1845,Erica cinerea,FALSE
SE1845,Erica tetralix,FALSE
SE1845,Eriophorum vaginatum,FALSE
SE1845,Eupatorium cannabinum,FALSE
SE1845,Euphorbia exigua,FALSE
SE1845,Euphorbia helioscopia,FALSE
SE1845,Euphrasia officinalis,FALSE
SE1845,Fagopyrum esculentum,FALSE
SE1845,Fallopia convolvulus,FALSE
SE1845,Filipendula ulmaria,FALSE
SE1845,Fumaria officinalis,FALSE
SE1845,Galeopsis speciosa,FALSE
SE1845,Galeopsis tetrahit,FALSE
SE1845,Galium aparine,TRUE
SE1845,Galium mollugo,FALSE
SE1845,Galium odoratum,FALSE
SE1845,Galium palustre,FALSE
SE1845,Galium saxatile,FALSE
SE1845,Galium verum,FALSE
SE1845,Genista anglica,FALSE
SE1845,Geranium dissectum,FALSE
SE1845,Geranium molle,FALSE
SE1845,Geranium nodosum,FALSE
SE1845,Geranium pratense,FALSE
SE1845,Geranium pyrenaicum,FALSE
SE1845,Geranium robertianum,FALSE
SE1845,Geum urbanum,FALSE
SE1845,Glechoma hederacea,FALSE
SE1845,Hedera helix,FALSE
SE1845,Helianthus annuus,FALSE
SE1845,Heracleum mantegazzianum,FALSE
SE1845,Heracleum sphondylium,FALSE
SE1845,Hippocrepis comosa,FALSE
SE1845,Hordeum vulgare,FALSE
SE1845,Hyacinthoides non,FALSE
SE1845,Hypericum forrestii,FALSE
SE1845,Hypericum perforatum,FALSE
SE1845,Hypericum pulchrum,FALSE
SE1845,Hypericum tetrapterum,FALSE
SE1845,Hypochaeris radicata,FALSE
SE1845,Ilex aquifolium,FALSE
SE1845,Impatiens glandulifera,TRUE
SE1845,Impatiens parviflora,FALSE
SE1845,Iris pseudacorus,FALSE
SE1845,Jacobaea erucifolia,FALSE
SE1845,Jacobaea vulgaris,FALSE
SE1845,Jasione montana,FALSE
SE1845,Juncus conglomeratus,FALSE
SE1845,Juncus effusus,FALSE
SE1845,Knautia arvensis,FALSE
SE1845,Lactuca serriola,FALSE
SE1845,Lamium album,FALSE
SE1845,Lamium galeobdolon,FALSE
SE1845,Lamium purpureum,FALSE
SE1845,Lapsana communis,FALSE
SE1845,Lathyrus aphaca,FALSE
SE1845,Lathyrus linifolius,FALSE
SE1845,Lathyrus pratensis,FALSE
SE1845,Leontodon hispidus,FALSE
SE1845,Leontodon saxatilis,FALSE
SE1845,Leucanthemum vulgare,FALSE
SE1845,Ligusticum scoticum,FALSE
SE1845,Limonium vulgare,FALSE
SE1845,Linaria vulgaris,FALSE
SE1845,Linum catharticum,FALSE
SE1845,Linum usitatissimum,FALSE
SE1845,Lonicera caprifolium,FALSE
SE1845,Lonicera periclymenum,FALSE
SE1845,Lotus angustissimus,FALSE
SE1845,Lotus corniculatus,TRUE
SE1845,Lotus pedunculatus,FALSE
SE1845,Lotus subbiflorus,FALSE
SE1845,Luzula campestris,FALSE
SE1845,Lysimachia nemorum,FALSE
SE1845,Lysimachia punctata,FALSE
SE1845,Lysimachia vulgaris,FALSE
SE1845,Lythrum alatum,FALSE
SE1845,Lythrum salicaria,FALSE
SE1845,Malva sylvestris,FALSE
SE1845,Matricaria chamomilla,FALSE
SE1845,Matricaria discoidea,FALSE
SE1845,Medicago lupulina,FALSE
SE1845,Melampyrum pratense,FALSE
SE1845,Mentha aquatica,FALSE
SE1845,Mentha arvensis,FALSE
SE1845,Mercurialis perennis,FALSE
SE1845,Myosotis arvensis,FALSE
SE1845,Myosotis discolor,FALSE
SE1845,Myosotis sylvatica,FALSE
SE1845,Narthecium ossifragum,FALSE
SE1845,Odontites vernus,FALSE
SE1845,Oenanthe crocata,FALSE
SE1845,Origanum vulgare,FALSE
SE1845,Ornithopus perpusillus,TRUE
SE1845,Oxalis acetosella,FALSE
SE1845,Panicum miliaceum,FALSE
SE1845,Papaver rhoeas,FALSE
SE1845,Pedicularis sylvatica,FALSE
SE1845,Persicaria amplexicaulis,FALSE
SE1845,Persicaria bistorta,FALSE
SE1845,Persicaria hydropiper,FALSE
SE1845,Persicaria lapathifolia,FALSE
SE1845,Persicaria maculosa,FALSE
SE1845,Peucedanum ostruthium,FALSE
SE1845,Picris echioides,FALSE
SE1845,Picris hieracioides,FALSE
SE1845,Pilosella officinarum,FALSE
SE1845,Pimpinella saxifraga,FALSE
SE1845,Pinguicula vulgaris,FALSE
SE1845,Plantago lanceolata,TRUE
SE1845,Plantago major,FALSE
SE1845,Plantago maritima,FALSE
SE1845,Poa annua,FALSE
SE1845,Polygala serpyllifolia,FALSE
SE1845,Polygala vulgaris,TRUE
SE1845,Polygonum aviculare,FALSE
SE1845,Potentilla anglica,FALSE
SE1845,Potentilla anserina,FALSE
SE1845,Potentilla erecta,FALSE
SE1845,Potentilla recta,FALSE
SE1845,Potentilla reptans,FALSE
SE1845,Prunella vulgaris,TRUE
SE1845,Prunus spinosa,FALSE
SE1845,Pulicaria dysenterica,FALSE
SE1845,Ranunculus acris,FALSE
SE1845,Ranunculus bulbosus,FALSE
SE1845,Ranunculus ficaria,FALSE
SE1845,Ranunculus flammula,FALSE
SE1845,Ranunculus repens,TRUE
SE1845,Ranunculus sardous,FALSE
SE1845,Raphanus raphanistrum,TRUE
SE1845,Raphanus sativus,FALSE
SE1845,Rhinanthus minor,FALSE
SE1845,Rosa arvensis,FALSE
SE1845,Rosa canina,FALSE
SE1845,Rubus caesius,FALSE
SE1845,Rubus fruticosus,FALSE
SE1845,Rubus idaeus,FALSE
SE1845,Rumex acetosa,TRUE
SE1845,Rumex acetosella,FALSE
SE1845,Rumex crispus,TRUE
SE1845,Rumex obtusifolius,FALSE
SE1845,Rumex sanguineus,FALSE
SE1845,Sagina saginoides,FALSE
SE1845,Sambucus nigra,FALSE
SE1845,Sanguisorba officinalis,FALSE
SE1845,Scorzoneroides autumnalis,FALSE
SE1845,Scrophularia auriculata,FALSE
SE1845,Scrophularia nodosa,FALSE
SE1845,Sedum anglicum,FALSE
SE1845,Senecio erucifolius,FALSE
SE1845,Senecio jacobaea,FALSE
SE1845,Senecio vulgaris,FALSE
SE1845,Sherardia arvensis,FALSE
SE1845,Silene dioica,FALSE
SE1845,Silene latifolia,FALSE
SE1845,Silybum marianum,FALSE
SE1845,Sinapis alba,FALSE
SE1845,Sinapis arvensis,FALSE
SE1845,Sisymbrium officinale,FALSE
SE1845,Solanum dulcamara,FALSE
SE1845,Solanum nigrum,FALSE
SE1845,Solanum tuberosum,FALSE
SE1845,Sonchus arvensis,FALSE
SE1845,Sonchus asper,FALSE
SE1845,Sonchus oleraceus,FALSE
SE1845,Sorbus aucuparia,FALSE
SE1845,Spergula arvensis,FALSE
SE1845,Spergularia media,FALSE
SE1845,Stachys arvensis,FALSE
SE1845,Stachys palustris,FALSE
SE1845,Stachys sylvatica,FALSE
SE1845,Stellaria alsine,FALSE
SE1845,Stellaria graminea,FALSE
SE1845,Stellaria holostea,FALSE
SE1845,Stellaria media,FALSE
SE1845,Suaeda maritima,FALSE
SE1845,Succisa pratensis,FALSE
SE1845,Symphytum officinale,FALSE
SE1845,Taraxacum agg,FALSE
SE1845,Taraxacum officinale,FALSE
SE1845,Teucrium scorodonia,FALSE
SE1845,Thlaspi arvense,FALSE
SE1845,Thymus polytrichus,FALSE
SE1845,Thymus vulgaris,FALSE
SE1845,Torilis japonica,FALSE
SE1845,Tragopogon pratensis,FALSE
SE1845,Trientalis europaea,FALSE
SE1845,Trifolium arvense,FALSE
SE1845,Trifolium campestre,FALSE
SE1845,Trifolium constantinopolitanum,FALSE
SE1845,Trifolium dubium,FALSE
SE1845,Trifolium pratense,FALSE
SE1845,Trifolium repens,TRUE
SE1845,Tripleurospermum inodorum,FALSE
SE1845,Tripleurospermum maritimum,FALSE
SE1845,Turgenia latifolia,FALSE
SE1845,Ulex europaeus,FALSE
SE1845,Ulex gallii,FALSE
SE1845,Urtica dioica,TRUE
SE1845,Vaccinium myrtillus,FALSE
SE1845,Vaccinium oxycoccos,FALSE
SE1845,Vaccinium vitis,FALSE
SE1845,Valeriana dioica,FALSE
SE1845,Valeriana officinalis,FALSE
SE1845,Verbena officinalis,FALSE
SE1845,Verbena x,FALSE
SE1845,Veronica agrestis,FALSE
SE1845,Veronica arvensis,FALSE
SE1845,Veronica beccabunga,FALSE
SE1845,Veronica chamaedrys,FALSE
SE1845,Veronica hederifolia,FALSE
SE1845,Veronica montana,FALSE
SE1845,Veronica officinalis,FALSE
SE1845,Veronica persica,FALSE
SE1845,Veronica polita,FALSE
SE1845,Veronica serpyllifolia,FALSE
SE1845,Vicia benghalensis,FALSE
SE1845,Vicia cracca,TRUE
SE1845,Vicia faba,FALSE
SE1845,Vicia hirsuta,FALSE
SE1845,Vicia lutea,FALSE
SE1845,Vicia sativa,FALSE
SE1845,Vicia sepium,FALSE
SE1845,Vicia spp,FALSE
SE1845,Vicia tetrasperma,FALSE
SE1845,Viola arvensis,FALSE
SE1845,Viola canina,FALSE
SE1845,Viola palustris,FALSE
SE1845,Viola riviniana,FALSE
SE1845,Zea mays,FALSE
SE1867,Acer pseudoplatanus,FALSE
SE1867,Achillea millefolium,FALSE
SE1867,Achillea ptarmica,FALSE
SE1867,Aegopodium podagraria,FALSE
SE1867,Aethusa cynapium,FALSE
SE1867,Ajuga reptans,FALSE
SE1867,Alliaria petiolata,FALSE
SE1867,Alnus glutinosa,FALSE
SE1867,Anagallis arvensis,FALSE
SE1867,Anchusa arvensis,FALSE
SE1867,Anemone nemorosa,FALSE
SE1867,Angelica sylvestris,FALSE
SE1867,Anthemis cotula,FALSE
SE1867,Anthriscus caucalis,FALSE
SE1867,Anthriscus sylvestris,TRUE
SE1867,Apium nodiflorum,FALSE
SE1867,Armeria maritima,FALSE
SE1867,Artemisia absinthium,FALSE
SE1867,Artemisia annua,FALSE
SE1867,Artemisia vulgaris,FALSE
SE1867,Aster tripolium,FALSE
SE1867,Atriplex patula,FALSE
SE1867,Atriplex portulacoides,FALSE
SE1867,Ballota nigra,FALSE
SE1867,Barbarea vulgaris,FALSE
SE1867,Bellis perennis,FALSE
SE1867,Berula erecta,FALSE
SE1867,Brassica napus,FALSE
SE1867,Brassica oleracea,FALSE
SE1867,Brassica rapa,FALSE
SE1867,Bryonia dioica,FALSE
SE1867,Buddleja davidii,FALSE
SE1867,Bupleurum tenuissimum,FALSE
SE1867,Calluna vulgaris,TRUE
SE1867,Caltha palustris,FALSE
SE1867,Calystegia sepium,FALSE
SE1867,Campanula rotundifolia,FALSE
SE1867,Capsella bursa,FALSE
SE1867,Cardamine flexuosa,FALSE
SE1867,Cardamine hirsuta,FALSE
SE1867,Cardamine pratensis,FALSE
SE1867,Carduus nutans,FALSE
SE1867,Carum verticillatum,FALSE
SE1867,Centaurea cyanus,FALSE
SE1867,Centaurea nigra,FALSE
SE1867,Centaurea scabiosa,FALSE
SE1867,Centaurium erythraea,FALSE
SE1867,Cerastium arvense,FALSE
SE1867,Cerastium fontanum,FALSE
SE1867,Cerastium glomeratum,FALSE
SE1867,Ceratocapnos claviculata,FALSE
SE1867,Chaerophyllum temulum,FALSE
SE1867,Chamaemelum nobile,FALSE
SE1867,Chamerion angustifolium,FALSE
SE1867,Chenopodium album,FALSE
SE1867,Chenopodium ficifolium,FALSE
SE1867,Chenopodium quinoa,FALSE
SE1867,Cichorium intybus,FALSE
SE1867,Circaea lutetiana,FALSE
SE1867,Cirsium arvense,TRUE
SE1867,Cirsium eriophorum,FALSE
SE1867,Cirsium palustre,FALSE
SE1867,Cirsium vulgare,FALSE
SE1867,Clematis vitalba,FALSE
SE1867,Clinopodium vulgare,FALSE
SE1867,Conium maculatum,FALSE
SE1867,Conopodium majus,FALSE
SE1867,Convolvulus arvensis,FALSE
SE1867,Conyza canadensis,FALSE
SE1867,Cotoneaster salicifolius,FALSE
SE1867,Crataegus monogyna,FALSE
SE1867,Crepis capillaris,FALSE
SE1867,Crepis vesicaria,FALSE
SE1867,Cruciata laevipes,FALSE
SE1867,Cytisus scoparius,FALSE
SE1867,Dactylorhiza fuchsii,FALSE
SE1867,Dactylorhiza maculata,FALSE
SE1867,Daucus carota,FALSE
SE1867,Digitalis ferruginea,FALSE
SE1867,Digitalis grandiflora,FALSE
SE1867,Digitalis purpurea,FALSE
SE1867,Dioscorea communis,FALSE
SE1867,Doronicum plantagineum,FALSE
SE1867,Drosera anglica,FALSE
SE1867,Drosera rotundifolia,FALSE
SE1867,Dryas octopetala,FALSE
SE1867,Epilobium hirsutum,FALSE
SE1867,Epilobium montanum,FALSE
SE1867,Epilobium obscurum,FALSE
SE1867,Epilobium palustre,FALSE
SE1867,Epilobium parviflorum,FALSE
SE1867,Epilobium roseum,FALSE
SE1867,Epilobium tetragonum,FALSE
SE1867,Erica cinerea,FALSE
SE1867,Erica tetralix,TRUE
SE1867,Eriophorum vaginatum,FALSE
SE1867,Eupatorium cannabinum,FALSE
SE1867,Euphorbia exigua,FALSE
SE1867,Euphorbia helioscopia,FALSE
SE1867,Euphrasia officinalis,FALSE
SE1867,Fagopyrum esculentum,FALSE
SE1867,Fallopia convolvulus,FALSE
SE1867,Filipendula ulmaria,FALSE
SE1867,Fumaria officinalis,FALSE
SE1867,Galeopsis speciosa,FALSE
SE1867,Galeopsis tetrahit,FALSE
SE1867,Galium aparine,FALSE
SE1867,Galium mollugo,FALSE
SE1867,Galium odoratum,FALSE
SE1867,Galium palustre,FALSE
SE1867,Galium saxatile,TRUE
SE1867,Galium verum,FALSE
SE1867,Genista anglica,FALSE
SE1867,Geranium dissectum,FALSE
SE1867,Geranium molle,FALSE
SE1867,Geranium nodosum,FALSE
SE1867,Geranium pratense,FALSE
SE1867,Geranium pyrenaicum,FALSE
SE1867,Geranium robertianum,FALSE
SE1867,Geum urbanum,FALSE
SE1867,Glechoma hederacea,FALSE
SE1867,Hedera helix,FALSE
SE1867,Helianthus annuus,FALSE
SE1867,Heracleum mantegazzianum,FALSE
SE1867,Heracleum sphondylium,FALSE
SE1867,Hippocrepis comosa,FALSE
SE1867,Hordeum vulgare,FALSE
SE1867,Hyacinthoides non,FALSE
SE1867,Hypericum forrestii,FALSE
SE1867,Hypericum perforatum,FALSE
SE1867,Hypericum pulchrum,FALSE
SE1867,Hypericum tetrapterum,FALSE
SE1867,Hypochaeris radicata,FALSE
SE1867,Ilex aquifolium,FALSE
SE1867,Impatiens glandulifera,FALSE
SE1867,Impatiens parviflora,FALSE
SE1867,Iris pseudacorus,FALSE
SE1867,Jacobaea erucifolia,FALSE
SE1867,Jacobaea vulgaris,FALSE
SE1867,Jasione montana,FALSE
SE1867,Juncus conglomeratus,FALSE
SE1867,Juncus effusus,FALSE
SE1867,Knautia arvensis,FALSE
SE1867,Lactuca serriola,FALSE
SE1867,Lamium album,FALSE
SE1867,Lamium galeobdolon,FALSE
SE1867,Lamium purpureum,FALSE
SE1867,Lapsana communis,FALSE
SE1867,Lathyrus aphaca,FALSE
SE1867,Lathyrus linifolius,FALSE
SE1867,Lathyrus pratensis,FALSE
SE1867,Leontodon hispidus,FALSE
SE1867,Leontodon saxatilis,FALSE
SE1867,Leucanthemum vulgare,FALSE
SE1867,Ligusticum scoticum,FALSE
SE1867,Limonium vulgare,FALSE
SE1867,Linaria vulgaris,FALSE
SE1867,Linum catharticum,FALSE
SE1867,Linum usitatissimum,FALSE
SE1867,Lonicera caprifolium,FALSE
SE1867,Lonicera periclymenum,FALSE
SE1867,Lotus angustissimus,FALSE
SE1867,Lotus corniculatus,FALSE
SE1867,Lotus pedunculatus,FALSE
SE1867,Lotus subbiflorus,FALSE
SE1867,Luzula campestris,FALSE
SE1867,Lysimachia nemorum,FALSE
SE1867,Lysimachia punctata,FALSE
SE1867,Lysimachia vulgaris,FALSE
SE1867,Lythrum alatum,FALSE
SE1867,Lythrum salicaria,FALSE
SE1867,Malva sylvestris,FALSE
SE1867,Matricaria chamomilla,FALSE
SE1867,Matricaria discoidea,FALSE
SE1867,Medicago lupulina,FALSE
SE1867,Melampyrum pratense,FALSE
SE1867,Mentha aquatica,FALSE
SE1867,Mentha arvensis,FALSE
SE1867,Mercurialis perennis,FALSE
SE1867,Myosotis arvensis,FALSE
SE1867,Myosotis discolor,FALSE
SE1867,Myosotis sylvatica,FALSE
SE1867,Narthecium ossifragum,FALSE
SE1867,Odontites vernus,FALSE
SE1867,Oenanthe crocata,FALSE
SE1867,Origanum vulgare,FALSE
SE1867,Ornithopus perpusillus,FALSE
SE1867,Oxalis acetosella,FALSE
SE1867,Panicum miliaceum,FALSE
SE1867,Papaver rhoeas,FALSE
SE1867,Pedicularis sylvatica,FALSE
SE1867,Persicaria amplexicaulis,FALSE
SE1867,Persicaria bistorta,FALSE
SE1867,Persicaria hydropiper,FALSE
SE1867,Persicaria lapathifolia,FALSE
SE1867,Persicaria maculosa,FALSE
SE1867,Peucedanum ostruthium,FALSE
SE1867,Picris echioides,FALSE
SE1867,Picris hieracioides,FALSE
SE1867,Pilosella officinarum,FALSE
SE1867,Pimpinella saxifraga,FALSE
SE1867,Pinguicula vulgaris,FALSE
SE1867,Plantago lanceolata,FALSE
SE1867,Plantago major,FALSE
SE1867,Plantago maritima,FALSE
SE1867,Poa annua,FALSE
SE1867,Polygala serpyllifolia,FALSE
SE1867,Polygala vulgaris,FALSE
SE1867,Polygonum aviculare,FALSE
SE1867,Potentilla anglica,FALSE
SE1867,Potentilla anserina,FALSE
SE1867,Potentilla erecta,FALSE
SE1867,Potentilla recta,FALSE
SE1867,Potentilla reptans,FALSE
SE1867,Prunella vulgaris,FALSE
SE1867,Prunus spinosa,FALSE
SE1867,Pulicaria dysenterica,FALSE
SE1867,Ranunculus acris,FALSE
SE1867,Ranunculus bulbosus,FALSE
SE1867,Ranunculus ficaria,FALSE
SE1867,Ranunculus flammula,FALSE
SE1867,Ranunculus repens,FALSE
SE1867,Ranunculus sardous,FALSE
SE1867,Raphanus raphanistrum,FALSE
SE1867,Raphanus sativus,FALSE
SE1867,Rhinanthus minor,FALSE
SE1867,Rosa arvensis,FALSE
SE1867,Rosa canina,FALSE
SE1867,Rubus caesius,FALSE
SE1867,Rubus fruticosus,FALSE
SE1867,Rubus idaeus,FALSE
SE1867,Rumex acetosa,TRUE
SE1867,Rumex acetosella,TRUE
SE1867,Rumex crispus,FALSE
SE1867,Rumex obtusifolius,FALSE
SE1867,Rumex sanguineus,FALSE
SE1867,Sagina saginoides,FALSE
SE1867,Sambucus nigra,FALSE
SE1867,Sanguisorba officinalis,FALSE
SE1867,Scorzoneroides autumnalis,FALSE
SE1867,Scrophularia auriculata,FALSE
SE1867,Scrophularia nodosa,FALSE
SE1867,Sedum anglicum,FALSE
SE1867,Senecio erucifolius,FALSE
SE1867,Senecio jacobaea,FALSE
SE1867,Senecio vulgaris,FALSE
SE1867,Sherardia arvensis,FALSE
SE1867,Silene dioica,FALSE
SE1867,Silene latifolia,FALSE
SE1867,Silybum marianum,FALSE
SE1867,Sinapis alba,FALSE
SE1867,Sinapis arvensis,FALSE
SE1867,Sisymbrium officinale,FALSE
SE1867,Solanum dulcamara,FALSE
SE1867,Solanum nigrum,FALSE
SE1867,Solanum tuberosum,FALSE
SE1867,Sonchus arvensis,FALSE
SE1867,Sonchus asper,FALSE
SE1867,Sonchus oleraceus,FALSE
SE1867,Sorbus aucuparia,FALSE
SE1867,Spergula arvensis,FALSE
SE1867,Spergularia media,FALSE
SE1867,Stachys arvensis,FALSE
SE1867,Stachys palustris,FALSE
SE1867,Stachys sylvatica,FALSE
SE1867,Stellaria alsine,FALSE
SE1867,Stellaria graminea,FALSE
SE1867,Stellaria holostea,FALSE
SE1867,Stellaria media,FALSE
SE1867,Suaeda maritima,FALSE
SE1867,Succisa pratensis,FALSE
SE1867,Symphytum officinale,FALSE
SE1867,Taraxacum agg,FALSE
SE1867,Taraxacum officinale,FALSE
SE1867,Teucrium scorodonia,FALSE
SE1867,Thlaspi arvense,FALSE
SE1867,Thymus polytrichus,FALSE
SE1867,Thymus vulgaris,FALSE
SE1867,Torilis japonica,FALSE
SE1867,Tragopogon pratensis,FALSE
SE1867,Trientalis europaea,FALSE
SE1867,Trifolium arvense,FALSE
SE1867,Trifolium campestre,FALSE
SE1867,Trifolium constantinopolitanum,FALSE
SE1867,Trifolium dubium,FALSE
SE1867,Trifolium pratense,FALSE
SE1867,Trifolium repens,FALSE
SE1867,Tripleurospermum inodorum,FALSE
SE1867,Tripleurospermum maritimum,FALSE
SE1867,Turgenia latifolia,FALSE
SE1867,Ulex europaeus,FALSE
SE1867,Ulex gallii,FALSE
SE1867,Urtica dioica,FALSE
SE1867,Vaccinium myrtillus,TRUE
SE1867,Vaccinium oxycoccos,FALSE
SE1867,Vaccinium vitis,FALSE
SE1867,Valeriana dioica,FALSE
SE1867,Valeriana officinalis,FALSE
SE1867,Verbena officinalis,FALSE
SE1867,Verbena x,FALSE
SE1867,Veronica agrestis,FALSE
SE1867,Veronica arvensis,FALSE
SE1867,Veronica beccabunga,FALSE
SE1867,Veronica chamaedrys,FALSE
SE1867,Veronica hederifolia,FALSE
SE1867,Veronica montana,FALSE
SE1867,Veronica officinalis,FALSE
SE1867,Veronica persica,FALSE
SE1867,Veronica polita,FALSE
SE1867,Veronica serpyllifolia,FALSE
SE1867,Vicia benghalensis,FALSE
SE1867,Vicia cracca,FALSE
SE1867,Vicia faba,FALSE
SE1867,Vicia hirsuta,FALSE
SE1867,Vicia lutea,FALSE
SE1867,Vicia sativa,FALSE
SE1867,Vicia sepium,FALSE
SE1867,Vicia spp,FALSE
SE1867,Vicia tetrasperma,FALSE
SE1867,Viola arvensis,FALSE
SE1867,Viola canina,FALSE
SE1867,Viola palustris,FALSE
SE1867,Viola riviniana,FALSE
SE1867,Zea mays,FALSE
SE9023,Acer pseudoplatanus,FALSE
SE9023,Achillea millefolium,FALSE
SE9023,Achillea ptarmica,FALSE
SE9023,Aegopodium podagraria,FALSE
SE9023,Aethusa cynapium,TRUE
SE9023,Ajuga reptans,FALSE
SE9023,Alliaria petiolata,TRUE
SE9023,Alnus glutinosa,FALSE
SE9023,Anagallis arvensis,FALSE
SE9023,Anchusa arvensis,TRUE
SE9023,Anemone nemorosa,FALSE
SE9023,Angelica sylvestris,FALSE
SE9023,Anthemis cotula,FALSE
SE9023,Anthriscus caucalis,FALSE
SE9023,Anthriscus sylvestris,TRUE
SE9023,Apium nodiflorum,FALSE
SE9023,Armeria maritima,FALSE
SE9023,Artemisia absinthium,FALSE
SE9023,Artemisia annua,FALSE
SE9023,Artemisia vulgaris,TRUE
SE9023,Aster tripolium,FALSE
SE9023,Atriplex patula,FALSE
SE9023,Atriplex portulacoides,FALSE
SE9023,Ballota nigra,TRUE
SE9023,Barbarea vulgaris,FALSE
SE9023,Bellis perennis,FALSE
SE9023,Berula erecta,FALSE
SE9023,Brassica napus,FALSE
SE9023,Brassica oleracea,FALSE
SE9023,Brassica rapa,FALSE
SE9023,Bryonia dioica,FALSE
SE9023,Buddleja davidii,FALSE
SE9023,Bupleurum tenuissimum,FALSE
SE9023,Calluna vulgaris,FALSE
SE9023,Caltha palustris,FALSE
SE9023,Calystegia sepium,TRUE
SE9023,Campanula rotundifolia,FALSE
SE9023,Capsella bursa,FALSE
SE9023,Cardamine flexuosa,FALSE
SE9023,Cardamine hirsuta,FALSE
SE9023,Cardamine pratensis,FALSE
SE9023,Carduus nutans,FALSE
SE9023,Carum verticillatum,FALSE
SE9023,Centaurea cyanus,FALSE
SE9023,Centaurea nigra,FALSE
SE9023,Centaurea scabiosa,FALSE
SE9023,Centaurium erythraea,FALSE
SE9023,Cerastium arvense,FALSE
SE9023,Cerastium fontanum,FALSE
SE9023,Cerastium glomeratum,FALSE
SE9023,Ceratocapnos claviculata,FALSE
SE9023,Chaerophyllum temulum,FALSE
SE9023,Chamaemelum nobile,FALSE
SE9023,Chamerion angustifolium,FALSE
SE9023,Chenopodium album,FALSE
SE9023,Chenopodium ficifolium,FALSE
SE9023,Chenopodium quinoa,FALSE
SE9023,Cichorium intybus,TRUE
SE9023,Circaea lutetiana,FALSE
SE9023,Cirsium arvense,TRUE
SE9023,Cirsium eriophorum,FALSE
SE9023,Cirsium palustre,FALSE
SE9023,Cirsium vulgare,TRUE
SE9023,Clematis vitalba,FALSE
SE9023,Clinopodium vulgare,FALSE
SE9023,Conium maculatum,FALSE
SE9023,Conopodium majus,FALSE
SE9023,Convolvulus arvensis,TRUE
SE9023,Conyza canadensis,TRUE
SE9023,Cotoneaster salicifolius,FALSE
SE9023,Crataegus monogyna,FALSE
SE9023,Crepis capillaris,FALSE
SE9023,Crepis vesicaria,FALSE
SE9023,Cruciata laevipes,FALSE
SE9023,Cytisus scoparius,FALSE
SE9023,Dactylorhiza fuchsii,FALSE
SE9023,Dactylorhiza maculata,FALSE
SE9023,Daucus carota,FALSE
SE9023,Digitalis ferruginea,FALSE
SE9023,Digitalis grandiflora,FALSE
SE9023,Digitalis purpurea,FALSE
SE9023,Dioscorea communis,FALSE
SE9023,Doronicum plantagineum,FALSE
SE9023,Drosera anglica,FALSE
SE9023,Drosera rotundifolia,FALSE
SE9023,Dryas octopetala,FALSE
SE9023,Epilobium hirsutum,TRUE
SE9023,Epilobium montanum,FALSE
SE9023,Epilobium obscurum,FALSE
SE9023,Epilobium palustre,FALSE
SE9023,Epilobium parviflorum,FALSE
SE9023,Epilobium roseum,FALSE
SE9023,Epilobium tetragonum,FALSE
SE9023,Erica cinerea,FALSE
SE9023,Erica tetralix,FALSE
SE9023,Eriophorum vaginatum,FALSE
SE9023,Eupatorium cannabinum,FALSE
SE9023,Euphorbia exigua,FALSE
SE9023,Euphorbia helioscopia,FALSE
SE9023,Euphrasia officinalis,FALSE
SE9023,Fagopyrum esculentum,FALSE
SE9023,Fallopia convolvulus,FALSE
SE9023,Filipendula ulmaria,FALSE
SE9023,Fumaria officinalis,FALSE
SE9023,Galeopsis speciosa,FALSE
SE9023,Galeopsis tetrahit,FALSE
SE9023,Galium aparine,TRUE
SE9023,Galium mollugo,FALSE
SE9023,Galium odoratum,FALSE
SE9023,Galium palustre,FALSE
SE9023,Galium saxatile,FALSE
SE9023,Galium verum,FALSE
SE9023,Genista anglica,FALSE
SE9023,Geranium dissectum,FALSE
SE9023,Geranium molle,FALSE
SE9023,Geranium nodosum,FALSE
SE9023,Geranium pratense,FALSE
SE9023,Geranium pyrenaicum,FALSE
SE9023,Geranium robertianum,TRUE
SE9023,Geum urbanum,FALSE
SE9023,Glechoma hederacea,FALSE
SE9023,Hedera helix,FALSE
SE9023,Helianthus annuus,FALSE
SE9023,Heracleum mantegazzianum,FALSE
SE9023,Heracleum sphondylium,FALSE
SE9023,Hippocrepis comosa,FALSE
SE9023,Hordeum vulgare,FALSE
SE9023,Hyacinthoides non,FALSE
SE9023,Hypericum forrestii,FALSE
SE9023,Hypericum perforatum,FALSE
SE9023,Hypericum pulchrum,FALSE
SE9023,Hypericum tetrapterum,FALSE
SE9023,Hypochaeris radicata,FALSE
SE9023,Ilex aquifolium,FALSE
SE9023,Impatiens glandulifera,FALSE
SE9023,Impatiens parviflora,FALSE
SE9023,Iris pseudacorus,FALSE
SE9023,Jacobaea erucifolia,FALSE
SE9023,Jacobaea vulgaris,FALSE
SE9023,Jasione montana,FALSE
SE9023,Juncus conglomeratus,FALSE
SE9023,Juncus effusus,FALSE
SE9023,Knautia arvensis,FALSE
SE9023,Lactuca serriola,FALSE
SE9023,Lamium album,TRUE
SE9023,Lamium galeobdolon,FALSE
SE9023,Lamium purpureum,FALSE
SE9023,Lapsana communis,TRUE
SE9023,Lathyrus aphaca,FALSE
SE9023,Lathyrus linifolius,FALSE
SE9023,Lathyrus pratensis,FALSE
SE9023,Leontodon hispidus,FALSE
SE9023,Leontodon saxatilis,FALSE
SE9023,Leucanthemum vulgare,FALSE
SE9023,Ligusticum scoticum,FALSE
SE9023,Limonium vulgare,FALSE
SE9023,Linaria vulgaris,FALSE
SE9023,Linum catharticum,FALSE
SE9023,Linum usitatissimum,FALSE
SE9023,Lonicera caprifolium,FALSE
SE9023,Lonicera periclymenum,FALSE
SE9023,Lotus angustissimus,FALSE
SE9023,Lotus corniculatus,FALSE
SE9023,Lotus pedunculatus,FALSE
SE9023,Lotus subbiflorus,FALSE
SE9023,Luzula campestris,FALSE
SE9023,Lysimachia nemorum,FALSE
SE9023,Lysimachia punctata,FALSE
SE9023,Lysimachia vulgaris,FALSE
SE9023,Lythrum alatum,FALSE
SE9023,Lythrum salicaria,FALSE
SE9023,Malva sylvestris,FALSE
SE9023,Matricaria chamomilla,FALSE
SE9023,Matricaria discoidea,FALSE
SE9023,Medicago lupulina,FALSE
SE9023,Melampyrum pratense,FALSE
SE9023,Mentha aquatica,FALSE
SE9023,Mentha arvensis,FALSE
SE9023,Mercurialis perennis,FALSE
SE9023,Myosotis arvensis,FALSE
SE9023,Myosotis discolor,FALSE
SE9023,Myosotis sylvatica,FALSE
SE9023,Narthecium ossifragum,FALSE
SE9023,Odontites vernus,FALSE
SE9023,Oenanthe crocata,FALSE
SE9023,Origanum vulgare,FALSE
SE9023,Ornithopus perpusillus,FALSE
SE9023,Oxalis acetosella,FALSE
SE9023,Panicum miliaceum,FALSE
SE9023,Papaver rhoeas,TRUE
SE9023,Pedicularis sylvatica,FALSE
SE9023,Persicaria amplexicaulis,FALSE
SE9023,Persicaria bistorta,FALSE
SE9023,Persicaria hydropiper,FALSE
SE9023,Persicaria lapathifolia,FALSE
SE9023,Persicaria maculosa,FALSE
SE9023,Peucedanum ostruthium,FALSE
SE9023,Picris echioides,FALSE
SE9023,Picris hieracioides,FALSE
SE9023,Pilosella officinarum,FALSE
SE9023,Pimpinella saxifraga,FALSE
SE9023,Pinguicula vulgaris,FALSE
SE9023,Plantago lanceolata,FALSE
SE9023,Plantago major,FALSE
SE9023,Plantago maritima,FALSE
SE9023,Poa annua,FALSE
SE9023,Polygala serpyllifolia,FALSE
SE9023,Polygala vulgaris,FALSE
SE9023,Polygonum aviculare,FALSE
SE9023,Potentilla anglica,FALSE
SE9023,Potentilla anserina,FALSE
SE9023,Potentilla erecta,FALSE
SE9023,Potentilla recta,FALSE
SE9023,Potentilla reptans,FALSE
SE9023,Prunella vulgaris,FALSE
SE9023,Prunus spinosa,FALSE
SE9023,Pulicaria dysenterica,FALSE
SE9023,Ranunculus acris,FALSE
SE9023,Ranunculus bulbosus,FALSE
SE9023,Ranunculus ficaria,FALSE
SE9023,Ranunculus flammula,FALSE
SE9023,Ranunculus repens,FALSE
SE9023,Ranunculus sardous,FALSE
SE9023,Raphanus raphanistrum,FALSE
SE9023,Raphanus sativus,FALSE
SE9023,Rhinanthus minor,FALSE
SE9023,Rosa arvensis,FALSE
SE9023,Rosa canina,FALSE
SE9023,Rubus caesius,FALSE
SE9023,Rubus fruticosus,FALSE
SE9023,Rubus idaeus,FALSE
SE9023,Rumex acetosa,FALSE
SE9023,Rumex acetosella,FALSE
SE9023,Rumex crispus,FALSE
SE9023,Rumex obtusifolius,FALSE
SE9023,Rumex sanguineus,FALSE
SE9023,Sagina saginoides,FALSE
SE9023,Sambucus nigra,FALSE
SE9023,Sanguisorba officinalis,FALSE
SE9023,Scorzoneroides autumnalis,FALSE
SE9023,Scrophularia auriculata,FALSE
SE9023,Scrophularia nodosa,FALSE
SE9023,Sedum anglicum,FALSE
SE9023,Senecio erucifolius,FALSE
SE9023,Senecio jacobaea,FALSE
SE9023,Senecio vulgaris,TRUE
SE9023,Sherardia arvensis,FALSE
SE9023,Silene dioica,FALSE
SE9023,Silene latifolia,TRUE
SE9023,Silybum marianum,FALSE
SE9023,Sinapis alba,FALSE
SE9023,Sinapis arvensis,FALSE
SE9023,Sisymbrium officinale,TRUE
SE9023,Solanum dulcamara,FALSE
SE9023,Solanum nigrum,FALSE
SE9023,Solanum tuberosum,TRUE
SE9023,Sonchus arvensis,FALSE
SE9023,Sonchus asper,FALSE
SE9023,Sonchus oleraceus,FALSE
SE9023,Sorbus aucuparia,FALSE
SE9023,Spergula arvensis,FALSE
SE9023,Spergularia media,FALSE
SE9023,Stachys arvensis,FALSE
SE9023,Stachys palustris,FALSE
SE9023,Stachys sylvatica,FALSE
SE9023,Stellaria alsine,FALSE
SE9023,Stellaria graminea,FALSE
SE9023,Stellaria holostea,FALSE
SE9023,Stellaria media,TRUE
SE9023,Suaeda maritima,FALSE
SE9023,Succisa pratensis,FALSE
SE9023,Symphytum officinale,FALSE
SE9023,Taraxacum agg,FALSE
SE9023,Taraxacum officinale,TRUE
SE9023,Teucrium scorodonia,FALSE
SE9023,Thlaspi arvense,FALSE
SE9023,Thymus polytrichus,FALSE
SE9023,Thymus vulgaris,FALSE
SE9023,Torilis japonica,FALSE
SE9023,Tragopogon pratensis,FALSE
SE9023,Trientalis europaea,FALSE
SE9023,Trifolium arvense,FALSE
SE9023,Trifolium campestre,FALSE
SE9023,Trifolium constantinopolitanum,FALSE
SE9023,Trifolium dubium,FALSE
SE9023,Trifolium pratense,FALSE
SE9023,Trifolium repens,FALSE
SE9023,Tripleurospermum inodorum,FALSE
SE9023,Tripleurospermum maritimum,FALSE
SE9023,Turgenia latifolia,FALSE
SE9023,Ulex europaeus,FALSE
SE9023,Ulex gallii,FALSE
SE9023,Urtica dioica,TRUE
SE9023,Vaccinium myrtillus,FALSE
SE9023,Vaccinium oxycoccos,FALSE
SE9023,Vaccinium vitis,FALSE
SE9023,Valeriana dioica,FALSE
SE9023,Valeriana officinalis,FALSE
SE9023,Verbena officinalis,FALSE
SE9023,Verbena x,FALSE
SE9023,Veronica agrestis,FALSE
SE9023,Veronica arvensis,FALSE
SE9023,Veronica beccabunga,FALSE
SE9023,Veronica chamaedrys,FALSE
SE9023,Veronica hederifolia,FALSE
SE9023,Veronica montana,FALSE
SE9023,Veronica officinalis,FALSE
SE9023,Veronica persica,TRUE
SE9023,Veronica polita,FALSE
SE9023,Veronica serpyllifolia,FALSE
SE9023,Vicia benghalensis,FALSE
SE9023,Vicia cracca,FALSE
SE9023,Vicia faba,FALSE
SE9023,Vicia hirsuta,FALSE
SE9023,Vicia lutea,FALSE
SE9023,Vicia sativa,FALSE
SE9023,Vicia sepium,FALSE
SE9023,Vicia spp,FALSE
SE9023,Vicia tetrasperma,FALSE
SE9023,Viola arvensis,TRUE
SE9023,Viola canina,FALSE
SE9023,Viola palustris,FALSE
SE9023,Viola riviniana,FALSE
SE9023,Zea mays,FALSE
SH4072,Acer pseudoplatanus,FALSE
SH4072,Achillea millefolium,TRUE
SH4072,Achillea ptarmica,FALSE
SH4072,Aegopodium podagraria,FALSE
SH4072,Aethusa cynapium,FALSE
SH4072,Ajuga reptans,FALSE
SH4072,Alliaria petiolata,FALSE
SH4072,Alnus glutinosa,FALSE
SH4072,Anagallis arvensis,FALSE
SH4072,Anchusa arvensis,FALSE
SH4072,Anemone nemorosa,FALSE
SH4072,Angelica sylvestris,FALSE
SH4072,Anthemis cotula,FALSE
SH4072,Anthriscus caucalis,FALSE
SH4072,Anthriscus sylvestris,TRUE
SH4072,Apium nodiflorum,TRUE
SH4072,Armeria maritima,FALSE
SH4072,Artemisia absinthium,FALSE
SH4072,Artemisia annua,FALSE
SH4072,Artemisia vulgaris,FALSE
SH4072,Aster tripolium,FALSE
SH4072,Atriplex patula,FALSE
SH4072,Atriplex portulacoides,FALSE
SH4072,Ballota nigra,FALSE
SH4072,Barbarea vulgaris,FALSE
SH4072,Bellis perennis,TRUE
SH4072,Berula erecta,FALSE
SH4072,Brassica napus,FALSE
SH4072,Brassica oleracea,FALSE
SH4072,Brassica rapa,FALSE
SH4072,Bryonia dioica,FALSE
SH4072,Buddleja davidii,FALSE
SH4072,Bupleurum tenuissimum,FALSE
SH4072,Calluna vulgaris,FALSE
SH4072,Caltha palustris,TRUE
SH4072,Calystegia sepium,FALSE
SH4072,Campanula rotundifolia,FALSE
SH4072,Capsella bursa,FALSE
SH4072,Cardamine flexuosa,TRUE
SH4072,Cardamine hirsuta,FALSE
SH4072,Cardamine pratensis,TRUE
SH4072,Carduus nutans,FALSE
SH4072,Carum verticillatum,FALSE
SH4072,Centaurea cyanus,FALSE
SH4072,Centaurea nigra,FALSE
SH4072,Centaurea scabiosa,FALSE
SH4072,Centaurium erythraea,FALSE
SH4072,Cerastium arvense,FALSE
SH4072,Cerastium fontanum,TRUE
SH4072,Cerastium glomeratum,FALSE
SH4072,Ceratocapnos claviculata,FALSE
SH4072,Chaerophyllum temulum,FALSE
SH4072,Chamaemelum nobile,FALSE
SH4072,Chamerion angustifolium,TRUE
SH4072,Chenopodium album,FALSE
SH4072,Chenopodium ficifolium,FALSE
SH4072,Chenopodium quinoa,FALSE
SH4072,Cichorium intybus,FALSE
SH4072,Circaea lutetiana,FALSE
SH4072,Cirsium arvense,TRUE
SH4072,Cirsium eriophorum,FALSE
SH4072,Cirsium palustre,TRUE
SH4072,Cirsium vulgare,FALSE
SH4072,Clematis vitalba,FALSE
SH4072,Clinopodium vulgare,FALSE
SH4072,Conium maculatum,FALSE
SH4072,Conopodium majus,FALSE
SH4072,Convolvulus arvensis,FALSE
SH4072,Conyza canadensis,FALSE
SH4072,Cotoneaster salicifolius,FALSE
SH4072,Crataegus monogyna,TRUE
SH4072,Crepis capillaris,FALSE
SH4072,Crepis vesicaria,FALSE
SH4072,Cruciata laevipes,FALSE
SH4072,Cytisus scoparius,FALSE
SH4072,Dactylorhiza fuchsii,FALSE
SH4072,Dactylorhiza maculata,FALSE
SH4072,Daucus carota,FALSE
SH4072,Digitalis ferruginea,FALSE
SH4072,Digitalis grandiflora,FALSE
SH4072,Digitalis purpurea,TRUE
SH4072,Dioscorea communis,FALSE
SH4072,Doronicum plantagineum,FALSE
SH4072,Drosera anglica,FALSE
SH4072,Drosera rotundifolia,FALSE
SH4072,Dryas octopetala,FALSE
SH4072,Epilobium hirsutum,TRUE
SH4072,Epilobium montanum,FALSE
SH4072,Epilobium obscurum,FALSE
SH4072,Epilobium palustre,FALSE
SH4072,Epilobium parviflorum,FALSE
SH4072,Epilobium roseum,FALSE
SH4072,Epilobium tetragonum,FALSE
SH4072,Erica cinerea,FALSE
SH4072,Erica tetralix,FALSE
SH4072,Eriophorum vaginatum,FALSE
SH4072,Eupatorium cannabinum,FALSE
SH4072,Euphorbia exigua,FALSE
SH4072,Euphorbia helioscopia,FALSE
SH4072,Euphrasia officinalis,FALSE
SH4072,Fagopyrum esculentum,FALSE
SH4072,Fallopia convolvulus,FALSE
SH4072,Filipendula ulmaria,TRUE
SH4072,Fumaria officinalis,FALSE
SH4072,Galeopsis speciosa,FALSE
SH4072,Galeopsis tetrahit,FALSE
SH4072,Galium aparine,TRUE
SH4072,Galium mollugo,FALSE
SH4072,Galium odoratum,FALSE
SH4072,Galium palustre,TRUE
SH4072,Galium saxatile,FALSE
SH4072,Galium verum,FALSE
SH4072,Genista anglica,FALSE
SH4072,Geranium dissectum,FALSE
SH4072,Geranium molle,FALSE
SH4072,Geranium nodosum,FALSE
SH4072,Geranium pratense,FALSE
SH4072,Geranium pyrenaicum,FALSE
SH4072,Geranium robertianum,TRUE
SH4072,Geum urbanum,FALSE
SH4072,Glechoma hederacea,FALSE
SH4072,Hedera helix,FALSE
SH4072,Helianthus annuus,FALSE
SH4072,Heracleum mantegazzianum,FALSE
SH4072,Heracleum sphondylium,TRUE
SH4072,Hippocrepis comosa,FALSE
SH4072,Hordeum vulgare,FALSE
SH4072,Hyacinthoides non,TRUE
SH4072,Hypericum forrestii,FALSE
SH4072,Hypericum perforatum,FALSE
SH4072,Hypericum pulchrum,FALSE
SH4072,Hypericum tetrapterum,FALSE
SH4072,Hypochaeris radicata,TRUE
SH4072,Ilex aquifolium,FALSE
SH4072,Impatiens glandulifera,TRUE
SH4072,Impatiens parviflora,FALSE
SH4072,Iris pseudacorus,FALSE
SH4072,Jacobaea erucifolia,FALSE
SH4072,Jacobaea vulgaris,TRUE
SH4072,Jasione montana,FALSE
SH4072,Juncus conglomeratus,FALSE
SH4072,Juncus effusus,FALSE
SH4072,Knautia arvensis,FALSE
SH4072,Lactuca serriola,FALSE
SH4072,Lamium album,FALSE
SH4072,Lamium galeobdolon,FALSE
SH4072,Lamium purpureum,FALSE
SH4072,Lapsana communis,FALSE
SH4072,Lathyrus aphaca,FALSE
SH4072,Lathyrus linifolius,FALSE
SH4072,Lathyrus pratensis,FALSE
SH4072,Leontodon hispidus,FALSE
SH4072,Leontodon saxatilis,FALSE
SH4072,Leucanthemum vulgare,FALSE
SH4072,Ligusticum scoticum,FALSE
SH4072,Limonium vulgare,FALSE
SH4072,Linaria vulgaris,FALSE
SH4072,Linum catharticum,FALSE
SH4072,Linum usitatissimum,FALSE
SH4072,Lonicera caprifolium,FALSE
SH4072,Lonicera periclymenum,FALSE
SH4072,Lotus angustissimus,FALSE
SH4072,Lotus corniculatus,TRUE
SH4072,Lotus pedunculatus,TRUE
SH4072,Lotus subbiflorus,FALSE
SH4072,Luzula campestris,FALSE
SH4072,Lysimachia nemorum,FALSE
SH4072,Lysimachia punctata,FALSE
SH4072,Lysimachia vulgaris,FALSE
SH4072,Lythrum alatum,FALSE
SH4072,Lythrum salicaria,FALSE
SH4072,Malva sylvestris,FALSE
SH4072,Matricaria chamomilla,FALSE
SH4072,Matricaria discoidea,FALSE
SH4072,Medicago lupulina,FALSE
SH4072,Melampyrum pratense,FALSE
SH4072,Mentha aquatica,TRUE
SH4072,Mentha arvensis,FALSE
SH4072,Mercurialis perennis,FALSE
SH4072,Myosotis arvensis,FALSE
SH4072,Myosotis discolor,FALSE
SH4072,Myosotis sylvatica,FALSE
SH4072,Narthecium ossifragum,FALSE
SH4072,Odontites vernus,FALSE
SH4072,Oenanthe crocata,TRUE
SH4072,Origanum vulgare,FALSE
SH4072,Ornithopus perpusillus,FALSE
SH4072,Oxalis acetosella,FALSE
SH4072,Panicum miliaceum,FALSE
SH4072,Papaver rhoeas,FALSE
SH4072,Pedicularis sylvatica,FALSE
SH4072,Persicaria amplexicaulis,FALSE
SH4072,Persicaria bistorta,FALSE
SH4072,Persicaria hydropiper,FALSE
SH4072,Persicaria lapathifolia,FALSE
SH4072,Persicaria maculosa,FALSE
SH4072,Peucedanum ostruthium,FALSE
SH4072,Picris echioides,FALSE
SH4072,Picris hieracioides,FALSE
SH4072,Pilosella officinarum,FALSE
SH4072,Pimpinella saxifraga,FALSE
SH4072,Pinguicula vulgaris,FALSE
SH4072,Plantago lanceolata,FALSE
SH4072,Plantago major,FALSE
SH4072,Plantago maritima,FALSE
SH4072,Poa annua,FALSE
SH4072,Polygala serpyllifolia,FALSE
SH4072,Polygala vulgaris,FALSE
SH4072,Polygonum aviculare,FALSE
SH4072,Potentilla anglica,FALSE
SH4072,Potentilla anserina,TRUE
SH4072,Potentilla erecta,FALSE
SH4072,Potentilla recta,FALSE
SH4072,Potentilla reptans,FALSE
SH4072,Prunella vulgaris,TRUE
SH4072,Prunus spinosa,FALSE
SH4072,Pulicaria dysenterica,FALSE
SH4072,Ranunculus acris,TRUE
SH4072,Ranunculus bulbosus,FALSE
SH4072,Ranunculus ficaria,FALSE
SH4072,Ranunculus flammula,FALSE
SH4072,Ranunculus repens,TRUE
SH4072,Ranunculus sardous,FALSE
SH4072,Raphanus raphanistrum,FALSE
SH4072,Raphanus sativus,FALSE
SH4072,Rhinanthus minor,FALSE
SH4072,Rosa arvensis,FALSE
SH4072,Rosa canina,FALSE
SH4072,Rubus caesius,FALSE
SH4072,Rubus fruticosus,TRUE
SH4072,Rubus idaeus,FALSE
SH4072,Rumex acetosa,TRUE
SH4072,Rumex acetosella,FALSE
SH4072,Rumex crispus,FALSE
SH4072,Rumex obtusifolius,TRUE
SH4072,Rumex sanguineus,FALSE
SH4072,Sagina saginoides,FALSE
SH4072,Sambucus nigra,FALSE
SH4072,Sanguisorba officinalis,FALSE
SH4072,Scorzoneroides autumnalis,FALSE
SH4072,Scrophularia auriculata,FALSE
SH4072,Scrophularia nodosa,FALSE
SH4072,Sedum anglicum,FALSE
SH4072,Senecio erucifolius,FALSE
SH4072,Senecio jacobaea,FALSE
SH4072,Senecio vulgaris,FALSE
SH4072,Sherardia arvensis,FALSE
SH4072,Silene dioica,TRUE
SH4072,Silene latifolia,FALSE
SH4072,Silybum marianum,FALSE
SH4072,Sinapis alba,FALSE
SH4072,Sinapis arvensis,FALSE
SH4072,Sisymbrium officinale,FALSE
SH4072,Solanum dulcamara,TRUE
SH4072,Solanum nigrum,FALSE
SH4072,Solanum tuberosum,FALSE
SH4072,Sonchus arvensis,FALSE
SH4072,Sonchus asper,FALSE
SH4072,Sonchus oleraceus,FALSE
SH4072,Sorbus aucuparia,FALSE
SH4072,Spergula arvensis,FALSE
SH4072,Spergularia media,FALSE
SH4072,Stachys arvensis,FALSE
SH4072,Stachys palustris,FALSE
SH4072,Stachys sylvatica,FALSE
SH4072,Stellaria alsine,FALSE
SH4072,Stellaria graminea,TRUE
SH4072,Stellaria holostea,FALSE
SH4072,Stellaria media,FALSE
SH4072,Suaeda maritima,FALSE
SH4072,Succisa pratensis,FALSE
SH4072,Symphytum officinale,FALSE
SH4072,Taraxacum agg,FALSE
SH4072,Taraxacum officinale,FALSE
SH4072,Teucrium scorodonia,FALSE
SH4072,Thlaspi arvense,FALSE
SH4072,Thymus polytrichus,FALSE
SH4072,Thymus vulgaris,FALSE
SH4072,Torilis japonica,FALSE
SH4072,Tragopogon pratensis,FALSE
SH4072,Trientalis europaea,FALSE
SH4072,Trifolium arvense,FALSE
SH4072,Trifolium campestre,FALSE
SH4072,Trifolium constantinopolitanum,FALSE
SH4072,Trifolium dubium,FALSE
SH4072,Trifolium pratense,FALSE
SH4072,Trifolium repens,TRUE
SH4072,Tripleurospermum inodorum,FALSE
SH4072,Tripleurospermum maritimum,FALSE
SH4072,Turgenia latifolia,FALSE
SH4072,Ulex europaeus,TRUE
SH4072,Ulex gallii,FALSE
SH4072,Urtica dioica,TRUE
SH4072,Vaccinium myrtillus,FALSE
SH4072,Vaccinium oxycoccos,FALSE
SH4072,Vaccinium vitis,FALSE
SH4072,Valeriana dioica,FALSE
SH4072,Valeriana officinalis,FALSE
SH4072,Verbena officinalis,FALSE
SH4072,Verbena x,FALSE
SH4072,Veronica agrestis,FALSE
SH4072,Veronica arvensis,FALSE
SH4072,Veronica beccabunga,FALSE
SH4072,Veronica chamaedrys,FALSE
SH4072,Veronica hederifolia,FALSE
SH4072,Veronica montana,FALSE
SH4072,Veronica officinalis,FALSE
SH4072,Veronica persica,FALSE
SH4072,Veronica polita,FALSE
SH4072,Veronica serpyllifolia,FALSE
SH4072,Vicia benghalensis,FALSE
SH4072,Vicia cracca,FALSE
SH4072,Vicia faba,FALSE
SH4072,Vicia hirsuta,FALSE
SH4072,Vicia lutea,FALSE
SH4072,Vicia sativa,FALSE
SH4072,Vicia sepium,FALSE
SH4072,Vicia spp,FALSE
SH4072,Vicia tetrasperma,FALSE
SH4072,Viola arvensis,FALSE
SH4072,Viola canina,FALSE
SH4072,Viola palustris,FALSE
SH4072,Viola riviniana,FALSE
SH4072,Zea mays,FALSE
SH4866,Acer pseudoplatanus,FALSE
SH4866,Achillea millefolium,FALSE
SH4866,Achillea ptarmica,FALSE
SH4866,Aegopodium podagraria,FALSE
SH4866,Aethusa cynapium,FALSE
SH4866,Ajuga reptans,FALSE
SH4866,Alliaria petiolata,FALSE
SH4866,Alnus glutinosa,FALSE
SH4866,Anagallis arvensis,FALSE
SH4866,Anchusa arvensis,FALSE
SH4866,Anemone nemorosa,FALSE
SH4866,Angelica sylvestris,FALSE
SH4866,Anthemis cotula,FALSE
SH4866,Anthriscus caucalis,FALSE
SH4866,Anthriscus sylvestris,FALSE
SH4866,Apium nodiflorum,FALSE
SH4866,Armeria maritima,FALSE
SH4866,Artemisia absinthium,FALSE
SH4866,Artemisia annua,FALSE
SH4866,Artemisia vulgaris,FALSE
SH4866,Aster tripolium,FALSE
SH4866,Atriplex patula,FALSE
SH4866,Atriplex portulacoides,FALSE
SH4866,Ballota nigra,FALSE
SH4866,Barbarea vulgaris,FALSE
SH4866,Bellis perennis,FALSE
SH4866,Berula erecta,FALSE
SH4866,Brassica napus,FALSE
SH4866,Brassica oleracea,FALSE
SH4866,Brassica rapa,FALSE
SH4866,Bryonia dioica,FALSE
SH4866,Buddleja davidii,FALSE
SH4866,Bupleurum tenuissimum,FALSE
SH4866,Calluna vulgaris,FALSE
SH4866,Caltha palustris,FALSE
SH4866,Calystegia sepium,FALSE
SH4866,Campanula rotundifolia,FALSE
SH4866,Capsella bursa,FALSE
SH4866,Cardamine flexuosa,FALSE
SH4866,Cardamine hirsuta,FALSE
SH4866,Cardamine pratensis,FALSE
SH4866,Carduus nutans,FALSE
SH4866,Carum verticillatum,FALSE
SH4866,Centaurea cyanus,FALSE
SH4866,Centaurea nigra,FALSE
SH4866,Centaurea scabiosa,FALSE
SH4866,Centaurium erythraea,FALSE
SH4866,Cerastium arvense,TRUE
SH4866,Cerastium fontanum,TRUE
SH4866,Cerastium glomeratum,FALSE
SH4866,Ceratocapnos claviculata,FALSE
SH4866,Chaerophyllum temulum,FALSE
SH4866,Chamaemelum nobile,FALSE
SH4866,Chamerion angustifolium,TRUE
SH4866,Chenopodium album,FALSE
SH4866,Chenopodium ficifolium,FALSE
SH4866,Chenopodium quinoa,FALSE
SH4866,Cichorium intybus,FALSE
SH4866,Circaea lutetiana,FALSE
SH4866,Cirsium arvense,TRUE
SH4866,Cirsium eriophorum,FALSE
SH4866,Cirsium palustre,FALSE
SH4866,Cirsium vulgare,TRUE
SH4866,Clematis vitalba,FALSE
SH4866,Clinopodium vulgare,FALSE
SH4866,Conium maculatum,FALSE
SH4866,Conopodium majus,FALSE
SH4866,Convolvulus arvensis,FALSE
SH4866,Conyza canadensis,FALSE
SH4866,Cotoneaster salicifolius,FALSE
SH4866,Crataegus monogyna,FALSE
SH4866,Crepis capillaris,TRUE
SH4866,Crepis vesicaria,FALSE
SH4866,Cruciata laevipes,FALSE
SH4866,Cytisus scoparius,FALSE
SH4866,Dactylorhiza fuchsii,FALSE
SH4866,Dactylorhiza maculata,FALSE
SH4866,Daucus carota,FALSE
SH4866,Digitalis ferruginea,FALSE
SH4866,Digitalis grandiflora,FALSE
SH4866,Digitalis purpurea,FALSE
SH4866,Dioscorea communis,TRUE
SH4866,Doronicum plantagineum,FALSE
SH4866,Drosera anglica,FALSE
SH4866,Drosera rotundifolia,FALSE
SH4866,Dryas octopetala,FALSE
SH4866,Epilobium hirsutum,TRUE
SH4866,Epilobium montanum,FALSE
SH4866,Epilobium obscurum,FALSE
SH4866,Epilobium palustre,FALSE
SH4866,Epilobium parviflorum,FALSE
SH4866,Epilobium roseum,FALSE
SH4866,Epilobium tetragonum,FALSE
SH4866,Erica cinerea,FALSE
SH4866,Erica tetralix,FALSE
SH4866,Eriophorum vaginatum,FALSE
SH4866,Eupatorium cannabinum,TRUE
SH4866,Euphorbia exigua,FALSE
SH4866,Euphorbia helioscopia,FALSE
SH4866,Euphrasia officinalis,FALSE
SH4866,Fagopyrum esculentum,FALSE
SH4866,Fallopia convolvulus,FALSE
SH4866,Filipendula ulmaria,FALSE
SH4866,Fumaria officinalis,FALSE
SH4866,Galeopsis speciosa,FALSE
SH4866,Galeopsis tetrahit,FALSE
SH4866,Galium aparine,TRUE
SH4866,Galium mollugo,FALSE
SH4866,Galium odoratum,FALSE
SH4866,Galium palustre,FALSE
SH4866,Galium saxatile,FALSE
SH4866,Galium verum,FALSE
SH4866,Genista anglica,FALSE
SH4866,Geranium dissectum,FALSE
SH4866,Geranium molle,FALSE
SH4866,Geranium nodosum,FALSE
SH4866,Geranium pratense,FALSE
SH4866,Geranium pyrenaicum,TRUE
SH4866,Geranium robertianum,TRUE
SH4866,Geum urbanum,FALSE
SH4866,Glechoma hederacea,FALSE
SH4866,Hedera helix,FALSE
SH4866,Helianthus annuus,FALSE
SH4866,Heracleum mantegazzianum,FALSE
SH4866,Heracleum sphondylium,TRUE
SH4866,Hippocrepis comosa,FALSE
SH4866,Hordeum vulgare,FALSE
SH4866,Hyacinthoides non,FALSE
SH4866,Hypericum forrestii,FALSE
SH4866,Hypericum perforatum,FALSE
SH4866,Hypericum pulchrum,FALSE
SH4866,Hypericum tetrapterum,FALSE
SH4866,Hypochaeris radicata,FALSE
SH4866,Ilex aquifolium,FALSE
SH4866,Impatiens glandulifera,FALSE
SH4866,Impatiens parviflora,FALSE
SH4866,Iris pseudacorus,FALSE
SH4866,Jacobaea erucifolia,FALSE
SH4866,Jacobaea vulgaris,FALSE
SH4866,Jasione montana,FALSE
SH4866,Juncus conglomeratus,FALSE
SH4866,Juncus effusus,FALSE
SH4866,Knautia arvensis,FALSE
SH4866,Lactuca serriola,FALSE
SH4866,Lamium album,FALSE
SH4866,Lamium galeobdolon,FALSE
SH4866,Lamium purpureum,FALSE
SH4866,Lapsana communis,TRUE
SH4866,Lathyrus aphaca,FALSE
SH4866,Lathyrus linifolius,FALSE
SH4866,Lathyrus pratensis,FALSE
SH4866,Leontodon hispidus,FALSE
SH4866,Leontodon saxatilis,FALSE
SH4866,Leucanthemum vulgare,TRUE
SH4866,Ligusticum scoticum,FALSE
SH4866,Limonium vulgare,FALSE
SH4866,Linaria vulgaris,FALSE
SH4866,Linum catharticum,FALSE
SH4866,Linum usitatissimum,FALSE
SH4866,Lonicera caprifolium,FALSE
SH4866,Lonicera periclymenum,FALSE
SH4866,Lotus angustissimus,FALSE
SH4866,Lotus corniculatus,FALSE
SH4866,Lotus pedunculatus,FALSE
SH4866,Lotus subbiflorus,FALSE
SH4866,Luzula campestris,FALSE
SH4866,Lysimachia nemorum,FALSE
SH4866,Lysimachia punctata,FALSE
SH4866,Lysimachia vulgaris,FALSE
SH4866,Lythrum alatum,FALSE
SH4866,Lythrum salicaria,FALSE
SH4866,Malva sylvestris,FALSE
SH4866,Matricaria chamomilla,FALSE
SH4866,Matricaria discoidea,FALSE
SH4866,Medicago lupulina,FALSE
SH4866,Melampyrum pratense,FALSE
SH4866,Mentha aquatica,TRUE
SH4866,Mentha arvensis,FALSE
SH4866,Mercurialis perennis,FALSE
SH4866,Myosotis arvensis,FALSE
SH4866,Myosotis discolor,FALSE
SH4866,Myosotis sylvatica,FALSE
SH4866,Narthecium ossifragum,FALSE
SH4866,Odontites vernus,FALSE
SH4866,Oenanthe crocata,FALSE
SH4866,Origanum vulgare,FALSE
SH4866,Ornithopus perpusillus,FALSE
SH4866,Oxalis acetosella,FALSE
SH4866,Panicum miliaceum,FALSE
SH4866,Papaver rhoeas,FALSE
SH4866,Pedicularis sylvatica,FALSE
SH4866,Persicaria amplexicaulis,FALSE
SH4866,Persicaria bistorta,FALSE
SH4866,Persicaria hydropiper,FALSE
SH4866,Persicaria lapathifolia,FALSE
SH4866,Persicaria maculosa,FALSE
SH4866,Peucedanum ostruthium,FALSE
SH4866,Picris echioides,FALSE
SH4866,Picris hieracioides,FALSE
SH4866,Pilosella officinarum,FALSE
SH4866,Pimpinella saxifraga,FALSE
SH4866,Pinguicula vulgaris,FALSE
SH4866,Plantago lanceolata,TRUE
SH4866,Plantago major,FALSE
SH4866,Plantago maritima,FALSE
SH4866,Poa annua,FALSE
SH4866,Polygala serpyllifolia,FALSE
SH4866,Polygala vulgaris,FALSE
SH4866,Polygonum aviculare,FALSE
SH4866,Potentilla anglica,FALSE
SH4866,Potentilla anserina,FALSE
SH4866,Potentilla erecta,FALSE
SH4866,Potentilla recta,FALSE
SH4866,Potentilla reptans,FALSE
SH4866,Prunella vulgaris,FALSE
SH4866,Prunus spinosa,FALSE
SH4866,Pulicaria dysenterica,FALSE
SH4866,Ranunculus acris,FALSE
SH4866,Ranunculus bulbosus,FALSE
SH4866,Ranunculus ficaria,FALSE
SH4866,Ranunculus flammula,FALSE
SH4866,Ranunculus repens,TRUE
SH4866,Ranunculus sardous,FALSE
SH4866,Raphanus raphanistrum,FALSE
SH4866,Raphanus sativus,FALSE
SH4866,Rhinanthus minor,FALSE
SH4866,Rosa arvensis,FALSE
SH4866,Rosa canina,FALSE
SH4866,Rubus caesius,FALSE
SH4866,Rubus fruticosus,TRUE
SH4866,Rubus idaeus,FALSE
SH4866,Rumex acetosa,FALSE
SH4866,Rumex acetosella,FALSE
SH4866,Rumex crispus,FALSE
SH4866,Rumex obtusifolius,FALSE
SH4866,Rumex sanguineus,FALSE
SH4866,Sagina saginoides,FALSE
SH4866,Sambucus nigra,FALSE
SH4866,Sanguisorba officinalis,FALSE
SH4866,Scorzoneroides autumnalis,FALSE
SH4866,Scrophularia auriculata,FALSE
SH4866,Scrophularia nodosa,FALSE
SH4866,Sedum anglicum,FALSE
SH4866,Senecio erucifolius,FALSE
SH4866,Senecio jacobaea,FALSE
SH4866,Senecio vulgaris,FALSE
SH4866,Sherardia arvensis,FALSE
SH4866,Silene dioica,TRUE
SH4866,Silene latifolia,FALSE
SH4866,Silybum marianum,FALSE
SH4866,Sinapis alba,FALSE
SH4866,Sinapis arvensis,FALSE
SH4866,Sisymbrium officinale,TRUE
SH4866,Solanum dulcamara,FALSE
SH4866,Solanum nigrum,FALSE
SH4866,Solanum tuberosum,FALSE
SH4866,Sonchus arvensis,FALSE
SH4866,Sonchus asper,FALSE
SH4866,Sonchus oleraceus,TRUE
SH4866,Sorbus aucuparia,FALSE
SH4866,Spergula arvensis,FALSE
SH4866,Spergularia media,FALSE
SH4866,Stachys arvensis,FALSE
SH4866,Stachys palustris,TRUE
SH4866,Stachys sylvatica,TRUE
SH4866,Stellaria alsine,FALSE
SH4866,Stellaria graminea,FALSE
SH4866,Stellaria holostea,FALSE
SH4866,Stellaria media,FALSE
SH4866,Suaeda maritima,FALSE
SH4866,Succisa pratensis,FALSE
SH4866,Symphytum officinale,FALSE
SH4866,Taraxacum agg,TRUE
SH4866,Taraxacum officinale,TRUE
SH4866,Teucrium scorodonia,FALSE
SH4866,Thlaspi arvense,FALSE
SH4866,Thymus polytrichus,FALSE
SH4866,Thymus vulgaris,FALSE
SH4866,Torilis japonica,FALSE
SH4866,Tragopogon pratensis,FALSE
SH4866,Trientalis europaea,FALSE
SH4866,Trifolium arvense,FALSE
SH4866,Trifolium campestre,FALSE
SH4866,Trifolium constantinopolitanum,FALSE
SH4866,Trifolium dubium,FALSE
SH4866,Trifolium pratense,FALSE
SH4866,Trifolium repens,TRUE
SH4866,Tripleurospermum inodorum,FALSE
SH4866,Tripleurospermum maritimum,FALSE
SH4866,Turgenia latifolia,FALSE
SH4866,Ulex europaeus,FALSE
SH4866,Ulex gallii,FALSE
SH4866,Urtica dioica,TRUE
SH4866,Vaccinium myrtillus,FALSE
SH4866,Vaccinium oxycoccos,FALSE
SH4866,Vaccinium vitis,FALSE
SH4866,Valeriana dioica,FALSE
SH4866,Valeriana officinalis,FALSE
SH4866,Verbena officinalis,FALSE
SH4866,Verbena x,FALSE
SH4866,Veronica agrestis,FALSE
SH4866,Veronica arvensis,FALSE
SH4866,Veronica beccabunga,FALSE
SH4866,Veronica chamaedrys,TRUE
SH4866,Veronica hederifolia,FALSE
SH4866,Veronica montana,FALSE
SH4866,Veronica officinalis,FALSE
SH4866,Veronica persica,FALSE
SH4866,Veronica polita,FALSE
SH4866,Veronica serpyllifolia,FALSE
SH4866,Vicia benghalensis,FALSE
SH4866,Vicia cracca,FALSE
SH4866,Vicia faba,FALSE
SH4866,Vicia hirsuta,FALSE
SH4866,Vicia lutea,FALSE
SH4866,Vicia sativa,FALSE
SH4866,Vicia sepium,FALSE
SH4866,Vicia spp,FALSE
SH4866,Vicia tetrasperma,FALSE
SH4866,Viola arvensis,FALSE
SH4866,Viola canina,FALSE
SH4866,Viola palustris,FALSE
SH4866,Viola riviniana,FALSE
SH4866,Zea mays,FALSE
SH5924,Acer pseudoplatanus,FALSE
SH5924,Achillea millefolium,TRUE
SH5924,Achillea ptarmica,FALSE
SH5924,Aegopodium podagraria,FALSE
SH5924,Aethusa cynapium,FALSE
SH5924,Ajuga reptans,FALSE
SH5924,Alliaria petiolata,FALSE
SH5924,Alnus glutinosa,FALSE
SH5924,Anagallis arvensis,FALSE
SH5924,Anchusa arvensis,FALSE
SH5924,Anemone nemorosa,FALSE
SH5924,Angelica sylvestris,FALSE
SH5924,Anthemis cotula,FALSE
SH5924,Anthriscus caucalis,FALSE
SH5924,Anthriscus sylvestris,FALSE
SH5924,Apium nodiflorum,FALSE
SH5924,Armeria maritima,FALSE
SH5924,Artemisia absinthium,FALSE
SH5924,Artemisia annua,FALSE
SH5924,Artemisia vulgaris,FALSE
SH5924,Aster tripolium,FALSE
SH5924,Atriplex patula,FALSE
SH5924,Atriplex portulacoides,FALSE
SH5924,Ballota nigra,FALSE
SH5924,Barbarea vulgaris,FALSE
SH5924,Bellis perennis,TRUE
SH5924,Berula erecta,FALSE
SH5924,Brassica napus,FALSE
SH5924,Brassica oleracea,FALSE
SH5924,Brassica rapa,FALSE
SH5924,Bryonia dioica,FALSE
SH5924,Buddleja davidii,FALSE
SH5924,Bupleurum tenuissimum,FALSE
SH5924,Calluna vulgaris,FALSE
SH5924,Caltha palustris,FALSE
SH5924,Calystegia sepium,FALSE
SH5924,Campanula rotundifolia,FALSE
SH5924,Capsella bursa,TRUE
SH5924,Cardamine flexuosa,FALSE
SH5924,Cardamine hirsuta,FALSE
SH5924,Cardamine pratensis,TRUE
SH5924,Carduus nutans,FALSE
SH5924,Carum verticillatum,FALSE
SH5924,Centaurea cyanus,FALSE
SH5924,Centaurea nigra,FALSE
SH5924,Centaurea scabiosa,FALSE
SH5924,Centaurium erythraea,FALSE
SH5924,Cerastium arvense,FALSE
SH5924,Cerastium fontanum,TRUE
SH5924,Cerastium glomeratum,FALSE
SH5924,Ceratocapnos claviculata,FALSE
SH5924,Chaerophyllum temulum,FALSE
SH5924,Chamaemelum nobile,FALSE
SH5924,Chamerion angustifolium,FALSE
SH5924,Chenopodium album,FALSE
SH5924,Chenopodium ficifolium,FALSE
SH5924,Chenopodium quinoa,FALSE
SH5924,Cichorium intybus,FALSE
SH5924,Circaea lutetiana,FALSE
SH5924,Cirsium arvense,TRUE
SH5924,Cirsium eriophorum,FALSE
SH5924,Cirsium palustre,TRUE
SH5924,Cirsium vulgare,FALSE
SH5924,Clematis vitalba,FALSE
SH5924,Clinopodium vulgare,FALSE
SH5924,Conium maculatum,FALSE
SH5924,Conopodium majus,TRUE
SH5924,Convolvulus arvensis,FALSE
SH5924,Conyza canadensis,FALSE
SH5924,Cotoneaster salicifolius,FALSE
SH5924,Crataegus monogyna,FALSE
SH5924,Crepis capillaris,TRUE
SH5924,Crepis vesicaria,FALSE
SH5924,Cruciata laevipes,FALSE
SH5924,Cytisus scoparius,FALSE
SH5924,Dactylorhiza fuchsii,FALSE
SH5924,Dactylorhiza maculata,FALSE
SH5924,Daucus carota,FALSE
SH5924,Digitalis ferruginea,FALSE
SH5924,Digitalis grandiflora,FALSE
SH5924,Digitalis purpurea,FALSE
SH5924,Dioscorea communis,FALSE
SH5924,Doronicum plantagineum,FALSE
SH5924,Drosera anglica,FALSE
SH5924,Drosera rotundifolia,FALSE
SH5924,Dryas octopetala,FALSE
SH5924,Epilobium hirsutum,FALSE
SH5924,Epilobium montanum,FALSE
SH5924,Epilobium obscurum,FALSE
SH5924,Epilobium palustre,FALSE
SH5924,Epilobium parviflorum,FALSE
SH5924,Epilobium roseum,FALSE
SH5924,Epilobium tetragonum,FALSE
SH5924,Erica cinerea,FALSE
SH5924,Erica tetralix,FALSE
SH5924,Eriophorum vaginatum,FALSE
SH5924,Eupatorium cannabinum,FALSE
SH5924,Euphorbia exigua,FALSE
SH5924,Euphorbia helioscopia,FALSE
SH5924,Euphrasia officinalis,FALSE
SH5924,Fagopyrum esculentum,FALSE
SH5924,Fallopia convolvulus,FALSE
SH5924,Filipendula ulmaria,FALSE
SH5924,Fumaria officinalis,FALSE
SH5924,Galeopsis speciosa,FALSE
SH5924,Galeopsis tetrahit,FALSE
SH5924,Galium aparine,FALSE
SH5924,Galium mollugo,FALSE
SH5924,Galium odoratum,FALSE
SH5924,Galium palustre,FALSE
SH5924,Galium saxatile,TRUE
SH5924,Galium verum,FALSE
SH5924,Genista anglica,FALSE
SH5924,Geranium dissectum,FALSE
SH5924,Geranium molle,FALSE
SH5924,Geranium nodosum,FALSE
SH5924,Geranium pratense,FALSE
SH5924,Geranium pyrenaicum,FALSE
SH5924,Geranium robertianum,FALSE
SH5924,Geum urbanum,FALSE
SH5924,Glechoma hederacea,FALSE
SH5924,Hedera helix,TRUE
SH5924,Helianthus annuus,FALSE
SH5924,Heracleum mantegazzianum,FALSE
SH5924,Heracleum sphondylium,FALSE
SH5924,Hippocrepis comosa,FALSE
SH5924,Hordeum vulgare,FALSE
SH5924,Hyacinthoides non,FALSE
SH5924,Hypericum forrestii,FALSE
SH5924,Hypericum perforatum,FALSE
SH5924,Hypericum pulchrum,FALSE
SH5924,Hypericum tetrapterum,FALSE
SH5924,Hypochaeris radicata,FALSE
SH5924,Ilex aquifolium,FALSE
SH5924,Impatiens glandulifera,FALSE
SH5924,Impatiens parviflora,FALSE
SH5924,Iris pseudacorus,FALSE
SH5924,Jacobaea erucifolia,FALSE
SH5924,Jacobaea vulgaris,FALSE
SH5924,Jasione montana,FALSE
SH5924,Juncus conglomeratus,FALSE
SH5924,Juncus effusus,FALSE
SH5924,Knautia arvensis,FALSE
SH5924,Lactuca serriola,FALSE
SH5924,Lamium album,FALSE
SH5924,Lamium galeobdolon,FALSE
SH5924,Lamium purpureum,FALSE
SH5924,Lapsana communis,FALSE
SH5924,Lathyrus aphaca,FALSE
SH5924,Lathyrus linifolius,FALSE
SH5924,Lathyrus pratensis,FALSE
SH5924,Leontodon hispidus,FALSE
SH5924,Leontodon saxatilis,FALSE
SH5924,Leucanthemum vulgare,FALSE
SH5924,Ligusticum scoticum,FALSE
SH5924,Limonium vulgare,FALSE
SH5924,Linaria vulgaris,FALSE
SH5924,Linum catharticum,FALSE
SH5924,Linum usitatissimum,FALSE
SH5924,Lonicera caprifolium,FALSE
SH5924,Lonicera periclymenum,FALSE
SH5924,Lotus angustissimus,FALSE
SH5924,Lotus corniculatus,TRUE
SH5924,Lotus pedunculatus,FALSE
SH5924,Lotus subbiflorus,FALSE
SH5924,Luzula campestris,FALSE
SH5924,Lysimachia nemorum,FALSE
SH5924,Lysimachia punctata,FALSE
SH5924,Lysimachia vulgaris,FALSE
SH5924,Lythrum alatum,FALSE
SH5924,Lythrum salicaria,FALSE
SH5924,Malva sylvestris,FALSE
SH5924,Matricaria chamomilla,FALSE
SH5924,Matricaria discoidea,FALSE
SH5924,Medicago lupulina,TRUE
SH5924,Melampyrum pratense,FALSE
SH5924,Mentha aquatica,FALSE
SH5924,Mentha arvensis,FALSE
SH5924,Mercurialis perennis,FALSE
SH5924,Myosotis arvensis,FALSE
SH5924,Myosotis discolor,FALSE
SH5924,Myosotis sylvatica,FALSE
SH5924,Narthecium ossifragum,FALSE
SH5924,Odontites vernus,FALSE
SH5924,Oenanthe crocata,FALSE
SH5924,Origanum vulgare,FALSE
SH5924,Ornithopus perpusillus,FALSE
SH5924,Oxalis acetosella,FALSE
SH5924,Panicum miliaceum,FALSE
SH5924,Papaver rhoeas,FALSE
SH5924,Pedicularis sylvatica,FALSE
SH5924,Persicaria amplexicaulis,FALSE
SH5924,Persicaria bistorta,FALSE
SH5924,Persicaria hydropiper,FALSE
SH5924,Persicaria lapathifolia,FALSE
SH5924,Persicaria maculosa,FALSE
SH5924,Peucedanum ostruthium,FALSE
SH5924,Picris echioides,FALSE
SH5924,Picris hieracioides,FALSE
SH5924,Pilosella officinarum,FALSE
SH5924,Pimpinella saxifraga,FALSE
SH5924,Pinguicula vulgaris,FALSE
SH5924,Plantago lanceolata,TRUE
SH5924,Plantago major,FALSE
SH5924,Plantago maritima,FALSE
SH5924,Poa annua,FALSE
SH5924,Polygala serpyllifolia,FALSE
SH5924,Polygala vulgaris,FALSE
SH5924,Polygonum aviculare,FALSE
SH5924,Potentilla anglica,FALSE
SH5924,Potentilla anserina,FALSE
SH5924,Potentilla erecta,FALSE
SH5924,Potentilla recta,FALSE
SH5924,Potentilla reptans,FALSE
SH5924,Prunella vulgaris,TRUE
SH5924,Prunus spinosa,FALSE
SH5924,Pulicaria dysenterica,FALSE
SH5924,Ranunculus acris,FALSE
SH5924,Ranunculus bulbosus,TRUE
SH5924,Ranunculus ficaria,FALSE
SH5924,Ranunculus flammula,FALSE
SH5924,Ranunculus repens,TRUE
SH5924,Ranunculus sardous,FALSE
SH5924,Raphanus raphanistrum,FALSE
SH5924,Raphanus sativus,FALSE
SH5924,Rhinanthus minor,FALSE
SH5924,Rosa arvensis,FALSE
SH5924,Rosa canina,FALSE
SH5924,Rubus caesius,FALSE
SH5924,Rubus fruticosus,FALSE
SH5924,Rubus idaeus,FALSE
SH5924,Rumex acetosa,FALSE
SH5924,Rumex acetosella,FALSE
SH5924,Rumex crispus,FALSE
SH5924,Rumex obtusifolius,FALSE
SH5924,Rumex sanguineus,FALSE
SH5924,Sagina saginoides,FALSE
SH5924,Sambucus nigra,FALSE
SH5924,Sanguisorba officinalis,FALSE
SH5924,Scorzoneroides autumnalis,TRUE
SH5924,Scrophularia auriculata,FALSE
SH5924,Scrophularia nodosa,FALSE
SH5924,Sedum anglicum,FALSE
SH5924,Senecio erucifolius,FALSE
SH5924,Senecio jacobaea,FALSE
SH5924,Senecio vulgaris,FALSE
SH5924,Sherardia arvensis,FALSE
SH5924,Silene dioica,FALSE
SH5924,Silene latifolia,FALSE
SH5924,Silybum marianum,FALSE
SH5924,Sinapis alba,FALSE
SH5924,Sinapis arvensis,FALSE
SH5924,Sisymbrium officinale,FALSE
SH5924,Solanum dulcamara,FALSE
SH5924,Solanum nigrum,FALSE
SH5924,Solanum tuberosum,FALSE
SH5924,Sonchus arvensis,FALSE
SH5924,Sonchus asper,FALSE
SH5924,Sonchus oleraceus,FALSE
SH5924,Sorbus aucuparia,FALSE
SH5924,Spergula arvensis,TRUE
SH5924,Spergularia media,FALSE
SH5924,Stachys arvensis,FALSE
SH5924,Stachys palustris,FALSE
SH5924,Stachys sylvatica,FALSE
SH5924,Stellaria alsine,FALSE
SH5924,Stellaria graminea,TRUE
SH5924,Stellaria holostea,FALSE
SH5924,Stellaria media,FALSE
SH5924,Suaeda maritima,FALSE
SH5924,Succisa pratensis,FALSE
SH5924,Symphytum officinale,FALSE
SH5924,Taraxacum agg,FALSE
SH5924,Taraxacum officinale,FALSE
SH5924,Teucrium scorodonia,FALSE
SH5924,Thlaspi arvense,FALSE
SH5924,Thymus polytrichus,FALSE
SH5924,Thymus vulgaris,FALSE
SH5924,Torilis japonica,FALSE
SH5924,Tragopogon pratensis,FALSE
SH5924,Trientalis europaea,FALSE
SH5924,Trifolium arvense,FALSE
SH5924,Trifolium campestre,FALSE
SH5924,Trifolium constantinopolitanum,FALSE
SH5924,Trifolium dubium,TRUE
SH5924,Trifolium pratense,TRUE
SH5924,Trifolium repens,TRUE
SH5924,Tripleurospermum inodorum,FALSE
SH5924,Tripleurospermum maritimum,FALSE
SH5924,Turgenia latifolia,FALSE
SH5924,Ulex europaeus,FALSE
SH5924,Ulex gallii,FALSE
SH5924,Urtica dioica,FALSE
SH5924,Vaccinium myrtillus,FALSE
SH5924,Vaccinium oxycoccos,FALSE
SH5924,Vaccinium vitis,FALSE
SH5924,Valeriana dioica,FALSE
SH5924,Valeriana officinalis,FALSE
SH5924,Verbena officinalis,FALSE
SH5924,Verbena x,FALSE
SH5924,Veronica agrestis,FALSE
SH5924,Veronica arvensis,FALSE
SH5924,Veronica beccabunga,FALSE
SH5924,Veronica chamaedrys,FALSE
SH5924,Veronica hederifolia,FALSE
SH5924,Veronica montana,FALSE
SH5924,Veronica officinalis,FALSE
SH5924,Veronica persica,FALSE
SH5924,Veronica polita,FALSE
SH5924,Veronica serpyllifolia,TRUE
SH5924,Vicia benghalensis,FALSE
SH5924,Vicia cracca,FALSE
SH5924,Vicia faba,FALSE
SH5924,Vicia hirsuta,FALSE
SH5924,Vicia lutea,FALSE
SH5924,Vicia sativa,FALSE
SH5924,Vicia sepium,FALSE
SH5924,Vicia spp,FALSE
SH5924,Vicia tetrasperma,FALSE
SH5924,Viola arvensis,FALSE
SH5924,Viola canina,FALSE
SH5924,Viola palustris,FALSE
SH5924,Viola riviniana,FALSE
SH5924,Zea mays,FALSE
SH7038,Acer pseudoplatanus,FALSE
SH7038,Achillea millefolium,TRUE
SH7038,Achillea ptarmica,FALSE
SH7038,Aegopodium podagraria,FALSE
SH7038,Aethusa cynapium,FALSE
SH7038,Ajuga reptans,FALSE
SH7038,Alliaria petiolata,FALSE
SH7038,Alnus glutinosa,FALSE
SH7038,Anagallis arvensis,FALSE
SH7038,Anchusa arvensis,FALSE
SH7038,Anemone nemorosa,FALSE
SH7038,Angelica sylvestris,FALSE
SH7038,Anthemis cotula,FALSE
SH7038,Anthriscus caucalis,FALSE
SH7038,Anthriscus sylvestris,FALSE
SH7038,Apium nodiflorum,FALSE
SH7038,Armeria maritima,FALSE
SH7038,Artemisia absinthium,FALSE
SH7038,Artemisia annua,FALSE
SH7038,Artemisia vulgaris,FALSE
SH7038,Aster tripolium,FALSE
SH7038,Atriplex patula,FALSE
SH7038,Atriplex portulacoides,FALSE
SH7038,Ballota nigra,FALSE
SH7038,Barbarea vulgaris,FALSE
SH7038,Bellis perennis,FALSE
SH7038,Berula erecta,FALSE
SH7038,Brassica napus,FALSE
SH7038,Brassica oleracea,FALSE
SH7038,Brassica rapa,FALSE
SH7038,Bryonia dioica,FALSE
SH7038,Buddleja davidii,FALSE
SH7038,Bupleurum tenuissimum,FALSE
SH7038,Calluna vulgaris,FALSE
SH7038,Caltha palustris,FALSE
SH7038,Calystegia sepium,FALSE
SH7038,Campanula rotundifolia,FALSE
SH7038,Capsella bursa,FALSE
SH7038,Cardamine flexuosa,FALSE
SH7038,Cardamine hirsuta,FALSE
SH7038,Cardamine pratensis,FALSE
SH7038,Carduus nutans,FALSE
SH7038,Carum verticillatum,FALSE
SH7038,Centaurea cyanus,FALSE
SH7038,Centaurea nigra,FALSE
SH7038,Centaurea scabiosa,FALSE
SH7038,Centaurium erythraea,FALSE
SH7038,Cerastium arvense,FALSE
SH7038,Cerastium fontanum,TRUE
SH7038,Cerastium glomeratum,FALSE
SH7038,Ceratocapnos claviculata,FALSE
SH7038,Chaerophyllum temulum,FALSE
SH7038,Chamaemelum nobile,FALSE
SH7038,Chamerion angustifolium,FALSE
SH7038,Chenopodium album,FALSE
SH7038,Chenopodium ficifolium,FALSE
SH7038,Chenopodium quinoa,FALSE
SH7038,Cichorium intybus,FALSE
SH7038,Circaea lutetiana,FALSE
SH7038,Cirsium arvense,FALSE
SH7038,Cirsium eriophorum,FALSE
SH7038,Cirsium palustre,TRUE
SH7038,Cirsium vulgare,FALSE
SH7038,Clematis vitalba,FALSE
SH7038,Clinopodium vulgare,FALSE
SH7038,Conium maculatum,FALSE
SH7038,Conopodium majus,FALSE
SH7038,Convolvulus arvensis,FALSE
SH7038,Conyza canadensis,FALSE
SH7038,Cotoneaster salicifolius,FALSE
SH7038,Crataegus monogyna,FALSE
SH7038,Crepis capillaris,FALSE
SH7038,Crepis vesicaria,FALSE
SH7038,Cruciata laevipes,FALSE
SH7038,Cytisus scoparius,FALSE
SH7038,Dactylorhiza fuchsii,FALSE
SH7038,Dactylorhiza maculata,FALSE
SH7038,Daucus carota,FALSE
SH7038,Digitalis ferruginea,FALSE
SH7038,Digitalis grandiflora,FALSE
SH7038,Digitalis purpurea,TRUE
SH7038,Dioscorea communis,FALSE
SH7038,Doronicum plantagineum,FALSE
SH7038,Drosera anglica,FALSE
SH7038,Drosera rotundifolia,FALSE
SH7038,Dryas octopetala,FALSE
SH7038,Epilobium hirsutum,FALSE
SH7038,Epilobium montanum,FALSE
SH7038,Epilobium obscurum,FALSE
SH7038,Epilobium palustre,FALSE
SH7038,Epilobium parviflorum,FALSE
SH7038,Epilobium roseum,FALSE
SH7038,Epilobium tetragonum,FALSE
SH7038,Erica cinerea,FALSE
SH7038,Erica tetralix,FALSE
SH7038,Eriophorum vaginatum,FALSE
SH7038,Eupatorium cannabinum,FALSE
SH7038,Euphorbia exigua,FALSE
SH7038,Euphorbia helioscopia,FALSE
SH7038,Euphrasia officinalis,FALSE
SH7038,Fagopyrum esculentum,FALSE
SH7038,Fallopia convolvulus,FALSE
SH7038,Filipendula ulmaria,FALSE
SH7038,Fumaria officinalis,FALSE
SH7038,Galeopsis speciosa,FALSE
SH7038,Galeopsis tetrahit,FALSE
SH7038,Galium aparine,FALSE
SH7038,Galium mollugo,FALSE
SH7038,Galium odoratum,FALSE
SH7038,Galium palustre,FALSE
SH7038,Galium saxatile,TRUE
SH7038,Galium verum,FALSE
SH7038,Genista anglica,FALSE
SH7038,Geranium dissectum,FALSE
SH7038,Geranium molle,FALSE
SH7038,Geranium nodosum,FALSE
SH7038,Geranium pratense,FALSE
SH7038,Geranium pyrenaicum,FALSE
SH7038,Geranium robertianum,FALSE
SH7038,Geum urbanum,FALSE
SH7038,Glechoma hederacea,FALSE
SH7038,Hedera helix,FALSE
SH7038,Helianthus annuus,FALSE
SH7038,Heracleum mantegazzianum,FALSE
SH7038,Heracleum sphondylium,FALSE
SH7038,Hippocrepis comosa,FALSE
SH7038,Hordeum vulgare,FALSE
SH7038,Hyacinthoides non,FALSE
SH7038,Hypericum forrestii,FALSE
SH7038,Hypericum perforatum,FALSE
SH7038,Hypericum pulchrum,FALSE
SH7038,Hypericum tetrapterum,FALSE
SH7038,Hypochaeris radicata,FALSE
SH7038,Ilex aquifolium,FALSE
SH7038,Impatiens glandulifera,FALSE
SH7038,Impatiens parviflora,FALSE
SH7038,Iris pseudacorus,FALSE
SH7038,Jacobaea erucifolia,FALSE
SH7038,Jacobaea vulgaris,FALSE
SH7038,Jasione montana,FALSE
SH7038,Juncus conglomeratus,FALSE
SH7038,Juncus effusus,FALSE
SH7038,Knautia arvensis,FALSE
SH7038,Lactuca serriola,FALSE
SH7038,Lamium album,FALSE
SH7038,Lamium galeobdolon,FALSE
SH7038,Lamium purpureum,FALSE
SH7038,Lapsana communis,FALSE
SH7038,Lathyrus aphaca,FALSE
SH7038,Lathyrus linifolius,FALSE
SH7038,Lathyrus pratensis,FALSE
SH7038,Leontodon hispidus,FALSE
SH7038,Leontodon saxatilis,FALSE
SH7038,Leucanthemum vulgare,FALSE
SH7038,Ligusticum scoticum,FALSE
SH7038,Limonium vulgare,FALSE
SH7038,Linaria vulgaris,FALSE
SH7038,Linum catharticum,FALSE
SH7038,Linum usitatissimum,FALSE
SH7038,Lonicera caprifolium,FALSE
SH7038,Lonicera periclymenum,FALSE
SH7038,Lotus angustissimus,FALSE
SH7038,Lotus corniculatus,FALSE
SH7038,Lotus pedunculatus,FALSE
SH7038,Lotus subbiflorus,FALSE
SH7038,Luzula campestris,FALSE
SH7038,Lysimachia nemorum,FALSE
SH7038,Lysimachia punctata,FALSE
SH7038,Lysimachia vulgaris,FALSE
SH7038,Lythrum alatum,FALSE
SH7038,Lythrum salicaria,FALSE
SH7038,Malva sylvestris,FALSE
SH7038,Matricaria chamomilla,FALSE
SH7038,Matricaria discoidea,FALSE
SH7038,Medicago lupulina,FALSE
SH7038,Melampyrum pratense,FALSE
SH7038,Mentha aquatica,FALSE
SH7038,Mentha arvensis,FALSE
SH7038,Mercurialis perennis,FALSE
SH7038,Myosotis arvensis,FALSE
SH7038,Myosotis discolor,FALSE
SH7038,Myosotis sylvatica,FALSE
SH7038,Narthecium ossifragum,FALSE
SH7038,Odontites vernus,FALSE
SH7038,Oenanthe crocata,FALSE
SH7038,Origanum vulgare,FALSE
SH7038,Ornithopus perpusillus,FALSE
SH7038,Oxalis acetosella,FALSE
SH7038,Panicum miliaceum,FALSE
SH7038,Papaver rhoeas,FALSE
SH7038,Pedicularis sylvatica,FALSE
SH7038,Persicaria amplexicaulis,FALSE
SH7038,Persicaria bistorta,FALSE
SH7038,Persicaria hydropiper,FALSE
SH7038,Persicaria lapathifolia,FALSE
SH7038,Persicaria maculosa,FALSE
SH7038,Peucedanum ostruthium,FALSE
SH7038,Picris echioides,FALSE
SH7038,Picris hieracioides,FALSE
SH7038,Pilosella officinarum,FALSE
SH7038,Pimpinella saxifraga,FALSE
SH7038,Pinguicula vulgaris,FALSE
SH7038,Plantago lanceolata,FALSE
SH7038,Plantago major,FALSE
SH7038,Plantago maritima,FALSE
SH7038,Poa annua,FALSE
SH7038,Polygala serpyllifolia,TRUE
SH7038,Polygala vulgaris,FALSE
SH7038,Polygonum aviculare,FALSE
SH7038,Potentilla anglica,FALSE
SH7038,Potentilla anserina,FALSE
SH7038,Potentilla erecta,TRUE
SH7038,Potentilla recta,FALSE
SH7038,Potentilla reptans,FALSE
SH7038,Prunella vulgaris,TRUE
SH7038,Prunus spinosa,FALSE
SH7038,Pulicaria dysenterica,FALSE
SH7038,Ranunculus acris,FALSE
SH7038,Ranunculus bulbosus,FALSE
SH7038,Ranunculus ficaria,FALSE
SH7038,Ranunculus flammula,FALSE
SH7038,Ranunculus repens,TRUE
SH7038,Ranunculus sardous,FALSE
SH7038,Raphanus raphanistrum,FALSE
SH7038,Raphanus sativus,FALSE
SH7038,Rhinanthus minor,FALSE
SH7038,Rosa arvensis,FALSE
SH7038,Rosa canina,FALSE
SH7038,Rubus caesius,FALSE
SH7038,Rubus fruticosus,FALSE
SH7038,Rubus idaeus,FALSE
SH7038,Rumex acetosa,FALSE
SH7038,Rumex acetosella,FALSE
SH7038,Rumex crispus,FALSE
SH7038,Rumex obtusifolius,FALSE
SH7038,Rumex sanguineus,FALSE
SH7038,Sagina saginoides,FALSE
SH7038,Sambucus nigra,FALSE
SH7038,Sanguisorba officinalis,FALSE
SH7038,Scorzoneroides autumnalis,FALSE
SH7038,Scrophularia auriculata,FALSE
SH7038,Scrophularia nodosa,FALSE
SH7038,Sedum anglicum,FALSE
SH7038,Senecio erucifolius,FALSE
SH7038,Senecio jacobaea,FALSE
SH7038,Senecio vulgaris,FALSE
SH7038,Sherardia arvensis,FALSE
SH7038,Silene dioica,FALSE
SH7038,Silene latifolia,FALSE
SH7038,Silybum marianum,FALSE
SH7038,Sinapis alba,FALSE
SH7038,Sinapis arvensis,FALSE
SH7038,Sisymbrium officinale,FALSE
SH7038,Solanum dulcamara,FALSE
SH7038,Solanum nigrum,FALSE
SH7038,Solanum tuberosum,FALSE
SH7038,Sonchus arvensis,FALSE
SH7038,Sonchus asper,FALSE
SH7038,Sonchus oleraceus,FALSE
SH7038,Sorbus aucuparia,FALSE
SH7038,Spergula arvensis,FALSE
SH7038,Spergularia media,FALSE
SH7038,Stachys arvensis,FALSE
SH7038,Stachys palustris,FALSE
SH7038,Stachys sylvatica,FALSE
SH7038,Stellaria alsine,FALSE
SH7038,Stellaria graminea,TRUE
SH7038,Stellaria holostea,FALSE
SH7038,Stellaria media,FALSE
SH7038,Suaeda maritima,FALSE
SH7038,Succisa pratensis,FALSE
SH7038,Symphytum officinale,FALSE
SH7038,Taraxacum agg,FALSE
SH7038,Taraxacum officinale,FALSE
SH7038,Teucrium scorodonia,FALSE
SH7038,Thlaspi arvense,FALSE
SH7038,Thymus polytrichus,FALSE
SH7038,Thymus vulgaris,FALSE
SH7038,Torilis japonica,FALSE
SH7038,Tragopogon pratensis,FALSE
SH7038,Trientalis europaea,FALSE
SH7038,Trifolium arvense,FALSE
SH7038,Trifolium campestre,FALSE
SH7038,Trifolium constantinopolitanum,FALSE
SH7038,Trifolium dubium,FALSE
SH7038,Trifolium pratense,FALSE
SH7038,Trifolium repens,TRUE
SH7038,Tripleurospermum inodorum,FALSE
SH7038,Tripleurospermum maritimum,FALSE
SH7038,Turgenia latifolia,FALSE
SH7038,Ulex europaeus,FALSE
SH7038,Ulex gallii,FALSE
SH7038,Urtica dioica,FALSE
SH7038,Vaccinium myrtillus,FALSE
SH7038,Vaccinium oxycoccos,FALSE
SH7038,Vaccinium vitis,FALSE
SH7038,Valeriana dioica,FALSE
SH7038,Valeriana officinalis,FALSE
SH7038,Verbena officinalis,FALSE
SH7038,Verbena x,FALSE
SH7038,Veronica agrestis,FALSE
SH7038,Veronica arvensis,FALSE
SH7038,Veronica beccabunga,FALSE
SH7038,Veronica chamaedrys,FALSE
SH7038,Veronica hederifolia,FALSE
SH7038,Veronica montana,FALSE
SH7038,Veronica officinalis,TRUE
SH7038,Veronica persica,FALSE
SH7038,Veronica polita,FALSE
SH7038,Veronica serpyllifolia,TRUE
SH7038,Vicia benghalensis,FALSE
SH7038,Vicia cracca,FALSE
SH7038,Vicia faba,FALSE
SH7038,Vicia hirsuta,FALSE
SH7038,Vicia lutea,FALSE
SH7038,Vicia sativa,FALSE
SH7038,Vicia sepium,FALSE
SH7038,Vicia spp,FALSE
SH7038,Vicia tetrasperma,FALSE
SH7038,Viola arvensis,FALSE
SH7038,Viola canina,FALSE
SH7038,Viola palustris,FALSE
SH7038,Viola riviniana,FALSE
SH7038,Zea mays,FALSE
SH7148,Acer pseudoplatanus,FALSE
SH7148,Achillea millefolium,FALSE
SH7148,Achillea ptarmica,FALSE
SH7148,Aegopodium podagraria,FALSE
SH7148,Aethusa cynapium,FALSE
SH7148,Ajuga reptans,FALSE
SH7148,Alliaria petiolata,FALSE
SH7148,Alnus glutinosa,FALSE
SH7148,Anagallis arvensis,FALSE
SH7148,Anchusa arvensis,FALSE
SH7148,Anemone nemorosa,FALSE
SH7148,Angelica sylvestris,FALSE
SH7148,Anthemis cotula,FALSE
SH7148,Anthriscus caucalis,FALSE
SH7148,Anthriscus sylvestris,FALSE
SH7148,Apium nodiflorum,FALSE
SH7148,Armeria maritima,FALSE
SH7148,Artemisia absinthium,FALSE
SH7148,Artemisia annua,FALSE
SH7148,Artemisia vulgaris,FALSE
SH7148,Aster tripolium,FALSE
SH7148,Atriplex patula,FALSE
SH7148,Atriplex portulacoides,FALSE
SH7148,Ballota nigra,FALSE
SH7148,Barbarea vulgaris,FALSE
SH7148,Bellis perennis,FALSE
SH7148,Berula erecta,FALSE
SH7148,Brassica napus,FALSE
SH7148,Brassica oleracea,FALSE
SH7148,Brassica rapa,FALSE
SH7148,Bryonia dioica,FALSE
SH7148,Buddleja davidii,FALSE
SH7148,Bupleurum tenuissimum,FALSE
SH7148,Calluna vulgaris,TRUE
SH7148,Caltha palustris,FALSE
SH7148,Calystegia sepium,FALSE
SH7148,Campanula rotundifolia,FALSE
SH7148,Capsella bursa,FALSE
SH7148,Cardamine flexuosa,FALSE
SH7148,Cardamine hirsuta,FALSE
SH7148,Cardamine pratensis,TRUE
SH7148,Carduus nutans,FALSE
SH7148,Carum verticillatum,FALSE
SH7148,Centaurea cyanus,FALSE
SH7148,Centaurea nigra,FALSE
SH7148,Centaurea scabiosa,FALSE
SH7148,Centaurium erythraea,FALSE
SH7148,Cerastium arvense,FALSE
SH7148,Cerastium fontanum,TRUE
SH7148,Cerastium glomeratum,FALSE
SH7148,Ceratocapnos claviculata,FALSE
SH7148,Chaerophyllum temulum,FALSE
SH7148,Chamaemelum nobile,FALSE
SH7148,Chamerion angustifolium,FALSE
SH7148,Chenopodium album,FALSE
SH7148,Chenopodium ficifolium,FALSE
SH7148,Chenopodium quinoa,FALSE
SH7148,Cichorium intybus,FALSE
SH7148,Circaea lutetiana,FALSE
SH7148,Cirsium arvense,TRUE
SH7148,Cirsium eriophorum,FALSE
SH7148,Cirsium palustre,TRUE
SH7148,Cirsium vulgare,FALSE
SH7148,Clematis vitalba,FALSE
SH7148,Clinopodium vulgare,FALSE
SH7148,Conium maculatum,FALSE
SH7148,Conopodium majus,FALSE
SH7148,Convolvulus arvensis,FALSE
SH7148,Conyza canadensis,FALSE
SH7148,Cotoneaster salicifolius,FALSE
SH7148,Crataegus monogyna,FALSE
SH7148,Crepis capillaris,FALSE
SH7148,Crepis vesicaria,FALSE
SH7148,Cruciata laevipes,FALSE
SH7148,Cytisus scoparius,FALSE
SH7148,Dactylorhiza fuchsii,FALSE
SH7148,Dactylorhiza maculata,FALSE
SH7148,Daucus carota,FALSE
SH7148,Digitalis ferruginea,FALSE
SH7148,Digitalis grandiflora,FALSE
SH7148,Digitalis purpurea,FALSE
SH7148,Dioscorea communis,FALSE
SH7148,Doronicum plantagineum,FALSE
SH7148,Drosera anglica,FALSE
SH7148,Drosera rotundifolia,FALSE
SH7148,Dryas octopetala,FALSE
SH7148,Epilobium hirsutum,FALSE
SH7148,Epilobium montanum,FALSE
SH7148,Epilobium obscurum,FALSE
SH7148,Epilobium palustre,FALSE
SH7148,Epilobium parviflorum,FALSE
SH7148,Epilobium roseum,FALSE
SH7148,Epilobium tetragonum,FALSE
SH7148,Erica cinerea,TRUE
SH7148,Erica tetralix,TRUE
SH7148,Eriophorum vaginatum,FALSE
SH7148,Eupatorium cannabinum,FALSE
SH7148,Euphorbia exigua,FALSE
SH7148,Euphorbia helioscopia,FALSE
SH7148,Euphrasia officinalis,FALSE
SH7148,Fagopyrum esculentum,FALSE
SH7148,Fallopia convolvulus,FALSE
SH7148,Filipendula ulmaria,FALSE
SH7148,Fumaria officinalis,FALSE
SH7148,Galeopsis speciosa,FALSE
SH7148,Galeopsis tetrahit,FALSE
SH7148,Galium aparine,FALSE
SH7148,Galium mollugo,FALSE
SH7148,Galium odoratum,FALSE
SH7148,Galium palustre,FALSE
SH7148,Galium saxatile,TRUE
SH7148,Galium verum,FALSE
SH7148,Genista anglica,FALSE
SH7148,Geranium dissectum,FALSE
SH7148,Geranium molle,FALSE
SH7148,Geranium nodosum,FALSE
SH7148,Geranium pratense,FALSE
SH7148,Geranium pyrenaicum,FALSE
SH7148,Geranium robertianum,FALSE
SH7148,Geum urbanum,FALSE
SH7148,Glechoma hederacea,FALSE
SH7148,Hedera helix,FALSE
SH7148,Helianthus annuus,FALSE
SH7148,Heracleum mantegazzianum,FALSE
SH7148,Heracleum sphondylium,FALSE
SH7148,Hippocrepis comosa,FALSE
SH7148,Hordeum vulgare,FALSE
SH7148,Hyacinthoides non,FALSE
SH7148,Hypericum forrestii,FALSE
SH7148,Hypericum perforatum,FALSE
SH7148,Hypericum pulchrum,FALSE
SH7148,Hypericum tetrapterum,FALSE
SH7148,Hypochaeris radicata,FALSE
SH7148,Ilex aquifolium,FALSE
SH7148,Impatiens glandulifera,FALSE
SH7148,Impatiens parviflora,FALSE
SH7148,Iris pseudacorus,FALSE
SH7148,Jacobaea erucifolia,FALSE
SH7148,Jacobaea vulgaris,FALSE
SH7148,Jasione montana,FALSE
SH7148,Juncus conglomeratus,FALSE
SH7148,Juncus effusus,FALSE
SH7148,Knautia arvensis,FALSE
SH7148,Lactuca serriola,FALSE
SH7148,Lamium album,FALSE
SH7148,Lamium galeobdolon,FALSE
SH7148,Lamium purpureum,FALSE
SH7148,Lapsana communis,FALSE
SH7148,Lathyrus aphaca,FALSE
SH7148,Lathyrus linifolius,FALSE
SH7148,Lathyrus pratensis,FALSE
SH7148,Leontodon hispidus,FALSE
SH7148,Leontodon saxatilis,FALSE
SH7148,Leucanthemum vulgare,FALSE
SH7148,Ligusticum scoticum,FALSE
SH7148,Limonium vulgare,FALSE
SH7148,Linaria vulgaris,FALSE
SH7148,Linum catharticum,FALSE
SH7148,Linum usitatissimum,FALSE
SH7148,Lonicera caprifolium,FALSE
SH7148,Lonicera periclymenum,FALSE
SH7148,Lotus angustissimus,FALSE
SH7148,Lotus corniculatus,FALSE
SH7148,Lotus pedunculatus,FALSE
SH7148,Lotus subbiflorus,FALSE
SH7148,Luzula campestris,FALSE
SH7148,Lysimachia nemorum,FALSE
SH7148,Lysimachia punctata,FALSE
SH7148,Lysimachia vulgaris,FALSE
SH7148,Lythrum alatum,FALSE
SH7148,Lythrum salicaria,FALSE
SH7148,Malva sylvestris,FALSE
SH7148,Matricaria chamomilla,FALSE
SH7148,Matricaria discoidea,FALSE
SH7148,Medicago lupulina,FALSE
SH7148,Melampyrum pratense,FALSE
SH7148,Mentha aquatica,FALSE
SH7148,Mentha arvensis,FALSE
SH7148,Mercurialis perennis,FALSE
SH7148,Myosotis arvensis,FALSE
SH7148,Myosotis discolor,FALSE
SH7148,Myosotis sylvatica,FALSE
SH7148,Narthecium ossifragum,FALSE
SH7148,Odontites vernus,FALSE
SH7148,Oenanthe crocata,FALSE
SH7148,Origanum vulgare,FALSE
SH7148,Ornithopus perpusillus,FALSE
SH7148,Oxalis acetosella,FALSE
SH7148,Panicum miliaceum,FALSE
SH7148,Papaver rhoeas,FALSE
SH7148,Pedicularis sylvatica,FALSE
SH7148,Persicaria amplexicaulis,FALSE
SH7148,Persicaria bistorta,FALSE
SH7148,Persicaria hydropiper,FALSE
SH7148,Persicaria lapathifolia,FALSE
SH7148,Persicaria maculosa,FALSE
SH7148,Peucedanum ostruthium,FALSE
SH7148,Picris echioides,FALSE
SH7148,Picris hieracioides,FALSE
SH7148,Pilosella officinarum,FALSE
SH7148,Pimpinella saxifraga,FALSE
SH7148,Pinguicula vulgaris,FALSE
SH7148,Plantago lanceolata,TRUE
SH7148,Plantago major,FALSE
SH7148,Plantago maritima,FALSE
SH7148,Poa annua,FALSE
SH7148,Polygala serpyllifolia,FALSE
SH7148,Polygala vulgaris,FALSE
SH7148,Polygonum aviculare,FALSE
SH7148,Potentilla anglica,FALSE
SH7148,Potentilla anserina,FALSE
SH7148,Potentilla erecta,TRUE
SH7148,Potentilla recta,FALSE
SH7148,Potentilla reptans,FALSE
SH7148,Prunella vulgaris,FALSE
SH7148,Prunus spinosa,FALSE
SH7148,Pulicaria dysenterica,FALSE
SH7148,Ranunculus acris,FALSE
SH7148,Ranunculus bulbosus,FALSE
SH7148,Ranunculus ficaria,FALSE
SH7148,Ranunculus flammula,FALSE
SH7148,Ranunculus repens,TRUE
SH7148,Ranunculus sardous,FALSE
SH7148,Raphanus raphanistrum,FALSE
SH7148,Raphanus sativus,FALSE
SH7148,Rhinanthus minor,FALSE
SH7148,Rosa arvensis,FALSE
SH7148,Rosa canina,FALSE
SH7148,Rubus caesius,FALSE
SH7148,Rubus fruticosus,FALSE
SH7148,Rubus idaeus,FALSE
SH7148,Rumex acetosa,FALSE
SH7148,Rumex acetosella,FALSE
SH7148,Rumex crispus,FALSE
SH7148,Rumex obtusifolius,FALSE
SH7148,Rumex sanguineus,FALSE
SH7148,Sagina saginoides,FALSE
SH7148,Sambucus nigra,FALSE
SH7148,Sanguisorba officinalis,FALSE
SH7148,Scorzoneroides autumnalis,FALSE
SH7148,Scrophularia auriculata,FALSE
SH7148,Scrophularia nodosa,FALSE
SH7148,Sedum anglicum,FALSE
SH7148,Senecio erucifolius,FALSE
SH7148,Senecio jacobaea,FALSE
SH7148,Senecio vulgaris,FALSE
SH7148,Sherardia arvensis,FALSE
SH7148,Silene dioica,FALSE
SH7148,Silene latifolia,FALSE
SH7148,Silybum marianum,FALSE
SH7148,Sinapis alba,FALSE
SH7148,Sinapis arvensis,FALSE
SH7148,Sisymbrium officinale,FALSE
SH7148,Solanum dulcamara,FALSE
SH7148,Solanum nigrum,FALSE
SH7148,Solanum tuberosum,FALSE
SH7148,Sonchus arvensis,FALSE
SH7148,Sonchus asper,FALSE
SH7148,Sonchus oleraceus,FALSE
SH7148,Sorbus aucuparia,FALSE
SH7148,Spergula arvensis,FALSE
SH7148,Spergularia media,FALSE
SH7148,Stachys arvensis,FALSE
SH7148,Stachys palustris,FALSE
SH7148,Stachys sylvatica,FALSE
SH7148,Stellaria alsine,FALSE
SH7148,Stellaria graminea,FALSE
SH7148,Stellaria holostea,FALSE
SH7148,Stellaria media,FALSE
SH7148,Suaeda maritima,FALSE
SH7148,Succisa pratensis,FALSE
SH7148,Symphytum officinale,FALSE
SH7148,Taraxacum agg,FALSE
SH7148,Taraxacum officinale,FALSE
SH7148,Teucrium scorodonia,FALSE
SH7148,Thlaspi arvense,FALSE
SH7148,Thymus polytrichus,FALSE
SH7148,Thymus vulgaris,FALSE
SH7148,Torilis japonica,FALSE
SH7148,Tragopogon pratensis,FALSE
SH7148,Trientalis europaea,FALSE
SH7148,Trifolium arvense,FALSE
SH7148,Trifolium campestre,FALSE
SH7148,Trifolium constantinopolitanum,FALSE
SH7148,Trifolium dubium,FALSE
SH7148,Trifolium pratense,FALSE
SH7148,Trifolium repens,FALSE
SH7148,Tripleurospermum inodorum,FALSE
SH7148,Tripleurospermum maritimum,FALSE
SH7148,Turgenia latifolia,FALSE
SH7148,Ulex europaeus,FALSE
SH7148,Ulex gallii,FALSE
SH7148,Urtica dioica,FALSE
SH7148,Vaccinium myrtillus,TRUE
SH7148,Vaccinium oxycoccos,FALSE
SH7148,Vaccinium vitis,FALSE
SH7148,Valeriana dioica,FALSE
SH7148,Valeriana officinalis,FALSE
SH7148,Verbena officinalis,FALSE
SH7148,Verbena x,FALSE
SH7148,Veronica agrestis,FALSE
SH7148,Veronica arvensis,FALSE
SH7148,Veronica beccabunga,FALSE
SH7148,Veronica chamaedrys,FALSE
SH7148,Veronica hederifolia,FALSE
SH7148,Veronica montana,FALSE
SH7148,Veronica officinalis,FALSE
SH7148,Veronica persica,FALSE
SH7148,Veronica polita,FALSE
SH7148,Veronica serpyllifolia,FALSE
SH7148,Vicia benghalensis,FALSE
SH7148,Vicia cracca,FALSE
SH7148,Vicia faba,FALSE
SH7148,Vicia hirsuta,FALSE
SH7148,Vicia lutea,FALSE
SH7148,Vicia sativa,FALSE
SH7148,Vicia sepium,FALSE
SH7148,Vicia spp,FALSE
SH7148,Vicia tetrasperma,FALSE
SH7148,Viola arvensis,FALSE
SH7148,Viola canina,FALSE
SH7148,Viola palustris,FALSE
SH7148,Viola riviniana,FALSE
SH7148,Zea mays,FALSE
SH8170,Acer pseudoplatanus,FALSE
SH8170,Achillea millefolium,FALSE
SH8170,Achillea ptarmica,FALSE
SH8170,Aegopodium podagraria,FALSE
SH8170,Aethusa cynapium,FALSE
SH8170,Ajuga reptans,FALSE
SH8170,Alliaria petiolata,FALSE
SH8170,Alnus glutinosa,FALSE
SH8170,Anagallis arvensis,FALSE
SH8170,Anchusa arvensis,FALSE
SH8170,Anemone nemorosa,FALSE
SH8170,Angelica sylvestris,FALSE
SH8170,Anthemis cotula,FALSE
SH8170,Anthriscus caucalis,FALSE
SH8170,Anthriscus sylvestris,FALSE
SH8170,Apium nodiflorum,FALSE
SH8170,Armeria maritima,FALSE
SH8170,Artemisia absinthium,FALSE
SH8170,Artemisia annua,FALSE
SH8170,Artemisia vulgaris,FALSE
SH8170,Aster tripolium,FALSE
SH8170,Atriplex patula,FALSE
SH8170,Atriplex portulacoides,FALSE
SH8170,Ballota nigra,FALSE
SH8170,Barbarea vulgaris,FALSE
SH8170,Bellis perennis,FALSE
SH8170,Berula erecta,FALSE
SH8170,Brassica napus,FALSE
SH8170,Brassica oleracea,FALSE
SH8170,Brassica rapa,FALSE
SH8170,Bryonia dioica,FALSE
SH8170,Buddleja davidii,FALSE
SH8170,Bupleurum tenuissimum,FALSE
SH8170,Calluna vulgaris,FALSE
SH8170,Caltha palustris,FALSE
SH8170,Calystegia sepium,FALSE
SH8170,Campanula rotundifolia,FALSE
SH8170,Capsella bursa,FALSE
SH8170,Cardamine flexuosa,FALSE
SH8170,Cardamine hirsuta,FALSE
SH8170,Cardamine pratensis,FALSE
SH8170,Carduus nutans,FALSE
SH8170,Carum verticillatum,FALSE
SH8170,Centaurea cyanus,FALSE
SH8170,Centaurea nigra,FALSE
SH8170,Centaurea scabiosa,FALSE
SH8170,Centaurium erythraea,FALSE
SH8170,Cerastium arvense,FALSE
SH8170,Cerastium fontanum,TRUE
SH8170,Cerastium glomeratum,FALSE
SH8170,Ceratocapnos claviculata,FALSE
SH8170,Chaerophyllum temulum,FALSE
SH8170,Chamaemelum nobile,FALSE
SH8170,Chamerion angustifolium,FALSE
SH8170,Chenopodium album,FALSE
SH8170,Chenopodium ficifolium,FALSE
SH8170,Chenopodium quinoa,FALSE
SH8170,Cichorium intybus,FALSE
SH8170,Circaea lutetiana,FALSE
SH8170,Cirsium arvense,TRUE
SH8170,Cirsium eriophorum,FALSE
SH8170,Cirsium palustre,TRUE
SH8170,Cirsium vulgare,FALSE
SH8170,Clematis vitalba,FALSE
SH8170,Clinopodium vulgare,FALSE
SH8170,Conium maculatum,FALSE
SH8170,Conopodium majus,FALSE
SH8170,Convolvulus arvensis,FALSE
SH8170,Conyza canadensis,FALSE
SH8170,Cotoneaster salicifolius,FALSE
SH8170,Crataegus monogyna,TRUE
SH8170,Crepis capillaris,TRUE
SH8170,Crepis vesicaria,FALSE
SH8170,Cruciata laevipes,FALSE
SH8170,Cytisus scoparius,FALSE
SH8170,Dactylorhiza fuchsii,FALSE
SH8170,Dactylorhiza maculata,FALSE
SH8170,Daucus carota,FALSE
SH8170,Digitalis ferruginea,FALSE
SH8170,Digitalis grandiflora,FALSE
SH8170,Digitalis purpurea,TRUE
SH8170,Dioscorea communis,FALSE
SH8170,Doronicum plantagineum,FALSE
SH8170,Drosera anglica,FALSE
SH8170,Drosera rotundifolia,FALSE
SH8170,Dryas octopetala,FALSE
SH8170,Epilobium hirsutum,FALSE
SH8170,Epilobium montanum,TRUE
SH8170,Epilobium obscurum,FALSE
SH8170,Epilobium palustre,FALSE
SH8170,Epilobium parviflorum,FALSE
SH8170,Epilobium roseum,FALSE
SH8170,Epilobium tetragonum,FALSE
SH8170,Erica cinerea,FALSE
SH8170,Erica tetralix,FALSE
SH8170,Eriophorum vaginatum,FALSE
SH8170,Eupatorium cannabinum,FALSE
SH8170,Euphorbia exigua,FALSE
SH8170,Euphorbia helioscopia,FALSE
SH8170,Euphrasia officinalis,FALSE
SH8170,Fagopyrum esculentum,FALSE
SH8170,Fallopia convolvulus,FALSE
SH8170,Filipendula ulmaria,FALSE
SH8170,Fumaria officinalis,FALSE
SH8170,Galeopsis speciosa,FALSE
SH8170,Galeopsis tetrahit,FALSE
SH8170,Galium aparine,FALSE
SH8170,Galium mollugo,FALSE
SH8170,Galium odoratum,FALSE
SH8170,Galium palustre,FALSE
SH8170,Galium saxatile,FALSE
SH8170,Galium verum,FALSE
SH8170,Genista anglica,FALSE
SH8170,Geranium dissectum,FALSE
SH8170,Geranium molle,FALSE
SH8170,Geranium nodosum,FALSE
SH8170,Geranium pratense,FALSE
SH8170,Geranium pyrenaicum,FALSE
SH8170,Geranium robertianum,TRUE
SH8170,Geum urbanum,FALSE
SH8170,Glechoma hederacea,FALSE
SH8170,Hedera helix,FALSE
SH8170,Helianthus annuus,FALSE
SH8170,Heracleum mantegazzianum,FALSE
SH8170,Heracleum sphondylium,FALSE
SH8170,Hippocrepis comosa,FALSE
SH8170,Hordeum vulgare,FALSE
SH8170,Hyacinthoides non,TRUE
SH8170,Hypericum forrestii,FALSE
SH8170,Hypericum perforatum,FALSE
SH8170,Hypericum pulchrum,FALSE
SH8170,Hypericum tetrapterum,FALSE
SH8170,Hypochaeris radicata,TRUE
SH8170,Ilex aquifolium,FALSE
SH8170,Impatiens glandulifera,FALSE
SH8170,Impatiens parviflora,FALSE
SH8170,Iris pseudacorus,FALSE
SH8170,Jacobaea erucifolia,FALSE
SH8170,Jacobaea vulgaris,FALSE
SH8170,Jasione montana,FALSE
SH8170,Juncus conglomeratus,FALSE
SH8170,Juncus effusus,FALSE
SH8170,Knautia arvensis,FALSE
SH8170,Lactuca serriola,FALSE
SH8170,Lamium album,FALSE
SH8170,Lamium galeobdolon,FALSE
SH8170,Lamium purpureum,FALSE
SH8170,Lapsana communis,FALSE
SH8170,Lathyrus aphaca,FALSE
SH8170,Lathyrus linifolius,FALSE
SH8170,Lathyrus pratensis,FALSE
SH8170,Leontodon hispidus,FALSE
SH8170,Leontodon saxatilis,FALSE
SH8170,Leucanthemum vulgare,FALSE
SH8170,Ligusticum scoticum,FALSE
SH8170,Limonium vulgare,FALSE
SH8170,Linaria vulgaris,FALSE
SH8170,Linum catharticum,FALSE
SH8170,Linum usitatissimum,FALSE
SH8170,Lonicera caprifolium,FALSE
SH8170,Lonicera periclymenum,FALSE
SH8170,Lotus angustissimus,FALSE
SH8170,Lotus corniculatus,TRUE
SH8170,Lotus pedunculatus,TRUE
SH8170,Lotus subbiflorus,FALSE
SH8170,Luzula campestris,FALSE
SH8170,Lysimachia nemorum,FALSE
SH8170,Lysimachia punctata,FALSE
SH8170,Lysimachia vulgaris,FALSE
SH8170,Lythrum alatum,FALSE
SH8170,Lythrum salicaria,FALSE
SH8170,Malva sylvestris,FALSE
SH8170,Matricaria chamomilla,FALSE
SH8170,Matricaria discoidea,FALSE
SH8170,Medicago lupulina,TRUE
SH8170,Melampyrum pratense,FALSE
SH8170,Mentha aquatica,FALSE
SH8170,Mentha arvensis,FALSE
SH8170,Mercurialis perennis,FALSE
SH8170,Myosotis arvensis,FALSE
SH8170,Myosotis discolor,FALSE
SH8170,Myosotis sylvatica,FALSE
SH8170,Narthecium ossifragum,FALSE
SH8170,Odontites vernus,FALSE
SH8170,Oenanthe crocata,FALSE
SH8170,Origanum vulgare,FALSE
SH8170,Ornithopus perpusillus,FALSE
SH8170,Oxalis acetosella,FALSE
SH8170,Panicum miliaceum,FALSE
SH8170,Papaver rhoeas,FALSE
SH8170,Pedicularis sylvatica,FALSE
SH8170,Persicaria amplexicaulis,FALSE
SH8170,Persicaria bistorta,FALSE
SH8170,Persicaria hydropiper,FALSE
SH8170,Persicaria lapathifolia,FALSE
SH8170,Persicaria maculosa,FALSE
SH8170,Peucedanum ostruthium,FALSE
SH8170,Picris echioides,FALSE
SH8170,Picris hieracioides,FALSE
SH8170,Pilosella officinarum,FALSE
SH8170,Pimpinella saxifraga,FALSE
SH8170,Pinguicula vulgaris,FALSE
SH8170,Plantago lanceolata,FALSE
SH8170,Plantago major,FALSE
SH8170,Plantago maritima,FALSE
SH8170,Poa annua,FALSE
SH8170,Polygala serpyllifolia,FALSE
SH8170,Polygala vulgaris,FALSE
SH8170,Polygonum aviculare,FALSE
SH8170,Potentilla anglica,FALSE
SH8170,Potentilla anserina,FALSE
SH8170,Potentilla erecta,FALSE
SH8170,Potentilla recta,FALSE
SH8170,Potentilla reptans,FALSE
SH8170,Prunella vulgaris,TRUE
SH8170,Prunus spinosa,FALSE
SH8170,Pulicaria dysenterica,FALSE
SH8170,Ranunculus acris,FALSE
SH8170,Ranunculus bulbosus,FALSE
SH8170,Ranunculus ficaria,FALSE
SH8170,Ranunculus flammula,FALSE
SH8170,Ranunculus repens,TRUE
SH8170,Ranunculus sardous,FALSE
SH8170,Raphanus raphanistrum,FALSE
SH8170,Raphanus sativus,FALSE
SH8170,Rhinanthus minor,FALSE
SH8170,Rosa arvensis,FALSE
SH8170,Rosa canina,FALSE
SH8170,Rubus caesius,FALSE
SH8170,Rubus fruticosus,TRUE
SH8170,Rubus idaeus,FALSE
SH8170,Rumex acetosa,FALSE
SH8170,Rumex acetosella,FALSE
SH8170,Rumex crispus,FALSE
SH8170,Rumex obtusifolius,TRUE
SH8170,Rumex sanguineus,FALSE
SH8170,Sagina saginoides,FALSE
SH8170,Sambucus nigra,FALSE
SH8170,Sanguisorba officinalis,FALSE
SH8170,Scorzoneroides autumnalis,TRUE
SH8170,Scrophularia auriculata,FALSE
SH8170,Scrophularia nodosa,FALSE
SH8170,Sedum anglicum,FALSE
SH8170,Senecio erucifolius,FALSE
SH8170,Senecio jacobaea,FALSE
SH8170,Senecio vulgaris,FALSE
SH8170,Sherardia arvensis,FALSE
SH8170,Silene dioica,FALSE
SH8170,Silene latifolia,FALSE
SH8170,Silybum marianum,FALSE
SH8170,Sinapis alba,FALSE
SH8170,Sinapis arvensis,FALSE
SH8170,Sisymbrium officinale,FALSE
SH8170,Solanum dulcamara,FALSE
SH8170,Solanum nigrum,FALSE
SH8170,Solanum tuberosum,FALSE
SH8170,Sonchus arvensis,FALSE
SH8170,Sonchus asper,FALSE
SH8170,Sonchus oleraceus,FALSE
SH8170,Sorbus aucuparia,FALSE
SH8170,Spergula arvensis,FALSE
SH8170,Spergularia media,FALSE
SH8170,Stachys arvensis,FALSE
SH8170,Stachys palustris,FALSE
SH8170,Stachys sylvatica,FALSE
SH8170,Stellaria alsine,FALSE
SH8170,Stellaria graminea,TRUE
SH8170,Stellaria holostea,FALSE
SH8170,Stellaria media,FALSE
SH8170,Suaeda maritima,FALSE
SH8170,Succisa pratensis,FALSE
SH8170,Symphytum officinale,FALSE
SH8170,Taraxacum agg,FALSE
SH8170,Taraxacum officinale,TRUE
SH8170,Teucrium scorodonia,TRUE
SH8170,Thlaspi arvense,FALSE
SH8170,Thymus polytrichus,FALSE
SH8170,Thymus vulgaris,FALSE
SH8170,Torilis japonica,FALSE
SH8170,Tragopogon pratensis,FALSE
SH8170,Trientalis europaea,FALSE
SH8170,Trifolium arvense,FALSE
SH8170,Trifolium campestre,FALSE
SH8170,Trifolium constantinopolitanum,FALSE
SH8170,Trifolium dubium,TRUE
SH8170,Trifolium pratense,FALSE
SH8170,Trifolium repens,TRUE
SH8170,Tripleurospermum inodorum,FALSE
SH8170,Tripleurospermum maritimum,FALSE
SH8170,Turgenia latifolia,FALSE
SH8170,Ulex europaeus,FALSE
SH8170,Ulex gallii,FALSE
SH8170,Urtica dioica,TRUE
SH8170,Vaccinium myrtillus,FALSE
SH8170,Vaccinium oxycoccos,FALSE
SH8170,Vaccinium vitis,FALSE
SH8170,Valeriana dioica,FALSE
SH8170,Valeriana officinalis,FALSE
SH8170,Verbena officinalis,FALSE
SH8170,Verbena x,FALSE
SH8170,Veronica agrestis,FALSE
SH8170,Veronica arvensis,FALSE
SH8170,Veronica beccabunga,FALSE
SH8170,Veronica chamaedrys,TRUE
SH8170,Veronica hederifolia,FALSE
SH8170,Veronica montana,FALSE
SH8170,Veronica officinalis,FALSE
SH8170,Veronica persica,FALSE
SH8170,Veronica polita,FALSE
SH8170,Veronica serpyllifolia,TRUE
SH8170,Vicia benghalensis,FALSE
SH8170,Vicia cracca,FALSE
SH8170,Vicia faba,FALSE
SH8170,Vicia hirsuta,FALSE
SH8170,Vicia lutea,FALSE
SH8170,Vicia sativa,FALSE
SH8170,Vicia sepium,FALSE
SH8170,Vicia spp,FALSE
SH8170,Vicia tetrasperma,FALSE
SH8170,Viola arvensis,FALSE
SH8170,Viola canina,FALSE
SH8170,Viola palustris,FALSE
SH8170,Viola riviniana,FALSE
SH8170,Zea mays,FALSE
SH8207,Acer pseudoplatanus,FALSE
SH8207,Achillea millefolium,FALSE
SH8207,Achillea ptarmica,FALSE
SH8207,Aegopodium podagraria,FALSE
SH8207,Aethusa cynapium,FALSE
SH8207,Ajuga reptans,FALSE
SH8207,Alliaria petiolata,FALSE
SH8207,Alnus glutinosa,FALSE
SH8207,Anagallis arvensis,FALSE
SH8207,Anchusa arvensis,FALSE
SH8207,Anemone nemorosa,FALSE
SH8207,Angelica sylvestris,FALSE
SH8207,Anthemis cotula,FALSE
SH8207,Anthriscus caucalis,FALSE
SH8207,Anthriscus sylvestris,FALSE
SH8207,Apium nodiflorum,FALSE
SH8207,Armeria maritima,FALSE
SH8207,Artemisia absinthium,FALSE
SH8207,Artemisia annua,FALSE
SH8207,Artemisia vulgaris,FALSE
SH8207,Aster tripolium,FALSE
SH8207,Atriplex patula,FALSE
SH8207,Atriplex portulacoides,FALSE
SH8207,Ballota nigra,FALSE
SH8207,Barbarea vulgaris,FALSE
SH8207,Bellis perennis,FALSE
SH8207,Berula erecta,FALSE
SH8207,Brassica napus,FALSE
SH8207,Brassica oleracea,FALSE
SH8207,Brassica rapa,FALSE
SH8207,Bryonia dioica,FALSE
SH8207,Buddleja davidii,FALSE
SH8207,Bupleurum tenuissimum,FALSE
SH8207,Calluna vulgaris,FALSE
SH8207,Caltha palustris,FALSE
SH8207,Calystegia sepium,FALSE
SH8207,Campanula rotundifolia,FALSE
SH8207,Capsella bursa,FALSE
SH8207,Cardamine flexuosa,FALSE
SH8207,Cardamine hirsuta,FALSE
SH8207,Cardamine pratensis,TRUE
SH8207,Carduus nutans,FALSE
SH8207,Carum verticillatum,FALSE
SH8207,Centaurea cyanus,FALSE
SH8207,Centaurea nigra,FALSE
SH8207,Centaurea scabiosa,FALSE
SH8207,Centaurium erythraea,FALSE
SH8207,Cerastium arvense,FALSE
SH8207,Cerastium fontanum,TRUE
SH8207,Cerastium glomeratum,FALSE
SH8207,Ceratocapnos claviculata,FALSE
SH8207,Chaerophyllum temulum,FALSE
SH8207,Chamaemelum nobile,FALSE
SH8207,Chamerion angustifolium,FALSE
SH8207,Chenopodium album,FALSE
SH8207,Chenopodium ficifolium,FALSE
SH8207,Chenopodium quinoa,FALSE
SH8207,Cichorium intybus,FALSE
SH8207,Circaea lutetiana,FALSE
SH8207,Cirsium arvense,TRUE
SH8207,Cirsium eriophorum,FALSE
SH8207,Cirsium palustre,TRUE
SH8207,Cirsium vulgare,TRUE
SH8207,Clematis vitalba,FALSE
SH8207,Clinopodium vulgare,FALSE
SH8207,Conium maculatum,FALSE
SH8207,Conopodium majus,FALSE
SH8207,Convolvulus arvensis,FALSE
SH8207,Conyza canadensis,FALSE
SH8207,Cotoneaster salicifolius,FALSE
SH8207,Crataegus monogyna,FALSE
SH8207,Crepis capillaris,FALSE
SH8207,Crepis vesicaria,FALSE
SH8207,Cruciata laevipes,FALSE
SH8207,Cytisus scoparius,FALSE
SH8207,Dactylorhiza fuchsii,FALSE
SH8207,Dactylorhiza maculata,FALSE
SH8207,Daucus carota,FALSE
SH8207,Digitalis ferruginea,FALSE
SH8207,Digitalis grandiflora,FALSE
SH8207,Digitalis purpurea,TRUE
SH8207,Dioscorea communis,FALSE
SH8207,Doronicum plantagineum,FALSE
SH8207,Drosera anglica,FALSE
SH8207,Drosera rotundifolia,FALSE
SH8207,Dryas octopetala,FALSE
SH8207,Epilobium hirsutum,FALSE
SH8207,Epilobium montanum,FALSE
SH8207,Epilobium obscurum,FALSE
SH8207,Epilobium palustre,FALSE
SH8207,Epilobium parviflorum,FALSE
SH8207,Epilobium roseum,FALSE
SH8207,Epilobium tetragonum,FALSE
SH8207,Erica cinerea,FALSE
SH8207,Erica tetralix,FALSE
SH8207,Eriophorum vaginatum,FALSE
SH8207,Eupatorium cannabinum,FALSE
SH8207,Euphorbia exigua,FALSE
SH8207,Euphorbia helioscopia,FALSE
SH8207,Euphrasia officinalis,FALSE
SH8207,Fagopyrum esculentum,FALSE
SH8207,Fallopia convolvulus,FALSE
SH8207,Filipendula ulmaria,FALSE
SH8207,Fumaria officinalis,FALSE
SH8207,Galeopsis speciosa,FALSE
SH8207,Galeopsis tetrahit,FALSE
SH8207,Galium aparine,FALSE
SH8207,Galium mollugo,FALSE
SH8207,Galium odoratum,FALSE
SH8207,Galium palustre,TRUE
SH8207,Galium saxatile,FALSE
SH8207,Galium verum,FALSE
SH8207,Genista anglica,FALSE
SH8207,Geranium dissectum,FALSE
SH8207,Geranium molle,FALSE
SH8207,Geranium nodosum,FALSE
SH8207,Geranium pratense,FALSE
SH8207,Geranium pyrenaicum,FALSE
SH8207,Geranium robertianum,FALSE
SH8207,Geum urbanum,FALSE
SH8207,Glechoma hederacea,TRUE
SH8207,Hedera helix,FALSE
SH8207,Helianthus annuus,FALSE
SH8207,Heracleum mantegazzianum,FALSE
SH8207,Heracleum sphondylium,FALSE
SH8207,Hippocrepis comosa,FALSE
SH8207,Hordeum vulgare,FALSE
SH8207,Hyacinthoides non,FALSE
SH8207,Hypericum forrestii,FALSE
SH8207,Hypericum perforatum,FALSE
SH8207,Hypericum pulchrum,FALSE
SH8207,Hypericum tetrapterum,FALSE
SH8207,Hypochaeris radicata,FALSE
SH8207,Ilex aquifolium,FALSE
SH8207,Impatiens glandulifera,FALSE
SH8207,Impatiens parviflora,FALSE
SH8207,Iris pseudacorus,FALSE
SH8207,Jacobaea erucifolia,FALSE
SH8207,Jacobaea vulgaris,FALSE
SH8207,Jasione montana,FALSE
SH8207,Juncus conglomeratus,FALSE
SH8207,Juncus effusus,FALSE
SH8207,Knautia arvensis,FALSE
SH8207,Lactuca serriola,FALSE
SH8207,Lamium album,FALSE
SH8207,Lamium galeobdolon,FALSE
SH8207,Lamium purpureum,FALSE
SH8207,Lapsana communis,FALSE
SH8207,Lathyrus aphaca,FALSE
SH8207,Lathyrus linifolius,FALSE
SH8207,Lathyrus pratensis,FALSE
SH8207,Leontodon hispidus,FALSE
SH8207,Leontodon saxatilis,FALSE
SH8207,Leucanthemum vulgare,FALSE
SH8207,Ligusticum scoticum,FALSE
SH8207,Limonium vulgare,FALSE
SH8207,Linaria vulgaris,FALSE
SH8207,Linum catharticum,FALSE
SH8207,Linum usitatissimum,FALSE
SH8207,Lonicera caprifolium,FALSE
SH8207,Lonicera periclymenum,FALSE
SH8207,Lotus angustissimus,FALSE
SH8207,Lotus corniculatus,TRUE
SH8207,Lotus pedunculatus,FALSE
SH8207,Lotus subbiflorus,FALSE
SH8207,Luzula campestris,TRUE
SH8207,Lysimachia nemorum,TRUE
SH8207,Lysimachia punctata,FALSE
SH8207,Lysimachia vulgaris,FALSE
SH8207,Lythrum alatum,FALSE
SH8207,Lythrum salicaria,FALSE
SH8207,Malva sylvestris,FALSE
SH8207,Matricaria chamomilla,FALSE
SH8207,Matricaria discoidea,FALSE
SH8207,Medicago lupulina,TRUE
SH8207,Melampyrum pratense,FALSE
SH8207,Mentha aquatica,FALSE
SH8207,Mentha arvensis,FALSE
SH8207,Mercurialis perennis,FALSE
SH8207,Myosotis arvensis,FALSE
SH8207,Myosotis discolor,FALSE
SH8207,Myosotis sylvatica,FALSE
SH8207,Narthecium ossifragum,FALSE
SH8207,Odontites vernus,FALSE
SH8207,Oenanthe crocata,FALSE
SH8207,Origanum vulgare,FALSE
SH8207,Ornithopus perpusillus,FALSE
SH8207,Oxalis acetosella,FALSE
SH8207,Panicum miliaceum,FALSE
SH8207,Papaver rhoeas,FALSE
SH8207,Pedicularis sylvatica,FALSE
SH8207,Persicaria amplexicaulis,FALSE
SH8207,Persicaria bistorta,FALSE
SH8207,Persicaria hydropiper,FALSE
SH8207,Persicaria lapathifolia,FALSE
SH8207,Persicaria maculosa,FALSE
SH8207,Peucedanum ostruthium,FALSE
SH8207,Picris echioides,FALSE
SH8207,Picris hieracioides,FALSE
SH8207,Pilosella officinarum,FALSE
SH8207,Pimpinella saxifraga,FALSE
SH8207,Pinguicula vulgaris,FALSE
SH8207,Plantago lanceolata,TRUE
SH8207,Plantago major,FALSE
SH8207,Plantago maritima,FALSE
SH8207,Poa annua,FALSE
SH8207,Polygala serpyllifolia,FALSE
SH8207,Polygala vulgaris,FALSE
SH8207,Polygonum aviculare,FALSE
SH8207,Potentilla anglica,FALSE
SH8207,Potentilla anserina,FALSE
SH8207,Potentilla erecta,TRUE
SH8207,Potentilla recta,FALSE
SH8207,Potentilla reptans,FALSE
SH8207,Prunella vulgaris,TRUE
SH8207,Prunus spinosa,FALSE
SH8207,Pulicaria dysenterica,FALSE
SH8207,Ranunculus acris,FALSE
SH8207,Ranunculus bulbosus,FALSE
SH8207,Ranunculus ficaria,FALSE
SH8207,Ranunculus flammula,FALSE
SH8207,Ranunculus repens,TRUE
SH8207,Ranunculus sardous,FALSE
SH8207,Raphanus raphanistrum,FALSE
SH8207,Raphanus sativus,FALSE
SH8207,Rhinanthus minor,FALSE
SH8207,Rosa arvensis,FALSE
SH8207,Rosa canina,FALSE
SH8207,Rubus caesius,FALSE
SH8207,Rubus fruticosus,FALSE
SH8207,Rubus idaeus,FALSE
SH8207,Rumex acetosa,FALSE
SH8207,Rumex acetosella,TRUE
SH8207,Rumex crispus,FALSE
SH8207,Rumex obtusifolius,FALSE
SH8207,Rumex sanguineus,FALSE
SH8207,Sagina saginoides,TRUE
SH8207,Sambucus nigra,FALSE
SH8207,Sanguisorba officinalis,FALSE
SH8207,Scorzoneroides autumnalis,TRUE
SH8207,Scrophularia auriculata,FALSE
SH8207,Scrophularia nodosa,FALSE
SH8207,Sedum anglicum,FALSE
SH8207,Senecio erucifolius,FALSE
SH8207,Senecio jacobaea,FALSE
SH8207,Senecio vulgaris,FALSE
SH8207,Sherardia arvensis,FALSE
SH8207,Silene dioica,FALSE
SH8207,Silene latifolia,FALSE
SH8207,Silybum marianum,FALSE
SH8207,Sinapis alba,FALSE
SH8207,Sinapis arvensis,FALSE
SH8207,Sisymbrium officinale,FALSE
SH8207,Solanum dulcamara,FALSE
SH8207,Solanum nigrum,FALSE
SH8207,Solanum tuberosum,FALSE
SH8207,Sonchus arvensis,FALSE
SH8207,Sonchus asper,FALSE
SH8207,Sonchus oleraceus,FALSE
SH8207,Sorbus aucuparia,FALSE
SH8207,Spergula arvensis,FALSE
SH8207,Spergularia media,FALSE
SH8207,Stachys arvensis,FALSE
SH8207,Stachys palustris,FALSE
SH8207,Stachys sylvatica,FALSE
SH8207,Stellaria alsine,FALSE
SH8207,Stellaria graminea,TRUE
SH8207,Stellaria holostea,FALSE
SH8207,Stellaria media,TRUE
SH8207,Suaeda maritima,FALSE
SH8207,Succisa pratensis,FALSE
SH8207,Symphytum officinale,FALSE
SH8207,Taraxacum agg,FALSE
SH8207,Taraxacum officinale,FALSE
SH8207,Teucrium scorodonia,FALSE
SH8207,Thlaspi arvense,FALSE
SH8207,Thymus polytrichus,FALSE
SH8207,Thymus vulgaris,FALSE
SH8207,Torilis japonica,FALSE
SH8207,Tragopogon pratensis,FALSE
SH8207,Trientalis europaea,FALSE
SH8207,Trifolium arvense,FALSE
SH8207,Trifolium campestre,FALSE
SH8207,Trifolium constantinopolitanum,FALSE
SH8207,Trifolium dubium,FALSE
SH8207,Trifolium pratense,FALSE
SH8207,Trifolium repens,TRUE
SH8207,Tripleurospermum inodorum,FALSE
SH8207,Tripleurospermum maritimum,FALSE
SH8207,Turgenia latifolia,FALSE
SH8207,Ulex europaeus,FALSE
SH8207,Ulex gallii,FALSE
SH8207,Urtica dioica,TRUE
SH8207,Vaccinium myrtillus,FALSE
SH8207,Vaccinium oxycoccos,FALSE
SH8207,Vaccinium vitis,FALSE
SH8207,Valeriana dioica,FALSE
SH8207,Valeriana officinalis,FALSE
SH8207,Verbena officinalis,FALSE
SH8207,Verbena x,FALSE
SH8207,Veronica agrestis,FALSE
SH8207,Veronica arvensis,FALSE
SH8207,Veronica beccabunga,FALSE
SH8207,Veronica chamaedrys,TRUE
SH8207,Veronica hederifolia,FALSE
SH8207,Veronica montana,FALSE
SH8207,Veronica officinalis,FALSE
SH8207,Veronica persica,FALSE
SH8207,Veronica polita,FALSE
SH8207,Veronica serpyllifolia,TRUE
SH8207,Vicia benghalensis,FALSE
SH8207,Vicia cracca,FALSE
SH8207,Vicia faba,FALSE
SH8207,Vicia hirsuta,FALSE
SH8207,Vicia lutea,FALSE
SH8207,Vicia sativa,FALSE
SH8207,Vicia sepium,FALSE
SH8207,Vicia spp,FALSE
SH8207,Vicia tetrasperma,FALSE
SH8207,Viola arvensis,FALSE
SH8207,Viola canina,FALSE
SH8207,Viola palustris,FALSE
SH8207,Viola riviniana,FALSE
SH8207,Zea mays,FALSE
SK0484,Acer pseudoplatanus,FALSE
SK0484,Achillea millefolium,TRUE
SK0484,Achillea ptarmica,FALSE
SK0484,Aegopodium podagraria,FALSE
SK0484,Aethusa cynapium,FALSE
SK0484,Ajuga reptans,FALSE
SK0484,Alliaria petiolata,FALSE
SK0484,Alnus glutinosa,FALSE
SK0484,Anagallis arvensis,FALSE
SK0484,Anchusa arvensis,FALSE
SK0484,Anemone nemorosa,FALSE
SK0484,Angelica sylvestris,FALSE
SK0484,Anthemis cotula,FALSE
SK0484,Anthriscus caucalis,FALSE
SK0484,Anthriscus sylvestris,TRUE
SK0484,Apium nodiflorum,FALSE
SK0484,Armeria maritima,FALSE
SK0484,Artemisia absinthium,FALSE
SK0484,Artemisia annua,FALSE
SK0484,Artemisia vulgaris,FALSE
SK0484,Aster tripolium,FALSE
SK0484,Atriplex patula,FALSE
SK0484,Atriplex portulacoides,FALSE
SK0484,Ballota nigra,FALSE
SK0484,Barbarea vulgaris,FALSE
SK0484,Bellis perennis,FALSE
SK0484,Berula erecta,FALSE
SK0484,Brassica napus,FALSE
SK0484,Brassica oleracea,FALSE
SK0484,Brassica rapa,FALSE
SK0484,Bryonia dioica,FALSE
SK0484,Buddleja davidii,FALSE
SK0484,Bupleurum tenuissimum,FALSE
SK0484,Calluna vulgaris,FALSE
SK0484,Caltha palustris,FALSE
SK0484,Calystegia sepium,FALSE
SK0484,Campanula rotundifolia,FALSE
SK0484,Capsella bursa,FALSE
SK0484,Cardamine flexuosa,FALSE
SK0484,Cardamine hirsuta,FALSE
SK0484,Cardamine pratensis,TRUE
SK0484,Carduus nutans,FALSE
SK0484,Carum verticillatum,FALSE
SK0484,Centaurea cyanus,FALSE
SK0484,Centaurea nigra,FALSE
SK0484,Centaurea scabiosa,FALSE
SK0484,Centaurium erythraea,FALSE
SK0484,Cerastium arvense,FALSE
SK0484,Cerastium fontanum,TRUE
SK0484,Cerastium glomeratum,FALSE
SK0484,Ceratocapnos claviculata,FALSE
SK0484,Chaerophyllum temulum,FALSE
SK0484,Chamaemelum nobile,FALSE
SK0484,Chamerion angustifolium,TRUE
SK0484,Chenopodium album,FALSE
SK0484,Chenopodium ficifolium,FALSE
SK0484,Chenopodium quinoa,FALSE
SK0484,Cichorium intybus,FALSE
SK0484,Circaea lutetiana,FALSE
SK0484,Cirsium arvense,TRUE
SK0484,Cirsium eriophorum,FALSE
SK0484,Cirsium palustre,TRUE
SK0484,Cirsium vulgare,TRUE
SK0484,Clematis vitalba,FALSE
SK0484,Clinopodium vulgare,FALSE
SK0484,Conium maculatum,FALSE
SK0484,Conopodium majus,FALSE
SK0484,Convolvulus arvensis,FALSE
SK0484,Conyza canadensis,FALSE
SK0484,Cotoneaster salicifolius,FALSE
SK0484,Crataegus monogyna,TRUE
SK0484,Crepis capillaris,FALSE
SK0484,Crepis vesicaria,FALSE
SK0484,Cruciata laevipes,FALSE
SK0484,Cytisus scoparius,FALSE
SK0484,Dactylorhiza fuchsii,FALSE
SK0484,Dactylorhiza maculata,FALSE
SK0484,Daucus carota,FALSE
SK0484,Digitalis ferruginea,FALSE
SK0484,Digitalis grandiflora,FALSE
SK0484,Digitalis purpurea,FALSE
SK0484,Dioscorea communis,FALSE
SK0484,Doronicum plantagineum,FALSE
SK0484,Drosera anglica,FALSE
SK0484,Drosera rotundifolia,FALSE
SK0484,Dryas octopetala,FALSE
SK0484,Epilobium hirsutum,FALSE
SK0484,Epilobium montanum,FALSE
SK0484,Epilobium obscurum,FALSE
SK0484,Epilobium palustre,FALSE
SK0484,Epilobium parviflorum,FALSE
SK0484,Epilobium roseum,FALSE
SK0484,Epilobium tetragonum,FALSE
SK0484,Erica cinerea,FALSE
SK0484,Erica tetralix,FALSE
SK0484,Eriophorum vaginatum,FALSE
SK0484,Eupatorium cannabinum,FALSE
SK0484,Euphorbia exigua,FALSE
SK0484,Euphorbia helioscopia,FALSE
SK0484,Euphrasia officinalis,FALSE
SK0484,Fagopyrum esculentum,FALSE
SK0484,Fallopia convolvulus,FALSE
SK0484,Filipendula ulmaria,FALSE
SK0484,Fumaria officinalis,FALSE
SK0484,Galeopsis speciosa,FALSE
SK0484,Galeopsis tetrahit,FALSE
SK0484,Galium aparine,FALSE
SK0484,Galium mollugo,FALSE
SK0484,Galium odoratum,FALSE
SK0484,Galium palustre,FALSE
SK0484,Galium saxatile,TRUE
SK0484,Galium verum,FALSE
SK0484,Genista anglica,FALSE
SK0484,Geranium dissectum,FALSE
SK0484,Geranium molle,FALSE
SK0484,Geranium nodosum,FALSE
SK0484,Geranium pratense,FALSE
SK0484,Geranium pyrenaicum,FALSE
SK0484,Geranium robertianum,FALSE
SK0484,Geum urbanum,FALSE
SK0484,Glechoma hederacea,FALSE
SK0484,Hedera helix,FALSE
SK0484,Helianthus annuus,FALSE
SK0484,Heracleum mantegazzianum,FALSE
SK0484,Heracleum sphondylium,TRUE
SK0484,Hippocrepis comosa,FALSE
SK0484,Hordeum vulgare,FALSE
SK0484,Hyacinthoides non,FALSE
SK0484,Hypericum forrestii,FALSE
SK0484,Hypericum perforatum,FALSE
SK0484,Hypericum pulchrum,FALSE
SK0484,Hypericum tetrapterum,FALSE
SK0484,Hypochaeris radicata,FALSE
SK0484,Ilex aquifolium,FALSE
SK0484,Impatiens glandulifera,FALSE
SK0484,Impatiens parviflora,FALSE
SK0484,Iris pseudacorus,FALSE
SK0484,Jacobaea erucifolia,FALSE
SK0484,Jacobaea vulgaris,FALSE
SK0484,Jasione montana,FALSE
SK0484,Juncus conglomeratus,FALSE
SK0484,Juncus effusus,FALSE
SK0484,Knautia arvensis,FALSE
SK0484,Lactuca serriola,FALSE
SK0484,Lamium album,FALSE
SK0484,Lamium galeobdolon,FALSE
SK0484,Lamium purpureum,FALSE
SK0484,Lapsana communis,FALSE
SK0484,Lathyrus aphaca,FALSE
SK0484,Lathyrus linifolius,FALSE
SK0484,Lathyrus pratensis,FALSE
SK0484,Leontodon hispidus,FALSE
SK0484,Leontodon saxatilis,FALSE
SK0484,Leucanthemum vulgare,FALSE
SK0484,Ligusticum scoticum,FALSE
SK0484,Limonium vulgare,FALSE
SK0484,Linaria vulgaris,FALSE
SK0484,Linum catharticum,FALSE
SK0484,Linum usitatissimum,FALSE
SK0484,Lonicera caprifolium,FALSE
SK0484,Lonicera periclymenum,FALSE
SK0484,Lotus angustissimus,FALSE
SK0484,Lotus corniculatus,FALSE
SK0484,Lotus pedunculatus,FALSE
SK0484,Lotus subbiflorus,FALSE
SK0484,Luzula campestris,FALSE
SK0484,Lysimachia nemorum,FALSE
SK0484,Lysimachia punctata,FALSE
SK0484,Lysimachia vulgaris,FALSE
SK0484,Lythrum alatum,FALSE
SK0484,Lythrum salicaria,FALSE
SK0484,Malva sylvestris,FALSE
SK0484,Matricaria chamomilla,FALSE
SK0484,Matricaria discoidea,FALSE
SK0484,Medicago lupulina,FALSE
SK0484,Melampyrum pratense,FALSE
SK0484,Mentha aquatica,FALSE
SK0484,Mentha arvensis,FALSE
SK0484,Mercurialis perennis,FALSE
SK0484,Myosotis arvensis,FALSE
SK0484,Myosotis discolor,FALSE
SK0484,Myosotis sylvatica,FALSE
SK0484,Narthecium ossifragum,FALSE
SK0484,Odontites vernus,FALSE
SK0484,Oenanthe crocata,FALSE
SK0484,Origanum vulgare,FALSE
SK0484,Ornithopus perpusillus,FALSE
SK0484,Oxalis acetosella,FALSE
SK0484,Panicum miliaceum,FALSE
SK0484,Papaver rhoeas,FALSE
SK0484,Pedicularis sylvatica,FALSE
SK0484,Persicaria amplexicaulis,FALSE
SK0484,Persicaria bistorta,FALSE
SK0484,Persicaria hydropiper,FALSE
SK0484,Persicaria lapathifolia,FALSE
SK0484,Persicaria maculosa,FALSE
SK0484,Peucedanum ostruthium,FALSE
SK0484,Picris echioides,FALSE
SK0484,Picris hieracioides,FALSE
SK0484,Pilosella officinarum,FALSE
SK0484,Pimpinella saxifraga,FALSE
SK0484,Pinguicula vulgaris,FALSE
SK0484,Plantago lanceolata,FALSE
SK0484,Plantago major,FALSE
SK0484,Plantago maritima,FALSE
SK0484,Poa annua,FALSE
SK0484,Polygala serpyllifolia,FALSE
SK0484,Polygala vulgaris,FALSE
SK0484,Polygonum aviculare,FALSE
SK0484,Potentilla anglica,FALSE
SK0484,Potentilla anserina,FALSE
SK0484,Potentilla erecta,TRUE
SK0484,Potentilla recta,FALSE
SK0484,Potentilla reptans,FALSE
SK0484,Prunella vulgaris,FALSE
SK0484,Prunus spinosa,FALSE
SK0484,Pulicaria dysenterica,FALSE
SK0484,Ranunculus acris,TRUE
SK0484,Ranunculus bulbosus,FALSE
SK0484,Ranunculus ficaria,FALSE
SK0484,Ranunculus flammula,FALSE
SK0484,Ranunculus repens,TRUE
SK0484,Ranunculus sardous,FALSE
SK0484,Raphanus raphanistrum,FALSE
SK0484,Raphanus sativus,FALSE
SK0484,Rhinanthus minor,TRUE
SK0484,Rosa arvensis,FALSE
SK0484,Rosa canina,FALSE
SK0484,Rubus caesius,FALSE
SK0484,Rubus fruticosus,FALSE
SK0484,Rubus idaeus,FALSE
SK0484,Rumex acetosa,FALSE
SK0484,Rumex acetosella,FALSE
SK0484,Rumex crispus,FALSE
SK0484,Rumex obtusifolius,FALSE
SK0484,Rumex sanguineus,FALSE
SK0484,Sagina saginoides,FALSE
SK0484,Sambucus nigra,FALSE
SK0484,Sanguisorba officinalis,FALSE
SK0484,Scorzoneroides autumnalis,FALSE
SK0484,Scrophularia auriculata,FALSE
SK0484,Scrophularia nodosa,FALSE
SK0484,Sedum anglicum,FALSE
SK0484,Senecio erucifolius,FALSE
SK0484,Senecio jacobaea,TRUE
SK0484,Senecio vulgaris,FALSE
SK0484,Sherardia arvensis,FALSE
SK0484,Silene dioica,FALSE
SK0484,Silene latifolia,FALSE
SK0484,Silybum marianum,FALSE
SK0484,Sinapis alba,FALSE
SK0484,Sinapis arvensis,FALSE
SK0484,Sisymbrium officinale,FALSE
SK0484,Solanum dulcamara,FALSE
SK0484,Solanum nigrum,FALSE
SK0484,Solanum tuberosum,FALSE
SK0484,Sonchus arvensis,FALSE
SK0484,Sonchus asper,FALSE
SK0484,Sonchus oleraceus,FALSE
SK0484,Sorbus aucuparia,FALSE
SK0484,Spergula arvensis,FALSE
SK0484,Spergularia media,FALSE
SK0484,Stachys arvensis,FALSE
SK0484,Stachys palustris,FALSE
SK0484,Stachys sylvatica,FALSE
SK0484,Stellaria alsine,FALSE
SK0484,Stellaria graminea,FALSE
SK0484,Stellaria holostea,FALSE
SK0484,Stellaria media,FALSE
SK0484,Suaeda maritima,FALSE
SK0484,Succisa pratensis,FALSE
SK0484,Symphytum officinale,FALSE
SK0484,Taraxacum agg,FALSE
SK0484,Taraxacum officinale,FALSE
SK0484,Teucrium scorodonia,FALSE
SK0484,Thlaspi arvense,FALSE
SK0484,Thymus polytrichus,FALSE
SK0484,Thymus vulgaris,FALSE
SK0484,Torilis japonica,FALSE
SK0484,Tragopogon pratensis,FALSE
SK0484,Trientalis europaea,FALSE
SK0484,Trifolium arvense,FALSE
SK0484,Trifolium campestre,FALSE
SK0484,Trifolium constantinopolitanum,FALSE
SK0484,Trifolium dubium,TRUE
SK0484,Trifolium pratense,TRUE
SK0484,Trifolium repens,TRUE
SK0484,Tripleurospermum inodorum,FALSE
SK0484,Tripleurospermum maritimum,FALSE
SK0484,Turgenia latifolia,FALSE
SK0484,Ulex europaeus,FALSE
SK0484,Ulex gallii,FALSE
SK0484,Urtica dioica,FALSE
SK0484,Vaccinium myrtillus,FALSE
SK0484,Vaccinium oxycoccos,FALSE
SK0484,Vaccinium vitis,FALSE
SK0484,Valeriana dioica,FALSE
SK0484,Valeriana officinalis,FALSE
SK0484,Verbena officinalis,FALSE
SK0484,Verbena x,FALSE
SK0484,Veronica agrestis,FALSE
SK0484,Veronica arvensis,FALSE
SK0484,Veronica beccabunga,FALSE
SK0484,Veronica chamaedrys,FALSE
SK0484,Veronica hederifolia,FALSE
SK0484,Veronica montana,FALSE
SK0484,Veronica officinalis,FALSE
SK0484,Veronica persica,FALSE
SK0484,Veronica polita,FALSE
SK0484,Veronica serpyllifolia,FALSE
SK0484,Vicia benghalensis,FALSE
SK0484,Vicia cracca,FALSE
SK0484,Vicia faba,FALSE
SK0484,Vicia hirsuta,FALSE
SK0484,Vicia lutea,FALSE
SK0484,Vicia sativa,FALSE
SK0484,Vicia sepium,FALSE
SK0484,Vicia spp,FALSE
SK0484,Vicia tetrasperma,FALSE
SK0484,Viola arvensis,FALSE
SK0484,Viola canina,FALSE
SK0484,Viola palustris,FALSE
SK0484,Viola riviniana,FALSE
SK0484,Zea mays,FALSE
SK1590,Acer pseudoplatanus,FALSE
SK1590,Achillea millefolium,FALSE
SK1590,Achillea ptarmica,FALSE
SK1590,Aegopodium podagraria,FALSE
SK1590,Aethusa cynapium,FALSE
SK1590,Ajuga reptans,FALSE
SK1590,Alliaria petiolata,FALSE
SK1590,Alnus glutinosa,FALSE
SK1590,Anagallis arvensis,FALSE
SK1590,Anchusa arvensis,FALSE
SK1590,Anemone nemorosa,FALSE
SK1590,Angelica sylvestris,FALSE
SK1590,Anthemis cotula,FALSE
SK1590,Anthriscus caucalis,FALSE
SK1590,Anthriscus sylvestris,FALSE
SK1590,Apium nodiflorum,FALSE
SK1590,Armeria maritima,FALSE
SK1590,Artemisia absinthium,FALSE
SK1590,Artemisia annua,FALSE
SK1590,Artemisia vulgaris,FALSE
SK1590,Aster tripolium,FALSE
SK1590,Atriplex patula,FALSE
SK1590,Atriplex portulacoides,FALSE
SK1590,Ballota nigra,FALSE
SK1590,Barbarea vulgaris,FALSE
SK1590,Bellis perennis,FALSE
SK1590,Berula erecta,FALSE
SK1590,Brassica napus,FALSE
SK1590,Brassica oleracea,FALSE
SK1590,Brassica rapa,FALSE
SK1590,Bryonia dioica,FALSE
SK1590,Buddleja davidii,FALSE
SK1590,Bupleurum tenuissimum,FALSE
SK1590,Calluna vulgaris,TRUE
SK1590,Caltha palustris,FALSE
SK1590,Calystegia sepium,FALSE
SK1590,Campanula rotundifolia,FALSE
SK1590,Capsella bursa,FALSE
SK1590,Cardamine flexuosa,FALSE
SK1590,Cardamine hirsuta,FALSE
SK1590,Cardamine pratensis,FALSE
SK1590,Carduus nutans,FALSE
SK1590,Carum verticillatum,FALSE
SK1590,Centaurea cyanus,FALSE
SK1590,Centaurea nigra,FALSE
SK1590,Centaurea scabiosa,FALSE
SK1590,Centaurium erythraea,FALSE
SK1590,Cerastium arvense,FALSE
SK1590,Cerastium fontanum,FALSE
SK1590,Cerastium glomeratum,FALSE
SK1590,Ceratocapnos claviculata,FALSE
SK1590,Chaerophyllum temulum,FALSE
SK1590,Chamaemelum nobile,FALSE
SK1590,Chamerion angustifolium,FALSE
SK1590,Chenopodium album,FALSE
SK1590,Chenopodium ficifolium,FALSE
SK1590,Chenopodium quinoa,FALSE
SK1590,Cichorium intybus,FALSE
SK1590,Circaea lutetiana,FALSE
SK1590,Cirsium arvense,FALSE
SK1590,Cirsium eriophorum,FALSE
SK1590,Cirsium palustre,FALSE
SK1590,Cirsium vulgare,FALSE
SK1590,Clematis vitalba,FALSE
SK1590,Clinopodium vulgare,FALSE
SK1590,Conium maculatum,FALSE
SK1590,Conopodium majus,FALSE
SK1590,Convolvulus arvensis,FALSE
SK1590,Conyza canadensis,FALSE
SK1590,Cotoneaster salicifolius,FALSE
SK1590,Crataegus monogyna,FALSE
SK1590,Crepis capillaris,FALSE
SK1590,Crepis vesicaria,FALSE
SK1590,Cruciata laevipes,FALSE
SK1590,Cytisus scoparius,FALSE
SK1590,Dactylorhiza fuchsii,FALSE
SK1590,Dactylorhiza maculata,FALSE
SK1590,Daucus carota,FALSE
SK1590,Digitalis ferruginea,FALSE
SK1590,Digitalis grandiflora,FALSE
SK1590,Digitalis purpurea,FALSE
SK1590,Dioscorea communis,FALSE
SK1590,Doronicum plantagineum,FALSE
SK1590,Drosera anglica,FALSE
SK1590,Drosera rotundifolia,FALSE
SK1590,Dryas octopetala,FALSE
SK1590,Epilobium hirsutum,FALSE
SK1590,Epilobium montanum,FALSE
SK1590,Epilobium obscurum,FALSE
SK1590,Epilobium palustre,FALSE
SK1590,Epilobium parviflorum,FALSE
SK1590,Epilobium roseum,FALSE
SK1590,Epilobium tetragonum,FALSE
SK1590,Erica cinerea,TRUE
SK1590,Erica tetralix,FALSE
SK1590,Eriophorum vaginatum,FALSE
SK1590,Eupatorium cannabinum,FALSE
SK1590,Euphorbia exigua,FALSE
SK1590,Euphorbia helioscopia,FALSE
SK1590,Euphrasia officinalis,FALSE
SK1590,Fagopyrum esculentum,FALSE
SK1590,Fallopia convolvulus,FALSE
SK1590,Filipendula ulmaria,FALSE
SK1590,Fumaria officinalis,FALSE
SK1590,Galeopsis speciosa,FALSE
SK1590,Galeopsis tetrahit,FALSE
SK1590,Galium aparine,FALSE
SK1590,Galium mollugo,FALSE
SK1590,Galium odoratum,FALSE
SK1590,Galium palustre,FALSE
SK1590,Galium saxatile,TRUE
SK1590,Galium verum,FALSE
SK1590,Genista anglica,FALSE
SK1590,Geranium dissectum,FALSE
SK1590,Geranium molle,FALSE
SK1590,Geranium nodosum,FALSE
SK1590,Geranium pratense,FALSE
SK1590,Geranium pyrenaicum,FALSE
SK1590,Geranium robertianum,FALSE
SK1590,Geum urbanum,FALSE
SK1590,Glechoma hederacea,FALSE
SK1590,Hedera helix,FALSE
SK1590,Helianthus annuus,FALSE
SK1590,Heracleum mantegazzianum,FALSE
SK1590,Heracleum sphondylium,FALSE
SK1590,Hippocrepis comosa,FALSE
SK1590,Hordeum vulgare,FALSE
SK1590,Hyacinthoides non,FALSE
SK1590,Hypericum forrestii,FALSE
SK1590,Hypericum perforatum,FALSE
SK1590,Hypericum pulchrum,FALSE
SK1590,Hypericum tetrapterum,FALSE
SK1590,Hypochaeris radicata,FALSE
SK1590,Ilex aquifolium,FALSE
SK1590,Impatiens glandulifera,FALSE
SK1590,Impatiens parviflora,FALSE
SK1590,Iris pseudacorus,FALSE
SK1590,Jacobaea erucifolia,FALSE
SK1590,Jacobaea vulgaris,FALSE
SK1590,Jasione montana,FALSE
SK1590,Juncus conglomeratus,FALSE
SK1590,Juncus effusus,FALSE
SK1590,Knautia arvensis,FALSE
SK1590,Lactuca serriola,FALSE
SK1590,Lamium album,FALSE
SK1590,Lamium galeobdolon,FALSE
SK1590,Lamium purpureum,FALSE
SK1590,Lapsana communis,FALSE
SK1590,Lathyrus aphaca,FALSE
SK1590,Lathyrus linifolius,FALSE
SK1590,Lathyrus pratensis,FALSE
SK1590,Leontodon hispidus,FALSE
SK1590,Leontodon saxatilis,FALSE
SK1590,Leucanthemum vulgare,FALSE
SK1590,Ligusticum scoticum,FALSE
SK1590,Limonium vulgare,FALSE
SK1590,Linaria vulgaris,FALSE
SK1590,Linum catharticum,FALSE
SK1590,Linum usitatissimum,FALSE
SK1590,Lonicera caprifolium,FALSE
SK1590,Lonicera periclymenum,FALSE
SK1590,Lotus angustissimus,FALSE
SK1590,Lotus corniculatus,FALSE
SK1590,Lotus pedunculatus,FALSE
SK1590,Lotus subbiflorus,FALSE
SK1590,Luzula campestris,FALSE
SK1590,Lysimachia nemorum,FALSE
SK1590,Lysimachia punctata,FALSE
SK1590,Lysimachia vulgaris,FALSE
SK1590,Lythrum alatum,FALSE
SK1590,Lythrum salicaria,FALSE
SK1590,Malva sylvestris,FALSE
SK1590,Matricaria chamomilla,FALSE
SK1590,Matricaria discoidea,FALSE
SK1590,Medicago lupulina,FALSE
SK1590,Melampyrum pratense,FALSE
SK1590,Mentha aquatica,FALSE
SK1590,Mentha arvensis,FALSE
SK1590,Mercurialis perennis,FALSE
SK1590,Myosotis arvensis,FALSE
SK1590,Myosotis discolor,FALSE
SK1590,Myosotis sylvatica,FALSE
SK1590,Narthecium ossifragum,FALSE
SK1590,Odontites vernus,FALSE
SK1590,Oenanthe crocata,FALSE
SK1590,Origanum vulgare,FALSE
SK1590,Ornithopus perpusillus,FALSE
SK1590,Oxalis acetosella,FALSE
SK1590,Panicum miliaceum,FALSE
SK1590,Papaver rhoeas,FALSE
SK1590,Pedicularis sylvatica,FALSE
SK1590,Persicaria amplexicaulis,FALSE
SK1590,Persicaria bistorta,FALSE
SK1590,Persicaria hydropiper,FALSE
SK1590,Persicaria lapathifolia,FALSE
SK1590,Persicaria maculosa,FALSE
SK1590,Peucedanum ostruthium,FALSE
SK1590,Picris echioides,FALSE
SK1590,Picris hieracioides,FALSE
SK1590,Pilosella officinarum,FALSE
SK1590,Pimpinella saxifraga,FALSE
SK1590,Pinguicula vulgaris,FALSE
SK1590,Plantago lanceolata,FALSE
SK1590,Plantago major,FALSE
SK1590,Plantago maritima,FALSE
SK1590,Poa annua,FALSE
SK1590,Polygala serpyllifolia,FALSE
SK1590,Polygala vulgaris,FALSE
SK1590,Polygonum aviculare,FALSE
SK1590,Potentilla anglica,FALSE
SK1590,Potentilla anserina,FALSE
SK1590,Potentilla erecta,FALSE
SK1590,Potentilla recta,FALSE
SK1590,Potentilla reptans,FALSE
SK1590,Prunella vulgaris,FALSE
SK1590,Prunus spinosa,FALSE
SK1590,Pulicaria dysenterica,FALSE
SK1590,Ranunculus acris,FALSE
SK1590,Ranunculus bulbosus,FALSE
SK1590,Ranunculus ficaria,FALSE
SK1590,Ranunculus flammula,FALSE
SK1590,Ranunculus repens,FALSE
SK1590,Ranunculus sardous,FALSE
SK1590,Raphanus raphanistrum,FALSE
SK1590,Raphanus sativus,FALSE
SK1590,Rhinanthus minor,FALSE
SK1590,Rosa arvensis,FALSE
SK1590,Rosa canina,FALSE
SK1590,Rubus caesius,FALSE
SK1590,Rubus fruticosus,FALSE
SK1590,Rubus idaeus,FALSE
SK1590,Rumex acetosa,FALSE
SK1590,Rumex acetosella,FALSE
SK1590,Rumex crispus,FALSE
SK1590,Rumex obtusifolius,FALSE
SK1590,Rumex sanguineus,FALSE
SK1590,Sagina saginoides,FALSE
SK1590,Sambucus nigra,FALSE
SK1590,Sanguisorba officinalis,FALSE
SK1590,Scorzoneroides autumnalis,FALSE
SK1590,Scrophularia auriculata,FALSE
SK1590,Scrophularia nodosa,FALSE
SK1590,Sedum anglicum,FALSE
SK1590,Senecio erucifolius,FALSE
SK1590,Senecio jacobaea,FALSE
SK1590,Senecio vulgaris,FALSE
SK1590,Sherardia arvensis,FALSE
SK1590,Silene dioica,FALSE
SK1590,Silene latifolia,FALSE
SK1590,Silybum marianum,FALSE
SK1590,Sinapis alba,FALSE
SK1590,Sinapis arvensis,FALSE
SK1590,Sisymbrium officinale,FALSE
SK1590,Solanum dulcamara,FALSE
SK1590,Solanum nigrum,FALSE
SK1590,Solanum tuberosum,FALSE
SK1590,Sonchus arvensis,FALSE
SK1590,Sonchus asper,FALSE
SK1590,Sonchus oleraceus,FALSE
SK1590,Sorbus aucuparia,FALSE
SK1590,Spergula arvensis,FALSE
SK1590,Spergularia media,FALSE
SK1590,Stachys arvensis,FALSE
SK1590,Stachys palustris,FALSE
SK1590,Stachys sylvatica,FALSE
SK1590,Stellaria alsine,FALSE
SK1590,Stellaria graminea,FALSE
SK1590,Stellaria holostea,FALSE
SK1590,Stellaria media,FALSE
SK1590,Suaeda maritima,FALSE
SK1590,Succisa pratensis,FALSE
SK1590,Symphytum officinale,FALSE
SK1590,Taraxacum agg,FALSE
SK1590,Taraxacum officinale,FALSE
SK1590,Teucrium scorodonia,FALSE
SK1590,Thlaspi arvense,FALSE
SK1590,Thymus polytrichus,FALSE
SK1590,Thymus vulgaris,FALSE
SK1590,Torilis japonica,FALSE
SK1590,Tragopogon pratensis,FALSE
SK1590,Trientalis europaea,FALSE
SK1590,Trifolium arvense,FALSE
SK1590,Trifolium campestre,FALSE
SK1590,Trifolium constantinopolitanum,FALSE
SK1590,Trifolium dubium,FALSE
SK1590,Trifolium pratense,FALSE
SK1590,Trifolium repens,FALSE
SK1590,Tripleurospermum inodorum,FALSE
SK1590,Tripleurospermum maritimum,FALSE
SK1590,Turgenia latifolia,FALSE
SK1590,Ulex europaeus,FALSE
SK1590,Ulex gallii,FALSE
SK1590,Urtica dioica,FALSE
SK1590,Vaccinium myrtillus,TRUE
SK1590,Vaccinium oxycoccos,FALSE
SK1590,Vaccinium vitis,FALSE
SK1590,Valeriana dioica,FALSE
SK1590,Valeriana officinalis,FALSE
SK1590,Verbena officinalis,FALSE
SK1590,Verbena x,FALSE
SK1590,Veronica agrestis,FALSE
SK1590,Veronica arvensis,FALSE
SK1590,Veronica beccabunga,FALSE
SK1590,Veronica chamaedrys,FALSE
SK1590,Veronica hederifolia,FALSE
SK1590,Veronica montana,FALSE
SK1590,Veronica officinalis,FALSE
SK1590,Veronica persica,FALSE
SK1590,Veronica polita,FALSE
SK1590,Veronica serpyllifolia,FALSE
SK1590,Vicia benghalensis,FALSE
SK1590,Vicia cracca,FALSE
SK1590,Vicia faba,FALSE
SK1590,Vicia hirsuta,FALSE
SK1590,Vicia lutea,FALSE
SK1590,Vicia sativa,FALSE
SK1590,Vicia sepium,FALSE
SK1590,Vicia spp,FALSE
SK1590,Vicia tetrasperma,FALSE
SK1590,Viola arvensis,FALSE
SK1590,Viola canina,FALSE
SK1590,Viola palustris,FALSE
SK1590,Viola riviniana,FALSE
SK1590,Zea mays,FALSE
SK2557,Acer pseudoplatanus,FALSE
SK2557,Achillea millefolium,FALSE
SK2557,Achillea ptarmica,FALSE
SK2557,Aegopodium podagraria,FALSE
SK2557,Aethusa cynapium,FALSE
SK2557,Ajuga reptans,FALSE
SK2557,Alliaria petiolata,FALSE
SK2557,Alnus glutinosa,FALSE
SK2557,Anagallis arvensis,FALSE
SK2557,Anchusa arvensis,FALSE
SK2557,Anemone nemorosa,FALSE
SK2557,Angelica sylvestris,FALSE
SK2557,Anthemis cotula,FALSE
SK2557,Anthriscus caucalis,FALSE
SK2557,Anthriscus sylvestris,TRUE
SK2557,Apium nodiflorum,FALSE
SK2557,Armeria maritima,FALSE
SK2557,Artemisia absinthium,FALSE
SK2557,Artemisia annua,FALSE
SK2557,Artemisia vulgaris,FALSE
SK2557,Aster tripolium,FALSE
SK2557,Atriplex patula,FALSE
SK2557,Atriplex portulacoides,FALSE
SK2557,Ballota nigra,FALSE
SK2557,Barbarea vulgaris,FALSE
SK2557,Bellis perennis,TRUE
SK2557,Berula erecta,FALSE
SK2557,Brassica napus,FALSE
SK2557,Brassica oleracea,FALSE
SK2557,Brassica rapa,FALSE
SK2557,Bryonia dioica,FALSE
SK2557,Buddleja davidii,FALSE
SK2557,Bupleurum tenuissimum,FALSE
SK2557,Calluna vulgaris,FALSE
SK2557,Caltha palustris,FALSE
SK2557,Calystegia sepium,FALSE
SK2557,Campanula rotundifolia,FALSE
SK2557,Capsella bursa,TRUE
SK2557,Cardamine flexuosa,FALSE
SK2557,Cardamine hirsuta,FALSE
SK2557,Cardamine pratensis,FALSE
SK2557,Carduus nutans,FALSE
SK2557,Carum verticillatum,FALSE
SK2557,Centaurea cyanus,FALSE
SK2557,Centaurea nigra,TRUE
SK2557,Centaurea scabiosa,FALSE
SK2557,Centaurium erythraea,FALSE
SK2557,Cerastium arvense,FALSE
SK2557,Cerastium fontanum,TRUE
SK2557,Cerastium glomeratum,FALSE
SK2557,Ceratocapnos claviculata,FALSE
SK2557,Chaerophyllum temulum,FALSE
SK2557,Chamaemelum nobile,FALSE
SK2557,Chamerion angustifolium,FALSE
SK2557,Chenopodium album,FALSE
SK2557,Chenopodium ficifolium,FALSE
SK2557,Chenopodium quinoa,FALSE
SK2557,Cichorium intybus,FALSE
SK2557,Circaea lutetiana,FALSE
SK2557,Cirsium arvense,TRUE
SK2557,Cirsium eriophorum,FALSE
SK2557,Cirsium palustre,FALSE
SK2557,Cirsium vulgare,TRUE
SK2557,Clematis vitalba,FALSE
SK2557,Clinopodium vulgare,FALSE
SK2557,Conium maculatum,FALSE
SK2557,Conopodium majus,TRUE
SK2557,Convolvulus arvensis,FALSE
SK2557,Conyza canadensis,FALSE
SK2557,Cotoneaster salicifolius,FALSE
SK2557,Crataegus monogyna,FALSE
SK2557,Crepis capillaris,FALSE
SK2557,Crepis vesicaria,FALSE
SK2557,Cruciata laevipes,TRUE
SK2557,Cytisus scoparius,FALSE
SK2557,Dactylorhiza fuchsii,FALSE
SK2557,Dactylorhiza maculata,FALSE
SK2557,Daucus carota,FALSE
SK2557,Digitalis ferruginea,FALSE
SK2557,Digitalis grandiflora,FALSE
SK2557,Digitalis purpurea,FALSE
SK2557,Dioscorea communis,FALSE
SK2557,Doronicum plantagineum,FALSE
SK2557,Drosera anglica,FALSE
SK2557,Drosera rotundifolia,FALSE
SK2557,Dryas octopetala,FALSE
SK2557,Epilobium hirsutum,FALSE
SK2557,Epilobium montanum,FALSE
SK2557,Epilobium obscurum,FALSE
SK2557,Epilobium palustre,FALSE
SK2557,Epilobium parviflorum,FALSE
SK2557,Epilobium roseum,FALSE
SK2557,Epilobium tetragonum,FALSE
SK2557,Erica cinerea,FALSE
SK2557,Erica tetralix,FALSE
SK2557,Eriophorum vaginatum,FALSE
SK2557,Eupatorium cannabinum,FALSE
SK2557,Euphorbia exigua,FALSE
SK2557,Euphorbia helioscopia,FALSE
SK2557,Euphrasia officinalis,FALSE
SK2557,Fagopyrum esculentum,FALSE
SK2557,Fallopia convolvulus,FALSE
SK2557,Filipendula ulmaria,FALSE
SK2557,Fumaria officinalis,FALSE
SK2557,Galeopsis speciosa,FALSE
SK2557,Galeopsis tetrahit,FALSE
SK2557,Galium aparine,TRUE
SK2557,Galium mollugo,FALSE
SK2557,Galium odoratum,FALSE
SK2557,Galium palustre,FALSE
SK2557,Galium saxatile,FALSE
SK2557,Galium verum,TRUE
SK2557,Genista anglica,FALSE
SK2557,Geranium dissectum,FALSE
SK2557,Geranium molle,FALSE
SK2557,Geranium nodosum,FALSE
SK2557,Geranium pratense,TRUE
SK2557,Geranium pyrenaicum,FALSE
SK2557,Geranium robertianum,FALSE
SK2557,Geum urbanum,FALSE
SK2557,Glechoma hederacea,FALSE
SK2557,Hedera helix,FALSE
SK2557,Helianthus annuus,FALSE
SK2557,Heracleum mantegazzianum,FALSE
SK2557,Heracleum sphondylium,TRUE
SK2557,Hippocrepis comosa,FALSE
SK2557,Hordeum vulgare,FALSE
SK2557,Hyacinthoides non,FALSE
SK2557,Hypericum forrestii,FALSE
SK2557,Hypericum perforatum,FALSE
SK2557,Hypericum pulchrum,FALSE
SK2557,Hypericum tetrapterum,FALSE
SK2557,Hypochaeris radicata,FALSE
SK2557,Ilex aquifolium,FALSE
SK2557,Impatiens glandulifera,FALSE
SK2557,Impatiens parviflora,FALSE
SK2557,Iris pseudacorus,FALSE
SK2557,Jacobaea erucifolia,FALSE
SK2557,Jacobaea vulgaris,FALSE
SK2557,Jasione montana,FALSE
SK2557,Juncus conglomeratus,FALSE
SK2557,Juncus effusus,FALSE
SK2557,Knautia arvensis,TRUE
SK2557,Lactuca serriola,FALSE
SK2557,Lamium album,FALSE
SK2557,Lamium galeobdolon,FALSE
SK2557,Lamium purpureum,FALSE
SK2557,Lapsana communis,FALSE
SK2557,Lathyrus aphaca,FALSE
SK2557,Lathyrus linifolius,FALSE
SK2557,Lathyrus pratensis,TRUE
SK2557,Leontodon hispidus,FALSE
SK2557,Leontodon saxatilis,FALSE
SK2557,Leucanthemum vulgare,FALSE
SK2557,Ligusticum scoticum,FALSE
SK2557,Limonium vulgare,FALSE
SK2557,Linaria vulgaris,FALSE
SK2557,Linum catharticum,FALSE
SK2557,Linum usitatissimum,FALSE
SK2557,Lonicera caprifolium,FALSE
SK2557,Lonicera periclymenum,FALSE
SK2557,Lotus angustissimus,FALSE
SK2557,Lotus corniculatus,FALSE
SK2557,Lotus pedunculatus,FALSE
SK2557,Lotus subbiflorus,FALSE
SK2557,Luzula campestris,FALSE
SK2557,Lysimachia nemorum,FALSE
SK2557,Lysimachia punctata,FALSE
SK2557,Lysimachia vulgaris,FALSE
SK2557,Lythrum alatum,FALSE
SK2557,Lythrum salicaria,FALSE
SK2557,Malva sylvestris,FALSE
SK2557,Matricaria chamomilla,FALSE
SK2557,Matricaria discoidea,TRUE
SK2557,Medicago lupulina,FALSE
SK2557,Melampyrum pratense,FALSE
SK2557,Mentha aquatica,FALSE
SK2557,Mentha arvensis,FALSE
SK2557,Mercurialis perennis,FALSE
SK2557,Myosotis arvensis,FALSE
SK2557,Myosotis discolor,FALSE
SK2557,Myosotis sylvatica,FALSE
SK2557,Narthecium ossifragum,FALSE
SK2557,Odontites vernus,FALSE
SK2557,Oenanthe crocata,FALSE
SK2557,Origanum vulgare,FALSE
SK2557,Ornithopus perpusillus,FALSE
SK2557,Oxalis acetosella,FALSE
SK2557,Panicum miliaceum,FALSE
SK2557,Papaver rhoeas,FALSE
SK2557,Pedicularis sylvatica,FALSE
SK2557,Persicaria amplexicaulis,FALSE
SK2557,Persicaria bistorta,FALSE
SK2557,Persicaria hydropiper,FALSE
SK2557,Persicaria lapathifolia,FALSE
SK2557,Persicaria maculosa,FALSE
SK2557,Peucedanum ostruthium,FALSE
SK2557,Picris echioides,FALSE
SK2557,Picris hieracioides,FALSE
SK2557,Pilosella officinarum,FALSE
SK2557,Pimpinella saxifraga,FALSE
SK2557,Pinguicula vulgaris,FALSE
SK2557,Plantago lanceolata,TRUE
SK2557,Plantago major,FALSE
SK2557,Plantago maritima,FALSE
SK2557,Poa annua,FALSE
SK2557,Polygala serpyllifolia,FALSE
SK2557,Polygala vulgaris,FALSE
SK2557,Polygonum aviculare,FALSE
SK2557,Potentilla anglica,FALSE
SK2557,Potentilla anserina,FALSE
SK2557,Potentilla erecta,FALSE
SK2557,Potentilla recta,FALSE
SK2557,Potentilla reptans,FALSE
SK2557,Prunella vulgaris,FALSE
SK2557,Prunus spinosa,FALSE
SK2557,Pulicaria dysenterica,FALSE
SK2557,Ranunculus acris,TRUE
SK2557,Ranunculus bulbosus,TRUE
SK2557,Ranunculus ficaria,FALSE
SK2557,Ranunculus flammula,FALSE
SK2557,Ranunculus repens,TRUE
SK2557,Ranunculus sardous,FALSE
SK2557,Raphanus raphanistrum,FALSE
SK2557,Raphanus sativus,FALSE
SK2557,Rhinanthus minor,TRUE
SK2557,Rosa arvensis,FALSE
SK2557,Rosa canina,FALSE
SK2557,Rubus caesius,FALSE
SK2557,Rubus fruticosus,TRUE
SK2557,Rubus idaeus,FALSE
SK2557,Rumex acetosa,TRUE
SK2557,Rumex acetosella,FALSE
SK2557,Rumex crispus,FALSE
SK2557,Rumex obtusifolius,FALSE
SK2557,Rumex sanguineus,FALSE
SK2557,Sagina saginoides,FALSE
SK2557,Sambucus nigra,TRUE
SK2557,Sanguisorba officinalis,TRUE
SK2557,Scorzoneroides autumnalis,FALSE
SK2557,Scrophularia auriculata,FALSE
SK2557,Scrophularia nodosa,FALSE
SK2557,Sedum anglicum,FALSE
SK2557,Senecio erucifolius,FALSE
SK2557,Senecio jacobaea,FALSE
SK2557,Senecio vulgaris,FALSE
SK2557,Sherardia arvensis,FALSE
SK2557,Silene dioica,FALSE
SK2557,Silene latifolia,FALSE
SK2557,Silybum marianum,FALSE
SK2557,Sinapis alba,FALSE
SK2557,Sinapis arvensis,FALSE
SK2557,Sisymbrium officinale,FALSE
SK2557,Solanum dulcamara,FALSE
SK2557,Solanum nigrum,FALSE
SK2557,Solanum tuberosum,FALSE
SK2557,Sonchus arvensis,FALSE
SK2557,Sonchus asper,FALSE
SK2557,Sonchus oleraceus,FALSE
SK2557,Sorbus aucuparia,FALSE
SK2557,Spergula arvensis,FALSE
SK2557,Spergularia media,FALSE
SK2557,Stachys arvensis,FALSE
SK2557,Stachys palustris,FALSE
SK2557,Stachys sylvatica,FALSE
SK2557,Stellaria alsine,FALSE
SK2557,Stellaria graminea,FALSE
SK2557,Stellaria holostea,TRUE
SK2557,Stellaria media,TRUE
SK2557,Suaeda maritima,FALSE
SK2557,Succisa pratensis,FALSE
SK2557,Symphytum officinale,FALSE
SK2557,Taraxacum agg,TRUE
SK2557,Taraxacum officinale,FALSE
SK2557,Teucrium scorodonia,FALSE
SK2557,Thlaspi arvense,FALSE
SK2557,Thymus polytrichus,FALSE
SK2557,Thymus vulgaris,FALSE
SK2557,Torilis japonica,FALSE
SK2557,Tragopogon pratensis,FALSE
SK2557,Trientalis europaea,FALSE
SK2557,Trifolium arvense,FALSE
SK2557,Trifolium campestre,FALSE
SK2557,Trifolium constantinopolitanum,FALSE
SK2557,Trifolium dubium,FALSE
SK2557,Trifolium pratense,TRUE
SK2557,Trifolium repens,TRUE
SK2557,Tripleurospermum inodorum,FALSE
SK2557,Tripleurospermum maritimum,FALSE
SK2557,Turgenia latifolia,FALSE
SK2557,Ulex europaeus,FALSE
SK2557,Ulex gallii,FALSE
SK2557,Urtica dioica,TRUE
SK2557,Vaccinium myrtillus,FALSE
SK2557,Vaccinium oxycoccos,FALSE
SK2557,Vaccinium vitis,FALSE
SK2557,Valeriana dioica,FALSE
SK2557,Valeriana officinalis,FALSE
SK2557,Verbena officinalis,FALSE
SK2557,Verbena x,FALSE
SK2557,Veronica agrestis,FALSE
SK2557,Veronica arvensis,FALSE
SK2557,Veronica beccabunga,FALSE
SK2557,Veronica chamaedrys,TRUE
SK2557,Veronica hederifolia,FALSE
SK2557,Veronica montana,FALSE
SK2557,Veronica officinalis,FALSE
SK2557,Veronica persica,FALSE
SK2557,Veronica polita,FALSE
SK2557,Veronica serpyllifolia,TRUE
SK2557,Vicia benghalensis,FALSE
SK2557,Vicia cracca,TRUE
SK2557,Vicia faba,FALSE
SK2557,Vicia hirsuta,FALSE
SK2557,Vicia lutea,FALSE
SK2557,Vicia sativa,FALSE
SK2557,Vicia sepium,TRUE
SK2557,Vicia spp,TRUE
SK2557,Vicia tetrasperma,FALSE
SK2557,Viola arvensis,FALSE
SK2557,Viola canina,FALSE
SK2557,Viola palustris,FALSE
SK2557,Viola riviniana,FALSE
SK2557,Zea mays,FALSE
SK4706,Acer pseudoplatanus,FALSE
SK4706,Achillea millefolium,TRUE
SK4706,Achillea ptarmica,FALSE
SK4706,Aegopodium podagraria,FALSE
SK4706,Aethusa cynapium,FALSE
SK4706,Ajuga reptans,FALSE
SK4706,Alliaria petiolata,FALSE
SK4706,Alnus glutinosa,FALSE
SK4706,Anagallis arvensis,FALSE
SK4706,Anchusa arvensis,FALSE
SK4706,Anemone nemorosa,FALSE
SK4706,Angelica sylvestris,FALSE
SK4706,Anthemis cotula,FALSE
SK4706,Anthriscus caucalis,FALSE
SK4706,Anthriscus sylvestris,TRUE
SK4706,Apium nodiflorum,FALSE
SK4706,Armeria maritima,FALSE
SK4706,Artemisia absinthium,FALSE
SK4706,Artemisia annua,FALSE
SK4706,Artemisia vulgaris,FALSE
SK4706,Aster tripolium,FALSE
SK4706,Atriplex patula,FALSE
SK4706,Atriplex portulacoides,FALSE
SK4706,Ballota nigra,FALSE
SK4706,Barbarea vulgaris,FALSE
SK4706,Bellis perennis,TRUE
SK4706,Berula erecta,FALSE
SK4706,Brassica napus,FALSE
SK4706,Brassica oleracea,FALSE
SK4706,Brassica rapa,FALSE
SK4706,Bryonia dioica,FALSE
SK4706,Buddleja davidii,FALSE
SK4706,Bupleurum tenuissimum,FALSE
SK4706,Calluna vulgaris,FALSE
SK4706,Caltha palustris,FALSE
SK4706,Calystegia sepium,FALSE
SK4706,Campanula rotundifolia,FALSE
SK4706,Capsella bursa,FALSE
SK4706,Cardamine flexuosa,FALSE
SK4706,Cardamine hirsuta,FALSE
SK4706,Cardamine pratensis,FALSE
SK4706,Carduus nutans,FALSE
SK4706,Carum verticillatum,FALSE
SK4706,Centaurea cyanus,FALSE
SK4706,Centaurea nigra,FALSE
SK4706,Centaurea scabiosa,FALSE
SK4706,Centaurium erythraea,FALSE
SK4706,Cerastium arvense,FALSE
SK4706,Cerastium fontanum,FALSE
SK4706,Cerastium glomeratum,FALSE
SK4706,Ceratocapnos claviculata,FALSE
SK4706,Chaerophyllum temulum,FALSE
SK4706,Chamaemelum nobile,FALSE
SK4706,Chamerion angustifolium,TRUE
SK4706,Chenopodium album,FALSE
SK4706,Chenopodium ficifolium,FALSE
SK4706,Chenopodium quinoa,FALSE
SK4706,Cichorium intybus,FALSE
SK4706,Circaea lutetiana,FALSE
SK4706,Cirsium arvense,TRUE
SK4706,Cirsium eriophorum,FALSE
SK4706,Cirsium palustre,FALSE
SK4706,Cirsium vulgare,FALSE
SK4706,Clematis vitalba,FALSE
SK4706,Clinopodium vulgare,FALSE
SK4706,Conium maculatum,FALSE
SK4706,Conopodium majus,FALSE
SK4706,Convolvulus arvensis,FALSE
SK4706,Conyza canadensis,FALSE
SK4706,Cotoneaster salicifolius,FALSE
SK4706,Crataegus monogyna,TRUE
SK4706,Crepis capillaris,FALSE
SK4706,Crepis vesicaria,FALSE
SK4706,Cruciata laevipes,FALSE
SK4706,Cytisus scoparius,FALSE
SK4706,Dactylorhiza fuchsii,FALSE
SK4706,Dactylorhiza maculata,FALSE
SK4706,Daucus carota,FALSE
SK4706,Digitalis ferruginea,FALSE
SK4706,Digitalis grandiflora,FALSE
SK4706,Digitalis purpurea,FALSE
SK4706,Dioscorea communis,FALSE
SK4706,Doronicum plantagineum,FALSE
SK4706,Drosera anglica,FALSE
SK4706,Drosera rotundifolia,FALSE
SK4706,Dryas octopetala,FALSE
SK4706,Epilobium hirsutum,TRUE
SK4706,Epilobium montanum,FALSE
SK4706,Epilobium obscurum,FALSE
SK4706,Epilobium palustre,FALSE
SK4706,Epilobium parviflorum,FALSE
SK4706,Epilobium roseum,FALSE
SK4706,Epilobium tetragonum,FALSE
SK4706,Erica cinerea,FALSE
SK4706,Erica tetralix,FALSE
SK4706,Eriophorum vaginatum,FALSE
SK4706,Eupatorium cannabinum,FALSE
SK4706,Euphorbia exigua,FALSE
SK4706,Euphorbia helioscopia,FALSE
SK4706,Euphrasia officinalis,FALSE
SK4706,Fagopyrum esculentum,FALSE
SK4706,Fallopia convolvulus,FALSE
SK4706,Filipendula ulmaria,FALSE
SK4706,Fumaria officinalis,FALSE
SK4706,Galeopsis speciosa,FALSE
SK4706,Galeopsis tetrahit,FALSE
SK4706,Galium aparine,FALSE
SK4706,Galium mollugo,FALSE
SK4706,Galium odoratum,FALSE
SK4706,Galium palustre,FALSE
SK4706,Galium saxatile,FALSE
SK4706,Galium verum,FALSE
SK4706,Genista anglica,FALSE
SK4706,Geranium dissectum,FALSE
SK4706,Geranium molle,FALSE
SK4706,Geranium nodosum,FALSE
SK4706,Geranium pratense,FALSE
SK4706,Geranium pyrenaicum,FALSE
SK4706,Geranium robertianum,FALSE
SK4706,Geum urbanum,FALSE
SK4706,Glechoma hederacea,FALSE
SK4706,Hedera helix,FALSE
SK4706,Helianthus annuus,FALSE
SK4706,Heracleum mantegazzianum,FALSE
SK4706,Heracleum sphondylium,TRUE
SK4706,Hippocrepis comosa,FALSE
SK4706,Hordeum vulgare,FALSE
SK4706,Hyacinthoides non,FALSE
SK4706,Hypericum forrestii,FALSE
SK4706,Hypericum perforatum,FALSE
SK4706,Hypericum pulchrum,FALSE
SK4706,Hypericum tetrapterum,FALSE
SK4706,Hypochaeris radicata,FALSE
SK4706,Ilex aquifolium,FALSE
SK4706,Impatiens glandulifera,FALSE
SK4706,Impatiens parviflora,FALSE
SK4706,Iris pseudacorus,FALSE
SK4706,Jacobaea erucifolia,FALSE
SK4706,Jacobaea vulgaris,FALSE
SK4706,Jasione montana,FALSE
SK4706,Juncus conglomeratus,FALSE
SK4706,Juncus effusus,FALSE
SK4706,Knautia arvensis,FALSE
SK4706,Lactuca serriola,FALSE
SK4706,Lamium album,FALSE
SK4706,Lamium galeobdolon,FALSE
SK4706,Lamium purpureum,FALSE
SK4706,Lapsana communis,TRUE
SK4706,Lathyrus aphaca,FALSE
SK4706,Lathyrus linifolius,FALSE
SK4706,Lathyrus pratensis,FALSE
SK4706,Leontodon hispidus,FALSE
SK4706,Leontodon saxatilis,FALSE
SK4706,Leucanthemum vulgare,FALSE
SK4706,Ligusticum scoticum,FALSE
SK4706,Limonium vulgare,FALSE
SK4706,Linaria vulgaris,FALSE
SK4706,Linum catharticum,FALSE
SK4706,Linum usitatissimum,FALSE
SK4706,Lonicera caprifolium,TRUE
SK4706,Lonicera periclymenum,FALSE
SK4706,Lotus angustissimus,FALSE
SK4706,Lotus corniculatus,FALSE
SK4706,Lotus pedunculatus,FALSE
SK4706,Lotus subbiflorus,FALSE
SK4706,Luzula campestris,FALSE
SK4706,Lysimachia nemorum,FALSE
SK4706,Lysimachia punctata,FALSE
SK4706,Lysimachia vulgaris,FALSE
SK4706,Lythrum alatum,FALSE
SK4706,Lythrum salicaria,FALSE
SK4706,Malva sylvestris,FALSE
SK4706,Matricaria chamomilla,FALSE
SK4706,Matricaria discoidea,FALSE
SK4706,Medicago lupulina,FALSE
SK4706,Melampyrum pratense,FALSE
SK4706,Mentha aquatica,FALSE
SK4706,Mentha arvensis,FALSE
SK4706,Mercurialis perennis,FALSE
SK4706,Myosotis arvensis,FALSE
SK4706,Myosotis discolor,FALSE
SK4706,Myosotis sylvatica,FALSE
SK4706,Narthecium ossifragum,FALSE
SK4706,Odontites vernus,FALSE
SK4706,Oenanthe crocata,FALSE
SK4706,Origanum vulgare,FALSE
SK4706,Ornithopus perpusillus,FALSE
SK4706,Oxalis acetosella,FALSE
SK4706,Panicum miliaceum,FALSE
SK4706,Papaver rhoeas,FALSE
SK4706,Pedicularis sylvatica,FALSE
SK4706,Persicaria amplexicaulis,FALSE
SK4706,Persicaria bistorta,FALSE
SK4706,Persicaria hydropiper,FALSE
SK4706,Persicaria lapathifolia,FALSE
SK4706,Persicaria maculosa,TRUE
SK4706,Peucedanum ostruthium,FALSE
SK4706,Picris echioides,FALSE
SK4706,Picris hieracioides,FALSE
SK4706,Pilosella officinarum,FALSE
SK4706,Pimpinella saxifraga,FALSE
SK4706,Pinguicula vulgaris,FALSE
SK4706,Plantago lanceolata,FALSE
SK4706,Plantago major,FALSE
SK4706,Plantago maritima,FALSE
SK4706,Poa annua,FALSE
SK4706,Polygala serpyllifolia,FALSE
SK4706,Polygala vulgaris,FALSE
SK4706,Polygonum aviculare,FALSE
SK4706,Potentilla anglica,FALSE
SK4706,Potentilla anserina,FALSE
SK4706,Potentilla erecta,FALSE
SK4706,Potentilla recta,FALSE
SK4706,Potentilla reptans,FALSE
SK4706,Prunella vulgaris,FALSE
SK4706,Prunus spinosa,FALSE
SK4706,Pulicaria dysenterica,FALSE
SK4706,Ranunculus acris,TRUE
SK4706,Ranunculus bulbosus,FALSE
SK4706,Ranunculus ficaria,FALSE
SK4706,Ranunculus flammula,FALSE
SK4706,Ranunculus repens,TRUE
SK4706,Ranunculus sardous,FALSE
SK4706,Raphanus raphanistrum,FALSE
SK4706,Raphanus sativus,FALSE
SK4706,Rhinanthus minor,FALSE
SK4706,Rosa arvensis,FALSE
SK4706,Rosa canina,FALSE
SK4706,Rubus caesius,FALSE
SK4706,Rubus fruticosus,TRUE
SK4706,Rubus idaeus,FALSE
SK4706,Rumex acetosa,FALSE
SK4706,Rumex acetosella,FALSE
SK4706,Rumex crispus,TRUE
SK4706,Rumex obtusifolius,FALSE
SK4706,Rumex sanguineus,FALSE
SK4706,Sagina saginoides,FALSE
SK4706,Sambucus nigra,TRUE
SK4706,Sanguisorba officinalis,FALSE
SK4706,Scorzoneroides autumnalis,FALSE
SK4706,Scrophularia auriculata,FALSE
SK4706,Scrophularia nodosa,FALSE
SK4706,Sedum anglicum,FALSE
SK4706,Senecio erucifolius,FALSE
SK4706,Senecio jacobaea,FALSE
SK4706,Senecio vulgaris,FALSE
SK4706,Sherardia arvensis,FALSE
SK4706,Silene dioica,TRUE
SK4706,Silene latifolia,FALSE
SK4706,Silybum marianum,FALSE
SK4706,Sinapis alba,FALSE
SK4706,Sinapis arvensis,FALSE
SK4706,Sisymbrium officinale,FALSE
SK4706,Solanum dulcamara,TRUE
SK4706,Solanum nigrum,FALSE
SK4706,Solanum tuberosum,FALSE
SK4706,Sonchus arvensis,FALSE
SK4706,Sonchus asper,FALSE
SK4706,Sonchus oleraceus,FALSE
SK4706,Sorbus aucuparia,FALSE
SK4706,Spergula arvensis,FALSE
SK4706,Spergularia media,FALSE
SK4706,Stachys arvensis,FALSE
SK4706,Stachys palustris,FALSE
SK4706,Stachys sylvatica,FALSE
SK4706,Stellaria alsine,FALSE
SK4706,Stellaria graminea,FALSE
SK4706,Stellaria holostea,FALSE
SK4706,Stellaria media,FALSE
SK4706,Suaeda maritima,FALSE
SK4706,Succisa pratensis,FALSE
SK4706,Symphytum officinale,FALSE
SK4706,Taraxacum agg,TRUE
SK4706,Taraxacum officinale,FALSE
SK4706,Teucrium scorodonia,FALSE
SK4706,Thlaspi arvense,FALSE
SK4706,Thymus polytrichus,FALSE
SK4706,Thymus vulgaris,FALSE
SK4706,Torilis japonica,FALSE
SK4706,Tragopogon pratensis,FALSE
SK4706,Trientalis europaea,FALSE
SK4706,Trifolium arvense,FALSE
SK4706,Trifolium campestre,FALSE
SK4706,Trifolium constantinopolitanum,FALSE
SK4706,Trifolium dubium,FALSE
SK4706,Trifolium pratense,TRUE
SK4706,Trifolium repens,FALSE
SK4706,Tripleurospermum inodorum,TRUE
SK4706,Tripleurospermum maritimum,FALSE
SK4706,Turgenia latifolia,FALSE
SK4706,Ulex europaeus,FALSE
SK4706,Ulex gallii,FALSE
SK4706,Urtica dioica,TRUE
SK4706,Vaccinium myrtillus,FALSE
SK4706,Vaccinium oxycoccos,FALSE
SK4706,Vaccinium vitis,FALSE
SK4706,Valeriana dioica,FALSE
SK4706,Valeriana officinalis,FALSE
SK4706,Verbena officinalis,FALSE
SK4706,Verbena x,FALSE
SK4706,Veronica agrestis,FALSE
SK4706,Veronica arvensis,FALSE
SK4706,Veronica beccabunga,FALSE
SK4706,Veronica chamaedrys,FALSE
SK4706,Veronica hederifolia,FALSE
SK4706,Veronica montana,FALSE
SK4706,Veronica officinalis,FALSE
SK4706,Veronica persica,FALSE
SK4706,Veronica polita,FALSE
SK4706,Veronica serpyllifolia,FALSE
SK4706,Vicia benghalensis,FALSE
SK4706,Vicia cracca,FALSE
SK4706,Vicia faba,FALSE
SK4706,Vicia hirsuta,FALSE
SK4706,Vicia lutea,FALSE
SK4706,Vicia sativa,FALSE
SK4706,Vicia sepium,FALSE
SK4706,Vicia spp,FALSE
SK4706,Vicia tetrasperma,FALSE
SK4706,Viola arvensis,FALSE
SK4706,Viola canina,FALSE
SK4706,Viola palustris,FALSE
SK4706,Viola riviniana,FALSE
SK4706,Zea mays,FALSE
SK5480,Acer pseudoplatanus,FALSE
SK5480,Achillea millefolium,FALSE
SK5480,Achillea ptarmica,FALSE
SK5480,Aegopodium podagraria,FALSE
SK5480,Aethusa cynapium,FALSE
SK5480,Ajuga reptans,FALSE
SK5480,Alliaria petiolata,FALSE
SK5480,Alnus glutinosa,FALSE
SK5480,Anagallis arvensis,TRUE
SK5480,Anchusa arvensis,FALSE
SK5480,Anemone nemorosa,FALSE
SK5480,Angelica sylvestris,FALSE
SK5480,Anthemis cotula,FALSE
SK5480,Anthriscus caucalis,FALSE
SK5480,Anthriscus sylvestris,TRUE
SK5480,Apium nodiflorum,FALSE
SK5480,Armeria maritima,FALSE
SK5480,Artemisia absinthium,FALSE
SK5480,Artemisia annua,FALSE
SK5480,Artemisia vulgaris,FALSE
SK5480,Aster tripolium,FALSE
SK5480,Atriplex patula,FALSE
SK5480,Atriplex portulacoides,FALSE
SK5480,Ballota nigra,FALSE
SK5480,Barbarea vulgaris,FALSE
SK5480,Bellis perennis,FALSE
SK5480,Berula erecta,FALSE
SK5480,Brassica napus,FALSE
SK5480,Brassica oleracea,FALSE
SK5480,Brassica rapa,FALSE
SK5480,Bryonia dioica,TRUE
SK5480,Buddleja davidii,FALSE
SK5480,Bupleurum tenuissimum,FALSE
SK5480,Calluna vulgaris,FALSE
SK5480,Caltha palustris,FALSE
SK5480,Calystegia sepium,TRUE
SK5480,Campanula rotundifolia,FALSE
SK5480,Capsella bursa,TRUE
SK5480,Cardamine flexuosa,FALSE
SK5480,Cardamine hirsuta,FALSE
SK5480,Cardamine pratensis,FALSE
SK5480,Carduus nutans,FALSE
SK5480,Carum verticillatum,FALSE
SK5480,Centaurea cyanus,TRUE
SK5480,Centaurea nigra,FALSE
SK5480,Centaurea scabiosa,FALSE
SK5480,Centaurium erythraea,FALSE
SK5480,Cerastium arvense,FALSE
SK5480,Cerastium fontanum,FALSE
SK5480,Cerastium glomeratum,FALSE
SK5480,Ceratocapnos claviculata,FALSE
SK5480,Chaerophyllum temulum,FALSE
SK5480,Chamaemelum nobile,FALSE
SK5480,Chamerion angustifolium,FALSE
SK5480,Chenopodium album,FALSE
SK5480,Chenopodium ficifolium,FALSE
SK5480,Chenopodium quinoa,FALSE
SK5480,Cichorium intybus,TRUE
SK5480,Circaea lutetiana,FALSE
SK5480,Cirsium arvense,TRUE
SK5480,Cirsium eriophorum,FALSE
SK5480,Cirsium palustre,FALSE
SK5480,Cirsium vulgare,FALSE
SK5480,Clematis vitalba,FALSE
SK5480,Clinopodium vulgare,FALSE
SK5480,Conium maculatum,FALSE
SK5480,Conopodium majus,FALSE
SK5480,Convolvulus arvensis,FALSE
SK5480,Conyza canadensis,FALSE
SK5480,Cotoneaster salicifolius,FALSE
SK5480,Crataegus monogyna,TRUE
SK5480,Crepis capillaris,TRUE
SK5480,Crepis vesicaria,FALSE
SK5480,Cruciata laevipes,FALSE
SK5480,Cytisus scoparius,FALSE
SK5480,Dactylorhiza fuchsii,FALSE
SK5480,Dactylorhiza maculata,FALSE
SK5480,Daucus carota,TRUE
SK5480,Digitalis ferruginea,FALSE
SK5480,Digitalis grandiflora,FALSE
SK5480,Digitalis purpurea,FALSE
SK5480,Dioscorea communis,FALSE
SK5480,Doronicum plantagineum,FALSE
SK5480,Drosera anglica,FALSE
SK5480,Drosera rotundifolia,FALSE
SK5480,Dryas octopetala,FALSE
SK5480,Epilobium hirsutum,FALSE
SK5480,Epilobium montanum,FALSE
SK5480,Epilobium obscurum,FALSE
SK5480,Epilobium palustre,FALSE
SK5480,Epilobium parviflorum,FALSE
SK5480,Epilobium roseum,FALSE
SK5480,Epilobium tetragonum,FALSE
SK5480,Erica cinerea,FALSE
SK5480,Erica tetralix,FALSE
SK5480,Eriophorum vaginatum,FALSE
SK5480,Eupatorium cannabinum,FALSE
SK5480,Euphorbia exigua,FALSE
SK5480,Euphorbia helioscopia,FALSE
SK5480,Euphrasia officinalis,FALSE
SK5480,Fagopyrum esculentum,FALSE
SK5480,Fallopia convolvulus,FALSE
SK5480,Filipendula ulmaria,FALSE
SK5480,Fumaria officinalis,FALSE
SK5480,Galeopsis speciosa,FALSE
SK5480,Galeopsis tetrahit,FALSE
SK5480,Galium aparine,TRUE
SK5480,Galium mollugo,FALSE
SK5480,Galium odoratum,FALSE
SK5480,Galium palustre,FALSE
SK5480,Galium saxatile,FALSE
SK5480,Galium verum,FALSE
SK5480,Genista anglica,FALSE
SK5480,Geranium dissectum,TRUE
SK5480,Geranium molle,FALSE
SK5480,Geranium nodosum,FALSE
SK5480,Geranium pratense,FALSE
SK5480,Geranium pyrenaicum,FALSE
SK5480,Geranium robertianum,TRUE
SK5480,Geum urbanum,TRUE
SK5480,Glechoma hederacea,FALSE
SK5480,Hedera helix,TRUE
SK5480,Helianthus annuus,TRUE
SK5480,Heracleum mantegazzianum,FALSE
SK5480,Heracleum sphondylium,TRUE
SK5480,Hippocrepis comosa,FALSE
SK5480,Hordeum vulgare,FALSE
SK5480,Hyacinthoides non,FALSE
SK5480,Hypericum forrestii,FALSE
SK5480,Hypericum perforatum,FALSE
SK5480,Hypericum pulchrum,FALSE
SK5480,Hypericum tetrapterum,FALSE
SK5480,Hypochaeris radicata,FALSE
SK5480,Ilex aquifolium,FALSE
SK5480,Impatiens glandulifera,FALSE
SK5480,Impatiens parviflora,FALSE
SK5480,Iris pseudacorus,FALSE
SK5480,Jacobaea erucifolia,FALSE
SK5480,Jacobaea vulgaris,FALSE
SK5480,Jasione montana,FALSE
SK5480,Juncus conglomeratus,FALSE
SK5480,Juncus effusus,FALSE
SK5480,Knautia arvensis,FALSE
SK5480,Lactuca serriola,TRUE
SK5480,Lamium album,TRUE
SK5480,Lamium galeobdolon,FALSE
SK5480,Lamium purpureum,TRUE
SK5480,Lapsana communis,TRUE
SK5480,Lathyrus aphaca,FALSE
SK5480,Lathyrus linifolius,FALSE
SK5480,Lathyrus pratensis,FALSE
SK5480,Leontodon hispidus,TRUE
SK5480,Leontodon saxatilis,FALSE
SK5480,Leucanthemum vulgare,FALSE
SK5480,Ligusticum scoticum,FALSE
SK5480,Limonium vulgare,FALSE
SK5480,Linaria vulgaris,FALSE
SK5480,Linum catharticum,FALSE
SK5480,Linum usitatissimum,FALSE
SK5480,Lonicera caprifolium,FALSE
SK5480,Lonicera periclymenum,FALSE
SK5480,Lotus angustissimus,FALSE
SK5480,Lotus corniculatus,FALSE
SK5480,Lotus pedunculatus,FALSE
SK5480,Lotus subbiflorus,FALSE
SK5480,Luzula campestris,FALSE
SK5480,Lysimachia nemorum,FALSE
SK5480,Lysimachia punctata,FALSE
SK5480,Lysimachia vulgaris,FALSE
SK5480,Lythrum alatum,FALSE
SK5480,Lythrum salicaria,FALSE
SK5480,Malva sylvestris,FALSE
SK5480,Matricaria chamomilla,FALSE
SK5480,Matricaria discoidea,TRUE
SK5480,Medicago lupulina,FALSE
SK5480,Melampyrum pratense,FALSE
SK5480,Mentha aquatica,FALSE
SK5480,Mentha arvensis,FALSE
SK5480,Mercurialis perennis,FALSE
SK5480,Myosotis arvensis,FALSE
SK5480,Myosotis discolor,FALSE
SK5480,Myosotis sylvatica,FALSE
SK5480,Narthecium ossifragum,FALSE
SK5480,Odontites vernus,FALSE
SK5480,Oenanthe crocata,FALSE
SK5480,Origanum vulgare,FALSE
SK5480,Ornithopus perpusillus,FALSE
SK5480,Oxalis acetosella,FALSE
SK5480,Panicum miliaceum,FALSE
SK5480,Papaver rhoeas,FALSE
SK5480,Pedicularis sylvatica,FALSE
SK5480,Persicaria amplexicaulis,TRUE
SK5480,Persicaria bistorta,FALSE
SK5480,Persicaria hydropiper,FALSE
SK5480,Persicaria lapathifolia,FALSE
SK5480,Persicaria maculosa,TRUE
SK5480,Peucedanum ostruthium,FALSE
SK5480,Picris echioides,FALSE
SK5480,Picris hieracioides,FALSE
SK5480,Pilosella officinarum,FALSE
SK5480,Pimpinella saxifraga,FALSE
SK5480,Pinguicula vulgaris,FALSE
SK5480,Plantago lanceolata,TRUE
SK5480,Plantago major,FALSE
SK5480,Plantago maritima,FALSE
SK5480,Poa annua,FALSE
SK5480,Polygala serpyllifolia,FALSE
SK5480,Polygala vulgaris,FALSE
SK5480,Polygonum aviculare,FALSE
SK5480,Potentilla anglica,FALSE
SK5480,Potentilla anserina,FALSE
SK5480,Potentilla erecta,FALSE
SK5480,Potentilla recta,FALSE
SK5480,Potentilla reptans,FALSE
SK5480,Prunella vulgaris,FALSE
SK5480,Prunus spinosa,FALSE
SK5480,Pulicaria dysenterica,FALSE
SK5480,Ranunculus acris,FALSE
SK5480,Ranunculus bulbosus,FALSE
SK5480,Ranunculus ficaria,FALSE
SK5480,Ranunculus flammula,FALSE
SK5480,Ranunculus repens,TRUE
SK5480,Ranunculus sardous,FALSE
SK5480,Raphanus raphanistrum,FALSE
SK5480,Raphanus sativus,FALSE
SK5480,Rhinanthus minor,FALSE
SK5480,Rosa arvensis,FALSE
SK5480,Rosa canina,FALSE
SK5480,Rubus caesius,FALSE
SK5480,Rubus fruticosus,FALSE
SK5480,Rubus idaeus,FALSE
SK5480,Rumex acetosa,FALSE
SK5480,Rumex acetosella,FALSE
SK5480,Rumex crispus,TRUE
SK5480,Rumex obtusifolius,TRUE
SK5480,Rumex sanguineus,FALSE
SK5480,Sagina saginoides,FALSE
SK5480,Sambucus nigra,FALSE
SK5480,Sanguisorba officinalis,FALSE
SK5480,Scorzoneroides autumnalis,FALSE
SK5480,Scrophularia auriculata,FALSE
SK5480,Scrophularia nodosa,FALSE
SK5480,Sedum anglicum,FALSE
SK5480,Senecio erucifolius,FALSE
SK5480,Senecio jacobaea,TRUE
SK5480,Senecio vulgaris,TRUE
SK5480,Sherardia arvensis,FALSE
SK5480,Silene dioica,FALSE
SK5480,Silene latifolia,FALSE
SK5480,Silybum marianum,FALSE
SK5480,Sinapis alba,FALSE
SK5480,Sinapis arvensis,TRUE
SK5480,Sisymbrium officinale,FALSE
SK5480,Solanum dulcamara,FALSE
SK5480,Solanum nigrum,FALSE
SK5480,Solanum tuberosum,FALSE
SK5480,Sonchus arvensis,TRUE
SK5480,Sonchus asper,TRUE
SK5480,Sonchus oleraceus,FALSE
SK5480,Sorbus aucuparia,FALSE
SK5480,Spergula arvensis,FALSE
SK5480,Spergularia media,FALSE
SK5480,Stachys arvensis,FALSE
SK5480,Stachys palustris,FALSE
SK5480,Stachys sylvatica,FALSE
SK5480,Stellaria alsine,FALSE
SK5480,Stellaria graminea,FALSE
SK5480,Stellaria holostea,FALSE
SK5480,Stellaria media,FALSE
SK5480,Suaeda maritima,FALSE
SK5480,Succisa pratensis,FALSE
SK5480,Symphytum officinale,FALSE
SK5480,Taraxacum agg,TRUE
SK5480,Taraxacum officinale,TRUE
SK5480,Teucrium scorodonia,FALSE
SK5480,Thlaspi arvense,FALSE
SK5480,Thymus polytrichus,FALSE
SK5480,Thymus vulgaris,FALSE
SK5480,Torilis japonica,FALSE
SK5480,Tragopogon pratensis,FALSE
SK5480,Trientalis europaea,FALSE
SK5480,Trifolium arvense,FALSE
SK5480,Trifolium campestre,FALSE
SK5480,Trifolium constantinopolitanum,FALSE
SK5480,Trifolium dubium,FALSE
SK5480,Trifolium pratense,FALSE
SK5480,Trifolium repens,TRUE
SK5480,Tripleurospermum inodorum,FALSE
SK5480,Tripleurospermum maritimum,FALSE
SK5480,Turgenia latifolia,FALSE
SK5480,Ulex europaeus,FALSE
SK5480,Ulex gallii,FALSE
SK5480,Urtica dioica,TRUE
SK5480,Vaccinium myrtillus,FALSE
SK5480,Vaccinium oxycoccos,FALSE
SK5480,Vaccinium vitis,FALSE
SK5480,Valeriana dioica,FALSE
SK5480,Valeriana officinalis,FALSE
SK5480,Verbena officinalis,FALSE
SK5480,Verbena x,FALSE
SK5480,Veronica agrestis,FALSE
SK5480,Veronica arvensis,FALSE
SK5480,Veronica beccabunga,FALSE
SK5480,Veronica chamaedrys,FALSE
SK5480,Veronica hederifolia,FALSE
SK5480,Veronica montana,FALSE
SK5480,Veronica officinalis,FALSE
SK5480,Veronica persica,TRUE
SK5480,Veronica polita,FALSE
SK5480,Veronica serpyllifolia,FALSE
SK5480,Vicia benghalensis,FALSE
SK5480,Vicia cracca,FALSE
SK5480,Vicia faba,FALSE
SK5480,Vicia hirsuta,FALSE
SK5480,Vicia lutea,FALSE
SK5480,Vicia sativa,FALSE
SK5480,Vicia sepium,FALSE
SK5480,Vicia spp,FALSE
SK5480,Vicia tetrasperma,FALSE
SK5480,Viola arvensis,FALSE
SK5480,Viola canina,FALSE
SK5480,Viola palustris,FALSE
SK5480,Viola riviniana,FALSE
SK5480,Zea mays,FALSE
SK9826,Acer pseudoplatanus,FALSE
SK9826,Achillea millefolium,TRUE
SK9826,Achillea ptarmica,FALSE
SK9826,Aegopodium podagraria,FALSE
SK9826,Aethusa cynapium,FALSE
SK9826,Ajuga reptans,FALSE
SK9826,Alliaria petiolata,TRUE
SK9826,Alnus glutinosa,FALSE
SK9826,Anagallis arvensis,FALSE
SK9826,Anchusa arvensis,FALSE
SK9826,Anemone nemorosa,FALSE
SK9826,Angelica sylvestris,FALSE
SK9826,Anthemis cotula,FALSE
SK9826,Anthriscus caucalis,TRUE
SK9826,Anthriscus sylvestris,TRUE
SK9826,Apium nodiflorum,FALSE
SK9826,Armeria maritima,FALSE
SK9826,Artemisia absinthium,FALSE
SK9826,Artemisia annua,TRUE
SK9826,Artemisia vulgaris,FALSE
SK9826,Aster tripolium,FALSE
SK9826,Atriplex patula,FALSE
SK9826,Atriplex portulacoides,FALSE
SK9826,Ballota nigra,FALSE
SK9826,Barbarea vulgaris,TRUE
SK9826,Bellis perennis,TRUE
SK9826,Berula erecta,TRUE
SK9826,Brassica napus,TRUE
SK9826,Brassica oleracea,FALSE
SK9826,Brassica rapa,FALSE
SK9826,Bryonia dioica,FALSE
SK9826,Buddleja davidii,FALSE
SK9826,Bupleurum tenuissimum,FALSE
SK9826,Calluna vulgaris,FALSE
SK9826,Caltha palustris,FALSE
SK9826,Calystegia sepium,FALSE
SK9826,Campanula rotundifolia,FALSE
SK9826,Capsella bursa,TRUE
SK9826,Cardamine flexuosa,FALSE
SK9826,Cardamine hirsuta,FALSE
SK9826,Cardamine pratensis,FALSE
SK9826,Carduus nutans,TRUE
SK9826,Carum verticillatum,FALSE
SK9826,Centaurea cyanus,FALSE
SK9826,Centaurea nigra,FALSE
SK9826,Centaurea scabiosa,FALSE
SK9826,Centaurium erythraea,FALSE
SK9826,Cerastium arvense,FALSE
SK9826,Cerastium fontanum,TRUE
SK9826,Cerastium glomeratum,FALSE
SK9826,Ceratocapnos claviculata,FALSE
SK9826,Chaerophyllum temulum,FALSE
SK9826,Chamaemelum nobile,FALSE
SK9826,Chamerion angustifolium,FALSE
SK9826,Chenopodium album,FALSE
SK9826,Chenopodium ficifolium,FALSE
SK9826,Chenopodium quinoa,FALSE
SK9826,Cichorium intybus,FALSE
SK9826,Circaea lutetiana,FALSE
SK9826,Cirsium arvense,TRUE
SK9826,Cirsium eriophorum,FALSE
SK9826,Cirsium palustre,FALSE
SK9826,Cirsium vulgare,TRUE
SK9826,Clematis vitalba,FALSE
SK9826,Clinopodium vulgare,FALSE
SK9826,Conium maculatum,TRUE
SK9826,Conopodium majus,FALSE
SK9826,Convolvulus arvensis,FALSE
SK9826,Conyza canadensis,FALSE
SK9826,Cotoneaster salicifolius,FALSE
SK9826,Crataegus monogyna,TRUE
SK9826,Crepis capillaris,TRUE
SK9826,Crepis vesicaria,FALSE
SK9826,Cruciata laevipes,FALSE
SK9826,Cytisus scoparius,FALSE
SK9826,Dactylorhiza fuchsii,FALSE
SK9826,Dactylorhiza maculata,FALSE
SK9826,Daucus carota,FALSE
SK9826,Digitalis ferruginea,FALSE
SK9826,Digitalis grandiflora,FALSE
SK9826,Digitalis purpurea,FALSE
SK9826,Dioscorea communis,FALSE
SK9826,Doronicum plantagineum,FALSE
SK9826,Drosera anglica,FALSE
SK9826,Drosera rotundifolia,FALSE
SK9826,Dryas octopetala,FALSE
SK9826,Epilobium hirsutum,FALSE
SK9826,Epilobium montanum,FALSE
SK9826,Epilobium obscurum,FALSE
SK9826,Epilobium palustre,FALSE
SK9826,Epilobium parviflorum,FALSE
SK9826,Epilobium roseum,FALSE
SK9826,Epilobium tetragonum,FALSE
SK9826,Erica cinerea,FALSE
SK9826,Erica tetralix,FALSE
SK9826,Eriophorum vaginatum,FALSE
SK9826,Eupatorium cannabinum,FALSE
SK9826,Euphorbia exigua,FALSE
SK9826,Euphorbia helioscopia,FALSE
SK9826,Euphrasia officinalis,FALSE
SK9826,Fagopyrum esculentum,FALSE
SK9826,Fallopia convolvulus,FALSE
SK9826,Filipendula ulmaria,FALSE
SK9826,Fumaria officinalis,FALSE
SK9826,Galeopsis speciosa,FALSE
SK9826,Galeopsis tetrahit,FALSE
SK9826,Galium aparine,TRUE
SK9826,Galium mollugo,FALSE
SK9826,Galium odoratum,FALSE
SK9826,Galium palustre,FALSE
SK9826,Galium saxatile,FALSE
SK9826,Galium verum,FALSE
SK9826,Genista anglica,FALSE
SK9826,Geranium dissectum,TRUE
SK9826,Geranium molle,TRUE
SK9826,Geranium nodosum,FALSE
SK9826,Geranium pratense,FALSE
SK9826,Geranium pyrenaicum,FALSE
SK9826,Geranium robertianum,FALSE
SK9826,Geum urbanum,FALSE
SK9826,Glechoma hederacea,TRUE
SK9826,Hedera helix,FALSE
SK9826,Helianthus annuus,FALSE
SK9826,Heracleum mantegazzianum,FALSE
SK9826,Heracleum sphondylium,TRUE
SK9826,Hippocrepis comosa,FALSE
SK9826,Hordeum vulgare,FALSE
SK9826,Hyacinthoides non,FALSE
SK9826,Hypericum forrestii,FALSE
SK9826,Hypericum perforatum,FALSE
SK9826,Hypericum pulchrum,FALSE
SK9826,Hypericum tetrapterum,FALSE
SK9826,Hypochaeris radicata,FALSE
SK9826,Ilex aquifolium,FALSE
SK9826,Impatiens glandulifera,FALSE
SK9826,Impatiens parviflora,FALSE
SK9826,Iris pseudacorus,FALSE
SK9826,Jacobaea erucifolia,FALSE
SK9826,Jacobaea vulgaris,FALSE
SK9826,Jasione montana,FALSE
SK9826,Juncus conglomeratus,FALSE
SK9826,Juncus effusus,FALSE
SK9826,Knautia arvensis,FALSE
SK9826,Lactuca serriola,FALSE
SK9826,Lamium album,TRUE
SK9826,Lamium galeobdolon,FALSE
SK9826,Lamium purpureum,TRUE
SK9826,Lapsana communis,FALSE
SK9826,Lathyrus aphaca,FALSE
SK9826,Lathyrus linifolius,FALSE
SK9826,Lathyrus pratensis,FALSE
SK9826,Leontodon hispidus,TRUE
SK9826,Leontodon saxatilis,FALSE
SK9826,Leucanthemum vulgare,FALSE
SK9826,Ligusticum scoticum,FALSE
SK9826,Limonium vulgare,FALSE
SK9826,Linaria vulgaris,FALSE
SK9826,Linum catharticum,FALSE
SK9826,Linum usitatissimum,FALSE
SK9826,Lonicera caprifolium,FALSE
SK9826,Lonicera periclymenum,FALSE
SK9826,Lotus angustissimus,FALSE
SK9826,Lotus corniculatus,FALSE
SK9826,Lotus pedunculatus,FALSE
SK9826,Lotus subbiflorus,FALSE
SK9826,Luzula campestris,FALSE
SK9826,Lysimachia nemorum,FALSE
SK9826,Lysimachia punctata,FALSE
SK9826,Lysimachia vulgaris,FALSE
SK9826,Lythrum alatum,FALSE
SK9826,Lythrum salicaria,FALSE
SK9826,Malva sylvestris,FALSE
SK9826,Matricaria chamomilla,TRUE
SK9826,Matricaria discoidea,FALSE
SK9826,Medicago lupulina,FALSE
SK9826,Melampyrum pratense,FALSE
SK9826,Mentha aquatica,FALSE
SK9826,Mentha arvensis,FALSE
SK9826,Mercurialis perennis,FALSE
SK9826,Myosotis arvensis,FALSE
SK9826,Myosotis discolor,FALSE
SK9826,Myosotis sylvatica,FALSE
SK9826,Narthecium ossifragum,FALSE
SK9826,Odontites vernus,FALSE
SK9826,Oenanthe crocata,FALSE
SK9826,Origanum vulgare,FALSE
SK9826,Ornithopus perpusillus,FALSE
SK9826,Oxalis acetosella,FALSE
SK9826,Panicum miliaceum,FALSE
SK9826,Papaver rhoeas,FALSE
SK9826,Pedicularis sylvatica,FALSE
SK9826,Persicaria amplexicaulis,FALSE
SK9826,Persicaria bistorta,FALSE
SK9826,Persicaria hydropiper,FALSE
SK9826,Persicaria lapathifolia,FALSE
SK9826,Persicaria maculosa,FALSE
SK9826,Peucedanum ostruthium,FALSE
SK9826,Picris echioides,TRUE
SK9826,Picris hieracioides,FALSE
SK9826,Pilosella officinarum,FALSE
SK9826,Pimpinella saxifraga,FALSE
SK9826,Pinguicula vulgaris,FALSE
SK9826,Plantago lanceolata,TRUE
SK9826,Plantago major,FALSE
SK9826,Plantago maritima,FALSE
SK9826,Poa annua,FALSE
SK9826,Polygala serpyllifolia,FALSE
SK9826,Polygala vulgaris,FALSE
SK9826,Polygonum aviculare,FALSE
SK9826,Potentilla anglica,FALSE
SK9826,Potentilla anserina,FALSE
SK9826,Potentilla erecta,FALSE
SK9826,Potentilla recta,FALSE
SK9826,Potentilla reptans,FALSE
SK9826,Prunella vulgaris,TRUE
SK9826,Prunus spinosa,FALSE
SK9826,Pulicaria dysenterica,FALSE
SK9826,Ranunculus acris,FALSE
SK9826,Ranunculus bulbosus,FALSE
SK9826,Ranunculus ficaria,FALSE
SK9826,Ranunculus flammula,FALSE
SK9826,Ranunculus repens,TRUE
SK9826,Ranunculus sardous,FALSE
SK9826,Raphanus raphanistrum,FALSE
SK9826,Raphanus sativus,FALSE
SK9826,Rhinanthus minor,FALSE
SK9826,Rosa arvensis,FALSE
SK9826,Rosa canina,FALSE
SK9826,Rubus caesius,FALSE
SK9826,Rubus fruticosus,TRUE
SK9826,Rubus idaeus,FALSE
SK9826,Rumex acetosa,FALSE
SK9826,Rumex acetosella,FALSE
SK9826,Rumex crispus,FALSE
SK9826,Rumex obtusifolius,FALSE
SK9826,Rumex sanguineus,FALSE
SK9826,Sagina saginoides,FALSE
SK9826,Sambucus nigra,FALSE
SK9826,Sanguisorba officinalis,FALSE
SK9826,Scorzoneroides autumnalis,TRUE
SK9826,Scrophularia auriculata,FALSE
SK9826,Scrophularia nodosa,FALSE
SK9826,Sedum anglicum,FALSE
SK9826,Senecio erucifolius,FALSE
SK9826,Senecio jacobaea,FALSE
SK9826,Senecio vulgaris,TRUE
SK9826,Sherardia arvensis,FALSE
SK9826,Silene dioica,FALSE
SK9826,Silene latifolia,FALSE
SK9826,Silybum marianum,TRUE
SK9826,Sinapis alba,FALSE
SK9826,Sinapis arvensis,FALSE
SK9826,Sisymbrium officinale,FALSE
SK9826,Solanum dulcamara,FALSE
SK9826,Solanum nigrum,FALSE
SK9826,Solanum tuberosum,FALSE
SK9826,Sonchus arvensis,FALSE
SK9826,Sonchus asper,FALSE
SK9826,Sonchus oleraceus,FALSE
SK9826,Sorbus aucuparia,FALSE
SK9826,Spergula arvensis,FALSE
SK9826,Spergularia media,FALSE
SK9826,Stachys arvensis,FALSE
SK9826,Stachys palustris,FALSE
SK9826,Stachys sylvatica,TRUE
SK9826,Stellaria alsine,FALSE
SK9826,Stellaria graminea,FALSE
SK9826,Stellaria holostea,FALSE
SK9826,Stellaria media,FALSE
SK9826,Suaeda maritima,FALSE
SK9826,Succisa pratensis,FALSE
SK9826,Symphytum officinale,FALSE
SK9826,Taraxacum agg,TRUE
SK9826,Taraxacum officinale,FALSE
SK9826,Teucrium scorodonia,FALSE
SK9826,Thlaspi arvense,FALSE
SK9826,Thymus polytrichus,FALSE
SK9826,Thymus vulgaris,FALSE
SK9826,Torilis japonica,FALSE
SK9826,Tragopogon pratensis,FALSE
SK9826,Trientalis europaea,FALSE
SK9826,Trifolium arvense,FALSE
SK9826,Trifolium campestre,FALSE
SK9826,Trifolium constantinopolitanum,FALSE
SK9826,Trifolium dubium,FALSE
SK9826,Trifolium pratense,FALSE
SK9826,Trifolium repens,TRUE
SK9826,Tripleurospermum inodorum,TRUE
SK9826,Tripleurospermum maritimum,TRUE
SK9826,Turgenia latifolia,FALSE
SK9826,Ulex europaeus,FALSE
SK9826,Ulex gallii,FALSE
SK9826,Urtica dioica,TRUE
SK9826,Vaccinium myrtillus,FALSE
SK9826,Vaccinium oxycoccos,FALSE
SK9826,Vaccinium vitis,FALSE
SK9826,Valeriana dioica,FALSE
SK9826,Valeriana officinalis,FALSE
SK9826,Verbena officinalis,FALSE
SK9826,Verbena x,FALSE
SK9826,Veronica agrestis,FALSE
SK9826,Veronica arvensis,FALSE
SK9826,Veronica beccabunga,FALSE
SK9826,Veronica chamaedrys,FALSE
SK9826,Veronica hederifolia,FALSE
SK9826,Veronica montana,FALSE
SK9826,Veronica officinalis,FALSE
SK9826,Veronica persica,FALSE
SK9826,Veronica polita,FALSE
SK9826,Veronica serpyllifolia,FALSE
SK9826,Vicia benghalensis,FALSE
SK9826,Vicia cracca,FALSE
SK9826,Vicia faba,FALSE
SK9826,Vicia hirsuta,FALSE
SK9826,Vicia lutea,FALSE
SK9826,Vicia sativa,FALSE
SK9826,Vicia sepium,FALSE
SK9826,Vicia spp,FALSE
SK9826,Vicia tetrasperma,FALSE
SK9826,Viola arvensis,FALSE
SK9826,Viola canina,FALSE
SK9826,Viola palustris,FALSE
SK9826,Viola riviniana,FALSE
SK9826,Zea mays,FALSE
SN0732,Acer pseudoplatanus,FALSE
SN0732,Achillea millefolium,FALSE
SN0732,Achillea ptarmica,FALSE
SN0732,Aegopodium podagraria,FALSE
SN0732,Aethusa cynapium,FALSE
SN0732,Ajuga reptans,FALSE
SN0732,Alliaria petiolata,FALSE
SN0732,Alnus glutinosa,FALSE
SN0732,Anagallis arvensis,FALSE
SN0732,Anchusa arvensis,FALSE
SN0732,Anemone nemorosa,FALSE
SN0732,Angelica sylvestris,FALSE
SN0732,Anthemis cotula,FALSE
SN0732,Anthriscus caucalis,FALSE
SN0732,Anthriscus sylvestris,FALSE
SN0732,Apium nodiflorum,FALSE
SN0732,Armeria maritima,FALSE
SN0732,Artemisia absinthium,FALSE
SN0732,Artemisia annua,FALSE
SN0732,Artemisia vulgaris,FALSE
SN0732,Aster tripolium,FALSE
SN0732,Atriplex patula,FALSE
SN0732,Atriplex portulacoides,FALSE
SN0732,Ballota nigra,FALSE
SN0732,Barbarea vulgaris,FALSE
SN0732,Bellis perennis,FALSE
SN0732,Berula erecta,FALSE
SN0732,Brassica napus,FALSE
SN0732,Brassica oleracea,FALSE
SN0732,Brassica rapa,FALSE
SN0732,Bryonia dioica,FALSE
SN0732,Buddleja davidii,FALSE
SN0732,Bupleurum tenuissimum,FALSE
SN0732,Calluna vulgaris,TRUE
SN0732,Caltha palustris,FALSE
SN0732,Calystegia sepium,FALSE
SN0732,Campanula rotundifolia,FALSE
SN0732,Capsella bursa,FALSE
SN0732,Cardamine flexuosa,TRUE
SN0732,Cardamine hirsuta,FALSE
SN0732,Cardamine pratensis,TRUE
SN0732,Carduus nutans,FALSE
SN0732,Carum verticillatum,FALSE
SN0732,Centaurea cyanus,FALSE
SN0732,Centaurea nigra,FALSE
SN0732,Centaurea scabiosa,FALSE
SN0732,Centaurium erythraea,FALSE
SN0732,Cerastium arvense,FALSE
SN0732,Cerastium fontanum,FALSE
SN0732,Cerastium glomeratum,FALSE
SN0732,Ceratocapnos claviculata,FALSE
SN0732,Chaerophyllum temulum,FALSE
SN0732,Chamaemelum nobile,FALSE
SN0732,Chamerion angustifolium,FALSE
SN0732,Chenopodium album,FALSE
SN0732,Chenopodium ficifolium,FALSE
SN0732,Chenopodium quinoa,FALSE
SN0732,Cichorium intybus,FALSE
SN0732,Circaea lutetiana,FALSE
SN0732,Cirsium arvense,FALSE
SN0732,Cirsium eriophorum,FALSE
SN0732,Cirsium palustre,TRUE
SN0732,Cirsium vulgare,FALSE
SN0732,Clematis vitalba,FALSE
SN0732,Clinopodium vulgare,FALSE
SN0732,Conium maculatum,FALSE
SN0732,Conopodium majus,FALSE
SN0732,Convolvulus arvensis,FALSE
SN0732,Conyza canadensis,FALSE
SN0732,Cotoneaster salicifolius,FALSE
SN0732,Crataegus monogyna,FALSE
SN0732,Crepis capillaris,FALSE
SN0732,Crepis vesicaria,FALSE
SN0732,Cruciata laevipes,FALSE
SN0732,Cytisus scoparius,FALSE
SN0732,Dactylorhiza fuchsii,FALSE
SN0732,Dactylorhiza maculata,FALSE
SN0732,Daucus carota,FALSE
SN0732,Digitalis ferruginea,FALSE
SN0732,Digitalis grandiflora,FALSE
SN0732,Digitalis purpurea,FALSE
SN0732,Dioscorea communis,FALSE
SN0732,Doronicum plantagineum,FALSE
SN0732,Drosera anglica,FALSE
SN0732,Drosera rotundifolia,FALSE
SN0732,Dryas octopetala,FALSE
SN0732,Epilobium hirsutum,FALSE
SN0732,Epilobium montanum,FALSE
SN0732,Epilobium obscurum,FALSE
SN0732,Epilobium palustre,FALSE
SN0732,Epilobium parviflorum,FALSE
SN0732,Epilobium roseum,FALSE
SN0732,Epilobium tetragonum,FALSE
SN0732,Erica cinerea,FALSE
SN0732,Erica tetralix,TRUE
SN0732,Eriophorum vaginatum,FALSE
SN0732,Eupatorium cannabinum,FALSE
SN0732,Euphorbia exigua,FALSE
SN0732,Euphorbia helioscopia,FALSE
SN0732,Euphrasia officinalis,FALSE
SN0732,Fagopyrum esculentum,FALSE
SN0732,Fallopia convolvulus,FALSE
SN0732,Filipendula ulmaria,FALSE
SN0732,Fumaria officinalis,FALSE
SN0732,Galeopsis speciosa,FALSE
SN0732,Galeopsis tetrahit,FALSE
SN0732,Galium aparine,FALSE
SN0732,Galium mollugo,FALSE
SN0732,Galium odoratum,FALSE
SN0732,Galium palustre,FALSE
SN0732,Galium saxatile,TRUE
SN0732,Galium verum,FALSE
SN0732,Genista anglica,FALSE
SN0732,Geranium dissectum,FALSE
SN0732,Geranium molle,FALSE
SN0732,Geranium nodosum,FALSE
SN0732,Geranium pratense,FALSE
SN0732,Geranium pyrenaicum,FALSE
SN0732,Geranium robertianum,FALSE
SN0732,Geum urbanum,FALSE
SN0732,Glechoma hederacea,FALSE
SN0732,Hedera helix,FALSE
SN0732,Helianthus annuus,FALSE
SN0732,Heracleum mantegazzianum,FALSE
SN0732,Heracleum sphondylium,FALSE
SN0732,Hippocrepis comosa,FALSE
SN0732,Hordeum vulgare,FALSE
SN0732,Hyacinthoides non,FALSE
SN0732,Hypericum forrestii,FALSE
SN0732,Hypericum perforatum,FALSE
SN0732,Hypericum pulchrum,FALSE
SN0732,Hypericum tetrapterum,FALSE
SN0732,Hypochaeris radicata,FALSE
SN0732,Ilex aquifolium,FALSE
SN0732,Impatiens glandulifera,FALSE
SN0732,Impatiens parviflora,FALSE
SN0732,Iris pseudacorus,FALSE
SN0732,Jacobaea erucifolia,FALSE
SN0732,Jacobaea vulgaris,FALSE
SN0732,Jasione montana,FALSE
SN0732,Juncus conglomeratus,FALSE
SN0732,Juncus effusus,FALSE
SN0732,Knautia arvensis,FALSE
SN0732,Lactuca serriola,FALSE
SN0732,Lamium album,FALSE
SN0732,Lamium galeobdolon,FALSE
SN0732,Lamium purpureum,FALSE
SN0732,Lapsana communis,FALSE
SN0732,Lathyrus aphaca,FALSE
SN0732,Lathyrus linifolius,FALSE
SN0732,Lathyrus pratensis,FALSE
SN0732,Leontodon hispidus,FALSE
SN0732,Leontodon saxatilis,FALSE
SN0732,Leucanthemum vulgare,FALSE
SN0732,Ligusticum scoticum,FALSE
SN0732,Limonium vulgare,FALSE
SN0732,Linaria vulgaris,FALSE
SN0732,Linum catharticum,FALSE
SN0732,Linum usitatissimum,FALSE
SN0732,Lonicera caprifolium,FALSE
SN0732,Lonicera periclymenum,FALSE
SN0732,Lotus angustissimus,FALSE
SN0732,Lotus corniculatus,TRUE
SN0732,Lotus pedunculatus,FALSE
SN0732,Lotus subbiflorus,FALSE
SN0732,Luzula campestris,FALSE
SN0732,Lysimachia nemorum,FALSE
SN0732,Lysimachia punctata,FALSE
SN0732,Lysimachia vulgaris,FALSE
SN0732,Lythrum alatum,FALSE
SN0732,Lythrum salicaria,FALSE
SN0732,Malva sylvestris,FALSE
SN0732,Matricaria chamomilla,FALSE
SN0732,Matricaria discoidea,FALSE
SN0732,Medicago lupulina,FALSE
SN0732,Melampyrum pratense,FALSE
SN0732,Mentha aquatica,FALSE
SN0732,Mentha arvensis,FALSE
SN0732,Mercurialis perennis,FALSE
SN0732,Myosotis arvensis,FALSE
SN0732,Myosotis discolor,FALSE
SN0732,Myosotis sylvatica,FALSE
SN0732,Narthecium ossifragum,TRUE
SN0732,Odontites vernus,FALSE
SN0732,Oenanthe crocata,FALSE
SN0732,Origanum vulgare,FALSE
SN0732,Ornithopus perpusillus,FALSE
SN0732,Oxalis acetosella,FALSE
SN0732,Panicum miliaceum,FALSE
SN0732,Papaver rhoeas,FALSE
SN0732,Pedicularis sylvatica,FALSE
SN0732,Persicaria amplexicaulis,FALSE
SN0732,Persicaria bistorta,FALSE
SN0732,Persicaria hydropiper,FALSE
SN0732,Persicaria lapathifolia,FALSE
SN0732,Persicaria maculosa,FALSE
SN0732,Peucedanum ostruthium,FALSE
SN0732,Picris echioides,FALSE
SN0732,Picris hieracioides,FALSE
SN0732,Pilosella officinarum,FALSE
SN0732,Pimpinella saxifraga,FALSE
SN0732,Pinguicula vulgaris,FALSE
SN0732,Plantago lanceolata,FALSE
SN0732,Plantago major,FALSE
SN0732,Plantago maritima,FALSE
SN0732,Poa annua,FALSE
SN0732,Polygala serpyllifolia,TRUE
SN0732,Polygala vulgaris,TRUE
SN0732,Polygonum aviculare,FALSE
SN0732,Potentilla anglica,FALSE
SN0732,Potentilla anserina,FALSE
SN0732,Potentilla erecta,TRUE
SN0732,Potentilla recta,FALSE
SN0732,Potentilla reptans,FALSE
SN0732,Prunella vulgaris,FALSE
SN0732,Prunus spinosa,FALSE
SN0732,Pulicaria dysenterica,FALSE
SN0732,Ranunculus acris,TRUE
SN0732,Ranunculus bulbosus,FALSE
SN0732,Ranunculus ficaria,FALSE
SN0732,Ranunculus flammula,FALSE
SN0732,Ranunculus repens,TRUE
SN0732,Ranunculus sardous,FALSE
SN0732,Raphanus raphanistrum,FALSE
SN0732,Raphanus sativus,FALSE
SN0732,Rhinanthus minor,FALSE
SN0732,Rosa arvensis,FALSE
SN0732,Rosa canina,FALSE
SN0732,Rubus caesius,FALSE
SN0732,Rubus fruticosus,FALSE
SN0732,Rubus idaeus,FALSE
SN0732,Rumex acetosa,FALSE
SN0732,Rumex acetosella,FALSE
SN0732,Rumex crispus,FALSE
SN0732,Rumex obtusifolius,FALSE
SN0732,Rumex sanguineus,FALSE
SN0732,Sagina saginoides,FALSE
SN0732,Sambucus nigra,FALSE
SN0732,Sanguisorba officinalis,FALSE
SN0732,Scorzoneroides autumnalis,FALSE
SN0732,Scrophularia auriculata,FALSE
SN0732,Scrophularia nodosa,FALSE
SN0732,Sedum anglicum,FALSE
SN0732,Senecio erucifolius,FALSE
SN0732,Senecio jacobaea,FALSE
SN0732,Senecio vulgaris,FALSE
SN0732,Sherardia arvensis,FALSE
SN0732,Silene dioica,FALSE
SN0732,Silene latifolia,FALSE
SN0732,Silybum marianum,FALSE
SN0732,Sinapis alba,FALSE
SN0732,Sinapis arvensis,FALSE
SN0732,Sisymbrium officinale,FALSE
SN0732,Solanum dulcamara,FALSE
SN0732,Solanum nigrum,FALSE
SN0732,Solanum tuberosum,FALSE
SN0732,Sonchus arvensis,FALSE
SN0732,Sonchus asper,FALSE
SN0732,Sonchus oleraceus,FALSE
SN0732,Sorbus aucuparia,FALSE
SN0732,Spergula arvensis,FALSE
SN0732,Spergularia media,FALSE
SN0732,Stachys arvensis,FALSE
SN0732,Stachys palustris,FALSE
SN0732,Stachys sylvatica,FALSE
SN0732,Stellaria alsine,FALSE
SN0732,Stellaria graminea,FALSE
SN0732,Stellaria holostea,FALSE
SN0732,Stellaria media,FALSE
SN0732,Suaeda maritima,FALSE
SN0732,Succisa pratensis,FALSE
SN0732,Symphytum officinale,FALSE
SN0732,Taraxacum agg,FALSE
SN0732,Taraxacum officinale,FALSE
SN0732,Teucrium scorodonia,FALSE
SN0732,Thlaspi arvense,FALSE
SN0732,Thymus polytrichus,FALSE
SN0732,Thymus vulgaris,FALSE
SN0732,Torilis japonica,FALSE
SN0732,Tragopogon pratensis,FALSE
SN0732,Trientalis europaea,FALSE
SN0732,Trifolium arvense,FALSE
SN0732,Trifolium campestre,FALSE
SN0732,Trifolium constantinopolitanum,FALSE
SN0732,Trifolium dubium,FALSE
SN0732,Trifolium pratense,FALSE
SN0732,Trifolium repens,FALSE
SN0732,Tripleurospermum inodorum,FALSE
SN0732,Tripleurospermum maritimum,FALSE
SN0732,Turgenia latifolia,FALSE
SN0732,Ulex europaeus,FALSE
SN0732,Ulex gallii,FALSE
SN0732,Urtica dioica,FALSE
SN0732,Vaccinium myrtillus,TRUE
SN0732,Vaccinium oxycoccos,FALSE
SN0732,Vaccinium vitis,FALSE
SN0732,Valeriana dioica,FALSE
SN0732,Valeriana officinalis,FALSE
SN0732,Verbena officinalis,FALSE
SN0732,Verbena x,FALSE
SN0732,Veronica agrestis,FALSE
SN0732,Veronica arvensis,FALSE
SN0732,Veronica beccabunga,FALSE
SN0732,Veronica chamaedrys,FALSE
SN0732,Veronica hederifolia,FALSE
SN0732,Veronica montana,FALSE
SN0732,Veronica officinalis,FALSE
SN0732,Veronica persica,FALSE
SN0732,Veronica polita,FALSE
SN0732,Veronica serpyllifolia,FALSE
SN0732,Vicia benghalensis,FALSE
SN0732,Vicia cracca,FALSE
SN0732,Vicia faba,FALSE
SN0732,Vicia hirsuta,FALSE
SN0732,Vicia lutea,FALSE
SN0732,Vicia sativa,FALSE
SN0732,Vicia sepium,FALSE
SN0732,Vicia spp,FALSE
SN0732,Vicia tetrasperma,FALSE
SN0732,Viola arvensis,FALSE
SN0732,Viola canina,FALSE
SN0732,Viola palustris,FALSE
SN0732,Viola riviniana,FALSE
SN0732,Zea mays,FALSE
SN6098,Acer pseudoplatanus,FALSE
SN6098,Achillea millefolium,TRUE
SN6098,Achillea ptarmica,FALSE
SN6098,Aegopodium podagraria,FALSE
SN6098,Aethusa cynapium,FALSE
SN6098,Ajuga reptans,FALSE
SN6098,Alliaria petiolata,FALSE
SN6098,Alnus glutinosa,FALSE
SN6098,Anagallis arvensis,FALSE
SN6098,Anchusa arvensis,FALSE
SN6098,Anemone nemorosa,FALSE
SN6098,Angelica sylvestris,FALSE
SN6098,Anthemis cotula,FALSE
SN6098,Anthriscus caucalis,FALSE
SN6098,Anthriscus sylvestris,FALSE
SN6098,Apium nodiflorum,FALSE
SN6098,Armeria maritima,FALSE
SN6098,Artemisia absinthium,TRUE
SN6098,Artemisia annua,FALSE
SN6098,Artemisia vulgaris,FALSE
SN6098,Aster tripolium,FALSE
SN6098,Atriplex patula,FALSE
SN6098,Atriplex portulacoides,FALSE
SN6098,Ballota nigra,FALSE
SN6098,Barbarea vulgaris,FALSE
SN6098,Bellis perennis,FALSE
SN6098,Berula erecta,FALSE
SN6098,Brassica napus,FALSE
SN6098,Brassica oleracea,FALSE
SN6098,Brassica rapa,FALSE
SN6098,Bryonia dioica,FALSE
SN6098,Buddleja davidii,FALSE
SN6098,Bupleurum tenuissimum,FALSE
SN6098,Calluna vulgaris,FALSE
SN6098,Caltha palustris,FALSE
SN6098,Calystegia sepium,FALSE
SN6098,Campanula rotundifolia,TRUE
SN6098,Capsella bursa,FALSE
SN6098,Cardamine flexuosa,FALSE
SN6098,Cardamine hirsuta,FALSE
SN6098,Cardamine pratensis,TRUE
SN6098,Carduus nutans,FALSE
SN6098,Carum verticillatum,FALSE
SN6098,Centaurea cyanus,FALSE
SN6098,Centaurea nigra,FALSE
SN6098,Centaurea scabiosa,FALSE
SN6098,Centaurium erythraea,FALSE
SN6098,Cerastium arvense,FALSE
SN6098,Cerastium fontanum,TRUE
SN6098,Cerastium glomeratum,FALSE
SN6098,Ceratocapnos claviculata,FALSE
SN6098,Chaerophyllum temulum,FALSE
SN6098,Chamaemelum nobile,FALSE
SN6098,Chamerion angustifolium,FALSE
SN6098,Chenopodium album,FALSE
SN6098,Chenopodium ficifolium,FALSE
SN6098,Chenopodium quinoa,FALSE
SN6098,Cichorium intybus,FALSE
SN6098,Circaea lutetiana,FALSE
SN6098,Cirsium arvense,TRUE
SN6098,Cirsium eriophorum,FALSE
SN6098,Cirsium palustre,FALSE
SN6098,Cirsium vulgare,TRUE
SN6098,Clematis vitalba,FALSE
SN6098,Clinopodium vulgare,FALSE
SN6098,Conium maculatum,FALSE
SN6098,Conopodium majus,FALSE
SN6098,Convolvulus arvensis,FALSE
SN6098,Conyza canadensis,FALSE
SN6098,Cotoneaster salicifolius,FALSE
SN6098,Crataegus monogyna,FALSE
SN6098,Crepis capillaris,TRUE
SN6098,Crepis vesicaria,FALSE
SN6098,Cruciata laevipes,FALSE
SN6098,Cytisus scoparius,FALSE
SN6098,Dactylorhiza fuchsii,FALSE
SN6098,Dactylorhiza maculata,FALSE
SN6098,Daucus carota,FALSE
SN6098,Digitalis ferruginea,FALSE
SN6098,Digitalis grandiflora,FALSE
SN6098,Digitalis purpurea,TRUE
SN6098,Dioscorea communis,FALSE
SN6098,Doronicum plantagineum,FALSE
SN6098,Drosera anglica,FALSE
SN6098,Drosera rotundifolia,FALSE
SN6098,Dryas octopetala,FALSE
SN6098,Epilobium hirsutum,FALSE
SN6098,Epilobium montanum,FALSE
SN6098,Epilobium obscurum,FALSE
SN6098,Epilobium palustre,FALSE
SN6098,Epilobium parviflorum,FALSE
SN6098,Epilobium roseum,FALSE
SN6098,Epilobium tetragonum,FALSE
SN6098,Erica cinerea,FALSE
SN6098,Erica tetralix,FALSE
SN6098,Eriophorum vaginatum,FALSE
SN6098,Eupatorium cannabinum,FALSE
SN6098,Euphorbia exigua,FALSE
SN6098,Euphorbia helioscopia,FALSE
SN6098,Euphrasia officinalis,FALSE
SN6098,Fagopyrum esculentum,FALSE
SN6098,Fallopia convolvulus,FALSE
SN6098,Filipendula ulmaria,FALSE
SN6098,Fumaria officinalis,FALSE
SN6098,Galeopsis speciosa,FALSE
SN6098,Galeopsis tetrahit,FALSE
SN6098,Galium aparine,TRUE
SN6098,Galium mollugo,FALSE
SN6098,Galium odoratum,FALSE
SN6098,Galium palustre,TRUE
SN6098,Galium saxatile,TRUE
SN6098,Galium verum,FALSE
SN6098,Genista anglica,FALSE
SN6098,Geranium dissectum,FALSE
SN6098,Geranium molle,TRUE
SN6098,Geranium nodosum,FALSE
SN6098,Geranium pratense,FALSE
SN6098,Geranium pyrenaicum,FALSE
SN6098,Geranium robertianum,FALSE
SN6098,Geum urbanum,FALSE
SN6098,Glechoma hederacea,TRUE
SN6098,Hedera helix,FALSE
SN6098,Helianthus annuus,FALSE
SN6098,Heracleum mantegazzianum,FALSE
SN6098,Heracleum sphondylium,FALSE
SN6098,Hippocrepis comosa,FALSE
SN6098,Hordeum vulgare,FALSE
SN6098,Hyacinthoides non,FALSE
SN6098,Hypericum forrestii,FALSE
SN6098,Hypericum perforatum,FALSE
SN6098,Hypericum pulchrum,FALSE
SN6098,Hypericum tetrapterum,FALSE
SN6098,Hypochaeris radicata,TRUE
SN6098,Ilex aquifolium,FALSE
SN6098,Impatiens glandulifera,FALSE
SN6098,Impatiens parviflora,FALSE
SN6098,Iris pseudacorus,FALSE
SN6098,Jacobaea erucifolia,FALSE
SN6098,Jacobaea vulgaris,FALSE
SN6098,Jasione montana,TRUE
SN6098,Juncus conglomeratus,FALSE
SN6098,Juncus effusus,FALSE
SN6098,Knautia arvensis,FALSE
SN6098,Lactuca serriola,FALSE
SN6098,Lamium album,FALSE
SN6098,Lamium galeobdolon,FALSE
SN6098,Lamium purpureum,TRUE
SN6098,Lapsana communis,TRUE
SN6098,Lathyrus aphaca,FALSE
SN6098,Lathyrus linifolius,FALSE
SN6098,Lathyrus pratensis,TRUE
SN6098,Leontodon hispidus,FALSE
SN6098,Leontodon saxatilis,FALSE
SN6098,Leucanthemum vulgare,FALSE
SN6098,Ligusticum scoticum,FALSE
SN6098,Limonium vulgare,FALSE
SN6098,Linaria vulgaris,FALSE
SN6098,Linum catharticum,FALSE
SN6098,Linum usitatissimum,FALSE
SN6098,Lonicera caprifolium,FALSE
SN6098,Lonicera periclymenum,FALSE
SN6098,Lotus angustissimus,FALSE
SN6098,Lotus corniculatus,FALSE
SN6098,Lotus pedunculatus,TRUE
SN6098,Lotus subbiflorus,FALSE
SN6098,Luzula campestris,FALSE
SN6098,Lysimachia nemorum,FALSE
SN6098,Lysimachia punctata,FALSE
SN6098,Lysimachia vulgaris,FALSE
SN6098,Lythrum alatum,FALSE
SN6098,Lythrum salicaria,FALSE
SN6098,Malva sylvestris,FALSE
SN6098,Matricaria chamomilla,FALSE
SN6098,Matricaria discoidea,FALSE
SN6098,Medicago lupulina,TRUE
SN6098,Melampyrum pratense,FALSE
SN6098,Mentha aquatica,FALSE
SN6098,Mentha arvensis,FALSE
SN6098,Mercurialis perennis,FALSE
SN6098,Myosotis arvensis,FALSE
SN6098,Myosotis discolor,FALSE
SN6098,Myosotis sylvatica,FALSE
SN6098,Narthecium ossifragum,FALSE
SN6098,Odontites vernus,FALSE
SN6098,Oenanthe crocata,TRUE
SN6098,Origanum vulgare,FALSE
SN6098,Ornithopus perpusillus,FALSE
SN6098,Oxalis acetosella,FALSE
SN6098,Panicum miliaceum,FALSE
SN6098,Papaver rhoeas,FALSE
SN6098,Pedicularis sylvatica,FALSE
SN6098,Persicaria amplexicaulis,FALSE
SN6098,Persicaria bistorta,FALSE
SN6098,Persicaria hydropiper,TRUE
SN6098,Persicaria lapathifolia,FALSE
SN6098,Persicaria maculosa,TRUE
SN6098,Peucedanum ostruthium,FALSE
SN6098,Picris echioides,FALSE
SN6098,Picris hieracioides,FALSE
SN6098,Pilosella officinarum,FALSE
SN6098,Pimpinella saxifraga,FALSE
SN6098,Pinguicula vulgaris,FALSE
SN6098,Plantago lanceolata,TRUE
SN6098,Plantago major,FALSE
SN6098,Plantago maritima,FALSE
SN6098,Poa annua,FALSE
SN6098,Polygala serpyllifolia,FALSE
SN6098,Polygala vulgaris,FALSE
SN6098,Polygonum aviculare,FALSE
SN6098,Potentilla anglica,FALSE
SN6098,Potentilla anserina,FALSE
SN6098,Potentilla erecta,TRUE
SN6098,Potentilla recta,FALSE
SN6098,Potentilla reptans,FALSE
SN6098,Prunella vulgaris,TRUE
SN6098,Prunus spinosa,FALSE
SN6098,Pulicaria dysenterica,FALSE
SN6098,Ranunculus acris,TRUE
SN6098,Ranunculus bulbosus,FALSE
SN6098,Ranunculus ficaria,FALSE
SN6098,Ranunculus flammula,FALSE
SN6098,Ranunculus repens,TRUE
SN6098,Ranunculus sardous,FALSE
SN6098,Raphanus raphanistrum,FALSE
SN6098,Raphanus sativus,FALSE
SN6098,Rhinanthus minor,FALSE
SN6098,Rosa arvensis,FALSE
SN6098,Rosa canina,FALSE
SN6098,Rubus caesius,FALSE
SN6098,Rubus fruticosus,TRUE
SN6098,Rubus idaeus,FALSE
SN6098,Rumex acetosa,TRUE
SN6098,Rumex acetosella,TRUE
SN6098,Rumex crispus,FALSE
SN6098,Rumex obtusifolius,TRUE
SN6098,Rumex sanguineus,FALSE
SN6098,Sagina saginoides,FALSE
SN6098,Sambucus nigra,FALSE
SN6098,Sanguisorba officinalis,FALSE
SN6098,Scorzoneroides autumnalis,TRUE
SN6098,Scrophularia auriculata,FALSE
SN6098,Scrophularia nodosa,FALSE
SN6098,Sedum anglicum,TRUE
SN6098,Senecio erucifolius,FALSE
SN6098,Senecio jacobaea,FALSE
SN6098,Senecio vulgaris,TRUE
SN6098,Sherardia arvensis,FALSE
SN6098,Silene dioica,TRUE
SN6098,Silene latifolia,FALSE
SN6098,Silybum marianum,FALSE
SN6098,Sinapis alba,FALSE
SN6098,Sinapis arvensis,FALSE
SN6098,Sisymbrium officinale,FALSE
SN6098,Solanum dulcamara,FALSE
SN6098,Solanum nigrum,FALSE
SN6098,Solanum tuberosum,FALSE
SN6098,Sonchus arvensis,FALSE
SN6098,Sonchus asper,FALSE
SN6098,Sonchus oleraceus,TRUE
SN6098,Sorbus aucuparia,FALSE
SN6098,Spergula arvensis,FALSE
SN6098,Spergularia media,FALSE
SN6098,Stachys arvensis,FALSE
SN6098,Stachys palustris,FALSE
SN6098,Stachys sylvatica,TRUE
SN6098,Stellaria alsine,FALSE
SN6098,Stellaria graminea,TRUE
SN6098,Stellaria holostea,FALSE
SN6098,Stellaria media,TRUE
SN6098,Suaeda maritima,FALSE
SN6098,Succisa pratensis,FALSE
SN6098,Symphytum officinale,FALSE
SN6098,Taraxacum agg,FALSE
SN6098,Taraxacum officinale,TRUE
SN6098,Teucrium scorodonia,FALSE
SN6098,Thlaspi arvense,FALSE
SN6098,Thymus polytrichus,TRUE
SN6098,Thymus vulgaris,FALSE
SN6098,Torilis japonica,FALSE
SN6098,Tragopogon pratensis,FALSE
SN6098,Trientalis europaea,FALSE
SN6098,Trifolium arvense,FALSE
SN6098,Trifolium campestre,FALSE
SN6098,Trifolium constantinopolitanum,TRUE
SN6098,Trifolium dubium,TRUE
SN6098,Trifolium pratense,TRUE
SN6098,Trifolium repens,TRUE
SN6098,Tripleurospermum inodorum,FALSE
SN6098,Tripleurospermum maritimum,FALSE
SN6098,Turgenia latifolia,FALSE
SN6098,Ulex europaeus,TRUE
SN6098,Ulex gallii,FALSE
SN6098,Urtica dioica,TRUE
SN6098,Vaccinium myrtillus,FALSE
SN6098,Vaccinium oxycoccos,FALSE
SN6098,Vaccinium vitis,FALSE
SN6098,Valeriana dioica,FALSE
SN6098,Valeriana officinalis,FALSE
SN6098,Verbena officinalis,FALSE
SN6098,Verbena x,FALSE
SN6098,Veronica agrestis,FALSE
SN6098,Veronica arvensis,FALSE
SN6098,Veronica beccabunga,FALSE
SN6098,Veronica chamaedrys,TRUE
SN6098,Veronica hederifolia,FALSE
SN6098,Veronica montana,FALSE
SN6098,Veronica officinalis,FALSE
SN6098,Veronica persica,FALSE
SN6098,Veronica polita,FALSE
SN6098,Veronica serpyllifolia,FALSE
SN6098,Vicia benghalensis,FALSE
SN6098,Vicia cracca,FALSE
SN6098,Vicia faba,FALSE
SN6098,Vicia hirsuta,FALSE
SN6098,Vicia lutea,FALSE
SN6098,Vicia sativa,FALSE
SN6098,Vicia sepium,FALSE
SN6098,Vicia spp,FALSE
SN6098,Vicia tetrasperma,FALSE
SN6098,Viola arvensis,FALSE
SN6098,Viola canina,FALSE
SN6098,Viola palustris,FALSE
SN6098,Viola riviniana,FALSE
SN6098,Zea mays,FALSE
SN6185,Acer pseudoplatanus,FALSE
SN6185,Achillea millefolium,TRUE
SN6185,Achillea ptarmica,FALSE
SN6185,Aegopodium podagraria,FALSE
SN6185,Aethusa cynapium,FALSE
SN6185,Ajuga reptans,FALSE
SN6185,Alliaria petiolata,FALSE
SN6185,Alnus glutinosa,FALSE
SN6185,Anagallis arvensis,FALSE
SN6185,Anchusa arvensis,FALSE
SN6185,Anemone nemorosa,FALSE
SN6185,Angelica sylvestris,FALSE
SN6185,Anthemis cotula,FALSE
SN6185,Anthriscus caucalis,FALSE
SN6185,Anthriscus sylvestris,FALSE
SN6185,Apium nodiflorum,FALSE
SN6185,Armeria maritima,FALSE
SN6185,Artemisia absinthium,FALSE
SN6185,Artemisia annua,FALSE
SN6185,Artemisia vulgaris,FALSE
SN6185,Aster tripolium,FALSE
SN6185,Atriplex patula,FALSE
SN6185,Atriplex portulacoides,FALSE
SN6185,Ballota nigra,FALSE
SN6185,Barbarea vulgaris,FALSE
SN6185,Bellis perennis,TRUE
SN6185,Berula erecta,FALSE
SN6185,Brassica napus,FALSE
SN6185,Brassica oleracea,FALSE
SN6185,Brassica rapa,FALSE
SN6185,Bryonia dioica,FALSE
SN6185,Buddleja davidii,FALSE
SN6185,Bupleurum tenuissimum,FALSE
SN6185,Calluna vulgaris,FALSE
SN6185,Caltha palustris,FALSE
SN6185,Calystegia sepium,FALSE
SN6185,Campanula rotundifolia,TRUE
SN6185,Capsella bursa,FALSE
SN6185,Cardamine flexuosa,TRUE
SN6185,Cardamine hirsuta,FALSE
SN6185,Cardamine pratensis,FALSE
SN6185,Carduus nutans,FALSE
SN6185,Carum verticillatum,FALSE
SN6185,Centaurea cyanus,FALSE
SN6185,Centaurea nigra,FALSE
SN6185,Centaurea scabiosa,FALSE
SN6185,Centaurium erythraea,FALSE
SN6185,Cerastium arvense,FALSE
SN6185,Cerastium fontanum,TRUE
SN6185,Cerastium glomeratum,FALSE
SN6185,Ceratocapnos claviculata,FALSE
SN6185,Chaerophyllum temulum,FALSE
SN6185,Chamaemelum nobile,FALSE
SN6185,Chamerion angustifolium,FALSE
SN6185,Chenopodium album,FALSE
SN6185,Chenopodium ficifolium,FALSE
SN6185,Chenopodium quinoa,FALSE
SN6185,Cichorium intybus,FALSE
SN6185,Circaea lutetiana,FALSE
SN6185,Cirsium arvense,TRUE
SN6185,Cirsium eriophorum,FALSE
SN6185,Cirsium palustre,FALSE
SN6185,Cirsium vulgare,FALSE
SN6185,Clematis vitalba,FALSE
SN6185,Clinopodium vulgare,FALSE
SN6185,Conium maculatum,FALSE
SN6185,Conopodium majus,FALSE
SN6185,Convolvulus arvensis,FALSE
SN6185,Conyza canadensis,FALSE
SN6185,Cotoneaster salicifolius,FALSE
SN6185,Crataegus monogyna,FALSE
SN6185,Crepis capillaris,FALSE
SN6185,Crepis vesicaria,FALSE
SN6185,Cruciata laevipes,FALSE
SN6185,Cytisus scoparius,FALSE
SN6185,Dactylorhiza fuchsii,FALSE
SN6185,Dactylorhiza maculata,FALSE
SN6185,Daucus carota,FALSE
SN6185,Digitalis ferruginea,FALSE
SN6185,Digitalis grandiflora,FALSE
SN6185,Digitalis purpurea,TRUE
SN6185,Dioscorea communis,FALSE
SN6185,Doronicum plantagineum,FALSE
SN6185,Drosera anglica,FALSE
SN6185,Drosera rotundifolia,FALSE
SN6185,Dryas octopetala,FALSE
SN6185,Epilobium hirsutum,FALSE
SN6185,Epilobium montanum,FALSE
SN6185,Epilobium obscurum,FALSE
SN6185,Epilobium palustre,FALSE
SN6185,Epilobium parviflorum,FALSE
SN6185,Epilobium roseum,FALSE
SN6185,Epilobium tetragonum,FALSE
SN6185,Erica cinerea,FALSE
SN6185,Erica tetralix,FALSE
SN6185,Eriophorum vaginatum,FALSE
SN6185,Eupatorium cannabinum,FALSE
SN6185,Euphorbia exigua,FALSE
SN6185,Euphorbia helioscopia,FALSE
SN6185,Euphrasia officinalis,FALSE
SN6185,Fagopyrum esculentum,FALSE
SN6185,Fallopia convolvulus,FALSE
SN6185,Filipendula ulmaria,FALSE
SN6185,Fumaria officinalis,FALSE
SN6185,Galeopsis speciosa,FALSE
SN6185,Galeopsis tetrahit,TRUE
SN6185,Galium aparine,FALSE
SN6185,Galium mollugo,FALSE
SN6185,Galium odoratum,FALSE
SN6185,Galium palustre,FALSE
SN6185,Galium saxatile,FALSE
SN6185,Galium verum,FALSE
SN6185,Genista anglica,FALSE
SN6185,Geranium dissectum,FALSE
SN6185,Geranium molle,FALSE
SN6185,Geranium nodosum,FALSE
SN6185,Geranium pratense,FALSE
SN6185,Geranium pyrenaicum,FALSE
SN6185,Geranium robertianum,FALSE
SN6185,Geum urbanum,FALSE
SN6185,Glechoma hederacea,FALSE
SN6185,Hedera helix,FALSE
SN6185,Helianthus annuus,FALSE
SN6185,Heracleum mantegazzianum,FALSE
SN6185,Heracleum sphondylium,FALSE
SN6185,Hippocrepis comosa,FALSE
SN6185,Hordeum vulgare,FALSE
SN6185,Hyacinthoides non,FALSE
SN6185,Hypericum forrestii,FALSE
SN6185,Hypericum perforatum,FALSE
SN6185,Hypericum pulchrum,FALSE
SN6185,Hypericum tetrapterum,FALSE
SN6185,Hypochaeris radicata,TRUE
SN6185,Ilex aquifolium,FALSE
SN6185,Impatiens glandulifera,FALSE
SN6185,Impatiens parviflora,FALSE
SN6185,Iris pseudacorus,FALSE
SN6185,Jacobaea erucifolia,FALSE
SN6185,Jacobaea vulgaris,FALSE
SN6185,Jasione montana,FALSE
SN6185,Juncus conglomeratus,FALSE
SN6185,Juncus effusus,FALSE
SN6185,Knautia arvensis,FALSE
SN6185,Lactuca serriola,FALSE
SN6185,Lamium album,FALSE
SN6185,Lamium galeobdolon,FALSE
SN6185,Lamium purpureum,FALSE
SN6185,Lapsana communis,FALSE
SN6185,Lathyrus aphaca,FALSE
SN6185,Lathyrus linifolius,FALSE
SN6185,Lathyrus pratensis,FALSE
SN6185,Leontodon hispidus,FALSE
SN6185,Leontodon saxatilis,FALSE
SN6185,Leucanthemum vulgare,FALSE
SN6185,Ligusticum scoticum,FALSE
SN6185,Limonium vulgare,FALSE
SN6185,Linaria vulgaris,FALSE
SN6185,Linum catharticum,FALSE
SN6185,Linum usitatissimum,FALSE
SN6185,Lonicera caprifolium,FALSE
SN6185,Lonicera periclymenum,FALSE
SN6185,Lotus angustissimus,FALSE
SN6185,Lotus corniculatus,TRUE
SN6185,Lotus pedunculatus,FALSE
SN6185,Lotus subbiflorus,FALSE
SN6185,Luzula campestris,FALSE
SN6185,Lysimachia nemorum,FALSE
SN6185,Lysimachia punctata,FALSE
SN6185,Lysimachia vulgaris,FALSE
SN6185,Lythrum alatum,FALSE
SN6185,Lythrum salicaria,FALSE
SN6185,Malva sylvestris,FALSE
SN6185,Matricaria chamomilla,FALSE
SN6185,Matricaria discoidea,FALSE
SN6185,Medicago lupulina,FALSE
SN6185,Melampyrum pratense,FALSE
SN6185,Mentha aquatica,FALSE
SN6185,Mentha arvensis,FALSE
SN6185,Mercurialis perennis,FALSE
SN6185,Myosotis arvensis,FALSE
SN6185,Myosotis discolor,FALSE
SN6185,Myosotis sylvatica,FALSE
SN6185,Narthecium ossifragum,FALSE
SN6185,Odontites vernus,FALSE
SN6185,Oenanthe crocata,FALSE
SN6185,Origanum vulgare,FALSE
SN6185,Ornithopus perpusillus,FALSE
SN6185,Oxalis acetosella,FALSE
SN6185,Panicum miliaceum,FALSE
SN6185,Papaver rhoeas,FALSE
SN6185,Pedicularis sylvatica,FALSE
SN6185,Persicaria amplexicaulis,FALSE
SN6185,Persicaria bistorta,FALSE
SN6185,Persicaria hydropiper,FALSE
SN6185,Persicaria lapathifolia,FALSE
SN6185,Persicaria maculosa,TRUE
SN6185,Peucedanum ostruthium,FALSE
SN6185,Picris echioides,FALSE
SN6185,Picris hieracioides,FALSE
SN6185,Pilosella officinarum,FALSE
SN6185,Pimpinella saxifraga,FALSE
SN6185,Pinguicula vulgaris,FALSE
SN6185,Plantago lanceolata,FALSE
SN6185,Plantago major,FALSE
SN6185,Plantago maritima,FALSE
SN6185,Poa annua,FALSE
SN6185,Polygala serpyllifolia,FALSE
SN6185,Polygala vulgaris,FALSE
SN6185,Polygonum aviculare,FALSE
SN6185,Potentilla anglica,FALSE
SN6185,Potentilla anserina,FALSE
SN6185,Potentilla erecta,FALSE
SN6185,Potentilla recta,FALSE
SN6185,Potentilla reptans,FALSE
SN6185,Prunella vulgaris,FALSE
SN6185,Prunus spinosa,FALSE
SN6185,Pulicaria dysenterica,FALSE
SN6185,Ranunculus acris,FALSE
SN6185,Ranunculus bulbosus,TRUE
SN6185,Ranunculus ficaria,FALSE
SN6185,Ranunculus flammula,FALSE
SN6185,Ranunculus repens,TRUE
SN6185,Ranunculus sardous,FALSE
SN6185,Raphanus raphanistrum,FALSE
SN6185,Raphanus sativus,FALSE
SN6185,Rhinanthus minor,FALSE
SN6185,Rosa arvensis,FALSE
SN6185,Rosa canina,FALSE
SN6185,Rubus caesius,FALSE
SN6185,Rubus fruticosus,FALSE
SN6185,Rubus idaeus,FALSE
SN6185,Rumex acetosa,TRUE
SN6185,Rumex acetosella,TRUE
SN6185,Rumex crispus,FALSE
SN6185,Rumex obtusifolius,TRUE
SN6185,Rumex sanguineus,FALSE
SN6185,Sagina saginoides,FALSE
SN6185,Sambucus nigra,FALSE
SN6185,Sanguisorba officinalis,FALSE
SN6185,Scorzoneroides autumnalis,TRUE
SN6185,Scrophularia auriculata,FALSE
SN6185,Scrophularia nodosa,FALSE
SN6185,Sedum anglicum,FALSE
SN6185,Senecio erucifolius,FALSE
SN6185,Senecio jacobaea,FALSE
SN6185,Senecio vulgaris,FALSE
SN6185,Sherardia arvensis,FALSE
SN6185,Silene dioica,FALSE
SN6185,Silene latifolia,FALSE
SN6185,Silybum marianum,FALSE
SN6185,Sinapis alba,FALSE
SN6185,Sinapis arvensis,FALSE
SN6185,Sisymbrium officinale,FALSE
SN6185,Solanum dulcamara,FALSE
SN6185,Solanum nigrum,FALSE
SN6185,Solanum tuberosum,FALSE
SN6185,Sonchus arvensis,FALSE
SN6185,Sonchus asper,FALSE
SN6185,Sonchus oleraceus,FALSE
SN6185,Sorbus aucuparia,FALSE
SN6185,Spergula arvensis,FALSE
SN6185,Spergularia media,FALSE
SN6185,Stachys arvensis,TRUE
SN6185,Stachys palustris,FALSE
SN6185,Stachys sylvatica,FALSE
SN6185,Stellaria alsine,FALSE
SN6185,Stellaria graminea,FALSE
SN6185,Stellaria holostea,FALSE
SN6185,Stellaria media,TRUE
SN6185,Suaeda maritima,FALSE
SN6185,Succisa pratensis,FALSE
SN6185,Symphytum officinale,FALSE
SN6185,Taraxacum agg,FALSE
SN6185,Taraxacum officinale,FALSE
SN6185,Teucrium scorodonia,TRUE
SN6185,Thlaspi arvense,FALSE
SN6185,Thymus polytrichus,FALSE
SN6185,Thymus vulgaris,FALSE
SN6185,Torilis japonica,FALSE
SN6185,Tragopogon pratensis,FALSE
SN6185,Trientalis europaea,FALSE
SN6185,Trifolium arvense,FALSE
SN6185,Trifolium campestre,FALSE
SN6185,Trifolium constantinopolitanum,FALSE
SN6185,Trifolium dubium,FALSE
SN6185,Trifolium pratense,FALSE
SN6185,Trifolium repens,TRUE
SN6185,Tripleurospermum inodorum,FALSE
SN6185,Tripleurospermum maritimum,FALSE
SN6185,Turgenia latifolia,FALSE
SN6185,Ulex europaeus,TRUE
SN6185,Ulex gallii,FALSE
SN6185,Urtica dioica,TRUE
SN6185,Vaccinium myrtillus,FALSE
SN6185,Vaccinium oxycoccos,FALSE
SN6185,Vaccinium vitis,FALSE
SN6185,Valeriana dioica,FALSE
SN6185,Valeriana officinalis,FALSE
SN6185,Verbena officinalis,FALSE
SN6185,Verbena x,FALSE
SN6185,Veronica agrestis,FALSE
SN6185,Veronica arvensis,FALSE
SN6185,Veronica beccabunga,FALSE
SN6185,Veronica chamaedrys,FALSE
SN6185,Veronica hederifolia,FALSE
SN6185,Veronica montana,FALSE
SN6185,Veronica officinalis,FALSE
SN6185,Veronica persica,FALSE
SN6185,Veronica polita,FALSE
SN6185,Veronica serpyllifolia,TRUE
SN6185,Vicia benghalensis,FALSE
SN6185,Vicia cracca,FALSE
SN6185,Vicia faba,FALSE
SN6185,Vicia hirsuta,FALSE
SN6185,Vicia lutea,FALSE
SN6185,Vicia sativa,FALSE
SN6185,Vicia sepium,FALSE
SN6185,Vicia spp,FALSE
SN6185,Vicia tetrasperma,FALSE
SN6185,Viola arvensis,TRUE
SN6185,Viola canina,FALSE
SN6185,Viola palustris,FALSE
SN6185,Viola riviniana,FALSE
SN6185,Zea mays,FALSE
SN6634,Acer pseudoplatanus,FALSE
SN6634,Achillea millefolium,FALSE
SN6634,Achillea ptarmica,FALSE
SN6634,Aegopodium podagraria,FALSE
SN6634,Aethusa cynapium,FALSE
SN6634,Ajuga reptans,FALSE
SN6634,Alliaria petiolata,FALSE
SN6634,Alnus glutinosa,FALSE
SN6634,Anagallis arvensis,FALSE
SN6634,Anchusa arvensis,FALSE
SN6634,Anemone nemorosa,FALSE
SN6634,Angelica sylvestris,FALSE
SN6634,Anthemis cotula,FALSE
SN6634,Anthriscus caucalis,FALSE
SN6634,Anthriscus sylvestris,FALSE
SN6634,Apium nodiflorum,FALSE
SN6634,Armeria maritima,FALSE
SN6634,Artemisia absinthium,FALSE
SN6634,Artemisia annua,FALSE
SN6634,Artemisia vulgaris,FALSE
SN6634,Aster tripolium,FALSE
SN6634,Atriplex patula,FALSE
SN6634,Atriplex portulacoides,FALSE
SN6634,Ballota nigra,FALSE
SN6634,Barbarea vulgaris,FALSE
SN6634,Bellis perennis,TRUE
SN6634,Berula erecta,FALSE
SN6634,Brassica napus,FALSE
SN6634,Brassica oleracea,FALSE
SN6634,Brassica rapa,FALSE
SN6634,Bryonia dioica,FALSE
SN6634,Buddleja davidii,FALSE
SN6634,Bupleurum tenuissimum,FALSE
SN6634,Calluna vulgaris,FALSE
SN6634,Caltha palustris,FALSE
SN6634,Calystegia sepium,FALSE
SN6634,Campanula rotundifolia,FALSE
SN6634,Capsella bursa,FALSE
SN6634,Cardamine flexuosa,TRUE
SN6634,Cardamine hirsuta,TRUE
SN6634,Cardamine pratensis,TRUE
SN6634,Carduus nutans,FALSE
SN6634,Carum verticillatum,TRUE
SN6634,Centaurea cyanus,FALSE
SN6634,Centaurea nigra,FALSE
SN6634,Centaurea scabiosa,FALSE
SN6634,Centaurium erythraea,FALSE
SN6634,Cerastium arvense,FALSE
SN6634,Cerastium fontanum,TRUE
SN6634,Cerastium glomeratum,FALSE
SN6634,Ceratocapnos claviculata,FALSE
SN6634,Chaerophyllum temulum,FALSE
SN6634,Chamaemelum nobile,FALSE
SN6634,Chamerion angustifolium,FALSE
SN6634,Chenopodium album,FALSE
SN6634,Chenopodium ficifolium,FALSE
SN6634,Chenopodium quinoa,FALSE
SN6634,Cichorium intybus,FALSE
SN6634,Circaea lutetiana,FALSE
SN6634,Cirsium arvense,TRUE
SN6634,Cirsium eriophorum,FALSE
SN6634,Cirsium palustre,TRUE
SN6634,Cirsium vulgare,FALSE
SN6634,Clematis vitalba,FALSE
SN6634,Clinopodium vulgare,FALSE
SN6634,Conium maculatum,FALSE
SN6634,Conopodium majus,FALSE
SN6634,Convolvulus arvensis,FALSE
SN6634,Conyza canadensis,FALSE
SN6634,Cotoneaster salicifolius,FALSE
SN6634,Crataegus monogyna,FALSE
SN6634,Crepis capillaris,FALSE
SN6634,Crepis vesicaria,FALSE
SN6634,Cruciata laevipes,FALSE
SN6634,Cytisus scoparius,FALSE
SN6634,Dactylorhiza fuchsii,FALSE
SN6634,Dactylorhiza maculata,FALSE
SN6634,Daucus carota,FALSE
SN6634,Digitalis ferruginea,FALSE
SN6634,Digitalis grandiflora,FALSE
SN6634,Digitalis purpurea,FALSE
SN6634,Dioscorea communis,FALSE
SN6634,Doronicum plantagineum,FALSE
SN6634,Drosera anglica,FALSE
SN6634,Drosera rotundifolia,FALSE
SN6634,Dryas octopetala,FALSE
SN6634,Epilobium hirsutum,FALSE
SN6634,Epilobium montanum,FALSE
SN6634,Epilobium obscurum,FALSE
SN6634,Epilobium palustre,FALSE
SN6634,Epilobium parviflorum,FALSE
SN6634,Epilobium roseum,FALSE
SN6634,Epilobium tetragonum,FALSE
SN6634,Erica cinerea,FALSE
SN6634,Erica tetralix,FALSE
SN6634,Eriophorum vaginatum,FALSE
SN6634,Eupatorium cannabinum,FALSE
SN6634,Euphorbia exigua,FALSE
SN6634,Euphorbia helioscopia,FALSE
SN6634,Euphrasia officinalis,TRUE
SN6634,Fagopyrum esculentum,FALSE
SN6634,Fallopia convolvulus,FALSE
SN6634,Filipendula ulmaria,FALSE
SN6634,Fumaria officinalis,FALSE
SN6634,Galeopsis speciosa,FALSE
SN6634,Galeopsis tetrahit,FALSE
SN6634,Galium aparine,FALSE
SN6634,Galium mollugo,FALSE
SN6634,Galium odoratum,FALSE
SN6634,Galium palustre,TRUE
SN6634,Galium saxatile,TRUE
SN6634,Galium verum,FALSE
SN6634,Genista anglica,FALSE
SN6634,Geranium dissectum,FALSE
SN6634,Geranium molle,FALSE
SN6634,Geranium nodosum,FALSE
SN6634,Geranium pratense,FALSE
SN6634,Geranium pyrenaicum,FALSE
SN6634,Geranium robertianum,FALSE
SN6634,Geum urbanum,FALSE
SN6634,Glechoma hederacea,FALSE
SN6634,Hedera helix,FALSE
SN6634,Helianthus annuus,FALSE
SN6634,Heracleum mantegazzianum,FALSE
SN6634,Heracleum sphondylium,FALSE
SN6634,Hippocrepis comosa,FALSE
SN6634,Hordeum vulgare,FALSE
SN6634,Hyacinthoides non,FALSE
SN6634,Hypericum forrestii,FALSE
SN6634,Hypericum perforatum,FALSE
SN6634,Hypericum pulchrum,FALSE
SN6634,Hypericum tetrapterum,FALSE
SN6634,Hypochaeris radicata,FALSE
SN6634,Ilex aquifolium,FALSE
SN6634,Impatiens glandulifera,FALSE
SN6634,Impatiens parviflora,FALSE
SN6634,Iris pseudacorus,FALSE
SN6634,Jacobaea erucifolia,FALSE
SN6634,Jacobaea vulgaris,FALSE
SN6634,Jasione montana,FALSE
SN6634,Juncus conglomeratus,FALSE
SN6634,Juncus effusus,FALSE
SN6634,Knautia arvensis,FALSE
SN6634,Lactuca serriola,FALSE
SN6634,Lamium album,FALSE
SN6634,Lamium galeobdolon,FALSE
SN6634,Lamium purpureum,FALSE
SN6634,Lapsana communis,FALSE
SN6634,Lathyrus aphaca,FALSE
SN6634,Lathyrus linifolius,FALSE
SN6634,Lathyrus pratensis,TRUE
SN6634,Leontodon hispidus,FALSE
SN6634,Leontodon saxatilis,FALSE
SN6634,Leucanthemum vulgare,FALSE
SN6634,Ligusticum scoticum,FALSE
SN6634,Limonium vulgare,FALSE
SN6634,Linaria vulgaris,FALSE
SN6634,Linum catharticum,FALSE
SN6634,Linum usitatissimum,FALSE
SN6634,Lonicera caprifolium,FALSE
SN6634,Lonicera periclymenum,FALSE
SN6634,Lotus angustissimus,FALSE
SN6634,Lotus corniculatus,TRUE
SN6634,Lotus pedunculatus,TRUE
SN6634,Lotus subbiflorus,FALSE
SN6634,Luzula campestris,FALSE
SN6634,Lysimachia nemorum,FALSE
SN6634,Lysimachia punctata,FALSE
SN6634,Lysimachia vulgaris,FALSE
SN6634,Lythrum alatum,FALSE
SN6634,Lythrum salicaria,FALSE
SN6634,Malva sylvestris,FALSE
SN6634,Matricaria chamomilla,FALSE
SN6634,Matricaria discoidea,FALSE
SN6634,Medicago lupulina,FALSE
SN6634,Melampyrum pratense,FALSE
SN6634,Mentha aquatica,FALSE
SN6634,Mentha arvensis,FALSE
SN6634,Mercurialis perennis,FALSE
SN6634,Myosotis arvensis,FALSE
SN6634,Myosotis discolor,FALSE
SN6634,Myosotis sylvatica,FALSE
SN6634,Narthecium ossifragum,FALSE
SN6634,Odontites vernus,FALSE
SN6634,Oenanthe crocata,FALSE
SN6634,Origanum vulgare,FALSE
SN6634,Ornithopus perpusillus,FALSE
SN6634,Oxalis acetosella,FALSE
SN6634,Panicum miliaceum,FALSE
SN6634,Papaver rhoeas,FALSE
SN6634,Pedicularis sylvatica,FALSE
SN6634,Persicaria amplexicaulis,FALSE
SN6634,Persicaria bistorta,FALSE
SN6634,Persicaria hydropiper,FALSE
SN6634,Persicaria lapathifolia,FALSE
SN6634,Persicaria maculosa,FALSE
SN6634,Peucedanum ostruthium,FALSE
SN6634,Picris echioides,FALSE
SN6634,Picris hieracioides,FALSE
SN6634,Pilosella officinarum,TRUE
SN6634,Pimpinella saxifraga,FALSE
SN6634,Pinguicula vulgaris,FALSE
SN6634,Plantago lanceolata,FALSE
SN6634,Plantago major,FALSE
SN6634,Plantago maritima,FALSE
SN6634,Poa annua,FALSE
SN6634,Polygala serpyllifolia,FALSE
SN6634,Polygala vulgaris,FALSE
SN6634,Polygonum aviculare,FALSE
SN6634,Potentilla anglica,FALSE
SN6634,Potentilla anserina,FALSE
SN6634,Potentilla erecta,TRUE
SN6634,Potentilla recta,FALSE
SN6634,Potentilla reptans,FALSE
SN6634,Prunella vulgaris,FALSE
SN6634,Prunus spinosa,FALSE
SN6634,Pulicaria dysenterica,FALSE
SN6634,Ranunculus acris,TRUE
SN6634,Ranunculus bulbosus,FALSE
SN6634,Ranunculus ficaria,TRUE
SN6634,Ranunculus flammula,FALSE
SN6634,Ranunculus repens,TRUE
SN6634,Ranunculus sardous,FALSE
SN6634,Raphanus raphanistrum,FALSE
SN6634,Raphanus sativus,FALSE
SN6634,Rhinanthus minor,FALSE
SN6634,Rosa arvensis,FALSE
SN6634,Rosa canina,FALSE
SN6634,Rubus caesius,FALSE
SN6634,Rubus fruticosus,TRUE
SN6634,Rubus idaeus,FALSE
SN6634,Rumex acetosa,TRUE
SN6634,Rumex acetosella,TRUE
SN6634,Rumex crispus,FALSE
SN6634,Rumex obtusifolius,FALSE
SN6634,Rumex sanguineus,FALSE
SN6634,Sagina saginoides,FALSE
SN6634,Sambucus nigra,FALSE
SN6634,Sanguisorba officinalis,FALSE
SN6634,Scorzoneroides autumnalis,FALSE
SN6634,Scrophularia auriculata,FALSE
SN6634,Scrophularia nodosa,FALSE
SN6634,Sedum anglicum,FALSE
SN6634,Senecio erucifolius,FALSE
SN6634,Senecio jacobaea,FALSE
SN6634,Senecio vulgaris,FALSE
SN6634,Sherardia arvensis,FALSE
SN6634,Silene dioica,FALSE
SN6634,Silene latifolia,FALSE
SN6634,Silybum marianum,FALSE
SN6634,Sinapis alba,FALSE
SN6634,Sinapis arvensis,FALSE
SN6634,Sisymbrium officinale,FALSE
SN6634,Solanum dulcamara,FALSE
SN6634,Solanum nigrum,FALSE
SN6634,Solanum tuberosum,FALSE
SN6634,Sonchus arvensis,FALSE
SN6634,Sonchus asper,FALSE
SN6634,Sonchus oleraceus,FALSE
SN6634,Sorbus aucuparia,FALSE
SN6634,Spergula arvensis,FALSE
SN6634,Spergularia media,FALSE
SN6634,Stachys arvensis,FALSE
SN6634,Stachys palustris,FALSE
SN6634,Stachys sylvatica,FALSE
SN6634,Stellaria alsine,FALSE
SN6634,Stellaria graminea,TRUE
SN6634,Stellaria holostea,FALSE
SN6634,Stellaria media,FALSE
SN6634,Suaeda maritima,FALSE
SN6634,Succisa pratensis,FALSE
SN6634,Symphytum officinale,FALSE
SN6634,Taraxacum agg,FALSE
SN6634,Taraxacum officinale,FALSE
SN6634,Teucrium scorodonia,FALSE
SN6634,Thlaspi arvense,FALSE
SN6634,Thymus polytrichus,FALSE
SN6634,Thymus vulgaris,FALSE
SN6634,Torilis japonica,FALSE
SN6634,Tragopogon pratensis,FALSE
SN6634,Trientalis europaea,FALSE
SN6634,Trifolium arvense,FALSE
SN6634,Trifolium campestre,FALSE
SN6634,Trifolium constantinopolitanum,FALSE
SN6634,Trifolium dubium,FALSE
SN6634,Trifolium pratense,TRUE
SN6634,Trifolium repens,TRUE
SN6634,Tripleurospermum inodorum,FALSE
SN6634,Tripleurospermum maritimum,FALSE
SN6634,Turgenia latifolia,FALSE
SN6634,Ulex europaeus,TRUE
SN6634,Ulex gallii,FALSE
SN6634,Urtica dioica,FALSE
SN6634,Vaccinium myrtillus,FALSE
SN6634,Vaccinium oxycoccos,FALSE
SN6634,Vaccinium vitis,FALSE
SN6634,Valeriana dioica,FALSE
SN6634,Valeriana officinalis,FALSE
SN6634,Verbena officinalis,FALSE
SN6634,Verbena x,FALSE
SN6634,Veronica agrestis,FALSE
SN6634,Veronica arvensis,FALSE
SN6634,Veronica beccabunga,FALSE
SN6634,Veronica chamaedrys,TRUE
SN6634,Veronica hederifolia,FALSE
SN6634,Veronica montana,FALSE
SN6634,Veronica officinalis,TRUE
SN6634,Veronica persica,FALSE
SN6634,Veronica polita,FALSE
SN6634,Veronica serpyllifolia,FALSE
SN6634,Vicia benghalensis,FALSE
SN6634,Vicia cracca,FALSE
SN6634,Vicia faba,FALSE
SN6634,Vicia hirsuta,FALSE
SN6634,Vicia lutea,FALSE
SN6634,Vicia sativa,FALSE
SN6634,Vicia sepium,FALSE
SN6634,Vicia spp,FALSE
SN6634,Vicia tetrasperma,FALSE
SN6634,Viola arvensis,FALSE
SN6634,Viola canina,FALSE
SN6634,Viola palustris,FALSE
SN6634,Viola riviniana,FALSE
SN6634,Zea mays,FALSE
SN6777,Acer pseudoplatanus,FALSE
SN6777,Achillea millefolium,FALSE
SN6777,Achillea ptarmica,FALSE
SN6777,Aegopodium podagraria,FALSE
SN6777,Aethusa cynapium,FALSE
SN6777,Ajuga reptans,FALSE
SN6777,Alliaria petiolata,FALSE
SN6777,Alnus glutinosa,FALSE
SN6777,Anagallis arvensis,FALSE
SN6777,Anchusa arvensis,FALSE
SN6777,Anemone nemorosa,FALSE
SN6777,Angelica sylvestris,FALSE
SN6777,Anthemis cotula,FALSE
SN6777,Anthriscus caucalis,FALSE
SN6777,Anthriscus sylvestris,FALSE
SN6777,Apium nodiflorum,FALSE
SN6777,Armeria maritima,FALSE
SN6777,Artemisia absinthium,FALSE
SN6777,Artemisia annua,FALSE
SN6777,Artemisia vulgaris,FALSE
SN6777,Aster tripolium,FALSE
SN6777,Atriplex patula,FALSE
SN6777,Atriplex portulacoides,FALSE
SN6777,Ballota nigra,FALSE
SN6777,Barbarea vulgaris,FALSE
SN6777,Bellis perennis,FALSE
SN6777,Berula erecta,FALSE
SN6777,Brassica napus,FALSE
SN6777,Brassica oleracea,FALSE
SN6777,Brassica rapa,FALSE
SN6777,Bryonia dioica,FALSE
SN6777,Buddleja davidii,FALSE
SN6777,Bupleurum tenuissimum,FALSE
SN6777,Calluna vulgaris,FALSE
SN6777,Caltha palustris,FALSE
SN6777,Calystegia sepium,FALSE
SN6777,Campanula rotundifolia,FALSE
SN6777,Capsella bursa,FALSE
SN6777,Cardamine flexuosa,TRUE
SN6777,Cardamine hirsuta,FALSE
SN6777,Cardamine pratensis,FALSE
SN6777,Carduus nutans,FALSE
SN6777,Carum verticillatum,FALSE
SN6777,Centaurea cyanus,FALSE
SN6777,Centaurea nigra,FALSE
SN6777,Centaurea scabiosa,FALSE
SN6777,Centaurium erythraea,FALSE
SN6777,Cerastium arvense,FALSE
SN6777,Cerastium fontanum,TRUE
SN6777,Cerastium glomeratum,FALSE
SN6777,Ceratocapnos claviculata,FALSE
SN6777,Chaerophyllum temulum,FALSE
SN6777,Chamaemelum nobile,FALSE
SN6777,Chamerion angustifolium,FALSE
SN6777,Chenopodium album,FALSE
SN6777,Chenopodium ficifolium,FALSE
SN6777,Chenopodium quinoa,FALSE
SN6777,Cichorium intybus,FALSE
SN6777,Circaea lutetiana,FALSE
SN6777,Cirsium arvense,TRUE
SN6777,Cirsium eriophorum,FALSE
SN6777,Cirsium palustre,TRUE
SN6777,Cirsium vulgare,FALSE
SN6777,Clematis vitalba,FALSE
SN6777,Clinopodium vulgare,FALSE
SN6777,Conium maculatum,FALSE
SN6777,Conopodium majus,FALSE
SN6777,Convolvulus arvensis,FALSE
SN6777,Conyza canadensis,FALSE
SN6777,Cotoneaster salicifolius,TRUE
SN6777,Crataegus monogyna,FALSE
SN6777,Crepis capillaris,TRUE
SN6777,Crepis vesicaria,FALSE
SN6777,Cruciata laevipes,FALSE
SN6777,Cytisus scoparius,FALSE
SN6777,Dactylorhiza fuchsii,FALSE
SN6777,Dactylorhiza maculata,FALSE
SN6777,Daucus carota,FALSE
SN6777,Digitalis ferruginea,FALSE
SN6777,Digitalis grandiflora,FALSE
SN6777,Digitalis purpurea,TRUE
SN6777,Dioscorea communis,FALSE
SN6777,Doronicum plantagineum,FALSE
SN6777,Drosera anglica,FALSE
SN6777,Drosera rotundifolia,FALSE
SN6777,Dryas octopetala,FALSE
SN6777,Epilobium hirsutum,FALSE
SN6777,Epilobium montanum,TRUE
SN6777,Epilobium obscurum,FALSE
SN6777,Epilobium palustre,FALSE
SN6777,Epilobium parviflorum,FALSE
SN6777,Epilobium roseum,FALSE
SN6777,Epilobium tetragonum,FALSE
SN6777,Erica cinerea,FALSE
SN6777,Erica tetralix,FALSE
SN6777,Eriophorum vaginatum,FALSE
SN6777,Eupatorium cannabinum,FALSE
SN6777,Euphorbia exigua,FALSE
SN6777,Euphorbia helioscopia,FALSE
SN6777,Euphrasia officinalis,FALSE
SN6777,Fagopyrum esculentum,FALSE
SN6777,Fallopia convolvulus,FALSE
SN6777,Filipendula ulmaria,FALSE
SN6777,Fumaria officinalis,FALSE
SN6777,Galeopsis speciosa,FALSE
SN6777,Galeopsis tetrahit,FALSE
SN6777,Galium aparine,FALSE
SN6777,Galium mollugo,FALSE
SN6777,Galium odoratum,FALSE
SN6777,Galium palustre,TRUE
SN6777,Galium saxatile,TRUE
SN6777,Galium verum,FALSE
SN6777,Genista anglica,FALSE
SN6777,Geranium dissectum,FALSE
SN6777,Geranium molle,FALSE
SN6777,Geranium nodosum,FALSE
SN6777,Geranium pratense,FALSE
SN6777,Geranium pyrenaicum,FALSE
SN6777,Geranium robertianum,FALSE
SN6777,Geum urbanum,FALSE
SN6777,Glechoma hederacea,FALSE
SN6777,Hedera helix,FALSE
SN6777,Helianthus annuus,FALSE
SN6777,Heracleum mantegazzianum,FALSE
SN6777,Heracleum sphondylium,FALSE
SN6777,Hippocrepis comosa,FALSE
SN6777,Hordeum vulgare,FALSE
SN6777,Hyacinthoides non,FALSE
SN6777,Hypericum forrestii,FALSE
SN6777,Hypericum perforatum,FALSE
SN6777,Hypericum pulchrum,FALSE
SN6777,Hypericum tetrapterum,FALSE
SN6777,Hypochaeris radicata,FALSE
SN6777,Ilex aquifolium,FALSE
SN6777,Impatiens glandulifera,FALSE
SN6777,Impatiens parviflora,FALSE
SN6777,Iris pseudacorus,FALSE
SN6777,Jacobaea erucifolia,FALSE
SN6777,Jacobaea vulgaris,FALSE
SN6777,Jasione montana,FALSE
SN6777,Juncus conglomeratus,FALSE
SN6777,Juncus effusus,FALSE
SN6777,Knautia arvensis,FALSE
SN6777,Lactuca serriola,FALSE
SN6777,Lamium album,FALSE
SN6777,Lamium galeobdolon,FALSE
SN6777,Lamium purpureum,FALSE
SN6777,Lapsana communis,FALSE
SN6777,Lathyrus aphaca,FALSE
SN6777,Lathyrus linifolius,FALSE
SN6777,Lathyrus pratensis,FALSE
SN6777,Leontodon hispidus,TRUE
SN6777,Leontodon saxatilis,FALSE
SN6777,Leucanthemum vulgare,FALSE
SN6777,Ligusticum scoticum,FALSE
SN6777,Limonium vulgare,FALSE
SN6777,Linaria vulgaris,FALSE
SN6777,Linum catharticum,FALSE
SN6777,Linum usitatissimum,FALSE
SN6777,Lonicera caprifolium,FALSE
SN6777,Lonicera periclymenum,FALSE
SN6777,Lotus angustissimus,FALSE
SN6777,Lotus corniculatus,TRUE
SN6777,Lotus pedunculatus,TRUE
SN6777,Lotus subbiflorus,FALSE
SN6777,Luzula campestris,FALSE
SN6777,Lysimachia nemorum,FALSE
SN6777,Lysimachia punctata,FALSE
SN6777,Lysimachia vulgaris,FALSE
SN6777,Lythrum alatum,FALSE
SN6777,Lythrum salicaria,FALSE
SN6777,Malva sylvestris,FALSE
SN6777,Matricaria chamomilla,FALSE
SN6777,Matricaria discoidea,FALSE
SN6777,Medicago lupulina,FALSE
SN6777,Melampyrum pratense,FALSE
SN6777,Mentha aquatica,FALSE
SN6777,Mentha arvensis,FALSE
SN6777,Mercurialis perennis,FALSE
SN6777,Myosotis arvensis,FALSE
SN6777,Myosotis discolor,FALSE
SN6777,Myosotis sylvatica,FALSE
SN6777,Narthecium ossifragum,FALSE
SN6777,Odontites vernus,FALSE
SN6777,Oenanthe crocata,FALSE
SN6777,Origanum vulgare,FALSE
SN6777,Ornithopus perpusillus,FALSE
SN6777,Oxalis acetosella,FALSE
SN6777,Panicum miliaceum,FALSE
SN6777,Papaver rhoeas,FALSE
SN6777,Pedicularis sylvatica,FALSE
SN6777,Persicaria amplexicaulis,FALSE
SN6777,Persicaria bistorta,FALSE
SN6777,Persicaria hydropiper,FALSE
SN6777,Persicaria lapathifolia,FALSE
SN6777,Persicaria maculosa,FALSE
SN6777,Peucedanum ostruthium,FALSE
SN6777,Picris echioides,FALSE
SN6777,Picris hieracioides,FALSE
SN6777,Pilosella officinarum,FALSE
SN6777,Pimpinella saxifraga,FALSE
SN6777,Pinguicula vulgaris,FALSE
SN6777,Plantago lanceolata,FALSE
SN6777,Plantago major,FALSE
SN6777,Plantago maritima,FALSE
SN6777,Poa annua,FALSE
SN6777,Polygala serpyllifolia,FALSE
SN6777,Polygala vulgaris,FALSE
SN6777,Polygonum aviculare,FALSE
SN6777,Potentilla anglica,FALSE
SN6777,Potentilla anserina,FALSE
SN6777,Potentilla erecta,TRUE
SN6777,Potentilla recta,FALSE
SN6777,Potentilla reptans,TRUE
SN6777,Prunella vulgaris,FALSE
SN6777,Prunus spinosa,FALSE
SN6777,Pulicaria dysenterica,FALSE
SN6777,Ranunculus acris,TRUE
SN6777,Ranunculus bulbosus,FALSE
SN6777,Ranunculus ficaria,FALSE
SN6777,Ranunculus flammula,FALSE
SN6777,Ranunculus repens,TRUE
SN6777,Ranunculus sardous,FALSE
SN6777,Raphanus raphanistrum,FALSE
SN6777,Raphanus sativus,FALSE
SN6777,Rhinanthus minor,FALSE
SN6777,Rosa arvensis,FALSE
SN6777,Rosa canina,FALSE
SN6777,Rubus caesius,FALSE
SN6777,Rubus fruticosus,FALSE
SN6777,Rubus idaeus,FALSE
SN6777,Rumex acetosa,TRUE
SN6777,Rumex acetosella,FALSE
SN6777,Rumex crispus,FALSE
SN6777,Rumex obtusifolius,FALSE
SN6777,Rumex sanguineus,FALSE
SN6777,Sagina saginoides,FALSE
SN6777,Sambucus nigra,FALSE
SN6777,Sanguisorba officinalis,FALSE
SN6777,Scorzoneroides autumnalis,FALSE
SN6777,Scrophularia auriculata,FALSE
SN6777,Scrophularia nodosa,FALSE
SN6777,Sedum anglicum,FALSE
SN6777,Senecio erucifolius,FALSE
SN6777,Senecio jacobaea,FALSE
SN6777,Senecio vulgaris,FALSE
SN6777,Sherardia arvensis,FALSE
SN6777,Silene dioica,FALSE
SN6777,Silene latifolia,FALSE
SN6777,Silybum marianum,FALSE
SN6777,Sinapis alba,FALSE
SN6777,Sinapis arvensis,FALSE
SN6777,Sisymbrium officinale,FALSE
SN6777,Solanum dulcamara,FALSE
SN6777,Solanum nigrum,FALSE
SN6777,Solanum tuberosum,FALSE
SN6777,Sonchus arvensis,FALSE
SN6777,Sonchus asper,FALSE
SN6777,Sonchus oleraceus,FALSE
SN6777,Sorbus aucuparia,FALSE
SN6777,Spergula arvensis,FALSE
SN6777,Spergularia media,FALSE
SN6777,Stachys arvensis,FALSE
SN6777,Stachys palustris,FALSE
SN6777,Stachys sylvatica,FALSE
SN6777,Stellaria alsine,TRUE
SN6777,Stellaria graminea,TRUE
SN6777,Stellaria holostea,FALSE
SN6777,Stellaria media,FALSE
SN6777,Suaeda maritima,FALSE
SN6777,Succisa pratensis,FALSE
SN6777,Symphytum officinale,FALSE
SN6777,Taraxacum agg,FALSE
SN6777,Taraxacum officinale,FALSE
SN6777,Teucrium scorodonia,FALSE
SN6777,Thlaspi arvense,FALSE
SN6777,Thymus polytrichus,FALSE
SN6777,Thymus vulgaris,FALSE
SN6777,Torilis japonica,FALSE
SN6777,Tragopogon pratensis,FALSE
SN6777,Trientalis europaea,FALSE
SN6777,Trifolium arvense,FALSE
SN6777,Trifolium campestre,FALSE
SN6777,Trifolium constantinopolitanum,FALSE
SN6777,Trifolium dubium,FALSE
SN6777,Trifolium pratense,TRUE
SN6777,Trifolium repens,TRUE
SN6777,Tripleurospermum inodorum,FALSE
SN6777,Tripleurospermum maritimum,FALSE
SN6777,Turgenia latifolia,FALSE
SN6777,Ulex europaeus,TRUE
SN6777,Ulex gallii,TRUE
SN6777,Urtica dioica,TRUE
SN6777,Vaccinium myrtillus,FALSE
SN6777,Vaccinium oxycoccos,FALSE
SN6777,Vaccinium vitis,FALSE
SN6777,Valeriana dioica,FALSE
SN6777,Valeriana officinalis,FALSE
SN6777,Verbena officinalis,FALSE
SN6777,Verbena x,FALSE
SN6777,Veronica agrestis,FALSE
SN6777,Veronica arvensis,FALSE
SN6777,Veronica beccabunga,FALSE
SN6777,Veronica chamaedrys,TRUE
SN6777,Veronica hederifolia,FALSE
SN6777,Veronica montana,FALSE
SN6777,Veronica officinalis,FALSE
SN6777,Veronica persica,FALSE
SN6777,Veronica polita,FALSE
SN6777,Veronica serpyllifolia,TRUE
SN6777,Vicia benghalensis,FALSE
SN6777,Vicia cracca,FALSE
SN6777,Vicia faba,FALSE
SN6777,Vicia hirsuta,FALSE
SN6777,Vicia lutea,FALSE
SN6777,Vicia sativa,FALSE
SN6777,Vicia sepium,FALSE
SN6777,Vicia spp,FALSE
SN6777,Vicia tetrasperma,FALSE
SN6777,Viola arvensis,FALSE
SN6777,Viola canina,FALSE
SN6777,Viola palustris,FALSE
SN6777,Viola riviniana,FALSE
SN6777,Zea mays,FALSE
SN7659,Acer pseudoplatanus,FALSE
SN7659,Achillea millefolium,FALSE
SN7659,Achillea ptarmica,FALSE
SN7659,Aegopodium podagraria,FALSE
SN7659,Aethusa cynapium,FALSE
SN7659,Ajuga reptans,FALSE
SN7659,Alliaria petiolata,FALSE
SN7659,Alnus glutinosa,FALSE
SN7659,Anagallis arvensis,FALSE
SN7659,Anchusa arvensis,FALSE
SN7659,Anemone nemorosa,FALSE
SN7659,Angelica sylvestris,FALSE
SN7659,Anthemis cotula,FALSE
SN7659,Anthriscus caucalis,FALSE
SN7659,Anthriscus sylvestris,FALSE
SN7659,Apium nodiflorum,FALSE
SN7659,Armeria maritima,FALSE
SN7659,Artemisia absinthium,FALSE
SN7659,Artemisia annua,FALSE
SN7659,Artemisia vulgaris,FALSE
SN7659,Aster tripolium,FALSE
SN7659,Atriplex patula,FALSE
SN7659,Atriplex portulacoides,FALSE
SN7659,Ballota nigra,FALSE
SN7659,Barbarea vulgaris,FALSE
SN7659,Bellis perennis,FALSE
SN7659,Berula erecta,FALSE
SN7659,Brassica napus,FALSE
SN7659,Brassica oleracea,FALSE
SN7659,Brassica rapa,FALSE
SN7659,Bryonia dioica,FALSE
SN7659,Buddleja davidii,FALSE
SN7659,Bupleurum tenuissimum,FALSE
SN7659,Calluna vulgaris,TRUE
SN7659,Caltha palustris,FALSE
SN7659,Calystegia sepium,FALSE
SN7659,Campanula rotundifolia,FALSE
SN7659,Capsella bursa,FALSE
SN7659,Cardamine flexuosa,FALSE
SN7659,Cardamine hirsuta,FALSE
SN7659,Cardamine pratensis,FALSE
SN7659,Carduus nutans,FALSE
SN7659,Carum verticillatum,FALSE
SN7659,Centaurea cyanus,FALSE
SN7659,Centaurea nigra,FALSE
SN7659,Centaurea scabiosa,FALSE
SN7659,Centaurium erythraea,FALSE
SN7659,Cerastium arvense,FALSE
SN7659,Cerastium fontanum,TRUE
SN7659,Cerastium glomeratum,FALSE
SN7659,Ceratocapnos claviculata,FALSE
SN7659,Chaerophyllum temulum,FALSE
SN7659,Chamaemelum nobile,FALSE
SN7659,Chamerion angustifolium,TRUE
SN7659,Chenopodium album,FALSE
SN7659,Chenopodium ficifolium,FALSE
SN7659,Chenopodium quinoa,FALSE
SN7659,Cichorium intybus,FALSE
SN7659,Circaea lutetiana,FALSE
SN7659,Cirsium arvense,FALSE
SN7659,Cirsium eriophorum,FALSE
SN7659,Cirsium palustre,TRUE
SN7659,Cirsium vulgare,FALSE
SN7659,Clematis vitalba,FALSE
SN7659,Clinopodium vulgare,FALSE
SN7659,Conium maculatum,FALSE
SN7659,Conopodium majus,FALSE
SN7659,Convolvulus arvensis,FALSE
SN7659,Conyza canadensis,FALSE
SN7659,Cotoneaster salicifolius,FALSE
SN7659,Crataegus monogyna,FALSE
SN7659,Crepis capillaris,FALSE
SN7659,Crepis vesicaria,FALSE
SN7659,Cruciata laevipes,FALSE
SN7659,Cytisus scoparius,FALSE
SN7659,Dactylorhiza fuchsii,FALSE
SN7659,Dactylorhiza maculata,FALSE
SN7659,Daucus carota,FALSE
SN7659,Digitalis ferruginea,FALSE
SN7659,Digitalis grandiflora,FALSE
SN7659,Digitalis purpurea,FALSE
SN7659,Dioscorea communis,FALSE
SN7659,Doronicum plantagineum,FALSE
SN7659,Drosera anglica,FALSE
SN7659,Drosera rotundifolia,TRUE
SN7659,Dryas octopetala,FALSE
SN7659,Epilobium hirsutum,FALSE
SN7659,Epilobium montanum,FALSE
SN7659,Epilobium obscurum,FALSE
SN7659,Epilobium palustre,FALSE
SN7659,Epilobium parviflorum,FALSE
SN7659,Epilobium roseum,FALSE
SN7659,Epilobium tetragonum,FALSE
SN7659,Erica cinerea,FALSE
SN7659,Erica tetralix,TRUE
SN7659,Eriophorum vaginatum,FALSE
SN7659,Eupatorium cannabinum,FALSE
SN7659,Euphorbia exigua,FALSE
SN7659,Euphorbia helioscopia,FALSE
SN7659,Euphrasia officinalis,FALSE
SN7659,Fagopyrum esculentum,FALSE
SN7659,Fallopia convolvulus,FALSE
SN7659,Filipendula ulmaria,FALSE
SN7659,Fumaria officinalis,FALSE
SN7659,Galeopsis speciosa,FALSE
SN7659,Galeopsis tetrahit,FALSE
SN7659,Galium aparine,FALSE
SN7659,Galium mollugo,FALSE
SN7659,Galium odoratum,FALSE
SN7659,Galium palustre,TRUE
SN7659,Galium saxatile,TRUE
SN7659,Galium verum,FALSE
SN7659,Genista anglica,FALSE
SN7659,Geranium dissectum,FALSE
SN7659,Geranium molle,FALSE
SN7659,Geranium nodosum,FALSE
SN7659,Geranium pratense,FALSE
SN7659,Geranium pyrenaicum,FALSE
SN7659,Geranium robertianum,FALSE
SN7659,Geum urbanum,FALSE
SN7659,Glechoma hederacea,FALSE
SN7659,Hedera helix,FALSE
SN7659,Helianthus annuus,FALSE
SN7659,Heracleum mantegazzianum,FALSE
SN7659,Heracleum sphondylium,FALSE
SN7659,Hippocrepis comosa,FALSE
SN7659,Hordeum vulgare,FALSE
SN7659,Hyacinthoides non,FALSE
SN7659,Hypericum forrestii,FALSE
SN7659,Hypericum perforatum,FALSE
SN7659,Hypericum pulchrum,FALSE
SN7659,Hypericum tetrapterum,FALSE
SN7659,Hypochaeris radicata,FALSE
SN7659,Ilex aquifolium,FALSE
SN7659,Impatiens glandulifera,FALSE
SN7659,Impatiens parviflora,FALSE
SN7659,Iris pseudacorus,FALSE
SN7659,Jacobaea erucifolia,FALSE
SN7659,Jacobaea vulgaris,FALSE
SN7659,Jasione montana,FALSE
SN7659,Juncus conglomeratus,FALSE
SN7659,Juncus effusus,FALSE
SN7659,Knautia arvensis,FALSE
SN7659,Lactuca serriola,FALSE
SN7659,Lamium album,FALSE
SN7659,Lamium galeobdolon,FALSE
SN7659,Lamium purpureum,FALSE
SN7659,Lapsana communis,FALSE
SN7659,Lathyrus aphaca,FALSE
SN7659,Lathyrus linifolius,FALSE
SN7659,Lathyrus pratensis,FALSE
SN7659,Leontodon hispidus,FALSE
SN7659,Leontodon saxatilis,FALSE
SN7659,Leucanthemum vulgare,FALSE
SN7659,Ligusticum scoticum,FALSE
SN7659,Limonium vulgare,FALSE
SN7659,Linaria vulgaris,FALSE
SN7659,Linum catharticum,FALSE
SN7659,Linum usitatissimum,FALSE
SN7659,Lonicera caprifolium,FALSE
SN7659,Lonicera periclymenum,FALSE
SN7659,Lotus angustissimus,FALSE
SN7659,Lotus corniculatus,FALSE
SN7659,Lotus pedunculatus,FALSE
SN7659,Lotus subbiflorus,FALSE
SN7659,Luzula campestris,FALSE
SN7659,Lysimachia nemorum,FALSE
SN7659,Lysimachia punctata,FALSE
SN7659,Lysimachia vulgaris,FALSE
SN7659,Lythrum alatum,FALSE
SN7659,Lythrum salicaria,FALSE
SN7659,Malva sylvestris,FALSE
SN7659,Matricaria chamomilla,FALSE
SN7659,Matricaria discoidea,FALSE
SN7659,Medicago lupulina,FALSE
SN7659,Melampyrum pratense,FALSE
SN7659,Mentha aquatica,FALSE
SN7659,Mentha arvensis,FALSE
SN7659,Mercurialis perennis,FALSE
SN7659,Myosotis arvensis,FALSE
SN7659,Myosotis discolor,FALSE
SN7659,Myosotis sylvatica,FALSE
SN7659,Narthecium ossifragum,FALSE
SN7659,Odontites vernus,FALSE
SN7659,Oenanthe crocata,FALSE
SN7659,Origanum vulgare,FALSE
SN7659,Ornithopus perpusillus,FALSE
SN7659,Oxalis acetosella,FALSE
SN7659,Panicum miliaceum,FALSE
SN7659,Papaver rhoeas,FALSE
SN7659,Pedicularis sylvatica,FALSE
SN7659,Persicaria amplexicaulis,FALSE
SN7659,Persicaria bistorta,FALSE
SN7659,Persicaria hydropiper,FALSE
SN7659,Persicaria lapathifolia,FALSE
SN7659,Persicaria maculosa,FALSE
SN7659,Peucedanum ostruthium,FALSE
SN7659,Picris echioides,FALSE
SN7659,Picris hieracioides,FALSE
SN7659,Pilosella officinarum,FALSE
SN7659,Pimpinella saxifraga,FALSE
SN7659,Pinguicula vulgaris,FALSE
SN7659,Plantago lanceolata,FALSE
SN7659,Plantago major,FALSE
SN7659,Plantago maritima,FALSE
SN7659,Poa annua,FALSE
SN7659,Polygala serpyllifolia,FALSE
SN7659,Polygala vulgaris,FALSE
SN7659,Polygonum aviculare,FALSE
SN7659,Potentilla anglica,FALSE
SN7659,Potentilla anserina,FALSE
SN7659,Potentilla erecta,TRUE
SN7659,Potentilla recta,FALSE
SN7659,Potentilla reptans,FALSE
SN7659,Prunella vulgaris,FALSE
SN7659,Prunus spinosa,FALSE
SN7659,Pulicaria dysenterica,FALSE
SN7659,Ranunculus acris,FALSE
SN7659,Ranunculus bulbosus,FALSE
SN7659,Ranunculus ficaria,FALSE
SN7659,Ranunculus flammula,FALSE
SN7659,Ranunculus repens,FALSE
SN7659,Ranunculus sardous,FALSE
SN7659,Raphanus raphanistrum,FALSE
SN7659,Raphanus sativus,FALSE
SN7659,Rhinanthus minor,FALSE
SN7659,Rosa arvensis,FALSE
SN7659,Rosa canina,FALSE
SN7659,Rubus caesius,FALSE
SN7659,Rubus fruticosus,FALSE
SN7659,Rubus idaeus,FALSE
SN7659,Rumex acetosa,FALSE
SN7659,Rumex acetosella,FALSE
SN7659,Rumex crispus,FALSE
SN7659,Rumex obtusifolius,FALSE
SN7659,Rumex sanguineus,FALSE
SN7659,Sagina saginoides,FALSE
SN7659,Sambucus nigra,FALSE
SN7659,Sanguisorba officinalis,FALSE
SN7659,Scorzoneroides autumnalis,FALSE
SN7659,Scrophularia auriculata,FALSE
SN7659,Scrophularia nodosa,FALSE
SN7659,Sedum anglicum,FALSE
SN7659,Senecio erucifolius,FALSE
SN7659,Senecio jacobaea,FALSE
SN7659,Senecio vulgaris,FALSE
SN7659,Sherardia arvensis,FALSE
SN7659,Silene dioica,FALSE
SN7659,Silene latifolia,FALSE
SN7659,Silybum marianum,FALSE
SN7659,Sinapis alba,FALSE
SN7659,Sinapis arvensis,FALSE
SN7659,Sisymbrium officinale,FALSE
SN7659,Solanum dulcamara,FALSE
SN7659,Solanum nigrum,FALSE
SN7659,Solanum tuberosum,FALSE
SN7659,Sonchus arvensis,FALSE
SN7659,Sonchus asper,FALSE
SN7659,Sonchus oleraceus,FALSE
SN7659,Sorbus aucuparia,FALSE
SN7659,Spergula arvensis,FALSE
SN7659,Spergularia media,FALSE
SN7659,Stachys arvensis,FALSE
SN7659,Stachys palustris,FALSE
SN7659,Stachys sylvatica,FALSE
SN7659,Stellaria alsine,FALSE
SN7659,Stellaria graminea,FALSE
SN7659,Stellaria holostea,FALSE
SN7659,Stellaria media,FALSE
SN7659,Suaeda maritima,FALSE
SN7659,Succisa pratensis,FALSE
SN7659,Symphytum officinale,FALSE
SN7659,Taraxacum agg,FALSE
SN7659,Taraxacum officinale,FALSE
SN7659,Teucrium scorodonia,FALSE
SN7659,Thlaspi arvense,FALSE
SN7659,Thymus polytrichus,FALSE
SN7659,Thymus vulgaris,FALSE
SN7659,Torilis japonica,FALSE
SN7659,Tragopogon pratensis,FALSE
SN7659,Trientalis europaea,FALSE
SN7659,Trifolium arvense,FALSE
SN7659,Trifolium campestre,FALSE
SN7659,Trifolium constantinopolitanum,FALSE
SN7659,Trifolium dubium,FALSE
SN7659,Trifolium pratense,FALSE
SN7659,Trifolium repens,TRUE
SN7659,Tripleurospermum inodorum,FALSE
SN7659,Tripleurospermum maritimum,FALSE
SN7659,Turgenia latifolia,FALSE
SN7659,Ulex europaeus,FALSE
SN7659,Ulex gallii,FALSE
SN7659,Urtica dioica,FALSE
SN7659,Vaccinium myrtillus,TRUE
SN7659,Vaccinium oxycoccos,FALSE
SN7659,Vaccinium vitis,FALSE
SN7659,Valeriana dioica,FALSE
SN7659,Valeriana officinalis,FALSE
SN7659,Verbena officinalis,FALSE
SN7659,Verbena x,FALSE
SN7659,Veronica agrestis,FALSE
SN7659,Veronica arvensis,FALSE
SN7659,Veronica beccabunga,FALSE
SN7659,Veronica chamaedrys,FALSE
SN7659,Veronica hederifolia,FALSE
SN7659,Veronica montana,FALSE
SN7659,Veronica officinalis,FALSE
SN7659,Veronica persica,FALSE
SN7659,Veronica polita,FALSE
SN7659,Veronica serpyllifolia,FALSE
SN7659,Vicia benghalensis,FALSE
SN7659,Vicia cracca,FALSE
SN7659,Vicia faba,FALSE
SN7659,Vicia hirsuta,FALSE
SN7659,Vicia lutea,FALSE
SN7659,Vicia sativa,FALSE
SN7659,Vicia sepium,FALSE
SN7659,Vicia spp,FALSE
SN7659,Vicia tetrasperma,FALSE
SN7659,Viola arvensis,FALSE
SN7659,Viola canina,FALSE
SN7659,Viola palustris,FALSE
SN7659,Viola riviniana,FALSE
SN7659,Zea mays,FALSE
SO1474,Acer pseudoplatanus,FALSE
SO1474,Achillea millefolium,FALSE
SO1474,Achillea ptarmica,TRUE
SO1474,Aegopodium podagraria,FALSE
SO1474,Aethusa cynapium,FALSE
SO1474,Ajuga reptans,FALSE
SO1474,Alliaria petiolata,FALSE
SO1474,Alnus glutinosa,FALSE
SO1474,Anagallis arvensis,FALSE
SO1474,Anchusa arvensis,FALSE
SO1474,Anemone nemorosa,FALSE
SO1474,Angelica sylvestris,FALSE
SO1474,Anthemis cotula,FALSE
SO1474,Anthriscus caucalis,FALSE
SO1474,Anthriscus sylvestris,FALSE
SO1474,Apium nodiflorum,FALSE
SO1474,Armeria maritima,FALSE
SO1474,Artemisia absinthium,FALSE
SO1474,Artemisia annua,FALSE
SO1474,Artemisia vulgaris,FALSE
SO1474,Aster tripolium,FALSE
SO1474,Atriplex patula,FALSE
SO1474,Atriplex portulacoides,FALSE
SO1474,Ballota nigra,FALSE
SO1474,Barbarea vulgaris,FALSE
SO1474,Bellis perennis,FALSE
SO1474,Berula erecta,FALSE
SO1474,Brassica napus,FALSE
SO1474,Brassica oleracea,FALSE
SO1474,Brassica rapa,FALSE
SO1474,Bryonia dioica,FALSE
SO1474,Buddleja davidii,FALSE
SO1474,Bupleurum tenuissimum,FALSE
SO1474,Calluna vulgaris,FALSE
SO1474,Caltha palustris,TRUE
SO1474,Calystegia sepium,FALSE
SO1474,Campanula rotundifolia,FALSE
SO1474,Capsella bursa,FALSE
SO1474,Cardamine flexuosa,FALSE
SO1474,Cardamine hirsuta,FALSE
SO1474,Cardamine pratensis,TRUE
SO1474,Carduus nutans,FALSE
SO1474,Carum verticillatum,FALSE
SO1474,Centaurea cyanus,FALSE
SO1474,Centaurea nigra,FALSE
SO1474,Centaurea scabiosa,FALSE
SO1474,Centaurium erythraea,FALSE
SO1474,Cerastium arvense,FALSE
SO1474,Cerastium fontanum,TRUE
SO1474,Cerastium glomeratum,FALSE
SO1474,Ceratocapnos claviculata,FALSE
SO1474,Chaerophyllum temulum,FALSE
SO1474,Chamaemelum nobile,FALSE
SO1474,Chamerion angustifolium,FALSE
SO1474,Chenopodium album,FALSE
SO1474,Chenopodium ficifolium,FALSE
SO1474,Chenopodium quinoa,FALSE
SO1474,Cichorium intybus,FALSE
SO1474,Circaea lutetiana,FALSE
SO1474,Cirsium arvense,TRUE
SO1474,Cirsium eriophorum,FALSE
SO1474,Cirsium palustre,TRUE
SO1474,Cirsium vulgare,FALSE
SO1474,Clematis vitalba,FALSE
SO1474,Clinopodium vulgare,FALSE
SO1474,Conium maculatum,FALSE
SO1474,Conopodium majus,FALSE
SO1474,Convolvulus arvensis,FALSE
SO1474,Conyza canadensis,FALSE
SO1474,Cotoneaster salicifolius,FALSE
SO1474,Crataegus monogyna,TRUE
SO1474,Crepis capillaris,FALSE
SO1474,Crepis vesicaria,FALSE
SO1474,Cruciata laevipes,FALSE
SO1474,Cytisus scoparius,FALSE
SO1474,Dactylorhiza fuchsii,FALSE
SO1474,Dactylorhiza maculata,FALSE
SO1474,Daucus carota,FALSE
SO1474,Digitalis ferruginea,FALSE
SO1474,Digitalis grandiflora,FALSE
SO1474,Digitalis purpurea,TRUE
SO1474,Dioscorea communis,FALSE
SO1474,Doronicum plantagineum,FALSE
SO1474,Drosera anglica,FALSE
SO1474,Drosera rotundifolia,FALSE
SO1474,Dryas octopetala,FALSE
SO1474,Epilobium hirsutum,FALSE
SO1474,Epilobium montanum,FALSE
SO1474,Epilobium obscurum,FALSE
SO1474,Epilobium palustre,FALSE
SO1474,Epilobium parviflorum,FALSE
SO1474,Epilobium roseum,FALSE
SO1474,Epilobium tetragonum,FALSE
SO1474,Erica cinerea,FALSE
SO1474,Erica tetralix,FALSE
SO1474,Eriophorum vaginatum,FALSE
SO1474,Eupatorium cannabinum,FALSE
SO1474,Euphorbia exigua,FALSE
SO1474,Euphorbia helioscopia,FALSE
SO1474,Euphrasia officinalis,FALSE
SO1474,Fagopyrum esculentum,FALSE
SO1474,Fallopia convolvulus,FALSE
SO1474,Filipendula ulmaria,TRUE
SO1474,Fumaria officinalis,FALSE
SO1474,Galeopsis speciosa,FALSE
SO1474,Galeopsis tetrahit,FALSE
SO1474,Galium aparine,TRUE
SO1474,Galium mollugo,FALSE
SO1474,Galium odoratum,FALSE
SO1474,Galium palustre,TRUE
SO1474,Galium saxatile,FALSE
SO1474,Galium verum,FALSE
SO1474,Genista anglica,FALSE
SO1474,Geranium dissectum,FALSE
SO1474,Geranium molle,FALSE
SO1474,Geranium nodosum,FALSE
SO1474,Geranium pratense,FALSE
SO1474,Geranium pyrenaicum,FALSE
SO1474,Geranium robertianum,FALSE
SO1474,Geum urbanum,FALSE
SO1474,Glechoma hederacea,FALSE
SO1474,Hedera helix,FALSE
SO1474,Helianthus annuus,FALSE
SO1474,Heracleum mantegazzianum,FALSE
SO1474,Heracleum sphondylium,FALSE
SO1474,Hippocrepis comosa,FALSE
SO1474,Hordeum vulgare,FALSE
SO1474,Hyacinthoides non,FALSE
SO1474,Hypericum forrestii,FALSE
SO1474,Hypericum perforatum,FALSE
SO1474,Hypericum pulchrum,FALSE
SO1474,Hypericum tetrapterum,FALSE
SO1474,Hypochaeris radicata,FALSE
SO1474,Ilex aquifolium,FALSE
SO1474,Impatiens glandulifera,FALSE
SO1474,Impatiens parviflora,FALSE
SO1474,Iris pseudacorus,FALSE
SO1474,Jacobaea erucifolia,FALSE
SO1474,Jacobaea vulgaris,FALSE
SO1474,Jasione montana,FALSE
SO1474,Juncus conglomeratus,FALSE
SO1474,Juncus effusus,FALSE
SO1474,Knautia arvensis,FALSE
SO1474,Lactuca serriola,FALSE
SO1474,Lamium album,FALSE
SO1474,Lamium galeobdolon,FALSE
SO1474,Lamium purpureum,FALSE
SO1474,Lapsana communis,FALSE
SO1474,Lathyrus aphaca,FALSE
SO1474,Lathyrus linifolius,FALSE
SO1474,Lathyrus pratensis,TRUE
SO1474,Leontodon hispidus,FALSE
SO1474,Leontodon saxatilis,FALSE
SO1474,Leucanthemum vulgare,FALSE
SO1474,Ligusticum scoticum,FALSE
SO1474,Limonium vulgare,FALSE
SO1474,Linaria vulgaris,FALSE
SO1474,Linum catharticum,FALSE
SO1474,Linum usitatissimum,FALSE
SO1474,Lonicera caprifolium,FALSE
SO1474,Lonicera periclymenum,FALSE
SO1474,Lotus angustissimus,FALSE
SO1474,Lotus corniculatus,TRUE
SO1474,Lotus pedunculatus,TRUE
SO1474,Lotus subbiflorus,FALSE
SO1474,Luzula campestris,FALSE
SO1474,Lysimachia nemorum,FALSE
SO1474,Lysimachia punctata,FALSE
SO1474,Lysimachia vulgaris,FALSE
SO1474,Lythrum alatum,FALSE
SO1474,Lythrum salicaria,FALSE
SO1474,Malva sylvestris,FALSE
SO1474,Matricaria chamomilla,FALSE
SO1474,Matricaria discoidea,FALSE
SO1474,Medicago lupulina,FALSE
SO1474,Melampyrum pratense,FALSE
SO1474,Mentha aquatica,FALSE
SO1474,Mentha arvensis,FALSE
SO1474,Mercurialis perennis,FALSE
SO1474,Myosotis arvensis,FALSE
SO1474,Myosotis discolor,TRUE
SO1474,Myosotis sylvatica,FALSE
SO1474,Narthecium ossifragum,FALSE
SO1474,Odontites vernus,FALSE
SO1474,Oenanthe crocata,FALSE
SO1474,Origanum vulgare,FALSE
SO1474,Ornithopus perpusillus,FALSE
SO1474,Oxalis acetosella,FALSE
SO1474,Panicum miliaceum,FALSE
SO1474,Papaver rhoeas,FALSE
SO1474,Pedicularis sylvatica,FALSE
SO1474,Persicaria amplexicaulis,FALSE
SO1474,Persicaria bistorta,FALSE
SO1474,Persicaria hydropiper,FALSE
SO1474,Persicaria lapathifolia,FALSE
SO1474,Persicaria maculosa,FALSE
SO1474,Peucedanum ostruthium,FALSE
SO1474,Picris echioides,FALSE
SO1474,Picris hieracioides,FALSE
SO1474,Pilosella officinarum,FALSE
SO1474,Pimpinella saxifraga,FALSE
SO1474,Pinguicula vulgaris,FALSE
SO1474,Plantago lanceolata,FALSE
SO1474,Plantago major,FALSE
SO1474,Plantago maritima,FALSE
SO1474,Poa annua,FALSE
SO1474,Polygala serpyllifolia,FALSE
SO1474,Polygala vulgaris,FALSE
SO1474,Polygonum aviculare,FALSE
SO1474,Potentilla anglica,FALSE
SO1474,Potentilla anserina,FALSE
SO1474,Potentilla erecta,FALSE
SO1474,Potentilla recta,FALSE
SO1474,Potentilla reptans,FALSE
SO1474,Prunella vulgaris,FALSE
SO1474,Prunus spinosa,FALSE
SO1474,Pulicaria dysenterica,FALSE
SO1474,Ranunculus acris,TRUE
SO1474,Ranunculus bulbosus,FALSE
SO1474,Ranunculus ficaria,FALSE
SO1474,Ranunculus flammula,FALSE
SO1474,Ranunculus repens,TRUE
SO1474,Ranunculus sardous,FALSE
SO1474,Raphanus raphanistrum,FALSE
SO1474,Raphanus sativus,FALSE
SO1474,Rhinanthus minor,FALSE
SO1474,Rosa arvensis,FALSE
SO1474,Rosa canina,FALSE
SO1474,Rubus caesius,FALSE
SO1474,Rubus fruticosus,FALSE
SO1474,Rubus idaeus,FALSE
SO1474,Rumex acetosa,TRUE
SO1474,Rumex acetosella,FALSE
SO1474,Rumex crispus,FALSE
SO1474,Rumex obtusifolius,FALSE
SO1474,Rumex sanguineus,FALSE
SO1474,Sagina saginoides,FALSE
SO1474,Sambucus nigra,TRUE
SO1474,Sanguisorba officinalis,FALSE
SO1474,Scorzoneroides autumnalis,FALSE
SO1474,Scrophularia auriculata,FALSE
SO1474,Scrophularia nodosa,FALSE
SO1474,Sedum anglicum,FALSE
SO1474,Senecio erucifolius,FALSE
SO1474,Senecio jacobaea,FALSE
SO1474,Senecio vulgaris,FALSE
SO1474,Sherardia arvensis,FALSE
SO1474,Silene dioica,FALSE
SO1474,Silene latifolia,FALSE
SO1474,Silybum marianum,FALSE
SO1474,Sinapis alba,FALSE
SO1474,Sinapis arvensis,FALSE
SO1474,Sisymbrium officinale,FALSE
SO1474,Solanum dulcamara,FALSE
SO1474,Solanum nigrum,FALSE
SO1474,Solanum tuberosum,FALSE
SO1474,Sonchus arvensis,FALSE
SO1474,Sonchus asper,FALSE
SO1474,Sonchus oleraceus,FALSE
SO1474,Sorbus aucuparia,FALSE
SO1474,Spergula arvensis,FALSE
SO1474,Spergularia media,FALSE
SO1474,Stachys arvensis,FALSE
SO1474,Stachys palustris,FALSE
SO1474,Stachys sylvatica,FALSE
SO1474,Stellaria alsine,TRUE
SO1474,Stellaria graminea,FALSE
SO1474,Stellaria holostea,FALSE
SO1474,Stellaria media,FALSE
SO1474,Suaeda maritima,FALSE
SO1474,Succisa pratensis,FALSE
SO1474,Symphytum officinale,FALSE
SO1474,Taraxacum agg,FALSE
SO1474,Taraxacum officinale,FALSE
SO1474,Teucrium scorodonia,FALSE
SO1474,Thlaspi arvense,FALSE
SO1474,Thymus polytrichus,FALSE
SO1474,Thymus vulgaris,FALSE
SO1474,Torilis japonica,FALSE
SO1474,Tragopogon pratensis,FALSE
SO1474,Trientalis europaea,FALSE
SO1474,Trifolium arvense,FALSE
SO1474,Trifolium campestre,FALSE
SO1474,Trifolium constantinopolitanum,FALSE
SO1474,Trifolium dubium,FALSE
SO1474,Trifolium pratense,FALSE
SO1474,Trifolium repens,TRUE
SO1474,Tripleurospermum inodorum,FALSE
SO1474,Tripleurospermum maritimum,FALSE
SO1474,Turgenia latifolia,FALSE
SO1474,Ulex europaeus,FALSE
SO1474,Ulex gallii,FALSE
SO1474,Urtica dioica,TRUE
SO1474,Vaccinium myrtillus,FALSE
SO1474,Vaccinium oxycoccos,FALSE
SO1474,Vaccinium vitis,FALSE
SO1474,Valeriana dioica,FALSE
SO1474,Valeriana officinalis,FALSE
SO1474,Verbena officinalis,FALSE
SO1474,Verbena x,FALSE
SO1474,Veronica agrestis,FALSE
SO1474,Veronica arvensis,FALSE
SO1474,Veronica beccabunga,FALSE
SO1474,Veronica chamaedrys,FALSE
SO1474,Veronica hederifolia,FALSE
SO1474,Veronica montana,FALSE
SO1474,Veronica officinalis,FALSE
SO1474,Veronica persica,FALSE
SO1474,Veronica polita,FALSE
SO1474,Veronica serpyllifolia,FALSE
SO1474,Vicia benghalensis,FALSE
SO1474,Vicia cracca,FALSE
SO1474,Vicia faba,FALSE
SO1474,Vicia hirsuta,FALSE
SO1474,Vicia lutea,FALSE
SO1474,Vicia sativa,FALSE
SO1474,Vicia sepium,FALSE
SO1474,Vicia spp,FALSE
SO1474,Vicia tetrasperma,FALSE
SO1474,Viola arvensis,FALSE
SO1474,Viola canina,FALSE
SO1474,Viola palustris,FALSE
SO1474,Viola riviniana,FALSE
SO1474,Zea mays,FALSE
SO2568,Acer pseudoplatanus,FALSE
SO2568,Achillea millefolium,FALSE
SO2568,Achillea ptarmica,FALSE
SO2568,Aegopodium podagraria,FALSE
SO2568,Aethusa cynapium,FALSE
SO2568,Ajuga reptans,FALSE
SO2568,Alliaria petiolata,FALSE
SO2568,Alnus glutinosa,FALSE
SO2568,Anagallis arvensis,FALSE
SO2568,Anchusa arvensis,FALSE
SO2568,Anemone nemorosa,FALSE
SO2568,Angelica sylvestris,FALSE
SO2568,Anthemis cotula,FALSE
SO2568,Anthriscus caucalis,FALSE
SO2568,Anthriscus sylvestris,FALSE
SO2568,Apium nodiflorum,FALSE
SO2568,Armeria maritima,FALSE
SO2568,Artemisia absinthium,FALSE
SO2568,Artemisia annua,FALSE
SO2568,Artemisia vulgaris,FALSE
SO2568,Aster tripolium,FALSE
SO2568,Atriplex patula,FALSE
SO2568,Atriplex portulacoides,FALSE
SO2568,Ballota nigra,FALSE
SO2568,Barbarea vulgaris,FALSE
SO2568,Bellis perennis,FALSE
SO2568,Berula erecta,FALSE
SO2568,Brassica napus,FALSE
SO2568,Brassica oleracea,FALSE
SO2568,Brassica rapa,FALSE
SO2568,Bryonia dioica,FALSE
SO2568,Buddleja davidii,FALSE
SO2568,Bupleurum tenuissimum,FALSE
SO2568,Calluna vulgaris,FALSE
SO2568,Caltha palustris,FALSE
SO2568,Calystegia sepium,FALSE
SO2568,Campanula rotundifolia,TRUE
SO2568,Capsella bursa,FALSE
SO2568,Cardamine flexuosa,FALSE
SO2568,Cardamine hirsuta,FALSE
SO2568,Cardamine pratensis,FALSE
SO2568,Carduus nutans,FALSE
SO2568,Carum verticillatum,FALSE
SO2568,Centaurea cyanus,FALSE
SO2568,Centaurea nigra,FALSE
SO2568,Centaurea scabiosa,FALSE
SO2568,Centaurium erythraea,FALSE
SO2568,Cerastium arvense,FALSE
SO2568,Cerastium fontanum,TRUE
SO2568,Cerastium glomeratum,FALSE
SO2568,Ceratocapnos claviculata,FALSE
SO2568,Chaerophyllum temulum,FALSE
SO2568,Chamaemelum nobile,FALSE
SO2568,Chamerion angustifolium,FALSE
SO2568,Chenopodium album,FALSE
SO2568,Chenopodium ficifolium,FALSE
SO2568,Chenopodium quinoa,FALSE
SO2568,Cichorium intybus,FALSE
SO2568,Circaea lutetiana,FALSE
SO2568,Cirsium arvense,TRUE
SO2568,Cirsium eriophorum,FALSE
SO2568,Cirsium palustre,TRUE
SO2568,Cirsium vulgare,FALSE
SO2568,Clematis vitalba,FALSE
SO2568,Clinopodium vulgare,FALSE
SO2568,Conium maculatum,FALSE
SO2568,Conopodium majus,FALSE
SO2568,Convolvulus arvensis,FALSE
SO2568,Conyza canadensis,FALSE
SO2568,Cotoneaster salicifolius,FALSE
SO2568,Crataegus monogyna,FALSE
SO2568,Crepis capillaris,TRUE
SO2568,Crepis vesicaria,FALSE
SO2568,Cruciata laevipes,FALSE
SO2568,Cytisus scoparius,FALSE
SO2568,Dactylorhiza fuchsii,FALSE
SO2568,Dactylorhiza maculata,FALSE
SO2568,Daucus carota,FALSE
SO2568,Digitalis ferruginea,FALSE
SO2568,Digitalis grandiflora,TRUE
SO2568,Digitalis purpurea,TRUE
SO2568,Dioscorea communis,FALSE
SO2568,Doronicum plantagineum,FALSE
SO2568,Drosera anglica,FALSE
SO2568,Drosera rotundifolia,FALSE
SO2568,Dryas octopetala,FALSE
SO2568,Epilobium hirsutum,FALSE
SO2568,Epilobium montanum,FALSE
SO2568,Epilobium obscurum,FALSE
SO2568,Epilobium palustre,FALSE
SO2568,Epilobium parviflorum,FALSE
SO2568,Epilobium roseum,FALSE
SO2568,Epilobium tetragonum,FALSE
SO2568,Erica cinerea,FALSE
SO2568,Erica tetralix,FALSE
SO2568,Eriophorum vaginatum,FALSE
SO2568,Eupatorium cannabinum,FALSE
SO2568,Euphorbia exigua,FALSE
SO2568,Euphorbia helioscopia,FALSE
SO2568,Euphrasia officinalis,FALSE
SO2568,Fagopyrum esculentum,FALSE
SO2568,Fallopia convolvulus,FALSE
SO2568,Filipendula ulmaria,FALSE
SO2568,Fumaria officinalis,FALSE
SO2568,Galeopsis speciosa,FALSE
SO2568,Galeopsis tetrahit,TRUE
SO2568,Galium aparine,TRUE
SO2568,Galium mollugo,FALSE
SO2568,Galium odoratum,FALSE
SO2568,Galium palustre,FALSE
SO2568,Galium saxatile,TRUE
SO2568,Galium verum,FALSE
SO2568,Genista anglica,FALSE
SO2568,Geranium dissectum,FALSE
SO2568,Geranium molle,FALSE
SO2568,Geranium nodosum,FALSE
SO2568,Geranium pratense,FALSE
SO2568,Geranium pyrenaicum,FALSE
SO2568,Geranium robertianum,FALSE
SO2568,Geum urbanum,TRUE
SO2568,Glechoma hederacea,TRUE
SO2568,Hedera helix,FALSE
SO2568,Helianthus annuus,FALSE
SO2568,Heracleum mantegazzianum,FALSE
SO2568,Heracleum sphondylium,FALSE
SO2568,Hippocrepis comosa,FALSE
SO2568,Hordeum vulgare,FALSE
SO2568,Hyacinthoides non,FALSE
SO2568,Hypericum forrestii,FALSE
SO2568,Hypericum perforatum,FALSE
SO2568,Hypericum pulchrum,TRUE
SO2568,Hypericum tetrapterum,FALSE
SO2568,Hypochaeris radicata,TRUE
SO2568,Ilex aquifolium,FALSE
SO2568,Impatiens glandulifera,FALSE
SO2568,Impatiens parviflora,FALSE
SO2568,Iris pseudacorus,FALSE
SO2568,Jacobaea erucifolia,FALSE
SO2568,Jacobaea vulgaris,FALSE
SO2568,Jasione montana,FALSE
SO2568,Juncus conglomeratus,FALSE
SO2568,Juncus effusus,FALSE
SO2568,Knautia arvensis,FALSE
SO2568,Lactuca serriola,FALSE
SO2568,Lamium album,FALSE
SO2568,Lamium galeobdolon,FALSE
SO2568,Lamium purpureum,FALSE
SO2568,Lapsana communis,FALSE
SO2568,Lathyrus aphaca,FALSE
SO2568,Lathyrus linifolius,FALSE
SO2568,Lathyrus pratensis,FALSE
SO2568,Leontodon hispidus,FALSE
SO2568,Leontodon saxatilis,FALSE
SO2568,Leucanthemum vulgare,FALSE
SO2568,Ligusticum scoticum,FALSE
SO2568,Limonium vulgare,FALSE
SO2568,Linaria vulgaris,FALSE
SO2568,Linum catharticum,FALSE
SO2568,Linum usitatissimum,FALSE
SO2568,Lonicera caprifolium,FALSE
SO2568,Lonicera periclymenum,FALSE
SO2568,Lotus angustissimus,FALSE
SO2568,Lotus corniculatus,TRUE
SO2568,Lotus pedunculatus,FALSE
SO2568,Lotus subbiflorus,FALSE
SO2568,Luzula campestris,FALSE
SO2568,Lysimachia nemorum,FALSE
SO2568,Lysimachia punctata,FALSE
SO2568,Lysimachia vulgaris,FALSE
SO2568,Lythrum alatum,FALSE
SO2568,Lythrum salicaria,FALSE
SO2568,Malva sylvestris,FALSE
SO2568,Matricaria chamomilla,FALSE
SO2568,Matricaria discoidea,FALSE
SO2568,Medicago lupulina,FALSE
SO2568,Melampyrum pratense,FALSE
SO2568,Mentha aquatica,FALSE
SO2568,Mentha arvensis,FALSE
SO2568,Mercurialis perennis,FALSE
SO2568,Myosotis arvensis,FALSE
SO2568,Myosotis discolor,TRUE
SO2568,Myosotis sylvatica,FALSE
SO2568,Narthecium ossifragum,FALSE
SO2568,Odontites vernus,FALSE
SO2568,Oenanthe crocata,FALSE
SO2568,Origanum vulgare,FALSE
SO2568,Ornithopus perpusillus,FALSE
SO2568,Oxalis acetosella,FALSE
SO2568,Panicum miliaceum,FALSE
SO2568,Papaver rhoeas,FALSE
SO2568,Pedicularis sylvatica,FALSE
SO2568,Persicaria amplexicaulis,FALSE
SO2568,Persicaria bistorta,FALSE
SO2568,Persicaria hydropiper,FALSE
SO2568,Persicaria lapathifolia,FALSE
SO2568,Persicaria maculosa,FALSE
SO2568,Peucedanum ostruthium,FALSE
SO2568,Picris echioides,FALSE
SO2568,Picris hieracioides,FALSE
SO2568,Pilosella officinarum,TRUE
SO2568,Pimpinella saxifraga,FALSE
SO2568,Pinguicula vulgaris,FALSE
SO2568,Plantago lanceolata,FALSE
SO2568,Plantago major,FALSE
SO2568,Plantago maritima,FALSE
SO2568,Poa annua,FALSE
SO2568,Polygala serpyllifolia,FALSE
SO2568,Polygala vulgaris,FALSE
SO2568,Polygonum aviculare,FALSE
SO2568,Potentilla anglica,FALSE
SO2568,Potentilla anserina,FALSE
SO2568,Potentilla erecta,FALSE
SO2568,Potentilla recta,FALSE
SO2568,Potentilla reptans,FALSE
SO2568,Prunella vulgaris,FALSE
SO2568,Prunus spinosa,FALSE
SO2568,Pulicaria dysenterica,FALSE
SO2568,Ranunculus acris,TRUE
SO2568,Ranunculus bulbosus,TRUE
SO2568,Ranunculus ficaria,FALSE
SO2568,Ranunculus flammula,FALSE
SO2568,Ranunculus repens,TRUE
SO2568,Ranunculus sardous,FALSE
SO2568,Raphanus raphanistrum,FALSE
SO2568,Raphanus sativus,FALSE
SO2568,Rhinanthus minor,FALSE
SO2568,Rosa arvensis,FALSE
SO2568,Rosa canina,FALSE
SO2568,Rubus caesius,FALSE
SO2568,Rubus fruticosus,TRUE
SO2568,Rubus idaeus,FALSE
SO2568,Rumex acetosa,TRUE
SO2568,Rumex acetosella,TRUE
SO2568,Rumex crispus,FALSE
SO2568,Rumex obtusifolius,FALSE
SO2568,Rumex sanguineus,FALSE
SO2568,Sagina saginoides,FALSE
SO2568,Sambucus nigra,TRUE
SO2568,Sanguisorba officinalis,FALSE
SO2568,Scorzoneroides autumnalis,TRUE
SO2568,Scrophularia auriculata,FALSE
SO2568,Scrophularia nodosa,FALSE
SO2568,Sedum anglicum,FALSE
SO2568,Senecio erucifolius,FALSE
SO2568,Senecio jacobaea,FALSE
SO2568,Senecio vulgaris,FALSE
SO2568,Sherardia arvensis,FALSE
SO2568,Silene dioica,FALSE
SO2568,Silene latifolia,FALSE
SO2568,Silybum marianum,FALSE
SO2568,Sinapis alba,FALSE
SO2568,Sinapis arvensis,FALSE
SO2568,Sisymbrium officinale,FALSE
SO2568,Solanum dulcamara,FALSE
SO2568,Solanum nigrum,FALSE
SO2568,Solanum tuberosum,FALSE
SO2568,Sonchus arvensis,FALSE
SO2568,Sonchus asper,FALSE
SO2568,Sonchus oleraceus,FALSE
SO2568,Sorbus aucuparia,FALSE
SO2568,Spergula arvensis,FALSE
SO2568,Spergularia media,FALSE
SO2568,Stachys arvensis,FALSE
SO2568,Stachys palustris,FALSE
SO2568,Stachys sylvatica,FALSE
SO2568,Stellaria alsine,FALSE
SO2568,Stellaria graminea,TRUE
SO2568,Stellaria holostea,TRUE
SO2568,Stellaria media,FALSE
SO2568,Suaeda maritima,FALSE
SO2568,Succisa pratensis,FALSE
SO2568,Symphytum officinale,FALSE
SO2568,Taraxacum agg,FALSE
SO2568,Taraxacum officinale,TRUE
SO2568,Teucrium scorodonia,FALSE
SO2568,Thlaspi arvense,FALSE
SO2568,Thymus polytrichus,FALSE
SO2568,Thymus vulgaris,FALSE
SO2568,Torilis japonica,FALSE
SO2568,Tragopogon pratensis,FALSE
SO2568,Trientalis europaea,FALSE
SO2568,Trifolium arvense,FALSE
SO2568,Trifolium campestre,FALSE
SO2568,Trifolium constantinopolitanum,FALSE
SO2568,Trifolium dubium,FALSE
SO2568,Trifolium pratense,FALSE
SO2568,Trifolium repens,TRUE
SO2568,Tripleurospermum inodorum,FALSE
SO2568,Tripleurospermum maritimum,FALSE
SO2568,Turgenia latifolia,FALSE
SO2568,Ulex europaeus,TRUE
SO2568,Ulex gallii,TRUE
SO2568,Urtica dioica,TRUE
SO2568,Vaccinium myrtillus,FALSE
SO2568,Vaccinium oxycoccos,FALSE
SO2568,Vaccinium vitis,FALSE
SO2568,Valeriana dioica,FALSE
SO2568,Valeriana officinalis,FALSE
SO2568,Verbena officinalis,FALSE
SO2568,Verbena x,FALSE
SO2568,Veronica agrestis,TRUE
SO2568,Veronica arvensis,TRUE
SO2568,Veronica beccabunga,FALSE
SO2568,Veronica chamaedrys,TRUE
SO2568,Veronica hederifolia,FALSE
SO2568,Veronica montana,TRUE
SO2568,Veronica officinalis,FALSE
SO2568,Veronica persica,FALSE
SO2568,Veronica polita,FALSE
SO2568,Veronica serpyllifolia,TRUE
SO2568,Vicia benghalensis,FALSE
SO2568,Vicia cracca,FALSE
SO2568,Vicia faba,FALSE
SO2568,Vicia hirsuta,FALSE
SO2568,Vicia lutea,FALSE
SO2568,Vicia sativa,FALSE
SO2568,Vicia sepium,FALSE
SO2568,Vicia spp,FALSE
SO2568,Vicia tetrasperma,FALSE
SO2568,Viola arvensis,FALSE
SO2568,Viola canina,FALSE
SO2568,Viola palustris,FALSE
SO2568,Viola riviniana,FALSE
SO2568,Zea mays,FALSE
SO3129,Acer pseudoplatanus,FALSE
SO3129,Achillea millefolium,FALSE
SO3129,Achillea ptarmica,FALSE
SO3129,Aegopodium podagraria,FALSE
SO3129,Aethusa cynapium,FALSE
SO3129,Ajuga reptans,FALSE
SO3129,Alliaria petiolata,FALSE
SO3129,Alnus glutinosa,FALSE
SO3129,Anagallis arvensis,FALSE
SO3129,Anchusa arvensis,FALSE
SO3129,Anemone nemorosa,FALSE
SO3129,Angelica sylvestris,FALSE
SO3129,Anthemis cotula,FALSE
SO3129,Anthriscus caucalis,FALSE
SO3129,Anthriscus sylvestris,FALSE
SO3129,Apium nodiflorum,FALSE
SO3129,Armeria maritima,FALSE
SO3129,Artemisia absinthium,FALSE
SO3129,Artemisia annua,FALSE
SO3129,Artemisia vulgaris,FALSE
SO3129,Aster tripolium,FALSE
SO3129,Atriplex patula,FALSE
SO3129,Atriplex portulacoides,FALSE
SO3129,Ballota nigra,FALSE
SO3129,Barbarea vulgaris,FALSE
SO3129,Bellis perennis,TRUE
SO3129,Berula erecta,FALSE
SO3129,Brassica napus,FALSE
SO3129,Brassica oleracea,FALSE
SO3129,Brassica rapa,FALSE
SO3129,Bryonia dioica,FALSE
SO3129,Buddleja davidii,FALSE
SO3129,Bupleurum tenuissimum,FALSE
SO3129,Calluna vulgaris,FALSE
SO3129,Caltha palustris,FALSE
SO3129,Calystegia sepium,TRUE
SO3129,Campanula rotundifolia,FALSE
SO3129,Capsella bursa,FALSE
SO3129,Cardamine flexuosa,FALSE
SO3129,Cardamine hirsuta,FALSE
SO3129,Cardamine pratensis,TRUE
SO3129,Carduus nutans,FALSE
SO3129,Carum verticillatum,FALSE
SO3129,Centaurea cyanus,FALSE
SO3129,Centaurea nigra,FALSE
SO3129,Centaurea scabiosa,FALSE
SO3129,Centaurium erythraea,FALSE
SO3129,Cerastium arvense,FALSE
SO3129,Cerastium fontanum,TRUE
SO3129,Cerastium glomeratum,FALSE
SO3129,Ceratocapnos claviculata,FALSE
SO3129,Chaerophyllum temulum,FALSE
SO3129,Chamaemelum nobile,FALSE
SO3129,Chamerion angustifolium,FALSE
SO3129,Chenopodium album,FALSE
SO3129,Chenopodium ficifolium,FALSE
SO3129,Chenopodium quinoa,FALSE
SO3129,Cichorium intybus,FALSE
SO3129,Circaea lutetiana,TRUE
SO3129,Cirsium arvense,TRUE
SO3129,Cirsium eriophorum,FALSE
SO3129,Cirsium palustre,TRUE
SO3129,Cirsium vulgare,FALSE
SO3129,Clematis vitalba,FALSE
SO3129,Clinopodium vulgare,FALSE
SO3129,Conium maculatum,FALSE
SO3129,Conopodium majus,TRUE
SO3129,Convolvulus arvensis,FALSE
SO3129,Conyza canadensis,FALSE
SO3129,Cotoneaster salicifolius,FALSE
SO3129,Crataegus monogyna,FALSE
SO3129,Crepis capillaris,FALSE
SO3129,Crepis vesicaria,FALSE
SO3129,Cruciata laevipes,FALSE
SO3129,Cytisus scoparius,FALSE
SO3129,Dactylorhiza fuchsii,TRUE
SO3129,Dactylorhiza maculata,FALSE
SO3129,Daucus carota,FALSE
SO3129,Digitalis ferruginea,FALSE
SO3129,Digitalis grandiflora,FALSE
SO3129,Digitalis purpurea,TRUE
SO3129,Dioscorea communis,FALSE
SO3129,Doronicum plantagineum,TRUE
SO3129,Drosera anglica,FALSE
SO3129,Drosera rotundifolia,FALSE
SO3129,Dryas octopetala,FALSE
SO3129,Epilobium hirsutum,FALSE
SO3129,Epilobium montanum,TRUE
SO3129,Epilobium obscurum,FALSE
SO3129,Epilobium palustre,FALSE
SO3129,Epilobium parviflorum,FALSE
SO3129,Epilobium roseum,FALSE
SO3129,Epilobium tetragonum,FALSE
SO3129,Erica cinerea,FALSE
SO3129,Erica tetralix,FALSE
SO3129,Eriophorum vaginatum,FALSE
SO3129,Eupatorium cannabinum,FALSE
SO3129,Euphorbia exigua,FALSE
SO3129,Euphorbia helioscopia,FALSE
SO3129,Euphrasia officinalis,FALSE
SO3129,Fagopyrum esculentum,FALSE
SO3129,Fallopia convolvulus,FALSE
SO3129,Filipendula ulmaria,FALSE
SO3129,Fumaria officinalis,FALSE
SO3129,Galeopsis speciosa,FALSE
SO3129,Galeopsis tetrahit,FALSE
SO3129,Galium aparine,FALSE
SO3129,Galium mollugo,FALSE
SO3129,Galium odoratum,FALSE
SO3129,Galium palustre,TRUE
SO3129,Galium saxatile,FALSE
SO3129,Galium verum,FALSE
SO3129,Genista anglica,FALSE
SO3129,Geranium dissectum,FALSE
SO3129,Geranium molle,FALSE
SO3129,Geranium nodosum,FALSE
SO3129,Geranium pratense,FALSE
SO3129,Geranium pyrenaicum,FALSE
SO3129,Geranium robertianum,FALSE
SO3129,Geum urbanum,FALSE
SO3129,Glechoma hederacea,FALSE
SO3129,Hedera helix,FALSE
SO3129,Helianthus annuus,FALSE
SO3129,Heracleum mantegazzianum,FALSE
SO3129,Heracleum sphondylium,TRUE
SO3129,Hippocrepis comosa,FALSE
SO3129,Hordeum vulgare,FALSE
SO3129,Hyacinthoides non,FALSE
SO3129,Hypericum forrestii,FALSE
SO3129,Hypericum perforatum,FALSE
SO3129,Hypericum pulchrum,FALSE
SO3129,Hypericum tetrapterum,FALSE
SO3129,Hypochaeris radicata,TRUE
SO3129,Ilex aquifolium,TRUE
SO3129,Impatiens glandulifera,FALSE
SO3129,Impatiens parviflora,FALSE
SO3129,Iris pseudacorus,FALSE
SO3129,Jacobaea erucifolia,FALSE
SO3129,Jacobaea vulgaris,FALSE
SO3129,Jasione montana,FALSE
SO3129,Juncus conglomeratus,FALSE
SO3129,Juncus effusus,FALSE
SO3129,Knautia arvensis,FALSE
SO3129,Lactuca serriola,FALSE
SO3129,Lamium album,FALSE
SO3129,Lamium galeobdolon,FALSE
SO3129,Lamium purpureum,FALSE
SO3129,Lapsana communis,FALSE
SO3129,Lathyrus aphaca,FALSE
SO3129,Lathyrus linifolius,FALSE
SO3129,Lathyrus pratensis,FALSE
SO3129,Leontodon hispidus,TRUE
SO3129,Leontodon saxatilis,FALSE
SO3129,Leucanthemum vulgare,FALSE
SO3129,Ligusticum scoticum,FALSE
SO3129,Limonium vulgare,FALSE
SO3129,Linaria vulgaris,FALSE
SO3129,Linum catharticum,FALSE
SO3129,Linum usitatissimum,FALSE
SO3129,Lonicera caprifolium,FALSE
SO3129,Lonicera periclymenum,FALSE
SO3129,Lotus angustissimus,FALSE
SO3129,Lotus corniculatus,TRUE
SO3129,Lotus pedunculatus,FALSE
SO3129,Lotus subbiflorus,FALSE
SO3129,Luzula campestris,FALSE
SO3129,Lysimachia nemorum,FALSE
SO3129,Lysimachia punctata,FALSE
SO3129,Lysimachia vulgaris,FALSE
SO3129,Lythrum alatum,FALSE
SO3129,Lythrum salicaria,FALSE
SO3129,Malva sylvestris,FALSE
SO3129,Matricaria chamomilla,FALSE
SO3129,Matricaria discoidea,FALSE
SO3129,Medicago lupulina,FALSE
SO3129,Melampyrum pratense,FALSE
SO3129,Mentha aquatica,FALSE
SO3129,Mentha arvensis,FALSE
SO3129,Mercurialis perennis,FALSE
SO3129,Myosotis arvensis,FALSE
SO3129,Myosotis discolor,FALSE
SO3129,Myosotis sylvatica,FALSE
SO3129,Narthecium ossifragum,FALSE
SO3129,Odontites vernus,FALSE
SO3129,Oenanthe crocata,FALSE
SO3129,Origanum vulgare,FALSE
SO3129,Ornithopus perpusillus,FALSE
SO3129,Oxalis acetosella,FALSE
SO3129,Panicum miliaceum,FALSE
SO3129,Papaver rhoeas,FALSE
SO3129,Pedicularis sylvatica,FALSE
SO3129,Persicaria amplexicaulis,FALSE
SO3129,Persicaria bistorta,FALSE
SO3129,Persicaria hydropiper,FALSE
SO3129,Persicaria lapathifolia,FALSE
SO3129,Persicaria maculosa,FALSE
SO3129,Peucedanum ostruthium,FALSE
SO3129,Picris echioides,FALSE
SO3129,Picris hieracioides,FALSE
SO3129,Pilosella officinarum,FALSE
SO3129,Pimpinella saxifraga,FALSE
SO3129,Pinguicula vulgaris,FALSE
SO3129,Plantago lanceolata,TRUE
SO3129,Plantago major,FALSE
SO3129,Plantago maritima,FALSE
SO3129,Poa annua,FALSE
SO3129,Polygala serpyllifolia,FALSE
SO3129,Polygala vulgaris,FALSE
SO3129,Polygonum aviculare,FALSE
SO3129,Potentilla anglica,FALSE
SO3129,Potentilla anserina,FALSE
SO3129,Potentilla erecta,TRUE
SO3129,Potentilla recta,TRUE
SO3129,Potentilla reptans,FALSE
SO3129,Prunella vulgaris,TRUE
SO3129,Prunus spinosa,FALSE
SO3129,Pulicaria dysenterica,FALSE
SO3129,Ranunculus acris,TRUE
SO3129,Ranunculus bulbosus,TRUE
SO3129,Ranunculus ficaria,TRUE
SO3129,Ranunculus flammula,FALSE
SO3129,Ranunculus repens,TRUE
SO3129,Ranunculus sardous,FALSE
SO3129,Raphanus raphanistrum,FALSE
SO3129,Raphanus sativus,FALSE
SO3129,Rhinanthus minor,TRUE
SO3129,Rosa arvensis,FALSE
SO3129,Rosa canina,FALSE
SO3129,Rubus caesius,FALSE
SO3129,Rubus fruticosus,FALSE
SO3129,Rubus idaeus,FALSE
SO3129,Rumex acetosa,FALSE
SO3129,Rumex acetosella,FALSE
SO3129,Rumex crispus,FALSE
SO3129,Rumex obtusifolius,FALSE
SO3129,Rumex sanguineus,FALSE
SO3129,Sagina saginoides,FALSE
SO3129,Sambucus nigra,FALSE
SO3129,Sanguisorba officinalis,FALSE
SO3129,Scorzoneroides autumnalis,TRUE
SO3129,Scrophularia auriculata,FALSE
SO3129,Scrophularia nodosa,FALSE
SO3129,Sedum anglicum,FALSE
SO3129,Senecio erucifolius,FALSE
SO3129,Senecio jacobaea,FALSE
SO3129,Senecio vulgaris,FALSE
SO3129,Sherardia arvensis,FALSE
SO3129,Silene dioica,FALSE
SO3129,Silene latifolia,FALSE
SO3129,Silybum marianum,FALSE
SO3129,Sinapis alba,FALSE
SO3129,Sinapis arvensis,FALSE
SO3129,Sisymbrium officinale,FALSE
SO3129,Solanum dulcamara,FALSE
SO3129,Solanum nigrum,FALSE
SO3129,Solanum tuberosum,FALSE
SO3129,Sonchus arvensis,FALSE
SO3129,Sonchus asper,FALSE
SO3129,Sonchus oleraceus,FALSE
SO3129,Sorbus aucuparia,FALSE
SO3129,Spergula arvensis,FALSE
SO3129,Spergularia media,FALSE
SO3129,Stachys arvensis,FALSE
SO3129,Stachys palustris,FALSE
SO3129,Stachys sylvatica,TRUE
SO3129,Stellaria alsine,FALSE
SO3129,Stellaria graminea,TRUE
SO3129,Stellaria holostea,TRUE
SO3129,Stellaria media,FALSE
SO3129,Suaeda maritima,FALSE
SO3129,Succisa pratensis,FALSE
SO3129,Symphytum officinale,FALSE
SO3129,Taraxacum agg,FALSE
SO3129,Taraxacum officinale,FALSE
SO3129,Teucrium scorodonia,FALSE
SO3129,Thlaspi arvense,FALSE
SO3129,Thymus polytrichus,FALSE
SO3129,Thymus vulgaris,FALSE
SO3129,Torilis japonica,FALSE
SO3129,Tragopogon pratensis,FALSE
SO3129,Trientalis europaea,FALSE
SO3129,Trifolium arvense,FALSE
SO3129,Trifolium campestre,FALSE
SO3129,Trifolium constantinopolitanum,FALSE
SO3129,Trifolium dubium,FALSE
SO3129,Trifolium pratense,TRUE
SO3129,Trifolium repens,TRUE
SO3129,Tripleurospermum inodorum,FALSE
SO3129,Tripleurospermum maritimum,FALSE
SO3129,Turgenia latifolia,FALSE
SO3129,Ulex europaeus,FALSE
SO3129,Ulex gallii,FALSE
SO3129,Urtica dioica,TRUE
SO3129,Vaccinium myrtillus,FALSE
SO3129,Vaccinium oxycoccos,FALSE
SO3129,Vaccinium vitis,FALSE
SO3129,Valeriana dioica,FALSE
SO3129,Valeriana officinalis,FALSE
SO3129,Verbena officinalis,FALSE
SO3129,Verbena x,FALSE
SO3129,Veronica agrestis,FALSE
SO3129,Veronica arvensis,FALSE
SO3129,Veronica beccabunga,FALSE
SO3129,Veronica chamaedrys,TRUE
SO3129,Veronica hederifolia,FALSE
SO3129,Veronica montana,FALSE
SO3129,Veronica officinalis,FALSE
SO3129,Veronica persica,FALSE
SO3129,Veronica polita,FALSE
SO3129,Veronica serpyllifolia,FALSE
SO3129,Vicia benghalensis,FALSE
SO3129,Vicia cracca,FALSE
SO3129,Vicia faba,FALSE
SO3129,Vicia hirsuta,FALSE
SO3129,Vicia lutea,FALSE
SO3129,Vicia sativa,FALSE
SO3129,Vicia sepium,FALSE
SO3129,Vicia spp,FALSE
SO3129,Vicia tetrasperma,FALSE
SO3129,Viola arvensis,FALSE
SO3129,Viola canina,FALSE
SO3129,Viola palustris,FALSE
SO3129,Viola riviniana,FALSE
SO3129,Zea mays,FALSE
SO4718,Acer pseudoplatanus,FALSE
SO4718,Achillea millefolium,FALSE
SO4718,Achillea ptarmica,FALSE
SO4718,Aegopodium podagraria,FALSE
SO4718,Aethusa cynapium,FALSE
SO4718,Ajuga reptans,FALSE
SO4718,Alliaria petiolata,FALSE
SO4718,Alnus glutinosa,FALSE
SO4718,Anagallis arvensis,FALSE
SO4718,Anchusa arvensis,FALSE
SO4718,Anemone nemorosa,FALSE
SO4718,Angelica sylvestris,FALSE
SO4718,Anthemis cotula,FALSE
SO4718,Anthriscus caucalis,FALSE
SO4718,Anthriscus sylvestris,FALSE
SO4718,Apium nodiflorum,FALSE
SO4718,Armeria maritima,FALSE
SO4718,Artemisia absinthium,FALSE
SO4718,Artemisia annua,FALSE
SO4718,Artemisia vulgaris,FALSE
SO4718,Aster tripolium,FALSE
SO4718,Atriplex patula,FALSE
SO4718,Atriplex portulacoides,FALSE
SO4718,Ballota nigra,FALSE
SO4718,Barbarea vulgaris,FALSE
SO4718,Bellis perennis,FALSE
SO4718,Berula erecta,FALSE
SO4718,Brassica napus,FALSE
SO4718,Brassica oleracea,FALSE
SO4718,Brassica rapa,FALSE
SO4718,Bryonia dioica,FALSE
SO4718,Buddleja davidii,FALSE
SO4718,Bupleurum tenuissimum,FALSE
SO4718,Calluna vulgaris,FALSE
SO4718,Caltha palustris,FALSE
SO4718,Calystegia sepium,FALSE
SO4718,Campanula rotundifolia,FALSE
SO4718,Capsella bursa,FALSE
SO4718,Cardamine flexuosa,FALSE
SO4718,Cardamine hirsuta,FALSE
SO4718,Cardamine pratensis,FALSE
SO4718,Carduus nutans,FALSE
SO4718,Carum verticillatum,FALSE
SO4718,Centaurea cyanus,FALSE
SO4718,Centaurea nigra,FALSE
SO4718,Centaurea scabiosa,FALSE
SO4718,Centaurium erythraea,FALSE
SO4718,Cerastium arvense,FALSE
SO4718,Cerastium fontanum,TRUE
SO4718,Cerastium glomeratum,FALSE
SO4718,Ceratocapnos claviculata,FALSE
SO4718,Chaerophyllum temulum,FALSE
SO4718,Chamaemelum nobile,FALSE
SO4718,Chamerion angustifolium,FALSE
SO4718,Chenopodium album,FALSE
SO4718,Chenopodium ficifolium,FALSE
SO4718,Chenopodium quinoa,FALSE
SO4718,Cichorium intybus,FALSE
SO4718,Circaea lutetiana,FALSE
SO4718,Cirsium arvense,FALSE
SO4718,Cirsium eriophorum,FALSE
SO4718,Cirsium palustre,TRUE
SO4718,Cirsium vulgare,FALSE
SO4718,Clematis vitalba,FALSE
SO4718,Clinopodium vulgare,FALSE
SO4718,Conium maculatum,FALSE
SO4718,Conopodium majus,FALSE
SO4718,Convolvulus arvensis,FALSE
SO4718,Conyza canadensis,FALSE
SO4718,Cotoneaster salicifolius,FALSE
SO4718,Crataegus monogyna,FALSE
SO4718,Crepis capillaris,FALSE
SO4718,Crepis vesicaria,FALSE
SO4718,Cruciata laevipes,FALSE
SO4718,Cytisus scoparius,FALSE
SO4718,Dactylorhiza fuchsii,FALSE
SO4718,Dactylorhiza maculata,FALSE
SO4718,Daucus carota,FALSE
SO4718,Digitalis ferruginea,FALSE
SO4718,Digitalis grandiflora,FALSE
SO4718,Digitalis purpurea,FALSE
SO4718,Dioscorea communis,FALSE
SO4718,Doronicum plantagineum,FALSE
SO4718,Drosera anglica,FALSE
SO4718,Drosera rotundifolia,FALSE
SO4718,Dryas octopetala,FALSE
SO4718,Epilobium hirsutum,FALSE
SO4718,Epilobium montanum,FALSE
SO4718,Epilobium obscurum,FALSE
SO4718,Epilobium palustre,FALSE
SO4718,Epilobium parviflorum,FALSE
SO4718,Epilobium roseum,FALSE
SO4718,Epilobium tetragonum,FALSE
SO4718,Erica cinerea,FALSE
SO4718,Erica tetralix,FALSE
SO4718,Eriophorum vaginatum,FALSE
SO4718,Eupatorium cannabinum,FALSE
SO4718,Euphorbia exigua,FALSE
SO4718,Euphorbia helioscopia,FALSE
SO4718,Euphrasia officinalis,FALSE
SO4718,Fagopyrum esculentum,FALSE
SO4718,Fallopia convolvulus,FALSE
SO4718,Filipendula ulmaria,FALSE
SO4718,Fumaria officinalis,FALSE
SO4718,Galeopsis speciosa,FALSE
SO4718,Galeopsis tetrahit,FALSE
SO4718,Galium aparine,FALSE
SO4718,Galium mollugo,FALSE
SO4718,Galium odoratum,FALSE
SO4718,Galium palustre,FALSE
SO4718,Galium saxatile,FALSE
SO4718,Galium verum,FALSE
SO4718,Genista anglica,FALSE
SO4718,Geranium dissectum,FALSE
SO4718,Geranium molle,FALSE
SO4718,Geranium nodosum,FALSE
SO4718,Geranium pratense,FALSE
SO4718,Geranium pyrenaicum,FALSE
SO4718,Geranium robertianum,FALSE
SO4718,Geum urbanum,FALSE
SO4718,Glechoma hederacea,FALSE
SO4718,Hedera helix,FALSE
SO4718,Helianthus annuus,FALSE
SO4718,Heracleum mantegazzianum,FALSE
SO4718,Heracleum sphondylium,FALSE
SO4718,Hippocrepis comosa,FALSE
SO4718,Hordeum vulgare,FALSE
SO4718,Hyacinthoides non,FALSE
SO4718,Hypericum forrestii,FALSE
SO4718,Hypericum perforatum,FALSE
SO4718,Hypericum pulchrum,FALSE
SO4718,Hypericum tetrapterum,FALSE
SO4718,Hypochaeris radicata,FALSE
SO4718,Ilex aquifolium,FALSE
SO4718,Impatiens glandulifera,FALSE
SO4718,Impatiens parviflora,FALSE
SO4718,Iris pseudacorus,FALSE
SO4718,Jacobaea erucifolia,FALSE
SO4718,Jacobaea vulgaris,FALSE
SO4718,Jasione montana,FALSE
SO4718,Juncus conglomeratus,TRUE
SO4718,Juncus effusus,TRUE
SO4718,Knautia arvensis,FALSE
SO4718,Lactuca serriola,FALSE
SO4718,Lamium album,FALSE
SO4718,Lamium galeobdolon,FALSE
SO4718,Lamium purpureum,FALSE
SO4718,Lapsana communis,FALSE
SO4718,Lathyrus aphaca,FALSE
SO4718,Lathyrus linifolius,FALSE
SO4718,Lathyrus pratensis,TRUE
SO4718,Leontodon hispidus,FALSE
SO4718,Leontodon saxatilis,FALSE
SO4718,Leucanthemum vulgare,FALSE
SO4718,Ligusticum scoticum,FALSE
SO4718,Limonium vulgare,FALSE
SO4718,Linaria vulgaris,FALSE
SO4718,Linum catharticum,FALSE
SO4718,Linum usitatissimum,FALSE
SO4718,Lonicera caprifolium,FALSE
SO4718,Lonicera periclymenum,FALSE
SO4718,Lotus angustissimus,FALSE
SO4718,Lotus corniculatus,TRUE
SO4718,Lotus pedunculatus,FALSE
SO4718,Lotus subbiflorus,FALSE
SO4718,Luzula campestris,FALSE
SO4718,Lysimachia nemorum,FALSE
SO4718,Lysimachia punctata,FALSE
SO4718,Lysimachia vulgaris,FALSE
SO4718,Lythrum alatum,FALSE
SO4718,Lythrum salicaria,FALSE
SO4718,Malva sylvestris,FALSE
SO4718,Matricaria chamomilla,FALSE
SO4718,Matricaria discoidea,FALSE
SO4718,Medicago lupulina,TRUE
SO4718,Melampyrum pratense,FALSE
SO4718,Mentha aquatica,FALSE
SO4718,Mentha arvensis,FALSE
SO4718,Mercurialis perennis,FALSE
SO4718,Myosotis arvensis,FALSE
SO4718,Myosotis discolor,FALSE
SO4718,Myosotis sylvatica,FALSE
SO4718,Narthecium ossifragum,FALSE
SO4718,Odontites vernus,FALSE
SO4718,Oenanthe crocata,FALSE
SO4718,Origanum vulgare,FALSE
SO4718,Ornithopus perpusillus,FALSE
SO4718,Oxalis acetosella,FALSE
SO4718,Panicum miliaceum,FALSE
SO4718,Papaver rhoeas,FALSE
SO4718,Pedicularis sylvatica,FALSE
SO4718,Persicaria amplexicaulis,FALSE
SO4718,Persicaria bistorta,FALSE
SO4718,Persicaria hydropiper,FALSE
SO4718,Persicaria lapathifolia,FALSE
SO4718,Persicaria maculosa,FALSE
SO4718,Peucedanum ostruthium,FALSE
SO4718,Picris echioides,FALSE
SO4718,Picris hieracioides,FALSE
SO4718,Pilosella officinarum,FALSE
SO4718,Pimpinella saxifraga,FALSE
SO4718,Pinguicula vulgaris,FALSE
SO4718,Plantago lanceolata,TRUE
SO4718,Plantago major,FALSE
SO4718,Plantago maritima,FALSE
SO4718,Poa annua,FALSE
SO4718,Polygala serpyllifolia,FALSE
SO4718,Polygala vulgaris,FALSE
SO4718,Polygonum aviculare,FALSE
SO4718,Potentilla anglica,FALSE
SO4718,Potentilla anserina,FALSE
SO4718,Potentilla erecta,FALSE
SO4718,Potentilla recta,FALSE
SO4718,Potentilla reptans,FALSE
SO4718,Prunella vulgaris,TRUE
SO4718,Prunus spinosa,FALSE
SO4718,Pulicaria dysenterica,FALSE
SO4718,Ranunculus acris,TRUE
SO4718,Ranunculus bulbosus,FALSE
SO4718,Ranunculus ficaria,FALSE
SO4718,Ranunculus flammula,FALSE
SO4718,Ranunculus repens,TRUE
SO4718,Ranunculus sardous,FALSE
SO4718,Raphanus raphanistrum,FALSE
SO4718,Raphanus sativus,FALSE
SO4718,Rhinanthus minor,FALSE
SO4718,Rosa arvensis,FALSE
SO4718,Rosa canina,FALSE
SO4718,Rubus caesius,FALSE
SO4718,Rubus fruticosus,FALSE
SO4718,Rubus idaeus,FALSE
SO4718,Rumex acetosa,TRUE
SO4718,Rumex acetosella,FALSE
SO4718,Rumex crispus,FALSE
SO4718,Rumex obtusifolius,FALSE
SO4718,Rumex sanguineus,FALSE
SO4718,Sagina saginoides,FALSE
SO4718,Sambucus nigra,FALSE
SO4718,Sanguisorba officinalis,FALSE
SO4718,Scorzoneroides autumnalis,TRUE
SO4718,Scrophularia auriculata,FALSE
SO4718,Scrophularia nodosa,FALSE
SO4718,Sedum anglicum,FALSE
SO4718,Senecio erucifolius,FALSE
SO4718,Senecio jacobaea,FALSE
SO4718,Senecio vulgaris,FALSE
SO4718,Sherardia arvensis,FALSE
SO4718,Silene dioica,FALSE
SO4718,Silene latifolia,FALSE
SO4718,Silybum marianum,FALSE
SO4718,Sinapis alba,FALSE
SO4718,Sinapis arvensis,FALSE
SO4718,Sisymbrium officinale,FALSE
SO4718,Solanum dulcamara,FALSE
SO4718,Solanum nigrum,FALSE
SO4718,Solanum tuberosum,FALSE
SO4718,Sonchus arvensis,FALSE
SO4718,Sonchus asper,FALSE
SO4718,Sonchus oleraceus,FALSE
SO4718,Sorbus aucuparia,FALSE
SO4718,Spergula arvensis,FALSE
SO4718,Spergularia media,FALSE
SO4718,Stachys arvensis,FALSE
SO4718,Stachys palustris,FALSE
SO4718,Stachys sylvatica,FALSE
SO4718,Stellaria alsine,FALSE
SO4718,Stellaria graminea,TRUE
SO4718,Stellaria holostea,FALSE
SO4718,Stellaria media,FALSE
SO4718,Suaeda maritima,FALSE
SO4718,Succisa pratensis,FALSE
SO4718,Symphytum officinale,FALSE
SO4718,Taraxacum agg,FALSE
SO4718,Taraxacum officinale,TRUE
SO4718,Teucrium scorodonia,FALSE
SO4718,Thlaspi arvense,FALSE
SO4718,Thymus polytrichus,FALSE
SO4718,Thymus vulgaris,FALSE
SO4718,Torilis japonica,FALSE
SO4718,Tragopogon pratensis,TRUE
SO4718,Trientalis europaea,FALSE
SO4718,Trifolium arvense,FALSE
SO4718,Trifolium campestre,FALSE
SO4718,Trifolium constantinopolitanum,FALSE
SO4718,Trifolium dubium,FALSE
SO4718,Trifolium pratense,TRUE
SO4718,Trifolium repens,TRUE
SO4718,Tripleurospermum inodorum,FALSE
SO4718,Tripleurospermum maritimum,FALSE
SO4718,Turgenia latifolia,FALSE
SO4718,Ulex europaeus,FALSE
SO4718,Ulex gallii,FALSE
SO4718,Urtica dioica,FALSE
SO4718,Vaccinium myrtillus,FALSE
SO4718,Vaccinium oxycoccos,FALSE
SO4718,Vaccinium vitis,FALSE
SO4718,Valeriana dioica,FALSE
SO4718,Valeriana officinalis,FALSE
SO4718,Verbena officinalis,FALSE
SO4718,Verbena x,FALSE
SO4718,Veronica agrestis,FALSE
SO4718,Veronica arvensis,FALSE
SO4718,Veronica beccabunga,FALSE
SO4718,Veronica chamaedrys,FALSE
SO4718,Veronica hederifolia,FALSE
SO4718,Veronica montana,FALSE
SO4718,Veronica officinalis,FALSE
SO4718,Veronica persica,FALSE
SO4718,Veronica polita,FALSE
SO4718,Veronica serpyllifolia,FALSE
SO4718,Vicia benghalensis,FALSE
SO4718,Vicia cracca,FALSE
SO4718,Vicia faba,FALSE
SO4718,Vicia hirsuta,FALSE
SO4718,Vicia lutea,FALSE
SO4718,Vicia sativa,TRUE
SO4718,Vicia sepium,FALSE
SO4718,Vicia spp,TRUE
SO4718,Vicia tetrasperma,FALSE
SO4718,Viola arvensis,FALSE
SO4718,Viola canina,FALSE
SO4718,Viola palustris,FALSE
SO4718,Viola riviniana,FALSE
SO4718,Zea mays,FALSE
SO6087,Acer pseudoplatanus,FALSE
SO6087,Achillea millefolium,FALSE
SO6087,Achillea ptarmica,FALSE
SO6087,Aegopodium podagraria,FALSE
SO6087,Aethusa cynapium,FALSE
SO6087,Ajuga reptans,FALSE
SO6087,Alliaria petiolata,FALSE
SO6087,Alnus glutinosa,FALSE
SO6087,Anagallis arvensis,FALSE
SO6087,Anchusa arvensis,FALSE
SO6087,Anemone nemorosa,FALSE
SO6087,Angelica sylvestris,FALSE
SO6087,Anthemis cotula,FALSE
SO6087,Anthriscus caucalis,FALSE
SO6087,Anthriscus sylvestris,FALSE
SO6087,Apium nodiflorum,FALSE
SO6087,Armeria maritima,FALSE
SO6087,Artemisia absinthium,FALSE
SO6087,Artemisia annua,FALSE
SO6087,Artemisia vulgaris,FALSE
SO6087,Aster tripolium,FALSE
SO6087,Atriplex patula,FALSE
SO6087,Atriplex portulacoides,FALSE
SO6087,Ballota nigra,FALSE
SO6087,Barbarea vulgaris,FALSE
SO6087,Bellis perennis,FALSE
SO6087,Berula erecta,FALSE
SO6087,Brassica napus,FALSE
SO6087,Brassica oleracea,FALSE
SO6087,Brassica rapa,FALSE
SO6087,Bryonia dioica,FALSE
SO6087,Buddleja davidii,FALSE
SO6087,Bupleurum tenuissimum,FALSE
SO6087,Calluna vulgaris,FALSE
SO6087,Caltha palustris,FALSE
SO6087,Calystegia sepium,FALSE
SO6087,Campanula rotundifolia,FALSE
SO6087,Capsella bursa,FALSE
SO6087,Cardamine flexuosa,FALSE
SO6087,Cardamine hirsuta,FALSE
SO6087,Cardamine pratensis,FALSE
SO6087,Carduus nutans,FALSE
SO6087,Carum verticillatum,FALSE
SO6087,Centaurea cyanus,FALSE
SO6087,Centaurea nigra,FALSE
SO6087,Centaurea scabiosa,FALSE
SO6087,Centaurium erythraea,FALSE
SO6087,Cerastium arvense,FALSE
SO6087,Cerastium fontanum,TRUE
SO6087,Cerastium glomeratum,FALSE
SO6087,Ceratocapnos claviculata,FALSE
SO6087,Chaerophyllum temulum,FALSE
SO6087,Chamaemelum nobile,FALSE
SO6087,Chamerion angustifolium,TRUE
SO6087,Chenopodium album,FALSE
SO6087,Chenopodium ficifolium,FALSE
SO6087,Chenopodium quinoa,FALSE
SO6087,Cichorium intybus,FALSE
SO6087,Circaea lutetiana,FALSE
SO6087,Cirsium arvense,FALSE
SO6087,Cirsium eriophorum,FALSE
SO6087,Cirsium palustre,FALSE
SO6087,Cirsium vulgare,FALSE
SO6087,Clematis vitalba,FALSE
SO6087,Clinopodium vulgare,FALSE
SO6087,Conium maculatum,FALSE
SO6087,Conopodium majus,FALSE
SO6087,Convolvulus arvensis,FALSE
SO6087,Conyza canadensis,FALSE
SO6087,Cotoneaster salicifolius,FALSE
SO6087,Crataegus monogyna,TRUE
SO6087,Crepis capillaris,FALSE
SO6087,Crepis vesicaria,FALSE
SO6087,Cruciata laevipes,FALSE
SO6087,Cytisus scoparius,FALSE
SO6087,Dactylorhiza fuchsii,FALSE
SO6087,Dactylorhiza maculata,FALSE
SO6087,Daucus carota,FALSE
SO6087,Digitalis ferruginea,FALSE
SO6087,Digitalis grandiflora,FALSE
SO6087,Digitalis purpurea,FALSE
SO6087,Dioscorea communis,FALSE
SO6087,Doronicum plantagineum,FALSE
SO6087,Drosera anglica,FALSE
SO6087,Drosera rotundifolia,FALSE
SO6087,Dryas octopetala,FALSE
SO6087,Epilobium hirsutum,FALSE
SO6087,Epilobium montanum,FALSE
SO6087,Epilobium obscurum,FALSE
SO6087,Epilobium palustre,FALSE
SO6087,Epilobium parviflorum,FALSE
SO6087,Epilobium roseum,FALSE
SO6087,Epilobium tetragonum,FALSE
SO6087,Erica cinerea,FALSE
SO6087,Erica tetralix,FALSE
SO6087,Eriophorum vaginatum,FALSE
SO6087,Eupatorium cannabinum,FALSE
SO6087,Euphorbia exigua,FALSE
SO6087,Euphorbia helioscopia,FALSE
SO6087,Euphrasia officinalis,FALSE
SO6087,Fagopyrum esculentum,FALSE
SO6087,Fallopia convolvulus,FALSE
SO6087,Filipendula ulmaria,FALSE
SO6087,Fumaria officinalis,FALSE
SO6087,Galeopsis speciosa,FALSE
SO6087,Galeopsis tetrahit,FALSE
SO6087,Galium aparine,FALSE
SO6087,Galium mollugo,FALSE
SO6087,Galium odoratum,FALSE
SO6087,Galium palustre,FALSE
SO6087,Galium saxatile,FALSE
SO6087,Galium verum,FALSE
SO6087,Genista anglica,FALSE
SO6087,Geranium dissectum,FALSE
SO6087,Geranium molle,FALSE
SO6087,Geranium nodosum,FALSE
SO6087,Geranium pratense,FALSE
SO6087,Geranium pyrenaicum,FALSE
SO6087,Geranium robertianum,FALSE
SO6087,Geum urbanum,FALSE
SO6087,Glechoma hederacea,FALSE
SO6087,Hedera helix,FALSE
SO6087,Helianthus annuus,FALSE
SO6087,Heracleum mantegazzianum,FALSE
SO6087,Heracleum sphondylium,TRUE
SO6087,Hippocrepis comosa,FALSE
SO6087,Hordeum vulgare,FALSE
SO6087,Hyacinthoides non,TRUE
SO6087,Hypericum forrestii,FALSE
SO6087,Hypericum perforatum,FALSE
SO6087,Hypericum pulchrum,FALSE
SO6087,Hypericum tetrapterum,FALSE
SO6087,Hypochaeris radicata,FALSE
SO6087,Ilex aquifolium,FALSE
SO6087,Impatiens glandulifera,FALSE
SO6087,Impatiens parviflora,FALSE
SO6087,Iris pseudacorus,FALSE
SO6087,Jacobaea erucifolia,FALSE
SO6087,Jacobaea vulgaris,FALSE
SO6087,Jasione montana,FALSE
SO6087,Juncus conglomeratus,FALSE
SO6087,Juncus effusus,FALSE
SO6087,Knautia arvensis,FALSE
SO6087,Lactuca serriola,FALSE
SO6087,Lamium album,FALSE
SO6087,Lamium galeobdolon,FALSE
SO6087,Lamium purpureum,FALSE
SO6087,Lapsana communis,TRUE
SO6087,Lathyrus aphaca,FALSE
SO6087,Lathyrus linifolius,FALSE
SO6087,Lathyrus pratensis,FALSE
SO6087,Leontodon hispidus,FALSE
SO6087,Leontodon saxatilis,FALSE
SO6087,Leucanthemum vulgare,FALSE
SO6087,Ligusticum scoticum,FALSE
SO6087,Limonium vulgare,FALSE
SO6087,Linaria vulgaris,FALSE
SO6087,Linum catharticum,FALSE
SO6087,Linum usitatissimum,FALSE
SO6087,Lonicera caprifolium,FALSE
SO6087,Lonicera periclymenum,TRUE
SO6087,Lotus angustissimus,FALSE
SO6087,Lotus corniculatus,TRUE
SO6087,Lotus pedunculatus,FALSE
SO6087,Lotus subbiflorus,FALSE
SO6087,Luzula campestris,TRUE
SO6087,Lysimachia nemorum,FALSE
SO6087,Lysimachia punctata,FALSE
SO6087,Lysimachia vulgaris,FALSE
SO6087,Lythrum alatum,FALSE
SO6087,Lythrum salicaria,FALSE
SO6087,Malva sylvestris,FALSE
SO6087,Matricaria chamomilla,FALSE
SO6087,Matricaria discoidea,FALSE
SO6087,Medicago lupulina,FALSE
SO6087,Melampyrum pratense,FALSE
SO6087,Mentha aquatica,FALSE
SO6087,Mentha arvensis,FALSE
SO6087,Mercurialis perennis,FALSE
SO6087,Myosotis arvensis,FALSE
SO6087,Myosotis discolor,FALSE
SO6087,Myosotis sylvatica,FALSE
SO6087,Narthecium ossifragum,FALSE
SO6087,Odontites vernus,FALSE
SO6087,Oenanthe crocata,FALSE
SO6087,Origanum vulgare,FALSE
SO6087,Ornithopus perpusillus,FALSE
SO6087,Oxalis acetosella,FALSE
SO6087,Panicum miliaceum,FALSE
SO6087,Papaver rhoeas,FALSE
SO6087,Pedicularis sylvatica,FALSE
SO6087,Persicaria amplexicaulis,FALSE
SO6087,Persicaria bistorta,FALSE
SO6087,Persicaria hydropiper,FALSE
SO6087,Persicaria lapathifolia,FALSE
SO6087,Persicaria maculosa,FALSE
SO6087,Peucedanum ostruthium,FALSE
SO6087,Picris echioides,FALSE
SO6087,Picris hieracioides,FALSE
SO6087,Pilosella officinarum,FALSE
SO6087,Pimpinella saxifraga,FALSE
SO6087,Pinguicula vulgaris,FALSE
SO6087,Plantago lanceolata,FALSE
SO6087,Plantago major,FALSE
SO6087,Plantago maritima,FALSE
SO6087,Poa annua,FALSE
SO6087,Polygala serpyllifolia,FALSE
SO6087,Polygala vulgaris,FALSE
SO6087,Polygonum aviculare,FALSE
SO6087,Potentilla anglica,FALSE
SO6087,Potentilla anserina,FALSE
SO6087,Potentilla erecta,TRUE
SO6087,Potentilla recta,FALSE
SO6087,Potentilla reptans,FALSE
SO6087,Prunella vulgaris,FALSE
SO6087,Prunus spinosa,FALSE
SO6087,Pulicaria dysenterica,FALSE
SO6087,Ranunculus acris,TRUE
SO6087,Ranunculus bulbosus,FALSE
SO6087,Ranunculus ficaria,TRUE
SO6087,Ranunculus flammula,FALSE
SO6087,Ranunculus repens,FALSE
SO6087,Ranunculus sardous,FALSE
SO6087,Raphanus raphanistrum,FALSE
SO6087,Raphanus sativus,FALSE
SO6087,Rhinanthus minor,FALSE
SO6087,Rosa arvensis,FALSE
SO6087,Rosa canina,FALSE
SO6087,Rubus caesius,FALSE
SO6087,Rubus fruticosus,TRUE
SO6087,Rubus idaeus,FALSE
SO6087,Rumex acetosa,FALSE
SO6087,Rumex acetosella,FALSE
SO6087,Rumex crispus,FALSE
SO6087,Rumex obtusifolius,FALSE
SO6087,Rumex sanguineus,FALSE
SO6087,Sagina saginoides,FALSE
SO6087,Sambucus nigra,FALSE
SO6087,Sanguisorba officinalis,FALSE
SO6087,Scorzoneroides autumnalis,FALSE
SO6087,Scrophularia auriculata,FALSE
SO6087,Scrophularia nodosa,FALSE
SO6087,Sedum anglicum,FALSE
SO6087,Senecio erucifolius,FALSE
SO6087,Senecio jacobaea,FALSE
SO6087,Senecio vulgaris,FALSE
SO6087,Sherardia arvensis,FALSE
SO6087,Silene dioica,TRUE
SO6087,Silene latifolia,FALSE
SO6087,Silybum marianum,FALSE
SO6087,Sinapis alba,FALSE
SO6087,Sinapis arvensis,FALSE
SO6087,Sisymbrium officinale,FALSE
SO6087,Solanum dulcamara,FALSE
SO6087,Solanum nigrum,FALSE
SO6087,Solanum tuberosum,FALSE
SO6087,Sonchus arvensis,FALSE
SO6087,Sonchus asper,FALSE
SO6087,Sonchus oleraceus,FALSE
SO6087,Sorbus aucuparia,FALSE
SO6087,Spergula arvensis,FALSE
SO6087,Spergularia media,FALSE
SO6087,Stachys arvensis,FALSE
SO6087,Stachys palustris,FALSE
SO6087,Stachys sylvatica,FALSE
SO6087,Stellaria alsine,FALSE
SO6087,Stellaria graminea,FALSE
SO6087,Stellaria holostea,FALSE
SO6087,Stellaria media,FALSE
SO6087,Suaeda maritima,FALSE
SO6087,Succisa pratensis,FALSE
SO6087,Symphytum officinale,FALSE
SO6087,Taraxacum agg,FALSE
SO6087,Taraxacum officinale,FALSE
SO6087,Teucrium scorodonia,FALSE
SO6087,Thlaspi arvense,FALSE
SO6087,Thymus polytrichus,FALSE
SO6087,Thymus vulgaris,FALSE
SO6087,Torilis japonica,FALSE
SO6087,Tragopogon pratensis,FALSE
SO6087,Trientalis europaea,FALSE
SO6087,Trifolium arvense,FALSE
SO6087,Trifolium campestre,FALSE
SO6087,Trifolium constantinopolitanum,FALSE
SO6087,Trifolium dubium,FALSE
SO6087,Trifolium pratense,FALSE
SO6087,Trifolium repens,TRUE
SO6087,Tripleurospermum inodorum,FALSE
SO6087,Tripleurospermum maritimum,FALSE
SO6087,Turgenia latifolia,FALSE
SO6087,Ulex europaeus,FALSE
SO6087,Ulex gallii,FALSE
SO6087,Urtica dioica,TRUE
SO6087,Vaccinium myrtillus,FALSE
SO6087,Vaccinium oxycoccos,FALSE
SO6087,Vaccinium vitis,FALSE
SO6087,Valeriana dioica,FALSE
SO6087,Valeriana officinalis,FALSE
SO6087,Verbena officinalis,FALSE
SO6087,Verbena x,FALSE
SO6087,Veronica agrestis,FALSE
SO6087,Veronica arvensis,FALSE
SO6087,Veronica beccabunga,FALSE
SO6087,Veronica chamaedrys,TRUE
SO6087,Veronica hederifolia,FALSE
SO6087,Veronica montana,FALSE
SO6087,Veronica officinalis,FALSE
SO6087,Veronica persica,FALSE
SO6087,Veronica polita,FALSE
SO6087,Veronica serpyllifolia,FALSE
SO6087,Vicia benghalensis,FALSE
SO6087,Vicia cracca,FALSE
SO6087,Vicia faba,FALSE
SO6087,Vicia hirsuta,FALSE
SO6087,Vicia lutea,FALSE
SO6087,Vicia sativa,FALSE
SO6087,Vicia sepium,FALSE
SO6087,Vicia spp,FALSE
SO6087,Vicia tetrasperma,FALSE
SO6087,Viola arvensis,FALSE
SO6087,Viola canina,FALSE
SO6087,Viola palustris,FALSE
SO6087,Viola riviniana,FALSE
SO6087,Zea mays,FALSE
SO8911,Acer pseudoplatanus,TRUE
SO8911,Achillea millefolium,FALSE
SO8911,Achillea ptarmica,FALSE
SO8911,Aegopodium podagraria,FALSE
SO8911,Aethusa cynapium,FALSE
SO8911,Ajuga reptans,FALSE
SO8911,Alliaria petiolata,FALSE
SO8911,Alnus glutinosa,FALSE
SO8911,Anagallis arvensis,FALSE
SO8911,Anchusa arvensis,FALSE
SO8911,Anemone nemorosa,FALSE
SO8911,Angelica sylvestris,FALSE
SO8911,Anthemis cotula,FALSE
SO8911,Anthriscus caucalis,FALSE
SO8911,Anthriscus sylvestris,TRUE
SO8911,Apium nodiflorum,FALSE
SO8911,Armeria maritima,FALSE
SO8911,Artemisia absinthium,FALSE
SO8911,Artemisia annua,FALSE
SO8911,Artemisia vulgaris,FALSE
SO8911,Aster tripolium,FALSE
SO8911,Atriplex patula,FALSE
SO8911,Atriplex portulacoides,FALSE
SO8911,Ballota nigra,FALSE
SO8911,Barbarea vulgaris,FALSE
SO8911,Bellis perennis,TRUE
SO8911,Berula erecta,FALSE
SO8911,Brassica napus,FALSE
SO8911,Brassica oleracea,FALSE
SO8911,Brassica rapa,FALSE
SO8911,Bryonia dioica,FALSE
SO8911,Buddleja davidii,FALSE
SO8911,Bupleurum tenuissimum,FALSE
SO8911,Calluna vulgaris,FALSE
SO8911,Caltha palustris,FALSE
SO8911,Calystegia sepium,TRUE
SO8911,Campanula rotundifolia,FALSE
SO8911,Capsella bursa,FALSE
SO8911,Cardamine flexuosa,FALSE
SO8911,Cardamine hirsuta,FALSE
SO8911,Cardamine pratensis,FALSE
SO8911,Carduus nutans,FALSE
SO8911,Carum verticillatum,FALSE
SO8911,Centaurea cyanus,FALSE
SO8911,Centaurea nigra,TRUE
SO8911,Centaurea scabiosa,FALSE
SO8911,Centaurium erythraea,FALSE
SO8911,Cerastium arvense,FALSE
SO8911,Cerastium fontanum,TRUE
SO8911,Cerastium glomeratum,FALSE
SO8911,Ceratocapnos claviculata,FALSE
SO8911,Chaerophyllum temulum,FALSE
SO8911,Chamaemelum nobile,FALSE
SO8911,Chamerion angustifolium,FALSE
SO8911,Chenopodium album,FALSE
SO8911,Chenopodium ficifolium,FALSE
SO8911,Chenopodium quinoa,FALSE
SO8911,Cichorium intybus,FALSE
SO8911,Circaea lutetiana,FALSE
SO8911,Cirsium arvense,TRUE
SO8911,Cirsium eriophorum,FALSE
SO8911,Cirsium palustre,FALSE
SO8911,Cirsium vulgare,TRUE
SO8911,Clematis vitalba,FALSE
SO8911,Clinopodium vulgare,FALSE
SO8911,Conium maculatum,FALSE
SO8911,Conopodium majus,TRUE
SO8911,Convolvulus arvensis,TRUE
SO8911,Conyza canadensis,FALSE
SO8911,Cotoneaster salicifolius,FALSE
SO8911,Crataegus monogyna,TRUE
SO8911,Crepis capillaris,FALSE
SO8911,Crepis vesicaria,FALSE
SO8911,Cruciata laevipes,FALSE
SO8911,Cytisus scoparius,FALSE
SO8911,Dactylorhiza fuchsii,FALSE
SO8911,Dactylorhiza maculata,FALSE
SO8911,Daucus carota,FALSE
SO8911,Digitalis ferruginea,FALSE
SO8911,Digitalis grandiflora,FALSE
SO8911,Digitalis purpurea,FALSE
SO8911,Dioscorea communis,TRUE
SO8911,Doronicum plantagineum,FALSE
SO8911,Drosera anglica,FALSE
SO8911,Drosera rotundifolia,FALSE
SO8911,Dryas octopetala,FALSE
SO8911,Epilobium hirsutum,FALSE
SO8911,Epilobium montanum,FALSE
SO8911,Epilobium obscurum,FALSE
SO8911,Epilobium palustre,FALSE
SO8911,Epilobium parviflorum,FALSE
SO8911,Epilobium roseum,FALSE
SO8911,Epilobium tetragonum,FALSE
SO8911,Erica cinerea,FALSE
SO8911,Erica tetralix,FALSE
SO8911,Eriophorum vaginatum,FALSE
SO8911,Eupatorium cannabinum,FALSE
SO8911,Euphorbia exigua,FALSE
SO8911,Euphorbia helioscopia,FALSE
SO8911,Euphrasia officinalis,FALSE
SO8911,Fagopyrum esculentum,FALSE
SO8911,Fallopia convolvulus,FALSE
SO8911,Filipendula ulmaria,FALSE
SO8911,Fumaria officinalis,FALSE
SO8911,Galeopsis speciosa,FALSE
SO8911,Galeopsis tetrahit,FALSE
SO8911,Galium aparine,TRUE
SO8911,Galium mollugo,FALSE
SO8911,Galium odoratum,TRUE
SO8911,Galium palustre,FALSE
SO8911,Galium saxatile,TRUE
SO8911,Galium verum,TRUE
SO8911,Genista anglica,FALSE
SO8911,Geranium dissectum,TRUE
SO8911,Geranium molle,FALSE
SO8911,Geranium nodosum,FALSE
SO8911,Geranium pratense,FALSE
SO8911,Geranium pyrenaicum,FALSE
SO8911,Geranium robertianum,TRUE
SO8911,Geum urbanum,FALSE
SO8911,Glechoma hederacea,TRUE
SO8911,Hedera helix,FALSE
SO8911,Helianthus annuus,FALSE
SO8911,Heracleum mantegazzianum,FALSE
SO8911,Heracleum sphondylium,TRUE
SO8911,Hippocrepis comosa,FALSE
SO8911,Hordeum vulgare,FALSE
SO8911,Hyacinthoides non,TRUE
SO8911,Hypericum forrestii,FALSE
SO8911,Hypericum perforatum,FALSE
SO8911,Hypericum pulchrum,FALSE
SO8911,Hypericum tetrapterum,FALSE
SO8911,Hypochaeris radicata,FALSE
SO8911,Ilex aquifolium,FALSE
SO8911,Impatiens glandulifera,FALSE
SO8911,Impatiens parviflora,FALSE
SO8911,Iris pseudacorus,FALSE
SO8911,Jacobaea erucifolia,FALSE
SO8911,Jacobaea vulgaris,FALSE
SO8911,Jasione montana,FALSE
SO8911,Juncus conglomeratus,FALSE
SO8911,Juncus effusus,FALSE
SO8911,Knautia arvensis,FALSE
SO8911,Lactuca serriola,FALSE
SO8911,Lamium album,TRUE
SO8911,Lamium galeobdolon,FALSE
SO8911,Lamium purpureum,FALSE
SO8911,Lapsana communis,TRUE
SO8911,Lathyrus aphaca,FALSE
SO8911,Lathyrus linifolius,FALSE
SO8911,Lathyrus pratensis,TRUE
SO8911,Leontodon hispidus,FALSE
SO8911,Leontodon saxatilis,FALSE
SO8911,Leucanthemum vulgare,FALSE
SO8911,Ligusticum scoticum,FALSE
SO8911,Limonium vulgare,FALSE
SO8911,Linaria vulgaris,FALSE
SO8911,Linum catharticum,FALSE
SO8911,Linum usitatissimum,FALSE
SO8911,Lonicera caprifolium,FALSE
SO8911,Lonicera periclymenum,FALSE
SO8911,Lotus angustissimus,FALSE
SO8911,Lotus corniculatus,TRUE
SO8911,Lotus pedunculatus,FALSE
SO8911,Lotus subbiflorus,FALSE
SO8911,Luzula campestris,FALSE
SO8911,Lysimachia nemorum,FALSE
SO8911,Lysimachia punctata,FALSE
SO8911,Lysimachia vulgaris,FALSE
SO8911,Lythrum alatum,FALSE
SO8911,Lythrum salicaria,FALSE
SO8911,Malva sylvestris,FALSE
SO8911,Matricaria chamomilla,FALSE
SO8911,Matricaria discoidea,TRUE
SO8911,Medicago lupulina,FALSE
SO8911,Melampyrum pratense,FALSE
SO8911,Mentha aquatica,FALSE
SO8911,Mentha arvensis,FALSE
SO8911,Mercurialis perennis,FALSE
SO8911,Myosotis arvensis,TRUE
SO8911,Myosotis discolor,FALSE
SO8911,Myosotis sylvatica,FALSE
SO8911,Narthecium ossifragum,FALSE
SO8911,Odontites vernus,FALSE
SO8911,Oenanthe crocata,FALSE
SO8911,Origanum vulgare,FALSE
SO8911,Ornithopus perpusillus,FALSE
SO8911,Oxalis acetosella,FALSE
SO8911,Panicum miliaceum,FALSE
SO8911,Papaver rhoeas,FALSE
SO8911,Pedicularis sylvatica,FALSE
SO8911,Persicaria amplexicaulis,FALSE
SO8911,Persicaria bistorta,FALSE
SO8911,Persicaria hydropiper,FALSE
SO8911,Persicaria lapathifolia,FALSE
SO8911,Persicaria maculosa,FALSE
SO8911,Peucedanum ostruthium,FALSE
SO8911,Picris echioides,FALSE
SO8911,Picris hieracioides,FALSE
SO8911,Pilosella officinarum,FALSE
SO8911,Pimpinella saxifraga,FALSE
SO8911,Pinguicula vulgaris,FALSE
SO8911,Plantago lanceolata,FALSE
SO8911,Plantago major,FALSE
SO8911,Plantago maritima,FALSE
SO8911,Poa annua,FALSE
SO8911,Polygala serpyllifolia,FALSE
SO8911,Polygala vulgaris,FALSE
SO8911,Polygonum aviculare,FALSE
SO8911,Potentilla anglica,FALSE
SO8911,Potentilla anserina,TRUE
SO8911,Potentilla erecta,FALSE
SO8911,Potentilla recta,FALSE
SO8911,Potentilla reptans,FALSE
SO8911,Prunella vulgaris,TRUE
SO8911,Prunus spinosa,FALSE
SO8911,Pulicaria dysenterica,FALSE
SO8911,Ranunculus acris,TRUE
SO8911,Ranunculus bulbosus,FALSE
SO8911,Ranunculus ficaria,FALSE
SO8911,Ranunculus flammula,FALSE
SO8911,Ranunculus repens,TRUE
SO8911,Ranunculus sardous,FALSE
SO8911,Raphanus raphanistrum,FALSE
SO8911,Raphanus sativus,FALSE
SO8911,Rhinanthus minor,TRUE
SO8911,Rosa arvensis,FALSE
SO8911,Rosa canina,FALSE
SO8911,Rubus caesius,TRUE
SO8911,Rubus fruticosus,TRUE
SO8911,Rubus idaeus,FALSE
SO8911,Rumex acetosa,FALSE
SO8911,Rumex acetosella,FALSE
SO8911,Rumex crispus,FALSE
SO8911,Rumex obtusifolius,TRUE
SO8911,Rumex sanguineus,FALSE
SO8911,Sagina saginoides,FALSE
SO8911,Sambucus nigra,TRUE
SO8911,Sanguisorba officinalis,FALSE
SO8911,Scorzoneroides autumnalis,FALSE
SO8911,Scrophularia auriculata,FALSE
SO8911,Scrophularia nodosa,FALSE
SO8911,Sedum anglicum,FALSE
SO8911,Senecio erucifolius,FALSE
SO8911,Senecio jacobaea,FALSE
SO8911,Senecio vulgaris,FALSE
SO8911,Sherardia arvensis,FALSE
SO8911,Silene dioica,TRUE
SO8911,Silene latifolia,FALSE
SO8911,Silybum marianum,TRUE
SO8911,Sinapis alba,FALSE
SO8911,Sinapis arvensis,FALSE
SO8911,Sisymbrium officinale,FALSE
SO8911,Solanum dulcamara,FALSE
SO8911,Solanum nigrum,FALSE
SO8911,Solanum tuberosum,FALSE
SO8911,Sonchus arvensis,FALSE
SO8911,Sonchus asper,FALSE
SO8911,Sonchus oleraceus,FALSE
SO8911,Sorbus aucuparia,FALSE
SO8911,Spergula arvensis,FALSE
SO8911,Spergularia media,FALSE
SO8911,Stachys arvensis,FALSE
SO8911,Stachys palustris,FALSE
SO8911,Stachys sylvatica,TRUE
SO8911,Stellaria alsine,FALSE
SO8911,Stellaria graminea,FALSE
SO8911,Stellaria holostea,FALSE
SO8911,Stellaria media,FALSE
SO8911,Suaeda maritima,FALSE
SO8911,Succisa pratensis,FALSE
SO8911,Symphytum officinale,FALSE
SO8911,Taraxacum agg,TRUE
SO8911,Taraxacum officinale,FALSE
SO8911,Teucrium scorodonia,FALSE
SO8911,Thlaspi arvense,FALSE
SO8911,Thymus polytrichus,FALSE
SO8911,Thymus vulgaris,FALSE
SO8911,Torilis japonica,FALSE
SO8911,Tragopogon pratensis,TRUE
SO8911,Trientalis europaea,FALSE
SO8911,Trifolium arvense,FALSE
SO8911,Trifolium campestre,FALSE
SO8911,Trifolium constantinopolitanum,FALSE
SO8911,Trifolium dubium,FALSE
SO8911,Trifolium pratense,TRUE
SO8911,Trifolium repens,TRUE
SO8911,Tripleurospermum inodorum,FALSE
SO8911,Tripleurospermum maritimum,FALSE
SO8911,Turgenia latifolia,FALSE
SO8911,Ulex europaeus,FALSE
SO8911,Ulex gallii,FALSE
SO8911,Urtica dioica,TRUE
SO8911,Vaccinium myrtillus,FALSE
SO8911,Vaccinium oxycoccos,FALSE
SO8911,Vaccinium vitis,FALSE
SO8911,Valeriana dioica,FALSE
SO8911,Valeriana officinalis,FALSE
SO8911,Verbena officinalis,FALSE
SO8911,Verbena x,FALSE
SO8911,Veronica agrestis,FALSE
SO8911,Veronica arvensis,FALSE
SO8911,Veronica beccabunga,FALSE
SO8911,Veronica chamaedrys,FALSE
SO8911,Veronica hederifolia,FALSE
SO8911,Veronica montana,FALSE
SO8911,Veronica officinalis,FALSE
SO8911,Veronica persica,FALSE
SO8911,Veronica polita,FALSE
SO8911,Veronica serpyllifolia,FALSE
SO8911,Vicia benghalensis,FALSE
SO8911,Vicia cracca,FALSE
SO8911,Vicia faba,FALSE
SO8911,Vicia hirsuta,FALSE
SO8911,Vicia lutea,FALSE
SO8911,Vicia sativa,TRUE
SO8911,Vicia sepium,TRUE
SO8911,Vicia spp,FALSE
SO8911,Vicia tetrasperma,FALSE
SO8911,Viola arvensis,FALSE
SO8911,Viola canina,FALSE
SO8911,Viola palustris,FALSE
SO8911,Viola riviniana,FALSE
SO8911,Zea mays,FALSE
SP1430,Acer pseudoplatanus,FALSE
SP1430,Achillea millefolium,FALSE
SP1430,Achillea ptarmica,FALSE
SP1430,Aegopodium podagraria,FALSE
SP1430,Aethusa cynapium,FALSE
SP1430,Ajuga reptans,FALSE
SP1430,Alliaria petiolata,FALSE
SP1430,Alnus glutinosa,FALSE
SP1430,Anagallis arvensis,TRUE
SP1430,Anchusa arvensis,FALSE
SP1430,Anemone nemorosa,FALSE
SP1430,Angelica sylvestris,FALSE
SP1430,Anthemis cotula,FALSE
SP1430,Anthriscus caucalis,FALSE
SP1430,Anthriscus sylvestris,FALSE
SP1430,Apium nodiflorum,FALSE
SP1430,Armeria maritima,FALSE
SP1430,Artemisia absinthium,FALSE
SP1430,Artemisia annua,FALSE
SP1430,Artemisia vulgaris,FALSE
SP1430,Aster tripolium,FALSE
SP1430,Atriplex patula,FALSE
SP1430,Atriplex portulacoides,FALSE
SP1430,Ballota nigra,FALSE
SP1430,Barbarea vulgaris,FALSE
SP1430,Bellis perennis,FALSE
SP1430,Berula erecta,FALSE
SP1430,Brassica napus,FALSE
SP1430,Brassica oleracea,FALSE
SP1430,Brassica rapa,FALSE
SP1430,Bryonia dioica,FALSE
SP1430,Buddleja davidii,FALSE
SP1430,Bupleurum tenuissimum,FALSE
SP1430,Calluna vulgaris,FALSE
SP1430,Caltha palustris,FALSE
SP1430,Calystegia sepium,FALSE
SP1430,Campanula rotundifolia,FALSE
SP1430,Capsella bursa,FALSE
SP1430,Cardamine flexuosa,FALSE
SP1430,Cardamine hirsuta,FALSE
SP1430,Cardamine pratensis,FALSE
SP1430,Carduus nutans,FALSE
SP1430,Carum verticillatum,FALSE
SP1430,Centaurea cyanus,FALSE
SP1430,Centaurea nigra,FALSE
SP1430,Centaurea scabiosa,FALSE
SP1430,Centaurium erythraea,FALSE
SP1430,Cerastium arvense,FALSE
SP1430,Cerastium fontanum,FALSE
SP1430,Cerastium glomeratum,FALSE
SP1430,Ceratocapnos claviculata,FALSE
SP1430,Chaerophyllum temulum,FALSE
SP1430,Chamaemelum nobile,FALSE
SP1430,Chamerion angustifolium,FALSE
SP1430,Chenopodium album,FALSE
SP1430,Chenopodium ficifolium,FALSE
SP1430,Chenopodium quinoa,FALSE
SP1430,Cichorium intybus,FALSE
SP1430,Circaea lutetiana,TRUE
SP1430,Cirsium arvense,FALSE
SP1430,Cirsium eriophorum,FALSE
SP1430,Cirsium palustre,FALSE
SP1430,Cirsium vulgare,FALSE
SP1430,Clematis vitalba,TRUE
SP1430,Clinopodium vulgare,FALSE
SP1430,Conium maculatum,FALSE
SP1430,Conopodium majus,FALSE
SP1430,Convolvulus arvensis,FALSE
SP1430,Conyza canadensis,FALSE
SP1430,Cotoneaster salicifolius,FALSE
SP1430,Crataegus monogyna,TRUE
SP1430,Crepis capillaris,FALSE
SP1430,Crepis vesicaria,FALSE
SP1430,Cruciata laevipes,FALSE
SP1430,Cytisus scoparius,FALSE
SP1430,Dactylorhiza fuchsii,FALSE
SP1430,Dactylorhiza maculata,FALSE
SP1430,Daucus carota,FALSE
SP1430,Digitalis ferruginea,FALSE
SP1430,Digitalis grandiflora,FALSE
SP1430,Digitalis purpurea,FALSE
SP1430,Dioscorea communis,FALSE
SP1430,Doronicum plantagineum,FALSE
SP1430,Drosera anglica,FALSE
SP1430,Drosera rotundifolia,FALSE
SP1430,Dryas octopetala,FALSE
SP1430,Epilobium hirsutum,FALSE
SP1430,Epilobium montanum,FALSE
SP1430,Epilobium obscurum,FALSE
SP1430,Epilobium palustre,FALSE
SP1430,Epilobium parviflorum,FALSE
SP1430,Epilobium roseum,FALSE
SP1430,Epilobium tetragonum,FALSE
SP1430,Erica cinerea,FALSE
SP1430,Erica tetralix,FALSE
SP1430,Eriophorum vaginatum,FALSE
SP1430,Eupatorium cannabinum,FALSE
SP1430,Euphorbia exigua,FALSE
SP1430,Euphorbia helioscopia,FALSE
SP1430,Euphrasia officinalis,FALSE
SP1430,Fagopyrum esculentum,FALSE
SP1430,Fallopia convolvulus,FALSE
SP1430,Filipendula ulmaria,FALSE
SP1430,Fumaria officinalis,FALSE
SP1430,Galeopsis speciosa,FALSE
SP1430,Galeopsis tetrahit,TRUE
SP1430,Galium aparine,TRUE
SP1430,Galium mollugo,FALSE
SP1430,Galium odoratum,FALSE
SP1430,Galium palustre,FALSE
SP1430,Galium saxatile,FALSE
SP1430,Galium verum,FALSE
SP1430,Genista anglica,FALSE
SP1430,Geranium dissectum,FALSE
SP1430,Geranium molle,FALSE
SP1430,Geranium nodosum,FALSE
SP1430,Geranium pratense,FALSE
SP1430,Geranium pyrenaicum,FALSE
SP1430,Geranium robertianum,TRUE
SP1430,Geum urbanum,TRUE
SP1430,Glechoma hederacea,TRUE
SP1430,Hedera helix,FALSE
SP1430,Helianthus annuus,FALSE
SP1430,Heracleum mantegazzianum,FALSE
SP1430,Heracleum sphondylium,FALSE
SP1430,Hippocrepis comosa,FALSE
SP1430,Hordeum vulgare,FALSE
SP1430,Hyacinthoides non,TRUE
SP1430,Hypericum forrestii,FALSE
SP1430,Hypericum perforatum,FALSE
SP1430,Hypericum pulchrum,FALSE
SP1430,Hypericum tetrapterum,FALSE
SP1430,Hypochaeris radicata,FALSE
SP1430,Ilex aquifolium,FALSE
SP1430,Impatiens glandulifera,FALSE
SP1430,Impatiens parviflora,FALSE
SP1430,Iris pseudacorus,FALSE
SP1430,Jacobaea erucifolia,FALSE
SP1430,Jacobaea vulgaris,FALSE
SP1430,Jasione montana,FALSE
SP1430,Juncus conglomeratus,FALSE
SP1430,Juncus effusus,FALSE
SP1430,Knautia arvensis,FALSE
SP1430,Lactuca serriola,FALSE
SP1430,Lamium album,FALSE
SP1430,Lamium galeobdolon,FALSE
SP1430,Lamium purpureum,FALSE
SP1430,Lapsana communis,TRUE
SP1430,Lathyrus aphaca,FALSE
SP1430,Lathyrus linifolius,FALSE
SP1430,Lathyrus pratensis,FALSE
SP1430,Leontodon hispidus,FALSE
SP1430,Leontodon saxatilis,FALSE
SP1430,Leucanthemum vulgare,FALSE
SP1430,Ligusticum scoticum,FALSE
SP1430,Limonium vulgare,FALSE
SP1430,Linaria vulgaris,FALSE
SP1430,Linum catharticum,FALSE
SP1430,Linum usitatissimum,FALSE
SP1430,Lonicera caprifolium,FALSE
SP1430,Lonicera periclymenum,FALSE
SP1430,Lotus angustissimus,FALSE
SP1430,Lotus corniculatus,FALSE
SP1430,Lotus pedunculatus,FALSE
SP1430,Lotus subbiflorus,FALSE
SP1430,Luzula campestris,FALSE
SP1430,Lysimachia nemorum,FALSE
SP1430,Lysimachia punctata,FALSE
SP1430,Lysimachia vulgaris,FALSE
SP1430,Lythrum alatum,FALSE
SP1430,Lythrum salicaria,FALSE
SP1430,Malva sylvestris,FALSE
SP1430,Matricaria chamomilla,FALSE
SP1430,Matricaria discoidea,TRUE
SP1430,Medicago lupulina,TRUE
SP1430,Melampyrum pratense,FALSE
SP1430,Mentha aquatica,FALSE
SP1430,Mentha arvensis,FALSE
SP1430,Mercurialis perennis,TRUE
SP1430,Myosotis arvensis,TRUE
SP1430,Myosotis discolor,FALSE
SP1430,Myosotis sylvatica,TRUE
SP1430,Narthecium ossifragum,FALSE
SP1430,Odontites vernus,FALSE
SP1430,Oenanthe crocata,FALSE
SP1430,Origanum vulgare,FALSE
SP1430,Ornithopus perpusillus,FALSE
SP1430,Oxalis acetosella,FALSE
SP1430,Panicum miliaceum,FALSE
SP1430,Papaver rhoeas,FALSE
SP1430,Pedicularis sylvatica,FALSE
SP1430,Persicaria amplexicaulis,FALSE
SP1430,Persicaria bistorta,FALSE
SP1430,Persicaria hydropiper,FALSE
SP1430,Persicaria lapathifolia,FALSE
SP1430,Persicaria maculosa,FALSE
SP1430,Peucedanum ostruthium,FALSE
SP1430,Picris echioides,FALSE
SP1430,Picris hieracioides,FALSE
SP1430,Pilosella officinarum,FALSE
SP1430,Pimpinella saxifraga,FALSE
SP1430,Pinguicula vulgaris,FALSE
SP1430,Plantago lanceolata,FALSE
SP1430,Plantago major,FALSE
SP1430,Plantago maritima,FALSE
SP1430,Poa annua,FALSE
SP1430,Polygala serpyllifolia,FALSE
SP1430,Polygala vulgaris,FALSE
SP1430,Polygonum aviculare,FALSE
SP1430,Potentilla anglica,FALSE
SP1430,Potentilla anserina,FALSE
SP1430,Potentilla erecta,FALSE
SP1430,Potentilla recta,FALSE
SP1430,Potentilla reptans,TRUE
SP1430,Prunella vulgaris,TRUE
SP1430,Prunus spinosa,FALSE
SP1430,Pulicaria dysenterica,FALSE
SP1430,Ranunculus acris,FALSE
SP1430,Ranunculus bulbosus,FALSE
SP1430,Ranunculus ficaria,FALSE
SP1430,Ranunculus flammula,FALSE
SP1430,Ranunculus repens,TRUE
SP1430,Ranunculus sardous,FALSE
SP1430,Raphanus raphanistrum,FALSE
SP1430,Raphanus sativus,FALSE
SP1430,Rhinanthus minor,FALSE
SP1430,Rosa arvensis,FALSE
SP1430,Rosa canina,TRUE
SP1430,Rubus caesius,FALSE
SP1430,Rubus fruticosus,TRUE
SP1430,Rubus idaeus,FALSE
SP1430,Rumex acetosa,FALSE
SP1430,Rumex acetosella,FALSE
SP1430,Rumex crispus,FALSE
SP1430,Rumex obtusifolius,FALSE
SP1430,Rumex sanguineus,FALSE
SP1430,Sagina saginoides,FALSE
SP1430,Sambucus nigra,FALSE
SP1430,Sanguisorba officinalis,FALSE
SP1430,Scorzoneroides autumnalis,FALSE
SP1430,Scrophularia auriculata,FALSE
SP1430,Scrophularia nodosa,FALSE
SP1430,Sedum anglicum,FALSE
SP1430,Senecio erucifolius,FALSE
SP1430,Senecio jacobaea,FALSE
SP1430,Senecio vulgaris,FALSE
SP1430,Sherardia arvensis,FALSE
SP1430,Silene dioica,FALSE
SP1430,Silene latifolia,FALSE
SP1430,Silybum marianum,FALSE
SP1430,Sinapis alba,FALSE
SP1430,Sinapis arvensis,FALSE
SP1430,Sisymbrium officinale,FALSE
SP1430,Solanum dulcamara,TRUE
SP1430,Solanum nigrum,FALSE
SP1430,Solanum tuberosum,FALSE
SP1430,Sonchus arvensis,FALSE
SP1430,Sonchus asper,TRUE
SP1430,Sonchus oleraceus,FALSE
SP1430,Sorbus aucuparia,FALSE
SP1430,Spergula arvensis,FALSE
SP1430,Spergularia media,FALSE
SP1430,Stachys arvensis,FALSE
SP1430,Stachys palustris,FALSE
SP1430,Stachys sylvatica,TRUE
SP1430,Stellaria alsine,FALSE
SP1430,Stellaria graminea,FALSE
SP1430,Stellaria holostea,FALSE
SP1430,Stellaria media,FALSE
SP1430,Suaeda maritima,FALSE
SP1430,Succisa pratensis,FALSE
SP1430,Symphytum officinale,FALSE
SP1430,Taraxacum agg,TRUE
SP1430,Taraxacum officinale,FALSE
SP1430,Teucrium scorodonia,FALSE
SP1430,Thlaspi arvense,FALSE
SP1430,Thymus polytrichus,FALSE
SP1430,Thymus vulgaris,FALSE
SP1430,Torilis japonica,FALSE
SP1430,Tragopogon pratensis,FALSE
SP1430,Trientalis europaea,FALSE
SP1430,Trifolium arvense,FALSE
SP1430,Trifolium campestre,FALSE
SP1430,Trifolium constantinopolitanum,FALSE
SP1430,Trifolium dubium,FALSE
SP1430,Trifolium pratense,FALSE
SP1430,Trifolium repens,TRUE
SP1430,Tripleurospermum inodorum,FALSE
SP1430,Tripleurospermum maritimum,FALSE
SP1430,Turgenia latifolia,FALSE
SP1430,Ulex europaeus,FALSE
SP1430,Ulex gallii,FALSE
SP1430,Urtica dioica,TRUE
SP1430,Vaccinium myrtillus,FALSE
SP1430,Vaccinium oxycoccos,FALSE
SP1430,Vaccinium vitis,FALSE
SP1430,Valeriana dioica,FALSE
SP1430,Valeriana officinalis,FALSE
SP1430,Verbena officinalis,FALSE
SP1430,Verbena x,FALSE
SP1430,Veronica agrestis,FALSE
SP1430,Veronica arvensis,FALSE
SP1430,Veronica beccabunga,FALSE
SP1430,Veronica chamaedrys,TRUE
SP1430,Veronica hederifolia,FALSE
SP1430,Veronica montana,TRUE
SP1430,Veronica officinalis,FALSE
SP1430,Veronica persica,TRUE
SP1430,Veronica polita,FALSE
SP1430,Veronica serpyllifolia,FALSE
SP1430,Vicia benghalensis,FALSE
SP1430,Vicia cracca,FALSE
SP1430,Vicia faba,FALSE
SP1430,Vicia hirsuta,FALSE
SP1430,Vicia lutea,FALSE
SP1430,Vicia sativa,FALSE
SP1430,Vicia sepium,FALSE
SP1430,Vicia spp,FALSE
SP1430,Vicia tetrasperma,FALSE
SP1430,Viola arvensis,TRUE
SP1430,Viola canina,FALSE
SP1430,Viola palustris,FALSE
SP1430,Viola riviniana,FALSE
SP1430,Zea mays,FALSE
SP4951,Acer pseudoplatanus,FALSE
SP4951,Achillea millefolium,FALSE
SP4951,Achillea ptarmica,FALSE
SP4951,Aegopodium podagraria,FALSE
SP4951,Aethusa cynapium,TRUE
SP4951,Ajuga reptans,FALSE
SP4951,Alliaria petiolata,FALSE
SP4951,Alnus glutinosa,FALSE
SP4951,Anagallis arvensis,FALSE
SP4951,Anchusa arvensis,FALSE
SP4951,Anemone nemorosa,FALSE
SP4951,Angelica sylvestris,TRUE
SP4951,Anthemis cotula,FALSE
SP4951,Anthriscus caucalis,FALSE
SP4951,Anthriscus sylvestris,TRUE
SP4951,Apium nodiflorum,FALSE
SP4951,Armeria maritima,FALSE
SP4951,Artemisia absinthium,FALSE
SP4951,Artemisia annua,FALSE
SP4951,Artemisia vulgaris,FALSE
SP4951,Aster tripolium,FALSE
SP4951,Atriplex patula,FALSE
SP4951,Atriplex portulacoides,FALSE
SP4951,Ballota nigra,FALSE
SP4951,Barbarea vulgaris,FALSE
SP4951,Bellis perennis,FALSE
SP4951,Berula erecta,FALSE
SP4951,Brassica napus,FALSE
SP4951,Brassica oleracea,FALSE
SP4951,Brassica rapa,FALSE
SP4951,Bryonia dioica,FALSE
SP4951,Buddleja davidii,FALSE
SP4951,Bupleurum tenuissimum,FALSE
SP4951,Calluna vulgaris,FALSE
SP4951,Caltha palustris,FALSE
SP4951,Calystegia sepium,TRUE
SP4951,Campanula rotundifolia,FALSE
SP4951,Capsella bursa,TRUE
SP4951,Cardamine flexuosa,FALSE
SP4951,Cardamine hirsuta,FALSE
SP4951,Cardamine pratensis,FALSE
SP4951,Carduus nutans,FALSE
SP4951,Carum verticillatum,FALSE
SP4951,Centaurea cyanus,FALSE
SP4951,Centaurea nigra,FALSE
SP4951,Centaurea scabiosa,FALSE
SP4951,Centaurium erythraea,FALSE
SP4951,Cerastium arvense,FALSE
SP4951,Cerastium fontanum,TRUE
SP4951,Cerastium glomeratum,FALSE
SP4951,Ceratocapnos claviculata,FALSE
SP4951,Chaerophyllum temulum,FALSE
SP4951,Chamaemelum nobile,FALSE
SP4951,Chamerion angustifolium,FALSE
SP4951,Chenopodium album,FALSE
SP4951,Chenopodium ficifolium,FALSE
SP4951,Chenopodium quinoa,FALSE
SP4951,Cichorium intybus,FALSE
SP4951,Circaea lutetiana,FALSE
SP4951,Cirsium arvense,TRUE
SP4951,Cirsium eriophorum,FALSE
SP4951,Cirsium palustre,FALSE
SP4951,Cirsium vulgare,TRUE
SP4951,Clematis vitalba,FALSE
SP4951,Clinopodium vulgare,FALSE
SP4951,Conium maculatum,FALSE
SP4951,Conopodium majus,FALSE
SP4951,Convolvulus arvensis,FALSE
SP4951,Conyza canadensis,FALSE
SP4951,Cotoneaster salicifolius,FALSE
SP4951,Crataegus monogyna,TRUE
SP4951,Crepis capillaris,FALSE
SP4951,Crepis vesicaria,FALSE
SP4951,Cruciata laevipes,FALSE
SP4951,Cytisus scoparius,FALSE
SP4951,Dactylorhiza fuchsii,FALSE
SP4951,Dactylorhiza maculata,FALSE
SP4951,Daucus carota,FALSE
SP4951,Digitalis ferruginea,FALSE
SP4951,Digitalis grandiflora,FALSE
SP4951,Digitalis purpurea,FALSE
SP4951,Dioscorea communis,FALSE
SP4951,Doronicum plantagineum,FALSE
SP4951,Drosera anglica,FALSE
SP4951,Drosera rotundifolia,FALSE
SP4951,Dryas octopetala,FALSE
SP4951,Epilobium hirsutum,TRUE
SP4951,Epilobium montanum,FALSE
SP4951,Epilobium obscurum,FALSE
SP4951,Epilobium palustre,FALSE
SP4951,Epilobium parviflorum,FALSE
SP4951,Epilobium roseum,FALSE
SP4951,Epilobium tetragonum,FALSE
SP4951,Erica cinerea,FALSE
SP4951,Erica tetralix,FALSE
SP4951,Eriophorum vaginatum,FALSE
SP4951,Eupatorium cannabinum,FALSE
SP4951,Euphorbia exigua,FALSE
SP4951,Euphorbia helioscopia,FALSE
SP4951,Euphrasia officinalis,FALSE
SP4951,Fagopyrum esculentum,FALSE
SP4951,Fallopia convolvulus,FALSE
SP4951,Filipendula ulmaria,TRUE
SP4951,Fumaria officinalis,FALSE
SP4951,Galeopsis speciosa,FALSE
SP4951,Galeopsis tetrahit,TRUE
SP4951,Galium aparine,TRUE
SP4951,Galium mollugo,FALSE
SP4951,Galium odoratum,FALSE
SP4951,Galium palustre,FALSE
SP4951,Galium saxatile,FALSE
SP4951,Galium verum,FALSE
SP4951,Genista anglica,FALSE
SP4951,Geranium dissectum,TRUE
SP4951,Geranium molle,FALSE
SP4951,Geranium nodosum,FALSE
SP4951,Geranium pratense,FALSE
SP4951,Geranium pyrenaicum,FALSE
SP4951,Geranium robertianum,FALSE
SP4951,Geum urbanum,TRUE
SP4951,Glechoma hederacea,TRUE
SP4951,Hedera helix,FALSE
SP4951,Helianthus annuus,FALSE
SP4951,Heracleum mantegazzianum,FALSE
SP4951,Heracleum sphondylium,TRUE
SP4951,Hippocrepis comosa,FALSE
SP4951,Hordeum vulgare,FALSE
SP4951,Hyacinthoides non,FALSE
SP4951,Hypericum forrestii,FALSE
SP4951,Hypericum perforatum,FALSE
SP4951,Hypericum pulchrum,FALSE
SP4951,Hypericum tetrapterum,TRUE
SP4951,Hypochaeris radicata,FALSE
SP4951,Ilex aquifolium,FALSE
SP4951,Impatiens glandulifera,FALSE
SP4951,Impatiens parviflora,FALSE
SP4951,Iris pseudacorus,FALSE
SP4951,Jacobaea erucifolia,TRUE
SP4951,Jacobaea vulgaris,TRUE
SP4951,Jasione montana,FALSE
SP4951,Juncus conglomeratus,FALSE
SP4951,Juncus effusus,FALSE
SP4951,Knautia arvensis,FALSE
SP4951,Lactuca serriola,FALSE
SP4951,Lamium album,TRUE
SP4951,Lamium galeobdolon,FALSE
SP4951,Lamium purpureum,TRUE
SP4951,Lapsana communis,TRUE
SP4951,Lathyrus aphaca,FALSE
SP4951,Lathyrus linifolius,FALSE
SP4951,Lathyrus pratensis,FALSE
SP4951,Leontodon hispidus,FALSE
SP4951,Leontodon saxatilis,FALSE
SP4951,Leucanthemum vulgare,FALSE
SP4951,Ligusticum scoticum,FALSE
SP4951,Limonium vulgare,FALSE
SP4951,Linaria vulgaris,FALSE
SP4951,Linum catharticum,FALSE
SP4951,Linum usitatissimum,FALSE
SP4951,Lonicera caprifolium,FALSE
SP4951,Lonicera periclymenum,FALSE
SP4951,Lotus angustissimus,FALSE
SP4951,Lotus corniculatus,FALSE
SP4951,Lotus pedunculatus,FALSE
SP4951,Lotus subbiflorus,FALSE
SP4951,Luzula campestris,FALSE
SP4951,Lysimachia nemorum,FALSE
SP4951,Lysimachia punctata,FALSE
SP4951,Lysimachia vulgaris,FALSE
SP4951,Lythrum alatum,FALSE
SP4951,Lythrum salicaria,FALSE
SP4951,Malva sylvestris,FALSE
SP4951,Matricaria chamomilla,FALSE
SP4951,Matricaria discoidea,TRUE
SP4951,Medicago lupulina,FALSE
SP4951,Melampyrum pratense,FALSE
SP4951,Mentha aquatica,FALSE
SP4951,Mentha arvensis,FALSE
SP4951,Mercurialis perennis,FALSE
SP4951,Myosotis arvensis,TRUE
SP4951,Myosotis discolor,FALSE
SP4951,Myosotis sylvatica,FALSE
SP4951,Narthecium ossifragum,FALSE
SP4951,Odontites vernus,FALSE
SP4951,Oenanthe crocata,FALSE
SP4951,Origanum vulgare,FALSE
SP4951,Ornithopus perpusillus,FALSE
SP4951,Oxalis acetosella,FALSE
SP4951,Panicum miliaceum,FALSE
SP4951,Papaver rhoeas,FALSE
SP4951,Pedicularis sylvatica,FALSE
SP4951,Persicaria amplexicaulis,FALSE
SP4951,Persicaria bistorta,FALSE
SP4951,Persicaria hydropiper,FALSE
SP4951,Persicaria lapathifolia,FALSE
SP4951,Persicaria maculosa,TRUE
SP4951,Peucedanum ostruthium,FALSE
SP4951,Picris echioides,TRUE
SP4951,Picris hieracioides,FALSE
SP4951,Pilosella officinarum,FALSE
SP4951,Pimpinella saxifraga,FALSE
SP4951,Pinguicula vulgaris,FALSE
SP4951,Plantago lanceolata,FALSE
SP4951,Plantago major,FALSE
SP4951,Plantago maritima,FALSE
SP4951,Poa annua,FALSE
SP4951,Polygala serpyllifolia,FALSE
SP4951,Polygala vulgaris,FALSE
SP4951,Polygonum aviculare,TRUE
SP4951,Potentilla anglica,FALSE
SP4951,Potentilla anserina,FALSE
SP4951,Potentilla erecta,FALSE
SP4951,Potentilla recta,FALSE
SP4951,Potentilla reptans,FALSE
SP4951,Prunella vulgaris,TRUE
SP4951,Prunus spinosa,FALSE
SP4951,Pulicaria dysenterica,FALSE
SP4951,Ranunculus acris,TRUE
SP4951,Ranunculus bulbosus,FALSE
SP4951,Ranunculus ficaria,FALSE
SP4951,Ranunculus flammula,FALSE
SP4951,Ranunculus repens,TRUE
SP4951,Ranunculus sardous,FALSE
SP4951,Raphanus raphanistrum,FALSE
SP4951,Raphanus sativus,FALSE
SP4951,Rhinanthus minor,FALSE
SP4951,Rosa arvensis,TRUE
SP4951,Rosa canina,TRUE
SP4951,Rubus caesius,FALSE
SP4951,Rubus fruticosus,TRUE
SP4951,Rubus idaeus,FALSE
SP4951,Rumex acetosa,FALSE
SP4951,Rumex acetosella,FALSE
SP4951,Rumex crispus,FALSE
SP4951,Rumex obtusifolius,FALSE
SP4951,Rumex sanguineus,TRUE
SP4951,Sagina saginoides,FALSE
SP4951,Sambucus nigra,FALSE
SP4951,Sanguisorba officinalis,FALSE
SP4951,Scorzoneroides autumnalis,FALSE
SP4951,Scrophularia auriculata,FALSE
SP4951,Scrophularia nodosa,FALSE
SP4951,Sedum anglicum,FALSE
SP4951,Senecio erucifolius,TRUE
SP4951,Senecio jacobaea,FALSE
SP4951,Senecio vulgaris,FALSE
SP4951,Sherardia arvensis,FALSE
SP4951,Silene dioica,FALSE
SP4951,Silene latifolia,FALSE
SP4951,Silybum marianum,FALSE
SP4951,Sinapis alba,FALSE
SP4951,Sinapis arvensis,FALSE
SP4951,Sisymbrium officinale,TRUE
SP4951,Solanum dulcamara,TRUE
SP4951,Solanum nigrum,FALSE
SP4951,Solanum tuberosum,FALSE
SP4951,Sonchus arvensis,FALSE
SP4951,Sonchus asper,TRUE
SP4951,Sonchus oleraceus,FALSE
SP4951,Sorbus aucuparia,FALSE
SP4951,Spergula arvensis,FALSE
SP4951,Spergularia media,FALSE
SP4951,Stachys arvensis,FALSE
SP4951,Stachys palustris,FALSE
SP4951,Stachys sylvatica,TRUE
SP4951,Stellaria alsine,FALSE
SP4951,Stellaria graminea,FALSE
SP4951,Stellaria holostea,FALSE
SP4951,Stellaria media,TRUE
SP4951,Suaeda maritima,FALSE
SP4951,Succisa pratensis,FALSE
SP4951,Symphytum officinale,FALSE
SP4951,Taraxacum agg,FALSE
SP4951,Taraxacum officinale,FALSE
SP4951,Teucrium scorodonia,FALSE
SP4951,Thlaspi arvense,FALSE
SP4951,Thymus polytrichus,FALSE
SP4951,Thymus vulgaris,FALSE
SP4951,Torilis japonica,FALSE
SP4951,Tragopogon pratensis,FALSE
SP4951,Trientalis europaea,FALSE
SP4951,Trifolium arvense,FALSE
SP4951,Trifolium campestre,FALSE
SP4951,Trifolium constantinopolitanum,FALSE
SP4951,Trifolium dubium,FALSE
SP4951,Trifolium pratense,TRUE
SP4951,Trifolium repens,FALSE
SP4951,Tripleurospermum inodorum,TRUE
SP4951,Tripleurospermum maritimum,FALSE
SP4951,Turgenia latifolia,FALSE
SP4951,Ulex europaeus,FALSE
SP4951,Ulex gallii,FALSE
SP4951,Urtica dioica,FALSE
SP4951,Vaccinium myrtillus,FALSE
SP4951,Vaccinium oxycoccos,FALSE
SP4951,Vaccinium vitis,FALSE
SP4951,Valeriana dioica,FALSE
SP4951,Valeriana officinalis,FALSE
SP4951,Verbena officinalis,TRUE
SP4951,Verbena x,TRUE
SP4951,Veronica agrestis,FALSE
SP4951,Veronica arvensis,FALSE
SP4951,Veronica beccabunga,FALSE
SP4951,Veronica chamaedrys,FALSE
SP4951,Veronica hederifolia,FALSE
SP4951,Veronica montana,FALSE
SP4951,Veronica officinalis,FALSE
SP4951,Veronica persica,FALSE
SP4951,Veronica polita,FALSE
SP4951,Veronica serpyllifolia,FALSE
SP4951,Vicia benghalensis,FALSE
SP4951,Vicia cracca,FALSE
SP4951,Vicia faba,FALSE
SP4951,Vicia hirsuta,FALSE
SP4951,Vicia lutea,FALSE
SP4951,Vicia sativa,FALSE
SP4951,Vicia sepium,FALSE
SP4951,Vicia spp,FALSE
SP4951,Vicia tetrasperma,FALSE
SP4951,Viola arvensis,FALSE
SP4951,Viola canina,FALSE
SP4951,Viola palustris,FALSE
SP4951,Viola riviniana,FALSE
SP4951,Zea mays,FALSE
SP6302,Acer pseudoplatanus,FALSE
SP6302,Achillea millefolium,FALSE
SP6302,Achillea ptarmica,FALSE
SP6302,Aegopodium podagraria,FALSE
SP6302,Aethusa cynapium,FALSE
SP6302,Ajuga reptans,FALSE
SP6302,Alliaria petiolata,TRUE
SP6302,Alnus glutinosa,FALSE
SP6302,Anagallis arvensis,FALSE
SP6302,Anchusa arvensis,FALSE
SP6302,Anemone nemorosa,FALSE
SP6302,Angelica sylvestris,FALSE
SP6302,Anthemis cotula,FALSE
SP6302,Anthriscus caucalis,FALSE
SP6302,Anthriscus sylvestris,TRUE
SP6302,Apium nodiflorum,FALSE
SP6302,Armeria maritima,FALSE
SP6302,Artemisia absinthium,FALSE
SP6302,Artemisia annua,FALSE
SP6302,Artemisia vulgaris,FALSE
SP6302,Aster tripolium,FALSE
SP6302,Atriplex patula,FALSE
SP6302,Atriplex portulacoides,FALSE
SP6302,Ballota nigra,FALSE
SP6302,Barbarea vulgaris,FALSE
SP6302,Bellis perennis,FALSE
SP6302,Berula erecta,FALSE
SP6302,Brassica napus,FALSE
SP6302,Brassica oleracea,FALSE
SP6302,Brassica rapa,FALSE
SP6302,Bryonia dioica,FALSE
SP6302,Buddleja davidii,FALSE
SP6302,Bupleurum tenuissimum,FALSE
SP6302,Calluna vulgaris,FALSE
SP6302,Caltha palustris,FALSE
SP6302,Calystegia sepium,FALSE
SP6302,Campanula rotundifolia,FALSE
SP6302,Capsella bursa,FALSE
SP6302,Cardamine flexuosa,FALSE
SP6302,Cardamine hirsuta,FALSE
SP6302,Cardamine pratensis,FALSE
SP6302,Carduus nutans,FALSE
SP6302,Carum verticillatum,FALSE
SP6302,Centaurea cyanus,FALSE
SP6302,Centaurea nigra,FALSE
SP6302,Centaurea scabiosa,FALSE
SP6302,Centaurium erythraea,FALSE
SP6302,Cerastium arvense,FALSE
SP6302,Cerastium fontanum,TRUE
SP6302,Cerastium glomeratum,FALSE
SP6302,Ceratocapnos claviculata,FALSE
SP6302,Chaerophyllum temulum,FALSE
SP6302,Chamaemelum nobile,FALSE
SP6302,Chamerion angustifolium,FALSE
SP6302,Chenopodium album,FALSE
SP6302,Chenopodium ficifolium,FALSE
SP6302,Chenopodium quinoa,FALSE
SP6302,Cichorium intybus,FALSE
SP6302,Circaea lutetiana,FALSE
SP6302,Cirsium arvense,FALSE
SP6302,Cirsium eriophorum,FALSE
SP6302,Cirsium palustre,FALSE
SP6302,Cirsium vulgare,FALSE
SP6302,Clematis vitalba,FALSE
SP6302,Clinopodium vulgare,FALSE
SP6302,Conium maculatum,FALSE
SP6302,Conopodium majus,FALSE
SP6302,Convolvulus arvensis,FALSE
SP6302,Conyza canadensis,FALSE
SP6302,Cotoneaster salicifolius,FALSE
SP6302,Crataegus monogyna,TRUE
SP6302,Crepis capillaris,FALSE
SP6302,Crepis vesicaria,FALSE
SP6302,Cruciata laevipes,FALSE
SP6302,Cytisus scoparius,FALSE
SP6302,Dactylorhiza fuchsii,FALSE
SP6302,Dactylorhiza maculata,FALSE
SP6302,Daucus carota,FALSE
SP6302,Digitalis ferruginea,FALSE
SP6302,Digitalis grandiflora,FALSE
SP6302,Digitalis purpurea,FALSE
SP6302,Dioscorea communis,FALSE
SP6302,Doronicum plantagineum,FALSE
SP6302,Drosera anglica,FALSE
SP6302,Drosera rotundifolia,FALSE
SP6302,Dryas octopetala,FALSE
SP6302,Epilobium hirsutum,FALSE
SP6302,Epilobium montanum,FALSE
SP6302,Epilobium obscurum,FALSE
SP6302,Epilobium palustre,FALSE
SP6302,Epilobium parviflorum,FALSE
SP6302,Epilobium roseum,FALSE
SP6302,Epilobium tetragonum,FALSE
SP6302,Erica cinerea,FALSE
SP6302,Erica tetralix,FALSE
SP6302,Eriophorum vaginatum,FALSE
SP6302,Eupatorium cannabinum,FALSE
SP6302,Euphorbia exigua,FALSE
SP6302,Euphorbia helioscopia,FALSE
SP6302,Euphrasia officinalis,FALSE
SP6302,Fagopyrum esculentum,FALSE
SP6302,Fallopia convolvulus,FALSE
SP6302,Filipendula ulmaria,FALSE
SP6302,Fumaria officinalis,FALSE
SP6302,Galeopsis speciosa,FALSE
SP6302,Galeopsis tetrahit,FALSE
SP6302,Galium aparine,FALSE
SP6302,Galium mollugo,FALSE
SP6302,Galium odoratum,FALSE
SP6302,Galium palustre,FALSE
SP6302,Galium saxatile,FALSE
SP6302,Galium verum,FALSE
SP6302,Genista anglica,FALSE
SP6302,Geranium dissectum,FALSE
SP6302,Geranium molle,FALSE
SP6302,Geranium nodosum,FALSE
SP6302,Geranium pratense,FALSE
SP6302,Geranium pyrenaicum,FALSE
SP6302,Geranium robertianum,FALSE
SP6302,Geum urbanum,FALSE
SP6302,Glechoma hederacea,TRUE
SP6302,Hedera helix,FALSE
SP6302,Helianthus annuus,FALSE
SP6302,Heracleum mantegazzianum,FALSE
SP6302,Heracleum sphondylium,FALSE
SP6302,Hippocrepis comosa,FALSE
SP6302,Hordeum vulgare,FALSE
SP6302,Hyacinthoides non,FALSE
SP6302,Hypericum forrestii,FALSE
SP6302,Hypericum perforatum,FALSE
SP6302,Hypericum pulchrum,FALSE
SP6302,Hypericum tetrapterum,FALSE
SP6302,Hypochaeris radicata,TRUE
SP6302,Ilex aquifolium,FALSE
SP6302,Impatiens glandulifera,FALSE
SP6302,Impatiens parviflora,FALSE
SP6302,Iris pseudacorus,FALSE
SP6302,Jacobaea erucifolia,FALSE
SP6302,Jacobaea vulgaris,FALSE
SP6302,Jasione montana,FALSE
SP6302,Juncus conglomeratus,FALSE
SP6302,Juncus effusus,FALSE
SP6302,Knautia arvensis,FALSE
SP6302,Lactuca serriola,FALSE
SP6302,Lamium album,TRUE
SP6302,Lamium galeobdolon,FALSE
SP6302,Lamium purpureum,FALSE
SP6302,Lapsana communis,FALSE
SP6302,Lathyrus aphaca,FALSE
SP6302,Lathyrus linifolius,FALSE
SP6302,Lathyrus pratensis,TRUE
SP6302,Leontodon hispidus,FALSE
SP6302,Leontodon saxatilis,FALSE
SP6302,Leucanthemum vulgare,TRUE
SP6302,Ligusticum scoticum,FALSE
SP6302,Limonium vulgare,FALSE
SP6302,Linaria vulgaris,FALSE
SP6302,Linum catharticum,FALSE
SP6302,Linum usitatissimum,FALSE
SP6302,Lonicera caprifolium,FALSE
SP6302,Lonicera periclymenum,FALSE
SP6302,Lotus angustissimus,FALSE
SP6302,Lotus corniculatus,TRUE
SP6302,Lotus pedunculatus,FALSE
SP6302,Lotus subbiflorus,FALSE
SP6302,Luzula campestris,FALSE
SP6302,Lysimachia nemorum,FALSE
SP6302,Lysimachia punctata,FALSE
SP6302,Lysimachia vulgaris,FALSE
SP6302,Lythrum alatum,FALSE
SP6302,Lythrum salicaria,FALSE
SP6302,Malva sylvestris,FALSE
SP6302,Matricaria chamomilla,FALSE
SP6302,Matricaria discoidea,FALSE
SP6302,Medicago lupulina,TRUE
SP6302,Melampyrum pratense,FALSE
SP6302,Mentha aquatica,FALSE
SP6302,Mentha arvensis,FALSE
SP6302,Mercurialis perennis,FALSE
SP6302,Myosotis arvensis,FALSE
SP6302,Myosotis discolor,FALSE
SP6302,Myosotis sylvatica,FALSE
SP6302,Narthecium ossifragum,FALSE
SP6302,Odontites vernus,FALSE
SP6302,Oenanthe crocata,FALSE
SP6302,Origanum vulgare,FALSE
SP6302,Ornithopus perpusillus,FALSE
SP6302,Oxalis acetosella,FALSE
SP6302,Panicum miliaceum,FALSE
SP6302,Papaver rhoeas,FALSE
SP6302,Pedicularis sylvatica,FALSE
SP6302,Persicaria amplexicaulis,FALSE
SP6302,Persicaria bistorta,FALSE
SP6302,Persicaria hydropiper,FALSE
SP6302,Persicaria lapathifolia,FALSE
SP6302,Persicaria maculosa,FALSE
SP6302,Peucedanum ostruthium,FALSE
SP6302,Picris echioides,FALSE
SP6302,Picris hieracioides,FALSE
SP6302,Pilosella officinarum,FALSE
SP6302,Pimpinella saxifraga,FALSE
SP6302,Pinguicula vulgaris,FALSE
SP6302,Plantago lanceolata,TRUE
SP6302,Plantago major,FALSE
SP6302,Plantago maritima,FALSE
SP6302,Poa annua,FALSE
SP6302,Polygala serpyllifolia,FALSE
SP6302,Polygala vulgaris,FALSE
SP6302,Polygonum aviculare,FALSE
SP6302,Potentilla anglica,FALSE
SP6302,Potentilla anserina,FALSE
SP6302,Potentilla erecta,FALSE
SP6302,Potentilla recta,FALSE
SP6302,Potentilla reptans,FALSE
SP6302,Prunella vulgaris,FALSE
SP6302,Prunus spinosa,FALSE
SP6302,Pulicaria dysenterica,FALSE
SP6302,Ranunculus acris,TRUE
SP6302,Ranunculus bulbosus,TRUE
SP6302,Ranunculus ficaria,FALSE
SP6302,Ranunculus flammula,FALSE
SP6302,Ranunculus repens,FALSE
SP6302,Ranunculus sardous,FALSE
SP6302,Raphanus raphanistrum,FALSE
SP6302,Raphanus sativus,FALSE
SP6302,Rhinanthus minor,TRUE
SP6302,Rosa arvensis,FALSE
SP6302,Rosa canina,FALSE
SP6302,Rubus caesius,FALSE
SP6302,Rubus fruticosus,TRUE
SP6302,Rubus idaeus,FALSE
SP6302,Rumex acetosa,TRUE
SP6302,Rumex acetosella,FALSE
SP6302,Rumex crispus,FALSE
SP6302,Rumex obtusifolius,FALSE
SP6302,Rumex sanguineus,FALSE
SP6302,Sagina saginoides,FALSE
SP6302,Sambucus nigra,TRUE
SP6302,Sanguisorba officinalis,FALSE
SP6302,Scorzoneroides autumnalis,FALSE
SP6302,Scrophularia auriculata,FALSE
SP6302,Scrophularia nodosa,FALSE
SP6302,Sedum anglicum,FALSE
SP6302,Senecio erucifolius,FALSE
SP6302,Senecio jacobaea,FALSE
SP6302,Senecio vulgaris,FALSE
SP6302,Sherardia arvensis,FALSE
SP6302,Silene dioica,FALSE
SP6302,Silene latifolia,TRUE
SP6302,Silybum marianum,FALSE
SP6302,Sinapis alba,FALSE
SP6302,Sinapis arvensis,FALSE
SP6302,Sisymbrium officinale,FALSE
SP6302,Solanum dulcamara,FALSE
SP6302,Solanum nigrum,FALSE
SP6302,Solanum tuberosum,FALSE
SP6302,Sonchus arvensis,FALSE
SP6302,Sonchus asper,FALSE
SP6302,Sonchus oleraceus,FALSE
SP6302,Sorbus aucuparia,FALSE
SP6302,Spergula arvensis,FALSE
SP6302,Spergularia media,FALSE
SP6302,Stachys arvensis,FALSE
SP6302,Stachys palustris,FALSE
SP6302,Stachys sylvatica,FALSE
SP6302,Stellaria alsine,FALSE
SP6302,Stellaria graminea,FALSE
SP6302,Stellaria holostea,FALSE
SP6302,Stellaria media,FALSE
SP6302,Suaeda maritima,FALSE
SP6302,Succisa pratensis,FALSE
SP6302,Symphytum officinale,FALSE
SP6302,Taraxacum agg,FALSE
SP6302,Taraxacum officinale,FALSE
SP6302,Teucrium scorodonia,FALSE
SP6302,Thlaspi arvense,FALSE
SP6302,Thymus polytrichus,FALSE
SP6302,Thymus vulgaris,FALSE
SP6302,Torilis japonica,FALSE
SP6302,Tragopogon pratensis,FALSE
SP6302,Trientalis europaea,FALSE
SP6302,Trifolium arvense,FALSE
SP6302,Trifolium campestre,FALSE
SP6302,Trifolium constantinopolitanum,FALSE
SP6302,Trifolium dubium,FALSE
SP6302,Trifolium pratense,TRUE
SP6302,Trifolium repens,FALSE
SP6302,Tripleurospermum inodorum,FALSE
SP6302,Tripleurospermum maritimum,FALSE
SP6302,Turgenia latifolia,FALSE
SP6302,Ulex europaeus,FALSE
SP6302,Ulex gallii,FALSE
SP6302,Urtica dioica,FALSE
SP6302,Vaccinium myrtillus,FALSE
SP6302,Vaccinium oxycoccos,FALSE
SP6302,Vaccinium vitis,FALSE
SP6302,Valeriana dioica,FALSE
SP6302,Valeriana officinalis,FALSE
SP6302,Verbena officinalis,FALSE
SP6302,Verbena x,FALSE
SP6302,Veronica agrestis,FALSE
SP6302,Veronica arvensis,FALSE
SP6302,Veronica beccabunga,FALSE
SP6302,Veronica chamaedrys,TRUE
SP6302,Veronica hederifolia,FALSE
SP6302,Veronica montana,FALSE
SP6302,Veronica officinalis,FALSE
SP6302,Veronica persica,FALSE
SP6302,Veronica polita,FALSE
SP6302,Veronica serpyllifolia,FALSE
SP6302,Vicia benghalensis,FALSE
SP6302,Vicia cracca,FALSE
SP6302,Vicia faba,FALSE
SP6302,Vicia hirsuta,FALSE
SP6302,Vicia lutea,FALSE
SP6302,Vicia sativa,TRUE
SP6302,Vicia sepium,FALSE
SP6302,Vicia spp,TRUE
SP6302,Vicia tetrasperma,FALSE
SP6302,Viola arvensis,FALSE
SP6302,Viola canina,FALSE
SP6302,Viola palustris,FALSE
SP6302,Viola riviniana,FALSE
SP6302,Zea mays,FALSE
SS8395,Acer pseudoplatanus,FALSE
SS8395,Achillea millefolium,FALSE
SS8395,Achillea ptarmica,FALSE
SS8395,Aegopodium podagraria,FALSE
SS8395,Aethusa cynapium,FALSE
SS8395,Ajuga reptans,FALSE
SS8395,Alliaria petiolata,FALSE
SS8395,Alnus glutinosa,FALSE
SS8395,Anagallis arvensis,FALSE
SS8395,Anchusa arvensis,FALSE
SS8395,Anemone nemorosa,FALSE
SS8395,Angelica sylvestris,TRUE
SS8395,Anthemis cotula,FALSE
SS8395,Anthriscus caucalis,FALSE
SS8395,Anthriscus sylvestris,FALSE
SS8395,Apium nodiflorum,FALSE
SS8395,Armeria maritima,FALSE
SS8395,Artemisia absinthium,FALSE
SS8395,Artemisia annua,FALSE
SS8395,Artemisia vulgaris,FALSE
SS8395,Aster tripolium,FALSE
SS8395,Atriplex patula,FALSE
SS8395,Atriplex portulacoides,FALSE
SS8395,Ballota nigra,FALSE
SS8395,Barbarea vulgaris,FALSE
SS8395,Bellis perennis,FALSE
SS8395,Berula erecta,FALSE
SS8395,Brassica napus,FALSE
SS8395,Brassica oleracea,FALSE
SS8395,Brassica rapa,FALSE
SS8395,Bryonia dioica,FALSE
SS8395,Buddleja davidii,TRUE
SS8395,Bupleurum tenuissimum,FALSE
SS8395,Calluna vulgaris,FALSE
SS8395,Caltha palustris,FALSE
SS8395,Calystegia sepium,FALSE
SS8395,Campanula rotundifolia,FALSE
SS8395,Capsella bursa,FALSE
SS8395,Cardamine flexuosa,TRUE
SS8395,Cardamine hirsuta,TRUE
SS8395,Cardamine pratensis,FALSE
SS8395,Carduus nutans,FALSE
SS8395,Carum verticillatum,FALSE
SS8395,Centaurea cyanus,FALSE
SS8395,Centaurea nigra,FALSE
SS8395,Centaurea scabiosa,FALSE
SS8395,Centaurium erythraea,FALSE
SS8395,Cerastium arvense,FALSE
SS8395,Cerastium fontanum,FALSE
SS8395,Cerastium glomeratum,FALSE
SS8395,Ceratocapnos claviculata,FALSE
SS8395,Chaerophyllum temulum,FALSE
SS8395,Chamaemelum nobile,FALSE
SS8395,Chamerion angustifolium,TRUE
SS8395,Chenopodium album,FALSE
SS8395,Chenopodium ficifolium,FALSE
SS8395,Chenopodium quinoa,FALSE
SS8395,Cichorium intybus,FALSE
SS8395,Circaea lutetiana,FALSE
SS8395,Cirsium arvense,FALSE
SS8395,Cirsium eriophorum,FALSE
SS8395,Cirsium palustre,FALSE
SS8395,Cirsium vulgare,FALSE
SS8395,Clematis vitalba,FALSE
SS8395,Clinopodium vulgare,FALSE
SS8395,Conium maculatum,FALSE
SS8395,Conopodium majus,TRUE
SS8395,Convolvulus arvensis,FALSE
SS8395,Conyza canadensis,FALSE
SS8395,Cotoneaster salicifolius,FALSE
SS8395,Crataegus monogyna,FALSE
SS8395,Crepis capillaris,FALSE
SS8395,Crepis vesicaria,FALSE
SS8395,Cruciata laevipes,FALSE
SS8395,Cytisus scoparius,FALSE
SS8395,Dactylorhiza fuchsii,FALSE
SS8395,Dactylorhiza maculata,FALSE
SS8395,Daucus carota,FALSE
SS8395,Digitalis ferruginea,FALSE
SS8395,Digitalis grandiflora,FALSE
SS8395,Digitalis purpurea,TRUE
SS8395,Dioscorea communis,FALSE
SS8395,Doronicum plantagineum,FALSE
SS8395,Drosera anglica,FALSE
SS8395,Drosera rotundifolia,FALSE
SS8395,Dryas octopetala,FALSE
SS8395,Epilobium hirsutum,FALSE
SS8395,Epilobium montanum,TRUE
SS8395,Epilobium obscurum,FALSE
SS8395,Epilobium palustre,FALSE
SS8395,Epilobium parviflorum,FALSE
SS8395,Epilobium roseum,FALSE
SS8395,Epilobium tetragonum,FALSE
SS8395,Erica cinerea,FALSE
SS8395,Erica tetralix,FALSE
SS8395,Eriophorum vaginatum,FALSE
SS8395,Eupatorium cannabinum,FALSE
SS8395,Euphorbia exigua,FALSE
SS8395,Euphorbia helioscopia,FALSE
SS8395,Euphrasia officinalis,FALSE
SS8395,Fagopyrum esculentum,FALSE
SS8395,Fallopia convolvulus,FALSE
SS8395,Filipendula ulmaria,FALSE
SS8395,Fumaria officinalis,FALSE
SS8395,Galeopsis speciosa,FALSE
SS8395,Galeopsis tetrahit,FALSE
SS8395,Galium aparine,TRUE
SS8395,Galium mollugo,FALSE
SS8395,Galium odoratum,FALSE
SS8395,Galium palustre,FALSE
SS8395,Galium saxatile,FALSE
SS8395,Galium verum,FALSE
SS8395,Genista anglica,FALSE
SS8395,Geranium dissectum,FALSE
SS8395,Geranium molle,FALSE
SS8395,Geranium nodosum,FALSE
SS8395,Geranium pratense,FALSE
SS8395,Geranium pyrenaicum,FALSE
SS8395,Geranium robertianum,TRUE
SS8395,Geum urbanum,FALSE
SS8395,Glechoma hederacea,FALSE
SS8395,Hedera helix,FALSE
SS8395,Helianthus annuus,FALSE
SS8395,Heracleum mantegazzianum,FALSE
SS8395,Heracleum sphondylium,TRUE
SS8395,Hippocrepis comosa,FALSE
SS8395,Hordeum vulgare,FALSE
SS8395,Hyacinthoides non,TRUE
SS8395,Hypericum forrestii,FALSE
SS8395,Hypericum perforatum,FALSE
SS8395,Hypericum pulchrum,FALSE
SS8395,Hypericum tetrapterum,FALSE
SS8395,Hypochaeris radicata,FALSE
SS8395,Ilex aquifolium,FALSE
SS8395,Impatiens glandulifera,TRUE
SS8395,Impatiens parviflora,FALSE
SS8395,Iris pseudacorus,FALSE
SS8395,Jacobaea erucifolia,FALSE
SS8395,Jacobaea vulgaris,FALSE
SS8395,Jasione montana,FALSE
SS8395,Juncus conglomeratus,FALSE
SS8395,Juncus effusus,FALSE
SS8395,Knautia arvensis,FALSE
SS8395,Lactuca serriola,FALSE
SS8395,Lamium album,FALSE
SS8395,Lamium galeobdolon,FALSE
SS8395,Lamium purpureum,FALSE
SS8395,Lapsana communis,TRUE
SS8395,Lathyrus aphaca,FALSE
SS8395,Lathyrus linifolius,FALSE
SS8395,Lathyrus pratensis,FALSE
SS8395,Leontodon hispidus,FALSE
SS8395,Leontodon saxatilis,FALSE
SS8395,Leucanthemum vulgare,FALSE
SS8395,Ligusticum scoticum,FALSE
SS8395,Limonium vulgare,FALSE
SS8395,Linaria vulgaris,FALSE
SS8395,Linum catharticum,FALSE
SS8395,Linum usitatissimum,FALSE
SS8395,Lonicera caprifolium,FALSE
SS8395,Lonicera periclymenum,FALSE
SS8395,Lotus angustissimus,FALSE
SS8395,Lotus corniculatus,FALSE
SS8395,Lotus pedunculatus,FALSE
SS8395,Lotus subbiflorus,FALSE
SS8395,Luzula campestris,FALSE
SS8395,Lysimachia nemorum,FALSE
SS8395,Lysimachia punctata,FALSE
SS8395,Lysimachia vulgaris,FALSE
SS8395,Lythrum alatum,FALSE
SS8395,Lythrum salicaria,FALSE
SS8395,Malva sylvestris,FALSE
SS8395,Matricaria chamomilla,FALSE
SS8395,Matricaria discoidea,FALSE
SS8395,Medicago lupulina,FALSE
SS8395,Melampyrum pratense,FALSE
SS8395,Mentha aquatica,FALSE
SS8395,Mentha arvensis,FALSE
SS8395,Mercurialis perennis,FALSE
SS8395,Myosotis arvensis,FALSE
SS8395,Myosotis discolor,FALSE
SS8395,Myosotis sylvatica,FALSE
SS8395,Narthecium ossifragum,FALSE
SS8395,Odontites vernus,FALSE
SS8395,Oenanthe crocata,FALSE
SS8395,Origanum vulgare,FALSE
SS8395,Ornithopus perpusillus,FALSE
SS8395,Oxalis acetosella,TRUE
SS8395,Panicum miliaceum,FALSE
SS8395,Papaver rhoeas,FALSE
SS8395,Pedicularis sylvatica,FALSE
SS8395,Persicaria amplexicaulis,FALSE
SS8395,Persicaria bistorta,FALSE
SS8395,Persicaria hydropiper,FALSE
SS8395,Persicaria lapathifolia,FALSE
SS8395,Persicaria maculosa,FALSE
SS8395,Peucedanum ostruthium,FALSE
SS8395,Picris echioides,FALSE
SS8395,Picris hieracioides,FALSE
SS8395,Pilosella officinarum,FALSE
SS8395,Pimpinella saxifraga,FALSE
SS8395,Pinguicula vulgaris,FALSE
SS8395,Plantago lanceolata,FALSE
SS8395,Plantago major,FALSE
SS8395,Plantago maritima,FALSE
SS8395,Poa annua,FALSE
SS8395,Polygala serpyllifolia,FALSE
SS8395,Polygala vulgaris,FALSE
SS8395,Polygonum aviculare,FALSE
SS8395,Potentilla anglica,FALSE
SS8395,Potentilla anserina,FALSE
SS8395,Potentilla erecta,TRUE
SS8395,Potentilla recta,FALSE
SS8395,Potentilla reptans,FALSE
SS8395,Prunella vulgaris,FALSE
SS8395,Prunus spinosa,FALSE
SS8395,Pulicaria dysenterica,FALSE
SS8395,Ranunculus acris,TRUE
SS8395,Ranunculus bulbosus,FALSE
SS8395,Ranunculus ficaria,FALSE
SS8395,Ranunculus flammula,FALSE
SS8395,Ranunculus repens,FALSE
SS8395,Ranunculus sardous,FALSE
SS8395,Raphanus raphanistrum,FALSE
SS8395,Raphanus sativus,FALSE
SS8395,Rhinanthus minor,FALSE
SS8395,Rosa arvensis,FALSE
SS8395,Rosa canina,FALSE
SS8395,Rubus caesius,FALSE
SS8395,Rubus fruticosus,TRUE
SS8395,Rubus idaeus,FALSE
SS8395,Rumex acetosa,TRUE
SS8395,Rumex acetosella,FALSE
SS8395,Rumex crispus,FALSE
SS8395,Rumex obtusifolius,TRUE
SS8395,Rumex sanguineus,FALSE
SS8395,Sagina saginoides,FALSE
SS8395,Sambucus nigra,FALSE
SS8395,Sanguisorba officinalis,FALSE
SS8395,Scorzoneroides autumnalis,FALSE
SS8395,Scrophularia auriculata,FALSE
SS8395,Scrophularia nodosa,FALSE
SS8395,Sedum anglicum,FALSE
SS8395,Senecio erucifolius,FALSE
SS8395,Senecio jacobaea,FALSE
SS8395,Senecio vulgaris,FALSE
SS8395,Sherardia arvensis,FALSE
SS8395,Silene dioica,FALSE
SS8395,Silene latifolia,FALSE
SS8395,Silybum marianum,FALSE
SS8395,Sinapis alba,FALSE
SS8395,Sinapis arvensis,FALSE
SS8395,Sisymbrium officinale,FALSE
SS8395,Solanum dulcamara,FALSE
SS8395,Solanum nigrum,FALSE
SS8395,Solanum tuberosum,FALSE
SS8395,Sonchus arvensis,FALSE
SS8395,Sonchus asper,TRUE
SS8395,Sonchus oleraceus,FALSE
SS8395,Sorbus aucuparia,FALSE
SS8395,Spergula arvensis,FALSE
SS8395,Spergularia media,FALSE
SS8395,Stachys arvensis,FALSE
SS8395,Stachys palustris,FALSE
SS8395,Stachys sylvatica,FALSE
SS8395,Stellaria alsine,FALSE
SS8395,Stellaria graminea,FALSE
SS8395,Stellaria holostea,FALSE
SS8395,Stellaria media,FALSE
SS8395,Suaeda maritima,FALSE
SS8395,Succisa pratensis,FALSE
SS8395,Symphytum officinale,FALSE
SS8395,Taraxacum agg,FALSE
SS8395,Taraxacum officinale,FALSE
SS8395,Teucrium scorodonia,FALSE
SS8395,Thlaspi arvense,FALSE
SS8395,Thymus polytrichus,FALSE
SS8395,Thymus vulgaris,FALSE
SS8395,Torilis japonica,FALSE
SS8395,Tragopogon pratensis,FALSE
SS8395,Trientalis europaea,FALSE
SS8395,Trifolium arvense,FALSE
SS8395,Trifolium campestre,FALSE
SS8395,Trifolium constantinopolitanum,FALSE
SS8395,Trifolium dubium,FALSE
SS8395,Trifolium pratense,FALSE
SS8395,Trifolium repens,FALSE
SS8395,Tripleurospermum inodorum,FALSE
SS8395,Tripleurospermum maritimum,FALSE
SS8395,Turgenia latifolia,FALSE
SS8395,Ulex europaeus,FALSE
SS8395,Ulex gallii,FALSE
SS8395,Urtica dioica,TRUE
SS8395,Vaccinium myrtillus,FALSE
SS8395,Vaccinium oxycoccos,FALSE
SS8395,Vaccinium vitis,FALSE
SS8395,Valeriana dioica,FALSE
SS8395,Valeriana officinalis,FALSE
SS8395,Verbena officinalis,FALSE
SS8395,Verbena x,FALSE
SS8395,Veronica agrestis,FALSE
SS8395,Veronica arvensis,FALSE
SS8395,Veronica beccabunga,FALSE
SS8395,Veronica chamaedrys,FALSE
SS8395,Veronica hederifolia,FALSE
SS8395,Veronica montana,FALSE
SS8395,Veronica officinalis,FALSE
SS8395,Veronica persica,FALSE
SS8395,Veronica polita,FALSE
SS8395,Veronica serpyllifolia,FALSE
SS8395,Vicia benghalensis,FALSE
SS8395,Vicia cracca,FALSE
SS8395,Vicia faba,FALSE
SS8395,Vicia hirsuta,FALSE
SS8395,Vicia lutea,FALSE
SS8395,Vicia sativa,FALSE
SS8395,Vicia sepium,FALSE
SS8395,Vicia spp,FALSE
SS8395,Vicia tetrasperma,FALSE
SS8395,Viola arvensis,FALSE
SS8395,Viola canina,FALSE
SS8395,Viola palustris,FALSE
SS8395,Viola riviniana,FALSE
SS8395,Zea mays,FALSE
ST2636,Acer pseudoplatanus,FALSE
ST2636,Achillea millefolium,FALSE
ST2636,Achillea ptarmica,FALSE
ST2636,Aegopodium podagraria,FALSE
ST2636,Aethusa cynapium,FALSE
ST2636,Ajuga reptans,FALSE
ST2636,Alliaria petiolata,FALSE
ST2636,Alnus glutinosa,FALSE
ST2636,Anagallis arvensis,TRUE
ST2636,Anchusa arvensis,FALSE
ST2636,Anemone nemorosa,FALSE
ST2636,Angelica sylvestris,FALSE
ST2636,Anthemis cotula,FALSE
ST2636,Anthriscus caucalis,FALSE
ST2636,Anthriscus sylvestris,FALSE
ST2636,Apium nodiflorum,FALSE
ST2636,Armeria maritima,FALSE
ST2636,Artemisia absinthium,FALSE
ST2636,Artemisia annua,FALSE
ST2636,Artemisia vulgaris,FALSE
ST2636,Aster tripolium,FALSE
ST2636,Atriplex patula,FALSE
ST2636,Atriplex portulacoides,FALSE
ST2636,Ballota nigra,FALSE
ST2636,Barbarea vulgaris,FALSE
ST2636,Bellis perennis,FALSE
ST2636,Berula erecta,FALSE
ST2636,Brassica napus,FALSE
ST2636,Brassica oleracea,FALSE
ST2636,Brassica rapa,FALSE
ST2636,Bryonia dioica,FALSE
ST2636,Buddleja davidii,FALSE
ST2636,Bupleurum tenuissimum,FALSE
ST2636,Calluna vulgaris,FALSE
ST2636,Caltha palustris,FALSE
ST2636,Calystegia sepium,TRUE
ST2636,Campanula rotundifolia,FALSE
ST2636,Capsella bursa,FALSE
ST2636,Cardamine flexuosa,FALSE
ST2636,Cardamine hirsuta,FALSE
ST2636,Cardamine pratensis,FALSE
ST2636,Carduus nutans,FALSE
ST2636,Carum verticillatum,FALSE
ST2636,Centaurea cyanus,FALSE
ST2636,Centaurea nigra,FALSE
ST2636,Centaurea scabiosa,FALSE
ST2636,Centaurium erythraea,FALSE
ST2636,Cerastium arvense,FALSE
ST2636,Cerastium fontanum,FALSE
ST2636,Cerastium glomeratum,FALSE
ST2636,Ceratocapnos claviculata,FALSE
ST2636,Chaerophyllum temulum,FALSE
ST2636,Chamaemelum nobile,FALSE
ST2636,Chamerion angustifolium,FALSE
ST2636,Chenopodium album,FALSE
ST2636,Chenopodium ficifolium,FALSE
ST2636,Chenopodium quinoa,FALSE
ST2636,Cichorium intybus,TRUE
ST2636,Circaea lutetiana,FALSE
ST2636,Cirsium arvense,TRUE
ST2636,Cirsium eriophorum,TRUE
ST2636,Cirsium palustre,FALSE
ST2636,Cirsium vulgare,FALSE
ST2636,Clematis vitalba,FALSE
ST2636,Clinopodium vulgare,FALSE
ST2636,Conium maculatum,FALSE
ST2636,Conopodium majus,FALSE
ST2636,Convolvulus arvensis,TRUE
ST2636,Conyza canadensis,FALSE
ST2636,Cotoneaster salicifolius,FALSE
ST2636,Crataegus monogyna,FALSE
ST2636,Crepis capillaris,TRUE
ST2636,Crepis vesicaria,TRUE
ST2636,Cruciata laevipes,FALSE
ST2636,Cytisus scoparius,FALSE
ST2636,Dactylorhiza fuchsii,FALSE
ST2636,Dactylorhiza maculata,FALSE
ST2636,Daucus carota,FALSE
ST2636,Digitalis ferruginea,FALSE
ST2636,Digitalis grandiflora,FALSE
ST2636,Digitalis purpurea,FALSE
ST2636,Dioscorea communis,FALSE
ST2636,Doronicum plantagineum,FALSE
ST2636,Drosera anglica,FALSE
ST2636,Drosera rotundifolia,FALSE
ST2636,Dryas octopetala,FALSE
ST2636,Epilobium hirsutum,TRUE
ST2636,Epilobium montanum,FALSE
ST2636,Epilobium obscurum,FALSE
ST2636,Epilobium palustre,FALSE
ST2636,Epilobium parviflorum,TRUE
ST2636,Epilobium roseum,FALSE
ST2636,Epilobium tetragonum,FALSE
ST2636,Erica cinerea,FALSE
ST2636,Erica tetralix,FALSE
ST2636,Eriophorum vaginatum,FALSE
ST2636,Eupatorium cannabinum,FALSE
ST2636,Euphorbia exigua,FALSE
ST2636,Euphorbia helioscopia,FALSE
ST2636,Euphrasia officinalis,FALSE
ST2636,Fagopyrum esculentum,FALSE
ST2636,Fallopia convolvulus,FALSE
ST2636,Filipendula ulmaria,FALSE
ST2636,Fumaria officinalis,FALSE
ST2636,Galeopsis speciosa,FALSE
ST2636,Galeopsis tetrahit,FALSE
ST2636,Galium aparine,FALSE
ST2636,Galium mollugo,FALSE
ST2636,Galium odoratum,FALSE
ST2636,Galium palustre,FALSE
ST2636,Galium saxatile,FALSE
ST2636,Galium verum,FALSE
ST2636,Genista anglica,FALSE
ST2636,Geranium dissectum,TRUE
ST2636,Geranium molle,FALSE
ST2636,Geranium nodosum,FALSE
ST2636,Geranium pratense,FALSE
ST2636,Geranium pyrenaicum,FALSE
ST2636,Geranium robertianum,FALSE
ST2636,Geum urbanum,FALSE
ST2636,Glechoma hederacea,FALSE
ST2636,Hedera helix,FALSE
ST2636,Helianthus annuus,FALSE
ST2636,Heracleum mantegazzianum,FALSE
ST2636,Heracleum sphondylium,TRUE
ST2636,Hippocrepis comosa,TRUE
ST2636,Hordeum vulgare,FALSE
ST2636,Hyacinthoides non,FALSE
ST2636,Hypericum forrestii,FALSE
ST2636,Hypericum perforatum,FALSE
ST2636,Hypericum pulchrum,FALSE
ST2636,Hypericum tetrapterum,FALSE
ST2636,Hypochaeris radicata,FALSE
ST2636,Ilex aquifolium,FALSE
ST2636,Impatiens glandulifera,FALSE
ST2636,Impatiens parviflora,FALSE
ST2636,Iris pseudacorus,FALSE
ST2636,Jacobaea erucifolia,FALSE
ST2636,Jacobaea vulgaris,TRUE
ST2636,Jasione montana,FALSE
ST2636,Juncus conglomeratus,FALSE
ST2636,Juncus effusus,FALSE
ST2636,Knautia arvensis,FALSE
ST2636,Lactuca serriola,FALSE
ST2636,Lamium album,FALSE
ST2636,Lamium galeobdolon,FALSE
ST2636,Lamium purpureum,TRUE
ST2636,Lapsana communis,TRUE
ST2636,Lathyrus aphaca,FALSE
ST2636,Lathyrus linifolius,FALSE
ST2636,Lathyrus pratensis,FALSE
ST2636,Leontodon hispidus,FALSE
ST2636,Leontodon saxatilis,FALSE
ST2636,Leucanthemum vulgare,FALSE
ST2636,Ligusticum scoticum,FALSE
ST2636,Limonium vulgare,FALSE
ST2636,Linaria vulgaris,FALSE
ST2636,Linum catharticum,FALSE
ST2636,Linum usitatissimum,FALSE
ST2636,Lonicera caprifolium,FALSE
ST2636,Lonicera periclymenum,FALSE
ST2636,Lotus angustissimus,FALSE
ST2636,Lotus corniculatus,FALSE
ST2636,Lotus pedunculatus,FALSE
ST2636,Lotus subbiflorus,FALSE
ST2636,Luzula campestris,FALSE
ST2636,Lysimachia nemorum,FALSE
ST2636,Lysimachia punctata,FALSE
ST2636,Lysimachia vulgaris,FALSE
ST2636,Lythrum alatum,FALSE
ST2636,Lythrum salicaria,FALSE
ST2636,Malva sylvestris,FALSE
ST2636,Matricaria chamomilla,TRUE
ST2636,Matricaria discoidea,FALSE
ST2636,Medicago lupulina,TRUE
ST2636,Melampyrum pratense,FALSE
ST2636,Mentha aquatica,FALSE
ST2636,Mentha arvensis,FALSE
ST2636,Mercurialis perennis,FALSE
ST2636,Myosotis arvensis,TRUE
ST2636,Myosotis discolor,FALSE
ST2636,Myosotis sylvatica,FALSE
ST2636,Narthecium ossifragum,FALSE
ST2636,Odontites vernus,FALSE
ST2636,Oenanthe crocata,FALSE
ST2636,Origanum vulgare,FALSE
ST2636,Ornithopus perpusillus,FALSE
ST2636,Oxalis acetosella,FALSE
ST2636,Panicum miliaceum,FALSE
ST2636,Papaver rhoeas,TRUE
ST2636,Pedicularis sylvatica,FALSE
ST2636,Persicaria amplexicaulis,FALSE
ST2636,Persicaria bistorta,FALSE
ST2636,Persicaria hydropiper,FALSE
ST2636,Persicaria lapathifolia,FALSE
ST2636,Persicaria maculosa,TRUE
ST2636,Peucedanum ostruthium,FALSE
ST2636,Picris echioides,TRUE
ST2636,Picris hieracioides,FALSE
ST2636,Pilosella officinarum,FALSE
ST2636,Pimpinella saxifraga,FALSE
ST2636,Pinguicula vulgaris,FALSE
ST2636,Plantago lanceolata,TRUE
ST2636,Plantago major,FALSE
ST2636,Plantago maritima,FALSE
ST2636,Poa annua,FALSE
ST2636,Polygala serpyllifolia,FALSE
ST2636,Polygala vulgaris,FALSE
ST2636,Polygonum aviculare,FALSE
ST2636,Potentilla anglica,FALSE
ST2636,Potentilla anserina,FALSE
ST2636,Potentilla erecta,FALSE
ST2636,Potentilla recta,FALSE
ST2636,Potentilla reptans,FALSE
ST2636,Prunella vulgaris,TRUE
ST2636,Prunus spinosa,FALSE
ST2636,Pulicaria dysenterica,FALSE
ST2636,Ranunculus acris,FALSE
ST2636,Ranunculus bulbosus,FALSE
ST2636,Ranunculus ficaria,FALSE
ST2636,Ranunculus flammula,FALSE
ST2636,Ranunculus repens,TRUE
ST2636,Ranunculus sardous,FALSE
ST2636,Raphanus raphanistrum,TRUE
ST2636,Raphanus sativus,TRUE
ST2636,Rhinanthus minor,FALSE
ST2636,Rosa arvensis,FALSE
ST2636,Rosa canina,FALSE
ST2636,Rubus caesius,FALSE
ST2636,Rubus fruticosus,TRUE
ST2636,Rubus idaeus,FALSE
ST2636,Rumex acetosa,FALSE
ST2636,Rumex acetosella,TRUE
ST2636,Rumex crispus,FALSE
ST2636,Rumex obtusifolius,TRUE
ST2636,Rumex sanguineus,FALSE
ST2636,Sagina saginoides,FALSE
ST2636,Sambucus nigra,FALSE
ST2636,Sanguisorba officinalis,FALSE
ST2636,Scorzoneroides autumnalis,FALSE
ST2636,Scrophularia auriculata,FALSE
ST2636,Scrophularia nodosa,FALSE
ST2636,Sedum anglicum,FALSE
ST2636,Senecio erucifolius,FALSE
ST2636,Senecio jacobaea,TRUE
ST2636,Senecio vulgaris,TRUE
ST2636,Sherardia arvensis,TRUE
ST2636,Silene dioica,TRUE
ST2636,Silene latifolia,FALSE
ST2636,Silybum marianum,FALSE
ST2636,Sinapis alba,TRUE
ST2636,Sinapis arvensis,TRUE
ST2636,Sisymbrium officinale,FALSE
ST2636,Solanum dulcamara,FALSE
ST2636,Solanum nigrum,FALSE
ST2636,Solanum tuberosum,FALSE
ST2636,Sonchus arvensis,FALSE
ST2636,Sonchus asper,TRUE
ST2636,Sonchus oleraceus,FALSE
ST2636,Sorbus aucuparia,FALSE
ST2636,Spergula arvensis,FALSE
ST2636,Spergularia media,FALSE
ST2636,Stachys arvensis,FALSE
ST2636,Stachys palustris,FALSE
ST2636,Stachys sylvatica,TRUE
ST2636,Stellaria alsine,FALSE
ST2636,Stellaria graminea,FALSE
ST2636,Stellaria holostea,FALSE
ST2636,Stellaria media,TRUE
ST2636,Suaeda maritima,FALSE
ST2636,Succisa pratensis,FALSE
ST2636,Symphytum officinale,FALSE
ST2636,Taraxacum agg,TRUE
ST2636,Taraxacum officinale,FALSE
ST2636,Teucrium scorodonia,FALSE
ST2636,Thlaspi arvense,FALSE
ST2636,Thymus polytrichus,FALSE
ST2636,Thymus vulgaris,FALSE
ST2636,Torilis japonica,FALSE
ST2636,Tragopogon pratensis,FALSE
ST2636,Trientalis europaea,FALSE
ST2636,Trifolium arvense,FALSE
ST2636,Trifolium campestre,FALSE
ST2636,Trifolium constantinopolitanum,FALSE
ST2636,Trifolium dubium,TRUE
ST2636,Trifolium pratense,TRUE
ST2636,Trifolium repens,TRUE
ST2636,Tripleurospermum inodorum,TRUE
ST2636,Tripleurospermum maritimum,TRUE
ST2636,Turgenia latifolia,FALSE
ST2636,Ulex europaeus,FALSE
ST2636,Ulex gallii,FALSE
ST2636,Urtica dioica,TRUE
ST2636,Vaccinium myrtillus,FALSE
ST2636,Vaccinium oxycoccos,FALSE
ST2636,Vaccinium vitis,FALSE
ST2636,Valeriana dioica,FALSE
ST2636,Valeriana officinalis,FALSE
ST2636,Verbena officinalis,FALSE
ST2636,Verbena x,FALSE
ST2636,Veronica agrestis,FALSE
ST2636,Veronica arvensis,FALSE
ST2636,Veronica beccabunga,FALSE
ST2636,Veronica chamaedrys,FALSE
ST2636,Veronica hederifolia,FALSE
ST2636,Veronica montana,FALSE
ST2636,Veronica officinalis,FALSE
ST2636,Veronica persica,TRUE
ST2636,Veronica polita,FALSE
ST2636,Veronica serpyllifolia,FALSE
ST2636,Vicia benghalensis,FALSE
ST2636,Vicia cracca,FALSE
ST2636,Vicia faba,FALSE
ST2636,Vicia hirsuta,TRUE
ST2636,Vicia lutea,FALSE
ST2636,Vicia sativa,TRUE
ST2636,Vicia sepium,TRUE
ST2636,Vicia spp,FALSE
ST2636,Vicia tetrasperma,FALSE
ST2636,Viola arvensis,TRUE
ST2636,Viola canina,FALSE
ST2636,Viola palustris,FALSE
ST2636,Viola riviniana,FALSE
ST2636,Zea mays,FALSE
ST2983,Acer pseudoplatanus,FALSE
ST2983,Achillea millefolium,FALSE
ST2983,Achillea ptarmica,FALSE
ST2983,Aegopodium podagraria,FALSE
ST2983,Aethusa cynapium,FALSE
ST2983,Ajuga reptans,FALSE
ST2983,Alliaria petiolata,FALSE
ST2983,Alnus glutinosa,FALSE
ST2983,Anagallis arvensis,FALSE
ST2983,Anchusa arvensis,FALSE
ST2983,Anemone nemorosa,FALSE
ST2983,Angelica sylvestris,FALSE
ST2983,Anthemis cotula,FALSE
ST2983,Anthriscus caucalis,FALSE
ST2983,Anthriscus sylvestris,TRUE
ST2983,Apium nodiflorum,FALSE
ST2983,Armeria maritima,FALSE
ST2983,Artemisia absinthium,FALSE
ST2983,Artemisia annua,FALSE
ST2983,Artemisia vulgaris,FALSE
ST2983,Aster tripolium,FALSE
ST2983,Atriplex patula,FALSE
ST2983,Atriplex portulacoides,FALSE
ST2983,Ballota nigra,FALSE
ST2983,Barbarea vulgaris,FALSE
ST2983,Bellis perennis,FALSE
ST2983,Berula erecta,FALSE
ST2983,Brassica napus,FALSE
ST2983,Brassica oleracea,FALSE
ST2983,Brassica rapa,FALSE
ST2983,Bryonia dioica,FALSE
ST2983,Buddleja davidii,FALSE
ST2983,Bupleurum tenuissimum,FALSE
ST2983,Calluna vulgaris,FALSE
ST2983,Caltha palustris,FALSE
ST2983,Calystegia sepium,TRUE
ST2983,Campanula rotundifolia,FALSE
ST2983,Capsella bursa,FALSE
ST2983,Cardamine flexuosa,FALSE
ST2983,Cardamine hirsuta,FALSE
ST2983,Cardamine pratensis,FALSE
ST2983,Carduus nutans,FALSE
ST2983,Carum verticillatum,FALSE
ST2983,Centaurea cyanus,FALSE
ST2983,Centaurea nigra,FALSE
ST2983,Centaurea scabiosa,FALSE
ST2983,Centaurium erythraea,FALSE
ST2983,Cerastium arvense,FALSE
ST2983,Cerastium fontanum,FALSE
ST2983,Cerastium glomeratum,FALSE
ST2983,Ceratocapnos claviculata,FALSE
ST2983,Chaerophyllum temulum,FALSE
ST2983,Chamaemelum nobile,FALSE
ST2983,Chamerion angustifolium,FALSE
ST2983,Chenopodium album,FALSE
ST2983,Chenopodium ficifolium,FALSE
ST2983,Chenopodium quinoa,FALSE
ST2983,Cichorium intybus,FALSE
ST2983,Circaea lutetiana,FALSE
ST2983,Cirsium arvense,TRUE
ST2983,Cirsium eriophorum,FALSE
ST2983,Cirsium palustre,FALSE
ST2983,Cirsium vulgare,FALSE
ST2983,Clematis vitalba,FALSE
ST2983,Clinopodium vulgare,FALSE
ST2983,Conium maculatum,FALSE
ST2983,Conopodium majus,FALSE
ST2983,Convolvulus arvensis,FALSE
ST2983,Conyza canadensis,FALSE
ST2983,Cotoneaster salicifolius,FALSE
ST2983,Crataegus monogyna,TRUE
ST2983,Crepis capillaris,FALSE
ST2983,Crepis vesicaria,FALSE
ST2983,Cruciata laevipes,FALSE
ST2983,Cytisus scoparius,FALSE
ST2983,Dactylorhiza fuchsii,FALSE
ST2983,Dactylorhiza maculata,FALSE
ST2983,Daucus carota,FALSE
ST2983,Digitalis ferruginea,FALSE
ST2983,Digitalis grandiflora,FALSE
ST2983,Digitalis purpurea,FALSE
ST2983,Dioscorea communis,FALSE
ST2983,Doronicum plantagineum,FALSE
ST2983,Drosera anglica,FALSE
ST2983,Drosera rotundifolia,FALSE
ST2983,Dryas octopetala,FALSE
ST2983,Epilobium hirsutum,TRUE
ST2983,Epilobium montanum,FALSE
ST2983,Epilobium obscurum,FALSE
ST2983,Epilobium palustre,FALSE
ST2983,Epilobium parviflorum,FALSE
ST2983,Epilobium roseum,FALSE
ST2983,Epilobium tetragonum,FALSE
ST2983,Erica cinerea,FALSE
ST2983,Erica tetralix,FALSE
ST2983,Eriophorum vaginatum,FALSE
ST2983,Eupatorium cannabinum,FALSE
ST2983,Euphorbia exigua,FALSE
ST2983,Euphorbia helioscopia,FALSE
ST2983,Euphrasia officinalis,FALSE
ST2983,Fagopyrum esculentum,FALSE
ST2983,Fallopia convolvulus,FALSE
ST2983,Filipendula ulmaria,FALSE
ST2983,Fumaria officinalis,FALSE
ST2983,Galeopsis speciosa,FALSE
ST2983,Galeopsis tetrahit,FALSE
ST2983,Galium aparine,FALSE
ST2983,Galium mollugo,FALSE
ST2983,Galium odoratum,FALSE
ST2983,Galium palustre,TRUE
ST2983,Galium saxatile,FALSE
ST2983,Galium verum,FALSE
ST2983,Genista anglica,FALSE
ST2983,Geranium dissectum,FALSE
ST2983,Geranium molle,FALSE
ST2983,Geranium nodosum,FALSE
ST2983,Geranium pratense,FALSE
ST2983,Geranium pyrenaicum,FALSE
ST2983,Geranium robertianum,FALSE
ST2983,Geum urbanum,FALSE
ST2983,Glechoma hederacea,FALSE
ST2983,Hedera helix,FALSE
ST2983,Helianthus annuus,FALSE
ST2983,Heracleum mantegazzianum,FALSE
ST2983,Heracleum sphondylium,FALSE
ST2983,Hippocrepis comosa,FALSE
ST2983,Hordeum vulgare,FALSE
ST2983,Hyacinthoides non,FALSE
ST2983,Hypericum forrestii,FALSE
ST2983,Hypericum perforatum,FALSE
ST2983,Hypericum pulchrum,FALSE
ST2983,Hypericum tetrapterum,FALSE
ST2983,Hypochaeris radicata,FALSE
ST2983,Ilex aquifolium,FALSE
ST2983,Impatiens glandulifera,FALSE
ST2983,Impatiens parviflora,FALSE
ST2983,Iris pseudacorus,FALSE
ST2983,Jacobaea erucifolia,FALSE
ST2983,Jacobaea vulgaris,FALSE
ST2983,Jasione montana,FALSE
ST2983,Juncus conglomeratus,FALSE
ST2983,Juncus effusus,FALSE
ST2983,Knautia arvensis,FALSE
ST2983,Lactuca serriola,FALSE
ST2983,Lamium album,FALSE
ST2983,Lamium galeobdolon,FALSE
ST2983,Lamium purpureum,FALSE
ST2983,Lapsana communis,FALSE
ST2983,Lathyrus aphaca,FALSE
ST2983,Lathyrus linifolius,FALSE
ST2983,Lathyrus pratensis,FALSE
ST2983,Leontodon hispidus,FALSE
ST2983,Leontodon saxatilis,FALSE
ST2983,Leucanthemum vulgare,FALSE
ST2983,Ligusticum scoticum,FALSE
ST2983,Limonium vulgare,FALSE
ST2983,Linaria vulgaris,FALSE
ST2983,Linum catharticum,FALSE
ST2983,Linum usitatissimum,FALSE
ST2983,Lonicera caprifolium,FALSE
ST2983,Lonicera periclymenum,FALSE
ST2983,Lotus angustissimus,FALSE
ST2983,Lotus corniculatus,FALSE
ST2983,Lotus pedunculatus,FALSE
ST2983,Lotus subbiflorus,TRUE
ST2983,Luzula campestris,FALSE
ST2983,Lysimachia nemorum,FALSE
ST2983,Lysimachia punctata,FALSE
ST2983,Lysimachia vulgaris,FALSE
ST2983,Lythrum alatum,FALSE
ST2983,Lythrum salicaria,FALSE
ST2983,Malva sylvestris,FALSE
ST2983,Matricaria chamomilla,FALSE
ST2983,Matricaria discoidea,FALSE
ST2983,Medicago lupulina,FALSE
ST2983,Melampyrum pratense,FALSE
ST2983,Mentha aquatica,FALSE
ST2983,Mentha arvensis,FALSE
ST2983,Mercurialis perennis,FALSE
ST2983,Myosotis arvensis,FALSE
ST2983,Myosotis discolor,FALSE
ST2983,Myosotis sylvatica,FALSE
ST2983,Narthecium ossifragum,FALSE
ST2983,Odontites vernus,FALSE
ST2983,Oenanthe crocata,FALSE
ST2983,Origanum vulgare,FALSE
ST2983,Ornithopus perpusillus,FALSE
ST2983,Oxalis acetosella,FALSE
ST2983,Panicum miliaceum,FALSE
ST2983,Papaver rhoeas,FALSE
ST2983,Pedicularis sylvatica,FALSE
ST2983,Persicaria amplexicaulis,FALSE
ST2983,Persicaria bistorta,FALSE
ST2983,Persicaria hydropiper,FALSE
ST2983,Persicaria lapathifolia,FALSE
ST2983,Persicaria maculosa,FALSE
ST2983,Peucedanum ostruthium,FALSE
ST2983,Picris echioides,FALSE
ST2983,Picris hieracioides,FALSE
ST2983,Pilosella officinarum,FALSE
ST2983,Pimpinella saxifraga,FALSE
ST2983,Pinguicula vulgaris,FALSE
ST2983,Plantago lanceolata,FALSE
ST2983,Plantago major,FALSE
ST2983,Plantago maritima,FALSE
ST2983,Poa annua,FALSE
ST2983,Polygala serpyllifolia,FALSE
ST2983,Polygala vulgaris,FALSE
ST2983,Polygonum aviculare,TRUE
ST2983,Potentilla anglica,FALSE
ST2983,Potentilla anserina,FALSE
ST2983,Potentilla erecta,FALSE
ST2983,Potentilla recta,FALSE
ST2983,Potentilla reptans,FALSE
ST2983,Prunella vulgaris,FALSE
ST2983,Prunus spinosa,FALSE
ST2983,Pulicaria dysenterica,FALSE
ST2983,Ranunculus acris,FALSE
ST2983,Ranunculus bulbosus,FALSE
ST2983,Ranunculus ficaria,FALSE
ST2983,Ranunculus flammula,FALSE
ST2983,Ranunculus repens,FALSE
ST2983,Ranunculus sardous,FALSE
ST2983,Raphanus raphanistrum,FALSE
ST2983,Raphanus sativus,FALSE
ST2983,Rhinanthus minor,FALSE
ST2983,Rosa arvensis,FALSE
ST2983,Rosa canina,FALSE
ST2983,Rubus caesius,FALSE
ST2983,Rubus fruticosus,TRUE
ST2983,Rubus idaeus,FALSE
ST2983,Rumex acetosa,FALSE
ST2983,Rumex acetosella,FALSE
ST2983,Rumex crispus,FALSE
ST2983,Rumex obtusifolius,FALSE
ST2983,Rumex sanguineus,FALSE
ST2983,Sagina saginoides,FALSE
ST2983,Sambucus nigra,FALSE
ST2983,Sanguisorba officinalis,FALSE
ST2983,Scorzoneroides autumnalis,FALSE
ST2983,Scrophularia auriculata,FALSE
ST2983,Scrophularia nodosa,FALSE
ST2983,Sedum anglicum,FALSE
ST2983,Senecio erucifolius,FALSE
ST2983,Senecio jacobaea,FALSE
ST2983,Senecio vulgaris,FALSE
ST2983,Sherardia arvensis,FALSE
ST2983,Silene dioica,FALSE
ST2983,Silene latifolia,FALSE
ST2983,Silybum marianum,FALSE
ST2983,Sinapis alba,FALSE
ST2983,Sinapis arvensis,FALSE
ST2983,Sisymbrium officinale,FALSE
ST2983,Solanum dulcamara,FALSE
ST2983,Solanum nigrum,FALSE
ST2983,Solanum tuberosum,FALSE
ST2983,Sonchus arvensis,FALSE
ST2983,Sonchus asper,FALSE
ST2983,Sonchus oleraceus,FALSE
ST2983,Sorbus aucuparia,FALSE
ST2983,Spergula arvensis,FALSE
ST2983,Spergularia media,FALSE
ST2983,Stachys arvensis,FALSE
ST2983,Stachys palustris,FALSE
ST2983,Stachys sylvatica,FALSE
ST2983,Stellaria alsine,FALSE
ST2983,Stellaria graminea,FALSE
ST2983,Stellaria holostea,FALSE
ST2983,Stellaria media,FALSE
ST2983,Suaeda maritima,FALSE
ST2983,Succisa pratensis,FALSE
ST2983,Symphytum officinale,FALSE
ST2983,Taraxacum agg,FALSE
ST2983,Taraxacum officinale,FALSE
ST2983,Teucrium scorodonia,FALSE
ST2983,Thlaspi arvense,FALSE
ST2983,Thymus polytrichus,FALSE
ST2983,Thymus vulgaris,FALSE
ST2983,Torilis japonica,FALSE
ST2983,Tragopogon pratensis,FALSE
ST2983,Trientalis europaea,FALSE
ST2983,Trifolium arvense,FALSE
ST2983,Trifolium campestre,FALSE
ST2983,Trifolium constantinopolitanum,FALSE
ST2983,Trifolium dubium,FALSE
ST2983,Trifolium pratense,TRUE
ST2983,Trifolium repens,TRUE
ST2983,Tripleurospermum inodorum,TRUE
ST2983,Tripleurospermum maritimum,FALSE
ST2983,Turgenia latifolia,FALSE
ST2983,Ulex europaeus,FALSE
ST2983,Ulex gallii,FALSE
ST2983,Urtica dioica,TRUE
ST2983,Vaccinium myrtillus,FALSE
ST2983,Vaccinium oxycoccos,FALSE
ST2983,Vaccinium vitis,FALSE
ST2983,Valeriana dioica,FALSE
ST2983,Valeriana officinalis,FALSE
ST2983,Verbena officinalis,FALSE
ST2983,Verbena x,FALSE
ST2983,Veronica agrestis,FALSE
ST2983,Veronica arvensis,FALSE
ST2983,Veronica beccabunga,FALSE
ST2983,Veronica chamaedrys,FALSE
ST2983,Veronica hederifolia,FALSE
ST2983,Veronica montana,FALSE
ST2983,Veronica officinalis,FALSE
ST2983,Veronica persica,FALSE
ST2983,Veronica polita,FALSE
ST2983,Veronica serpyllifolia,FALSE
ST2983,Vicia benghalensis,FALSE
ST2983,Vicia cracca,FALSE
ST2983,Vicia faba,FALSE
ST2983,Vicia hirsuta,FALSE
ST2983,Vicia lutea,FALSE
ST2983,Vicia sativa,FALSE
ST2983,Vicia sepium,FALSE
ST2983,Vicia spp,TRUE
ST2983,Vicia tetrasperma,FALSE
ST2983,Viola arvensis,FALSE
ST2983,Viola canina,FALSE
ST2983,Viola palustris,FALSE
ST2983,Viola riviniana,FALSE
ST2983,Zea mays,FALSE
ST4543,Acer pseudoplatanus,FALSE
ST4543,Achillea millefolium,FALSE
ST4543,Achillea ptarmica,FALSE
ST4543,Aegopodium podagraria,FALSE
ST4543,Aethusa cynapium,FALSE
ST4543,Ajuga reptans,FALSE
ST4543,Alliaria petiolata,FALSE
ST4543,Alnus glutinosa,FALSE
ST4543,Anagallis arvensis,FALSE
ST4543,Anchusa arvensis,FALSE
ST4543,Anemone nemorosa,FALSE
ST4543,Angelica sylvestris,TRUE
ST4543,Anthemis cotula,FALSE
ST4543,Anthriscus caucalis,FALSE
ST4543,Anthriscus sylvestris,FALSE
ST4543,Apium nodiflorum,FALSE
ST4543,Armeria maritima,FALSE
ST4543,Artemisia absinthium,FALSE
ST4543,Artemisia annua,FALSE
ST4543,Artemisia vulgaris,TRUE
ST4543,Aster tripolium,FALSE
ST4543,Atriplex patula,TRUE
ST4543,Atriplex portulacoides,FALSE
ST4543,Ballota nigra,FALSE
ST4543,Barbarea vulgaris,FALSE
ST4543,Bellis perennis,FALSE
ST4543,Berula erecta,FALSE
ST4543,Brassica napus,FALSE
ST4543,Brassica oleracea,FALSE
ST4543,Brassica rapa,TRUE
ST4543,Bryonia dioica,FALSE
ST4543,Buddleja davidii,FALSE
ST4543,Bupleurum tenuissimum,FALSE
ST4543,Calluna vulgaris,TRUE
ST4543,Caltha palustris,FALSE
ST4543,Calystegia sepium,TRUE
ST4543,Campanula rotundifolia,FALSE
ST4543,Capsella bursa,FALSE
ST4543,Cardamine flexuosa,FALSE
ST4543,Cardamine hirsuta,FALSE
ST4543,Cardamine pratensis,FALSE
ST4543,Carduus nutans,FALSE
ST4543,Carum verticillatum,FALSE
ST4543,Centaurea cyanus,FALSE
ST4543,Centaurea nigra,FALSE
ST4543,Centaurea scabiosa,FALSE
ST4543,Centaurium erythraea,FALSE
ST4543,Cerastium arvense,FALSE
ST4543,Cerastium fontanum,FALSE
ST4543,Cerastium glomeratum,FALSE
ST4543,Ceratocapnos claviculata,FALSE
ST4543,Chaerophyllum temulum,FALSE
ST4543,Chamaemelum nobile,TRUE
ST4543,Chamerion angustifolium,TRUE
ST4543,Chenopodium album,TRUE
ST4543,Chenopodium ficifolium,TRUE
ST4543,Chenopodium quinoa,FALSE
ST4543,Cichorium intybus,FALSE
ST4543,Circaea lutetiana,FALSE
ST4543,Cirsium arvense,FALSE
ST4543,Cirsium eriophorum,FALSE
ST4543,Cirsium palustre,TRUE
ST4543,Cirsium vulgare,TRUE
ST4543,Clematis vitalba,FALSE
ST4543,Clinopodium vulgare,FALSE
ST4543,Conium maculatum,FALSE
ST4543,Conopodium majus,FALSE
ST4543,Convolvulus arvensis,FALSE
ST4543,Conyza canadensis,FALSE
ST4543,Cotoneaster salicifolius,FALSE
ST4543,Crataegus monogyna,FALSE
ST4543,Crepis capillaris,FALSE
ST4543,Crepis vesicaria,FALSE
ST4543,Cruciata laevipes,FALSE
ST4543,Cytisus scoparius,FALSE
ST4543,Dactylorhiza fuchsii,FALSE
ST4543,Dactylorhiza maculata,FALSE
ST4543,Daucus carota,FALSE
ST4543,Digitalis ferruginea,FALSE
ST4543,Digitalis grandiflora,FALSE
ST4543,Digitalis purpurea,TRUE
ST4543,Dioscorea communis,FALSE
ST4543,Doronicum plantagineum,FALSE
ST4543,Drosera anglica,FALSE
ST4543,Drosera rotundifolia,FALSE
ST4543,Dryas octopetala,FALSE
ST4543,Epilobium hirsutum,FALSE
ST4543,Epilobium montanum,FALSE
ST4543,Epilobium obscurum,FALSE
ST4543,Epilobium palustre,FALSE
ST4543,Epilobium parviflorum,FALSE
ST4543,Epilobium roseum,TRUE
ST4543,Epilobium tetragonum,TRUE
ST4543,Erica cinerea,FALSE
ST4543,Erica tetralix,FALSE
ST4543,Eriophorum vaginatum,FALSE
ST4543,Eupatorium cannabinum,FALSE
ST4543,Euphorbia exigua,FALSE
ST4543,Euphorbia helioscopia,FALSE
ST4543,Euphrasia officinalis,FALSE
ST4543,Fagopyrum esculentum,FALSE
ST4543,Fallopia convolvulus,FALSE
ST4543,Filipendula ulmaria,FALSE
ST4543,Fumaria officinalis,FALSE
ST4543,Galeopsis speciosa,FALSE
ST4543,Galeopsis tetrahit,TRUE
ST4543,Galium aparine,TRUE
ST4543,Galium mollugo,FALSE
ST4543,Galium odoratum,FALSE
ST4543,Galium palustre,TRUE
ST4543,Galium saxatile,FALSE
ST4543,Galium verum,FALSE
ST4543,Genista anglica,FALSE
ST4543,Geranium dissectum,TRUE
ST4543,Geranium molle,FALSE
ST4543,Geranium nodosum,FALSE
ST4543,Geranium pratense,FALSE
ST4543,Geranium pyrenaicum,FALSE
ST4543,Geranium robertianum,FALSE
ST4543,Geum urbanum,FALSE
ST4543,Glechoma hederacea,FALSE
ST4543,Hedera helix,FALSE
ST4543,Helianthus annuus,FALSE
ST4543,Heracleum mantegazzianum,FALSE
ST4543,Heracleum sphondylium,TRUE
ST4543,Hippocrepis comosa,FALSE
ST4543,Hordeum vulgare,FALSE
ST4543,Hyacinthoides non,FALSE
ST4543,Hypericum forrestii,FALSE
ST4543,Hypericum perforatum,FALSE
ST4543,Hypericum pulchrum,FALSE
ST4543,Hypericum tetrapterum,FALSE
ST4543,Hypochaeris radicata,FALSE
ST4543,Ilex aquifolium,FALSE
ST4543,Impatiens glandulifera,FALSE
ST4543,Impatiens parviflora,FALSE
ST4543,Iris pseudacorus,TRUE
ST4543,Jacobaea erucifolia,FALSE
ST4543,Jacobaea vulgaris,FALSE
ST4543,Jasione montana,FALSE
ST4543,Juncus conglomeratus,FALSE
ST4543,Juncus effusus,FALSE
ST4543,Knautia arvensis,FALSE
ST4543,Lactuca serriola,FALSE
ST4543,Lamium album,FALSE
ST4543,Lamium galeobdolon,FALSE
ST4543,Lamium purpureum,FALSE
ST4543,Lapsana communis,FALSE
ST4543,Lathyrus aphaca,FALSE
ST4543,Lathyrus linifolius,FALSE
ST4543,Lathyrus pratensis,FALSE
ST4543,Leontodon hispidus,FALSE
ST4543,Leontodon saxatilis,FALSE
ST4543,Leucanthemum vulgare,FALSE
ST4543,Ligusticum scoticum,FALSE
ST4543,Limonium vulgare,FALSE
ST4543,Linaria vulgaris,FALSE
ST4543,Linum catharticum,FALSE
ST4543,Linum usitatissimum,FALSE
ST4543,Lonicera caprifolium,FALSE
ST4543,Lonicera periclymenum,TRUE
ST4543,Lotus angustissimus,FALSE
ST4543,Lotus corniculatus,FALSE
ST4543,Lotus pedunculatus,TRUE
ST4543,Lotus subbiflorus,FALSE
ST4543,Luzula campestris,FALSE
ST4543,Lysimachia nemorum,FALSE
ST4543,Lysimachia punctata,FALSE
ST4543,Lysimachia vulgaris,FALSE
ST4543,Lythrum alatum,TRUE
ST4543,Lythrum salicaria,TRUE
ST4543,Malva sylvestris,FALSE
ST4543,Matricaria chamomilla,FALSE
ST4543,Matricaria discoidea,FALSE
ST4543,Medicago lupulina,FALSE
ST4543,Melampyrum pratense,FALSE
ST4543,Mentha aquatica,TRUE
ST4543,Mentha arvensis,FALSE
ST4543,Mercurialis perennis,FALSE
ST4543,Myosotis arvensis,FALSE
ST4543,Myosotis discolor,FALSE
ST4543,Myosotis sylvatica,FALSE
ST4543,Narthecium ossifragum,FALSE
ST4543,Odontites vernus,FALSE
ST4543,Oenanthe crocata,FALSE
ST4543,Origanum vulgare,FALSE
ST4543,Ornithopus perpusillus,FALSE
ST4543,Oxalis acetosella,FALSE
ST4543,Panicum miliaceum,FALSE
ST4543,Papaver rhoeas,FALSE
ST4543,Pedicularis sylvatica,FALSE
ST4543,Persicaria amplexicaulis,FALSE
ST4543,Persicaria bistorta,FALSE
ST4543,Persicaria hydropiper,FALSE
ST4543,Persicaria lapathifolia,FALSE
ST4543,Persicaria maculosa,TRUE
ST4543,Peucedanum ostruthium,FALSE
ST4543,Picris echioides,FALSE
ST4543,Picris hieracioides,FALSE
ST4543,Pilosella officinarum,FALSE
ST4543,Pimpinella saxifraga,FALSE
ST4543,Pinguicula vulgaris,FALSE
ST4543,Plantago lanceolata,FALSE
ST4543,Plantago major,FALSE
ST4543,Plantago maritima,FALSE
ST4543,Poa annua,FALSE
ST4543,Polygala serpyllifolia,FALSE
ST4543,Polygala vulgaris,FALSE
ST4543,Polygonum aviculare,FALSE
ST4543,Potentilla anglica,FALSE
ST4543,Potentilla anserina,FALSE
ST4543,Potentilla erecta,TRUE
ST4543,Potentilla recta,FALSE
ST4543,Potentilla reptans,FALSE
ST4543,Prunella vulgaris,FALSE
ST4543,Prunus spinosa,FALSE
ST4543,Pulicaria dysenterica,FALSE
ST4543,Ranunculus acris,FALSE
ST4543,Ranunculus bulbosus,FALSE
ST4543,Ranunculus ficaria,FALSE
ST4543,Ranunculus flammula,FALSE
ST4543,Ranunculus repens,TRUE
ST4543,Ranunculus sardous,FALSE
ST4543,Raphanus raphanistrum,FALSE
ST4543,Raphanus sativus,FALSE
ST4543,Rhinanthus minor,FALSE
ST4543,Rosa arvensis,FALSE
ST4543,Rosa canina,FALSE
ST4543,Rubus caesius,FALSE
ST4543,Rubus fruticosus,TRUE
ST4543,Rubus idaeus,FALSE
ST4543,Rumex acetosa,FALSE
ST4543,Rumex acetosella,FALSE
ST4543,Rumex crispus,TRUE
ST4543,Rumex obtusifolius,TRUE
ST4543,Rumex sanguineus,TRUE
ST4543,Sagina saginoides,FALSE
ST4543,Sambucus nigra,FALSE
ST4543,Sanguisorba officinalis,FALSE
ST4543,Scorzoneroides autumnalis,FALSE
ST4543,Scrophularia auriculata,FALSE
ST4543,Scrophularia nodosa,TRUE
ST4543,Sedum anglicum,FALSE
ST4543,Senecio erucifolius,FALSE
ST4543,Senecio jacobaea,FALSE
ST4543,Senecio vulgaris,FALSE
ST4543,Sherardia arvensis,FALSE
ST4543,Silene dioica,FALSE
ST4543,Silene latifolia,FALSE
ST4543,Silybum marianum,FALSE
ST4543,Sinapis alba,FALSE
ST4543,Sinapis arvensis,FALSE
ST4543,Sisymbrium officinale,FALSE
ST4543,Solanum dulcamara,TRUE
ST4543,Solanum nigrum,FALSE
ST4543,Solanum tuberosum,FALSE
ST4543,Sonchus arvensis,FALSE
ST4543,Sonchus asper,TRUE
ST4543,Sonchus oleraceus,TRUE
ST4543,Sorbus aucuparia,FALSE
ST4543,Spergula arvensis,FALSE
ST4543,Spergularia media,FALSE
ST4543,Stachys arvensis,FALSE
ST4543,Stachys palustris,FALSE
ST4543,Stachys sylvatica,FALSE
ST4543,Stellaria alsine,FALSE
ST4543,Stellaria graminea,FALSE
ST4543,Stellaria holostea,FALSE
ST4543,Stellaria media,FALSE
ST4543,Suaeda maritima,FALSE
ST4543,Succisa pratensis,FALSE
ST4543,Symphytum officinale,TRUE
ST4543,Taraxacum agg,TRUE
ST4543,Taraxacum officinale,FALSE
ST4543,Teucrium scorodonia,FALSE
ST4543,Thlaspi arvense,FALSE
ST4543,Thymus polytrichus,FALSE
ST4543,Thymus vulgaris,FALSE
ST4543,Torilis japonica,FALSE
ST4543,Tragopogon pratensis,FALSE
ST4543,Trientalis europaea,FALSE
ST4543,Trifolium arvense,FALSE
ST4543,Trifolium campestre,FALSE
ST4543,Trifolium constantinopolitanum,FALSE
ST4543,Trifolium dubium,FALSE
ST4543,Trifolium pratense,FALSE
ST4543,Trifolium repens,TRUE
ST4543,Tripleurospermum inodorum,FALSE
ST4543,Tripleurospermum maritimum,FALSE
ST4543,Turgenia latifolia,FALSE
ST4543,Ulex europaeus,FALSE
ST4543,Ulex gallii,FALSE
ST4543,Urtica dioica,TRUE
ST4543,Vaccinium myrtillus,FALSE
ST4543,Vaccinium oxycoccos,FALSE
ST4543,Vaccinium vitis,FALSE
ST4543,Valeriana dioica,TRUE
ST4543,Valeriana officinalis,TRUE
ST4543,Verbena officinalis,FALSE
ST4543,Verbena x,FALSE
ST4543,Veronica agrestis,FALSE
ST4543,Veronica arvensis,FALSE
ST4543,Veronica beccabunga,FALSE
ST4543,Veronica chamaedrys,FALSE
ST4543,Veronica hederifolia,FALSE
ST4543,Veronica montana,FALSE
ST4543,Veronica officinalis,FALSE
ST4543,Veronica persica,TRUE
ST4543,Veronica polita,FALSE
ST4543,Veronica serpyllifolia,FALSE
ST4543,Vicia benghalensis,FALSE
ST4543,Vicia cracca,FALSE
ST4543,Vicia faba,FALSE
ST4543,Vicia hirsuta,FALSE
ST4543,Vicia lutea,FALSE
ST4543,Vicia sativa,FALSE
ST4543,Vicia sepium,FALSE
ST4543,Vicia spp,FALSE
ST4543,Vicia tetrasperma,FALSE
ST4543,Viola arvensis,FALSE
ST4543,Viola canina,FALSE
ST4543,Viola palustris,FALSE
ST4543,Viola riviniana,FALSE
ST4543,Zea mays,FALSE
ST9351,Acer pseudoplatanus,FALSE
ST9351,Achillea millefolium,TRUE
ST9351,Achillea ptarmica,FALSE
ST9351,Aegopodium podagraria,FALSE
ST9351,Aethusa cynapium,TRUE
ST9351,Ajuga reptans,FALSE
ST9351,Alliaria petiolata,FALSE
ST9351,Alnus glutinosa,FALSE
ST9351,Anagallis arvensis,TRUE
ST9351,Anchusa arvensis,FALSE
ST9351,Anemone nemorosa,FALSE
ST9351,Angelica sylvestris,FALSE
ST9351,Anthemis cotula,FALSE
ST9351,Anthriscus caucalis,FALSE
ST9351,Anthriscus sylvestris,TRUE
ST9351,Apium nodiflorum,FALSE
ST9351,Armeria maritima,FALSE
ST9351,Artemisia absinthium,FALSE
ST9351,Artemisia annua,FALSE
ST9351,Artemisia vulgaris,TRUE
ST9351,Aster tripolium,FALSE
ST9351,Atriplex patula,FALSE
ST9351,Atriplex portulacoides,FALSE
ST9351,Ballota nigra,FALSE
ST9351,Barbarea vulgaris,FALSE
ST9351,Bellis perennis,TRUE
ST9351,Berula erecta,FALSE
ST9351,Brassica napus,TRUE
ST9351,Brassica oleracea,FALSE
ST9351,Brassica rapa,FALSE
ST9351,Bryonia dioica,FALSE
ST9351,Buddleja davidii,FALSE
ST9351,Bupleurum tenuissimum,FALSE
ST9351,Calluna vulgaris,FALSE
ST9351,Caltha palustris,FALSE
ST9351,Calystegia sepium,TRUE
ST9351,Campanula rotundifolia,FALSE
ST9351,Capsella bursa,TRUE
ST9351,Cardamine flexuosa,FALSE
ST9351,Cardamine hirsuta,FALSE
ST9351,Cardamine pratensis,FALSE
ST9351,Carduus nutans,FALSE
ST9351,Carum verticillatum,FALSE
ST9351,Centaurea cyanus,FALSE
ST9351,Centaurea nigra,FALSE
ST9351,Centaurea scabiosa,TRUE
ST9351,Centaurium erythraea,FALSE
ST9351,Cerastium arvense,FALSE
ST9351,Cerastium fontanum,FALSE
ST9351,Cerastium glomeratum,FALSE
ST9351,Ceratocapnos claviculata,FALSE
ST9351,Chaerophyllum temulum,TRUE
ST9351,Chamaemelum nobile,FALSE
ST9351,Chamerion angustifolium,FALSE
ST9351,Chenopodium album,FALSE
ST9351,Chenopodium ficifolium,FALSE
ST9351,Chenopodium quinoa,FALSE
ST9351,Cichorium intybus,FALSE
ST9351,Circaea lutetiana,FALSE
ST9351,Cirsium arvense,FALSE
ST9351,Cirsium eriophorum,FALSE
ST9351,Cirsium palustre,FALSE
ST9351,Cirsium vulgare,TRUE
ST9351,Clematis vitalba,FALSE
ST9351,Clinopodium vulgare,TRUE
ST9351,Conium maculatum,FALSE
ST9351,Conopodium majus,FALSE
ST9351,Convolvulus arvensis,TRUE
ST9351,Conyza canadensis,FALSE
ST9351,Cotoneaster salicifolius,FALSE
ST9351,Crataegus monogyna,TRUE
ST9351,Crepis capillaris,TRUE
ST9351,Crepis vesicaria,FALSE
ST9351,Cruciata laevipes,FALSE
ST9351,Cytisus scoparius,FALSE
ST9351,Dactylorhiza fuchsii,FALSE
ST9351,Dactylorhiza maculata,FALSE
ST9351,Daucus carota,FALSE
ST9351,Digitalis ferruginea,FALSE
ST9351,Digitalis grandiflora,FALSE
ST9351,Digitalis purpurea,FALSE
ST9351,Dioscorea communis,FALSE
ST9351,Doronicum plantagineum,FALSE
ST9351,Drosera anglica,FALSE
ST9351,Drosera rotundifolia,FALSE
ST9351,Dryas octopetala,FALSE
ST9351,Epilobium hirsutum,FALSE
ST9351,Epilobium montanum,FALSE
ST9351,Epilobium obscurum,FALSE
ST9351,Epilobium palustre,FALSE
ST9351,Epilobium parviflorum,FALSE
ST9351,Epilobium roseum,FALSE
ST9351,Epilobium tetragonum,FALSE
ST9351,Erica cinerea,FALSE
ST9351,Erica tetralix,FALSE
ST9351,Eriophorum vaginatum,FALSE
ST9351,Eupatorium cannabinum,FALSE
ST9351,Euphorbia exigua,TRUE
ST9351,Euphorbia helioscopia,FALSE
ST9351,Euphrasia officinalis,FALSE
ST9351,Fagopyrum esculentum,FALSE
ST9351,Fallopia convolvulus,TRUE
ST9351,Filipendula ulmaria,FALSE
ST9351,Fumaria officinalis,FALSE
ST9351,Galeopsis speciosa,FALSE
ST9351,Galeopsis tetrahit,FALSE
ST9351,Galium aparine,TRUE
ST9351,Galium mollugo,TRUE
ST9351,Galium odoratum,FALSE
ST9351,Galium palustre,FALSE
ST9351,Galium saxatile,FALSE
ST9351,Galium verum,TRUE
ST9351,Genista anglica,FALSE
ST9351,Geranium dissectum,TRUE
ST9351,Geranium molle,FALSE
ST9351,Geranium nodosum,FALSE
ST9351,Geranium pratense,FALSE
ST9351,Geranium pyrenaicum,TRUE
ST9351,Geranium robertianum,TRUE
ST9351,Geum urbanum,FALSE
ST9351,Glechoma hederacea,FALSE
ST9351,Hedera helix,FALSE
ST9351,Helianthus annuus,FALSE
ST9351,Heracleum mantegazzianum,FALSE
ST9351,Heracleum sphondylium,TRUE
ST9351,Hippocrepis comosa,FALSE
ST9351,Hordeum vulgare,FALSE
ST9351,Hyacinthoides non,FALSE
ST9351,Hypericum forrestii,FALSE
ST9351,Hypericum perforatum,FALSE
ST9351,Hypericum pulchrum,FALSE
ST9351,Hypericum tetrapterum,FALSE
ST9351,Hypochaeris radicata,FALSE
ST9351,Ilex aquifolium,FALSE
ST9351,Impatiens glandulifera,FALSE
ST9351,Impatiens parviflora,FALSE
ST9351,Iris pseudacorus,FALSE
ST9351,Jacobaea erucifolia,TRUE
ST9351,Jacobaea vulgaris,FALSE
ST9351,Jasione montana,FALSE
ST9351,Juncus conglomeratus,FALSE
ST9351,Juncus effusus,FALSE
ST9351,Knautia arvensis,TRUE
ST9351,Lactuca serriola,FALSE
ST9351,Lamium album,TRUE
ST9351,Lamium galeobdolon,FALSE
ST9351,Lamium purpureum,FALSE
ST9351,Lapsana communis,TRUE
ST9351,Lathyrus aphaca,FALSE
ST9351,Lathyrus linifolius,FALSE
ST9351,Lathyrus pratensis,TRUE
ST9351,Leontodon hispidus,FALSE
ST9351,Leontodon saxatilis,FALSE
ST9351,Leucanthemum vulgare,FALSE
ST9351,Ligusticum scoticum,FALSE
ST9351,Limonium vulgare,FALSE
ST9351,Linaria vulgaris,TRUE
ST9351,Linum catharticum,FALSE
ST9351,Linum usitatissimum,FALSE
ST9351,Lonicera caprifolium,FALSE
ST9351,Lonicera periclymenum,FALSE
ST9351,Lotus angustissimus,FALSE
ST9351,Lotus corniculatus,FALSE
ST9351,Lotus pedunculatus,FALSE
ST9351,Lotus subbiflorus,FALSE
ST9351,Luzula campestris,FALSE
ST9351,Lysimachia nemorum,FALSE
ST9351,Lysimachia punctata,FALSE
ST9351,Lysimachia vulgaris,FALSE
ST9351,Lythrum alatum,FALSE
ST9351,Lythrum salicaria,FALSE
ST9351,Malva sylvestris,FALSE
ST9351,Matricaria chamomilla,FALSE
ST9351,Matricaria discoidea,FALSE
ST9351,Medicago lupulina,TRUE
ST9351,Melampyrum pratense,FALSE
ST9351,Mentha aquatica,FALSE
ST9351,Mentha arvensis,FALSE
ST9351,Mercurialis perennis,FALSE
ST9351,Myosotis arvensis,TRUE
ST9351,Myosotis discolor,FALSE
ST9351,Myosotis sylvatica,FALSE
ST9351,Narthecium ossifragum,FALSE
ST9351,Odontites vernus,FALSE
ST9351,Oenanthe crocata,FALSE
ST9351,Origanum vulgare,TRUE
ST9351,Ornithopus perpusillus,FALSE
ST9351,Oxalis acetosella,FALSE
ST9351,Panicum miliaceum,FALSE
ST9351,Papaver rhoeas,FALSE
ST9351,Pedicularis sylvatica,FALSE
ST9351,Persicaria amplexicaulis,FALSE
ST9351,Persicaria bistorta,FALSE
ST9351,Persicaria hydropiper,FALSE
ST9351,Persicaria lapathifolia,FALSE
ST9351,Persicaria maculosa,FALSE
ST9351,Peucedanum ostruthium,FALSE
ST9351,Picris echioides,FALSE
ST9351,Picris hieracioides,FALSE
ST9351,Pilosella officinarum,FALSE
ST9351,Pimpinella saxifraga,FALSE
ST9351,Pinguicula vulgaris,FALSE
ST9351,Plantago lanceolata,TRUE
ST9351,Plantago major,FALSE
ST9351,Plantago maritima,FALSE
ST9351,Poa annua,FALSE
ST9351,Polygala serpyllifolia,FALSE
ST9351,Polygala vulgaris,FALSE
ST9351,Polygonum aviculare,FALSE
ST9351,Potentilla anglica,FALSE
ST9351,Potentilla anserina,FALSE
ST9351,Potentilla erecta,FALSE
ST9351,Potentilla recta,FALSE
ST9351,Potentilla reptans,FALSE
ST9351,Prunella vulgaris,TRUE
ST9351,Prunus spinosa,FALSE
ST9351,Pulicaria dysenterica,FALSE
ST9351,Ranunculus acris,FALSE
ST9351,Ranunculus bulbosus,TRUE
ST9351,Ranunculus ficaria,FALSE
ST9351,Ranunculus flammula,FALSE
ST9351,Ranunculus repens,TRUE
ST9351,Ranunculus sardous,FALSE
ST9351,Raphanus raphanistrum,FALSE
ST9351,Raphanus sativus,FALSE
ST9351,Rhinanthus minor,FALSE
ST9351,Rosa arvensis,FALSE
ST9351,Rosa canina,TRUE
ST9351,Rubus caesius,FALSE
ST9351,Rubus fruticosus,TRUE
ST9351,Rubus idaeus,FALSE
ST9351,Rumex acetosa,TRUE
ST9351,Rumex acetosella,FALSE
ST9351,Rumex crispus,FALSE
ST9351,Rumex obtusifolius,FALSE
ST9351,Rumex sanguineus,FALSE
ST9351,Sagina saginoides,FALSE
ST9351,Sambucus nigra,FALSE
ST9351,Sanguisorba officinalis,FALSE
ST9351,Scorzoneroides autumnalis,FALSE
ST9351,Scrophularia auriculata,FALSE
ST9351,Scrophularia nodosa,FALSE
ST9351,Sedum anglicum,FALSE
ST9351,Senecio erucifolius,FALSE
ST9351,Senecio jacobaea,FALSE
ST9351,Senecio vulgaris,FALSE
ST9351,Sherardia arvensis,FALSE
ST9351,Silene dioica,FALSE
ST9351,Silene latifolia,FALSE
ST9351,Silybum marianum,FALSE
ST9351,Sinapis alba,FALSE
ST9351,Sinapis arvensis,FALSE
ST9351,Sisymbrium officinale,FALSE
ST9351,Solanum dulcamara,FALSE
ST9351,Solanum nigrum,FALSE
ST9351,Solanum tuberosum,FALSE
ST9351,Sonchus arvensis,TRUE
ST9351,Sonchus asper,FALSE
ST9351,Sonchus oleraceus,FALSE
ST9351,Sorbus aucuparia,FALSE
ST9351,Spergula arvensis,FALSE
ST9351,Spergularia media,FALSE
ST9351,Stachys arvensis,FALSE
ST9351,Stachys palustris,FALSE
ST9351,Stachys sylvatica,FALSE
ST9351,Stellaria alsine,FALSE
ST9351,Stellaria graminea,FALSE
ST9351,Stellaria holostea,FALSE
ST9351,Stellaria media,FALSE
ST9351,Suaeda maritima,FALSE
ST9351,Succisa pratensis,FALSE
ST9351,Symphytum officinale,FALSE
ST9351,Taraxacum agg,FALSE
ST9351,Taraxacum officinale,FALSE
ST9351,Teucrium scorodonia,FALSE
ST9351,Thlaspi arvense,FALSE
ST9351,Thymus polytrichus,FALSE
ST9351,Thymus vulgaris,FALSE
ST9351,Torilis japonica,TRUE
ST9351,Tragopogon pratensis,TRUE
ST9351,Trientalis europaea,FALSE
ST9351,Trifolium arvense,FALSE
ST9351,Trifolium campestre,FALSE
ST9351,Trifolium constantinopolitanum,FALSE
ST9351,Trifolium dubium,TRUE
ST9351,Trifolium pratense,FALSE
ST9351,Trifolium repens,TRUE
ST9351,Tripleurospermum inodorum,FALSE
ST9351,Tripleurospermum maritimum,FALSE
ST9351,Turgenia latifolia,FALSE
ST9351,Ulex europaeus,FALSE
ST9351,Ulex gallii,FALSE
ST9351,Urtica dioica,TRUE
ST9351,Vaccinium myrtillus,FALSE
ST9351,Vaccinium oxycoccos,FALSE
ST9351,Vaccinium vitis,FALSE
ST9351,Valeriana dioica,FALSE
ST9351,Valeriana officinalis,FALSE
ST9351,Verbena officinalis,FALSE
ST9351,Verbena x,FALSE
ST9351,Veronica agrestis,FALSE
ST9351,Veronica arvensis,FALSE
ST9351,Veronica beccabunga,FALSE
ST9351,Veronica chamaedrys,TRUE
ST9351,Veronica hederifolia,FALSE
ST9351,Veronica montana,FALSE
ST9351,Veronica officinalis,FALSE
ST9351,Veronica persica,TRUE
ST9351,Veronica polita,TRUE
ST9351,Veronica serpyllifolia,FALSE
ST9351,Vicia benghalensis,FALSE
ST9351,Vicia cracca,TRUE
ST9351,Vicia faba,FALSE
ST9351,Vicia hirsuta,FALSE
ST9351,Vicia lutea,FALSE
ST9351,Vicia sativa,TRUE
ST9351,Vicia sepium,FALSE
ST9351,Vicia spp,FALSE
ST9351,Vicia tetrasperma,FALSE
ST9351,Viola arvensis,TRUE
ST9351,Viola canina,FALSE
ST9351,Viola palustris,FALSE
ST9351,Viola riviniana,FALSE
ST9351,Zea mays,FALSE
SU1466,Acer pseudoplatanus,FALSE
SU1466,Achillea millefolium,FALSE
SU1466,Achillea ptarmica,FALSE
SU1466,Aegopodium podagraria,FALSE
SU1466,Aethusa cynapium,FALSE
SU1466,Ajuga reptans,FALSE
SU1466,Alliaria petiolata,FALSE
SU1466,Alnus glutinosa,FALSE
SU1466,Anagallis arvensis,FALSE
SU1466,Anchusa arvensis,FALSE
SU1466,Anemone nemorosa,FALSE
SU1466,Angelica sylvestris,FALSE
SU1466,Anthemis cotula,FALSE
SU1466,Anthriscus caucalis,FALSE
SU1466,Anthriscus sylvestris,FALSE
SU1466,Apium nodiflorum,FALSE
SU1466,Armeria maritima,FALSE
SU1466,Artemisia absinthium,FALSE
SU1466,Artemisia annua,FALSE
SU1466,Artemisia vulgaris,FALSE
SU1466,Aster tripolium,FALSE
SU1466,Atriplex patula,FALSE
SU1466,Atriplex portulacoides,FALSE
SU1466,Ballota nigra,FALSE
SU1466,Barbarea vulgaris,FALSE
SU1466,Bellis perennis,FALSE
SU1466,Berula erecta,FALSE
SU1466,Brassica napus,FALSE
SU1466,Brassica oleracea,FALSE
SU1466,Brassica rapa,FALSE
SU1466,Bryonia dioica,FALSE
SU1466,Buddleja davidii,FALSE
SU1466,Bupleurum tenuissimum,FALSE
SU1466,Calluna vulgaris,FALSE
SU1466,Caltha palustris,FALSE
SU1466,Calystegia sepium,FALSE
SU1466,Campanula rotundifolia,FALSE
SU1466,Capsella bursa,FALSE
SU1466,Cardamine flexuosa,FALSE
SU1466,Cardamine hirsuta,FALSE
SU1466,Cardamine pratensis,FALSE
SU1466,Carduus nutans,FALSE
SU1466,Carum verticillatum,FALSE
SU1466,Centaurea cyanus,FALSE
SU1466,Centaurea nigra,FALSE
SU1466,Centaurea scabiosa,FALSE
SU1466,Centaurium erythraea,FALSE
SU1466,Cerastium arvense,FALSE
SU1466,Cerastium fontanum,FALSE
SU1466,Cerastium glomeratum,FALSE
SU1466,Ceratocapnos claviculata,FALSE
SU1466,Chaerophyllum temulum,FALSE
SU1466,Chamaemelum nobile,FALSE
SU1466,Chamerion angustifolium,FALSE
SU1466,Chenopodium album,FALSE
SU1466,Chenopodium ficifolium,FALSE
SU1466,Chenopodium quinoa,FALSE
SU1466,Cichorium intybus,FALSE
SU1466,Circaea lutetiana,TRUE
SU1466,Cirsium arvense,FALSE
SU1466,Cirsium eriophorum,FALSE
SU1466,Cirsium palustre,FALSE
SU1466,Cirsium vulgare,FALSE
SU1466,Clematis vitalba,FALSE
SU1466,Clinopodium vulgare,FALSE
SU1466,Conium maculatum,FALSE
SU1466,Conopodium majus,FALSE
SU1466,Convolvulus arvensis,FALSE
SU1466,Conyza canadensis,FALSE
SU1466,Cotoneaster salicifolius,FALSE
SU1466,Crataegus monogyna,FALSE
SU1466,Crepis capillaris,FALSE
SU1466,Crepis vesicaria,FALSE
SU1466,Cruciata laevipes,FALSE
SU1466,Cytisus scoparius,FALSE
SU1466,Dactylorhiza fuchsii,FALSE
SU1466,Dactylorhiza maculata,FALSE
SU1466,Daucus carota,FALSE
SU1466,Digitalis ferruginea,FALSE
SU1466,Digitalis grandiflora,FALSE
SU1466,Digitalis purpurea,FALSE
SU1466,Dioscorea communis,FALSE
SU1466,Doronicum plantagineum,FALSE
SU1466,Drosera anglica,FALSE
SU1466,Drosera rotundifolia,FALSE
SU1466,Dryas octopetala,FALSE
SU1466,Epilobium hirsutum,FALSE
SU1466,Epilobium montanum,FALSE
SU1466,Epilobium obscurum,FALSE
SU1466,Epilobium palustre,FALSE
SU1466,Epilobium parviflorum,FALSE
SU1466,Epilobium roseum,FALSE
SU1466,Epilobium tetragonum,FALSE
SU1466,Erica cinerea,FALSE
SU1466,Erica tetralix,FALSE
SU1466,Eriophorum vaginatum,FALSE
SU1466,Eupatorium cannabinum,FALSE
SU1466,Euphorbia exigua,FALSE
SU1466,Euphorbia helioscopia,FALSE
SU1466,Euphrasia officinalis,FALSE
SU1466,Fagopyrum esculentum,FALSE
SU1466,Fallopia convolvulus,FALSE
SU1466,Filipendula ulmaria,FALSE
SU1466,Fumaria officinalis,FALSE
SU1466,Galeopsis speciosa,FALSE
SU1466,Galeopsis tetrahit,FALSE
SU1466,Galium aparine,FALSE
SU1466,Galium mollugo,FALSE
SU1466,Galium odoratum,FALSE
SU1466,Galium palustre,FALSE
SU1466,Galium saxatile,FALSE
SU1466,Galium verum,FALSE
SU1466,Genista anglica,FALSE
SU1466,Geranium dissectum,FALSE
SU1466,Geranium molle,FALSE
SU1466,Geranium nodosum,FALSE
SU1466,Geranium pratense,FALSE
SU1466,Geranium pyrenaicum,FALSE
SU1466,Geranium robertianum,TRUE
SU1466,Geum urbanum,FALSE
SU1466,Glechoma hederacea,FALSE
SU1466,Hedera helix,FALSE
SU1466,Helianthus annuus,FALSE
SU1466,Heracleum mantegazzianum,FALSE
SU1466,Heracleum sphondylium,FALSE
SU1466,Hippocrepis comosa,FALSE
SU1466,Hordeum vulgare,FALSE
SU1466,Hyacinthoides non,TRUE
SU1466,Hypericum forrestii,FALSE
SU1466,Hypericum perforatum,FALSE
SU1466,Hypericum pulchrum,FALSE
SU1466,Hypericum tetrapterum,FALSE
SU1466,Hypochaeris radicata,FALSE
SU1466,Ilex aquifolium,FALSE
SU1466,Impatiens glandulifera,FALSE
SU1466,Impatiens parviflora,FALSE
SU1466,Iris pseudacorus,FALSE
SU1466,Jacobaea erucifolia,FALSE
SU1466,Jacobaea vulgaris,FALSE
SU1466,Jasione montana,FALSE
SU1466,Juncus conglomeratus,FALSE
SU1466,Juncus effusus,FALSE
SU1466,Knautia arvensis,FALSE
SU1466,Lactuca serriola,FALSE
SU1466,Lamium album,TRUE
SU1466,Lamium galeobdolon,FALSE
SU1466,Lamium purpureum,FALSE
SU1466,Lapsana communis,FALSE
SU1466,Lathyrus aphaca,FALSE
SU1466,Lathyrus linifolius,FALSE
SU1466,Lathyrus pratensis,FALSE
SU1466,Leontodon hispidus,FALSE
SU1466,Leontodon saxatilis,FALSE
SU1466,Leucanthemum vulgare,FALSE
SU1466,Ligusticum scoticum,FALSE
SU1466,Limonium vulgare,FALSE
SU1466,Linaria vulgaris,FALSE
SU1466,Linum catharticum,FALSE
SU1466,Linum usitatissimum,FALSE
SU1466,Lonicera caprifolium,FALSE
SU1466,Lonicera periclymenum,FALSE
SU1466,Lotus angustissimus,FALSE
SU1466,Lotus corniculatus,FALSE
SU1466,Lotus pedunculatus,FALSE
SU1466,Lotus subbiflorus,FALSE
SU1466,Luzula campestris,FALSE
SU1466,Lysimachia nemorum,TRUE
SU1466,Lysimachia punctata,FALSE
SU1466,Lysimachia vulgaris,FALSE
SU1466,Lythrum alatum,FALSE
SU1466,Lythrum salicaria,FALSE
SU1466,Malva sylvestris,FALSE
SU1466,Matricaria chamomilla,FALSE
SU1466,Matricaria discoidea,FALSE
SU1466,Medicago lupulina,FALSE
SU1466,Melampyrum pratense,FALSE
SU1466,Mentha aquatica,FALSE
SU1466,Mentha arvensis,FALSE
SU1466,Mercurialis perennis,TRUE
SU1466,Myosotis arvensis,FALSE
SU1466,Myosotis discolor,FALSE
SU1466,Myosotis sylvatica,FALSE
SU1466,Narthecium ossifragum,FALSE
SU1466,Odontites vernus,FALSE
SU1466,Oenanthe crocata,FALSE
SU1466,Origanum vulgare,FALSE
SU1466,Ornithopus perpusillus,FALSE
SU1466,Oxalis acetosella,FALSE
SU1466,Panicum miliaceum,FALSE
SU1466,Papaver rhoeas,FALSE
SU1466,Pedicularis sylvatica,FALSE
SU1466,Persicaria amplexicaulis,FALSE
SU1466,Persicaria bistorta,FALSE
SU1466,Persicaria hydropiper,FALSE
SU1466,Persicaria lapathifolia,FALSE
SU1466,Persicaria maculosa,FALSE
SU1466,Peucedanum ostruthium,FALSE
SU1466,Picris echioides,FALSE
SU1466,Picris hieracioides,FALSE
SU1466,Pilosella officinarum,FALSE
SU1466,Pimpinella saxifraga,FALSE
SU1466,Pinguicula vulgaris,FALSE
SU1466,Plantago lanceolata,FALSE
SU1466,Plantago major,FALSE
SU1466,Plantago maritima,FALSE
SU1466,Poa annua,FALSE
SU1466,Polygala serpyllifolia,FALSE
SU1466,Polygala vulgaris,FALSE
SU1466,Polygonum aviculare,FALSE
SU1466,Potentilla anglica,FALSE
SU1466,Potentilla anserina,FALSE
SU1466,Potentilla erecta,FALSE
SU1466,Potentilla recta,FALSE
SU1466,Potentilla reptans,FALSE
SU1466,Prunella vulgaris,FALSE
SU1466,Prunus spinosa,FALSE
SU1466,Pulicaria dysenterica,FALSE
SU1466,Ranunculus acris,TRUE
SU1466,Ranunculus bulbosus,FALSE
SU1466,Ranunculus ficaria,FALSE
SU1466,Ranunculus flammula,FALSE
SU1466,Ranunculus repens,TRUE
SU1466,Ranunculus sardous,FALSE
SU1466,Raphanus raphanistrum,FALSE
SU1466,Raphanus sativus,FALSE
SU1466,Rhinanthus minor,FALSE
SU1466,Rosa arvensis,FALSE
SU1466,Rosa canina,FALSE
SU1466,Rubus caesius,FALSE
SU1466,Rubus fruticosus,TRUE
SU1466,Rubus idaeus,FALSE
SU1466,Rumex acetosa,FALSE
SU1466,Rumex acetosella,FALSE
SU1466,Rumex crispus,TRUE
SU1466,Rumex obtusifolius,TRUE
SU1466,Rumex sanguineus,FALSE
SU1466,Sagina saginoides,FALSE
SU1466,Sambucus nigra,FALSE
SU1466,Sanguisorba officinalis,FALSE
SU1466,Scorzoneroides autumnalis,FALSE
SU1466,Scrophularia auriculata,TRUE
SU1466,Scrophularia nodosa,TRUE
SU1466,Sedum anglicum,FALSE
SU1466,Senecio erucifolius,FALSE
SU1466,Senecio jacobaea,FALSE
SU1466,Senecio vulgaris,FALSE
SU1466,Sherardia arvensis,FALSE
SU1466,Silene dioica,FALSE
SU1466,Silene latifolia,FALSE
SU1466,Silybum marianum,FALSE
SU1466,Sinapis alba,FALSE
SU1466,Sinapis arvensis,FALSE
SU1466,Sisymbrium officinale,FALSE
SU1466,Solanum dulcamara,TRUE
SU1466,Solanum nigrum,FALSE
SU1466,Solanum tuberosum,FALSE
SU1466,Sonchus arvensis,FALSE
SU1466,Sonchus asper,FALSE
SU1466,Sonchus oleraceus,FALSE
SU1466,Sorbus aucuparia,FALSE
SU1466,Spergula arvensis,FALSE
SU1466,Spergularia media,FALSE
SU1466,Stachys arvensis,FALSE
SU1466,Stachys palustris,FALSE
SU1466,Stachys sylvatica,FALSE
SU1466,Stellaria alsine,FALSE
SU1466,Stellaria graminea,FALSE
SU1466,Stellaria holostea,FALSE
SU1466,Stellaria media,FALSE
SU1466,Suaeda maritima,FALSE
SU1466,Succisa pratensis,FALSE
SU1466,Symphytum officinale,FALSE
SU1466,Taraxacum agg,FALSE
SU1466,Taraxacum officinale,FALSE
SU1466,Teucrium scorodonia,FALSE
SU1466,Thlaspi arvense,FALSE
SU1466,Thymus polytrichus,FALSE
SU1466,Thymus vulgaris,FALSE
SU1466,Torilis japonica,FALSE
SU1466,Tragopogon pratensis,FALSE
SU1466,Trientalis europaea,FALSE
SU1466,Trifolium arvense,FALSE
SU1466,Trifolium campestre,FALSE
SU1466,Trifolium constantinopolitanum,FALSE
SU1466,Trifolium dubium,FALSE
SU1466,Trifolium pratense,FALSE
SU1466,Trifolium repens,FALSE
SU1466,Tripleurospermum inodorum,FALSE
SU1466,Tripleurospermum maritimum,FALSE
SU1466,Turgenia latifolia,FALSE
SU1466,Ulex europaeus,FALSE
SU1466,Ulex gallii,FALSE
SU1466,Urtica dioica,FALSE
SU1466,Vaccinium myrtillus,FALSE
SU1466,Vaccinium oxycoccos,FALSE
SU1466,Vaccinium vitis,FALSE
SU1466,Valeriana dioica,FALSE
SU1466,Valeriana officinalis,FALSE
SU1466,Verbena officinalis,FALSE
SU1466,Verbena x,FALSE
SU1466,Veronica agrestis,FALSE
SU1466,Veronica arvensis,FALSE
SU1466,Veronica beccabunga,FALSE
SU1466,Veronica chamaedrys,FALSE
SU1466,Veronica hederifolia,FALSE
SU1466,Veronica montana,FALSE
SU1466,Veronica officinalis,FALSE
SU1466,Veronica persica,FALSE
SU1466,Veronica polita,FALSE
SU1466,Veronica serpyllifolia,FALSE
SU1466,Vicia benghalensis,FALSE
SU1466,Vicia cracca,FALSE
SU1466,Vicia faba,FALSE
SU1466,Vicia hirsuta,FALSE
SU1466,Vicia lutea,FALSE
SU1466,Vicia sativa,FALSE
SU1466,Vicia sepium,FALSE
SU1466,Vicia spp,FALSE
SU1466,Vicia tetrasperma,FALSE
SU1466,Viola arvensis,FALSE
SU1466,Viola canina,FALSE
SU1466,Viola palustris,FALSE
SU1466,Viola riviniana,FALSE
SU1466,Zea mays,FALSE
SU3986,Acer pseudoplatanus,FALSE
SU3986,Achillea millefolium,FALSE
SU3986,Achillea ptarmica,FALSE
SU3986,Aegopodium podagraria,FALSE
SU3986,Aethusa cynapium,TRUE
SU3986,Ajuga reptans,FALSE
SU3986,Alliaria petiolata,FALSE
SU3986,Alnus glutinosa,FALSE
SU3986,Anagallis arvensis,TRUE
SU3986,Anchusa arvensis,FALSE
SU3986,Anemone nemorosa,FALSE
SU3986,Angelica sylvestris,FALSE
SU3986,Anthemis cotula,FALSE
SU3986,Anthriscus caucalis,FALSE
SU3986,Anthriscus sylvestris,FALSE
SU3986,Apium nodiflorum,FALSE
SU3986,Armeria maritima,FALSE
SU3986,Artemisia absinthium,FALSE
SU3986,Artemisia annua,FALSE
SU3986,Artemisia vulgaris,FALSE
SU3986,Aster tripolium,FALSE
SU3986,Atriplex patula,FALSE
SU3986,Atriplex portulacoides,FALSE
SU3986,Ballota nigra,FALSE
SU3986,Barbarea vulgaris,FALSE
SU3986,Bellis perennis,FALSE
SU3986,Berula erecta,FALSE
SU3986,Brassica napus,TRUE
SU3986,Brassica oleracea,FALSE
SU3986,Brassica rapa,FALSE
SU3986,Bryonia dioica,FALSE
SU3986,Buddleja davidii,FALSE
SU3986,Bupleurum tenuissimum,FALSE
SU3986,Calluna vulgaris,FALSE
SU3986,Caltha palustris,FALSE
SU3986,Calystegia sepium,FALSE
SU3986,Campanula rotundifolia,FALSE
SU3986,Capsella bursa,FALSE
SU3986,Cardamine flexuosa,FALSE
SU3986,Cardamine hirsuta,FALSE
SU3986,Cardamine pratensis,FALSE
SU3986,Carduus nutans,FALSE
SU3986,Carum verticillatum,FALSE
SU3986,Centaurea cyanus,FALSE
SU3986,Centaurea nigra,FALSE
SU3986,Centaurea scabiosa,FALSE
SU3986,Centaurium erythraea,FALSE
SU3986,Cerastium arvense,FALSE
SU3986,Cerastium fontanum,FALSE
SU3986,Cerastium glomeratum,FALSE
SU3986,Ceratocapnos claviculata,FALSE
SU3986,Chaerophyllum temulum,FALSE
SU3986,Chamaemelum nobile,FALSE
SU3986,Chamerion angustifolium,FALSE
SU3986,Chenopodium album,TRUE
SU3986,Chenopodium ficifolium,FALSE
SU3986,Chenopodium quinoa,FALSE
SU3986,Cichorium intybus,FALSE
SU3986,Circaea lutetiana,FALSE
SU3986,Cirsium arvense,TRUE
SU3986,Cirsium eriophorum,FALSE
SU3986,Cirsium palustre,FALSE
SU3986,Cirsium vulgare,FALSE
SU3986,Clematis vitalba,FALSE
SU3986,Clinopodium vulgare,FALSE
SU3986,Conium maculatum,FALSE
SU3986,Conopodium majus,FALSE
SU3986,Convolvulus arvensis,TRUE
SU3986,Conyza canadensis,FALSE
SU3986,Cotoneaster salicifolius,FALSE
SU3986,Crataegus monogyna,FALSE
SU3986,Crepis capillaris,FALSE
SU3986,Crepis vesicaria,FALSE
SU3986,Cruciata laevipes,FALSE
SU3986,Cytisus scoparius,FALSE
SU3986,Dactylorhiza fuchsii,FALSE
SU3986,Dactylorhiza maculata,FALSE
SU3986,Daucus carota,TRUE
SU3986,Digitalis ferruginea,FALSE
SU3986,Digitalis grandiflora,FALSE
SU3986,Digitalis purpurea,FALSE
SU3986,Dioscorea communis,FALSE
SU3986,Doronicum plantagineum,FALSE
SU3986,Drosera anglica,FALSE
SU3986,Drosera rotundifolia,FALSE
SU3986,Dryas octopetala,FALSE
SU3986,Epilobium hirsutum,FALSE
SU3986,Epilobium montanum,FALSE
SU3986,Epilobium obscurum,FALSE
SU3986,Epilobium palustre,FALSE
SU3986,Epilobium parviflorum,FALSE
SU3986,Epilobium roseum,FALSE
SU3986,Epilobium tetragonum,FALSE
SU3986,Erica cinerea,FALSE
SU3986,Erica tetralix,FALSE
SU3986,Eriophorum vaginatum,FALSE
SU3986,Eupatorium cannabinum,FALSE
SU3986,Euphorbia exigua,FALSE
SU3986,Euphorbia helioscopia,TRUE
SU3986,Euphrasia officinalis,FALSE
SU3986,Fagopyrum esculentum,FALSE
SU3986,Fallopia convolvulus,FALSE
SU3986,Filipendula ulmaria,FALSE
SU3986,Fumaria officinalis,TRUE
SU3986,Galeopsis speciosa,FALSE
SU3986,Galeopsis tetrahit,FALSE
SU3986,Galium aparine,TRUE
SU3986,Galium mollugo,FALSE
SU3986,Galium odoratum,FALSE
SU3986,Galium palustre,FALSE
SU3986,Galium saxatile,FALSE
SU3986,Galium verum,FALSE
SU3986,Genista anglica,FALSE
SU3986,Geranium dissectum,TRUE
SU3986,Geranium molle,FALSE
SU3986,Geranium nodosum,FALSE
SU3986,Geranium pratense,FALSE
SU3986,Geranium pyrenaicum,FALSE
SU3986,Geranium robertianum,FALSE
SU3986,Geum urbanum,FALSE
SU3986,Glechoma hederacea,TRUE
SU3986,Hedera helix,FALSE
SU3986,Helianthus annuus,FALSE
SU3986,Heracleum mantegazzianum,FALSE
SU3986,Heracleum sphondylium,TRUE
SU3986,Hippocrepis comosa,FALSE
SU3986,Hordeum vulgare,FALSE
SU3986,Hyacinthoides non,FALSE
SU3986,Hypericum forrestii,FALSE
SU3986,Hypericum perforatum,FALSE
SU3986,Hypericum pulchrum,FALSE
SU3986,Hypericum tetrapterum,FALSE
SU3986,Hypochaeris radicata,FALSE
SU3986,Ilex aquifolium,FALSE
SU3986,Impatiens glandulifera,FALSE
SU3986,Impatiens parviflora,FALSE
SU3986,Iris pseudacorus,FALSE
SU3986,Jacobaea erucifolia,FALSE
SU3986,Jacobaea vulgaris,FALSE
SU3986,Jasione montana,FALSE
SU3986,Juncus conglomeratus,FALSE
SU3986,Juncus effusus,FALSE
SU3986,Knautia arvensis,FALSE
SU3986,Lactuca serriola,FALSE
SU3986,Lamium album,TRUE
SU3986,Lamium galeobdolon,FALSE
SU3986,Lamium purpureum,TRUE
SU3986,Lapsana communis,FALSE
SU3986,Lathyrus aphaca,FALSE
SU3986,Lathyrus linifolius,FALSE
SU3986,Lathyrus pratensis,FALSE
SU3986,Leontodon hispidus,FALSE
SU3986,Leontodon saxatilis,FALSE
SU3986,Leucanthemum vulgare,FALSE
SU3986,Ligusticum scoticum,FALSE
SU3986,Limonium vulgare,FALSE
SU3986,Linaria vulgaris,FALSE
SU3986,Linum catharticum,FALSE
SU3986,Linum usitatissimum,FALSE
SU3986,Lonicera caprifolium,FALSE
SU3986,Lonicera periclymenum,FALSE
SU3986,Lotus angustissimus,FALSE
SU3986,Lotus corniculatus,FALSE
SU3986,Lotus pedunculatus,FALSE
SU3986,Lotus subbiflorus,FALSE
SU3986,Luzula campestris,FALSE
SU3986,Lysimachia nemorum,FALSE
SU3986,Lysimachia punctata,FALSE
SU3986,Lysimachia vulgaris,FALSE
SU3986,Lythrum alatum,FALSE
SU3986,Lythrum salicaria,FALSE
SU3986,Malva sylvestris,FALSE
SU3986,Matricaria chamomilla,FALSE
SU3986,Matricaria discoidea,TRUE
SU3986,Medicago lupulina,FALSE
SU3986,Melampyrum pratense,FALSE
SU3986,Mentha aquatica,FALSE
SU3986,Mentha arvensis,FALSE
SU3986,Mercurialis perennis,FALSE
SU3986,Myosotis arvensis,FALSE
SU3986,Myosotis discolor,FALSE
SU3986,Myosotis sylvatica,FALSE
SU3986,Narthecium ossifragum,FALSE
SU3986,Odontites vernus,FALSE
SU3986,Oenanthe crocata,FALSE
SU3986,Origanum vulgare,FALSE
SU3986,Ornithopus perpusillus,FALSE
SU3986,Oxalis acetosella,FALSE
SU3986,Panicum miliaceum,FALSE
SU3986,Papaver rhoeas,TRUE
SU3986,Pedicularis sylvatica,FALSE
SU3986,Persicaria amplexicaulis,FALSE
SU3986,Persicaria bistorta,FALSE
SU3986,Persicaria hydropiper,FALSE
SU3986,Persicaria lapathifolia,FALSE
SU3986,Persicaria maculosa,FALSE
SU3986,Peucedanum ostruthium,FALSE
SU3986,Picris echioides,FALSE
SU3986,Picris hieracioides,FALSE
SU3986,Pilosella officinarum,FALSE
SU3986,Pimpinella saxifraga,FALSE
SU3986,Pinguicula vulgaris,FALSE
SU3986,Plantago lanceolata,FALSE
SU3986,Plantago major,FALSE
SU3986,Plantago maritima,FALSE
SU3986,Poa annua,FALSE
SU3986,Polygala serpyllifolia,FALSE
SU3986,Polygala vulgaris,FALSE
SU3986,Polygonum aviculare,FALSE
SU3986,Potentilla anglica,FALSE
SU3986,Potentilla anserina,FALSE
SU3986,Potentilla erecta,FALSE
SU3986,Potentilla recta,FALSE
SU3986,Potentilla reptans,FALSE
SU3986,Prunella vulgaris,FALSE
SU3986,Prunus spinosa,FALSE
SU3986,Pulicaria dysenterica,FALSE
SU3986,Ranunculus acris,FALSE
SU3986,Ranunculus bulbosus,FALSE
SU3986,Ranunculus ficaria,FALSE
SU3986,Ranunculus flammula,FALSE
SU3986,Ranunculus repens,TRUE
SU3986,Ranunculus sardous,FALSE
SU3986,Raphanus raphanistrum,FALSE
SU3986,Raphanus sativus,FALSE
SU3986,Rhinanthus minor,FALSE
SU3986,Rosa arvensis,FALSE
SU3986,Rosa canina,FALSE
SU3986,Rubus caesius,FALSE
SU3986,Rubus fruticosus,FALSE
SU3986,Rubus idaeus,FALSE
SU3986,Rumex acetosa,FALSE
SU3986,Rumex acetosella,FALSE
SU3986,Rumex crispus,FALSE
SU3986,Rumex obtusifolius,FALSE
SU3986,Rumex sanguineus,FALSE
SU3986,Sagina saginoides,FALSE
SU3986,Sambucus nigra,FALSE
SU3986,Sanguisorba officinalis,FALSE
SU3986,Scorzoneroides autumnalis,FALSE
SU3986,Scrophularia auriculata,FALSE
SU3986,Scrophularia nodosa,FALSE
SU3986,Sedum anglicum,FALSE
SU3986,Senecio erucifolius,FALSE
SU3986,Senecio jacobaea,FALSE
SU3986,Senecio vulgaris,TRUE
SU3986,Sherardia arvensis,FALSE
SU3986,Silene dioica,FALSE
SU3986,Silene latifolia,FALSE
SU3986,Silybum marianum,FALSE
SU3986,Sinapis alba,FALSE
SU3986,Sinapis arvensis,TRUE
SU3986,Sisymbrium officinale,FALSE
SU3986,Solanum dulcamara,FALSE
SU3986,Solanum nigrum,FALSE
SU3986,Solanum tuberosum,FALSE
SU3986,Sonchus arvensis,FALSE
SU3986,Sonchus asper,TRUE
SU3986,Sonchus oleraceus,FALSE
SU3986,Sorbus aucuparia,FALSE
SU3986,Spergula arvensis,FALSE
SU3986,Spergularia media,FALSE
SU3986,Stachys arvensis,FALSE
SU3986,Stachys palustris,FALSE
SU3986,Stachys sylvatica,FALSE
SU3986,Stellaria alsine,FALSE
SU3986,Stellaria graminea,FALSE
SU3986,Stellaria holostea,FALSE
SU3986,Stellaria media,TRUE
SU3986,Suaeda maritima,FALSE
SU3986,Succisa pratensis,FALSE
SU3986,Symphytum officinale,FALSE
SU3986,Taraxacum agg,TRUE
SU3986,Taraxacum officinale,FALSE
SU3986,Teucrium scorodonia,FALSE
SU3986,Thlaspi arvense,TRUE
SU3986,Thymus polytrichus,FALSE
SU3986,Thymus vulgaris,FALSE
SU3986,Torilis japonica,FALSE
SU3986,Tragopogon pratensis,FALSE
SU3986,Trientalis europaea,FALSE
SU3986,Trifolium arvense,FALSE
SU3986,Trifolium campestre,FALSE
SU3986,Trifolium constantinopolitanum,FALSE
SU3986,Trifolium dubium,FALSE
SU3986,Trifolium pratense,FALSE
SU3986,Trifolium repens,TRUE
SU3986,Tripleurospermum inodorum,FALSE
SU3986,Tripleurospermum maritimum,FALSE
SU3986,Turgenia latifolia,FALSE
SU3986,Ulex europaeus,FALSE
SU3986,Ulex gallii,FALSE
SU3986,Urtica dioica,FALSE
SU3986,Vaccinium myrtillus,FALSE
SU3986,Vaccinium oxycoccos,FALSE
SU3986,Vaccinium vitis,FALSE
SU3986,Valeriana dioica,FALSE
SU3986,Valeriana officinalis,FALSE
SU3986,Verbena officinalis,FALSE
SU3986,Verbena x,FALSE
SU3986,Veronica agrestis,FALSE
SU3986,Veronica arvensis,FALSE
SU3986,Veronica beccabunga,FALSE
SU3986,Veronica chamaedrys,TRUE
SU3986,Veronica hederifolia,FALSE
SU3986,Veronica montana,FALSE
SU3986,Veronica officinalis,FALSE
SU3986,Veronica persica,TRUE
SU3986,Veronica polita,FALSE
SU3986,Veronica serpyllifolia,FALSE
SU3986,Vicia benghalensis,FALSE
SU3986,Vicia cracca,FALSE
SU3986,Vicia faba,TRUE
SU3986,Vicia hirsuta,FALSE
SU3986,Vicia lutea,FALSE
SU3986,Vicia sativa,FALSE
SU3986,Vicia sepium,FALSE
SU3986,Vicia spp,FALSE
SU3986,Vicia tetrasperma,FALSE
SU3986,Viola arvensis,FALSE
SU3986,Viola canina,FALSE
SU3986,Viola palustris,FALSE
SU3986,Viola riviniana,FALSE
SU3986,Zea mays,FALSE
SU6679,Acer pseudoplatanus,FALSE
SU6679,Achillea millefolium,FALSE
SU6679,Achillea ptarmica,FALSE
SU6679,Aegopodium podagraria,FALSE
SU6679,Aethusa cynapium,FALSE
SU6679,Ajuga reptans,TRUE
SU6679,Alliaria petiolata,TRUE
SU6679,Alnus glutinosa,FALSE
SU6679,Anagallis arvensis,FALSE
SU6679,Anchusa arvensis,FALSE
SU6679,Anemone nemorosa,FALSE
SU6679,Angelica sylvestris,FALSE
SU6679,Anthemis cotula,FALSE
SU6679,Anthriscus caucalis,FALSE
SU6679,Anthriscus sylvestris,FALSE
SU6679,Apium nodiflorum,FALSE
SU6679,Armeria maritima,FALSE
SU6679,Artemisia absinthium,FALSE
SU6679,Artemisia annua,FALSE
SU6679,Artemisia vulgaris,FALSE
SU6679,Aster tripolium,FALSE
SU6679,Atriplex patula,FALSE
SU6679,Atriplex portulacoides,FALSE
SU6679,Ballota nigra,FALSE
SU6679,Barbarea vulgaris,FALSE
SU6679,Bellis perennis,FALSE
SU6679,Berula erecta,FALSE
SU6679,Brassica napus,FALSE
SU6679,Brassica oleracea,FALSE
SU6679,Brassica rapa,FALSE
SU6679,Bryonia dioica,FALSE
SU6679,Buddleja davidii,FALSE
SU6679,Bupleurum tenuissimum,FALSE
SU6679,Calluna vulgaris,FALSE
SU6679,Caltha palustris,FALSE
SU6679,Calystegia sepium,FALSE
SU6679,Campanula rotundifolia,FALSE
SU6679,Capsella bursa,FALSE
SU6679,Cardamine flexuosa,FALSE
SU6679,Cardamine hirsuta,FALSE
SU6679,Cardamine pratensis,FALSE
SU6679,Carduus nutans,FALSE
SU6679,Carum verticillatum,FALSE
SU6679,Centaurea cyanus,FALSE
SU6679,Centaurea nigra,FALSE
SU6679,Centaurea scabiosa,FALSE
SU6679,Centaurium erythraea,FALSE
SU6679,Cerastium arvense,FALSE
SU6679,Cerastium fontanum,FALSE
SU6679,Cerastium glomeratum,FALSE
SU6679,Ceratocapnos claviculata,FALSE
SU6679,Chaerophyllum temulum,FALSE
SU6679,Chamaemelum nobile,FALSE
SU6679,Chamerion angustifolium,FALSE
SU6679,Chenopodium album,FALSE
SU6679,Chenopodium ficifolium,FALSE
SU6679,Chenopodium quinoa,FALSE
SU6679,Cichorium intybus,FALSE
SU6679,Circaea lutetiana,TRUE
SU6679,Cirsium arvense,FALSE
SU6679,Cirsium eriophorum,FALSE
SU6679,Cirsium palustre,FALSE
SU6679,Cirsium vulgare,TRUE
SU6679,Clematis vitalba,FALSE
SU6679,Clinopodium vulgare,FALSE
SU6679,Conium maculatum,FALSE
SU6679,Conopodium majus,FALSE
SU6679,Convolvulus arvensis,FALSE
SU6679,Conyza canadensis,FALSE
SU6679,Cotoneaster salicifolius,FALSE
SU6679,Crataegus monogyna,FALSE
SU6679,Crepis capillaris,FALSE
SU6679,Crepis vesicaria,FALSE
SU6679,Cruciata laevipes,FALSE
SU6679,Cytisus scoparius,FALSE
SU6679,Dactylorhiza fuchsii,FALSE
SU6679,Dactylorhiza maculata,FALSE
SU6679,Daucus carota,FALSE
SU6679,Digitalis ferruginea,FALSE
SU6679,Digitalis grandiflora,FALSE
SU6679,Digitalis purpurea,FALSE
SU6679,Dioscorea communis,FALSE
SU6679,Doronicum plantagineum,FALSE
SU6679,Drosera anglica,FALSE
SU6679,Drosera rotundifolia,FALSE
SU6679,Dryas octopetala,FALSE
SU6679,Epilobium hirsutum,FALSE
SU6679,Epilobium montanum,TRUE
SU6679,Epilobium obscurum,FALSE
SU6679,Epilobium palustre,FALSE
SU6679,Epilobium parviflorum,FALSE
SU6679,Epilobium roseum,FALSE
SU6679,Epilobium tetragonum,FALSE
SU6679,Erica cinerea,FALSE
SU6679,Erica tetralix,FALSE
SU6679,Eriophorum vaginatum,FALSE
SU6679,Eupatorium cannabinum,FALSE
SU6679,Euphorbia exigua,FALSE
SU6679,Euphorbia helioscopia,FALSE
SU6679,Euphrasia officinalis,FALSE
SU6679,Fagopyrum esculentum,FALSE
SU6679,Fallopia convolvulus,FALSE
SU6679,Filipendula ulmaria,FALSE
SU6679,Fumaria officinalis,FALSE
SU6679,Galeopsis speciosa,FALSE
SU6679,Galeopsis tetrahit,FALSE
SU6679,Galium aparine,FALSE
SU6679,Galium mollugo,FALSE
SU6679,Galium odoratum,FALSE
SU6679,Galium palustre,FALSE
SU6679,Galium saxatile,FALSE
SU6679,Galium verum,FALSE
SU6679,Genista anglica,FALSE
SU6679,Geranium dissectum,FALSE
SU6679,Geranium molle,FALSE
SU6679,Geranium nodosum,FALSE
SU6679,Geranium pratense,FALSE
SU6679,Geranium pyrenaicum,FALSE
SU6679,Geranium robertianum,FALSE
SU6679,Geum urbanum,TRUE
SU6679,Glechoma hederacea,FALSE
SU6679,Hedera helix,TRUE
SU6679,Helianthus annuus,FALSE
SU6679,Heracleum mantegazzianum,FALSE
SU6679,Heracleum sphondylium,TRUE
SU6679,Hippocrepis comosa,FALSE
SU6679,Hordeum vulgare,FALSE
SU6679,Hyacinthoides non,TRUE
SU6679,Hypericum forrestii,FALSE
SU6679,Hypericum perforatum,FALSE
SU6679,Hypericum pulchrum,FALSE
SU6679,Hypericum tetrapterum,FALSE
SU6679,Hypochaeris radicata,FALSE
SU6679,Ilex aquifolium,FALSE
SU6679,Impatiens glandulifera,FALSE
SU6679,Impatiens parviflora,TRUE
SU6679,Iris pseudacorus,FALSE
SU6679,Jacobaea erucifolia,FALSE
SU6679,Jacobaea vulgaris,FALSE
SU6679,Jasione montana,FALSE
SU6679,Juncus conglomeratus,FALSE
SU6679,Juncus effusus,FALSE
SU6679,Knautia arvensis,FALSE
SU6679,Lactuca serriola,FALSE
SU6679,Lamium album,TRUE
SU6679,Lamium galeobdolon,FALSE
SU6679,Lamium purpureum,FALSE
SU6679,Lapsana communis,TRUE
SU6679,Lathyrus aphaca,FALSE
SU6679,Lathyrus linifolius,FALSE
SU6679,Lathyrus pratensis,FALSE
SU6679,Leontodon hispidus,FALSE
SU6679,Leontodon saxatilis,FALSE
SU6679,Leucanthemum vulgare,FALSE
SU6679,Ligusticum scoticum,FALSE
SU6679,Limonium vulgare,FALSE
SU6679,Linaria vulgaris,FALSE
SU6679,Linum catharticum,FALSE
SU6679,Linum usitatissimum,FALSE
SU6679,Lonicera caprifolium,FALSE
SU6679,Lonicera periclymenum,FALSE
SU6679,Lotus angustissimus,FALSE
SU6679,Lotus corniculatus,FALSE
SU6679,Lotus pedunculatus,FALSE
SU6679,Lotus subbiflorus,FALSE
SU6679,Luzula campestris,FALSE
SU6679,Lysimachia nemorum,FALSE
SU6679,Lysimachia punctata,FALSE
SU6679,Lysimachia vulgaris,FALSE
SU6679,Lythrum alatum,FALSE
SU6679,Lythrum salicaria,FALSE
SU6679,Malva sylvestris,FALSE
SU6679,Matricaria chamomilla,FALSE
SU6679,Matricaria discoidea,FALSE
SU6679,Medicago lupulina,FALSE
SU6679,Melampyrum pratense,FALSE
SU6679,Mentha aquatica,FALSE
SU6679,Mentha arvensis,FALSE
SU6679,Mercurialis perennis,FALSE
SU6679,Myosotis arvensis,FALSE
SU6679,Myosotis discolor,FALSE
SU6679,Myosotis sylvatica,FALSE
SU6679,Narthecium ossifragum,FALSE
SU6679,Odontites vernus,FALSE
SU6679,Oenanthe crocata,FALSE
SU6679,Origanum vulgare,FALSE
SU6679,Ornithopus perpusillus,FALSE
SU6679,Oxalis acetosella,FALSE
SU6679,Panicum miliaceum,FALSE
SU6679,Papaver rhoeas,FALSE
SU6679,Pedicularis sylvatica,FALSE
SU6679,Persicaria amplexicaulis,FALSE
SU6679,Persicaria bistorta,FALSE
SU6679,Persicaria hydropiper,TRUE
SU6679,Persicaria lapathifolia,FALSE
SU6679,Persicaria maculosa,FALSE
SU6679,Peucedanum ostruthium,FALSE
SU6679,Picris echioides,FALSE
SU6679,Picris hieracioides,FALSE
SU6679,Pilosella officinarum,FALSE
SU6679,Pimpinella saxifraga,FALSE
SU6679,Pinguicula vulgaris,FALSE
SU6679,Plantago lanceolata,FALSE
SU6679,Plantago major,FALSE
SU6679,Plantago maritima,FALSE
SU6679,Poa annua,FALSE
SU6679,Polygala serpyllifolia,FALSE
SU6679,Polygala vulgaris,FALSE
SU6679,Polygonum aviculare,TRUE
SU6679,Potentilla anglica,FALSE
SU6679,Potentilla anserina,FALSE
SU6679,Potentilla erecta,FALSE
SU6679,Potentilla recta,FALSE
SU6679,Potentilla reptans,FALSE
SU6679,Prunella vulgaris,FALSE
SU6679,Prunus spinosa,FALSE
SU6679,Pulicaria dysenterica,FALSE
SU6679,Ranunculus acris,FALSE
SU6679,Ranunculus bulbosus,FALSE
SU6679,Ranunculus ficaria,FALSE
SU6679,Ranunculus flammula,FALSE
SU6679,Ranunculus repens,FALSE
SU6679,Ranunculus sardous,FALSE
SU6679,Raphanus raphanistrum,FALSE
SU6679,Raphanus sativus,FALSE
SU6679,Rhinanthus minor,FALSE
SU6679,Rosa arvensis,FALSE
SU6679,Rosa canina,FALSE
SU6679,Rubus caesius,FALSE
SU6679,Rubus fruticosus,TRUE
SU6679,Rubus idaeus,TRUE
SU6679,Rumex acetosa,FALSE
SU6679,Rumex acetosella,FALSE
SU6679,Rumex crispus,FALSE
SU6679,Rumex obtusifolius,TRUE
SU6679,Rumex sanguineus,FALSE
SU6679,Sagina saginoides,FALSE
SU6679,Sambucus nigra,TRUE
SU6679,Sanguisorba officinalis,FALSE
SU6679,Scorzoneroides autumnalis,FALSE
SU6679,Scrophularia auriculata,FALSE
SU6679,Scrophularia nodosa,FALSE
SU6679,Sedum anglicum,FALSE
SU6679,Senecio erucifolius,FALSE
SU6679,Senecio jacobaea,FALSE
SU6679,Senecio vulgaris,FALSE
SU6679,Sherardia arvensis,FALSE
SU6679,Silene dioica,FALSE
SU6679,Silene latifolia,FALSE
SU6679,Silybum marianum,FALSE
SU6679,Sinapis alba,FALSE
SU6679,Sinapis arvensis,FALSE
SU6679,Sisymbrium officinale,FALSE
SU6679,Solanum dulcamara,TRUE
SU6679,Solanum nigrum,FALSE
SU6679,Solanum tuberosum,FALSE
SU6679,Sonchus arvensis,FALSE
SU6679,Sonchus asper,FALSE
SU6679,Sonchus oleraceus,FALSE
SU6679,Sorbus aucuparia,FALSE
SU6679,Spergula arvensis,FALSE
SU6679,Spergularia media,FALSE
SU6679,Stachys arvensis,FALSE
SU6679,Stachys palustris,FALSE
SU6679,Stachys sylvatica,TRUE
SU6679,Stellaria alsine,FALSE
SU6679,Stellaria graminea,FALSE
SU6679,Stellaria holostea,FALSE
SU6679,Stellaria media,FALSE
SU6679,Suaeda maritima,FALSE
SU6679,Succisa pratensis,FALSE
SU6679,Symphytum officinale,FALSE
SU6679,Taraxacum agg,FALSE
SU6679,Taraxacum officinale,FALSE
SU6679,Teucrium scorodonia,FALSE
SU6679,Thlaspi arvense,FALSE
SU6679,Thymus polytrichus,FALSE
SU6679,Thymus vulgaris,FALSE
SU6679,Torilis japonica,FALSE
SU6679,Tragopogon pratensis,FALSE
SU6679,Trientalis europaea,FALSE
SU6679,Trifolium arvense,FALSE
SU6679,Trifolium campestre,FALSE
SU6679,Trifolium constantinopolitanum,FALSE
SU6679,Trifolium dubium,FALSE
SU6679,Trifolium pratense,FALSE
SU6679,Trifolium repens,FALSE
SU6679,Tripleurospermum inodorum,TRUE
SU6679,Tripleurospermum maritimum,FALSE
SU6679,Turgenia latifolia,FALSE
SU6679,Ulex europaeus,FALSE
SU6679,Ulex gallii,FALSE
SU6679,Urtica dioica,TRUE
SU6679,Vaccinium myrtillus,FALSE
SU6679,Vaccinium oxycoccos,FALSE
SU6679,Vaccinium vitis,FALSE
SU6679,Valeriana dioica,FALSE
SU6679,Valeriana officinalis,FALSE
SU6679,Verbena officinalis,FALSE
SU6679,Verbena x,FALSE
SU6679,Veronica agrestis,FALSE
SU6679,Veronica arvensis,FALSE
SU6679,Veronica beccabunga,FALSE
SU6679,Veronica chamaedrys,FALSE
SU6679,Veronica hederifolia,FALSE
SU6679,Veronica montana,FALSE
SU6679,Veronica officinalis,FALSE
SU6679,Veronica persica,TRUE
SU6679,Veronica polita,FALSE
SU6679,Veronica serpyllifolia,FALSE
SU6679,Vicia benghalensis,FALSE
SU6679,Vicia cracca,FALSE
SU6679,Vicia faba,FALSE
SU6679,Vicia hirsuta,FALSE
SU6679,Vicia lutea,FALSE
SU6679,Vicia sativa,FALSE
SU6679,Vicia sepium,FALSE
SU6679,Vicia spp,FALSE
SU6679,Vicia tetrasperma,FALSE
SU6679,Viola arvensis,FALSE
SU6679,Viola canina,FALSE
SU6679,Viola palustris,FALSE
SU6679,Viola riviniana,FALSE
SU6679,Zea mays,FALSE
SU7800,Acer pseudoplatanus,FALSE
SU7800,Achillea millefolium,FALSE
SU7800,Achillea ptarmica,FALSE
SU7800,Aegopodium podagraria,FALSE
SU7800,Aethusa cynapium,FALSE
SU7800,Ajuga reptans,FALSE
SU7800,Alliaria petiolata,FALSE
SU7800,Alnus glutinosa,FALSE
SU7800,Anagallis arvensis,TRUE
SU7800,Anchusa arvensis,FALSE
SU7800,Anemone nemorosa,FALSE
SU7800,Angelica sylvestris,FALSE
SU7800,Anthemis cotula,FALSE
SU7800,Anthriscus caucalis,FALSE
SU7800,Anthriscus sylvestris,FALSE
SU7800,Apium nodiflorum,FALSE
SU7800,Armeria maritima,FALSE
SU7800,Artemisia absinthium,FALSE
SU7800,Artemisia annua,FALSE
SU7800,Artemisia vulgaris,FALSE
SU7800,Aster tripolium,FALSE
SU7800,Atriplex patula,FALSE
SU7800,Atriplex portulacoides,FALSE
SU7800,Ballota nigra,TRUE
SU7800,Barbarea vulgaris,FALSE
SU7800,Bellis perennis,FALSE
SU7800,Berula erecta,FALSE
SU7800,Brassica napus,FALSE
SU7800,Brassica oleracea,FALSE
SU7800,Brassica rapa,FALSE
SU7800,Bryonia dioica,FALSE
SU7800,Buddleja davidii,FALSE
SU7800,Bupleurum tenuissimum,FALSE
SU7800,Calluna vulgaris,FALSE
SU7800,Caltha palustris,FALSE
SU7800,Calystegia sepium,FALSE
SU7800,Campanula rotundifolia,FALSE
SU7800,Capsella bursa,TRUE
SU7800,Cardamine flexuosa,FALSE
SU7800,Cardamine hirsuta,FALSE
SU7800,Cardamine pratensis,FALSE
SU7800,Carduus nutans,FALSE
SU7800,Carum verticillatum,FALSE
SU7800,Centaurea cyanus,FALSE
SU7800,Centaurea nigra,FALSE
SU7800,Centaurea scabiosa,FALSE
SU7800,Centaurium erythraea,FALSE
SU7800,Cerastium arvense,FALSE
SU7800,Cerastium fontanum,TRUE
SU7800,Cerastium glomeratum,FALSE
SU7800,Ceratocapnos claviculata,FALSE
SU7800,Chaerophyllum temulum,FALSE
SU7800,Chamaemelum nobile,FALSE
SU7800,Chamerion angustifolium,FALSE
SU7800,Chenopodium album,TRUE
SU7800,Chenopodium ficifolium,FALSE
SU7800,Chenopodium quinoa,FALSE
SU7800,Cichorium intybus,FALSE
SU7800,Circaea lutetiana,FALSE
SU7800,Cirsium arvense,TRUE
SU7800,Cirsium eriophorum,FALSE
SU7800,Cirsium palustre,FALSE
SU7800,Cirsium vulgare,TRUE
SU7800,Clematis vitalba,FALSE
SU7800,Clinopodium vulgare,FALSE
SU7800,Conium maculatum,FALSE
SU7800,Conopodium majus,FALSE
SU7800,Convolvulus arvensis,FALSE
SU7800,Conyza canadensis,FALSE
SU7800,Cotoneaster salicifolius,FALSE
SU7800,Crataegus monogyna,FALSE
SU7800,Crepis capillaris,FALSE
SU7800,Crepis vesicaria,FALSE
SU7800,Cruciata laevipes,FALSE
SU7800,Cytisus scoparius,FALSE
SU7800,Dactylorhiza fuchsii,FALSE
SU7800,Dactylorhiza maculata,FALSE
SU7800,Daucus carota,FALSE
SU7800,Digitalis ferruginea,FALSE
SU7800,Digitalis grandiflora,FALSE
SU7800,Digitalis purpurea,FALSE
SU7800,Dioscorea communis,FALSE
SU7800,Doronicum plantagineum,FALSE
SU7800,Drosera anglica,FALSE
SU7800,Drosera rotundifolia,FALSE
SU7800,Dryas octopetala,FALSE
SU7800,Epilobium hirsutum,FALSE
SU7800,Epilobium montanum,FALSE
SU7800,Epilobium obscurum,FALSE
SU7800,Epilobium palustre,FALSE
SU7800,Epilobium parviflorum,FALSE
SU7800,Epilobium roseum,FALSE
SU7800,Epilobium tetragonum,FALSE
SU7800,Erica cinerea,FALSE
SU7800,Erica tetralix,FALSE
SU7800,Eriophorum vaginatum,FALSE
SU7800,Eupatorium cannabinum,FALSE
SU7800,Euphorbia exigua,FALSE
SU7800,Euphorbia helioscopia,FALSE
SU7800,Euphrasia officinalis,FALSE
SU7800,Fagopyrum esculentum,FALSE
SU7800,Fallopia convolvulus,FALSE
SU7800,Filipendula ulmaria,FALSE
SU7800,Fumaria officinalis,FALSE
SU7800,Galeopsis speciosa,FALSE
SU7800,Galeopsis tetrahit,FALSE
SU7800,Galium aparine,TRUE
SU7800,Galium mollugo,FALSE
SU7800,Galium odoratum,FALSE
SU7800,Galium palustre,FALSE
SU7800,Galium saxatile,FALSE
SU7800,Galium verum,FALSE
SU7800,Genista anglica,FALSE
SU7800,Geranium dissectum,TRUE
SU7800,Geranium molle,FALSE
SU7800,Geranium nodosum,FALSE
SU7800,Geranium pratense,FALSE
SU7800,Geranium pyrenaicum,FALSE
SU7800,Geranium robertianum,FALSE
SU7800,Geum urbanum,FALSE
SU7800,Glechoma hederacea,FALSE
SU7800,Hedera helix,FALSE
SU7800,Helianthus annuus,FALSE
SU7800,Heracleum mantegazzianum,FALSE
SU7800,Heracleum sphondylium,TRUE
SU7800,Hippocrepis comosa,FALSE
SU7800,Hordeum vulgare,FALSE
SU7800,Hyacinthoides non,FALSE
SU7800,Hypericum forrestii,FALSE
SU7800,Hypericum perforatum,FALSE
SU7800,Hypericum pulchrum,FALSE
SU7800,Hypericum tetrapterum,FALSE
SU7800,Hypochaeris radicata,TRUE
SU7800,Ilex aquifolium,FALSE
SU7800,Impatiens glandulifera,FALSE
SU7800,Impatiens parviflora,FALSE
SU7800,Iris pseudacorus,FALSE
SU7800,Jacobaea erucifolia,FALSE
SU7800,Jacobaea vulgaris,TRUE
SU7800,Jasione montana,FALSE
SU7800,Juncus conglomeratus,FALSE
SU7800,Juncus effusus,FALSE
SU7800,Knautia arvensis,FALSE
SU7800,Lactuca serriola,FALSE
SU7800,Lamium album,FALSE
SU7800,Lamium galeobdolon,FALSE
SU7800,Lamium purpureum,TRUE
SU7800,Lapsana communis,TRUE
SU7800,Lathyrus aphaca,FALSE
SU7800,Lathyrus linifolius,FALSE
SU7800,Lathyrus pratensis,FALSE
SU7800,Leontodon hispidus,TRUE
SU7800,Leontodon saxatilis,FALSE
SU7800,Leucanthemum vulgare,FALSE
SU7800,Ligusticum scoticum,FALSE
SU7800,Limonium vulgare,FALSE
SU7800,Linaria vulgaris,FALSE
SU7800,Linum catharticum,FALSE
SU7800,Linum usitatissimum,TRUE
SU7800,Lonicera caprifolium,FALSE
SU7800,Lonicera periclymenum,FALSE
SU7800,Lotus angustissimus,FALSE
SU7800,Lotus corniculatus,FALSE
SU7800,Lotus pedunculatus,TRUE
SU7800,Lotus subbiflorus,FALSE
SU7800,Luzula campestris,FALSE
SU7800,Lysimachia nemorum,FALSE
SU7800,Lysimachia punctata,FALSE
SU7800,Lysimachia vulgaris,FALSE
SU7800,Lythrum alatum,FALSE
SU7800,Lythrum salicaria,FALSE
SU7800,Malva sylvestris,FALSE
SU7800,Matricaria chamomilla,FALSE
SU7800,Matricaria discoidea,FALSE
SU7800,Medicago lupulina,FALSE
SU7800,Melampyrum pratense,FALSE
SU7800,Mentha aquatica,FALSE
SU7800,Mentha arvensis,FALSE
SU7800,Mercurialis perennis,FALSE
SU7800,Myosotis arvensis,FALSE
SU7800,Myosotis discolor,FALSE
SU7800,Myosotis sylvatica,FALSE
SU7800,Narthecium ossifragum,FALSE
SU7800,Odontites vernus,FALSE
SU7800,Oenanthe crocata,TRUE
SU7800,Origanum vulgare,FALSE
SU7800,Ornithopus perpusillus,FALSE
SU7800,Oxalis acetosella,FALSE
SU7800,Panicum miliaceum,FALSE
SU7800,Papaver rhoeas,FALSE
SU7800,Pedicularis sylvatica,FALSE
SU7800,Persicaria amplexicaulis,FALSE
SU7800,Persicaria bistorta,FALSE
SU7800,Persicaria hydropiper,FALSE
SU7800,Persicaria lapathifolia,FALSE
SU7800,Persicaria maculosa,FALSE
SU7800,Peucedanum ostruthium,FALSE
SU7800,Picris echioides,TRUE
SU7800,Picris hieracioides,FALSE
SU7800,Pilosella officinarum,FALSE
SU7800,Pimpinella saxifraga,FALSE
SU7800,Pinguicula vulgaris,FALSE
SU7800,Plantago lanceolata,FALSE
SU7800,Plantago major,FALSE
SU7800,Plantago maritima,FALSE
SU7800,Poa annua,FALSE
SU7800,Polygala serpyllifolia,FALSE
SU7800,Polygala vulgaris,FALSE
SU7800,Polygonum aviculare,FALSE
SU7800,Potentilla anglica,FALSE
SU7800,Potentilla anserina,FALSE
SU7800,Potentilla erecta,FALSE
SU7800,Potentilla recta,FALSE
SU7800,Potentilla reptans,FALSE
SU7800,Prunella vulgaris,FALSE
SU7800,Prunus spinosa,FALSE
SU7800,Pulicaria dysenterica,TRUE
SU7800,Ranunculus acris,FALSE
SU7800,Ranunculus bulbosus,FALSE
SU7800,Ranunculus ficaria,FALSE
SU7800,Ranunculus flammula,FALSE
SU7800,Ranunculus repens,TRUE
SU7800,Ranunculus sardous,FALSE
SU7800,Raphanus raphanistrum,FALSE
SU7800,Raphanus sativus,FALSE
SU7800,Rhinanthus minor,FALSE
SU7800,Rosa arvensis,FALSE
SU7800,Rosa canina,FALSE
SU7800,Rubus caesius,FALSE
SU7800,Rubus fruticosus,TRUE
SU7800,Rubus idaeus,FALSE
SU7800,Rumex acetosa,FALSE
SU7800,Rumex acetosella,FALSE
SU7800,Rumex crispus,TRUE
SU7800,Rumex obtusifolius,TRUE
SU7800,Rumex sanguineus,TRUE
SU7800,Sagina saginoides,FALSE
SU7800,Sambucus nigra,FALSE
SU7800,Sanguisorba officinalis,FALSE
SU7800,Scorzoneroides autumnalis,FALSE
SU7800,Scrophularia auriculata,FALSE
SU7800,Scrophularia nodosa,FALSE
SU7800,Sedum anglicum,FALSE
SU7800,Senecio erucifolius,FALSE
SU7800,Senecio jacobaea,TRUE
SU7800,Senecio vulgaris,TRUE
SU7800,Sherardia arvensis,TRUE
SU7800,Silene dioica,FALSE
SU7800,Silene latifolia,TRUE
SU7800,Silybum marianum,FALSE
SU7800,Sinapis alba,FALSE
SU7800,Sinapis arvensis,TRUE
SU7800,Sisymbrium officinale,FALSE
SU7800,Solanum dulcamara,FALSE
SU7800,Solanum nigrum,FALSE
SU7800,Solanum tuberosum,FALSE
SU7800,Sonchus arvensis,TRUE
SU7800,Sonchus asper,TRUE
SU7800,Sonchus oleraceus,TRUE
SU7800,Sorbus aucuparia,FALSE
SU7800,Spergula arvensis,TRUE
SU7800,Spergularia media,FALSE
SU7800,Stachys arvensis,FALSE
SU7800,Stachys palustris,FALSE
SU7800,Stachys sylvatica,FALSE
SU7800,Stellaria alsine,FALSE
SU7800,Stellaria graminea,TRUE
SU7800,Stellaria holostea,FALSE
SU7800,Stellaria media,TRUE
SU7800,Suaeda maritima,FALSE
SU7800,Succisa pratensis,FALSE
SU7800,Symphytum officinale,FALSE
SU7800,Taraxacum agg,FALSE
SU7800,Taraxacum officinale,FALSE
SU7800,Teucrium scorodonia,FALSE
SU7800,Thlaspi arvense,FALSE
SU7800,Thymus polytrichus,FALSE
SU7800,Thymus vulgaris,FALSE
SU7800,Torilis japonica,FALSE
SU7800,Tragopogon pratensis,FALSE
SU7800,Trientalis europaea,FALSE
SU7800,Trifolium arvense,FALSE
SU7800,Trifolium campestre,FALSE
SU7800,Trifolium constantinopolitanum,FALSE
SU7800,Trifolium dubium,FALSE
SU7800,Trifolium pratense,FALSE
SU7800,Trifolium repens,FALSE
SU7800,Tripleurospermum inodorum,TRUE
SU7800,Tripleurospermum maritimum,TRUE
SU7800,Turgenia latifolia,FALSE
SU7800,Ulex europaeus,FALSE
SU7800,Ulex gallii,FALSE
SU7800,Urtica dioica,TRUE
SU7800,Vaccinium myrtillus,FALSE
SU7800,Vaccinium oxycoccos,FALSE
SU7800,Vaccinium vitis,FALSE
SU7800,Valeriana dioica,FALSE
SU7800,Valeriana officinalis,FALSE
SU7800,Verbena officinalis,FALSE
SU7800,Verbena x,FALSE
SU7800,Veronica agrestis,FALSE
SU7800,Veronica arvensis,FALSE
SU7800,Veronica beccabunga,FALSE
SU7800,Veronica chamaedrys,FALSE
SU7800,Veronica hederifolia,FALSE
SU7800,Veronica montana,FALSE
SU7800,Veronica officinalis,FALSE
SU7800,Veronica persica,TRUE
SU7800,Veronica polita,FALSE
SU7800,Veronica serpyllifolia,FALSE
SU7800,Vicia benghalensis,FALSE
SU7800,Vicia cracca,FALSE
SU7800,Vicia faba,FALSE
SU7800,Vicia hirsuta,FALSE
SU7800,Vicia lutea,FALSE
SU7800,Vicia sativa,TRUE
SU7800,Vicia sepium,FALSE
SU7800,Vicia spp,FALSE
SU7800,Vicia tetrasperma,TRUE
SU7800,Viola arvensis,FALSE
SU7800,Viola canina,FALSE
SU7800,Viola palustris,FALSE
SU7800,Viola riviniana,FALSE
SU7800,Zea mays,FALSE
SX7048,Acer pseudoplatanus,FALSE
SX7048,Achillea millefolium,FALSE
SX7048,Achillea ptarmica,FALSE
SX7048,Aegopodium podagraria,FALSE
SX7048,Aethusa cynapium,FALSE
SX7048,Ajuga reptans,FALSE
SX7048,Alliaria petiolata,FALSE
SX7048,Alnus glutinosa,FALSE
SX7048,Anagallis arvensis,TRUE
SX7048,Anchusa arvensis,FALSE
SX7048,Anemone nemorosa,FALSE
SX7048,Angelica sylvestris,FALSE
SX7048,Anthemis cotula,FALSE
SX7048,Anthriscus caucalis,FALSE
SX7048,Anthriscus sylvestris,TRUE
SX7048,Apium nodiflorum,FALSE
SX7048,Armeria maritima,FALSE
SX7048,Artemisia absinthium,FALSE
SX7048,Artemisia annua,FALSE
SX7048,Artemisia vulgaris,FALSE
SX7048,Aster tripolium,FALSE
SX7048,Atriplex patula,FALSE
SX7048,Atriplex portulacoides,FALSE
SX7048,Ballota nigra,FALSE
SX7048,Barbarea vulgaris,FALSE
SX7048,Bellis perennis,FALSE
SX7048,Berula erecta,FALSE
SX7048,Brassica napus,FALSE
SX7048,Brassica oleracea,FALSE
SX7048,Brassica rapa,FALSE
SX7048,Bryonia dioica,FALSE
SX7048,Buddleja davidii,FALSE
SX7048,Bupleurum tenuissimum,FALSE
SX7048,Calluna vulgaris,FALSE
SX7048,Caltha palustris,FALSE
SX7048,Calystegia sepium,FALSE
SX7048,Campanula rotundifolia,FALSE
SX7048,Capsella bursa,FALSE
SX7048,Cardamine flexuosa,FALSE
SX7048,Cardamine hirsuta,FALSE
SX7048,Cardamine pratensis,FALSE
SX7048,Carduus nutans,FALSE
SX7048,Carum verticillatum,FALSE
SX7048,Centaurea cyanus,FALSE
SX7048,Centaurea nigra,FALSE
SX7048,Centaurea scabiosa,FALSE
SX7048,Centaurium erythraea,FALSE
SX7048,Cerastium arvense,FALSE
SX7048,Cerastium fontanum,TRUE
SX7048,Cerastium glomeratum,FALSE
SX7048,Ceratocapnos claviculata,FALSE
SX7048,Chaerophyllum temulum,FALSE
SX7048,Chamaemelum nobile,FALSE
SX7048,Chamerion angustifolium,TRUE
SX7048,Chenopodium album,FALSE
SX7048,Chenopodium ficifolium,FALSE
SX7048,Chenopodium quinoa,FALSE
SX7048,Cichorium intybus,FALSE
SX7048,Circaea lutetiana,FALSE
SX7048,Cirsium arvense,TRUE
SX7048,Cirsium eriophorum,FALSE
SX7048,Cirsium palustre,FALSE
SX7048,Cirsium vulgare,FALSE
SX7048,Clematis vitalba,FALSE
SX7048,Clinopodium vulgare,FALSE
SX7048,Conium maculatum,TRUE
SX7048,Conopodium majus,FALSE
SX7048,Convolvulus arvensis,FALSE
SX7048,Conyza canadensis,FALSE
SX7048,Cotoneaster salicifolius,FALSE
SX7048,Crataegus monogyna,TRUE
SX7048,Crepis capillaris,TRUE
SX7048,Crepis vesicaria,FALSE
SX7048,Cruciata laevipes,FALSE
SX7048,Cytisus scoparius,FALSE
SX7048,Dactylorhiza fuchsii,FALSE
SX7048,Dactylorhiza maculata,FALSE
SX7048,Daucus carota,FALSE
SX7048,Digitalis ferruginea,FALSE
SX7048,Digitalis grandiflora,FALSE
SX7048,Digitalis purpurea,FALSE
SX7048,Dioscorea communis,FALSE
SX7048,Doronicum plantagineum,FALSE
SX7048,Drosera anglica,FALSE
SX7048,Drosera rotundifolia,FALSE
SX7048,Dryas octopetala,FALSE
SX7048,Epilobium hirsutum,FALSE
SX7048,Epilobium montanum,FALSE
SX7048,Epilobium obscurum,FALSE
SX7048,Epilobium palustre,FALSE
SX7048,Epilobium parviflorum,FALSE
SX7048,Epilobium roseum,FALSE
SX7048,Epilobium tetragonum,FALSE
SX7048,Erica cinerea,FALSE
SX7048,Erica tetralix,FALSE
SX7048,Eriophorum vaginatum,FALSE
SX7048,Eupatorium cannabinum,FALSE
SX7048,Euphorbia exigua,FALSE
SX7048,Euphorbia helioscopia,FALSE
SX7048,Euphrasia officinalis,FALSE
SX7048,Fagopyrum esculentum,FALSE
SX7048,Fallopia convolvulus,FALSE
SX7048,Filipendula ulmaria,FALSE
SX7048,Fumaria officinalis,FALSE
SX7048,Galeopsis speciosa,FALSE
SX7048,Galeopsis tetrahit,FALSE
SX7048,Galium aparine,TRUE
SX7048,Galium mollugo,FALSE
SX7048,Galium odoratum,FALSE
SX7048,Galium palustre,FALSE
SX7048,Galium saxatile,FALSE
SX7048,Galium verum,FALSE
SX7048,Genista anglica,FALSE
SX7048,Geranium dissectum,FALSE
SX7048,Geranium molle,FALSE
SX7048,Geranium nodosum,FALSE
SX7048,Geranium pratense,FALSE
SX7048,Geranium pyrenaicum,FALSE
SX7048,Geranium robertianum,TRUE
SX7048,Geum urbanum,FALSE
SX7048,Glechoma hederacea,FALSE
SX7048,Hedera helix,FALSE
SX7048,Helianthus annuus,FALSE
SX7048,Heracleum mantegazzianum,FALSE
SX7048,Heracleum sphondylium,TRUE
SX7048,Hippocrepis comosa,FALSE
SX7048,Hordeum vulgare,FALSE
SX7048,Hyacinthoides non,FALSE
SX7048,Hypericum forrestii,FALSE
SX7048,Hypericum perforatum,FALSE
SX7048,Hypericum pulchrum,FALSE
SX7048,Hypericum tetrapterum,FALSE
SX7048,Hypochaeris radicata,TRUE
SX7048,Ilex aquifolium,FALSE
SX7048,Impatiens glandulifera,FALSE
SX7048,Impatiens parviflora,FALSE
SX7048,Iris pseudacorus,FALSE
SX7048,Jacobaea erucifolia,FALSE
SX7048,Jacobaea vulgaris,FALSE
SX7048,Jasione montana,FALSE
SX7048,Juncus conglomeratus,FALSE
SX7048,Juncus effusus,FALSE
SX7048,Knautia arvensis,FALSE
SX7048,Lactuca serriola,FALSE
SX7048,Lamium album,FALSE
SX7048,Lamium galeobdolon,FALSE
SX7048,Lamium purpureum,FALSE
SX7048,Lapsana communis,TRUE
SX7048,Lathyrus aphaca,FALSE
SX7048,Lathyrus linifolius,FALSE
SX7048,Lathyrus pratensis,TRUE
SX7048,Leontodon hispidus,FALSE
SX7048,Leontodon saxatilis,FALSE
SX7048,Leucanthemum vulgare,FALSE
SX7048,Ligusticum scoticum,FALSE
SX7048,Limonium vulgare,FALSE
SX7048,Linaria vulgaris,FALSE
SX7048,Linum catharticum,FALSE
SX7048,Linum usitatissimum,FALSE
SX7048,Lonicera caprifolium,FALSE
SX7048,Lonicera periclymenum,FALSE
SX7048,Lotus angustissimus,FALSE
SX7048,Lotus corniculatus,FALSE
SX7048,Lotus pedunculatus,FALSE
SX7048,Lotus subbiflorus,FALSE
SX7048,Luzula campestris,FALSE
SX7048,Lysimachia nemorum,FALSE
SX7048,Lysimachia punctata,FALSE
SX7048,Lysimachia vulgaris,FALSE
SX7048,Lythrum alatum,FALSE
SX7048,Lythrum salicaria,FALSE
SX7048,Malva sylvestris,FALSE
SX7048,Matricaria chamomilla,FALSE
SX7048,Matricaria discoidea,FALSE
SX7048,Medicago lupulina,FALSE
SX7048,Melampyrum pratense,FALSE
SX7048,Mentha aquatica,FALSE
SX7048,Mentha arvensis,FALSE
SX7048,Mercurialis perennis,FALSE
SX7048,Myosotis arvensis,FALSE
SX7048,Myosotis discolor,FALSE
SX7048,Myosotis sylvatica,FALSE
SX7048,Narthecium ossifragum,FALSE
SX7048,Odontites vernus,FALSE
SX7048,Oenanthe crocata,FALSE
SX7048,Origanum vulgare,FALSE
SX7048,Ornithopus perpusillus,FALSE
SX7048,Oxalis acetosella,FALSE
SX7048,Panicum miliaceum,FALSE
SX7048,Papaver rhoeas,FALSE
SX7048,Pedicularis sylvatica,FALSE
SX7048,Persicaria amplexicaulis,FALSE
SX7048,Persicaria bistorta,FALSE
SX7048,Persicaria hydropiper,FALSE
SX7048,Persicaria lapathifolia,FALSE
SX7048,Persicaria maculosa,FALSE
SX7048,Peucedanum ostruthium,FALSE
SX7048,Picris echioides,FALSE
SX7048,Picris hieracioides,FALSE
SX7048,Pilosella officinarum,FALSE
SX7048,Pimpinella saxifraga,FALSE
SX7048,Pinguicula vulgaris,FALSE
SX7048,Plantago lanceolata,TRUE
SX7048,Plantago major,FALSE
SX7048,Plantago maritima,FALSE
SX7048,Poa annua,FALSE
SX7048,Polygala serpyllifolia,FALSE
SX7048,Polygala vulgaris,FALSE
SX7048,Polygonum aviculare,TRUE
SX7048,Potentilla anglica,FALSE
SX7048,Potentilla anserina,FALSE
SX7048,Potentilla erecta,FALSE
SX7048,Potentilla recta,FALSE
SX7048,Potentilla reptans,FALSE
SX7048,Prunella vulgaris,FALSE
SX7048,Prunus spinosa,FALSE
SX7048,Pulicaria dysenterica,FALSE
SX7048,Ranunculus acris,FALSE
SX7048,Ranunculus bulbosus,TRUE
SX7048,Ranunculus ficaria,FALSE
SX7048,Ranunculus flammula,FALSE
SX7048,Ranunculus repens,TRUE
SX7048,Ranunculus sardous,FALSE
SX7048,Raphanus raphanistrum,FALSE
SX7048,Raphanus sativus,FALSE
SX7048,Rhinanthus minor,FALSE
SX7048,Rosa arvensis,FALSE
SX7048,Rosa canina,FALSE
SX7048,Rubus caesius,FALSE
SX7048,Rubus fruticosus,TRUE
SX7048,Rubus idaeus,FALSE
SX7048,Rumex acetosa,FALSE
SX7048,Rumex acetosella,FALSE
SX7048,Rumex crispus,FALSE
SX7048,Rumex obtusifolius,FALSE
SX7048,Rumex sanguineus,FALSE
SX7048,Sagina saginoides,FALSE
SX7048,Sambucus nigra,FALSE
SX7048,Sanguisorba officinalis,FALSE
SX7048,Scorzoneroides autumnalis,TRUE
SX7048,Scrophularia auriculata,FALSE
SX7048,Scrophularia nodosa,FALSE
SX7048,Sedum anglicum,FALSE
SX7048,Senecio erucifolius,FALSE
SX7048,Senecio jacobaea,FALSE
SX7048,Senecio vulgaris,FALSE
SX7048,Sherardia arvensis,FALSE
SX7048,Silene dioica,TRUE
SX7048,Silene latifolia,FALSE
SX7048,Silybum marianum,FALSE
SX7048,Sinapis alba,FALSE
SX7048,Sinapis arvensis,FALSE
SX7048,Sisymbrium officinale,FALSE
SX7048,Solanum dulcamara,FALSE
SX7048,Solanum nigrum,FALSE
SX7048,Solanum tuberosum,TRUE
SX7048,Sonchus arvensis,FALSE
SX7048,Sonchus asper,FALSE
SX7048,Sonchus oleraceus,FALSE
SX7048,Sorbus aucuparia,FALSE
SX7048,Spergula arvensis,FALSE
SX7048,Spergularia media,FALSE
SX7048,Stachys arvensis,FALSE
SX7048,Stachys palustris,FALSE
SX7048,Stachys sylvatica,FALSE
SX7048,Stellaria alsine,FALSE
SX7048,Stellaria graminea,TRUE
SX7048,Stellaria holostea,FALSE
SX7048,Stellaria media,FALSE
SX7048,Suaeda maritima,FALSE
SX7048,Succisa pratensis,FALSE
SX7048,Symphytum officinale,FALSE
SX7048,Taraxacum agg,FALSE
SX7048,Taraxacum officinale,FALSE
SX7048,Teucrium scorodonia,FALSE
SX7048,Thlaspi arvense,FALSE
SX7048,Thymus polytrichus,FALSE
SX7048,Thymus vulgaris,FALSE
SX7048,Torilis japonica,FALSE
SX7048,Tragopogon pratensis,FALSE
SX7048,Trientalis europaea,FALSE
SX7048,Trifolium arvense,FALSE
SX7048,Trifolium campestre,FALSE
SX7048,Trifolium constantinopolitanum,FALSE
SX7048,Trifolium dubium,FALSE
SX7048,Trifolium pratense,FALSE
SX7048,Trifolium repens,TRUE
SX7048,Tripleurospermum inodorum,FALSE
SX7048,Tripleurospermum maritimum,FALSE
SX7048,Turgenia latifolia,FALSE
SX7048,Ulex europaeus,FALSE
SX7048,Ulex gallii,FALSE
SX7048,Urtica dioica,TRUE
SX7048,Vaccinium myrtillus,FALSE
SX7048,Vaccinium oxycoccos,FALSE
SX7048,Vaccinium vitis,FALSE
SX7048,Valeriana dioica,FALSE
SX7048,Valeriana officinalis,FALSE
SX7048,Verbena officinalis,FALSE
SX7048,Verbena x,FALSE
SX7048,Veronica agrestis,FALSE
SX7048,Veronica arvensis,FALSE
SX7048,Veronica beccabunga,FALSE
SX7048,Veronica chamaedrys,FALSE
SX7048,Veronica hederifolia,FALSE
SX7048,Veronica montana,FALSE
SX7048,Veronica officinalis,FALSE
SX7048,Veronica persica,TRUE
SX7048,Veronica polita,FALSE
SX7048,Veronica serpyllifolia,FALSE
SX7048,Vicia benghalensis,FALSE
SX7048,Vicia cracca,FALSE
SX7048,Vicia faba,FALSE
SX7048,Vicia hirsuta,FALSE
SX7048,Vicia lutea,FALSE
SX7048,Vicia sativa,FALSE
SX7048,Vicia sepium,FALSE
SX7048,Vicia spp,FALSE
SX7048,Vicia tetrasperma,FALSE
SX7048,Viola arvensis,FALSE
SX7048,Viola canina,FALSE
SX7048,Viola palustris,FALSE
SX7048,Viola riviniana,FALSE
SX7048,Zea mays,FALSE
SX8144,Acer pseudoplatanus,FALSE
SX8144,Achillea millefolium,FALSE
SX8144,Achillea ptarmica,FALSE
SX8144,Aegopodium podagraria,TRUE
SX8144,Aethusa cynapium,FALSE
SX8144,Ajuga reptans,FALSE
SX8144,Alliaria petiolata,TRUE
SX8144,Alnus glutinosa,FALSE
SX8144,Anagallis arvensis,FALSE
SX8144,Anchusa arvensis,FALSE
SX8144,Anemone nemorosa,FALSE
SX8144,Angelica sylvestris,FALSE
SX8144,Anthemis cotula,FALSE
SX8144,Anthriscus caucalis,FALSE
SX8144,Anthriscus sylvestris,TRUE
SX8144,Apium nodiflorum,FALSE
SX8144,Armeria maritima,FALSE
SX8144,Artemisia absinthium,FALSE
SX8144,Artemisia annua,FALSE
SX8144,Artemisia vulgaris,FALSE
SX8144,Aster tripolium,FALSE
SX8144,Atriplex patula,FALSE
SX8144,Atriplex portulacoides,FALSE
SX8144,Ballota nigra,FALSE
SX8144,Barbarea vulgaris,FALSE
SX8144,Bellis perennis,TRUE
SX8144,Berula erecta,FALSE
SX8144,Brassica napus,FALSE
SX8144,Brassica oleracea,FALSE
SX8144,Brassica rapa,FALSE
SX8144,Bryonia dioica,FALSE
SX8144,Buddleja davidii,FALSE
SX8144,Bupleurum tenuissimum,FALSE
SX8144,Calluna vulgaris,FALSE
SX8144,Caltha palustris,FALSE
SX8144,Calystegia sepium,TRUE
SX8144,Campanula rotundifolia,FALSE
SX8144,Capsella bursa,FALSE
SX8144,Cardamine flexuosa,FALSE
SX8144,Cardamine hirsuta,FALSE
SX8144,Cardamine pratensis,FALSE
SX8144,Carduus nutans,FALSE
SX8144,Carum verticillatum,FALSE
SX8144,Centaurea cyanus,FALSE
SX8144,Centaurea nigra,FALSE
SX8144,Centaurea scabiosa,FALSE
SX8144,Centaurium erythraea,FALSE
SX8144,Cerastium arvense,FALSE
SX8144,Cerastium fontanum,TRUE
SX8144,Cerastium glomeratum,FALSE
SX8144,Ceratocapnos claviculata,FALSE
SX8144,Chaerophyllum temulum,TRUE
SX8144,Chamaemelum nobile,FALSE
SX8144,Chamerion angustifolium,FALSE
SX8144,Chenopodium album,FALSE
SX8144,Chenopodium ficifolium,FALSE
SX8144,Chenopodium quinoa,FALSE
SX8144,Cichorium intybus,FALSE
SX8144,Circaea lutetiana,TRUE
SX8144,Cirsium arvense,FALSE
SX8144,Cirsium eriophorum,FALSE
SX8144,Cirsium palustre,FALSE
SX8144,Cirsium vulgare,FALSE
SX8144,Clematis vitalba,FALSE
SX8144,Clinopodium vulgare,FALSE
SX8144,Conium maculatum,FALSE
SX8144,Conopodium majus,FALSE
SX8144,Convolvulus arvensis,FALSE
SX8144,Conyza canadensis,FALSE
SX8144,Cotoneaster salicifolius,FALSE
SX8144,Crataegus monogyna,FALSE
SX8144,Crepis capillaris,TRUE
SX8144,Crepis vesicaria,FALSE
SX8144,Cruciata laevipes,FALSE
SX8144,Cytisus scoparius,FALSE
SX8144,Dactylorhiza fuchsii,FALSE
SX8144,Dactylorhiza maculata,FALSE
SX8144,Daucus carota,FALSE
SX8144,Digitalis ferruginea,FALSE
SX8144,Digitalis grandiflora,FALSE
SX8144,Digitalis purpurea,FALSE
SX8144,Dioscorea communis,FALSE
SX8144,Doronicum plantagineum,FALSE
SX8144,Drosera anglica,FALSE
SX8144,Drosera rotundifolia,FALSE
SX8144,Dryas octopetala,FALSE
SX8144,Epilobium hirsutum,TRUE
SX8144,Epilobium montanum,FALSE
SX8144,Epilobium obscurum,FALSE
SX8144,Epilobium palustre,FALSE
SX8144,Epilobium parviflorum,FALSE
SX8144,Epilobium roseum,FALSE
SX8144,Epilobium tetragonum,FALSE
SX8144,Erica cinerea,FALSE
SX8144,Erica tetralix,FALSE
SX8144,Eriophorum vaginatum,FALSE
SX8144,Eupatorium cannabinum,FALSE
SX8144,Euphorbia exigua,FALSE
SX8144,Euphorbia helioscopia,FALSE
SX8144,Euphrasia officinalis,FALSE
SX8144,Fagopyrum esculentum,FALSE
SX8144,Fallopia convolvulus,FALSE
SX8144,Filipendula ulmaria,FALSE
SX8144,Fumaria officinalis,FALSE
SX8144,Galeopsis speciosa,FALSE
SX8144,Galeopsis tetrahit,FALSE
SX8144,Galium aparine,TRUE
SX8144,Galium mollugo,TRUE
SX8144,Galium odoratum,FALSE
SX8144,Galium palustre,FALSE
SX8144,Galium saxatile,FALSE
SX8144,Galium verum,FALSE
SX8144,Genista anglica,FALSE
SX8144,Geranium dissectum,TRUE
SX8144,Geranium molle,TRUE
SX8144,Geranium nodosum,TRUE
SX8144,Geranium pratense,FALSE
SX8144,Geranium pyrenaicum,FALSE
SX8144,Geranium robertianum,TRUE
SX8144,Geum urbanum,TRUE
SX8144,Glechoma hederacea,TRUE
SX8144,Hedera helix,TRUE
SX8144,Helianthus annuus,FALSE
SX8144,Heracleum mantegazzianum,FALSE
SX8144,Heracleum sphondylium,TRUE
SX8144,Hippocrepis comosa,FALSE
SX8144,Hordeum vulgare,FALSE
SX8144,Hyacinthoides non,FALSE
SX8144,Hypericum forrestii,FALSE
SX8144,Hypericum perforatum,FALSE
SX8144,Hypericum pulchrum,FALSE
SX8144,Hypericum tetrapterum,FALSE
SX8144,Hypochaeris radicata,TRUE
SX8144,Ilex aquifolium,FALSE
SX8144,Impatiens glandulifera,FALSE
SX8144,Impatiens parviflora,FALSE
SX8144,Iris pseudacorus,FALSE
SX8144,Jacobaea erucifolia,FALSE
SX8144,Jacobaea vulgaris,FALSE
SX8144,Jasione montana,FALSE
SX8144,Juncus conglomeratus,FALSE
SX8144,Juncus effusus,FALSE
SX8144,Knautia arvensis,FALSE
SX8144,Lactuca serriola,FALSE
SX8144,Lamium album,TRUE
SX8144,Lamium galeobdolon,FALSE
SX8144,Lamium purpureum,TRUE
SX8144,Lapsana communis,TRUE
SX8144,Lathyrus aphaca,FALSE
SX8144,Lathyrus linifolius,FALSE
SX8144,Lathyrus pratensis,FALSE
SX8144,Leontodon hispidus,TRUE
SX8144,Leontodon saxatilis,FALSE
SX8144,Leucanthemum vulgare,FALSE
SX8144,Ligusticum scoticum,FALSE
SX8144,Limonium vulgare,FALSE
SX8144,Linaria vulgaris,FALSE
SX8144,Linum catharticum,FALSE
SX8144,Linum usitatissimum,FALSE
SX8144,Lonicera caprifolium,FALSE
SX8144,Lonicera periclymenum,FALSE
SX8144,Lotus angustissimus,FALSE
SX8144,Lotus corniculatus,FALSE
SX8144,Lotus pedunculatus,FALSE
SX8144,Lotus subbiflorus,FALSE
SX8144,Luzula campestris,FALSE
SX8144,Lysimachia nemorum,FALSE
SX8144,Lysimachia punctata,FALSE
SX8144,Lysimachia vulgaris,FALSE
SX8144,Lythrum alatum,FALSE
SX8144,Lythrum salicaria,FALSE
SX8144,Malva sylvestris,FALSE
SX8144,Matricaria chamomilla,FALSE
SX8144,Matricaria discoidea,FALSE
SX8144,Medicago lupulina,FALSE
SX8144,Melampyrum pratense,FALSE
SX8144,Mentha aquatica,FALSE
SX8144,Mentha arvensis,FALSE
SX8144,Mercurialis perennis,TRUE
SX8144,Myosotis arvensis,FALSE
SX8144,Myosotis discolor,TRUE
SX8144,Myosotis sylvatica,FALSE
SX8144,Narthecium ossifragum,FALSE
SX8144,Odontites vernus,FALSE
SX8144,Oenanthe crocata,FALSE
SX8144,Origanum vulgare,FALSE
SX8144,Ornithopus perpusillus,FALSE
SX8144,Oxalis acetosella,FALSE
SX8144,Panicum miliaceum,FALSE
SX8144,Papaver rhoeas,FALSE
SX8144,Pedicularis sylvatica,FALSE
SX8144,Persicaria amplexicaulis,FALSE
SX8144,Persicaria bistorta,FALSE
SX8144,Persicaria hydropiper,FALSE
SX8144,Persicaria lapathifolia,FALSE
SX8144,Persicaria maculosa,FALSE
SX8144,Peucedanum ostruthium,FALSE
SX8144,Picris echioides,FALSE
SX8144,Picris hieracioides,FALSE
SX8144,Pilosella officinarum,FALSE
SX8144,Pimpinella saxifraga,FALSE
SX8144,Pinguicula vulgaris,FALSE
SX8144,Plantago lanceolata,TRUE
SX8144,Plantago major,FALSE
SX8144,Plantago maritima,FALSE
SX8144,Poa annua,FALSE
SX8144,Polygala serpyllifolia,FALSE
SX8144,Polygala vulgaris,FALSE
SX8144,Polygonum aviculare,FALSE
SX8144,Potentilla anglica,FALSE
SX8144,Potentilla anserina,FALSE
SX8144,Potentilla erecta,FALSE
SX8144,Potentilla recta,FALSE
SX8144,Potentilla reptans,FALSE
SX8144,Prunella vulgaris,TRUE
SX8144,Prunus spinosa,FALSE
SX8144,Pulicaria dysenterica,FALSE
SX8144,Ranunculus acris,TRUE
SX8144,Ranunculus bulbosus,FALSE
SX8144,Ranunculus ficaria,FALSE
SX8144,Ranunculus flammula,FALSE
SX8144,Ranunculus repens,TRUE
SX8144,Ranunculus sardous,FALSE
SX8144,Raphanus raphanistrum,FALSE
SX8144,Raphanus sativus,FALSE
SX8144,Rhinanthus minor,FALSE
SX8144,Rosa arvensis,FALSE
SX8144,Rosa canina,TRUE
SX8144,Rubus caesius,FALSE
SX8144,Rubus fruticosus,TRUE
SX8144,Rubus idaeus,FALSE
SX8144,Rumex acetosa,FALSE
SX8144,Rumex acetosella,FALSE
SX8144,Rumex crispus,FALSE
SX8144,Rumex obtusifolius,FALSE
SX8144,Rumex sanguineus,FALSE
SX8144,Sagina saginoides,FALSE
SX8144,Sambucus nigra,FALSE
SX8144,Sanguisorba officinalis,FALSE
SX8144,Scorzoneroides autumnalis,FALSE
SX8144,Scrophularia auriculata,FALSE
SX8144,Scrophularia nodosa,FALSE
SX8144,Sedum anglicum,FALSE
SX8144,Senecio erucifolius,FALSE
SX8144,Senecio jacobaea,FALSE
SX8144,Senecio vulgaris,FALSE
SX8144,Sherardia arvensis,TRUE
SX8144,Silene dioica,TRUE
SX8144,Silene latifolia,FALSE
SX8144,Silybum marianum,FALSE
SX8144,Sinapis alba,FALSE
SX8144,Sinapis arvensis,FALSE
SX8144,Sisymbrium officinale,FALSE
SX8144,Solanum dulcamara,FALSE
SX8144,Solanum nigrum,FALSE
SX8144,Solanum tuberosum,FALSE
SX8144,Sonchus arvensis,FALSE
SX8144,Sonchus asper,TRUE
SX8144,Sonchus oleraceus,FALSE
SX8144,Sorbus aucuparia,FALSE
SX8144,Spergula arvensis,FALSE
SX8144,Spergularia media,FALSE
SX8144,Stachys arvensis,FALSE
SX8144,Stachys palustris,FALSE
SX8144,Stachys sylvatica,TRUE
SX8144,Stellaria alsine,FALSE
SX8144,Stellaria graminea,TRUE
SX8144,Stellaria holostea,TRUE
SX8144,Stellaria media,FALSE
SX8144,Suaeda maritima,FALSE
SX8144,Succisa pratensis,FALSE
SX8144,Symphytum officinale,FALSE
SX8144,Taraxacum agg,TRUE
SX8144,Taraxacum officinale,TRUE
SX8144,Teucrium scorodonia,FALSE
SX8144,Thlaspi arvense,FALSE
SX8144,Thymus polytrichus,FALSE
SX8144,Thymus vulgaris,FALSE
SX8144,Torilis japonica,FALSE
SX8144,Tragopogon pratensis,TRUE
SX8144,Trientalis europaea,FALSE
SX8144,Trifolium arvense,FALSE
SX8144,Trifolium campestre,FALSE
SX8144,Trifolium constantinopolitanum,FALSE
SX8144,Trifolium dubium,TRUE
SX8144,Trifolium pratense,TRUE
SX8144,Trifolium repens,TRUE
SX8144,Tripleurospermum inodorum,FALSE
SX8144,Tripleurospermum maritimum,FALSE
SX8144,Turgenia latifolia,FALSE
SX8144,Ulex europaeus,FALSE
SX8144,Ulex gallii,FALSE
SX8144,Urtica dioica,TRUE
SX8144,Vaccinium myrtillus,FALSE
SX8144,Vaccinium oxycoccos,FALSE
SX8144,Vaccinium vitis,FALSE
SX8144,Valeriana dioica,FALSE
SX8144,Valeriana officinalis,FALSE
SX8144,Verbena officinalis,FALSE
SX8144,Verbena x,FALSE
SX8144,Veronica agrestis,FALSE
SX8144,Veronica arvensis,FALSE
SX8144,Veronica beccabunga,TRUE
SX8144,Veronica chamaedrys,TRUE
SX8144,Veronica hederifolia,FALSE
SX8144,Veronica montana,FALSE
SX8144,Veronica officinalis,FALSE
SX8144,Veronica persica,TRUE
SX8144,Veronica polita,FALSE
SX8144,Veronica serpyllifolia,TRUE
SX8144,Vicia benghalensis,FALSE
SX8144,Vicia cracca,FALSE
SX8144,Vicia faba,FALSE
SX8144,Vicia hirsuta,FALSE
SX8144,Vicia lutea,FALSE
SX8144,Vicia sativa,FALSE
SX8144,Vicia sepium,FALSE
SX8144,Vicia spp,FALSE
SX8144,Vicia tetrasperma,FALSE
SX8144,Viola arvensis,FALSE
SX8144,Viola canina,FALSE
SX8144,Viola palustris,FALSE
SX8144,Viola riviniana,FALSE
SX8144,Zea mays,FALSE
SY8586,Acer pseudoplatanus,FALSE
SY8586,Achillea millefolium,FALSE
SY8586,Achillea ptarmica,FALSE
SY8586,Aegopodium podagraria,FALSE
SY8586,Aethusa cynapium,FALSE
SY8586,Ajuga reptans,FALSE
SY8586,Alliaria petiolata,FALSE
SY8586,Alnus glutinosa,FALSE
SY8586,Anagallis arvensis,TRUE
SY8586,Anchusa arvensis,FALSE
SY8586,Anemone nemorosa,FALSE
SY8586,Angelica sylvestris,FALSE
SY8586,Anthemis cotula,FALSE
SY8586,Anthriscus caucalis,FALSE
SY8586,Anthriscus sylvestris,FALSE
SY8586,Apium nodiflorum,FALSE
SY8586,Armeria maritima,FALSE
SY8586,Artemisia absinthium,FALSE
SY8586,Artemisia annua,FALSE
SY8586,Artemisia vulgaris,FALSE
SY8586,Aster tripolium,FALSE
SY8586,Atriplex patula,FALSE
SY8586,Atriplex portulacoides,FALSE
SY8586,Ballota nigra,FALSE
SY8586,Barbarea vulgaris,FALSE
SY8586,Bellis perennis,FALSE
SY8586,Berula erecta,FALSE
SY8586,Brassica napus,FALSE
SY8586,Brassica oleracea,FALSE
SY8586,Brassica rapa,FALSE
SY8586,Bryonia dioica,FALSE
SY8586,Buddleja davidii,FALSE
SY8586,Bupleurum tenuissimum,FALSE
SY8586,Calluna vulgaris,FALSE
SY8586,Caltha palustris,FALSE
SY8586,Calystegia sepium,TRUE
SY8586,Campanula rotundifolia,FALSE
SY8586,Capsella bursa,FALSE
SY8586,Cardamine flexuosa,FALSE
SY8586,Cardamine hirsuta,FALSE
SY8586,Cardamine pratensis,TRUE
SY8586,Carduus nutans,FALSE
SY8586,Carum verticillatum,FALSE
SY8586,Centaurea cyanus,FALSE
SY8586,Centaurea nigra,TRUE
SY8586,Centaurea scabiosa,FALSE
SY8586,Centaurium erythraea,TRUE
SY8586,Cerastium arvense,FALSE
SY8586,Cerastium fontanum,TRUE
SY8586,Cerastium glomeratum,TRUE
SY8586,Ceratocapnos claviculata,FALSE
SY8586,Chaerophyllum temulum,FALSE
SY8586,Chamaemelum nobile,FALSE
SY8586,Chamerion angustifolium,FALSE
SY8586,Chenopodium album,FALSE
SY8586,Chenopodium ficifolium,FALSE
SY8586,Chenopodium quinoa,FALSE
SY8586,Cichorium intybus,FALSE
SY8586,Circaea lutetiana,FALSE
SY8586,Cirsium arvense,TRUE
SY8586,Cirsium eriophorum,FALSE
SY8586,Cirsium palustre,FALSE
SY8586,Cirsium vulgare,TRUE
SY8586,Clematis vitalba,FALSE
SY8586,Clinopodium vulgare,FALSE
SY8586,Conium maculatum,FALSE
SY8586,Conopodium majus,FALSE
SY8586,Convolvulus arvensis,FALSE
SY8586,Conyza canadensis,FALSE
SY8586,Cotoneaster salicifolius,FALSE
SY8586,Crataegus monogyna,TRUE
SY8586,Crepis capillaris,TRUE
SY8586,Crepis vesicaria,FALSE
SY8586,Cruciata laevipes,FALSE
SY8586,Cytisus scoparius,FALSE
SY8586,Dactylorhiza fuchsii,FALSE
SY8586,Dactylorhiza maculata,FALSE
SY8586,Daucus carota,TRUE
SY8586,Digitalis ferruginea,FALSE
SY8586,Digitalis grandiflora,FALSE
SY8586,Digitalis purpurea,FALSE
SY8586,Dioscorea communis,FALSE
SY8586,Doronicum plantagineum,FALSE
SY8586,Drosera anglica,FALSE
SY8586,Drosera rotundifolia,FALSE
SY8586,Dryas octopetala,FALSE
SY8586,Epilobium hirsutum,FALSE
SY8586,Epilobium montanum,FALSE
SY8586,Epilobium obscurum,FALSE
SY8586,Epilobium palustre,FALSE
SY8586,Epilobium parviflorum,FALSE
SY8586,Epilobium roseum,FALSE
SY8586,Epilobium tetragonum,FALSE
SY8586,Erica cinerea,FALSE
SY8586,Erica tetralix,FALSE
SY8586,Eriophorum vaginatum,FALSE
SY8586,Eupatorium cannabinum,FALSE
SY8586,Euphorbia exigua,FALSE
SY8586,Euphorbia helioscopia,FALSE
SY8586,Euphrasia officinalis,FALSE
SY8586,Fagopyrum esculentum,FALSE
SY8586,Fallopia convolvulus,FALSE
SY8586,Filipendula ulmaria,FALSE
SY8586,Fumaria officinalis,FALSE
SY8586,Galeopsis speciosa,FALSE
SY8586,Galeopsis tetrahit,FALSE
SY8586,Galium aparine,FALSE
SY8586,Galium mollugo,FALSE
SY8586,Galium odoratum,FALSE
SY8586,Galium palustre,FALSE
SY8586,Galium saxatile,FALSE
SY8586,Galium verum,TRUE
SY8586,Genista anglica,FALSE
SY8586,Geranium dissectum,FALSE
SY8586,Geranium molle,FALSE
SY8586,Geranium nodosum,FALSE
SY8586,Geranium pratense,FALSE
SY8586,Geranium pyrenaicum,FALSE
SY8586,Geranium robertianum,TRUE
SY8586,Geum urbanum,FALSE
SY8586,Glechoma hederacea,TRUE
SY8586,Hedera helix,TRUE
SY8586,Helianthus annuus,FALSE
SY8586,Heracleum mantegazzianum,FALSE
SY8586,Heracleum sphondylium,FALSE
SY8586,Hippocrepis comosa,FALSE
SY8586,Hordeum vulgare,FALSE
SY8586,Hyacinthoides non,FALSE
SY8586,Hypericum forrestii,TRUE
SY8586,Hypericum perforatum,FALSE
SY8586,Hypericum pulchrum,FALSE
SY8586,Hypericum tetrapterum,TRUE
SY8586,Hypochaeris radicata,TRUE
SY8586,Ilex aquifolium,FALSE
SY8586,Impatiens glandulifera,FALSE
SY8586,Impatiens parviflora,FALSE
SY8586,Iris pseudacorus,FALSE
SY8586,Jacobaea erucifolia,FALSE
SY8586,Jacobaea vulgaris,FALSE
SY8586,Jasione montana,FALSE
SY8586,Juncus conglomeratus,FALSE
SY8586,Juncus effusus,TRUE
SY8586,Knautia arvensis,FALSE
SY8586,Lactuca serriola,FALSE
SY8586,Lamium album,FALSE
SY8586,Lamium galeobdolon,FALSE
SY8586,Lamium purpureum,FALSE
SY8586,Lapsana communis,FALSE
SY8586,Lathyrus aphaca,TRUE
SY8586,Lathyrus linifolius,FALSE
SY8586,Lathyrus pratensis,FALSE
SY8586,Leontodon hispidus,TRUE
SY8586,Leontodon saxatilis,FALSE
SY8586,Leucanthemum vulgare,TRUE
SY8586,Ligusticum scoticum,FALSE
SY8586,Limonium vulgare,FALSE
SY8586,Linaria vulgaris,FALSE
SY8586,Linum catharticum,FALSE
SY8586,Linum usitatissimum,FALSE
SY8586,Lonicera caprifolium,FALSE
SY8586,Lonicera periclymenum,FALSE
SY8586,Lotus angustissimus,FALSE
SY8586,Lotus corniculatus,TRUE
SY8586,Lotus pedunculatus,TRUE
SY8586,Lotus subbiflorus,FALSE
SY8586,Luzula campestris,FALSE
SY8586,Lysimachia nemorum,FALSE
SY8586,Lysimachia punctata,FALSE
SY8586,Lysimachia vulgaris,FALSE
SY8586,Lythrum alatum,FALSE
SY8586,Lythrum salicaria,FALSE
SY8586,Malva sylvestris,FALSE
SY8586,Matricaria chamomilla,FALSE
SY8586,Matricaria discoidea,FALSE
SY8586,Medicago lupulina,TRUE
SY8586,Melampyrum pratense,FALSE
SY8586,Mentha aquatica,FALSE
SY8586,Mentha arvensis,TRUE
SY8586,Mercurialis perennis,FALSE
SY8586,Myosotis arvensis,FALSE
SY8586,Myosotis discolor,TRUE
SY8586,Myosotis sylvatica,FALSE
SY8586,Narthecium ossifragum,FALSE
SY8586,Odontites vernus,FALSE
SY8586,Oenanthe crocata,FALSE
SY8586,Origanum vulgare,FALSE
SY8586,Ornithopus perpusillus,FALSE
SY8586,Oxalis acetosella,FALSE
SY8586,Panicum miliaceum,FALSE
SY8586,Papaver rhoeas,FALSE
SY8586,Pedicularis sylvatica,FALSE
SY8586,Persicaria amplexicaulis,FALSE
SY8586,Persicaria bistorta,FALSE
SY8586,Persicaria hydropiper,FALSE
SY8586,Persicaria lapathifolia,FALSE
SY8586,Persicaria maculosa,FALSE
SY8586,Peucedanum ostruthium,FALSE
SY8586,Picris echioides,FALSE
SY8586,Picris hieracioides,FALSE
SY8586,Pilosella officinarum,FALSE
SY8586,Pimpinella saxifraga,FALSE
SY8586,Pinguicula vulgaris,FALSE
SY8586,Plantago lanceolata,FALSE
SY8586,Plantago major,TRUE
SY8586,Plantago maritima,FALSE
SY8586,Poa annua,FALSE
SY8586,Polygala serpyllifolia,FALSE
SY8586,Polygala vulgaris,FALSE
SY8586,Polygonum aviculare,FALSE
SY8586,Potentilla anglica,FALSE
SY8586,Potentilla anserina,TRUE
SY8586,Potentilla erecta,TRUE
SY8586,Potentilla recta,FALSE
SY8586,Potentilla reptans,FALSE
SY8586,Prunella vulgaris,TRUE
SY8586,Prunus spinosa,TRUE
SY8586,Pulicaria dysenterica,TRUE
SY8586,Ranunculus acris,TRUE
SY8586,Ranunculus bulbosus,FALSE
SY8586,Ranunculus ficaria,FALSE
SY8586,Ranunculus flammula,FALSE
SY8586,Ranunculus repens,TRUE
SY8586,Ranunculus sardous,FALSE
SY8586,Raphanus raphanistrum,FALSE
SY8586,Raphanus sativus,FALSE
SY8586,Rhinanthus minor,FALSE
SY8586,Rosa arvensis,FALSE
SY8586,Rosa canina,FALSE
SY8586,Rubus caesius,FALSE
SY8586,Rubus fruticosus,TRUE
SY8586,Rubus idaeus,FALSE
SY8586,Rumex acetosa,TRUE
SY8586,Rumex acetosella,TRUE
SY8586,Rumex crispus,FALSE
SY8586,Rumex obtusifolius,TRUE
SY8586,Rumex sanguineus,FALSE
SY8586,Sagina saginoides,FALSE
SY8586,Sambucus nigra,FALSE
SY8586,Sanguisorba officinalis,FALSE
SY8586,Scorzoneroides autumnalis,TRUE
SY8586,Scrophularia auriculata,FALSE
SY8586,Scrophularia nodosa,FALSE
SY8586,Sedum anglicum,FALSE
SY8586,Senecio erucifolius,FALSE
SY8586,Senecio jacobaea,FALSE
SY8586,Senecio vulgaris,TRUE
SY8586,Sherardia arvensis,FALSE
SY8586,Silene dioica,FALSE
SY8586,Silene latifolia,FALSE
SY8586,Silybum marianum,FALSE
SY8586,Sinapis alba,FALSE
SY8586,Sinapis arvensis,FALSE
SY8586,Sisymbrium officinale,FALSE
SY8586,Solanum dulcamara,TRUE
SY8586,Solanum nigrum,FALSE
SY8586,Solanum tuberosum,FALSE
SY8586,Sonchus arvensis,FALSE
SY8586,Sonchus asper,FALSE
SY8586,Sonchus oleraceus,FALSE
SY8586,Sorbus aucuparia,FALSE
SY8586,Spergula arvensis,FALSE
SY8586,Spergularia media,FALSE
SY8586,Stachys arvensis,FALSE
SY8586,Stachys palustris,FALSE
SY8586,Stachys sylvatica,FALSE
SY8586,Stellaria alsine,FALSE
SY8586,Stellaria graminea,FALSE
SY8586,Stellaria holostea,TRUE
SY8586,Stellaria media,FALSE
SY8586,Suaeda maritima,FALSE
SY8586,Succisa pratensis,FALSE
SY8586,Symphytum officinale,FALSE
SY8586,Taraxacum agg,FALSE
SY8586,Taraxacum officinale,TRUE
SY8586,Teucrium scorodonia,FALSE
SY8586,Thlaspi arvense,FALSE
SY8586,Thymus polytrichus,FALSE
SY8586,Thymus vulgaris,FALSE
SY8586,Torilis japonica,FALSE
SY8586,Tragopogon pratensis,FALSE
SY8586,Trientalis europaea,FALSE
SY8586,Trifolium arvense,FALSE
SY8586,Trifolium campestre,TRUE
SY8586,Trifolium constantinopolitanum,FALSE
SY8586,Trifolium dubium,TRUE
SY8586,Trifolium pratense,TRUE
SY8586,Trifolium repens,TRUE
SY8586,Tripleurospermum inodorum,TRUE
SY8586,Tripleurospermum maritimum,TRUE
SY8586,Turgenia latifolia,FALSE
SY8586,Ulex europaeus,TRUE
SY8586,Ulex gallii,FALSE
SY8586,Urtica dioica,TRUE
SY8586,Vaccinium myrtillus,FALSE
SY8586,Vaccinium oxycoccos,FALSE
SY8586,Vaccinium vitis,FALSE
SY8586,Valeriana dioica,FALSE
SY8586,Valeriana officinalis,FALSE
SY8586,Verbena officinalis,FALSE
SY8586,Verbena x,FALSE
SY8586,Veronica agrestis,FALSE
SY8586,Veronica arvensis,FALSE
SY8586,Veronica beccabunga,FALSE
SY8586,Veronica chamaedrys,FALSE
SY8586,Veronica hederifolia,FALSE
SY8586,Veronica montana,FALSE
SY8586,Veronica officinalis,FALSE
SY8586,Veronica persica,FALSE
SY8586,Veronica polita,FALSE
SY8586,Veronica serpyllifolia,FALSE
SY8586,Vicia benghalensis,FALSE
SY8586,Vicia cracca,FALSE
SY8586,Vicia faba,FALSE
SY8586,Vicia hirsuta,FALSE
SY8586,Vicia lutea,FALSE
SY8586,Vicia sativa,FALSE
SY8586,Vicia sepium,FALSE
SY8586,Vicia spp,FALSE
SY8586,Vicia tetrasperma,FALSE
SY8586,Viola arvensis,FALSE
SY8586,Viola canina,FALSE
SY8586,Viola palustris,FALSE
SY8586,Viola riviniana,FALSE
SY8586,Zea mays,FALSE
TG4403,Acer pseudoplatanus,FALSE
TG4403,Achillea millefolium,FALSE
TG4403,Achillea ptarmica,FALSE
TG4403,Aegopodium podagraria,FALSE
TG4403,Aethusa cynapium,FALSE
TG4403,Ajuga reptans,FALSE
TG4403,Alliaria petiolata,FALSE
TG4403,Alnus glutinosa,FALSE
TG4403,Anagallis arvensis,FALSE
TG4403,Anchusa arvensis,FALSE
TG4403,Anemone nemorosa,FALSE
TG4403,Angelica sylvestris,FALSE
TG4403,Anthemis cotula,FALSE
TG4403,Anthriscus caucalis,FALSE
TG4403,Anthriscus sylvestris,FALSE
TG4403,Apium nodiflorum,TRUE
TG4403,Armeria maritima,FALSE
TG4403,Artemisia absinthium,FALSE
TG4403,Artemisia annua,FALSE
TG4403,Artemisia vulgaris,FALSE
TG4403,Aster tripolium,FALSE
TG4403,Atriplex patula,FALSE
TG4403,Atriplex portulacoides,FALSE
TG4403,Ballota nigra,FALSE
TG4403,Barbarea vulgaris,FALSE
TG4403,Bellis perennis,FALSE
TG4403,Berula erecta,FALSE
TG4403,Brassica napus,FALSE
TG4403,Brassica oleracea,FALSE
TG4403,Brassica rapa,FALSE
TG4403,Bryonia dioica,FALSE
TG4403,Buddleja davidii,FALSE
TG4403,Bupleurum tenuissimum,FALSE
TG4403,Calluna vulgaris,FALSE
TG4403,Caltha palustris,FALSE
TG4403,Calystegia sepium,TRUE
TG4403,Campanula rotundifolia,FALSE
TG4403,Capsella bursa,FALSE
TG4403,Cardamine flexuosa,FALSE
TG4403,Cardamine hirsuta,FALSE
TG4403,Cardamine pratensis,FALSE
TG4403,Carduus nutans,FALSE
TG4403,Carum verticillatum,FALSE
TG4403,Centaurea cyanus,FALSE
TG4403,Centaurea nigra,FALSE
TG4403,Centaurea scabiosa,FALSE
TG4403,Centaurium erythraea,FALSE
TG4403,Cerastium arvense,FALSE
TG4403,Cerastium fontanum,FALSE
TG4403,Cerastium glomeratum,FALSE
TG4403,Ceratocapnos claviculata,FALSE
TG4403,Chaerophyllum temulum,FALSE
TG4403,Chamaemelum nobile,FALSE
TG4403,Chamerion angustifolium,FALSE
TG4403,Chenopodium album,FALSE
TG4403,Chenopodium ficifolium,FALSE
TG4403,Chenopodium quinoa,FALSE
TG4403,Cichorium intybus,FALSE
TG4403,Circaea lutetiana,FALSE
TG4403,Cirsium arvense,TRUE
TG4403,Cirsium eriophorum,FALSE
TG4403,Cirsium palustre,FALSE
TG4403,Cirsium vulgare,TRUE
TG4403,Clematis vitalba,FALSE
TG4403,Clinopodium vulgare,FALSE
TG4403,Conium maculatum,FALSE
TG4403,Conopodium majus,FALSE
TG4403,Convolvulus arvensis,FALSE
TG4403,Conyza canadensis,FALSE
TG4403,Cotoneaster salicifolius,FALSE
TG4403,Crataegus monogyna,FALSE
TG4403,Crepis capillaris,FALSE
TG4403,Crepis vesicaria,FALSE
TG4403,Cruciata laevipes,FALSE
TG4403,Cytisus scoparius,FALSE
TG4403,Dactylorhiza fuchsii,FALSE
TG4403,Dactylorhiza maculata,FALSE
TG4403,Daucus carota,TRUE
TG4403,Digitalis ferruginea,FALSE
TG4403,Digitalis grandiflora,FALSE
TG4403,Digitalis purpurea,FALSE
TG4403,Dioscorea communis,FALSE
TG4403,Doronicum plantagineum,FALSE
TG4403,Drosera anglica,FALSE
TG4403,Drosera rotundifolia,FALSE
TG4403,Dryas octopetala,FALSE
TG4403,Epilobium hirsutum,TRUE
TG4403,Epilobium montanum,FALSE
TG4403,Epilobium obscurum,FALSE
TG4403,Epilobium palustre,FALSE
TG4403,Epilobium parviflorum,FALSE
TG4403,Epilobium roseum,FALSE
TG4403,Epilobium tetragonum,FALSE
TG4403,Erica cinerea,FALSE
TG4403,Erica tetralix,FALSE
TG4403,Eriophorum vaginatum,FALSE
TG4403,Eupatorium cannabinum,FALSE
TG4403,Euphorbia exigua,FALSE
TG4403,Euphorbia helioscopia,FALSE
TG4403,Euphrasia officinalis,FALSE
TG4403,Fagopyrum esculentum,FALSE
TG4403,Fallopia convolvulus,FALSE
TG4403,Filipendula ulmaria,FALSE
TG4403,Fumaria officinalis,FALSE
TG4403,Galeopsis speciosa,FALSE
TG4403,Galeopsis tetrahit,FALSE
TG4403,Galium aparine,FALSE
TG4403,Galium mollugo,FALSE
TG4403,Galium odoratum,FALSE
TG4403,Galium palustre,FALSE
TG4403,Galium saxatile,FALSE
TG4403,Galium verum,FALSE
TG4403,Genista anglica,FALSE
TG4403,Geranium dissectum,FALSE
TG4403,Geranium molle,FALSE
TG4403,Geranium nodosum,FALSE
TG4403,Geranium pratense,FALSE
TG4403,Geranium pyrenaicum,FALSE
TG4403,Geranium robertianum,FALSE
TG4403,Geum urbanum,FALSE
TG4403,Glechoma hederacea,FALSE
TG4403,Hedera helix,FALSE
TG4403,Helianthus annuus,FALSE
TG4403,Heracleum mantegazzianum,FALSE
TG4403,Heracleum sphondylium,TRUE
TG4403,Hippocrepis comosa,FALSE
TG4403,Hordeum vulgare,FALSE
TG4403,Hyacinthoides non,FALSE
TG4403,Hypericum forrestii,FALSE
TG4403,Hypericum perforatum,FALSE
TG4403,Hypericum pulchrum,FALSE
TG4403,Hypericum tetrapterum,FALSE
TG4403,Hypochaeris radicata,FALSE
TG4403,Ilex aquifolium,FALSE
TG4403,Impatiens glandulifera,FALSE
TG4403,Impatiens parviflora,FALSE
TG4403,Iris pseudacorus,FALSE
TG4403,Jacobaea erucifolia,FALSE
TG4403,Jacobaea vulgaris,FALSE
TG4403,Jasione montana,FALSE
TG4403,Juncus conglomeratus,FALSE
TG4403,Juncus effusus,FALSE
TG4403,Knautia arvensis,FALSE
TG4403,Lactuca serriola,FALSE
TG4403,Lamium album,FALSE
TG4403,Lamium galeobdolon,FALSE
TG4403,Lamium purpureum,FALSE
TG4403,Lapsana communis,FALSE
TG4403,Lathyrus aphaca,FALSE
TG4403,Lathyrus linifolius,FALSE
TG4403,Lathyrus pratensis,FALSE
TG4403,Leontodon hispidus,FALSE
TG4403,Leontodon saxatilis,FALSE
TG4403,Leucanthemum vulgare,FALSE
TG4403,Ligusticum scoticum,FALSE
TG4403,Limonium vulgare,FALSE
TG4403,Linaria vulgaris,FALSE
TG4403,Linum catharticum,FALSE
TG4403,Linum usitatissimum,FALSE
TG4403,Lonicera caprifolium,FALSE
TG4403,Lonicera periclymenum,FALSE
TG4403,Lotus angustissimus,FALSE
TG4403,Lotus corniculatus,FALSE
TG4403,Lotus pedunculatus,FALSE
TG4403,Lotus subbiflorus,FALSE
TG4403,Luzula campestris,FALSE
TG4403,Lysimachia nemorum,FALSE
TG4403,Lysimachia punctata,FALSE
TG4403,Lysimachia vulgaris,FALSE
TG4403,Lythrum alatum,FALSE
TG4403,Lythrum salicaria,FALSE
TG4403,Malva sylvestris,FALSE
TG4403,Matricaria chamomilla,FALSE
TG4403,Matricaria discoidea,FALSE
TG4403,Medicago lupulina,TRUE
TG4403,Melampyrum pratense,FALSE
TG4403,Mentha aquatica,FALSE
TG4403,Mentha arvensis,FALSE
TG4403,Mercurialis perennis,FALSE
TG4403,Myosotis arvensis,FALSE
TG4403,Myosotis discolor,FALSE
TG4403,Myosotis sylvatica,FALSE
TG4403,Narthecium ossifragum,FALSE
TG4403,Odontites vernus,FALSE
TG4403,Oenanthe crocata,FALSE
TG4403,Origanum vulgare,FALSE
TG4403,Ornithopus perpusillus,FALSE
TG4403,Oxalis acetosella,FALSE
TG4403,Panicum miliaceum,FALSE
TG4403,Papaver rhoeas,FALSE
TG4403,Pedicularis sylvatica,FALSE
TG4403,Persicaria amplexicaulis,FALSE
TG4403,Persicaria bistorta,FALSE
TG4403,Persicaria hydropiper,FALSE
TG4403,Persicaria lapathifolia,FALSE
TG4403,Persicaria maculosa,FALSE
TG4403,Peucedanum ostruthium,FALSE
TG4403,Picris echioides,TRUE
TG4403,Picris hieracioides,FALSE
TG4403,Pilosella officinarum,FALSE
TG4403,Pimpinella saxifraga,FALSE
TG4403,Pinguicula vulgaris,FALSE
TG4403,Plantago lanceolata,TRUE
TG4403,Plantago major,FALSE
TG4403,Plantago maritima,FALSE
TG4403,Poa annua,FALSE
TG4403,Polygala serpyllifolia,FALSE
TG4403,Polygala vulgaris,FALSE
TG4403,Polygonum aviculare,FALSE
TG4403,Potentilla anglica,FALSE
TG4403,Potentilla anserina,FALSE
TG4403,Potentilla erecta,FALSE
TG4403,Potentilla recta,FALSE
TG4403,Potentilla reptans,FALSE
TG4403,Prunella vulgaris,FALSE
TG4403,Prunus spinosa,FALSE
TG4403,Pulicaria dysenterica,FALSE
TG4403,Ranunculus acris,FALSE
TG4403,Ranunculus bulbosus,FALSE
TG4403,Ranunculus ficaria,FALSE
TG4403,Ranunculus flammula,FALSE
TG4403,Ranunculus repens,FALSE
TG4403,Ranunculus sardous,FALSE
TG4403,Raphanus raphanistrum,FALSE
TG4403,Raphanus sativus,FALSE
TG4403,Rhinanthus minor,FALSE
TG4403,Rosa arvensis,FALSE
TG4403,Rosa canina,FALSE
TG4403,Rubus caesius,FALSE
TG4403,Rubus fruticosus,TRUE
TG4403,Rubus idaeus,FALSE
TG4403,Rumex acetosa,FALSE
TG4403,Rumex acetosella,FALSE
TG4403,Rumex crispus,FALSE
TG4403,Rumex obtusifolius,FALSE
TG4403,Rumex sanguineus,FALSE
TG4403,Sagina saginoides,FALSE
TG4403,Sambucus nigra,FALSE
TG4403,Sanguisorba officinalis,FALSE
TG4403,Scorzoneroides autumnalis,FALSE
TG4403,Scrophularia auriculata,FALSE
TG4403,Scrophularia nodosa,FALSE
TG4403,Sedum anglicum,FALSE
TG4403,Senecio erucifolius,FALSE
TG4403,Senecio jacobaea,FALSE
TG4403,Senecio vulgaris,FALSE
TG4403,Sherardia arvensis,FALSE
TG4403,Silene dioica,FALSE
TG4403,Silene latifolia,FALSE
TG4403,Silybum marianum,FALSE
TG4403,Sinapis alba,FALSE
TG4403,Sinapis arvensis,FALSE
TG4403,Sisymbrium officinale,FALSE
TG4403,Solanum dulcamara,FALSE
TG4403,Solanum nigrum,FALSE
TG4403,Solanum tuberosum,FALSE
TG4403,Sonchus arvensis,FALSE
TG4403,Sonchus asper,FALSE
TG4403,Sonchus oleraceus,FALSE
TG4403,Sorbus aucuparia,FALSE
TG4403,Spergula arvensis,FALSE
TG4403,Spergularia media,FALSE
TG4403,Stachys arvensis,FALSE
TG4403,Stachys palustris,FALSE
TG4403,Stachys sylvatica,FALSE
TG4403,Stellaria alsine,FALSE
TG4403,Stellaria graminea,FALSE
TG4403,Stellaria holostea,FALSE
TG4403,Stellaria media,FALSE
TG4403,Suaeda maritima,FALSE
TG4403,Succisa pratensis,FALSE
TG4403,Symphytum officinale,FALSE
TG4403,Taraxacum agg,FALSE
TG4403,Taraxacum officinale,FALSE
TG4403,Teucrium scorodonia,FALSE
TG4403,Thlaspi arvense,FALSE
TG4403,Thymus polytrichus,FALSE
TG4403,Thymus vulgaris,FALSE
TG4403,Torilis japonica,TRUE
TG4403,Tragopogon pratensis,FALSE
TG4403,Trientalis europaea,FALSE
TG4403,Trifolium arvense,FALSE
TG4403,Trifolium campestre,FALSE
TG4403,Trifolium constantinopolitanum,FALSE
TG4403,Trifolium dubium,FALSE
TG4403,Trifolium pratense,FALSE
TG4403,Trifolium repens,FALSE
TG4403,Tripleurospermum inodorum,TRUE
TG4403,Tripleurospermum maritimum,FALSE
TG4403,Turgenia latifolia,FALSE
TG4403,Ulex europaeus,FALSE
TG4403,Ulex gallii,FALSE
TG4403,Urtica dioica,TRUE
TG4403,Vaccinium myrtillus,FALSE
TG4403,Vaccinium oxycoccos,FALSE
TG4403,Vaccinium vitis,FALSE
TG4403,Valeriana dioica,FALSE
TG4403,Valeriana officinalis,FALSE
TG4403,Verbena officinalis,FALSE
TG4403,Verbena x,FALSE
TG4403,Veronica agrestis,FALSE
TG4403,Veronica arvensis,FALSE
TG4403,Veronica beccabunga,FALSE
TG4403,Veronica chamaedrys,FALSE
TG4403,Veronica hederifolia,FALSE
TG4403,Veronica montana,FALSE
TG4403,Veronica officinalis,FALSE
TG4403,Veronica persica,FALSE
TG4403,Veronica polita,FALSE
TG4403,Veronica serpyllifolia,FALSE
TG4403,Vicia benghalensis,FALSE
TG4403,Vicia cracca,FALSE
TG4403,Vicia faba,FALSE
TG4403,Vicia hirsuta,FALSE
TG4403,Vicia lutea,FALSE
TG4403,Vicia sativa,FALSE
TG4403,Vicia sepium,FALSE
TG4403,Vicia spp,FALSE
TG4403,Vicia tetrasperma,FALSE
TG4403,Viola arvensis,FALSE
TG4403,Viola canina,FALSE
TG4403,Viola palustris,FALSE
TG4403,Viola riviniana,FALSE
TG4403,Zea mays,FALSE
TL3266,Acer pseudoplatanus,FALSE
TL3266,Achillea millefolium,TRUE
TL3266,Achillea ptarmica,FALSE
TL3266,Aegopodium podagraria,FALSE
TL3266,Aethusa cynapium,FALSE
TL3266,Ajuga reptans,FALSE
TL3266,Alliaria petiolata,FALSE
TL3266,Alnus glutinosa,FALSE
TL3266,Anagallis arvensis,FALSE
TL3266,Anchusa arvensis,FALSE
TL3266,Anemone nemorosa,FALSE
TL3266,Angelica sylvestris,FALSE
TL3266,Anthemis cotula,FALSE
TL3266,Anthriscus caucalis,FALSE
TL3266,Anthriscus sylvestris,TRUE
TL3266,Apium nodiflorum,FALSE
TL3266,Armeria maritima,FALSE
TL3266,Artemisia absinthium,FALSE
TL3266,Artemisia annua,FALSE
TL3266,Artemisia vulgaris,FALSE
TL3266,Aster tripolium,FALSE
TL3266,Atriplex patula,FALSE
TL3266,Atriplex portulacoides,FALSE
TL3266,Ballota nigra,FALSE
TL3266,Barbarea vulgaris,FALSE
TL3266,Bellis perennis,FALSE
TL3266,Berula erecta,FALSE
TL3266,Brassica napus,TRUE
TL3266,Brassica oleracea,TRUE
TL3266,Brassica rapa,FALSE
TL3266,Bryonia dioica,FALSE
TL3266,Buddleja davidii,FALSE
TL3266,Bupleurum tenuissimum,FALSE
TL3266,Calluna vulgaris,FALSE
TL3266,Caltha palustris,FALSE
TL3266,Calystegia sepium,TRUE
TL3266,Campanula rotundifolia,FALSE
TL3266,Capsella bursa,TRUE
TL3266,Cardamine flexuosa,FALSE
TL3266,Cardamine hirsuta,FALSE
TL3266,Cardamine pratensis,FALSE
TL3266,Carduus nutans,FALSE
TL3266,Carum verticillatum,FALSE
TL3266,Centaurea cyanus,FALSE
TL3266,Centaurea nigra,FALSE
TL3266,Centaurea scabiosa,FALSE
TL3266,Centaurium erythraea,FALSE
TL3266,Cerastium arvense,FALSE
TL3266,Cerastium fontanum,FALSE
TL3266,Cerastium glomeratum,FALSE
TL3266,Ceratocapnos claviculata,FALSE
TL3266,Chaerophyllum temulum,FALSE
TL3266,Chamaemelum nobile,FALSE
TL3266,Chamerion angustifolium,FALSE
TL3266,Chenopodium album,FALSE
TL3266,Chenopodium ficifolium,FALSE
TL3266,Chenopodium quinoa,TRUE
TL3266,Cichorium intybus,FALSE
TL3266,Circaea lutetiana,FALSE
TL3266,Cirsium arvense,TRUE
TL3266,Cirsium eriophorum,FALSE
TL3266,Cirsium palustre,FALSE
TL3266,Cirsium vulgare,FALSE
TL3266,Clematis vitalba,FALSE
TL3266,Clinopodium vulgare,FALSE
TL3266,Conium maculatum,FALSE
TL3266,Conopodium majus,FALSE
TL3266,Convolvulus arvensis,TRUE
TL3266,Conyza canadensis,FALSE
TL3266,Cotoneaster salicifolius,FALSE
TL3266,Crataegus monogyna,TRUE
TL3266,Crepis capillaris,FALSE
TL3266,Crepis vesicaria,FALSE
TL3266,Cruciata laevipes,FALSE
TL3266,Cytisus scoparius,FALSE
TL3266,Dactylorhiza fuchsii,FALSE
TL3266,Dactylorhiza maculata,FALSE
TL3266,Daucus carota,FALSE
TL3266,Digitalis ferruginea,FALSE
TL3266,Digitalis grandiflora,FALSE
TL3266,Digitalis purpurea,FALSE
TL3266,Dioscorea communis,FALSE
TL3266,Doronicum plantagineum,FALSE
TL3266,Drosera anglica,FALSE
TL3266,Drosera rotundifolia,FALSE
TL3266,Dryas octopetala,FALSE
TL3266,Epilobium hirsutum,FALSE
TL3266,Epilobium montanum,FALSE
TL3266,Epilobium obscurum,FALSE
TL3266,Epilobium palustre,FALSE
TL3266,Epilobium parviflorum,FALSE
TL3266,Epilobium roseum,FALSE
TL3266,Epilobium tetragonum,FALSE
TL3266,Erica cinerea,FALSE
TL3266,Erica tetralix,FALSE
TL3266,Eriophorum vaginatum,FALSE
TL3266,Eupatorium cannabinum,FALSE
TL3266,Euphorbia exigua,FALSE
TL3266,Euphorbia helioscopia,FALSE
TL3266,Euphrasia officinalis,FALSE
TL3266,Fagopyrum esculentum,TRUE
TL3266,Fallopia convolvulus,FALSE
TL3266,Filipendula ulmaria,FALSE
TL3266,Fumaria officinalis,FALSE
TL3266,Galeopsis speciosa,FALSE
TL3266,Galeopsis tetrahit,FALSE
TL3266,Galium aparine,TRUE
TL3266,Galium mollugo,FALSE
TL3266,Galium odoratum,FALSE
TL3266,Galium palustre,FALSE
TL3266,Galium saxatile,FALSE
TL3266,Galium verum,FALSE
TL3266,Genista anglica,FALSE
TL3266,Geranium dissectum,FALSE
TL3266,Geranium molle,FALSE
TL3266,Geranium nodosum,FALSE
TL3266,Geranium pratense,FALSE
TL3266,Geranium pyrenaicum,FALSE
TL3266,Geranium robertianum,FALSE
TL3266,Geum urbanum,FALSE
TL3266,Glechoma hederacea,FALSE
TL3266,Hedera helix,FALSE
TL3266,Helianthus annuus,TRUE
TL3266,Heracleum mantegazzianum,TRUE
TL3266,Heracleum sphondylium,TRUE
TL3266,Hippocrepis comosa,FALSE
TL3266,Hordeum vulgare,TRUE
TL3266,Hyacinthoides non,FALSE
TL3266,Hypericum forrestii,FALSE
TL3266,Hypericum perforatum,FALSE
TL3266,Hypericum pulchrum,FALSE
TL3266,Hypericum tetrapterum,FALSE
TL3266,Hypochaeris radicata,FALSE
TL3266,Ilex aquifolium,FALSE
TL3266,Impatiens glandulifera,FALSE
TL3266,Impatiens parviflora,FALSE
TL3266,Iris pseudacorus,FALSE
TL3266,Jacobaea erucifolia,FALSE
TL3266,Jacobaea vulgaris,FALSE
TL3266,Jasione montana,FALSE
TL3266,Juncus conglomeratus,FALSE
TL3266,Juncus effusus,FALSE
TL3266,Knautia arvensis,FALSE
TL3266,Lactuca serriola,FALSE
TL3266,Lamium album,TRUE
TL3266,Lamium galeobdolon,FALSE
TL3266,Lamium purpureum,FALSE
TL3266,Lapsana communis,FALSE
TL3266,Lathyrus aphaca,FALSE
TL3266,Lathyrus linifolius,FALSE
TL3266,Lathyrus pratensis,FALSE
TL3266,Leontodon hispidus,FALSE
TL3266,Leontodon saxatilis,FALSE
TL3266,Leucanthemum vulgare,TRUE
TL3266,Ligusticum scoticum,FALSE
TL3266,Limonium vulgare,FALSE
TL3266,Linaria vulgaris,FALSE
TL3266,Linum catharticum,FALSE
TL3266,Linum usitatissimum,FALSE
TL3266,Lonicera caprifolium,FALSE
TL3266,Lonicera periclymenum,FALSE
TL3266,Lotus angustissimus,FALSE
TL3266,Lotus corniculatus,TRUE
TL3266,Lotus pedunculatus,FALSE
TL3266,Lotus subbiflorus,FALSE
TL3266,Luzula campestris,FALSE
TL3266,Lysimachia nemorum,FALSE
TL3266,Lysimachia punctata,FALSE
TL3266,Lysimachia vulgaris,FALSE
TL3266,Lythrum alatum,FALSE
TL3266,Lythrum salicaria,FALSE
TL3266,Malva sylvestris,FALSE
TL3266,Matricaria chamomilla,FALSE
TL3266,Matricaria discoidea,FALSE
TL3266,Medicago lupulina,FALSE
TL3266,Melampyrum pratense,FALSE
TL3266,Mentha aquatica,FALSE
TL3266,Mentha arvensis,FALSE
TL3266,Mercurialis perennis,FALSE
TL3266,Myosotis arvensis,FALSE
TL3266,Myosotis discolor,FALSE
TL3266,Myosotis sylvatica,FALSE
TL3266,Narthecium ossifragum,FALSE
TL3266,Odontites vernus,FALSE
TL3266,Oenanthe crocata,FALSE
TL3266,Origanum vulgare,FALSE
TL3266,Ornithopus perpusillus,FALSE
TL3266,Oxalis acetosella,FALSE
TL3266,Panicum miliaceum,TRUE
TL3266,Papaver rhoeas,FALSE
TL3266,Pedicularis sylvatica,FALSE
TL3266,Persicaria amplexicaulis,FALSE
TL3266,Persicaria bistorta,FALSE
TL3266,Persicaria hydropiper,FALSE
TL3266,Persicaria lapathifolia,FALSE
TL3266,Persicaria maculosa,FALSE
TL3266,Peucedanum ostruthium,FALSE
TL3266,Picris echioides,FALSE
TL3266,Picris hieracioides,FALSE
TL3266,Pilosella officinarum,FALSE
TL3266,Pimpinella saxifraga,FALSE
TL3266,Pinguicula vulgaris,FALSE
TL3266,Plantago lanceolata,FALSE
TL3266,Plantago major,FALSE
TL3266,Plantago maritima,FALSE
TL3266,Poa annua,FALSE
TL3266,Polygala serpyllifolia,FALSE
TL3266,Polygala vulgaris,FALSE
TL3266,Polygonum aviculare,FALSE
TL3266,Potentilla anglica,FALSE
TL3266,Potentilla anserina,FALSE
TL3266,Potentilla erecta,FALSE
TL3266,Potentilla recta,FALSE
TL3266,Potentilla reptans,FALSE
TL3266,Prunella vulgaris,FALSE
TL3266,Prunus spinosa,FALSE
TL3266,Pulicaria dysenterica,FALSE
TL3266,Ranunculus acris,FALSE
TL3266,Ranunculus bulbosus,TRUE
TL3266,Ranunculus ficaria,FALSE
TL3266,Ranunculus flammula,FALSE
TL3266,Ranunculus repens,FALSE
TL3266,Ranunculus sardous,FALSE
TL3266,Raphanus raphanistrum,FALSE
TL3266,Raphanus sativus,FALSE
TL3266,Rhinanthus minor,FALSE
TL3266,Rosa arvensis,FALSE
TL3266,Rosa canina,FALSE
TL3266,Rubus caesius,FALSE
TL3266,Rubus fruticosus,FALSE
TL3266,Rubus idaeus,FALSE
TL3266,Rumex acetosa,FALSE
TL3266,Rumex acetosella,FALSE
TL3266,Rumex crispus,TRUE
TL3266,Rumex obtusifolius,FALSE
TL3266,Rumex sanguineus,FALSE
TL3266,Sagina saginoides,FALSE
TL3266,Sambucus nigra,TRUE
TL3266,Sanguisorba officinalis,FALSE
TL3266,Scorzoneroides autumnalis,FALSE
TL3266,Scrophularia auriculata,FALSE
TL3266,Scrophularia nodosa,FALSE
TL3266,Sedum anglicum,FALSE
TL3266,Senecio erucifolius,FALSE
TL3266,Senecio jacobaea,FALSE
TL3266,Senecio vulgaris,FALSE
TL3266,Sherardia arvensis,FALSE
TL3266,Silene dioica,FALSE
TL3266,Silene latifolia,FALSE
TL3266,Silybum marianum,FALSE
TL3266,Sinapis alba,FALSE
TL3266,Sinapis arvensis,FALSE
TL3266,Sisymbrium officinale,FALSE
TL3266,Solanum dulcamara,FALSE
TL3266,Solanum nigrum,FALSE
TL3266,Solanum tuberosum,FALSE
TL3266,Sonchus arvensis,FALSE
TL3266,Sonchus asper,FALSE
TL3266,Sonchus oleraceus,FALSE
TL3266,Sorbus aucuparia,FALSE
TL3266,Spergula arvensis,FALSE
TL3266,Spergularia media,FALSE
TL3266,Stachys arvensis,FALSE
TL3266,Stachys palustris,FALSE
TL3266,Stachys sylvatica,FALSE
TL3266,Stellaria alsine,FALSE
TL3266,Stellaria graminea,FALSE
TL3266,Stellaria holostea,FALSE
TL3266,Stellaria media,FALSE
TL3266,Suaeda maritima,FALSE
TL3266,Succisa pratensis,FALSE
TL3266,Symphytum officinale,FALSE
TL3266,Taraxacum agg,FALSE
TL3266,Taraxacum officinale,FALSE
TL3266,Teucrium scorodonia,FALSE
TL3266,Thlaspi arvense,FALSE
TL3266,Thymus polytrichus,FALSE
TL3266,Thymus vulgaris,FALSE
TL3266,Torilis japonica,FALSE
TL3266,Tragopogon pratensis,FALSE
TL3266,Trientalis europaea,FALSE
TL3266,Trifolium arvense,FALSE
TL3266,Trifolium campestre,FALSE
TL3266,Trifolium constantinopolitanum,FALSE
TL3266,Trifolium dubium,FALSE
TL3266,Trifolium pratense,FALSE
TL3266,Trifolium repens,FALSE
TL3266,Tripleurospermum inodorum,FALSE
TL3266,Tripleurospermum maritimum,FALSE
TL3266,Turgenia latifolia,FALSE
TL3266,Ulex europaeus,FALSE
TL3266,Ulex gallii,FALSE
TL3266,Urtica dioica,TRUE
TL3266,Vaccinium myrtillus,FALSE
TL3266,Vaccinium oxycoccos,FALSE
TL3266,Vaccinium vitis,FALSE
TL3266,Valeriana dioica,FALSE
TL3266,Valeriana officinalis,FALSE
TL3266,Verbena officinalis,FALSE
TL3266,Verbena x,FALSE
TL3266,Veronica agrestis,FALSE
TL3266,Veronica arvensis,FALSE
TL3266,Veronica beccabunga,FALSE
TL3266,Veronica chamaedrys,FALSE
TL3266,Veronica hederifolia,FALSE
TL3266,Veronica montana,FALSE
TL3266,Veronica officinalis,FALSE
TL3266,Veronica persica,FALSE
TL3266,Veronica polita,FALSE
TL3266,Veronica serpyllifolia,FALSE
TL3266,Vicia benghalensis,FALSE
TL3266,Vicia cracca,FALSE
TL3266,Vicia faba,FALSE
TL3266,Vicia hirsuta,FALSE
TL3266,Vicia lutea,FALSE
TL3266,Vicia sativa,FALSE
TL3266,Vicia sepium,FALSE
TL3266,Vicia spp,FALSE
TL3266,Vicia tetrasperma,FALSE
TL3266,Viola arvensis,FALSE
TL3266,Viola canina,FALSE
TL3266,Viola palustris,FALSE
TL3266,Viola riviniana,FALSE
TL3266,Zea mays,TRUE
TM3949,Acer pseudoplatanus,FALSE
TM3949,Achillea millefolium,FALSE
TM3949,Achillea ptarmica,FALSE
TM3949,Aegopodium podagraria,FALSE
TM3949,Aethusa cynapium,FALSE
TM3949,Ajuga reptans,FALSE
TM3949,Alliaria petiolata,FALSE
TM3949,Alnus glutinosa,FALSE
TM3949,Anagallis arvensis,FALSE
TM3949,Anchusa arvensis,FALSE
TM3949,Anemone nemorosa,FALSE
TM3949,Angelica sylvestris,FALSE
TM3949,Anthemis cotula,FALSE
TM3949,Anthriscus caucalis,FALSE
TM3949,Anthriscus sylvestris,TRUE
TM3949,Apium nodiflorum,FALSE
TM3949,Armeria maritima,TRUE
TM3949,Artemisia absinthium,FALSE
TM3949,Artemisia annua,FALSE
TM3949,Artemisia vulgaris,FALSE
TM3949,Aster tripolium,TRUE
TM3949,Atriplex patula,FALSE
TM3949,Atriplex portulacoides,TRUE
TM3949,Ballota nigra,FALSE
TM3949,Barbarea vulgaris,FALSE
TM3949,Bellis perennis,TRUE
TM3949,Berula erecta,FALSE
TM3949,Brassica napus,FALSE
TM3949,Brassica oleracea,FALSE
TM3949,Brassica rapa,FALSE
TM3949,Bryonia dioica,FALSE
TM3949,Buddleja davidii,FALSE
TM3949,Bupleurum tenuissimum,TRUE
TM3949,Calluna vulgaris,FALSE
TM3949,Caltha palustris,FALSE
TM3949,Calystegia sepium,FALSE
TM3949,Campanula rotundifolia,FALSE
TM3949,Capsella bursa,FALSE
TM3949,Cardamine flexuosa,FALSE
TM3949,Cardamine hirsuta,FALSE
TM3949,Cardamine pratensis,FALSE
TM3949,Carduus nutans,FALSE
TM3949,Carum verticillatum,FALSE
TM3949,Centaurea cyanus,FALSE
TM3949,Centaurea nigra,FALSE
TM3949,Centaurea scabiosa,FALSE
TM3949,Centaurium erythraea,FALSE
TM3949,Cerastium arvense,FALSE
TM3949,Cerastium fontanum,TRUE
TM3949,Cerastium glomeratum,FALSE
TM3949,Ceratocapnos claviculata,FALSE
TM3949,Chaerophyllum temulum,FALSE
TM3949,Chamaemelum nobile,FALSE
TM3949,Chamerion angustifolium,FALSE
TM3949,Chenopodium album,FALSE
TM3949,Chenopodium ficifolium,FALSE
TM3949,Chenopodium quinoa,FALSE
TM3949,Cichorium intybus,FALSE
TM3949,Circaea lutetiana,FALSE
TM3949,Cirsium arvense,TRUE
TM3949,Cirsium eriophorum,FALSE
TM3949,Cirsium palustre,TRUE
TM3949,Cirsium vulgare,FALSE
TM3949,Clematis vitalba,FALSE
TM3949,Clinopodium vulgare,FALSE
TM3949,Conium maculatum,FALSE
TM3949,Conopodium majus,FALSE
TM3949,Convolvulus arvensis,FALSE
TM3949,Conyza canadensis,FALSE
TM3949,Cotoneaster salicifolius,FALSE
TM3949,Crataegus monogyna,FALSE
TM3949,Crepis capillaris,FALSE
TM3949,Crepis vesicaria,FALSE
TM3949,Cruciata laevipes,FALSE
TM3949,Cytisus scoparius,FALSE
TM3949,Dactylorhiza fuchsii,FALSE
TM3949,Dactylorhiza maculata,FALSE
TM3949,Daucus carota,FALSE
TM3949,Digitalis ferruginea,FALSE
TM3949,Digitalis grandiflora,FALSE
TM3949,Digitalis purpurea,FALSE
TM3949,Dioscorea communis,FALSE
TM3949,Doronicum plantagineum,FALSE
TM3949,Drosera anglica,FALSE
TM3949,Drosera rotundifolia,FALSE
TM3949,Dryas octopetala,FALSE
TM3949,Epilobium hirsutum,FALSE
TM3949,Epilobium montanum,FALSE
TM3949,Epilobium obscurum,FALSE
TM3949,Epilobium palustre,FALSE
TM3949,Epilobium parviflorum,FALSE
TM3949,Epilobium roseum,FALSE
TM3949,Epilobium tetragonum,FALSE
TM3949,Erica cinerea,FALSE
TM3949,Erica tetralix,FALSE
TM3949,Eriophorum vaginatum,FALSE
TM3949,Eupatorium cannabinum,FALSE
TM3949,Euphorbia exigua,FALSE
TM3949,Euphorbia helioscopia,FALSE
TM3949,Euphrasia officinalis,FALSE
TM3949,Fagopyrum esculentum,FALSE
TM3949,Fallopia convolvulus,FALSE
TM3949,Filipendula ulmaria,FALSE
TM3949,Fumaria officinalis,FALSE
TM3949,Galeopsis speciosa,FALSE
TM3949,Galeopsis tetrahit,FALSE
TM3949,Galium aparine,FALSE
TM3949,Galium mollugo,FALSE
TM3949,Galium odoratum,FALSE
TM3949,Galium palustre,FALSE
TM3949,Galium saxatile,FALSE
TM3949,Galium verum,FALSE
TM3949,Genista anglica,FALSE
TM3949,Geranium dissectum,TRUE
TM3949,Geranium molle,TRUE
TM3949,Geranium nodosum,FALSE
TM3949,Geranium pratense,FALSE
TM3949,Geranium pyrenaicum,FALSE
TM3949,Geranium robertianum,FALSE
TM3949,Geum urbanum,FALSE
TM3949,Glechoma hederacea,FALSE
TM3949,Hedera helix,FALSE
TM3949,Helianthus annuus,FALSE
TM3949,Heracleum mantegazzianum,FALSE
TM3949,Heracleum sphondylium,TRUE
TM3949,Hippocrepis comosa,FALSE
TM3949,Hordeum vulgare,FALSE
TM3949,Hyacinthoides non,FALSE
TM3949,Hypericum forrestii,FALSE
TM3949,Hypericum perforatum,FALSE
TM3949,Hypericum pulchrum,FALSE
TM3949,Hypericum tetrapterum,FALSE
TM3949,Hypochaeris radicata,TRUE
TM3949,Ilex aquifolium,FALSE
TM3949,Impatiens glandulifera,FALSE
TM3949,Impatiens parviflora,FALSE
TM3949,Iris pseudacorus,FALSE
TM3949,Jacobaea erucifolia,TRUE
TM3949,Jacobaea vulgaris,FALSE
TM3949,Jasione montana,FALSE
TM3949,Juncus conglomeratus,FALSE
TM3949,Juncus effusus,FALSE
TM3949,Knautia arvensis,FALSE
TM3949,Lactuca serriola,FALSE
TM3949,Lamium album,FALSE
TM3949,Lamium galeobdolon,FALSE
TM3949,Lamium purpureum,FALSE
TM3949,Lapsana communis,FALSE
TM3949,Lathyrus aphaca,FALSE
TM3949,Lathyrus linifolius,FALSE
TM3949,Lathyrus pratensis,FALSE
TM3949,Leontodon hispidus,TRUE
TM3949,Leontodon saxatilis,FALSE
TM3949,Leucanthemum vulgare,FALSE
TM3949,Ligusticum scoticum,FALSE
TM3949,Limonium vulgare,TRUE
TM3949,Linaria vulgaris,FALSE
TM3949,Linum catharticum,FALSE
TM3949,Linum usitatissimum,FALSE
TM3949,Lonicera caprifolium,FALSE
TM3949,Lonicera periclymenum,FALSE
TM3949,Lotus angustissimus,FALSE
TM3949,Lotus corniculatus,TRUE
TM3949,Lotus pedunculatus,FALSE
TM3949,Lotus subbiflorus,FALSE
TM3949,Luzula campestris,FALSE
TM3949,Lysimachia nemorum,FALSE
TM3949,Lysimachia punctata,FALSE
TM3949,Lysimachia vulgaris,FALSE
TM3949,Lythrum alatum,FALSE
TM3949,Lythrum salicaria,FALSE
TM3949,Malva sylvestris,FALSE
TM3949,Matricaria chamomilla,FALSE
TM3949,Matricaria discoidea,FALSE
TM3949,Medicago lupulina,TRUE
TM3949,Melampyrum pratense,FALSE
TM3949,Mentha aquatica,FALSE
TM3949,Mentha arvensis,FALSE
TM3949,Mercurialis perennis,FALSE
TM3949,Myosotis arvensis,FALSE
TM3949,Myosotis discolor,FALSE
TM3949,Myosotis sylvatica,FALSE
TM3949,Narthecium ossifragum,FALSE
TM3949,Odontites vernus,FALSE
TM3949,Oenanthe crocata,FALSE
TM3949,Origanum vulgare,FALSE
TM3949,Ornithopus perpusillus,FALSE
TM3949,Oxalis acetosella,FALSE
TM3949,Panicum miliaceum,FALSE
TM3949,Papaver rhoeas,FALSE
TM3949,Pedicularis sylvatica,FALSE
TM3949,Persicaria amplexicaulis,FALSE
TM3949,Persicaria bistorta,FALSE
TM3949,Persicaria hydropiper,FALSE
TM3949,Persicaria lapathifolia,FALSE
TM3949,Persicaria maculosa,FALSE
TM3949,Peucedanum ostruthium,FALSE
TM3949,Picris echioides,TRUE
TM3949,Picris hieracioides,FALSE
TM3949,Pilosella officinarum,FALSE
TM3949,Pimpinella saxifraga,FALSE
TM3949,Pinguicula vulgaris,FALSE
TM3949,Plantago lanceolata,TRUE
TM3949,Plantago major,FALSE
TM3949,Plantago maritima,TRUE
TM3949,Poa annua,FALSE
TM3949,Polygala serpyllifolia,FALSE
TM3949,Polygala vulgaris,FALSE
TM3949,Polygonum aviculare,FALSE
TM3949,Potentilla anglica,FALSE
TM3949,Potentilla anserina,FALSE
TM3949,Potentilla erecta,FALSE
TM3949,Potentilla recta,FALSE
TM3949,Potentilla reptans,FALSE
TM3949,Prunella vulgaris,FALSE
TM3949,Prunus spinosa,FALSE
TM3949,Pulicaria dysenterica,FALSE
TM3949,Ranunculus acris,TRUE
TM3949,Ranunculus bulbosus,FALSE
TM3949,Ranunculus ficaria,FALSE
TM3949,Ranunculus flammula,FALSE
TM3949,Ranunculus repens,FALSE
TM3949,Ranunculus sardous,TRUE
TM3949,Raphanus raphanistrum,FALSE
TM3949,Raphanus sativus,FALSE
TM3949,Rhinanthus minor,FALSE
TM3949,Rosa arvensis,FALSE
TM3949,Rosa canina,FALSE
TM3949,Rubus caesius,FALSE
TM3949,Rubus fruticosus,FALSE
TM3949,Rubus idaeus,FALSE
TM3949,Rumex acetosa,FALSE
TM3949,Rumex acetosella,FALSE
TM3949,Rumex crispus,FALSE
TM3949,Rumex obtusifolius,FALSE
TM3949,Rumex sanguineus,FALSE
TM3949,Sagina saginoides,FALSE
TM3949,Sambucus nigra,FALSE
TM3949,Sanguisorba officinalis,FALSE
TM3949,Scorzoneroides autumnalis,FALSE
TM3949,Scrophularia auriculata,FALSE
TM3949,Scrophularia nodosa,FALSE
TM3949,Sedum anglicum,FALSE
TM3949,Senecio erucifolius,FALSE
TM3949,Senecio jacobaea,TRUE
TM3949,Senecio vulgaris,FALSE
TM3949,Sherardia arvensis,FALSE
TM3949,Silene dioica,FALSE
TM3949,Silene latifolia,FALSE
TM3949,Silybum marianum,FALSE
TM3949,Sinapis alba,FALSE
TM3949,Sinapis arvensis,FALSE
TM3949,Sisymbrium officinale,FALSE
TM3949,Solanum dulcamara,TRUE
TM3949,Solanum nigrum,FALSE
TM3949,Solanum tuberosum,FALSE
TM3949,Sonchus arvensis,FALSE
TM3949,Sonchus asper,FALSE
TM3949,Sonchus oleraceus,FALSE
TM3949,Sorbus aucuparia,FALSE
TM3949,Spergula arvensis,FALSE
TM3949,Spergularia media,TRUE
TM3949,Stachys arvensis,FALSE
TM3949,Stachys palustris,FALSE
TM3949,Stachys sylvatica,FALSE
TM3949,Stellaria alsine,FALSE
TM3949,Stellaria graminea,TRUE
TM3949,Stellaria holostea,FALSE
TM3949,Stellaria media,FALSE
TM3949,Suaeda maritima,TRUE
TM3949,Succisa pratensis,FALSE
TM3949,Symphytum officinale,FALSE
TM3949,Taraxacum agg,FALSE
TM3949,Taraxacum officinale,FALSE
TM3949,Teucrium scorodonia,FALSE
TM3949,Thlaspi arvense,FALSE
TM3949,Thymus polytrichus,FALSE
TM3949,Thymus vulgaris,FALSE
TM3949,Torilis japonica,TRUE
TM3949,Tragopogon pratensis,TRUE
TM3949,Trientalis europaea,FALSE
TM3949,Trifolium arvense,FALSE
TM3949,Trifolium campestre,FALSE
TM3949,Trifolium constantinopolitanum,FALSE
TM3949,Trifolium dubium,TRUE
TM3949,Trifolium pratense,TRUE
TM3949,Trifolium repens,TRUE
TM3949,Tripleurospermum inodorum,FALSE
TM3949,Tripleurospermum maritimum,FALSE
TM3949,Turgenia latifolia,FALSE
TM3949,Ulex europaeus,FALSE
TM3949,Ulex gallii,FALSE
TM3949,Urtica dioica,FALSE
TM3949,Vaccinium myrtillus,FALSE
TM3949,Vaccinium oxycoccos,FALSE
TM3949,Vaccinium vitis,FALSE
TM3949,Valeriana dioica,FALSE
TM3949,Valeriana officinalis,FALSE
TM3949,Verbena officinalis,FALSE
TM3949,Verbena x,FALSE
TM3949,Veronica agrestis,FALSE
TM3949,Veronica arvensis,FALSE
TM3949,Veronica beccabunga,FALSE
TM3949,Veronica chamaedrys,TRUE
TM3949,Veronica hederifolia,FALSE
TM3949,Veronica montana,FALSE
TM3949,Veronica officinalis,FALSE
TM3949,Veronica persica,TRUE
TM3949,Veronica polita,FALSE
TM3949,Veronica serpyllifolia,FALSE
TM3949,Vicia benghalensis,FALSE
TM3949,Vicia cracca,TRUE
TM3949,Vicia faba,FALSE
TM3949,Vicia hirsuta,FALSE
TM3949,Vicia lutea,FALSE
TM3949,Vicia sativa,TRUE
TM3949,Vicia sepium,FALSE
TM3949,Vicia spp,FALSE
TM3949,Vicia tetrasperma,FALSE
TM3949,Viola arvensis,FALSE
TM3949,Viola canina,FALSE
TM3949,Viola palustris,FALSE
TM3949,Viola riviniana,FALSE
TM3949,Zea mays,FALSE
TQ1827,Acer pseudoplatanus,FALSE
TQ1827,Achillea millefolium,FALSE
TQ1827,Achillea ptarmica,FALSE
TQ1827,Aegopodium podagraria,FALSE
TQ1827,Aethusa cynapium,FALSE
TQ1827,Ajuga reptans,FALSE
TQ1827,Alliaria petiolata,FALSE
TQ1827,Alnus glutinosa,FALSE
TQ1827,Anagallis arvensis,FALSE
TQ1827,Anchusa arvensis,FALSE
TQ1827,Anemone nemorosa,FALSE
TQ1827,Angelica sylvestris,FALSE
TQ1827,Anthemis cotula,FALSE
TQ1827,Anthriscus caucalis,FALSE
TQ1827,Anthriscus sylvestris,FALSE
TQ1827,Apium nodiflorum,FALSE
TQ1827,Armeria maritima,FALSE
TQ1827,Artemisia absinthium,FALSE
TQ1827,Artemisia annua,FALSE
TQ1827,Artemisia vulgaris,FALSE
TQ1827,Aster tripolium,FALSE
TQ1827,Atriplex patula,FALSE
TQ1827,Atriplex portulacoides,FALSE
TQ1827,Ballota nigra,FALSE
TQ1827,Barbarea vulgaris,FALSE
TQ1827,Bellis perennis,FALSE
TQ1827,Berula erecta,FALSE
TQ1827,Brassica napus,FALSE
TQ1827,Brassica oleracea,FALSE
TQ1827,Brassica rapa,FALSE
TQ1827,Bryonia dioica,FALSE
TQ1827,Buddleja davidii,FALSE
TQ1827,Bupleurum tenuissimum,FALSE
TQ1827,Calluna vulgaris,FALSE
TQ1827,Caltha palustris,FALSE
TQ1827,Calystegia sepium,FALSE
TQ1827,Campanula rotundifolia,FALSE
TQ1827,Capsella bursa,FALSE
TQ1827,Cardamine flexuosa,FALSE
TQ1827,Cardamine hirsuta,FALSE
TQ1827,Cardamine pratensis,FALSE
TQ1827,Carduus nutans,FALSE
TQ1827,Carum verticillatum,FALSE
TQ1827,Centaurea cyanus,FALSE
TQ1827,Centaurea nigra,TRUE
TQ1827,Centaurea scabiosa,FALSE
TQ1827,Centaurium erythraea,FALSE
TQ1827,Cerastium arvense,FALSE
TQ1827,Cerastium fontanum,FALSE
TQ1827,Cerastium glomeratum,FALSE
TQ1827,Ceratocapnos claviculata,FALSE
TQ1827,Chaerophyllum temulum,FALSE
TQ1827,Chamaemelum nobile,FALSE
TQ1827,Chamerion angustifolium,FALSE
TQ1827,Chenopodium album,FALSE
TQ1827,Chenopodium ficifolium,FALSE
TQ1827,Chenopodium quinoa,FALSE
TQ1827,Cichorium intybus,FALSE
TQ1827,Circaea lutetiana,FALSE
TQ1827,Cirsium arvense,TRUE
TQ1827,Cirsium eriophorum,FALSE
TQ1827,Cirsium palustre,FALSE
TQ1827,Cirsium vulgare,TRUE
TQ1827,Clematis vitalba,FALSE
TQ1827,Clinopodium vulgare,FALSE
TQ1827,Conium maculatum,FALSE
TQ1827,Conopodium majus,FALSE
TQ1827,Convolvulus arvensis,FALSE
TQ1827,Conyza canadensis,FALSE
TQ1827,Cotoneaster salicifolius,FALSE
TQ1827,Crataegus monogyna,FALSE
TQ1827,Crepis capillaris,FALSE
TQ1827,Crepis vesicaria,FALSE
TQ1827,Cruciata laevipes,FALSE
TQ1827,Cytisus scoparius,FALSE
TQ1827,Dactylorhiza fuchsii,FALSE
TQ1827,Dactylorhiza maculata,FALSE
TQ1827,Daucus carota,FALSE
TQ1827,Digitalis ferruginea,FALSE
TQ1827,Digitalis grandiflora,FALSE
TQ1827,Digitalis purpurea,FALSE
TQ1827,Dioscorea communis,FALSE
TQ1827,Doronicum plantagineum,FALSE
TQ1827,Drosera anglica,FALSE
TQ1827,Drosera rotundifolia,FALSE
TQ1827,Dryas octopetala,FALSE
TQ1827,Epilobium hirsutum,FALSE
TQ1827,Epilobium montanum,FALSE
TQ1827,Epilobium obscurum,FALSE
TQ1827,Epilobium palustre,FALSE
TQ1827,Epilobium parviflorum,FALSE
TQ1827,Epilobium roseum,FALSE
TQ1827,Epilobium tetragonum,FALSE
TQ1827,Erica cinerea,FALSE
TQ1827,Erica tetralix,FALSE
TQ1827,Eriophorum vaginatum,FALSE
TQ1827,Eupatorium cannabinum,FALSE
TQ1827,Euphorbia exigua,FALSE
TQ1827,Euphorbia helioscopia,FALSE
TQ1827,Euphrasia officinalis,FALSE
TQ1827,Fagopyrum esculentum,FALSE
TQ1827,Fallopia convolvulus,FALSE
TQ1827,Filipendula ulmaria,FALSE
TQ1827,Fumaria officinalis,FALSE
TQ1827,Galeopsis speciosa,FALSE
TQ1827,Galeopsis tetrahit,FALSE
TQ1827,Galium aparine,FALSE
TQ1827,Galium mollugo,FALSE
TQ1827,Galium odoratum,FALSE
TQ1827,Galium palustre,FALSE
TQ1827,Galium saxatile,FALSE
TQ1827,Galium verum,FALSE
TQ1827,Genista anglica,FALSE
TQ1827,Geranium dissectum,FALSE
TQ1827,Geranium molle,FALSE
TQ1827,Geranium nodosum,FALSE
TQ1827,Geranium pratense,FALSE
TQ1827,Geranium pyrenaicum,FALSE
TQ1827,Geranium robertianum,FALSE
TQ1827,Geum urbanum,TRUE
TQ1827,Glechoma hederacea,FALSE
TQ1827,Hedera helix,FALSE
TQ1827,Helianthus annuus,FALSE
TQ1827,Heracleum mantegazzianum,FALSE
TQ1827,Heracleum sphondylium,FALSE
TQ1827,Hippocrepis comosa,FALSE
TQ1827,Hordeum vulgare,FALSE
TQ1827,Hyacinthoides non,FALSE
TQ1827,Hypericum forrestii,FALSE
TQ1827,Hypericum perforatum,TRUE
TQ1827,Hypericum pulchrum,FALSE
TQ1827,Hypericum tetrapterum,FALSE
TQ1827,Hypochaeris radicata,TRUE
TQ1827,Ilex aquifolium,FALSE
TQ1827,Impatiens glandulifera,FALSE
TQ1827,Impatiens parviflora,FALSE
TQ1827,Iris pseudacorus,FALSE
TQ1827,Jacobaea erucifolia,FALSE
TQ1827,Jacobaea vulgaris,FALSE
TQ1827,Jasione montana,FALSE
TQ1827,Juncus conglomeratus,FALSE
TQ1827,Juncus effusus,FALSE
TQ1827,Knautia arvensis,FALSE
TQ1827,Lactuca serriola,FALSE
TQ1827,Lamium album,FALSE
TQ1827,Lamium galeobdolon,FALSE
TQ1827,Lamium purpureum,TRUE
TQ1827,Lapsana communis,TRUE
TQ1827,Lathyrus aphaca,FALSE
TQ1827,Lathyrus linifolius,FALSE
TQ1827,Lathyrus pratensis,TRUE
TQ1827,Leontodon hispidus,FALSE
TQ1827,Leontodon saxatilis,FALSE
TQ1827,Leucanthemum vulgare,FALSE
TQ1827,Ligusticum scoticum,FALSE
TQ1827,Limonium vulgare,FALSE
TQ1827,Linaria vulgaris,FALSE
TQ1827,Linum catharticum,FALSE
TQ1827,Linum usitatissimum,FALSE
TQ1827,Lonicera caprifolium,FALSE
TQ1827,Lonicera periclymenum,FALSE
TQ1827,Lotus angustissimus,TRUE
TQ1827,Lotus corniculatus,TRUE
TQ1827,Lotus pedunculatus,FALSE
TQ1827,Lotus subbiflorus,TRUE
TQ1827,Luzula campestris,FALSE
TQ1827,Lysimachia nemorum,FALSE
TQ1827,Lysimachia punctata,FALSE
TQ1827,Lysimachia vulgaris,FALSE
TQ1827,Lythrum alatum,FALSE
TQ1827,Lythrum salicaria,FALSE
TQ1827,Malva sylvestris,FALSE
TQ1827,Matricaria chamomilla,FALSE
TQ1827,Matricaria discoidea,FALSE
TQ1827,Medicago lupulina,FALSE
TQ1827,Melampyrum pratense,FALSE
TQ1827,Mentha aquatica,FALSE
TQ1827,Mentha arvensis,FALSE
TQ1827,Mercurialis perennis,FALSE
TQ1827,Myosotis arvensis,FALSE
TQ1827,Myosotis discolor,FALSE
TQ1827,Myosotis sylvatica,FALSE
TQ1827,Narthecium ossifragum,FALSE
TQ1827,Odontites vernus,FALSE
TQ1827,Oenanthe crocata,FALSE
TQ1827,Origanum vulgare,FALSE
TQ1827,Ornithopus perpusillus,FALSE
TQ1827,Oxalis acetosella,FALSE
TQ1827,Panicum miliaceum,FALSE
TQ1827,Papaver rhoeas,FALSE
TQ1827,Pedicularis sylvatica,FALSE
TQ1827,Persicaria amplexicaulis,FALSE
TQ1827,Persicaria bistorta,FALSE
TQ1827,Persicaria hydropiper,FALSE
TQ1827,Persicaria lapathifolia,FALSE
TQ1827,Persicaria maculosa,TRUE
TQ1827,Peucedanum ostruthium,FALSE
TQ1827,Picris echioides,FALSE
TQ1827,Picris hieracioides,FALSE
TQ1827,Pilosella officinarum,FALSE
TQ1827,Pimpinella saxifraga,FALSE
TQ1827,Pinguicula vulgaris,FALSE
TQ1827,Plantago lanceolata,FALSE
TQ1827,Plantago major,FALSE
TQ1827,Plantago maritima,FALSE
TQ1827,Poa annua,FALSE
TQ1827,Polygala serpyllifolia,FALSE
TQ1827,Polygala vulgaris,FALSE
TQ1827,Polygonum aviculare,FALSE
TQ1827,Potentilla anglica,FALSE
TQ1827,Potentilla anserina,FALSE
TQ1827,Potentilla erecta,FALSE
TQ1827,Potentilla recta,FALSE
TQ1827,Potentilla reptans,FALSE
TQ1827,Prunella vulgaris,TRUE
TQ1827,Prunus spinosa,FALSE
TQ1827,Pulicaria dysenterica,TRUE
TQ1827,Ranunculus acris,TRUE
TQ1827,Ranunculus bulbosus,FALSE
TQ1827,Ranunculus ficaria,FALSE
TQ1827,Ranunculus flammula,FALSE
TQ1827,Ranunculus repens,TRUE
TQ1827,Ranunculus sardous,FALSE
TQ1827,Raphanus raphanistrum,FALSE
TQ1827,Raphanus sativus,FALSE
TQ1827,Rhinanthus minor,FALSE
TQ1827,Rosa arvensis,FALSE
TQ1827,Rosa canina,FALSE
TQ1827,Rubus caesius,FALSE
TQ1827,Rubus fruticosus,TRUE
TQ1827,Rubus idaeus,FALSE
TQ1827,Rumex acetosa,TRUE
TQ1827,Rumex acetosella,FALSE
TQ1827,Rumex crispus,TRUE
TQ1827,Rumex obtusifolius,FALSE
TQ1827,Rumex sanguineus,FALSE
TQ1827,Sagina saginoides,FALSE
TQ1827,Sambucus nigra,FALSE
TQ1827,Sanguisorba officinalis,FALSE
TQ1827,Scorzoneroides autumnalis,FALSE
TQ1827,Scrophularia auriculata,FALSE
TQ1827,Scrophularia nodosa,FALSE
TQ1827,Sedum anglicum,FALSE
TQ1827,Senecio erucifolius,FALSE
TQ1827,Senecio jacobaea,FALSE
TQ1827,Senecio vulgaris,FALSE
TQ1827,Sherardia arvensis,TRUE
TQ1827,Silene dioica,FALSE
TQ1827,Silene latifolia,FALSE
TQ1827,Silybum marianum,FALSE
TQ1827,Sinapis alba,FALSE
TQ1827,Sinapis arvensis,FALSE
TQ1827,Sisymbrium officinale,FALSE
TQ1827,Solanum dulcamara,FALSE
TQ1827,Solanum nigrum,FALSE
TQ1827,Solanum tuberosum,FALSE
TQ1827,Sonchus arvensis,TRUE
TQ1827,Sonchus asper,FALSE
TQ1827,Sonchus oleraceus,FALSE
TQ1827,Sorbus aucuparia,FALSE
TQ1827,Spergula arvensis,FALSE
TQ1827,Spergularia media,FALSE
TQ1827,Stachys arvensis,FALSE
TQ1827,Stachys palustris,FALSE
TQ1827,Stachys sylvatica,TRUE
TQ1827,Stellaria alsine,FALSE
TQ1827,Stellaria graminea,TRUE
TQ1827,Stellaria holostea,FALSE
TQ1827,Stellaria media,FALSE
TQ1827,Suaeda maritima,FALSE
TQ1827,Succisa pratensis,FALSE
TQ1827,Symphytum officinale,FALSE
TQ1827,Taraxacum agg,FALSE
TQ1827,Taraxacum officinale,FALSE
TQ1827,Teucrium scorodonia,FALSE
TQ1827,Thlaspi arvense,FALSE
TQ1827,Thymus polytrichus,FALSE
TQ1827,Thymus vulgaris,FALSE
TQ1827,Torilis japonica,FALSE
TQ1827,Tragopogon pratensis,FALSE
TQ1827,Trientalis europaea,FALSE
TQ1827,Trifolium arvense,FALSE
TQ1827,Trifolium campestre,FALSE
TQ1827,Trifolium constantinopolitanum,FALSE
TQ1827,Trifolium dubium,TRUE
TQ1827,Trifolium pratense,TRUE
TQ1827,Trifolium repens,TRUE
TQ1827,Tripleurospermum inodorum,TRUE
TQ1827,Tripleurospermum maritimum,TRUE
TQ1827,Turgenia latifolia,FALSE
TQ1827,Ulex europaeus,FALSE
TQ1827,Ulex gallii,FALSE
TQ1827,Urtica dioica,TRUE
TQ1827,Vaccinium myrtillus,FALSE
TQ1827,Vaccinium oxycoccos,FALSE
TQ1827,Vaccinium vitis,FALSE
TQ1827,Valeriana dioica,FALSE
TQ1827,Valeriana officinalis,FALSE
TQ1827,Verbena officinalis,FALSE
TQ1827,Verbena x,FALSE
TQ1827,Veronica agrestis,FALSE
TQ1827,Veronica arvensis,FALSE
TQ1827,Veronica beccabunga,FALSE
TQ1827,Veronica chamaedrys,FALSE
TQ1827,Veronica hederifolia,FALSE
TQ1827,Veronica montana,FALSE
TQ1827,Veronica officinalis,FALSE
TQ1827,Veronica persica,FALSE
TQ1827,Veronica polita,FALSE
TQ1827,Veronica serpyllifolia,FALSE
TQ1827,Vicia benghalensis,TRUE
TQ1827,Vicia cracca,TRUE
TQ1827,Vicia faba,FALSE
TQ1827,Vicia hirsuta,FALSE
TQ1827,Vicia lutea,TRUE
TQ1827,Vicia sativa,TRUE
TQ1827,Vicia sepium,FALSE
TQ1827,Vicia spp,TRUE
TQ1827,Vicia tetrasperma,FALSE
TQ1827,Viola arvensis,FALSE
TQ1827,Viola canina,FALSE
TQ1827,Viola palustris,FALSE
TQ1827,Viola riviniana,FALSE
TQ1827,Zea mays,FALSE
TQ3110,Acer pseudoplatanus,FALSE
TQ3110,Achillea millefolium,FALSE
TQ3110,Achillea ptarmica,FALSE
TQ3110,Aegopodium podagraria,FALSE
TQ3110,Aethusa cynapium,FALSE
TQ3110,Ajuga reptans,FALSE
TQ3110,Alliaria petiolata,FALSE
TQ3110,Alnus glutinosa,FALSE
TQ3110,Anagallis arvensis,TRUE
TQ3110,Anchusa arvensis,FALSE
TQ3110,Anemone nemorosa,FALSE
TQ3110,Angelica sylvestris,FALSE
TQ3110,Anthemis cotula,FALSE
TQ3110,Anthriscus caucalis,FALSE
TQ3110,Anthriscus sylvestris,TRUE
TQ3110,Apium nodiflorum,FALSE
TQ3110,Armeria maritima,FALSE
TQ3110,Artemisia absinthium,FALSE
TQ3110,Artemisia annua,FALSE
TQ3110,Artemisia vulgaris,FALSE
TQ3110,Aster tripolium,FALSE
TQ3110,Atriplex patula,FALSE
TQ3110,Atriplex portulacoides,FALSE
TQ3110,Ballota nigra,FALSE
TQ3110,Barbarea vulgaris,FALSE
TQ3110,Bellis perennis,TRUE
TQ3110,Berula erecta,FALSE
TQ3110,Brassica napus,FALSE
TQ3110,Brassica oleracea,FALSE
TQ3110,Brassica rapa,FALSE
TQ3110,Bryonia dioica,TRUE
TQ3110,Buddleja davidii,FALSE
TQ3110,Bupleurum tenuissimum,FALSE
TQ3110,Calluna vulgaris,FALSE
TQ3110,Caltha palustris,FALSE
TQ3110,Calystegia sepium,FALSE
TQ3110,Campanula rotundifolia,FALSE
TQ3110,Capsella bursa,TRUE
TQ3110,Cardamine flexuosa,FALSE
TQ3110,Cardamine hirsuta,FALSE
TQ3110,Cardamine pratensis,FALSE
TQ3110,Carduus nutans,FALSE
TQ3110,Carum verticillatum,FALSE
TQ3110,Centaurea cyanus,FALSE
TQ3110,Centaurea nigra,FALSE
TQ3110,Centaurea scabiosa,FALSE
TQ3110,Centaurium erythraea,FALSE
TQ3110,Cerastium arvense,FALSE
TQ3110,Cerastium fontanum,FALSE
TQ3110,Cerastium glomeratum,FALSE
TQ3110,Ceratocapnos claviculata,FALSE
TQ3110,Chaerophyllum temulum,FALSE
TQ3110,Chamaemelum nobile,FALSE
TQ3110,Chamerion angustifolium,FALSE
TQ3110,Chenopodium album,FALSE
TQ3110,Chenopodium ficifolium,FALSE
TQ3110,Chenopodium quinoa,FALSE
TQ3110,Cichorium intybus,FALSE
TQ3110,Circaea lutetiana,FALSE
TQ3110,Cirsium arvense,TRUE
TQ3110,Cirsium eriophorum,FALSE
TQ3110,Cirsium palustre,FALSE
TQ3110,Cirsium vulgare,TRUE
TQ3110,Clematis vitalba,TRUE
TQ3110,Clinopodium vulgare,FALSE
TQ3110,Conium maculatum,FALSE
TQ3110,Conopodium majus,FALSE
TQ3110,Convolvulus arvensis,TRUE
TQ3110,Conyza canadensis,FALSE
TQ3110,Cotoneaster salicifolius,FALSE
TQ3110,Crataegus monogyna,FALSE
TQ3110,Crepis capillaris,FALSE
TQ3110,Crepis vesicaria,FALSE
TQ3110,Cruciata laevipes,FALSE
TQ3110,Cytisus scoparius,FALSE
TQ3110,Dactylorhiza fuchsii,FALSE
TQ3110,Dactylorhiza maculata,FALSE
TQ3110,Daucus carota,FALSE
TQ3110,Digitalis ferruginea,FALSE
TQ3110,Digitalis grandiflora,FALSE
TQ3110,Digitalis purpurea,FALSE
TQ3110,Dioscorea communis,FALSE
TQ3110,Doronicum plantagineum,FALSE
TQ3110,Drosera anglica,FALSE
TQ3110,Drosera rotundifolia,FALSE
TQ3110,Dryas octopetala,FALSE
TQ3110,Epilobium hirsutum,FALSE
TQ3110,Epilobium montanum,FALSE
TQ3110,Epilobium obscurum,FALSE
TQ3110,Epilobium palustre,FALSE
TQ3110,Epilobium parviflorum,FALSE
TQ3110,Epilobium roseum,FALSE
TQ3110,Epilobium tetragonum,FALSE
TQ3110,Erica cinerea,FALSE
TQ3110,Erica tetralix,FALSE
TQ3110,Eriophorum vaginatum,FALSE
TQ3110,Eupatorium cannabinum,FALSE
TQ3110,Euphorbia exigua,FALSE
TQ3110,Euphorbia helioscopia,FALSE
TQ3110,Euphrasia officinalis,FALSE
TQ3110,Fagopyrum esculentum,FALSE
TQ3110,Fallopia convolvulus,FALSE
TQ3110,Filipendula ulmaria,FALSE
TQ3110,Fumaria officinalis,FALSE
TQ3110,Galeopsis speciosa,FALSE
TQ3110,Galeopsis tetrahit,FALSE
TQ3110,Galium aparine,TRUE
TQ3110,Galium mollugo,FALSE
TQ3110,Galium odoratum,FALSE
TQ3110,Galium palustre,FALSE
TQ3110,Galium saxatile,FALSE
TQ3110,Galium verum,FALSE
TQ3110,Genista anglica,FALSE
TQ3110,Geranium dissectum,TRUE
TQ3110,Geranium molle,FALSE
TQ3110,Geranium nodosum,FALSE
TQ3110,Geranium pratense,FALSE
TQ3110,Geranium pyrenaicum,FALSE
TQ3110,Geranium robertianum,FALSE
TQ3110,Geum urbanum,FALSE
TQ3110,Glechoma hederacea,TRUE
TQ3110,Hedera helix,FALSE
TQ3110,Helianthus annuus,FALSE
TQ3110,Heracleum mantegazzianum,FALSE
TQ3110,Heracleum sphondylium,TRUE
TQ3110,Hippocrepis comosa,FALSE
TQ3110,Hordeum vulgare,FALSE
TQ3110,Hyacinthoides non,FALSE
TQ3110,Hypericum forrestii,FALSE
TQ3110,Hypericum perforatum,FALSE
TQ3110,Hypericum pulchrum,FALSE
TQ3110,Hypericum tetrapterum,FALSE
TQ3110,Hypochaeris radicata,FALSE
TQ3110,Ilex aquifolium,FALSE
TQ3110,Impatiens glandulifera,FALSE
TQ3110,Impatiens parviflora,FALSE
TQ3110,Iris pseudacorus,FALSE
TQ3110,Jacobaea erucifolia,FALSE
TQ3110,Jacobaea vulgaris,TRUE
TQ3110,Jasione montana,FALSE
TQ3110,Juncus conglomeratus,FALSE
TQ3110,Juncus effusus,FALSE
TQ3110,Knautia arvensis,FALSE
TQ3110,Lactuca serriola,FALSE
TQ3110,Lamium album,FALSE
TQ3110,Lamium galeobdolon,FALSE
TQ3110,Lamium purpureum,FALSE
TQ3110,Lapsana communis,FALSE
TQ3110,Lathyrus aphaca,FALSE
TQ3110,Lathyrus linifolius,FALSE
TQ3110,Lathyrus pratensis,TRUE
TQ3110,Leontodon hispidus,FALSE
TQ3110,Leontodon saxatilis,FALSE
TQ3110,Leucanthemum vulgare,TRUE
TQ3110,Ligusticum scoticum,FALSE
TQ3110,Limonium vulgare,FALSE
TQ3110,Linaria vulgaris,FALSE
TQ3110,Linum catharticum,FALSE
TQ3110,Linum usitatissimum,TRUE
TQ3110,Lonicera caprifolium,FALSE
TQ3110,Lonicera periclymenum,FALSE
TQ3110,Lotus angustissimus,FALSE
TQ3110,Lotus corniculatus,FALSE
TQ3110,Lotus pedunculatus,FALSE
TQ3110,Lotus subbiflorus,FALSE
TQ3110,Luzula campestris,FALSE
TQ3110,Lysimachia nemorum,FALSE
TQ3110,Lysimachia punctata,FALSE
TQ3110,Lysimachia vulgaris,FALSE
TQ3110,Lythrum alatum,FALSE
TQ3110,Lythrum salicaria,FALSE
TQ3110,Malva sylvestris,FALSE
TQ3110,Matricaria chamomilla,FALSE
TQ3110,Matricaria discoidea,FALSE
TQ3110,Medicago lupulina,TRUE
TQ3110,Melampyrum pratense,FALSE
TQ3110,Mentha aquatica,FALSE
TQ3110,Mentha arvensis,FALSE
TQ3110,Mercurialis perennis,FALSE
TQ3110,Myosotis arvensis,FALSE
TQ3110,Myosotis discolor,FALSE
TQ3110,Myosotis sylvatica,FALSE
TQ3110,Narthecium ossifragum,FALSE
TQ3110,Odontites vernus,FALSE
TQ3110,Oenanthe crocata,FALSE
TQ3110,Origanum vulgare,FALSE
TQ3110,Ornithopus perpusillus,FALSE
TQ3110,Oxalis acetosella,FALSE
TQ3110,Panicum miliaceum,FALSE
TQ3110,Papaver rhoeas,TRUE
TQ3110,Pedicularis sylvatica,FALSE
TQ3110,Persicaria amplexicaulis,FALSE
TQ3110,Persicaria bistorta,FALSE
TQ3110,Persicaria hydropiper,FALSE
TQ3110,Persicaria lapathifolia,FALSE
TQ3110,Persicaria maculosa,FALSE
TQ3110,Peucedanum ostruthium,FALSE
TQ3110,Picris echioides,FALSE
TQ3110,Picris hieracioides,FALSE
TQ3110,Pilosella officinarum,FALSE
TQ3110,Pimpinella saxifraga,FALSE
TQ3110,Pinguicula vulgaris,FALSE
TQ3110,Plantago lanceolata,FALSE
TQ3110,Plantago major,FALSE
TQ3110,Plantago maritima,FALSE
TQ3110,Poa annua,FALSE
TQ3110,Polygala serpyllifolia,FALSE
TQ3110,Polygala vulgaris,FALSE
TQ3110,Polygonum aviculare,TRUE
TQ3110,Potentilla anglica,FALSE
TQ3110,Potentilla anserina,FALSE
TQ3110,Potentilla erecta,FALSE
TQ3110,Potentilla recta,FALSE
TQ3110,Potentilla reptans,FALSE
TQ3110,Prunella vulgaris,FALSE
TQ3110,Prunus spinosa,FALSE
TQ3110,Pulicaria dysenterica,FALSE
TQ3110,Ranunculus acris,TRUE
TQ3110,Ranunculus bulbosus,FALSE
TQ3110,Ranunculus ficaria,FALSE
TQ3110,Ranunculus flammula,FALSE
TQ3110,Ranunculus repens,TRUE
TQ3110,Ranunculus sardous,FALSE
TQ3110,Raphanus raphanistrum,FALSE
TQ3110,Raphanus sativus,FALSE
TQ3110,Rhinanthus minor,FALSE
TQ3110,Rosa arvensis,FALSE
TQ3110,Rosa canina,TRUE
TQ3110,Rubus caesius,FALSE
TQ3110,Rubus fruticosus,TRUE
TQ3110,Rubus idaeus,FALSE
TQ3110,Rumex acetosa,FALSE
TQ3110,Rumex acetosella,FALSE
TQ3110,Rumex crispus,FALSE
TQ3110,Rumex obtusifolius,FALSE
TQ3110,Rumex sanguineus,FALSE
TQ3110,Sagina saginoides,FALSE
TQ3110,Sambucus nigra,FALSE
TQ3110,Sanguisorba officinalis,FALSE
TQ3110,Scorzoneroides autumnalis,FALSE
TQ3110,Scrophularia auriculata,FALSE
TQ3110,Scrophularia nodosa,FALSE
TQ3110,Sedum anglicum,FALSE
TQ3110,Senecio erucifolius,FALSE
TQ3110,Senecio jacobaea,FALSE
TQ3110,Senecio vulgaris,FALSE
TQ3110,Sherardia arvensis,FALSE
TQ3110,Silene dioica,FALSE
TQ3110,Silene latifolia,FALSE
TQ3110,Silybum marianum,FALSE
TQ3110,Sinapis alba,FALSE
TQ3110,Sinapis arvensis,FALSE
TQ3110,Sisymbrium officinale,FALSE
TQ3110,Solanum dulcamara,FALSE
TQ3110,Solanum nigrum,TRUE
TQ3110,Solanum tuberosum,FALSE
TQ3110,Sonchus arvensis,FALSE
TQ3110,Sonchus asper,FALSE
TQ3110,Sonchus oleraceus,FALSE
TQ3110,Sorbus aucuparia,FALSE
TQ3110,Spergula arvensis,FALSE
TQ3110,Spergularia media,FALSE
TQ3110,Stachys arvensis,FALSE
TQ3110,Stachys palustris,FALSE
TQ3110,Stachys sylvatica,TRUE
TQ3110,Stellaria alsine,FALSE
TQ3110,Stellaria graminea,FALSE
TQ3110,Stellaria holostea,FALSE
TQ3110,Stellaria media,FALSE
TQ3110,Suaeda maritima,FALSE
TQ3110,Succisa pratensis,FALSE
TQ3110,Symphytum officinale,FALSE
TQ3110,Taraxacum agg,FALSE
TQ3110,Taraxacum officinale,FALSE
TQ3110,Teucrium scorodonia,FALSE
TQ3110,Thlaspi arvense,FALSE
TQ3110,Thymus polytrichus,FALSE
TQ3110,Thymus vulgaris,FALSE
TQ3110,Torilis japonica,FALSE
TQ3110,Tragopogon pratensis,FALSE
TQ3110,Trientalis europaea,FALSE
TQ3110,Trifolium arvense,FALSE
TQ3110,Trifolium campestre,FALSE
TQ3110,Trifolium constantinopolitanum,FALSE
TQ3110,Trifolium dubium,FALSE
TQ3110,Trifolium pratense,FALSE
TQ3110,Trifolium repens,TRUE
TQ3110,Tripleurospermum inodorum,FALSE
TQ3110,Tripleurospermum maritimum,FALSE
TQ3110,Turgenia latifolia,FALSE
TQ3110,Ulex europaeus,FALSE
TQ3110,Ulex gallii,FALSE
TQ3110,Urtica dioica,TRUE
TQ3110,Vaccinium myrtillus,FALSE
TQ3110,Vaccinium oxycoccos,FALSE
TQ3110,Vaccinium vitis,FALSE
TQ3110,Valeriana dioica,FALSE
TQ3110,Valeriana officinalis,FALSE
TQ3110,Verbena officinalis,FALSE
TQ3110,Verbena x,FALSE
TQ3110,Veronica agrestis,FALSE
TQ3110,Veronica arvensis,FALSE
TQ3110,Veronica beccabunga,FALSE
TQ3110,Veronica chamaedrys,FALSE
TQ3110,Veronica hederifolia,FALSE
TQ3110,Veronica montana,FALSE
TQ3110,Veronica officinalis,FALSE
TQ3110,Veronica persica,TRUE
TQ3110,Veronica polita,TRUE
TQ3110,Veronica serpyllifolia,FALSE
TQ3110,Vicia benghalensis,FALSE
TQ3110,Vicia cracca,FALSE
TQ3110,Vicia faba,FALSE
TQ3110,Vicia hirsuta,FALSE
TQ3110,Vicia lutea,FALSE
TQ3110,Vicia sativa,FALSE
TQ3110,Vicia sepium,FALSE
TQ3110,Vicia spp,FALSE
TQ3110,Vicia tetrasperma,FALSE
TQ3110,Viola arvensis,TRUE
TQ3110,Viola canina,FALSE
TQ3110,Viola palustris,FALSE
TQ3110,Viola riviniana,FALSE
TQ3110,Zea mays,FALSE
TQ4450,Acer pseudoplatanus,FALSE
TQ4450,Achillea millefolium,FALSE
TQ4450,Achillea ptarmica,FALSE
TQ4450,Aegopodium podagraria,FALSE
TQ4450,Aethusa cynapium,FALSE
TQ4450,Ajuga reptans,FALSE
TQ4450,Alliaria petiolata,FALSE
TQ4450,Alnus glutinosa,FALSE
TQ4450,Anagallis arvensis,FALSE
TQ4450,Anchusa arvensis,FALSE
TQ4450,Anemone nemorosa,FALSE
TQ4450,Angelica sylvestris,FALSE
TQ4450,Anthemis cotula,FALSE
TQ4450,Anthriscus caucalis,FALSE
TQ4450,Anthriscus sylvestris,TRUE
TQ4450,Apium nodiflorum,FALSE
TQ4450,Armeria maritima,FALSE
TQ4450,Artemisia absinthium,FALSE
TQ4450,Artemisia annua,FALSE
TQ4450,Artemisia vulgaris,FALSE
TQ4450,Aster tripolium,FALSE
TQ4450,Atriplex patula,FALSE
TQ4450,Atriplex portulacoides,FALSE
TQ4450,Ballota nigra,FALSE
TQ4450,Barbarea vulgaris,FALSE
TQ4450,Bellis perennis,TRUE
TQ4450,Berula erecta,FALSE
TQ4450,Brassica napus,FALSE
TQ4450,Brassica oleracea,FALSE
TQ4450,Brassica rapa,FALSE
TQ4450,Bryonia dioica,FALSE
TQ4450,Buddleja davidii,FALSE
TQ4450,Bupleurum tenuissimum,FALSE
TQ4450,Calluna vulgaris,FALSE
TQ4450,Caltha palustris,FALSE
TQ4450,Calystegia sepium,FALSE
TQ4450,Campanula rotundifolia,FALSE
TQ4450,Capsella bursa,FALSE
TQ4450,Cardamine flexuosa,FALSE
TQ4450,Cardamine hirsuta,FALSE
TQ4450,Cardamine pratensis,TRUE
TQ4450,Carduus nutans,FALSE
TQ4450,Carum verticillatum,FALSE
TQ4450,Centaurea cyanus,FALSE
TQ4450,Centaurea nigra,TRUE
TQ4450,Centaurea scabiosa,TRUE
TQ4450,Centaurium erythraea,FALSE
TQ4450,Cerastium arvense,FALSE
TQ4450,Cerastium fontanum,TRUE
TQ4450,Cerastium glomeratum,FALSE
TQ4450,Ceratocapnos claviculata,FALSE
TQ4450,Chaerophyllum temulum,FALSE
TQ4450,Chamaemelum nobile,FALSE
TQ4450,Chamerion angustifolium,FALSE
TQ4450,Chenopodium album,FALSE
TQ4450,Chenopodium ficifolium,FALSE
TQ4450,Chenopodium quinoa,FALSE
TQ4450,Cichorium intybus,FALSE
TQ4450,Circaea lutetiana,FALSE
TQ4450,Cirsium arvense,TRUE
TQ4450,Cirsium eriophorum,FALSE
TQ4450,Cirsium palustre,FALSE
TQ4450,Cirsium vulgare,TRUE
TQ4450,Clematis vitalba,FALSE
TQ4450,Clinopodium vulgare,FALSE
TQ4450,Conium maculatum,FALSE
TQ4450,Conopodium majus,FALSE
TQ4450,Convolvulus arvensis,FALSE
TQ4450,Conyza canadensis,FALSE
TQ4450,Cotoneaster salicifolius,FALSE
TQ4450,Crataegus monogyna,TRUE
TQ4450,Crepis capillaris,FALSE
TQ4450,Crepis vesicaria,FALSE
TQ4450,Cruciata laevipes,FALSE
TQ4450,Cytisus scoparius,FALSE
TQ4450,Dactylorhiza fuchsii,FALSE
TQ4450,Dactylorhiza maculata,FALSE
TQ4450,Daucus carota,FALSE
TQ4450,Digitalis ferruginea,FALSE
TQ4450,Digitalis grandiflora,FALSE
TQ4450,Digitalis purpurea,FALSE
TQ4450,Dioscorea communis,FALSE
TQ4450,Doronicum plantagineum,FALSE
TQ4450,Drosera anglica,FALSE
TQ4450,Drosera rotundifolia,FALSE
TQ4450,Dryas octopetala,FALSE
TQ4450,Epilobium hirsutum,TRUE
TQ4450,Epilobium montanum,FALSE
TQ4450,Epilobium obscurum,FALSE
TQ4450,Epilobium palustre,FALSE
TQ4450,Epilobium parviflorum,FALSE
TQ4450,Epilobium roseum,FALSE
TQ4450,Epilobium tetragonum,FALSE
TQ4450,Erica cinerea,FALSE
TQ4450,Erica tetralix,FALSE
TQ4450,Eriophorum vaginatum,FALSE
TQ4450,Eupatorium cannabinum,FALSE
TQ4450,Euphorbia exigua,FALSE
TQ4450,Euphorbia helioscopia,FALSE
TQ4450,Euphrasia officinalis,FALSE
TQ4450,Fagopyrum esculentum,FALSE
TQ4450,Fallopia convolvulus,FALSE
TQ4450,Filipendula ulmaria,FALSE
TQ4450,Fumaria officinalis,FALSE
TQ4450,Galeopsis speciosa,FALSE
TQ4450,Galeopsis tetrahit,FALSE
TQ4450,Galium aparine,TRUE
TQ4450,Galium mollugo,FALSE
TQ4450,Galium odoratum,FALSE
TQ4450,Galium palustre,FALSE
TQ4450,Galium saxatile,FALSE
TQ4450,Galium verum,FALSE
TQ4450,Genista anglica,FALSE
TQ4450,Geranium dissectum,FALSE
TQ4450,Geranium molle,FALSE
TQ4450,Geranium nodosum,FALSE
TQ4450,Geranium pratense,FALSE
TQ4450,Geranium pyrenaicum,FALSE
TQ4450,Geranium robertianum,TRUE
TQ4450,Geum urbanum,FALSE
TQ4450,Glechoma hederacea,FALSE
TQ4450,Hedera helix,FALSE
TQ4450,Helianthus annuus,FALSE
TQ4450,Heracleum mantegazzianum,FALSE
TQ4450,Heracleum sphondylium,TRUE
TQ4450,Hippocrepis comosa,FALSE
TQ4450,Hordeum vulgare,FALSE
TQ4450,Hyacinthoides non,FALSE
TQ4450,Hypericum forrestii,FALSE
TQ4450,Hypericum perforatum,FALSE
TQ4450,Hypericum pulchrum,FALSE
TQ4450,Hypericum tetrapterum,FALSE
TQ4450,Hypochaeris radicata,FALSE
TQ4450,Ilex aquifolium,FALSE
TQ4450,Impatiens glandulifera,FALSE
TQ4450,Impatiens parviflora,FALSE
TQ4450,Iris pseudacorus,FALSE
TQ4450,Jacobaea erucifolia,FALSE
TQ4450,Jacobaea vulgaris,FALSE
TQ4450,Jasione montana,FALSE
TQ4450,Juncus conglomeratus,FALSE
TQ4450,Juncus effusus,FALSE
TQ4450,Knautia arvensis,FALSE
TQ4450,Lactuca serriola,FALSE
TQ4450,Lamium album,FALSE
TQ4450,Lamium galeobdolon,TRUE
TQ4450,Lamium purpureum,FALSE
TQ4450,Lapsana communis,FALSE
TQ4450,Lathyrus aphaca,FALSE
TQ4450,Lathyrus linifolius,FALSE
TQ4450,Lathyrus pratensis,FALSE
TQ4450,Leontodon hispidus,FALSE
TQ4450,Leontodon saxatilis,FALSE
TQ4450,Leucanthemum vulgare,FALSE
TQ4450,Ligusticum scoticum,FALSE
TQ4450,Limonium vulgare,FALSE
TQ4450,Linaria vulgaris,FALSE
TQ4450,Linum catharticum,FALSE
TQ4450,Linum usitatissimum,FALSE
TQ4450,Lonicera caprifolium,FALSE
TQ4450,Lonicera periclymenum,FALSE
TQ4450,Lotus angustissimus,FALSE
TQ4450,Lotus corniculatus,TRUE
TQ4450,Lotus pedunculatus,FALSE
TQ4450,Lotus subbiflorus,FALSE
TQ4450,Luzula campestris,FALSE
TQ4450,Lysimachia nemorum,FALSE
TQ4450,Lysimachia punctata,FALSE
TQ4450,Lysimachia vulgaris,FALSE
TQ4450,Lythrum alatum,FALSE
TQ4450,Lythrum salicaria,FALSE
TQ4450,Malva sylvestris,FALSE
TQ4450,Matricaria chamomilla,FALSE
TQ4450,Matricaria discoidea,FALSE
TQ4450,Medicago lupulina,TRUE
TQ4450,Melampyrum pratense,FALSE
TQ4450,Mentha aquatica,FALSE
TQ4450,Mentha arvensis,FALSE
TQ4450,Mercurialis perennis,FALSE
TQ4450,Myosotis arvensis,FALSE
TQ4450,Myosotis discolor,FALSE
TQ4450,Myosotis sylvatica,FALSE
TQ4450,Narthecium ossifragum,FALSE
TQ4450,Odontites vernus,FALSE
TQ4450,Oenanthe crocata,FALSE
TQ4450,Origanum vulgare,FALSE
TQ4450,Ornithopus perpusillus,FALSE
TQ4450,Oxalis acetosella,FALSE
TQ4450,Panicum miliaceum,FALSE
TQ4450,Papaver rhoeas,FALSE
TQ4450,Pedicularis sylvatica,FALSE
TQ4450,Persicaria amplexicaulis,FALSE
TQ4450,Persicaria bistorta,FALSE
TQ4450,Persicaria hydropiper,FALSE
TQ4450,Persicaria lapathifolia,FALSE
TQ4450,Persicaria maculosa,FALSE
TQ4450,Peucedanum ostruthium,FALSE
TQ4450,Picris echioides,FALSE
TQ4450,Picris hieracioides,FALSE
TQ4450,Pilosella officinarum,FALSE
TQ4450,Pimpinella saxifraga,FALSE
TQ4450,Pinguicula vulgaris,FALSE
TQ4450,Plantago lanceolata,FALSE
TQ4450,Plantago major,FALSE
TQ4450,Plantago maritima,FALSE
TQ4450,Poa annua,FALSE
TQ4450,Polygala serpyllifolia,FALSE
TQ4450,Polygala vulgaris,FALSE
TQ4450,Polygonum aviculare,FALSE
TQ4450,Potentilla anglica,FALSE
TQ4450,Potentilla anserina,FALSE
TQ4450,Potentilla erecta,FALSE
TQ4450,Potentilla recta,FALSE
TQ4450,Potentilla reptans,TRUE
TQ4450,Prunella vulgaris,FALSE
TQ4450,Prunus spinosa,FALSE
TQ4450,Pulicaria dysenterica,FALSE
TQ4450,Ranunculus acris,TRUE
TQ4450,Ranunculus bulbosus,FALSE
TQ4450,Ranunculus ficaria,FALSE
TQ4450,Ranunculus flammula,FALSE
TQ4450,Ranunculus repens,TRUE
TQ4450,Ranunculus sardous,FALSE
TQ4450,Raphanus raphanistrum,FALSE
TQ4450,Raphanus sativus,FALSE
TQ4450,Rhinanthus minor,FALSE
TQ4450,Rosa arvensis,FALSE
TQ4450,Rosa canina,FALSE
TQ4450,Rubus caesius,FALSE
TQ4450,Rubus fruticosus,TRUE
TQ4450,Rubus idaeus,FALSE
TQ4450,Rumex acetosa,FALSE
TQ4450,Rumex acetosella,FALSE
TQ4450,Rumex crispus,FALSE
TQ4450,Rumex obtusifolius,FALSE
TQ4450,Rumex sanguineus,FALSE
TQ4450,Sagina saginoides,FALSE
TQ4450,Sambucus nigra,FALSE
TQ4450,Sanguisorba officinalis,FALSE
TQ4450,Scorzoneroides autumnalis,FALSE
TQ4450,Scrophularia auriculata,FALSE
TQ4450,Scrophularia nodosa,FALSE
TQ4450,Sedum anglicum,FALSE
TQ4450,Senecio erucifolius,FALSE
TQ4450,Senecio jacobaea,FALSE
TQ4450,Senecio vulgaris,FALSE
TQ4450,Sherardia arvensis,FALSE
TQ4450,Silene dioica,TRUE
TQ4450,Silene latifolia,FALSE
TQ4450,Silybum marianum,FALSE
TQ4450,Sinapis alba,FALSE
TQ4450,Sinapis arvensis,FALSE
TQ4450,Sisymbrium officinale,FALSE
TQ4450,Solanum dulcamara,FALSE
TQ4450,Solanum nigrum,FALSE
TQ4450,Solanum tuberosum,FALSE
TQ4450,Sonchus arvensis,FALSE
TQ4450,Sonchus asper,FALSE
TQ4450,Sonchus oleraceus,FALSE
TQ4450,Sorbus aucuparia,FALSE
TQ4450,Spergula arvensis,FALSE
TQ4450,Spergularia media,FALSE
TQ4450,Stachys arvensis,FALSE
TQ4450,Stachys palustris,FALSE
TQ4450,Stachys sylvatica,FALSE
TQ4450,Stellaria alsine,FALSE
TQ4450,Stellaria graminea,TRUE
TQ4450,Stellaria holostea,FALSE
TQ4450,Stellaria media,FALSE
TQ4450,Suaeda maritima,FALSE
TQ4450,Succisa pratensis,FALSE
TQ4450,Symphytum officinale,FALSE
TQ4450,Taraxacum agg,TRUE
TQ4450,Taraxacum officinale,FALSE
TQ4450,Teucrium scorodonia,FALSE
TQ4450,Thlaspi arvense,FALSE
TQ4450,Thymus polytrichus,FALSE
TQ4450,Thymus vulgaris,FALSE
TQ4450,Torilis japonica,FALSE
TQ4450,Tragopogon pratensis,FALSE
TQ4450,Trientalis europaea,FALSE
TQ4450,Trifolium arvense,FALSE
TQ4450,Trifolium campestre,FALSE
TQ4450,Trifolium constantinopolitanum,FALSE
TQ4450,Trifolium dubium,TRUE
TQ4450,Trifolium pratense,TRUE
TQ4450,Trifolium repens,TRUE
TQ4450,Tripleurospermum inodorum,FALSE
TQ4450,Tripleurospermum maritimum,FALSE
TQ4450,Turgenia latifolia,FALSE
TQ4450,Ulex europaeus,FALSE
TQ4450,Ulex gallii,FALSE
TQ4450,Urtica dioica,FALSE
TQ4450,Vaccinium myrtillus,FALSE
TQ4450,Vaccinium oxycoccos,FALSE
TQ4450,Vaccinium vitis,FALSE
TQ4450,Valeriana dioica,FALSE
TQ4450,Valeriana officinalis,FALSE
TQ4450,Verbena officinalis,FALSE
TQ4450,Verbena x,FALSE
TQ4450,Veronica agrestis,FALSE
TQ4450,Veronica arvensis,FALSE
TQ4450,Veronica beccabunga,FALSE
TQ4450,Veronica chamaedrys,FALSE
TQ4450,Veronica hederifolia,FALSE
TQ4450,Veronica montana,FALSE
TQ4450,Veronica officinalis,FALSE
TQ4450,Veronica persica,FALSE
TQ4450,Veronica polita,FALSE
TQ4450,Veronica serpyllifolia,FALSE
TQ4450,Vicia benghalensis,FALSE
TQ4450,Vicia cracca,FALSE
TQ4450,Vicia faba,FALSE
TQ4450,Vicia hirsuta,FALSE
TQ4450,Vicia lutea,FALSE
TQ4450,Vicia sativa,TRUE
TQ4450,Vicia sepium,TRUE
TQ4450,Vicia spp,FALSE
TQ4450,Vicia tetrasperma,FALSE
TQ4450,Viola arvensis,FALSE
TQ4450,Viola canina,FALSE
TQ4450,Viola palustris,FALSE
TQ4450,Viola riviniana,FALSE
TQ4450,Zea mays,FALSE
TQ8038,Acer pseudoplatanus,FALSE
TQ8038,Achillea millefolium,FALSE
TQ8038,Achillea ptarmica,FALSE
TQ8038,Aegopodium podagraria,FALSE
TQ8038,Aethusa cynapium,FALSE
TQ8038,Ajuga reptans,FALSE
TQ8038,Alliaria petiolata,FALSE
TQ8038,Alnus glutinosa,FALSE
TQ8038,Anagallis arvensis,FALSE
TQ8038,Anchusa arvensis,FALSE
TQ8038,Anemone nemorosa,FALSE
TQ8038,Angelica sylvestris,FALSE
TQ8038,Anthemis cotula,FALSE
TQ8038,Anthriscus caucalis,FALSE
TQ8038,Anthriscus sylvestris,TRUE
TQ8038,Apium nodiflorum,FALSE
TQ8038,Armeria maritima,FALSE
TQ8038,Artemisia absinthium,FALSE
TQ8038,Artemisia annua,FALSE
TQ8038,Artemisia vulgaris,FALSE
TQ8038,Aster tripolium,FALSE
TQ8038,Atriplex patula,FALSE
TQ8038,Atriplex portulacoides,FALSE
TQ8038,Ballota nigra,FALSE
TQ8038,Barbarea vulgaris,FALSE
TQ8038,Bellis perennis,FALSE
TQ8038,Berula erecta,FALSE
TQ8038,Brassica napus,FALSE
TQ8038,Brassica oleracea,FALSE
TQ8038,Brassica rapa,FALSE
TQ8038,Bryonia dioica,FALSE
TQ8038,Buddleja davidii,FALSE
TQ8038,Bupleurum tenuissimum,FALSE
TQ8038,Calluna vulgaris,FALSE
TQ8038,Caltha palustris,FALSE
TQ8038,Calystegia sepium,FALSE
TQ8038,Campanula rotundifolia,FALSE
TQ8038,Capsella bursa,FALSE
TQ8038,Cardamine flexuosa,FALSE
TQ8038,Cardamine hirsuta,FALSE
TQ8038,Cardamine pratensis,FALSE
TQ8038,Carduus nutans,FALSE
TQ8038,Carum verticillatum,FALSE
TQ8038,Centaurea cyanus,FALSE
TQ8038,Centaurea nigra,FALSE
TQ8038,Centaurea scabiosa,FALSE
TQ8038,Centaurium erythraea,FALSE
TQ8038,Cerastium arvense,FALSE
TQ8038,Cerastium fontanum,TRUE
TQ8038,Cerastium glomeratum,FALSE
TQ8038,Ceratocapnos claviculata,FALSE
TQ8038,Chaerophyllum temulum,FALSE
TQ8038,Chamaemelum nobile,FALSE
TQ8038,Chamerion angustifolium,FALSE
TQ8038,Chenopodium album,FALSE
TQ8038,Chenopodium ficifolium,FALSE
TQ8038,Chenopodium quinoa,FALSE
TQ8038,Cichorium intybus,FALSE
TQ8038,Circaea lutetiana,FALSE
TQ8038,Cirsium arvense,TRUE
TQ8038,Cirsium eriophorum,FALSE
TQ8038,Cirsium palustre,FALSE
TQ8038,Cirsium vulgare,FALSE
TQ8038,Clematis vitalba,FALSE
TQ8038,Clinopodium vulgare,FALSE
TQ8038,Conium maculatum,FALSE
TQ8038,Conopodium majus,FALSE
TQ8038,Convolvulus arvensis,FALSE
TQ8038,Conyza canadensis,FALSE
TQ8038,Cotoneaster salicifolius,FALSE
TQ8038,Crataegus monogyna,TRUE
TQ8038,Crepis capillaris,FALSE
TQ8038,Crepis vesicaria,FALSE
TQ8038,Cruciata laevipes,FALSE
TQ8038,Cytisus scoparius,FALSE
TQ8038,Dactylorhiza fuchsii,FALSE
TQ8038,Dactylorhiza maculata,FALSE
TQ8038,Daucus carota,FALSE
TQ8038,Digitalis ferruginea,FALSE
TQ8038,Digitalis grandiflora,FALSE
TQ8038,Digitalis purpurea,FALSE
TQ8038,Dioscorea communis,TRUE
TQ8038,Doronicum plantagineum,FALSE
TQ8038,Drosera anglica,FALSE
TQ8038,Drosera rotundifolia,FALSE
TQ8038,Dryas octopetala,FALSE
TQ8038,Epilobium hirsutum,FALSE
TQ8038,Epilobium montanum,FALSE
TQ8038,Epilobium obscurum,FALSE
TQ8038,Epilobium palustre,FALSE
TQ8038,Epilobium parviflorum,FALSE
TQ8038,Epilobium roseum,FALSE
TQ8038,Epilobium tetragonum,FALSE
TQ8038,Erica cinerea,FALSE
TQ8038,Erica tetralix,FALSE
TQ8038,Eriophorum vaginatum,FALSE
TQ8038,Eupatorium cannabinum,FALSE
TQ8038,Euphorbia exigua,FALSE
TQ8038,Euphorbia helioscopia,FALSE
TQ8038,Euphrasia officinalis,FALSE
TQ8038,Fagopyrum esculentum,FALSE
TQ8038,Fallopia convolvulus,FALSE
TQ8038,Filipendula ulmaria,FALSE
TQ8038,Fumaria officinalis,FALSE
TQ8038,Galeopsis speciosa,FALSE
TQ8038,Galeopsis tetrahit,FALSE
TQ8038,Galium aparine,TRUE
TQ8038,Galium mollugo,FALSE
TQ8038,Galium odoratum,FALSE
TQ8038,Galium palustre,FALSE
TQ8038,Galium saxatile,FALSE
TQ8038,Galium verum,FALSE
TQ8038,Genista anglica,FALSE
TQ8038,Geranium dissectum,TRUE
TQ8038,Geranium molle,FALSE
TQ8038,Geranium nodosum,FALSE
TQ8038,Geranium pratense,FALSE
TQ8038,Geranium pyrenaicum,FALSE
TQ8038,Geranium robertianum,FALSE
TQ8038,Geum urbanum,TRUE
TQ8038,Glechoma hederacea,TRUE
TQ8038,Hedera helix,FALSE
TQ8038,Helianthus annuus,FALSE
TQ8038,Heracleum mantegazzianum,FALSE
TQ8038,Heracleum sphondylium,TRUE
TQ8038,Hippocrepis comosa,FALSE
TQ8038,Hordeum vulgare,FALSE
TQ8038,Hyacinthoides non,FALSE
TQ8038,Hypericum forrestii,FALSE
TQ8038,Hypericum perforatum,FALSE
TQ8038,Hypericum pulchrum,FALSE
TQ8038,Hypericum tetrapterum,FALSE
TQ8038,Hypochaeris radicata,FALSE
TQ8038,Ilex aquifolium,FALSE
TQ8038,Impatiens glandulifera,FALSE
TQ8038,Impatiens parviflora,FALSE
TQ8038,Iris pseudacorus,FALSE
TQ8038,Jacobaea erucifolia,FALSE
TQ8038,Jacobaea vulgaris,FALSE
TQ8038,Jasione montana,FALSE
TQ8038,Juncus conglomeratus,FALSE
TQ8038,Juncus effusus,FALSE
TQ8038,Knautia arvensis,FALSE
TQ8038,Lactuca serriola,FALSE
TQ8038,Lamium album,FALSE
TQ8038,Lamium galeobdolon,FALSE
TQ8038,Lamium purpureum,FALSE
TQ8038,Lapsana communis,TRUE
TQ8038,Lathyrus aphaca,FALSE
TQ8038,Lathyrus linifolius,FALSE
TQ8038,Lathyrus pratensis,FALSE
TQ8038,Leontodon hispidus,FALSE
TQ8038,Leontodon saxatilis,FALSE
TQ8038,Leucanthemum vulgare,FALSE
TQ8038,Ligusticum scoticum,FALSE
TQ8038,Limonium vulgare,FALSE
TQ8038,Linaria vulgaris,FALSE
TQ8038,Linum catharticum,FALSE
TQ8038,Linum usitatissimum,FALSE
TQ8038,Lonicera caprifolium,FALSE
TQ8038,Lonicera periclymenum,FALSE
TQ8038,Lotus angustissimus,FALSE
TQ8038,Lotus corniculatus,FALSE
TQ8038,Lotus pedunculatus,FALSE
TQ8038,Lotus subbiflorus,FALSE
TQ8038,Luzula campestris,FALSE
TQ8038,Lysimachia nemorum,FALSE
TQ8038,Lysimachia punctata,FALSE
TQ8038,Lysimachia vulgaris,FALSE
TQ8038,Lythrum alatum,FALSE
TQ8038,Lythrum salicaria,FALSE
TQ8038,Malva sylvestris,FALSE
TQ8038,Matricaria chamomilla,FALSE
TQ8038,Matricaria discoidea,FALSE
TQ8038,Medicago lupulina,TRUE
TQ8038,Melampyrum pratense,FALSE
TQ8038,Mentha aquatica,FALSE
TQ8038,Mentha arvensis,FALSE
TQ8038,Mercurialis perennis,FALSE
TQ8038,Myosotis arvensis,FALSE
TQ8038,Myosotis discolor,FALSE
TQ8038,Myosotis sylvatica,FALSE
TQ8038,Narthecium ossifragum,FALSE
TQ8038,Odontites vernus,FALSE
TQ8038,Oenanthe crocata,FALSE
TQ8038,Origanum vulgare,FALSE
TQ8038,Ornithopus perpusillus,FALSE
TQ8038,Oxalis acetosella,FALSE
TQ8038,Panicum miliaceum,FALSE
TQ8038,Papaver rhoeas,FALSE
TQ8038,Pedicularis sylvatica,FALSE
TQ8038,Persicaria amplexicaulis,FALSE
TQ8038,Persicaria bistorta,FALSE
TQ8038,Persicaria hydropiper,FALSE
TQ8038,Persicaria lapathifolia,FALSE
TQ8038,Persicaria maculosa,FALSE
TQ8038,Peucedanum ostruthium,FALSE
TQ8038,Picris echioides,FALSE
TQ8038,Picris hieracioides,FALSE
TQ8038,Pilosella officinarum,FALSE
TQ8038,Pimpinella saxifraga,FALSE
TQ8038,Pinguicula vulgaris,FALSE
TQ8038,Plantago lanceolata,FALSE
TQ8038,Plantago major,FALSE
TQ8038,Plantago maritima,FALSE
TQ8038,Poa annua,FALSE
TQ8038,Polygala serpyllifolia,FALSE
TQ8038,Polygala vulgaris,FALSE
TQ8038,Polygonum aviculare,FALSE
TQ8038,Potentilla anglica,FALSE
TQ8038,Potentilla anserina,FALSE
TQ8038,Potentilla erecta,FALSE
TQ8038,Potentilla recta,FALSE
TQ8038,Potentilla reptans,FALSE
TQ8038,Prunella vulgaris,TRUE
TQ8038,Prunus spinosa,FALSE
TQ8038,Pulicaria dysenterica,FALSE
TQ8038,Ranunculus acris,TRUE
TQ8038,Ranunculus bulbosus,FALSE
TQ8038,Ranunculus ficaria,FALSE
TQ8038,Ranunculus flammula,FALSE
TQ8038,Ranunculus repens,TRUE
TQ8038,Ranunculus sardous,FALSE
TQ8038,Raphanus raphanistrum,FALSE
TQ8038,Raphanus sativus,FALSE
TQ8038,Rhinanthus minor,FALSE
TQ8038,Rosa arvensis,FALSE
TQ8038,Rosa canina,TRUE
TQ8038,Rubus caesius,FALSE
TQ8038,Rubus fruticosus,TRUE
TQ8038,Rubus idaeus,FALSE
TQ8038,Rumex acetosa,FALSE
TQ8038,Rumex acetosella,FALSE
TQ8038,Rumex crispus,TRUE
TQ8038,Rumex obtusifolius,TRUE
TQ8038,Rumex sanguineus,FALSE
TQ8038,Sagina saginoides,FALSE
TQ8038,Sambucus nigra,FALSE
TQ8038,Sanguisorba officinalis,FALSE
TQ8038,Scorzoneroides autumnalis,FALSE
TQ8038,Scrophularia auriculata,FALSE
TQ8038,Scrophularia nodosa,TRUE
TQ8038,Sedum anglicum,FALSE
TQ8038,Senecio erucifolius,FALSE
TQ8038,Senecio jacobaea,FALSE
TQ8038,Senecio vulgaris,FALSE
TQ8038,Sherardia arvensis,FALSE
TQ8038,Silene dioica,FALSE
TQ8038,Silene latifolia,FALSE
TQ8038,Silybum marianum,FALSE
TQ8038,Sinapis alba,FALSE
TQ8038,Sinapis arvensis,FALSE
TQ8038,Sisymbrium officinale,FALSE
TQ8038,Solanum dulcamara,FALSE
TQ8038,Solanum nigrum,FALSE
TQ8038,Solanum tuberosum,FALSE
TQ8038,Sonchus arvensis,FALSE
TQ8038,Sonchus asper,TRUE
TQ8038,Sonchus oleraceus,FALSE
TQ8038,Sorbus aucuparia,FALSE
TQ8038,Spergula arvensis,FALSE
TQ8038,Spergularia media,FALSE
TQ8038,Stachys arvensis,FALSE
TQ8038,Stachys palustris,FALSE
TQ8038,Stachys sylvatica,TRUE
TQ8038,Stellaria alsine,FALSE
TQ8038,Stellaria graminea,FALSE
TQ8038,Stellaria holostea,FALSE
TQ8038,Stellaria media,FALSE
TQ8038,Suaeda maritima,FALSE
TQ8038,Succisa pratensis,FALSE
TQ8038,Symphytum officinale,FALSE
TQ8038,Taraxacum agg,TRUE
TQ8038,Taraxacum officinale,FALSE
TQ8038,Teucrium scorodonia,FALSE
TQ8038,Thlaspi arvense,FALSE
TQ8038,Thymus polytrichus,FALSE
TQ8038,Thymus vulgaris,FALSE
TQ8038,Torilis japonica,TRUE
TQ8038,Tragopogon pratensis,FALSE
TQ8038,Trientalis europaea,FALSE
TQ8038,Trifolium arvense,FALSE
TQ8038,Trifolium campestre,FALSE
TQ8038,Trifolium constantinopolitanum,FALSE
TQ8038,Trifolium dubium,FALSE
TQ8038,Trifolium pratense,FALSE
TQ8038,Trifolium repens,TRUE
TQ8038,Tripleurospermum inodorum,TRUE
TQ8038,Tripleurospermum maritimum,FALSE
TQ8038,Turgenia latifolia,FALSE
TQ8038,Ulex europaeus,FALSE
TQ8038,Ulex gallii,FALSE
TQ8038,Urtica dioica,TRUE
TQ8038,Vaccinium myrtillus,FALSE
TQ8038,Vaccinium oxycoccos,FALSE
TQ8038,Vaccinium vitis,FALSE
TQ8038,Valeriana dioica,FALSE
TQ8038,Valeriana officinalis,FALSE
TQ8038,Verbena officinalis,FALSE
TQ8038,Verbena x,FALSE
TQ8038,Veronica agrestis,FALSE
TQ8038,Veronica arvensis,FALSE
TQ8038,Veronica beccabunga,FALSE
TQ8038,Veronica chamaedrys,TRUE
TQ8038,Veronica hederifolia,FALSE
TQ8038,Veronica montana,FALSE
TQ8038,Veronica officinalis,FALSE
TQ8038,Veronica persica,FALSE
TQ8038,Veronica polita,FALSE
TQ8038,Veronica serpyllifolia,FALSE
TQ8038,Vicia benghalensis,FALSE
TQ8038,Vicia cracca,FALSE
TQ8038,Vicia faba,FALSE
TQ8038,Vicia hirsuta,FALSE
TQ8038,Vicia lutea,FALSE
TQ8038,Vicia sativa,FALSE
TQ8038,Vicia sepium,TRUE
TQ8038,Vicia spp,FALSE
TQ8038,Vicia tetrasperma,FALSE
TQ8038,Viola arvensis,FALSE
TQ8038,Viola canina,FALSE
TQ8038,Viola palustris,FALSE
TQ8038,Viola riviniana,FALSE
TQ8038,Zea mays,FALSE
TR0534,Acer pseudoplatanus,FALSE
TR0534,Achillea millefolium,FALSE
TR0534,Achillea ptarmica,FALSE
TR0534,Aegopodium podagraria,FALSE
TR0534,Aethusa cynapium,FALSE
TR0534,Ajuga reptans,FALSE
TR0534,Alliaria petiolata,FALSE
TR0534,Alnus glutinosa,FALSE
TR0534,Anagallis arvensis,FALSE
TR0534,Anchusa arvensis,FALSE
TR0534,Anemone nemorosa,FALSE
TR0534,Angelica sylvestris,FALSE
TR0534,Anthemis cotula,TRUE
TR0534,Anthriscus caucalis,FALSE
TR0534,Anthriscus sylvestris,TRUE
TR0534,Apium nodiflorum,FALSE
TR0534,Armeria maritima,FALSE
TR0534,Artemisia absinthium,FALSE
TR0534,Artemisia annua,FALSE
TR0534,Artemisia vulgaris,FALSE
TR0534,Aster tripolium,FALSE
TR0534,Atriplex patula,FALSE
TR0534,Atriplex portulacoides,FALSE
TR0534,Ballota nigra,FALSE
TR0534,Barbarea vulgaris,FALSE
TR0534,Bellis perennis,FALSE
TR0534,Berula erecta,FALSE
TR0534,Brassica napus,TRUE
TR0534,Brassica oleracea,FALSE
TR0534,Brassica rapa,FALSE
TR0534,Bryonia dioica,FALSE
TR0534,Buddleja davidii,FALSE
TR0534,Bupleurum tenuissimum,FALSE
TR0534,Calluna vulgaris,FALSE
TR0534,Caltha palustris,FALSE
TR0534,Calystegia sepium,FALSE
TR0534,Campanula rotundifolia,FALSE
TR0534,Capsella bursa,TRUE
TR0534,Cardamine flexuosa,FALSE
TR0534,Cardamine hirsuta,FALSE
TR0534,Cardamine pratensis,FALSE
TR0534,Carduus nutans,FALSE
TR0534,Carum verticillatum,FALSE
TR0534,Centaurea cyanus,FALSE
TR0534,Centaurea nigra,FALSE
TR0534,Centaurea scabiosa,FALSE
TR0534,Centaurium erythraea,FALSE
TR0534,Cerastium arvense,FALSE
TR0534,Cerastium fontanum,FALSE
TR0534,Cerastium glomeratum,FALSE
TR0534,Ceratocapnos claviculata,FALSE
TR0534,Chaerophyllum temulum,FALSE
TR0534,Chamaemelum nobile,FALSE
TR0534,Chamerion angustifolium,FALSE
TR0534,Chenopodium album,FALSE
TR0534,Chenopodium ficifolium,FALSE
TR0534,Chenopodium quinoa,FALSE
TR0534,Cichorium intybus,FALSE
TR0534,Circaea lutetiana,FALSE
TR0534,Cirsium arvense,TRUE
TR0534,Cirsium eriophorum,FALSE
TR0534,Cirsium palustre,FALSE
TR0534,Cirsium vulgare,FALSE
TR0534,Clematis vitalba,FALSE
TR0534,Clinopodium vulgare,FALSE
TR0534,Conium maculatum,FALSE
TR0534,Conopodium majus,FALSE
TR0534,Convolvulus arvensis,FALSE
TR0534,Conyza canadensis,FALSE
TR0534,Cotoneaster salicifolius,FALSE
TR0534,Crataegus monogyna,FALSE
TR0534,Crepis capillaris,FALSE
TR0534,Crepis vesicaria,FALSE
TR0534,Cruciata laevipes,FALSE
TR0534,Cytisus scoparius,FALSE
TR0534,Dactylorhiza fuchsii,FALSE
TR0534,Dactylorhiza maculata,FALSE
TR0534,Daucus carota,FALSE
TR0534,Digitalis ferruginea,FALSE
TR0534,Digitalis grandiflora,FALSE
TR0534,Digitalis purpurea,FALSE
TR0534,Dioscorea communis,FALSE
TR0534,Doronicum plantagineum,FALSE
TR0534,Drosera anglica,FALSE
TR0534,Drosera rotundifolia,FALSE
TR0534,Dryas octopetala,FALSE
TR0534,Epilobium hirsutum,FALSE
TR0534,Epilobium montanum,FALSE
TR0534,Epilobium obscurum,FALSE
TR0534,Epilobium palustre,FALSE
TR0534,Epilobium parviflorum,FALSE
TR0534,Epilobium roseum,FALSE
TR0534,Epilobium tetragonum,FALSE
TR0534,Erica cinerea,FALSE
TR0534,Erica tetralix,FALSE
TR0534,Eriophorum vaginatum,FALSE
TR0534,Eupatorium cannabinum,FALSE
TR0534,Euphorbia exigua,FALSE
TR0534,Euphorbia helioscopia,FALSE
TR0534,Euphrasia officinalis,FALSE
TR0534,Fagopyrum esculentum,FALSE
TR0534,Fallopia convolvulus,FALSE
TR0534,Filipendula ulmaria,FALSE
TR0534,Fumaria officinalis,FALSE
TR0534,Galeopsis speciosa,FALSE
TR0534,Galeopsis tetrahit,FALSE
TR0534,Galium aparine,TRUE
TR0534,Galium mollugo,FALSE
TR0534,Galium odoratum,FALSE
TR0534,Galium palustre,FALSE
TR0534,Galium saxatile,FALSE
TR0534,Galium verum,FALSE
TR0534,Genista anglica,FALSE
TR0534,Geranium dissectum,TRUE
TR0534,Geranium molle,FALSE
TR0534,Geranium nodosum,FALSE
TR0534,Geranium pratense,FALSE
TR0534,Geranium pyrenaicum,FALSE
TR0534,Geranium robertianum,FALSE
TR0534,Geum urbanum,FALSE
TR0534,Glechoma hederacea,FALSE
TR0534,Hedera helix,FALSE
TR0534,Helianthus annuus,FALSE
TR0534,Heracleum mantegazzianum,FALSE
TR0534,Heracleum sphondylium,TRUE
TR0534,Hippocrepis comosa,FALSE
TR0534,Hordeum vulgare,FALSE
TR0534,Hyacinthoides non,FALSE
TR0534,Hypericum forrestii,FALSE
TR0534,Hypericum perforatum,FALSE
TR0534,Hypericum pulchrum,FALSE
TR0534,Hypericum tetrapterum,FALSE
TR0534,Hypochaeris radicata,FALSE
TR0534,Ilex aquifolium,FALSE
TR0534,Impatiens glandulifera,FALSE
TR0534,Impatiens parviflora,FALSE
TR0534,Iris pseudacorus,FALSE
TR0534,Jacobaea erucifolia,FALSE
TR0534,Jacobaea vulgaris,TRUE
TR0534,Jasione montana,FALSE
TR0534,Juncus conglomeratus,FALSE
TR0534,Juncus effusus,FALSE
TR0534,Knautia arvensis,FALSE
TR0534,Lactuca serriola,FALSE
TR0534,Lamium album,FALSE
TR0534,Lamium galeobdolon,FALSE
TR0534,Lamium purpureum,TRUE
TR0534,Lapsana communis,TRUE
TR0534,Lathyrus aphaca,FALSE
TR0534,Lathyrus linifolius,FALSE
TR0534,Lathyrus pratensis,FALSE
TR0534,Leontodon hispidus,FALSE
TR0534,Leontodon saxatilis,FALSE
TR0534,Leucanthemum vulgare,FALSE
TR0534,Ligusticum scoticum,FALSE
TR0534,Limonium vulgare,FALSE
TR0534,Linaria vulgaris,FALSE
TR0534,Linum catharticum,FALSE
TR0534,Linum usitatissimum,FALSE
TR0534,Lonicera caprifolium,FALSE
TR0534,Lonicera periclymenum,FALSE
TR0534,Lotus angustissimus,FALSE
TR0534,Lotus corniculatus,FALSE
TR0534,Lotus pedunculatus,FALSE
TR0534,Lotus subbiflorus,FALSE
TR0534,Luzula campestris,FALSE
TR0534,Lysimachia nemorum,FALSE
TR0534,Lysimachia punctata,FALSE
TR0534,Lysimachia vulgaris,FALSE
TR0534,Lythrum alatum,FALSE
TR0534,Lythrum salicaria,FALSE
TR0534,Malva sylvestris,FALSE
TR0534,Matricaria chamomilla,FALSE
TR0534,Matricaria discoidea,FALSE
TR0534,Medicago lupulina,FALSE
TR0534,Melampyrum pratense,FALSE
TR0534,Mentha aquatica,FALSE
TR0534,Mentha arvensis,FALSE
TR0534,Mercurialis perennis,FALSE
TR0534,Myosotis arvensis,FALSE
TR0534,Myosotis discolor,FALSE
TR0534,Myosotis sylvatica,FALSE
TR0534,Narthecium ossifragum,FALSE
TR0534,Odontites vernus,FALSE
TR0534,Oenanthe crocata,TRUE
TR0534,Origanum vulgare,FALSE
TR0534,Ornithopus perpusillus,FALSE
TR0534,Oxalis acetosella,FALSE
TR0534,Panicum miliaceum,FALSE
TR0534,Papaver rhoeas,FALSE
TR0534,Pedicularis sylvatica,FALSE
TR0534,Persicaria amplexicaulis,FALSE
TR0534,Persicaria bistorta,FALSE
TR0534,Persicaria hydropiper,FALSE
TR0534,Persicaria lapathifolia,TRUE
TR0534,Persicaria maculosa,TRUE
TR0534,Peucedanum ostruthium,FALSE
TR0534,Picris echioides,TRUE
TR0534,Picris hieracioides,TRUE
TR0534,Pilosella officinarum,FALSE
TR0534,Pimpinella saxifraga,FALSE
TR0534,Pinguicula vulgaris,FALSE
TR0534,Plantago lanceolata,FALSE
TR0534,Plantago major,TRUE
TR0534,Plantago maritima,FALSE
TR0534,Poa annua,FALSE
TR0534,Polygala serpyllifolia,FALSE
TR0534,Polygala vulgaris,FALSE
TR0534,Polygonum aviculare,TRUE
TR0534,Potentilla anglica,FALSE
TR0534,Potentilla anserina,FALSE
TR0534,Potentilla erecta,FALSE
TR0534,Potentilla recta,FALSE
TR0534,Potentilla reptans,FALSE
TR0534,Prunella vulgaris,FALSE
TR0534,Prunus spinosa,FALSE
TR0534,Pulicaria dysenterica,FALSE
TR0534,Ranunculus acris,TRUE
TR0534,Ranunculus bulbosus,FALSE
TR0534,Ranunculus ficaria,FALSE
TR0534,Ranunculus flammula,FALSE
TR0534,Ranunculus repens,TRUE
TR0534,Ranunculus sardous,FALSE
TR0534,Raphanus raphanistrum,FALSE
TR0534,Raphanus sativus,FALSE
TR0534,Rhinanthus minor,FALSE
TR0534,Rosa arvensis,FALSE
TR0534,Rosa canina,FALSE
TR0534,Rubus caesius,FALSE
TR0534,Rubus fruticosus,FALSE
TR0534,Rubus idaeus,FALSE
TR0534,Rumex acetosa,FALSE
TR0534,Rumex acetosella,FALSE
TR0534,Rumex crispus,FALSE
TR0534,Rumex obtusifolius,FALSE
TR0534,Rumex sanguineus,FALSE
TR0534,Sagina saginoides,FALSE
TR0534,Sambucus nigra,FALSE
TR0534,Sanguisorba officinalis,FALSE
TR0534,Scorzoneroides autumnalis,FALSE
TR0534,Scrophularia auriculata,FALSE
TR0534,Scrophularia nodosa,FALSE
TR0534,Sedum anglicum,FALSE
TR0534,Senecio erucifolius,FALSE
TR0534,Senecio jacobaea,FALSE
TR0534,Senecio vulgaris,TRUE
TR0534,Sherardia arvensis,FALSE
TR0534,Silene dioica,FALSE
TR0534,Silene latifolia,FALSE
TR0534,Silybum marianum,FALSE
TR0534,Sinapis alba,FALSE
TR0534,Sinapis arvensis,FALSE
TR0534,Sisymbrium officinale,FALSE
TR0534,Solanum dulcamara,FALSE
TR0534,Solanum nigrum,FALSE
TR0534,Solanum tuberosum,FALSE
TR0534,Sonchus arvensis,TRUE
TR0534,Sonchus asper,TRUE
TR0534,Sonchus oleraceus,TRUE
TR0534,Sorbus aucuparia,FALSE
TR0534,Spergula arvensis,FALSE
TR0534,Spergularia media,FALSE
TR0534,Stachys arvensis,FALSE
TR0534,Stachys palustris,FALSE
TR0534,Stachys sylvatica,FALSE
TR0534,Stellaria alsine,FALSE
TR0534,Stellaria graminea,FALSE
TR0534,Stellaria holostea,FALSE
TR0534,Stellaria media,FALSE
TR0534,Suaeda maritima,FALSE
TR0534,Succisa pratensis,FALSE
TR0534,Symphytum officinale,FALSE
TR0534,Taraxacum agg,FALSE
TR0534,Taraxacum officinale,TRUE
TR0534,Teucrium scorodonia,FALSE
TR0534,Thlaspi arvense,FALSE
TR0534,Thymus polytrichus,FALSE
TR0534,Thymus vulgaris,FALSE
TR0534,Torilis japonica,FALSE
TR0534,Tragopogon pratensis,FALSE
TR0534,Trientalis europaea,FALSE
TR0534,Trifolium arvense,FALSE
TR0534,Trifolium campestre,FALSE
TR0534,Trifolium constantinopolitanum,FALSE
TR0534,Trifolium dubium,FALSE
TR0534,Trifolium pratense,FALSE
TR0534,Trifolium repens,FALSE
TR0534,Tripleurospermum inodorum,TRUE
TR0534,Tripleurospermum maritimum,FALSE
TR0534,Turgenia latifolia,FALSE
TR0534,Ulex europaeus,FALSE
TR0534,Ulex gallii,FALSE
TR0534,Urtica dioica,TRUE
TR0534,Vaccinium myrtillus,FALSE
TR0534,Vaccinium oxycoccos,FALSE
TR0534,Vaccinium vitis,FALSE
TR0534,Valeriana dioica,FALSE
TR0534,Valeriana officinalis,FALSE
TR0534,Verbena officinalis,FALSE
TR0534,Verbena x,FALSE
TR0534,Veronica agrestis,FALSE
TR0534,Veronica arvensis,FALSE
TR0534,Veronica beccabunga,FALSE
TR0534,Veronica chamaedrys,FALSE
TR0534,Veronica hederifolia,FALSE
TR0534,Veronica montana,FALSE
TR0534,Veronica officinalis,FALSE
TR0534,Veronica persica,TRUE
TR0534,Veronica polita,FALSE
TR0534,Veronica serpyllifolia,FALSE
TR0534,Vicia benghalensis,FALSE
TR0534,Vicia cracca,FALSE
TR0534,Vicia faba,FALSE
TR0534,Vicia hirsuta,FALSE
TR0534,Vicia lutea,FALSE
TR0534,Vicia sativa,FALSE
TR0534,Vicia sepium,FALSE
TR0534,Vicia spp,FALSE
TR0534,Vicia tetrasperma,TRUE
TR0534,Viola arvensis,FALSE
TR0534,Viola canina,FALSE
TR0534,Viola palustris,FALSE
TR0534,Viola riviniana,FALSE
TR0534,Zea mays,FALSE
TR3149,Acer pseudoplatanus,FALSE
TR3149,Achillea millefolium,TRUE
TR3149,Achillea ptarmica,FALSE
TR3149,Aegopodium podagraria,FALSE
TR3149,Aethusa cynapium,FALSE
TR3149,Ajuga reptans,FALSE
TR3149,Alliaria petiolata,TRUE
TR3149,Alnus glutinosa,FALSE
TR3149,Anagallis arvensis,TRUE
TR3149,Anchusa arvensis,FALSE
TR3149,Anemone nemorosa,FALSE
TR3149,Angelica sylvestris,FALSE
TR3149,Anthemis cotula,FALSE
TR3149,Anthriscus caucalis,FALSE
TR3149,Anthriscus sylvestris,TRUE
TR3149,Apium nodiflorum,FALSE
TR3149,Armeria maritima,FALSE
TR3149,Artemisia absinthium,FALSE
TR3149,Artemisia annua,FALSE
TR3149,Artemisia vulgaris,FALSE
TR3149,Aster tripolium,FALSE
TR3149,Atriplex patula,FALSE
TR3149,Atriplex portulacoides,FALSE
TR3149,Ballota nigra,FALSE
TR3149,Barbarea vulgaris,FALSE
TR3149,Bellis perennis,TRUE
TR3149,Berula erecta,FALSE
TR3149,Brassica napus,FALSE
TR3149,Brassica oleracea,FALSE
TR3149,Brassica rapa,FALSE
TR3149,Bryonia dioica,FALSE
TR3149,Buddleja davidii,FALSE
TR3149,Bupleurum tenuissimum,FALSE
TR3149,Calluna vulgaris,FALSE
TR3149,Caltha palustris,FALSE
TR3149,Calystegia sepium,FALSE
TR3149,Campanula rotundifolia,FALSE
TR3149,Capsella bursa,FALSE
TR3149,Cardamine flexuosa,FALSE
TR3149,Cardamine hirsuta,FALSE
TR3149,Cardamine pratensis,FALSE
TR3149,Carduus nutans,FALSE
TR3149,Carum verticillatum,FALSE
TR3149,Centaurea cyanus,FALSE
TR3149,Centaurea nigra,FALSE
TR3149,Centaurea scabiosa,FALSE
TR3149,Centaurium erythraea,FALSE
TR3149,Cerastium arvense,FALSE
TR3149,Cerastium fontanum,FALSE
TR3149,Cerastium glomeratum,FALSE
TR3149,Ceratocapnos claviculata,FALSE
TR3149,Chaerophyllum temulum,FALSE
TR3149,Chamaemelum nobile,FALSE
TR3149,Chamerion angustifolium,FALSE
TR3149,Chenopodium album,FALSE
TR3149,Chenopodium ficifolium,FALSE
TR3149,Chenopodium quinoa,FALSE
TR3149,Cichorium intybus,FALSE
TR3149,Circaea lutetiana,FALSE
TR3149,Cirsium arvense,FALSE
TR3149,Cirsium eriophorum,FALSE
TR3149,Cirsium palustre,FALSE
TR3149,Cirsium vulgare,TRUE
TR3149,Clematis vitalba,FALSE
TR3149,Clinopodium vulgare,FALSE
TR3149,Conium maculatum,FALSE
TR3149,Conopodium majus,FALSE
TR3149,Convolvulus arvensis,TRUE
TR3149,Conyza canadensis,FALSE
TR3149,Cotoneaster salicifolius,FALSE
TR3149,Crataegus monogyna,TRUE
TR3149,Crepis capillaris,FALSE
TR3149,Crepis vesicaria,FALSE
TR3149,Cruciata laevipes,FALSE
TR3149,Cytisus scoparius,FALSE
TR3149,Dactylorhiza fuchsii,FALSE
TR3149,Dactylorhiza maculata,FALSE
TR3149,Daucus carota,TRUE
TR3149,Digitalis ferruginea,FALSE
TR3149,Digitalis grandiflora,FALSE
TR3149,Digitalis purpurea,FALSE
TR3149,Dioscorea communis,FALSE
TR3149,Doronicum plantagineum,FALSE
TR3149,Drosera anglica,FALSE
TR3149,Drosera rotundifolia,FALSE
TR3149,Dryas octopetala,FALSE
TR3149,Epilobium hirsutum,FALSE
TR3149,Epilobium montanum,FALSE
TR3149,Epilobium obscurum,FALSE
TR3149,Epilobium palustre,FALSE
TR3149,Epilobium parviflorum,FALSE
TR3149,Epilobium roseum,FALSE
TR3149,Epilobium tetragonum,FALSE
TR3149,Erica cinerea,FALSE
TR3149,Erica tetralix,FALSE
TR3149,Eriophorum vaginatum,FALSE
TR3149,Eupatorium cannabinum,FALSE
TR3149,Euphorbia exigua,FALSE
TR3149,Euphorbia helioscopia,FALSE
TR3149,Euphrasia officinalis,FALSE
TR3149,Fagopyrum esculentum,FALSE
TR3149,Fallopia convolvulus,FALSE
TR3149,Filipendula ulmaria,FALSE
TR3149,Fumaria officinalis,TRUE
TR3149,Galeopsis speciosa,FALSE
TR3149,Galeopsis tetrahit,FALSE
TR3149,Galium aparine,TRUE
TR3149,Galium mollugo,TRUE
TR3149,Galium odoratum,FALSE
TR3149,Galium palustre,FALSE
TR3149,Galium saxatile,FALSE
TR3149,Galium verum,FALSE
TR3149,Genista anglica,FALSE
TR3149,Geranium dissectum,FALSE
TR3149,Geranium molle,TRUE
TR3149,Geranium nodosum,FALSE
TR3149,Geranium pratense,FALSE
TR3149,Geranium pyrenaicum,FALSE
TR3149,Geranium robertianum,FALSE
TR3149,Geum urbanum,FALSE
TR3149,Glechoma hederacea,FALSE
TR3149,Hedera helix,FALSE
TR3149,Helianthus annuus,FALSE
TR3149,Heracleum mantegazzianum,FALSE
TR3149,Heracleum sphondylium,FALSE
TR3149,Hippocrepis comosa,FALSE
TR3149,Hordeum vulgare,FALSE
TR3149,Hyacinthoides non,FALSE
TR3149,Hypericum forrestii,FALSE
TR3149,Hypericum perforatum,FALSE
TR3149,Hypericum pulchrum,FALSE
TR3149,Hypericum tetrapterum,FALSE
TR3149,Hypochaeris radicata,FALSE
TR3149,Ilex aquifolium,FALSE
TR3149,Impatiens glandulifera,FALSE
TR3149,Impatiens parviflora,FALSE
TR3149,Iris pseudacorus,FALSE
TR3149,Jacobaea erucifolia,FALSE
TR3149,Jacobaea vulgaris,TRUE
TR3149,Jasione montana,FALSE
TR3149,Juncus conglomeratus,FALSE
TR3149,Juncus effusus,FALSE
TR3149,Knautia arvensis,FALSE
TR3149,Lactuca serriola,FALSE
TR3149,Lamium album,TRUE
TR3149,Lamium galeobdolon,FALSE
TR3149,Lamium purpureum,TRUE
TR3149,Lapsana communis,FALSE
TR3149,Lathyrus aphaca,FALSE
TR3149,Lathyrus linifolius,FALSE
TR3149,Lathyrus pratensis,FALSE
TR3149,Leontodon hispidus,FALSE
TR3149,Leontodon saxatilis,FALSE
TR3149,Leucanthemum vulgare,FALSE
TR3149,Ligusticum scoticum,FALSE
TR3149,Limonium vulgare,FALSE
TR3149,Linaria vulgaris,FALSE
TR3149,Linum catharticum,FALSE
TR3149,Linum usitatissimum,FALSE
TR3149,Lonicera caprifolium,FALSE
TR3149,Lonicera periclymenum,FALSE
TR3149,Lotus angustissimus,FALSE
TR3149,Lotus corniculatus,FALSE
TR3149,Lotus pedunculatus,FALSE
TR3149,Lotus subbiflorus,FALSE
TR3149,Luzula campestris,FALSE
TR3149,Lysimachia nemorum,FALSE
TR3149,Lysimachia punctata,FALSE
TR3149,Lysimachia vulgaris,FALSE
TR3149,Lythrum alatum,FALSE
TR3149,Lythrum salicaria,FALSE
TR3149,Malva sylvestris,TRUE
TR3149,Matricaria chamomilla,TRUE
TR3149,Matricaria discoidea,FALSE
TR3149,Medicago lupulina,FALSE
TR3149,Melampyrum pratense,FALSE
TR3149,Mentha aquatica,FALSE
TR3149,Mentha arvensis,FALSE
TR3149,Mercurialis perennis,FALSE
TR3149,Myosotis arvensis,FALSE
TR3149,Myosotis discolor,FALSE
TR3149,Myosotis sylvatica,FALSE
TR3149,Narthecium ossifragum,FALSE
TR3149,Odontites vernus,FALSE
TR3149,Oenanthe crocata,FALSE
TR3149,Origanum vulgare,FALSE
TR3149,Ornithopus perpusillus,FALSE
TR3149,Oxalis acetosella,FALSE
TR3149,Panicum miliaceum,FALSE
TR3149,Papaver rhoeas,FALSE
TR3149,Pedicularis sylvatica,FALSE
TR3149,Persicaria amplexicaulis,FALSE
TR3149,Persicaria bistorta,FALSE
TR3149,Persicaria hydropiper,FALSE
TR3149,Persicaria lapathifolia,FALSE
TR3149,Persicaria maculosa,FALSE
TR3149,Peucedanum ostruthium,FALSE
TR3149,Picris echioides,FALSE
TR3149,Picris hieracioides,FALSE
TR3149,Pilosella officinarum,FALSE
TR3149,Pimpinella saxifraga,FALSE
TR3149,Pinguicula vulgaris,FALSE
TR3149,Plantago lanceolata,FALSE
TR3149,Plantago major,FALSE
TR3149,Plantago maritima,FALSE
TR3149,Poa annua,FALSE
TR3149,Polygala serpyllifolia,FALSE
TR3149,Polygala vulgaris,FALSE
TR3149,Polygonum aviculare,FALSE
TR3149,Potentilla anglica,FALSE
TR3149,Potentilla anserina,FALSE
TR3149,Potentilla erecta,FALSE
TR3149,Potentilla recta,FALSE
TR3149,Potentilla reptans,FALSE
TR3149,Prunella vulgaris,TRUE
TR3149,Prunus spinosa,FALSE
TR3149,Pulicaria dysenterica,FALSE
TR3149,Ranunculus acris,FALSE
TR3149,Ranunculus bulbosus,TRUE
TR3149,Ranunculus ficaria,FALSE
TR3149,Ranunculus flammula,FALSE
TR3149,Ranunculus repens,FALSE
TR3149,Ranunculus sardous,FALSE
TR3149,Raphanus raphanistrum,FALSE
TR3149,Raphanus sativus,FALSE
TR3149,Rhinanthus minor,FALSE
TR3149,Rosa arvensis,FALSE
TR3149,Rosa canina,TRUE
TR3149,Rubus caesius,FALSE
TR3149,Rubus fruticosus,TRUE
TR3149,Rubus idaeus,FALSE
TR3149,Rumex acetosa,TRUE
TR3149,Rumex acetosella,FALSE
TR3149,Rumex crispus,FALSE
TR3149,Rumex obtusifolius,FALSE
TR3149,Rumex sanguineus,FALSE
TR3149,Sagina saginoides,FALSE
TR3149,Sambucus nigra,FALSE
TR3149,Sanguisorba officinalis,FALSE
TR3149,Scorzoneroides autumnalis,FALSE
TR3149,Scrophularia auriculata,FALSE
TR3149,Scrophularia nodosa,FALSE
TR3149,Sedum anglicum,FALSE
TR3149,Senecio erucifolius,FALSE
TR3149,Senecio jacobaea,FALSE
TR3149,Senecio vulgaris,TRUE
TR3149,Sherardia arvensis,FALSE
TR3149,Silene dioica,FALSE
TR3149,Silene latifolia,FALSE
TR3149,Silybum marianum,FALSE
TR3149,Sinapis alba,FALSE
TR3149,Sinapis arvensis,TRUE
TR3149,Sisymbrium officinale,FALSE
TR3149,Solanum dulcamara,FALSE
TR3149,Solanum nigrum,FALSE
TR3149,Solanum tuberosum,FALSE
TR3149,Sonchus arvensis,FALSE
TR3149,Sonchus asper,FALSE
TR3149,Sonchus oleraceus,FALSE
TR3149,Sorbus aucuparia,FALSE
TR3149,Spergula arvensis,FALSE
TR3149,Spergularia media,FALSE
TR3149,Stachys arvensis,FALSE
TR3149,Stachys palustris,FALSE
TR3149,Stachys sylvatica,FALSE
TR3149,Stellaria alsine,FALSE
TR3149,Stellaria graminea,FALSE
TR3149,Stellaria holostea,FALSE
TR3149,Stellaria media,FALSE
TR3149,Suaeda maritima,FALSE
TR3149,Succisa pratensis,FALSE
TR3149,Symphytum officinale,FALSE
TR3149,Taraxacum agg,FALSE
TR3149,Taraxacum officinale,FALSE
TR3149,Teucrium scorodonia,FALSE
TR3149,Thlaspi arvense,FALSE
TR3149,Thymus polytrichus,FALSE
TR3149,Thymus vulgaris,FALSE
TR3149,Torilis japonica,FALSE
TR3149,Tragopogon pratensis,FALSE
TR3149,Trientalis europaea,FALSE
TR3149,Trifolium arvense,FALSE
TR3149,Trifolium campestre,FALSE
TR3149,Trifolium constantinopolitanum,FALSE
TR3149,Trifolium dubium,FALSE
TR3149,Trifolium pratense,FALSE
TR3149,Trifolium repens,FALSE
TR3149,Tripleurospermum inodorum,FALSE
TR3149,Tripleurospermum maritimum,FALSE
TR3149,Turgenia latifolia,FALSE
TR3149,Ulex europaeus,FALSE
TR3149,Ulex gallii,FALSE
TR3149,Urtica dioica,TRUE
TR3149,Vaccinium myrtillus,FALSE
TR3149,Vaccinium oxycoccos,FALSE
TR3149,Vaccinium vitis,FALSE
TR3149,Valeriana dioica,FALSE
TR3149,Valeriana officinalis,FALSE
TR3149,Verbena officinalis,FALSE
TR3149,Verbena x,FALSE
TR3149,Veronica agrestis,FALSE
TR3149,Veronica arvensis,FALSE
TR3149,Veronica beccabunga,FALSE
TR3149,Veronica chamaedrys,TRUE
TR3149,Veronica hederifolia,FALSE
TR3149,Veronica montana,FALSE
TR3149,Veronica officinalis,FALSE
TR3149,Veronica persica,FALSE
TR3149,Veronica polita,FALSE
TR3149,Veronica serpyllifolia,FALSE
TR3149,Vicia benghalensis,FALSE
TR3149,Vicia cracca,FALSE
TR3149,Vicia faba,FALSE
TR3149,Vicia hirsuta,FALSE
TR3149,Vicia lutea,FALSE
TR3149,Vicia sativa,FALSE
TR3149,Vicia sepium,FALSE
TR3149,Vicia spp,FALSE
TR3149,Vicia tetrasperma,FALSE
TR3149,Viola arvensis,FALSE
TR3149,Viola canina,FALSE
TR3149,Viola palustris,FALSE
TR3149,Viola riviniana,FALSE
TR3149,Zea mays,FALSE
