x1km_square,species,n_observed
NC0429,Anasimyia contracta,0
NC0429,Anasimyia lineata,0
NC0429,Anasimyia transfuga,0
NC0429,Andrena alfkenella,0
NC0429,Andrena angustior,0
NC0429,Andrena bicolor,0
NC0429,Andrena bucephala,0
NC0429,Andrena chrysosceles,0
NC0429,Andrena cineraria,0
NC0429,Andrena coitana,0
NC0429,Andrena denticulata,0
NC0429,Andrena dorsata,0
NC0429,Andrena flavipes,0
NC0429,Andrena fucata,0
NC0429,Andrena fulva,0
NC0429,Andrena haemorrhoa,0
NC0429,Andrena helvola,0
NC0429,Andrena humilis,0
NC0429,Andrena lapponica,0
NC0429,Andrena minutula,0
NC0429,Andrena nigriceps,0
NC0429,Andrena nigroaenea,0
NC0429,Andrena nitida,0
NC0429,Andrena scotica,0
NC0429,Andrena semilaevis,0
NC0429,Andrena subopaca,0
NC0429,Andrena synadelpha,0
NC0429,Andrena tarsata,0
NC0429,Andrena thoracica,0
NC0429,Andrena trimmerana,0
NC0429,Andrena wilkella,0
NC0429,Anthidium manicatum,0
NC0429,Anthophora furcata,0
NC0429,Anthophora plumipes,0
NC0429,Apis mellifera,0
NC0429,Arctophila superbiens,0
NC0429,Bombus barbutellus,0
NC0429,Bombus bohemicus,0
NC0429,Bombus campestris,0
NC0429,Bombus hortorum,0
NC0429,Bombus humilis,0
NC0429,Bombus hypnorum,0
NC0429,Bombus jonellus,0
NC0429,Bombus lapidarius,0
NC0429,Bombus lucorum,0
NC0429,Bombus monticola,0
NC0429,Bombus muscorum,0
NC0429,Bombus pascuorum,0
NC0429,Bombus pratorum,0
NC0429,Bombus ruderarius,0
NC0429,Bombus ruderatus,0
NC0429,Bombus rupestris,0
NC0429,Bombus soroeensis,0
NC0429,Bombus sylvestris,0
NC0429,Bombus terrestris,0
NC0429,Bombus vestalis,0
NC0429,Chalcosyrphus nemorum,0
NC0429,Cheilosia albitarsis,0
NC0429,Cheilosia bergenstammi,0
NC0429,Cheilosia fraterna,0
NC0429,Cheilosia illustrata,0
NC0429,Cheilosia lasiopa,0
NC0429,Cheilosia latifrons,0
NC0429,Cheilosia pagana,0
NC0429,Cheilosia proxima,0
NC0429,Cheilosia soror,0
NC0429,Cheilosia vernalis,0
NC0429,Chelostoma campanularum,0
NC0429,Chrysogaster cemiteriorum,0
NC0429,Chrysogaster virescens,0
NC0429,Chrysotoxum arcuatum,0
NC0429,Chrysotoxum bicinctum,0
NC0429,Chrysotoxum festivum,0
NC0429,Chrysotoxum verralli,0
NC0429,Coelioxys elongata,0
NC0429,Coelioxys inermis,0
NC0429,Colletes similis,0
NC0429,Colletes succinctus,0
NC0429,Dasypoda hirtipes,0
NC0429,Dasysyrphus albostriatus,0
NC0429,Dasysyrphus neovenustus,0
NC0429,Dasysyrphus tricinctus,0
NC0429,Dasysyrphus venustus,0
NC0429,Epistrophe grossulariae,0
NC0429,Episyrphus balteatus,1
NC0429,Eristalinus aeneus,0
NC0429,Eristalinus sepulchralis,0
NC0429,Eristalis abusiva,0
NC0429,Eristalis abusivus,0
NC0429,Eristalis arbustorum,0
NC0429,Eristalis horticola,0
NC0429,Eristalis intricaria,0
NC0429,Eristalis intricarius,0
NC0429,Eristalis nemorum,0
NC0429,Eristalis pertinax,0
NC0429,Eristalis rupium,0
NC0429,Eristalis tenax,0
NC0429,Eucera longicornis,0
NC0429,Eumerus funeralis,0
NC0429,Eumerus ornatus,0
NC0429,Eumerus strigatus,0
NC0429,Eupeodes corollae,0
NC0429,Eupeodes latifasciatus,0
NC0429,Eupeodes luniger,0
NC0429,Ferdinandea cuprea,0
NC0429,Halictus confusus,0
NC0429,Halictus eurygnathus,0
NC0429,Halictus rubicundus,0
NC0429,Halictus tumulorum,0
NC0429,Helophilus hybridus,0
NC0429,Helophilus pendulus,0
NC0429,Helophilus trivittatus,0
NC0429,Hylaeus brevicornis,0
NC0429,Hylaeus communis,0
NC0429,Hylaeus confusus,0
NC0429,Hylaeus dilatatus,0
NC0429,Hylaeus hyalinatus,0
NC0429,Hylaeus pectoralis,0
NC0429,Lasioglossum albipes,0
NC0429,Lasioglossum calceatum,0
NC0429,Lasioglossum cupromicans,0
NC0429,Lasioglossum fratellum,0
NC0429,Lasioglossum fulvicorne,0
NC0429,Lasioglossum laevigatum,0
NC0429,Lasioglossum lativentre,0
NC0429,Lasioglossum leucopus,0
NC0429,Lasioglossum leucozonium,0
NC0429,Lasioglossum malachurum,0
NC0429,Lasioglossum minutissimum,0
NC0429,Lasioglossum morio,0
NC0429,Lasioglossum parvulum,0
NC0429,Lasioglossum pauperatum,0
NC0429,Lasioglossum pauxillum,0
NC0429,Lasioglossum punctatissimum,0
NC0429,Lasioglossum puncticolle,0
NC0429,Lasioglossum quadrinotatum,0
NC0429,Lasioglossum rufitarse,0
NC0429,Lasioglossum smeathmanellum,0
NC0429,Lasioglossum villosulum,0
NC0429,Lasioglossum xanthopus,0
NC0429,Lasioglossum zonulum,0
NC0429,Lejogaster metallina,0
NC0429,Leucozona glaucia,0
NC0429,Leucozona laternaria,0
NC0429,Macropis europaea,0
NC0429,Megachile centuncularis,0
NC0429,Megachile ligniseca,0
NC0429,Megachile versicolor,0
NC0429,Megachile willughbiella,0
NC0429,Melangyna cincta,0
NC0429,Melangyna labiatarum,0
NC0429,Melangyna lasiophthalma,0
NC0429,Melangyna umbellatarum,0
NC0429,Melanogaster aerosa,0
NC0429,Melanogaster hirtella,2
NC0429,Melanostoma form,0
NC0429,Melanostoma mellinum,0
NC0429,Melanostoma scalare,0
NC0429,Meliscaeva auricollis,0
NC0429,Meliscaeva cinctella,0
NC0429,Melitta leporina,0
NC0429,Merodon equestris,0
NC0429,Myathropa florea,0
NC0429,Neoascia geniculata,0
NC0429,Neoascia meticulosa,0
NC0429,Neoascia podagrica,0
NC0429,Neoascia tenur,0
NC0429,Nomada fabriciana,0
NC0429,Nomada flava,0
NC0429,Nomada flavoguttata,0
NC0429,Nomada flavopicta,0
NC0429,Nomada fucata,0
NC0429,Nomada goodeniana,0
NC0429,Nomada lathburiana,0
NC0429,Nomada marshamella,0
NC0429,Nomada obtusifrons,0
NC0429,Nomada panzeri,0
NC0429,Nomada ruficornis,0
NC0429,Nomada striata,0
NC0429,Orthonevra nobilis,0
NC0429,Osmia bicolor,0
NC0429,Osmia bicornis,0
NC0429,Osmia caerulescens,0
NC0429,Osmia leaiana,0
NC0429,Osmia spinulosa,0
NC0429,Panurgus banksianus,0
NC0429,Panurgus calcaratus,0
NC0429,Parasyrphus punctulatus,0
NC0429,Parhelophilus frutetorum,0
NC0429,Parhelophilus versicolor,0
NC0429,Pipiza bimaculata,0
NC0429,Pipizella viduata,0
NC0429,Platycheirus albimanus,0
NC0429,Platycheirus clypeatus,0
NC0429,Platycheirus granditarsus,0
NC0429,Platycheirus manicatus,0
NC0429,Platycheirus nielseni,0
NC0429,Platycheirus peltatus,0
NC0429,Platycheirus ramsarensis,0
NC0429,Platycheirus rosarum,0
NC0429,Platycheirus scutatus,0
NC0429,Platycheirus tarsalis,0
NC0429,Rhingia campestris,0
NC0429,Rhingia rostrata,0
NC0429,Riponnensia splendens,0
NC0429,Scaeva pyrastri,0
NC0429,Scaeva selenitica,0
NC0429,Sericomyia lappona,0
NC0429,Sericomyia silentis,0
NC0429,Sericomyia superbiens,0
NC0429,Sphaerophoria fatarum,0
NC0429,Sphaerophoria interrupta,0
NC0429,Sphaerophoria philanthus,0
NC0429,Sphaerophoria rueppellii,0
NC0429,Sphaerophoria scripta,0
NC0429,Sphaerophoria taeniata,0
NC0429,Sphecodes crassus,0
NC0429,Sphecodes ephippius,0
NC0429,Sphecodes ferruginatus,0
NC0429,Sphecodes geoffrellus,0
NC0429,Sphecodes monilicornis,0
NC0429,Sphecodes niger,0
NC0429,Sphegina clunipes,0
NC0429,Syritta pipiens,0
NC0429,Syrphus rectus,0
NC0429,Syrphus ribesii,1
NC0429,Syrphus torvus,1
NC0429,Syrphus vitripennis,1
NC0429,Tropidia scita,0
NC0429,Volucella bombylans,0
NC0429,Volucella inanis,0
NC0429,Volucella inflata,0
NC0429,Volucella pellucens,0
NC0429,Xanthogramma pedissequum,0
NC0429,Xanthogramma stackelbergi,0
NC0429,Xylota abiens,0
NC0429,Xylota jakutorum,0
NC0429,Xylota segnis,1
NC0429,Xylota sylvarum,0
NC2313,Anasimyia contracta,0
NC2313,Anasimyia lineata,0
NC2313,Anasimyia transfuga,0
NC2313,Andrena alfkenella,0
NC2313,Andrena angustior,0
NC2313,Andrena bicolor,0
NC2313,Andrena bucephala,0
NC2313,Andrena chrysosceles,0
NC2313,Andrena cineraria,0
NC2313,Andrena coitana,0
NC2313,Andrena denticulata,0
NC2313,Andrena dorsata,0
NC2313,Andrena flavipes,0
NC2313,Andrena fucata,0
NC2313,Andrena fulva,0
NC2313,Andrena haemorrhoa,0
NC2313,Andrena helvola,0
NC2313,Andrena humilis,0
NC2313,Andrena lapponica,0
NC2313,Andrena minutula,0
NC2313,Andrena nigriceps,0
NC2313,Andrena nigroaenea,0
NC2313,Andrena nitida,0
NC2313,Andrena scotica,0
NC2313,Andrena semilaevis,0
NC2313,Andrena subopaca,0
NC2313,Andrena synadelpha,0
NC2313,Andrena tarsata,0
NC2313,Andrena thoracica,0
NC2313,Andrena trimmerana,0
NC2313,Andrena wilkella,0
NC2313,Anthidium manicatum,0
NC2313,Anthophora furcata,0
NC2313,Anthophora plumipes,0
NC2313,Apis mellifera,0
NC2313,Arctophila superbiens,0
NC2313,Bombus barbutellus,0
NC2313,Bombus bohemicus,0
NC2313,Bombus campestris,0
NC2313,Bombus hortorum,0
NC2313,Bombus humilis,0
NC2313,Bombus hypnorum,0
NC2313,Bombus jonellus,0
NC2313,Bombus lapidarius,0
NC2313,Bombus lucorum,0
NC2313,Bombus monticola,0
NC2313,Bombus muscorum,0
NC2313,Bombus pascuorum,0
NC2313,Bombus pratorum,0
NC2313,Bombus ruderarius,0
NC2313,Bombus ruderatus,0
NC2313,Bombus rupestris,0
NC2313,Bombus soroeensis,0
NC2313,Bombus sylvestris,0
NC2313,Bombus terrestris,0
NC2313,Bombus vestalis,0
NC2313,Chalcosyrphus nemorum,0
NC2313,Cheilosia albitarsis,0
NC2313,Cheilosia bergenstammi,0
NC2313,Cheilosia fraterna,0
NC2313,Cheilosia illustrata,0
NC2313,Cheilosia lasiopa,0
NC2313,Cheilosia latifrons,0
NC2313,Cheilosia pagana,0
NC2313,Cheilosia proxima,0
NC2313,Cheilosia soror,0
NC2313,Cheilosia vernalis,0
NC2313,Chelostoma campanularum,0
NC2313,Chrysogaster cemiteriorum,0
NC2313,Chrysogaster virescens,0
NC2313,Chrysotoxum arcuatum,0
NC2313,Chrysotoxum bicinctum,0
NC2313,Chrysotoxum festivum,0
NC2313,Chrysotoxum verralli,0
NC2313,Coelioxys elongata,0
NC2313,Coelioxys inermis,0
NC2313,Colletes similis,0
NC2313,Colletes succinctus,0
NC2313,Dasypoda hirtipes,0
NC2313,Dasysyrphus albostriatus,0
NC2313,Dasysyrphus neovenustus,0
NC2313,Dasysyrphus tricinctus,0
NC2313,Dasysyrphus venustus,0
NC2313,Epistrophe grossulariae,0
NC2313,Episyrphus balteatus,0
NC2313,Eristalinus aeneus,0
NC2313,Eristalinus sepulchralis,0
NC2313,Eristalis abusiva,0
NC2313,Eristalis abusivus,0
NC2313,Eristalis arbustorum,0
NC2313,Eristalis horticola,0
NC2313,Eristalis intricaria,0
NC2313,Eristalis intricarius,0
NC2313,Eristalis nemorum,0
NC2313,Eristalis pertinax,0
NC2313,Eristalis rupium,0
NC2313,Eristalis tenax,0
NC2313,Eucera longicornis,0
NC2313,Eumerus funeralis,0
NC2313,Eumerus ornatus,0
NC2313,Eumerus strigatus,0
NC2313,Eupeodes corollae,0
NC2313,Eupeodes latifasciatus,0
NC2313,Eupeodes luniger,0
NC2313,Ferdinandea cuprea,0
NC2313,Halictus confusus,0
NC2313,Halictus eurygnathus,0
NC2313,Halictus rubicundus,0
NC2313,Halictus tumulorum,0
NC2313,Helophilus hybridus,0
NC2313,Helophilus pendulus,0
NC2313,Helophilus trivittatus,0
NC2313,Hylaeus brevicornis,0
NC2313,Hylaeus communis,0
NC2313,Hylaeus confusus,0
NC2313,Hylaeus dilatatus,0
NC2313,Hylaeus hyalinatus,0
NC2313,Hylaeus pectoralis,0
NC2313,Lasioglossum albipes,0
NC2313,Lasioglossum calceatum,0
NC2313,Lasioglossum cupromicans,0
NC2313,Lasioglossum fratellum,0
NC2313,Lasioglossum fulvicorne,0
NC2313,Lasioglossum laevigatum,0
NC2313,Lasioglossum lativentre,0
NC2313,Lasioglossum leucopus,0
NC2313,Lasioglossum leucozonium,0
NC2313,Lasioglossum malachurum,0
NC2313,Lasioglossum minutissimum,0
NC2313,Lasioglossum morio,0
NC2313,Lasioglossum parvulum,0
NC2313,Lasioglossum pauperatum,0
NC2313,Lasioglossum pauxillum,0
NC2313,Lasioglossum punctatissimum,0
NC2313,Lasioglossum puncticolle,0
NC2313,Lasioglossum quadrinotatum,0
NC2313,Lasioglossum rufitarse,0
NC2313,Lasioglossum smeathmanellum,0
NC2313,Lasioglossum villosulum,0
NC2313,Lasioglossum xanthopus,0
NC2313,Lasioglossum zonulum,0
NC2313,Lejogaster metallina,1
NC2313,Leucozona glaucia,0
NC2313,Leucozona laternaria,0
NC2313,Macropis europaea,0
NC2313,Megachile centuncularis,0
NC2313,Megachile ligniseca,0
NC2313,Megachile versicolor,0
NC2313,Megachile willughbiella,0
NC2313,Melangyna cincta,0
NC2313,Melangyna labiatarum,0
NC2313,Melangyna lasiophthalma,0
NC2313,Melangyna umbellatarum,0
NC2313,Melanogaster aerosa,0
NC2313,Melanogaster hirtella,5
NC2313,Melanostoma form,0
NC2313,Melanostoma mellinum,2
NC2313,Melanostoma scalare,0
NC2313,Meliscaeva auricollis,0
NC2313,Meliscaeva cinctella,0
NC2313,Melitta leporina,0
NC2313,Merodon equestris,0
NC2313,Myathropa florea,0
NC2313,Neoascia geniculata,0
NC2313,Neoascia meticulosa,0
NC2313,Neoascia podagrica,0
NC2313,Neoascia tenur,0
NC2313,Nomada fabriciana,0
NC2313,Nomada flava,0
NC2313,Nomada flavoguttata,0
NC2313,Nomada flavopicta,0
NC2313,Nomada fucata,0
NC2313,Nomada goodeniana,0
NC2313,Nomada lathburiana,0
NC2313,Nomada marshamella,0
NC2313,Nomada obtusifrons,0
NC2313,Nomada panzeri,0
NC2313,Nomada ruficornis,0
NC2313,Nomada striata,0
NC2313,Orthonevra nobilis,0
NC2313,Osmia bicolor,0
NC2313,Osmia bicornis,0
NC2313,Osmia caerulescens,0
NC2313,Osmia leaiana,0
NC2313,Osmia spinulosa,0
NC2313,Panurgus banksianus,0
NC2313,Panurgus calcaratus,0
NC2313,Parasyrphus punctulatus,0
NC2313,Parhelophilus frutetorum,0
NC2313,Parhelophilus versicolor,0
NC2313,Pipiza bimaculata,0
NC2313,Pipizella viduata,0
NC2313,Platycheirus albimanus,1
NC2313,Platycheirus clypeatus,0
NC2313,Platycheirus granditarsus,0
NC2313,Platycheirus manicatus,0
NC2313,Platycheirus nielseni,0
NC2313,Platycheirus peltatus,0
NC2313,Platycheirus ramsarensis,0
NC2313,Platycheirus rosarum,0
NC2313,Platycheirus scutatus,0
NC2313,Platycheirus tarsalis,0
NC2313,Rhingia campestris,0
NC2313,Rhingia rostrata,0
NC2313,Riponnensia splendens,0
NC2313,Scaeva pyrastri,0
NC2313,Scaeva selenitica,0
NC2313,Sericomyia lappona,1
NC2313,Sericomyia silentis,1
NC2313,Sericomyia superbiens,0
NC2313,Sphaerophoria fatarum,0
NC2313,Sphaerophoria interrupta,0
NC2313,Sphaerophoria philanthus,0
NC2313,Sphaerophoria rueppellii,0
NC2313,Sphaerophoria scripta,0
NC2313,Sphaerophoria taeniata,0
NC2313,Sphecodes crassus,0
NC2313,Sphecodes ephippius,0
NC2313,Sphecodes ferruginatus,0
NC2313,Sphecodes geoffrellus,0
NC2313,Sphecodes monilicornis,0
NC2313,Sphecodes niger,0
NC2313,Sphegina clunipes,0
NC2313,Syritta pipiens,0
NC2313,Syrphus rectus,0
NC2313,Syrphus ribesii,0
NC2313,Syrphus torvus,0
NC2313,Syrphus vitripennis,0
NC2313,Tropidia scita,0
NC2313,Volucella bombylans,4
NC2313,Volucella inanis,0
NC2313,Volucella inflata,0
NC2313,Volucella pellucens,0
NC2313,Xanthogramma pedissequum,0
NC2313,Xanthogramma stackelbergi,0
NC2313,Xylota abiens,0
NC2313,Xylota jakutorum,0
NC2313,Xylota segnis,0
NC2313,Xylota sylvarum,0
NC5762,Anasimyia contracta,0
NC5762,Anasimyia lineata,0
NC5762,Anasimyia transfuga,0
NC5762,Andrena alfkenella,0
NC5762,Andrena angustior,0
NC5762,Andrena bicolor,0
NC5762,Andrena bucephala,0
NC5762,Andrena chrysosceles,0
NC5762,Andrena cineraria,0
NC5762,Andrena coitana,0
NC5762,Andrena denticulata,0
NC5762,Andrena dorsata,0
NC5762,Andrena flavipes,0
NC5762,Andrena fucata,0
NC5762,Andrena fulva,0
NC5762,Andrena haemorrhoa,0
NC5762,Andrena helvola,0
NC5762,Andrena humilis,0
NC5762,Andrena lapponica,0
NC5762,Andrena minutula,0
NC5762,Andrena nigriceps,0
NC5762,Andrena nigroaenea,0
NC5762,Andrena nitida,0
NC5762,Andrena scotica,0
NC5762,Andrena semilaevis,0
NC5762,Andrena subopaca,0
NC5762,Andrena synadelpha,0
NC5762,Andrena tarsata,0
NC5762,Andrena thoracica,0
NC5762,Andrena trimmerana,0
NC5762,Andrena wilkella,0
NC5762,Anthidium manicatum,0
NC5762,Anthophora furcata,0
NC5762,Anthophora plumipes,0
NC5762,Apis mellifera,0
NC5762,Arctophila superbiens,0
NC5762,Bombus barbutellus,0
NC5762,Bombus bohemicus,0
NC5762,Bombus campestris,0
NC5762,Bombus hortorum,0
NC5762,Bombus humilis,0
NC5762,Bombus hypnorum,0
NC5762,Bombus jonellus,5
NC5762,Bombus lapidarius,0
NC5762,Bombus lucorum,0
NC5762,Bombus monticola,0
NC5762,Bombus muscorum,1
NC5762,Bombus pascuorum,0
NC5762,Bombus pratorum,0
NC5762,Bombus ruderarius,0
NC5762,Bombus ruderatus,0
NC5762,Bombus rupestris,0
NC5762,Bombus soroeensis,0
NC5762,Bombus sylvestris,0
NC5762,Bombus terrestris,0
NC5762,Bombus vestalis,0
NC5762,Chalcosyrphus nemorum,0
NC5762,Cheilosia albitarsis,0
NC5762,Cheilosia bergenstammi,0
NC5762,Cheilosia fraterna,0
NC5762,Cheilosia illustrata,0
NC5762,Cheilosia lasiopa,0
NC5762,Cheilosia latifrons,0
NC5762,Cheilosia pagana,0
NC5762,Cheilosia proxima,0
NC5762,Cheilosia soror,0
NC5762,Cheilosia vernalis,0
NC5762,Chelostoma campanularum,0
NC5762,Chrysogaster cemiteriorum,0
NC5762,Chrysogaster virescens,0
NC5762,Chrysotoxum arcuatum,0
NC5762,Chrysotoxum bicinctum,0
NC5762,Chrysotoxum festivum,0
NC5762,Chrysotoxum verralli,0
NC5762,Coelioxys elongata,0
NC5762,Coelioxys inermis,0
NC5762,Colletes similis,0
NC5762,Colletes succinctus,0
NC5762,Dasypoda hirtipes,0
NC5762,Dasysyrphus albostriatus,0
NC5762,Dasysyrphus neovenustus,0
NC5762,Dasysyrphus tricinctus,0
NC5762,Dasysyrphus venustus,0
NC5762,Epistrophe grossulariae,0
NC5762,Episyrphus balteatus,1
NC5762,Eristalinus aeneus,0
NC5762,Eristalinus sepulchralis,0
NC5762,Eristalis abusiva,0
NC5762,Eristalis abusivus,0
NC5762,Eristalis arbustorum,0
NC5762,Eristalis horticola,0
NC5762,Eristalis intricaria,0
NC5762,Eristalis intricarius,1
NC5762,Eristalis nemorum,0
NC5762,Eristalis pertinax,0
NC5762,Eristalis rupium,0
NC5762,Eristalis tenax,0
NC5762,Eucera longicornis,0
NC5762,Eumerus funeralis,0
NC5762,Eumerus ornatus,0
NC5762,Eumerus strigatus,0
NC5762,Eupeodes corollae,1
NC5762,Eupeodes latifasciatus,0
NC5762,Eupeodes luniger,0
NC5762,Ferdinandea cuprea,0
NC5762,Halictus confusus,0
NC5762,Halictus eurygnathus,0
NC5762,Halictus rubicundus,0
NC5762,Halictus tumulorum,0
NC5762,Helophilus hybridus,0
NC5762,Helophilus pendulus,0
NC5762,Helophilus trivittatus,0
NC5762,Hylaeus brevicornis,0
NC5762,Hylaeus communis,0
NC5762,Hylaeus confusus,0
NC5762,Hylaeus dilatatus,0
NC5762,Hylaeus hyalinatus,0
NC5762,Hylaeus pectoralis,0
NC5762,Lasioglossum albipes,0
NC5762,Lasioglossum calceatum,0
NC5762,Lasioglossum cupromicans,0
NC5762,Lasioglossum fratellum,0
NC5762,Lasioglossum fulvicorne,0
NC5762,Lasioglossum laevigatum,0
NC5762,Lasioglossum lativentre,0
NC5762,Lasioglossum leucopus,0
NC5762,Lasioglossum leucozonium,0
NC5762,Lasioglossum malachurum,0
NC5762,Lasioglossum minutissimum,0
NC5762,Lasioglossum morio,0
NC5762,Lasioglossum parvulum,0
NC5762,Lasioglossum pauperatum,0
NC5762,Lasioglossum pauxillum,0
NC5762,Lasioglossum punctatissimum,0
NC5762,Lasioglossum puncticolle,0
NC5762,Lasioglossum quadrinotatum,0
NC5762,Lasioglossum rufitarse,0
NC5762,Lasioglossum smeathmanellum,0
NC5762,Lasioglossum villosulum,0
NC5762,Lasioglossum xanthopus,0
NC5762,Lasioglossum zonulum,0
NC5762,Lejogaster metallina,0
NC5762,Leucozona glaucia,0
NC5762,Leucozona laternaria,0
NC5762,Macropis europaea,0
NC5762,Megachile centuncularis,0
NC5762,Megachile ligniseca,0
NC5762,Megachile versicolor,0
NC5762,Megachile willughbiella,0
NC5762,Melangyna cincta,0
NC5762,Melangyna labiatarum,0
NC5762,Melangyna lasiophthalma,0
NC5762,Melangyna umbellatarum,0
NC5762,Melanogaster aerosa,0
NC5762,Melanogaster hirtella,1
NC5762,Melanostoma form,0
NC5762,Melanostoma mellinum,1
NC5762,Melanostoma scalare,0
NC5762,Meliscaeva auricollis,0
NC5762,Meliscaeva cinctella,0
NC5762,Melitta leporina,0
NC5762,Merodon equestris,0
NC5762,Myathropa florea,0
NC5762,Neoascia geniculata,0
NC5762,Neoascia meticulosa,0
NC5762,Neoascia podagrica,0
NC5762,Neoascia tenur,1
NC5762,Nomada fabriciana,0
NC5762,Nomada flava,0
NC5762,Nomada flavoguttata,0
NC5762,Nomada flavopicta,0
NC5762,Nomada fucata,0
NC5762,Nomada goodeniana,0
NC5762,Nomada lathburiana,0
NC5762,Nomada marshamella,0
NC5762,Nomada obtusifrons,0
NC5762,Nomada panzeri,0
NC5762,Nomada ruficornis,0
NC5762,Nomada striata,0
NC5762,Orthonevra nobilis,0
NC5762,Osmia bicolor,0
NC5762,Osmia bicornis,0
NC5762,Osmia caerulescens,0
NC5762,Osmia leaiana,0
NC5762,Osmia spinulosa,0
NC5762,Panurgus banksianus,0
NC5762,Panurgus calcaratus,0
NC5762,Parasyrphus punctulatus,0
NC5762,Parhelophilus frutetorum,0
NC5762,Parhelophilus versicolor,0
NC5762,Pipiza bimaculata,0
NC5762,Pipizella viduata,0
NC5762,Platycheirus albimanus,0
NC5762,Platycheirus clypeatus,0
NC5762,Platycheirus granditarsus,0
NC5762,Platycheirus manicatus,1
NC5762,Platycheirus nielseni,0
NC5762,Platycheirus peltatus,0
NC5762,Platycheirus ramsarensis,0
NC5762,Platycheirus rosarum,0
NC5762,Platycheirus scutatus,0
NC5762,Platycheirus tarsalis,0
NC5762,Rhingia campestris,0
NC5762,Rhingia rostrata,0
NC5762,Riponnensia splendens,0
NC5762,Scaeva pyrastri,0
NC5762,Scaeva selenitica,0
NC5762,Sericomyia lappona,0
NC5762,Sericomyia silentis,2
NC5762,Sericomyia superbiens,0
NC5762,Sphaerophoria fatarum,0
NC5762,Sphaerophoria interrupta,0
NC5762,Sphaerophoria philanthus,0
NC5762,Sphaerophoria rueppellii,0
NC5762,Sphaerophoria scripta,0
NC5762,Sphaerophoria taeniata,0
NC5762,Sphecodes crassus,0
NC5762,Sphecodes ephippius,0
NC5762,Sphecodes ferruginatus,0
NC5762,Sphecodes geoffrellus,0
NC5762,Sphecodes monilicornis,0
NC5762,Sphecodes niger,0
NC5762,Sphegina clunipes,0
NC5762,Syritta pipiens,0
NC5762,Syrphus rectus,0
NC5762,Syrphus ribesii,0
NC5762,Syrphus torvus,0
NC5762,Syrphus vitripennis,0
NC5762,Tropidia scita,0
NC5762,Volucella bombylans,0
NC5762,Volucella inanis,0
NC5762,Volucella inflata,0
NC5762,Volucella pellucens,0
NC5762,Xanthogramma pedissequum,0
NC5762,Xanthogramma stackelbergi,0
NC5762,Xylota abiens,0
NC5762,Xylota jakutorum,0
NC5762,Xylota segnis,0
NC5762,Xylota sylvarum,0
NC7158,Anasimyia contracta,0
NC7158,Anasimyia lineata,0
NC7158,Anasimyia transfuga,0
NC7158,Andrena alfkenella,0
NC7158,Andrena angustior,0
NC7158,Andrena bicolor,0
NC7158,Andrena bucephala,0
NC7158,Andrena chrysosceles,0
NC7158,Andrena cineraria,0
NC7158,Andrena coitana,1
NC7158,Andrena denticulata,0
NC7158,Andrena dorsata,0
NC7158,Andrena flavipes,0
NC7158,Andrena fucata,0
NC7158,Andrena fulva,0
NC7158,Andrena haemorrhoa,1
NC7158,Andrena helvola,0
NC7158,Andrena humilis,0
NC7158,Andrena lapponica,0
NC7158,Andrena minutula,0
NC7158,Andrena nigriceps,0
NC7158,Andrena nigroaenea,0
NC7158,Andrena nitida,0
NC7158,Andrena scotica,0
NC7158,Andrena semilaevis,0
NC7158,Andrena subopaca,0
NC7158,Andrena synadelpha,0
NC7158,Andrena tarsata,0
NC7158,Andrena thoracica,0
NC7158,Andrena trimmerana,0
NC7158,Andrena wilkella,0
NC7158,Anthidium manicatum,0
NC7158,Anthophora furcata,0
NC7158,Anthophora plumipes,0
NC7158,Apis mellifera,0
NC7158,Arctophila superbiens,0
NC7158,Bombus barbutellus,0
NC7158,Bombus bohemicus,0
NC7158,Bombus campestris,0
NC7158,Bombus hortorum,0
NC7158,Bombus humilis,0
NC7158,Bombus hypnorum,0
NC7158,Bombus jonellus,0
NC7158,Bombus lapidarius,0
NC7158,Bombus lucorum,0
NC7158,Bombus monticola,0
NC7158,Bombus muscorum,1
NC7158,Bombus pascuorum,1
NC7158,Bombus pratorum,0
NC7158,Bombus ruderarius,0
NC7158,Bombus ruderatus,0
NC7158,Bombus rupestris,0
NC7158,Bombus soroeensis,2
NC7158,Bombus sylvestris,0
NC7158,Bombus terrestris,0
NC7158,Bombus vestalis,0
NC7158,Chalcosyrphus nemorum,0
NC7158,Cheilosia albitarsis,0
NC7158,Cheilosia bergenstammi,0
NC7158,Cheilosia fraterna,0
NC7158,Cheilosia illustrata,0
NC7158,Cheilosia lasiopa,0
NC7158,Cheilosia latifrons,0
NC7158,Cheilosia pagana,0
NC7158,Cheilosia proxima,0
NC7158,Cheilosia soror,0
NC7158,Cheilosia vernalis,0
NC7158,Chelostoma campanularum,0
NC7158,Chrysogaster cemiteriorum,0
NC7158,Chrysogaster virescens,0
NC7158,Chrysotoxum arcuatum,0
NC7158,Chrysotoxum bicinctum,0
NC7158,Chrysotoxum festivum,0
NC7158,Chrysotoxum verralli,0
NC7158,Coelioxys elongata,0
NC7158,Coelioxys inermis,0
NC7158,Colletes similis,0
NC7158,Colletes succinctus,0
NC7158,Dasypoda hirtipes,0
NC7158,Dasysyrphus albostriatus,0
NC7158,Dasysyrphus neovenustus,0
NC7158,Dasysyrphus tricinctus,0
NC7158,Dasysyrphus venustus,0
NC7158,Epistrophe grossulariae,0
NC7158,Episyrphus balteatus,1
NC7158,Eristalinus aeneus,0
NC7158,Eristalinus sepulchralis,0
NC7158,Eristalis abusiva,0
NC7158,Eristalis abusivus,0
NC7158,Eristalis arbustorum,0
NC7158,Eristalis horticola,0
NC7158,Eristalis intricaria,0
NC7158,Eristalis intricarius,0
NC7158,Eristalis nemorum,0
NC7158,Eristalis pertinax,1
NC7158,Eristalis rupium,0
NC7158,Eristalis tenax,0
NC7158,Eucera longicornis,0
NC7158,Eumerus funeralis,0
NC7158,Eumerus ornatus,0
NC7158,Eumerus strigatus,0
NC7158,Eupeodes corollae,0
NC7158,Eupeodes latifasciatus,0
NC7158,Eupeodes luniger,0
NC7158,Ferdinandea cuprea,0
NC7158,Halictus confusus,0
NC7158,Halictus eurygnathus,0
NC7158,Halictus rubicundus,0
NC7158,Halictus tumulorum,0
NC7158,Helophilus hybridus,0
NC7158,Helophilus pendulus,2
NC7158,Helophilus trivittatus,0
NC7158,Hylaeus brevicornis,0
NC7158,Hylaeus communis,0
NC7158,Hylaeus confusus,0
NC7158,Hylaeus dilatatus,0
NC7158,Hylaeus hyalinatus,0
NC7158,Hylaeus pectoralis,0
NC7158,Lasioglossum albipes,0
NC7158,Lasioglossum calceatum,6
NC7158,Lasioglossum cupromicans,0
NC7158,Lasioglossum fratellum,18
NC7158,Lasioglossum fulvicorne,0
NC7158,Lasioglossum laevigatum,0
NC7158,Lasioglossum lativentre,0
NC7158,Lasioglossum leucopus,0
NC7158,Lasioglossum leucozonium,0
NC7158,Lasioglossum malachurum,0
NC7158,Lasioglossum minutissimum,0
NC7158,Lasioglossum morio,0
NC7158,Lasioglossum parvulum,0
NC7158,Lasioglossum pauperatum,0
NC7158,Lasioglossum pauxillum,0
NC7158,Lasioglossum punctatissimum,0
NC7158,Lasioglossum puncticolle,0
NC7158,Lasioglossum quadrinotatum,0
NC7158,Lasioglossum rufitarse,0
NC7158,Lasioglossum smeathmanellum,0
NC7158,Lasioglossum villosulum,0
NC7158,Lasioglossum xanthopus,0
NC7158,Lasioglossum zonulum,0
NC7158,Lejogaster metallina,0
NC7158,Leucozona glaucia,0
NC7158,Leucozona laternaria,0
NC7158,Macropis europaea,0
NC7158,Megachile centuncularis,0
NC7158,Megachile ligniseca,0
NC7158,Megachile versicolor,0
NC7158,Megachile willughbiella,0
NC7158,Melangyna cincta,0
NC7158,Melangyna labiatarum,0
NC7158,Melangyna lasiophthalma,0
NC7158,Melangyna umbellatarum,0
NC7158,Melanogaster aerosa,0
NC7158,Melanogaster hirtella,1
NC7158,Melanostoma form,0
NC7158,Melanostoma mellinum,0
NC7158,Melanostoma scalare,0
NC7158,Meliscaeva auricollis,0
NC7158,Meliscaeva cinctella,0
NC7158,Melitta leporina,0
NC7158,Merodon equestris,0
NC7158,Myathropa florea,0
NC7158,Neoascia geniculata,0
NC7158,Neoascia meticulosa,0
NC7158,Neoascia podagrica,0
NC7158,Neoascia tenur,0
NC7158,Nomada fabriciana,0
NC7158,Nomada flava,0
NC7158,Nomada flavoguttata,0
NC7158,Nomada flavopicta,0
NC7158,Nomada fucata,0
NC7158,Nomada goodeniana,0
NC7158,Nomada lathburiana,0
NC7158,Nomada marshamella,0
NC7158,Nomada obtusifrons,0
NC7158,Nomada panzeri,0
NC7158,Nomada ruficornis,0
NC7158,Nomada striata,0
NC7158,Orthonevra nobilis,0
NC7158,Osmia bicolor,0
NC7158,Osmia bicornis,0
NC7158,Osmia caerulescens,0
NC7158,Osmia leaiana,0
NC7158,Osmia spinulosa,0
NC7158,Panurgus banksianus,0
NC7158,Panurgus calcaratus,0
NC7158,Parasyrphus punctulatus,0
NC7158,Parhelophilus frutetorum,0
NC7158,Parhelophilus versicolor,0
NC7158,Pipiza bimaculata,0
NC7158,Pipizella viduata,0
NC7158,Platycheirus albimanus,0
NC7158,Platycheirus clypeatus,0
NC7158,Platycheirus granditarsus,0
NC7158,Platycheirus manicatus,4
NC7158,Platycheirus nielseni,0
NC7158,Platycheirus peltatus,0
NC7158,Platycheirus ramsarensis,0
NC7158,Platycheirus rosarum,0
NC7158,Platycheirus scutatus,0
NC7158,Platycheirus tarsalis,0
NC7158,Rhingia campestris,1
NC7158,Rhingia rostrata,0
NC7158,Riponnensia splendens,0
NC7158,Scaeva pyrastri,0
NC7158,Scaeva selenitica,0
NC7158,Sericomyia lappona,0
NC7158,Sericomyia silentis,3
NC7158,Sericomyia superbiens,0
NC7158,Sphaerophoria fatarum,0
NC7158,Sphaerophoria interrupta,0
NC7158,Sphaerophoria philanthus,0
NC7158,Sphaerophoria rueppellii,0
NC7158,Sphaerophoria scripta,0
NC7158,Sphaerophoria taeniata,0
NC7158,Sphecodes crassus,0
NC7158,Sphecodes ephippius,0
NC7158,Sphecodes ferruginatus,0
NC7158,Sphecodes geoffrellus,0
NC7158,Sphecodes monilicornis,0
NC7158,Sphecodes niger,0
NC7158,Sphegina clunipes,0
NC7158,Syritta pipiens,0
NC7158,Syrphus rectus,0
NC7158,Syrphus ribesii,0
NC7158,Syrphus torvus,0
NC7158,Syrphus vitripennis,0
NC7158,Tropidia scita,0
NC7158,Volucella bombylans,0
NC7158,Volucella inanis,0
NC7158,Volucella inflata,0
NC7158,Volucella pellucens,0
NC7158,Xanthogramma pedissequum,0
NC7158,Xanthogramma stackelbergi,0
NC7158,Xylota abiens,0
NC7158,Xylota jakutorum,0
NC7158,Xylota segnis,0
NC7158,Xylota sylvarum,0
NJ0327,Anasimyia contracta,0
NJ0327,Anasimyia lineata,0
NJ0327,Anasimyia transfuga,0
NJ0327,Andrena alfkenella,0
NJ0327,Andrena angustior,0
NJ0327,Andrena bicolor,0
NJ0327,Andrena bucephala,0
NJ0327,Andrena chrysosceles,0
NJ0327,Andrena cineraria,0
NJ0327,Andrena coitana,0
NJ0327,Andrena denticulata,0
NJ0327,Andrena dorsata,0
NJ0327,Andrena flavipes,0
NJ0327,Andrena fucata,0
NJ0327,Andrena fulva,0
NJ0327,Andrena haemorrhoa,0
NJ0327,Andrena helvola,0
NJ0327,Andrena humilis,0
NJ0327,Andrena lapponica,0
NJ0327,Andrena minutula,0
NJ0327,Andrena nigriceps,0
NJ0327,Andrena nigroaenea,0
NJ0327,Andrena nitida,0
NJ0327,Andrena scotica,0
NJ0327,Andrena semilaevis,0
NJ0327,Andrena subopaca,0
NJ0327,Andrena synadelpha,0
NJ0327,Andrena tarsata,0
NJ0327,Andrena thoracica,0
NJ0327,Andrena trimmerana,0
NJ0327,Andrena wilkella,0
NJ0327,Anthidium manicatum,0
NJ0327,Anthophora furcata,0
NJ0327,Anthophora plumipes,0
NJ0327,Apis mellifera,1
NJ0327,Arctophila superbiens,0
NJ0327,Bombus barbutellus,0
NJ0327,Bombus bohemicus,2
NJ0327,Bombus campestris,0
NJ0327,Bombus hortorum,2
NJ0327,Bombus humilis,0
NJ0327,Bombus hypnorum,0
NJ0327,Bombus jonellus,0
NJ0327,Bombus lapidarius,0
NJ0327,Bombus lucorum,15
NJ0327,Bombus monticola,0
NJ0327,Bombus muscorum,0
NJ0327,Bombus pascuorum,10
NJ0327,Bombus pratorum,0
NJ0327,Bombus ruderarius,0
NJ0327,Bombus ruderatus,0
NJ0327,Bombus rupestris,0
NJ0327,Bombus soroeensis,4
NJ0327,Bombus sylvestris,2
NJ0327,Bombus terrestris,1
NJ0327,Bombus vestalis,0
NJ0327,Chalcosyrphus nemorum,0
NJ0327,Cheilosia albitarsis,0
NJ0327,Cheilosia bergenstammi,0
NJ0327,Cheilosia fraterna,0
NJ0327,Cheilosia illustrata,0
NJ0327,Cheilosia lasiopa,0
NJ0327,Cheilosia latifrons,0
NJ0327,Cheilosia pagana,0
NJ0327,Cheilosia proxima,0
NJ0327,Cheilosia soror,0
NJ0327,Cheilosia vernalis,0
NJ0327,Chelostoma campanularum,0
NJ0327,Chrysogaster cemiteriorum,0
NJ0327,Chrysogaster virescens,0
NJ0327,Chrysotoxum arcuatum,0
NJ0327,Chrysotoxum bicinctum,0
NJ0327,Chrysotoxum festivum,0
NJ0327,Chrysotoxum verralli,0
NJ0327,Coelioxys elongata,0
NJ0327,Coelioxys inermis,0
NJ0327,Colletes similis,0
NJ0327,Colletes succinctus,2
NJ0327,Dasypoda hirtipes,0
NJ0327,Dasysyrphus albostriatus,0
NJ0327,Dasysyrphus neovenustus,0
NJ0327,Dasysyrphus tricinctus,0
NJ0327,Dasysyrphus venustus,1
NJ0327,Epistrophe grossulariae,0
NJ0327,Episyrphus balteatus,3
NJ0327,Eristalinus aeneus,0
NJ0327,Eristalinus sepulchralis,0
NJ0327,Eristalis abusiva,0
NJ0327,Eristalis abusivus,0
NJ0327,Eristalis arbustorum,0
NJ0327,Eristalis horticola,0
NJ0327,Eristalis intricaria,0
NJ0327,Eristalis intricarius,0
NJ0327,Eristalis nemorum,0
NJ0327,Eristalis pertinax,9
NJ0327,Eristalis rupium,0
NJ0327,Eristalis tenax,0
NJ0327,Eucera longicornis,0
NJ0327,Eumerus funeralis,0
NJ0327,Eumerus ornatus,0
NJ0327,Eumerus strigatus,0
NJ0327,Eupeodes corollae,0
NJ0327,Eupeodes latifasciatus,0
NJ0327,Eupeodes luniger,0
NJ0327,Ferdinandea cuprea,0
NJ0327,Halictus confusus,0
NJ0327,Halictus eurygnathus,0
NJ0327,Halictus rubicundus,0
NJ0327,Halictus tumulorum,0
NJ0327,Helophilus hybridus,0
NJ0327,Helophilus pendulus,5
NJ0327,Helophilus trivittatus,0
NJ0327,Hylaeus brevicornis,0
NJ0327,Hylaeus communis,0
NJ0327,Hylaeus confusus,0
NJ0327,Hylaeus dilatatus,0
NJ0327,Hylaeus hyalinatus,0
NJ0327,Hylaeus pectoralis,0
NJ0327,Lasioglossum albipes,1
NJ0327,Lasioglossum calceatum,1
NJ0327,Lasioglossum cupromicans,0
NJ0327,Lasioglossum fratellum,7
NJ0327,Lasioglossum fulvicorne,0
NJ0327,Lasioglossum laevigatum,0
NJ0327,Lasioglossum lativentre,0
NJ0327,Lasioglossum leucopus,0
NJ0327,Lasioglossum leucozonium,0
NJ0327,Lasioglossum malachurum,0
NJ0327,Lasioglossum minutissimum,0
NJ0327,Lasioglossum morio,0
NJ0327,Lasioglossum parvulum,0
NJ0327,Lasioglossum pauperatum,0
NJ0327,Lasioglossum pauxillum,0
NJ0327,Lasioglossum punctatissimum,0
NJ0327,Lasioglossum puncticolle,0
NJ0327,Lasioglossum quadrinotatum,0
NJ0327,Lasioglossum rufitarse,0
NJ0327,Lasioglossum smeathmanellum,0
NJ0327,Lasioglossum villosulum,0
NJ0327,Lasioglossum xanthopus,0
NJ0327,Lasioglossum zonulum,0
NJ0327,Lejogaster metallina,0
NJ0327,Leucozona glaucia,0
NJ0327,Leucozona laternaria,0
NJ0327,Macropis europaea,0
NJ0327,Megachile centuncularis,0
NJ0327,Megachile ligniseca,0
NJ0327,Megachile versicolor,0
NJ0327,Megachile willughbiella,0
NJ0327,Melangyna cincta,0
NJ0327,Melangyna labiatarum,0
NJ0327,Melangyna lasiophthalma,0
NJ0327,Melangyna umbellatarum,0
NJ0327,Melanogaster aerosa,0
NJ0327,Melanogaster hirtella,0
NJ0327,Melanostoma form,0
NJ0327,Melanostoma mellinum,0
NJ0327,Melanostoma scalare,0
NJ0327,Meliscaeva auricollis,0
NJ0327,Meliscaeva cinctella,1
NJ0327,Melitta leporina,0
NJ0327,Merodon equestris,1
NJ0327,Myathropa florea,0
NJ0327,Neoascia geniculata,0
NJ0327,Neoascia meticulosa,0
NJ0327,Neoascia podagrica,0
NJ0327,Neoascia tenur,2
NJ0327,Nomada fabriciana,0
NJ0327,Nomada flava,0
NJ0327,Nomada flavoguttata,0
NJ0327,Nomada flavopicta,0
NJ0327,Nomada fucata,0
NJ0327,Nomada goodeniana,0
NJ0327,Nomada lathburiana,0
NJ0327,Nomada marshamella,0
NJ0327,Nomada obtusifrons,0
NJ0327,Nomada panzeri,0
NJ0327,Nomada ruficornis,0
NJ0327,Nomada striata,0
NJ0327,Orthonevra nobilis,0
NJ0327,Osmia bicolor,0
NJ0327,Osmia bicornis,0
NJ0327,Osmia caerulescens,0
NJ0327,Osmia leaiana,0
NJ0327,Osmia spinulosa,0
NJ0327,Panurgus banksianus,0
NJ0327,Panurgus calcaratus,0
NJ0327,Parasyrphus punctulatus,0
NJ0327,Parhelophilus frutetorum,0
NJ0327,Parhelophilus versicolor,0
NJ0327,Pipiza bimaculata,1
NJ0327,Pipizella viduata,0
NJ0327,Platycheirus albimanus,0
NJ0327,Platycheirus clypeatus,0
NJ0327,Platycheirus granditarsus,0
NJ0327,Platycheirus manicatus,0
NJ0327,Platycheirus nielseni,0
NJ0327,Platycheirus peltatus,0
NJ0327,Platycheirus ramsarensis,0
NJ0327,Platycheirus rosarum,0
NJ0327,Platycheirus scutatus,0
NJ0327,Platycheirus tarsalis,0
NJ0327,Rhingia campestris,4
NJ0327,Rhingia rostrata,0
NJ0327,Riponnensia splendens,0
NJ0327,Scaeva pyrastri,0
NJ0327,Scaeva selenitica,0
NJ0327,Sericomyia lappona,0
NJ0327,Sericomyia silentis,21
NJ0327,Sericomyia superbiens,1
NJ0327,Sphaerophoria fatarum,0
NJ0327,Sphaerophoria interrupta,0
NJ0327,Sphaerophoria philanthus,0
NJ0327,Sphaerophoria rueppellii,0
NJ0327,Sphaerophoria scripta,0
NJ0327,Sphaerophoria taeniata,0
NJ0327,Sphecodes crassus,0
NJ0327,Sphecodes ephippius,0
NJ0327,Sphecodes ferruginatus,0
NJ0327,Sphecodes geoffrellus,0
NJ0327,Sphecodes monilicornis,0
NJ0327,Sphecodes niger,0
NJ0327,Sphegina clunipes,0
NJ0327,Syritta pipiens,0
NJ0327,Syrphus rectus,0
NJ0327,Syrphus ribesii,3
NJ0327,Syrphus torvus,0
NJ0327,Syrphus vitripennis,2
NJ0327,Tropidia scita,0
NJ0327,Volucella bombylans,0
NJ0327,Volucella inanis,0
NJ0327,Volucella inflata,0
NJ0327,Volucella pellucens,0
NJ0327,Xanthogramma pedissequum,0
NJ0327,Xanthogramma stackelbergi,0
NJ0327,Xylota abiens,0
NJ0327,Xylota jakutorum,1
NJ0327,Xylota segnis,16
NJ0327,Xylota sylvarum,0
NJ6415,Anasimyia contracta,0
NJ6415,Anasimyia lineata,0
NJ6415,Anasimyia transfuga,0
NJ6415,Andrena alfkenella,0
NJ6415,Andrena angustior,0
NJ6415,Andrena bicolor,0
NJ6415,Andrena bucephala,0
NJ6415,Andrena chrysosceles,0
NJ6415,Andrena cineraria,0
NJ6415,Andrena coitana,0
NJ6415,Andrena denticulata,0
NJ6415,Andrena dorsata,0
NJ6415,Andrena flavipes,0
NJ6415,Andrena fucata,0
NJ6415,Andrena fulva,0
NJ6415,Andrena haemorrhoa,0
NJ6415,Andrena helvola,0
NJ6415,Andrena humilis,0
NJ6415,Andrena lapponica,0
NJ6415,Andrena minutula,0
NJ6415,Andrena nigriceps,0
NJ6415,Andrena nigroaenea,0
NJ6415,Andrena nitida,0
NJ6415,Andrena scotica,0
NJ6415,Andrena semilaevis,0
NJ6415,Andrena subopaca,0
NJ6415,Andrena synadelpha,0
NJ6415,Andrena tarsata,0
NJ6415,Andrena thoracica,0
NJ6415,Andrena trimmerana,0
NJ6415,Andrena wilkella,0
NJ6415,Anthidium manicatum,0
NJ6415,Anthophora furcata,0
NJ6415,Anthophora plumipes,0
NJ6415,Apis mellifera,2
NJ6415,Arctophila superbiens,0
NJ6415,Bombus barbutellus,0
NJ6415,Bombus bohemicus,1
NJ6415,Bombus campestris,0
NJ6415,Bombus hortorum,7
NJ6415,Bombus humilis,0
NJ6415,Bombus hypnorum,0
NJ6415,Bombus jonellus,2
NJ6415,Bombus lapidarius,6
NJ6415,Bombus lucorum,66
NJ6415,Bombus monticola,6
NJ6415,Bombus muscorum,0
NJ6415,Bombus pascuorum,3
NJ6415,Bombus pratorum,3
NJ6415,Bombus ruderarius,0
NJ6415,Bombus ruderatus,0
NJ6415,Bombus rupestris,0
NJ6415,Bombus soroeensis,0
NJ6415,Bombus sylvestris,3
NJ6415,Bombus terrestris,13
NJ6415,Bombus vestalis,0
NJ6415,Chalcosyrphus nemorum,0
NJ6415,Cheilosia albitarsis,1
NJ6415,Cheilosia bergenstammi,0
NJ6415,Cheilosia fraterna,0
NJ6415,Cheilosia illustrata,0
NJ6415,Cheilosia lasiopa,0
NJ6415,Cheilosia latifrons,0
NJ6415,Cheilosia pagana,0
NJ6415,Cheilosia proxima,0
NJ6415,Cheilosia soror,0
NJ6415,Cheilosia vernalis,0
NJ6415,Chelostoma campanularum,0
NJ6415,Chrysogaster cemiteriorum,0
NJ6415,Chrysogaster virescens,0
NJ6415,Chrysotoxum arcuatum,1
NJ6415,Chrysotoxum bicinctum,0
NJ6415,Chrysotoxum festivum,0
NJ6415,Chrysotoxum verralli,0
NJ6415,Coelioxys elongata,0
NJ6415,Coelioxys inermis,0
NJ6415,Colletes similis,0
NJ6415,Colletes succinctus,0
NJ6415,Dasypoda hirtipes,0
NJ6415,Dasysyrphus albostriatus,0
NJ6415,Dasysyrphus neovenustus,0
NJ6415,Dasysyrphus tricinctus,0
NJ6415,Dasysyrphus venustus,0
NJ6415,Epistrophe grossulariae,1
NJ6415,Episyrphus balteatus,32
NJ6415,Eristalinus aeneus,0
NJ6415,Eristalinus sepulchralis,0
NJ6415,Eristalis abusiva,0
NJ6415,Eristalis abusivus,1
NJ6415,Eristalis arbustorum,3
NJ6415,Eristalis horticola,0
NJ6415,Eristalis intricaria,0
NJ6415,Eristalis intricarius,0
NJ6415,Eristalis nemorum,2
NJ6415,Eristalis pertinax,19
NJ6415,Eristalis rupium,0
NJ6415,Eristalis tenax,1
NJ6415,Eucera longicornis,0
NJ6415,Eumerus funeralis,0
NJ6415,Eumerus ornatus,0
NJ6415,Eumerus strigatus,0
NJ6415,Eupeodes corollae,6
NJ6415,Eupeodes latifasciatus,2
NJ6415,Eupeodes luniger,0
NJ6415,Ferdinandea cuprea,0
NJ6415,Halictus confusus,0
NJ6415,Halictus eurygnathus,0
NJ6415,Halictus rubicundus,1
NJ6415,Halictus tumulorum,0
NJ6415,Helophilus hybridus,0
NJ6415,Helophilus pendulus,2
NJ6415,Helophilus trivittatus,0
NJ6415,Hylaeus brevicornis,0
NJ6415,Hylaeus communis,0
NJ6415,Hylaeus confusus,0
NJ6415,Hylaeus dilatatus,0
NJ6415,Hylaeus hyalinatus,0
NJ6415,Hylaeus pectoralis,0
NJ6415,Lasioglossum albipes,0
NJ6415,Lasioglossum calceatum,0
NJ6415,Lasioglossum cupromicans,0
NJ6415,Lasioglossum fratellum,2
NJ6415,Lasioglossum fulvicorne,0
NJ6415,Lasioglossum laevigatum,0
NJ6415,Lasioglossum lativentre,0
NJ6415,Lasioglossum leucopus,0
NJ6415,Lasioglossum leucozonium,0
NJ6415,Lasioglossum malachurum,0
NJ6415,Lasioglossum minutissimum,0
NJ6415,Lasioglossum morio,0
NJ6415,Lasioglossum parvulum,0
NJ6415,Lasioglossum pauperatum,0
NJ6415,Lasioglossum pauxillum,0
NJ6415,Lasioglossum punctatissimum,0
NJ6415,Lasioglossum puncticolle,0
NJ6415,Lasioglossum quadrinotatum,0
NJ6415,Lasioglossum rufitarse,1
NJ6415,Lasioglossum smeathmanellum,0
NJ6415,Lasioglossum villosulum,0
NJ6415,Lasioglossum xanthopus,0
NJ6415,Lasioglossum zonulum,0
NJ6415,Lejogaster metallina,0
NJ6415,Leucozona glaucia,0
NJ6415,Leucozona laternaria,0
NJ6415,Macropis europaea,0
NJ6415,Megachile centuncularis,0
NJ6415,Megachile ligniseca,0
NJ6415,Megachile versicolor,0
NJ6415,Megachile willughbiella,0
NJ6415,Melangyna cincta,0
NJ6415,Melangyna labiatarum,0
NJ6415,Melangyna lasiophthalma,0
NJ6415,Melangyna umbellatarum,0
NJ6415,Melanogaster aerosa,0
NJ6415,Melanogaster hirtella,0
NJ6415,Melanostoma form,0
NJ6415,Melanostoma mellinum,4
NJ6415,Melanostoma scalare,3
NJ6415,Meliscaeva auricollis,0
NJ6415,Meliscaeva cinctella,0
NJ6415,Melitta leporina,0
NJ6415,Merodon equestris,0
NJ6415,Myathropa florea,1
NJ6415,Neoascia geniculata,0
NJ6415,Neoascia meticulosa,1
NJ6415,Neoascia podagrica,0
NJ6415,Neoascia tenur,0
NJ6415,Nomada fabriciana,0
NJ6415,Nomada flava,0
NJ6415,Nomada flavoguttata,0
NJ6415,Nomada flavopicta,0
NJ6415,Nomada fucata,0
NJ6415,Nomada goodeniana,0
NJ6415,Nomada lathburiana,0
NJ6415,Nomada marshamella,0
NJ6415,Nomada obtusifrons,0
NJ6415,Nomada panzeri,0
NJ6415,Nomada ruficornis,0
NJ6415,Nomada striata,0
NJ6415,Orthonevra nobilis,0
NJ6415,Osmia bicolor,0
NJ6415,Osmia bicornis,0
NJ6415,Osmia caerulescens,0
NJ6415,Osmia leaiana,0
NJ6415,Osmia spinulosa,0
NJ6415,Panurgus banksianus,0
NJ6415,Panurgus calcaratus,0
NJ6415,Parasyrphus punctulatus,0
NJ6415,Parhelophilus frutetorum,0
NJ6415,Parhelophilus versicolor,0
NJ6415,Pipiza bimaculata,0
NJ6415,Pipizella viduata,0
NJ6415,Platycheirus albimanus,3
NJ6415,Platycheirus clypeatus,0
NJ6415,Platycheirus granditarsus,0
NJ6415,Platycheirus manicatus,2
NJ6415,Platycheirus nielseni,0
NJ6415,Platycheirus peltatus,0
NJ6415,Platycheirus ramsarensis,0
NJ6415,Platycheirus rosarum,0
NJ6415,Platycheirus scutatus,1
NJ6415,Platycheirus tarsalis,0
NJ6415,Rhingia campestris,12
NJ6415,Rhingia rostrata,0
NJ6415,Riponnensia splendens,0
NJ6415,Scaeva pyrastri,1
NJ6415,Scaeva selenitica,0
NJ6415,Sericomyia lappona,1
NJ6415,Sericomyia silentis,15
NJ6415,Sericomyia superbiens,0
NJ6415,Sphaerophoria fatarum,0
NJ6415,Sphaerophoria interrupta,0
NJ6415,Sphaerophoria philanthus,4
NJ6415,Sphaerophoria rueppellii,0
NJ6415,Sphaerophoria scripta,0
NJ6415,Sphaerophoria taeniata,0
NJ6415,Sphecodes crassus,0
NJ6415,Sphecodes ephippius,0
NJ6415,Sphecodes ferruginatus,0
NJ6415,Sphecodes geoffrellus,0
NJ6415,Sphecodes monilicornis,0
NJ6415,Sphecodes niger,0
NJ6415,Sphegina clunipes,0
NJ6415,Syritta pipiens,0
NJ6415,Syrphus rectus,0
NJ6415,Syrphus ribesii,13
NJ6415,Syrphus torvus,0
NJ6415,Syrphus vitripennis,15
NJ6415,Tropidia scita,0
NJ6415,Volucella bombylans,0
NJ6415,Volucella inanis,0
NJ6415,Volucella inflata,0
NJ6415,Volucella pellucens,0
NJ6415,Xanthogramma pedissequum,0
NJ6415,Xanthogramma stackelbergi,0
NJ6415,Xylota abiens,0
NJ6415,Xylota jakutorum,1
NJ6415,Xylota segnis,0
NJ6415,Xylota sylvarum,0
NJ7638,Anasimyia contracta,0
NJ7638,Anasimyia lineata,0
NJ7638,Anasimyia transfuga,0
NJ7638,Andrena alfkenella,0
NJ7638,Andrena angustior,0
NJ7638,Andrena bicolor,1
NJ7638,Andrena bucephala,0
NJ7638,Andrena chrysosceles,0
NJ7638,Andrena cineraria,0
NJ7638,Andrena coitana,2
NJ7638,Andrena denticulata,0
NJ7638,Andrena dorsata,0
NJ7638,Andrena flavipes,0
NJ7638,Andrena fucata,1
NJ7638,Andrena fulva,0
NJ7638,Andrena haemorrhoa,1
NJ7638,Andrena helvola,0
NJ7638,Andrena humilis,0
NJ7638,Andrena lapponica,1
NJ7638,Andrena minutula,0
NJ7638,Andrena nigriceps,0
NJ7638,Andrena nigroaenea,0
NJ7638,Andrena nitida,0
NJ7638,Andrena scotica,0
NJ7638,Andrena semilaevis,0
NJ7638,Andrena subopaca,1
NJ7638,Andrena synadelpha,0
NJ7638,Andrena tarsata,0
NJ7638,Andrena thoracica,0
NJ7638,Andrena trimmerana,0
NJ7638,Andrena wilkella,0
NJ7638,Anthidium manicatum,0
NJ7638,Anthophora furcata,0
NJ7638,Anthophora plumipes,0
NJ7638,Apis mellifera,2
NJ7638,Arctophila superbiens,0
NJ7638,Bombus barbutellus,0
NJ7638,Bombus bohemicus,6
NJ7638,Bombus campestris,0
NJ7638,Bombus hortorum,23
NJ7638,Bombus humilis,0
NJ7638,Bombus hypnorum,0
NJ7638,Bombus jonellus,1
NJ7638,Bombus lapidarius,7
NJ7638,Bombus lucorum,36
NJ7638,Bombus monticola,0
NJ7638,Bombus muscorum,0
NJ7638,Bombus pascuorum,17
NJ7638,Bombus pratorum,1
NJ7638,Bombus ruderarius,0
NJ7638,Bombus ruderatus,0
NJ7638,Bombus rupestris,0
NJ7638,Bombus soroeensis,0
NJ7638,Bombus sylvestris,5
NJ7638,Bombus terrestris,16
NJ7638,Bombus vestalis,0
NJ7638,Chalcosyrphus nemorum,0
NJ7638,Cheilosia albitarsis,0
NJ7638,Cheilosia bergenstammi,1
NJ7638,Cheilosia fraterna,0
NJ7638,Cheilosia illustrata,0
NJ7638,Cheilosia lasiopa,0
NJ7638,Cheilosia latifrons,0
NJ7638,Cheilosia pagana,0
NJ7638,Cheilosia proxima,0
NJ7638,Cheilosia soror,0
NJ7638,Cheilosia vernalis,0
NJ7638,Chelostoma campanularum,0
NJ7638,Chrysogaster cemiteriorum,0
NJ7638,Chrysogaster virescens,0
NJ7638,Chrysotoxum arcuatum,0
NJ7638,Chrysotoxum bicinctum,0
NJ7638,Chrysotoxum festivum,0
NJ7638,Chrysotoxum verralli,0
NJ7638,Coelioxys elongata,0
NJ7638,Coelioxys inermis,0
NJ7638,Colletes similis,0
NJ7638,Colletes succinctus,0
NJ7638,Dasypoda hirtipes,0
NJ7638,Dasysyrphus albostriatus,0
NJ7638,Dasysyrphus neovenustus,0
NJ7638,Dasysyrphus tricinctus,0
NJ7638,Dasysyrphus venustus,0
NJ7638,Epistrophe grossulariae,1
NJ7638,Episyrphus balteatus,271
NJ7638,Eristalinus aeneus,0
NJ7638,Eristalinus sepulchralis,0
NJ7638,Eristalis abusiva,1
NJ7638,Eristalis abusivus,2
NJ7638,Eristalis arbustorum,9
NJ7638,Eristalis horticola,0
NJ7638,Eristalis intricaria,0
NJ7638,Eristalis intricarius,0
NJ7638,Eristalis nemorum,3
NJ7638,Eristalis pertinax,33
NJ7638,Eristalis rupium,0
NJ7638,Eristalis tenax,5
NJ7638,Eucera longicornis,0
NJ7638,Eumerus funeralis,0
NJ7638,Eumerus ornatus,0
NJ7638,Eumerus strigatus,0
NJ7638,Eupeodes corollae,53
NJ7638,Eupeodes latifasciatus,5
NJ7638,Eupeodes luniger,0
NJ7638,Ferdinandea cuprea,7
NJ7638,Halictus confusus,0
NJ7638,Halictus eurygnathus,0
NJ7638,Halictus rubicundus,2
NJ7638,Halictus tumulorum,0
NJ7638,Helophilus hybridus,2
NJ7638,Helophilus pendulus,67
NJ7638,Helophilus trivittatus,0
NJ7638,Hylaeus brevicornis,0
NJ7638,Hylaeus communis,0
NJ7638,Hylaeus confusus,0
NJ7638,Hylaeus dilatatus,0
NJ7638,Hylaeus hyalinatus,0
NJ7638,Hylaeus pectoralis,0
NJ7638,Lasioglossum albipes,0
NJ7638,Lasioglossum calceatum,1
NJ7638,Lasioglossum cupromicans,0
NJ7638,Lasioglossum fratellum,4
NJ7638,Lasioglossum fulvicorne,1
NJ7638,Lasioglossum laevigatum,0
NJ7638,Lasioglossum lativentre,0
NJ7638,Lasioglossum leucopus,0
NJ7638,Lasioglossum leucozonium,0
NJ7638,Lasioglossum malachurum,0
NJ7638,Lasioglossum minutissimum,0
NJ7638,Lasioglossum morio,0
NJ7638,Lasioglossum parvulum,0
NJ7638,Lasioglossum pauperatum,0
NJ7638,Lasioglossum pauxillum,0
NJ7638,Lasioglossum punctatissimum,0
NJ7638,Lasioglossum puncticolle,0
NJ7638,Lasioglossum quadrinotatum,0
NJ7638,Lasioglossum rufitarse,1
NJ7638,Lasioglossum smeathmanellum,0
NJ7638,Lasioglossum villosulum,0
NJ7638,Lasioglossum xanthopus,0
NJ7638,Lasioglossum zonulum,0
NJ7638,Lejogaster metallina,0
NJ7638,Leucozona glaucia,0
NJ7638,Leucozona laternaria,1
NJ7638,Macropis europaea,0
NJ7638,Megachile centuncularis,0
NJ7638,Megachile ligniseca,0
NJ7638,Megachile versicolor,0
NJ7638,Megachile willughbiella,1
NJ7638,Melangyna cincta,0
NJ7638,Melangyna labiatarum,0
NJ7638,Melangyna lasiophthalma,0
NJ7638,Melangyna umbellatarum,0
NJ7638,Melanogaster aerosa,0
NJ7638,Melanogaster hirtella,6
NJ7638,Melanostoma form,0
NJ7638,Melanostoma mellinum,10
NJ7638,Melanostoma scalare,9
NJ7638,Meliscaeva auricollis,0
NJ7638,Meliscaeva cinctella,1
NJ7638,Melitta leporina,0
NJ7638,Merodon equestris,0
NJ7638,Myathropa florea,0
NJ7638,Neoascia geniculata,1
NJ7638,Neoascia meticulosa,0
NJ7638,Neoascia podagrica,28
NJ7638,Neoascia tenur,1
NJ7638,Nomada fabriciana,0
NJ7638,Nomada flava,0
NJ7638,Nomada flavoguttata,0
NJ7638,Nomada flavopicta,0
NJ7638,Nomada fucata,0
NJ7638,Nomada goodeniana,0
NJ7638,Nomada lathburiana,0
NJ7638,Nomada marshamella,0
NJ7638,Nomada obtusifrons,0
NJ7638,Nomada panzeri,1
NJ7638,Nomada ruficornis,0
NJ7638,Nomada striata,0
NJ7638,Orthonevra nobilis,0
NJ7638,Osmia bicolor,0
NJ7638,Osmia bicornis,0
NJ7638,Osmia caerulescens,0
NJ7638,Osmia leaiana,0
NJ7638,Osmia spinulosa,0
NJ7638,Panurgus banksianus,0
NJ7638,Panurgus calcaratus,0
NJ7638,Parasyrphus punctulatus,0
NJ7638,Parhelophilus frutetorum,0
NJ7638,Parhelophilus versicolor,0
NJ7638,Pipiza bimaculata,0
NJ7638,Pipizella viduata,0
NJ7638,Platycheirus albimanus,6
NJ7638,Platycheirus clypeatus,0
NJ7638,Platycheirus granditarsus,1
NJ7638,Platycheirus manicatus,4
NJ7638,Platycheirus nielseni,0
NJ7638,Platycheirus peltatus,2
NJ7638,Platycheirus ramsarensis,0
NJ7638,Platycheirus rosarum,0
NJ7638,Platycheirus scutatus,2
NJ7638,Platycheirus tarsalis,0
NJ7638,Rhingia campestris,6
NJ7638,Rhingia rostrata,0
NJ7638,Riponnensia splendens,0
NJ7638,Scaeva pyrastri,3
NJ7638,Scaeva selenitica,0
NJ7638,Sericomyia lappona,0
NJ7638,Sericomyia silentis,14
NJ7638,Sericomyia superbiens,0
NJ7638,Sphaerophoria fatarum,0
NJ7638,Sphaerophoria interrupta,0
NJ7638,Sphaerophoria philanthus,0
NJ7638,Sphaerophoria rueppellii,0
NJ7638,Sphaerophoria scripta,0
NJ7638,Sphaerophoria taeniata,0
NJ7638,Sphecodes crassus,0
NJ7638,Sphecodes ephippius,0
NJ7638,Sphecodes ferruginatus,0
NJ7638,Sphecodes geoffrellus,0
NJ7638,Sphecodes monilicornis,0
NJ7638,Sphecodes niger,0
NJ7638,Sphegina clunipes,0
NJ7638,Syritta pipiens,1
NJ7638,Syrphus rectus,2
NJ7638,Syrphus ribesii,137
NJ7638,Syrphus torvus,0
NJ7638,Syrphus vitripennis,37
NJ7638,Tropidia scita,0
NJ7638,Volucella bombylans,0
NJ7638,Volucella inanis,0
NJ7638,Volucella inflata,0
NJ7638,Volucella pellucens,0
NJ7638,Xanthogramma pedissequum,0
NJ7638,Xanthogramma stackelbergi,0
NJ7638,Xylota abiens,0
NJ7638,Xylota jakutorum,0
NJ7638,Xylota segnis,37
NJ7638,Xylota sylvarum,0
NN5527,Anasimyia contracta,0
NN5527,Anasimyia lineata,0
NN5527,Anasimyia transfuga,0
NN5527,Andrena alfkenella,0
NN5527,Andrena angustior,0
NN5527,Andrena bicolor,0
NN5527,Andrena bucephala,0
NN5527,Andrena chrysosceles,0
NN5527,Andrena cineraria,0
NN5527,Andrena coitana,0
NN5527,Andrena denticulata,0
NN5527,Andrena dorsata,0
NN5527,Andrena flavipes,0
NN5527,Andrena fucata,0
NN5527,Andrena fulva,0
NN5527,Andrena haemorrhoa,0
NN5527,Andrena helvola,0
NN5527,Andrena humilis,0
NN5527,Andrena lapponica,3
NN5527,Andrena minutula,0
NN5527,Andrena nigriceps,0
NN5527,Andrena nigroaenea,0
NN5527,Andrena nitida,0
NN5527,Andrena scotica,0
NN5527,Andrena semilaevis,0
NN5527,Andrena subopaca,0
NN5527,Andrena synadelpha,0
NN5527,Andrena tarsata,0
NN5527,Andrena thoracica,0
NN5527,Andrena trimmerana,0
NN5527,Andrena wilkella,0
NN5527,Anthidium manicatum,0
NN5527,Anthophora furcata,0
NN5527,Anthophora plumipes,0
NN5527,Apis mellifera,1
NN5527,Arctophila superbiens,0
NN5527,Bombus barbutellus,0
NN5527,Bombus bohemicus,0
NN5527,Bombus campestris,0
NN5527,Bombus hortorum,3
NN5527,Bombus humilis,0
NN5527,Bombus hypnorum,0
NN5527,Bombus jonellus,6
NN5527,Bombus lapidarius,0
NN5527,Bombus lucorum,3
NN5527,Bombus monticola,1
NN5527,Bombus muscorum,0
NN5527,Bombus pascuorum,1
NN5527,Bombus pratorum,1
NN5527,Bombus ruderarius,0
NN5527,Bombus ruderatus,0
NN5527,Bombus rupestris,0
NN5527,Bombus soroeensis,0
NN5527,Bombus sylvestris,3
NN5527,Bombus terrestris,0
NN5527,Bombus vestalis,0
NN5527,Chalcosyrphus nemorum,0
NN5527,Cheilosia albitarsis,1
NN5527,Cheilosia bergenstammi,0
NN5527,Cheilosia fraterna,2
NN5527,Cheilosia illustrata,1
NN5527,Cheilosia lasiopa,0
NN5527,Cheilosia latifrons,0
NN5527,Cheilosia pagana,0
NN5527,Cheilosia proxima,0
NN5527,Cheilosia soror,0
NN5527,Cheilosia vernalis,0
NN5527,Chelostoma campanularum,0
NN5527,Chrysogaster cemiteriorum,0
NN5527,Chrysogaster virescens,0
NN5527,Chrysotoxum arcuatum,0
NN5527,Chrysotoxum bicinctum,0
NN5527,Chrysotoxum festivum,0
NN5527,Chrysotoxum verralli,0
NN5527,Coelioxys elongata,0
NN5527,Coelioxys inermis,0
NN5527,Colletes similis,0
NN5527,Colletes succinctus,0
NN5527,Dasypoda hirtipes,0
NN5527,Dasysyrphus albostriatus,0
NN5527,Dasysyrphus neovenustus,0
NN5527,Dasysyrphus tricinctus,0
NN5527,Dasysyrphus venustus,0
NN5527,Epistrophe grossulariae,0
NN5527,Episyrphus balteatus,3
NN5527,Eristalinus aeneus,0
NN5527,Eristalinus sepulchralis,0
NN5527,Eristalis abusiva,0
NN5527,Eristalis abusivus,0
NN5527,Eristalis arbustorum,0
NN5527,Eristalis horticola,0
NN5527,Eristalis intricaria,0
NN5527,Eristalis intricarius,0
NN5527,Eristalis nemorum,0
NN5527,Eristalis pertinax,5
NN5527,Eristalis rupium,1
NN5527,Eristalis tenax,0
NN5527,Eucera longicornis,0
NN5527,Eumerus funeralis,0
NN5527,Eumerus ornatus,0
NN5527,Eumerus strigatus,0
NN5527,Eupeodes corollae,0
NN5527,Eupeodes latifasciatus,0
NN5527,Eupeodes luniger,0
NN5527,Ferdinandea cuprea,0
NN5527,Halictus confusus,0
NN5527,Halictus eurygnathus,0
NN5527,Halictus rubicundus,0
NN5527,Halictus tumulorum,0
NN5527,Helophilus hybridus,0
NN5527,Helophilus pendulus,0
NN5527,Helophilus trivittatus,0
NN5527,Hylaeus brevicornis,0
NN5527,Hylaeus communis,0
NN5527,Hylaeus confusus,0
NN5527,Hylaeus dilatatus,0
NN5527,Hylaeus hyalinatus,0
NN5527,Hylaeus pectoralis,0
NN5527,Lasioglossum albipes,0
NN5527,Lasioglossum calceatum,0
NN5527,Lasioglossum cupromicans,0
NN5527,Lasioglossum fratellum,0
NN5527,Lasioglossum fulvicorne,0
NN5527,Lasioglossum laevigatum,0
NN5527,Lasioglossum lativentre,0
NN5527,Lasioglossum leucopus,0
NN5527,Lasioglossum leucozonium,0
NN5527,Lasioglossum malachurum,0
NN5527,Lasioglossum minutissimum,0
NN5527,Lasioglossum morio,0
NN5527,Lasioglossum parvulum,0
NN5527,Lasioglossum pauperatum,0
NN5527,Lasioglossum pauxillum,0
NN5527,Lasioglossum punctatissimum,0
NN5527,Lasioglossum puncticolle,0
NN5527,Lasioglossum quadrinotatum,0
NN5527,Lasioglossum rufitarse,0
NN5527,Lasioglossum smeathmanellum,0
NN5527,Lasioglossum villosulum,0
NN5527,Lasioglossum xanthopus,0
NN5527,Lasioglossum zonulum,0
NN5527,Lejogaster metallina,0
NN5527,Leucozona glaucia,0
NN5527,Leucozona laternaria,0
NN5527,Macropis europaea,0
NN5527,Megachile centuncularis,0
NN5527,Megachile ligniseca,0
NN5527,Megachile versicolor,0
NN5527,Megachile willughbiella,0
NN5527,Melangyna cincta,0
NN5527,Melangyna labiatarum,0
NN5527,Melangyna lasiophthalma,0
NN5527,Melangyna umbellatarum,0
NN5527,Melanogaster aerosa,0
NN5527,Melanogaster hirtella,0
NN5527,Melanostoma form,0
NN5527,Melanostoma mellinum,5
NN5527,Melanostoma scalare,1
NN5527,Meliscaeva auricollis,0
NN5527,Meliscaeva cinctella,4
NN5527,Melitta leporina,0
NN5527,Merodon equestris,0
NN5527,Myathropa florea,0
NN5527,Neoascia geniculata,0
NN5527,Neoascia meticulosa,0
NN5527,Neoascia podagrica,0
NN5527,Neoascia tenur,0
NN5527,Nomada fabriciana,0
NN5527,Nomada flava,0
NN5527,Nomada flavoguttata,0
NN5527,Nomada flavopicta,0
NN5527,Nomada fucata,0
NN5527,Nomada goodeniana,0
NN5527,Nomada lathburiana,0
NN5527,Nomada marshamella,0
NN5527,Nomada obtusifrons,0
NN5527,Nomada panzeri,1
NN5527,Nomada ruficornis,0
NN5527,Nomada striata,0
NN5527,Orthonevra nobilis,0
NN5527,Osmia bicolor,0
NN5527,Osmia bicornis,0
NN5527,Osmia caerulescens,0
NN5527,Osmia leaiana,0
NN5527,Osmia spinulosa,0
NN5527,Panurgus banksianus,0
NN5527,Panurgus calcaratus,0
NN5527,Parasyrphus punctulatus,0
NN5527,Parhelophilus frutetorum,0
NN5527,Parhelophilus versicolor,0
NN5527,Pipiza bimaculata,0
NN5527,Pipizella viduata,0
NN5527,Platycheirus albimanus,2
NN5527,Platycheirus clypeatus,0
NN5527,Platycheirus granditarsus,0
NN5527,Platycheirus manicatus,0
NN5527,Platycheirus nielseni,0
NN5527,Platycheirus peltatus,1
NN5527,Platycheirus ramsarensis,0
NN5527,Platycheirus rosarum,0
NN5527,Platycheirus scutatus,0
NN5527,Platycheirus tarsalis,0
NN5527,Rhingia campestris,0
NN5527,Rhingia rostrata,0
NN5527,Riponnensia splendens,0
NN5527,Scaeva pyrastri,0
NN5527,Scaeva selenitica,0
NN5527,Sericomyia lappona,8
NN5527,Sericomyia silentis,10
NN5527,Sericomyia superbiens,0
NN5527,Sphaerophoria fatarum,0
NN5527,Sphaerophoria interrupta,0
NN5527,Sphaerophoria philanthus,3
NN5527,Sphaerophoria rueppellii,0
NN5527,Sphaerophoria scripta,0
NN5527,Sphaerophoria taeniata,0
NN5527,Sphecodes crassus,0
NN5527,Sphecodes ephippius,0
NN5527,Sphecodes ferruginatus,0
NN5527,Sphecodes geoffrellus,0
NN5527,Sphecodes monilicornis,0
NN5527,Sphecodes niger,0
NN5527,Sphegina clunipes,1
NN5527,Syritta pipiens,0
NN5527,Syrphus rectus,0
NN5527,Syrphus ribesii,4
NN5527,Syrphus torvus,1
NN5527,Syrphus vitripennis,1
NN5527,Tropidia scita,0
NN5527,Volucella bombylans,0
NN5527,Volucella inanis,0
NN5527,Volucella inflata,0
NN5527,Volucella pellucens,0
NN5527,Xanthogramma pedissequum,0
NN5527,Xanthogramma stackelbergi,0
NN5527,Xylota abiens,0
NN5527,Xylota jakutorum,4
NN5527,Xylota segnis,32
NN5527,Xylota sylvarum,0
NN6693,Anasimyia contracta,0
NN6693,Anasimyia lineata,0
NN6693,Anasimyia transfuga,0
NN6693,Andrena alfkenella,0
NN6693,Andrena angustior,0
NN6693,Andrena bicolor,0
NN6693,Andrena bucephala,0
NN6693,Andrena chrysosceles,0
NN6693,Andrena cineraria,0
NN6693,Andrena coitana,0
NN6693,Andrena denticulata,0
NN6693,Andrena dorsata,0
NN6693,Andrena flavipes,0
NN6693,Andrena fucata,0
NN6693,Andrena fulva,0
NN6693,Andrena haemorrhoa,0
NN6693,Andrena helvola,0
NN6693,Andrena humilis,0
NN6693,Andrena lapponica,0
NN6693,Andrena minutula,0
NN6693,Andrena nigriceps,0
NN6693,Andrena nigroaenea,0
NN6693,Andrena nitida,0
NN6693,Andrena scotica,0
NN6693,Andrena semilaevis,0
NN6693,Andrena subopaca,0
NN6693,Andrena synadelpha,0
NN6693,Andrena tarsata,0
NN6693,Andrena thoracica,0
NN6693,Andrena trimmerana,0
NN6693,Andrena wilkella,0
NN6693,Anthidium manicatum,0
NN6693,Anthophora furcata,0
NN6693,Anthophora plumipes,0
NN6693,Apis mellifera,7
NN6693,Arctophila superbiens,1
NN6693,Bombus barbutellus,0
NN6693,Bombus bohemicus,0
NN6693,Bombus campestris,0
NN6693,Bombus hortorum,1
NN6693,Bombus humilis,0
NN6693,Bombus hypnorum,0
NN6693,Bombus jonellus,2
NN6693,Bombus lapidarius,0
NN6693,Bombus lucorum,3
NN6693,Bombus monticola,0
NN6693,Bombus muscorum,0
NN6693,Bombus pascuorum,4
NN6693,Bombus pratorum,0
NN6693,Bombus ruderarius,0
NN6693,Bombus ruderatus,0
NN6693,Bombus rupestris,0
NN6693,Bombus soroeensis,5
NN6693,Bombus sylvestris,0
NN6693,Bombus terrestris,1
NN6693,Bombus vestalis,0
NN6693,Chalcosyrphus nemorum,0
NN6693,Cheilosia albitarsis,0
NN6693,Cheilosia bergenstammi,0
NN6693,Cheilosia fraterna,0
NN6693,Cheilosia illustrata,0
NN6693,Cheilosia lasiopa,0
NN6693,Cheilosia latifrons,0
NN6693,Cheilosia pagana,0
NN6693,Cheilosia proxima,0
NN6693,Cheilosia soror,0
NN6693,Cheilosia vernalis,0
NN6693,Chelostoma campanularum,0
NN6693,Chrysogaster cemiteriorum,1
NN6693,Chrysogaster virescens,1
NN6693,Chrysotoxum arcuatum,0
NN6693,Chrysotoxum bicinctum,0
NN6693,Chrysotoxum festivum,0
NN6693,Chrysotoxum verralli,0
NN6693,Coelioxys elongata,0
NN6693,Coelioxys inermis,0
NN6693,Colletes similis,0
NN6693,Colletes succinctus,0
NN6693,Dasypoda hirtipes,0
NN6693,Dasysyrphus albostriatus,0
NN6693,Dasysyrphus neovenustus,0
NN6693,Dasysyrphus tricinctus,0
NN6693,Dasysyrphus venustus,0
NN6693,Epistrophe grossulariae,1
NN6693,Episyrphus balteatus,3
NN6693,Eristalinus aeneus,0
NN6693,Eristalinus sepulchralis,0
NN6693,Eristalis abusiva,0
NN6693,Eristalis abusivus,0
NN6693,Eristalis arbustorum,1
NN6693,Eristalis horticola,0
NN6693,Eristalis intricaria,0
NN6693,Eristalis intricarius,0
NN6693,Eristalis nemorum,0
NN6693,Eristalis pertinax,11
NN6693,Eristalis rupium,0
NN6693,Eristalis tenax,0
NN6693,Eucera longicornis,0
NN6693,Eumerus funeralis,0
NN6693,Eumerus ornatus,0
NN6693,Eumerus strigatus,0
NN6693,Eupeodes corollae,0
NN6693,Eupeodes latifasciatus,0
NN6693,Eupeodes luniger,0
NN6693,Ferdinandea cuprea,0
NN6693,Halictus confusus,0
NN6693,Halictus eurygnathus,0
NN6693,Halictus rubicundus,0
NN6693,Halictus tumulorum,0
NN6693,Helophilus hybridus,0
NN6693,Helophilus pendulus,10
NN6693,Helophilus trivittatus,0
NN6693,Hylaeus brevicornis,0
NN6693,Hylaeus communis,0
NN6693,Hylaeus confusus,0
NN6693,Hylaeus dilatatus,0
NN6693,Hylaeus hyalinatus,0
NN6693,Hylaeus pectoralis,0
NN6693,Lasioglossum albipes,0
NN6693,Lasioglossum calceatum,1
NN6693,Lasioglossum cupromicans,0
NN6693,Lasioglossum fratellum,0
NN6693,Lasioglossum fulvicorne,0
NN6693,Lasioglossum laevigatum,0
NN6693,Lasioglossum lativentre,0
NN6693,Lasioglossum leucopus,0
NN6693,Lasioglossum leucozonium,0
NN6693,Lasioglossum malachurum,0
NN6693,Lasioglossum minutissimum,0
NN6693,Lasioglossum morio,0
NN6693,Lasioglossum parvulum,0
NN6693,Lasioglossum pauperatum,0
NN6693,Lasioglossum pauxillum,0
NN6693,Lasioglossum punctatissimum,0
NN6693,Lasioglossum puncticolle,0
NN6693,Lasioglossum quadrinotatum,0
NN6693,Lasioglossum rufitarse,0
NN6693,Lasioglossum smeathmanellum,0
NN6693,Lasioglossum villosulum,0
NN6693,Lasioglossum xanthopus,0
NN6693,Lasioglossum zonulum,0
NN6693,Lejogaster metallina,0
NN6693,Leucozona glaucia,0
NN6693,Leucozona laternaria,0
NN6693,Macropis europaea,0
NN6693,Megachile centuncularis,0
NN6693,Megachile ligniseca,0
NN6693,Megachile versicolor,0
NN6693,Megachile willughbiella,0
NN6693,Melangyna cincta,0
NN6693,Melangyna labiatarum,0
NN6693,Melangyna lasiophthalma,0
NN6693,Melangyna umbellatarum,0
NN6693,Melanogaster aerosa,1
NN6693,Melanogaster hirtella,17
NN6693,Melanostoma form,0
NN6693,Melanostoma mellinum,0
NN6693,Melanostoma scalare,0
NN6693,Meliscaeva auricollis,0
NN6693,Meliscaeva cinctella,0
NN6693,Melitta leporina,0
NN6693,Merodon equestris,0
NN6693,Myathropa florea,0
NN6693,Neoascia geniculata,0
NN6693,Neoascia meticulosa,0
NN6693,Neoascia podagrica,0
NN6693,Neoascia tenur,0
NN6693,Nomada fabriciana,0
NN6693,Nomada flava,0
NN6693,Nomada flavoguttata,0
NN6693,Nomada flavopicta,0
NN6693,Nomada fucata,0
NN6693,Nomada goodeniana,0
NN6693,Nomada lathburiana,0
NN6693,Nomada marshamella,0
NN6693,Nomada obtusifrons,0
NN6693,Nomada panzeri,0
NN6693,Nomada ruficornis,0
NN6693,Nomada striata,0
NN6693,Orthonevra nobilis,0
NN6693,Osmia bicolor,0
NN6693,Osmia bicornis,0
NN6693,Osmia caerulescens,0
NN6693,Osmia leaiana,0
NN6693,Osmia spinulosa,0
NN6693,Panurgus banksianus,0
NN6693,Panurgus calcaratus,0
NN6693,Parasyrphus punctulatus,0
NN6693,Parhelophilus frutetorum,0
NN6693,Parhelophilus versicolor,0
NN6693,Pipiza bimaculata,0
NN6693,Pipizella viduata,0
NN6693,Platycheirus albimanus,2
NN6693,Platycheirus clypeatus,0
NN6693,Platycheirus granditarsus,0
NN6693,Platycheirus manicatus,0
NN6693,Platycheirus nielseni,0
NN6693,Platycheirus peltatus,0
NN6693,Platycheirus ramsarensis,0
NN6693,Platycheirus rosarum,0
NN6693,Platycheirus scutatus,0
NN6693,Platycheirus tarsalis,0
NN6693,Rhingia campestris,0
NN6693,Rhingia rostrata,0
NN6693,Riponnensia splendens,0
NN6693,Scaeva pyrastri,0
NN6693,Scaeva selenitica,0
NN6693,Sericomyia lappona,1
NN6693,Sericomyia silentis,27
NN6693,Sericomyia superbiens,2
NN6693,Sphaerophoria fatarum,0
NN6693,Sphaerophoria interrupta,0
NN6693,Sphaerophoria philanthus,0
NN6693,Sphaerophoria rueppellii,0
NN6693,Sphaerophoria scripta,0
NN6693,Sphaerophoria taeniata,0
NN6693,Sphecodes crassus,0
NN6693,Sphecodes ephippius,0
NN6693,Sphecodes ferruginatus,0
NN6693,Sphecodes geoffrellus,0
NN6693,Sphecodes monilicornis,0
NN6693,Sphecodes niger,0
NN6693,Sphegina clunipes,0
NN6693,Syritta pipiens,0
NN6693,Syrphus rectus,0
NN6693,Syrphus ribesii,1
NN6693,Syrphus torvus,0
NN6693,Syrphus vitripennis,1
NN6693,Tropidia scita,0
NN6693,Volucella bombylans,0
NN6693,Volucella inanis,0
NN6693,Volucella inflata,0
NN6693,Volucella pellucens,0
NN6693,Xanthogramma pedissequum,0
NN6693,Xanthogramma stackelbergi,0
NN6693,Xylota abiens,0
NN6693,Xylota jakutorum,0
NN6693,Xylota segnis,0
NN6693,Xylota sylvarum,0
NN7911,Anasimyia contracta,0
NN7911,Anasimyia lineata,0
NN7911,Anasimyia transfuga,0
NN7911,Andrena alfkenella,0
NN7911,Andrena angustior,0
NN7911,Andrena bicolor,0
NN7911,Andrena bucephala,0
NN7911,Andrena chrysosceles,0
NN7911,Andrena cineraria,0
NN7911,Andrena coitana,0
NN7911,Andrena denticulata,0
NN7911,Andrena dorsata,0
NN7911,Andrena flavipes,0
NN7911,Andrena fucata,0
NN7911,Andrena fulva,0
NN7911,Andrena haemorrhoa,0
NN7911,Andrena helvola,0
NN7911,Andrena humilis,0
NN7911,Andrena lapponica,0
NN7911,Andrena minutula,0
NN7911,Andrena nigriceps,0
NN7911,Andrena nigroaenea,0
NN7911,Andrena nitida,0
NN7911,Andrena scotica,0
NN7911,Andrena semilaevis,0
NN7911,Andrena subopaca,0
NN7911,Andrena synadelpha,0
NN7911,Andrena tarsata,0
NN7911,Andrena thoracica,0
NN7911,Andrena trimmerana,0
NN7911,Andrena wilkella,0
NN7911,Anthidium manicatum,0
NN7911,Anthophora furcata,0
NN7911,Anthophora plumipes,0
NN7911,Apis mellifera,0
NN7911,Arctophila superbiens,0
NN7911,Bombus barbutellus,0
NN7911,Bombus bohemicus,0
NN7911,Bombus campestris,1
NN7911,Bombus hortorum,6
NN7911,Bombus humilis,0
NN7911,Bombus hypnorum,0
NN7911,Bombus jonellus,2
NN7911,Bombus lapidarius,0
NN7911,Bombus lucorum,21
NN7911,Bombus monticola,0
NN7911,Bombus muscorum,0
NN7911,Bombus pascuorum,7
NN7911,Bombus pratorum,0
NN7911,Bombus ruderarius,0
NN7911,Bombus ruderatus,0
NN7911,Bombus rupestris,0
NN7911,Bombus soroeensis,1
NN7911,Bombus sylvestris,0
NN7911,Bombus terrestris,2
NN7911,Bombus vestalis,0
NN7911,Chalcosyrphus nemorum,0
NN7911,Cheilosia albitarsis,0
NN7911,Cheilosia bergenstammi,0
NN7911,Cheilosia fraterna,0
NN7911,Cheilosia illustrata,0
NN7911,Cheilosia lasiopa,0
NN7911,Cheilosia latifrons,0
NN7911,Cheilosia pagana,0
NN7911,Cheilosia proxima,0
NN7911,Cheilosia soror,0
NN7911,Cheilosia vernalis,0
NN7911,Chelostoma campanularum,0
NN7911,Chrysogaster cemiteriorum,0
NN7911,Chrysogaster virescens,0
NN7911,Chrysotoxum arcuatum,0
NN7911,Chrysotoxum bicinctum,0
NN7911,Chrysotoxum festivum,0
NN7911,Chrysotoxum verralli,0
NN7911,Coelioxys elongata,0
NN7911,Coelioxys inermis,0
NN7911,Colletes similis,0
NN7911,Colletes succinctus,0
NN7911,Dasypoda hirtipes,0
NN7911,Dasysyrphus albostriatus,0
NN7911,Dasysyrphus neovenustus,0
NN7911,Dasysyrphus tricinctus,0
NN7911,Dasysyrphus venustus,0
NN7911,Epistrophe grossulariae,0
NN7911,Episyrphus balteatus,0
NN7911,Eristalinus aeneus,0
NN7911,Eristalinus sepulchralis,0
NN7911,Eristalis abusiva,0
NN7911,Eristalis abusivus,0
NN7911,Eristalis arbustorum,3
NN7911,Eristalis horticola,0
NN7911,Eristalis intricaria,0
NN7911,Eristalis intricarius,0
NN7911,Eristalis nemorum,0
NN7911,Eristalis pertinax,0
NN7911,Eristalis rupium,0
NN7911,Eristalis tenax,2
NN7911,Eucera longicornis,0
NN7911,Eumerus funeralis,0
NN7911,Eumerus ornatus,0
NN7911,Eumerus strigatus,0
NN7911,Eupeodes corollae,1
NN7911,Eupeodes latifasciatus,0
NN7911,Eupeodes luniger,1
NN7911,Ferdinandea cuprea,0
NN7911,Halictus confusus,0
NN7911,Halictus eurygnathus,0
NN7911,Halictus rubicundus,0
NN7911,Halictus tumulorum,0
NN7911,Helophilus hybridus,0
NN7911,Helophilus pendulus,1
NN7911,Helophilus trivittatus,0
NN7911,Hylaeus brevicornis,0
NN7911,Hylaeus communis,0
NN7911,Hylaeus confusus,0
NN7911,Hylaeus dilatatus,0
NN7911,Hylaeus hyalinatus,0
NN7911,Hylaeus pectoralis,0
NN7911,Lasioglossum albipes,0
NN7911,Lasioglossum calceatum,0
NN7911,Lasioglossum cupromicans,0
NN7911,Lasioglossum fratellum,0
NN7911,Lasioglossum fulvicorne,0
NN7911,Lasioglossum laevigatum,0
NN7911,Lasioglossum lativentre,0
NN7911,Lasioglossum leucopus,0
NN7911,Lasioglossum leucozonium,0
NN7911,Lasioglossum malachurum,0
NN7911,Lasioglossum minutissimum,0
NN7911,Lasioglossum morio,0
NN7911,Lasioglossum parvulum,0
NN7911,Lasioglossum pauperatum,0
NN7911,Lasioglossum pauxillum,0
NN7911,Lasioglossum punctatissimum,0
NN7911,Lasioglossum puncticolle,0
NN7911,Lasioglossum quadrinotatum,0
NN7911,Lasioglossum rufitarse,0
NN7911,Lasioglossum smeathmanellum,0
NN7911,Lasioglossum villosulum,0
NN7911,Lasioglossum xanthopus,0
NN7911,Lasioglossum zonulum,0
NN7911,Lejogaster metallina,0
NN7911,Leucozona glaucia,0
NN7911,Leucozona laternaria,0
NN7911,Macropis europaea,0
NN7911,Megachile centuncularis,0
NN7911,Megachile ligniseca,0
NN7911,Megachile versicolor,0
NN7911,Megachile willughbiella,0
NN7911,Melangyna cincta,0
NN7911,Melangyna labiatarum,0
NN7911,Melangyna lasiophthalma,0
NN7911,Melangyna umbellatarum,0
NN7911,Melanogaster aerosa,0
NN7911,Melanogaster hirtella,2
NN7911,Melanostoma form,1
NN7911,Melanostoma mellinum,3
NN7911,Melanostoma scalare,1
NN7911,Meliscaeva auricollis,0
NN7911,Meliscaeva cinctella,0
NN7911,Melitta leporina,0
NN7911,Merodon equestris,0
NN7911,Myathropa florea,0
NN7911,Neoascia geniculata,0
NN7911,Neoascia meticulosa,0
NN7911,Neoascia podagrica,0
NN7911,Neoascia tenur,0
NN7911,Nomada fabriciana,0
NN7911,Nomada flava,0
NN7911,Nomada flavoguttata,0
NN7911,Nomada flavopicta,0
NN7911,Nomada fucata,0
NN7911,Nomada goodeniana,0
NN7911,Nomada lathburiana,0
NN7911,Nomada marshamella,1
NN7911,Nomada obtusifrons,0
NN7911,Nomada panzeri,0
NN7911,Nomada ruficornis,0
NN7911,Nomada striata,0
NN7911,Orthonevra nobilis,0
NN7911,Osmia bicolor,0
NN7911,Osmia bicornis,0
NN7911,Osmia caerulescens,0
NN7911,Osmia leaiana,0
NN7911,Osmia spinulosa,0
NN7911,Panurgus banksianus,0
NN7911,Panurgus calcaratus,0
NN7911,Parasyrphus punctulatus,0
NN7911,Parhelophilus frutetorum,0
NN7911,Parhelophilus versicolor,0
NN7911,Pipiza bimaculata,0
NN7911,Pipizella viduata,3
NN7911,Platycheirus albimanus,3
NN7911,Platycheirus clypeatus,0
NN7911,Platycheirus granditarsus,0
NN7911,Platycheirus manicatus,0
NN7911,Platycheirus nielseni,0
NN7911,Platycheirus peltatus,0
NN7911,Platycheirus ramsarensis,0
NN7911,Platycheirus rosarum,0
NN7911,Platycheirus scutatus,0
NN7911,Platycheirus tarsalis,0
NN7911,Rhingia campestris,0
NN7911,Rhingia rostrata,0
NN7911,Riponnensia splendens,0
NN7911,Scaeva pyrastri,2
NN7911,Scaeva selenitica,0
NN7911,Sericomyia lappona,0
NN7911,Sericomyia silentis,0
NN7911,Sericomyia superbiens,0
NN7911,Sphaerophoria fatarum,0
NN7911,Sphaerophoria interrupta,0
NN7911,Sphaerophoria philanthus,0
NN7911,Sphaerophoria rueppellii,0
NN7911,Sphaerophoria scripta,0
NN7911,Sphaerophoria taeniata,0
NN7911,Sphecodes crassus,0
NN7911,Sphecodes ephippius,0
NN7911,Sphecodes ferruginatus,0
NN7911,Sphecodes geoffrellus,0
NN7911,Sphecodes monilicornis,0
NN7911,Sphecodes niger,0
NN7911,Sphegina clunipes,0
NN7911,Syritta pipiens,0
NN7911,Syrphus rectus,0
NN7911,Syrphus ribesii,2
NN7911,Syrphus torvus,0
NN7911,Syrphus vitripennis,0
NN7911,Tropidia scita,0
NN7911,Volucella bombylans,0
NN7911,Volucella inanis,0
NN7911,Volucella inflata,0
NN7911,Volucella pellucens,0
NN7911,Xanthogramma pedissequum,0
NN7911,Xanthogramma stackelbergi,0
NN7911,Xylota abiens,0
NN7911,Xylota jakutorum,0
NN7911,Xylota segnis,1
NN7911,Xylota sylvarum,0
NN8369,Anasimyia contracta,0
NN8369,Anasimyia lineata,0
NN8369,Anasimyia transfuga,0
NN8369,Andrena alfkenella,0
NN8369,Andrena angustior,0
NN8369,Andrena bicolor,0
NN8369,Andrena bucephala,0
NN8369,Andrena chrysosceles,0
NN8369,Andrena cineraria,0
NN8369,Andrena coitana,0
NN8369,Andrena denticulata,0
NN8369,Andrena dorsata,0
NN8369,Andrena flavipes,0
NN8369,Andrena fucata,0
NN8369,Andrena fulva,0
NN8369,Andrena haemorrhoa,0
NN8369,Andrena helvola,0
NN8369,Andrena humilis,0
NN8369,Andrena lapponica,0
NN8369,Andrena minutula,0
NN8369,Andrena nigriceps,0
NN8369,Andrena nigroaenea,0
NN8369,Andrena nitida,0
NN8369,Andrena scotica,0
NN8369,Andrena semilaevis,0
NN8369,Andrena subopaca,0
NN8369,Andrena synadelpha,0
NN8369,Andrena tarsata,0
NN8369,Andrena thoracica,0
NN8369,Andrena trimmerana,0
NN8369,Andrena wilkella,0
NN8369,Anthidium manicatum,0
NN8369,Anthophora furcata,0
NN8369,Anthophora plumipes,0
NN8369,Apis mellifera,0
NN8369,Arctophila superbiens,0
NN8369,Bombus barbutellus,0
NN8369,Bombus bohemicus,0
NN8369,Bombus campestris,0
NN8369,Bombus hortorum,0
NN8369,Bombus humilis,0
NN8369,Bombus hypnorum,0
NN8369,Bombus jonellus,2
NN8369,Bombus lapidarius,0
NN8369,Bombus lucorum,1
NN8369,Bombus monticola,0
NN8369,Bombus muscorum,1
NN8369,Bombus pascuorum,0
NN8369,Bombus pratorum,0
NN8369,Bombus ruderarius,0
NN8369,Bombus ruderatus,0
NN8369,Bombus rupestris,0
NN8369,Bombus soroeensis,0
NN8369,Bombus sylvestris,0
NN8369,Bombus terrestris,0
NN8369,Bombus vestalis,0
NN8369,Chalcosyrphus nemorum,0
NN8369,Cheilosia albitarsis,0
NN8369,Cheilosia bergenstammi,0
NN8369,Cheilosia fraterna,0
NN8369,Cheilosia illustrata,0
NN8369,Cheilosia lasiopa,0
NN8369,Cheilosia latifrons,0
NN8369,Cheilosia pagana,0
NN8369,Cheilosia proxima,0
NN8369,Cheilosia soror,0
NN8369,Cheilosia vernalis,0
NN8369,Chelostoma campanularum,0
NN8369,Chrysogaster cemiteriorum,0
NN8369,Chrysogaster virescens,0
NN8369,Chrysotoxum arcuatum,0
NN8369,Chrysotoxum bicinctum,0
NN8369,Chrysotoxum festivum,0
NN8369,Chrysotoxum verralli,0
NN8369,Coelioxys elongata,0
NN8369,Coelioxys inermis,0
NN8369,Colletes similis,0
NN8369,Colletes succinctus,0
NN8369,Dasypoda hirtipes,0
NN8369,Dasysyrphus albostriatus,0
NN8369,Dasysyrphus neovenustus,0
NN8369,Dasysyrphus tricinctus,0
NN8369,Dasysyrphus venustus,0
NN8369,Epistrophe grossulariae,0
NN8369,Episyrphus balteatus,1
NN8369,Eristalinus aeneus,0
NN8369,Eristalinus sepulchralis,0
NN8369,Eristalis abusiva,0
NN8369,Eristalis abusivus,0
NN8369,Eristalis arbustorum,0
NN8369,Eristalis horticola,0
NN8369,Eristalis intricaria,0
NN8369,Eristalis intricarius,0
NN8369,Eristalis nemorum,0
NN8369,Eristalis pertinax,0
NN8369,Eristalis rupium,0
NN8369,Eristalis tenax,0
NN8369,Eucera longicornis,0
NN8369,Eumerus funeralis,0
NN8369,Eumerus ornatus,0
NN8369,Eumerus strigatus,0
NN8369,Eupeodes corollae,0
NN8369,Eupeodes latifasciatus,0
NN8369,Eupeodes luniger,0
NN8369,Ferdinandea cuprea,0
NN8369,Halictus confusus,0
NN8369,Halictus eurygnathus,0
NN8369,Halictus rubicundus,0
NN8369,Halictus tumulorum,0
NN8369,Helophilus hybridus,0
NN8369,Helophilus pendulus,0
NN8369,Helophilus trivittatus,0
NN8369,Hylaeus brevicornis,0
NN8369,Hylaeus communis,0
NN8369,Hylaeus confusus,0
NN8369,Hylaeus dilatatus,0
NN8369,Hylaeus hyalinatus,0
NN8369,Hylaeus pectoralis,0
NN8369,Lasioglossum albipes,0
NN8369,Lasioglossum calceatum,0
NN8369,Lasioglossum cupromicans,0
NN8369,Lasioglossum fratellum,0
NN8369,Lasioglossum fulvicorne,0
NN8369,Lasioglossum laevigatum,0
NN8369,Lasioglossum lativentre,0
NN8369,Lasioglossum leucopus,0
NN8369,Lasioglossum leucozonium,0
NN8369,Lasioglossum malachurum,0
NN8369,Lasioglossum minutissimum,0
NN8369,Lasioglossum morio,0
NN8369,Lasioglossum parvulum,0
NN8369,Lasioglossum pauperatum,0
NN8369,Lasioglossum pauxillum,0
NN8369,Lasioglossum punctatissimum,0
NN8369,Lasioglossum puncticolle,0
NN8369,Lasioglossum quadrinotatum,0
NN8369,Lasioglossum rufitarse,0
NN8369,Lasioglossum smeathmanellum,0
NN8369,Lasioglossum villosulum,0
NN8369,Lasioglossum xanthopus,0
NN8369,Lasioglossum zonulum,0
NN8369,Lejogaster metallina,0
NN8369,Leucozona glaucia,0
NN8369,Leucozona laternaria,0
NN8369,Macropis europaea,0
NN8369,Megachile centuncularis,0
NN8369,Megachile ligniseca,0
NN8369,Megachile versicolor,0
NN8369,Megachile willughbiella,0
NN8369,Melangyna cincta,0
NN8369,Melangyna labiatarum,0
NN8369,Melangyna lasiophthalma,0
NN8369,Melangyna umbellatarum,0
NN8369,Melanogaster aerosa,0
NN8369,Melanogaster hirtella,0
NN8369,Melanostoma form,0
NN8369,Melanostoma mellinum,0
NN8369,Melanostoma scalare,0
NN8369,Meliscaeva auricollis,0
NN8369,Meliscaeva cinctella,0
NN8369,Melitta leporina,0
NN8369,Merodon equestris,0
NN8369,Myathropa florea,0
NN8369,Neoascia geniculata,0
NN8369,Neoascia meticulosa,0
NN8369,Neoascia podagrica,0
NN8369,Neoascia tenur,0
NN8369,Nomada fabriciana,0
NN8369,Nomada flava,0
NN8369,Nomada flavoguttata,0
NN8369,Nomada flavopicta,0
NN8369,Nomada fucata,0
NN8369,Nomada goodeniana,0
NN8369,Nomada lathburiana,0
NN8369,Nomada marshamella,0
NN8369,Nomada obtusifrons,0
NN8369,Nomada panzeri,0
NN8369,Nomada ruficornis,0
NN8369,Nomada striata,0
NN8369,Orthonevra nobilis,0
NN8369,Osmia bicolor,0
NN8369,Osmia bicornis,0
NN8369,Osmia caerulescens,0
NN8369,Osmia leaiana,0
NN8369,Osmia spinulosa,0
NN8369,Panurgus banksianus,0
NN8369,Panurgus calcaratus,0
NN8369,Parasyrphus punctulatus,0
NN8369,Parhelophilus frutetorum,0
NN8369,Parhelophilus versicolor,0
NN8369,Pipiza bimaculata,0
NN8369,Pipizella viduata,0
NN8369,Platycheirus albimanus,0
NN8369,Platycheirus clypeatus,0
NN8369,Platycheirus granditarsus,0
NN8369,Platycheirus manicatus,0
NN8369,Platycheirus nielseni,0
NN8369,Platycheirus peltatus,0
NN8369,Platycheirus ramsarensis,0
NN8369,Platycheirus rosarum,0
NN8369,Platycheirus scutatus,0
NN8369,Platycheirus tarsalis,0
NN8369,Rhingia campestris,0
NN8369,Rhingia rostrata,0
NN8369,Riponnensia splendens,0
NN8369,Scaeva pyrastri,0
NN8369,Scaeva selenitica,0
NN8369,Sericomyia lappona,0
NN8369,Sericomyia silentis,5
NN8369,Sericomyia superbiens,0
NN8369,Sphaerophoria fatarum,0
NN8369,Sphaerophoria interrupta,0
NN8369,Sphaerophoria philanthus,0
NN8369,Sphaerophoria rueppellii,0
NN8369,Sphaerophoria scripta,0
NN8369,Sphaerophoria taeniata,0
NN8369,Sphecodes crassus,0
NN8369,Sphecodes ephippius,0
NN8369,Sphecodes ferruginatus,0
NN8369,Sphecodes geoffrellus,0
NN8369,Sphecodes monilicornis,0
NN8369,Sphecodes niger,0
NN8369,Sphegina clunipes,0
NN8369,Syritta pipiens,0
NN8369,Syrphus rectus,0
NN8369,Syrphus ribesii,0
NN8369,Syrphus torvus,0
NN8369,Syrphus vitripennis,1
NN8369,Tropidia scita,0
NN8369,Volucella bombylans,0
NN8369,Volucella inanis,0
NN8369,Volucella inflata,0
NN8369,Volucella pellucens,0
NN8369,Xanthogramma pedissequum,0
NN8369,Xanthogramma stackelbergi,0
NN8369,Xylota abiens,0
NN8369,Xylota jakutorum,0
NN8369,Xylota segnis,0
NN8369,Xylota sylvarum,0
NN8497,Anasimyia contracta,0
NN8497,Anasimyia lineata,0
NN8497,Anasimyia transfuga,0
NN8497,Andrena alfkenella,0
NN8497,Andrena angustior,0
NN8497,Andrena bicolor,0
NN8497,Andrena bucephala,0
NN8497,Andrena chrysosceles,0
NN8497,Andrena cineraria,0
NN8497,Andrena coitana,0
NN8497,Andrena denticulata,0
NN8497,Andrena dorsata,0
NN8497,Andrena flavipes,0
NN8497,Andrena fucata,0
NN8497,Andrena fulva,0
NN8497,Andrena haemorrhoa,0
NN8497,Andrena helvola,0
NN8497,Andrena humilis,0
NN8497,Andrena lapponica,0
NN8497,Andrena minutula,0
NN8497,Andrena nigriceps,0
NN8497,Andrena nigroaenea,0
NN8497,Andrena nitida,0
NN8497,Andrena scotica,0
NN8497,Andrena semilaevis,0
NN8497,Andrena subopaca,0
NN8497,Andrena synadelpha,0
NN8497,Andrena tarsata,0
NN8497,Andrena thoracica,0
NN8497,Andrena trimmerana,0
NN8497,Andrena wilkella,0
NN8497,Anthidium manicatum,0
NN8497,Anthophora furcata,0
NN8497,Anthophora plumipes,0
NN8497,Apis mellifera,0
NN8497,Arctophila superbiens,0
NN8497,Bombus barbutellus,0
NN8497,Bombus bohemicus,0
NN8497,Bombus campestris,0
NN8497,Bombus hortorum,0
NN8497,Bombus humilis,0
NN8497,Bombus hypnorum,0
NN8497,Bombus jonellus,3
NN8497,Bombus lapidarius,0
NN8497,Bombus lucorum,6
NN8497,Bombus monticola,22
NN8497,Bombus muscorum,0
NN8497,Bombus pascuorum,0
NN8497,Bombus pratorum,1
NN8497,Bombus ruderarius,0
NN8497,Bombus ruderatus,0
NN8497,Bombus rupestris,0
NN8497,Bombus soroeensis,1
NN8497,Bombus sylvestris,1
NN8497,Bombus terrestris,0
NN8497,Bombus vestalis,0
NN8497,Chalcosyrphus nemorum,0
NN8497,Cheilosia albitarsis,0
NN8497,Cheilosia bergenstammi,0
NN8497,Cheilosia fraterna,0
NN8497,Cheilosia illustrata,0
NN8497,Cheilosia lasiopa,0
NN8497,Cheilosia latifrons,0
NN8497,Cheilosia pagana,0
NN8497,Cheilosia proxima,0
NN8497,Cheilosia soror,0
NN8497,Cheilosia vernalis,0
NN8497,Chelostoma campanularum,0
NN8497,Chrysogaster cemiteriorum,0
NN8497,Chrysogaster virescens,0
NN8497,Chrysotoxum arcuatum,0
NN8497,Chrysotoxum bicinctum,0
NN8497,Chrysotoxum festivum,0
NN8497,Chrysotoxum verralli,0
NN8497,Coelioxys elongata,0
NN8497,Coelioxys inermis,0
NN8497,Colletes similis,0
NN8497,Colletes succinctus,0
NN8497,Dasypoda hirtipes,0
NN8497,Dasysyrphus albostriatus,0
NN8497,Dasysyrphus neovenustus,1
NN8497,Dasysyrphus tricinctus,0
NN8497,Dasysyrphus venustus,0
NN8497,Epistrophe grossulariae,0
NN8497,Episyrphus balteatus,0
NN8497,Eristalinus aeneus,0
NN8497,Eristalinus sepulchralis,0
NN8497,Eristalis abusiva,0
NN8497,Eristalis abusivus,0
NN8497,Eristalis arbustorum,0
NN8497,Eristalis horticola,0
NN8497,Eristalis intricaria,0
NN8497,Eristalis intricarius,0
NN8497,Eristalis nemorum,0
NN8497,Eristalis pertinax,5
NN8497,Eristalis rupium,0
NN8497,Eristalis tenax,0
NN8497,Eucera longicornis,0
NN8497,Eumerus funeralis,0
NN8497,Eumerus ornatus,0
NN8497,Eumerus strigatus,0
NN8497,Eupeodes corollae,0
NN8497,Eupeodes latifasciatus,0
NN8497,Eupeodes luniger,0
NN8497,Ferdinandea cuprea,0
NN8497,Halictus confusus,0
NN8497,Halictus eurygnathus,0
NN8497,Halictus rubicundus,0
NN8497,Halictus tumulorum,0
NN8497,Helophilus hybridus,0
NN8497,Helophilus pendulus,0
NN8497,Helophilus trivittatus,0
NN8497,Hylaeus brevicornis,0
NN8497,Hylaeus communis,0
NN8497,Hylaeus confusus,0
NN8497,Hylaeus dilatatus,0
NN8497,Hylaeus hyalinatus,0
NN8497,Hylaeus pectoralis,0
NN8497,Lasioglossum albipes,0
NN8497,Lasioglossum calceatum,0
NN8497,Lasioglossum cupromicans,0
NN8497,Lasioglossum fratellum,4
NN8497,Lasioglossum fulvicorne,0
NN8497,Lasioglossum laevigatum,0
NN8497,Lasioglossum lativentre,0
NN8497,Lasioglossum leucopus,0
NN8497,Lasioglossum leucozonium,0
NN8497,Lasioglossum malachurum,0
NN8497,Lasioglossum minutissimum,0
NN8497,Lasioglossum morio,0
NN8497,Lasioglossum parvulum,0
NN8497,Lasioglossum pauperatum,0
NN8497,Lasioglossum pauxillum,0
NN8497,Lasioglossum punctatissimum,0
NN8497,Lasioglossum puncticolle,0
NN8497,Lasioglossum quadrinotatum,0
NN8497,Lasioglossum rufitarse,0
NN8497,Lasioglossum smeathmanellum,0
NN8497,Lasioglossum villosulum,0
NN8497,Lasioglossum xanthopus,0
NN8497,Lasioglossum zonulum,0
NN8497,Lejogaster metallina,0
NN8497,Leucozona glaucia,0
NN8497,Leucozona laternaria,0
NN8497,Macropis europaea,0
NN8497,Megachile centuncularis,0
NN8497,Megachile ligniseca,0
NN8497,Megachile versicolor,0
NN8497,Megachile willughbiella,0
NN8497,Melangyna cincta,0
NN8497,Melangyna labiatarum,0
NN8497,Melangyna lasiophthalma,0
NN8497,Melangyna umbellatarum,0
NN8497,Melanogaster aerosa,0
NN8497,Melanogaster hirtella,1
NN8497,Melanostoma form,0
NN8497,Melanostoma mellinum,0
NN8497,Melanostoma scalare,0
NN8497,Meliscaeva auricollis,0
NN8497,Meliscaeva cinctella,9
NN8497,Melitta leporina,0
NN8497,Merodon equestris,0
NN8497,Myathropa florea,0
NN8497,Neoascia geniculata,0
NN8497,Neoascia meticulosa,0
NN8497,Neoascia podagrica,4
NN8497,Neoascia tenur,1
NN8497,Nomada fabriciana,0
NN8497,Nomada flava,0
NN8497,Nomada flavoguttata,0
NN8497,Nomada flavopicta,0
NN8497,Nomada fucata,0
NN8497,Nomada goodeniana,0
NN8497,Nomada lathburiana,0
NN8497,Nomada marshamella,0
NN8497,Nomada obtusifrons,0
NN8497,Nomada panzeri,0
NN8497,Nomada ruficornis,0
NN8497,Nomada striata,0
NN8497,Orthonevra nobilis,0
NN8497,Osmia bicolor,0
NN8497,Osmia bicornis,0
NN8497,Osmia caerulescens,0
NN8497,Osmia leaiana,0
NN8497,Osmia spinulosa,0
NN8497,Panurgus banksianus,0
NN8497,Panurgus calcaratus,0
NN8497,Parasyrphus punctulatus,0
NN8497,Parhelophilus frutetorum,0
NN8497,Parhelophilus versicolor,0
NN8497,Pipiza bimaculata,0
NN8497,Pipizella viduata,0
NN8497,Platycheirus albimanus,1
NN8497,Platycheirus clypeatus,0
NN8497,Platycheirus granditarsus,0
NN8497,Platycheirus manicatus,0
NN8497,Platycheirus nielseni,1
NN8497,Platycheirus peltatus,1
NN8497,Platycheirus ramsarensis,0
NN8497,Platycheirus rosarum,0
NN8497,Platycheirus scutatus,0
NN8497,Platycheirus tarsalis,0
NN8497,Rhingia campestris,1
NN8497,Rhingia rostrata,0
NN8497,Riponnensia splendens,0
NN8497,Scaeva pyrastri,0
NN8497,Scaeva selenitica,0
NN8497,Sericomyia lappona,2
NN8497,Sericomyia silentis,22
NN8497,Sericomyia superbiens,0
NN8497,Sphaerophoria fatarum,0
NN8497,Sphaerophoria interrupta,0
NN8497,Sphaerophoria philanthus,2
NN8497,Sphaerophoria rueppellii,0
NN8497,Sphaerophoria scripta,0
NN8497,Sphaerophoria taeniata,0
NN8497,Sphecodes crassus,0
NN8497,Sphecodes ephippius,0
NN8497,Sphecodes ferruginatus,0
NN8497,Sphecodes geoffrellus,0
NN8497,Sphecodes monilicornis,0
NN8497,Sphecodes niger,0
NN8497,Sphegina clunipes,2
NN8497,Syritta pipiens,0
NN8497,Syrphus rectus,0
NN8497,Syrphus ribesii,3
NN8497,Syrphus torvus,1
NN8497,Syrphus vitripennis,0
NN8497,Tropidia scita,0
NN8497,Volucella bombylans,1
NN8497,Volucella inanis,0
NN8497,Volucella inflata,0
NN8497,Volucella pellucens,0
NN8497,Xanthogramma pedissequum,0
NN8497,Xanthogramma stackelbergi,0
NN8497,Xylota abiens,0
NN8497,Xylota jakutorum,14
NN8497,Xylota segnis,23
NN8497,Xylota sylvarum,0
NN8664,Anasimyia contracta,0
NN8664,Anasimyia lineata,0
NN8664,Anasimyia transfuga,0
NN8664,Andrena alfkenella,0
NN8664,Andrena angustior,0
NN8664,Andrena bicolor,0
NN8664,Andrena bucephala,0
NN8664,Andrena chrysosceles,0
NN8664,Andrena cineraria,0
NN8664,Andrena coitana,0
NN8664,Andrena denticulata,0
NN8664,Andrena dorsata,0
NN8664,Andrena flavipes,0
NN8664,Andrena fucata,0
NN8664,Andrena fulva,0
NN8664,Andrena haemorrhoa,0
NN8664,Andrena helvola,0
NN8664,Andrena humilis,0
NN8664,Andrena lapponica,0
NN8664,Andrena minutula,0
NN8664,Andrena nigriceps,0
NN8664,Andrena nigroaenea,0
NN8664,Andrena nitida,0
NN8664,Andrena scotica,0
NN8664,Andrena semilaevis,0
NN8664,Andrena subopaca,0
NN8664,Andrena synadelpha,0
NN8664,Andrena tarsata,0
NN8664,Andrena thoracica,0
NN8664,Andrena trimmerana,0
NN8664,Andrena wilkella,0
NN8664,Anthidium manicatum,0
NN8664,Anthophora furcata,0
NN8664,Anthophora plumipes,0
NN8664,Apis mellifera,1
NN8664,Arctophila superbiens,0
NN8664,Bombus barbutellus,0
NN8664,Bombus bohemicus,7
NN8664,Bombus campestris,6
NN8664,Bombus hortorum,2
NN8664,Bombus humilis,0
NN8664,Bombus hypnorum,0
NN8664,Bombus jonellus,14
NN8664,Bombus lapidarius,1
NN8664,Bombus lucorum,27
NN8664,Bombus monticola,0
NN8664,Bombus muscorum,1
NN8664,Bombus pascuorum,2
NN8664,Bombus pratorum,0
NN8664,Bombus ruderarius,0
NN8664,Bombus ruderatus,0
NN8664,Bombus rupestris,0
NN8664,Bombus soroeensis,20
NN8664,Bombus sylvestris,0
NN8664,Bombus terrestris,0
NN8664,Bombus vestalis,0
NN8664,Chalcosyrphus nemorum,0
NN8664,Cheilosia albitarsis,0
NN8664,Cheilosia bergenstammi,0
NN8664,Cheilosia fraterna,0
NN8664,Cheilosia illustrata,0
NN8664,Cheilosia lasiopa,0
NN8664,Cheilosia latifrons,0
NN8664,Cheilosia pagana,0
NN8664,Cheilosia proxima,0
NN8664,Cheilosia soror,0
NN8664,Cheilosia vernalis,0
NN8664,Chelostoma campanularum,0
NN8664,Chrysogaster cemiteriorum,0
NN8664,Chrysogaster virescens,0
NN8664,Chrysotoxum arcuatum,0
NN8664,Chrysotoxum bicinctum,0
NN8664,Chrysotoxum festivum,0
NN8664,Chrysotoxum verralli,0
NN8664,Coelioxys elongata,0
NN8664,Coelioxys inermis,0
NN8664,Colletes similis,0
NN8664,Colletes succinctus,1
NN8664,Dasypoda hirtipes,0
NN8664,Dasysyrphus albostriatus,0
NN8664,Dasysyrphus neovenustus,0
NN8664,Dasysyrphus tricinctus,0
NN8664,Dasysyrphus venustus,2
NN8664,Epistrophe grossulariae,0
NN8664,Episyrphus balteatus,0
NN8664,Eristalinus aeneus,0
NN8664,Eristalinus sepulchralis,0
NN8664,Eristalis abusiva,0
NN8664,Eristalis abusivus,0
NN8664,Eristalis arbustorum,1
NN8664,Eristalis horticola,0
NN8664,Eristalis intricaria,0
NN8664,Eristalis intricarius,0
NN8664,Eristalis nemorum,0
NN8664,Eristalis pertinax,8
NN8664,Eristalis rupium,0
NN8664,Eristalis tenax,1
NN8664,Eucera longicornis,0
NN8664,Eumerus funeralis,0
NN8664,Eumerus ornatus,0
NN8664,Eumerus strigatus,0
NN8664,Eupeodes corollae,0
NN8664,Eupeodes latifasciatus,0
NN8664,Eupeodes luniger,0
NN8664,Ferdinandea cuprea,0
NN8664,Halictus confusus,0
NN8664,Halictus eurygnathus,0
NN8664,Halictus rubicundus,0
NN8664,Halictus tumulorum,0
NN8664,Helophilus hybridus,0
NN8664,Helophilus pendulus,4
NN8664,Helophilus trivittatus,0
NN8664,Hylaeus brevicornis,0
NN8664,Hylaeus communis,0
NN8664,Hylaeus confusus,0
NN8664,Hylaeus dilatatus,0
NN8664,Hylaeus hyalinatus,0
NN8664,Hylaeus pectoralis,0
NN8664,Lasioglossum albipes,0
NN8664,Lasioglossum calceatum,0
NN8664,Lasioglossum cupromicans,0
NN8664,Lasioglossum fratellum,0
NN8664,Lasioglossum fulvicorne,0
NN8664,Lasioglossum laevigatum,0
NN8664,Lasioglossum lativentre,0
NN8664,Lasioglossum leucopus,0
NN8664,Lasioglossum leucozonium,0
NN8664,Lasioglossum malachurum,0
NN8664,Lasioglossum minutissimum,0
NN8664,Lasioglossum morio,0
NN8664,Lasioglossum parvulum,0
NN8664,Lasioglossum pauperatum,0
NN8664,Lasioglossum pauxillum,0
NN8664,Lasioglossum punctatissimum,0
NN8664,Lasioglossum puncticolle,0
NN8664,Lasioglossum quadrinotatum,0
NN8664,Lasioglossum rufitarse,0
NN8664,Lasioglossum smeathmanellum,0
NN8664,Lasioglossum villosulum,0
NN8664,Lasioglossum xanthopus,0
NN8664,Lasioglossum zonulum,0
NN8664,Lejogaster metallina,0
NN8664,Leucozona glaucia,0
NN8664,Leucozona laternaria,0
NN8664,Macropis europaea,0
NN8664,Megachile centuncularis,0
NN8664,Megachile ligniseca,0
NN8664,Megachile versicolor,0
NN8664,Megachile willughbiella,0
NN8664,Melangyna cincta,0
NN8664,Melangyna labiatarum,0
NN8664,Melangyna lasiophthalma,0
NN8664,Melangyna umbellatarum,0
NN8664,Melanogaster aerosa,0
NN8664,Melanogaster hirtella,0
NN8664,Melanostoma form,0
NN8664,Melanostoma mellinum,0
NN8664,Melanostoma scalare,0
NN8664,Meliscaeva auricollis,0
NN8664,Meliscaeva cinctella,0
NN8664,Melitta leporina,0
NN8664,Merodon equestris,0
NN8664,Myathropa florea,0
NN8664,Neoascia geniculata,0
NN8664,Neoascia meticulosa,0
NN8664,Neoascia podagrica,0
NN8664,Neoascia tenur,0
NN8664,Nomada fabriciana,0
NN8664,Nomada flava,0
NN8664,Nomada flavoguttata,0
NN8664,Nomada flavopicta,0
NN8664,Nomada fucata,0
NN8664,Nomada goodeniana,0
NN8664,Nomada lathburiana,0
NN8664,Nomada marshamella,0
NN8664,Nomada obtusifrons,0
NN8664,Nomada panzeri,0
NN8664,Nomada ruficornis,0
NN8664,Nomada striata,0
NN8664,Orthonevra nobilis,0
NN8664,Osmia bicolor,0
NN8664,Osmia bicornis,0
NN8664,Osmia caerulescens,0
NN8664,Osmia leaiana,0
NN8664,Osmia spinulosa,0
NN8664,Panurgus banksianus,0
NN8664,Panurgus calcaratus,0
NN8664,Parasyrphus punctulatus,0
NN8664,Parhelophilus frutetorum,0
NN8664,Parhelophilus versicolor,0
NN8664,Pipiza bimaculata,0
NN8664,Pipizella viduata,0
NN8664,Platycheirus albimanus,6
NN8664,Platycheirus clypeatus,0
NN8664,Platycheirus granditarsus,0
NN8664,Platycheirus manicatus,0
NN8664,Platycheirus nielseni,0
NN8664,Platycheirus peltatus,0
NN8664,Platycheirus ramsarensis,0
NN8664,Platycheirus rosarum,0
NN8664,Platycheirus scutatus,0
NN8664,Platycheirus tarsalis,0
NN8664,Rhingia campestris,0
NN8664,Rhingia rostrata,0
NN8664,Riponnensia splendens,0
NN8664,Scaeva pyrastri,0
NN8664,Scaeva selenitica,0
NN8664,Sericomyia lappona,2
NN8664,Sericomyia silentis,7
NN8664,Sericomyia superbiens,0
NN8664,Sphaerophoria fatarum,0
NN8664,Sphaerophoria interrupta,0
NN8664,Sphaerophoria philanthus,0
NN8664,Sphaerophoria rueppellii,0
NN8664,Sphaerophoria scripta,0
NN8664,Sphaerophoria taeniata,0
NN8664,Sphecodes crassus,0
NN8664,Sphecodes ephippius,0
NN8664,Sphecodes ferruginatus,0
NN8664,Sphecodes geoffrellus,0
NN8664,Sphecodes monilicornis,0
NN8664,Sphecodes niger,0
NN8664,Sphegina clunipes,0
NN8664,Syritta pipiens,0
NN8664,Syrphus rectus,0
NN8664,Syrphus ribesii,6
NN8664,Syrphus torvus,1
NN8664,Syrphus vitripennis,3
NN8664,Tropidia scita,0
NN8664,Volucella bombylans,0
NN8664,Volucella inanis,0
NN8664,Volucella inflata,0
NN8664,Volucella pellucens,0
NN8664,Xanthogramma pedissequum,0
NN8664,Xanthogramma stackelbergi,0
NN8664,Xylota abiens,0
NN8664,Xylota jakutorum,0
NN8664,Xylota segnis,0
NN8664,Xylota sylvarum,0
NO4923,Anasimyia contracta,0
NO4923,Anasimyia lineata,0
NO4923,Anasimyia transfuga,0
NO4923,Andrena alfkenella,0
NO4923,Andrena angustior,0
NO4923,Andrena bicolor,0
NO4923,Andrena bucephala,0
NO4923,Andrena chrysosceles,0
NO4923,Andrena cineraria,0
NO4923,Andrena coitana,0
NO4923,Andrena denticulata,0
NO4923,Andrena dorsata,0
NO4923,Andrena flavipes,0
NO4923,Andrena fucata,0
NO4923,Andrena fulva,0
NO4923,Andrena haemorrhoa,0
NO4923,Andrena helvola,0
NO4923,Andrena humilis,0
NO4923,Andrena lapponica,0
NO4923,Andrena minutula,0
NO4923,Andrena nigriceps,0
NO4923,Andrena nigroaenea,0
NO4923,Andrena nitida,0
NO4923,Andrena scotica,0
NO4923,Andrena semilaevis,0
NO4923,Andrena subopaca,0
NO4923,Andrena synadelpha,0
NO4923,Andrena tarsata,0
NO4923,Andrena thoracica,0
NO4923,Andrena trimmerana,0
NO4923,Andrena wilkella,0
NO4923,Anthidium manicatum,0
NO4923,Anthophora furcata,0
NO4923,Anthophora plumipes,0
NO4923,Apis mellifera,0
NO4923,Arctophila superbiens,0
NO4923,Bombus barbutellus,0
NO4923,Bombus bohemicus,0
NO4923,Bombus campestris,0
NO4923,Bombus hortorum,2
NO4923,Bombus humilis,0
NO4923,Bombus hypnorum,0
NO4923,Bombus jonellus,0
NO4923,Bombus lapidarius,0
NO4923,Bombus lucorum,5
NO4923,Bombus monticola,0
NO4923,Bombus muscorum,0
NO4923,Bombus pascuorum,0
NO4923,Bombus pratorum,0
NO4923,Bombus ruderarius,0
NO4923,Bombus ruderatus,0
NO4923,Bombus rupestris,0
NO4923,Bombus soroeensis,0
NO4923,Bombus sylvestris,0
NO4923,Bombus terrestris,2
NO4923,Bombus vestalis,0
NO4923,Chalcosyrphus nemorum,0
NO4923,Cheilosia albitarsis,0
NO4923,Cheilosia bergenstammi,0
NO4923,Cheilosia fraterna,0
NO4923,Cheilosia illustrata,0
NO4923,Cheilosia lasiopa,0
NO4923,Cheilosia latifrons,0
NO4923,Cheilosia pagana,0
NO4923,Cheilosia proxima,0
NO4923,Cheilosia soror,0
NO4923,Cheilosia vernalis,0
NO4923,Chelostoma campanularum,0
NO4923,Chrysogaster cemiteriorum,0
NO4923,Chrysogaster virescens,0
NO4923,Chrysotoxum arcuatum,0
NO4923,Chrysotoxum bicinctum,0
NO4923,Chrysotoxum festivum,0
NO4923,Chrysotoxum verralli,0
NO4923,Coelioxys elongata,0
NO4923,Coelioxys inermis,0
NO4923,Colletes similis,0
NO4923,Colletes succinctus,0
NO4923,Dasypoda hirtipes,0
NO4923,Dasysyrphus albostriatus,0
NO4923,Dasysyrphus neovenustus,0
NO4923,Dasysyrphus tricinctus,0
NO4923,Dasysyrphus venustus,0
NO4923,Epistrophe grossulariae,0
NO4923,Episyrphus balteatus,2
NO4923,Eristalinus aeneus,0
NO4923,Eristalinus sepulchralis,0
NO4923,Eristalis abusiva,0
NO4923,Eristalis abusivus,0
NO4923,Eristalis arbustorum,0
NO4923,Eristalis horticola,0
NO4923,Eristalis intricaria,0
NO4923,Eristalis intricarius,0
NO4923,Eristalis nemorum,0
NO4923,Eristalis pertinax,0
NO4923,Eristalis rupium,0
NO4923,Eristalis tenax,0
NO4923,Eucera longicornis,0
NO4923,Eumerus funeralis,0
NO4923,Eumerus ornatus,0
NO4923,Eumerus strigatus,0
NO4923,Eupeodes corollae,1
NO4923,Eupeodes latifasciatus,0
NO4923,Eupeodes luniger,0
NO4923,Ferdinandea cuprea,0
NO4923,Halictus confusus,0
NO4923,Halictus eurygnathus,0
NO4923,Halictus rubicundus,0
NO4923,Halictus tumulorum,0
NO4923,Helophilus hybridus,0
NO4923,Helophilus pendulus,0
NO4923,Helophilus trivittatus,0
NO4923,Hylaeus brevicornis,0
NO4923,Hylaeus communis,0
NO4923,Hylaeus confusus,0
NO4923,Hylaeus dilatatus,0
NO4923,Hylaeus hyalinatus,0
NO4923,Hylaeus pectoralis,0
NO4923,Lasioglossum albipes,0
NO4923,Lasioglossum calceatum,0
NO4923,Lasioglossum cupromicans,0
NO4923,Lasioglossum fratellum,0
NO4923,Lasioglossum fulvicorne,0
NO4923,Lasioglossum laevigatum,0
NO4923,Lasioglossum lativentre,0
NO4923,Lasioglossum leucopus,0
NO4923,Lasioglossum leucozonium,0
NO4923,Lasioglossum malachurum,0
NO4923,Lasioglossum minutissimum,0
NO4923,Lasioglossum morio,0
NO4923,Lasioglossum parvulum,0
NO4923,Lasioglossum pauperatum,0
NO4923,Lasioglossum pauxillum,0
NO4923,Lasioglossum punctatissimum,0
NO4923,Lasioglossum puncticolle,0
NO4923,Lasioglossum quadrinotatum,0
NO4923,Lasioglossum rufitarse,0
NO4923,Lasioglossum smeathmanellum,0
NO4923,Lasioglossum villosulum,0
NO4923,Lasioglossum xanthopus,0
NO4923,Lasioglossum zonulum,0
NO4923,Lejogaster metallina,0
NO4923,Leucozona glaucia,0
NO4923,Leucozona laternaria,0
NO4923,Macropis europaea,0
NO4923,Megachile centuncularis,0
NO4923,Megachile ligniseca,0
NO4923,Megachile versicolor,0
NO4923,Megachile willughbiella,0
NO4923,Melangyna cincta,0
NO4923,Melangyna labiatarum,0
NO4923,Melangyna lasiophthalma,0
NO4923,Melangyna umbellatarum,0
NO4923,Melanogaster aerosa,0
NO4923,Melanogaster hirtella,0
NO4923,Melanostoma form,0
NO4923,Melanostoma mellinum,0
NO4923,Melanostoma scalare,0
NO4923,Meliscaeva auricollis,0
NO4923,Meliscaeva cinctella,0
NO4923,Melitta leporina,0
NO4923,Merodon equestris,0
NO4923,Myathropa florea,0
NO4923,Neoascia geniculata,0
NO4923,Neoascia meticulosa,0
NO4923,Neoascia podagrica,0
NO4923,Neoascia tenur,0
NO4923,Nomada fabriciana,0
NO4923,Nomada flava,0
NO4923,Nomada flavoguttata,0
NO4923,Nomada flavopicta,0
NO4923,Nomada fucata,0
NO4923,Nomada goodeniana,0
NO4923,Nomada lathburiana,0
NO4923,Nomada marshamella,0
NO4923,Nomada obtusifrons,0
NO4923,Nomada panzeri,0
NO4923,Nomada ruficornis,0
NO4923,Nomada striata,0
NO4923,Orthonevra nobilis,0
NO4923,Osmia bicolor,0
NO4923,Osmia bicornis,0
NO4923,Osmia caerulescens,0
NO4923,Osmia leaiana,0
NO4923,Osmia spinulosa,0
NO4923,Panurgus banksianus,0
NO4923,Panurgus calcaratus,0
NO4923,Parasyrphus punctulatus,0
NO4923,Parhelophilus frutetorum,0
NO4923,Parhelophilus versicolor,0
NO4923,Pipiza bimaculata,0
NO4923,Pipizella viduata,0
NO4923,Platycheirus albimanus,0
NO4923,Platycheirus clypeatus,0
NO4923,Platycheirus granditarsus,0
NO4923,Platycheirus manicatus,0
NO4923,Platycheirus nielseni,0
NO4923,Platycheirus peltatus,0
NO4923,Platycheirus ramsarensis,0
NO4923,Platycheirus rosarum,0
NO4923,Platycheirus scutatus,0
NO4923,Platycheirus tarsalis,0
NO4923,Rhingia campestris,0
NO4923,Rhingia rostrata,0
NO4923,Riponnensia splendens,0
NO4923,Scaeva pyrastri,0
NO4923,Scaeva selenitica,0
NO4923,Sericomyia lappona,0
NO4923,Sericomyia silentis,0
NO4923,Sericomyia superbiens,0
NO4923,Sphaerophoria fatarum,0
NO4923,Sphaerophoria interrupta,0
NO4923,Sphaerophoria philanthus,0
NO4923,Sphaerophoria rueppellii,0
NO4923,Sphaerophoria scripta,0
NO4923,Sphaerophoria taeniata,0
NO4923,Sphecodes crassus,0
NO4923,Sphecodes ephippius,0
NO4923,Sphecodes ferruginatus,0
NO4923,Sphecodes geoffrellus,0
NO4923,Sphecodes monilicornis,0
NO4923,Sphecodes niger,0
NO4923,Sphegina clunipes,0
NO4923,Syritta pipiens,0
NO4923,Syrphus rectus,0
NO4923,Syrphus ribesii,2
NO4923,Syrphus torvus,1
NO4923,Syrphus vitripennis,0
NO4923,Tropidia scita,0
NO4923,Volucella bombylans,0
NO4923,Volucella inanis,0
NO4923,Volucella inflata,0
NO4923,Volucella pellucens,0
NO4923,Xanthogramma pedissequum,0
NO4923,Xanthogramma stackelbergi,0
NO4923,Xylota abiens,0
NO4923,Xylota jakutorum,1
NO4923,Xylota segnis,0
NO4923,Xylota sylvarum,0
NO7495,Anasimyia contracta,0
NO7495,Anasimyia lineata,0
NO7495,Anasimyia transfuga,0
NO7495,Andrena alfkenella,0
NO7495,Andrena angustior,0
NO7495,Andrena bicolor,1
NO7495,Andrena bucephala,0
NO7495,Andrena chrysosceles,0
NO7495,Andrena cineraria,0
NO7495,Andrena coitana,0
NO7495,Andrena denticulata,0
NO7495,Andrena dorsata,0
NO7495,Andrena flavipes,0
NO7495,Andrena fucata,0
NO7495,Andrena fulva,0
NO7495,Andrena haemorrhoa,3
NO7495,Andrena helvola,0
NO7495,Andrena humilis,0
NO7495,Andrena lapponica,0
NO7495,Andrena minutula,0
NO7495,Andrena nigriceps,0
NO7495,Andrena nigroaenea,0
NO7495,Andrena nitida,0
NO7495,Andrena scotica,1
NO7495,Andrena semilaevis,0
NO7495,Andrena subopaca,0
NO7495,Andrena synadelpha,0
NO7495,Andrena tarsata,0
NO7495,Andrena thoracica,0
NO7495,Andrena trimmerana,0
NO7495,Andrena wilkella,0
NO7495,Anthidium manicatum,0
NO7495,Anthophora furcata,0
NO7495,Anthophora plumipes,0
NO7495,Apis mellifera,5
NO7495,Arctophila superbiens,0
NO7495,Bombus barbutellus,0
NO7495,Bombus bohemicus,3
NO7495,Bombus campestris,0
NO7495,Bombus hortorum,9
NO7495,Bombus humilis,0
NO7495,Bombus hypnorum,0
NO7495,Bombus jonellus,0
NO7495,Bombus lapidarius,1
NO7495,Bombus lucorum,7
NO7495,Bombus monticola,0
NO7495,Bombus muscorum,0
NO7495,Bombus pascuorum,7
NO7495,Bombus pratorum,1
NO7495,Bombus ruderarius,0
NO7495,Bombus ruderatus,0
NO7495,Bombus rupestris,0
NO7495,Bombus soroeensis,1
NO7495,Bombus sylvestris,0
NO7495,Bombus terrestris,0
NO7495,Bombus vestalis,0
NO7495,Chalcosyrphus nemorum,0
NO7495,Cheilosia albitarsis,2
NO7495,Cheilosia bergenstammi,0
NO7495,Cheilosia fraterna,0
NO7495,Cheilosia illustrata,0
NO7495,Cheilosia lasiopa,0
NO7495,Cheilosia latifrons,0
NO7495,Cheilosia pagana,0
NO7495,Cheilosia proxima,0
NO7495,Cheilosia soror,0
NO7495,Cheilosia vernalis,1
NO7495,Chelostoma campanularum,0
NO7495,Chrysogaster cemiteriorum,0
NO7495,Chrysogaster virescens,0
NO7495,Chrysotoxum arcuatum,0
NO7495,Chrysotoxum bicinctum,0
NO7495,Chrysotoxum festivum,0
NO7495,Chrysotoxum verralli,0
NO7495,Coelioxys elongata,0
NO7495,Coelioxys inermis,0
NO7495,Colletes similis,0
NO7495,Colletes succinctus,0
NO7495,Dasypoda hirtipes,0
NO7495,Dasysyrphus albostriatus,0
NO7495,Dasysyrphus neovenustus,0
NO7495,Dasysyrphus tricinctus,0
NO7495,Dasysyrphus venustus,0
NO7495,Epistrophe grossulariae,0
NO7495,Episyrphus balteatus,48
NO7495,Eristalinus aeneus,0
NO7495,Eristalinus sepulchralis,0
NO7495,Eristalis abusiva,0
NO7495,Eristalis abusivus,1
NO7495,Eristalis arbustorum,4
NO7495,Eristalis horticola,0
NO7495,Eristalis intricaria,0
NO7495,Eristalis intricarius,0
NO7495,Eristalis nemorum,2
NO7495,Eristalis pertinax,7
NO7495,Eristalis rupium,0
NO7495,Eristalis tenax,2
NO7495,Eucera longicornis,0
NO7495,Eumerus funeralis,0
NO7495,Eumerus ornatus,0
NO7495,Eumerus strigatus,0
NO7495,Eupeodes corollae,14
NO7495,Eupeodes latifasciatus,5
NO7495,Eupeodes luniger,0
NO7495,Ferdinandea cuprea,2
NO7495,Halictus confusus,0
NO7495,Halictus eurygnathus,0
NO7495,Halictus rubicundus,0
NO7495,Halictus tumulorum,0
NO7495,Helophilus hybridus,1
NO7495,Helophilus pendulus,10
NO7495,Helophilus trivittatus,0
NO7495,Hylaeus brevicornis,0
NO7495,Hylaeus communis,0
NO7495,Hylaeus confusus,0
NO7495,Hylaeus dilatatus,0
NO7495,Hylaeus hyalinatus,0
NO7495,Hylaeus pectoralis,0
NO7495,Lasioglossum albipes,1
NO7495,Lasioglossum calceatum,1
NO7495,Lasioglossum cupromicans,0
NO7495,Lasioglossum fratellum,0
NO7495,Lasioglossum fulvicorne,0
NO7495,Lasioglossum laevigatum,0
NO7495,Lasioglossum lativentre,0
NO7495,Lasioglossum leucopus,0
NO7495,Lasioglossum leucozonium,0
NO7495,Lasioglossum malachurum,0
NO7495,Lasioglossum minutissimum,0
NO7495,Lasioglossum morio,0
NO7495,Lasioglossum parvulum,0
NO7495,Lasioglossum pauperatum,0
NO7495,Lasioglossum pauxillum,0
NO7495,Lasioglossum punctatissimum,0
NO7495,Lasioglossum puncticolle,0
NO7495,Lasioglossum quadrinotatum,0
NO7495,Lasioglossum rufitarse,0
NO7495,Lasioglossum smeathmanellum,0
NO7495,Lasioglossum villosulum,0
NO7495,Lasioglossum xanthopus,0
NO7495,Lasioglossum zonulum,0
NO7495,Lejogaster metallina,1
NO7495,Leucozona glaucia,0
NO7495,Leucozona laternaria,0
NO7495,Macropis europaea,0
NO7495,Megachile centuncularis,0
NO7495,Megachile ligniseca,0
NO7495,Megachile versicolor,0
NO7495,Megachile willughbiella,0
NO7495,Melangyna cincta,0
NO7495,Melangyna labiatarum,0
NO7495,Melangyna lasiophthalma,0
NO7495,Melangyna umbellatarum,0
NO7495,Melanogaster aerosa,0
NO7495,Melanogaster hirtella,0
NO7495,Melanostoma form,0
NO7495,Melanostoma mellinum,8
NO7495,Melanostoma scalare,0
NO7495,Meliscaeva auricollis,0
NO7495,Meliscaeva cinctella,1
NO7495,Melitta leporina,0
NO7495,Merodon equestris,0
NO7495,Myathropa florea,0
NO7495,Neoascia geniculata,0
NO7495,Neoascia meticulosa,0
NO7495,Neoascia podagrica,54
NO7495,Neoascia tenur,0
NO7495,Nomada fabriciana,0
NO7495,Nomada flava,0
NO7495,Nomada flavoguttata,0
NO7495,Nomada flavopicta,0
NO7495,Nomada fucata,0
NO7495,Nomada goodeniana,0
NO7495,Nomada lathburiana,0
NO7495,Nomada marshamella,0
NO7495,Nomada obtusifrons,0
NO7495,Nomada panzeri,0
NO7495,Nomada ruficornis,0
NO7495,Nomada striata,0
NO7495,Orthonevra nobilis,0
NO7495,Osmia bicolor,0
NO7495,Osmia bicornis,0
NO7495,Osmia caerulescens,0
NO7495,Osmia leaiana,0
NO7495,Osmia spinulosa,0
NO7495,Panurgus banksianus,0
NO7495,Panurgus calcaratus,0
NO7495,Parasyrphus punctulatus,0
NO7495,Parhelophilus frutetorum,0
NO7495,Parhelophilus versicolor,0
NO7495,Pipiza bimaculata,0
NO7495,Pipizella viduata,0
NO7495,Platycheirus albimanus,4
NO7495,Platycheirus clypeatus,0
NO7495,Platycheirus granditarsus,3
NO7495,Platycheirus manicatus,2
NO7495,Platycheirus nielseni,0
NO7495,Platycheirus peltatus,0
NO7495,Platycheirus ramsarensis,0
NO7495,Platycheirus rosarum,0
NO7495,Platycheirus scutatus,1
NO7495,Platycheirus tarsalis,0
NO7495,Rhingia campestris,21
NO7495,Rhingia rostrata,0
NO7495,Riponnensia splendens,0
NO7495,Scaeva pyrastri,0
NO7495,Scaeva selenitica,0
NO7495,Sericomyia lappona,0
NO7495,Sericomyia silentis,2
NO7495,Sericomyia superbiens,0
NO7495,Sphaerophoria fatarum,0
NO7495,Sphaerophoria interrupta,0
NO7495,Sphaerophoria philanthus,1
NO7495,Sphaerophoria rueppellii,0
NO7495,Sphaerophoria scripta,0
NO7495,Sphaerophoria taeniata,0
NO7495,Sphecodes crassus,0
NO7495,Sphecodes ephippius,0
NO7495,Sphecodes ferruginatus,0
NO7495,Sphecodes geoffrellus,0
NO7495,Sphecodes monilicornis,0
NO7495,Sphecodes niger,0
NO7495,Sphegina clunipes,0
NO7495,Syritta pipiens,0
NO7495,Syrphus rectus,0
NO7495,Syrphus ribesii,34
NO7495,Syrphus torvus,0
NO7495,Syrphus vitripennis,3
NO7495,Tropidia scita,0
NO7495,Volucella bombylans,0
NO7495,Volucella inanis,0
NO7495,Volucella inflata,0
NO7495,Volucella pellucens,0
NO7495,Xanthogramma pedissequum,0
NO7495,Xanthogramma stackelbergi,0
NO7495,Xylota abiens,0
NO7495,Xylota jakutorum,0
NO7495,Xylota segnis,5
NO7495,Xylota sylvarum,0
NS2366,Anasimyia contracta,0
NS2366,Anasimyia lineata,0
NS2366,Anasimyia transfuga,0
NS2366,Andrena alfkenella,0
NS2366,Andrena angustior,0
NS2366,Andrena bicolor,0
NS2366,Andrena bucephala,0
NS2366,Andrena chrysosceles,0
NS2366,Andrena cineraria,0
NS2366,Andrena coitana,0
NS2366,Andrena denticulata,0
NS2366,Andrena dorsata,0
NS2366,Andrena flavipes,0
NS2366,Andrena fucata,0
NS2366,Andrena fulva,0
NS2366,Andrena haemorrhoa,0
NS2366,Andrena helvola,0
NS2366,Andrena humilis,0
NS2366,Andrena lapponica,1
NS2366,Andrena minutula,0
NS2366,Andrena nigriceps,0
NS2366,Andrena nigroaenea,0
NS2366,Andrena nitida,0
NS2366,Andrena scotica,0
NS2366,Andrena semilaevis,0
NS2366,Andrena subopaca,0
NS2366,Andrena synadelpha,0
NS2366,Andrena tarsata,0
NS2366,Andrena thoracica,0
NS2366,Andrena trimmerana,0
NS2366,Andrena wilkella,0
NS2366,Anthidium manicatum,0
NS2366,Anthophora furcata,0
NS2366,Anthophora plumipes,0
NS2366,Apis mellifera,0
NS2366,Arctophila superbiens,0
NS2366,Bombus barbutellus,0
NS2366,Bombus bohemicus,0
NS2366,Bombus campestris,0
NS2366,Bombus hortorum,1
NS2366,Bombus humilis,0
NS2366,Bombus hypnorum,0
NS2366,Bombus jonellus,1
NS2366,Bombus lapidarius,0
NS2366,Bombus lucorum,3
NS2366,Bombus monticola,0
NS2366,Bombus muscorum,0
NS2366,Bombus pascuorum,0
NS2366,Bombus pratorum,0
NS2366,Bombus ruderarius,0
NS2366,Bombus ruderatus,0
NS2366,Bombus rupestris,0
NS2366,Bombus soroeensis,0
NS2366,Bombus sylvestris,0
NS2366,Bombus terrestris,2
NS2366,Bombus vestalis,0
NS2366,Chalcosyrphus nemorum,0
NS2366,Cheilosia albitarsis,0
NS2366,Cheilosia bergenstammi,0
NS2366,Cheilosia fraterna,1
NS2366,Cheilosia illustrata,0
NS2366,Cheilosia lasiopa,0
NS2366,Cheilosia latifrons,0
NS2366,Cheilosia pagana,0
NS2366,Cheilosia proxima,0
NS2366,Cheilosia soror,0
NS2366,Cheilosia vernalis,0
NS2366,Chelostoma campanularum,0
NS2366,Chrysogaster cemiteriorum,0
NS2366,Chrysogaster virescens,0
NS2366,Chrysotoxum arcuatum,0
NS2366,Chrysotoxum bicinctum,0
NS2366,Chrysotoxum festivum,0
NS2366,Chrysotoxum verralli,0
NS2366,Coelioxys elongata,0
NS2366,Coelioxys inermis,0
NS2366,Colletes similis,0
NS2366,Colletes succinctus,0
NS2366,Dasypoda hirtipes,0
NS2366,Dasysyrphus albostriatus,0
NS2366,Dasysyrphus neovenustus,0
NS2366,Dasysyrphus tricinctus,0
NS2366,Dasysyrphus venustus,0
NS2366,Epistrophe grossulariae,0
NS2366,Episyrphus balteatus,9
NS2366,Eristalinus aeneus,0
NS2366,Eristalinus sepulchralis,0
NS2366,Eristalis abusiva,0
NS2366,Eristalis abusivus,1
NS2366,Eristalis arbustorum,3
NS2366,Eristalis horticola,0
NS2366,Eristalis intricaria,0
NS2366,Eristalis intricarius,0
NS2366,Eristalis nemorum,0
NS2366,Eristalis pertinax,15
NS2366,Eristalis rupium,1
NS2366,Eristalis tenax,2
NS2366,Eucera longicornis,0
NS2366,Eumerus funeralis,0
NS2366,Eumerus ornatus,0
NS2366,Eumerus strigatus,0
NS2366,Eupeodes corollae,9
NS2366,Eupeodes latifasciatus,1
NS2366,Eupeodes luniger,1
NS2366,Ferdinandea cuprea,0
NS2366,Halictus confusus,0
NS2366,Halictus eurygnathus,0
NS2366,Halictus rubicundus,0
NS2366,Halictus tumulorum,0
NS2366,Helophilus hybridus,0
NS2366,Helophilus pendulus,12
NS2366,Helophilus trivittatus,0
NS2366,Hylaeus brevicornis,0
NS2366,Hylaeus communis,0
NS2366,Hylaeus confusus,0
NS2366,Hylaeus dilatatus,0
NS2366,Hylaeus hyalinatus,0
NS2366,Hylaeus pectoralis,0
NS2366,Lasioglossum albipes,0
NS2366,Lasioglossum calceatum,2
NS2366,Lasioglossum cupromicans,0
NS2366,Lasioglossum fratellum,2
NS2366,Lasioglossum fulvicorne,0
NS2366,Lasioglossum laevigatum,0
NS2366,Lasioglossum lativentre,0
NS2366,Lasioglossum leucopus,0
NS2366,Lasioglossum leucozonium,0
NS2366,Lasioglossum malachurum,0
NS2366,Lasioglossum minutissimum,0
NS2366,Lasioglossum morio,0
NS2366,Lasioglossum parvulum,0
NS2366,Lasioglossum pauperatum,0
NS2366,Lasioglossum pauxillum,0
NS2366,Lasioglossum punctatissimum,0
NS2366,Lasioglossum puncticolle,0
NS2366,Lasioglossum quadrinotatum,0
NS2366,Lasioglossum rufitarse,0
NS2366,Lasioglossum smeathmanellum,0
NS2366,Lasioglossum villosulum,0
NS2366,Lasioglossum xanthopus,0
NS2366,Lasioglossum zonulum,0
NS2366,Lejogaster metallina,0
NS2366,Leucozona glaucia,0
NS2366,Leucozona laternaria,0
NS2366,Macropis europaea,0
NS2366,Megachile centuncularis,0
NS2366,Megachile ligniseca,0
NS2366,Megachile versicolor,0
NS2366,Megachile willughbiella,0
NS2366,Melangyna cincta,0
NS2366,Melangyna labiatarum,0
NS2366,Melangyna lasiophthalma,0
NS2366,Melangyna umbellatarum,0
NS2366,Melanogaster aerosa,0
NS2366,Melanogaster hirtella,1
NS2366,Melanostoma form,0
NS2366,Melanostoma mellinum,5
NS2366,Melanostoma scalare,8
NS2366,Meliscaeva auricollis,0
NS2366,Meliscaeva cinctella,0
NS2366,Melitta leporina,0
NS2366,Merodon equestris,0
NS2366,Myathropa florea,0
NS2366,Neoascia geniculata,0
NS2366,Neoascia meticulosa,0
NS2366,Neoascia podagrica,5
NS2366,Neoascia tenur,0
NS2366,Nomada fabriciana,0
NS2366,Nomada flava,0
NS2366,Nomada flavoguttata,0
NS2366,Nomada flavopicta,0
NS2366,Nomada fucata,0
NS2366,Nomada goodeniana,0
NS2366,Nomada lathburiana,0
NS2366,Nomada marshamella,0
NS2366,Nomada obtusifrons,0
NS2366,Nomada panzeri,0
NS2366,Nomada ruficornis,0
NS2366,Nomada striata,0
NS2366,Orthonevra nobilis,0
NS2366,Osmia bicolor,0
NS2366,Osmia bicornis,0
NS2366,Osmia caerulescens,0
NS2366,Osmia leaiana,0
NS2366,Osmia spinulosa,0
NS2366,Panurgus banksianus,0
NS2366,Panurgus calcaratus,0
NS2366,Parasyrphus punctulatus,0
NS2366,Parhelophilus frutetorum,0
NS2366,Parhelophilus versicolor,0
NS2366,Pipiza bimaculata,0
NS2366,Pipizella viduata,0
NS2366,Platycheirus albimanus,16
NS2366,Platycheirus clypeatus,0
NS2366,Platycheirus granditarsus,0
NS2366,Platycheirus manicatus,0
NS2366,Platycheirus nielseni,0
NS2366,Platycheirus peltatus,0
NS2366,Platycheirus ramsarensis,1
NS2366,Platycheirus rosarum,0
NS2366,Platycheirus scutatus,1
NS2366,Platycheirus tarsalis,0
NS2366,Rhingia campestris,3
NS2366,Rhingia rostrata,0
NS2366,Riponnensia splendens,0
NS2366,Scaeva pyrastri,0
NS2366,Scaeva selenitica,0
NS2366,Sericomyia lappona,0
NS2366,Sericomyia silentis,0
NS2366,Sericomyia superbiens,0
NS2366,Sphaerophoria fatarum,0
NS2366,Sphaerophoria interrupta,1
NS2366,Sphaerophoria philanthus,0
NS2366,Sphaerophoria rueppellii,0
NS2366,Sphaerophoria scripta,0
NS2366,Sphaerophoria taeniata,0
NS2366,Sphecodes crassus,0
NS2366,Sphecodes ephippius,0
NS2366,Sphecodes ferruginatus,0
NS2366,Sphecodes geoffrellus,0
NS2366,Sphecodes monilicornis,0
NS2366,Sphecodes niger,0
NS2366,Sphegina clunipes,0
NS2366,Syritta pipiens,0
NS2366,Syrphus rectus,2
NS2366,Syrphus ribesii,3
NS2366,Syrphus torvus,1
NS2366,Syrphus vitripennis,4
NS2366,Tropidia scita,0
NS2366,Volucella bombylans,0
NS2366,Volucella inanis,0
NS2366,Volucella inflata,0
NS2366,Volucella pellucens,0
NS2366,Xanthogramma pedissequum,0
NS2366,Xanthogramma stackelbergi,0
NS2366,Xylota abiens,0
NS2366,Xylota jakutorum,0
NS2366,Xylota segnis,0
NS2366,Xylota sylvarum,0
NS4085,Anasimyia contracta,0
NS4085,Anasimyia lineata,0
NS4085,Anasimyia transfuga,0
NS4085,Andrena alfkenella,0
NS4085,Andrena angustior,0
NS4085,Andrena bicolor,0
NS4085,Andrena bucephala,0
NS4085,Andrena chrysosceles,0
NS4085,Andrena cineraria,0
NS4085,Andrena coitana,0
NS4085,Andrena denticulata,0
NS4085,Andrena dorsata,0
NS4085,Andrena flavipes,0
NS4085,Andrena fucata,0
NS4085,Andrena fulva,0
NS4085,Andrena haemorrhoa,0
NS4085,Andrena helvola,0
NS4085,Andrena humilis,0
NS4085,Andrena lapponica,1
NS4085,Andrena minutula,0
NS4085,Andrena nigriceps,0
NS4085,Andrena nigroaenea,0
NS4085,Andrena nitida,0
NS4085,Andrena scotica,0
NS4085,Andrena semilaevis,0
NS4085,Andrena subopaca,0
NS4085,Andrena synadelpha,0
NS4085,Andrena tarsata,0
NS4085,Andrena thoracica,0
NS4085,Andrena trimmerana,0
NS4085,Andrena wilkella,0
NS4085,Anthidium manicatum,0
NS4085,Anthophora furcata,0
NS4085,Anthophora plumipes,0
NS4085,Apis mellifera,0
NS4085,Arctophila superbiens,0
NS4085,Bombus barbutellus,0
NS4085,Bombus bohemicus,0
NS4085,Bombus campestris,0
NS4085,Bombus hortorum,2
NS4085,Bombus humilis,0
NS4085,Bombus hypnorum,0
NS4085,Bombus jonellus,0
NS4085,Bombus lapidarius,0
NS4085,Bombus lucorum,2
NS4085,Bombus monticola,0
NS4085,Bombus muscorum,0
NS4085,Bombus pascuorum,2
NS4085,Bombus pratorum,0
NS4085,Bombus ruderarius,0
NS4085,Bombus ruderatus,0
NS4085,Bombus rupestris,0
NS4085,Bombus soroeensis,1
NS4085,Bombus sylvestris,0
NS4085,Bombus terrestris,2
NS4085,Bombus vestalis,0
NS4085,Chalcosyrphus nemorum,0
NS4085,Cheilosia albitarsis,3
NS4085,Cheilosia bergenstammi,0
NS4085,Cheilosia fraterna,4
NS4085,Cheilosia illustrata,0
NS4085,Cheilosia lasiopa,0
NS4085,Cheilosia latifrons,0
NS4085,Cheilosia pagana,0
NS4085,Cheilosia proxima,1
NS4085,Cheilosia soror,0
NS4085,Cheilosia vernalis,0
NS4085,Chelostoma campanularum,0
NS4085,Chrysogaster cemiteriorum,0
NS4085,Chrysogaster virescens,0
NS4085,Chrysotoxum arcuatum,0
NS4085,Chrysotoxum bicinctum,0
NS4085,Chrysotoxum festivum,0
NS4085,Chrysotoxum verralli,0
NS4085,Coelioxys elongata,0
NS4085,Coelioxys inermis,0
NS4085,Colletes similis,0
NS4085,Colletes succinctus,0
NS4085,Dasypoda hirtipes,0
NS4085,Dasysyrphus albostriatus,0
NS4085,Dasysyrphus neovenustus,0
NS4085,Dasysyrphus tricinctus,1
NS4085,Dasysyrphus venustus,0
NS4085,Epistrophe grossulariae,2
NS4085,Episyrphus balteatus,7
NS4085,Eristalinus aeneus,0
NS4085,Eristalinus sepulchralis,0
NS4085,Eristalis abusiva,0
NS4085,Eristalis abusivus,1
NS4085,Eristalis arbustorum,3
NS4085,Eristalis horticola,3
NS4085,Eristalis intricaria,0
NS4085,Eristalis intricarius,0
NS4085,Eristalis nemorum,0
NS4085,Eristalis pertinax,3
NS4085,Eristalis rupium,0
NS4085,Eristalis tenax,2
NS4085,Eucera longicornis,0
NS4085,Eumerus funeralis,0
NS4085,Eumerus ornatus,0
NS4085,Eumerus strigatus,0
NS4085,Eupeodes corollae,0
NS4085,Eupeodes latifasciatus,0
NS4085,Eupeodes luniger,3
NS4085,Ferdinandea cuprea,0
NS4085,Halictus confusus,0
NS4085,Halictus eurygnathus,0
NS4085,Halictus rubicundus,0
NS4085,Halictus tumulorum,0
NS4085,Helophilus hybridus,0
NS4085,Helophilus pendulus,12
NS4085,Helophilus trivittatus,0
NS4085,Hylaeus brevicornis,0
NS4085,Hylaeus communis,0
NS4085,Hylaeus confusus,0
NS4085,Hylaeus dilatatus,0
NS4085,Hylaeus hyalinatus,0
NS4085,Hylaeus pectoralis,0
NS4085,Lasioglossum albipes,0
NS4085,Lasioglossum calceatum,2
NS4085,Lasioglossum cupromicans,0
NS4085,Lasioglossum fratellum,0
NS4085,Lasioglossum fulvicorne,0
NS4085,Lasioglossum laevigatum,0
NS4085,Lasioglossum lativentre,0
NS4085,Lasioglossum leucopus,0
NS4085,Lasioglossum leucozonium,0
NS4085,Lasioglossum malachurum,0
NS4085,Lasioglossum minutissimum,0
NS4085,Lasioglossum morio,0
NS4085,Lasioglossum parvulum,0
NS4085,Lasioglossum pauperatum,0
NS4085,Lasioglossum pauxillum,0
NS4085,Lasioglossum punctatissimum,0
NS4085,Lasioglossum puncticolle,0
NS4085,Lasioglossum quadrinotatum,0
NS4085,Lasioglossum rufitarse,0
NS4085,Lasioglossum smeathmanellum,0
NS4085,Lasioglossum villosulum,0
NS4085,Lasioglossum xanthopus,0
NS4085,Lasioglossum zonulum,0
NS4085,Lejogaster metallina,0
NS4085,Leucozona glaucia,0
NS4085,Leucozona laternaria,0
NS4085,Macropis europaea,0
NS4085,Megachile centuncularis,0
NS4085,Megachile ligniseca,0
NS4085,Megachile versicolor,0
NS4085,Megachile willughbiella,0
NS4085,Melangyna cincta,0
NS4085,Melangyna labiatarum,0
NS4085,Melangyna lasiophthalma,0
NS4085,Melangyna umbellatarum,0
NS4085,Melanogaster aerosa,0
NS4085,Melanogaster hirtella,3
NS4085,Melanostoma form,0
NS4085,Melanostoma mellinum,1
NS4085,Melanostoma scalare,0
NS4085,Meliscaeva auricollis,0
NS4085,Meliscaeva cinctella,0
NS4085,Melitta leporina,0
NS4085,Merodon equestris,0
NS4085,Myathropa florea,0
NS4085,Neoascia geniculata,0
NS4085,Neoascia meticulosa,0
NS4085,Neoascia podagrica,17
NS4085,Neoascia tenur,0
NS4085,Nomada fabriciana,0
NS4085,Nomada flava,0
NS4085,Nomada flavoguttata,0
NS4085,Nomada flavopicta,0
NS4085,Nomada fucata,0
NS4085,Nomada goodeniana,0
NS4085,Nomada lathburiana,0
NS4085,Nomada marshamella,0
NS4085,Nomada obtusifrons,0
NS4085,Nomada panzeri,0
NS4085,Nomada ruficornis,0
NS4085,Nomada striata,0
NS4085,Orthonevra nobilis,0
NS4085,Osmia bicolor,0
NS4085,Osmia bicornis,0
NS4085,Osmia caerulescens,0
NS4085,Osmia leaiana,0
NS4085,Osmia spinulosa,0
NS4085,Panurgus banksianus,0
NS4085,Panurgus calcaratus,0
NS4085,Parasyrphus punctulatus,0
NS4085,Parhelophilus frutetorum,0
NS4085,Parhelophilus versicolor,0
NS4085,Pipiza bimaculata,0
NS4085,Pipizella viduata,0
NS4085,Platycheirus albimanus,2
NS4085,Platycheirus clypeatus,0
NS4085,Platycheirus granditarsus,3
NS4085,Platycheirus manicatus,0
NS4085,Platycheirus nielseni,0
NS4085,Platycheirus peltatus,0
NS4085,Platycheirus ramsarensis,0
NS4085,Platycheirus rosarum,0
NS4085,Platycheirus scutatus,1
NS4085,Platycheirus tarsalis,0
NS4085,Rhingia campestris,9
NS4085,Rhingia rostrata,0
NS4085,Riponnensia splendens,0
NS4085,Scaeva pyrastri,0
NS4085,Scaeva selenitica,0
NS4085,Sericomyia lappona,0
NS4085,Sericomyia silentis,1
NS4085,Sericomyia superbiens,0
NS4085,Sphaerophoria fatarum,0
NS4085,Sphaerophoria interrupta,0
NS4085,Sphaerophoria philanthus,0
NS4085,Sphaerophoria rueppellii,0
NS4085,Sphaerophoria scripta,0
NS4085,Sphaerophoria taeniata,0
NS4085,Sphecodes crassus,0
NS4085,Sphecodes ephippius,0
NS4085,Sphecodes ferruginatus,0
NS4085,Sphecodes geoffrellus,0
NS4085,Sphecodes monilicornis,0
NS4085,Sphecodes niger,0
NS4085,Sphegina clunipes,0
NS4085,Syritta pipiens,0
NS4085,Syrphus rectus,0
NS4085,Syrphus ribesii,17
NS4085,Syrphus torvus,1
NS4085,Syrphus vitripennis,5
NS4085,Tropidia scita,0
NS4085,Volucella bombylans,0
NS4085,Volucella inanis,0
NS4085,Volucella inflata,0
NS4085,Volucella pellucens,0
NS4085,Xanthogramma pedissequum,0
NS4085,Xanthogramma stackelbergi,0
NS4085,Xylota abiens,0
NS4085,Xylota jakutorum,0
NS4085,Xylota segnis,7
NS4085,Xylota sylvarum,0
NS5873,Anasimyia contracta,1
NS5873,Anasimyia lineata,0
NS5873,Anasimyia transfuga,0
NS5873,Andrena alfkenella,0
NS5873,Andrena angustior,0
NS5873,Andrena bicolor,0
NS5873,Andrena bucephala,0
NS5873,Andrena chrysosceles,0
NS5873,Andrena cineraria,0
NS5873,Andrena coitana,0
NS5873,Andrena denticulata,0
NS5873,Andrena dorsata,0
NS5873,Andrena flavipes,0
NS5873,Andrena fucata,0
NS5873,Andrena fulva,0
NS5873,Andrena haemorrhoa,0
NS5873,Andrena helvola,0
NS5873,Andrena humilis,0
NS5873,Andrena lapponica,0
NS5873,Andrena minutula,0
NS5873,Andrena nigriceps,0
NS5873,Andrena nigroaenea,0
NS5873,Andrena nitida,0
NS5873,Andrena scotica,0
NS5873,Andrena semilaevis,0
NS5873,Andrena subopaca,0
NS5873,Andrena synadelpha,0
NS5873,Andrena tarsata,0
NS5873,Andrena thoracica,0
NS5873,Andrena trimmerana,0
NS5873,Andrena wilkella,0
NS5873,Anthidium manicatum,0
NS5873,Anthophora furcata,1
NS5873,Anthophora plumipes,0
NS5873,Apis mellifera,4
NS5873,Arctophila superbiens,0
NS5873,Bombus barbutellus,0
NS5873,Bombus bohemicus,0
NS5873,Bombus campestris,0
NS5873,Bombus hortorum,6
NS5873,Bombus humilis,0
NS5873,Bombus hypnorum,6
NS5873,Bombus jonellus,0
NS5873,Bombus lapidarius,2
NS5873,Bombus lucorum,3
NS5873,Bombus monticola,0
NS5873,Bombus muscorum,0
NS5873,Bombus pascuorum,7
NS5873,Bombus pratorum,1
NS5873,Bombus ruderarius,0
NS5873,Bombus ruderatus,0
NS5873,Bombus rupestris,0
NS5873,Bombus soroeensis,0
NS5873,Bombus sylvestris,1
NS5873,Bombus terrestris,20
NS5873,Bombus vestalis,0
NS5873,Chalcosyrphus nemorum,0
NS5873,Cheilosia albitarsis,2
NS5873,Cheilosia bergenstammi,0
NS5873,Cheilosia fraterna,0
NS5873,Cheilosia illustrata,0
NS5873,Cheilosia lasiopa,0
NS5873,Cheilosia latifrons,0
NS5873,Cheilosia pagana,0
NS5873,Cheilosia proxima,0
NS5873,Cheilosia soror,0
NS5873,Cheilosia vernalis,0
NS5873,Chelostoma campanularum,0
NS5873,Chrysogaster cemiteriorum,0
NS5873,Chrysogaster virescens,0
NS5873,Chrysotoxum arcuatum,0
NS5873,Chrysotoxum bicinctum,0
NS5873,Chrysotoxum festivum,0
NS5873,Chrysotoxum verralli,0
NS5873,Coelioxys elongata,0
NS5873,Coelioxys inermis,0
NS5873,Colletes similis,0
NS5873,Colletes succinctus,0
NS5873,Dasypoda hirtipes,0
NS5873,Dasysyrphus albostriatus,1
NS5873,Dasysyrphus neovenustus,0
NS5873,Dasysyrphus tricinctus,0
NS5873,Dasysyrphus venustus,0
NS5873,Epistrophe grossulariae,0
NS5873,Episyrphus balteatus,8
NS5873,Eristalinus aeneus,0
NS5873,Eristalinus sepulchralis,0
NS5873,Eristalis abusiva,0
NS5873,Eristalis abusivus,4
NS5873,Eristalis arbustorum,6
NS5873,Eristalis horticola,0
NS5873,Eristalis intricaria,0
NS5873,Eristalis intricarius,0
NS5873,Eristalis nemorum,1
NS5873,Eristalis pertinax,7
NS5873,Eristalis rupium,0
NS5873,Eristalis tenax,6
NS5873,Eucera longicornis,0
NS5873,Eumerus funeralis,0
NS5873,Eumerus ornatus,0
NS5873,Eumerus strigatus,0
NS5873,Eupeodes corollae,8
NS5873,Eupeodes latifasciatus,0
NS5873,Eupeodes luniger,2
NS5873,Ferdinandea cuprea,1
NS5873,Halictus confusus,0
NS5873,Halictus eurygnathus,0
NS5873,Halictus rubicundus,0
NS5873,Halictus tumulorum,0
NS5873,Helophilus hybridus,0
NS5873,Helophilus pendulus,38
NS5873,Helophilus trivittatus,0
NS5873,Hylaeus brevicornis,0
NS5873,Hylaeus communis,0
NS5873,Hylaeus confusus,0
NS5873,Hylaeus dilatatus,0
NS5873,Hylaeus hyalinatus,0
NS5873,Hylaeus pectoralis,0
NS5873,Lasioglossum albipes,0
NS5873,Lasioglossum calceatum,1
NS5873,Lasioglossum cupromicans,0
NS5873,Lasioglossum fratellum,0
NS5873,Lasioglossum fulvicorne,0
NS5873,Lasioglossum laevigatum,0
NS5873,Lasioglossum lativentre,0
NS5873,Lasioglossum leucopus,0
NS5873,Lasioglossum leucozonium,0
NS5873,Lasioglossum malachurum,0
NS5873,Lasioglossum minutissimum,0
NS5873,Lasioglossum morio,0
NS5873,Lasioglossum parvulum,0
NS5873,Lasioglossum pauperatum,0
NS5873,Lasioglossum pauxillum,0
NS5873,Lasioglossum punctatissimum,0
NS5873,Lasioglossum puncticolle,0
NS5873,Lasioglossum quadrinotatum,0
NS5873,Lasioglossum rufitarse,0
NS5873,Lasioglossum smeathmanellum,0
NS5873,Lasioglossum villosulum,0
NS5873,Lasioglossum xanthopus,0
NS5873,Lasioglossum zonulum,0
NS5873,Lejogaster metallina,0
NS5873,Leucozona glaucia,0
NS5873,Leucozona laternaria,0
NS5873,Macropis europaea,0
NS5873,Megachile centuncularis,1
NS5873,Megachile ligniseca,0
NS5873,Megachile versicolor,0
NS5873,Megachile willughbiella,0
NS5873,Melangyna cincta,0
NS5873,Melangyna labiatarum,0
NS5873,Melangyna lasiophthalma,0
NS5873,Melangyna umbellatarum,0
NS5873,Melanogaster aerosa,0
NS5873,Melanogaster hirtella,1
NS5873,Melanostoma form,0
NS5873,Melanostoma mellinum,7
NS5873,Melanostoma scalare,1
NS5873,Meliscaeva auricollis,0
NS5873,Meliscaeva cinctella,0
NS5873,Melitta leporina,0
NS5873,Merodon equestris,0
NS5873,Myathropa florea,0
NS5873,Neoascia geniculata,0
NS5873,Neoascia meticulosa,0
NS5873,Neoascia podagrica,8
NS5873,Neoascia tenur,0
NS5873,Nomada fabriciana,0
NS5873,Nomada flava,0
NS5873,Nomada flavoguttata,0
NS5873,Nomada flavopicta,0
NS5873,Nomada fucata,0
NS5873,Nomada goodeniana,0
NS5873,Nomada lathburiana,0
NS5873,Nomada marshamella,2
NS5873,Nomada obtusifrons,0
NS5873,Nomada panzeri,0
NS5873,Nomada ruficornis,0
NS5873,Nomada striata,0
NS5873,Orthonevra nobilis,0
NS5873,Osmia bicolor,0
NS5873,Osmia bicornis,0
NS5873,Osmia caerulescens,0
NS5873,Osmia leaiana,0
NS5873,Osmia spinulosa,0
NS5873,Panurgus banksianus,0
NS5873,Panurgus calcaratus,0
NS5873,Parasyrphus punctulatus,0
NS5873,Parhelophilus frutetorum,0
NS5873,Parhelophilus versicolor,0
NS5873,Pipiza bimaculata,0
NS5873,Pipizella viduata,0
NS5873,Platycheirus albimanus,7
NS5873,Platycheirus clypeatus,1
NS5873,Platycheirus granditarsus,21
NS5873,Platycheirus manicatus,0
NS5873,Platycheirus nielseni,0
NS5873,Platycheirus peltatus,0
NS5873,Platycheirus ramsarensis,0
NS5873,Platycheirus rosarum,0
NS5873,Platycheirus scutatus,0
NS5873,Platycheirus tarsalis,0
NS5873,Rhingia campestris,5
NS5873,Rhingia rostrata,0
NS5873,Riponnensia splendens,1
NS5873,Scaeva pyrastri,1
NS5873,Scaeva selenitica,0
NS5873,Sericomyia lappona,0
NS5873,Sericomyia silentis,0
NS5873,Sericomyia superbiens,0
NS5873,Sphaerophoria fatarum,0
NS5873,Sphaerophoria interrupta,0
NS5873,Sphaerophoria philanthus,0
NS5873,Sphaerophoria rueppellii,0
NS5873,Sphaerophoria scripta,0
NS5873,Sphaerophoria taeniata,0
NS5873,Sphecodes crassus,0
NS5873,Sphecodes ephippius,0
NS5873,Sphecodes ferruginatus,0
NS5873,Sphecodes geoffrellus,0
NS5873,Sphecodes monilicornis,0
NS5873,Sphecodes niger,0
NS5873,Sphegina clunipes,0
NS5873,Syritta pipiens,1
NS5873,Syrphus rectus,2
NS5873,Syrphus ribesii,10
NS5873,Syrphus torvus,1
NS5873,Syrphus vitripennis,4
NS5873,Tropidia scita,0
NS5873,Volucella bombylans,0
NS5873,Volucella inanis,0
NS5873,Volucella inflata,0
NS5873,Volucella pellucens,0
NS5873,Xanthogramma pedissequum,0
NS5873,Xanthogramma stackelbergi,0
NS5873,Xylota abiens,0
NS5873,Xylota jakutorum,0
NS5873,Xylota segnis,5
NS5873,Xylota sylvarum,0
NS9052,Anasimyia contracta,0
NS9052,Anasimyia lineata,0
NS9052,Anasimyia transfuga,0
NS9052,Andrena alfkenella,0
NS9052,Andrena angustior,0
NS9052,Andrena bicolor,0
NS9052,Andrena bucephala,0
NS9052,Andrena chrysosceles,0
NS9052,Andrena cineraria,0
NS9052,Andrena coitana,0
NS9052,Andrena denticulata,0
NS9052,Andrena dorsata,0
NS9052,Andrena flavipes,0
NS9052,Andrena fucata,0
NS9052,Andrena fulva,0
NS9052,Andrena haemorrhoa,0
NS9052,Andrena helvola,0
NS9052,Andrena humilis,0
NS9052,Andrena lapponica,0
NS9052,Andrena minutula,0
NS9052,Andrena nigriceps,0
NS9052,Andrena nigroaenea,0
NS9052,Andrena nitida,0
NS9052,Andrena scotica,1
NS9052,Andrena semilaevis,0
NS9052,Andrena subopaca,0
NS9052,Andrena synadelpha,0
NS9052,Andrena tarsata,0
NS9052,Andrena thoracica,0
NS9052,Andrena trimmerana,0
NS9052,Andrena wilkella,0
NS9052,Anthidium manicatum,0
NS9052,Anthophora furcata,0
NS9052,Anthophora plumipes,0
NS9052,Apis mellifera,6
NS9052,Arctophila superbiens,0
NS9052,Bombus barbutellus,0
NS9052,Bombus bohemicus,0
NS9052,Bombus campestris,0
NS9052,Bombus hortorum,1
NS9052,Bombus humilis,0
NS9052,Bombus hypnorum,0
NS9052,Bombus jonellus,3
NS9052,Bombus lapidarius,0
NS9052,Bombus lucorum,18
NS9052,Bombus monticola,0
NS9052,Bombus muscorum,1
NS9052,Bombus pascuorum,8
NS9052,Bombus pratorum,0
NS9052,Bombus ruderarius,0
NS9052,Bombus ruderatus,0
NS9052,Bombus rupestris,0
NS9052,Bombus soroeensis,21
NS9052,Bombus sylvestris,5
NS9052,Bombus terrestris,1
NS9052,Bombus vestalis,0
NS9052,Chalcosyrphus nemorum,0
NS9052,Cheilosia albitarsis,3
NS9052,Cheilosia bergenstammi,0
NS9052,Cheilosia fraterna,4
NS9052,Cheilosia illustrata,0
NS9052,Cheilosia lasiopa,0
NS9052,Cheilosia latifrons,0
NS9052,Cheilosia pagana,0
NS9052,Cheilosia proxima,1
NS9052,Cheilosia soror,0
NS9052,Cheilosia vernalis,0
NS9052,Chelostoma campanularum,0
NS9052,Chrysogaster cemiteriorum,0
NS9052,Chrysogaster virescens,0
NS9052,Chrysotoxum arcuatum,0
NS9052,Chrysotoxum bicinctum,0
NS9052,Chrysotoxum festivum,0
NS9052,Chrysotoxum verralli,0
NS9052,Coelioxys elongata,0
NS9052,Coelioxys inermis,0
NS9052,Colletes similis,0
NS9052,Colletes succinctus,0
NS9052,Dasypoda hirtipes,0
NS9052,Dasysyrphus albostriatus,0
NS9052,Dasysyrphus neovenustus,0
NS9052,Dasysyrphus tricinctus,0
NS9052,Dasysyrphus venustus,0
NS9052,Epistrophe grossulariae,0
NS9052,Episyrphus balteatus,10
NS9052,Eristalinus aeneus,0
NS9052,Eristalinus sepulchralis,0
NS9052,Eristalis abusiva,0
NS9052,Eristalis abusivus,5
NS9052,Eristalis arbustorum,19
NS9052,Eristalis horticola,2
NS9052,Eristalis intricaria,0
NS9052,Eristalis intricarius,4
NS9052,Eristalis nemorum,2
NS9052,Eristalis pertinax,8
NS9052,Eristalis rupium,0
NS9052,Eristalis tenax,6
NS9052,Eucera longicornis,0
NS9052,Eumerus funeralis,0
NS9052,Eumerus ornatus,0
NS9052,Eumerus strigatus,0
NS9052,Eupeodes corollae,10
NS9052,Eupeodes latifasciatus,7
NS9052,Eupeodes luniger,2
NS9052,Ferdinandea cuprea,0
NS9052,Halictus confusus,0
NS9052,Halictus eurygnathus,0
NS9052,Halictus rubicundus,0
NS9052,Halictus tumulorum,0
NS9052,Helophilus hybridus,0
NS9052,Helophilus pendulus,55
NS9052,Helophilus trivittatus,0
NS9052,Hylaeus brevicornis,0
NS9052,Hylaeus communis,0
NS9052,Hylaeus confusus,0
NS9052,Hylaeus dilatatus,0
NS9052,Hylaeus hyalinatus,0
NS9052,Hylaeus pectoralis,0
NS9052,Lasioglossum albipes,0
NS9052,Lasioglossum calceatum,0
NS9052,Lasioglossum cupromicans,0
NS9052,Lasioglossum fratellum,0
NS9052,Lasioglossum fulvicorne,0
NS9052,Lasioglossum laevigatum,0
NS9052,Lasioglossum lativentre,0
NS9052,Lasioglossum leucopus,0
NS9052,Lasioglossum leucozonium,0
NS9052,Lasioglossum malachurum,0
NS9052,Lasioglossum minutissimum,0
NS9052,Lasioglossum morio,0
NS9052,Lasioglossum parvulum,0
NS9052,Lasioglossum pauperatum,0
NS9052,Lasioglossum pauxillum,0
NS9052,Lasioglossum punctatissimum,0
NS9052,Lasioglossum puncticolle,0
NS9052,Lasioglossum quadrinotatum,0
NS9052,Lasioglossum rufitarse,0
NS9052,Lasioglossum smeathmanellum,0
NS9052,Lasioglossum villosulum,0
NS9052,Lasioglossum xanthopus,0
NS9052,Lasioglossum zonulum,0
NS9052,Lejogaster metallina,0
NS9052,Leucozona glaucia,0
NS9052,Leucozona laternaria,0
NS9052,Macropis europaea,0
NS9052,Megachile centuncularis,0
NS9052,Megachile ligniseca,0
NS9052,Megachile versicolor,0
NS9052,Megachile willughbiella,0
NS9052,Melangyna cincta,0
NS9052,Melangyna labiatarum,0
NS9052,Melangyna lasiophthalma,0
NS9052,Melangyna umbellatarum,0
NS9052,Melanogaster aerosa,0
NS9052,Melanogaster hirtella,21
NS9052,Melanostoma form,0
NS9052,Melanostoma mellinum,7
NS9052,Melanostoma scalare,0
NS9052,Meliscaeva auricollis,0
NS9052,Meliscaeva cinctella,3
NS9052,Melitta leporina,0
NS9052,Merodon equestris,0
NS9052,Myathropa florea,0
NS9052,Neoascia geniculata,0
NS9052,Neoascia meticulosa,0
NS9052,Neoascia podagrica,4
NS9052,Neoascia tenur,0
NS9052,Nomada fabriciana,0
NS9052,Nomada flava,0
NS9052,Nomada flavoguttata,0
NS9052,Nomada flavopicta,0
NS9052,Nomada fucata,0
NS9052,Nomada goodeniana,0
NS9052,Nomada lathburiana,0
NS9052,Nomada marshamella,0
NS9052,Nomada obtusifrons,0
NS9052,Nomada panzeri,0
NS9052,Nomada ruficornis,0
NS9052,Nomada striata,0
NS9052,Orthonevra nobilis,0
NS9052,Osmia bicolor,0
NS9052,Osmia bicornis,0
NS9052,Osmia caerulescens,0
NS9052,Osmia leaiana,0
NS9052,Osmia spinulosa,0
NS9052,Panurgus banksianus,0
NS9052,Panurgus calcaratus,0
NS9052,Parasyrphus punctulatus,0
NS9052,Parhelophilus frutetorum,0
NS9052,Parhelophilus versicolor,0
NS9052,Pipiza bimaculata,0
NS9052,Pipizella viduata,0
NS9052,Platycheirus albimanus,13
NS9052,Platycheirus clypeatus,0
NS9052,Platycheirus granditarsus,79
NS9052,Platycheirus manicatus,1
NS9052,Platycheirus nielseni,0
NS9052,Platycheirus peltatus,1
NS9052,Platycheirus ramsarensis,0
NS9052,Platycheirus rosarum,0
NS9052,Platycheirus scutatus,0
NS9052,Platycheirus tarsalis,0
NS9052,Rhingia campestris,10
NS9052,Rhingia rostrata,0
NS9052,Riponnensia splendens,0
NS9052,Scaeva pyrastri,0
NS9052,Scaeva selenitica,0
NS9052,Sericomyia lappona,1
NS9052,Sericomyia silentis,14
NS9052,Sericomyia superbiens,0
NS9052,Sphaerophoria fatarum,0
NS9052,Sphaerophoria interrupta,2
NS9052,Sphaerophoria philanthus,0
NS9052,Sphaerophoria rueppellii,0
NS9052,Sphaerophoria scripta,0
NS9052,Sphaerophoria taeniata,0
NS9052,Sphecodes crassus,0
NS9052,Sphecodes ephippius,0
NS9052,Sphecodes ferruginatus,0
NS9052,Sphecodes geoffrellus,0
NS9052,Sphecodes monilicornis,0
NS9052,Sphecodes niger,0
NS9052,Sphegina clunipes,0
NS9052,Syritta pipiens,0
NS9052,Syrphus rectus,1
NS9052,Syrphus ribesii,5
NS9052,Syrphus torvus,0
NS9052,Syrphus vitripennis,1
NS9052,Tropidia scita,0
NS9052,Volucella bombylans,0
NS9052,Volucella inanis,0
NS9052,Volucella inflata,0
NS9052,Volucella pellucens,0
NS9052,Xanthogramma pedissequum,0
NS9052,Xanthogramma stackelbergi,0
NS9052,Xylota abiens,0
NS9052,Xylota jakutorum,0
NS9052,Xylota segnis,0
NS9052,Xylota sylvarum,0
NT2023,Anasimyia contracta,0
NT2023,Anasimyia lineata,0
NT2023,Anasimyia transfuga,0
NT2023,Andrena alfkenella,0
NT2023,Andrena angustior,0
NT2023,Andrena bicolor,0
NT2023,Andrena bucephala,0
NT2023,Andrena chrysosceles,0
NT2023,Andrena cineraria,0
NT2023,Andrena coitana,0
NT2023,Andrena denticulata,0
NT2023,Andrena dorsata,0
NT2023,Andrena flavipes,0
NT2023,Andrena fucata,0
NT2023,Andrena fulva,0
NT2023,Andrena haemorrhoa,0
NT2023,Andrena helvola,0
NT2023,Andrena humilis,0
NT2023,Andrena lapponica,0
NT2023,Andrena minutula,0
NT2023,Andrena nigriceps,0
NT2023,Andrena nigroaenea,0
NT2023,Andrena nitida,0
NT2023,Andrena scotica,0
NT2023,Andrena semilaevis,0
NT2023,Andrena subopaca,0
NT2023,Andrena synadelpha,0
NT2023,Andrena tarsata,0
NT2023,Andrena thoracica,0
NT2023,Andrena trimmerana,0
NT2023,Andrena wilkella,0
NT2023,Anthidium manicatum,0
NT2023,Anthophora furcata,0
NT2023,Anthophora plumipes,0
NT2023,Apis mellifera,0
NT2023,Arctophila superbiens,0
NT2023,Bombus barbutellus,0
NT2023,Bombus bohemicus,0
NT2023,Bombus campestris,0
NT2023,Bombus hortorum,1
NT2023,Bombus humilis,0
NT2023,Bombus hypnorum,0
NT2023,Bombus jonellus,2
NT2023,Bombus lapidarius,0
NT2023,Bombus lucorum,2
NT2023,Bombus monticola,8
NT2023,Bombus muscorum,0
NT2023,Bombus pascuorum,3
NT2023,Bombus pratorum,0
NT2023,Bombus ruderarius,0
NT2023,Bombus ruderatus,0
NT2023,Bombus rupestris,0
NT2023,Bombus soroeensis,1
NT2023,Bombus sylvestris,0
NT2023,Bombus terrestris,0
NT2023,Bombus vestalis,0
NT2023,Chalcosyrphus nemorum,0
NT2023,Cheilosia albitarsis,2
NT2023,Cheilosia bergenstammi,0
NT2023,Cheilosia fraterna,1
NT2023,Cheilosia illustrata,0
NT2023,Cheilosia lasiopa,0
NT2023,Cheilosia latifrons,0
NT2023,Cheilosia pagana,0
NT2023,Cheilosia proxima,0
NT2023,Cheilosia soror,0
NT2023,Cheilosia vernalis,0
NT2023,Chelostoma campanularum,0
NT2023,Chrysogaster cemiteriorum,0
NT2023,Chrysogaster virescens,0
NT2023,Chrysotoxum arcuatum,0
NT2023,Chrysotoxum bicinctum,0
NT2023,Chrysotoxum festivum,0
NT2023,Chrysotoxum verralli,0
NT2023,Coelioxys elongata,0
NT2023,Coelioxys inermis,0
NT2023,Colletes similis,0
NT2023,Colletes succinctus,0
NT2023,Dasypoda hirtipes,0
NT2023,Dasysyrphus albostriatus,1
NT2023,Dasysyrphus neovenustus,0
NT2023,Dasysyrphus tricinctus,0
NT2023,Dasysyrphus venustus,0
NT2023,Epistrophe grossulariae,0
NT2023,Episyrphus balteatus,7
NT2023,Eristalinus aeneus,0
NT2023,Eristalinus sepulchralis,0
NT2023,Eristalis abusiva,0
NT2023,Eristalis abusivus,0
NT2023,Eristalis arbustorum,2
NT2023,Eristalis horticola,1
NT2023,Eristalis intricaria,0
NT2023,Eristalis intricarius,0
NT2023,Eristalis nemorum,0
NT2023,Eristalis pertinax,0
NT2023,Eristalis rupium,0
NT2023,Eristalis tenax,3
NT2023,Eucera longicornis,0
NT2023,Eumerus funeralis,0
NT2023,Eumerus ornatus,0
NT2023,Eumerus strigatus,0
NT2023,Eupeodes corollae,9
NT2023,Eupeodes latifasciatus,1
NT2023,Eupeodes luniger,1
NT2023,Ferdinandea cuprea,0
NT2023,Halictus confusus,0
NT2023,Halictus eurygnathus,0
NT2023,Halictus rubicundus,0
NT2023,Halictus tumulorum,0
NT2023,Helophilus hybridus,0
NT2023,Helophilus pendulus,0
NT2023,Helophilus trivittatus,0
NT2023,Hylaeus brevicornis,0
NT2023,Hylaeus communis,0
NT2023,Hylaeus confusus,0
NT2023,Hylaeus dilatatus,0
NT2023,Hylaeus hyalinatus,0
NT2023,Hylaeus pectoralis,0
NT2023,Lasioglossum albipes,0
NT2023,Lasioglossum calceatum,0
NT2023,Lasioglossum cupromicans,0
NT2023,Lasioglossum fratellum,0
NT2023,Lasioglossum fulvicorne,0
NT2023,Lasioglossum laevigatum,0
NT2023,Lasioglossum lativentre,0
NT2023,Lasioglossum leucopus,0
NT2023,Lasioglossum leucozonium,0
NT2023,Lasioglossum malachurum,0
NT2023,Lasioglossum minutissimum,0
NT2023,Lasioglossum morio,0
NT2023,Lasioglossum parvulum,0
NT2023,Lasioglossum pauperatum,0
NT2023,Lasioglossum pauxillum,0
NT2023,Lasioglossum punctatissimum,0
NT2023,Lasioglossum puncticolle,0
NT2023,Lasioglossum quadrinotatum,0
NT2023,Lasioglossum rufitarse,0
NT2023,Lasioglossum smeathmanellum,0
NT2023,Lasioglossum villosulum,0
NT2023,Lasioglossum xanthopus,0
NT2023,Lasioglossum zonulum,0
NT2023,Lejogaster metallina,0
NT2023,Leucozona glaucia,0
NT2023,Leucozona laternaria,0
NT2023,Macropis europaea,0
NT2023,Megachile centuncularis,0
NT2023,Megachile ligniseca,0
NT2023,Megachile versicolor,0
NT2023,Megachile willughbiella,0
NT2023,Melangyna cincta,0
NT2023,Melangyna labiatarum,0
NT2023,Melangyna lasiophthalma,0
NT2023,Melangyna umbellatarum,0
NT2023,Melanogaster aerosa,0
NT2023,Melanogaster hirtella,1
NT2023,Melanostoma form,0
NT2023,Melanostoma mellinum,12
NT2023,Melanostoma scalare,0
NT2023,Meliscaeva auricollis,0
NT2023,Meliscaeva cinctella,0
NT2023,Melitta leporina,0
NT2023,Merodon equestris,0
NT2023,Myathropa florea,0
NT2023,Neoascia geniculata,0
NT2023,Neoascia meticulosa,0
NT2023,Neoascia podagrica,1
NT2023,Neoascia tenur,0
NT2023,Nomada fabriciana,0
NT2023,Nomada flava,0
NT2023,Nomada flavoguttata,0
NT2023,Nomada flavopicta,0
NT2023,Nomada fucata,0
NT2023,Nomada goodeniana,0
NT2023,Nomada lathburiana,0
NT2023,Nomada marshamella,0
NT2023,Nomada obtusifrons,0
NT2023,Nomada panzeri,0
NT2023,Nomada ruficornis,0
NT2023,Nomada striata,0
NT2023,Orthonevra nobilis,0
NT2023,Osmia bicolor,0
NT2023,Osmia bicornis,0
NT2023,Osmia caerulescens,0
NT2023,Osmia leaiana,0
NT2023,Osmia spinulosa,0
NT2023,Panurgus banksianus,0
NT2023,Panurgus calcaratus,0
NT2023,Parasyrphus punctulatus,0
NT2023,Parhelophilus frutetorum,0
NT2023,Parhelophilus versicolor,0
NT2023,Pipiza bimaculata,0
NT2023,Pipizella viduata,0
NT2023,Platycheirus albimanus,4
NT2023,Platycheirus clypeatus,1
NT2023,Platycheirus granditarsus,0
NT2023,Platycheirus manicatus,2
NT2023,Platycheirus nielseni,0
NT2023,Platycheirus peltatus,0
NT2023,Platycheirus ramsarensis,0
NT2023,Platycheirus rosarum,0
NT2023,Platycheirus scutatus,0
NT2023,Platycheirus tarsalis,0
NT2023,Rhingia campestris,1
NT2023,Rhingia rostrata,0
NT2023,Riponnensia splendens,0
NT2023,Scaeva pyrastri,0
NT2023,Scaeva selenitica,0
NT2023,Sericomyia lappona,0
NT2023,Sericomyia silentis,2
NT2023,Sericomyia superbiens,0
NT2023,Sphaerophoria fatarum,0
NT2023,Sphaerophoria interrupta,0
NT2023,Sphaerophoria philanthus,0
NT2023,Sphaerophoria rueppellii,0
NT2023,Sphaerophoria scripta,0
NT2023,Sphaerophoria taeniata,0
NT2023,Sphecodes crassus,0
NT2023,Sphecodes ephippius,0
NT2023,Sphecodes ferruginatus,0
NT2023,Sphecodes geoffrellus,0
NT2023,Sphecodes monilicornis,0
NT2023,Sphecodes niger,0
NT2023,Sphegina clunipes,0
NT2023,Syritta pipiens,0
NT2023,Syrphus rectus,0
NT2023,Syrphus ribesii,8
NT2023,Syrphus torvus,1
NT2023,Syrphus vitripennis,2
NT2023,Tropidia scita,0
NT2023,Volucella bombylans,1
NT2023,Volucella inanis,0
NT2023,Volucella inflata,0
NT2023,Volucella pellucens,0
NT2023,Xanthogramma pedissequum,0
NT2023,Xanthogramma stackelbergi,0
NT2023,Xylota abiens,0
NT2023,Xylota jakutorum,0
NT2023,Xylota segnis,0
NT2023,Xylota sylvarum,0
NT4470,Anasimyia contracta,0
NT4470,Anasimyia lineata,0
NT4470,Anasimyia transfuga,0
NT4470,Andrena alfkenella,0
NT4470,Andrena angustior,0
NT4470,Andrena bicolor,0
NT4470,Andrena bucephala,0
NT4470,Andrena chrysosceles,0
NT4470,Andrena cineraria,0
NT4470,Andrena coitana,0
NT4470,Andrena denticulata,0
NT4470,Andrena dorsata,0
NT4470,Andrena flavipes,0
NT4470,Andrena fucata,0
NT4470,Andrena fulva,0
NT4470,Andrena haemorrhoa,0
NT4470,Andrena helvola,0
NT4470,Andrena humilis,0
NT4470,Andrena lapponica,0
NT4470,Andrena minutula,0
NT4470,Andrena nigriceps,0
NT4470,Andrena nigroaenea,0
NT4470,Andrena nitida,0
NT4470,Andrena scotica,0
NT4470,Andrena semilaevis,0
NT4470,Andrena subopaca,0
NT4470,Andrena synadelpha,0
NT4470,Andrena tarsata,0
NT4470,Andrena thoracica,0
NT4470,Andrena trimmerana,0
NT4470,Andrena wilkella,0
NT4470,Anthidium manicatum,0
NT4470,Anthophora furcata,0
NT4470,Anthophora plumipes,0
NT4470,Apis mellifera,0
NT4470,Arctophila superbiens,0
NT4470,Bombus barbutellus,0
NT4470,Bombus bohemicus,0
NT4470,Bombus campestris,0
NT4470,Bombus hortorum,0
NT4470,Bombus humilis,0
NT4470,Bombus hypnorum,0
NT4470,Bombus jonellus,0
NT4470,Bombus lapidarius,0
NT4470,Bombus lucorum,2
NT4470,Bombus monticola,0
NT4470,Bombus muscorum,0
NT4470,Bombus pascuorum,1
NT4470,Bombus pratorum,0
NT4470,Bombus ruderarius,0
NT4470,Bombus ruderatus,0
NT4470,Bombus rupestris,0
NT4470,Bombus soroeensis,0
NT4470,Bombus sylvestris,0
NT4470,Bombus terrestris,0
NT4470,Bombus vestalis,0
NT4470,Chalcosyrphus nemorum,0
NT4470,Cheilosia albitarsis,0
NT4470,Cheilosia bergenstammi,0
NT4470,Cheilosia fraterna,0
NT4470,Cheilosia illustrata,0
NT4470,Cheilosia lasiopa,0
NT4470,Cheilosia latifrons,0
NT4470,Cheilosia pagana,0
NT4470,Cheilosia proxima,0
NT4470,Cheilosia soror,0
NT4470,Cheilosia vernalis,0
NT4470,Chelostoma campanularum,0
NT4470,Chrysogaster cemiteriorum,0
NT4470,Chrysogaster virescens,0
NT4470,Chrysotoxum arcuatum,0
NT4470,Chrysotoxum bicinctum,0
NT4470,Chrysotoxum festivum,0
NT4470,Chrysotoxum verralli,0
NT4470,Coelioxys elongata,0
NT4470,Coelioxys inermis,0
NT4470,Colletes similis,0
NT4470,Colletes succinctus,0
NT4470,Dasypoda hirtipes,0
NT4470,Dasysyrphus albostriatus,0
NT4470,Dasysyrphus neovenustus,0
NT4470,Dasysyrphus tricinctus,0
NT4470,Dasysyrphus venustus,0
NT4470,Epistrophe grossulariae,0
NT4470,Episyrphus balteatus,5
NT4470,Eristalinus aeneus,0
NT4470,Eristalinus sepulchralis,0
NT4470,Eristalis abusiva,0
NT4470,Eristalis abusivus,0
NT4470,Eristalis arbustorum,0
NT4470,Eristalis horticola,0
NT4470,Eristalis intricaria,0
NT4470,Eristalis intricarius,0
NT4470,Eristalis nemorum,0
NT4470,Eristalis pertinax,1
NT4470,Eristalis rupium,0
NT4470,Eristalis tenax,0
NT4470,Eucera longicornis,0
NT4470,Eumerus funeralis,0
NT4470,Eumerus ornatus,0
NT4470,Eumerus strigatus,0
NT4470,Eupeodes corollae,11
NT4470,Eupeodes latifasciatus,0
NT4470,Eupeodes luniger,0
NT4470,Ferdinandea cuprea,0
NT4470,Halictus confusus,0
NT4470,Halictus eurygnathus,0
NT4470,Halictus rubicundus,0
NT4470,Halictus tumulorum,0
NT4470,Helophilus hybridus,0
NT4470,Helophilus pendulus,0
NT4470,Helophilus trivittatus,0
NT4470,Hylaeus brevicornis,0
NT4470,Hylaeus communis,0
NT4470,Hylaeus confusus,0
NT4470,Hylaeus dilatatus,0
NT4470,Hylaeus hyalinatus,0
NT4470,Hylaeus pectoralis,0
NT4470,Lasioglossum albipes,0
NT4470,Lasioglossum calceatum,0
NT4470,Lasioglossum cupromicans,0
NT4470,Lasioglossum fratellum,0
NT4470,Lasioglossum fulvicorne,0
NT4470,Lasioglossum laevigatum,0
NT4470,Lasioglossum lativentre,0
NT4470,Lasioglossum leucopus,0
NT4470,Lasioglossum leucozonium,0
NT4470,Lasioglossum malachurum,0
NT4470,Lasioglossum minutissimum,0
NT4470,Lasioglossum morio,0
NT4470,Lasioglossum parvulum,0
NT4470,Lasioglossum pauperatum,0
NT4470,Lasioglossum pauxillum,0
NT4470,Lasioglossum punctatissimum,0
NT4470,Lasioglossum puncticolle,0
NT4470,Lasioglossum quadrinotatum,0
NT4470,Lasioglossum rufitarse,0
NT4470,Lasioglossum smeathmanellum,0
NT4470,Lasioglossum villosulum,0
NT4470,Lasioglossum xanthopus,0
NT4470,Lasioglossum zonulum,0
NT4470,Lejogaster metallina,0
NT4470,Leucozona glaucia,0
NT4470,Leucozona laternaria,0
NT4470,Macropis europaea,0
NT4470,Megachile centuncularis,0
NT4470,Megachile ligniseca,0
NT4470,Megachile versicolor,0
NT4470,Megachile willughbiella,0
NT4470,Melangyna cincta,0
NT4470,Melangyna labiatarum,0
NT4470,Melangyna lasiophthalma,0
NT4470,Melangyna umbellatarum,0
NT4470,Melanogaster aerosa,0
NT4470,Melanogaster hirtella,0
NT4470,Melanostoma form,0
NT4470,Melanostoma mellinum,5
NT4470,Melanostoma scalare,3
NT4470,Meliscaeva auricollis,0
NT4470,Meliscaeva cinctella,0
NT4470,Melitta leporina,0
NT4470,Merodon equestris,0
NT4470,Myathropa florea,0
NT4470,Neoascia geniculata,0
NT4470,Neoascia meticulosa,0
NT4470,Neoascia podagrica,4
NT4470,Neoascia tenur,0
NT4470,Nomada fabriciana,0
NT4470,Nomada flava,0
NT4470,Nomada flavoguttata,0
NT4470,Nomada flavopicta,0
NT4470,Nomada fucata,0
NT4470,Nomada goodeniana,0
NT4470,Nomada lathburiana,0
NT4470,Nomada marshamella,0
NT4470,Nomada obtusifrons,0
NT4470,Nomada panzeri,0
NT4470,Nomada ruficornis,0
NT4470,Nomada striata,0
NT4470,Orthonevra nobilis,0
NT4470,Osmia bicolor,0
NT4470,Osmia bicornis,0
NT4470,Osmia caerulescens,0
NT4470,Osmia leaiana,0
NT4470,Osmia spinulosa,0
NT4470,Panurgus banksianus,0
NT4470,Panurgus calcaratus,0
NT4470,Parasyrphus punctulatus,0
NT4470,Parhelophilus frutetorum,0
NT4470,Parhelophilus versicolor,0
NT4470,Pipiza bimaculata,0
NT4470,Pipizella viduata,0
NT4470,Platycheirus albimanus,4
NT4470,Platycheirus clypeatus,0
NT4470,Platycheirus granditarsus,0
NT4470,Platycheirus manicatus,0
NT4470,Platycheirus nielseni,0
NT4470,Platycheirus peltatus,0
NT4470,Platycheirus ramsarensis,0
NT4470,Platycheirus rosarum,0
NT4470,Platycheirus scutatus,0
NT4470,Platycheirus tarsalis,0
NT4470,Rhingia campestris,2
NT4470,Rhingia rostrata,0
NT4470,Riponnensia splendens,0
NT4470,Scaeva pyrastri,0
NT4470,Scaeva selenitica,0
NT4470,Sericomyia lappona,0
NT4470,Sericomyia silentis,0
NT4470,Sericomyia superbiens,0
NT4470,Sphaerophoria fatarum,0
NT4470,Sphaerophoria interrupta,0
NT4470,Sphaerophoria philanthus,0
NT4470,Sphaerophoria rueppellii,0
NT4470,Sphaerophoria scripta,0
NT4470,Sphaerophoria taeniata,0
NT4470,Sphecodes crassus,0
NT4470,Sphecodes ephippius,0
NT4470,Sphecodes ferruginatus,0
NT4470,Sphecodes geoffrellus,0
NT4470,Sphecodes monilicornis,0
NT4470,Sphecodes niger,0
NT4470,Sphegina clunipes,0
NT4470,Syritta pipiens,0
NT4470,Syrphus rectus,0
NT4470,Syrphus ribesii,2
NT4470,Syrphus torvus,0
NT4470,Syrphus vitripennis,3
NT4470,Tropidia scita,0
NT4470,Volucella bombylans,0
NT4470,Volucella inanis,0
NT4470,Volucella inflata,0
NT4470,Volucella pellucens,0
NT4470,Xanthogramma pedissequum,0
NT4470,Xanthogramma stackelbergi,0
NT4470,Xylota abiens,0
NT4470,Xylota jakutorum,0
NT4470,Xylota segnis,0
NT4470,Xylota sylvarum,0
NT5824,Anasimyia contracta,0
NT5824,Anasimyia lineata,0
NT5824,Anasimyia transfuga,0
NT5824,Andrena alfkenella,0
NT5824,Andrena angustior,0
NT5824,Andrena bicolor,0
NT5824,Andrena bucephala,0
NT5824,Andrena chrysosceles,0
NT5824,Andrena cineraria,0
NT5824,Andrena coitana,0
NT5824,Andrena denticulata,0
NT5824,Andrena dorsata,0
NT5824,Andrena flavipes,0
NT5824,Andrena fucata,0
NT5824,Andrena fulva,0
NT5824,Andrena haemorrhoa,2
NT5824,Andrena helvola,0
NT5824,Andrena humilis,0
NT5824,Andrena lapponica,1
NT5824,Andrena minutula,0
NT5824,Andrena nigriceps,0
NT5824,Andrena nigroaenea,1
NT5824,Andrena nitida,0
NT5824,Andrena scotica,0
NT5824,Andrena semilaevis,0
NT5824,Andrena subopaca,1
NT5824,Andrena synadelpha,0
NT5824,Andrena tarsata,0
NT5824,Andrena thoracica,0
NT5824,Andrena trimmerana,0
NT5824,Andrena wilkella,0
NT5824,Anthidium manicatum,0
NT5824,Anthophora furcata,0
NT5824,Anthophora plumipes,0
NT5824,Apis mellifera,8
NT5824,Arctophila superbiens,0
NT5824,Bombus barbutellus,1
NT5824,Bombus bohemicus,0
NT5824,Bombus campestris,1
NT5824,Bombus hortorum,7
NT5824,Bombus humilis,0
NT5824,Bombus hypnorum,1
NT5824,Bombus jonellus,0
NT5824,Bombus lapidarius,12
NT5824,Bombus lucorum,7
NT5824,Bombus monticola,0
NT5824,Bombus muscorum,0
NT5824,Bombus pascuorum,2
NT5824,Bombus pratorum,0
NT5824,Bombus ruderarius,0
NT5824,Bombus ruderatus,0
NT5824,Bombus rupestris,0
NT5824,Bombus soroeensis,0
NT5824,Bombus sylvestris,1
NT5824,Bombus terrestris,3
NT5824,Bombus vestalis,2
NT5824,Chalcosyrphus nemorum,1
NT5824,Cheilosia albitarsis,1
NT5824,Cheilosia bergenstammi,0
NT5824,Cheilosia fraterna,0
NT5824,Cheilosia illustrata,0
NT5824,Cheilosia lasiopa,0
NT5824,Cheilosia latifrons,0
NT5824,Cheilosia pagana,0
NT5824,Cheilosia proxima,0
NT5824,Cheilosia soror,0
NT5824,Cheilosia vernalis,0
NT5824,Chelostoma campanularum,0
NT5824,Chrysogaster cemiteriorum,0
NT5824,Chrysogaster virescens,0
NT5824,Chrysotoxum arcuatum,0
NT5824,Chrysotoxum bicinctum,0
NT5824,Chrysotoxum festivum,0
NT5824,Chrysotoxum verralli,0
NT5824,Coelioxys elongata,0
NT5824,Coelioxys inermis,0
NT5824,Colletes similis,0
NT5824,Colletes succinctus,0
NT5824,Dasypoda hirtipes,0
NT5824,Dasysyrphus albostriatus,2
NT5824,Dasysyrphus neovenustus,0
NT5824,Dasysyrphus tricinctus,0
NT5824,Dasysyrphus venustus,0
NT5824,Epistrophe grossulariae,0
NT5824,Episyrphus balteatus,10
NT5824,Eristalinus aeneus,0
NT5824,Eristalinus sepulchralis,0
NT5824,Eristalis abusiva,0
NT5824,Eristalis abusivus,0
NT5824,Eristalis arbustorum,0
NT5824,Eristalis horticola,0
NT5824,Eristalis intricaria,0
NT5824,Eristalis intricarius,0
NT5824,Eristalis nemorum,0
NT5824,Eristalis pertinax,10
NT5824,Eristalis rupium,0
NT5824,Eristalis tenax,1
NT5824,Eucera longicornis,0
NT5824,Eumerus funeralis,0
NT5824,Eumerus ornatus,0
NT5824,Eumerus strigatus,0
NT5824,Eupeodes corollae,42
NT5824,Eupeodes latifasciatus,10
NT5824,Eupeodes luniger,9
NT5824,Ferdinandea cuprea,0
NT5824,Halictus confusus,0
NT5824,Halictus eurygnathus,0
NT5824,Halictus rubicundus,1
NT5824,Halictus tumulorum,0
NT5824,Helophilus hybridus,0
NT5824,Helophilus pendulus,8
NT5824,Helophilus trivittatus,0
NT5824,Hylaeus brevicornis,0
NT5824,Hylaeus communis,0
NT5824,Hylaeus confusus,0
NT5824,Hylaeus dilatatus,0
NT5824,Hylaeus hyalinatus,0
NT5824,Hylaeus pectoralis,0
NT5824,Lasioglossum albipes,0
NT5824,Lasioglossum calceatum,4
NT5824,Lasioglossum cupromicans,0
NT5824,Lasioglossum fratellum,0
NT5824,Lasioglossum fulvicorne,0
NT5824,Lasioglossum laevigatum,0
NT5824,Lasioglossum lativentre,0
NT5824,Lasioglossum leucopus,0
NT5824,Lasioglossum leucozonium,0
NT5824,Lasioglossum malachurum,0
NT5824,Lasioglossum minutissimum,0
NT5824,Lasioglossum morio,0
NT5824,Lasioglossum parvulum,0
NT5824,Lasioglossum pauperatum,0
NT5824,Lasioglossum pauxillum,0
NT5824,Lasioglossum punctatissimum,0
NT5824,Lasioglossum puncticolle,0
NT5824,Lasioglossum quadrinotatum,0
NT5824,Lasioglossum rufitarse,0
NT5824,Lasioglossum smeathmanellum,0
NT5824,Lasioglossum villosulum,0
NT5824,Lasioglossum xanthopus,0
NT5824,Lasioglossum zonulum,0
NT5824,Lejogaster metallina,0
NT5824,Leucozona glaucia,0
NT5824,Leucozona laternaria,0
NT5824,Macropis europaea,0
NT5824,Megachile centuncularis,0
NT5824,Megachile ligniseca,0
NT5824,Megachile versicolor,0
NT5824,Megachile willughbiella,0
NT5824,Melangyna cincta,0
NT5824,Melangyna labiatarum,0
NT5824,Melangyna lasiophthalma,0
NT5824,Melangyna umbellatarum,0
NT5824,Melanogaster aerosa,0
NT5824,Melanogaster hirtella,0
NT5824,Melanostoma form,0
NT5824,Melanostoma mellinum,6
NT5824,Melanostoma scalare,0
NT5824,Meliscaeva auricollis,0
NT5824,Meliscaeva cinctella,1
NT5824,Melitta leporina,0
NT5824,Merodon equestris,0
NT5824,Myathropa florea,0
NT5824,Neoascia geniculata,0
NT5824,Neoascia meticulosa,0
NT5824,Neoascia podagrica,5
NT5824,Neoascia tenur,0
NT5824,Nomada fabriciana,0
NT5824,Nomada flava,0
NT5824,Nomada flavoguttata,0
NT5824,Nomada flavopicta,0
NT5824,Nomada fucata,0
NT5824,Nomada goodeniana,0
NT5824,Nomada lathburiana,0
NT5824,Nomada marshamella,0
NT5824,Nomada obtusifrons,0
NT5824,Nomada panzeri,0
NT5824,Nomada ruficornis,0
NT5824,Nomada striata,0
NT5824,Orthonevra nobilis,0
NT5824,Osmia bicolor,0
NT5824,Osmia bicornis,0
NT5824,Osmia caerulescens,0
NT5824,Osmia leaiana,0
NT5824,Osmia spinulosa,0
NT5824,Panurgus banksianus,0
NT5824,Panurgus calcaratus,0
NT5824,Parasyrphus punctulatus,0
NT5824,Parhelophilus frutetorum,0
NT5824,Parhelophilus versicolor,0
NT5824,Pipiza bimaculata,0
NT5824,Pipizella viduata,0
NT5824,Platycheirus albimanus,9
NT5824,Platycheirus clypeatus,0
NT5824,Platycheirus granditarsus,5
NT5824,Platycheirus manicatus,0
NT5824,Platycheirus nielseni,0
NT5824,Platycheirus peltatus,0
NT5824,Platycheirus ramsarensis,0
NT5824,Platycheirus rosarum,0
NT5824,Platycheirus scutatus,2
NT5824,Platycheirus tarsalis,0
NT5824,Rhingia campestris,3
NT5824,Rhingia rostrata,0
NT5824,Riponnensia splendens,0
NT5824,Scaeva pyrastri,1
NT5824,Scaeva selenitica,0
NT5824,Sericomyia lappona,0
NT5824,Sericomyia silentis,0
NT5824,Sericomyia superbiens,0
NT5824,Sphaerophoria fatarum,0
NT5824,Sphaerophoria interrupta,0
NT5824,Sphaerophoria philanthus,0
NT5824,Sphaerophoria rueppellii,0
NT5824,Sphaerophoria scripta,0
NT5824,Sphaerophoria taeniata,0
NT5824,Sphecodes crassus,0
NT5824,Sphecodes ephippius,0
NT5824,Sphecodes ferruginatus,0
NT5824,Sphecodes geoffrellus,0
NT5824,Sphecodes monilicornis,0
NT5824,Sphecodes niger,0
NT5824,Sphegina clunipes,0
NT5824,Syritta pipiens,0
NT5824,Syrphus rectus,1
NT5824,Syrphus ribesii,12
NT5824,Syrphus torvus,1
NT5824,Syrphus vitripennis,6
NT5824,Tropidia scita,0
NT5824,Volucella bombylans,0
NT5824,Volucella inanis,0
NT5824,Volucella inflata,0
NT5824,Volucella pellucens,0
NT5824,Xanthogramma pedissequum,0
NT5824,Xanthogramma stackelbergi,0
NT5824,Xylota abiens,0
NT5824,Xylota jakutorum,0
NT5824,Xylota segnis,2
NT5824,Xylota sylvarum,0
NX8392,Anasimyia contracta,0
NX8392,Anasimyia lineata,0
NX8392,Anasimyia transfuga,0
NX8392,Andrena alfkenella,0
NX8392,Andrena angustior,0
NX8392,Andrena bicolor,3
NX8392,Andrena bucephala,0
NX8392,Andrena chrysosceles,0
NX8392,Andrena cineraria,0
NX8392,Andrena coitana,0
NX8392,Andrena denticulata,0
NX8392,Andrena dorsata,0
NX8392,Andrena flavipes,0
NX8392,Andrena fucata,1
NX8392,Andrena fulva,0
NX8392,Andrena haemorrhoa,0
NX8392,Andrena helvola,0
NX8392,Andrena humilis,0
NX8392,Andrena lapponica,0
NX8392,Andrena minutula,2
NX8392,Andrena nigriceps,0
NX8392,Andrena nigroaenea,0
NX8392,Andrena nitida,0
NX8392,Andrena scotica,1
NX8392,Andrena semilaevis,0
NX8392,Andrena subopaca,0
NX8392,Andrena synadelpha,0
NX8392,Andrena tarsata,0
NX8392,Andrena thoracica,0
NX8392,Andrena trimmerana,0
NX8392,Andrena wilkella,0
NX8392,Anthidium manicatum,0
NX8392,Anthophora furcata,0
NX8392,Anthophora plumipes,0
NX8392,Apis mellifera,11
NX8392,Arctophila superbiens,0
NX8392,Bombus barbutellus,0
NX8392,Bombus bohemicus,1
NX8392,Bombus campestris,1
NX8392,Bombus hortorum,10
NX8392,Bombus humilis,0
NX8392,Bombus hypnorum,0
NX8392,Bombus jonellus,0
NX8392,Bombus lapidarius,1
NX8392,Bombus lucorum,11
NX8392,Bombus monticola,0
NX8392,Bombus muscorum,0
NX8392,Bombus pascuorum,4
NX8392,Bombus pratorum,2
NX8392,Bombus ruderarius,0
NX8392,Bombus ruderatus,0
NX8392,Bombus rupestris,0
NX8392,Bombus soroeensis,0
NX8392,Bombus sylvestris,2
NX8392,Bombus terrestris,1
NX8392,Bombus vestalis,0
NX8392,Chalcosyrphus nemorum,0
NX8392,Cheilosia albitarsis,0
NX8392,Cheilosia bergenstammi,0
NX8392,Cheilosia fraterna,4
NX8392,Cheilosia illustrata,0
NX8392,Cheilosia lasiopa,0
NX8392,Cheilosia latifrons,0
NX8392,Cheilosia pagana,0
NX8392,Cheilosia proxima,0
NX8392,Cheilosia soror,0
NX8392,Cheilosia vernalis,0
NX8392,Chelostoma campanularum,0
NX8392,Chrysogaster cemiteriorum,0
NX8392,Chrysogaster virescens,0
NX8392,Chrysotoxum arcuatum,0
NX8392,Chrysotoxum bicinctum,0
NX8392,Chrysotoxum festivum,0
NX8392,Chrysotoxum verralli,0
NX8392,Coelioxys elongata,0
NX8392,Coelioxys inermis,0
NX8392,Colletes similis,0
NX8392,Colletes succinctus,0
NX8392,Dasypoda hirtipes,0
NX8392,Dasysyrphus albostriatus,0
NX8392,Dasysyrphus neovenustus,0
NX8392,Dasysyrphus tricinctus,0
NX8392,Dasysyrphus venustus,0
NX8392,Epistrophe grossulariae,0
NX8392,Episyrphus balteatus,5
NX8392,Eristalinus aeneus,0
NX8392,Eristalinus sepulchralis,0
NX8392,Eristalis abusiva,0
NX8392,Eristalis abusivus,0
NX8392,Eristalis arbustorum,13
NX8392,Eristalis horticola,0
NX8392,Eristalis intricaria,0
NX8392,Eristalis intricarius,0
NX8392,Eristalis nemorum,1
NX8392,Eristalis pertinax,2
NX8392,Eristalis rupium,0
NX8392,Eristalis tenax,0
NX8392,Eucera longicornis,0
NX8392,Eumerus funeralis,0
NX8392,Eumerus ornatus,0
NX8392,Eumerus strigatus,0
NX8392,Eupeodes corollae,2
NX8392,Eupeodes latifasciatus,2
NX8392,Eupeodes luniger,3
NX8392,Ferdinandea cuprea,1
NX8392,Halictus confusus,0
NX8392,Halictus eurygnathus,0
NX8392,Halictus rubicundus,13
NX8392,Halictus tumulorum,0
NX8392,Helophilus hybridus,0
NX8392,Helophilus pendulus,4
NX8392,Helophilus trivittatus,0
NX8392,Hylaeus brevicornis,0
NX8392,Hylaeus communis,0
NX8392,Hylaeus confusus,2
NX8392,Hylaeus dilatatus,0
NX8392,Hylaeus hyalinatus,0
NX8392,Hylaeus pectoralis,0
NX8392,Lasioglossum albipes,3
NX8392,Lasioglossum calceatum,2
NX8392,Lasioglossum cupromicans,12
NX8392,Lasioglossum fratellum,15
NX8392,Lasioglossum fulvicorne,0
NX8392,Lasioglossum laevigatum,0
NX8392,Lasioglossum lativentre,0
NX8392,Lasioglossum leucopus,2
NX8392,Lasioglossum leucozonium,0
NX8392,Lasioglossum malachurum,0
NX8392,Lasioglossum minutissimum,0
NX8392,Lasioglossum morio,0
NX8392,Lasioglossum parvulum,0
NX8392,Lasioglossum pauperatum,0
NX8392,Lasioglossum pauxillum,0
NX8392,Lasioglossum punctatissimum,0
NX8392,Lasioglossum puncticolle,0
NX8392,Lasioglossum quadrinotatum,0
NX8392,Lasioglossum rufitarse,3
NX8392,Lasioglossum smeathmanellum,0
NX8392,Lasioglossum villosulum,1
NX8392,Lasioglossum xanthopus,0
NX8392,Lasioglossum zonulum,0
NX8392,Lejogaster metallina,0
NX8392,Leucozona glaucia,0
NX8392,Leucozona laternaria,0
NX8392,Macropis europaea,0
NX8392,Megachile centuncularis,0
NX8392,Megachile ligniseca,0
NX8392,Megachile versicolor,0
NX8392,Megachile willughbiella,0
NX8392,Melangyna cincta,0
NX8392,Melangyna labiatarum,0
NX8392,Melangyna lasiophthalma,1
NX8392,Melangyna umbellatarum,0
NX8392,Melanogaster aerosa,0
NX8392,Melanogaster hirtella,2
NX8392,Melanostoma form,0
NX8392,Melanostoma mellinum,2
NX8392,Melanostoma scalare,3
NX8392,Meliscaeva auricollis,0
NX8392,Meliscaeva cinctella,1
NX8392,Melitta leporina,0
NX8392,Merodon equestris,0
NX8392,Myathropa florea,0
NX8392,Neoascia geniculata,0
NX8392,Neoascia meticulosa,0
NX8392,Neoascia podagrica,2
NX8392,Neoascia tenur,2
NX8392,Nomada fabriciana,0
NX8392,Nomada flava,2
NX8392,Nomada flavoguttata,0
NX8392,Nomada flavopicta,0
NX8392,Nomada fucata,0
NX8392,Nomada goodeniana,0
NX8392,Nomada lathburiana,0
NX8392,Nomada marshamella,1
NX8392,Nomada obtusifrons,0
NX8392,Nomada panzeri,0
NX8392,Nomada ruficornis,0
NX8392,Nomada striata,0
NX8392,Orthonevra nobilis,0
NX8392,Osmia bicolor,0
NX8392,Osmia bicornis,0
NX8392,Osmia caerulescens,0
NX8392,Osmia leaiana,0
NX8392,Osmia spinulosa,0
NX8392,Panurgus banksianus,0
NX8392,Panurgus calcaratus,0
NX8392,Parasyrphus punctulatus,1
NX8392,Parhelophilus frutetorum,0
NX8392,Parhelophilus versicolor,0
NX8392,Pipiza bimaculata,0
NX8392,Pipizella viduata,0
NX8392,Platycheirus albimanus,4
NX8392,Platycheirus clypeatus,0
NX8392,Platycheirus granditarsus,0
NX8392,Platycheirus manicatus,0
NX8392,Platycheirus nielseni,0
NX8392,Platycheirus peltatus,0
NX8392,Platycheirus ramsarensis,0
NX8392,Platycheirus rosarum,0
NX8392,Platycheirus scutatus,0
NX8392,Platycheirus tarsalis,0
NX8392,Rhingia campestris,4
NX8392,Rhingia rostrata,0
NX8392,Riponnensia splendens,0
NX8392,Scaeva pyrastri,0
NX8392,Scaeva selenitica,0
NX8392,Sericomyia lappona,0
NX8392,Sericomyia silentis,4
NX8392,Sericomyia superbiens,0
NX8392,Sphaerophoria fatarum,0
NX8392,Sphaerophoria interrupta,0
NX8392,Sphaerophoria philanthus,0
NX8392,Sphaerophoria rueppellii,0
NX8392,Sphaerophoria scripta,0
NX8392,Sphaerophoria taeniata,0
NX8392,Sphecodes crassus,0
NX8392,Sphecodes ephippius,0
NX8392,Sphecodes ferruginatus,0
NX8392,Sphecodes geoffrellus,0
NX8392,Sphecodes monilicornis,0
NX8392,Sphecodes niger,0
NX8392,Sphegina clunipes,1
NX8392,Syritta pipiens,0
NX8392,Syrphus rectus,0
NX8392,Syrphus ribesii,5
NX8392,Syrphus torvus,0
NX8392,Syrphus vitripennis,2
NX8392,Tropidia scita,0
NX8392,Volucella bombylans,0
NX8392,Volucella inanis,0
NX8392,Volucella inflata,0
NX8392,Volucella pellucens,0
NX8392,Xanthogramma pedissequum,0
NX8392,Xanthogramma stackelbergi,0
NX8392,Xylota abiens,0
NX8392,Xylota jakutorum,1
NX8392,Xylota segnis,23
NX8392,Xylota sylvarum,0
SE1582,Anasimyia contracta,0
SE1582,Anasimyia lineata,0
SE1582,Anasimyia transfuga,0
SE1582,Andrena alfkenella,0
SE1582,Andrena angustior,4
SE1582,Andrena bicolor,0
SE1582,Andrena bucephala,0
SE1582,Andrena chrysosceles,0
SE1582,Andrena cineraria,1
SE1582,Andrena coitana,0
SE1582,Andrena denticulata,0
SE1582,Andrena dorsata,0
SE1582,Andrena flavipes,0
SE1582,Andrena fucata,1
SE1582,Andrena fulva,0
SE1582,Andrena haemorrhoa,5
SE1582,Andrena helvola,0
SE1582,Andrena humilis,0
SE1582,Andrena lapponica,1
SE1582,Andrena minutula,0
SE1582,Andrena nigriceps,0
SE1582,Andrena nigroaenea,1
SE1582,Andrena nitida,0
SE1582,Andrena scotica,0
SE1582,Andrena semilaevis,0
SE1582,Andrena subopaca,0
SE1582,Andrena synadelpha,0
SE1582,Andrena tarsata,0
SE1582,Andrena thoracica,0
SE1582,Andrena trimmerana,0
SE1582,Andrena wilkella,0
SE1582,Anthidium manicatum,0
SE1582,Anthophora furcata,0
SE1582,Anthophora plumipes,0
SE1582,Apis mellifera,20
SE1582,Arctophila superbiens,0
SE1582,Bombus barbutellus,0
SE1582,Bombus bohemicus,0
SE1582,Bombus campestris,0
SE1582,Bombus hortorum,2
SE1582,Bombus humilis,0
SE1582,Bombus hypnorum,0
SE1582,Bombus jonellus,0
SE1582,Bombus lapidarius,2
SE1582,Bombus lucorum,14
SE1582,Bombus monticola,6
SE1582,Bombus muscorum,0
SE1582,Bombus pascuorum,0
SE1582,Bombus pratorum,0
SE1582,Bombus ruderarius,0
SE1582,Bombus ruderatus,0
SE1582,Bombus rupestris,0
SE1582,Bombus soroeensis,0
SE1582,Bombus sylvestris,0
SE1582,Bombus terrestris,4
SE1582,Bombus vestalis,0
SE1582,Chalcosyrphus nemorum,0
SE1582,Cheilosia albitarsis,0
SE1582,Cheilosia bergenstammi,0
SE1582,Cheilosia fraterna,0
SE1582,Cheilosia illustrata,0
SE1582,Cheilosia lasiopa,0
SE1582,Cheilosia latifrons,0
SE1582,Cheilosia pagana,0
SE1582,Cheilosia proxima,0
SE1582,Cheilosia soror,0
SE1582,Cheilosia vernalis,0
SE1582,Chelostoma campanularum,0
SE1582,Chrysogaster cemiteriorum,0
SE1582,Chrysogaster virescens,0
SE1582,Chrysotoxum arcuatum,0
SE1582,Chrysotoxum bicinctum,0
SE1582,Chrysotoxum festivum,0
SE1582,Chrysotoxum verralli,0
SE1582,Coelioxys elongata,0
SE1582,Coelioxys inermis,0
SE1582,Colletes similis,0
SE1582,Colletes succinctus,0
SE1582,Dasypoda hirtipes,0
SE1582,Dasysyrphus albostriatus,0
SE1582,Dasysyrphus neovenustus,0
SE1582,Dasysyrphus tricinctus,0
SE1582,Dasysyrphus venustus,0
SE1582,Epistrophe grossulariae,0
SE1582,Episyrphus balteatus,3
SE1582,Eristalinus aeneus,0
SE1582,Eristalinus sepulchralis,0
SE1582,Eristalis abusiva,1
SE1582,Eristalis abusivus,1
SE1582,Eristalis arbustorum,6
SE1582,Eristalis horticola,0
SE1582,Eristalis intricaria,0
SE1582,Eristalis intricarius,0
SE1582,Eristalis nemorum,0
SE1582,Eristalis pertinax,0
SE1582,Eristalis rupium,0
SE1582,Eristalis tenax,8
SE1582,Eucera longicornis,0
SE1582,Eumerus funeralis,0
SE1582,Eumerus ornatus,0
SE1582,Eumerus strigatus,0
SE1582,Eupeodes corollae,2
SE1582,Eupeodes latifasciatus,1
SE1582,Eupeodes luniger,0
SE1582,Ferdinandea cuprea,0
SE1582,Halictus confusus,0
SE1582,Halictus eurygnathus,0
SE1582,Halictus rubicundus,7
SE1582,Halictus tumulorum,0
SE1582,Helophilus hybridus,0
SE1582,Helophilus pendulus,1
SE1582,Helophilus trivittatus,0
SE1582,Hylaeus brevicornis,0
SE1582,Hylaeus communis,0
SE1582,Hylaeus confusus,0
SE1582,Hylaeus dilatatus,0
SE1582,Hylaeus hyalinatus,0
SE1582,Hylaeus pectoralis,0
SE1582,Lasioglossum albipes,1
SE1582,Lasioglossum calceatum,14
SE1582,Lasioglossum cupromicans,2
SE1582,Lasioglossum fratellum,9
SE1582,Lasioglossum fulvicorne,1
SE1582,Lasioglossum laevigatum,0
SE1582,Lasioglossum lativentre,0
SE1582,Lasioglossum leucopus,0
SE1582,Lasioglossum leucozonium,0
SE1582,Lasioglossum malachurum,0
SE1582,Lasioglossum minutissimum,0
SE1582,Lasioglossum morio,0
SE1582,Lasioglossum parvulum,0
SE1582,Lasioglossum pauperatum,0
SE1582,Lasioglossum pauxillum,0
SE1582,Lasioglossum punctatissimum,0
SE1582,Lasioglossum puncticolle,0
SE1582,Lasioglossum quadrinotatum,0
SE1582,Lasioglossum rufitarse,0
SE1582,Lasioglossum smeathmanellum,0
SE1582,Lasioglossum villosulum,0
SE1582,Lasioglossum xanthopus,0
SE1582,Lasioglossum zonulum,0
SE1582,Lejogaster metallina,0
SE1582,Leucozona glaucia,0
SE1582,Leucozona laternaria,0
SE1582,Macropis europaea,0
SE1582,Megachile centuncularis,0
SE1582,Megachile ligniseca,0
SE1582,Megachile versicolor,0
SE1582,Megachile willughbiella,0
SE1582,Melangyna cincta,0
SE1582,Melangyna labiatarum,0
SE1582,Melangyna lasiophthalma,0
SE1582,Melangyna umbellatarum,0
SE1582,Melanogaster aerosa,0
SE1582,Melanogaster hirtella,0
SE1582,Melanostoma form,0
SE1582,Melanostoma mellinum,3
SE1582,Melanostoma scalare,0
SE1582,Meliscaeva auricollis,0
SE1582,Meliscaeva cinctella,0
SE1582,Melitta leporina,0
SE1582,Merodon equestris,0
SE1582,Myathropa florea,1
SE1582,Neoascia geniculata,0
SE1582,Neoascia meticulosa,0
SE1582,Neoascia podagrica,1
SE1582,Neoascia tenur,0
SE1582,Nomada fabriciana,0
SE1582,Nomada flava,0
SE1582,Nomada flavoguttata,0
SE1582,Nomada flavopicta,0
SE1582,Nomada fucata,0
SE1582,Nomada goodeniana,0
SE1582,Nomada lathburiana,0
SE1582,Nomada marshamella,0
SE1582,Nomada obtusifrons,0
SE1582,Nomada panzeri,0
SE1582,Nomada ruficornis,0
SE1582,Nomada striata,0
SE1582,Orthonevra nobilis,0
SE1582,Osmia bicolor,0
SE1582,Osmia bicornis,0
SE1582,Osmia caerulescens,0
SE1582,Osmia leaiana,0
SE1582,Osmia spinulosa,0
SE1582,Panurgus banksianus,0
SE1582,Panurgus calcaratus,0
SE1582,Parasyrphus punctulatus,0
SE1582,Parhelophilus frutetorum,0
SE1582,Parhelophilus versicolor,0
SE1582,Pipiza bimaculata,0
SE1582,Pipizella viduata,0
SE1582,Platycheirus albimanus,0
SE1582,Platycheirus clypeatus,0
SE1582,Platycheirus granditarsus,1
SE1582,Platycheirus manicatus,2
SE1582,Platycheirus nielseni,0
SE1582,Platycheirus peltatus,1
SE1582,Platycheirus ramsarensis,0
SE1582,Platycheirus rosarum,0
SE1582,Platycheirus scutatus,0
SE1582,Platycheirus tarsalis,0
SE1582,Rhingia campestris,2
SE1582,Rhingia rostrata,0
SE1582,Riponnensia splendens,0
SE1582,Scaeva pyrastri,0
SE1582,Scaeva selenitica,0
SE1582,Sericomyia lappona,0
SE1582,Sericomyia silentis,2
SE1582,Sericomyia superbiens,0
SE1582,Sphaerophoria fatarum,0
SE1582,Sphaerophoria interrupta,2
SE1582,Sphaerophoria philanthus,0
SE1582,Sphaerophoria rueppellii,0
SE1582,Sphaerophoria scripta,0
SE1582,Sphaerophoria taeniata,0
SE1582,Sphecodes crassus,0
SE1582,Sphecodes ephippius,0
SE1582,Sphecodes ferruginatus,0
SE1582,Sphecodes geoffrellus,0
SE1582,Sphecodes monilicornis,0
SE1582,Sphecodes niger,0
SE1582,Sphegina clunipes,0
SE1582,Syritta pipiens,1
SE1582,Syrphus rectus,0
SE1582,Syrphus ribesii,5
SE1582,Syrphus torvus,0
SE1582,Syrphus vitripennis,0
SE1582,Tropidia scita,0
SE1582,Volucella bombylans,0
SE1582,Volucella inanis,0
SE1582,Volucella inflata,0
SE1582,Volucella pellucens,0
SE1582,Xanthogramma pedissequum,0
SE1582,Xanthogramma stackelbergi,0
SE1582,Xylota abiens,0
SE1582,Xylota jakutorum,0
SE1582,Xylota segnis,0
SE1582,Xylota sylvarum,0
SE1845,Anasimyia contracta,0
SE1845,Anasimyia lineata,0
SE1845,Anasimyia transfuga,0
SE1845,Andrena alfkenella,0
SE1845,Andrena angustior,0
SE1845,Andrena bicolor,0
SE1845,Andrena bucephala,0
SE1845,Andrena chrysosceles,2
SE1845,Andrena cineraria,0
SE1845,Andrena coitana,0
SE1845,Andrena denticulata,0
SE1845,Andrena dorsata,0
SE1845,Andrena flavipes,0
SE1845,Andrena fucata,0
SE1845,Andrena fulva,2
SE1845,Andrena haemorrhoa,3
SE1845,Andrena helvola,0
SE1845,Andrena humilis,0
SE1845,Andrena lapponica,0
SE1845,Andrena minutula,0
SE1845,Andrena nigriceps,0
SE1845,Andrena nigroaenea,0
SE1845,Andrena nitida,0
SE1845,Andrena scotica,1
SE1845,Andrena semilaevis,0
SE1845,Andrena subopaca,0
SE1845,Andrena synadelpha,0
SE1845,Andrena tarsata,0
SE1845,Andrena thoracica,0
SE1845,Andrena trimmerana,0
SE1845,Andrena wilkella,0
SE1845,Anthidium manicatum,0
SE1845,Anthophora furcata,0
SE1845,Anthophora plumipes,0
SE1845,Apis mellifera,18
SE1845,Arctophila superbiens,0
SE1845,Bombus barbutellus,0
SE1845,Bombus bohemicus,0
SE1845,Bombus campestris,0
SE1845,Bombus hortorum,3
SE1845,Bombus humilis,0
SE1845,Bombus hypnorum,1
SE1845,Bombus jonellus,0
SE1845,Bombus lapidarius,2
SE1845,Bombus lucorum,12
SE1845,Bombus monticola,0
SE1845,Bombus muscorum,0
SE1845,Bombus pascuorum,19
SE1845,Bombus pratorum,1
SE1845,Bombus ruderarius,0
SE1845,Bombus ruderatus,0
SE1845,Bombus rupestris,0
SE1845,Bombus soroeensis,0
SE1845,Bombus sylvestris,0
SE1845,Bombus terrestris,3
SE1845,Bombus vestalis,0
SE1845,Chalcosyrphus nemorum,0
SE1845,Cheilosia albitarsis,0
SE1845,Cheilosia bergenstammi,1
SE1845,Cheilosia fraterna,0
SE1845,Cheilosia illustrata,0
SE1845,Cheilosia lasiopa,0
SE1845,Cheilosia latifrons,0
SE1845,Cheilosia pagana,1
SE1845,Cheilosia proxima,0
SE1845,Cheilosia soror,0
SE1845,Cheilosia vernalis,0
SE1845,Chelostoma campanularum,0
SE1845,Chrysogaster cemiteriorum,0
SE1845,Chrysogaster virescens,0
SE1845,Chrysotoxum arcuatum,0
SE1845,Chrysotoxum bicinctum,0
SE1845,Chrysotoxum festivum,0
SE1845,Chrysotoxum verralli,0
SE1845,Coelioxys elongata,0
SE1845,Coelioxys inermis,0
SE1845,Colletes similis,0
SE1845,Colletes succinctus,0
SE1845,Dasypoda hirtipes,0
SE1845,Dasysyrphus albostriatus,0
SE1845,Dasysyrphus neovenustus,0
SE1845,Dasysyrphus tricinctus,0
SE1845,Dasysyrphus venustus,0
SE1845,Epistrophe grossulariae,0
SE1845,Episyrphus balteatus,1
SE1845,Eristalinus aeneus,0
SE1845,Eristalinus sepulchralis,0
SE1845,Eristalis abusiva,0
SE1845,Eristalis abusivus,0
SE1845,Eristalis arbustorum,5
SE1845,Eristalis horticola,0
SE1845,Eristalis intricaria,0
SE1845,Eristalis intricarius,0
SE1845,Eristalis nemorum,0
SE1845,Eristalis pertinax,3
SE1845,Eristalis rupium,0
SE1845,Eristalis tenax,6
SE1845,Eucera longicornis,0
SE1845,Eumerus funeralis,2
SE1845,Eumerus ornatus,0
SE1845,Eumerus strigatus,0
SE1845,Eupeodes corollae,1
SE1845,Eupeodes latifasciatus,7
SE1845,Eupeodes luniger,0
SE1845,Ferdinandea cuprea,1
SE1845,Halictus confusus,0
SE1845,Halictus eurygnathus,0
SE1845,Halictus rubicundus,0
SE1845,Halictus tumulorum,3
SE1845,Helophilus hybridus,0
SE1845,Helophilus pendulus,8
SE1845,Helophilus trivittatus,0
SE1845,Hylaeus brevicornis,0
SE1845,Hylaeus communis,0
SE1845,Hylaeus confusus,0
SE1845,Hylaeus dilatatus,0
SE1845,Hylaeus hyalinatus,0
SE1845,Hylaeus pectoralis,0
SE1845,Lasioglossum albipes,2
SE1845,Lasioglossum calceatum,4
SE1845,Lasioglossum cupromicans,1
SE1845,Lasioglossum fratellum,0
SE1845,Lasioglossum fulvicorne,0
SE1845,Lasioglossum laevigatum,0
SE1845,Lasioglossum lativentre,0
SE1845,Lasioglossum leucopus,1
SE1845,Lasioglossum leucozonium,0
SE1845,Lasioglossum malachurum,0
SE1845,Lasioglossum minutissimum,0
SE1845,Lasioglossum morio,0
SE1845,Lasioglossum parvulum,0
SE1845,Lasioglossum pauperatum,0
SE1845,Lasioglossum pauxillum,0
SE1845,Lasioglossum punctatissimum,0
SE1845,Lasioglossum puncticolle,0
SE1845,Lasioglossum quadrinotatum,0
SE1845,Lasioglossum rufitarse,0
SE1845,Lasioglossum smeathmanellum,0
SE1845,Lasioglossum villosulum,0
SE1845,Lasioglossum xanthopus,0
SE1845,Lasioglossum zonulum,0
SE1845,Lejogaster metallina,0
SE1845,Leucozona glaucia,0
SE1845,Leucozona laternaria,0
SE1845,Macropis europaea,0
SE1845,Megachile centuncularis,0
SE1845,Megachile ligniseca,0
SE1845,Megachile versicolor,0
SE1845,Megachile willughbiella,0
SE1845,Melangyna cincta,0
SE1845,Melangyna labiatarum,0
SE1845,Melangyna lasiophthalma,0
SE1845,Melangyna umbellatarum,0
SE1845,Melanogaster aerosa,0
SE1845,Melanogaster hirtella,0
SE1845,Melanostoma form,0
SE1845,Melanostoma mellinum,3
SE1845,Melanostoma scalare,0
SE1845,Meliscaeva auricollis,0
SE1845,Meliscaeva cinctella,0
SE1845,Melitta leporina,0
SE1845,Merodon equestris,0
SE1845,Myathropa florea,0
SE1845,Neoascia geniculata,0
SE1845,Neoascia meticulosa,0
SE1845,Neoascia podagrica,3
SE1845,Neoascia tenur,0
SE1845,Nomada fabriciana,1
SE1845,Nomada flava,0
SE1845,Nomada flavoguttata,0
SE1845,Nomada flavopicta,0
SE1845,Nomada fucata,0
SE1845,Nomada goodeniana,0
SE1845,Nomada lathburiana,0
SE1845,Nomada marshamella,0
SE1845,Nomada obtusifrons,0
SE1845,Nomada panzeri,0
SE1845,Nomada ruficornis,0
SE1845,Nomada striata,0
SE1845,Orthonevra nobilis,0
SE1845,Osmia bicolor,0
SE1845,Osmia bicornis,0
SE1845,Osmia caerulescens,0
SE1845,Osmia leaiana,0
SE1845,Osmia spinulosa,0
SE1845,Panurgus banksianus,0
SE1845,Panurgus calcaratus,0
SE1845,Parasyrphus punctulatus,0
SE1845,Parhelophilus frutetorum,0
SE1845,Parhelophilus versicolor,0
SE1845,Pipiza bimaculata,0
SE1845,Pipizella viduata,0
SE1845,Platycheirus albimanus,3
SE1845,Platycheirus clypeatus,0
SE1845,Platycheirus granditarsus,6
SE1845,Platycheirus manicatus,0
SE1845,Platycheirus nielseni,0
SE1845,Platycheirus peltatus,0
SE1845,Platycheirus ramsarensis,0
SE1845,Platycheirus rosarum,0
SE1845,Platycheirus scutatus,0
SE1845,Platycheirus tarsalis,0
SE1845,Rhingia campestris,0
SE1845,Rhingia rostrata,0
SE1845,Riponnensia splendens,0
SE1845,Scaeva pyrastri,0
SE1845,Scaeva selenitica,0
SE1845,Sericomyia lappona,0
SE1845,Sericomyia silentis,0
SE1845,Sericomyia superbiens,0
SE1845,Sphaerophoria fatarum,0
SE1845,Sphaerophoria interrupta,1
SE1845,Sphaerophoria philanthus,0
SE1845,Sphaerophoria rueppellii,0
SE1845,Sphaerophoria scripta,0
SE1845,Sphaerophoria taeniata,0
SE1845,Sphecodes crassus,0
SE1845,Sphecodes ephippius,0
SE1845,Sphecodes ferruginatus,0
SE1845,Sphecodes geoffrellus,0
SE1845,Sphecodes monilicornis,0
SE1845,Sphecodes niger,0
SE1845,Sphegina clunipes,0
SE1845,Syritta pipiens,3
SE1845,Syrphus rectus,0
SE1845,Syrphus ribesii,11
SE1845,Syrphus torvus,0
SE1845,Syrphus vitripennis,2
SE1845,Tropidia scita,0
SE1845,Volucella bombylans,0
SE1845,Volucella inanis,0
SE1845,Volucella inflata,0
SE1845,Volucella pellucens,0
SE1845,Xanthogramma pedissequum,0
SE1845,Xanthogramma stackelbergi,0
SE1845,Xylota abiens,0
SE1845,Xylota jakutorum,0
SE1845,Xylota segnis,0
SE1845,Xylota sylvarum,0
SE1867,Anasimyia contracta,0
SE1867,Anasimyia lineata,0
SE1867,Anasimyia transfuga,0
SE1867,Andrena alfkenella,0
SE1867,Andrena angustior,1
SE1867,Andrena bicolor,0
SE1867,Andrena bucephala,0
SE1867,Andrena chrysosceles,0
SE1867,Andrena cineraria,0
SE1867,Andrena coitana,0
SE1867,Andrena denticulata,0
SE1867,Andrena dorsata,0
SE1867,Andrena flavipes,0
SE1867,Andrena fucata,0
SE1867,Andrena fulva,0
SE1867,Andrena haemorrhoa,1
SE1867,Andrena helvola,0
SE1867,Andrena humilis,0
SE1867,Andrena lapponica,1
SE1867,Andrena minutula,0
SE1867,Andrena nigriceps,0
SE1867,Andrena nigroaenea,0
SE1867,Andrena nitida,0
SE1867,Andrena scotica,0
SE1867,Andrena semilaevis,0
SE1867,Andrena subopaca,0
SE1867,Andrena synadelpha,0
SE1867,Andrena tarsata,0
SE1867,Andrena thoracica,0
SE1867,Andrena trimmerana,0
SE1867,Andrena wilkella,0
SE1867,Anthidium manicatum,0
SE1867,Anthophora furcata,1
SE1867,Anthophora plumipes,0
SE1867,Apis mellifera,7
SE1867,Arctophila superbiens,0
SE1867,Bombus barbutellus,0
SE1867,Bombus bohemicus,1
SE1867,Bombus campestris,0
SE1867,Bombus hortorum,2
SE1867,Bombus humilis,0
SE1867,Bombus hypnorum,1
SE1867,Bombus jonellus,3
SE1867,Bombus lapidarius,1
SE1867,Bombus lucorum,7
SE1867,Bombus monticola,10
SE1867,Bombus muscorum,0
SE1867,Bombus pascuorum,0
SE1867,Bombus pratorum,0
SE1867,Bombus ruderarius,0
SE1867,Bombus ruderatus,0
SE1867,Bombus rupestris,0
SE1867,Bombus soroeensis,0
SE1867,Bombus sylvestris,2
SE1867,Bombus terrestris,2
SE1867,Bombus vestalis,0
SE1867,Chalcosyrphus nemorum,0
SE1867,Cheilosia albitarsis,0
SE1867,Cheilosia bergenstammi,0
SE1867,Cheilosia fraterna,0
SE1867,Cheilosia illustrata,0
SE1867,Cheilosia lasiopa,0
SE1867,Cheilosia latifrons,0
SE1867,Cheilosia pagana,0
SE1867,Cheilosia proxima,0
SE1867,Cheilosia soror,0
SE1867,Cheilosia vernalis,0
SE1867,Chelostoma campanularum,0
SE1867,Chrysogaster cemiteriorum,0
SE1867,Chrysogaster virescens,0
SE1867,Chrysotoxum arcuatum,0
SE1867,Chrysotoxum bicinctum,0
SE1867,Chrysotoxum festivum,0
SE1867,Chrysotoxum verralli,0
SE1867,Coelioxys elongata,0
SE1867,Coelioxys inermis,0
SE1867,Colletes similis,0
SE1867,Colletes succinctus,0
SE1867,Dasypoda hirtipes,0
SE1867,Dasysyrphus albostriatus,0
SE1867,Dasysyrphus neovenustus,0
SE1867,Dasysyrphus tricinctus,0
SE1867,Dasysyrphus venustus,0
SE1867,Epistrophe grossulariae,0
SE1867,Episyrphus balteatus,10
SE1867,Eristalinus aeneus,0
SE1867,Eristalinus sepulchralis,1
SE1867,Eristalis abusiva,0
SE1867,Eristalis abusivus,2
SE1867,Eristalis arbustorum,1
SE1867,Eristalis horticola,0
SE1867,Eristalis intricaria,0
SE1867,Eristalis intricarius,0
SE1867,Eristalis nemorum,0
SE1867,Eristalis pertinax,0
SE1867,Eristalis rupium,0
SE1867,Eristalis tenax,3
SE1867,Eucera longicornis,0
SE1867,Eumerus funeralis,0
SE1867,Eumerus ornatus,0
SE1867,Eumerus strigatus,0
SE1867,Eupeodes corollae,5
SE1867,Eupeodes latifasciatus,1
SE1867,Eupeodes luniger,1
SE1867,Ferdinandea cuprea,0
SE1867,Halictus confusus,0
SE1867,Halictus eurygnathus,0
SE1867,Halictus rubicundus,0
SE1867,Halictus tumulorum,0
SE1867,Helophilus hybridus,0
SE1867,Helophilus pendulus,13
SE1867,Helophilus trivittatus,1
SE1867,Hylaeus brevicornis,0
SE1867,Hylaeus communis,0
SE1867,Hylaeus confusus,0
SE1867,Hylaeus dilatatus,0
SE1867,Hylaeus hyalinatus,0
SE1867,Hylaeus pectoralis,0
SE1867,Lasioglossum albipes,0
SE1867,Lasioglossum calceatum,6
SE1867,Lasioglossum cupromicans,0
SE1867,Lasioglossum fratellum,14
SE1867,Lasioglossum fulvicorne,0
SE1867,Lasioglossum laevigatum,0
SE1867,Lasioglossum lativentre,0
SE1867,Lasioglossum leucopus,0
SE1867,Lasioglossum leucozonium,0
SE1867,Lasioglossum malachurum,0
SE1867,Lasioglossum minutissimum,0
SE1867,Lasioglossum morio,0
SE1867,Lasioglossum parvulum,0
SE1867,Lasioglossum pauperatum,0
SE1867,Lasioglossum pauxillum,0
SE1867,Lasioglossum punctatissimum,0
SE1867,Lasioglossum puncticolle,0
SE1867,Lasioglossum quadrinotatum,0
SE1867,Lasioglossum rufitarse,1
SE1867,Lasioglossum smeathmanellum,0
SE1867,Lasioglossum villosulum,0
SE1867,Lasioglossum xanthopus,0
SE1867,Lasioglossum zonulum,0
SE1867,Lejogaster metallina,0
SE1867,Leucozona glaucia,0
SE1867,Leucozona laternaria,0
SE1867,Macropis europaea,0
SE1867,Megachile centuncularis,0
SE1867,Megachile ligniseca,0
SE1867,Megachile versicolor,0
SE1867,Megachile willughbiella,0
SE1867,Melangyna cincta,0
SE1867,Melangyna labiatarum,0
SE1867,Melangyna lasiophthalma,0
SE1867,Melangyna umbellatarum,0
SE1867,Melanogaster aerosa,0
SE1867,Melanogaster hirtella,0
SE1867,Melanostoma form,0
SE1867,Melanostoma mellinum,2
SE1867,Melanostoma scalare,0
SE1867,Meliscaeva auricollis,0
SE1867,Meliscaeva cinctella,0
SE1867,Melitta leporina,0
SE1867,Merodon equestris,0
SE1867,Myathropa florea,0
SE1867,Neoascia geniculata,0
SE1867,Neoascia meticulosa,0
SE1867,Neoascia podagrica,0
SE1867,Neoascia tenur,0
SE1867,Nomada fabriciana,0
SE1867,Nomada flava,0
SE1867,Nomada flavoguttata,0
SE1867,Nomada flavopicta,0
SE1867,Nomada fucata,0
SE1867,Nomada goodeniana,0
SE1867,Nomada lathburiana,0
SE1867,Nomada marshamella,0
SE1867,Nomada obtusifrons,0
SE1867,Nomada panzeri,0
SE1867,Nomada ruficornis,0
SE1867,Nomada striata,0
SE1867,Orthonevra nobilis,0
SE1867,Osmia bicolor,0
SE1867,Osmia bicornis,0
SE1867,Osmia caerulescens,0
SE1867,Osmia leaiana,0
SE1867,Osmia spinulosa,0
SE1867,Panurgus banksianus,0
SE1867,Panurgus calcaratus,0
SE1867,Parasyrphus punctulatus,0
SE1867,Parhelophilus frutetorum,0
SE1867,Parhelophilus versicolor,0
SE1867,Pipiza bimaculata,0
SE1867,Pipizella viduata,0
SE1867,Platycheirus albimanus,3
SE1867,Platycheirus clypeatus,0
SE1867,Platycheirus granditarsus,2
SE1867,Platycheirus manicatus,1
SE1867,Platycheirus nielseni,0
SE1867,Platycheirus peltatus,0
SE1867,Platycheirus ramsarensis,0
SE1867,Platycheirus rosarum,0
SE1867,Platycheirus scutatus,0
SE1867,Platycheirus tarsalis,0
SE1867,Rhingia campestris,3
SE1867,Rhingia rostrata,0
SE1867,Riponnensia splendens,0
SE1867,Scaeva pyrastri,1
SE1867,Scaeva selenitica,0
SE1867,Sericomyia lappona,0
SE1867,Sericomyia silentis,1
SE1867,Sericomyia superbiens,0
SE1867,Sphaerophoria fatarum,2
SE1867,Sphaerophoria interrupta,0
SE1867,Sphaerophoria philanthus,0
SE1867,Sphaerophoria rueppellii,0
SE1867,Sphaerophoria scripta,0
SE1867,Sphaerophoria taeniata,0
SE1867,Sphecodes crassus,0
SE1867,Sphecodes ephippius,0
SE1867,Sphecodes ferruginatus,0
SE1867,Sphecodes geoffrellus,0
SE1867,Sphecodes monilicornis,0
SE1867,Sphecodes niger,0
SE1867,Sphegina clunipes,0
SE1867,Syritta pipiens,0
SE1867,Syrphus rectus,0
SE1867,Syrphus ribesii,3
SE1867,Syrphus torvus,0
SE1867,Syrphus vitripennis,0
SE1867,Tropidia scita,0
SE1867,Volucella bombylans,2
SE1867,Volucella inanis,0
SE1867,Volucella inflata,0
SE1867,Volucella pellucens,0
SE1867,Xanthogramma pedissequum,0
SE1867,Xanthogramma stackelbergi,0
SE1867,Xylota abiens,0
SE1867,Xylota jakutorum,0
SE1867,Xylota segnis,0
SE1867,Xylota sylvarum,0
SE9023,Anasimyia contracta,0
SE9023,Anasimyia lineata,0
SE9023,Anasimyia transfuga,0
SE9023,Andrena alfkenella,0
SE9023,Andrena angustior,0
SE9023,Andrena bicolor,1
SE9023,Andrena bucephala,0
SE9023,Andrena chrysosceles,0
SE9023,Andrena cineraria,0
SE9023,Andrena coitana,0
SE9023,Andrena denticulata,0
SE9023,Andrena dorsata,0
SE9023,Andrena flavipes,0
SE9023,Andrena fucata,0
SE9023,Andrena fulva,0
SE9023,Andrena haemorrhoa,6
SE9023,Andrena helvola,0
SE9023,Andrena humilis,0
SE9023,Andrena lapponica,0
SE9023,Andrena minutula,1
SE9023,Andrena nigriceps,0
SE9023,Andrena nigroaenea,5
SE9023,Andrena nitida,0
SE9023,Andrena scotica,0
SE9023,Andrena semilaevis,2
SE9023,Andrena subopaca,0
SE9023,Andrena synadelpha,0
SE9023,Andrena tarsata,0
SE9023,Andrena thoracica,0
SE9023,Andrena trimmerana,0
SE9023,Andrena wilkella,0
SE9023,Anthidium manicatum,0
SE9023,Anthophora furcata,0
SE9023,Anthophora plumipes,0
SE9023,Apis mellifera,2
SE9023,Arctophila superbiens,0
SE9023,Bombus barbutellus,0
SE9023,Bombus bohemicus,1
SE9023,Bombus campestris,0
SE9023,Bombus hortorum,7
SE9023,Bombus humilis,0
SE9023,Bombus hypnorum,0
SE9023,Bombus jonellus,0
SE9023,Bombus lapidarius,7
SE9023,Bombus lucorum,4
SE9023,Bombus monticola,0
SE9023,Bombus muscorum,0
SE9023,Bombus pascuorum,2
SE9023,Bombus pratorum,6
SE9023,Bombus ruderarius,0
SE9023,Bombus ruderatus,0
SE9023,Bombus rupestris,0
SE9023,Bombus soroeensis,0
SE9023,Bombus sylvestris,1
SE9023,Bombus terrestris,7
SE9023,Bombus vestalis,1
SE9023,Chalcosyrphus nemorum,0
SE9023,Cheilosia albitarsis,0
SE9023,Cheilosia bergenstammi,0
SE9023,Cheilosia fraterna,0
SE9023,Cheilosia illustrata,0
SE9023,Cheilosia lasiopa,0
SE9023,Cheilosia latifrons,0
SE9023,Cheilosia pagana,1
SE9023,Cheilosia proxima,0
SE9023,Cheilosia soror,0
SE9023,Cheilosia vernalis,0
SE9023,Chelostoma campanularum,0
SE9023,Chrysogaster cemiteriorum,0
SE9023,Chrysogaster virescens,0
SE9023,Chrysotoxum arcuatum,0
SE9023,Chrysotoxum bicinctum,0
SE9023,Chrysotoxum festivum,0
SE9023,Chrysotoxum verralli,0
SE9023,Coelioxys elongata,0
SE9023,Coelioxys inermis,0
SE9023,Colletes similis,0
SE9023,Colletes succinctus,0
SE9023,Dasypoda hirtipes,0
SE9023,Dasysyrphus albostriatus,1
SE9023,Dasysyrphus neovenustus,0
SE9023,Dasysyrphus tricinctus,0
SE9023,Dasysyrphus venustus,0
SE9023,Epistrophe grossulariae,0
SE9023,Episyrphus balteatus,22
SE9023,Eristalinus aeneus,0
SE9023,Eristalinus sepulchralis,3
SE9023,Eristalis abusiva,0
SE9023,Eristalis abusivus,0
SE9023,Eristalis arbustorum,1
SE9023,Eristalis horticola,0
SE9023,Eristalis intricaria,0
SE9023,Eristalis intricarius,0
SE9023,Eristalis nemorum,0
SE9023,Eristalis pertinax,0
SE9023,Eristalis rupium,0
SE9023,Eristalis tenax,1
SE9023,Eucera longicornis,0
SE9023,Eumerus funeralis,0
SE9023,Eumerus ornatus,0
SE9023,Eumerus strigatus,0
SE9023,Eupeodes corollae,5
SE9023,Eupeodes latifasciatus,2
SE9023,Eupeodes luniger,1
SE9023,Ferdinandea cuprea,0
SE9023,Halictus confusus,0
SE9023,Halictus eurygnathus,0
SE9023,Halictus rubicundus,3
SE9023,Halictus tumulorum,0
SE9023,Helophilus hybridus,1
SE9023,Helophilus pendulus,12
SE9023,Helophilus trivittatus,0
SE9023,Hylaeus brevicornis,0
SE9023,Hylaeus communis,1
SE9023,Hylaeus confusus,0
SE9023,Hylaeus dilatatus,0
SE9023,Hylaeus hyalinatus,0
SE9023,Hylaeus pectoralis,0
SE9023,Lasioglossum albipes,0
SE9023,Lasioglossum calceatum,3
SE9023,Lasioglossum cupromicans,2
SE9023,Lasioglossum fratellum,0
SE9023,Lasioglossum fulvicorne,0
SE9023,Lasioglossum laevigatum,0
SE9023,Lasioglossum lativentre,0
SE9023,Lasioglossum leucopus,9
SE9023,Lasioglossum leucozonium,1
SE9023,Lasioglossum malachurum,0
SE9023,Lasioglossum minutissimum,4
SE9023,Lasioglossum morio,0
SE9023,Lasioglossum parvulum,0
SE9023,Lasioglossum pauperatum,0
SE9023,Lasioglossum pauxillum,0
SE9023,Lasioglossum punctatissimum,0
SE9023,Lasioglossum puncticolle,0
SE9023,Lasioglossum quadrinotatum,0
SE9023,Lasioglossum rufitarse,0
SE9023,Lasioglossum smeathmanellum,1
SE9023,Lasioglossum villosulum,2
SE9023,Lasioglossum xanthopus,0
SE9023,Lasioglossum zonulum,0
SE9023,Lejogaster metallina,0
SE9023,Leucozona glaucia,0
SE9023,Leucozona laternaria,0
SE9023,Macropis europaea,0
SE9023,Megachile centuncularis,0
SE9023,Megachile ligniseca,0
SE9023,Megachile versicolor,0
SE9023,Megachile willughbiella,0
SE9023,Melangyna cincta,0
SE9023,Melangyna labiatarum,1
SE9023,Melangyna lasiophthalma,0
SE9023,Melangyna umbellatarum,0
SE9023,Melanogaster aerosa,0
SE9023,Melanogaster hirtella,0
SE9023,Melanostoma form,0
SE9023,Melanostoma mellinum,4
SE9023,Melanostoma scalare,0
SE9023,Meliscaeva auricollis,0
SE9023,Meliscaeva cinctella,0
SE9023,Melitta leporina,0
SE9023,Merodon equestris,0
SE9023,Myathropa florea,0
SE9023,Neoascia geniculata,0
SE9023,Neoascia meticulosa,0
SE9023,Neoascia podagrica,0
SE9023,Neoascia tenur,0
SE9023,Nomada fabriciana,0
SE9023,Nomada flava,0
SE9023,Nomada flavoguttata,0
SE9023,Nomada flavopicta,0
SE9023,Nomada fucata,0
SE9023,Nomada goodeniana,0
SE9023,Nomada lathburiana,0
SE9023,Nomada marshamella,0
SE9023,Nomada obtusifrons,0
SE9023,Nomada panzeri,0
SE9023,Nomada ruficornis,0
SE9023,Nomada striata,0
SE9023,Orthonevra nobilis,0
SE9023,Osmia bicolor,0
SE9023,Osmia bicornis,0
SE9023,Osmia caerulescens,0
SE9023,Osmia leaiana,0
SE9023,Osmia spinulosa,0
SE9023,Panurgus banksianus,0
SE9023,Panurgus calcaratus,0
SE9023,Parasyrphus punctulatus,0
SE9023,Parhelophilus frutetorum,0
SE9023,Parhelophilus versicolor,0
SE9023,Pipiza bimaculata,0
SE9023,Pipizella viduata,0
SE9023,Platycheirus albimanus,0
SE9023,Platycheirus clypeatus,0
SE9023,Platycheirus granditarsus,0
SE9023,Platycheirus manicatus,3
SE9023,Platycheirus nielseni,0
SE9023,Platycheirus peltatus,1
SE9023,Platycheirus ramsarensis,0
SE9023,Platycheirus rosarum,0
SE9023,Platycheirus scutatus,0
SE9023,Platycheirus tarsalis,0
SE9023,Rhingia campestris,0
SE9023,Rhingia rostrata,0
SE9023,Riponnensia splendens,0
SE9023,Scaeva pyrastri,0
SE9023,Scaeva selenitica,0
SE9023,Sericomyia lappona,0
SE9023,Sericomyia silentis,0
SE9023,Sericomyia superbiens,0
SE9023,Sphaerophoria fatarum,0
SE9023,Sphaerophoria interrupta,0
SE9023,Sphaerophoria philanthus,0
SE9023,Sphaerophoria rueppellii,0
SE9023,Sphaerophoria scripta,0
SE9023,Sphaerophoria taeniata,1
SE9023,Sphecodes crassus,0
SE9023,Sphecodes ephippius,0
SE9023,Sphecodes ferruginatus,0
SE9023,Sphecodes geoffrellus,0
SE9023,Sphecodes monilicornis,0
SE9023,Sphecodes niger,0
SE9023,Sphegina clunipes,0
SE9023,Syritta pipiens,0
SE9023,Syrphus rectus,1
SE9023,Syrphus ribesii,10
SE9023,Syrphus torvus,0
SE9023,Syrphus vitripennis,5
SE9023,Tropidia scita,4
SE9023,Volucella bombylans,0
SE9023,Volucella inanis,0
SE9023,Volucella inflata,0
SE9023,Volucella pellucens,0
SE9023,Xanthogramma pedissequum,0
SE9023,Xanthogramma stackelbergi,0
SE9023,Xylota abiens,0
SE9023,Xylota jakutorum,0
SE9023,Xylota segnis,0
SE9023,Xylota sylvarum,0
SH4072,Anasimyia contracta,0
SH4072,Anasimyia lineata,0
SH4072,Anasimyia transfuga,0
SH4072,Andrena alfkenella,0
SH4072,Andrena angustior,2
SH4072,Andrena bicolor,0
SH4072,Andrena bucephala,0
SH4072,Andrena chrysosceles,0
SH4072,Andrena cineraria,1
SH4072,Andrena coitana,0
SH4072,Andrena denticulata,0
SH4072,Andrena dorsata,0
SH4072,Andrena flavipes,0
SH4072,Andrena fucata,2
SH4072,Andrena fulva,0
SH4072,Andrena haemorrhoa,0
SH4072,Andrena helvola,0
SH4072,Andrena humilis,0
SH4072,Andrena lapponica,0
SH4072,Andrena minutula,0
SH4072,Andrena nigriceps,0
SH4072,Andrena nigroaenea,0
SH4072,Andrena nitida,0
SH4072,Andrena scotica,0
SH4072,Andrena semilaevis,0
SH4072,Andrena subopaca,0
SH4072,Andrena synadelpha,0
SH4072,Andrena tarsata,0
SH4072,Andrena thoracica,0
SH4072,Andrena trimmerana,0
SH4072,Andrena wilkella,0
SH4072,Anthidium manicatum,0
SH4072,Anthophora furcata,0
SH4072,Anthophora plumipes,0
SH4072,Apis mellifera,1
SH4072,Arctophila superbiens,0
SH4072,Bombus barbutellus,0
SH4072,Bombus bohemicus,0
SH4072,Bombus campestris,0
SH4072,Bombus hortorum,4
SH4072,Bombus humilis,0
SH4072,Bombus hypnorum,0
SH4072,Bombus jonellus,0
SH4072,Bombus lapidarius,5
SH4072,Bombus lucorum,2
SH4072,Bombus monticola,0
SH4072,Bombus muscorum,0
SH4072,Bombus pascuorum,10
SH4072,Bombus pratorum,1
SH4072,Bombus ruderarius,0
SH4072,Bombus ruderatus,0
SH4072,Bombus rupestris,0
SH4072,Bombus soroeensis,1
SH4072,Bombus sylvestris,0
SH4072,Bombus terrestris,1
SH4072,Bombus vestalis,0
SH4072,Chalcosyrphus nemorum,0
SH4072,Cheilosia albitarsis,0
SH4072,Cheilosia bergenstammi,0
SH4072,Cheilosia fraterna,0
SH4072,Cheilosia illustrata,0
SH4072,Cheilosia lasiopa,0
SH4072,Cheilosia latifrons,0
SH4072,Cheilosia pagana,0
SH4072,Cheilosia proxima,0
SH4072,Cheilosia soror,0
SH4072,Cheilosia vernalis,2
SH4072,Chelostoma campanularum,0
SH4072,Chrysogaster cemiteriorum,0
SH4072,Chrysogaster virescens,0
SH4072,Chrysotoxum arcuatum,0
SH4072,Chrysotoxum bicinctum,0
SH4072,Chrysotoxum festivum,0
SH4072,Chrysotoxum verralli,0
SH4072,Coelioxys elongata,0
SH4072,Coelioxys inermis,0
SH4072,Colletes similis,0
SH4072,Colletes succinctus,0
SH4072,Dasypoda hirtipes,0
SH4072,Dasysyrphus albostriatus,0
SH4072,Dasysyrphus neovenustus,0
SH4072,Dasysyrphus tricinctus,0
SH4072,Dasysyrphus venustus,0
SH4072,Epistrophe grossulariae,0
SH4072,Episyrphus balteatus,1
SH4072,Eristalinus aeneus,0
SH4072,Eristalinus sepulchralis,1
SH4072,Eristalis abusiva,0
SH4072,Eristalis abusivus,1
SH4072,Eristalis arbustorum,23
SH4072,Eristalis horticola,1
SH4072,Eristalis intricaria,1
SH4072,Eristalis intricarius,0
SH4072,Eristalis nemorum,1
SH4072,Eristalis pertinax,0
SH4072,Eristalis rupium,0
SH4072,Eristalis tenax,7
SH4072,Eucera longicornis,0
SH4072,Eumerus funeralis,0
SH4072,Eumerus ornatus,0
SH4072,Eumerus strigatus,0
SH4072,Eupeodes corollae,1
SH4072,Eupeodes latifasciatus,1
SH4072,Eupeodes luniger,0
SH4072,Ferdinandea cuprea,0
SH4072,Halictus confusus,0
SH4072,Halictus eurygnathus,0
SH4072,Halictus rubicundus,2
SH4072,Halictus tumulorum,1
SH4072,Helophilus hybridus,0
SH4072,Helophilus pendulus,18
SH4072,Helophilus trivittatus,2
SH4072,Hylaeus brevicornis,0
SH4072,Hylaeus communis,0
SH4072,Hylaeus confusus,0
SH4072,Hylaeus dilatatus,0
SH4072,Hylaeus hyalinatus,2
SH4072,Hylaeus pectoralis,0
SH4072,Lasioglossum albipes,0
SH4072,Lasioglossum calceatum,2
SH4072,Lasioglossum cupromicans,1
SH4072,Lasioglossum fratellum,0
SH4072,Lasioglossum fulvicorne,0
SH4072,Lasioglossum laevigatum,0
SH4072,Lasioglossum lativentre,0
SH4072,Lasioglossum leucopus,0
SH4072,Lasioglossum leucozonium,0
SH4072,Lasioglossum malachurum,0
SH4072,Lasioglossum minutissimum,0
SH4072,Lasioglossum morio,1
SH4072,Lasioglossum parvulum,0
SH4072,Lasioglossum pauperatum,0
SH4072,Lasioglossum pauxillum,0
SH4072,Lasioglossum punctatissimum,0
SH4072,Lasioglossum puncticolle,0
SH4072,Lasioglossum quadrinotatum,0
SH4072,Lasioglossum rufitarse,0
SH4072,Lasioglossum smeathmanellum,0
SH4072,Lasioglossum villosulum,0
SH4072,Lasioglossum xanthopus,0
SH4072,Lasioglossum zonulum,0
SH4072,Lejogaster metallina,0
SH4072,Leucozona glaucia,0
SH4072,Leucozona laternaria,0
SH4072,Macropis europaea,0
SH4072,Megachile centuncularis,0
SH4072,Megachile ligniseca,0
SH4072,Megachile versicolor,0
SH4072,Megachile willughbiella,1
SH4072,Melangyna cincta,0
SH4072,Melangyna labiatarum,0
SH4072,Melangyna lasiophthalma,0
SH4072,Melangyna umbellatarum,0
SH4072,Melanogaster aerosa,0
SH4072,Melanogaster hirtella,2
SH4072,Melanostoma form,0
SH4072,Melanostoma mellinum,11
SH4072,Melanostoma scalare,0
SH4072,Meliscaeva auricollis,0
SH4072,Meliscaeva cinctella,0
SH4072,Melitta leporina,0
SH4072,Merodon equestris,0
SH4072,Myathropa florea,1
SH4072,Neoascia geniculata,0
SH4072,Neoascia meticulosa,0
SH4072,Neoascia podagrica,7
SH4072,Neoascia tenur,0
SH4072,Nomada fabriciana,0
SH4072,Nomada flava,0
SH4072,Nomada flavoguttata,0
SH4072,Nomada flavopicta,0
SH4072,Nomada fucata,0
SH4072,Nomada goodeniana,0
SH4072,Nomada lathburiana,0
SH4072,Nomada marshamella,0
SH4072,Nomada obtusifrons,0
SH4072,Nomada panzeri,0
SH4072,Nomada ruficornis,0
SH4072,Nomada striata,0
SH4072,Orthonevra nobilis,0
SH4072,Osmia bicolor,0
SH4072,Osmia bicornis,0
SH4072,Osmia caerulescens,0
SH4072,Osmia leaiana,0
SH4072,Osmia spinulosa,0
SH4072,Panurgus banksianus,0
SH4072,Panurgus calcaratus,0
SH4072,Parasyrphus punctulatus,0
SH4072,Parhelophilus frutetorum,0
SH4072,Parhelophilus versicolor,0
SH4072,Pipiza bimaculata,0
SH4072,Pipizella viduata,0
SH4072,Platycheirus albimanus,2
SH4072,Platycheirus clypeatus,0
SH4072,Platycheirus granditarsus,2
SH4072,Platycheirus manicatus,0
SH4072,Platycheirus nielseni,0
SH4072,Platycheirus peltatus,0
SH4072,Platycheirus ramsarensis,0
SH4072,Platycheirus rosarum,0
SH4072,Platycheirus scutatus,0
SH4072,Platycheirus tarsalis,0
SH4072,Rhingia campestris,16
SH4072,Rhingia rostrata,0
SH4072,Riponnensia splendens,0
SH4072,Scaeva pyrastri,0
SH4072,Scaeva selenitica,0
SH4072,Sericomyia lappona,0
SH4072,Sericomyia silentis,2
SH4072,Sericomyia superbiens,0
SH4072,Sphaerophoria fatarum,0
SH4072,Sphaerophoria interrupta,1
SH4072,Sphaerophoria philanthus,0
SH4072,Sphaerophoria rueppellii,0
SH4072,Sphaerophoria scripta,0
SH4072,Sphaerophoria taeniata,0
SH4072,Sphecodes crassus,0
SH4072,Sphecodes ephippius,0
SH4072,Sphecodes ferruginatus,0
SH4072,Sphecodes geoffrellus,0
SH4072,Sphecodes monilicornis,0
SH4072,Sphecodes niger,0
SH4072,Sphegina clunipes,0
SH4072,Syritta pipiens,2
SH4072,Syrphus rectus,0
SH4072,Syrphus ribesii,1
SH4072,Syrphus torvus,0
SH4072,Syrphus vitripennis,0
SH4072,Tropidia scita,0
SH4072,Volucella bombylans,0
SH4072,Volucella inanis,0
SH4072,Volucella inflata,0
SH4072,Volucella pellucens,0
SH4072,Xanthogramma pedissequum,0
SH4072,Xanthogramma stackelbergi,0
SH4072,Xylota abiens,0
SH4072,Xylota jakutorum,0
SH4072,Xylota segnis,1
SH4072,Xylota sylvarum,0
SH4866,Anasimyia contracta,1
SH4866,Anasimyia lineata,0
SH4866,Anasimyia transfuga,0
SH4866,Andrena alfkenella,0
SH4866,Andrena angustior,0
SH4866,Andrena bicolor,1
SH4866,Andrena bucephala,0
SH4866,Andrena chrysosceles,1
SH4866,Andrena cineraria,0
SH4866,Andrena coitana,0
SH4866,Andrena denticulata,1
SH4866,Andrena dorsata,0
SH4866,Andrena flavipes,0
SH4866,Andrena fucata,0
SH4866,Andrena fulva,0
SH4866,Andrena haemorrhoa,0
SH4866,Andrena helvola,0
SH4866,Andrena humilis,0
SH4866,Andrena lapponica,0
SH4866,Andrena minutula,0
SH4866,Andrena nigriceps,0
SH4866,Andrena nigroaenea,0
SH4866,Andrena nitida,0
SH4866,Andrena scotica,0
SH4866,Andrena semilaevis,1
SH4866,Andrena subopaca,0
SH4866,Andrena synadelpha,0
SH4866,Andrena tarsata,0
SH4866,Andrena thoracica,0
SH4866,Andrena trimmerana,0
SH4866,Andrena wilkella,0
SH4866,Anthidium manicatum,0
SH4866,Anthophora furcata,0
SH4866,Anthophora plumipes,0
SH4866,Apis mellifera,1
SH4866,Arctophila superbiens,0
SH4866,Bombus barbutellus,0
SH4866,Bombus bohemicus,0
SH4866,Bombus campestris,0
SH4866,Bombus hortorum,3
SH4866,Bombus humilis,0
SH4866,Bombus hypnorum,0
SH4866,Bombus jonellus,0
SH4866,Bombus lapidarius,1
SH4866,Bombus lucorum,1
SH4866,Bombus monticola,0
SH4866,Bombus muscorum,0
SH4866,Bombus pascuorum,1
SH4866,Bombus pratorum,0
SH4866,Bombus ruderarius,0
SH4866,Bombus ruderatus,0
SH4866,Bombus rupestris,0
SH4866,Bombus soroeensis,0
SH4866,Bombus sylvestris,0
SH4866,Bombus terrestris,5
SH4866,Bombus vestalis,0
SH4866,Chalcosyrphus nemorum,0
SH4866,Cheilosia albitarsis,0
SH4866,Cheilosia bergenstammi,0
SH4866,Cheilosia fraterna,0
SH4866,Cheilosia illustrata,0
SH4866,Cheilosia lasiopa,0
SH4866,Cheilosia latifrons,0
SH4866,Cheilosia pagana,0
SH4866,Cheilosia proxima,0
SH4866,Cheilosia soror,0
SH4866,Cheilosia vernalis,0
SH4866,Chelostoma campanularum,0
SH4866,Chrysogaster cemiteriorum,0
SH4866,Chrysogaster virescens,0
SH4866,Chrysotoxum arcuatum,0
SH4866,Chrysotoxum bicinctum,0
SH4866,Chrysotoxum festivum,0
SH4866,Chrysotoxum verralli,0
SH4866,Coelioxys elongata,0
SH4866,Coelioxys inermis,0
SH4866,Colletes similis,0
SH4866,Colletes succinctus,0
SH4866,Dasypoda hirtipes,0
SH4866,Dasysyrphus albostriatus,2
SH4866,Dasysyrphus neovenustus,0
SH4866,Dasysyrphus tricinctus,0
SH4866,Dasysyrphus venustus,0
SH4866,Epistrophe grossulariae,0
SH4866,Episyrphus balteatus,4
SH4866,Eristalinus aeneus,0
SH4866,Eristalinus sepulchralis,0
SH4866,Eristalis abusiva,0
SH4866,Eristalis abusivus,0
SH4866,Eristalis arbustorum,19
SH4866,Eristalis horticola,0
SH4866,Eristalis intricaria,0
SH4866,Eristalis intricarius,0
SH4866,Eristalis nemorum,2
SH4866,Eristalis pertinax,3
SH4866,Eristalis rupium,0
SH4866,Eristalis tenax,12
SH4866,Eucera longicornis,0
SH4866,Eumerus funeralis,0
SH4866,Eumerus ornatus,0
SH4866,Eumerus strigatus,0
SH4866,Eupeodes corollae,0
SH4866,Eupeodes latifasciatus,9
SH4866,Eupeodes luniger,0
SH4866,Ferdinandea cuprea,2
SH4866,Halictus confusus,0
SH4866,Halictus eurygnathus,0
SH4866,Halictus rubicundus,2
SH4866,Halictus tumulorum,2
SH4866,Helophilus hybridus,0
SH4866,Helophilus pendulus,24
SH4866,Helophilus trivittatus,0
SH4866,Hylaeus brevicornis,0
SH4866,Hylaeus communis,1
SH4866,Hylaeus confusus,0
SH4866,Hylaeus dilatatus,0
SH4866,Hylaeus hyalinatus,1
SH4866,Hylaeus pectoralis,0
SH4866,Lasioglossum albipes,1
SH4866,Lasioglossum calceatum,4
SH4866,Lasioglossum cupromicans,1
SH4866,Lasioglossum fratellum,0
SH4866,Lasioglossum fulvicorne,1
SH4866,Lasioglossum laevigatum,0
SH4866,Lasioglossum lativentre,0
SH4866,Lasioglossum leucopus,2
SH4866,Lasioglossum leucozonium,0
SH4866,Lasioglossum malachurum,0
SH4866,Lasioglossum minutissimum,0
SH4866,Lasioglossum morio,0
SH4866,Lasioglossum parvulum,0
SH4866,Lasioglossum pauperatum,0
SH4866,Lasioglossum pauxillum,0
SH4866,Lasioglossum punctatissimum,0
SH4866,Lasioglossum puncticolle,0
SH4866,Lasioglossum quadrinotatum,0
SH4866,Lasioglossum rufitarse,0
SH4866,Lasioglossum smeathmanellum,3
SH4866,Lasioglossum villosulum,0
SH4866,Lasioglossum xanthopus,0
SH4866,Lasioglossum zonulum,0
SH4866,Lejogaster metallina,0
SH4866,Leucozona glaucia,0
SH4866,Leucozona laternaria,0
SH4866,Macropis europaea,0
SH4866,Megachile centuncularis,0
SH4866,Megachile ligniseca,0
SH4866,Megachile versicolor,0
SH4866,Megachile willughbiella,0
SH4866,Melangyna cincta,0
SH4866,Melangyna labiatarum,0
SH4866,Melangyna lasiophthalma,0
SH4866,Melangyna umbellatarum,0
SH4866,Melanogaster aerosa,0
SH4866,Melanogaster hirtella,0
SH4866,Melanostoma form,0
SH4866,Melanostoma mellinum,16
SH4866,Melanostoma scalare,0
SH4866,Meliscaeva auricollis,0
SH4866,Meliscaeva cinctella,0
SH4866,Melitta leporina,0
SH4866,Merodon equestris,0
SH4866,Myathropa florea,0
SH4866,Neoascia geniculata,0
SH4866,Neoascia meticulosa,0
SH4866,Neoascia podagrica,20
SH4866,Neoascia tenur,0
SH4866,Nomada fabriciana,0
SH4866,Nomada flava,0
SH4866,Nomada flavoguttata,2
SH4866,Nomada flavopicta,0
SH4866,Nomada fucata,0
SH4866,Nomada goodeniana,0
SH4866,Nomada lathburiana,0
SH4866,Nomada marshamella,0
SH4866,Nomada obtusifrons,0
SH4866,Nomada panzeri,0
SH4866,Nomada ruficornis,0
SH4866,Nomada striata,0
SH4866,Orthonevra nobilis,0
SH4866,Osmia bicolor,0
SH4866,Osmia bicornis,0
SH4866,Osmia caerulescens,0
SH4866,Osmia leaiana,1
SH4866,Osmia spinulosa,0
SH4866,Panurgus banksianus,0
SH4866,Panurgus calcaratus,0
SH4866,Parasyrphus punctulatus,0
SH4866,Parhelophilus frutetorum,0
SH4866,Parhelophilus versicolor,0
SH4866,Pipiza bimaculata,0
SH4866,Pipizella viduata,0
SH4866,Platycheirus albimanus,10
SH4866,Platycheirus clypeatus,0
SH4866,Platycheirus granditarsus,2
SH4866,Platycheirus manicatus,3
SH4866,Platycheirus nielseni,0
SH4866,Platycheirus peltatus,3
SH4866,Platycheirus ramsarensis,0
SH4866,Platycheirus rosarum,0
SH4866,Platycheirus scutatus,0
SH4866,Platycheirus tarsalis,0
SH4866,Rhingia campestris,1
SH4866,Rhingia rostrata,0
SH4866,Riponnensia splendens,0
SH4866,Scaeva pyrastri,0
SH4866,Scaeva selenitica,0
SH4866,Sericomyia lappona,0
SH4866,Sericomyia silentis,0
SH4866,Sericomyia superbiens,0
SH4866,Sphaerophoria fatarum,0
SH4866,Sphaerophoria interrupta,0
SH4866,Sphaerophoria philanthus,0
SH4866,Sphaerophoria rueppellii,0
SH4866,Sphaerophoria scripta,1
SH4866,Sphaerophoria taeniata,0
SH4866,Sphecodes crassus,0
SH4866,Sphecodes ephippius,0
SH4866,Sphecodes ferruginatus,0
SH4866,Sphecodes geoffrellus,0
SH4866,Sphecodes monilicornis,0
SH4866,Sphecodes niger,0
SH4866,Sphegina clunipes,0
SH4866,Syritta pipiens,1
SH4866,Syrphus rectus,1
SH4866,Syrphus ribesii,23
SH4866,Syrphus torvus,0
SH4866,Syrphus vitripennis,5
SH4866,Tropidia scita,0
SH4866,Volucella bombylans,0
SH4866,Volucella inanis,0
SH4866,Volucella inflata,0
SH4866,Volucella pellucens,0
SH4866,Xanthogramma pedissequum,0
SH4866,Xanthogramma stackelbergi,0
SH4866,Xylota abiens,0
SH4866,Xylota jakutorum,0
SH4866,Xylota segnis,5
SH4866,Xylota sylvarum,0
SH5924,Anasimyia contracta,0
SH5924,Anasimyia lineata,0
SH5924,Anasimyia transfuga,0
SH5924,Andrena alfkenella,0
SH5924,Andrena angustior,5
SH5924,Andrena bicolor,1
SH5924,Andrena bucephala,0
SH5924,Andrena chrysosceles,0
SH5924,Andrena cineraria,0
SH5924,Andrena coitana,0
SH5924,Andrena denticulata,0
SH5924,Andrena dorsata,0
SH5924,Andrena flavipes,0
SH5924,Andrena fucata,0
SH5924,Andrena fulva,0
SH5924,Andrena haemorrhoa,0
SH5924,Andrena helvola,0
SH5924,Andrena humilis,0
SH5924,Andrena lapponica,0
SH5924,Andrena minutula,0
SH5924,Andrena nigriceps,0
SH5924,Andrena nigroaenea,1
SH5924,Andrena nitida,0
SH5924,Andrena scotica,0
SH5924,Andrena semilaevis,0
SH5924,Andrena subopaca,0
SH5924,Andrena synadelpha,0
SH5924,Andrena tarsata,0
SH5924,Andrena thoracica,0
SH5924,Andrena trimmerana,0
SH5924,Andrena wilkella,0
SH5924,Anthidium manicatum,0
SH5924,Anthophora furcata,0
SH5924,Anthophora plumipes,0
SH5924,Apis mellifera,2
SH5924,Arctophila superbiens,0
SH5924,Bombus barbutellus,0
SH5924,Bombus bohemicus,0
SH5924,Bombus campestris,0
SH5924,Bombus hortorum,1
SH5924,Bombus humilis,0
SH5924,Bombus hypnorum,0
SH5924,Bombus jonellus,1
SH5924,Bombus lapidarius,6
SH5924,Bombus lucorum,2
SH5924,Bombus monticola,0
SH5924,Bombus muscorum,0
SH5924,Bombus pascuorum,8
SH5924,Bombus pratorum,1
SH5924,Bombus ruderarius,0
SH5924,Bombus ruderatus,0
SH5924,Bombus rupestris,0
SH5924,Bombus soroeensis,0
SH5924,Bombus sylvestris,0
SH5924,Bombus terrestris,2
SH5924,Bombus vestalis,0
SH5924,Chalcosyrphus nemorum,0
SH5924,Cheilosia albitarsis,0
SH5924,Cheilosia bergenstammi,0
SH5924,Cheilosia fraterna,0
SH5924,Cheilosia illustrata,0
SH5924,Cheilosia lasiopa,0
SH5924,Cheilosia latifrons,0
SH5924,Cheilosia pagana,0
SH5924,Cheilosia proxima,0
SH5924,Cheilosia soror,0
SH5924,Cheilosia vernalis,0
SH5924,Chelostoma campanularum,0
SH5924,Chrysogaster cemiteriorum,0
SH5924,Chrysogaster virescens,0
SH5924,Chrysotoxum arcuatum,0
SH5924,Chrysotoxum bicinctum,0
SH5924,Chrysotoxum festivum,0
SH5924,Chrysotoxum verralli,0
SH5924,Coelioxys elongata,0
SH5924,Coelioxys inermis,0
SH5924,Colletes similis,0
SH5924,Colletes succinctus,0
SH5924,Dasypoda hirtipes,0
SH5924,Dasysyrphus albostriatus,0
SH5924,Dasysyrphus neovenustus,0
SH5924,Dasysyrphus tricinctus,0
SH5924,Dasysyrphus venustus,0
SH5924,Epistrophe grossulariae,0
SH5924,Episyrphus balteatus,1
SH5924,Eristalinus aeneus,0
SH5924,Eristalinus sepulchralis,0
SH5924,Eristalis abusiva,0
SH5924,Eristalis abusivus,0
SH5924,Eristalis arbustorum,6
SH5924,Eristalis horticola,0
SH5924,Eristalis intricaria,0
SH5924,Eristalis intricarius,0
SH5924,Eristalis nemorum,0
SH5924,Eristalis pertinax,0
SH5924,Eristalis rupium,0
SH5924,Eristalis tenax,3
SH5924,Eucera longicornis,0
SH5924,Eumerus funeralis,1
SH5924,Eumerus ornatus,0
SH5924,Eumerus strigatus,0
SH5924,Eupeodes corollae,4
SH5924,Eupeodes latifasciatus,1
SH5924,Eupeodes luniger,0
SH5924,Ferdinandea cuprea,0
SH5924,Halictus confusus,0
SH5924,Halictus eurygnathus,0
SH5924,Halictus rubicundus,3
SH5924,Halictus tumulorum,2
SH5924,Helophilus hybridus,0
SH5924,Helophilus pendulus,1
SH5924,Helophilus trivittatus,0
SH5924,Hylaeus brevicornis,0
SH5924,Hylaeus communis,0
SH5924,Hylaeus confusus,0
SH5924,Hylaeus dilatatus,0
SH5924,Hylaeus hyalinatus,0
SH5924,Hylaeus pectoralis,0
SH5924,Lasioglossum albipes,2
SH5924,Lasioglossum calceatum,11
SH5924,Lasioglossum cupromicans,2
SH5924,Lasioglossum fratellum,1
SH5924,Lasioglossum fulvicorne,3
SH5924,Lasioglossum laevigatum,0
SH5924,Lasioglossum lativentre,0
SH5924,Lasioglossum leucopus,1
SH5924,Lasioglossum leucozonium,0
SH5924,Lasioglossum malachurum,0
SH5924,Lasioglossum minutissimum,0
SH5924,Lasioglossum morio,0
SH5924,Lasioglossum parvulum,0
SH5924,Lasioglossum pauperatum,0
SH5924,Lasioglossum pauxillum,0
SH5924,Lasioglossum punctatissimum,0
SH5924,Lasioglossum puncticolle,0
SH5924,Lasioglossum quadrinotatum,0
SH5924,Lasioglossum rufitarse,0
SH5924,Lasioglossum smeathmanellum,0
SH5924,Lasioglossum villosulum,0
SH5924,Lasioglossum xanthopus,0
SH5924,Lasioglossum zonulum,0
SH5924,Lejogaster metallina,0
SH5924,Leucozona glaucia,0
SH5924,Leucozona laternaria,0
SH5924,Macropis europaea,0
SH5924,Megachile centuncularis,0
SH5924,Megachile ligniseca,0
SH5924,Megachile versicolor,0
SH5924,Megachile willughbiella,0
SH5924,Melangyna cincta,0
SH5924,Melangyna labiatarum,0
SH5924,Melangyna lasiophthalma,0
SH5924,Melangyna umbellatarum,0
SH5924,Melanogaster aerosa,0
SH5924,Melanogaster hirtella,0
SH5924,Melanostoma form,0
SH5924,Melanostoma mellinum,1
SH5924,Melanostoma scalare,0
SH5924,Meliscaeva auricollis,0
SH5924,Meliscaeva cinctella,0
SH5924,Melitta leporina,0
SH5924,Merodon equestris,0
SH5924,Myathropa florea,0
SH5924,Neoascia geniculata,0
SH5924,Neoascia meticulosa,0
SH5924,Neoascia podagrica,3
SH5924,Neoascia tenur,0
SH5924,Nomada fabriciana,0
SH5924,Nomada flava,0
SH5924,Nomada flavoguttata,0
SH5924,Nomada flavopicta,0
SH5924,Nomada fucata,0
SH5924,Nomada goodeniana,0
SH5924,Nomada lathburiana,0
SH5924,Nomada marshamella,0
SH5924,Nomada obtusifrons,0
SH5924,Nomada panzeri,0
SH5924,Nomada ruficornis,0
SH5924,Nomada striata,0
SH5924,Orthonevra nobilis,0
SH5924,Osmia bicolor,0
SH5924,Osmia bicornis,0
SH5924,Osmia caerulescens,0
SH5924,Osmia leaiana,0
SH5924,Osmia spinulosa,0
SH5924,Panurgus banksianus,0
SH5924,Panurgus calcaratus,0
SH5924,Parasyrphus punctulatus,0
SH5924,Parhelophilus frutetorum,0
SH5924,Parhelophilus versicolor,0
SH5924,Pipiza bimaculata,0
SH5924,Pipizella viduata,0
SH5924,Platycheirus albimanus,0
SH5924,Platycheirus clypeatus,0
SH5924,Platycheirus granditarsus,0
SH5924,Platycheirus manicatus,0
SH5924,Platycheirus nielseni,0
SH5924,Platycheirus peltatus,0
SH5924,Platycheirus ramsarensis,0
SH5924,Platycheirus rosarum,0
SH5924,Platycheirus scutatus,0
SH5924,Platycheirus tarsalis,0
SH5924,Rhingia campestris,3
SH5924,Rhingia rostrata,0
SH5924,Riponnensia splendens,0
SH5924,Scaeva pyrastri,1
SH5924,Scaeva selenitica,0
SH5924,Sericomyia lappona,0
SH5924,Sericomyia silentis,0
SH5924,Sericomyia superbiens,0
SH5924,Sphaerophoria fatarum,0
SH5924,Sphaerophoria interrupta,0
SH5924,Sphaerophoria philanthus,0
SH5924,Sphaerophoria rueppellii,0
SH5924,Sphaerophoria scripta,0
SH5924,Sphaerophoria taeniata,0
SH5924,Sphecodes crassus,0
SH5924,Sphecodes ephippius,0
SH5924,Sphecodes ferruginatus,0
SH5924,Sphecodes geoffrellus,0
SH5924,Sphecodes monilicornis,0
SH5924,Sphecodes niger,0
SH5924,Sphegina clunipes,0
SH5924,Syritta pipiens,2
SH5924,Syrphus rectus,0
SH5924,Syrphus ribesii,1
SH5924,Syrphus torvus,0
SH5924,Syrphus vitripennis,1
SH5924,Tropidia scita,0
SH5924,Volucella bombylans,0
SH5924,Volucella inanis,0
SH5924,Volucella inflata,0
SH5924,Volucella pellucens,0
SH5924,Xanthogramma pedissequum,0
SH5924,Xanthogramma stackelbergi,0
SH5924,Xylota abiens,0
SH5924,Xylota jakutorum,0
SH5924,Xylota segnis,0
SH5924,Xylota sylvarum,0
SH7038,Anasimyia contracta,0
SH7038,Anasimyia lineata,0
SH7038,Anasimyia transfuga,0
SH7038,Andrena alfkenella,0
SH7038,Andrena angustior,0
SH7038,Andrena bicolor,0
SH7038,Andrena bucephala,0
SH7038,Andrena chrysosceles,0
SH7038,Andrena cineraria,1
SH7038,Andrena coitana,0
SH7038,Andrena denticulata,0
SH7038,Andrena dorsata,0
SH7038,Andrena flavipes,0
SH7038,Andrena fucata,0
SH7038,Andrena fulva,0
SH7038,Andrena haemorrhoa,0
SH7038,Andrena helvola,0
SH7038,Andrena humilis,0
SH7038,Andrena lapponica,0
SH7038,Andrena minutula,0
SH7038,Andrena nigriceps,0
SH7038,Andrena nigroaenea,0
SH7038,Andrena nitida,0
SH7038,Andrena scotica,0
SH7038,Andrena semilaevis,0
SH7038,Andrena subopaca,0
SH7038,Andrena synadelpha,0
SH7038,Andrena tarsata,0
SH7038,Andrena thoracica,0
SH7038,Andrena trimmerana,0
SH7038,Andrena wilkella,0
SH7038,Anthidium manicatum,0
SH7038,Anthophora furcata,0
SH7038,Anthophora plumipes,0
SH7038,Apis mellifera,12
SH7038,Arctophila superbiens,0
SH7038,Bombus barbutellus,0
SH7038,Bombus bohemicus,0
SH7038,Bombus campestris,0
SH7038,Bombus hortorum,1
SH7038,Bombus humilis,0
SH7038,Bombus hypnorum,0
SH7038,Bombus jonellus,0
SH7038,Bombus lapidarius,0
SH7038,Bombus lucorum,4
SH7038,Bombus monticola,0
SH7038,Bombus muscorum,0
SH7038,Bombus pascuorum,3
SH7038,Bombus pratorum,0
SH7038,Bombus ruderarius,0
SH7038,Bombus ruderatus,0
SH7038,Bombus rupestris,0
SH7038,Bombus soroeensis,0
SH7038,Bombus sylvestris,0
SH7038,Bombus terrestris,0
SH7038,Bombus vestalis,0
SH7038,Chalcosyrphus nemorum,0
SH7038,Cheilosia albitarsis,0
SH7038,Cheilosia bergenstammi,0
SH7038,Cheilosia fraterna,0
SH7038,Cheilosia illustrata,0
SH7038,Cheilosia lasiopa,0
SH7038,Cheilosia latifrons,0
SH7038,Cheilosia pagana,0
SH7038,Cheilosia proxima,0
SH7038,Cheilosia soror,0
SH7038,Cheilosia vernalis,0
SH7038,Chelostoma campanularum,0
SH7038,Chrysogaster cemiteriorum,0
SH7038,Chrysogaster virescens,0
SH7038,Chrysotoxum arcuatum,0
SH7038,Chrysotoxum bicinctum,0
SH7038,Chrysotoxum festivum,0
SH7038,Chrysotoxum verralli,0
SH7038,Coelioxys elongata,0
SH7038,Coelioxys inermis,0
SH7038,Colletes similis,0
SH7038,Colletes succinctus,0
SH7038,Dasypoda hirtipes,0
SH7038,Dasysyrphus albostriatus,0
SH7038,Dasysyrphus neovenustus,0
SH7038,Dasysyrphus tricinctus,0
SH7038,Dasysyrphus venustus,0
SH7038,Epistrophe grossulariae,0
SH7038,Episyrphus balteatus,5
SH7038,Eristalinus aeneus,0
SH7038,Eristalinus sepulchralis,0
SH7038,Eristalis abusiva,0
SH7038,Eristalis abusivus,1
SH7038,Eristalis arbustorum,0
SH7038,Eristalis horticola,0
SH7038,Eristalis intricaria,0
SH7038,Eristalis intricarius,0
SH7038,Eristalis nemorum,0
SH7038,Eristalis pertinax,0
SH7038,Eristalis rupium,0
SH7038,Eristalis tenax,5
SH7038,Eucera longicornis,0
SH7038,Eumerus funeralis,0
SH7038,Eumerus ornatus,0
SH7038,Eumerus strigatus,0
SH7038,Eupeodes corollae,2
SH7038,Eupeodes latifasciatus,0
SH7038,Eupeodes luniger,0
SH7038,Ferdinandea cuprea,0
SH7038,Halictus confusus,0
SH7038,Halictus eurygnathus,0
SH7038,Halictus rubicundus,0
SH7038,Halictus tumulorum,0
SH7038,Helophilus hybridus,0
SH7038,Helophilus pendulus,0
SH7038,Helophilus trivittatus,0
SH7038,Hylaeus brevicornis,0
SH7038,Hylaeus communis,0
SH7038,Hylaeus confusus,0
SH7038,Hylaeus dilatatus,0
SH7038,Hylaeus hyalinatus,2
SH7038,Hylaeus pectoralis,0
SH7038,Lasioglossum albipes,4
SH7038,Lasioglossum calceatum,4
SH7038,Lasioglossum cupromicans,0
SH7038,Lasioglossum fratellum,2
SH7038,Lasioglossum fulvicorne,0
SH7038,Lasioglossum laevigatum,0
SH7038,Lasioglossum lativentre,0
SH7038,Lasioglossum leucopus,2
SH7038,Lasioglossum leucozonium,0
SH7038,Lasioglossum malachurum,0
SH7038,Lasioglossum minutissimum,0
SH7038,Lasioglossum morio,0
SH7038,Lasioglossum parvulum,0
SH7038,Lasioglossum pauperatum,0
SH7038,Lasioglossum pauxillum,0
SH7038,Lasioglossum punctatissimum,0
SH7038,Lasioglossum puncticolle,0
SH7038,Lasioglossum quadrinotatum,0
SH7038,Lasioglossum rufitarse,0
SH7038,Lasioglossum smeathmanellum,0
SH7038,Lasioglossum villosulum,0
SH7038,Lasioglossum xanthopus,0
SH7038,Lasioglossum zonulum,0
SH7038,Lejogaster metallina,0
SH7038,Leucozona glaucia,0
SH7038,Leucozona laternaria,0
SH7038,Macropis europaea,0
SH7038,Megachile centuncularis,0
SH7038,Megachile ligniseca,0
SH7038,Megachile versicolor,0
SH7038,Megachile willughbiella,0
SH7038,Melangyna cincta,0
SH7038,Melangyna labiatarum,0
SH7038,Melangyna lasiophthalma,0
SH7038,Melangyna umbellatarum,0
SH7038,Melanogaster aerosa,0
SH7038,Melanogaster hirtella,0
SH7038,Melanostoma form,0
SH7038,Melanostoma mellinum,10
SH7038,Melanostoma scalare,0
SH7038,Meliscaeva auricollis,0
SH7038,Meliscaeva cinctella,0
SH7038,Melitta leporina,0
SH7038,Merodon equestris,0
SH7038,Myathropa florea,0
SH7038,Neoascia geniculata,0
SH7038,Neoascia meticulosa,0
SH7038,Neoascia podagrica,0
SH7038,Neoascia tenur,0
SH7038,Nomada fabriciana,0
SH7038,Nomada flava,0
SH7038,Nomada flavoguttata,0
SH7038,Nomada flavopicta,0
SH7038,Nomada fucata,0
SH7038,Nomada goodeniana,0
SH7038,Nomada lathburiana,0
SH7038,Nomada marshamella,0
SH7038,Nomada obtusifrons,0
SH7038,Nomada panzeri,0
SH7038,Nomada ruficornis,0
SH7038,Nomada striata,0
SH7038,Orthonevra nobilis,0
SH7038,Osmia bicolor,0
SH7038,Osmia bicornis,0
SH7038,Osmia caerulescens,0
SH7038,Osmia leaiana,0
SH7038,Osmia spinulosa,0
SH7038,Panurgus banksianus,0
SH7038,Panurgus calcaratus,0
SH7038,Parasyrphus punctulatus,0
SH7038,Parhelophilus frutetorum,0
SH7038,Parhelophilus versicolor,0
SH7038,Pipiza bimaculata,0
SH7038,Pipizella viduata,0
SH7038,Platycheirus albimanus,8
SH7038,Platycheirus clypeatus,0
SH7038,Platycheirus granditarsus,0
SH7038,Platycheirus manicatus,1
SH7038,Platycheirus nielseni,0
SH7038,Platycheirus peltatus,0
SH7038,Platycheirus ramsarensis,0
SH7038,Platycheirus rosarum,0
SH7038,Platycheirus scutatus,0
SH7038,Platycheirus tarsalis,0
SH7038,Rhingia campestris,0
SH7038,Rhingia rostrata,0
SH7038,Riponnensia splendens,0
SH7038,Scaeva pyrastri,1
SH7038,Scaeva selenitica,0
SH7038,Sericomyia lappona,0
SH7038,Sericomyia silentis,0
SH7038,Sericomyia superbiens,0
SH7038,Sphaerophoria fatarum,0
SH7038,Sphaerophoria interrupta,1
SH7038,Sphaerophoria philanthus,0
SH7038,Sphaerophoria rueppellii,0
SH7038,Sphaerophoria scripta,0
SH7038,Sphaerophoria taeniata,0
SH7038,Sphecodes crassus,0
SH7038,Sphecodes ephippius,0
SH7038,Sphecodes ferruginatus,0
SH7038,Sphecodes geoffrellus,0
SH7038,Sphecodes monilicornis,0
SH7038,Sphecodes niger,0
SH7038,Sphegina clunipes,0
SH7038,Syritta pipiens,0
SH7038,Syrphus rectus,0
SH7038,Syrphus ribesii,1
SH7038,Syrphus torvus,1
SH7038,Syrphus vitripennis,0
SH7038,Tropidia scita,0
SH7038,Volucella bombylans,0
SH7038,Volucella inanis,0
SH7038,Volucella inflata,0
SH7038,Volucella pellucens,0
SH7038,Xanthogramma pedissequum,0
SH7038,Xanthogramma stackelbergi,0
SH7038,Xylota abiens,0
SH7038,Xylota jakutorum,0
SH7038,Xylota segnis,0
SH7038,Xylota sylvarum,0
SH7148,Anasimyia contracta,0
SH7148,Anasimyia lineata,0
SH7148,Anasimyia transfuga,0
SH7148,Andrena alfkenella,0
SH7148,Andrena angustior,0
SH7148,Andrena bicolor,0
SH7148,Andrena bucephala,0
SH7148,Andrena chrysosceles,0
SH7148,Andrena cineraria,0
SH7148,Andrena coitana,0
SH7148,Andrena denticulata,0
SH7148,Andrena dorsata,0
SH7148,Andrena flavipes,0
SH7148,Andrena fucata,0
SH7148,Andrena fulva,0
SH7148,Andrena haemorrhoa,0
SH7148,Andrena helvola,0
SH7148,Andrena humilis,0
SH7148,Andrena lapponica,1
SH7148,Andrena minutula,0
SH7148,Andrena nigriceps,0
SH7148,Andrena nigroaenea,0
SH7148,Andrena nitida,0
SH7148,Andrena scotica,1
SH7148,Andrena semilaevis,0
SH7148,Andrena subopaca,0
SH7148,Andrena synadelpha,0
SH7148,Andrena tarsata,0
SH7148,Andrena thoracica,0
SH7148,Andrena trimmerana,0
SH7148,Andrena wilkella,0
SH7148,Anthidium manicatum,0
SH7148,Anthophora furcata,0
SH7148,Anthophora plumipes,0
SH7148,Apis mellifera,1
SH7148,Arctophila superbiens,0
SH7148,Bombus barbutellus,0
SH7148,Bombus bohemicus,0
SH7148,Bombus campestris,0
SH7148,Bombus hortorum,1
SH7148,Bombus humilis,0
SH7148,Bombus hypnorum,0
SH7148,Bombus jonellus,0
SH7148,Bombus lapidarius,0
SH7148,Bombus lucorum,3
SH7148,Bombus monticola,4
SH7148,Bombus muscorum,0
SH7148,Bombus pascuorum,1
SH7148,Bombus pratorum,1
SH7148,Bombus ruderarius,0
SH7148,Bombus ruderatus,0
SH7148,Bombus rupestris,0
SH7148,Bombus soroeensis,0
SH7148,Bombus sylvestris,4
SH7148,Bombus terrestris,0
SH7148,Bombus vestalis,0
SH7148,Chalcosyrphus nemorum,0
SH7148,Cheilosia albitarsis,0
SH7148,Cheilosia bergenstammi,0
SH7148,Cheilosia fraterna,0
SH7148,Cheilosia illustrata,0
SH7148,Cheilosia lasiopa,0
SH7148,Cheilosia latifrons,0
SH7148,Cheilosia pagana,0
SH7148,Cheilosia proxima,0
SH7148,Cheilosia soror,0
SH7148,Cheilosia vernalis,0
SH7148,Chelostoma campanularum,0
SH7148,Chrysogaster cemiteriorum,0
SH7148,Chrysogaster virescens,0
SH7148,Chrysotoxum arcuatum,0
SH7148,Chrysotoxum bicinctum,0
SH7148,Chrysotoxum festivum,0
SH7148,Chrysotoxum verralli,0
SH7148,Coelioxys elongata,0
SH7148,Coelioxys inermis,0
SH7148,Colletes similis,0
SH7148,Colletes succinctus,0
SH7148,Dasypoda hirtipes,0
SH7148,Dasysyrphus albostriatus,0
SH7148,Dasysyrphus neovenustus,0
SH7148,Dasysyrphus tricinctus,0
SH7148,Dasysyrphus venustus,0
SH7148,Epistrophe grossulariae,0
SH7148,Episyrphus balteatus,0
SH7148,Eristalinus aeneus,0
SH7148,Eristalinus sepulchralis,0
SH7148,Eristalis abusiva,0
SH7148,Eristalis abusivus,0
SH7148,Eristalis arbustorum,0
SH7148,Eristalis horticola,0
SH7148,Eristalis intricaria,0
SH7148,Eristalis intricarius,0
SH7148,Eristalis nemorum,0
SH7148,Eristalis pertinax,0
SH7148,Eristalis rupium,0
SH7148,Eristalis tenax,4
SH7148,Eucera longicornis,0
SH7148,Eumerus funeralis,0
SH7148,Eumerus ornatus,0
SH7148,Eumerus strigatus,0
SH7148,Eupeodes corollae,1
SH7148,Eupeodes latifasciatus,0
SH7148,Eupeodes luniger,0
SH7148,Ferdinandea cuprea,0
SH7148,Halictus confusus,0
SH7148,Halictus eurygnathus,0
SH7148,Halictus rubicundus,0
SH7148,Halictus tumulorum,0
SH7148,Helophilus hybridus,0
SH7148,Helophilus pendulus,0
SH7148,Helophilus trivittatus,0
SH7148,Hylaeus brevicornis,0
SH7148,Hylaeus communis,0
SH7148,Hylaeus confusus,0
SH7148,Hylaeus dilatatus,0
SH7148,Hylaeus hyalinatus,0
SH7148,Hylaeus pectoralis,0
SH7148,Lasioglossum albipes,0
SH7148,Lasioglossum calceatum,0
SH7148,Lasioglossum cupromicans,1
SH7148,Lasioglossum fratellum,0
SH7148,Lasioglossum fulvicorne,0
SH7148,Lasioglossum laevigatum,0
SH7148,Lasioglossum lativentre,0
SH7148,Lasioglossum leucopus,0
SH7148,Lasioglossum leucozonium,0
SH7148,Lasioglossum malachurum,0
SH7148,Lasioglossum minutissimum,0
SH7148,Lasioglossum morio,0
SH7148,Lasioglossum parvulum,0
SH7148,Lasioglossum pauperatum,0
SH7148,Lasioglossum pauxillum,0
SH7148,Lasioglossum punctatissimum,0
SH7148,Lasioglossum puncticolle,0
SH7148,Lasioglossum quadrinotatum,0
SH7148,Lasioglossum rufitarse,0
SH7148,Lasioglossum smeathmanellum,0
SH7148,Lasioglossum villosulum,0
SH7148,Lasioglossum xanthopus,0
SH7148,Lasioglossum zonulum,0
SH7148,Lejogaster metallina,0
SH7148,Leucozona glaucia,0
SH7148,Leucozona laternaria,0
SH7148,Macropis europaea,0
SH7148,Megachile centuncularis,0
SH7148,Megachile ligniseca,0
SH7148,Megachile versicolor,0
SH7148,Megachile willughbiella,0
SH7148,Melangyna cincta,0
SH7148,Melangyna labiatarum,0
SH7148,Melangyna lasiophthalma,0
SH7148,Melangyna umbellatarum,0
SH7148,Melanogaster aerosa,0
SH7148,Melanogaster hirtella,0
SH7148,Melanostoma form,0
SH7148,Melanostoma mellinum,1
SH7148,Melanostoma scalare,0
SH7148,Meliscaeva auricollis,0
SH7148,Meliscaeva cinctella,0
SH7148,Melitta leporina,0
SH7148,Merodon equestris,0
SH7148,Myathropa florea,0
SH7148,Neoascia geniculata,0
SH7148,Neoascia meticulosa,0
SH7148,Neoascia podagrica,0
SH7148,Neoascia tenur,0
SH7148,Nomada fabriciana,0
SH7148,Nomada flava,0
SH7148,Nomada flavoguttata,0
SH7148,Nomada flavopicta,0
SH7148,Nomada fucata,0
SH7148,Nomada goodeniana,0
SH7148,Nomada lathburiana,0
SH7148,Nomada marshamella,0
SH7148,Nomada obtusifrons,0
SH7148,Nomada panzeri,0
SH7148,Nomada ruficornis,0
SH7148,Nomada striata,0
SH7148,Orthonevra nobilis,0
SH7148,Osmia bicolor,0
SH7148,Osmia bicornis,0
SH7148,Osmia caerulescens,0
SH7148,Osmia leaiana,0
SH7148,Osmia spinulosa,0
SH7148,Panurgus banksianus,0
SH7148,Panurgus calcaratus,0
SH7148,Parasyrphus punctulatus,0
SH7148,Parhelophilus frutetorum,0
SH7148,Parhelophilus versicolor,0
SH7148,Pipiza bimaculata,0
SH7148,Pipizella viduata,0
SH7148,Platycheirus albimanus,1
SH7148,Platycheirus clypeatus,0
SH7148,Platycheirus granditarsus,0
SH7148,Platycheirus manicatus,0
SH7148,Platycheirus nielseni,0
SH7148,Platycheirus peltatus,0
SH7148,Platycheirus ramsarensis,0
SH7148,Platycheirus rosarum,0
SH7148,Platycheirus scutatus,0
SH7148,Platycheirus tarsalis,0
SH7148,Rhingia campestris,0
SH7148,Rhingia rostrata,0
SH7148,Riponnensia splendens,0
SH7148,Scaeva pyrastri,0
SH7148,Scaeva selenitica,0
SH7148,Sericomyia lappona,0
SH7148,Sericomyia silentis,3
SH7148,Sericomyia superbiens,0
SH7148,Sphaerophoria fatarum,0
SH7148,Sphaerophoria interrupta,0
SH7148,Sphaerophoria philanthus,0
SH7148,Sphaerophoria rueppellii,0
SH7148,Sphaerophoria scripta,0
SH7148,Sphaerophoria taeniata,0
SH7148,Sphecodes crassus,0
SH7148,Sphecodes ephippius,0
SH7148,Sphecodes ferruginatus,0
SH7148,Sphecodes geoffrellus,0
SH7148,Sphecodes monilicornis,0
SH7148,Sphecodes niger,0
SH7148,Sphegina clunipes,0
SH7148,Syritta pipiens,0
SH7148,Syrphus rectus,0
SH7148,Syrphus ribesii,1
SH7148,Syrphus torvus,4
SH7148,Syrphus vitripennis,0
SH7148,Tropidia scita,0
SH7148,Volucella bombylans,0
SH7148,Volucella inanis,0
SH7148,Volucella inflata,0
SH7148,Volucella pellucens,0
SH7148,Xanthogramma pedissequum,0
SH7148,Xanthogramma stackelbergi,0
SH7148,Xylota abiens,0
SH7148,Xylota jakutorum,0
SH7148,Xylota segnis,0
SH7148,Xylota sylvarum,0
SH8170,Anasimyia contracta,0
SH8170,Anasimyia lineata,0
SH8170,Anasimyia transfuga,0
SH8170,Andrena alfkenella,0
SH8170,Andrena angustior,1
SH8170,Andrena bicolor,0
SH8170,Andrena bucephala,0
SH8170,Andrena chrysosceles,0
SH8170,Andrena cineraria,0
SH8170,Andrena coitana,0
SH8170,Andrena denticulata,0
SH8170,Andrena dorsata,0
SH8170,Andrena flavipes,0
SH8170,Andrena fucata,0
SH8170,Andrena fulva,0
SH8170,Andrena haemorrhoa,2
SH8170,Andrena helvola,17
SH8170,Andrena humilis,0
SH8170,Andrena lapponica,0
SH8170,Andrena minutula,1
SH8170,Andrena nigriceps,0
SH8170,Andrena nigroaenea,1
SH8170,Andrena nitida,0
SH8170,Andrena scotica,0
SH8170,Andrena semilaevis,0
SH8170,Andrena subopaca,1
SH8170,Andrena synadelpha,0
SH8170,Andrena tarsata,0
SH8170,Andrena thoracica,0
SH8170,Andrena trimmerana,0
SH8170,Andrena wilkella,0
SH8170,Anthidium manicatum,0
SH8170,Anthophora furcata,0
SH8170,Anthophora plumipes,0
SH8170,Apis mellifera,3
SH8170,Arctophila superbiens,1
SH8170,Bombus barbutellus,0
SH8170,Bombus bohemicus,0
SH8170,Bombus campestris,0
SH8170,Bombus hortorum,3
SH8170,Bombus humilis,0
SH8170,Bombus hypnorum,0
SH8170,Bombus jonellus,0
SH8170,Bombus lapidarius,8
SH8170,Bombus lucorum,2
SH8170,Bombus monticola,0
SH8170,Bombus muscorum,0
SH8170,Bombus pascuorum,3
SH8170,Bombus pratorum,0
SH8170,Bombus ruderarius,0
SH8170,Bombus ruderatus,0
SH8170,Bombus rupestris,0
SH8170,Bombus soroeensis,0
SH8170,Bombus sylvestris,0
SH8170,Bombus terrestris,5
SH8170,Bombus vestalis,0
SH8170,Chalcosyrphus nemorum,0
SH8170,Cheilosia albitarsis,0
SH8170,Cheilosia bergenstammi,0
SH8170,Cheilosia fraterna,0
SH8170,Cheilosia illustrata,0
SH8170,Cheilosia lasiopa,0
SH8170,Cheilosia latifrons,0
SH8170,Cheilosia pagana,0
SH8170,Cheilosia proxima,0
SH8170,Cheilosia soror,0
SH8170,Cheilosia vernalis,0
SH8170,Chelostoma campanularum,0
SH8170,Chrysogaster cemiteriorum,0
SH8170,Chrysogaster virescens,0
SH8170,Chrysotoxum arcuatum,0
SH8170,Chrysotoxum bicinctum,1
SH8170,Chrysotoxum festivum,0
SH8170,Chrysotoxum verralli,0
SH8170,Coelioxys elongata,0
SH8170,Coelioxys inermis,0
SH8170,Colletes similis,0
SH8170,Colletes succinctus,0
SH8170,Dasypoda hirtipes,0
SH8170,Dasysyrphus albostriatus,0
SH8170,Dasysyrphus neovenustus,0
SH8170,Dasysyrphus tricinctus,0
SH8170,Dasysyrphus venustus,0
SH8170,Epistrophe grossulariae,0
SH8170,Episyrphus balteatus,13
SH8170,Eristalinus aeneus,0
SH8170,Eristalinus sepulchralis,0
SH8170,Eristalis abusiva,0
SH8170,Eristalis abusivus,0
SH8170,Eristalis arbustorum,10
SH8170,Eristalis horticola,1
SH8170,Eristalis intricaria,0
SH8170,Eristalis intricarius,0
SH8170,Eristalis nemorum,0
SH8170,Eristalis pertinax,9
SH8170,Eristalis rupium,0
SH8170,Eristalis tenax,13
SH8170,Eucera longicornis,0
SH8170,Eumerus funeralis,0
SH8170,Eumerus ornatus,0
SH8170,Eumerus strigatus,0
SH8170,Eupeodes corollae,0
SH8170,Eupeodes latifasciatus,8
SH8170,Eupeodes luniger,1
SH8170,Ferdinandea cuprea,1
SH8170,Halictus confusus,0
SH8170,Halictus eurygnathus,0
SH8170,Halictus rubicundus,2
SH8170,Halictus tumulorum,2
SH8170,Helophilus hybridus,0
SH8170,Helophilus pendulus,4
SH8170,Helophilus trivittatus,0
SH8170,Hylaeus brevicornis,0
SH8170,Hylaeus communis,0
SH8170,Hylaeus confusus,0
SH8170,Hylaeus dilatatus,0
SH8170,Hylaeus hyalinatus,0
SH8170,Hylaeus pectoralis,0
SH8170,Lasioglossum albipes,3
SH8170,Lasioglossum calceatum,6
SH8170,Lasioglossum cupromicans,0
SH8170,Lasioglossum fratellum,0
SH8170,Lasioglossum fulvicorne,1
SH8170,Lasioglossum laevigatum,0
SH8170,Lasioglossum lativentre,1
SH8170,Lasioglossum leucopus,7
SH8170,Lasioglossum leucozonium,0
SH8170,Lasioglossum malachurum,0
SH8170,Lasioglossum minutissimum,0
SH8170,Lasioglossum morio,1
SH8170,Lasioglossum parvulum,0
SH8170,Lasioglossum pauperatum,0
SH8170,Lasioglossum pauxillum,0
SH8170,Lasioglossum punctatissimum,0
SH8170,Lasioglossum puncticolle,0
SH8170,Lasioglossum quadrinotatum,0
SH8170,Lasioglossum rufitarse,0
SH8170,Lasioglossum smeathmanellum,0
SH8170,Lasioglossum villosulum,0
SH8170,Lasioglossum xanthopus,0
SH8170,Lasioglossum zonulum,0
SH8170,Lejogaster metallina,0
SH8170,Leucozona glaucia,1
SH8170,Leucozona laternaria,0
SH8170,Macropis europaea,0
SH8170,Megachile centuncularis,0
SH8170,Megachile ligniseca,0
SH8170,Megachile versicolor,0
SH8170,Megachile willughbiella,0
SH8170,Melangyna cincta,0
SH8170,Melangyna labiatarum,0
SH8170,Melangyna lasiophthalma,0
SH8170,Melangyna umbellatarum,0
SH8170,Melanogaster aerosa,0
SH8170,Melanogaster hirtella,0
SH8170,Melanostoma form,0
SH8170,Melanostoma mellinum,3
SH8170,Melanostoma scalare,0
SH8170,Meliscaeva auricollis,0
SH8170,Meliscaeva cinctella,0
SH8170,Melitta leporina,0
SH8170,Merodon equestris,0
SH8170,Myathropa florea,3
SH8170,Neoascia geniculata,0
SH8170,Neoascia meticulosa,0
SH8170,Neoascia podagrica,19
SH8170,Neoascia tenur,0
SH8170,Nomada fabriciana,0
SH8170,Nomada flava,0
SH8170,Nomada flavoguttata,0
SH8170,Nomada flavopicta,0
SH8170,Nomada fucata,0
SH8170,Nomada goodeniana,0
SH8170,Nomada lathburiana,0
SH8170,Nomada marshamella,0
SH8170,Nomada obtusifrons,0
SH8170,Nomada panzeri,0
SH8170,Nomada ruficornis,0
SH8170,Nomada striata,0
SH8170,Orthonevra nobilis,0
SH8170,Osmia bicolor,0
SH8170,Osmia bicornis,1
SH8170,Osmia caerulescens,0
SH8170,Osmia leaiana,0
SH8170,Osmia spinulosa,0
SH8170,Panurgus banksianus,0
SH8170,Panurgus calcaratus,0
SH8170,Parasyrphus punctulatus,0
SH8170,Parhelophilus frutetorum,0
SH8170,Parhelophilus versicolor,0
SH8170,Pipiza bimaculata,0
SH8170,Pipizella viduata,0
SH8170,Platycheirus albimanus,3
SH8170,Platycheirus clypeatus,0
SH8170,Platycheirus granditarsus,5
SH8170,Platycheirus manicatus,0
SH8170,Platycheirus nielseni,0
SH8170,Platycheirus peltatus,0
SH8170,Platycheirus ramsarensis,0
SH8170,Platycheirus rosarum,0
SH8170,Platycheirus scutatus,0
SH8170,Platycheirus tarsalis,0
SH8170,Rhingia campestris,7
SH8170,Rhingia rostrata,4
SH8170,Riponnensia splendens,0
SH8170,Scaeva pyrastri,0
SH8170,Scaeva selenitica,0
SH8170,Sericomyia lappona,0
SH8170,Sericomyia silentis,4
SH8170,Sericomyia superbiens,1
SH8170,Sphaerophoria fatarum,0
SH8170,Sphaerophoria interrupta,0
SH8170,Sphaerophoria philanthus,0
SH8170,Sphaerophoria rueppellii,0
SH8170,Sphaerophoria scripta,1
SH8170,Sphaerophoria taeniata,0
SH8170,Sphecodes crassus,0
SH8170,Sphecodes ephippius,0
SH8170,Sphecodes ferruginatus,0
SH8170,Sphecodes geoffrellus,0
SH8170,Sphecodes monilicornis,1
SH8170,Sphecodes niger,0
SH8170,Sphegina clunipes,0
SH8170,Syritta pipiens,1
SH8170,Syrphus rectus,0
SH8170,Syrphus ribesii,12
SH8170,Syrphus torvus,0
SH8170,Syrphus vitripennis,1
SH8170,Tropidia scita,0
SH8170,Volucella bombylans,0
SH8170,Volucella inanis,0
SH8170,Volucella inflata,0
SH8170,Volucella pellucens,0
SH8170,Xanthogramma pedissequum,0
SH8170,Xanthogramma stackelbergi,0
SH8170,Xylota abiens,0
SH8170,Xylota jakutorum,0
SH8170,Xylota segnis,2
SH8170,Xylota sylvarum,0
SH8207,Anasimyia contracta,0
SH8207,Anasimyia lineata,0
SH8207,Anasimyia transfuga,0
SH8207,Andrena alfkenella,0
SH8207,Andrena angustior,4
SH8207,Andrena bicolor,2
SH8207,Andrena bucephala,0
SH8207,Andrena chrysosceles,0
SH8207,Andrena cineraria,2
SH8207,Andrena coitana,6
SH8207,Andrena denticulata,0
SH8207,Andrena dorsata,0
SH8207,Andrena flavipes,0
SH8207,Andrena fucata,1
SH8207,Andrena fulva,0
SH8207,Andrena haemorrhoa,4
SH8207,Andrena helvola,1
SH8207,Andrena humilis,0
SH8207,Andrena lapponica,0
SH8207,Andrena minutula,0
SH8207,Andrena nigriceps,0
SH8207,Andrena nigroaenea,1
SH8207,Andrena nitida,0
SH8207,Andrena scotica,0
SH8207,Andrena semilaevis,0
SH8207,Andrena subopaca,0
SH8207,Andrena synadelpha,0
SH8207,Andrena tarsata,0
SH8207,Andrena thoracica,0
SH8207,Andrena trimmerana,0
SH8207,Andrena wilkella,0
SH8207,Anthidium manicatum,0
SH8207,Anthophora furcata,0
SH8207,Anthophora plumipes,0
SH8207,Apis mellifera,6
SH8207,Arctophila superbiens,0
SH8207,Bombus barbutellus,0
SH8207,Bombus bohemicus,1
SH8207,Bombus campestris,1
SH8207,Bombus hortorum,2
SH8207,Bombus humilis,0
SH8207,Bombus hypnorum,0
SH8207,Bombus jonellus,1
SH8207,Bombus lapidarius,4
SH8207,Bombus lucorum,12
SH8207,Bombus monticola,0
SH8207,Bombus muscorum,0
SH8207,Bombus pascuorum,1
SH8207,Bombus pratorum,0
SH8207,Bombus ruderarius,0
SH8207,Bombus ruderatus,0
SH8207,Bombus rupestris,0
SH8207,Bombus soroeensis,0
SH8207,Bombus sylvestris,0
SH8207,Bombus terrestris,4
SH8207,Bombus vestalis,0
SH8207,Chalcosyrphus nemorum,0
SH8207,Cheilosia albitarsis,0
SH8207,Cheilosia bergenstammi,0
SH8207,Cheilosia fraterna,0
SH8207,Cheilosia illustrata,0
SH8207,Cheilosia lasiopa,0
SH8207,Cheilosia latifrons,0
SH8207,Cheilosia pagana,0
SH8207,Cheilosia proxima,0
SH8207,Cheilosia soror,0
SH8207,Cheilosia vernalis,0
SH8207,Chelostoma campanularum,0
SH8207,Chrysogaster cemiteriorum,0
SH8207,Chrysogaster virescens,0
SH8207,Chrysotoxum arcuatum,0
SH8207,Chrysotoxum bicinctum,0
SH8207,Chrysotoxum festivum,0
SH8207,Chrysotoxum verralli,0
SH8207,Coelioxys elongata,0
SH8207,Coelioxys inermis,0
SH8207,Colletes similis,0
SH8207,Colletes succinctus,0
SH8207,Dasypoda hirtipes,0
SH8207,Dasysyrphus albostriatus,0
SH8207,Dasysyrphus neovenustus,0
SH8207,Dasysyrphus tricinctus,0
SH8207,Dasysyrphus venustus,0
SH8207,Epistrophe grossulariae,0
SH8207,Episyrphus balteatus,6
SH8207,Eristalinus aeneus,0
SH8207,Eristalinus sepulchralis,0
SH8207,Eristalis abusiva,0
SH8207,Eristalis abusivus,2
SH8207,Eristalis arbustorum,6
SH8207,Eristalis horticola,0
SH8207,Eristalis intricaria,0
SH8207,Eristalis intricarius,0
SH8207,Eristalis nemorum,0
SH8207,Eristalis pertinax,1
SH8207,Eristalis rupium,0
SH8207,Eristalis tenax,13
SH8207,Eucera longicornis,0
SH8207,Eumerus funeralis,0
SH8207,Eumerus ornatus,0
SH8207,Eumerus strigatus,0
SH8207,Eupeodes corollae,1
SH8207,Eupeodes latifasciatus,2
SH8207,Eupeodes luniger,2
SH8207,Ferdinandea cuprea,0
SH8207,Halictus confusus,0
SH8207,Halictus eurygnathus,0
SH8207,Halictus rubicundus,10
SH8207,Halictus tumulorum,0
SH8207,Helophilus hybridus,0
SH8207,Helophilus pendulus,3
SH8207,Helophilus trivittatus,0
SH8207,Hylaeus brevicornis,0
SH8207,Hylaeus communis,0
SH8207,Hylaeus confusus,0
SH8207,Hylaeus dilatatus,0
SH8207,Hylaeus hyalinatus,0
SH8207,Hylaeus pectoralis,0
SH8207,Lasioglossum albipes,5
SH8207,Lasioglossum calceatum,13
SH8207,Lasioglossum cupromicans,2
SH8207,Lasioglossum fratellum,3
SH8207,Lasioglossum fulvicorne,9
SH8207,Lasioglossum laevigatum,0
SH8207,Lasioglossum lativentre,0
SH8207,Lasioglossum leucopus,1
SH8207,Lasioglossum leucozonium,0
SH8207,Lasioglossum malachurum,0
SH8207,Lasioglossum minutissimum,0
SH8207,Lasioglossum morio,0
SH8207,Lasioglossum parvulum,0
SH8207,Lasioglossum pauperatum,0
SH8207,Lasioglossum pauxillum,0
SH8207,Lasioglossum punctatissimum,0
SH8207,Lasioglossum puncticolle,0
SH8207,Lasioglossum quadrinotatum,0
SH8207,Lasioglossum rufitarse,0
SH8207,Lasioglossum smeathmanellum,0
SH8207,Lasioglossum villosulum,0
SH8207,Lasioglossum xanthopus,0
SH8207,Lasioglossum zonulum,0
SH8207,Lejogaster metallina,0
SH8207,Leucozona glaucia,0
SH8207,Leucozona laternaria,0
SH8207,Macropis europaea,0
SH8207,Megachile centuncularis,0
SH8207,Megachile ligniseca,0
SH8207,Megachile versicolor,0
SH8207,Megachile willughbiella,0
SH8207,Melangyna cincta,1
SH8207,Melangyna labiatarum,0
SH8207,Melangyna lasiophthalma,0
SH8207,Melangyna umbellatarum,0
SH8207,Melanogaster aerosa,0
SH8207,Melanogaster hirtella,1
SH8207,Melanostoma form,0
SH8207,Melanostoma mellinum,3
SH8207,Melanostoma scalare,3
SH8207,Meliscaeva auricollis,0
SH8207,Meliscaeva cinctella,2
SH8207,Melitta leporina,0
SH8207,Merodon equestris,0
SH8207,Myathropa florea,0
SH8207,Neoascia geniculata,0
SH8207,Neoascia meticulosa,0
SH8207,Neoascia podagrica,2
SH8207,Neoascia tenur,0
SH8207,Nomada fabriciana,0
SH8207,Nomada flava,0
SH8207,Nomada flavoguttata,0
SH8207,Nomada flavopicta,0
SH8207,Nomada fucata,0
SH8207,Nomada goodeniana,0
SH8207,Nomada lathburiana,0
SH8207,Nomada marshamella,0
SH8207,Nomada obtusifrons,0
SH8207,Nomada panzeri,0
SH8207,Nomada ruficornis,0
SH8207,Nomada striata,0
SH8207,Orthonevra nobilis,0
SH8207,Osmia bicolor,0
SH8207,Osmia bicornis,0
SH8207,Osmia caerulescens,0
SH8207,Osmia leaiana,0
SH8207,Osmia spinulosa,0
SH8207,Panurgus banksianus,0
SH8207,Panurgus calcaratus,0
SH8207,Parasyrphus punctulatus,0
SH8207,Parhelophilus frutetorum,0
SH8207,Parhelophilus versicolor,0
SH8207,Pipiza bimaculata,0
SH8207,Pipizella viduata,0
SH8207,Platycheirus albimanus,4
SH8207,Platycheirus clypeatus,0
SH8207,Platycheirus granditarsus,1
SH8207,Platycheirus manicatus,0
SH8207,Platycheirus nielseni,0
SH8207,Platycheirus peltatus,0
SH8207,Platycheirus ramsarensis,0
SH8207,Platycheirus rosarum,0
SH8207,Platycheirus scutatus,0
SH8207,Platycheirus tarsalis,0
SH8207,Rhingia campestris,0
SH8207,Rhingia rostrata,0
SH8207,Riponnensia splendens,0
SH8207,Scaeva pyrastri,1
SH8207,Scaeva selenitica,0
SH8207,Sericomyia lappona,0
SH8207,Sericomyia silentis,2
SH8207,Sericomyia superbiens,0
SH8207,Sphaerophoria fatarum,0
SH8207,Sphaerophoria interrupta,0
SH8207,Sphaerophoria philanthus,0
SH8207,Sphaerophoria rueppellii,0
SH8207,Sphaerophoria scripta,0
SH8207,Sphaerophoria taeniata,0
SH8207,Sphecodes crassus,0
SH8207,Sphecodes ephippius,0
SH8207,Sphecodes ferruginatus,0
SH8207,Sphecodes geoffrellus,0
SH8207,Sphecodes monilicornis,0
SH8207,Sphecodes niger,0
SH8207,Sphegina clunipes,0
SH8207,Syritta pipiens,1
SH8207,Syrphus rectus,0
SH8207,Syrphus ribesii,3
SH8207,Syrphus torvus,0
SH8207,Syrphus vitripennis,0
SH8207,Tropidia scita,0
SH8207,Volucella bombylans,0
SH8207,Volucella inanis,0
SH8207,Volucella inflata,0
SH8207,Volucella pellucens,0
SH8207,Xanthogramma pedissequum,0
SH8207,Xanthogramma stackelbergi,0
SH8207,Xylota abiens,0
SH8207,Xylota jakutorum,0
SH8207,Xylota segnis,5
SH8207,Xylota sylvarum,0
SK0484,Anasimyia contracta,0
SK0484,Anasimyia lineata,0
SK0484,Anasimyia transfuga,0
SK0484,Andrena alfkenella,0
SK0484,Andrena angustior,2
SK0484,Andrena bicolor,1
SK0484,Andrena bucephala,0
SK0484,Andrena chrysosceles,0
SK0484,Andrena cineraria,0
SK0484,Andrena coitana,0
SK0484,Andrena denticulata,0
SK0484,Andrena dorsata,0
SK0484,Andrena flavipes,0
SK0484,Andrena fucata,1
SK0484,Andrena fulva,0
SK0484,Andrena haemorrhoa,7
SK0484,Andrena helvola,1
SK0484,Andrena humilis,0
SK0484,Andrena lapponica,1
SK0484,Andrena minutula,0
SK0484,Andrena nigriceps,0
SK0484,Andrena nigroaenea,1
SK0484,Andrena nitida,0
SK0484,Andrena scotica,0
SK0484,Andrena semilaevis,0
SK0484,Andrena subopaca,0
SK0484,Andrena synadelpha,0
SK0484,Andrena tarsata,0
SK0484,Andrena thoracica,0
SK0484,Andrena trimmerana,0
SK0484,Andrena wilkella,0
SK0484,Anthidium manicatum,0
SK0484,Anthophora furcata,0
SK0484,Anthophora plumipes,0
SK0484,Apis mellifera,4
SK0484,Arctophila superbiens,0
SK0484,Bombus barbutellus,0
SK0484,Bombus bohemicus,0
SK0484,Bombus campestris,0
SK0484,Bombus hortorum,3
SK0484,Bombus humilis,0
SK0484,Bombus hypnorum,0
SK0484,Bombus jonellus,0
SK0484,Bombus lapidarius,0
SK0484,Bombus lucorum,5
SK0484,Bombus monticola,0
SK0484,Bombus muscorum,0
SK0484,Bombus pascuorum,13
SK0484,Bombus pratorum,3
SK0484,Bombus ruderarius,0
SK0484,Bombus ruderatus,0
SK0484,Bombus rupestris,0
SK0484,Bombus soroeensis,0
SK0484,Bombus sylvestris,0
SK0484,Bombus terrestris,2
SK0484,Bombus vestalis,0
SK0484,Chalcosyrphus nemorum,0
SK0484,Cheilosia albitarsis,0
SK0484,Cheilosia bergenstammi,0
SK0484,Cheilosia fraterna,0
SK0484,Cheilosia illustrata,0
SK0484,Cheilosia lasiopa,0
SK0484,Cheilosia latifrons,0
SK0484,Cheilosia pagana,0
SK0484,Cheilosia proxima,0
SK0484,Cheilosia soror,0
SK0484,Cheilosia vernalis,0
SK0484,Chelostoma campanularum,0
SK0484,Chrysogaster cemiteriorum,0
SK0484,Chrysogaster virescens,0
SK0484,Chrysotoxum arcuatum,0
SK0484,Chrysotoxum bicinctum,0
SK0484,Chrysotoxum festivum,0
SK0484,Chrysotoxum verralli,0
SK0484,Coelioxys elongata,0
SK0484,Coelioxys inermis,0
SK0484,Colletes similis,0
SK0484,Colletes succinctus,0
SK0484,Dasypoda hirtipes,0
SK0484,Dasysyrphus albostriatus,0
SK0484,Dasysyrphus neovenustus,0
SK0484,Dasysyrphus tricinctus,0
SK0484,Dasysyrphus venustus,0
SK0484,Epistrophe grossulariae,1
SK0484,Episyrphus balteatus,8
SK0484,Eristalinus aeneus,0
SK0484,Eristalinus sepulchralis,0
SK0484,Eristalis abusiva,0
SK0484,Eristalis abusivus,0
SK0484,Eristalis arbustorum,1
SK0484,Eristalis horticola,1
SK0484,Eristalis intricaria,0
SK0484,Eristalis intricarius,0
SK0484,Eristalis nemorum,1
SK0484,Eristalis pertinax,7
SK0484,Eristalis rupium,0
SK0484,Eristalis tenax,1
SK0484,Eucera longicornis,0
SK0484,Eumerus funeralis,0
SK0484,Eumerus ornatus,0
SK0484,Eumerus strigatus,0
SK0484,Eupeodes corollae,8
SK0484,Eupeodes latifasciatus,29
SK0484,Eupeodes luniger,1
SK0484,Ferdinandea cuprea,2
SK0484,Halictus confusus,0
SK0484,Halictus eurygnathus,0
SK0484,Halictus rubicundus,2
SK0484,Halictus tumulorum,1
SK0484,Helophilus hybridus,0
SK0484,Helophilus pendulus,6
SK0484,Helophilus trivittatus,0
SK0484,Hylaeus brevicornis,0
SK0484,Hylaeus communis,0
SK0484,Hylaeus confusus,0
SK0484,Hylaeus dilatatus,0
SK0484,Hylaeus hyalinatus,0
SK0484,Hylaeus pectoralis,0
SK0484,Lasioglossum albipes,3
SK0484,Lasioglossum calceatum,9
SK0484,Lasioglossum cupromicans,2
SK0484,Lasioglossum fratellum,0
SK0484,Lasioglossum fulvicorne,0
SK0484,Lasioglossum laevigatum,0
SK0484,Lasioglossum lativentre,0
SK0484,Lasioglossum leucopus,2
SK0484,Lasioglossum leucozonium,0
SK0484,Lasioglossum malachurum,0
SK0484,Lasioglossum minutissimum,0
SK0484,Lasioglossum morio,0
SK0484,Lasioglossum parvulum,0
SK0484,Lasioglossum pauperatum,0
SK0484,Lasioglossum pauxillum,0
SK0484,Lasioglossum punctatissimum,0
SK0484,Lasioglossum puncticolle,0
SK0484,Lasioglossum quadrinotatum,0
SK0484,Lasioglossum rufitarse,0
SK0484,Lasioglossum smeathmanellum,0
SK0484,Lasioglossum villosulum,0
SK0484,Lasioglossum xanthopus,0
SK0484,Lasioglossum zonulum,0
SK0484,Lejogaster metallina,0
SK0484,Leucozona glaucia,0
SK0484,Leucozona laternaria,0
SK0484,Macropis europaea,0
SK0484,Megachile centuncularis,0
SK0484,Megachile ligniseca,0
SK0484,Megachile versicolor,0
SK0484,Megachile willughbiella,0
SK0484,Melangyna cincta,0
SK0484,Melangyna labiatarum,0
SK0484,Melangyna lasiophthalma,0
SK0484,Melangyna umbellatarum,0
SK0484,Melanogaster aerosa,0
SK0484,Melanogaster hirtella,3
SK0484,Melanostoma form,0
SK0484,Melanostoma mellinum,3
SK0484,Melanostoma scalare,1
SK0484,Meliscaeva auricollis,0
SK0484,Meliscaeva cinctella,0
SK0484,Melitta leporina,0
SK0484,Merodon equestris,0
SK0484,Myathropa florea,0
SK0484,Neoascia geniculata,0
SK0484,Neoascia meticulosa,0
SK0484,Neoascia podagrica,32
SK0484,Neoascia tenur,0
SK0484,Nomada fabriciana,0
SK0484,Nomada flava,0
SK0484,Nomada flavoguttata,0
SK0484,Nomada flavopicta,0
SK0484,Nomada fucata,0
SK0484,Nomada goodeniana,0
SK0484,Nomada lathburiana,0
SK0484,Nomada marshamella,0
SK0484,Nomada obtusifrons,0
SK0484,Nomada panzeri,0
SK0484,Nomada ruficornis,2
SK0484,Nomada striata,0
SK0484,Orthonevra nobilis,0
SK0484,Osmia bicolor,0
SK0484,Osmia bicornis,1
SK0484,Osmia caerulescens,0
SK0484,Osmia leaiana,0
SK0484,Osmia spinulosa,0
SK0484,Panurgus banksianus,0
SK0484,Panurgus calcaratus,0
SK0484,Parasyrphus punctulatus,0
SK0484,Parhelophilus frutetorum,0
SK0484,Parhelophilus versicolor,0
SK0484,Pipiza bimaculata,0
SK0484,Pipizella viduata,0
SK0484,Platycheirus albimanus,4
SK0484,Platycheirus clypeatus,0
SK0484,Platycheirus granditarsus,18
SK0484,Platycheirus manicatus,0
SK0484,Platycheirus nielseni,0
SK0484,Platycheirus peltatus,0
SK0484,Platycheirus ramsarensis,0
SK0484,Platycheirus rosarum,0
SK0484,Platycheirus scutatus,0
SK0484,Platycheirus tarsalis,0
SK0484,Rhingia campestris,1
SK0484,Rhingia rostrata,0
SK0484,Riponnensia splendens,0
SK0484,Scaeva pyrastri,0
SK0484,Scaeva selenitica,0
SK0484,Sericomyia lappona,0
SK0484,Sericomyia silentis,4
SK0484,Sericomyia superbiens,0
SK0484,Sphaerophoria fatarum,0
SK0484,Sphaerophoria interrupta,0
SK0484,Sphaerophoria philanthus,0
SK0484,Sphaerophoria rueppellii,0
SK0484,Sphaerophoria scripta,0
SK0484,Sphaerophoria taeniata,0
SK0484,Sphecodes crassus,0
SK0484,Sphecodes ephippius,0
SK0484,Sphecodes ferruginatus,0
SK0484,Sphecodes geoffrellus,0
SK0484,Sphecodes monilicornis,0
SK0484,Sphecodes niger,0
SK0484,Sphegina clunipes,0
SK0484,Syritta pipiens,3
SK0484,Syrphus rectus,0
SK0484,Syrphus ribesii,4
SK0484,Syrphus torvus,0
SK0484,Syrphus vitripennis,0
SK0484,Tropidia scita,0
SK0484,Volucella bombylans,0
SK0484,Volucella inanis,0
SK0484,Volucella inflata,0
SK0484,Volucella pellucens,0
SK0484,Xanthogramma pedissequum,0
SK0484,Xanthogramma stackelbergi,0
SK0484,Xylota abiens,0
SK0484,Xylota jakutorum,0
SK0484,Xylota segnis,4
SK0484,Xylota sylvarum,0
SK1590,Anasimyia contracta,0
SK1590,Anasimyia lineata,0
SK1590,Anasimyia transfuga,0
SK1590,Andrena alfkenella,0
SK1590,Andrena angustior,1
SK1590,Andrena bicolor,0
SK1590,Andrena bucephala,0
SK1590,Andrena chrysosceles,0
SK1590,Andrena cineraria,4
SK1590,Andrena coitana,0
SK1590,Andrena denticulata,0
SK1590,Andrena dorsata,0
SK1590,Andrena flavipes,0
SK1590,Andrena fucata,1
SK1590,Andrena fulva,0
SK1590,Andrena haemorrhoa,0
SK1590,Andrena helvola,0
SK1590,Andrena humilis,0
SK1590,Andrena lapponica,14
SK1590,Andrena minutula,0
SK1590,Andrena nigriceps,0
SK1590,Andrena nigroaenea,0
SK1590,Andrena nitida,1
SK1590,Andrena scotica,0
SK1590,Andrena semilaevis,0
SK1590,Andrena subopaca,1
SK1590,Andrena synadelpha,0
SK1590,Andrena tarsata,0
SK1590,Andrena thoracica,0
SK1590,Andrena trimmerana,0
SK1590,Andrena wilkella,1
SK1590,Anthidium manicatum,0
SK1590,Anthophora furcata,0
SK1590,Anthophora plumipes,0
SK1590,Apis mellifera,4
SK1590,Arctophila superbiens,0
SK1590,Bombus barbutellus,0
SK1590,Bombus bohemicus,0
SK1590,Bombus campestris,0
SK1590,Bombus hortorum,5
SK1590,Bombus humilis,0
SK1590,Bombus hypnorum,0
SK1590,Bombus jonellus,0
SK1590,Bombus lapidarius,14
SK1590,Bombus lucorum,31
SK1590,Bombus monticola,20
SK1590,Bombus muscorum,0
SK1590,Bombus pascuorum,6
SK1590,Bombus pratorum,4
SK1590,Bombus ruderarius,0
SK1590,Bombus ruderatus,0
SK1590,Bombus rupestris,0
SK1590,Bombus soroeensis,0
SK1590,Bombus sylvestris,6
SK1590,Bombus terrestris,3
SK1590,Bombus vestalis,0
SK1590,Chalcosyrphus nemorum,0
SK1590,Cheilosia albitarsis,0
SK1590,Cheilosia bergenstammi,0
SK1590,Cheilosia fraterna,0
SK1590,Cheilosia illustrata,0
SK1590,Cheilosia lasiopa,0
SK1590,Cheilosia latifrons,0
SK1590,Cheilosia pagana,0
SK1590,Cheilosia proxima,0
SK1590,Cheilosia soror,0
SK1590,Cheilosia vernalis,0
SK1590,Chelostoma campanularum,0
SK1590,Chrysogaster cemiteriorum,0
SK1590,Chrysogaster virescens,0
SK1590,Chrysotoxum arcuatum,0
SK1590,Chrysotoxum bicinctum,0
SK1590,Chrysotoxum festivum,0
SK1590,Chrysotoxum verralli,0
SK1590,Coelioxys elongata,0
SK1590,Coelioxys inermis,0
SK1590,Colletes similis,0
SK1590,Colletes succinctus,3
SK1590,Dasypoda hirtipes,0
SK1590,Dasysyrphus albostriatus,0
SK1590,Dasysyrphus neovenustus,0
SK1590,Dasysyrphus tricinctus,0
SK1590,Dasysyrphus venustus,0
SK1590,Epistrophe grossulariae,0
SK1590,Episyrphus balteatus,7
SK1590,Eristalinus aeneus,0
SK1590,Eristalinus sepulchralis,0
SK1590,Eristalis abusiva,0
SK1590,Eristalis abusivus,0
SK1590,Eristalis arbustorum,1
SK1590,Eristalis horticola,0
SK1590,Eristalis intricaria,0
SK1590,Eristalis intricarius,0
SK1590,Eristalis nemorum,0
SK1590,Eristalis pertinax,1
SK1590,Eristalis rupium,0
SK1590,Eristalis tenax,33
SK1590,Eucera longicornis,0
SK1590,Eumerus funeralis,0
SK1590,Eumerus ornatus,0
SK1590,Eumerus strigatus,0
SK1590,Eupeodes corollae,5
SK1590,Eupeodes latifasciatus,2
SK1590,Eupeodes luniger,6
SK1590,Ferdinandea cuprea,1
SK1590,Halictus confusus,0
SK1590,Halictus eurygnathus,0
SK1590,Halictus rubicundus,1
SK1590,Halictus tumulorum,0
SK1590,Helophilus hybridus,0
SK1590,Helophilus pendulus,3
SK1590,Helophilus trivittatus,0
SK1590,Hylaeus brevicornis,0
SK1590,Hylaeus communis,0
SK1590,Hylaeus confusus,0
SK1590,Hylaeus dilatatus,0
SK1590,Hylaeus hyalinatus,0
SK1590,Hylaeus pectoralis,0
SK1590,Lasioglossum albipes,0
SK1590,Lasioglossum calceatum,4
SK1590,Lasioglossum cupromicans,0
SK1590,Lasioglossum fratellum,1
SK1590,Lasioglossum fulvicorne,0
SK1590,Lasioglossum laevigatum,0
SK1590,Lasioglossum lativentre,0
SK1590,Lasioglossum leucopus,0
SK1590,Lasioglossum leucozonium,0
SK1590,Lasioglossum malachurum,0
SK1590,Lasioglossum minutissimum,0
SK1590,Lasioglossum morio,0
SK1590,Lasioglossum parvulum,0
SK1590,Lasioglossum pauperatum,0
SK1590,Lasioglossum pauxillum,0
SK1590,Lasioglossum punctatissimum,0
SK1590,Lasioglossum puncticolle,0
SK1590,Lasioglossum quadrinotatum,0
SK1590,Lasioglossum rufitarse,0
SK1590,Lasioglossum smeathmanellum,0
SK1590,Lasioglossum villosulum,1
SK1590,Lasioglossum xanthopus,0
SK1590,Lasioglossum zonulum,0
SK1590,Lejogaster metallina,0
SK1590,Leucozona glaucia,0
SK1590,Leucozona laternaria,0
SK1590,Macropis europaea,0
SK1590,Megachile centuncularis,0
SK1590,Megachile ligniseca,0
SK1590,Megachile versicolor,0
SK1590,Megachile willughbiella,0
SK1590,Melangyna cincta,0
SK1590,Melangyna labiatarum,0
SK1590,Melangyna lasiophthalma,0
SK1590,Melangyna umbellatarum,0
SK1590,Melanogaster aerosa,0
SK1590,Melanogaster hirtella,0
SK1590,Melanostoma form,0
SK1590,Melanostoma mellinum,7
SK1590,Melanostoma scalare,1
SK1590,Meliscaeva auricollis,0
SK1590,Meliscaeva cinctella,0
SK1590,Melitta leporina,0
SK1590,Merodon equestris,0
SK1590,Myathropa florea,0
SK1590,Neoascia geniculata,0
SK1590,Neoascia meticulosa,0
SK1590,Neoascia podagrica,0
SK1590,Neoascia tenur,0
SK1590,Nomada fabriciana,0
SK1590,Nomada flava,0
SK1590,Nomada flavoguttata,0
SK1590,Nomada flavopicta,0
SK1590,Nomada fucata,0
SK1590,Nomada goodeniana,0
SK1590,Nomada lathburiana,0
SK1590,Nomada marshamella,0
SK1590,Nomada obtusifrons,0
SK1590,Nomada panzeri,0
SK1590,Nomada ruficornis,0
SK1590,Nomada striata,0
SK1590,Orthonevra nobilis,0
SK1590,Osmia bicolor,0
SK1590,Osmia bicornis,0
SK1590,Osmia caerulescens,0
SK1590,Osmia leaiana,0
SK1590,Osmia spinulosa,0
SK1590,Panurgus banksianus,0
SK1590,Panurgus calcaratus,0
SK1590,Parasyrphus punctulatus,0
SK1590,Parhelophilus frutetorum,0
SK1590,Parhelophilus versicolor,0
SK1590,Pipiza bimaculata,0
SK1590,Pipizella viduata,0
SK1590,Platycheirus albimanus,11
SK1590,Platycheirus clypeatus,0
SK1590,Platycheirus granditarsus,0
SK1590,Platycheirus manicatus,1
SK1590,Platycheirus nielseni,0
SK1590,Platycheirus peltatus,0
SK1590,Platycheirus ramsarensis,0
SK1590,Platycheirus rosarum,0
SK1590,Platycheirus scutatus,0
SK1590,Platycheirus tarsalis,0
SK1590,Rhingia campestris,0
SK1590,Rhingia rostrata,0
SK1590,Riponnensia splendens,0
SK1590,Scaeva pyrastri,1
SK1590,Scaeva selenitica,0
SK1590,Sericomyia lappona,0
SK1590,Sericomyia silentis,5
SK1590,Sericomyia superbiens,0
SK1590,Sphaerophoria fatarum,0
SK1590,Sphaerophoria interrupta,1
SK1590,Sphaerophoria philanthus,2
SK1590,Sphaerophoria rueppellii,0
SK1590,Sphaerophoria scripta,0
SK1590,Sphaerophoria taeniata,0
SK1590,Sphecodes crassus,0
SK1590,Sphecodes ephippius,0
SK1590,Sphecodes ferruginatus,0
SK1590,Sphecodes geoffrellus,0
SK1590,Sphecodes monilicornis,0
SK1590,Sphecodes niger,0
SK1590,Sphegina clunipes,0
SK1590,Syritta pipiens,0
SK1590,Syrphus rectus,0
SK1590,Syrphus ribesii,1
SK1590,Syrphus torvus,0
SK1590,Syrphus vitripennis,0
SK1590,Tropidia scita,0
SK1590,Volucella bombylans,1
SK1590,Volucella inanis,0
SK1590,Volucella inflata,0
SK1590,Volucella pellucens,0
SK1590,Xanthogramma pedissequum,0
SK1590,Xanthogramma stackelbergi,0
SK1590,Xylota abiens,0
SK1590,Xylota jakutorum,0
SK1590,Xylota segnis,2
SK1590,Xylota sylvarum,0
SK2557,Anasimyia contracta,0
SK2557,Anasimyia lineata,0
SK2557,Anasimyia transfuga,0
SK2557,Andrena alfkenella,0
SK2557,Andrena angustior,0
SK2557,Andrena bicolor,1
SK2557,Andrena bucephala,0
SK2557,Andrena chrysosceles,0
SK2557,Andrena cineraria,0
SK2557,Andrena coitana,0
SK2557,Andrena denticulata,0
SK2557,Andrena dorsata,0
SK2557,Andrena flavipes,0
SK2557,Andrena fucata,0
SK2557,Andrena fulva,0
SK2557,Andrena haemorrhoa,55
SK2557,Andrena helvola,0
SK2557,Andrena humilis,0
SK2557,Andrena lapponica,0
SK2557,Andrena minutula,0
SK2557,Andrena nigriceps,0
SK2557,Andrena nigroaenea,1
SK2557,Andrena nitida,1
SK2557,Andrena scotica,0
SK2557,Andrena semilaevis,1
SK2557,Andrena subopaca,0
SK2557,Andrena synadelpha,0
SK2557,Andrena tarsata,0
SK2557,Andrena thoracica,0
SK2557,Andrena trimmerana,0
SK2557,Andrena wilkella,0
SK2557,Anthidium manicatum,0
SK2557,Anthophora furcata,0
SK2557,Anthophora plumipes,1
SK2557,Apis mellifera,4
SK2557,Arctophila superbiens,0
SK2557,Bombus barbutellus,0
SK2557,Bombus bohemicus,1
SK2557,Bombus campestris,0
SK2557,Bombus hortorum,1
SK2557,Bombus humilis,0
SK2557,Bombus hypnorum,0
SK2557,Bombus jonellus,0
SK2557,Bombus lapidarius,3
SK2557,Bombus lucorum,24
SK2557,Bombus monticola,0
SK2557,Bombus muscorum,0
SK2557,Bombus pascuorum,23
SK2557,Bombus pratorum,15
SK2557,Bombus ruderarius,0
SK2557,Bombus ruderatus,0
SK2557,Bombus rupestris,0
SK2557,Bombus soroeensis,0
SK2557,Bombus sylvestris,4
SK2557,Bombus terrestris,8
SK2557,Bombus vestalis,1
SK2557,Chalcosyrphus nemorum,0
SK2557,Cheilosia albitarsis,2
SK2557,Cheilosia bergenstammi,0
SK2557,Cheilosia fraterna,0
SK2557,Cheilosia illustrata,0
SK2557,Cheilosia lasiopa,1
SK2557,Cheilosia latifrons,0
SK2557,Cheilosia pagana,0
SK2557,Cheilosia proxima,0
SK2557,Cheilosia soror,0
SK2557,Cheilosia vernalis,0
SK2557,Chelostoma campanularum,0
SK2557,Chrysogaster cemiteriorum,0
SK2557,Chrysogaster virescens,0
SK2557,Chrysotoxum arcuatum,0
SK2557,Chrysotoxum bicinctum,1
SK2557,Chrysotoxum festivum,0
SK2557,Chrysotoxum verralli,0
SK2557,Coelioxys elongata,0
SK2557,Coelioxys inermis,0
SK2557,Colletes similis,0
SK2557,Colletes succinctus,0
SK2557,Dasypoda hirtipes,0
SK2557,Dasysyrphus albostriatus,0
SK2557,Dasysyrphus neovenustus,0
SK2557,Dasysyrphus tricinctus,0
SK2557,Dasysyrphus venustus,0
SK2557,Epistrophe grossulariae,0
SK2557,Episyrphus balteatus,6
SK2557,Eristalinus aeneus,0
SK2557,Eristalinus sepulchralis,0
SK2557,Eristalis abusiva,0
SK2557,Eristalis abusivus,0
SK2557,Eristalis arbustorum,15
SK2557,Eristalis horticola,0
SK2557,Eristalis intricaria,0
SK2557,Eristalis intricarius,0
SK2557,Eristalis nemorum,0
SK2557,Eristalis pertinax,0
SK2557,Eristalis rupium,0
SK2557,Eristalis tenax,13
SK2557,Eucera longicornis,0
SK2557,Eumerus funeralis,0
SK2557,Eumerus ornatus,0
SK2557,Eumerus strigatus,0
SK2557,Eupeodes corollae,1
SK2557,Eupeodes latifasciatus,5
SK2557,Eupeodes luniger,1
SK2557,Ferdinandea cuprea,0
SK2557,Halictus confusus,0
SK2557,Halictus eurygnathus,0
SK2557,Halictus rubicundus,3
SK2557,Halictus tumulorum,0
SK2557,Helophilus hybridus,0
SK2557,Helophilus pendulus,5
SK2557,Helophilus trivittatus,0
SK2557,Hylaeus brevicornis,1
SK2557,Hylaeus communis,0
SK2557,Hylaeus confusus,0
SK2557,Hylaeus dilatatus,0
SK2557,Hylaeus hyalinatus,1
SK2557,Hylaeus pectoralis,0
SK2557,Lasioglossum albipes,5
SK2557,Lasioglossum calceatum,6
SK2557,Lasioglossum cupromicans,0
SK2557,Lasioglossum fratellum,1
SK2557,Lasioglossum fulvicorne,7
SK2557,Lasioglossum laevigatum,0
SK2557,Lasioglossum lativentre,0
SK2557,Lasioglossum leucopus,0
SK2557,Lasioglossum leucozonium,0
SK2557,Lasioglossum malachurum,0
SK2557,Lasioglossum minutissimum,0
SK2557,Lasioglossum morio,0
SK2557,Lasioglossum parvulum,0
SK2557,Lasioglossum pauperatum,0
SK2557,Lasioglossum pauxillum,0
SK2557,Lasioglossum punctatissimum,0
SK2557,Lasioglossum puncticolle,0
SK2557,Lasioglossum quadrinotatum,0
SK2557,Lasioglossum rufitarse,0
SK2557,Lasioglossum smeathmanellum,0
SK2557,Lasioglossum villosulum,0
SK2557,Lasioglossum xanthopus,0
SK2557,Lasioglossum zonulum,0
SK2557,Lejogaster metallina,0
SK2557,Leucozona glaucia,0
SK2557,Leucozona laternaria,0
SK2557,Macropis europaea,0
SK2557,Megachile centuncularis,0
SK2557,Megachile ligniseca,1
SK2557,Megachile versicolor,1
SK2557,Megachile willughbiella,1
SK2557,Melangyna cincta,0
SK2557,Melangyna labiatarum,0
SK2557,Melangyna lasiophthalma,0
SK2557,Melangyna umbellatarum,0
SK2557,Melanogaster aerosa,0
SK2557,Melanogaster hirtella,0
SK2557,Melanostoma form,0
SK2557,Melanostoma mellinum,16
SK2557,Melanostoma scalare,2
SK2557,Meliscaeva auricollis,1
SK2557,Meliscaeva cinctella,0
SK2557,Melitta leporina,0
SK2557,Merodon equestris,0
SK2557,Myathropa florea,1
SK2557,Neoascia geniculata,0
SK2557,Neoascia meticulosa,0
SK2557,Neoascia podagrica,15
SK2557,Neoascia tenur,0
SK2557,Nomada fabriciana,0
SK2557,Nomada flava,0
SK2557,Nomada flavoguttata,0
SK2557,Nomada flavopicta,0
SK2557,Nomada fucata,0
SK2557,Nomada goodeniana,0
SK2557,Nomada lathburiana,0
SK2557,Nomada marshamella,0
SK2557,Nomada obtusifrons,0
SK2557,Nomada panzeri,0
SK2557,Nomada ruficornis,2
SK2557,Nomada striata,0
SK2557,Orthonevra nobilis,0
SK2557,Osmia bicolor,0
SK2557,Osmia bicornis,0
SK2557,Osmia caerulescens,0
SK2557,Osmia leaiana,0
SK2557,Osmia spinulosa,0
SK2557,Panurgus banksianus,0
SK2557,Panurgus calcaratus,0
SK2557,Parasyrphus punctulatus,0
SK2557,Parhelophilus frutetorum,0
SK2557,Parhelophilus versicolor,0
SK2557,Pipiza bimaculata,0
SK2557,Pipizella viduata,0
SK2557,Platycheirus albimanus,7
SK2557,Platycheirus clypeatus,0
SK2557,Platycheirus granditarsus,2
SK2557,Platycheirus manicatus,4
SK2557,Platycheirus nielseni,0
SK2557,Platycheirus peltatus,0
SK2557,Platycheirus ramsarensis,0
SK2557,Platycheirus rosarum,0
SK2557,Platycheirus scutatus,0
SK2557,Platycheirus tarsalis,0
SK2557,Rhingia campestris,14
SK2557,Rhingia rostrata,0
SK2557,Riponnensia splendens,0
SK2557,Scaeva pyrastri,0
SK2557,Scaeva selenitica,0
SK2557,Sericomyia lappona,0
SK2557,Sericomyia silentis,0
SK2557,Sericomyia superbiens,0
SK2557,Sphaerophoria fatarum,0
SK2557,Sphaerophoria interrupta,2
SK2557,Sphaerophoria philanthus,0
SK2557,Sphaerophoria rueppellii,0
SK2557,Sphaerophoria scripta,2
SK2557,Sphaerophoria taeniata,0
SK2557,Sphecodes crassus,0
SK2557,Sphecodes ephippius,0
SK2557,Sphecodes ferruginatus,0
SK2557,Sphecodes geoffrellus,0
SK2557,Sphecodes monilicornis,0
SK2557,Sphecodes niger,0
SK2557,Sphegina clunipes,0
SK2557,Syritta pipiens,3
SK2557,Syrphus rectus,1
SK2557,Syrphus ribesii,11
SK2557,Syrphus torvus,0
SK2557,Syrphus vitripennis,2
SK2557,Tropidia scita,0
SK2557,Volucella bombylans,4
SK2557,Volucella inanis,0
SK2557,Volucella inflata,0
SK2557,Volucella pellucens,0
SK2557,Xanthogramma pedissequum,0
SK2557,Xanthogramma stackelbergi,0
SK2557,Xylota abiens,0
SK2557,Xylota jakutorum,0
SK2557,Xylota segnis,1
SK2557,Xylota sylvarum,0
SK4706,Anasimyia contracta,0
SK4706,Anasimyia lineata,0
SK4706,Anasimyia transfuga,0
SK4706,Andrena alfkenella,0
SK4706,Andrena angustior,0
SK4706,Andrena bicolor,0
SK4706,Andrena bucephala,0
SK4706,Andrena chrysosceles,2
SK4706,Andrena cineraria,1
SK4706,Andrena coitana,0
SK4706,Andrena denticulata,0
SK4706,Andrena dorsata,0
SK4706,Andrena flavipes,1
SK4706,Andrena fucata,0
SK4706,Andrena fulva,0
SK4706,Andrena haemorrhoa,0
SK4706,Andrena helvola,0
SK4706,Andrena humilis,0
SK4706,Andrena lapponica,0
SK4706,Andrena minutula,2
SK4706,Andrena nigriceps,0
SK4706,Andrena nigroaenea,1
SK4706,Andrena nitida,0
SK4706,Andrena scotica,0
SK4706,Andrena semilaevis,0
SK4706,Andrena subopaca,0
SK4706,Andrena synadelpha,0
SK4706,Andrena tarsata,0
SK4706,Andrena thoracica,0
SK4706,Andrena trimmerana,0
SK4706,Andrena wilkella,0
SK4706,Anthidium manicatum,0
SK4706,Anthophora furcata,0
SK4706,Anthophora plumipes,0
SK4706,Apis mellifera,10
SK4706,Arctophila superbiens,0
SK4706,Bombus barbutellus,0
SK4706,Bombus bohemicus,0
SK4706,Bombus campestris,0
SK4706,Bombus hortorum,4
SK4706,Bombus humilis,0
SK4706,Bombus hypnorum,0
SK4706,Bombus jonellus,0
SK4706,Bombus lapidarius,3
SK4706,Bombus lucorum,5
SK4706,Bombus monticola,0
SK4706,Bombus muscorum,0
SK4706,Bombus pascuorum,9
SK4706,Bombus pratorum,1
SK4706,Bombus ruderarius,0
SK4706,Bombus ruderatus,0
SK4706,Bombus rupestris,0
SK4706,Bombus soroeensis,0
SK4706,Bombus sylvestris,0
SK4706,Bombus terrestris,4
SK4706,Bombus vestalis,0
SK4706,Chalcosyrphus nemorum,3
SK4706,Cheilosia albitarsis,2
SK4706,Cheilosia bergenstammi,0
SK4706,Cheilosia fraterna,0
SK4706,Cheilosia illustrata,0
SK4706,Cheilosia lasiopa,0
SK4706,Cheilosia latifrons,0
SK4706,Cheilosia pagana,0
SK4706,Cheilosia proxima,0
SK4706,Cheilosia soror,0
SK4706,Cheilosia vernalis,0
SK4706,Chelostoma campanularum,0
SK4706,Chrysogaster cemiteriorum,0
SK4706,Chrysogaster virescens,0
SK4706,Chrysotoxum arcuatum,0
SK4706,Chrysotoxum bicinctum,2
SK4706,Chrysotoxum festivum,0
SK4706,Chrysotoxum verralli,0
SK4706,Coelioxys elongata,0
SK4706,Coelioxys inermis,0
SK4706,Colletes similis,0
SK4706,Colletes succinctus,0
SK4706,Dasypoda hirtipes,0
SK4706,Dasysyrphus albostriatus,2
SK4706,Dasysyrphus neovenustus,0
SK4706,Dasysyrphus tricinctus,0
SK4706,Dasysyrphus venustus,0
SK4706,Epistrophe grossulariae,0
SK4706,Episyrphus balteatus,48
SK4706,Eristalinus aeneus,0
SK4706,Eristalinus sepulchralis,3
SK4706,Eristalis abusiva,0
SK4706,Eristalis abusivus,0
SK4706,Eristalis arbustorum,14
SK4706,Eristalis horticola,0
SK4706,Eristalis intricaria,0
SK4706,Eristalis intricarius,0
SK4706,Eristalis nemorum,0
SK4706,Eristalis pertinax,2
SK4706,Eristalis rupium,0
SK4706,Eristalis tenax,5
SK4706,Eucera longicornis,0
SK4706,Eumerus funeralis,0
SK4706,Eumerus ornatus,0
SK4706,Eumerus strigatus,0
SK4706,Eupeodes corollae,6
SK4706,Eupeodes latifasciatus,2
SK4706,Eupeodes luniger,16
SK4706,Ferdinandea cuprea,0
SK4706,Halictus confusus,0
SK4706,Halictus eurygnathus,0
SK4706,Halictus rubicundus,2
SK4706,Halictus tumulorum,7
SK4706,Helophilus hybridus,0
SK4706,Helophilus pendulus,16
SK4706,Helophilus trivittatus,0
SK4706,Hylaeus brevicornis,0
SK4706,Hylaeus communis,5
SK4706,Hylaeus confusus,5
SK4706,Hylaeus dilatatus,0
SK4706,Hylaeus hyalinatus,0
SK4706,Hylaeus pectoralis,0
SK4706,Lasioglossum albipes,7
SK4706,Lasioglossum calceatum,34
SK4706,Lasioglossum cupromicans,0
SK4706,Lasioglossum fratellum,0
SK4706,Lasioglossum fulvicorne,0
SK4706,Lasioglossum laevigatum,0
SK4706,Lasioglossum lativentre,1
SK4706,Lasioglossum leucopus,0
SK4706,Lasioglossum leucozonium,0
SK4706,Lasioglossum malachurum,1
SK4706,Lasioglossum minutissimum,0
SK4706,Lasioglossum morio,1
SK4706,Lasioglossum parvulum,0
SK4706,Lasioglossum pauperatum,0
SK4706,Lasioglossum pauxillum,0
SK4706,Lasioglossum punctatissimum,0
SK4706,Lasioglossum puncticolle,0
SK4706,Lasioglossum quadrinotatum,0
SK4706,Lasioglossum rufitarse,0
SK4706,Lasioglossum smeathmanellum,1
SK4706,Lasioglossum villosulum,3
SK4706,Lasioglossum xanthopus,0
SK4706,Lasioglossum zonulum,0
SK4706,Lejogaster metallina,0
SK4706,Leucozona glaucia,0
SK4706,Leucozona laternaria,0
SK4706,Macropis europaea,0
SK4706,Megachile centuncularis,0
SK4706,Megachile ligniseca,0
SK4706,Megachile versicolor,0
SK4706,Megachile willughbiella,0
SK4706,Melangyna cincta,0
SK4706,Melangyna labiatarum,0
SK4706,Melangyna lasiophthalma,0
SK4706,Melangyna umbellatarum,0
SK4706,Melanogaster aerosa,0
SK4706,Melanogaster hirtella,0
SK4706,Melanostoma form,0
SK4706,Melanostoma mellinum,30
SK4706,Melanostoma scalare,4
SK4706,Meliscaeva auricollis,3
SK4706,Meliscaeva cinctella,0
SK4706,Melitta leporina,0
SK4706,Merodon equestris,0
SK4706,Myathropa florea,4
SK4706,Neoascia geniculata,0
SK4706,Neoascia meticulosa,0
SK4706,Neoascia podagrica,11
SK4706,Neoascia tenur,0
SK4706,Nomada fabriciana,1
SK4706,Nomada flava,1
SK4706,Nomada flavoguttata,0
SK4706,Nomada flavopicta,0
SK4706,Nomada fucata,0
SK4706,Nomada goodeniana,0
SK4706,Nomada lathburiana,0
SK4706,Nomada marshamella,0
SK4706,Nomada obtusifrons,0
SK4706,Nomada panzeri,0
SK4706,Nomada ruficornis,0
SK4706,Nomada striata,0
SK4706,Orthonevra nobilis,0
SK4706,Osmia bicolor,0
SK4706,Osmia bicornis,0
SK4706,Osmia caerulescens,0
SK4706,Osmia leaiana,2
SK4706,Osmia spinulosa,0
SK4706,Panurgus banksianus,0
SK4706,Panurgus calcaratus,0
SK4706,Parasyrphus punctulatus,0
SK4706,Parhelophilus frutetorum,0
SK4706,Parhelophilus versicolor,0
SK4706,Pipiza bimaculata,0
SK4706,Pipizella viduata,0
SK4706,Platycheirus albimanus,3
SK4706,Platycheirus clypeatus,0
SK4706,Platycheirus granditarsus,1
SK4706,Platycheirus manicatus,0
SK4706,Platycheirus nielseni,0
SK4706,Platycheirus peltatus,1
SK4706,Platycheirus ramsarensis,0
SK4706,Platycheirus rosarum,0
SK4706,Platycheirus scutatus,0
SK4706,Platycheirus tarsalis,0
SK4706,Rhingia campestris,5
SK4706,Rhingia rostrata,0
SK4706,Riponnensia splendens,0
SK4706,Scaeva pyrastri,1
SK4706,Scaeva selenitica,0
SK4706,Sericomyia lappona,0
SK4706,Sericomyia silentis,0
SK4706,Sericomyia superbiens,0
SK4706,Sphaerophoria fatarum,0
SK4706,Sphaerophoria interrupta,0
SK4706,Sphaerophoria philanthus,0
SK4706,Sphaerophoria rueppellii,0
SK4706,Sphaerophoria scripta,1
SK4706,Sphaerophoria taeniata,0
SK4706,Sphecodes crassus,0
SK4706,Sphecodes ephippius,0
SK4706,Sphecodes ferruginatus,0
SK4706,Sphecodes geoffrellus,0
SK4706,Sphecodes monilicornis,0
SK4706,Sphecodes niger,0
SK4706,Sphegina clunipes,0
SK4706,Syritta pipiens,1
SK4706,Syrphus rectus,0
SK4706,Syrphus ribesii,50
SK4706,Syrphus torvus,0
SK4706,Syrphus vitripennis,4
SK4706,Tropidia scita,0
SK4706,Volucella bombylans,0
SK4706,Volucella inanis,0
SK4706,Volucella inflata,0
SK4706,Volucella pellucens,0
SK4706,Xanthogramma pedissequum,0
SK4706,Xanthogramma stackelbergi,0
SK4706,Xylota abiens,0
SK4706,Xylota jakutorum,0
SK4706,Xylota segnis,6
SK4706,Xylota sylvarum,0
SK5480,Anasimyia contracta,0
SK5480,Anasimyia lineata,0
SK5480,Anasimyia transfuga,0
SK5480,Andrena alfkenella,0
SK5480,Andrena angustior,0
SK5480,Andrena bicolor,3
SK5480,Andrena bucephala,0
SK5480,Andrena chrysosceles,1
SK5480,Andrena cineraria,5
SK5480,Andrena coitana,0
SK5480,Andrena denticulata,0
SK5480,Andrena dorsata,0
SK5480,Andrena flavipes,0
SK5480,Andrena fucata,0
SK5480,Andrena fulva,0
SK5480,Andrena haemorrhoa,19
SK5480,Andrena helvola,0
SK5480,Andrena humilis,0
SK5480,Andrena lapponica,0
SK5480,Andrena minutula,0
SK5480,Andrena nigriceps,0
SK5480,Andrena nigroaenea,6
SK5480,Andrena nitida,0
SK5480,Andrena scotica,0
SK5480,Andrena semilaevis,9
SK5480,Andrena subopaca,0
SK5480,Andrena synadelpha,0
SK5480,Andrena tarsata,0
SK5480,Andrena thoracica,0
SK5480,Andrena trimmerana,0
SK5480,Andrena wilkella,0
SK5480,Anthidium manicatum,0
SK5480,Anthophora furcata,0
SK5480,Anthophora plumipes,0
SK5480,Apis mellifera,32
SK5480,Arctophila superbiens,0
SK5480,Bombus barbutellus,0
SK5480,Bombus bohemicus,0
SK5480,Bombus campestris,0
SK5480,Bombus hortorum,6
SK5480,Bombus humilis,0
SK5480,Bombus hypnorum,1
SK5480,Bombus jonellus,0
SK5480,Bombus lapidarius,13
SK5480,Bombus lucorum,4
SK5480,Bombus monticola,0
SK5480,Bombus muscorum,0
SK5480,Bombus pascuorum,9
SK5480,Bombus pratorum,0
SK5480,Bombus ruderarius,0
SK5480,Bombus ruderatus,0
SK5480,Bombus rupestris,0
SK5480,Bombus soroeensis,0
SK5480,Bombus sylvestris,0
SK5480,Bombus terrestris,9
SK5480,Bombus vestalis,0
SK5480,Chalcosyrphus nemorum,0
SK5480,Cheilosia albitarsis,3
SK5480,Cheilosia bergenstammi,0
SK5480,Cheilosia fraterna,0
SK5480,Cheilosia illustrata,1
SK5480,Cheilosia lasiopa,0
SK5480,Cheilosia latifrons,0
SK5480,Cheilosia pagana,0
SK5480,Cheilosia proxima,0
SK5480,Cheilosia soror,0
SK5480,Cheilosia vernalis,1
SK5480,Chelostoma campanularum,0
SK5480,Chrysogaster cemiteriorum,0
SK5480,Chrysogaster virescens,0
SK5480,Chrysotoxum arcuatum,0
SK5480,Chrysotoxum bicinctum,1
SK5480,Chrysotoxum festivum,0
SK5480,Chrysotoxum verralli,0
SK5480,Coelioxys elongata,0
SK5480,Coelioxys inermis,0
SK5480,Colletes similis,0
SK5480,Colletes succinctus,0
SK5480,Dasypoda hirtipes,0
SK5480,Dasysyrphus albostriatus,0
SK5480,Dasysyrphus neovenustus,0
SK5480,Dasysyrphus tricinctus,0
SK5480,Dasysyrphus venustus,0
SK5480,Epistrophe grossulariae,0
SK5480,Episyrphus balteatus,13
SK5480,Eristalinus aeneus,0
SK5480,Eristalinus sepulchralis,0
SK5480,Eristalis abusiva,0
SK5480,Eristalis abusivus,0
SK5480,Eristalis arbustorum,0
SK5480,Eristalis horticola,0
SK5480,Eristalis intricaria,0
SK5480,Eristalis intricarius,0
SK5480,Eristalis nemorum,0
SK5480,Eristalis pertinax,0
SK5480,Eristalis rupium,0
SK5480,Eristalis tenax,3
SK5480,Eucera longicornis,0
SK5480,Eumerus funeralis,0
SK5480,Eumerus ornatus,0
SK5480,Eumerus strigatus,1
SK5480,Eupeodes corollae,6
SK5480,Eupeodes latifasciatus,0
SK5480,Eupeodes luniger,5
SK5480,Ferdinandea cuprea,3
SK5480,Halictus confusus,0
SK5480,Halictus eurygnathus,0
SK5480,Halictus rubicundus,4
SK5480,Halictus tumulorum,13
SK5480,Helophilus hybridus,0
SK5480,Helophilus pendulus,0
SK5480,Helophilus trivittatus,0
SK5480,Hylaeus brevicornis,0
SK5480,Hylaeus communis,3
SK5480,Hylaeus confusus,0
SK5480,Hylaeus dilatatus,0
SK5480,Hylaeus hyalinatus,0
SK5480,Hylaeus pectoralis,0
SK5480,Lasioglossum albipes,13
SK5480,Lasioglossum calceatum,8
SK5480,Lasioglossum cupromicans,0
SK5480,Lasioglossum fratellum,0
SK5480,Lasioglossum fulvicorne,1
SK5480,Lasioglossum laevigatum,0
SK5480,Lasioglossum lativentre,0
SK5480,Lasioglossum leucopus,26
SK5480,Lasioglossum leucozonium,3
SK5480,Lasioglossum malachurum,0
SK5480,Lasioglossum minutissimum,1
SK5480,Lasioglossum morio,0
SK5480,Lasioglossum parvulum,0
SK5480,Lasioglossum pauperatum,0
SK5480,Lasioglossum pauxillum,0
SK5480,Lasioglossum punctatissimum,0
SK5480,Lasioglossum puncticolle,0
SK5480,Lasioglossum quadrinotatum,0
SK5480,Lasioglossum rufitarse,0
SK5480,Lasioglossum smeathmanellum,3
SK5480,Lasioglossum villosulum,6
SK5480,Lasioglossum xanthopus,0
SK5480,Lasioglossum zonulum,0
SK5480,Lejogaster metallina,0
SK5480,Leucozona glaucia,0
SK5480,Leucozona laternaria,0
SK5480,Macropis europaea,0
SK5480,Megachile centuncularis,0
SK5480,Megachile ligniseca,0
SK5480,Megachile versicolor,0
SK5480,Megachile willughbiella,0
SK5480,Melangyna cincta,0
SK5480,Melangyna labiatarum,0
SK5480,Melangyna lasiophthalma,0
SK5480,Melangyna umbellatarum,0
SK5480,Melanogaster aerosa,0
SK5480,Melanogaster hirtella,0
SK5480,Melanostoma form,0
SK5480,Melanostoma mellinum,2
SK5480,Melanostoma scalare,0
SK5480,Meliscaeva auricollis,0
SK5480,Meliscaeva cinctella,0
SK5480,Melitta leporina,0
SK5480,Merodon equestris,0
SK5480,Myathropa florea,1
SK5480,Neoascia geniculata,0
SK5480,Neoascia meticulosa,0
SK5480,Neoascia podagrica,0
SK5480,Neoascia tenur,0
SK5480,Nomada fabriciana,0
SK5480,Nomada flava,0
SK5480,Nomada flavoguttata,0
SK5480,Nomada flavopicta,0
SK5480,Nomada fucata,0
SK5480,Nomada goodeniana,0
SK5480,Nomada lathburiana,0
SK5480,Nomada marshamella,0
SK5480,Nomada obtusifrons,0
SK5480,Nomada panzeri,0
SK5480,Nomada ruficornis,0
SK5480,Nomada striata,0
SK5480,Orthonevra nobilis,0
SK5480,Osmia bicolor,0
SK5480,Osmia bicornis,0
SK5480,Osmia caerulescens,0
SK5480,Osmia leaiana,1
SK5480,Osmia spinulosa,0
SK5480,Panurgus banksianus,0
SK5480,Panurgus calcaratus,0
SK5480,Parasyrphus punctulatus,0
SK5480,Parhelophilus frutetorum,0
SK5480,Parhelophilus versicolor,0
SK5480,Pipiza bimaculata,0
SK5480,Pipizella viduata,0
SK5480,Platycheirus albimanus,0
SK5480,Platycheirus clypeatus,0
SK5480,Platycheirus granditarsus,0
SK5480,Platycheirus manicatus,2
SK5480,Platycheirus nielseni,0
SK5480,Platycheirus peltatus,0
SK5480,Platycheirus ramsarensis,0
SK5480,Platycheirus rosarum,0
SK5480,Platycheirus scutatus,1
SK5480,Platycheirus tarsalis,0
SK5480,Rhingia campestris,0
SK5480,Rhingia rostrata,0
SK5480,Riponnensia splendens,0
SK5480,Scaeva pyrastri,2
SK5480,Scaeva selenitica,0
SK5480,Sericomyia lappona,0
SK5480,Sericomyia silentis,0
SK5480,Sericomyia superbiens,0
SK5480,Sphaerophoria fatarum,0
SK5480,Sphaerophoria interrupta,0
SK5480,Sphaerophoria philanthus,0
SK5480,Sphaerophoria rueppellii,0
SK5480,Sphaerophoria scripta,4
SK5480,Sphaerophoria taeniata,0
SK5480,Sphecodes crassus,0
SK5480,Sphecodes ephippius,0
SK5480,Sphecodes ferruginatus,0
SK5480,Sphecodes geoffrellus,0
SK5480,Sphecodes monilicornis,0
SK5480,Sphecodes niger,0
SK5480,Sphegina clunipes,0
SK5480,Syritta pipiens,0
SK5480,Syrphus rectus,0
SK5480,Syrphus ribesii,7
SK5480,Syrphus torvus,0
SK5480,Syrphus vitripennis,1
SK5480,Tropidia scita,0
SK5480,Volucella bombylans,0
SK5480,Volucella inanis,0
SK5480,Volucella inflata,0
SK5480,Volucella pellucens,0
SK5480,Xanthogramma pedissequum,0
SK5480,Xanthogramma stackelbergi,0
SK5480,Xylota abiens,0
SK5480,Xylota jakutorum,0
SK5480,Xylota segnis,1
SK5480,Xylota sylvarum,0
SK9826,Anasimyia contracta,0
SK9826,Anasimyia lineata,0
SK9826,Anasimyia transfuga,0
SK9826,Andrena alfkenella,0
SK9826,Andrena angustior,0
SK9826,Andrena bicolor,1
SK9826,Andrena bucephala,0
SK9826,Andrena chrysosceles,4
SK9826,Andrena cineraria,2
SK9826,Andrena coitana,0
SK9826,Andrena denticulata,0
SK9826,Andrena dorsata,0
SK9826,Andrena flavipes,2
SK9826,Andrena fucata,0
SK9826,Andrena fulva,0
SK9826,Andrena haemorrhoa,6
SK9826,Andrena helvola,0
SK9826,Andrena humilis,0
SK9826,Andrena lapponica,0
SK9826,Andrena minutula,1
SK9826,Andrena nigriceps,0
SK9826,Andrena nigroaenea,8
SK9826,Andrena nitida,0
SK9826,Andrena scotica,1
SK9826,Andrena semilaevis,1
SK9826,Andrena subopaca,0
SK9826,Andrena synadelpha,0
SK9826,Andrena tarsata,0
SK9826,Andrena thoracica,0
SK9826,Andrena trimmerana,0
SK9826,Andrena wilkella,0
SK9826,Anthidium manicatum,0
SK9826,Anthophora furcata,0
SK9826,Anthophora plumipes,0
SK9826,Apis mellifera,42
SK9826,Arctophila superbiens,0
SK9826,Bombus barbutellus,1
SK9826,Bombus bohemicus,0
SK9826,Bombus campestris,0
SK9826,Bombus hortorum,13
SK9826,Bombus humilis,0
SK9826,Bombus hypnorum,0
SK9826,Bombus jonellus,0
SK9826,Bombus lapidarius,8
SK9826,Bombus lucorum,7
SK9826,Bombus monticola,0
SK9826,Bombus muscorum,0
SK9826,Bombus pascuorum,15
SK9826,Bombus pratorum,3
SK9826,Bombus ruderarius,0
SK9826,Bombus ruderatus,0
SK9826,Bombus rupestris,2
SK9826,Bombus soroeensis,0
SK9826,Bombus sylvestris,0
SK9826,Bombus terrestris,2
SK9826,Bombus vestalis,1
SK9826,Chalcosyrphus nemorum,0
SK9826,Cheilosia albitarsis,0
SK9826,Cheilosia bergenstammi,0
SK9826,Cheilosia fraterna,0
SK9826,Cheilosia illustrata,0
SK9826,Cheilosia lasiopa,0
SK9826,Cheilosia latifrons,0
SK9826,Cheilosia pagana,0
SK9826,Cheilosia proxima,1
SK9826,Cheilosia soror,0
SK9826,Cheilosia vernalis,0
SK9826,Chelostoma campanularum,0
SK9826,Chrysogaster cemiteriorum,0
SK9826,Chrysogaster virescens,0
SK9826,Chrysotoxum arcuatum,0
SK9826,Chrysotoxum bicinctum,0
SK9826,Chrysotoxum festivum,0
SK9826,Chrysotoxum verralli,0
SK9826,Coelioxys elongata,0
SK9826,Coelioxys inermis,0
SK9826,Colletes similis,0
SK9826,Colletes succinctus,0
SK9826,Dasypoda hirtipes,0
SK9826,Dasysyrphus albostriatus,4
SK9826,Dasysyrphus neovenustus,0
SK9826,Dasysyrphus tricinctus,0
SK9826,Dasysyrphus venustus,0
SK9826,Epistrophe grossulariae,0
SK9826,Episyrphus balteatus,93
SK9826,Eristalinus aeneus,0
SK9826,Eristalinus sepulchralis,1
SK9826,Eristalis abusiva,0
SK9826,Eristalis abusivus,0
SK9826,Eristalis arbustorum,10
SK9826,Eristalis horticola,0
SK9826,Eristalis intricaria,0
SK9826,Eristalis intricarius,0
SK9826,Eristalis nemorum,0
SK9826,Eristalis pertinax,0
SK9826,Eristalis rupium,0
SK9826,Eristalis tenax,2
SK9826,Eucera longicornis,0
SK9826,Eumerus funeralis,0
SK9826,Eumerus ornatus,0
SK9826,Eumerus strigatus,0
SK9826,Eupeodes corollae,34
SK9826,Eupeodes latifasciatus,1
SK9826,Eupeodes luniger,0
SK9826,Ferdinandea cuprea,0
SK9826,Halictus confusus,0
SK9826,Halictus eurygnathus,0
SK9826,Halictus rubicundus,1
SK9826,Halictus tumulorum,4
SK9826,Helophilus hybridus,0
SK9826,Helophilus pendulus,3
SK9826,Helophilus trivittatus,0
SK9826,Hylaeus brevicornis,0
SK9826,Hylaeus communis,6
SK9826,Hylaeus confusus,0
SK9826,Hylaeus dilatatus,0
SK9826,Hylaeus hyalinatus,0
SK9826,Hylaeus pectoralis,0
SK9826,Lasioglossum albipes,4
SK9826,Lasioglossum calceatum,13
SK9826,Lasioglossum cupromicans,0
SK9826,Lasioglossum fratellum,0
SK9826,Lasioglossum fulvicorne,1
SK9826,Lasioglossum laevigatum,0
SK9826,Lasioglossum lativentre,0
SK9826,Lasioglossum leucopus,0
SK9826,Lasioglossum leucozonium,0
SK9826,Lasioglossum malachurum,21
SK9826,Lasioglossum minutissimum,0
SK9826,Lasioglossum morio,0
SK9826,Lasioglossum parvulum,0
SK9826,Lasioglossum pauperatum,0
SK9826,Lasioglossum pauxillum,0
SK9826,Lasioglossum punctatissimum,0
SK9826,Lasioglossum puncticolle,0
SK9826,Lasioglossum quadrinotatum,0
SK9826,Lasioglossum rufitarse,0
SK9826,Lasioglossum smeathmanellum,0
SK9826,Lasioglossum villosulum,1
SK9826,Lasioglossum xanthopus,0
SK9826,Lasioglossum zonulum,0
SK9826,Lejogaster metallina,0
SK9826,Leucozona glaucia,0
SK9826,Leucozona laternaria,0
SK9826,Macropis europaea,0
SK9826,Megachile centuncularis,0
SK9826,Megachile ligniseca,0
SK9826,Megachile versicolor,0
SK9826,Megachile willughbiella,0
SK9826,Melangyna cincta,0
SK9826,Melangyna labiatarum,0
SK9826,Melangyna lasiophthalma,0
SK9826,Melangyna umbellatarum,0
SK9826,Melanogaster aerosa,0
SK9826,Melanogaster hirtella,0
SK9826,Melanostoma form,0
SK9826,Melanostoma mellinum,35
SK9826,Melanostoma scalare,1
SK9826,Meliscaeva auricollis,0
SK9826,Meliscaeva cinctella,0
SK9826,Melitta leporina,0
SK9826,Merodon equestris,0
SK9826,Myathropa florea,1
SK9826,Neoascia geniculata,0
SK9826,Neoascia meticulosa,0
SK9826,Neoascia podagrica,0
SK9826,Neoascia tenur,0
SK9826,Nomada fabriciana,0
SK9826,Nomada flava,0
SK9826,Nomada flavoguttata,0
SK9826,Nomada flavopicta,0
SK9826,Nomada fucata,0
SK9826,Nomada goodeniana,0
SK9826,Nomada lathburiana,1
SK9826,Nomada marshamella,0
SK9826,Nomada obtusifrons,0
SK9826,Nomada panzeri,0
SK9826,Nomada ruficornis,2
SK9826,Nomada striata,0
SK9826,Orthonevra nobilis,0
SK9826,Osmia bicolor,0
SK9826,Osmia bicornis,0
SK9826,Osmia caerulescens,0
SK9826,Osmia leaiana,0
SK9826,Osmia spinulosa,0
SK9826,Panurgus banksianus,0
SK9826,Panurgus calcaratus,0
SK9826,Parasyrphus punctulatus,0
SK9826,Parhelophilus frutetorum,0
SK9826,Parhelophilus versicolor,0
SK9826,Pipiza bimaculata,0
SK9826,Pipizella viduata,0
SK9826,Platycheirus albimanus,1
SK9826,Platycheirus clypeatus,0
SK9826,Platycheirus granditarsus,0
SK9826,Platycheirus manicatus,12
SK9826,Platycheirus nielseni,0
SK9826,Platycheirus peltatus,1
SK9826,Platycheirus ramsarensis,0
SK9826,Platycheirus rosarum,0
SK9826,Platycheirus scutatus,0
SK9826,Platycheirus tarsalis,0
SK9826,Rhingia campestris,11
SK9826,Rhingia rostrata,0
SK9826,Riponnensia splendens,0
SK9826,Scaeva pyrastri,0
SK9826,Scaeva selenitica,0
SK9826,Sericomyia lappona,0
SK9826,Sericomyia silentis,0
SK9826,Sericomyia superbiens,0
SK9826,Sphaerophoria fatarum,0
SK9826,Sphaerophoria interrupta,0
SK9826,Sphaerophoria philanthus,0
SK9826,Sphaerophoria rueppellii,2
SK9826,Sphaerophoria scripta,7
SK9826,Sphaerophoria taeniata,0
SK9826,Sphecodes crassus,0
SK9826,Sphecodes ephippius,1
SK9826,Sphecodes ferruginatus,1
SK9826,Sphecodes geoffrellus,0
SK9826,Sphecodes monilicornis,0
SK9826,Sphecodes niger,0
SK9826,Sphegina clunipes,0
SK9826,Syritta pipiens,0
SK9826,Syrphus rectus,0
SK9826,Syrphus ribesii,19
SK9826,Syrphus torvus,0
SK9826,Syrphus vitripennis,6
SK9826,Tropidia scita,0
SK9826,Volucella bombylans,0
SK9826,Volucella inanis,0
SK9826,Volucella inflata,0
SK9826,Volucella pellucens,0
SK9826,Xanthogramma pedissequum,0
SK9826,Xanthogramma stackelbergi,0
SK9826,Xylota abiens,0
SK9826,Xylota jakutorum,0
SK9826,Xylota segnis,0
SK9826,Xylota sylvarum,0
SN0732,Anasimyia contracta,0
SN0732,Anasimyia lineata,0
SN0732,Anasimyia transfuga,0
SN0732,Andrena alfkenella,0
SN0732,Andrena angustior,0
SN0732,Andrena bicolor,0
SN0732,Andrena bucephala,0
SN0732,Andrena chrysosceles,0
SN0732,Andrena cineraria,1
SN0732,Andrena coitana,0
SN0732,Andrena denticulata,0
SN0732,Andrena dorsata,0
SN0732,Andrena flavipes,0
SN0732,Andrena fucata,0
SN0732,Andrena fulva,0
SN0732,Andrena haemorrhoa,0
SN0732,Andrena helvola,0
SN0732,Andrena humilis,0
SN0732,Andrena lapponica,2
SN0732,Andrena minutula,0
SN0732,Andrena nigriceps,0
SN0732,Andrena nigroaenea,0
SN0732,Andrena nitida,0
SN0732,Andrena scotica,0
SN0732,Andrena semilaevis,0
SN0732,Andrena subopaca,0
SN0732,Andrena synadelpha,0
SN0732,Andrena tarsata,0
SN0732,Andrena thoracica,0
SN0732,Andrena trimmerana,0
SN0732,Andrena wilkella,0
SN0732,Anthidium manicatum,0
SN0732,Anthophora furcata,0
SN0732,Anthophora plumipes,0
SN0732,Apis mellifera,1
SN0732,Arctophila superbiens,0
SN0732,Bombus barbutellus,0
SN0732,Bombus bohemicus,1
SN0732,Bombus campestris,0
SN0732,Bombus hortorum,10
SN0732,Bombus humilis,0
SN0732,Bombus hypnorum,0
SN0732,Bombus jonellus,0
SN0732,Bombus lapidarius,2
SN0732,Bombus lucorum,19
SN0732,Bombus monticola,1
SN0732,Bombus muscorum,0
SN0732,Bombus pascuorum,0
SN0732,Bombus pratorum,3
SN0732,Bombus ruderarius,0
SN0732,Bombus ruderatus,0
SN0732,Bombus rupestris,0
SN0732,Bombus soroeensis,0
SN0732,Bombus sylvestris,9
SN0732,Bombus terrestris,8
SN0732,Bombus vestalis,0
SN0732,Chalcosyrphus nemorum,0
SN0732,Cheilosia albitarsis,0
SN0732,Cheilosia bergenstammi,0
SN0732,Cheilosia fraterna,0
SN0732,Cheilosia illustrata,0
SN0732,Cheilosia lasiopa,0
SN0732,Cheilosia latifrons,0
SN0732,Cheilosia pagana,0
SN0732,Cheilosia proxima,0
SN0732,Cheilosia soror,0
SN0732,Cheilosia vernalis,0
SN0732,Chelostoma campanularum,0
SN0732,Chrysogaster cemiteriorum,0
SN0732,Chrysogaster virescens,0
SN0732,Chrysotoxum arcuatum,0
SN0732,Chrysotoxum bicinctum,0
SN0732,Chrysotoxum festivum,0
SN0732,Chrysotoxum verralli,0
SN0732,Coelioxys elongata,0
SN0732,Coelioxys inermis,0
SN0732,Colletes similis,0
SN0732,Colletes succinctus,0
SN0732,Dasypoda hirtipes,0
SN0732,Dasysyrphus albostriatus,0
SN0732,Dasysyrphus neovenustus,0
SN0732,Dasysyrphus tricinctus,0
SN0732,Dasysyrphus venustus,0
SN0732,Epistrophe grossulariae,0
SN0732,Episyrphus balteatus,2
SN0732,Eristalinus aeneus,0
SN0732,Eristalinus sepulchralis,0
SN0732,Eristalis abusiva,0
SN0732,Eristalis abusivus,1
SN0732,Eristalis arbustorum,14
SN0732,Eristalis horticola,0
SN0732,Eristalis intricaria,0
SN0732,Eristalis intricarius,0
SN0732,Eristalis nemorum,0
SN0732,Eristalis pertinax,1
SN0732,Eristalis rupium,0
SN0732,Eristalis tenax,19
SN0732,Eucera longicornis,0
SN0732,Eumerus funeralis,0
SN0732,Eumerus ornatus,0
SN0732,Eumerus strigatus,0
SN0732,Eupeodes corollae,2
SN0732,Eupeodes latifasciatus,11
SN0732,Eupeodes luniger,0
SN0732,Ferdinandea cuprea,0
SN0732,Halictus confusus,0
SN0732,Halictus eurygnathus,0
SN0732,Halictus rubicundus,1
SN0732,Halictus tumulorum,0
SN0732,Helophilus hybridus,0
SN0732,Helophilus pendulus,2
SN0732,Helophilus trivittatus,1
SN0732,Hylaeus brevicornis,0
SN0732,Hylaeus communis,0
SN0732,Hylaeus confusus,0
SN0732,Hylaeus dilatatus,0
SN0732,Hylaeus hyalinatus,0
SN0732,Hylaeus pectoralis,0
SN0732,Lasioglossum albipes,0
SN0732,Lasioglossum calceatum,0
SN0732,Lasioglossum cupromicans,0
SN0732,Lasioglossum fratellum,0
SN0732,Lasioglossum fulvicorne,0
SN0732,Lasioglossum laevigatum,0
SN0732,Lasioglossum lativentre,0
SN0732,Lasioglossum leucopus,0
SN0732,Lasioglossum leucozonium,0
SN0732,Lasioglossum malachurum,0
SN0732,Lasioglossum minutissimum,0
SN0732,Lasioglossum morio,0
SN0732,Lasioglossum parvulum,0
SN0732,Lasioglossum pauperatum,0
SN0732,Lasioglossum pauxillum,0
SN0732,Lasioglossum punctatissimum,0
SN0732,Lasioglossum puncticolle,0
SN0732,Lasioglossum quadrinotatum,0
SN0732,Lasioglossum rufitarse,0
SN0732,Lasioglossum smeathmanellum,0
SN0732,Lasioglossum villosulum,0
SN0732,Lasioglossum xanthopus,0
SN0732,Lasioglossum zonulum,0
SN0732,Lejogaster metallina,0
SN0732,Leucozona glaucia,0
SN0732,Leucozona laternaria,0
SN0732,Macropis europaea,0
SN0732,Megachile centuncularis,0
SN0732,Megachile ligniseca,0
SN0732,Megachile versicolor,0
SN0732,Megachile willughbiella,0
SN0732,Melangyna cincta,0
SN0732,Melangyna labiatarum,0
SN0732,Melangyna lasiophthalma,0
SN0732,Melangyna umbellatarum,0
SN0732,Melanogaster aerosa,0
SN0732,Melanogaster hirtella,1
SN0732,Melanostoma form,0
SN0732,Melanostoma mellinum,6
SN0732,Melanostoma scalare,0
SN0732,Meliscaeva auricollis,0
SN0732,Meliscaeva cinctella,0
SN0732,Melitta leporina,0
SN0732,Merodon equestris,0
SN0732,Myathropa florea,0
SN0732,Neoascia geniculata,0
SN0732,Neoascia meticulosa,0
SN0732,Neoascia podagrica,2
SN0732,Neoascia tenur,2
SN0732,Nomada fabriciana,0
SN0732,Nomada flava,0
SN0732,Nomada flavoguttata,0
SN0732,Nomada flavopicta,0
SN0732,Nomada fucata,0
SN0732,Nomada goodeniana,0
SN0732,Nomada lathburiana,0
SN0732,Nomada marshamella,0
SN0732,Nomada obtusifrons,0
SN0732,Nomada panzeri,0
SN0732,Nomada ruficornis,0
SN0732,Nomada striata,0
SN0732,Orthonevra nobilis,0
SN0732,Osmia bicolor,0
SN0732,Osmia bicornis,0
SN0732,Osmia caerulescens,0
SN0732,Osmia leaiana,0
SN0732,Osmia spinulosa,0
SN0732,Panurgus banksianus,0
SN0732,Panurgus calcaratus,0
SN0732,Parasyrphus punctulatus,0
SN0732,Parhelophilus frutetorum,0
SN0732,Parhelophilus versicolor,0
SN0732,Pipiza bimaculata,0
SN0732,Pipizella viduata,0
SN0732,Platycheirus albimanus,3
SN0732,Platycheirus clypeatus,0
SN0732,Platycheirus granditarsus,6
SN0732,Platycheirus manicatus,1
SN0732,Platycheirus nielseni,0
SN0732,Platycheirus peltatus,0
SN0732,Platycheirus ramsarensis,1
SN0732,Platycheirus rosarum,0
SN0732,Platycheirus scutatus,1
SN0732,Platycheirus tarsalis,0
SN0732,Rhingia campestris,2
SN0732,Rhingia rostrata,0
SN0732,Riponnensia splendens,0
SN0732,Scaeva pyrastri,0
SN0732,Scaeva selenitica,0
SN0732,Sericomyia lappona,0
SN0732,Sericomyia silentis,6
SN0732,Sericomyia superbiens,0
SN0732,Sphaerophoria fatarum,4
SN0732,Sphaerophoria interrupta,3
SN0732,Sphaerophoria philanthus,0
SN0732,Sphaerophoria rueppellii,0
SN0732,Sphaerophoria scripta,0
SN0732,Sphaerophoria taeniata,0
SN0732,Sphecodes crassus,0
SN0732,Sphecodes ephippius,0
SN0732,Sphecodes ferruginatus,0
SN0732,Sphecodes geoffrellus,0
SN0732,Sphecodes monilicornis,0
SN0732,Sphecodes niger,0
SN0732,Sphegina clunipes,0
SN0732,Syritta pipiens,0
SN0732,Syrphus rectus,0
SN0732,Syrphus ribesii,8
SN0732,Syrphus torvus,4
SN0732,Syrphus vitripennis,0
SN0732,Tropidia scita,0
SN0732,Volucella bombylans,1
SN0732,Volucella inanis,0
SN0732,Volucella inflata,0
SN0732,Volucella pellucens,0
SN0732,Xanthogramma pedissequum,0
SN0732,Xanthogramma stackelbergi,0
SN0732,Xylota abiens,0
SN0732,Xylota jakutorum,0
SN0732,Xylota segnis,1
SN0732,Xylota sylvarum,0
SN6098,Anasimyia contracta,0
SN6098,Anasimyia lineata,0
SN6098,Anasimyia transfuga,0
SN6098,Andrena alfkenella,0
SN6098,Andrena angustior,33
SN6098,Andrena bicolor,4
SN6098,Andrena bucephala,0
SN6098,Andrena chrysosceles,0
SN6098,Andrena cineraria,0
SN6098,Andrena coitana,0
SN6098,Andrena denticulata,0
SN6098,Andrena dorsata,0
SN6098,Andrena flavipes,1
SN6098,Andrena fucata,0
SN6098,Andrena fulva,1
SN6098,Andrena haemorrhoa,0
SN6098,Andrena helvola,1
SN6098,Andrena humilis,0
SN6098,Andrena lapponica,0
SN6098,Andrena minutula,0
SN6098,Andrena nigriceps,0
SN6098,Andrena nigroaenea,0
SN6098,Andrena nitida,0
SN6098,Andrena scotica,1
SN6098,Andrena semilaevis,0
SN6098,Andrena subopaca,0
SN6098,Andrena synadelpha,0
SN6098,Andrena tarsata,0
SN6098,Andrena thoracica,0
SN6098,Andrena trimmerana,0
SN6098,Andrena wilkella,0
SN6098,Anthidium manicatum,0
SN6098,Anthophora furcata,1
SN6098,Anthophora plumipes,0
SN6098,Apis mellifera,3
SN6098,Arctophila superbiens,0
SN6098,Bombus barbutellus,0
SN6098,Bombus bohemicus,0
SN6098,Bombus campestris,0
SN6098,Bombus hortorum,10
SN6098,Bombus humilis,0
SN6098,Bombus hypnorum,0
SN6098,Bombus jonellus,0
SN6098,Bombus lapidarius,0
SN6098,Bombus lucorum,3
SN6098,Bombus monticola,0
SN6098,Bombus muscorum,0
SN6098,Bombus pascuorum,4
SN6098,Bombus pratorum,0
SN6098,Bombus ruderarius,0
SN6098,Bombus ruderatus,0
SN6098,Bombus rupestris,0
SN6098,Bombus soroeensis,0
SN6098,Bombus sylvestris,1
SN6098,Bombus terrestris,4
SN6098,Bombus vestalis,0
SN6098,Chalcosyrphus nemorum,0
SN6098,Cheilosia albitarsis,1
SN6098,Cheilosia bergenstammi,0
SN6098,Cheilosia fraterna,2
SN6098,Cheilosia illustrata,0
SN6098,Cheilosia lasiopa,0
SN6098,Cheilosia latifrons,0
SN6098,Cheilosia pagana,0
SN6098,Cheilosia proxima,0
SN6098,Cheilosia soror,0
SN6098,Cheilosia vernalis,0
SN6098,Chelostoma campanularum,0
SN6098,Chrysogaster cemiteriorum,0
SN6098,Chrysogaster virescens,0
SN6098,Chrysotoxum arcuatum,0
SN6098,Chrysotoxum bicinctum,0
SN6098,Chrysotoxum festivum,0
SN6098,Chrysotoxum verralli,0
SN6098,Coelioxys elongata,0
SN6098,Coelioxys inermis,0
SN6098,Colletes similis,0
SN6098,Colletes succinctus,0
SN6098,Dasypoda hirtipes,0
SN6098,Dasysyrphus albostriatus,2
SN6098,Dasysyrphus neovenustus,0
SN6098,Dasysyrphus tricinctus,0
SN6098,Dasysyrphus venustus,0
SN6098,Epistrophe grossulariae,0
SN6098,Episyrphus balteatus,25
SN6098,Eristalinus aeneus,0
SN6098,Eristalinus sepulchralis,0
SN6098,Eristalis abusiva,0
SN6098,Eristalis abusivus,0
SN6098,Eristalis arbustorum,12
SN6098,Eristalis horticola,2
SN6098,Eristalis intricaria,0
SN6098,Eristalis intricarius,0
SN6098,Eristalis nemorum,3
SN6098,Eristalis pertinax,2
SN6098,Eristalis rupium,0
SN6098,Eristalis tenax,10
SN6098,Eucera longicornis,0
SN6098,Eumerus funeralis,0
SN6098,Eumerus ornatus,0
SN6098,Eumerus strigatus,0
SN6098,Eupeodes corollae,13
SN6098,Eupeodes latifasciatus,7
SN6098,Eupeodes luniger,1
SN6098,Ferdinandea cuprea,1
SN6098,Halictus confusus,0
SN6098,Halictus eurygnathus,0
SN6098,Halictus rubicundus,2
SN6098,Halictus tumulorum,4
SN6098,Helophilus hybridus,2
SN6098,Helophilus pendulus,13
SN6098,Helophilus trivittatus,0
SN6098,Hylaeus brevicornis,0
SN6098,Hylaeus communis,3
SN6098,Hylaeus confusus,2
SN6098,Hylaeus dilatatus,0
SN6098,Hylaeus hyalinatus,1
SN6098,Hylaeus pectoralis,0
SN6098,Lasioglossum albipes,2
SN6098,Lasioglossum calceatum,8
SN6098,Lasioglossum cupromicans,6
SN6098,Lasioglossum fratellum,0
SN6098,Lasioglossum fulvicorne,0
SN6098,Lasioglossum laevigatum,0
SN6098,Lasioglossum lativentre,3
SN6098,Lasioglossum leucopus,0
SN6098,Lasioglossum leucozonium,0
SN6098,Lasioglossum malachurum,0
SN6098,Lasioglossum minutissimum,0
SN6098,Lasioglossum morio,10
SN6098,Lasioglossum parvulum,0
SN6098,Lasioglossum pauperatum,0
SN6098,Lasioglossum pauxillum,0
SN6098,Lasioglossum punctatissimum,16
SN6098,Lasioglossum puncticolle,0
SN6098,Lasioglossum quadrinotatum,0
SN6098,Lasioglossum rufitarse,0
SN6098,Lasioglossum smeathmanellum,0
SN6098,Lasioglossum villosulum,1
SN6098,Lasioglossum xanthopus,0
SN6098,Lasioglossum zonulum,0
SN6098,Lejogaster metallina,0
SN6098,Leucozona glaucia,0
SN6098,Leucozona laternaria,0
SN6098,Macropis europaea,0
SN6098,Megachile centuncularis,0
SN6098,Megachile ligniseca,0
SN6098,Megachile versicolor,0
SN6098,Megachile willughbiella,0
SN6098,Melangyna cincta,0
SN6098,Melangyna labiatarum,0
SN6098,Melangyna lasiophthalma,0
SN6098,Melangyna umbellatarum,0
SN6098,Melanogaster aerosa,0
SN6098,Melanogaster hirtella,5
SN6098,Melanostoma form,0
SN6098,Melanostoma mellinum,3
SN6098,Melanostoma scalare,0
SN6098,Meliscaeva auricollis,0
SN6098,Meliscaeva cinctella,1
SN6098,Melitta leporina,0
SN6098,Merodon equestris,0
SN6098,Myathropa florea,0
SN6098,Neoascia geniculata,0
SN6098,Neoascia meticulosa,0
SN6098,Neoascia podagrica,1
SN6098,Neoascia tenur,0
SN6098,Nomada fabriciana,2
SN6098,Nomada flava,0
SN6098,Nomada flavoguttata,1
SN6098,Nomada flavopicta,0
SN6098,Nomada fucata,0
SN6098,Nomada goodeniana,0
SN6098,Nomada lathburiana,0
SN6098,Nomada marshamella,0
SN6098,Nomada obtusifrons,0
SN6098,Nomada panzeri,0
SN6098,Nomada ruficornis,0
SN6098,Nomada striata,0
SN6098,Orthonevra nobilis,0
SN6098,Osmia bicolor,0
SN6098,Osmia bicornis,0
SN6098,Osmia caerulescens,0
SN6098,Osmia leaiana,0
SN6098,Osmia spinulosa,0
SN6098,Panurgus banksianus,0
SN6098,Panurgus calcaratus,0
SN6098,Parasyrphus punctulatus,0
SN6098,Parhelophilus frutetorum,0
SN6098,Parhelophilus versicolor,0
SN6098,Pipiza bimaculata,0
SN6098,Pipizella viduata,0
SN6098,Platycheirus albimanus,0
SN6098,Platycheirus clypeatus,0
SN6098,Platycheirus granditarsus,0
SN6098,Platycheirus manicatus,0
SN6098,Platycheirus nielseni,0
SN6098,Platycheirus peltatus,0
SN6098,Platycheirus ramsarensis,0
SN6098,Platycheirus rosarum,0
SN6098,Platycheirus scutatus,0
SN6098,Platycheirus tarsalis,0
SN6098,Rhingia campestris,3
SN6098,Rhingia rostrata,0
SN6098,Riponnensia splendens,0
SN6098,Scaeva pyrastri,0
SN6098,Scaeva selenitica,0
SN6098,Sericomyia lappona,0
SN6098,Sericomyia silentis,0
SN6098,Sericomyia superbiens,0
SN6098,Sphaerophoria fatarum,0
SN6098,Sphaerophoria interrupta,0
SN6098,Sphaerophoria philanthus,0
SN6098,Sphaerophoria rueppellii,0
SN6098,Sphaerophoria scripta,0
SN6098,Sphaerophoria taeniata,0
SN6098,Sphecodes crassus,0
SN6098,Sphecodes ephippius,0
SN6098,Sphecodes ferruginatus,0
SN6098,Sphecodes geoffrellus,0
SN6098,Sphecodes monilicornis,0
SN6098,Sphecodes niger,0
SN6098,Sphegina clunipes,0
SN6098,Syritta pipiens,4
SN6098,Syrphus rectus,1
SN6098,Syrphus ribesii,0
SN6098,Syrphus torvus,1
SN6098,Syrphus vitripennis,1
SN6098,Tropidia scita,0
SN6098,Volucella bombylans,0
SN6098,Volucella inanis,0
SN6098,Volucella inflata,0
SN6098,Volucella pellucens,0
SN6098,Xanthogramma pedissequum,1
SN6098,Xanthogramma stackelbergi,0
SN6098,Xylota abiens,0
SN6098,Xylota jakutorum,0
SN6098,Xylota segnis,1
SN6098,Xylota sylvarum,0
SN6185,Anasimyia contracta,0
SN6185,Anasimyia lineata,0
SN6185,Anasimyia transfuga,0
SN6185,Andrena alfkenella,0
SN6185,Andrena angustior,5
SN6185,Andrena bicolor,1
SN6185,Andrena bucephala,0
SN6185,Andrena chrysosceles,0
SN6185,Andrena cineraria,0
SN6185,Andrena coitana,0
SN6185,Andrena denticulata,0
SN6185,Andrena dorsata,0
SN6185,Andrena flavipes,0
SN6185,Andrena fucata,0
SN6185,Andrena fulva,0
SN6185,Andrena haemorrhoa,2
SN6185,Andrena helvola,0
SN6185,Andrena humilis,0
SN6185,Andrena lapponica,0
SN6185,Andrena minutula,0
SN6185,Andrena nigriceps,0
SN6185,Andrena nigroaenea,1
SN6185,Andrena nitida,0
SN6185,Andrena scotica,0
SN6185,Andrena semilaevis,0
SN6185,Andrena subopaca,0
SN6185,Andrena synadelpha,0
SN6185,Andrena tarsata,0
SN6185,Andrena thoracica,0
SN6185,Andrena trimmerana,0
SN6185,Andrena wilkella,0
SN6185,Anthidium manicatum,0
SN6185,Anthophora furcata,0
SN6185,Anthophora plumipes,0
SN6185,Apis mellifera,7
SN6185,Arctophila superbiens,0
SN6185,Bombus barbutellus,0
SN6185,Bombus bohemicus,1
SN6185,Bombus campestris,0
SN6185,Bombus hortorum,1
SN6185,Bombus humilis,0
SN6185,Bombus hypnorum,0
SN6185,Bombus jonellus,0
SN6185,Bombus lapidarius,1
SN6185,Bombus lucorum,2
SN6185,Bombus monticola,0
SN6185,Bombus muscorum,0
SN6185,Bombus pascuorum,0
SN6185,Bombus pratorum,0
SN6185,Bombus ruderarius,0
SN6185,Bombus ruderatus,0
SN6185,Bombus rupestris,0
SN6185,Bombus soroeensis,0
SN6185,Bombus sylvestris,0
SN6185,Bombus terrestris,1
SN6185,Bombus vestalis,0
SN6185,Chalcosyrphus nemorum,0
SN6185,Cheilosia albitarsis,0
SN6185,Cheilosia bergenstammi,0
SN6185,Cheilosia fraterna,0
SN6185,Cheilosia illustrata,0
SN6185,Cheilosia lasiopa,0
SN6185,Cheilosia latifrons,0
SN6185,Cheilosia pagana,0
SN6185,Cheilosia proxima,0
SN6185,Cheilosia soror,0
SN6185,Cheilosia vernalis,0
SN6185,Chelostoma campanularum,0
SN6185,Chrysogaster cemiteriorum,0
SN6185,Chrysogaster virescens,0
SN6185,Chrysotoxum arcuatum,0
SN6185,Chrysotoxum bicinctum,0
SN6185,Chrysotoxum festivum,0
SN6185,Chrysotoxum verralli,0
SN6185,Coelioxys elongata,0
SN6185,Coelioxys inermis,0
SN6185,Colletes similis,0
SN6185,Colletes succinctus,0
SN6185,Dasypoda hirtipes,0
SN6185,Dasysyrphus albostriatus,0
SN6185,Dasysyrphus neovenustus,0
SN6185,Dasysyrphus tricinctus,0
SN6185,Dasysyrphus venustus,0
SN6185,Epistrophe grossulariae,0
SN6185,Episyrphus balteatus,7
SN6185,Eristalinus aeneus,0
SN6185,Eristalinus sepulchralis,0
SN6185,Eristalis abusiva,0
SN6185,Eristalis abusivus,1
SN6185,Eristalis arbustorum,0
SN6185,Eristalis horticola,1
SN6185,Eristalis intricaria,0
SN6185,Eristalis intricarius,0
SN6185,Eristalis nemorum,4
SN6185,Eristalis pertinax,2
SN6185,Eristalis rupium,0
SN6185,Eristalis tenax,8
SN6185,Eucera longicornis,0
SN6185,Eumerus funeralis,0
SN6185,Eumerus ornatus,0
SN6185,Eumerus strigatus,0
SN6185,Eupeodes corollae,2
SN6185,Eupeodes latifasciatus,1
SN6185,Eupeodes luniger,1
SN6185,Ferdinandea cuprea,0
SN6185,Halictus confusus,0
SN6185,Halictus eurygnathus,0
SN6185,Halictus rubicundus,1
SN6185,Halictus tumulorum,5
SN6185,Helophilus hybridus,0
SN6185,Helophilus pendulus,2
SN6185,Helophilus trivittatus,0
SN6185,Hylaeus brevicornis,0
SN6185,Hylaeus communis,0
SN6185,Hylaeus confusus,0
SN6185,Hylaeus dilatatus,0
SN6185,Hylaeus hyalinatus,0
SN6185,Hylaeus pectoralis,0
SN6185,Lasioglossum albipes,0
SN6185,Lasioglossum calceatum,4
SN6185,Lasioglossum cupromicans,0
SN6185,Lasioglossum fratellum,0
SN6185,Lasioglossum fulvicorne,0
SN6185,Lasioglossum laevigatum,0
SN6185,Lasioglossum lativentre,0
SN6185,Lasioglossum leucopus,0
SN6185,Lasioglossum leucozonium,0
SN6185,Lasioglossum malachurum,0
SN6185,Lasioglossum minutissimum,0
SN6185,Lasioglossum morio,0
SN6185,Lasioglossum parvulum,0
SN6185,Lasioglossum pauperatum,0
SN6185,Lasioglossum pauxillum,0
SN6185,Lasioglossum punctatissimum,18
SN6185,Lasioglossum puncticolle,0
SN6185,Lasioglossum quadrinotatum,0
SN6185,Lasioglossum rufitarse,0
SN6185,Lasioglossum smeathmanellum,0
SN6185,Lasioglossum villosulum,1
SN6185,Lasioglossum xanthopus,0
SN6185,Lasioglossum zonulum,0
SN6185,Lejogaster metallina,0
SN6185,Leucozona glaucia,0
SN6185,Leucozona laternaria,0
SN6185,Macropis europaea,0
SN6185,Megachile centuncularis,0
SN6185,Megachile ligniseca,0
SN6185,Megachile versicolor,0
SN6185,Megachile willughbiella,0
SN6185,Melangyna cincta,0
SN6185,Melangyna labiatarum,0
SN6185,Melangyna lasiophthalma,0
SN6185,Melangyna umbellatarum,0
SN6185,Melanogaster aerosa,0
SN6185,Melanogaster hirtella,0
SN6185,Melanostoma form,0
SN6185,Melanostoma mellinum,0
SN6185,Melanostoma scalare,0
SN6185,Meliscaeva auricollis,0
SN6185,Meliscaeva cinctella,0
SN6185,Melitta leporina,0
SN6185,Merodon equestris,0
SN6185,Myathropa florea,0
SN6185,Neoascia geniculata,0
SN6185,Neoascia meticulosa,0
SN6185,Neoascia podagrica,0
SN6185,Neoascia tenur,0
SN6185,Nomada fabriciana,0
SN6185,Nomada flava,0
SN6185,Nomada flavoguttata,0
SN6185,Nomada flavopicta,0
SN6185,Nomada fucata,0
SN6185,Nomada goodeniana,0
SN6185,Nomada lathburiana,0
SN6185,Nomada marshamella,0
SN6185,Nomada obtusifrons,0
SN6185,Nomada panzeri,0
SN6185,Nomada ruficornis,0
SN6185,Nomada striata,0
SN6185,Orthonevra nobilis,0
SN6185,Osmia bicolor,0
SN6185,Osmia bicornis,0
SN6185,Osmia caerulescens,0
SN6185,Osmia leaiana,0
SN6185,Osmia spinulosa,0
SN6185,Panurgus banksianus,0
SN6185,Panurgus calcaratus,0
SN6185,Parasyrphus punctulatus,0
SN6185,Parhelophilus frutetorum,0
SN6185,Parhelophilus versicolor,0
SN6185,Pipiza bimaculata,0
SN6185,Pipizella viduata,0
SN6185,Platycheirus albimanus,1
SN6185,Platycheirus clypeatus,0
SN6185,Platycheirus granditarsus,1
SN6185,Platycheirus manicatus,0
SN6185,Platycheirus nielseni,0
SN6185,Platycheirus peltatus,0
SN6185,Platycheirus ramsarensis,0
SN6185,Platycheirus rosarum,0
SN6185,Platycheirus scutatus,0
SN6185,Platycheirus tarsalis,0
SN6185,Rhingia campestris,12
SN6185,Rhingia rostrata,0
SN6185,Riponnensia splendens,0
SN6185,Scaeva pyrastri,0
SN6185,Scaeva selenitica,0
SN6185,Sericomyia lappona,0
SN6185,Sericomyia silentis,0
SN6185,Sericomyia superbiens,0
SN6185,Sphaerophoria fatarum,0
SN6185,Sphaerophoria interrupta,0
SN6185,Sphaerophoria philanthus,0
SN6185,Sphaerophoria rueppellii,0
SN6185,Sphaerophoria scripta,0
SN6185,Sphaerophoria taeniata,0
SN6185,Sphecodes crassus,0
SN6185,Sphecodes ephippius,0
SN6185,Sphecodes ferruginatus,0
SN6185,Sphecodes geoffrellus,0
SN6185,Sphecodes monilicornis,0
SN6185,Sphecodes niger,0
SN6185,Sphegina clunipes,0
SN6185,Syritta pipiens,0
SN6185,Syrphus rectus,0
SN6185,Syrphus ribesii,3
SN6185,Syrphus torvus,0
SN6185,Syrphus vitripennis,0
SN6185,Tropidia scita,0
SN6185,Volucella bombylans,0
SN6185,Volucella inanis,0
SN6185,Volucella inflata,0
SN6185,Volucella pellucens,0
SN6185,Xanthogramma pedissequum,0
SN6185,Xanthogramma stackelbergi,0
SN6185,Xylota abiens,0
SN6185,Xylota jakutorum,0
SN6185,Xylota segnis,0
SN6185,Xylota sylvarum,0
SN6634,Anasimyia contracta,0
SN6634,Anasimyia lineata,0
SN6634,Anasimyia transfuga,0
SN6634,Andrena alfkenella,0
SN6634,Andrena angustior,12
SN6634,Andrena bicolor,10
SN6634,Andrena bucephala,0
SN6634,Andrena chrysosceles,0
SN6634,Andrena cineraria,5
SN6634,Andrena coitana,1
SN6634,Andrena denticulata,0
SN6634,Andrena dorsata,0
SN6634,Andrena flavipes,0
SN6634,Andrena fucata,0
SN6634,Andrena fulva,0
SN6634,Andrena haemorrhoa,2
SN6634,Andrena helvola,2
SN6634,Andrena humilis,0
SN6634,Andrena lapponica,0
SN6634,Andrena minutula,1
SN6634,Andrena nigriceps,0
SN6634,Andrena nigroaenea,0
SN6634,Andrena nitida,0
SN6634,Andrena scotica,1
SN6634,Andrena semilaevis,0
SN6634,Andrena subopaca,2
SN6634,Andrena synadelpha,0
SN6634,Andrena tarsata,0
SN6634,Andrena thoracica,0
SN6634,Andrena trimmerana,0
SN6634,Andrena wilkella,0
SN6634,Anthidium manicatum,0
SN6634,Anthophora furcata,0
SN6634,Anthophora plumipes,0
SN6634,Apis mellifera,16
SN6634,Arctophila superbiens,0
SN6634,Bombus barbutellus,0
SN6634,Bombus bohemicus,0
SN6634,Bombus campestris,0
SN6634,Bombus hortorum,9
SN6634,Bombus humilis,0
SN6634,Bombus hypnorum,0
SN6634,Bombus jonellus,0
SN6634,Bombus lapidarius,2
SN6634,Bombus lucorum,4
SN6634,Bombus monticola,0
SN6634,Bombus muscorum,0
SN6634,Bombus pascuorum,7
SN6634,Bombus pratorum,2
SN6634,Bombus ruderarius,0
SN6634,Bombus ruderatus,0
SN6634,Bombus rupestris,0
SN6634,Bombus soroeensis,0
SN6634,Bombus sylvestris,4
SN6634,Bombus terrestris,8
SN6634,Bombus vestalis,0
SN6634,Chalcosyrphus nemorum,0
SN6634,Cheilosia albitarsis,4
SN6634,Cheilosia bergenstammi,1
SN6634,Cheilosia fraterna,1
SN6634,Cheilosia illustrata,0
SN6634,Cheilosia lasiopa,0
SN6634,Cheilosia latifrons,0
SN6634,Cheilosia pagana,0
SN6634,Cheilosia proxima,0
SN6634,Cheilosia soror,0
SN6634,Cheilosia vernalis,0
SN6634,Chelostoma campanularum,0
SN6634,Chrysogaster cemiteriorum,0
SN6634,Chrysogaster virescens,0
SN6634,Chrysotoxum arcuatum,0
SN6634,Chrysotoxum bicinctum,0
SN6634,Chrysotoxum festivum,0
SN6634,Chrysotoxum verralli,0
SN6634,Coelioxys elongata,0
SN6634,Coelioxys inermis,0
SN6634,Colletes similis,0
SN6634,Colletes succinctus,0
SN6634,Dasypoda hirtipes,0
SN6634,Dasysyrphus albostriatus,1
SN6634,Dasysyrphus neovenustus,0
SN6634,Dasysyrphus tricinctus,0
SN6634,Dasysyrphus venustus,0
SN6634,Epistrophe grossulariae,1
SN6634,Episyrphus balteatus,3
SN6634,Eristalinus aeneus,0
SN6634,Eristalinus sepulchralis,0
SN6634,Eristalis abusiva,0
SN6634,Eristalis abusivus,1
SN6634,Eristalis arbustorum,3
SN6634,Eristalis horticola,1
SN6634,Eristalis intricaria,0
SN6634,Eristalis intricarius,0
SN6634,Eristalis nemorum,7
SN6634,Eristalis pertinax,8
SN6634,Eristalis rupium,0
SN6634,Eristalis tenax,9
SN6634,Eucera longicornis,0
SN6634,Eumerus funeralis,0
SN6634,Eumerus ornatus,0
SN6634,Eumerus strigatus,0
SN6634,Eupeodes corollae,0
SN6634,Eupeodes latifasciatus,7
SN6634,Eupeodes luniger,0
SN6634,Ferdinandea cuprea,2
SN6634,Halictus confusus,0
SN6634,Halictus eurygnathus,0
SN6634,Halictus rubicundus,6
SN6634,Halictus tumulorum,4
SN6634,Helophilus hybridus,0
SN6634,Helophilus pendulus,3
SN6634,Helophilus trivittatus,0
SN6634,Hylaeus brevicornis,0
SN6634,Hylaeus communis,0
SN6634,Hylaeus confusus,1
SN6634,Hylaeus dilatatus,0
SN6634,Hylaeus hyalinatus,1
SN6634,Hylaeus pectoralis,0
SN6634,Lasioglossum albipes,1
SN6634,Lasioglossum calceatum,19
SN6634,Lasioglossum cupromicans,0
SN6634,Lasioglossum fratellum,5
SN6634,Lasioglossum fulvicorne,4
SN6634,Lasioglossum laevigatum,0
SN6634,Lasioglossum lativentre,0
SN6634,Lasioglossum leucopus,0
SN6634,Lasioglossum leucozonium,0
SN6634,Lasioglossum malachurum,0
SN6634,Lasioglossum minutissimum,0
SN6634,Lasioglossum morio,0
SN6634,Lasioglossum parvulum,0
SN6634,Lasioglossum pauperatum,0
SN6634,Lasioglossum pauxillum,0
SN6634,Lasioglossum punctatissimum,0
SN6634,Lasioglossum puncticolle,0
SN6634,Lasioglossum quadrinotatum,0
SN6634,Lasioglossum rufitarse,0
SN6634,Lasioglossum smeathmanellum,0
SN6634,Lasioglossum villosulum,0
SN6634,Lasioglossum xanthopus,0
SN6634,Lasioglossum zonulum,0
SN6634,Lejogaster metallina,1
SN6634,Leucozona glaucia,0
SN6634,Leucozona laternaria,0
SN6634,Macropis europaea,0
SN6634,Megachile centuncularis,0
SN6634,Megachile ligniseca,0
SN6634,Megachile versicolor,0
SN6634,Megachile willughbiella,0
SN6634,Melangyna cincta,0
SN6634,Melangyna labiatarum,0
SN6634,Melangyna lasiophthalma,0
SN6634,Melangyna umbellatarum,0
SN6634,Melanogaster aerosa,0
SN6634,Melanogaster hirtella,18
SN6634,Melanostoma form,0
SN6634,Melanostoma mellinum,1
SN6634,Melanostoma scalare,0
SN6634,Meliscaeva auricollis,0
SN6634,Meliscaeva cinctella,0
SN6634,Melitta leporina,0
SN6634,Merodon equestris,0
SN6634,Myathropa florea,0
SN6634,Neoascia geniculata,0
SN6634,Neoascia meticulosa,0
SN6634,Neoascia podagrica,16
SN6634,Neoascia tenur,0
SN6634,Nomada fabriciana,2
SN6634,Nomada flava,0
SN6634,Nomada flavoguttata,2
SN6634,Nomada flavopicta,0
SN6634,Nomada fucata,0
SN6634,Nomada goodeniana,0
SN6634,Nomada lathburiana,0
SN6634,Nomada marshamella,0
SN6634,Nomada obtusifrons,0
SN6634,Nomada panzeri,1
SN6634,Nomada ruficornis,1
SN6634,Nomada striata,0
SN6634,Orthonevra nobilis,0
SN6634,Osmia bicolor,0
SN6634,Osmia bicornis,0
SN6634,Osmia caerulescens,0
SN6634,Osmia leaiana,0
SN6634,Osmia spinulosa,0
SN6634,Panurgus banksianus,0
SN6634,Panurgus calcaratus,0
SN6634,Parasyrphus punctulatus,0
SN6634,Parhelophilus frutetorum,0
SN6634,Parhelophilus versicolor,0
SN6634,Pipiza bimaculata,0
SN6634,Pipizella viduata,0
SN6634,Platycheirus albimanus,6
SN6634,Platycheirus clypeatus,1
SN6634,Platycheirus granditarsus,16
SN6634,Platycheirus manicatus,0
SN6634,Platycheirus nielseni,0
SN6634,Platycheirus peltatus,0
SN6634,Platycheirus ramsarensis,0
SN6634,Platycheirus rosarum,0
SN6634,Platycheirus scutatus,0
SN6634,Platycheirus tarsalis,0
SN6634,Rhingia campestris,6
SN6634,Rhingia rostrata,0
SN6634,Riponnensia splendens,0
SN6634,Scaeva pyrastri,0
SN6634,Scaeva selenitica,0
SN6634,Sericomyia lappona,0
SN6634,Sericomyia silentis,4
SN6634,Sericomyia superbiens,0
SN6634,Sphaerophoria fatarum,0
SN6634,Sphaerophoria interrupta,0
SN6634,Sphaerophoria philanthus,0
SN6634,Sphaerophoria rueppellii,0
SN6634,Sphaerophoria scripta,0
SN6634,Sphaerophoria taeniata,0
SN6634,Sphecodes crassus,0
SN6634,Sphecodes ephippius,0
SN6634,Sphecodes ferruginatus,0
SN6634,Sphecodes geoffrellus,0
SN6634,Sphecodes monilicornis,0
SN6634,Sphecodes niger,0
SN6634,Sphegina clunipes,0
SN6634,Syritta pipiens,7
SN6634,Syrphus rectus,1
SN6634,Syrphus ribesii,1
SN6634,Syrphus torvus,0
SN6634,Syrphus vitripennis,2
SN6634,Tropidia scita,0
SN6634,Volucella bombylans,1
SN6634,Volucella inanis,0
SN6634,Volucella inflata,0
SN6634,Volucella pellucens,0
SN6634,Xanthogramma pedissequum,0
SN6634,Xanthogramma stackelbergi,0
SN6634,Xylota abiens,0
SN6634,Xylota jakutorum,0
SN6634,Xylota segnis,23
SN6634,Xylota sylvarum,0
SN6777,Anasimyia contracta,0
SN6777,Anasimyia lineata,0
SN6777,Anasimyia transfuga,0
SN6777,Andrena alfkenella,0
SN6777,Andrena angustior,1
SN6777,Andrena bicolor,0
SN6777,Andrena bucephala,0
SN6777,Andrena chrysosceles,0
SN6777,Andrena cineraria,1
SN6777,Andrena coitana,0
SN6777,Andrena denticulata,0
SN6777,Andrena dorsata,0
SN6777,Andrena flavipes,0
SN6777,Andrena fucata,0
SN6777,Andrena fulva,0
SN6777,Andrena haemorrhoa,1
SN6777,Andrena helvola,1
SN6777,Andrena humilis,0
SN6777,Andrena lapponica,0
SN6777,Andrena minutula,0
SN6777,Andrena nigriceps,0
SN6777,Andrena nigroaenea,0
SN6777,Andrena nitida,0
SN6777,Andrena scotica,0
SN6777,Andrena semilaevis,0
SN6777,Andrena subopaca,0
SN6777,Andrena synadelpha,0
SN6777,Andrena tarsata,0
SN6777,Andrena thoracica,0
SN6777,Andrena trimmerana,0
SN6777,Andrena wilkella,0
SN6777,Anthidium manicatum,0
SN6777,Anthophora furcata,0
SN6777,Anthophora plumipes,0
SN6777,Apis mellifera,19
SN6777,Arctophila superbiens,0
SN6777,Bombus barbutellus,0
SN6777,Bombus bohemicus,0
SN6777,Bombus campestris,0
SN6777,Bombus hortorum,3
SN6777,Bombus humilis,0
SN6777,Bombus hypnorum,2
SN6777,Bombus jonellus,0
SN6777,Bombus lapidarius,7
SN6777,Bombus lucorum,13
SN6777,Bombus monticola,0
SN6777,Bombus muscorum,0
SN6777,Bombus pascuorum,1
SN6777,Bombus pratorum,1
SN6777,Bombus ruderarius,0
SN6777,Bombus ruderatus,0
SN6777,Bombus rupestris,0
SN6777,Bombus soroeensis,0
SN6777,Bombus sylvestris,3
SN6777,Bombus terrestris,12
SN6777,Bombus vestalis,0
SN6777,Chalcosyrphus nemorum,0
SN6777,Cheilosia albitarsis,0
SN6777,Cheilosia bergenstammi,1
SN6777,Cheilosia fraterna,0
SN6777,Cheilosia illustrata,0
SN6777,Cheilosia lasiopa,0
SN6777,Cheilosia latifrons,0
SN6777,Cheilosia pagana,0
SN6777,Cheilosia proxima,0
SN6777,Cheilosia soror,0
SN6777,Cheilosia vernalis,0
SN6777,Chelostoma campanularum,0
SN6777,Chrysogaster cemiteriorum,0
SN6777,Chrysogaster virescens,0
SN6777,Chrysotoxum arcuatum,0
SN6777,Chrysotoxum bicinctum,0
SN6777,Chrysotoxum festivum,0
SN6777,Chrysotoxum verralli,0
SN6777,Coelioxys elongata,0
SN6777,Coelioxys inermis,0
SN6777,Colletes similis,0
SN6777,Colletes succinctus,0
SN6777,Dasypoda hirtipes,0
SN6777,Dasysyrphus albostriatus,1
SN6777,Dasysyrphus neovenustus,0
SN6777,Dasysyrphus tricinctus,0
SN6777,Dasysyrphus venustus,0
SN6777,Epistrophe grossulariae,0
SN6777,Episyrphus balteatus,29
SN6777,Eristalinus aeneus,0
SN6777,Eristalinus sepulchralis,0
SN6777,Eristalis abusiva,0
SN6777,Eristalis abusivus,0
SN6777,Eristalis arbustorum,13
SN6777,Eristalis horticola,1
SN6777,Eristalis intricaria,0
SN6777,Eristalis intricarius,1
SN6777,Eristalis nemorum,6
SN6777,Eristalis pertinax,0
SN6777,Eristalis rupium,0
SN6777,Eristalis tenax,8
SN6777,Eucera longicornis,0
SN6777,Eumerus funeralis,0
SN6777,Eumerus ornatus,0
SN6777,Eumerus strigatus,0
SN6777,Eupeodes corollae,6
SN6777,Eupeodes latifasciatus,2
SN6777,Eupeodes luniger,0
SN6777,Ferdinandea cuprea,2
SN6777,Halictus confusus,0
SN6777,Halictus eurygnathus,0
SN6777,Halictus rubicundus,5
SN6777,Halictus tumulorum,0
SN6777,Helophilus hybridus,1
SN6777,Helophilus pendulus,13
SN6777,Helophilus trivittatus,0
SN6777,Hylaeus brevicornis,0
SN6777,Hylaeus communis,0
SN6777,Hylaeus confusus,0
SN6777,Hylaeus dilatatus,0
SN6777,Hylaeus hyalinatus,0
SN6777,Hylaeus pectoralis,0
SN6777,Lasioglossum albipes,3
SN6777,Lasioglossum calceatum,8
SN6777,Lasioglossum cupromicans,0
SN6777,Lasioglossum fratellum,0
SN6777,Lasioglossum fulvicorne,0
SN6777,Lasioglossum laevigatum,0
SN6777,Lasioglossum lativentre,0
SN6777,Lasioglossum leucopus,0
SN6777,Lasioglossum leucozonium,0
SN6777,Lasioglossum malachurum,0
SN6777,Lasioglossum minutissimum,0
SN6777,Lasioglossum morio,1
SN6777,Lasioglossum parvulum,0
SN6777,Lasioglossum pauperatum,0
SN6777,Lasioglossum pauxillum,0
SN6777,Lasioglossum punctatissimum,0
SN6777,Lasioglossum puncticolle,0
SN6777,Lasioglossum quadrinotatum,0
SN6777,Lasioglossum rufitarse,0
SN6777,Lasioglossum smeathmanellum,0
SN6777,Lasioglossum villosulum,0
SN6777,Lasioglossum xanthopus,0
SN6777,Lasioglossum zonulum,0
SN6777,Lejogaster metallina,0
SN6777,Leucozona glaucia,0
SN6777,Leucozona laternaria,0
SN6777,Macropis europaea,0
SN6777,Megachile centuncularis,0
SN6777,Megachile ligniseca,0
SN6777,Megachile versicolor,0
SN6777,Megachile willughbiella,0
SN6777,Melangyna cincta,0
SN6777,Melangyna labiatarum,0
SN6777,Melangyna lasiophthalma,0
SN6777,Melangyna umbellatarum,0
SN6777,Melanogaster aerosa,0
SN6777,Melanogaster hirtella,0
SN6777,Melanostoma form,0
SN6777,Melanostoma mellinum,5
SN6777,Melanostoma scalare,0
SN6777,Meliscaeva auricollis,0
SN6777,Meliscaeva cinctella,0
SN6777,Melitta leporina,0
SN6777,Merodon equestris,1
SN6777,Myathropa florea,0
SN6777,Neoascia geniculata,0
SN6777,Neoascia meticulosa,0
SN6777,Neoascia podagrica,0
SN6777,Neoascia tenur,0
SN6777,Nomada fabriciana,0
SN6777,Nomada flava,0
SN6777,Nomada flavoguttata,0
SN6777,Nomada flavopicta,0
SN6777,Nomada fucata,0
SN6777,Nomada goodeniana,0
SN6777,Nomada lathburiana,0
SN6777,Nomada marshamella,0
SN6777,Nomada obtusifrons,0
SN6777,Nomada panzeri,0
SN6777,Nomada ruficornis,0
SN6777,Nomada striata,0
SN6777,Orthonevra nobilis,1
SN6777,Osmia bicolor,0
SN6777,Osmia bicornis,0
SN6777,Osmia caerulescens,0
SN6777,Osmia leaiana,0
SN6777,Osmia spinulosa,0
SN6777,Panurgus banksianus,0
SN6777,Panurgus calcaratus,0
SN6777,Parasyrphus punctulatus,0
SN6777,Parhelophilus frutetorum,0
SN6777,Parhelophilus versicolor,0
SN6777,Pipiza bimaculata,0
SN6777,Pipizella viduata,0
SN6777,Platycheirus albimanus,4
SN6777,Platycheirus clypeatus,0
SN6777,Platycheirus granditarsus,1
SN6777,Platycheirus manicatus,0
SN6777,Platycheirus nielseni,0
SN6777,Platycheirus peltatus,0
SN6777,Platycheirus ramsarensis,0
SN6777,Platycheirus rosarum,0
SN6777,Platycheirus scutatus,0
SN6777,Platycheirus tarsalis,0
SN6777,Rhingia campestris,2
SN6777,Rhingia rostrata,0
SN6777,Riponnensia splendens,0
SN6777,Scaeva pyrastri,0
SN6777,Scaeva selenitica,1
SN6777,Sericomyia lappona,0
SN6777,Sericomyia silentis,1
SN6777,Sericomyia superbiens,1
SN6777,Sphaerophoria fatarum,0
SN6777,Sphaerophoria interrupta,1
SN6777,Sphaerophoria philanthus,0
SN6777,Sphaerophoria rueppellii,0
SN6777,Sphaerophoria scripta,1
SN6777,Sphaerophoria taeniata,0
SN6777,Sphecodes crassus,0
SN6777,Sphecodes ephippius,0
SN6777,Sphecodes ferruginatus,0
SN6777,Sphecodes geoffrellus,0
SN6777,Sphecodes monilicornis,0
SN6777,Sphecodes niger,0
SN6777,Sphegina clunipes,0
SN6777,Syritta pipiens,0
SN6777,Syrphus rectus,1
SN6777,Syrphus ribesii,8
SN6777,Syrphus torvus,0
SN6777,Syrphus vitripennis,3
SN6777,Tropidia scita,0
SN6777,Volucella bombylans,1
SN6777,Volucella inanis,0
SN6777,Volucella inflata,0
SN6777,Volucella pellucens,0
SN6777,Xanthogramma pedissequum,0
SN6777,Xanthogramma stackelbergi,0
SN6777,Xylota abiens,0
SN6777,Xylota jakutorum,0
SN6777,Xylota segnis,10
SN6777,Xylota sylvarum,0
SN7659,Anasimyia contracta,0
SN7659,Anasimyia lineata,0
SN7659,Anasimyia transfuga,0
SN7659,Andrena alfkenella,0
SN7659,Andrena angustior,0
SN7659,Andrena bicolor,0
SN7659,Andrena bucephala,0
SN7659,Andrena chrysosceles,0
SN7659,Andrena cineraria,0
SN7659,Andrena coitana,0
SN7659,Andrena denticulata,0
SN7659,Andrena dorsata,0
SN7659,Andrena flavipes,0
SN7659,Andrena fucata,0
SN7659,Andrena fulva,0
SN7659,Andrena haemorrhoa,0
SN7659,Andrena helvola,0
SN7659,Andrena humilis,0
SN7659,Andrena lapponica,0
SN7659,Andrena minutula,0
SN7659,Andrena nigriceps,0
SN7659,Andrena nigroaenea,0
SN7659,Andrena nitida,0
SN7659,Andrena scotica,0
SN7659,Andrena semilaevis,0
SN7659,Andrena subopaca,0
SN7659,Andrena synadelpha,0
SN7659,Andrena tarsata,0
SN7659,Andrena thoracica,0
SN7659,Andrena trimmerana,0
SN7659,Andrena wilkella,0
SN7659,Anthidium manicatum,0
SN7659,Anthophora furcata,0
SN7659,Anthophora plumipes,0
SN7659,Apis mellifera,0
SN7659,Arctophila superbiens,0
SN7659,Bombus barbutellus,0
SN7659,Bombus bohemicus,0
SN7659,Bombus campestris,0
SN7659,Bombus hortorum,22
SN7659,Bombus humilis,0
SN7659,Bombus hypnorum,0
SN7659,Bombus jonellus,1
SN7659,Bombus lapidarius,0
SN7659,Bombus lucorum,42
SN7659,Bombus monticola,2
SN7659,Bombus muscorum,0
SN7659,Bombus pascuorum,1
SN7659,Bombus pratorum,19
SN7659,Bombus ruderarius,0
SN7659,Bombus ruderatus,0
SN7659,Bombus rupestris,0
SN7659,Bombus soroeensis,0
SN7659,Bombus sylvestris,12
SN7659,Bombus terrestris,7
SN7659,Bombus vestalis,0
SN7659,Chalcosyrphus nemorum,0
SN7659,Cheilosia albitarsis,0
SN7659,Cheilosia bergenstammi,0
SN7659,Cheilosia fraterna,2
SN7659,Cheilosia illustrata,0
SN7659,Cheilosia lasiopa,0
SN7659,Cheilosia latifrons,0
SN7659,Cheilosia pagana,0
SN7659,Cheilosia proxima,0
SN7659,Cheilosia soror,0
SN7659,Cheilosia vernalis,0
SN7659,Chelostoma campanularum,0
SN7659,Chrysogaster cemiteriorum,0
SN7659,Chrysogaster virescens,1
SN7659,Chrysotoxum arcuatum,2
SN7659,Chrysotoxum bicinctum,0
SN7659,Chrysotoxum festivum,0
SN7659,Chrysotoxum verralli,0
SN7659,Coelioxys elongata,0
SN7659,Coelioxys inermis,0
SN7659,Colletes similis,0
SN7659,Colletes succinctus,0
SN7659,Dasypoda hirtipes,0
SN7659,Dasysyrphus albostriatus,0
SN7659,Dasysyrphus neovenustus,0
SN7659,Dasysyrphus tricinctus,0
SN7659,Dasysyrphus venustus,0
SN7659,Epistrophe grossulariae,0
SN7659,Episyrphus balteatus,12
SN7659,Eristalinus aeneus,0
SN7659,Eristalinus sepulchralis,0
SN7659,Eristalis abusiva,0
SN7659,Eristalis abusivus,0
SN7659,Eristalis arbustorum,1
SN7659,Eristalis horticola,0
SN7659,Eristalis intricaria,0
SN7659,Eristalis intricarius,1
SN7659,Eristalis nemorum,3
SN7659,Eristalis pertinax,19
SN7659,Eristalis rupium,0
SN7659,Eristalis tenax,39
SN7659,Eucera longicornis,0
SN7659,Eumerus funeralis,0
SN7659,Eumerus ornatus,0
SN7659,Eumerus strigatus,0
SN7659,Eupeodes corollae,13
SN7659,Eupeodes latifasciatus,11
SN7659,Eupeodes luniger,3
SN7659,Ferdinandea cuprea,0
SN7659,Halictus confusus,0
SN7659,Halictus eurygnathus,0
SN7659,Halictus rubicundus,0
SN7659,Halictus tumulorum,0
SN7659,Helophilus hybridus,0
SN7659,Helophilus pendulus,2
SN7659,Helophilus trivittatus,0
SN7659,Hylaeus brevicornis,0
SN7659,Hylaeus communis,0
SN7659,Hylaeus confusus,0
SN7659,Hylaeus dilatatus,0
SN7659,Hylaeus hyalinatus,0
SN7659,Hylaeus pectoralis,0
SN7659,Lasioglossum albipes,0
SN7659,Lasioglossum calceatum,0
SN7659,Lasioglossum cupromicans,0
SN7659,Lasioglossum fratellum,0
SN7659,Lasioglossum fulvicorne,0
SN7659,Lasioglossum laevigatum,0
SN7659,Lasioglossum lativentre,0
SN7659,Lasioglossum leucopus,0
SN7659,Lasioglossum leucozonium,0
SN7659,Lasioglossum malachurum,0
SN7659,Lasioglossum minutissimum,0
SN7659,Lasioglossum morio,0
SN7659,Lasioglossum parvulum,0
SN7659,Lasioglossum pauperatum,0
SN7659,Lasioglossum pauxillum,0
SN7659,Lasioglossum punctatissimum,0
SN7659,Lasioglossum puncticolle,0
SN7659,Lasioglossum quadrinotatum,0
SN7659,Lasioglossum rufitarse,0
SN7659,Lasioglossum smeathmanellum,0
SN7659,Lasioglossum villosulum,0
SN7659,Lasioglossum xanthopus,0
SN7659,Lasioglossum zonulum,0
SN7659,Lejogaster metallina,0
SN7659,Leucozona glaucia,0
SN7659,Leucozona laternaria,0
SN7659,Macropis europaea,0
SN7659,Megachile centuncularis,0
SN7659,Megachile ligniseca,0
SN7659,Megachile versicolor,0
SN7659,Megachile willughbiella,0
SN7659,Melangyna cincta,0
SN7659,Melangyna labiatarum,0
SN7659,Melangyna lasiophthalma,1
SN7659,Melangyna umbellatarum,0
SN7659,Melanogaster aerosa,0
SN7659,Melanogaster hirtella,11
SN7659,Melanostoma form,0
SN7659,Melanostoma mellinum,14
SN7659,Melanostoma scalare,2
SN7659,Meliscaeva auricollis,1
SN7659,Meliscaeva cinctella,4
SN7659,Melitta leporina,0
SN7659,Merodon equestris,0
SN7659,Myathropa florea,0
SN7659,Neoascia geniculata,0
SN7659,Neoascia meticulosa,0
SN7659,Neoascia podagrica,0
SN7659,Neoascia tenur,1
SN7659,Nomada fabriciana,0
SN7659,Nomada flava,0
SN7659,Nomada flavoguttata,0
SN7659,Nomada flavopicta,0
SN7659,Nomada fucata,0
SN7659,Nomada goodeniana,0
SN7659,Nomada lathburiana,0
SN7659,Nomada marshamella,0
SN7659,Nomada obtusifrons,0
SN7659,Nomada panzeri,0
SN7659,Nomada ruficornis,0
SN7659,Nomada striata,0
SN7659,Orthonevra nobilis,0
SN7659,Osmia bicolor,0
SN7659,Osmia bicornis,0
SN7659,Osmia caerulescens,0
SN7659,Osmia leaiana,0
SN7659,Osmia spinulosa,0
SN7659,Panurgus banksianus,0
SN7659,Panurgus calcaratus,0
SN7659,Parasyrphus punctulatus,0
SN7659,Parhelophilus frutetorum,0
SN7659,Parhelophilus versicolor,0
SN7659,Pipiza bimaculata,0
SN7659,Pipizella viduata,0
SN7659,Platycheirus albimanus,36
SN7659,Platycheirus clypeatus,0
SN7659,Platycheirus granditarsus,3
SN7659,Platycheirus manicatus,0
SN7659,Platycheirus nielseni,0
SN7659,Platycheirus peltatus,0
SN7659,Platycheirus ramsarensis,0
SN7659,Platycheirus rosarum,0
SN7659,Platycheirus scutatus,1
SN7659,Platycheirus tarsalis,0
SN7659,Rhingia campestris,0
SN7659,Rhingia rostrata,0
SN7659,Riponnensia splendens,0
SN7659,Scaeva pyrastri,1
SN7659,Scaeva selenitica,0
SN7659,Sericomyia lappona,6
SN7659,Sericomyia silentis,39
SN7659,Sericomyia superbiens,0
SN7659,Sphaerophoria fatarum,0
SN7659,Sphaerophoria interrupta,2
SN7659,Sphaerophoria philanthus,1
SN7659,Sphaerophoria rueppellii,0
SN7659,Sphaerophoria scripta,1
SN7659,Sphaerophoria taeniata,0
SN7659,Sphecodes crassus,0
SN7659,Sphecodes ephippius,0
SN7659,Sphecodes ferruginatus,0
SN7659,Sphecodes geoffrellus,0
SN7659,Sphecodes monilicornis,0
SN7659,Sphecodes niger,0
SN7659,Sphegina clunipes,0
SN7659,Syritta pipiens,0
SN7659,Syrphus rectus,0
SN7659,Syrphus ribesii,13
SN7659,Syrphus torvus,3
SN7659,Syrphus vitripennis,0
SN7659,Tropidia scita,0
SN7659,Volucella bombylans,0
SN7659,Volucella inanis,0
SN7659,Volucella inflata,0
SN7659,Volucella pellucens,1
SN7659,Xanthogramma pedissequum,0
SN7659,Xanthogramma stackelbergi,0
SN7659,Xylota abiens,0
SN7659,Xylota jakutorum,5
SN7659,Xylota segnis,59
SN7659,Xylota sylvarum,0
SO1474,Anasimyia contracta,0
SO1474,Anasimyia lineata,0
SO1474,Anasimyia transfuga,0
SO1474,Andrena alfkenella,0
SO1474,Andrena angustior,0
SO1474,Andrena bicolor,0
SO1474,Andrena bucephala,2
SO1474,Andrena chrysosceles,2
SO1474,Andrena cineraria,1
SO1474,Andrena coitana,0
SO1474,Andrena denticulata,0
SO1474,Andrena dorsata,0
SO1474,Andrena flavipes,0
SO1474,Andrena fucata,0
SO1474,Andrena fulva,0
SO1474,Andrena haemorrhoa,22
SO1474,Andrena helvola,9
SO1474,Andrena humilis,0
SO1474,Andrena lapponica,0
SO1474,Andrena minutula,0
SO1474,Andrena nigriceps,0
SO1474,Andrena nigroaenea,1
SO1474,Andrena nitida,1
SO1474,Andrena scotica,0
SO1474,Andrena semilaevis,0
SO1474,Andrena subopaca,0
SO1474,Andrena synadelpha,0
SO1474,Andrena tarsata,0
SO1474,Andrena thoracica,0
SO1474,Andrena trimmerana,0
SO1474,Andrena wilkella,0
SO1474,Anthidium manicatum,0
SO1474,Anthophora furcata,0
SO1474,Anthophora plumipes,0
SO1474,Apis mellifera,3
SO1474,Arctophila superbiens,0
SO1474,Bombus barbutellus,0
SO1474,Bombus bohemicus,0
SO1474,Bombus campestris,0
SO1474,Bombus hortorum,7
SO1474,Bombus humilis,0
SO1474,Bombus hypnorum,2
SO1474,Bombus jonellus,0
SO1474,Bombus lapidarius,4
SO1474,Bombus lucorum,7
SO1474,Bombus monticola,1
SO1474,Bombus muscorum,2
SO1474,Bombus pascuorum,4
SO1474,Bombus pratorum,7
SO1474,Bombus ruderarius,0
SO1474,Bombus ruderatus,0
SO1474,Bombus rupestris,0
SO1474,Bombus soroeensis,0
SO1474,Bombus sylvestris,0
SO1474,Bombus terrestris,2
SO1474,Bombus vestalis,0
SO1474,Chalcosyrphus nemorum,0
SO1474,Cheilosia albitarsis,2
SO1474,Cheilosia bergenstammi,0
SO1474,Cheilosia fraterna,1
SO1474,Cheilosia illustrata,0
SO1474,Cheilosia lasiopa,0
SO1474,Cheilosia latifrons,0
SO1474,Cheilosia pagana,0
SO1474,Cheilosia proxima,0
SO1474,Cheilosia soror,0
SO1474,Cheilosia vernalis,0
SO1474,Chelostoma campanularum,0
SO1474,Chrysogaster cemiteriorum,0
SO1474,Chrysogaster virescens,0
SO1474,Chrysotoxum arcuatum,0
SO1474,Chrysotoxum bicinctum,0
SO1474,Chrysotoxum festivum,0
SO1474,Chrysotoxum verralli,0
SO1474,Coelioxys elongata,0
SO1474,Coelioxys inermis,0
SO1474,Colletes similis,0
SO1474,Colletes succinctus,0
SO1474,Dasypoda hirtipes,0
SO1474,Dasysyrphus albostriatus,1
SO1474,Dasysyrphus neovenustus,0
SO1474,Dasysyrphus tricinctus,0
SO1474,Dasysyrphus venustus,0
SO1474,Epistrophe grossulariae,0
SO1474,Episyrphus balteatus,8
SO1474,Eristalinus aeneus,0
SO1474,Eristalinus sepulchralis,0
SO1474,Eristalis abusiva,0
SO1474,Eristalis abusivus,1
SO1474,Eristalis arbustorum,14
SO1474,Eristalis horticola,2
SO1474,Eristalis intricaria,0
SO1474,Eristalis intricarius,1
SO1474,Eristalis nemorum,1
SO1474,Eristalis pertinax,11
SO1474,Eristalis rupium,0
SO1474,Eristalis tenax,7
SO1474,Eucera longicornis,0
SO1474,Eumerus funeralis,0
SO1474,Eumerus ornatus,0
SO1474,Eumerus strigatus,2
SO1474,Eupeodes corollae,3
SO1474,Eupeodes latifasciatus,0
SO1474,Eupeodes luniger,0
SO1474,Ferdinandea cuprea,0
SO1474,Halictus confusus,0
SO1474,Halictus eurygnathus,0
SO1474,Halictus rubicundus,12
SO1474,Halictus tumulorum,1
SO1474,Helophilus hybridus,0
SO1474,Helophilus pendulus,1
SO1474,Helophilus trivittatus,0
SO1474,Hylaeus brevicornis,0
SO1474,Hylaeus communis,1
SO1474,Hylaeus confusus,2
SO1474,Hylaeus dilatatus,0
SO1474,Hylaeus hyalinatus,0
SO1474,Hylaeus pectoralis,0
SO1474,Lasioglossum albipes,1
SO1474,Lasioglossum calceatum,3
SO1474,Lasioglossum cupromicans,0
SO1474,Lasioglossum fratellum,5
SO1474,Lasioglossum fulvicorne,2
SO1474,Lasioglossum laevigatum,0
SO1474,Lasioglossum lativentre,2
SO1474,Lasioglossum leucopus,0
SO1474,Lasioglossum leucozonium,1
SO1474,Lasioglossum malachurum,0
SO1474,Lasioglossum minutissimum,0
SO1474,Lasioglossum morio,1
SO1474,Lasioglossum parvulum,0
SO1474,Lasioglossum pauperatum,0
SO1474,Lasioglossum pauxillum,0
SO1474,Lasioglossum punctatissimum,0
SO1474,Lasioglossum puncticolle,0
SO1474,Lasioglossum quadrinotatum,0
SO1474,Lasioglossum rufitarse,0
SO1474,Lasioglossum smeathmanellum,0
SO1474,Lasioglossum villosulum,0
SO1474,Lasioglossum xanthopus,0
SO1474,Lasioglossum zonulum,0
SO1474,Lejogaster metallina,1
SO1474,Leucozona glaucia,0
SO1474,Leucozona laternaria,0
SO1474,Macropis europaea,0
SO1474,Megachile centuncularis,0
SO1474,Megachile ligniseca,0
SO1474,Megachile versicolor,0
SO1474,Megachile willughbiella,0
SO1474,Melangyna cincta,0
SO1474,Melangyna labiatarum,0
SO1474,Melangyna lasiophthalma,0
SO1474,Melangyna umbellatarum,0
SO1474,Melanogaster aerosa,0
SO1474,Melanogaster hirtella,16
SO1474,Melanostoma form,0
SO1474,Melanostoma mellinum,5
SO1474,Melanostoma scalare,1
SO1474,Meliscaeva auricollis,0
SO1474,Meliscaeva cinctella,0
SO1474,Melitta leporina,0
SO1474,Merodon equestris,0
SO1474,Myathropa florea,1
SO1474,Neoascia geniculata,0
SO1474,Neoascia meticulosa,0
SO1474,Neoascia podagrica,14
SO1474,Neoascia tenur,0
SO1474,Nomada fabriciana,0
SO1474,Nomada flava,3
SO1474,Nomada flavoguttata,0
SO1474,Nomada flavopicta,0
SO1474,Nomada fucata,0
SO1474,Nomada goodeniana,0
SO1474,Nomada lathburiana,0
SO1474,Nomada marshamella,2
SO1474,Nomada obtusifrons,0
SO1474,Nomada panzeri,1
SO1474,Nomada ruficornis,2
SO1474,Nomada striata,0
SO1474,Orthonevra nobilis,0
SO1474,Osmia bicolor,0
SO1474,Osmia bicornis,0
SO1474,Osmia caerulescens,0
SO1474,Osmia leaiana,0
SO1474,Osmia spinulosa,0
SO1474,Panurgus banksianus,0
SO1474,Panurgus calcaratus,0
SO1474,Parasyrphus punctulatus,0
SO1474,Parhelophilus frutetorum,0
SO1474,Parhelophilus versicolor,0
SO1474,Pipiza bimaculata,0
SO1474,Pipizella viduata,0
SO1474,Platycheirus albimanus,3
SO1474,Platycheirus clypeatus,0
SO1474,Platycheirus granditarsus,2
SO1474,Platycheirus manicatus,6
SO1474,Platycheirus nielseni,0
SO1474,Platycheirus peltatus,0
SO1474,Platycheirus ramsarensis,0
SO1474,Platycheirus rosarum,0
SO1474,Platycheirus scutatus,0
SO1474,Platycheirus tarsalis,0
SO1474,Rhingia campestris,20
SO1474,Rhingia rostrata,0
SO1474,Riponnensia splendens,0
SO1474,Scaeva pyrastri,0
SO1474,Scaeva selenitica,0
SO1474,Sericomyia lappona,0
SO1474,Sericomyia silentis,3
SO1474,Sericomyia superbiens,0
SO1474,Sphaerophoria fatarum,0
SO1474,Sphaerophoria interrupta,1
SO1474,Sphaerophoria philanthus,0
SO1474,Sphaerophoria rueppellii,0
SO1474,Sphaerophoria scripta,0
SO1474,Sphaerophoria taeniata,0
SO1474,Sphecodes crassus,0
SO1474,Sphecodes ephippius,0
SO1474,Sphecodes ferruginatus,0
SO1474,Sphecodes geoffrellus,0
SO1474,Sphecodes monilicornis,0
SO1474,Sphecodes niger,0
SO1474,Sphegina clunipes,0
SO1474,Syritta pipiens,9
SO1474,Syrphus rectus,0
SO1474,Syrphus ribesii,3
SO1474,Syrphus torvus,0
SO1474,Syrphus vitripennis,4
SO1474,Tropidia scita,0
SO1474,Volucella bombylans,4
SO1474,Volucella inanis,0
SO1474,Volucella inflata,0
SO1474,Volucella pellucens,0
SO1474,Xanthogramma pedissequum,0
SO1474,Xanthogramma stackelbergi,0
SO1474,Xylota abiens,0
SO1474,Xylota jakutorum,0
SO1474,Xylota segnis,3
SO1474,Xylota sylvarum,0
SO2568,Anasimyia contracta,0
SO2568,Anasimyia lineata,0
SO2568,Anasimyia transfuga,0
SO2568,Andrena alfkenella,0
SO2568,Andrena angustior,20
SO2568,Andrena bicolor,1
SO2568,Andrena bucephala,0
SO2568,Andrena chrysosceles,1
SO2568,Andrena cineraria,2
SO2568,Andrena coitana,11
SO2568,Andrena denticulata,0
SO2568,Andrena dorsata,0
SO2568,Andrena flavipes,0
SO2568,Andrena fucata,0
SO2568,Andrena fulva,0
SO2568,Andrena haemorrhoa,10
SO2568,Andrena helvola,1
SO2568,Andrena humilis,0
SO2568,Andrena lapponica,0
SO2568,Andrena minutula,2
SO2568,Andrena nigriceps,0
SO2568,Andrena nigroaenea,0
SO2568,Andrena nitida,0
SO2568,Andrena scotica,0
SO2568,Andrena semilaevis,0
SO2568,Andrena subopaca,0
SO2568,Andrena synadelpha,0
SO2568,Andrena tarsata,0
SO2568,Andrena thoracica,0
SO2568,Andrena trimmerana,0
SO2568,Andrena wilkella,0
SO2568,Anthidium manicatum,0
SO2568,Anthophora furcata,0
SO2568,Anthophora plumipes,0
SO2568,Apis mellifera,14
SO2568,Arctophila superbiens,0
SO2568,Bombus barbutellus,0
SO2568,Bombus bohemicus,0
SO2568,Bombus campestris,0
SO2568,Bombus hortorum,7
SO2568,Bombus humilis,0
SO2568,Bombus hypnorum,0
SO2568,Bombus jonellus,0
SO2568,Bombus lapidarius,1
SO2568,Bombus lucorum,10
SO2568,Bombus monticola,0
SO2568,Bombus muscorum,0
SO2568,Bombus pascuorum,7
SO2568,Bombus pratorum,2
SO2568,Bombus ruderarius,0
SO2568,Bombus ruderatus,0
SO2568,Bombus rupestris,0
SO2568,Bombus soroeensis,0
SO2568,Bombus sylvestris,1
SO2568,Bombus terrestris,5
SO2568,Bombus vestalis,0
SO2568,Chalcosyrphus nemorum,0
SO2568,Cheilosia albitarsis,0
SO2568,Cheilosia bergenstammi,0
SO2568,Cheilosia fraterna,0
SO2568,Cheilosia illustrata,0
SO2568,Cheilosia lasiopa,0
SO2568,Cheilosia latifrons,0
SO2568,Cheilosia pagana,0
SO2568,Cheilosia proxima,0
SO2568,Cheilosia soror,0
SO2568,Cheilosia vernalis,0
SO2568,Chelostoma campanularum,0
SO2568,Chrysogaster cemiteriorum,0
SO2568,Chrysogaster virescens,0
SO2568,Chrysotoxum arcuatum,0
SO2568,Chrysotoxum bicinctum,0
SO2568,Chrysotoxum festivum,0
SO2568,Chrysotoxum verralli,0
SO2568,Coelioxys elongata,0
SO2568,Coelioxys inermis,0
SO2568,Colletes similis,0
SO2568,Colletes succinctus,0
SO2568,Dasypoda hirtipes,0
SO2568,Dasysyrphus albostriatus,2
SO2568,Dasysyrphus neovenustus,0
SO2568,Dasysyrphus tricinctus,0
SO2568,Dasysyrphus venustus,0
SO2568,Epistrophe grossulariae,0
SO2568,Episyrphus balteatus,25
SO2568,Eristalinus aeneus,0
SO2568,Eristalinus sepulchralis,0
SO2568,Eristalis abusiva,0
SO2568,Eristalis abusivus,0
SO2568,Eristalis arbustorum,7
SO2568,Eristalis horticola,2
SO2568,Eristalis intricaria,0
SO2568,Eristalis intricarius,0
SO2568,Eristalis nemorum,4
SO2568,Eristalis pertinax,16
SO2568,Eristalis rupium,0
SO2568,Eristalis tenax,13
SO2568,Eucera longicornis,0
SO2568,Eumerus funeralis,0
SO2568,Eumerus ornatus,0
SO2568,Eumerus strigatus,0
SO2568,Eupeodes corollae,1
SO2568,Eupeodes latifasciatus,0
SO2568,Eupeodes luniger,1
SO2568,Ferdinandea cuprea,7
SO2568,Halictus confusus,0
SO2568,Halictus eurygnathus,0
SO2568,Halictus rubicundus,10
SO2568,Halictus tumulorum,24
SO2568,Helophilus hybridus,0
SO2568,Helophilus pendulus,8
SO2568,Helophilus trivittatus,0
SO2568,Hylaeus brevicornis,1
SO2568,Hylaeus communis,1
SO2568,Hylaeus confusus,3
SO2568,Hylaeus dilatatus,0
SO2568,Hylaeus hyalinatus,0
SO2568,Hylaeus pectoralis,0
SO2568,Lasioglossum albipes,20
SO2568,Lasioglossum calceatum,1
SO2568,Lasioglossum cupromicans,0
SO2568,Lasioglossum fratellum,0
SO2568,Lasioglossum fulvicorne,8
SO2568,Lasioglossum laevigatum,27
SO2568,Lasioglossum lativentre,5
SO2568,Lasioglossum leucopus,15
SO2568,Lasioglossum leucozonium,0
SO2568,Lasioglossum malachurum,0
SO2568,Lasioglossum minutissimum,0
SO2568,Lasioglossum morio,11
SO2568,Lasioglossum parvulum,3
SO2568,Lasioglossum pauperatum,0
SO2568,Lasioglossum pauxillum,0
SO2568,Lasioglossum punctatissimum,0
SO2568,Lasioglossum puncticolle,0
SO2568,Lasioglossum quadrinotatum,0
SO2568,Lasioglossum rufitarse,2
SO2568,Lasioglossum smeathmanellum,0
SO2568,Lasioglossum villosulum,7
SO2568,Lasioglossum xanthopus,0
SO2568,Lasioglossum zonulum,1
SO2568,Lejogaster metallina,0
SO2568,Leucozona glaucia,0
SO2568,Leucozona laternaria,0
SO2568,Macropis europaea,0
SO2568,Megachile centuncularis,0
SO2568,Megachile ligniseca,0
SO2568,Megachile versicolor,0
SO2568,Megachile willughbiella,0
SO2568,Melangyna cincta,0
SO2568,Melangyna labiatarum,0
SO2568,Melangyna lasiophthalma,0
SO2568,Melangyna umbellatarum,0
SO2568,Melanogaster aerosa,0
SO2568,Melanogaster hirtella,1
SO2568,Melanostoma form,0
SO2568,Melanostoma mellinum,11
SO2568,Melanostoma scalare,2
SO2568,Meliscaeva auricollis,0
SO2568,Meliscaeva cinctella,0
SO2568,Melitta leporina,0
SO2568,Merodon equestris,0
SO2568,Myathropa florea,10
SO2568,Neoascia geniculata,0
SO2568,Neoascia meticulosa,0
SO2568,Neoascia podagrica,20
SO2568,Neoascia tenur,0
SO2568,Nomada fabriciana,0
SO2568,Nomada flava,1
SO2568,Nomada flavoguttata,0
SO2568,Nomada flavopicta,0
SO2568,Nomada fucata,0
SO2568,Nomada goodeniana,0
SO2568,Nomada lathburiana,0
SO2568,Nomada marshamella,0
SO2568,Nomada obtusifrons,0
SO2568,Nomada panzeri,0
SO2568,Nomada ruficornis,1
SO2568,Nomada striata,0
SO2568,Orthonevra nobilis,0
SO2568,Osmia bicolor,0
SO2568,Osmia bicornis,0
SO2568,Osmia caerulescens,0
SO2568,Osmia leaiana,0
SO2568,Osmia spinulosa,0
SO2568,Panurgus banksianus,0
SO2568,Panurgus calcaratus,0
SO2568,Parasyrphus punctulatus,0
SO2568,Parhelophilus frutetorum,0
SO2568,Parhelophilus versicolor,0
SO2568,Pipiza bimaculata,0
SO2568,Pipizella viduata,0
SO2568,Platycheirus albimanus,6
SO2568,Platycheirus clypeatus,0
SO2568,Platycheirus granditarsus,1
SO2568,Platycheirus manicatus,0
SO2568,Platycheirus nielseni,0
SO2568,Platycheirus peltatus,2
SO2568,Platycheirus ramsarensis,0
SO2568,Platycheirus rosarum,0
SO2568,Platycheirus scutatus,0
SO2568,Platycheirus tarsalis,0
SO2568,Rhingia campestris,15
SO2568,Rhingia rostrata,0
SO2568,Riponnensia splendens,0
SO2568,Scaeva pyrastri,0
SO2568,Scaeva selenitica,0
SO2568,Sericomyia lappona,0
SO2568,Sericomyia silentis,2
SO2568,Sericomyia superbiens,1
SO2568,Sphaerophoria fatarum,0
SO2568,Sphaerophoria interrupta,1
SO2568,Sphaerophoria philanthus,0
SO2568,Sphaerophoria rueppellii,0
SO2568,Sphaerophoria scripta,0
SO2568,Sphaerophoria taeniata,0
SO2568,Sphecodes crassus,0
SO2568,Sphecodes ephippius,1
SO2568,Sphecodes ferruginatus,0
SO2568,Sphecodes geoffrellus,1
SO2568,Sphecodes monilicornis,0
SO2568,Sphecodes niger,0
SO2568,Sphegina clunipes,0
SO2568,Syritta pipiens,5
SO2568,Syrphus rectus,2
SO2568,Syrphus ribesii,16
SO2568,Syrphus torvus,0
SO2568,Syrphus vitripennis,14
SO2568,Tropidia scita,0
SO2568,Volucella bombylans,2
SO2568,Volucella inanis,0
SO2568,Volucella inflata,0
SO2568,Volucella pellucens,1
SO2568,Xanthogramma pedissequum,0
SO2568,Xanthogramma stackelbergi,0
SO2568,Xylota abiens,0
SO2568,Xylota jakutorum,0
SO2568,Xylota segnis,20
SO2568,Xylota sylvarum,0
SO3129,Anasimyia contracta,0
SO3129,Anasimyia lineata,0
SO3129,Anasimyia transfuga,0
SO3129,Andrena alfkenella,0
SO3129,Andrena angustior,0
SO3129,Andrena bicolor,0
SO3129,Andrena bucephala,0
SO3129,Andrena chrysosceles,0
SO3129,Andrena cineraria,1
SO3129,Andrena coitana,0
SO3129,Andrena denticulata,0
SO3129,Andrena dorsata,0
SO3129,Andrena flavipes,0
SO3129,Andrena fucata,0
SO3129,Andrena fulva,1
SO3129,Andrena haemorrhoa,3
SO3129,Andrena helvola,0
SO3129,Andrena humilis,0
SO3129,Andrena lapponica,0
SO3129,Andrena minutula,0
SO3129,Andrena nigriceps,0
SO3129,Andrena nigroaenea,0
SO3129,Andrena nitida,0
SO3129,Andrena scotica,0
SO3129,Andrena semilaevis,0
SO3129,Andrena subopaca,0
SO3129,Andrena synadelpha,0
SO3129,Andrena tarsata,0
SO3129,Andrena thoracica,0
SO3129,Andrena trimmerana,0
SO3129,Andrena wilkella,0
SO3129,Anthidium manicatum,0
SO3129,Anthophora furcata,0
SO3129,Anthophora plumipes,0
SO3129,Apis mellifera,32
SO3129,Arctophila superbiens,0
SO3129,Bombus barbutellus,0
SO3129,Bombus bohemicus,0
SO3129,Bombus campestris,1
SO3129,Bombus hortorum,4
SO3129,Bombus humilis,0
SO3129,Bombus hypnorum,0
SO3129,Bombus jonellus,0
SO3129,Bombus lapidarius,1
SO3129,Bombus lucorum,10
SO3129,Bombus monticola,0
SO3129,Bombus muscorum,0
SO3129,Bombus pascuorum,9
SO3129,Bombus pratorum,0
SO3129,Bombus ruderarius,1
SO3129,Bombus ruderatus,0
SO3129,Bombus rupestris,0
SO3129,Bombus soroeensis,0
SO3129,Bombus sylvestris,1
SO3129,Bombus terrestris,0
SO3129,Bombus vestalis,0
SO3129,Chalcosyrphus nemorum,0
SO3129,Cheilosia albitarsis,1
SO3129,Cheilosia bergenstammi,0
SO3129,Cheilosia fraterna,0
SO3129,Cheilosia illustrata,0
SO3129,Cheilosia lasiopa,0
SO3129,Cheilosia latifrons,0
SO3129,Cheilosia pagana,0
SO3129,Cheilosia proxima,0
SO3129,Cheilosia soror,0
SO3129,Cheilosia vernalis,0
SO3129,Chelostoma campanularum,0
SO3129,Chrysogaster cemiteriorum,0
SO3129,Chrysogaster virescens,0
SO3129,Chrysotoxum arcuatum,0
SO3129,Chrysotoxum bicinctum,1
SO3129,Chrysotoxum festivum,0
SO3129,Chrysotoxum verralli,0
SO3129,Coelioxys elongata,0
SO3129,Coelioxys inermis,0
SO3129,Colletes similis,0
SO3129,Colletes succinctus,0
SO3129,Dasypoda hirtipes,0
SO3129,Dasysyrphus albostriatus,0
SO3129,Dasysyrphus neovenustus,0
SO3129,Dasysyrphus tricinctus,0
SO3129,Dasysyrphus venustus,0
SO3129,Epistrophe grossulariae,0
SO3129,Episyrphus balteatus,1
SO3129,Eristalinus aeneus,0
SO3129,Eristalinus sepulchralis,0
SO3129,Eristalis abusiva,0
SO3129,Eristalis abusivus,0
SO3129,Eristalis arbustorum,3
SO3129,Eristalis horticola,0
SO3129,Eristalis intricaria,0
SO3129,Eristalis intricarius,0
SO3129,Eristalis nemorum,1
SO3129,Eristalis pertinax,0
SO3129,Eristalis rupium,0
SO3129,Eristalis tenax,2
SO3129,Eucera longicornis,0
SO3129,Eumerus funeralis,0
SO3129,Eumerus ornatus,0
SO3129,Eumerus strigatus,0
SO3129,Eupeodes corollae,1
SO3129,Eupeodes latifasciatus,0
SO3129,Eupeodes luniger,0
SO3129,Ferdinandea cuprea,7
SO3129,Halictus confusus,0
SO3129,Halictus eurygnathus,0
SO3129,Halictus rubicundus,0
SO3129,Halictus tumulorum,3
SO3129,Helophilus hybridus,1
SO3129,Helophilus pendulus,0
SO3129,Helophilus trivittatus,0
SO3129,Hylaeus brevicornis,0
SO3129,Hylaeus communis,0
SO3129,Hylaeus confusus,0
SO3129,Hylaeus dilatatus,0
SO3129,Hylaeus hyalinatus,0
SO3129,Hylaeus pectoralis,0
SO3129,Lasioglossum albipes,0
SO3129,Lasioglossum calceatum,1
SO3129,Lasioglossum cupromicans,0
SO3129,Lasioglossum fratellum,0
SO3129,Lasioglossum fulvicorne,0
SO3129,Lasioglossum laevigatum,2
SO3129,Lasioglossum lativentre,2
SO3129,Lasioglossum leucopus,1
SO3129,Lasioglossum leucozonium,5
SO3129,Lasioglossum malachurum,0
SO3129,Lasioglossum minutissimum,0
SO3129,Lasioglossum morio,1
SO3129,Lasioglossum parvulum,0
SO3129,Lasioglossum pauperatum,0
SO3129,Lasioglossum pauxillum,0
SO3129,Lasioglossum punctatissimum,0
SO3129,Lasioglossum puncticolle,0
SO3129,Lasioglossum quadrinotatum,0
SO3129,Lasioglossum rufitarse,0
SO3129,Lasioglossum smeathmanellum,4
SO3129,Lasioglossum villosulum,1
SO3129,Lasioglossum xanthopus,0
SO3129,Lasioglossum zonulum,16
SO3129,Lejogaster metallina,0
SO3129,Leucozona glaucia,0
SO3129,Leucozona laternaria,0
SO3129,Macropis europaea,0
SO3129,Megachile centuncularis,0
SO3129,Megachile ligniseca,1
SO3129,Megachile versicolor,0
SO3129,Megachile willughbiella,0
SO3129,Melangyna cincta,0
SO3129,Melangyna labiatarum,0
SO3129,Melangyna lasiophthalma,0
SO3129,Melangyna umbellatarum,0
SO3129,Melanogaster aerosa,0
SO3129,Melanogaster hirtella,0
SO3129,Melanostoma form,0
SO3129,Melanostoma mellinum,0
SO3129,Melanostoma scalare,0
SO3129,Meliscaeva auricollis,0
SO3129,Meliscaeva cinctella,1
SO3129,Melitta leporina,0
SO3129,Merodon equestris,0
SO3129,Myathropa florea,1
SO3129,Neoascia geniculata,0
SO3129,Neoascia meticulosa,0
SO3129,Neoascia podagrica,18
SO3129,Neoascia tenur,0
SO3129,Nomada fabriciana,2
SO3129,Nomada flava,0
SO3129,Nomada flavoguttata,2
SO3129,Nomada flavopicta,1
SO3129,Nomada fucata,0
SO3129,Nomada goodeniana,0
SO3129,Nomada lathburiana,0
SO3129,Nomada marshamella,0
SO3129,Nomada obtusifrons,0
SO3129,Nomada panzeri,1
SO3129,Nomada ruficornis,0
SO3129,Nomada striata,0
SO3129,Orthonevra nobilis,0
SO3129,Osmia bicolor,0
SO3129,Osmia bicornis,0
SO3129,Osmia caerulescens,0
SO3129,Osmia leaiana,0
SO3129,Osmia spinulosa,0
SO3129,Panurgus banksianus,0
SO3129,Panurgus calcaratus,0
SO3129,Parasyrphus punctulatus,0
SO3129,Parhelophilus frutetorum,0
SO3129,Parhelophilus versicolor,0
SO3129,Pipiza bimaculata,0
SO3129,Pipizella viduata,0
SO3129,Platycheirus albimanus,0
SO3129,Platycheirus clypeatus,0
SO3129,Platycheirus granditarsus,1
SO3129,Platycheirus manicatus,0
SO3129,Platycheirus nielseni,0
SO3129,Platycheirus peltatus,0
SO3129,Platycheirus ramsarensis,0
SO3129,Platycheirus rosarum,0
SO3129,Platycheirus scutatus,0
SO3129,Platycheirus tarsalis,0
SO3129,Rhingia campestris,29
SO3129,Rhingia rostrata,0
SO3129,Riponnensia splendens,0
SO3129,Scaeva pyrastri,0
SO3129,Scaeva selenitica,0
SO3129,Sericomyia lappona,0
SO3129,Sericomyia silentis,0
SO3129,Sericomyia superbiens,1
SO3129,Sphaerophoria fatarum,0
SO3129,Sphaerophoria interrupta,0
SO3129,Sphaerophoria philanthus,0
SO3129,Sphaerophoria rueppellii,0
SO3129,Sphaerophoria scripta,1
SO3129,Sphaerophoria taeniata,0
SO3129,Sphecodes crassus,0
SO3129,Sphecodes ephippius,0
SO3129,Sphecodes ferruginatus,0
SO3129,Sphecodes geoffrellus,0
SO3129,Sphecodes monilicornis,0
SO3129,Sphecodes niger,0
SO3129,Sphegina clunipes,0
SO3129,Syritta pipiens,0
SO3129,Syrphus rectus,1
SO3129,Syrphus ribesii,3
SO3129,Syrphus torvus,0
SO3129,Syrphus vitripennis,0
SO3129,Tropidia scita,0
SO3129,Volucella bombylans,0
SO3129,Volucella inanis,0
SO3129,Volucella inflata,0
SO3129,Volucella pellucens,0
SO3129,Xanthogramma pedissequum,0
SO3129,Xanthogramma stackelbergi,0
SO3129,Xylota abiens,0
SO3129,Xylota jakutorum,0
SO3129,Xylota segnis,5
SO3129,Xylota sylvarum,0
SO4718,Anasimyia contracta,0
SO4718,Anasimyia lineata,0
SO4718,Anasimyia transfuga,0
SO4718,Andrena alfkenella,0
SO4718,Andrena angustior,0
SO4718,Andrena bicolor,0
SO4718,Andrena bucephala,2
SO4718,Andrena chrysosceles,1
SO4718,Andrena cineraria,1
SO4718,Andrena coitana,0
SO4718,Andrena denticulata,0
SO4718,Andrena dorsata,0
SO4718,Andrena flavipes,1
SO4718,Andrena fucata,0
SO4718,Andrena fulva,0
SO4718,Andrena haemorrhoa,8
SO4718,Andrena helvola,4
SO4718,Andrena humilis,0
SO4718,Andrena lapponica,0
SO4718,Andrena minutula,0
SO4718,Andrena nigriceps,0
SO4718,Andrena nigroaenea,1
SO4718,Andrena nitida,2
SO4718,Andrena scotica,3
SO4718,Andrena semilaevis,0
SO4718,Andrena subopaca,0
SO4718,Andrena synadelpha,0
SO4718,Andrena tarsata,0
SO4718,Andrena thoracica,0
SO4718,Andrena trimmerana,0
SO4718,Andrena wilkella,0
SO4718,Anthidium manicatum,0
SO4718,Anthophora furcata,0
SO4718,Anthophora plumipes,0
SO4718,Apis mellifera,17
SO4718,Arctophila superbiens,0
SO4718,Bombus barbutellus,0
SO4718,Bombus bohemicus,0
SO4718,Bombus campestris,0
SO4718,Bombus hortorum,2
SO4718,Bombus humilis,0
SO4718,Bombus hypnorum,0
SO4718,Bombus jonellus,0
SO4718,Bombus lapidarius,9
SO4718,Bombus lucorum,2
SO4718,Bombus monticola,0
SO4718,Bombus muscorum,0
SO4718,Bombus pascuorum,8
SO4718,Bombus pratorum,0
SO4718,Bombus ruderarius,0
SO4718,Bombus ruderatus,0
SO4718,Bombus rupestris,0
SO4718,Bombus soroeensis,0
SO4718,Bombus sylvestris,0
SO4718,Bombus terrestris,2
SO4718,Bombus vestalis,0
SO4718,Chalcosyrphus nemorum,0
SO4718,Cheilosia albitarsis,0
SO4718,Cheilosia bergenstammi,0
SO4718,Cheilosia fraterna,0
SO4718,Cheilosia illustrata,0
SO4718,Cheilosia lasiopa,0
SO4718,Cheilosia latifrons,0
SO4718,Cheilosia pagana,0
SO4718,Cheilosia proxima,0
SO4718,Cheilosia soror,0
SO4718,Cheilosia vernalis,0
SO4718,Chelostoma campanularum,0
SO4718,Chrysogaster cemiteriorum,0
SO4718,Chrysogaster virescens,0
SO4718,Chrysotoxum arcuatum,0
SO4718,Chrysotoxum bicinctum,0
SO4718,Chrysotoxum festivum,0
SO4718,Chrysotoxum verralli,0
SO4718,Coelioxys elongata,0
SO4718,Coelioxys inermis,0
SO4718,Colletes similis,0
SO4718,Colletes succinctus,0
SO4718,Dasypoda hirtipes,0
SO4718,Dasysyrphus albostriatus,0
SO4718,Dasysyrphus neovenustus,0
SO4718,Dasysyrphus tricinctus,0
SO4718,Dasysyrphus venustus,0
SO4718,Epistrophe grossulariae,0
SO4718,Episyrphus balteatus,0
SO4718,Eristalinus aeneus,0
SO4718,Eristalinus sepulchralis,0
SO4718,Eristalis abusiva,0
SO4718,Eristalis abusivus,0
SO4718,Eristalis arbustorum,4
SO4718,Eristalis horticola,0
SO4718,Eristalis intricaria,0
SO4718,Eristalis intricarius,0
SO4718,Eristalis nemorum,0
SO4718,Eristalis pertinax,1
SO4718,Eristalis rupium,0
SO4718,Eristalis tenax,2
SO4718,Eucera longicornis,1
SO4718,Eumerus funeralis,0
SO4718,Eumerus ornatus,0
SO4718,Eumerus strigatus,0
SO4718,Eupeodes corollae,0
SO4718,Eupeodes latifasciatus,2
SO4718,Eupeodes luniger,0
SO4718,Ferdinandea cuprea,12
SO4718,Halictus confusus,0
SO4718,Halictus eurygnathus,0
SO4718,Halictus rubicundus,0
SO4718,Halictus tumulorum,4
SO4718,Helophilus hybridus,0
SO4718,Helophilus pendulus,0
SO4718,Helophilus trivittatus,0
SO4718,Hylaeus brevicornis,0
SO4718,Hylaeus communis,0
SO4718,Hylaeus confusus,0
SO4718,Hylaeus dilatatus,0
SO4718,Hylaeus hyalinatus,0
SO4718,Hylaeus pectoralis,0
SO4718,Lasioglossum albipes,0
SO4718,Lasioglossum calceatum,6
SO4718,Lasioglossum cupromicans,0
SO4718,Lasioglossum fratellum,0
SO4718,Lasioglossum fulvicorne,0
SO4718,Lasioglossum laevigatum,2
SO4718,Lasioglossum lativentre,6
SO4718,Lasioglossum leucopus,0
SO4718,Lasioglossum leucozonium,7
SO4718,Lasioglossum malachurum,14
SO4718,Lasioglossum minutissimum,0
SO4718,Lasioglossum morio,1
SO4718,Lasioglossum parvulum,0
SO4718,Lasioglossum pauperatum,0
SO4718,Lasioglossum pauxillum,1
SO4718,Lasioglossum punctatissimum,0
SO4718,Lasioglossum puncticolle,0
SO4718,Lasioglossum quadrinotatum,0
SO4718,Lasioglossum rufitarse,0
SO4718,Lasioglossum smeathmanellum,5
SO4718,Lasioglossum villosulum,0
SO4718,Lasioglossum xanthopus,0
SO4718,Lasioglossum zonulum,2
SO4718,Lejogaster metallina,0
SO4718,Leucozona glaucia,0
SO4718,Leucozona laternaria,0
SO4718,Macropis europaea,0
SO4718,Megachile centuncularis,0
SO4718,Megachile ligniseca,0
SO4718,Megachile versicolor,0
SO4718,Megachile willughbiella,0
SO4718,Melangyna cincta,0
SO4718,Melangyna labiatarum,0
SO4718,Melangyna lasiophthalma,0
SO4718,Melangyna umbellatarum,0
SO4718,Melanogaster aerosa,0
SO4718,Melanogaster hirtella,0
SO4718,Melanostoma form,0
SO4718,Melanostoma mellinum,2
SO4718,Melanostoma scalare,0
SO4718,Meliscaeva auricollis,0
SO4718,Meliscaeva cinctella,0
SO4718,Melitta leporina,0
SO4718,Merodon equestris,0
SO4718,Myathropa florea,0
SO4718,Neoascia geniculata,0
SO4718,Neoascia meticulosa,0
SO4718,Neoascia podagrica,0
SO4718,Neoascia tenur,0
SO4718,Nomada fabriciana,0
SO4718,Nomada flava,0
SO4718,Nomada flavoguttata,0
SO4718,Nomada flavopicta,2
SO4718,Nomada fucata,0
SO4718,Nomada goodeniana,0
SO4718,Nomada lathburiana,0
SO4718,Nomada marshamella,0
SO4718,Nomada obtusifrons,0
SO4718,Nomada panzeri,0
SO4718,Nomada ruficornis,1
SO4718,Nomada striata,0
SO4718,Orthonevra nobilis,0
SO4718,Osmia bicolor,0
SO4718,Osmia bicornis,0
SO4718,Osmia caerulescens,0
SO4718,Osmia leaiana,0
SO4718,Osmia spinulosa,0
SO4718,Panurgus banksianus,0
SO4718,Panurgus calcaratus,0
SO4718,Parasyrphus punctulatus,0
SO4718,Parhelophilus frutetorum,0
SO4718,Parhelophilus versicolor,0
SO4718,Pipiza bimaculata,0
SO4718,Pipizella viduata,0
SO4718,Platycheirus albimanus,0
SO4718,Platycheirus clypeatus,0
SO4718,Platycheirus granditarsus,0
SO4718,Platycheirus manicatus,0
SO4718,Platycheirus nielseni,0
SO4718,Platycheirus peltatus,0
SO4718,Platycheirus ramsarensis,0
SO4718,Platycheirus rosarum,0
SO4718,Platycheirus scutatus,0
SO4718,Platycheirus tarsalis,0
SO4718,Rhingia campestris,7
SO4718,Rhingia rostrata,0
SO4718,Riponnensia splendens,0
SO4718,Scaeva pyrastri,0
SO4718,Scaeva selenitica,0
SO4718,Sericomyia lappona,0
SO4718,Sericomyia silentis,0
SO4718,Sericomyia superbiens,0
SO4718,Sphaerophoria fatarum,0
SO4718,Sphaerophoria interrupta,0
SO4718,Sphaerophoria philanthus,0
SO4718,Sphaerophoria rueppellii,0
SO4718,Sphaerophoria scripta,0
SO4718,Sphaerophoria taeniata,0
SO4718,Sphecodes crassus,0
SO4718,Sphecodes ephippius,0
SO4718,Sphecodes ferruginatus,0
SO4718,Sphecodes geoffrellus,0
SO4718,Sphecodes monilicornis,1
SO4718,Sphecodes niger,0
SO4718,Sphegina clunipes,0
SO4718,Syritta pipiens,1
SO4718,Syrphus rectus,0
SO4718,Syrphus ribesii,0
SO4718,Syrphus torvus,0
SO4718,Syrphus vitripennis,0
SO4718,Tropidia scita,0
SO4718,Volucella bombylans,0
SO4718,Volucella inanis,0
SO4718,Volucella inflata,0
SO4718,Volucella pellucens,0
SO4718,Xanthogramma pedissequum,2
SO4718,Xanthogramma stackelbergi,0
SO4718,Xylota abiens,0
SO4718,Xylota jakutorum,0
SO4718,Xylota segnis,0
SO4718,Xylota sylvarum,0
SO6087,Anasimyia contracta,0
SO6087,Anasimyia lineata,0
SO6087,Anasimyia transfuga,0
SO6087,Andrena alfkenella,0
SO6087,Andrena angustior,6
SO6087,Andrena bicolor,5
SO6087,Andrena bucephala,0
SO6087,Andrena chrysosceles,1
SO6087,Andrena cineraria,1
SO6087,Andrena coitana,2
SO6087,Andrena denticulata,0
SO6087,Andrena dorsata,2
SO6087,Andrena flavipes,0
SO6087,Andrena fucata,1
SO6087,Andrena fulva,1
SO6087,Andrena haemorrhoa,3
SO6087,Andrena helvola,1
SO6087,Andrena humilis,0
SO6087,Andrena lapponica,0
SO6087,Andrena minutula,1
SO6087,Andrena nigriceps,0
SO6087,Andrena nigroaenea,1
SO6087,Andrena nitida,8
SO6087,Andrena scotica,0
SO6087,Andrena semilaevis,0
SO6087,Andrena subopaca,0
SO6087,Andrena synadelpha,0
SO6087,Andrena tarsata,0
SO6087,Andrena thoracica,0
SO6087,Andrena trimmerana,0
SO6087,Andrena wilkella,0
SO6087,Anthidium manicatum,0
SO6087,Anthophora furcata,0
SO6087,Anthophora plumipes,0
SO6087,Apis mellifera,64
SO6087,Arctophila superbiens,0
SO6087,Bombus barbutellus,0
SO6087,Bombus bohemicus,0
SO6087,Bombus campestris,0
SO6087,Bombus hortorum,8
SO6087,Bombus humilis,0
SO6087,Bombus hypnorum,1
SO6087,Bombus jonellus,0
SO6087,Bombus lapidarius,11
SO6087,Bombus lucorum,56
SO6087,Bombus monticola,0
SO6087,Bombus muscorum,0
SO6087,Bombus pascuorum,17
SO6087,Bombus pratorum,3
SO6087,Bombus ruderarius,0
SO6087,Bombus ruderatus,0
SO6087,Bombus rupestris,5
SO6087,Bombus soroeensis,0
SO6087,Bombus sylvestris,5
SO6087,Bombus terrestris,11
SO6087,Bombus vestalis,4
SO6087,Chalcosyrphus nemorum,0
SO6087,Cheilosia albitarsis,1
SO6087,Cheilosia bergenstammi,0
SO6087,Cheilosia fraterna,0
SO6087,Cheilosia illustrata,0
SO6087,Cheilosia lasiopa,0
SO6087,Cheilosia latifrons,0
SO6087,Cheilosia pagana,0
SO6087,Cheilosia proxima,0
SO6087,Cheilosia soror,0
SO6087,Cheilosia vernalis,1
SO6087,Chelostoma campanularum,0
SO6087,Chrysogaster cemiteriorum,0
SO6087,Chrysogaster virescens,0
SO6087,Chrysotoxum arcuatum,0
SO6087,Chrysotoxum bicinctum,0
SO6087,Chrysotoxum festivum,0
SO6087,Chrysotoxum verralli,1
SO6087,Coelioxys elongata,0
SO6087,Coelioxys inermis,0
SO6087,Colletes similis,0
SO6087,Colletes succinctus,0
SO6087,Dasypoda hirtipes,0
SO6087,Dasysyrphus albostriatus,1
SO6087,Dasysyrphus neovenustus,0
SO6087,Dasysyrphus tricinctus,0
SO6087,Dasysyrphus venustus,0
SO6087,Epistrophe grossulariae,0
SO6087,Episyrphus balteatus,31
SO6087,Eristalinus aeneus,0
SO6087,Eristalinus sepulchralis,0
SO6087,Eristalis abusiva,0
SO6087,Eristalis abusivus,0
SO6087,Eristalis arbustorum,14
SO6087,Eristalis horticola,0
SO6087,Eristalis intricaria,0
SO6087,Eristalis intricarius,0
SO6087,Eristalis nemorum,2
SO6087,Eristalis pertinax,6
SO6087,Eristalis rupium,0
SO6087,Eristalis tenax,12
SO6087,Eucera longicornis,0
SO6087,Eumerus funeralis,0
SO6087,Eumerus ornatus,0
SO6087,Eumerus strigatus,0
SO6087,Eupeodes corollae,4
SO6087,Eupeodes latifasciatus,13
SO6087,Eupeodes luniger,2
SO6087,Ferdinandea cuprea,2
SO6087,Halictus confusus,0
SO6087,Halictus eurygnathus,0
SO6087,Halictus rubicundus,4
SO6087,Halictus tumulorum,7
SO6087,Helophilus hybridus,0
SO6087,Helophilus pendulus,11
SO6087,Helophilus trivittatus,0
SO6087,Hylaeus brevicornis,0
SO6087,Hylaeus communis,1
SO6087,Hylaeus confusus,0
SO6087,Hylaeus dilatatus,0
SO6087,Hylaeus hyalinatus,0
SO6087,Hylaeus pectoralis,0
SO6087,Lasioglossum albipes,5
SO6087,Lasioglossum calceatum,17
SO6087,Lasioglossum cupromicans,2
SO6087,Lasioglossum fratellum,0
SO6087,Lasioglossum fulvicorne,1
SO6087,Lasioglossum laevigatum,0
SO6087,Lasioglossum lativentre,17
SO6087,Lasioglossum leucopus,2
SO6087,Lasioglossum leucozonium,2
SO6087,Lasioglossum malachurum,0
SO6087,Lasioglossum minutissimum,0
SO6087,Lasioglossum morio,0
SO6087,Lasioglossum parvulum,0
SO6087,Lasioglossum pauperatum,0
SO6087,Lasioglossum pauxillum,0
SO6087,Lasioglossum punctatissimum,0
SO6087,Lasioglossum puncticolle,0
SO6087,Lasioglossum quadrinotatum,0
SO6087,Lasioglossum rufitarse,0
SO6087,Lasioglossum smeathmanellum,0
SO6087,Lasioglossum villosulum,0
SO6087,Lasioglossum xanthopus,0
SO6087,Lasioglossum zonulum,0
SO6087,Lejogaster metallina,0
SO6087,Leucozona glaucia,0
SO6087,Leucozona laternaria,0
SO6087,Macropis europaea,0
SO6087,Megachile centuncularis,0
SO6087,Megachile ligniseca,1
SO6087,Megachile versicolor,0
SO6087,Megachile willughbiella,0
SO6087,Melangyna cincta,0
SO6087,Melangyna labiatarum,0
SO6087,Melangyna lasiophthalma,0
SO6087,Melangyna umbellatarum,0
SO6087,Melanogaster aerosa,0
SO6087,Melanogaster hirtella,2
SO6087,Melanostoma form,0
SO6087,Melanostoma mellinum,5
SO6087,Melanostoma scalare,3
SO6087,Meliscaeva auricollis,0
SO6087,Meliscaeva cinctella,1
SO6087,Melitta leporina,0
SO6087,Merodon equestris,0
SO6087,Myathropa florea,2
SO6087,Neoascia geniculata,0
SO6087,Neoascia meticulosa,0
SO6087,Neoascia podagrica,21
SO6087,Neoascia tenur,0
SO6087,Nomada fabriciana,1
SO6087,Nomada flava,0
SO6087,Nomada flavoguttata,0
SO6087,Nomada flavopicta,0
SO6087,Nomada fucata,0
SO6087,Nomada goodeniana,1
SO6087,Nomada lathburiana,1
SO6087,Nomada marshamella,0
SO6087,Nomada obtusifrons,0
SO6087,Nomada panzeri,1
SO6087,Nomada ruficornis,0
SO6087,Nomada striata,0
SO6087,Orthonevra nobilis,0
SO6087,Osmia bicolor,0
SO6087,Osmia bicornis,0
SO6087,Osmia caerulescens,0
SO6087,Osmia leaiana,0
SO6087,Osmia spinulosa,0
SO6087,Panurgus banksianus,0
SO6087,Panurgus calcaratus,0
SO6087,Parasyrphus punctulatus,0
SO6087,Parhelophilus frutetorum,0
SO6087,Parhelophilus versicolor,0
SO6087,Pipiza bimaculata,0
SO6087,Pipizella viduata,0
SO6087,Platycheirus albimanus,4
SO6087,Platycheirus clypeatus,0
SO6087,Platycheirus granditarsus,2
SO6087,Platycheirus manicatus,0
SO6087,Platycheirus nielseni,0
SO6087,Platycheirus peltatus,0
SO6087,Platycheirus ramsarensis,0
SO6087,Platycheirus rosarum,0
SO6087,Platycheirus scutatus,0
SO6087,Platycheirus tarsalis,0
SO6087,Rhingia campestris,7
SO6087,Rhingia rostrata,0
SO6087,Riponnensia splendens,0
SO6087,Scaeva pyrastri,3
SO6087,Scaeva selenitica,0
SO6087,Sericomyia lappona,0
SO6087,Sericomyia silentis,2
SO6087,Sericomyia superbiens,0
SO6087,Sphaerophoria fatarum,0
SO6087,Sphaerophoria interrupta,0
SO6087,Sphaerophoria philanthus,0
SO6087,Sphaerophoria rueppellii,0
SO6087,Sphaerophoria scripta,0
SO6087,Sphaerophoria taeniata,0
SO6087,Sphecodes crassus,0
SO6087,Sphecodes ephippius,0
SO6087,Sphecodes ferruginatus,0
SO6087,Sphecodes geoffrellus,0
SO6087,Sphecodes monilicornis,0
SO6087,Sphecodes niger,0
SO6087,Sphegina clunipes,0
SO6087,Syritta pipiens,2
SO6087,Syrphus rectus,0
SO6087,Syrphus ribesii,25
SO6087,Syrphus torvus,1
SO6087,Syrphus vitripennis,2
SO6087,Tropidia scita,0
SO6087,Volucella bombylans,2
SO6087,Volucella inanis,0
SO6087,Volucella inflata,0
SO6087,Volucella pellucens,1
SO6087,Xanthogramma pedissequum,0
SO6087,Xanthogramma stackelbergi,0
SO6087,Xylota abiens,0
SO6087,Xylota jakutorum,7
SO6087,Xylota segnis,13
SO6087,Xylota sylvarum,0
SO8911,Anasimyia contracta,0
SO8911,Anasimyia lineata,0
SO8911,Anasimyia transfuga,0
SO8911,Andrena alfkenella,0
SO8911,Andrena angustior,0
SO8911,Andrena bicolor,1
SO8911,Andrena bucephala,5
SO8911,Andrena chrysosceles,3
SO8911,Andrena cineraria,0
SO8911,Andrena coitana,0
SO8911,Andrena denticulata,0
SO8911,Andrena dorsata,1
SO8911,Andrena flavipes,0
SO8911,Andrena fucata,0
SO8911,Andrena fulva,0
SO8911,Andrena haemorrhoa,1
SO8911,Andrena helvola,0
SO8911,Andrena humilis,0
SO8911,Andrena lapponica,0
SO8911,Andrena minutula,0
SO8911,Andrena nigriceps,0
SO8911,Andrena nigroaenea,0
SO8911,Andrena nitida,0
SO8911,Andrena scotica,0
SO8911,Andrena semilaevis,0
SO8911,Andrena subopaca,0
SO8911,Andrena synadelpha,0
SO8911,Andrena tarsata,0
SO8911,Andrena thoracica,0
SO8911,Andrena trimmerana,0
SO8911,Andrena wilkella,0
SO8911,Anthidium manicatum,0
SO8911,Anthophora furcata,0
SO8911,Anthophora plumipes,0
SO8911,Apis mellifera,3
SO8911,Arctophila superbiens,0
SO8911,Bombus barbutellus,0
SO8911,Bombus bohemicus,0
SO8911,Bombus campestris,0
SO8911,Bombus hortorum,9
SO8911,Bombus humilis,0
SO8911,Bombus hypnorum,1
SO8911,Bombus jonellus,0
SO8911,Bombus lapidarius,9
SO8911,Bombus lucorum,8
SO8911,Bombus monticola,0
SO8911,Bombus muscorum,0
SO8911,Bombus pascuorum,8
SO8911,Bombus pratorum,5
SO8911,Bombus ruderarius,0
SO8911,Bombus ruderatus,0
SO8911,Bombus rupestris,0
SO8911,Bombus soroeensis,0
SO8911,Bombus sylvestris,1
SO8911,Bombus terrestris,5
SO8911,Bombus vestalis,0
SO8911,Chalcosyrphus nemorum,0
SO8911,Cheilosia albitarsis,2
SO8911,Cheilosia bergenstammi,0
SO8911,Cheilosia fraterna,0
SO8911,Cheilosia illustrata,0
SO8911,Cheilosia lasiopa,0
SO8911,Cheilosia latifrons,0
SO8911,Cheilosia pagana,0
SO8911,Cheilosia proxima,0
SO8911,Cheilosia soror,0
SO8911,Cheilosia vernalis,0
SO8911,Chelostoma campanularum,0
SO8911,Chrysogaster cemiteriorum,0
SO8911,Chrysogaster virescens,0
SO8911,Chrysotoxum arcuatum,0
SO8911,Chrysotoxum bicinctum,1
SO8911,Chrysotoxum festivum,0
SO8911,Chrysotoxum verralli,0
SO8911,Coelioxys elongata,0
SO8911,Coelioxys inermis,0
SO8911,Colletes similis,0
SO8911,Colletes succinctus,0
SO8911,Dasypoda hirtipes,0
SO8911,Dasysyrphus albostriatus,0
SO8911,Dasysyrphus neovenustus,0
SO8911,Dasysyrphus tricinctus,0
SO8911,Dasysyrphus venustus,0
SO8911,Epistrophe grossulariae,0
SO8911,Episyrphus balteatus,4
SO8911,Eristalinus aeneus,0
SO8911,Eristalinus sepulchralis,0
SO8911,Eristalis abusiva,0
SO8911,Eristalis abusivus,0
SO8911,Eristalis arbustorum,0
SO8911,Eristalis horticola,0
SO8911,Eristalis intricaria,0
SO8911,Eristalis intricarius,0
SO8911,Eristalis nemorum,1
SO8911,Eristalis pertinax,0
SO8911,Eristalis rupium,0
SO8911,Eristalis tenax,3
SO8911,Eucera longicornis,0
SO8911,Eumerus funeralis,0
SO8911,Eumerus ornatus,0
SO8911,Eumerus strigatus,0
SO8911,Eupeodes corollae,0
SO8911,Eupeodes latifasciatus,6
SO8911,Eupeodes luniger,0
SO8911,Ferdinandea cuprea,4
SO8911,Halictus confusus,0
SO8911,Halictus eurygnathus,0
SO8911,Halictus rubicundus,2
SO8911,Halictus tumulorum,2
SO8911,Helophilus hybridus,0
SO8911,Helophilus pendulus,0
SO8911,Helophilus trivittatus,0
SO8911,Hylaeus brevicornis,0
SO8911,Hylaeus communis,2
SO8911,Hylaeus confusus,0
SO8911,Hylaeus dilatatus,0
SO8911,Hylaeus hyalinatus,0
SO8911,Hylaeus pectoralis,0
SO8911,Lasioglossum albipes,1
SO8911,Lasioglossum calceatum,32
SO8911,Lasioglossum cupromicans,0
SO8911,Lasioglossum fratellum,0
SO8911,Lasioglossum fulvicorne,10
SO8911,Lasioglossum laevigatum,0
SO8911,Lasioglossum lativentre,1
SO8911,Lasioglossum leucopus,0
SO8911,Lasioglossum leucozonium,1
SO8911,Lasioglossum malachurum,1
SO8911,Lasioglossum minutissimum,0
SO8911,Lasioglossum morio,3
SO8911,Lasioglossum parvulum,0
SO8911,Lasioglossum pauperatum,0
SO8911,Lasioglossum pauxillum,0
SO8911,Lasioglossum punctatissimum,0
SO8911,Lasioglossum puncticolle,0
SO8911,Lasioglossum quadrinotatum,0
SO8911,Lasioglossum rufitarse,0
SO8911,Lasioglossum smeathmanellum,0
SO8911,Lasioglossum villosulum,1
SO8911,Lasioglossum xanthopus,0
SO8911,Lasioglossum zonulum,0
SO8911,Lejogaster metallina,0
SO8911,Leucozona glaucia,0
SO8911,Leucozona laternaria,0
SO8911,Macropis europaea,0
SO8911,Megachile centuncularis,0
SO8911,Megachile ligniseca,0
SO8911,Megachile versicolor,2
SO8911,Megachile willughbiella,0
SO8911,Melangyna cincta,0
SO8911,Melangyna labiatarum,0
SO8911,Melangyna lasiophthalma,0
SO8911,Melangyna umbellatarum,0
SO8911,Melanogaster aerosa,0
SO8911,Melanogaster hirtella,0
SO8911,Melanostoma form,0
SO8911,Melanostoma mellinum,2
SO8911,Melanostoma scalare,0
SO8911,Meliscaeva auricollis,0
SO8911,Meliscaeva cinctella,0
SO8911,Melitta leporina,0
SO8911,Merodon equestris,0
SO8911,Myathropa florea,6
SO8911,Neoascia geniculata,0
SO8911,Neoascia meticulosa,0
SO8911,Neoascia podagrica,0
SO8911,Neoascia tenur,0
SO8911,Nomada fabriciana,0
SO8911,Nomada flava,0
SO8911,Nomada flavoguttata,0
SO8911,Nomada flavopicta,0
SO8911,Nomada fucata,0
SO8911,Nomada goodeniana,0
SO8911,Nomada lathburiana,0
SO8911,Nomada marshamella,0
SO8911,Nomada obtusifrons,0
SO8911,Nomada panzeri,0
SO8911,Nomada ruficornis,0
SO8911,Nomada striata,0
SO8911,Orthonevra nobilis,0
SO8911,Osmia bicolor,1
SO8911,Osmia bicornis,1
SO8911,Osmia caerulescens,0
SO8911,Osmia leaiana,0
SO8911,Osmia spinulosa,0
SO8911,Panurgus banksianus,0
SO8911,Panurgus calcaratus,0
SO8911,Parasyrphus punctulatus,0
SO8911,Parhelophilus frutetorum,0
SO8911,Parhelophilus versicolor,0
SO8911,Pipiza bimaculata,0
SO8911,Pipizella viduata,1
SO8911,Platycheirus albimanus,1
SO8911,Platycheirus clypeatus,0
SO8911,Platycheirus granditarsus,0
SO8911,Platycheirus manicatus,1
SO8911,Platycheirus nielseni,0
SO8911,Platycheirus peltatus,0
SO8911,Platycheirus ramsarensis,0
SO8911,Platycheirus rosarum,0
SO8911,Platycheirus scutatus,0
SO8911,Platycheirus tarsalis,0
SO8911,Rhingia campestris,5
SO8911,Rhingia rostrata,0
SO8911,Riponnensia splendens,0
SO8911,Scaeva pyrastri,0
SO8911,Scaeva selenitica,0
SO8911,Sericomyia lappona,0
SO8911,Sericomyia silentis,0
SO8911,Sericomyia superbiens,0
SO8911,Sphaerophoria fatarum,0
SO8911,Sphaerophoria interrupta,0
SO8911,Sphaerophoria philanthus,0
SO8911,Sphaerophoria rueppellii,0
SO8911,Sphaerophoria scripta,1
SO8911,Sphaerophoria taeniata,0
SO8911,Sphecodes crassus,0
SO8911,Sphecodes ephippius,0
SO8911,Sphecodes ferruginatus,0
SO8911,Sphecodes geoffrellus,0
SO8911,Sphecodes monilicornis,0
SO8911,Sphecodes niger,0
SO8911,Sphegina clunipes,0
SO8911,Syritta pipiens,0
SO8911,Syrphus rectus,0
SO8911,Syrphus ribesii,8
SO8911,Syrphus torvus,0
SO8911,Syrphus vitripennis,0
SO8911,Tropidia scita,0
SO8911,Volucella bombylans,0
SO8911,Volucella inanis,0
SO8911,Volucella inflata,2
SO8911,Volucella pellucens,0
SO8911,Xanthogramma pedissequum,0
SO8911,Xanthogramma stackelbergi,0
SO8911,Xylota abiens,0
SO8911,Xylota jakutorum,0
SO8911,Xylota segnis,1
SO8911,Xylota sylvarum,0
SP1430,Anasimyia contracta,0
SP1430,Anasimyia lineata,0
SP1430,Anasimyia transfuga,0
SP1430,Andrena alfkenella,0
SP1430,Andrena angustior,0
SP1430,Andrena bicolor,1
SP1430,Andrena bucephala,0
SP1430,Andrena chrysosceles,0
SP1430,Andrena cineraria,0
SP1430,Andrena coitana,0
SP1430,Andrena denticulata,0
SP1430,Andrena dorsata,1
SP1430,Andrena flavipes,0
SP1430,Andrena fucata,0
SP1430,Andrena fulva,0
SP1430,Andrena haemorrhoa,0
SP1430,Andrena helvola,0
SP1430,Andrena humilis,0
SP1430,Andrena lapponica,0
SP1430,Andrena minutula,1
SP1430,Andrena nigriceps,0
SP1430,Andrena nigroaenea,1
SP1430,Andrena nitida,2
SP1430,Andrena scotica,0
SP1430,Andrena semilaevis,1
SP1430,Andrena subopaca,0
SP1430,Andrena synadelpha,0
SP1430,Andrena tarsata,0
SP1430,Andrena thoracica,0
SP1430,Andrena trimmerana,0
SP1430,Andrena wilkella,0
SP1430,Anthidium manicatum,0
SP1430,Anthophora furcata,0
SP1430,Anthophora plumipes,0
SP1430,Apis mellifera,3
SP1430,Arctophila superbiens,0
SP1430,Bombus barbutellus,0
SP1430,Bombus bohemicus,0
SP1430,Bombus campestris,0
SP1430,Bombus hortorum,1
SP1430,Bombus humilis,0
SP1430,Bombus hypnorum,1
SP1430,Bombus jonellus,0
SP1430,Bombus lapidarius,0
SP1430,Bombus lucorum,4
SP1430,Bombus monticola,0
SP1430,Bombus muscorum,0
SP1430,Bombus pascuorum,9
SP1430,Bombus pratorum,1
SP1430,Bombus ruderarius,0
SP1430,Bombus ruderatus,0
SP1430,Bombus rupestris,2
SP1430,Bombus soroeensis,0
SP1430,Bombus sylvestris,3
SP1430,Bombus terrestris,3
SP1430,Bombus vestalis,4
SP1430,Chalcosyrphus nemorum,1
SP1430,Cheilosia albitarsis,0
SP1430,Cheilosia bergenstammi,0
SP1430,Cheilosia fraterna,0
SP1430,Cheilosia illustrata,0
SP1430,Cheilosia lasiopa,0
SP1430,Cheilosia latifrons,0
SP1430,Cheilosia pagana,0
SP1430,Cheilosia proxima,0
SP1430,Cheilosia soror,1
SP1430,Cheilosia vernalis,0
SP1430,Chelostoma campanularum,1
SP1430,Chrysogaster cemiteriorum,0
SP1430,Chrysogaster virescens,0
SP1430,Chrysotoxum arcuatum,0
SP1430,Chrysotoxum bicinctum,0
SP1430,Chrysotoxum festivum,0
SP1430,Chrysotoxum verralli,0
SP1430,Coelioxys elongata,0
SP1430,Coelioxys inermis,1
SP1430,Colletes similis,0
SP1430,Colletes succinctus,0
SP1430,Dasypoda hirtipes,0
SP1430,Dasysyrphus albostriatus,0
SP1430,Dasysyrphus neovenustus,0
SP1430,Dasysyrphus tricinctus,0
SP1430,Dasysyrphus venustus,0
SP1430,Epistrophe grossulariae,0
SP1430,Episyrphus balteatus,19
SP1430,Eristalinus aeneus,0
SP1430,Eristalinus sepulchralis,0
SP1430,Eristalis abusiva,0
SP1430,Eristalis abusivus,0
SP1430,Eristalis arbustorum,2
SP1430,Eristalis horticola,0
SP1430,Eristalis intricaria,0
SP1430,Eristalis intricarius,0
SP1430,Eristalis nemorum,0
SP1430,Eristalis pertinax,6
SP1430,Eristalis rupium,0
SP1430,Eristalis tenax,3
SP1430,Eucera longicornis,0
SP1430,Eumerus funeralis,0
SP1430,Eumerus ornatus,6
SP1430,Eumerus strigatus,0
SP1430,Eupeodes corollae,2
SP1430,Eupeodes latifasciatus,1
SP1430,Eupeodes luniger,0
SP1430,Ferdinandea cuprea,66
SP1430,Halictus confusus,0
SP1430,Halictus eurygnathus,0
SP1430,Halictus rubicundus,1
SP1430,Halictus tumulorum,18
SP1430,Helophilus hybridus,0
SP1430,Helophilus pendulus,2
SP1430,Helophilus trivittatus,0
SP1430,Hylaeus brevicornis,0
SP1430,Hylaeus communis,2
SP1430,Hylaeus confusus,0
SP1430,Hylaeus dilatatus,0
SP1430,Hylaeus hyalinatus,0
SP1430,Hylaeus pectoralis,0
SP1430,Lasioglossum albipes,3
SP1430,Lasioglossum calceatum,63
SP1430,Lasioglossum cupromicans,0
SP1430,Lasioglossum fratellum,0
SP1430,Lasioglossum fulvicorne,16
SP1430,Lasioglossum laevigatum,0
SP1430,Lasioglossum lativentre,3
SP1430,Lasioglossum leucopus,1
SP1430,Lasioglossum leucozonium,3
SP1430,Lasioglossum malachurum,1
SP1430,Lasioglossum minutissimum,0
SP1430,Lasioglossum morio,1
SP1430,Lasioglossum parvulum,0
SP1430,Lasioglossum pauperatum,0
SP1430,Lasioglossum pauxillum,2
SP1430,Lasioglossum punctatissimum,0
SP1430,Lasioglossum puncticolle,0
SP1430,Lasioglossum quadrinotatum,0
SP1430,Lasioglossum rufitarse,0
SP1430,Lasioglossum smeathmanellum,1
SP1430,Lasioglossum villosulum,1
SP1430,Lasioglossum xanthopus,0
SP1430,Lasioglossum zonulum,0
SP1430,Lejogaster metallina,0
SP1430,Leucozona glaucia,0
SP1430,Leucozona laternaria,0
SP1430,Macropis europaea,0
SP1430,Megachile centuncularis,0
SP1430,Megachile ligniseca,0
SP1430,Megachile versicolor,1
SP1430,Megachile willughbiella,0
SP1430,Melangyna cincta,0
SP1430,Melangyna labiatarum,0
SP1430,Melangyna lasiophthalma,0
SP1430,Melangyna umbellatarum,0
SP1430,Melanogaster aerosa,0
SP1430,Melanogaster hirtella,0
SP1430,Melanostoma form,0
SP1430,Melanostoma mellinum,19
SP1430,Melanostoma scalare,6
SP1430,Meliscaeva auricollis,1
SP1430,Meliscaeva cinctella,0
SP1430,Melitta leporina,0
SP1430,Merodon equestris,0
SP1430,Myathropa florea,2
SP1430,Neoascia geniculata,0
SP1430,Neoascia meticulosa,0
SP1430,Neoascia podagrica,1
SP1430,Neoascia tenur,0
SP1430,Nomada fabriciana,2
SP1430,Nomada flava,0
SP1430,Nomada flavoguttata,0
SP1430,Nomada flavopicta,0
SP1430,Nomada fucata,0
SP1430,Nomada goodeniana,0
SP1430,Nomada lathburiana,0
SP1430,Nomada marshamella,0
SP1430,Nomada obtusifrons,0
SP1430,Nomada panzeri,0
SP1430,Nomada ruficornis,0
SP1430,Nomada striata,0
SP1430,Orthonevra nobilis,0
SP1430,Osmia bicolor,0
SP1430,Osmia bicornis,0
SP1430,Osmia caerulescens,0
SP1430,Osmia leaiana,0
SP1430,Osmia spinulosa,0
SP1430,Panurgus banksianus,0
SP1430,Panurgus calcaratus,0
SP1430,Parasyrphus punctulatus,0
SP1430,Parhelophilus frutetorum,0
SP1430,Parhelophilus versicolor,0
SP1430,Pipiza bimaculata,0
SP1430,Pipizella viduata,0
SP1430,Platycheirus albimanus,11
SP1430,Platycheirus clypeatus,0
SP1430,Platycheirus granditarsus,1
SP1430,Platycheirus manicatus,0
SP1430,Platycheirus nielseni,0
SP1430,Platycheirus peltatus,2
SP1430,Platycheirus ramsarensis,0
SP1430,Platycheirus rosarum,0
SP1430,Platycheirus scutatus,0
SP1430,Platycheirus tarsalis,1
SP1430,Rhingia campestris,1
SP1430,Rhingia rostrata,0
SP1430,Riponnensia splendens,0
SP1430,Scaeva pyrastri,0
SP1430,Scaeva selenitica,0
SP1430,Sericomyia lappona,0
SP1430,Sericomyia silentis,0
SP1430,Sericomyia superbiens,0
SP1430,Sphaerophoria fatarum,0
SP1430,Sphaerophoria interrupta,0
SP1430,Sphaerophoria philanthus,0
SP1430,Sphaerophoria rueppellii,0
SP1430,Sphaerophoria scripta,0
SP1430,Sphaerophoria taeniata,1
SP1430,Sphecodes crassus,0
SP1430,Sphecodes ephippius,0
SP1430,Sphecodes ferruginatus,0
SP1430,Sphecodes geoffrellus,0
SP1430,Sphecodes monilicornis,0
SP1430,Sphecodes niger,0
SP1430,Sphegina clunipes,0
SP1430,Syritta pipiens,0
SP1430,Syrphus rectus,0
SP1430,Syrphus ribesii,34
SP1430,Syrphus torvus,0
SP1430,Syrphus vitripennis,0
SP1430,Tropidia scita,0
SP1430,Volucella bombylans,2
SP1430,Volucella inanis,1
SP1430,Volucella inflata,6
SP1430,Volucella pellucens,0
SP1430,Xanthogramma pedissequum,0
SP1430,Xanthogramma stackelbergi,0
SP1430,Xylota abiens,0
SP1430,Xylota jakutorum,0
SP1430,Xylota segnis,15
SP1430,Xylota sylvarum,0
SP4951,Anasimyia contracta,0
SP4951,Anasimyia lineata,0
SP4951,Anasimyia transfuga,0
SP4951,Andrena alfkenella,0
SP4951,Andrena angustior,0
SP4951,Andrena bicolor,0
SP4951,Andrena bucephala,0
SP4951,Andrena chrysosceles,3
SP4951,Andrena cineraria,3
SP4951,Andrena coitana,0
SP4951,Andrena denticulata,0
SP4951,Andrena dorsata,0
SP4951,Andrena flavipes,0
SP4951,Andrena fucata,0
SP4951,Andrena fulva,0
SP4951,Andrena haemorrhoa,3
SP4951,Andrena helvola,0
SP4951,Andrena humilis,0
SP4951,Andrena lapponica,0
SP4951,Andrena minutula,1
SP4951,Andrena nigriceps,0
SP4951,Andrena nigroaenea,1
SP4951,Andrena nitida,1
SP4951,Andrena scotica,0
SP4951,Andrena semilaevis,0
SP4951,Andrena subopaca,0
SP4951,Andrena synadelpha,0
SP4951,Andrena tarsata,0
SP4951,Andrena thoracica,0
SP4951,Andrena trimmerana,0
SP4951,Andrena wilkella,0
SP4951,Anthidium manicatum,0
SP4951,Anthophora furcata,0
SP4951,Anthophora plumipes,0
SP4951,Apis mellifera,17
SP4951,Arctophila superbiens,0
SP4951,Bombus barbutellus,0
SP4951,Bombus bohemicus,0
SP4951,Bombus campestris,0
SP4951,Bombus hortorum,9
SP4951,Bombus humilis,0
SP4951,Bombus hypnorum,2
SP4951,Bombus jonellus,0
SP4951,Bombus lapidarius,2
SP4951,Bombus lucorum,4
SP4951,Bombus monticola,0
SP4951,Bombus muscorum,0
SP4951,Bombus pascuorum,9
SP4951,Bombus pratorum,0
SP4951,Bombus ruderarius,0
SP4951,Bombus ruderatus,0
SP4951,Bombus rupestris,0
SP4951,Bombus soroeensis,0
SP4951,Bombus sylvestris,0
SP4951,Bombus terrestris,3
SP4951,Bombus vestalis,1
SP4951,Chalcosyrphus nemorum,0
SP4951,Cheilosia albitarsis,1
SP4951,Cheilosia bergenstammi,0
SP4951,Cheilosia fraterna,0
SP4951,Cheilosia illustrata,0
SP4951,Cheilosia lasiopa,0
SP4951,Cheilosia latifrons,0
SP4951,Cheilosia pagana,0
SP4951,Cheilosia proxima,0
SP4951,Cheilosia soror,0
SP4951,Cheilosia vernalis,1
SP4951,Chelostoma campanularum,0
SP4951,Chrysogaster cemiteriorum,0
SP4951,Chrysogaster virescens,0
SP4951,Chrysotoxum arcuatum,0
SP4951,Chrysotoxum bicinctum,0
SP4951,Chrysotoxum festivum,0
SP4951,Chrysotoxum verralli,0
SP4951,Coelioxys elongata,0
SP4951,Coelioxys inermis,0
SP4951,Colletes similis,0
SP4951,Colletes succinctus,0
SP4951,Dasypoda hirtipes,0
SP4951,Dasysyrphus albostriatus,1
SP4951,Dasysyrphus neovenustus,0
SP4951,Dasysyrphus tricinctus,0
SP4951,Dasysyrphus venustus,0
SP4951,Epistrophe grossulariae,0
SP4951,Episyrphus balteatus,12
SP4951,Eristalinus aeneus,0
SP4951,Eristalinus sepulchralis,0
SP4951,Eristalis abusiva,0
SP4951,Eristalis abusivus,0
SP4951,Eristalis arbustorum,11
SP4951,Eristalis horticola,0
SP4951,Eristalis intricaria,0
SP4951,Eristalis intricarius,0
SP4951,Eristalis nemorum,1
SP4951,Eristalis pertinax,0
SP4951,Eristalis rupium,0
SP4951,Eristalis tenax,3
SP4951,Eucera longicornis,0
SP4951,Eumerus funeralis,0
SP4951,Eumerus ornatus,0
SP4951,Eumerus strigatus,0
SP4951,Eupeodes corollae,1
SP4951,Eupeodes latifasciatus,2
SP4951,Eupeodes luniger,2
SP4951,Ferdinandea cuprea,3
SP4951,Halictus confusus,0
SP4951,Halictus eurygnathus,0
SP4951,Halictus rubicundus,1
SP4951,Halictus tumulorum,31
SP4951,Helophilus hybridus,0
SP4951,Helophilus pendulus,5
SP4951,Helophilus trivittatus,1
SP4951,Hylaeus brevicornis,0
SP4951,Hylaeus communis,11
SP4951,Hylaeus confusus,0
SP4951,Hylaeus dilatatus,0
SP4951,Hylaeus hyalinatus,0
SP4951,Hylaeus pectoralis,0
SP4951,Lasioglossum albipes,1
SP4951,Lasioglossum calceatum,7
SP4951,Lasioglossum cupromicans,0
SP4951,Lasioglossum fratellum,0
SP4951,Lasioglossum fulvicorne,0
SP4951,Lasioglossum laevigatum,0
SP4951,Lasioglossum lativentre,0
SP4951,Lasioglossum leucopus,6
SP4951,Lasioglossum leucozonium,1
SP4951,Lasioglossum malachurum,10
SP4951,Lasioglossum minutissimum,0
SP4951,Lasioglossum morio,1
SP4951,Lasioglossum parvulum,0
SP4951,Lasioglossum pauperatum,0
SP4951,Lasioglossum pauxillum,5
SP4951,Lasioglossum punctatissimum,0
SP4951,Lasioglossum puncticolle,0
SP4951,Lasioglossum quadrinotatum,0
SP4951,Lasioglossum rufitarse,0
SP4951,Lasioglossum smeathmanellum,0
SP4951,Lasioglossum villosulum,1
SP4951,Lasioglossum xanthopus,0
SP4951,Lasioglossum zonulum,0
SP4951,Lejogaster metallina,0
SP4951,Leucozona glaucia,0
SP4951,Leucozona laternaria,0
SP4951,Macropis europaea,0
SP4951,Megachile centuncularis,0
SP4951,Megachile ligniseca,0
SP4951,Megachile versicolor,0
SP4951,Megachile willughbiella,0
SP4951,Melangyna cincta,0
SP4951,Melangyna labiatarum,0
SP4951,Melangyna lasiophthalma,0
SP4951,Melangyna umbellatarum,0
SP4951,Melanogaster aerosa,0
SP4951,Melanogaster hirtella,0
SP4951,Melanostoma form,0
SP4951,Melanostoma mellinum,4
SP4951,Melanostoma scalare,1
SP4951,Meliscaeva auricollis,0
SP4951,Meliscaeva cinctella,0
SP4951,Melitta leporina,0
SP4951,Merodon equestris,0
SP4951,Myathropa florea,0
SP4951,Neoascia geniculata,0
SP4951,Neoascia meticulosa,0
SP4951,Neoascia podagrica,9
SP4951,Neoascia tenur,0
SP4951,Nomada fabriciana,0
SP4951,Nomada flava,0
SP4951,Nomada flavoguttata,0
SP4951,Nomada flavopicta,0
SP4951,Nomada fucata,0
SP4951,Nomada goodeniana,1
SP4951,Nomada lathburiana,0
SP4951,Nomada marshamella,0
SP4951,Nomada obtusifrons,0
SP4951,Nomada panzeri,0
SP4951,Nomada ruficornis,0
SP4951,Nomada striata,0
SP4951,Orthonevra nobilis,0
SP4951,Osmia bicolor,0
SP4951,Osmia bicornis,0
SP4951,Osmia caerulescens,0
SP4951,Osmia leaiana,0
SP4951,Osmia spinulosa,0
SP4951,Panurgus banksianus,0
SP4951,Panurgus calcaratus,0
SP4951,Parasyrphus punctulatus,0
SP4951,Parhelophilus frutetorum,0
SP4951,Parhelophilus versicolor,0
SP4951,Pipiza bimaculata,0
SP4951,Pipizella viduata,0
SP4951,Platycheirus albimanus,0
SP4951,Platycheirus clypeatus,0
SP4951,Platycheirus granditarsus,0
SP4951,Platycheirus manicatus,2
SP4951,Platycheirus nielseni,0
SP4951,Platycheirus peltatus,4
SP4951,Platycheirus ramsarensis,0
SP4951,Platycheirus rosarum,0
SP4951,Platycheirus scutatus,0
SP4951,Platycheirus tarsalis,0
SP4951,Rhingia campestris,5
SP4951,Rhingia rostrata,0
SP4951,Riponnensia splendens,0
SP4951,Scaeva pyrastri,0
SP4951,Scaeva selenitica,0
SP4951,Sericomyia lappona,0
SP4951,Sericomyia silentis,0
SP4951,Sericomyia superbiens,0
SP4951,Sphaerophoria fatarum,0
SP4951,Sphaerophoria interrupta,0
SP4951,Sphaerophoria philanthus,0
SP4951,Sphaerophoria rueppellii,0
SP4951,Sphaerophoria scripta,1
SP4951,Sphaerophoria taeniata,0
SP4951,Sphecodes crassus,0
SP4951,Sphecodes ephippius,0
SP4951,Sphecodes ferruginatus,0
SP4951,Sphecodes geoffrellus,1
SP4951,Sphecodes monilicornis,0
SP4951,Sphecodes niger,0
SP4951,Sphegina clunipes,0
SP4951,Syritta pipiens,4
SP4951,Syrphus rectus,0
SP4951,Syrphus ribesii,4
SP4951,Syrphus torvus,0
SP4951,Syrphus vitripennis,0
SP4951,Tropidia scita,0
SP4951,Volucella bombylans,1
SP4951,Volucella inanis,0
SP4951,Volucella inflata,0
SP4951,Volucella pellucens,0
SP4951,Xanthogramma pedissequum,0
SP4951,Xanthogramma stackelbergi,0
SP4951,Xylota abiens,0
SP4951,Xylota jakutorum,0
SP4951,Xylota segnis,2
SP4951,Xylota sylvarum,0
SP6302,Anasimyia contracta,0
SP6302,Anasimyia lineata,0
SP6302,Anasimyia transfuga,0
SP6302,Andrena alfkenella,0
SP6302,Andrena angustior,0
SP6302,Andrena bicolor,0
SP6302,Andrena bucephala,0
SP6302,Andrena chrysosceles,0
SP6302,Andrena cineraria,0
SP6302,Andrena coitana,0
SP6302,Andrena denticulata,0
SP6302,Andrena dorsata,0
SP6302,Andrena flavipes,1
SP6302,Andrena fucata,0
SP6302,Andrena fulva,0
SP6302,Andrena haemorrhoa,0
SP6302,Andrena helvola,0
SP6302,Andrena humilis,0
SP6302,Andrena lapponica,0
SP6302,Andrena minutula,1
SP6302,Andrena nigriceps,0
SP6302,Andrena nigroaenea,0
SP6302,Andrena nitida,1
SP6302,Andrena scotica,0
SP6302,Andrena semilaevis,0
SP6302,Andrena subopaca,0
SP6302,Andrena synadelpha,0
SP6302,Andrena tarsata,0
SP6302,Andrena thoracica,0
SP6302,Andrena trimmerana,0
SP6302,Andrena wilkella,0
SP6302,Anthidium manicatum,0
SP6302,Anthophora furcata,0
SP6302,Anthophora plumipes,0
SP6302,Apis mellifera,1
SP6302,Arctophila superbiens,0
SP6302,Bombus barbutellus,0
SP6302,Bombus bohemicus,0
SP6302,Bombus campestris,0
SP6302,Bombus hortorum,3
SP6302,Bombus humilis,0
SP6302,Bombus hypnorum,0
SP6302,Bombus jonellus,0
SP6302,Bombus lapidarius,1
SP6302,Bombus lucorum,4
SP6302,Bombus monticola,0
SP6302,Bombus muscorum,0
SP6302,Bombus pascuorum,5
SP6302,Bombus pratorum,0
SP6302,Bombus ruderarius,0
SP6302,Bombus ruderatus,0
SP6302,Bombus rupestris,0
SP6302,Bombus soroeensis,0
SP6302,Bombus sylvestris,0
SP6302,Bombus terrestris,0
SP6302,Bombus vestalis,2
SP6302,Chalcosyrphus nemorum,0
SP6302,Cheilosia albitarsis,0
SP6302,Cheilosia bergenstammi,0
SP6302,Cheilosia fraterna,0
SP6302,Cheilosia illustrata,0
SP6302,Cheilosia lasiopa,0
SP6302,Cheilosia latifrons,0
SP6302,Cheilosia pagana,0
SP6302,Cheilosia proxima,0
SP6302,Cheilosia soror,0
SP6302,Cheilosia vernalis,0
SP6302,Chelostoma campanularum,0
SP6302,Chrysogaster cemiteriorum,0
SP6302,Chrysogaster virescens,0
SP6302,Chrysotoxum arcuatum,0
SP6302,Chrysotoxum bicinctum,0
SP6302,Chrysotoxum festivum,0
SP6302,Chrysotoxum verralli,0
SP6302,Coelioxys elongata,0
SP6302,Coelioxys inermis,0
SP6302,Colletes similis,0
SP6302,Colletes succinctus,0
SP6302,Dasypoda hirtipes,0
SP6302,Dasysyrphus albostriatus,0
SP6302,Dasysyrphus neovenustus,0
SP6302,Dasysyrphus tricinctus,0
SP6302,Dasysyrphus venustus,0
SP6302,Epistrophe grossulariae,0
SP6302,Episyrphus balteatus,0
SP6302,Eristalinus aeneus,0
SP6302,Eristalinus sepulchralis,0
SP6302,Eristalis abusiva,0
SP6302,Eristalis abusivus,0
SP6302,Eristalis arbustorum,0
SP6302,Eristalis horticola,0
SP6302,Eristalis intricaria,0
SP6302,Eristalis intricarius,0
SP6302,Eristalis nemorum,0
SP6302,Eristalis pertinax,0
SP6302,Eristalis rupium,0
SP6302,Eristalis tenax,0
SP6302,Eucera longicornis,0
SP6302,Eumerus funeralis,0
SP6302,Eumerus ornatus,0
SP6302,Eumerus strigatus,0
SP6302,Eupeodes corollae,1
SP6302,Eupeodes latifasciatus,0
SP6302,Eupeodes luniger,1
SP6302,Ferdinandea cuprea,0
SP6302,Halictus confusus,0
SP6302,Halictus eurygnathus,0
SP6302,Halictus rubicundus,0
SP6302,Halictus tumulorum,0
SP6302,Helophilus hybridus,0
SP6302,Helophilus pendulus,0
SP6302,Helophilus trivittatus,0
SP6302,Hylaeus brevicornis,0
SP6302,Hylaeus communis,0
SP6302,Hylaeus confusus,0
SP6302,Hylaeus dilatatus,0
SP6302,Hylaeus hyalinatus,0
SP6302,Hylaeus pectoralis,0
SP6302,Lasioglossum albipes,0
SP6302,Lasioglossum calceatum,2
SP6302,Lasioglossum cupromicans,0
SP6302,Lasioglossum fratellum,0
SP6302,Lasioglossum fulvicorne,0
SP6302,Lasioglossum laevigatum,0
SP6302,Lasioglossum lativentre,0
SP6302,Lasioglossum leucopus,0
SP6302,Lasioglossum leucozonium,0
SP6302,Lasioglossum malachurum,3
SP6302,Lasioglossum minutissimum,2
SP6302,Lasioglossum morio,1
SP6302,Lasioglossum parvulum,0
SP6302,Lasioglossum pauperatum,0
SP6302,Lasioglossum pauxillum,1
SP6302,Lasioglossum punctatissimum,0
SP6302,Lasioglossum puncticolle,0
SP6302,Lasioglossum quadrinotatum,3
SP6302,Lasioglossum rufitarse,0
SP6302,Lasioglossum smeathmanellum,0
SP6302,Lasioglossum villosulum,0
SP6302,Lasioglossum xanthopus,0
SP6302,Lasioglossum zonulum,0
SP6302,Lejogaster metallina,0
SP6302,Leucozona glaucia,0
SP6302,Leucozona laternaria,0
SP6302,Macropis europaea,0
SP6302,Megachile centuncularis,0
SP6302,Megachile ligniseca,0
SP6302,Megachile versicolor,0
SP6302,Megachile willughbiella,0
SP6302,Melangyna cincta,0
SP6302,Melangyna labiatarum,0
SP6302,Melangyna lasiophthalma,0
SP6302,Melangyna umbellatarum,0
SP6302,Melanogaster aerosa,0
SP6302,Melanogaster hirtella,0
SP6302,Melanostoma form,0
SP6302,Melanostoma mellinum,6
SP6302,Melanostoma scalare,0
SP6302,Meliscaeva auricollis,0
SP6302,Meliscaeva cinctella,0
SP6302,Melitta leporina,0
SP6302,Merodon equestris,0
SP6302,Myathropa florea,0
SP6302,Neoascia geniculata,0
SP6302,Neoascia meticulosa,0
SP6302,Neoascia podagrica,0
SP6302,Neoascia tenur,0
SP6302,Nomada fabriciana,0
SP6302,Nomada flava,0
SP6302,Nomada flavoguttata,0
SP6302,Nomada flavopicta,0
SP6302,Nomada fucata,0
SP6302,Nomada goodeniana,0
SP6302,Nomada lathburiana,0
SP6302,Nomada marshamella,0
SP6302,Nomada obtusifrons,0
SP6302,Nomada panzeri,0
SP6302,Nomada ruficornis,0
SP6302,Nomada striata,0
SP6302,Orthonevra nobilis,0
SP6302,Osmia bicolor,0
SP6302,Osmia bicornis,0
SP6302,Osmia caerulescens,0
SP6302,Osmia leaiana,0
SP6302,Osmia spinulosa,2
SP6302,Panurgus banksianus,0
SP6302,Panurgus calcaratus,0
SP6302,Parasyrphus punctulatus,0
SP6302,Parhelophilus frutetorum,0
SP6302,Parhelophilus versicolor,0
SP6302,Pipiza bimaculata,0
SP6302,Pipizella viduata,0
SP6302,Platycheirus albimanus,0
SP6302,Platycheirus clypeatus,0
SP6302,Platycheirus granditarsus,0
SP6302,Platycheirus manicatus,0
SP6302,Platycheirus nielseni,0
SP6302,Platycheirus peltatus,0
SP6302,Platycheirus ramsarensis,0
SP6302,Platycheirus rosarum,0
SP6302,Platycheirus scutatus,0
SP6302,Platycheirus tarsalis,0
SP6302,Rhingia campestris,0
SP6302,Rhingia rostrata,0
SP6302,Riponnensia splendens,0
SP6302,Scaeva pyrastri,0
SP6302,Scaeva selenitica,0
SP6302,Sericomyia lappona,0
SP6302,Sericomyia silentis,0
SP6302,Sericomyia superbiens,0
SP6302,Sphaerophoria fatarum,0
SP6302,Sphaerophoria interrupta,0
SP6302,Sphaerophoria philanthus,0
SP6302,Sphaerophoria rueppellii,0
SP6302,Sphaerophoria scripta,0
SP6302,Sphaerophoria taeniata,0
SP6302,Sphecodes crassus,0
SP6302,Sphecodes ephippius,0
SP6302,Sphecodes ferruginatus,0
SP6302,Sphecodes geoffrellus,0
SP6302,Sphecodes monilicornis,0
SP6302,Sphecodes niger,0
SP6302,Sphegina clunipes,0
SP6302,Syritta pipiens,0
SP6302,Syrphus rectus,0
SP6302,Syrphus ribesii,0
SP6302,Syrphus torvus,0
SP6302,Syrphus vitripennis,0
SP6302,Tropidia scita,0
SP6302,Volucella bombylans,0
SP6302,Volucella inanis,0
SP6302,Volucella inflata,0
SP6302,Volucella pellucens,0
SP6302,Xanthogramma pedissequum,0
SP6302,Xanthogramma stackelbergi,0
SP6302,Xylota abiens,0
SP6302,Xylota jakutorum,0
SP6302,Xylota segnis,0
SP6302,Xylota sylvarum,0
SS8395,Anasimyia contracta,0
SS8395,Anasimyia lineata,0
SS8395,Anasimyia transfuga,0
SS8395,Andrena alfkenella,0
SS8395,Andrena angustior,6
SS8395,Andrena bicolor,3
SS8395,Andrena bucephala,0
SS8395,Andrena chrysosceles,0
SS8395,Andrena cineraria,0
SS8395,Andrena coitana,2
SS8395,Andrena denticulata,0
SS8395,Andrena dorsata,0
SS8395,Andrena flavipes,0
SS8395,Andrena fucata,3
SS8395,Andrena fulva,0
SS8395,Andrena haemorrhoa,1
SS8395,Andrena helvola,0
SS8395,Andrena humilis,0
SS8395,Andrena lapponica,0
SS8395,Andrena minutula,1
SS8395,Andrena nigriceps,0
SS8395,Andrena nigroaenea,0
SS8395,Andrena nitida,0
SS8395,Andrena scotica,1
SS8395,Andrena semilaevis,0
SS8395,Andrena subopaca,2
SS8395,Andrena synadelpha,0
SS8395,Andrena tarsata,2
SS8395,Andrena thoracica,0
SS8395,Andrena trimmerana,0
SS8395,Andrena wilkella,0
SS8395,Anthidium manicatum,0
SS8395,Anthophora furcata,3
SS8395,Anthophora plumipes,0
SS8395,Apis mellifera,26
SS8395,Arctophila superbiens,0
SS8395,Bombus barbutellus,0
SS8395,Bombus bohemicus,0
SS8395,Bombus campestris,0
SS8395,Bombus hortorum,5
SS8395,Bombus humilis,0
SS8395,Bombus hypnorum,0
SS8395,Bombus jonellus,0
SS8395,Bombus lapidarius,1
SS8395,Bombus lucorum,29
SS8395,Bombus monticola,0
SS8395,Bombus muscorum,0
SS8395,Bombus pascuorum,18
SS8395,Bombus pratorum,2
SS8395,Bombus ruderarius,0
SS8395,Bombus ruderatus,0
SS8395,Bombus rupestris,0
SS8395,Bombus soroeensis,0
SS8395,Bombus sylvestris,0
SS8395,Bombus terrestris,8
SS8395,Bombus vestalis,0
SS8395,Chalcosyrphus nemorum,0
SS8395,Cheilosia albitarsis,0
SS8395,Cheilosia bergenstammi,0
SS8395,Cheilosia fraterna,1
SS8395,Cheilosia illustrata,0
SS8395,Cheilosia lasiopa,0
SS8395,Cheilosia latifrons,0
SS8395,Cheilosia pagana,0
SS8395,Cheilosia proxima,0
SS8395,Cheilosia soror,0
SS8395,Cheilosia vernalis,0
SS8395,Chelostoma campanularum,0
SS8395,Chrysogaster cemiteriorum,0
SS8395,Chrysogaster virescens,0
SS8395,Chrysotoxum arcuatum,1
SS8395,Chrysotoxum bicinctum,1
SS8395,Chrysotoxum festivum,0
SS8395,Chrysotoxum verralli,0
SS8395,Coelioxys elongata,1
SS8395,Coelioxys inermis,0
SS8395,Colletes similis,0
SS8395,Colletes succinctus,0
SS8395,Dasypoda hirtipes,0
SS8395,Dasysyrphus albostriatus,0
SS8395,Dasysyrphus neovenustus,0
SS8395,Dasysyrphus tricinctus,0
SS8395,Dasysyrphus venustus,0
SS8395,Epistrophe grossulariae,0
SS8395,Episyrphus balteatus,15
SS8395,Eristalinus aeneus,0
SS8395,Eristalinus sepulchralis,0
SS8395,Eristalis abusiva,0
SS8395,Eristalis abusivus,0
SS8395,Eristalis arbustorum,2
SS8395,Eristalis horticola,1
SS8395,Eristalis intricaria,0
SS8395,Eristalis intricarius,0
SS8395,Eristalis nemorum,1
SS8395,Eristalis pertinax,9
SS8395,Eristalis rupium,0
SS8395,Eristalis tenax,8
SS8395,Eucera longicornis,0
SS8395,Eumerus funeralis,0
SS8395,Eumerus ornatus,0
SS8395,Eumerus strigatus,0
SS8395,Eupeodes corollae,18
SS8395,Eupeodes latifasciatus,3
SS8395,Eupeodes luniger,1
SS8395,Ferdinandea cuprea,6
SS8395,Halictus confusus,0
SS8395,Halictus eurygnathus,0
SS8395,Halictus rubicundus,2
SS8395,Halictus tumulorum,1
SS8395,Helophilus hybridus,0
SS8395,Helophilus pendulus,8
SS8395,Helophilus trivittatus,1
SS8395,Hylaeus brevicornis,2
SS8395,Hylaeus communis,0
SS8395,Hylaeus confusus,9
SS8395,Hylaeus dilatatus,0
SS8395,Hylaeus hyalinatus,5
SS8395,Hylaeus pectoralis,0
SS8395,Lasioglossum albipes,0
SS8395,Lasioglossum calceatum,13
SS8395,Lasioglossum cupromicans,3
SS8395,Lasioglossum fratellum,8
SS8395,Lasioglossum fulvicorne,0
SS8395,Lasioglossum laevigatum,0
SS8395,Lasioglossum lativentre,0
SS8395,Lasioglossum leucopus,1
SS8395,Lasioglossum leucozonium,0
SS8395,Lasioglossum malachurum,0
SS8395,Lasioglossum minutissimum,0
SS8395,Lasioglossum morio,0
SS8395,Lasioglossum parvulum,0
SS8395,Lasioglossum pauperatum,0
SS8395,Lasioglossum pauxillum,0
SS8395,Lasioglossum punctatissimum,0
SS8395,Lasioglossum puncticolle,0
SS8395,Lasioglossum quadrinotatum,0
SS8395,Lasioglossum rufitarse,0
SS8395,Lasioglossum smeathmanellum,1
SS8395,Lasioglossum villosulum,0
SS8395,Lasioglossum xanthopus,0
SS8395,Lasioglossum zonulum,0
SS8395,Lejogaster metallina,0
SS8395,Leucozona glaucia,1
SS8395,Leucozona laternaria,0
SS8395,Macropis europaea,0
SS8395,Megachile centuncularis,0
SS8395,Megachile ligniseca,1
SS8395,Megachile versicolor,0
SS8395,Megachile willughbiella,0
SS8395,Melangyna cincta,0
SS8395,Melangyna labiatarum,0
SS8395,Melangyna lasiophthalma,0
SS8395,Melangyna umbellatarum,0
SS8395,Melanogaster aerosa,0
SS8395,Melanogaster hirtella,5
SS8395,Melanostoma form,0
SS8395,Melanostoma mellinum,3
SS8395,Melanostoma scalare,1
SS8395,Meliscaeva auricollis,0
SS8395,Meliscaeva cinctella,0
SS8395,Melitta leporina,0
SS8395,Merodon equestris,1
SS8395,Myathropa florea,0
SS8395,Neoascia geniculata,0
SS8395,Neoascia meticulosa,0
SS8395,Neoascia podagrica,16
SS8395,Neoascia tenur,0
SS8395,Nomada fabriciana,1
SS8395,Nomada flava,0
SS8395,Nomada flavoguttata,2
SS8395,Nomada flavopicta,0
SS8395,Nomada fucata,0
SS8395,Nomada goodeniana,0
SS8395,Nomada lathburiana,0
SS8395,Nomada marshamella,0
SS8395,Nomada obtusifrons,2
SS8395,Nomada panzeri,0
SS8395,Nomada ruficornis,0
SS8395,Nomada striata,0
SS8395,Orthonevra nobilis,0
SS8395,Osmia bicolor,0
SS8395,Osmia bicornis,0
SS8395,Osmia caerulescens,0
SS8395,Osmia leaiana,0
SS8395,Osmia spinulosa,0
SS8395,Panurgus banksianus,0
SS8395,Panurgus calcaratus,0
SS8395,Parasyrphus punctulatus,0
SS8395,Parhelophilus frutetorum,0
SS8395,Parhelophilus versicolor,0
SS8395,Pipiza bimaculata,0
SS8395,Pipizella viduata,1
SS8395,Platycheirus albimanus,3
SS8395,Platycheirus clypeatus,0
SS8395,Platycheirus granditarsus,9
SS8395,Platycheirus manicatus,0
SS8395,Platycheirus nielseni,0
SS8395,Platycheirus peltatus,0
SS8395,Platycheirus ramsarensis,0
SS8395,Platycheirus rosarum,0
SS8395,Platycheirus scutatus,0
SS8395,Platycheirus tarsalis,0
SS8395,Rhingia campestris,2
SS8395,Rhingia rostrata,0
SS8395,Riponnensia splendens,0
SS8395,Scaeva pyrastri,0
SS8395,Scaeva selenitica,0
SS8395,Sericomyia lappona,0
SS8395,Sericomyia silentis,7
SS8395,Sericomyia superbiens,0
SS8395,Sphaerophoria fatarum,0
SS8395,Sphaerophoria interrupta,1
SS8395,Sphaerophoria philanthus,0
SS8395,Sphaerophoria rueppellii,0
SS8395,Sphaerophoria scripta,0
SS8395,Sphaerophoria taeniata,0
SS8395,Sphecodes crassus,0
SS8395,Sphecodes ephippius,0
SS8395,Sphecodes ferruginatus,0
SS8395,Sphecodes geoffrellus,0
SS8395,Sphecodes monilicornis,0
SS8395,Sphecodes niger,0
SS8395,Sphegina clunipes,0
SS8395,Syritta pipiens,0
SS8395,Syrphus rectus,0
SS8395,Syrphus ribesii,5
SS8395,Syrphus torvus,1
SS8395,Syrphus vitripennis,5
SS8395,Tropidia scita,0
SS8395,Volucella bombylans,1
SS8395,Volucella inanis,0
SS8395,Volucella inflata,0
SS8395,Volucella pellucens,0
SS8395,Xanthogramma pedissequum,1
SS8395,Xanthogramma stackelbergi,0
SS8395,Xylota abiens,0
SS8395,Xylota jakutorum,3
SS8395,Xylota segnis,78
SS8395,Xylota sylvarum,0
ST2636,Anasimyia contracta,1
ST2636,Anasimyia lineata,0
ST2636,Anasimyia transfuga,0
ST2636,Andrena alfkenella,0
ST2636,Andrena angustior,0
ST2636,Andrena bicolor,1
ST2636,Andrena bucephala,0
ST2636,Andrena chrysosceles,0
ST2636,Andrena cineraria,0
ST2636,Andrena coitana,0
ST2636,Andrena denticulata,0
ST2636,Andrena dorsata,3
ST2636,Andrena flavipes,10
ST2636,Andrena fucata,0
ST2636,Andrena fulva,0
ST2636,Andrena haemorrhoa,0
ST2636,Andrena helvola,0
ST2636,Andrena humilis,0
ST2636,Andrena lapponica,0
ST2636,Andrena minutula,1
ST2636,Andrena nigriceps,0
ST2636,Andrena nigroaenea,0
ST2636,Andrena nitida,1
ST2636,Andrena scotica,0
ST2636,Andrena semilaevis,0
ST2636,Andrena subopaca,0
ST2636,Andrena synadelpha,0
ST2636,Andrena tarsata,0
ST2636,Andrena thoracica,0
ST2636,Andrena trimmerana,0
ST2636,Andrena wilkella,0
ST2636,Anthidium manicatum,1
ST2636,Anthophora furcata,0
ST2636,Anthophora plumipes,0
ST2636,Apis mellifera,11
ST2636,Arctophila superbiens,0
ST2636,Bombus barbutellus,0
ST2636,Bombus bohemicus,0
ST2636,Bombus campestris,0
ST2636,Bombus hortorum,4
ST2636,Bombus humilis,0
ST2636,Bombus hypnorum,0
ST2636,Bombus jonellus,0
ST2636,Bombus lapidarius,3
ST2636,Bombus lucorum,2
ST2636,Bombus monticola,0
ST2636,Bombus muscorum,0
ST2636,Bombus pascuorum,6
ST2636,Bombus pratorum,2
ST2636,Bombus ruderarius,0
ST2636,Bombus ruderatus,0
ST2636,Bombus rupestris,0
ST2636,Bombus soroeensis,0
ST2636,Bombus sylvestris,0
ST2636,Bombus terrestris,2
ST2636,Bombus vestalis,0
ST2636,Chalcosyrphus nemorum,1
ST2636,Cheilosia albitarsis,0
ST2636,Cheilosia bergenstammi,0
ST2636,Cheilosia fraterna,0
ST2636,Cheilosia illustrata,0
ST2636,Cheilosia lasiopa,0
ST2636,Cheilosia latifrons,0
ST2636,Cheilosia pagana,0
ST2636,Cheilosia proxima,0
ST2636,Cheilosia soror,0
ST2636,Cheilosia vernalis,0
ST2636,Chelostoma campanularum,1
ST2636,Chrysogaster cemiteriorum,0
ST2636,Chrysogaster virescens,0
ST2636,Chrysotoxum arcuatum,0
ST2636,Chrysotoxum bicinctum,0
ST2636,Chrysotoxum festivum,0
ST2636,Chrysotoxum verralli,0
ST2636,Coelioxys elongata,0
ST2636,Coelioxys inermis,0
ST2636,Colletes similis,0
ST2636,Colletes succinctus,0
ST2636,Dasypoda hirtipes,0
ST2636,Dasysyrphus albostriatus,0
ST2636,Dasysyrphus neovenustus,0
ST2636,Dasysyrphus tricinctus,0
ST2636,Dasysyrphus venustus,0
ST2636,Epistrophe grossulariae,0
ST2636,Episyrphus balteatus,3
ST2636,Eristalinus aeneus,0
ST2636,Eristalinus sepulchralis,0
ST2636,Eristalis abusiva,0
ST2636,Eristalis abusivus,0
ST2636,Eristalis arbustorum,6
ST2636,Eristalis horticola,0
ST2636,Eristalis intricaria,0
ST2636,Eristalis intricarius,0
ST2636,Eristalis nemorum,0
ST2636,Eristalis pertinax,1
ST2636,Eristalis rupium,0
ST2636,Eristalis tenax,2
ST2636,Eucera longicornis,0
ST2636,Eumerus funeralis,0
ST2636,Eumerus ornatus,0
ST2636,Eumerus strigatus,7
ST2636,Eupeodes corollae,0
ST2636,Eupeodes latifasciatus,1
ST2636,Eupeodes luniger,0
ST2636,Ferdinandea cuprea,0
ST2636,Halictus confusus,0
ST2636,Halictus eurygnathus,0
ST2636,Halictus rubicundus,0
ST2636,Halictus tumulorum,4
ST2636,Helophilus hybridus,0
ST2636,Helophilus pendulus,18
ST2636,Helophilus trivittatus,0
ST2636,Hylaeus brevicornis,0
ST2636,Hylaeus communis,2
ST2636,Hylaeus confusus,0
ST2636,Hylaeus dilatatus,1
ST2636,Hylaeus hyalinatus,0
ST2636,Hylaeus pectoralis,0
ST2636,Lasioglossum albipes,0
ST2636,Lasioglossum calceatum,6
ST2636,Lasioglossum cupromicans,0
ST2636,Lasioglossum fratellum,0
ST2636,Lasioglossum fulvicorne,0
ST2636,Lasioglossum laevigatum,1
ST2636,Lasioglossum lativentre,5
ST2636,Lasioglossum leucopus,2
ST2636,Lasioglossum leucozonium,10
ST2636,Lasioglossum malachurum,42
ST2636,Lasioglossum minutissimum,0
ST2636,Lasioglossum morio,4
ST2636,Lasioglossum parvulum,0
ST2636,Lasioglossum pauperatum,0
ST2636,Lasioglossum pauxillum,117
ST2636,Lasioglossum punctatissimum,0
ST2636,Lasioglossum puncticolle,0
ST2636,Lasioglossum quadrinotatum,0
ST2636,Lasioglossum rufitarse,0
ST2636,Lasioglossum smeathmanellum,40
ST2636,Lasioglossum villosulum,2
ST2636,Lasioglossum xanthopus,0
ST2636,Lasioglossum zonulum,0
ST2636,Lejogaster metallina,0
ST2636,Leucozona glaucia,0
ST2636,Leucozona laternaria,0
ST2636,Macropis europaea,0
ST2636,Megachile centuncularis,0
ST2636,Megachile ligniseca,1
ST2636,Megachile versicolor,0
ST2636,Megachile willughbiella,1
ST2636,Melangyna cincta,0
ST2636,Melangyna labiatarum,0
ST2636,Melangyna lasiophthalma,0
ST2636,Melangyna umbellatarum,0
ST2636,Melanogaster aerosa,0
ST2636,Melanogaster hirtella,1
ST2636,Melanostoma form,0
ST2636,Melanostoma mellinum,4
ST2636,Melanostoma scalare,0
ST2636,Meliscaeva auricollis,0
ST2636,Meliscaeva cinctella,0
ST2636,Melitta leporina,0
ST2636,Merodon equestris,0
ST2636,Myathropa florea,0
ST2636,Neoascia geniculata,0
ST2636,Neoascia meticulosa,0
ST2636,Neoascia podagrica,1
ST2636,Neoascia tenur,0
ST2636,Nomada fabriciana,0
ST2636,Nomada flava,0
ST2636,Nomada flavoguttata,0
ST2636,Nomada flavopicta,0
ST2636,Nomada fucata,0
ST2636,Nomada goodeniana,0
ST2636,Nomada lathburiana,0
ST2636,Nomada marshamella,0
ST2636,Nomada obtusifrons,0
ST2636,Nomada panzeri,0
ST2636,Nomada ruficornis,0
ST2636,Nomada striata,1
ST2636,Orthonevra nobilis,0
ST2636,Osmia bicolor,0
ST2636,Osmia bicornis,0
ST2636,Osmia caerulescens,0
ST2636,Osmia leaiana,0
ST2636,Osmia spinulosa,0
ST2636,Panurgus banksianus,0
ST2636,Panurgus calcaratus,0
ST2636,Parasyrphus punctulatus,0
ST2636,Parhelophilus frutetorum,0
ST2636,Parhelophilus versicolor,0
ST2636,Pipiza bimaculata,0
ST2636,Pipizella viduata,0
ST2636,Platycheirus albimanus,0
ST2636,Platycheirus clypeatus,0
ST2636,Platycheirus granditarsus,0
ST2636,Platycheirus manicatus,0
ST2636,Platycheirus nielseni,0
ST2636,Platycheirus peltatus,0
ST2636,Platycheirus ramsarensis,0
ST2636,Platycheirus rosarum,0
ST2636,Platycheirus scutatus,0
ST2636,Platycheirus tarsalis,0
ST2636,Rhingia campestris,2
ST2636,Rhingia rostrata,0
ST2636,Riponnensia splendens,0
ST2636,Scaeva pyrastri,0
ST2636,Scaeva selenitica,0
ST2636,Sericomyia lappona,0
ST2636,Sericomyia silentis,0
ST2636,Sericomyia superbiens,0
ST2636,Sphaerophoria fatarum,0
ST2636,Sphaerophoria interrupta,0
ST2636,Sphaerophoria philanthus,0
ST2636,Sphaerophoria rueppellii,0
ST2636,Sphaerophoria scripta,2
ST2636,Sphaerophoria taeniata,2
ST2636,Sphecodes crassus,0
ST2636,Sphecodes ephippius,0
ST2636,Sphecodes ferruginatus,0
ST2636,Sphecodes geoffrellus,0
ST2636,Sphecodes monilicornis,0
ST2636,Sphecodes niger,0
ST2636,Sphegina clunipes,0
ST2636,Syritta pipiens,1
ST2636,Syrphus rectus,0
ST2636,Syrphus ribesii,1
ST2636,Syrphus torvus,0
ST2636,Syrphus vitripennis,1
ST2636,Tropidia scita,0
ST2636,Volucella bombylans,0
ST2636,Volucella inanis,0
ST2636,Volucella inflata,0
ST2636,Volucella pellucens,0
ST2636,Xanthogramma pedissequum,1
ST2636,Xanthogramma stackelbergi,0
ST2636,Xylota abiens,0
ST2636,Xylota jakutorum,0
ST2636,Xylota segnis,2
ST2636,Xylota sylvarum,0
ST2983,Anasimyia contracta,0
ST2983,Anasimyia lineata,0
ST2983,Anasimyia transfuga,1
ST2983,Andrena alfkenella,0
ST2983,Andrena angustior,0
ST2983,Andrena bicolor,0
ST2983,Andrena bucephala,0
ST2983,Andrena chrysosceles,1
ST2983,Andrena cineraria,0
ST2983,Andrena coitana,0
ST2983,Andrena denticulata,0
ST2983,Andrena dorsata,0
ST2983,Andrena flavipes,0
ST2983,Andrena fucata,0
ST2983,Andrena fulva,0
ST2983,Andrena haemorrhoa,0
ST2983,Andrena helvola,0
ST2983,Andrena humilis,0
ST2983,Andrena lapponica,0
ST2983,Andrena minutula,0
ST2983,Andrena nigriceps,0
ST2983,Andrena nigroaenea,0
ST2983,Andrena nitida,0
ST2983,Andrena scotica,0
ST2983,Andrena semilaevis,0
ST2983,Andrena subopaca,0
ST2983,Andrena synadelpha,0
ST2983,Andrena tarsata,0
ST2983,Andrena thoracica,0
ST2983,Andrena trimmerana,0
ST2983,Andrena wilkella,0
ST2983,Anthidium manicatum,0
ST2983,Anthophora furcata,0
ST2983,Anthophora plumipes,0
ST2983,Apis mellifera,5
ST2983,Arctophila superbiens,0
ST2983,Bombus barbutellus,0
ST2983,Bombus bohemicus,0
ST2983,Bombus campestris,0
ST2983,Bombus hortorum,0
ST2983,Bombus humilis,0
ST2983,Bombus hypnorum,0
ST2983,Bombus jonellus,0
ST2983,Bombus lapidarius,0
ST2983,Bombus lucorum,0
ST2983,Bombus monticola,0
ST2983,Bombus muscorum,0
ST2983,Bombus pascuorum,1
ST2983,Bombus pratorum,2
ST2983,Bombus ruderarius,0
ST2983,Bombus ruderatus,0
ST2983,Bombus rupestris,0
ST2983,Bombus soroeensis,0
ST2983,Bombus sylvestris,0
ST2983,Bombus terrestris,0
ST2983,Bombus vestalis,0
ST2983,Chalcosyrphus nemorum,0
ST2983,Cheilosia albitarsis,0
ST2983,Cheilosia bergenstammi,0
ST2983,Cheilosia fraterna,0
ST2983,Cheilosia illustrata,0
ST2983,Cheilosia lasiopa,0
ST2983,Cheilosia latifrons,0
ST2983,Cheilosia pagana,0
ST2983,Cheilosia proxima,0
ST2983,Cheilosia soror,0
ST2983,Cheilosia vernalis,0
ST2983,Chelostoma campanularum,0
ST2983,Chrysogaster cemiteriorum,0
ST2983,Chrysogaster virescens,0
ST2983,Chrysotoxum arcuatum,0
ST2983,Chrysotoxum bicinctum,0
ST2983,Chrysotoxum festivum,0
ST2983,Chrysotoxum verralli,0
ST2983,Coelioxys elongata,0
ST2983,Coelioxys inermis,0
ST2983,Colletes similis,0
ST2983,Colletes succinctus,0
ST2983,Dasypoda hirtipes,0
ST2983,Dasysyrphus albostriatus,0
ST2983,Dasysyrphus neovenustus,0
ST2983,Dasysyrphus tricinctus,0
ST2983,Dasysyrphus venustus,0
ST2983,Epistrophe grossulariae,0
ST2983,Episyrphus balteatus,0
ST2983,Eristalinus aeneus,0
ST2983,Eristalinus sepulchralis,9
ST2983,Eristalis abusiva,0
ST2983,Eristalis abusivus,0
ST2983,Eristalis arbustorum,4
ST2983,Eristalis horticola,1
ST2983,Eristalis intricaria,0
ST2983,Eristalis intricarius,0
ST2983,Eristalis nemorum,1
ST2983,Eristalis pertinax,2
ST2983,Eristalis rupium,0
ST2983,Eristalis tenax,0
ST2983,Eucera longicornis,0
ST2983,Eumerus funeralis,0
ST2983,Eumerus ornatus,0
ST2983,Eumerus strigatus,0
ST2983,Eupeodes corollae,0
ST2983,Eupeodes latifasciatus,11
ST2983,Eupeodes luniger,0
ST2983,Ferdinandea cuprea,0
ST2983,Halictus confusus,0
ST2983,Halictus eurygnathus,0
ST2983,Halictus rubicundus,0
ST2983,Halictus tumulorum,2
ST2983,Helophilus hybridus,0
ST2983,Helophilus pendulus,21
ST2983,Helophilus trivittatus,0
ST2983,Hylaeus brevicornis,0
ST2983,Hylaeus communis,1
ST2983,Hylaeus confusus,0
ST2983,Hylaeus dilatatus,0
ST2983,Hylaeus hyalinatus,0
ST2983,Hylaeus pectoralis,0
ST2983,Lasioglossum albipes,0
ST2983,Lasioglossum calceatum,2
ST2983,Lasioglossum cupromicans,0
ST2983,Lasioglossum fratellum,0
ST2983,Lasioglossum fulvicorne,0
ST2983,Lasioglossum laevigatum,0
ST2983,Lasioglossum lativentre,0
ST2983,Lasioglossum leucopus,0
ST2983,Lasioglossum leucozonium,0
ST2983,Lasioglossum malachurum,0
ST2983,Lasioglossum minutissimum,0
ST2983,Lasioglossum morio,0
ST2983,Lasioglossum parvulum,0
ST2983,Lasioglossum pauperatum,0
ST2983,Lasioglossum pauxillum,0
ST2983,Lasioglossum punctatissimum,0
ST2983,Lasioglossum puncticolle,0
ST2983,Lasioglossum quadrinotatum,0
ST2983,Lasioglossum rufitarse,0
ST2983,Lasioglossum smeathmanellum,0
ST2983,Lasioglossum villosulum,0
ST2983,Lasioglossum xanthopus,0
ST2983,Lasioglossum zonulum,1
ST2983,Lejogaster metallina,0
ST2983,Leucozona glaucia,0
ST2983,Leucozona laternaria,0
ST2983,Macropis europaea,0
ST2983,Megachile centuncularis,0
ST2983,Megachile ligniseca,0
ST2983,Megachile versicolor,0
ST2983,Megachile willughbiella,0
ST2983,Melangyna cincta,0
ST2983,Melangyna labiatarum,0
ST2983,Melangyna lasiophthalma,0
ST2983,Melangyna umbellatarum,0
ST2983,Melanogaster aerosa,0
ST2983,Melanogaster hirtella,0
ST2983,Melanostoma form,0
ST2983,Melanostoma mellinum,2
ST2983,Melanostoma scalare,0
ST2983,Meliscaeva auricollis,0
ST2983,Meliscaeva cinctella,0
ST2983,Melitta leporina,0
ST2983,Merodon equestris,0
ST2983,Myathropa florea,0
ST2983,Neoascia geniculata,0
ST2983,Neoascia meticulosa,0
ST2983,Neoascia podagrica,3
ST2983,Neoascia tenur,0
ST2983,Nomada fabriciana,0
ST2983,Nomada flava,0
ST2983,Nomada flavoguttata,0
ST2983,Nomada flavopicta,0
ST2983,Nomada fucata,0
ST2983,Nomada goodeniana,0
ST2983,Nomada lathburiana,0
ST2983,Nomada marshamella,0
ST2983,Nomada obtusifrons,0
ST2983,Nomada panzeri,0
ST2983,Nomada ruficornis,0
ST2983,Nomada striata,0
ST2983,Orthonevra nobilis,0
ST2983,Osmia bicolor,0
ST2983,Osmia bicornis,0
ST2983,Osmia caerulescens,0
ST2983,Osmia leaiana,0
ST2983,Osmia spinulosa,0
ST2983,Panurgus banksianus,0
ST2983,Panurgus calcaratus,0
ST2983,Parasyrphus punctulatus,0
ST2983,Parhelophilus frutetorum,0
ST2983,Parhelophilus versicolor,0
ST2983,Pipiza bimaculata,0
ST2983,Pipizella viduata,0
ST2983,Platycheirus albimanus,0
ST2983,Platycheirus clypeatus,0
ST2983,Platycheirus granditarsus,0
ST2983,Platycheirus manicatus,0
ST2983,Platycheirus nielseni,0
ST2983,Platycheirus peltatus,0
ST2983,Platycheirus ramsarensis,0
ST2983,Platycheirus rosarum,0
ST2983,Platycheirus scutatus,0
ST2983,Platycheirus tarsalis,0
ST2983,Rhingia campestris,29
ST2983,Rhingia rostrata,0
ST2983,Riponnensia splendens,0
ST2983,Scaeva pyrastri,0
ST2983,Scaeva selenitica,0
ST2983,Sericomyia lappona,0
ST2983,Sericomyia silentis,0
ST2983,Sericomyia superbiens,0
ST2983,Sphaerophoria fatarum,0
ST2983,Sphaerophoria interrupta,1
ST2983,Sphaerophoria philanthus,0
ST2983,Sphaerophoria rueppellii,0
ST2983,Sphaerophoria scripta,1
ST2983,Sphaerophoria taeniata,0
ST2983,Sphecodes crassus,0
ST2983,Sphecodes ephippius,0
ST2983,Sphecodes ferruginatus,0
ST2983,Sphecodes geoffrellus,0
ST2983,Sphecodes monilicornis,0
ST2983,Sphecodes niger,0
ST2983,Sphegina clunipes,0
ST2983,Syritta pipiens,0
ST2983,Syrphus rectus,0
ST2983,Syrphus ribesii,1
ST2983,Syrphus torvus,0
ST2983,Syrphus vitripennis,0
ST2983,Tropidia scita,0
ST2983,Volucella bombylans,0
ST2983,Volucella inanis,0
ST2983,Volucella inflata,0
ST2983,Volucella pellucens,0
ST2983,Xanthogramma pedissequum,0
ST2983,Xanthogramma stackelbergi,0
ST2983,Xylota abiens,0
ST2983,Xylota jakutorum,0
ST2983,Xylota segnis,0
ST2983,Xylota sylvarum,0
ST4543,Anasimyia contracta,1
ST4543,Anasimyia lineata,9
ST4543,Anasimyia transfuga,0
ST4543,Andrena alfkenella,0
ST4543,Andrena angustior,0
ST4543,Andrena bicolor,0
ST4543,Andrena bucephala,0
ST4543,Andrena chrysosceles,0
ST4543,Andrena cineraria,0
ST4543,Andrena coitana,0
ST4543,Andrena denticulata,0
ST4543,Andrena dorsata,0
ST4543,Andrena flavipes,0
ST4543,Andrena fucata,0
ST4543,Andrena fulva,0
ST4543,Andrena haemorrhoa,3
ST4543,Andrena helvola,0
ST4543,Andrena humilis,0
ST4543,Andrena lapponica,0
ST4543,Andrena minutula,0
ST4543,Andrena nigriceps,0
ST4543,Andrena nigroaenea,0
ST4543,Andrena nitida,1
ST4543,Andrena scotica,0
ST4543,Andrena semilaevis,0
ST4543,Andrena subopaca,0
ST4543,Andrena synadelpha,0
ST4543,Andrena tarsata,0
ST4543,Andrena thoracica,0
ST4543,Andrena trimmerana,0
ST4543,Andrena wilkella,0
ST4543,Anthidium manicatum,0
ST4543,Anthophora furcata,0
ST4543,Anthophora plumipes,0
ST4543,Apis mellifera,4
ST4543,Arctophila superbiens,0
ST4543,Bombus barbutellus,0
ST4543,Bombus bohemicus,0
ST4543,Bombus campestris,0
ST4543,Bombus hortorum,3
ST4543,Bombus humilis,0
ST4543,Bombus hypnorum,1
ST4543,Bombus jonellus,0
ST4543,Bombus lapidarius,2
ST4543,Bombus lucorum,5
ST4543,Bombus monticola,0
ST4543,Bombus muscorum,1
ST4543,Bombus pascuorum,27
ST4543,Bombus pratorum,5
ST4543,Bombus ruderarius,0
ST4543,Bombus ruderatus,0
ST4543,Bombus rupestris,0
ST4543,Bombus soroeensis,0
ST4543,Bombus sylvestris,1
ST4543,Bombus terrestris,3
ST4543,Bombus vestalis,0
ST4543,Chalcosyrphus nemorum,7
ST4543,Cheilosia albitarsis,3
ST4543,Cheilosia bergenstammi,0
ST4543,Cheilosia fraterna,1
ST4543,Cheilosia illustrata,0
ST4543,Cheilosia lasiopa,0
ST4543,Cheilosia latifrons,0
ST4543,Cheilosia pagana,0
ST4543,Cheilosia proxima,0
ST4543,Cheilosia soror,0
ST4543,Cheilosia vernalis,0
ST4543,Chelostoma campanularum,0
ST4543,Chrysogaster cemiteriorum,0
ST4543,Chrysogaster virescens,0
ST4543,Chrysotoxum arcuatum,0
ST4543,Chrysotoxum bicinctum,0
ST4543,Chrysotoxum festivum,0
ST4543,Chrysotoxum verralli,0
ST4543,Coelioxys elongata,0
ST4543,Coelioxys inermis,0
ST4543,Colletes similis,0
ST4543,Colletes succinctus,0
ST4543,Dasypoda hirtipes,0
ST4543,Dasysyrphus albostriatus,0
ST4543,Dasysyrphus neovenustus,0
ST4543,Dasysyrphus tricinctus,0
ST4543,Dasysyrphus venustus,0
ST4543,Epistrophe grossulariae,0
ST4543,Episyrphus balteatus,1
ST4543,Eristalinus aeneus,0
ST4543,Eristalinus sepulchralis,11
ST4543,Eristalis abusiva,0
ST4543,Eristalis abusivus,0
ST4543,Eristalis arbustorum,19
ST4543,Eristalis horticola,1
ST4543,Eristalis intricaria,0
ST4543,Eristalis intricarius,1
ST4543,Eristalis nemorum,3
ST4543,Eristalis pertinax,2
ST4543,Eristalis rupium,0
ST4543,Eristalis tenax,8
ST4543,Eucera longicornis,0
ST4543,Eumerus funeralis,0
ST4543,Eumerus ornatus,0
ST4543,Eumerus strigatus,1
ST4543,Eupeodes corollae,0
ST4543,Eupeodes latifasciatus,2
ST4543,Eupeodes luniger,0
ST4543,Ferdinandea cuprea,0
ST4543,Halictus confusus,0
ST4543,Halictus eurygnathus,0
ST4543,Halictus rubicundus,0
ST4543,Halictus tumulorum,1
ST4543,Helophilus hybridus,4
ST4543,Helophilus pendulus,33
ST4543,Helophilus trivittatus,1
ST4543,Hylaeus brevicornis,1
ST4543,Hylaeus communis,1
ST4543,Hylaeus confusus,2
ST4543,Hylaeus dilatatus,0
ST4543,Hylaeus hyalinatus,0
ST4543,Hylaeus pectoralis,0
ST4543,Lasioglossum albipes,0
ST4543,Lasioglossum calceatum,0
ST4543,Lasioglossum cupromicans,0
ST4543,Lasioglossum fratellum,0
ST4543,Lasioglossum fulvicorne,0
ST4543,Lasioglossum laevigatum,0
ST4543,Lasioglossum lativentre,0
ST4543,Lasioglossum leucopus,0
ST4543,Lasioglossum leucozonium,4
ST4543,Lasioglossum malachurum,1
ST4543,Lasioglossum minutissimum,0
ST4543,Lasioglossum morio,0
ST4543,Lasioglossum parvulum,0
ST4543,Lasioglossum pauperatum,0
ST4543,Lasioglossum pauxillum,0
ST4543,Lasioglossum punctatissimum,0
ST4543,Lasioglossum puncticolle,0
ST4543,Lasioglossum quadrinotatum,0
ST4543,Lasioglossum rufitarse,0
ST4543,Lasioglossum smeathmanellum,0
ST4543,Lasioglossum villosulum,0
ST4543,Lasioglossum xanthopus,0
ST4543,Lasioglossum zonulum,61
ST4543,Lejogaster metallina,0
ST4543,Leucozona glaucia,0
ST4543,Leucozona laternaria,0
ST4543,Macropis europaea,1
ST4543,Megachile centuncularis,0
ST4543,Megachile ligniseca,2
ST4543,Megachile versicolor,0
ST4543,Megachile willughbiella,0
ST4543,Melangyna cincta,0
ST4543,Melangyna labiatarum,0
ST4543,Melangyna lasiophthalma,0
ST4543,Melangyna umbellatarum,0
ST4543,Melanogaster aerosa,0
ST4543,Melanogaster hirtella,4
ST4543,Melanostoma form,0
ST4543,Melanostoma mellinum,2
ST4543,Melanostoma scalare,0
ST4543,Meliscaeva auricollis,0
ST4543,Meliscaeva cinctella,0
ST4543,Melitta leporina,0
ST4543,Merodon equestris,0
ST4543,Myathropa florea,2
ST4543,Neoascia geniculata,0
ST4543,Neoascia meticulosa,0
ST4543,Neoascia podagrica,0
ST4543,Neoascia tenur,0
ST4543,Nomada fabriciana,0
ST4543,Nomada flava,0
ST4543,Nomada flavoguttata,0
ST4543,Nomada flavopicta,0
ST4543,Nomada fucata,0
ST4543,Nomada goodeniana,0
ST4543,Nomada lathburiana,0
ST4543,Nomada marshamella,0
ST4543,Nomada obtusifrons,0
ST4543,Nomada panzeri,0
ST4543,Nomada ruficornis,0
ST4543,Nomada striata,0
ST4543,Orthonevra nobilis,0
ST4543,Osmia bicolor,0
ST4543,Osmia bicornis,0
ST4543,Osmia caerulescens,0
ST4543,Osmia leaiana,0
ST4543,Osmia spinulosa,0
ST4543,Panurgus banksianus,0
ST4543,Panurgus calcaratus,0
ST4543,Parasyrphus punctulatus,0
ST4543,Parhelophilus frutetorum,0
ST4543,Parhelophilus versicolor,2
ST4543,Pipiza bimaculata,0
ST4543,Pipizella viduata,0
ST4543,Platycheirus albimanus,0
ST4543,Platycheirus clypeatus,0
ST4543,Platycheirus granditarsus,1
ST4543,Platycheirus manicatus,0
ST4543,Platycheirus nielseni,0
ST4543,Platycheirus peltatus,0
ST4543,Platycheirus ramsarensis,0
ST4543,Platycheirus rosarum,0
ST4543,Platycheirus scutatus,0
ST4543,Platycheirus tarsalis,0
ST4543,Rhingia campestris,4
ST4543,Rhingia rostrata,0
ST4543,Riponnensia splendens,0
ST4543,Scaeva pyrastri,0
ST4543,Scaeva selenitica,0
ST4543,Sericomyia lappona,0
ST4543,Sericomyia silentis,0
ST4543,Sericomyia superbiens,0
ST4543,Sphaerophoria fatarum,0
ST4543,Sphaerophoria interrupta,0
ST4543,Sphaerophoria philanthus,0
ST4543,Sphaerophoria rueppellii,0
ST4543,Sphaerophoria scripta,0
ST4543,Sphaerophoria taeniata,0
ST4543,Sphecodes crassus,0
ST4543,Sphecodes ephippius,0
ST4543,Sphecodes ferruginatus,0
ST4543,Sphecodes geoffrellus,0
ST4543,Sphecodes monilicornis,0
ST4543,Sphecodes niger,0
ST4543,Sphegina clunipes,0
ST4543,Syritta pipiens,0
ST4543,Syrphus rectus,1
ST4543,Syrphus ribesii,5
ST4543,Syrphus torvus,0
ST4543,Syrphus vitripennis,1
ST4543,Tropidia scita,0
ST4543,Volucella bombylans,0
ST4543,Volucella inanis,0
ST4543,Volucella inflata,0
ST4543,Volucella pellucens,0
ST4543,Xanthogramma pedissequum,0
ST4543,Xanthogramma stackelbergi,0
ST4543,Xylota abiens,0
ST4543,Xylota jakutorum,0
ST4543,Xylota segnis,1
ST4543,Xylota sylvarum,0
ST9351,Anasimyia contracta,0
ST9351,Anasimyia lineata,0
ST9351,Anasimyia transfuga,0
ST9351,Andrena alfkenella,2
ST9351,Andrena angustior,1
ST9351,Andrena bicolor,4
ST9351,Andrena bucephala,0
ST9351,Andrena chrysosceles,0
ST9351,Andrena cineraria,3
ST9351,Andrena coitana,0
ST9351,Andrena denticulata,0
ST9351,Andrena dorsata,1
ST9351,Andrena flavipes,4
ST9351,Andrena fucata,0
ST9351,Andrena fulva,0
ST9351,Andrena haemorrhoa,1
ST9351,Andrena helvola,0
ST9351,Andrena humilis,0
ST9351,Andrena lapponica,0
ST9351,Andrena minutula,11
ST9351,Andrena nigriceps,2
ST9351,Andrena nigroaenea,1
ST9351,Andrena nitida,1
ST9351,Andrena scotica,0
ST9351,Andrena semilaevis,1
ST9351,Andrena subopaca,0
ST9351,Andrena synadelpha,0
ST9351,Andrena tarsata,0
ST9351,Andrena thoracica,0
ST9351,Andrena trimmerana,0
ST9351,Andrena wilkella,0
ST9351,Anthidium manicatum,0
ST9351,Anthophora furcata,0
ST9351,Anthophora plumipes,0
ST9351,Apis mellifera,29
ST9351,Arctophila superbiens,0
ST9351,Bombus barbutellus,1
ST9351,Bombus bohemicus,0
ST9351,Bombus campestris,0
ST9351,Bombus hortorum,2
ST9351,Bombus humilis,2
ST9351,Bombus hypnorum,0
ST9351,Bombus jonellus,0
ST9351,Bombus lapidarius,10
ST9351,Bombus lucorum,7
ST9351,Bombus monticola,0
ST9351,Bombus muscorum,0
ST9351,Bombus pascuorum,11
ST9351,Bombus pratorum,0
ST9351,Bombus ruderarius,1
ST9351,Bombus ruderatus,0
ST9351,Bombus rupestris,0
ST9351,Bombus soroeensis,0
ST9351,Bombus sylvestris,0
ST9351,Bombus terrestris,7
ST9351,Bombus vestalis,1
ST9351,Chalcosyrphus nemorum,0
ST9351,Cheilosia albitarsis,0
ST9351,Cheilosia bergenstammi,0
ST9351,Cheilosia fraterna,0
ST9351,Cheilosia illustrata,0
ST9351,Cheilosia lasiopa,0
ST9351,Cheilosia latifrons,0
ST9351,Cheilosia pagana,0
ST9351,Cheilosia proxima,0
ST9351,Cheilosia soror,0
ST9351,Cheilosia vernalis,0
ST9351,Chelostoma campanularum,0
ST9351,Chrysogaster cemiteriorum,0
ST9351,Chrysogaster virescens,0
ST9351,Chrysotoxum arcuatum,0
ST9351,Chrysotoxum bicinctum,0
ST9351,Chrysotoxum festivum,0
ST9351,Chrysotoxum verralli,0
ST9351,Coelioxys elongata,0
ST9351,Coelioxys inermis,0
ST9351,Colletes similis,0
ST9351,Colletes succinctus,0
ST9351,Dasypoda hirtipes,0
ST9351,Dasysyrphus albostriatus,0
ST9351,Dasysyrphus neovenustus,0
ST9351,Dasysyrphus tricinctus,0
ST9351,Dasysyrphus venustus,0
ST9351,Epistrophe grossulariae,0
ST9351,Episyrphus balteatus,3
ST9351,Eristalinus aeneus,0
ST9351,Eristalinus sepulchralis,0
ST9351,Eristalis abusiva,0
ST9351,Eristalis abusivus,0
ST9351,Eristalis arbustorum,1
ST9351,Eristalis horticola,0
ST9351,Eristalis intricaria,0
ST9351,Eristalis intricarius,0
ST9351,Eristalis nemorum,0
ST9351,Eristalis pertinax,0
ST9351,Eristalis rupium,0
ST9351,Eristalis tenax,1
ST9351,Eucera longicornis,0
ST9351,Eumerus funeralis,0
ST9351,Eumerus ornatus,0
ST9351,Eumerus strigatus,0
ST9351,Eupeodes corollae,0
ST9351,Eupeodes latifasciatus,0
ST9351,Eupeodes luniger,1
ST9351,Ferdinandea cuprea,0
ST9351,Halictus confusus,0
ST9351,Halictus eurygnathus,0
ST9351,Halictus rubicundus,9
ST9351,Halictus tumulorum,12
ST9351,Helophilus hybridus,0
ST9351,Helophilus pendulus,0
ST9351,Helophilus trivittatus,0
ST9351,Hylaeus brevicornis,0
ST9351,Hylaeus communis,0
ST9351,Hylaeus confusus,0
ST9351,Hylaeus dilatatus,1
ST9351,Hylaeus hyalinatus,0
ST9351,Hylaeus pectoralis,0
ST9351,Lasioglossum albipes,3
ST9351,Lasioglossum calceatum,5
ST9351,Lasioglossum cupromicans,0
ST9351,Lasioglossum fratellum,0
ST9351,Lasioglossum fulvicorne,1
ST9351,Lasioglossum laevigatum,1
ST9351,Lasioglossum lativentre,2
ST9351,Lasioglossum leucopus,3
ST9351,Lasioglossum leucozonium,3
ST9351,Lasioglossum malachurum,3
ST9351,Lasioglossum minutissimum,0
ST9351,Lasioglossum morio,0
ST9351,Lasioglossum parvulum,0
ST9351,Lasioglossum pauperatum,0
ST9351,Lasioglossum pauxillum,0
ST9351,Lasioglossum punctatissimum,0
ST9351,Lasioglossum puncticolle,0
ST9351,Lasioglossum quadrinotatum,0
ST9351,Lasioglossum rufitarse,0
ST9351,Lasioglossum smeathmanellum,0
ST9351,Lasioglossum villosulum,1
ST9351,Lasioglossum xanthopus,1
ST9351,Lasioglossum zonulum,0
ST9351,Lejogaster metallina,0
ST9351,Leucozona glaucia,0
ST9351,Leucozona laternaria,0
ST9351,Macropis europaea,0
ST9351,Megachile centuncularis,0
ST9351,Megachile ligniseca,0
ST9351,Megachile versicolor,0
ST9351,Megachile willughbiella,0
ST9351,Melangyna cincta,0
ST9351,Melangyna labiatarum,0
ST9351,Melangyna lasiophthalma,0
ST9351,Melangyna umbellatarum,0
ST9351,Melanogaster aerosa,0
ST9351,Melanogaster hirtella,0
ST9351,Melanostoma form,0
ST9351,Melanostoma mellinum,10
ST9351,Melanostoma scalare,0
ST9351,Meliscaeva auricollis,0
ST9351,Meliscaeva cinctella,0
ST9351,Melitta leporina,0
ST9351,Merodon equestris,0
ST9351,Myathropa florea,0
ST9351,Neoascia geniculata,0
ST9351,Neoascia meticulosa,0
ST9351,Neoascia podagrica,0
ST9351,Neoascia tenur,0
ST9351,Nomada fabriciana,0
ST9351,Nomada flava,0
ST9351,Nomada flavoguttata,4
ST9351,Nomada flavopicta,1
ST9351,Nomada fucata,0
ST9351,Nomada goodeniana,0
ST9351,Nomada lathburiana,1
ST9351,Nomada marshamella,1
ST9351,Nomada obtusifrons,0
ST9351,Nomada panzeri,0
ST9351,Nomada ruficornis,0
ST9351,Nomada striata,0
ST9351,Orthonevra nobilis,0
ST9351,Osmia bicolor,0
ST9351,Osmia bicornis,0
ST9351,Osmia caerulescens,0
ST9351,Osmia leaiana,0
ST9351,Osmia spinulosa,0
ST9351,Panurgus banksianus,0
ST9351,Panurgus calcaratus,0
ST9351,Parasyrphus punctulatus,0
ST9351,Parhelophilus frutetorum,0
ST9351,Parhelophilus versicolor,0
ST9351,Pipiza bimaculata,0
ST9351,Pipizella viduata,0
ST9351,Platycheirus albimanus,0
ST9351,Platycheirus clypeatus,0
ST9351,Platycheirus granditarsus,0
ST9351,Platycheirus manicatus,0
ST9351,Platycheirus nielseni,0
ST9351,Platycheirus peltatus,0
ST9351,Platycheirus ramsarensis,0
ST9351,Platycheirus rosarum,0
ST9351,Platycheirus scutatus,0
ST9351,Platycheirus tarsalis,0
ST9351,Rhingia campestris,0
ST9351,Rhingia rostrata,0
ST9351,Riponnensia splendens,0
ST9351,Scaeva pyrastri,0
ST9351,Scaeva selenitica,0
ST9351,Sericomyia lappona,0
ST9351,Sericomyia silentis,0
ST9351,Sericomyia superbiens,0
ST9351,Sphaerophoria fatarum,0
ST9351,Sphaerophoria interrupta,1
ST9351,Sphaerophoria philanthus,0
ST9351,Sphaerophoria rueppellii,0
ST9351,Sphaerophoria scripta,8
ST9351,Sphaerophoria taeniata,0
ST9351,Sphecodes crassus,0
ST9351,Sphecodes ephippius,0
ST9351,Sphecodes ferruginatus,0
ST9351,Sphecodes geoffrellus,0
ST9351,Sphecodes monilicornis,0
ST9351,Sphecodes niger,0
ST9351,Sphegina clunipes,0
ST9351,Syritta pipiens,0
ST9351,Syrphus rectus,0
ST9351,Syrphus ribesii,0
ST9351,Syrphus torvus,0
ST9351,Syrphus vitripennis,1
ST9351,Tropidia scita,0
ST9351,Volucella bombylans,0
ST9351,Volucella inanis,0
ST9351,Volucella inflata,0
ST9351,Volucella pellucens,0
ST9351,Xanthogramma pedissequum,0
ST9351,Xanthogramma stackelbergi,0
ST9351,Xylota abiens,0
ST9351,Xylota jakutorum,0
ST9351,Xylota segnis,0
ST9351,Xylota sylvarum,0
SU1466,Anasimyia contracta,0
SU1466,Anasimyia lineata,0
SU1466,Anasimyia transfuga,0
SU1466,Andrena alfkenella,0
SU1466,Andrena angustior,0
SU1466,Andrena bicolor,1
SU1466,Andrena bucephala,0
SU1466,Andrena chrysosceles,0
SU1466,Andrena cineraria,0
SU1466,Andrena coitana,0
SU1466,Andrena denticulata,0
SU1466,Andrena dorsata,1
SU1466,Andrena flavipes,0
SU1466,Andrena fucata,0
SU1466,Andrena fulva,0
SU1466,Andrena haemorrhoa,0
SU1466,Andrena helvola,0
SU1466,Andrena humilis,0
SU1466,Andrena lapponica,0
SU1466,Andrena minutula,1
SU1466,Andrena nigriceps,0
SU1466,Andrena nigroaenea,1
SU1466,Andrena nitida,0
SU1466,Andrena scotica,0
SU1466,Andrena semilaevis,0
SU1466,Andrena subopaca,0
SU1466,Andrena synadelpha,0
SU1466,Andrena tarsata,0
SU1466,Andrena thoracica,0
SU1466,Andrena trimmerana,0
SU1466,Andrena wilkella,0
SU1466,Anthidium manicatum,0
SU1466,Anthophora furcata,0
SU1466,Anthophora plumipes,0
SU1466,Apis mellifera,4
SU1466,Arctophila superbiens,0
SU1466,Bombus barbutellus,0
SU1466,Bombus bohemicus,0
SU1466,Bombus campestris,0
SU1466,Bombus hortorum,4
SU1466,Bombus humilis,0
SU1466,Bombus hypnorum,1
SU1466,Bombus jonellus,0
SU1466,Bombus lapidarius,0
SU1466,Bombus lucorum,8
SU1466,Bombus monticola,0
SU1466,Bombus muscorum,0
SU1466,Bombus pascuorum,9
SU1466,Bombus pratorum,8
SU1466,Bombus ruderarius,0
SU1466,Bombus ruderatus,0
SU1466,Bombus rupestris,0
SU1466,Bombus soroeensis,0
SU1466,Bombus sylvestris,2
SU1466,Bombus terrestris,5
SU1466,Bombus vestalis,4
SU1466,Chalcosyrphus nemorum,0
SU1466,Cheilosia albitarsis,0
SU1466,Cheilosia bergenstammi,0
SU1466,Cheilosia fraterna,0
SU1466,Cheilosia illustrata,0
SU1466,Cheilosia lasiopa,0
SU1466,Cheilosia latifrons,0
SU1466,Cheilosia pagana,2
SU1466,Cheilosia proxima,0
SU1466,Cheilosia soror,0
SU1466,Cheilosia vernalis,0
SU1466,Chelostoma campanularum,0
SU1466,Chrysogaster cemiteriorum,0
SU1466,Chrysogaster virescens,0
SU1466,Chrysotoxum arcuatum,0
SU1466,Chrysotoxum bicinctum,0
SU1466,Chrysotoxum festivum,0
SU1466,Chrysotoxum verralli,0
SU1466,Coelioxys elongata,0
SU1466,Coelioxys inermis,0
SU1466,Colletes similis,0
SU1466,Colletes succinctus,0
SU1466,Dasypoda hirtipes,0
SU1466,Dasysyrphus albostriatus,0
SU1466,Dasysyrphus neovenustus,0
SU1466,Dasysyrphus tricinctus,1
SU1466,Dasysyrphus venustus,0
SU1466,Epistrophe grossulariae,0
SU1466,Episyrphus balteatus,14
SU1466,Eristalinus aeneus,0
SU1466,Eristalinus sepulchralis,0
SU1466,Eristalis abusiva,0
SU1466,Eristalis abusivus,0
SU1466,Eristalis arbustorum,0
SU1466,Eristalis horticola,0
SU1466,Eristalis intricaria,0
SU1466,Eristalis intricarius,0
SU1466,Eristalis nemorum,1
SU1466,Eristalis pertinax,8
SU1466,Eristalis rupium,0
SU1466,Eristalis tenax,1
SU1466,Eucera longicornis,0
SU1466,Eumerus funeralis,0
SU1466,Eumerus ornatus,0
SU1466,Eumerus strigatus,0
SU1466,Eupeodes corollae,0
SU1466,Eupeodes latifasciatus,0
SU1466,Eupeodes luniger,0
SU1466,Ferdinandea cuprea,0
SU1466,Halictus confusus,0
SU1466,Halictus eurygnathus,0
SU1466,Halictus rubicundus,0
SU1466,Halictus tumulorum,0
SU1466,Helophilus hybridus,0
SU1466,Helophilus pendulus,8
SU1466,Helophilus trivittatus,0
SU1466,Hylaeus brevicornis,0
SU1466,Hylaeus communis,0
SU1466,Hylaeus confusus,0
SU1466,Hylaeus dilatatus,0
SU1466,Hylaeus hyalinatus,0
SU1466,Hylaeus pectoralis,0
SU1466,Lasioglossum albipes,0
SU1466,Lasioglossum calceatum,3
SU1466,Lasioglossum cupromicans,0
SU1466,Lasioglossum fratellum,0
SU1466,Lasioglossum fulvicorne,0
SU1466,Lasioglossum laevigatum,0
SU1466,Lasioglossum lativentre,1
SU1466,Lasioglossum leucopus,0
SU1466,Lasioglossum leucozonium,0
SU1466,Lasioglossum malachurum,0
SU1466,Lasioglossum minutissimum,0
SU1466,Lasioglossum morio,0
SU1466,Lasioglossum parvulum,0
SU1466,Lasioglossum pauperatum,0
SU1466,Lasioglossum pauxillum,0
SU1466,Lasioglossum punctatissimum,0
SU1466,Lasioglossum puncticolle,0
SU1466,Lasioglossum quadrinotatum,0
SU1466,Lasioglossum rufitarse,0
SU1466,Lasioglossum smeathmanellum,0
SU1466,Lasioglossum villosulum,0
SU1466,Lasioglossum xanthopus,0
SU1466,Lasioglossum zonulum,0
SU1466,Lejogaster metallina,0
SU1466,Leucozona glaucia,0
SU1466,Leucozona laternaria,0
SU1466,Macropis europaea,0
SU1466,Megachile centuncularis,0
SU1466,Megachile ligniseca,0
SU1466,Megachile versicolor,0
SU1466,Megachile willughbiella,0
SU1466,Melangyna cincta,0
SU1466,Melangyna labiatarum,0
SU1466,Melangyna lasiophthalma,0
SU1466,Melangyna umbellatarum,1
SU1466,Melanogaster aerosa,0
SU1466,Melanogaster hirtella,0
SU1466,Melanostoma form,0
SU1466,Melanostoma mellinum,14
SU1466,Melanostoma scalare,6
SU1466,Meliscaeva auricollis,0
SU1466,Meliscaeva cinctella,7
SU1466,Melitta leporina,0
SU1466,Merodon equestris,0
SU1466,Myathropa florea,2
SU1466,Neoascia geniculata,0
SU1466,Neoascia meticulosa,0
SU1466,Neoascia podagrica,0
SU1466,Neoascia tenur,0
SU1466,Nomada fabriciana,0
SU1466,Nomada flava,0
SU1466,Nomada flavoguttata,0
SU1466,Nomada flavopicta,0
SU1466,Nomada fucata,0
SU1466,Nomada goodeniana,0
SU1466,Nomada lathburiana,0
SU1466,Nomada marshamella,0
SU1466,Nomada obtusifrons,0
SU1466,Nomada panzeri,0
SU1466,Nomada ruficornis,0
SU1466,Nomada striata,0
SU1466,Orthonevra nobilis,0
SU1466,Osmia bicolor,0
SU1466,Osmia bicornis,0
SU1466,Osmia caerulescens,0
SU1466,Osmia leaiana,0
SU1466,Osmia spinulosa,0
SU1466,Panurgus banksianus,0
SU1466,Panurgus calcaratus,0
SU1466,Parasyrphus punctulatus,0
SU1466,Parhelophilus frutetorum,0
SU1466,Parhelophilus versicolor,0
SU1466,Pipiza bimaculata,0
SU1466,Pipizella viduata,0
SU1466,Platycheirus albimanus,9
SU1466,Platycheirus clypeatus,0
SU1466,Platycheirus granditarsus,0
SU1466,Platycheirus manicatus,1
SU1466,Platycheirus nielseni,0
SU1466,Platycheirus peltatus,2
SU1466,Platycheirus ramsarensis,0
SU1466,Platycheirus rosarum,0
SU1466,Platycheirus scutatus,0
SU1466,Platycheirus tarsalis,0
SU1466,Rhingia campestris,3
SU1466,Rhingia rostrata,1
SU1466,Riponnensia splendens,0
SU1466,Scaeva pyrastri,0
SU1466,Scaeva selenitica,0
SU1466,Sericomyia lappona,0
SU1466,Sericomyia silentis,1
SU1466,Sericomyia superbiens,0
SU1466,Sphaerophoria fatarum,0
SU1466,Sphaerophoria interrupta,0
SU1466,Sphaerophoria philanthus,0
SU1466,Sphaerophoria rueppellii,0
SU1466,Sphaerophoria scripta,0
SU1466,Sphaerophoria taeniata,1
SU1466,Sphecodes crassus,0
SU1466,Sphecodes ephippius,0
SU1466,Sphecodes ferruginatus,0
SU1466,Sphecodes geoffrellus,0
SU1466,Sphecodes monilicornis,0
SU1466,Sphecodes niger,0
SU1466,Sphegina clunipes,0
SU1466,Syritta pipiens,2
SU1466,Syrphus rectus,0
SU1466,Syrphus ribesii,8
SU1466,Syrphus torvus,0
SU1466,Syrphus vitripennis,0
SU1466,Tropidia scita,0
SU1466,Volucella bombylans,0
SU1466,Volucella inanis,0
SU1466,Volucella inflata,0
SU1466,Volucella pellucens,0
SU1466,Xanthogramma pedissequum,0
SU1466,Xanthogramma stackelbergi,0
SU1466,Xylota abiens,0
SU1466,Xylota jakutorum,0
SU1466,Xylota segnis,5
SU1466,Xylota sylvarum,0
SU3986,Anasimyia contracta,0
SU3986,Anasimyia lineata,0
SU3986,Anasimyia transfuga,0
SU3986,Andrena alfkenella,2
SU3986,Andrena angustior,0
SU3986,Andrena bicolor,14
SU3986,Andrena bucephala,0
SU3986,Andrena chrysosceles,1
SU3986,Andrena cineraria,2
SU3986,Andrena coitana,0
SU3986,Andrena denticulata,0
SU3986,Andrena dorsata,1
SU3986,Andrena flavipes,4
SU3986,Andrena fucata,0
SU3986,Andrena fulva,0
SU3986,Andrena haemorrhoa,1
SU3986,Andrena helvola,0
SU3986,Andrena humilis,0
SU3986,Andrena lapponica,0
SU3986,Andrena minutula,2
SU3986,Andrena nigriceps,0
SU3986,Andrena nigroaenea,6
SU3986,Andrena nitida,2
SU3986,Andrena scotica,0
SU3986,Andrena semilaevis,0
SU3986,Andrena subopaca,0
SU3986,Andrena synadelpha,0
SU3986,Andrena tarsata,0
SU3986,Andrena thoracica,0
SU3986,Andrena trimmerana,0
SU3986,Andrena wilkella,0
SU3986,Anthidium manicatum,0
SU3986,Anthophora furcata,0
SU3986,Anthophora plumipes,0
SU3986,Apis mellifera,21
SU3986,Arctophila superbiens,0
SU3986,Bombus barbutellus,0
SU3986,Bombus bohemicus,0
SU3986,Bombus campestris,1
SU3986,Bombus hortorum,2
SU3986,Bombus humilis,0
SU3986,Bombus hypnorum,0
SU3986,Bombus jonellus,0
SU3986,Bombus lapidarius,8
SU3986,Bombus lucorum,9
SU3986,Bombus monticola,0
SU3986,Bombus muscorum,0
SU3986,Bombus pascuorum,5
SU3986,Bombus pratorum,1
SU3986,Bombus ruderarius,0
SU3986,Bombus ruderatus,0
SU3986,Bombus rupestris,0
SU3986,Bombus soroeensis,0
SU3986,Bombus sylvestris,0
SU3986,Bombus terrestris,7
SU3986,Bombus vestalis,4
SU3986,Chalcosyrphus nemorum,0
SU3986,Cheilosia albitarsis,0
SU3986,Cheilosia bergenstammi,0
SU3986,Cheilosia fraterna,0
SU3986,Cheilosia illustrata,0
SU3986,Cheilosia lasiopa,0
SU3986,Cheilosia latifrons,0
SU3986,Cheilosia pagana,0
SU3986,Cheilosia proxima,0
SU3986,Cheilosia soror,0
SU3986,Cheilosia vernalis,0
SU3986,Chelostoma campanularum,0
SU3986,Chrysogaster cemiteriorum,0
SU3986,Chrysogaster virescens,0
SU3986,Chrysotoxum arcuatum,0
SU3986,Chrysotoxum bicinctum,0
SU3986,Chrysotoxum festivum,0
SU3986,Chrysotoxum verralli,0
SU3986,Coelioxys elongata,0
SU3986,Coelioxys inermis,0
SU3986,Colletes similis,1
SU3986,Colletes succinctus,0
SU3986,Dasypoda hirtipes,0
SU3986,Dasysyrphus albostriatus,1
SU3986,Dasysyrphus neovenustus,0
SU3986,Dasysyrphus tricinctus,0
SU3986,Dasysyrphus venustus,0
SU3986,Epistrophe grossulariae,0
SU3986,Episyrphus balteatus,34
SU3986,Eristalinus aeneus,0
SU3986,Eristalinus sepulchralis,1
SU3986,Eristalis abusiva,0
SU3986,Eristalis abusivus,0
SU3986,Eristalis arbustorum,0
SU3986,Eristalis horticola,0
SU3986,Eristalis intricaria,0
SU3986,Eristalis intricarius,0
SU3986,Eristalis nemorum,0
SU3986,Eristalis pertinax,1
SU3986,Eristalis rupium,0
SU3986,Eristalis tenax,0
SU3986,Eucera longicornis,0
SU3986,Eumerus funeralis,0
SU3986,Eumerus ornatus,0
SU3986,Eumerus strigatus,0
SU3986,Eupeodes corollae,3
SU3986,Eupeodes latifasciatus,2
SU3986,Eupeodes luniger,1
SU3986,Ferdinandea cuprea,0
SU3986,Halictus confusus,0
SU3986,Halictus eurygnathus,0
SU3986,Halictus rubicundus,1
SU3986,Halictus tumulorum,27
SU3986,Helophilus hybridus,0
SU3986,Helophilus pendulus,1
SU3986,Helophilus trivittatus,0
SU3986,Hylaeus brevicornis,0
SU3986,Hylaeus communis,4
SU3986,Hylaeus confusus,1
SU3986,Hylaeus dilatatus,0
SU3986,Hylaeus hyalinatus,0
SU3986,Hylaeus pectoralis,0
SU3986,Lasioglossum albipes,1
SU3986,Lasioglossum calceatum,30
SU3986,Lasioglossum cupromicans,0
SU3986,Lasioglossum fratellum,0
SU3986,Lasioglossum fulvicorne,0
SU3986,Lasioglossum laevigatum,0
SU3986,Lasioglossum lativentre,0
SU3986,Lasioglossum leucopus,3
SU3986,Lasioglossum leucozonium,4
SU3986,Lasioglossum malachurum,71
SU3986,Lasioglossum minutissimum,1
SU3986,Lasioglossum morio,9
SU3986,Lasioglossum parvulum,0
SU3986,Lasioglossum pauperatum,0
SU3986,Lasioglossum pauxillum,12
SU3986,Lasioglossum punctatissimum,0
SU3986,Lasioglossum puncticolle,0
SU3986,Lasioglossum quadrinotatum,0
SU3986,Lasioglossum rufitarse,0
SU3986,Lasioglossum smeathmanellum,0
SU3986,Lasioglossum villosulum,2
SU3986,Lasioglossum xanthopus,1
SU3986,Lasioglossum zonulum,0
SU3986,Lejogaster metallina,0
SU3986,Leucozona glaucia,0
SU3986,Leucozona laternaria,0
SU3986,Macropis europaea,0
SU3986,Megachile centuncularis,0
SU3986,Megachile ligniseca,1
SU3986,Megachile versicolor,0
SU3986,Megachile willughbiella,0
SU3986,Melangyna cincta,0
SU3986,Melangyna labiatarum,0
SU3986,Melangyna lasiophthalma,0
SU3986,Melangyna umbellatarum,0
SU3986,Melanogaster aerosa,0
SU3986,Melanogaster hirtella,0
SU3986,Melanostoma form,0
SU3986,Melanostoma mellinum,14
SU3986,Melanostoma scalare,0
SU3986,Meliscaeva auricollis,0
SU3986,Meliscaeva cinctella,0
SU3986,Melitta leporina,0
SU3986,Merodon equestris,0
SU3986,Myathropa florea,1
SU3986,Neoascia geniculata,0
SU3986,Neoascia meticulosa,0
SU3986,Neoascia podagrica,0
SU3986,Neoascia tenur,0
SU3986,Nomada fabriciana,0
SU3986,Nomada flava,0
SU3986,Nomada flavoguttata,1
SU3986,Nomada flavopicta,0
SU3986,Nomada fucata,0
SU3986,Nomada goodeniana,0
SU3986,Nomada lathburiana,0
SU3986,Nomada marshamella,0
SU3986,Nomada obtusifrons,0
SU3986,Nomada panzeri,0
SU3986,Nomada ruficornis,0
SU3986,Nomada striata,0
SU3986,Orthonevra nobilis,0
SU3986,Osmia bicolor,1
SU3986,Osmia bicornis,0
SU3986,Osmia caerulescens,0
SU3986,Osmia leaiana,0
SU3986,Osmia spinulosa,1
SU3986,Panurgus banksianus,0
SU3986,Panurgus calcaratus,0
SU3986,Parasyrphus punctulatus,0
SU3986,Parhelophilus frutetorum,0
SU3986,Parhelophilus versicolor,0
SU3986,Pipiza bimaculata,0
SU3986,Pipizella viduata,0
SU3986,Platycheirus albimanus,0
SU3986,Platycheirus clypeatus,0
SU3986,Platycheirus granditarsus,0
SU3986,Platycheirus manicatus,0
SU3986,Platycheirus nielseni,0
SU3986,Platycheirus peltatus,2
SU3986,Platycheirus ramsarensis,0
SU3986,Platycheirus rosarum,0
SU3986,Platycheirus scutatus,0
SU3986,Platycheirus tarsalis,0
SU3986,Rhingia campestris,0
SU3986,Rhingia rostrata,0
SU3986,Riponnensia splendens,0
SU3986,Scaeva pyrastri,0
SU3986,Scaeva selenitica,0
SU3986,Sericomyia lappona,0
SU3986,Sericomyia silentis,0
SU3986,Sericomyia superbiens,0
SU3986,Sphaerophoria fatarum,0
SU3986,Sphaerophoria interrupta,0
SU3986,Sphaerophoria philanthus,0
SU3986,Sphaerophoria rueppellii,0
SU3986,Sphaerophoria scripta,3
SU3986,Sphaerophoria taeniata,2
SU3986,Sphecodes crassus,0
SU3986,Sphecodes ephippius,0
SU3986,Sphecodes ferruginatus,0
SU3986,Sphecodes geoffrellus,0
SU3986,Sphecodes monilicornis,0
SU3986,Sphecodes niger,0
SU3986,Sphegina clunipes,0
SU3986,Syritta pipiens,0
SU3986,Syrphus rectus,3
SU3986,Syrphus ribesii,7
SU3986,Syrphus torvus,0
SU3986,Syrphus vitripennis,0
SU3986,Tropidia scita,0
SU3986,Volucella bombylans,0
SU3986,Volucella inanis,0
SU3986,Volucella inflata,0
SU3986,Volucella pellucens,0
SU3986,Xanthogramma pedissequum,0
SU3986,Xanthogramma stackelbergi,0
SU3986,Xylota abiens,0
SU3986,Xylota jakutorum,0
SU3986,Xylota segnis,0
SU3986,Xylota sylvarum,0
SU6679,Anasimyia contracta,0
SU6679,Anasimyia lineata,0
SU6679,Anasimyia transfuga,0
SU6679,Andrena alfkenella,0
SU6679,Andrena angustior,0
SU6679,Andrena bicolor,1
SU6679,Andrena bucephala,0
SU6679,Andrena chrysosceles,1
SU6679,Andrena cineraria,0
SU6679,Andrena coitana,0
SU6679,Andrena denticulata,0
SU6679,Andrena dorsata,0
SU6679,Andrena flavipes,1
SU6679,Andrena fucata,0
SU6679,Andrena fulva,0
SU6679,Andrena haemorrhoa,4
SU6679,Andrena helvola,1
SU6679,Andrena humilis,0
SU6679,Andrena lapponica,0
SU6679,Andrena minutula,6
SU6679,Andrena nigriceps,0
SU6679,Andrena nigroaenea,0
SU6679,Andrena nitida,1
SU6679,Andrena scotica,0
SU6679,Andrena semilaevis,0
SU6679,Andrena subopaca,2
SU6679,Andrena synadelpha,1
SU6679,Andrena tarsata,0
SU6679,Andrena thoracica,0
SU6679,Andrena trimmerana,0
SU6679,Andrena wilkella,0
SU6679,Anthidium manicatum,0
SU6679,Anthophora furcata,0
SU6679,Anthophora plumipes,0
SU6679,Apis mellifera,38
SU6679,Arctophila superbiens,0
SU6679,Bombus barbutellus,0
SU6679,Bombus bohemicus,0
SU6679,Bombus campestris,1
SU6679,Bombus hortorum,3
SU6679,Bombus humilis,0
SU6679,Bombus hypnorum,0
SU6679,Bombus jonellus,0
SU6679,Bombus lapidarius,0
SU6679,Bombus lucorum,12
SU6679,Bombus monticola,0
SU6679,Bombus muscorum,0
SU6679,Bombus pascuorum,9
SU6679,Bombus pratorum,4
SU6679,Bombus ruderarius,0
SU6679,Bombus ruderatus,0
SU6679,Bombus rupestris,0
SU6679,Bombus soroeensis,0
SU6679,Bombus sylvestris,3
SU6679,Bombus terrestris,5
SU6679,Bombus vestalis,1
SU6679,Chalcosyrphus nemorum,4
SU6679,Cheilosia albitarsis,0
SU6679,Cheilosia bergenstammi,0
SU6679,Cheilosia fraterna,0
SU6679,Cheilosia illustrata,0
SU6679,Cheilosia lasiopa,0
SU6679,Cheilosia latifrons,0
SU6679,Cheilosia pagana,0
SU6679,Cheilosia proxima,0
SU6679,Cheilosia soror,0
SU6679,Cheilosia vernalis,0
SU6679,Chelostoma campanularum,1
SU6679,Chrysogaster cemiteriorum,0
SU6679,Chrysogaster virescens,0
SU6679,Chrysotoxum arcuatum,0
SU6679,Chrysotoxum bicinctum,0
SU6679,Chrysotoxum festivum,0
SU6679,Chrysotoxum verralli,0
SU6679,Coelioxys elongata,0
SU6679,Coelioxys inermis,0
SU6679,Colletes similis,0
SU6679,Colletes succinctus,0
SU6679,Dasypoda hirtipes,0
SU6679,Dasysyrphus albostriatus,0
SU6679,Dasysyrphus neovenustus,0
SU6679,Dasysyrphus tricinctus,0
SU6679,Dasysyrphus venustus,0
SU6679,Epistrophe grossulariae,0
SU6679,Episyrphus balteatus,31
SU6679,Eristalinus aeneus,0
SU6679,Eristalinus sepulchralis,0
SU6679,Eristalis abusiva,0
SU6679,Eristalis abusivus,0
SU6679,Eristalis arbustorum,1
SU6679,Eristalis horticola,0
SU6679,Eristalis intricaria,0
SU6679,Eristalis intricarius,0
SU6679,Eristalis nemorum,0
SU6679,Eristalis pertinax,0
SU6679,Eristalis rupium,0
SU6679,Eristalis tenax,2
SU6679,Eucera longicornis,0
SU6679,Eumerus funeralis,0
SU6679,Eumerus ornatus,3
SU6679,Eumerus strigatus,1
SU6679,Eupeodes corollae,2
SU6679,Eupeodes latifasciatus,0
SU6679,Eupeodes luniger,0
SU6679,Ferdinandea cuprea,17
SU6679,Halictus confusus,0
SU6679,Halictus eurygnathus,0
SU6679,Halictus rubicundus,2
SU6679,Halictus tumulorum,4
SU6679,Helophilus hybridus,0
SU6679,Helophilus pendulus,4
SU6679,Helophilus trivittatus,0
SU6679,Hylaeus brevicornis,0
SU6679,Hylaeus communis,3
SU6679,Hylaeus confusus,0
SU6679,Hylaeus dilatatus,0
SU6679,Hylaeus hyalinatus,0
SU6679,Hylaeus pectoralis,0
SU6679,Lasioglossum albipes,0
SU6679,Lasioglossum calceatum,10
SU6679,Lasioglossum cupromicans,0
SU6679,Lasioglossum fratellum,6
SU6679,Lasioglossum fulvicorne,11
SU6679,Lasioglossum laevigatum,0
SU6679,Lasioglossum lativentre,4
SU6679,Lasioglossum leucopus,0
SU6679,Lasioglossum leucozonium,0
SU6679,Lasioglossum malachurum,0
SU6679,Lasioglossum minutissimum,0
SU6679,Lasioglossum morio,14
SU6679,Lasioglossum parvulum,1
SU6679,Lasioglossum pauperatum,0
SU6679,Lasioglossum pauxillum,0
SU6679,Lasioglossum punctatissimum,0
SU6679,Lasioglossum puncticolle,0
SU6679,Lasioglossum quadrinotatum,0
SU6679,Lasioglossum rufitarse,0
SU6679,Lasioglossum smeathmanellum,0
SU6679,Lasioglossum villosulum,0
SU6679,Lasioglossum xanthopus,0
SU6679,Lasioglossum zonulum,0
SU6679,Lejogaster metallina,0
SU6679,Leucozona glaucia,0
SU6679,Leucozona laternaria,0
SU6679,Macropis europaea,0
SU6679,Megachile centuncularis,0
SU6679,Megachile ligniseca,0
SU6679,Megachile versicolor,0
SU6679,Megachile willughbiella,0
SU6679,Melangyna cincta,0
SU6679,Melangyna labiatarum,0
SU6679,Melangyna lasiophthalma,0
SU6679,Melangyna umbellatarum,0
SU6679,Melanogaster aerosa,0
SU6679,Melanogaster hirtella,0
SU6679,Melanostoma form,0
SU6679,Melanostoma mellinum,3
SU6679,Melanostoma scalare,5
SU6679,Meliscaeva auricollis,0
SU6679,Meliscaeva cinctella,1
SU6679,Melitta leporina,0
SU6679,Merodon equestris,0
SU6679,Myathropa florea,8
SU6679,Neoascia geniculata,0
SU6679,Neoascia meticulosa,0
SU6679,Neoascia podagrica,0
SU6679,Neoascia tenur,0
SU6679,Nomada fabriciana,0
SU6679,Nomada flava,5
SU6679,Nomada flavoguttata,0
SU6679,Nomada flavopicta,0
SU6679,Nomada fucata,0
SU6679,Nomada goodeniana,0
SU6679,Nomada lathburiana,0
SU6679,Nomada marshamella,1
SU6679,Nomada obtusifrons,0
SU6679,Nomada panzeri,0
SU6679,Nomada ruficornis,4
SU6679,Nomada striata,0
SU6679,Orthonevra nobilis,0
SU6679,Osmia bicolor,0
SU6679,Osmia bicornis,0
SU6679,Osmia caerulescens,0
SU6679,Osmia leaiana,0
SU6679,Osmia spinulosa,0
SU6679,Panurgus banksianus,0
SU6679,Panurgus calcaratus,0
SU6679,Parasyrphus punctulatus,0
SU6679,Parhelophilus frutetorum,0
SU6679,Parhelophilus versicolor,0
SU6679,Pipiza bimaculata,0
SU6679,Pipizella viduata,0
SU6679,Platycheirus albimanus,26
SU6679,Platycheirus clypeatus,0
SU6679,Platycheirus granditarsus,0
SU6679,Platycheirus manicatus,0
SU6679,Platycheirus nielseni,0
SU6679,Platycheirus peltatus,0
SU6679,Platycheirus ramsarensis,0
SU6679,Platycheirus rosarum,0
SU6679,Platycheirus scutatus,1
SU6679,Platycheirus tarsalis,0
SU6679,Rhingia campestris,12
SU6679,Rhingia rostrata,1
SU6679,Riponnensia splendens,0
SU6679,Scaeva pyrastri,0
SU6679,Scaeva selenitica,0
SU6679,Sericomyia lappona,0
SU6679,Sericomyia silentis,0
SU6679,Sericomyia superbiens,0
SU6679,Sphaerophoria fatarum,0
SU6679,Sphaerophoria interrupta,0
SU6679,Sphaerophoria philanthus,0
SU6679,Sphaerophoria rueppellii,0
SU6679,Sphaerophoria scripta,1
SU6679,Sphaerophoria taeniata,0
SU6679,Sphecodes crassus,0
SU6679,Sphecodes ephippius,0
SU6679,Sphecodes ferruginatus,0
SU6679,Sphecodes geoffrellus,0
SU6679,Sphecodes monilicornis,0
SU6679,Sphecodes niger,0
SU6679,Sphegina clunipes,0
SU6679,Syritta pipiens,0
SU6679,Syrphus rectus,0
SU6679,Syrphus ribesii,15
SU6679,Syrphus torvus,0
SU6679,Syrphus vitripennis,1
SU6679,Tropidia scita,0
SU6679,Volucella bombylans,0
SU6679,Volucella inanis,0
SU6679,Volucella inflata,0
SU6679,Volucella pellucens,1
SU6679,Xanthogramma pedissequum,0
SU6679,Xanthogramma stackelbergi,0
SU6679,Xylota abiens,2
SU6679,Xylota jakutorum,0
SU6679,Xylota segnis,15
SU6679,Xylota sylvarum,2
SU7800,Anasimyia contracta,0
SU7800,Anasimyia lineata,0
SU7800,Anasimyia transfuga,0
SU7800,Andrena alfkenella,0
SU7800,Andrena angustior,0
SU7800,Andrena bicolor,2
SU7800,Andrena bucephala,0
SU7800,Andrena chrysosceles,0
SU7800,Andrena cineraria,0
SU7800,Andrena coitana,0
SU7800,Andrena denticulata,0
SU7800,Andrena dorsata,5
SU7800,Andrena flavipes,10
SU7800,Andrena fucata,0
SU7800,Andrena fulva,0
SU7800,Andrena haemorrhoa,2
SU7800,Andrena helvola,0
SU7800,Andrena humilis,0
SU7800,Andrena lapponica,0
SU7800,Andrena minutula,0
SU7800,Andrena nigriceps,0
SU7800,Andrena nigroaenea,4
SU7800,Andrena nitida,2
SU7800,Andrena scotica,2
SU7800,Andrena semilaevis,0
SU7800,Andrena subopaca,0
SU7800,Andrena synadelpha,0
SU7800,Andrena tarsata,0
SU7800,Andrena thoracica,0
SU7800,Andrena trimmerana,0
SU7800,Andrena wilkella,0
SU7800,Anthidium manicatum,0
SU7800,Anthophora furcata,0
SU7800,Anthophora plumipes,0
SU7800,Apis mellifera,11
SU7800,Arctophila superbiens,0
SU7800,Bombus barbutellus,0
SU7800,Bombus bohemicus,0
SU7800,Bombus campestris,0
SU7800,Bombus hortorum,2
SU7800,Bombus humilis,0
SU7800,Bombus hypnorum,0
SU7800,Bombus jonellus,0
SU7800,Bombus lapidarius,4
SU7800,Bombus lucorum,14
SU7800,Bombus monticola,0
SU7800,Bombus muscorum,0
SU7800,Bombus pascuorum,7
SU7800,Bombus pratorum,2
SU7800,Bombus ruderarius,0
SU7800,Bombus ruderatus,0
SU7800,Bombus rupestris,0
SU7800,Bombus soroeensis,0
SU7800,Bombus sylvestris,1
SU7800,Bombus terrestris,9
SU7800,Bombus vestalis,0
SU7800,Chalcosyrphus nemorum,0
SU7800,Cheilosia albitarsis,1
SU7800,Cheilosia bergenstammi,0
SU7800,Cheilosia fraterna,0
SU7800,Cheilosia illustrata,0
SU7800,Cheilosia lasiopa,0
SU7800,Cheilosia latifrons,0
SU7800,Cheilosia pagana,0
SU7800,Cheilosia proxima,0
SU7800,Cheilosia soror,0
SU7800,Cheilosia vernalis,0
SU7800,Chelostoma campanularum,0
SU7800,Chrysogaster cemiteriorum,0
SU7800,Chrysogaster virescens,0
SU7800,Chrysotoxum arcuatum,0
SU7800,Chrysotoxum bicinctum,0
SU7800,Chrysotoxum festivum,0
SU7800,Chrysotoxum verralli,0
SU7800,Coelioxys elongata,0
SU7800,Coelioxys inermis,0
SU7800,Colletes similis,0
SU7800,Colletes succinctus,0
SU7800,Dasypoda hirtipes,2
SU7800,Dasysyrphus albostriatus,0
SU7800,Dasysyrphus neovenustus,0
SU7800,Dasysyrphus tricinctus,0
SU7800,Dasysyrphus venustus,0
SU7800,Epistrophe grossulariae,0
SU7800,Episyrphus balteatus,41
SU7800,Eristalinus aeneus,0
SU7800,Eristalinus sepulchralis,0
SU7800,Eristalis abusiva,0
SU7800,Eristalis abusivus,0
SU7800,Eristalis arbustorum,0
SU7800,Eristalis horticola,0
SU7800,Eristalis intricaria,0
SU7800,Eristalis intricarius,0
SU7800,Eristalis nemorum,0
SU7800,Eristalis pertinax,0
SU7800,Eristalis rupium,0
SU7800,Eristalis tenax,0
SU7800,Eucera longicornis,0
SU7800,Eumerus funeralis,0
SU7800,Eumerus ornatus,0
SU7800,Eumerus strigatus,0
SU7800,Eupeodes corollae,19
SU7800,Eupeodes latifasciatus,0
SU7800,Eupeodes luniger,2
SU7800,Ferdinandea cuprea,1
SU7800,Halictus confusus,0
SU7800,Halictus eurygnathus,0
SU7800,Halictus rubicundus,1
SU7800,Halictus tumulorum,1
SU7800,Helophilus hybridus,0
SU7800,Helophilus pendulus,1
SU7800,Helophilus trivittatus,1
SU7800,Hylaeus brevicornis,0
SU7800,Hylaeus communis,3
SU7800,Hylaeus confusus,0
SU7800,Hylaeus dilatatus,2
SU7800,Hylaeus hyalinatus,0
SU7800,Hylaeus pectoralis,0
SU7800,Lasioglossum albipes,0
SU7800,Lasioglossum calceatum,0
SU7800,Lasioglossum cupromicans,0
SU7800,Lasioglossum fratellum,0
SU7800,Lasioglossum fulvicorne,0
SU7800,Lasioglossum laevigatum,0
SU7800,Lasioglossum lativentre,0
SU7800,Lasioglossum leucopus,0
SU7800,Lasioglossum leucozonium,2
SU7800,Lasioglossum malachurum,14
SU7800,Lasioglossum minutissimum,22
SU7800,Lasioglossum morio,3
SU7800,Lasioglossum parvulum,0
SU7800,Lasioglossum pauperatum,0
SU7800,Lasioglossum pauxillum,20
SU7800,Lasioglossum punctatissimum,31
SU7800,Lasioglossum puncticolle,1
SU7800,Lasioglossum quadrinotatum,0
SU7800,Lasioglossum rufitarse,0
SU7800,Lasioglossum smeathmanellum,0
SU7800,Lasioglossum villosulum,3
SU7800,Lasioglossum xanthopus,0
SU7800,Lasioglossum zonulum,1
SU7800,Lejogaster metallina,0
SU7800,Leucozona glaucia,0
SU7800,Leucozona laternaria,0
SU7800,Macropis europaea,0
SU7800,Megachile centuncularis,0
SU7800,Megachile ligniseca,1
SU7800,Megachile versicolor,1
SU7800,Megachile willughbiella,0
SU7800,Melangyna cincta,0
SU7800,Melangyna labiatarum,0
SU7800,Melangyna lasiophthalma,0
SU7800,Melangyna umbellatarum,0
SU7800,Melanogaster aerosa,0
SU7800,Melanogaster hirtella,0
SU7800,Melanostoma form,0
SU7800,Melanostoma mellinum,1
SU7800,Melanostoma scalare,0
SU7800,Meliscaeva auricollis,0
SU7800,Meliscaeva cinctella,0
SU7800,Melitta leporina,0
SU7800,Merodon equestris,0
SU7800,Myathropa florea,1
SU7800,Neoascia geniculata,0
SU7800,Neoascia meticulosa,0
SU7800,Neoascia podagrica,0
SU7800,Neoascia tenur,0
SU7800,Nomada fabriciana,1
SU7800,Nomada flava,0
SU7800,Nomada flavoguttata,0
SU7800,Nomada flavopicta,0
SU7800,Nomada fucata,0
SU7800,Nomada goodeniana,0
SU7800,Nomada lathburiana,0
SU7800,Nomada marshamella,0
SU7800,Nomada obtusifrons,0
SU7800,Nomada panzeri,0
SU7800,Nomada ruficornis,0
SU7800,Nomada striata,1
SU7800,Orthonevra nobilis,0
SU7800,Osmia bicolor,0
SU7800,Osmia bicornis,0
SU7800,Osmia caerulescens,0
SU7800,Osmia leaiana,0
SU7800,Osmia spinulosa,0
SU7800,Panurgus banksianus,0
SU7800,Panurgus calcaratus,0
SU7800,Parasyrphus punctulatus,0
SU7800,Parhelophilus frutetorum,0
SU7800,Parhelophilus versicolor,0
SU7800,Pipiza bimaculata,1
SU7800,Pipizella viduata,0
SU7800,Platycheirus albimanus,0
SU7800,Platycheirus clypeatus,0
SU7800,Platycheirus granditarsus,0
SU7800,Platycheirus manicatus,0
SU7800,Platycheirus nielseni,0
SU7800,Platycheirus peltatus,0
SU7800,Platycheirus ramsarensis,0
SU7800,Platycheirus rosarum,0
SU7800,Platycheirus scutatus,0
SU7800,Platycheirus tarsalis,0
SU7800,Rhingia campestris,0
SU7800,Rhingia rostrata,0
SU7800,Riponnensia splendens,0
SU7800,Scaeva pyrastri,0
SU7800,Scaeva selenitica,0
SU7800,Sericomyia lappona,0
SU7800,Sericomyia silentis,0
SU7800,Sericomyia superbiens,0
SU7800,Sphaerophoria fatarum,0
SU7800,Sphaerophoria interrupta,0
SU7800,Sphaerophoria philanthus,0
SU7800,Sphaerophoria rueppellii,0
SU7800,Sphaerophoria scripta,10
SU7800,Sphaerophoria taeniata,0
SU7800,Sphecodes crassus,0
SU7800,Sphecodes ephippius,0
SU7800,Sphecodes ferruginatus,0
SU7800,Sphecodes geoffrellus,0
SU7800,Sphecodes monilicornis,0
SU7800,Sphecodes niger,1
SU7800,Sphegina clunipes,0
SU7800,Syritta pipiens,0
SU7800,Syrphus rectus,1
SU7800,Syrphus ribesii,1
SU7800,Syrphus torvus,0
SU7800,Syrphus vitripennis,1
SU7800,Tropidia scita,0
SU7800,Volucella bombylans,0
SU7800,Volucella inanis,0
SU7800,Volucella inflata,0
SU7800,Volucella pellucens,0
SU7800,Xanthogramma pedissequum,0
SU7800,Xanthogramma stackelbergi,0
SU7800,Xylota abiens,0
SU7800,Xylota jakutorum,0
SU7800,Xylota segnis,0
SU7800,Xylota sylvarum,0
SX7048,Anasimyia contracta,0
SX7048,Anasimyia lineata,0
SX7048,Anasimyia transfuga,0
SX7048,Andrena alfkenella,0
SX7048,Andrena angustior,11
SX7048,Andrena bicolor,0
SX7048,Andrena bucephala,0
SX7048,Andrena chrysosceles,0
SX7048,Andrena cineraria,0
SX7048,Andrena coitana,0
SX7048,Andrena denticulata,0
SX7048,Andrena dorsata,0
SX7048,Andrena flavipes,2
SX7048,Andrena fucata,0
SX7048,Andrena fulva,0
SX7048,Andrena haemorrhoa,1
SX7048,Andrena helvola,0
SX7048,Andrena humilis,0
SX7048,Andrena lapponica,0
SX7048,Andrena minutula,2
SX7048,Andrena nigriceps,0
SX7048,Andrena nigroaenea,0
SX7048,Andrena nitida,0
SX7048,Andrena scotica,0
SX7048,Andrena semilaevis,1
SX7048,Andrena subopaca,0
SX7048,Andrena synadelpha,0
SX7048,Andrena tarsata,0
SX7048,Andrena thoracica,0
SX7048,Andrena trimmerana,0
SX7048,Andrena wilkella,0
SX7048,Anthidium manicatum,0
SX7048,Anthophora furcata,0
SX7048,Anthophora plumipes,0
SX7048,Apis mellifera,6
SX7048,Arctophila superbiens,0
SX7048,Bombus barbutellus,0
SX7048,Bombus bohemicus,0
SX7048,Bombus campestris,0
SX7048,Bombus hortorum,1
SX7048,Bombus humilis,0
SX7048,Bombus hypnorum,0
SX7048,Bombus jonellus,0
SX7048,Bombus lapidarius,2
SX7048,Bombus lucorum,1
SX7048,Bombus monticola,0
SX7048,Bombus muscorum,0
SX7048,Bombus pascuorum,4
SX7048,Bombus pratorum,3
SX7048,Bombus ruderarius,0
SX7048,Bombus ruderatus,0
SX7048,Bombus rupestris,0
SX7048,Bombus soroeensis,0
SX7048,Bombus sylvestris,1
SX7048,Bombus terrestris,1
SX7048,Bombus vestalis,0
SX7048,Chalcosyrphus nemorum,0
SX7048,Cheilosia albitarsis,1
SX7048,Cheilosia bergenstammi,0
SX7048,Cheilosia fraterna,0
SX7048,Cheilosia illustrata,0
SX7048,Cheilosia lasiopa,0
SX7048,Cheilosia latifrons,0
SX7048,Cheilosia pagana,0
SX7048,Cheilosia proxima,0
SX7048,Cheilosia soror,0
SX7048,Cheilosia vernalis,0
SX7048,Chelostoma campanularum,0
SX7048,Chrysogaster cemiteriorum,0
SX7048,Chrysogaster virescens,0
SX7048,Chrysotoxum arcuatum,0
SX7048,Chrysotoxum bicinctum,0
SX7048,Chrysotoxum festivum,0
SX7048,Chrysotoxum verralli,0
SX7048,Coelioxys elongata,0
SX7048,Coelioxys inermis,0
SX7048,Colletes similis,0
SX7048,Colletes succinctus,0
SX7048,Dasypoda hirtipes,0
SX7048,Dasysyrphus albostriatus,0
SX7048,Dasysyrphus neovenustus,0
SX7048,Dasysyrphus tricinctus,0
SX7048,Dasysyrphus venustus,0
SX7048,Epistrophe grossulariae,0
SX7048,Episyrphus balteatus,1
SX7048,Eristalinus aeneus,0
SX7048,Eristalinus sepulchralis,0
SX7048,Eristalis abusiva,0
SX7048,Eristalis abusivus,0
SX7048,Eristalis arbustorum,3
SX7048,Eristalis horticola,0
SX7048,Eristalis intricaria,0
SX7048,Eristalis intricarius,0
SX7048,Eristalis nemorum,0
SX7048,Eristalis pertinax,0
SX7048,Eristalis rupium,0
SX7048,Eristalis tenax,1
SX7048,Eucera longicornis,0
SX7048,Eumerus funeralis,0
SX7048,Eumerus ornatus,0
SX7048,Eumerus strigatus,0
SX7048,Eupeodes corollae,2
SX7048,Eupeodes latifasciatus,0
SX7048,Eupeodes luniger,0
SX7048,Ferdinandea cuprea,0
SX7048,Halictus confusus,0
SX7048,Halictus eurygnathus,0
SX7048,Halictus rubicundus,0
SX7048,Halictus tumulorum,7
SX7048,Helophilus hybridus,0
SX7048,Helophilus pendulus,2
SX7048,Helophilus trivittatus,0
SX7048,Hylaeus brevicornis,0
SX7048,Hylaeus communis,0
SX7048,Hylaeus confusus,0
SX7048,Hylaeus dilatatus,0
SX7048,Hylaeus hyalinatus,0
SX7048,Hylaeus pectoralis,0
SX7048,Lasioglossum albipes,0
SX7048,Lasioglossum calceatum,14
SX7048,Lasioglossum cupromicans,0
SX7048,Lasioglossum fratellum,0
SX7048,Lasioglossum fulvicorne,0
SX7048,Lasioglossum laevigatum,6
SX7048,Lasioglossum lativentre,0
SX7048,Lasioglossum leucopus,1
SX7048,Lasioglossum leucozonium,15
SX7048,Lasioglossum malachurum,0
SX7048,Lasioglossum minutissimum,0
SX7048,Lasioglossum morio,0
SX7048,Lasioglossum parvulum,1
SX7048,Lasioglossum pauperatum,0
SX7048,Lasioglossum pauxillum,0
SX7048,Lasioglossum punctatissimum,0
SX7048,Lasioglossum puncticolle,0
SX7048,Lasioglossum quadrinotatum,0
SX7048,Lasioglossum rufitarse,0
SX7048,Lasioglossum smeathmanellum,0
SX7048,Lasioglossum villosulum,3
SX7048,Lasioglossum xanthopus,0
SX7048,Lasioglossum zonulum,0
SX7048,Lejogaster metallina,0
SX7048,Leucozona glaucia,0
SX7048,Leucozona laternaria,0
SX7048,Macropis europaea,0
SX7048,Megachile centuncularis,0
SX7048,Megachile ligniseca,0
SX7048,Megachile versicolor,0
SX7048,Megachile willughbiella,0
SX7048,Melangyna cincta,0
SX7048,Melangyna labiatarum,0
SX7048,Melangyna lasiophthalma,0
SX7048,Melangyna umbellatarum,0
SX7048,Melanogaster aerosa,0
SX7048,Melanogaster hirtella,1
SX7048,Melanostoma form,0
SX7048,Melanostoma mellinum,0
SX7048,Melanostoma scalare,0
SX7048,Meliscaeva auricollis,0
SX7048,Meliscaeva cinctella,0
SX7048,Melitta leporina,0
SX7048,Merodon equestris,1
SX7048,Myathropa florea,0
SX7048,Neoascia geniculata,0
SX7048,Neoascia meticulosa,0
SX7048,Neoascia podagrica,1
SX7048,Neoascia tenur,0
SX7048,Nomada fabriciana,0
SX7048,Nomada flava,0
SX7048,Nomada flavoguttata,0
SX7048,Nomada flavopicta,0
SX7048,Nomada fucata,0
SX7048,Nomada goodeniana,0
SX7048,Nomada lathburiana,0
SX7048,Nomada marshamella,0
SX7048,Nomada obtusifrons,0
SX7048,Nomada panzeri,0
SX7048,Nomada ruficornis,0
SX7048,Nomada striata,0
SX7048,Orthonevra nobilis,0
SX7048,Osmia bicolor,0
SX7048,Osmia bicornis,0
SX7048,Osmia caerulescens,0
SX7048,Osmia leaiana,0
SX7048,Osmia spinulosa,0
SX7048,Panurgus banksianus,0
SX7048,Panurgus calcaratus,0
SX7048,Parasyrphus punctulatus,0
SX7048,Parhelophilus frutetorum,0
SX7048,Parhelophilus versicolor,0
SX7048,Pipiza bimaculata,0
SX7048,Pipizella viduata,0
SX7048,Platycheirus albimanus,0
SX7048,Platycheirus clypeatus,0
SX7048,Platycheirus granditarsus,0
SX7048,Platycheirus manicatus,0
SX7048,Platycheirus nielseni,0
SX7048,Platycheirus peltatus,0
SX7048,Platycheirus ramsarensis,0
SX7048,Platycheirus rosarum,0
SX7048,Platycheirus scutatus,0
SX7048,Platycheirus tarsalis,0
SX7048,Rhingia campestris,1
SX7048,Rhingia rostrata,0
SX7048,Riponnensia splendens,0
SX7048,Scaeva pyrastri,0
SX7048,Scaeva selenitica,0
SX7048,Sericomyia lappona,0
SX7048,Sericomyia silentis,0
SX7048,Sericomyia superbiens,0
SX7048,Sphaerophoria fatarum,0
SX7048,Sphaerophoria interrupta,0
SX7048,Sphaerophoria philanthus,0
SX7048,Sphaerophoria rueppellii,0
SX7048,Sphaerophoria scripta,0
SX7048,Sphaerophoria taeniata,0
SX7048,Sphecodes crassus,0
SX7048,Sphecodes ephippius,0
SX7048,Sphecodes ferruginatus,0
SX7048,Sphecodes geoffrellus,0
SX7048,Sphecodes monilicornis,0
SX7048,Sphecodes niger,0
SX7048,Sphegina clunipes,0
SX7048,Syritta pipiens,1
SX7048,Syrphus rectus,0
SX7048,Syrphus ribesii,3
SX7048,Syrphus torvus,0
SX7048,Syrphus vitripennis,0
SX7048,Tropidia scita,0
SX7048,Volucella bombylans,0
SX7048,Volucella inanis,0
SX7048,Volucella inflata,0
SX7048,Volucella pellucens,0
SX7048,Xanthogramma pedissequum,0
SX7048,Xanthogramma stackelbergi,0
SX7048,Xylota abiens,0
SX7048,Xylota jakutorum,0
SX7048,Xylota segnis,0
SX7048,Xylota sylvarum,0
SX8144,Anasimyia contracta,0
SX8144,Anasimyia lineata,0
SX8144,Anasimyia transfuga,0
SX8144,Andrena alfkenella,0
SX8144,Andrena angustior,0
SX8144,Andrena bicolor,0
SX8144,Andrena bucephala,0
SX8144,Andrena chrysosceles,0
SX8144,Andrena cineraria,0
SX8144,Andrena coitana,0
SX8144,Andrena denticulata,0
SX8144,Andrena dorsata,0
SX8144,Andrena flavipes,0
SX8144,Andrena fucata,0
SX8144,Andrena fulva,0
SX8144,Andrena haemorrhoa,0
SX8144,Andrena helvola,0
SX8144,Andrena humilis,0
SX8144,Andrena lapponica,0
SX8144,Andrena minutula,1
SX8144,Andrena nigriceps,0
SX8144,Andrena nigroaenea,0
SX8144,Andrena nitida,0
SX8144,Andrena scotica,1
SX8144,Andrena semilaevis,1
SX8144,Andrena subopaca,0
SX8144,Andrena synadelpha,0
SX8144,Andrena tarsata,0
SX8144,Andrena thoracica,3
SX8144,Andrena trimmerana,0
SX8144,Andrena wilkella,0
SX8144,Anthidium manicatum,0
SX8144,Anthophora furcata,2
SX8144,Anthophora plumipes,0
SX8144,Apis mellifera,20
SX8144,Arctophila superbiens,0
SX8144,Bombus barbutellus,0
SX8144,Bombus bohemicus,0
SX8144,Bombus campestris,0
SX8144,Bombus hortorum,3
SX8144,Bombus humilis,0
SX8144,Bombus hypnorum,3
SX8144,Bombus jonellus,0
SX8144,Bombus lapidarius,10
SX8144,Bombus lucorum,12
SX8144,Bombus monticola,0
SX8144,Bombus muscorum,0
SX8144,Bombus pascuorum,14
SX8144,Bombus pratorum,5
SX8144,Bombus ruderarius,0
SX8144,Bombus ruderatus,0
SX8144,Bombus rupestris,0
SX8144,Bombus soroeensis,0
SX8144,Bombus sylvestris,0
SX8144,Bombus terrestris,7
SX8144,Bombus vestalis,0
SX8144,Chalcosyrphus nemorum,9
SX8144,Cheilosia albitarsis,9
SX8144,Cheilosia bergenstammi,0
SX8144,Cheilosia fraterna,0
SX8144,Cheilosia illustrata,0
SX8144,Cheilosia lasiopa,0
SX8144,Cheilosia latifrons,0
SX8144,Cheilosia pagana,0
SX8144,Cheilosia proxima,0
SX8144,Cheilosia soror,0
SX8144,Cheilosia vernalis,0
SX8144,Chelostoma campanularum,0
SX8144,Chrysogaster cemiteriorum,0
SX8144,Chrysogaster virescens,0
SX8144,Chrysotoxum arcuatum,0
SX8144,Chrysotoxum bicinctum,0
SX8144,Chrysotoxum festivum,0
SX8144,Chrysotoxum verralli,0
SX8144,Coelioxys elongata,0
SX8144,Coelioxys inermis,0
SX8144,Colletes similis,0
SX8144,Colletes succinctus,0
SX8144,Dasypoda hirtipes,0
SX8144,Dasysyrphus albostriatus,0
SX8144,Dasysyrphus neovenustus,0
SX8144,Dasysyrphus tricinctus,0
SX8144,Dasysyrphus venustus,0
SX8144,Epistrophe grossulariae,0
SX8144,Episyrphus balteatus,4
SX8144,Eristalinus aeneus,1
SX8144,Eristalinus sepulchralis,0
SX8144,Eristalis abusiva,0
SX8144,Eristalis abusivus,0
SX8144,Eristalis arbustorum,2
SX8144,Eristalis horticola,0
SX8144,Eristalis intricaria,0
SX8144,Eristalis intricarius,1
SX8144,Eristalis nemorum,2
SX8144,Eristalis pertinax,0
SX8144,Eristalis rupium,0
SX8144,Eristalis tenax,2
SX8144,Eucera longicornis,0
SX8144,Eumerus funeralis,0
SX8144,Eumerus ornatus,0
SX8144,Eumerus strigatus,1
SX8144,Eupeodes corollae,3
SX8144,Eupeodes latifasciatus,0
SX8144,Eupeodes luniger,0
SX8144,Ferdinandea cuprea,1
SX8144,Halictus confusus,0
SX8144,Halictus eurygnathus,0
SX8144,Halictus rubicundus,4
SX8144,Halictus tumulorum,1
SX8144,Helophilus hybridus,0
SX8144,Helophilus pendulus,0
SX8144,Helophilus trivittatus,0
SX8144,Hylaeus brevicornis,0
SX8144,Hylaeus communis,0
SX8144,Hylaeus confusus,0
SX8144,Hylaeus dilatatus,0
SX8144,Hylaeus hyalinatus,0
SX8144,Hylaeus pectoralis,0
SX8144,Lasioglossum albipes,0
SX8144,Lasioglossum calceatum,13
SX8144,Lasioglossum cupromicans,0
SX8144,Lasioglossum fratellum,0
SX8144,Lasioglossum fulvicorne,0
SX8144,Lasioglossum laevigatum,0
SX8144,Lasioglossum lativentre,0
SX8144,Lasioglossum leucopus,0
SX8144,Lasioglossum leucozonium,7
SX8144,Lasioglossum malachurum,1
SX8144,Lasioglossum minutissimum,0
SX8144,Lasioglossum morio,2
SX8144,Lasioglossum parvulum,0
SX8144,Lasioglossum pauperatum,0
SX8144,Lasioglossum pauxillum,0
SX8144,Lasioglossum punctatissimum,0
SX8144,Lasioglossum puncticolle,0
SX8144,Lasioglossum quadrinotatum,0
SX8144,Lasioglossum rufitarse,0
SX8144,Lasioglossum smeathmanellum,0
SX8144,Lasioglossum villosulum,0
SX8144,Lasioglossum xanthopus,0
SX8144,Lasioglossum zonulum,0
SX8144,Lejogaster metallina,0
SX8144,Leucozona glaucia,0
SX8144,Leucozona laternaria,0
SX8144,Macropis europaea,0
SX8144,Megachile centuncularis,0
SX8144,Megachile ligniseca,0
SX8144,Megachile versicolor,0
SX8144,Megachile willughbiella,0
SX8144,Melangyna cincta,0
SX8144,Melangyna labiatarum,0
SX8144,Melangyna lasiophthalma,0
SX8144,Melangyna umbellatarum,0
SX8144,Melanogaster aerosa,0
SX8144,Melanogaster hirtella,8
SX8144,Melanostoma form,0
SX8144,Melanostoma mellinum,0
SX8144,Melanostoma scalare,0
SX8144,Meliscaeva auricollis,0
SX8144,Meliscaeva cinctella,0
SX8144,Melitta leporina,0
SX8144,Merodon equestris,0
SX8144,Myathropa florea,0
SX8144,Neoascia geniculata,0
SX8144,Neoascia meticulosa,0
SX8144,Neoascia podagrica,2
SX8144,Neoascia tenur,8
SX8144,Nomada fabriciana,0
SX8144,Nomada flava,1
SX8144,Nomada flavoguttata,3
SX8144,Nomada flavopicta,0
SX8144,Nomada fucata,0
SX8144,Nomada goodeniana,0
SX8144,Nomada lathburiana,0
SX8144,Nomada marshamella,0
SX8144,Nomada obtusifrons,0
SX8144,Nomada panzeri,0
SX8144,Nomada ruficornis,0
SX8144,Nomada striata,0
SX8144,Orthonevra nobilis,0
SX8144,Osmia bicolor,0
SX8144,Osmia bicornis,1
SX8144,Osmia caerulescens,0
SX8144,Osmia leaiana,0
SX8144,Osmia spinulosa,0
SX8144,Panurgus banksianus,0
SX8144,Panurgus calcaratus,0
SX8144,Parasyrphus punctulatus,0
SX8144,Parhelophilus frutetorum,0
SX8144,Parhelophilus versicolor,0
SX8144,Pipiza bimaculata,0
SX8144,Pipizella viduata,0
SX8144,Platycheirus albimanus,0
SX8144,Platycheirus clypeatus,0
SX8144,Platycheirus granditarsus,0
SX8144,Platycheirus manicatus,0
SX8144,Platycheirus nielseni,0
SX8144,Platycheirus peltatus,0
SX8144,Platycheirus ramsarensis,0
SX8144,Platycheirus rosarum,0
SX8144,Platycheirus scutatus,0
SX8144,Platycheirus tarsalis,0
SX8144,Rhingia campestris,2
SX8144,Rhingia rostrata,0
SX8144,Riponnensia splendens,0
SX8144,Scaeva pyrastri,0
SX8144,Scaeva selenitica,0
SX8144,Sericomyia lappona,0
SX8144,Sericomyia silentis,4
SX8144,Sericomyia superbiens,0
SX8144,Sphaerophoria fatarum,0
SX8144,Sphaerophoria interrupta,0
SX8144,Sphaerophoria philanthus,0
SX8144,Sphaerophoria rueppellii,0
SX8144,Sphaerophoria scripta,0
SX8144,Sphaerophoria taeniata,0
SX8144,Sphecodes crassus,0
SX8144,Sphecodes ephippius,0
SX8144,Sphecodes ferruginatus,0
SX8144,Sphecodes geoffrellus,0
SX8144,Sphecodes monilicornis,0
SX8144,Sphecodes niger,1
SX8144,Sphegina clunipes,0
SX8144,Syritta pipiens,0
SX8144,Syrphus rectus,0
SX8144,Syrphus ribesii,3
SX8144,Syrphus torvus,0
SX8144,Syrphus vitripennis,0
SX8144,Tropidia scita,0
SX8144,Volucella bombylans,0
SX8144,Volucella inanis,0
SX8144,Volucella inflata,0
SX8144,Volucella pellucens,0
SX8144,Xanthogramma pedissequum,0
SX8144,Xanthogramma stackelbergi,0
SX8144,Xylota abiens,0
SX8144,Xylota jakutorum,0
SX8144,Xylota segnis,2
SX8144,Xylota sylvarum,0
SY8586,Anasimyia contracta,0
SY8586,Anasimyia lineata,0
SY8586,Anasimyia transfuga,0
SY8586,Andrena alfkenella,0
SY8586,Andrena angustior,6
SY8586,Andrena bicolor,1
SY8586,Andrena bucephala,0
SY8586,Andrena chrysosceles,0
SY8586,Andrena cineraria,1
SY8586,Andrena coitana,0
SY8586,Andrena denticulata,0
SY8586,Andrena dorsata,1
SY8586,Andrena flavipes,0
SY8586,Andrena fucata,0
SY8586,Andrena fulva,0
SY8586,Andrena haemorrhoa,0
SY8586,Andrena helvola,0
SY8586,Andrena humilis,0
SY8586,Andrena lapponica,0
SY8586,Andrena minutula,0
SY8586,Andrena nigriceps,0
SY8586,Andrena nigroaenea,0
SY8586,Andrena nitida,0
SY8586,Andrena scotica,0
SY8586,Andrena semilaevis,2
SY8586,Andrena subopaca,0
SY8586,Andrena synadelpha,0
SY8586,Andrena tarsata,0
SY8586,Andrena thoracica,1
SY8586,Andrena trimmerana,0
SY8586,Andrena wilkella,0
SY8586,Anthidium manicatum,0
SY8586,Anthophora furcata,0
SY8586,Anthophora plumipes,0
SY8586,Apis mellifera,20
SY8586,Arctophila superbiens,0
SY8586,Bombus barbutellus,0
SY8586,Bombus bohemicus,0
SY8586,Bombus campestris,0
SY8586,Bombus hortorum,4
SY8586,Bombus humilis,0
SY8586,Bombus hypnorum,0
SY8586,Bombus jonellus,0
SY8586,Bombus lapidarius,4
SY8586,Bombus lucorum,3
SY8586,Bombus monticola,0
SY8586,Bombus muscorum,0
SY8586,Bombus pascuorum,3
SY8586,Bombus pratorum,0
SY8586,Bombus ruderarius,0
SY8586,Bombus ruderatus,0
SY8586,Bombus rupestris,0
SY8586,Bombus soroeensis,0
SY8586,Bombus sylvestris,0
SY8586,Bombus terrestris,0
SY8586,Bombus vestalis,0
SY8586,Chalcosyrphus nemorum,1
SY8586,Cheilosia albitarsis,0
SY8586,Cheilosia bergenstammi,0
SY8586,Cheilosia fraterna,0
SY8586,Cheilosia illustrata,0
SY8586,Cheilosia lasiopa,0
SY8586,Cheilosia latifrons,0
SY8586,Cheilosia pagana,0
SY8586,Cheilosia proxima,0
SY8586,Cheilosia soror,0
SY8586,Cheilosia vernalis,0
SY8586,Chelostoma campanularum,0
SY8586,Chrysogaster cemiteriorum,0
SY8586,Chrysogaster virescens,0
SY8586,Chrysotoxum arcuatum,0
SY8586,Chrysotoxum bicinctum,0
SY8586,Chrysotoxum festivum,0
SY8586,Chrysotoxum verralli,0
SY8586,Coelioxys elongata,0
SY8586,Coelioxys inermis,0
SY8586,Colletes similis,0
SY8586,Colletes succinctus,0
SY8586,Dasypoda hirtipes,4
SY8586,Dasysyrphus albostriatus,0
SY8586,Dasysyrphus neovenustus,0
SY8586,Dasysyrphus tricinctus,0
SY8586,Dasysyrphus venustus,0
SY8586,Epistrophe grossulariae,0
SY8586,Episyrphus balteatus,1
SY8586,Eristalinus aeneus,0
SY8586,Eristalinus sepulchralis,0
SY8586,Eristalis abusiva,0
SY8586,Eristalis abusivus,0
SY8586,Eristalis arbustorum,3
SY8586,Eristalis horticola,0
SY8586,Eristalis intricaria,0
SY8586,Eristalis intricarius,0
SY8586,Eristalis nemorum,1
SY8586,Eristalis pertinax,0
SY8586,Eristalis rupium,0
SY8586,Eristalis tenax,2
SY8586,Eucera longicornis,0
SY8586,Eumerus funeralis,1
SY8586,Eumerus ornatus,0
SY8586,Eumerus strigatus,0
SY8586,Eupeodes corollae,1
SY8586,Eupeodes latifasciatus,0
SY8586,Eupeodes luniger,0
SY8586,Ferdinandea cuprea,0
SY8586,Halictus confusus,0
SY8586,Halictus eurygnathus,0
SY8586,Halictus rubicundus,1
SY8586,Halictus tumulorum,8
SY8586,Helophilus hybridus,0
SY8586,Helophilus pendulus,7
SY8586,Helophilus trivittatus,0
SY8586,Hylaeus brevicornis,0
SY8586,Hylaeus communis,3
SY8586,Hylaeus confusus,0
SY8586,Hylaeus dilatatus,0
SY8586,Hylaeus hyalinatus,0
SY8586,Hylaeus pectoralis,0
SY8586,Lasioglossum albipes,0
SY8586,Lasioglossum calceatum,2
SY8586,Lasioglossum cupromicans,0
SY8586,Lasioglossum fratellum,0
SY8586,Lasioglossum fulvicorne,0
SY8586,Lasioglossum laevigatum,0
SY8586,Lasioglossum lativentre,2
SY8586,Lasioglossum leucopus,3
SY8586,Lasioglossum leucozonium,3
SY8586,Lasioglossum malachurum,3
SY8586,Lasioglossum minutissimum,2
SY8586,Lasioglossum morio,0
SY8586,Lasioglossum parvulum,0
SY8586,Lasioglossum pauperatum,0
SY8586,Lasioglossum pauxillum,10
SY8586,Lasioglossum punctatissimum,0
SY8586,Lasioglossum puncticolle,0
SY8586,Lasioglossum quadrinotatum,0
SY8586,Lasioglossum rufitarse,0
SY8586,Lasioglossum smeathmanellum,0
SY8586,Lasioglossum villosulum,1
SY8586,Lasioglossum xanthopus,0
SY8586,Lasioglossum zonulum,10
SY8586,Lejogaster metallina,0
SY8586,Leucozona glaucia,0
SY8586,Leucozona laternaria,0
SY8586,Macropis europaea,0
SY8586,Megachile centuncularis,0
SY8586,Megachile ligniseca,0
SY8586,Megachile versicolor,0
SY8586,Megachile willughbiella,0
SY8586,Melangyna cincta,0
SY8586,Melangyna labiatarum,0
SY8586,Melangyna lasiophthalma,0
SY8586,Melangyna umbellatarum,0
SY8586,Melanogaster aerosa,0
SY8586,Melanogaster hirtella,0
SY8586,Melanostoma form,0
SY8586,Melanostoma mellinum,13
SY8586,Melanostoma scalare,0
SY8586,Meliscaeva auricollis,0
SY8586,Meliscaeva cinctella,0
SY8586,Melitta leporina,0
SY8586,Merodon equestris,0
SY8586,Myathropa florea,0
SY8586,Neoascia geniculata,0
SY8586,Neoascia meticulosa,0
SY8586,Neoascia podagrica,1
SY8586,Neoascia tenur,0
SY8586,Nomada fabriciana,0
SY8586,Nomada flava,0
SY8586,Nomada flavoguttata,0
SY8586,Nomada flavopicta,0
SY8586,Nomada fucata,0
SY8586,Nomada goodeniana,0
SY8586,Nomada lathburiana,0
SY8586,Nomada marshamella,0
SY8586,Nomada obtusifrons,0
SY8586,Nomada panzeri,0
SY8586,Nomada ruficornis,0
SY8586,Nomada striata,0
SY8586,Orthonevra nobilis,0
SY8586,Osmia bicolor,0
SY8586,Osmia bicornis,1
SY8586,Osmia caerulescens,0
SY8586,Osmia leaiana,0
SY8586,Osmia spinulosa,0
SY8586,Panurgus banksianus,0
SY8586,Panurgus calcaratus,2
SY8586,Parasyrphus punctulatus,0
SY8586,Parhelophilus frutetorum,1
SY8586,Parhelophilus versicolor,0
SY8586,Pipiza bimaculata,0
SY8586,Pipizella viduata,0
SY8586,Platycheirus albimanus,0
SY8586,Platycheirus clypeatus,0
SY8586,Platycheirus granditarsus,0
SY8586,Platycheirus manicatus,0
SY8586,Platycheirus nielseni,0
SY8586,Platycheirus peltatus,0
SY8586,Platycheirus ramsarensis,0
SY8586,Platycheirus rosarum,0
SY8586,Platycheirus scutatus,0
SY8586,Platycheirus tarsalis,0
SY8586,Rhingia campestris,4
SY8586,Rhingia rostrata,0
SY8586,Riponnensia splendens,0
SY8586,Scaeva pyrastri,0
SY8586,Scaeva selenitica,0
SY8586,Sericomyia lappona,0
SY8586,Sericomyia silentis,0
SY8586,Sericomyia superbiens,0
SY8586,Sphaerophoria fatarum,0
SY8586,Sphaerophoria interrupta,0
SY8586,Sphaerophoria philanthus,0
SY8586,Sphaerophoria rueppellii,0
SY8586,Sphaerophoria scripta,0
SY8586,Sphaerophoria taeniata,2
SY8586,Sphecodes crassus,0
SY8586,Sphecodes ephippius,0
SY8586,Sphecodes ferruginatus,0
SY8586,Sphecodes geoffrellus,0
SY8586,Sphecodes monilicornis,0
SY8586,Sphecodes niger,0
SY8586,Sphegina clunipes,0
SY8586,Syritta pipiens,0
SY8586,Syrphus rectus,0
SY8586,Syrphus ribesii,1
SY8586,Syrphus torvus,0
SY8586,Syrphus vitripennis,0
SY8586,Tropidia scita,0
SY8586,Volucella bombylans,0
SY8586,Volucella inanis,1
SY8586,Volucella inflata,0
SY8586,Volucella pellucens,0
SY8586,Xanthogramma pedissequum,0
SY8586,Xanthogramma stackelbergi,0
SY8586,Xylota abiens,0
SY8586,Xylota jakutorum,0
SY8586,Xylota segnis,1
SY8586,Xylota sylvarum,0
TG4403,Anasimyia contracta,0
TG4403,Anasimyia lineata,0
TG4403,Anasimyia transfuga,0
TG4403,Andrena alfkenella,0
TG4403,Andrena angustior,0
TG4403,Andrena bicolor,0
TG4403,Andrena bucephala,0
TG4403,Andrena chrysosceles,0
TG4403,Andrena cineraria,0
TG4403,Andrena coitana,0
TG4403,Andrena denticulata,0
TG4403,Andrena dorsata,0
TG4403,Andrena flavipes,2
TG4403,Andrena fucata,0
TG4403,Andrena fulva,0
TG4403,Andrena haemorrhoa,0
TG4403,Andrena helvola,0
TG4403,Andrena humilis,0
TG4403,Andrena lapponica,0
TG4403,Andrena minutula,0
TG4403,Andrena nigriceps,0
TG4403,Andrena nigroaenea,0
TG4403,Andrena nitida,0
TG4403,Andrena scotica,0
TG4403,Andrena semilaevis,0
TG4403,Andrena subopaca,0
TG4403,Andrena synadelpha,0
TG4403,Andrena tarsata,0
TG4403,Andrena thoracica,0
TG4403,Andrena trimmerana,0
TG4403,Andrena wilkella,0
TG4403,Anthidium manicatum,0
TG4403,Anthophora furcata,0
TG4403,Anthophora plumipes,0
TG4403,Apis mellifera,0
TG4403,Arctophila superbiens,0
TG4403,Bombus barbutellus,0
TG4403,Bombus bohemicus,0
TG4403,Bombus campestris,0
TG4403,Bombus hortorum,0
TG4403,Bombus humilis,0
TG4403,Bombus hypnorum,0
TG4403,Bombus jonellus,0
TG4403,Bombus lapidarius,2
TG4403,Bombus lucorum,0
TG4403,Bombus monticola,0
TG4403,Bombus muscorum,0
TG4403,Bombus pascuorum,1
TG4403,Bombus pratorum,0
TG4403,Bombus ruderarius,0
TG4403,Bombus ruderatus,0
TG4403,Bombus rupestris,0
TG4403,Bombus soroeensis,0
TG4403,Bombus sylvestris,0
TG4403,Bombus terrestris,0
TG4403,Bombus vestalis,0
TG4403,Chalcosyrphus nemorum,0
TG4403,Cheilosia albitarsis,0
TG4403,Cheilosia bergenstammi,0
TG4403,Cheilosia fraterna,0
TG4403,Cheilosia illustrata,0
TG4403,Cheilosia lasiopa,0
TG4403,Cheilosia latifrons,0
TG4403,Cheilosia pagana,0
TG4403,Cheilosia proxima,0
TG4403,Cheilosia soror,0
TG4403,Cheilosia vernalis,0
TG4403,Chelostoma campanularum,0
TG4403,Chrysogaster cemiteriorum,0
TG4403,Chrysogaster virescens,0
TG4403,Chrysotoxum arcuatum,0
TG4403,Chrysotoxum bicinctum,0
TG4403,Chrysotoxum festivum,0
TG4403,Chrysotoxum verralli,0
TG4403,Coelioxys elongata,0
TG4403,Coelioxys inermis,0
TG4403,Colletes similis,0
TG4403,Colletes succinctus,0
TG4403,Dasypoda hirtipes,0
TG4403,Dasysyrphus albostriatus,0
TG4403,Dasysyrphus neovenustus,0
TG4403,Dasysyrphus tricinctus,0
TG4403,Dasysyrphus venustus,0
TG4403,Epistrophe grossulariae,0
TG4403,Episyrphus balteatus,0
TG4403,Eristalinus aeneus,0
TG4403,Eristalinus sepulchralis,16
TG4403,Eristalis abusiva,0
TG4403,Eristalis abusivus,0
TG4403,Eristalis arbustorum,7
TG4403,Eristalis horticola,0
TG4403,Eristalis intricaria,0
TG4403,Eristalis intricarius,0
TG4403,Eristalis nemorum,0
TG4403,Eristalis pertinax,0
TG4403,Eristalis rupium,0
TG4403,Eristalis tenax,0
TG4403,Eucera longicornis,0
TG4403,Eumerus funeralis,0
TG4403,Eumerus ornatus,0
TG4403,Eumerus strigatus,0
TG4403,Eupeodes corollae,0
TG4403,Eupeodes latifasciatus,1
TG4403,Eupeodes luniger,0
TG4403,Ferdinandea cuprea,0
TG4403,Halictus confusus,0
TG4403,Halictus eurygnathus,0
TG4403,Halictus rubicundus,0
TG4403,Halictus tumulorum,0
TG4403,Helophilus hybridus,1
TG4403,Helophilus pendulus,5
TG4403,Helophilus trivittatus,0
TG4403,Hylaeus brevicornis,0
TG4403,Hylaeus communis,0
TG4403,Hylaeus confusus,0
TG4403,Hylaeus dilatatus,0
TG4403,Hylaeus hyalinatus,0
TG4403,Hylaeus pectoralis,0
TG4403,Lasioglossum albipes,0
TG4403,Lasioglossum calceatum,0
TG4403,Lasioglossum cupromicans,0
TG4403,Lasioglossum fratellum,0
TG4403,Lasioglossum fulvicorne,0
TG4403,Lasioglossum laevigatum,0
TG4403,Lasioglossum lativentre,0
TG4403,Lasioglossum leucopus,0
TG4403,Lasioglossum leucozonium,1
TG4403,Lasioglossum malachurum,1
TG4403,Lasioglossum minutissimum,0
TG4403,Lasioglossum morio,0
TG4403,Lasioglossum parvulum,0
TG4403,Lasioglossum pauperatum,0
TG4403,Lasioglossum pauxillum,0
TG4403,Lasioglossum punctatissimum,0
TG4403,Lasioglossum puncticolle,0
TG4403,Lasioglossum quadrinotatum,0
TG4403,Lasioglossum rufitarse,0
TG4403,Lasioglossum smeathmanellum,0
TG4403,Lasioglossum villosulum,0
TG4403,Lasioglossum xanthopus,0
TG4403,Lasioglossum zonulum,0
TG4403,Lejogaster metallina,0
TG4403,Leucozona glaucia,0
TG4403,Leucozona laternaria,0
TG4403,Macropis europaea,0
TG4403,Megachile centuncularis,0
TG4403,Megachile ligniseca,0
TG4403,Megachile versicolor,0
TG4403,Megachile willughbiella,0
TG4403,Melangyna cincta,0
TG4403,Melangyna labiatarum,0
TG4403,Melangyna lasiophthalma,0
TG4403,Melangyna umbellatarum,0
TG4403,Melanogaster aerosa,0
TG4403,Melanogaster hirtella,0
TG4403,Melanostoma form,0
TG4403,Melanostoma mellinum,9
TG4403,Melanostoma scalare,0
TG4403,Meliscaeva auricollis,0
TG4403,Meliscaeva cinctella,0
TG4403,Melitta leporina,0
TG4403,Merodon equestris,0
TG4403,Myathropa florea,0
TG4403,Neoascia geniculata,0
TG4403,Neoascia meticulosa,0
TG4403,Neoascia podagrica,0
TG4403,Neoascia tenur,0
TG4403,Nomada fabriciana,0
TG4403,Nomada flava,0
TG4403,Nomada flavoguttata,0
TG4403,Nomada flavopicta,0
TG4403,Nomada fucata,0
TG4403,Nomada goodeniana,0
TG4403,Nomada lathburiana,0
TG4403,Nomada marshamella,0
TG4403,Nomada obtusifrons,0
TG4403,Nomada panzeri,0
TG4403,Nomada ruficornis,0
TG4403,Nomada striata,0
TG4403,Orthonevra nobilis,0
TG4403,Osmia bicolor,0
TG4403,Osmia bicornis,0
TG4403,Osmia caerulescens,0
TG4403,Osmia leaiana,0
TG4403,Osmia spinulosa,0
TG4403,Panurgus banksianus,0
TG4403,Panurgus calcaratus,0
TG4403,Parasyrphus punctulatus,0
TG4403,Parhelophilus frutetorum,0
TG4403,Parhelophilus versicolor,0
TG4403,Pipiza bimaculata,0
TG4403,Pipizella viduata,1
TG4403,Platycheirus albimanus,0
TG4403,Platycheirus clypeatus,0
TG4403,Platycheirus granditarsus,1
TG4403,Platycheirus manicatus,0
TG4403,Platycheirus nielseni,0
TG4403,Platycheirus peltatus,0
TG4403,Platycheirus ramsarensis,0
TG4403,Platycheirus rosarum,0
TG4403,Platycheirus scutatus,0
TG4403,Platycheirus tarsalis,0
TG4403,Rhingia campestris,6
TG4403,Rhingia rostrata,0
TG4403,Riponnensia splendens,0
TG4403,Scaeva pyrastri,0
TG4403,Scaeva selenitica,0
TG4403,Sericomyia lappona,0
TG4403,Sericomyia silentis,0
TG4403,Sericomyia superbiens,0
TG4403,Sphaerophoria fatarum,0
TG4403,Sphaerophoria interrupta,0
TG4403,Sphaerophoria philanthus,0
TG4403,Sphaerophoria rueppellii,0
TG4403,Sphaerophoria scripta,0
TG4403,Sphaerophoria taeniata,0
TG4403,Sphecodes crassus,0
TG4403,Sphecodes ephippius,0
TG4403,Sphecodes ferruginatus,0
TG4403,Sphecodes geoffrellus,0
TG4403,Sphecodes monilicornis,0
TG4403,Sphecodes niger,0
TG4403,Sphegina clunipes,0
TG4403,Syritta pipiens,0
TG4403,Syrphus rectus,0
TG4403,Syrphus ribesii,1
TG4403,Syrphus torvus,0
TG4403,Syrphus vitripennis,0
TG4403,Tropidia scita,0
TG4403,Volucella bombylans,0
TG4403,Volucella inanis,0
TG4403,Volucella inflata,0
TG4403,Volucella pellucens,0
TG4403,Xanthogramma pedissequum,0
TG4403,Xanthogramma stackelbergi,0
TG4403,Xylota abiens,0
TG4403,Xylota jakutorum,0
TG4403,Xylota segnis,0
TG4403,Xylota sylvarum,0
TL3266,Anasimyia contracta,0
TL3266,Anasimyia lineata,0
TL3266,Anasimyia transfuga,0
TL3266,Andrena alfkenella,0
TL3266,Andrena angustior,0
TL3266,Andrena bicolor,0
TL3266,Andrena bucephala,0
TL3266,Andrena chrysosceles,0
TL3266,Andrena cineraria,0
TL3266,Andrena coitana,0
TL3266,Andrena denticulata,0
TL3266,Andrena dorsata,1
TL3266,Andrena flavipes,0
TL3266,Andrena fucata,0
TL3266,Andrena fulva,1
TL3266,Andrena haemorrhoa,1
TL3266,Andrena helvola,0
TL3266,Andrena humilis,0
TL3266,Andrena lapponica,0
TL3266,Andrena minutula,7
TL3266,Andrena nigriceps,0
TL3266,Andrena nigroaenea,9
TL3266,Andrena nitida,2
TL3266,Andrena scotica,0
TL3266,Andrena semilaevis,0
TL3266,Andrena subopaca,1
TL3266,Andrena synadelpha,0
TL3266,Andrena tarsata,0
TL3266,Andrena thoracica,0
TL3266,Andrena trimmerana,0
TL3266,Andrena wilkella,0
TL3266,Anthidium manicatum,0
TL3266,Anthophora furcata,0
TL3266,Anthophora plumipes,0
TL3266,Apis mellifera,3
TL3266,Arctophila superbiens,0
TL3266,Bombus barbutellus,0
TL3266,Bombus bohemicus,0
TL3266,Bombus campestris,0
TL3266,Bombus hortorum,7
TL3266,Bombus humilis,0
TL3266,Bombus hypnorum,0
TL3266,Bombus jonellus,0
TL3266,Bombus lapidarius,2
TL3266,Bombus lucorum,11
TL3266,Bombus monticola,0
TL3266,Bombus muscorum,0
TL3266,Bombus pascuorum,9
TL3266,Bombus pratorum,3
TL3266,Bombus ruderarius,0
TL3266,Bombus ruderatus,1
TL3266,Bombus rupestris,0
TL3266,Bombus soroeensis,0
TL3266,Bombus sylvestris,0
TL3266,Bombus terrestris,17
TL3266,Bombus vestalis,0
TL3266,Chalcosyrphus nemorum,0
TL3266,Cheilosia albitarsis,1
TL3266,Cheilosia bergenstammi,0
TL3266,Cheilosia fraterna,0
TL3266,Cheilosia illustrata,0
TL3266,Cheilosia lasiopa,0
TL3266,Cheilosia latifrons,0
TL3266,Cheilosia pagana,0
TL3266,Cheilosia proxima,1
TL3266,Cheilosia soror,0
TL3266,Cheilosia vernalis,0
TL3266,Chelostoma campanularum,0
TL3266,Chrysogaster cemiteriorum,0
TL3266,Chrysogaster virescens,0
TL3266,Chrysotoxum arcuatum,0
TL3266,Chrysotoxum bicinctum,0
TL3266,Chrysotoxum festivum,0
TL3266,Chrysotoxum verralli,0
TL3266,Coelioxys elongata,0
TL3266,Coelioxys inermis,0
TL3266,Colletes similis,0
TL3266,Colletes succinctus,0
TL3266,Dasypoda hirtipes,0
TL3266,Dasysyrphus albostriatus,0
TL3266,Dasysyrphus neovenustus,0
TL3266,Dasysyrphus tricinctus,0
TL3266,Dasysyrphus venustus,0
TL3266,Epistrophe grossulariae,0
TL3266,Episyrphus balteatus,20
TL3266,Eristalinus aeneus,0
TL3266,Eristalinus sepulchralis,4
TL3266,Eristalis abusiva,0
TL3266,Eristalis abusivus,0
TL3266,Eristalis arbustorum,1
TL3266,Eristalis horticola,0
TL3266,Eristalis intricaria,0
TL3266,Eristalis intricarius,0
TL3266,Eristalis nemorum,0
TL3266,Eristalis pertinax,1
TL3266,Eristalis rupium,0
TL3266,Eristalis tenax,10
TL3266,Eucera longicornis,0
TL3266,Eumerus funeralis,0
TL3266,Eumerus ornatus,0
TL3266,Eumerus strigatus,0
TL3266,Eupeodes corollae,6
TL3266,Eupeodes latifasciatus,0
TL3266,Eupeodes luniger,2
TL3266,Ferdinandea cuprea,0
TL3266,Halictus confusus,0
TL3266,Halictus eurygnathus,0
TL3266,Halictus rubicundus,0
TL3266,Halictus tumulorum,7
TL3266,Helophilus hybridus,0
TL3266,Helophilus pendulus,8
TL3266,Helophilus trivittatus,0
TL3266,Hylaeus brevicornis,0
TL3266,Hylaeus communis,3
TL3266,Hylaeus confusus,0
TL3266,Hylaeus dilatatus,0
TL3266,Hylaeus hyalinatus,0
TL3266,Hylaeus pectoralis,0
TL3266,Lasioglossum albipes,3
TL3266,Lasioglossum calceatum,13
TL3266,Lasioglossum cupromicans,0
TL3266,Lasioglossum fratellum,0
TL3266,Lasioglossum fulvicorne,0
TL3266,Lasioglossum laevigatum,0
TL3266,Lasioglossum lativentre,0
TL3266,Lasioglossum leucopus,0
TL3266,Lasioglossum leucozonium,0
TL3266,Lasioglossum malachurum,15
TL3266,Lasioglossum minutissimum,0
TL3266,Lasioglossum morio,1
TL3266,Lasioglossum parvulum,0
TL3266,Lasioglossum pauperatum,0
TL3266,Lasioglossum pauxillum,17
TL3266,Lasioglossum punctatissimum,0
TL3266,Lasioglossum puncticolle,1
TL3266,Lasioglossum quadrinotatum,1
TL3266,Lasioglossum rufitarse,0
TL3266,Lasioglossum smeathmanellum,0
TL3266,Lasioglossum villosulum,4
TL3266,Lasioglossum xanthopus,1
TL3266,Lasioglossum zonulum,0
TL3266,Lejogaster metallina,0
TL3266,Leucozona glaucia,0
TL3266,Leucozona laternaria,0
TL3266,Macropis europaea,0
TL3266,Megachile centuncularis,0
TL3266,Megachile ligniseca,1
TL3266,Megachile versicolor,0
TL3266,Megachile willughbiella,0
TL3266,Melangyna cincta,0
TL3266,Melangyna labiatarum,0
TL3266,Melangyna lasiophthalma,0
TL3266,Melangyna umbellatarum,0
TL3266,Melanogaster aerosa,0
TL3266,Melanogaster hirtella,0
TL3266,Melanostoma form,0
TL3266,Melanostoma mellinum,20
TL3266,Melanostoma scalare,0
TL3266,Meliscaeva auricollis,0
TL3266,Meliscaeva cinctella,0
TL3266,Melitta leporina,0
TL3266,Merodon equestris,3
TL3266,Myathropa florea,1
TL3266,Neoascia geniculata,0
TL3266,Neoascia meticulosa,0
TL3266,Neoascia podagrica,1
TL3266,Neoascia tenur,0
TL3266,Nomada fabriciana,0
TL3266,Nomada flava,0
TL3266,Nomada flavoguttata,0
TL3266,Nomada flavopicta,0
TL3266,Nomada fucata,0
TL3266,Nomada goodeniana,0
TL3266,Nomada lathburiana,0
TL3266,Nomada marshamella,0
TL3266,Nomada obtusifrons,0
TL3266,Nomada panzeri,0
TL3266,Nomada ruficornis,0
TL3266,Nomada striata,0
TL3266,Orthonevra nobilis,0
TL3266,Osmia bicolor,0
TL3266,Osmia bicornis,0
TL3266,Osmia caerulescens,0
TL3266,Osmia leaiana,1
TL3266,Osmia spinulosa,0
TL3266,Panurgus banksianus,0
TL3266,Panurgus calcaratus,0
TL3266,Parasyrphus punctulatus,0
TL3266,Parhelophilus frutetorum,0
TL3266,Parhelophilus versicolor,1
TL3266,Pipiza bimaculata,0
TL3266,Pipizella viduata,0
TL3266,Platycheirus albimanus,1
TL3266,Platycheirus clypeatus,0
TL3266,Platycheirus granditarsus,0
TL3266,Platycheirus manicatus,8
TL3266,Platycheirus nielseni,0
TL3266,Platycheirus peltatus,0
TL3266,Platycheirus ramsarensis,0
TL3266,Platycheirus rosarum,0
TL3266,Platycheirus scutatus,1
TL3266,Platycheirus tarsalis,0
TL3266,Rhingia campestris,3
TL3266,Rhingia rostrata,0
TL3266,Riponnensia splendens,0
TL3266,Scaeva pyrastri,0
TL3266,Scaeva selenitica,0
TL3266,Sericomyia lappona,0
TL3266,Sericomyia silentis,0
TL3266,Sericomyia superbiens,0
TL3266,Sphaerophoria fatarum,0
TL3266,Sphaerophoria interrupta,0
TL3266,Sphaerophoria philanthus,0
TL3266,Sphaerophoria rueppellii,0
TL3266,Sphaerophoria scripta,5
TL3266,Sphaerophoria taeniata,0
TL3266,Sphecodes crassus,0
TL3266,Sphecodes ephippius,0
TL3266,Sphecodes ferruginatus,0
TL3266,Sphecodes geoffrellus,0
TL3266,Sphecodes monilicornis,0
TL3266,Sphecodes niger,0
TL3266,Sphegina clunipes,0
TL3266,Syritta pipiens,1
TL3266,Syrphus rectus,0
TL3266,Syrphus ribesii,0
TL3266,Syrphus torvus,0
TL3266,Syrphus vitripennis,0
TL3266,Tropidia scita,0
TL3266,Volucella bombylans,0
TL3266,Volucella inanis,0
TL3266,Volucella inflata,0
TL3266,Volucella pellucens,0
TL3266,Xanthogramma pedissequum,0
TL3266,Xanthogramma stackelbergi,0
TL3266,Xylota abiens,0
TL3266,Xylota jakutorum,0
TL3266,Xylota segnis,0
TL3266,Xylota sylvarum,0
TM3949,Anasimyia contracta,0
TM3949,Anasimyia lineata,0
TM3949,Anasimyia transfuga,0
TM3949,Andrena alfkenella,0
TM3949,Andrena angustior,0
TM3949,Andrena bicolor,0
TM3949,Andrena bucephala,0
TM3949,Andrena chrysosceles,0
TM3949,Andrena cineraria,0
TM3949,Andrena coitana,0
TM3949,Andrena denticulata,1
TM3949,Andrena dorsata,0
TM3949,Andrena flavipes,1
TM3949,Andrena fucata,0
TM3949,Andrena fulva,0
TM3949,Andrena haemorrhoa,0
TM3949,Andrena helvola,1
TM3949,Andrena humilis,0
TM3949,Andrena lapponica,0
TM3949,Andrena minutula,0
TM3949,Andrena nigriceps,0
TM3949,Andrena nigroaenea,0
TM3949,Andrena nitida,4
TM3949,Andrena scotica,0
TM3949,Andrena semilaevis,0
TM3949,Andrena subopaca,0
TM3949,Andrena synadelpha,0
TM3949,Andrena tarsata,0
TM3949,Andrena thoracica,0
TM3949,Andrena trimmerana,0
TM3949,Andrena wilkella,0
TM3949,Anthidium manicatum,0
TM3949,Anthophora furcata,0
TM3949,Anthophora plumipes,0
TM3949,Apis mellifera,3
TM3949,Arctophila superbiens,0
TM3949,Bombus barbutellus,0
TM3949,Bombus bohemicus,0
TM3949,Bombus campestris,0
TM3949,Bombus hortorum,0
TM3949,Bombus humilis,0
TM3949,Bombus hypnorum,1
TM3949,Bombus jonellus,0
TM3949,Bombus lapidarius,4
TM3949,Bombus lucorum,5
TM3949,Bombus monticola,0
TM3949,Bombus muscorum,3
TM3949,Bombus pascuorum,4
TM3949,Bombus pratorum,0
TM3949,Bombus ruderarius,0
TM3949,Bombus ruderatus,0
TM3949,Bombus rupestris,0
TM3949,Bombus soroeensis,0
TM3949,Bombus sylvestris,0
TM3949,Bombus terrestris,6
TM3949,Bombus vestalis,0
TM3949,Chalcosyrphus nemorum,0
TM3949,Cheilosia albitarsis,0
TM3949,Cheilosia bergenstammi,0
TM3949,Cheilosia fraterna,0
TM3949,Cheilosia illustrata,0
TM3949,Cheilosia lasiopa,0
TM3949,Cheilosia latifrons,0
TM3949,Cheilosia pagana,0
TM3949,Cheilosia proxima,0
TM3949,Cheilosia soror,0
TM3949,Cheilosia vernalis,0
TM3949,Chelostoma campanularum,0
TM3949,Chrysogaster cemiteriorum,0
TM3949,Chrysogaster virescens,0
TM3949,Chrysotoxum arcuatum,0
TM3949,Chrysotoxum bicinctum,1
TM3949,Chrysotoxum festivum,0
TM3949,Chrysotoxum verralli,0
TM3949,Coelioxys elongata,0
TM3949,Coelioxys inermis,0
TM3949,Colletes similis,0
TM3949,Colletes succinctus,0
TM3949,Dasypoda hirtipes,3
TM3949,Dasysyrphus albostriatus,0
TM3949,Dasysyrphus neovenustus,0
TM3949,Dasysyrphus tricinctus,0
TM3949,Dasysyrphus venustus,0
TM3949,Epistrophe grossulariae,0
TM3949,Episyrphus balteatus,1
TM3949,Eristalinus aeneus,0
TM3949,Eristalinus sepulchralis,20
TM3949,Eristalis abusiva,0
TM3949,Eristalis abusivus,0
TM3949,Eristalis arbustorum,4
TM3949,Eristalis horticola,0
TM3949,Eristalis intricaria,0
TM3949,Eristalis intricarius,0
TM3949,Eristalis nemorum,0
TM3949,Eristalis pertinax,0
TM3949,Eristalis rupium,0
TM3949,Eristalis tenax,6
TM3949,Eucera longicornis,0
TM3949,Eumerus funeralis,0
TM3949,Eumerus ornatus,0
TM3949,Eumerus strigatus,1
TM3949,Eupeodes corollae,3
TM3949,Eupeodes latifasciatus,0
TM3949,Eupeodes luniger,1
TM3949,Ferdinandea cuprea,0
TM3949,Halictus confusus,0
TM3949,Halictus eurygnathus,0
TM3949,Halictus rubicundus,0
TM3949,Halictus tumulorum,7
TM3949,Helophilus hybridus,0
TM3949,Helophilus pendulus,1
TM3949,Helophilus trivittatus,0
TM3949,Hylaeus brevicornis,0
TM3949,Hylaeus communis,1
TM3949,Hylaeus confusus,0
TM3949,Hylaeus dilatatus,0
TM3949,Hylaeus hyalinatus,0
TM3949,Hylaeus pectoralis,42
TM3949,Lasioglossum albipes,0
TM3949,Lasioglossum calceatum,17
TM3949,Lasioglossum cupromicans,0
TM3949,Lasioglossum fratellum,0
TM3949,Lasioglossum fulvicorne,0
TM3949,Lasioglossum laevigatum,0
TM3949,Lasioglossum lativentre,0
TM3949,Lasioglossum leucopus,0
TM3949,Lasioglossum leucozonium,1
TM3949,Lasioglossum malachurum,8
TM3949,Lasioglossum minutissimum,0
TM3949,Lasioglossum morio,0
TM3949,Lasioglossum parvulum,0
TM3949,Lasioglossum pauperatum,0
TM3949,Lasioglossum pauxillum,0
TM3949,Lasioglossum punctatissimum,0
TM3949,Lasioglossum puncticolle,19
TM3949,Lasioglossum quadrinotatum,0
TM3949,Lasioglossum rufitarse,0
TM3949,Lasioglossum smeathmanellum,0
TM3949,Lasioglossum villosulum,1
TM3949,Lasioglossum xanthopus,0
TM3949,Lasioglossum zonulum,0
TM3949,Lejogaster metallina,0
TM3949,Leucozona glaucia,0
TM3949,Leucozona laternaria,0
TM3949,Macropis europaea,0
TM3949,Megachile centuncularis,0
TM3949,Megachile ligniseca,0
TM3949,Megachile versicolor,0
TM3949,Megachile willughbiella,0
TM3949,Melangyna cincta,0
TM3949,Melangyna labiatarum,0
TM3949,Melangyna lasiophthalma,0
TM3949,Melangyna umbellatarum,0
TM3949,Melanogaster aerosa,0
TM3949,Melanogaster hirtella,0
TM3949,Melanostoma form,0
TM3949,Melanostoma mellinum,0
TM3949,Melanostoma scalare,0
TM3949,Meliscaeva auricollis,0
TM3949,Meliscaeva cinctella,0
TM3949,Melitta leporina,0
TM3949,Merodon equestris,0
TM3949,Myathropa florea,0
TM3949,Neoascia geniculata,0
TM3949,Neoascia meticulosa,0
TM3949,Neoascia podagrica,0
TM3949,Neoascia tenur,0
TM3949,Nomada fabriciana,0
TM3949,Nomada flava,0
TM3949,Nomada flavoguttata,0
TM3949,Nomada flavopicta,0
TM3949,Nomada fucata,0
TM3949,Nomada goodeniana,1
TM3949,Nomada lathburiana,0
TM3949,Nomada marshamella,0
TM3949,Nomada obtusifrons,0
TM3949,Nomada panzeri,0
TM3949,Nomada ruficornis,0
TM3949,Nomada striata,0
TM3949,Orthonevra nobilis,0
TM3949,Osmia bicolor,0
TM3949,Osmia bicornis,0
TM3949,Osmia caerulescens,0
TM3949,Osmia leaiana,0
TM3949,Osmia spinulosa,0
TM3949,Panurgus banksianus,2
TM3949,Panurgus calcaratus,1
TM3949,Parasyrphus punctulatus,0
TM3949,Parhelophilus frutetorum,0
TM3949,Parhelophilus versicolor,0
TM3949,Pipiza bimaculata,0
TM3949,Pipizella viduata,0
TM3949,Platycheirus albimanus,0
TM3949,Platycheirus clypeatus,0
TM3949,Platycheirus granditarsus,0
TM3949,Platycheirus manicatus,0
TM3949,Platycheirus nielseni,0
TM3949,Platycheirus peltatus,0
TM3949,Platycheirus ramsarensis,0
TM3949,Platycheirus rosarum,0
TM3949,Platycheirus scutatus,0
TM3949,Platycheirus tarsalis,0
TM3949,Rhingia campestris,0
TM3949,Rhingia rostrata,0
TM3949,Riponnensia splendens,0
TM3949,Scaeva pyrastri,0
TM3949,Scaeva selenitica,0
TM3949,Sericomyia lappona,0
TM3949,Sericomyia silentis,0
TM3949,Sericomyia superbiens,0
TM3949,Sphaerophoria fatarum,0
TM3949,Sphaerophoria interrupta,0
TM3949,Sphaerophoria philanthus,0
TM3949,Sphaerophoria rueppellii,0
TM3949,Sphaerophoria scripta,2
TM3949,Sphaerophoria taeniata,0
TM3949,Sphecodes crassus,0
TM3949,Sphecodes ephippius,0
TM3949,Sphecodes ferruginatus,0
TM3949,Sphecodes geoffrellus,0
TM3949,Sphecodes monilicornis,0
TM3949,Sphecodes niger,0
TM3949,Sphegina clunipes,0
TM3949,Syritta pipiens,0
TM3949,Syrphus rectus,0
TM3949,Syrphus ribesii,2
TM3949,Syrphus torvus,0
TM3949,Syrphus vitripennis,0
TM3949,Tropidia scita,0
TM3949,Volucella bombylans,0
TM3949,Volucella inanis,0
TM3949,Volucella inflata,0
TM3949,Volucella pellucens,0
TM3949,Xanthogramma pedissequum,0
TM3949,Xanthogramma stackelbergi,0
TM3949,Xylota abiens,0
TM3949,Xylota jakutorum,0
TM3949,Xylota segnis,1
TM3949,Xylota sylvarum,0
TQ1827,Anasimyia contracta,0
TQ1827,Anasimyia lineata,0
TQ1827,Anasimyia transfuga,0
TQ1827,Andrena alfkenella,1
TQ1827,Andrena angustior,0
TQ1827,Andrena bicolor,0
TQ1827,Andrena bucephala,0
TQ1827,Andrena chrysosceles,0
TQ1827,Andrena cineraria,0
TQ1827,Andrena coitana,0
TQ1827,Andrena denticulata,0
TQ1827,Andrena dorsata,8
TQ1827,Andrena flavipes,7
TQ1827,Andrena fucata,0
TQ1827,Andrena fulva,0
TQ1827,Andrena haemorrhoa,1
TQ1827,Andrena helvola,0
TQ1827,Andrena humilis,0
TQ1827,Andrena lapponica,0
TQ1827,Andrena minutula,1
TQ1827,Andrena nigriceps,0
TQ1827,Andrena nigroaenea,0
TQ1827,Andrena nitida,0
TQ1827,Andrena scotica,0
TQ1827,Andrena semilaevis,0
TQ1827,Andrena subopaca,0
TQ1827,Andrena synadelpha,0
TQ1827,Andrena tarsata,0
TQ1827,Andrena thoracica,0
TQ1827,Andrena trimmerana,0
TQ1827,Andrena wilkella,0
TQ1827,Anthidium manicatum,0
TQ1827,Anthophora furcata,0
TQ1827,Anthophora plumipes,0
TQ1827,Apis mellifera,39
TQ1827,Arctophila superbiens,0
TQ1827,Bombus barbutellus,0
TQ1827,Bombus bohemicus,0
TQ1827,Bombus campestris,0
TQ1827,Bombus hortorum,1
TQ1827,Bombus humilis,0
TQ1827,Bombus hypnorum,1
TQ1827,Bombus jonellus,0
TQ1827,Bombus lapidarius,5
TQ1827,Bombus lucorum,4
TQ1827,Bombus monticola,0
TQ1827,Bombus muscorum,0
TQ1827,Bombus pascuorum,17
TQ1827,Bombus pratorum,4
TQ1827,Bombus ruderarius,0
TQ1827,Bombus ruderatus,0
TQ1827,Bombus rupestris,0
TQ1827,Bombus soroeensis,0
TQ1827,Bombus sylvestris,0
TQ1827,Bombus terrestris,2
TQ1827,Bombus vestalis,5
TQ1827,Chalcosyrphus nemorum,0
TQ1827,Cheilosia albitarsis,0
TQ1827,Cheilosia bergenstammi,0
TQ1827,Cheilosia fraterna,0
TQ1827,Cheilosia illustrata,0
TQ1827,Cheilosia lasiopa,0
TQ1827,Cheilosia latifrons,0
TQ1827,Cheilosia pagana,0
TQ1827,Cheilosia proxima,0
TQ1827,Cheilosia soror,0
TQ1827,Cheilosia vernalis,0
TQ1827,Chelostoma campanularum,0
TQ1827,Chrysogaster cemiteriorum,0
TQ1827,Chrysogaster virescens,0
TQ1827,Chrysotoxum arcuatum,0
TQ1827,Chrysotoxum bicinctum,0
TQ1827,Chrysotoxum festivum,0
TQ1827,Chrysotoxum verralli,0
TQ1827,Coelioxys elongata,0
TQ1827,Coelioxys inermis,0
TQ1827,Colletes similis,0
TQ1827,Colletes succinctus,0
TQ1827,Dasypoda hirtipes,0
TQ1827,Dasysyrphus albostriatus,0
TQ1827,Dasysyrphus neovenustus,0
TQ1827,Dasysyrphus tricinctus,0
TQ1827,Dasysyrphus venustus,0
TQ1827,Epistrophe grossulariae,0
TQ1827,Episyrphus balteatus,3
TQ1827,Eristalinus aeneus,0
TQ1827,Eristalinus sepulchralis,1
TQ1827,Eristalis abusiva,0
TQ1827,Eristalis abusivus,0
TQ1827,Eristalis arbustorum,1
TQ1827,Eristalis horticola,1
TQ1827,Eristalis intricaria,0
TQ1827,Eristalis intricarius,0
TQ1827,Eristalis nemorum,0
TQ1827,Eristalis pertinax,0
TQ1827,Eristalis rupium,0
TQ1827,Eristalis tenax,1
TQ1827,Eucera longicornis,0
TQ1827,Eumerus funeralis,0
TQ1827,Eumerus ornatus,0
TQ1827,Eumerus strigatus,0
TQ1827,Eupeodes corollae,0
TQ1827,Eupeodes latifasciatus,0
TQ1827,Eupeodes luniger,1
TQ1827,Ferdinandea cuprea,4
TQ1827,Halictus confusus,0
TQ1827,Halictus eurygnathus,0
TQ1827,Halictus rubicundus,0
TQ1827,Halictus tumulorum,2
TQ1827,Helophilus hybridus,0
TQ1827,Helophilus pendulus,5
TQ1827,Helophilus trivittatus,0
TQ1827,Hylaeus brevicornis,0
TQ1827,Hylaeus communis,4
TQ1827,Hylaeus confusus,1
TQ1827,Hylaeus dilatatus,3
TQ1827,Hylaeus hyalinatus,0
TQ1827,Hylaeus pectoralis,0
TQ1827,Lasioglossum albipes,1
TQ1827,Lasioglossum calceatum,0
TQ1827,Lasioglossum cupromicans,0
TQ1827,Lasioglossum fratellum,0
TQ1827,Lasioglossum fulvicorne,0
TQ1827,Lasioglossum laevigatum,2
TQ1827,Lasioglossum lativentre,3
TQ1827,Lasioglossum leucopus,1
TQ1827,Lasioglossum leucozonium,7
TQ1827,Lasioglossum malachurum,5
TQ1827,Lasioglossum minutissimum,0
TQ1827,Lasioglossum morio,1
TQ1827,Lasioglossum parvulum,0
TQ1827,Lasioglossum pauperatum,1
TQ1827,Lasioglossum pauxillum,3
TQ1827,Lasioglossum punctatissimum,0
TQ1827,Lasioglossum puncticolle,2
TQ1827,Lasioglossum quadrinotatum,0
TQ1827,Lasioglossum rufitarse,0
TQ1827,Lasioglossum smeathmanellum,0
TQ1827,Lasioglossum villosulum,2
TQ1827,Lasioglossum xanthopus,0
TQ1827,Lasioglossum zonulum,20
TQ1827,Lejogaster metallina,0
TQ1827,Leucozona glaucia,0
TQ1827,Leucozona laternaria,0
TQ1827,Macropis europaea,0
TQ1827,Megachile centuncularis,0
TQ1827,Megachile ligniseca,0
TQ1827,Megachile versicolor,0
TQ1827,Megachile willughbiella,0
TQ1827,Melangyna cincta,0
TQ1827,Melangyna labiatarum,0
TQ1827,Melangyna lasiophthalma,0
TQ1827,Melangyna umbellatarum,0
TQ1827,Melanogaster aerosa,0
TQ1827,Melanogaster hirtella,1
TQ1827,Melanostoma form,0
TQ1827,Melanostoma mellinum,2
TQ1827,Melanostoma scalare,0
TQ1827,Meliscaeva auricollis,0
TQ1827,Meliscaeva cinctella,0
TQ1827,Melitta leporina,1
TQ1827,Merodon equestris,0
TQ1827,Myathropa florea,0
TQ1827,Neoascia geniculata,0
TQ1827,Neoascia meticulosa,0
TQ1827,Neoascia podagrica,0
TQ1827,Neoascia tenur,0
TQ1827,Nomada fabriciana,0
TQ1827,Nomada flava,0
TQ1827,Nomada flavoguttata,0
TQ1827,Nomada flavopicta,0
TQ1827,Nomada fucata,0
TQ1827,Nomada goodeniana,0
TQ1827,Nomada lathburiana,0
TQ1827,Nomada marshamella,0
TQ1827,Nomada obtusifrons,0
TQ1827,Nomada panzeri,0
TQ1827,Nomada ruficornis,0
TQ1827,Nomada striata,0
TQ1827,Orthonevra nobilis,0
TQ1827,Osmia bicolor,0
TQ1827,Osmia bicornis,0
TQ1827,Osmia caerulescens,0
TQ1827,Osmia leaiana,1
TQ1827,Osmia spinulosa,0
TQ1827,Panurgus banksianus,0
TQ1827,Panurgus calcaratus,1
TQ1827,Parasyrphus punctulatus,0
TQ1827,Parhelophilus frutetorum,0
TQ1827,Parhelophilus versicolor,0
TQ1827,Pipiza bimaculata,0
TQ1827,Pipizella viduata,0
TQ1827,Platycheirus albimanus,0
TQ1827,Platycheirus clypeatus,0
TQ1827,Platycheirus granditarsus,0
TQ1827,Platycheirus manicatus,0
TQ1827,Platycheirus nielseni,0
TQ1827,Platycheirus peltatus,0
TQ1827,Platycheirus ramsarensis,0
TQ1827,Platycheirus rosarum,0
TQ1827,Platycheirus scutatus,0
TQ1827,Platycheirus tarsalis,0
TQ1827,Rhingia campestris,0
TQ1827,Rhingia rostrata,0
TQ1827,Riponnensia splendens,0
TQ1827,Scaeva pyrastri,0
TQ1827,Scaeva selenitica,0
TQ1827,Sericomyia lappona,0
TQ1827,Sericomyia silentis,0
TQ1827,Sericomyia superbiens,0
TQ1827,Sphaerophoria fatarum,0
TQ1827,Sphaerophoria interrupta,0
TQ1827,Sphaerophoria philanthus,0
TQ1827,Sphaerophoria rueppellii,0
TQ1827,Sphaerophoria scripta,1
TQ1827,Sphaerophoria taeniata,0
TQ1827,Sphecodes crassus,0
TQ1827,Sphecodes ephippius,1
TQ1827,Sphecodes ferruginatus,0
TQ1827,Sphecodes geoffrellus,0
TQ1827,Sphecodes monilicornis,0
TQ1827,Sphecodes niger,0
TQ1827,Sphegina clunipes,0
TQ1827,Syritta pipiens,0
TQ1827,Syrphus rectus,0
TQ1827,Syrphus ribesii,2
TQ1827,Syrphus torvus,0
TQ1827,Syrphus vitripennis,0
TQ1827,Tropidia scita,0
TQ1827,Volucella bombylans,0
TQ1827,Volucella inanis,0
TQ1827,Volucella inflata,1
TQ1827,Volucella pellucens,0
TQ1827,Xanthogramma pedissequum,0
TQ1827,Xanthogramma stackelbergi,0
TQ1827,Xylota abiens,0
TQ1827,Xylota jakutorum,0
TQ1827,Xylota segnis,3
TQ1827,Xylota sylvarum,0
TQ3110,Anasimyia contracta,0
TQ3110,Anasimyia lineata,0
TQ3110,Anasimyia transfuga,0
TQ3110,Andrena alfkenella,0
TQ3110,Andrena angustior,0
TQ3110,Andrena bicolor,6
TQ3110,Andrena bucephala,0
TQ3110,Andrena chrysosceles,1
TQ3110,Andrena cineraria,0
TQ3110,Andrena coitana,0
TQ3110,Andrena denticulata,0
TQ3110,Andrena dorsata,0
TQ3110,Andrena flavipes,1
TQ3110,Andrena fucata,0
TQ3110,Andrena fulva,0
TQ3110,Andrena haemorrhoa,0
TQ3110,Andrena helvola,0
TQ3110,Andrena humilis,0
TQ3110,Andrena lapponica,0
TQ3110,Andrena minutula,4
TQ3110,Andrena nigriceps,0
TQ3110,Andrena nigroaenea,0
TQ3110,Andrena nitida,0
TQ3110,Andrena scotica,0
TQ3110,Andrena semilaevis,0
TQ3110,Andrena subopaca,0
TQ3110,Andrena synadelpha,0
TQ3110,Andrena tarsata,0
TQ3110,Andrena thoracica,0
TQ3110,Andrena trimmerana,0
TQ3110,Andrena wilkella,0
TQ3110,Anthidium manicatum,0
TQ3110,Anthophora furcata,0
TQ3110,Anthophora plumipes,0
TQ3110,Apis mellifera,16
TQ3110,Arctophila superbiens,0
TQ3110,Bombus barbutellus,0
TQ3110,Bombus bohemicus,0
TQ3110,Bombus campestris,0
TQ3110,Bombus hortorum,1
TQ3110,Bombus humilis,0
TQ3110,Bombus hypnorum,0
TQ3110,Bombus jonellus,0
TQ3110,Bombus lapidarius,1
TQ3110,Bombus lucorum,2
TQ3110,Bombus monticola,0
TQ3110,Bombus muscorum,0
TQ3110,Bombus pascuorum,1
TQ3110,Bombus pratorum,1
TQ3110,Bombus ruderarius,0
TQ3110,Bombus ruderatus,0
TQ3110,Bombus rupestris,0
TQ3110,Bombus soroeensis,0
TQ3110,Bombus sylvestris,0
TQ3110,Bombus terrestris,1
TQ3110,Bombus vestalis,0
TQ3110,Chalcosyrphus nemorum,0
TQ3110,Cheilosia albitarsis,0
TQ3110,Cheilosia bergenstammi,0
TQ3110,Cheilosia fraterna,0
TQ3110,Cheilosia illustrata,0
TQ3110,Cheilosia lasiopa,0
TQ3110,Cheilosia latifrons,0
TQ3110,Cheilosia pagana,0
TQ3110,Cheilosia proxima,0
TQ3110,Cheilosia soror,0
TQ3110,Cheilosia vernalis,0
TQ3110,Chelostoma campanularum,0
TQ3110,Chrysogaster cemiteriorum,0
TQ3110,Chrysogaster virescens,0
TQ3110,Chrysotoxum arcuatum,0
TQ3110,Chrysotoxum bicinctum,2
TQ3110,Chrysotoxum festivum,2
TQ3110,Chrysotoxum verralli,0
TQ3110,Coelioxys elongata,0
TQ3110,Coelioxys inermis,0
TQ3110,Colletes similis,0
TQ3110,Colletes succinctus,0
TQ3110,Dasypoda hirtipes,0
TQ3110,Dasysyrphus albostriatus,0
TQ3110,Dasysyrphus neovenustus,0
TQ3110,Dasysyrphus tricinctus,0
TQ3110,Dasysyrphus venustus,0
TQ3110,Epistrophe grossulariae,0
TQ3110,Episyrphus balteatus,2
TQ3110,Eristalinus aeneus,0
TQ3110,Eristalinus sepulchralis,0
TQ3110,Eristalis abusiva,0
TQ3110,Eristalis abusivus,0
TQ3110,Eristalis arbustorum,1
TQ3110,Eristalis horticola,0
TQ3110,Eristalis intricaria,0
TQ3110,Eristalis intricarius,0
TQ3110,Eristalis nemorum,0
TQ3110,Eristalis pertinax,0
TQ3110,Eristalis rupium,0
TQ3110,Eristalis tenax,2
TQ3110,Eucera longicornis,0
TQ3110,Eumerus funeralis,0
TQ3110,Eumerus ornatus,0
TQ3110,Eumerus strigatus,0
TQ3110,Eupeodes corollae,4
TQ3110,Eupeodes latifasciatus,0
TQ3110,Eupeodes luniger,0
TQ3110,Ferdinandea cuprea,0
TQ3110,Halictus confusus,1
TQ3110,Halictus eurygnathus,1
TQ3110,Halictus rubicundus,0
TQ3110,Halictus tumulorum,34
TQ3110,Helophilus hybridus,0
TQ3110,Helophilus pendulus,0
TQ3110,Helophilus trivittatus,0
TQ3110,Hylaeus brevicornis,0
TQ3110,Hylaeus communis,1
TQ3110,Hylaeus confusus,2
TQ3110,Hylaeus dilatatus,0
TQ3110,Hylaeus hyalinatus,0
TQ3110,Hylaeus pectoralis,0
TQ3110,Lasioglossum albipes,4
TQ3110,Lasioglossum calceatum,4
TQ3110,Lasioglossum cupromicans,0
TQ3110,Lasioglossum fratellum,0
TQ3110,Lasioglossum fulvicorne,2
TQ3110,Lasioglossum laevigatum,0
TQ3110,Lasioglossum lativentre,2
TQ3110,Lasioglossum leucopus,11
TQ3110,Lasioglossum leucozonium,22
TQ3110,Lasioglossum malachurum,8
TQ3110,Lasioglossum minutissimum,0
TQ3110,Lasioglossum morio,0
TQ3110,Lasioglossum parvulum,0
TQ3110,Lasioglossum pauperatum,0
TQ3110,Lasioglossum pauxillum,32
TQ3110,Lasioglossum punctatissimum,0
TQ3110,Lasioglossum puncticolle,0
TQ3110,Lasioglossum quadrinotatum,0
TQ3110,Lasioglossum rufitarse,0
TQ3110,Lasioglossum smeathmanellum,0
TQ3110,Lasioglossum villosulum,2
TQ3110,Lasioglossum xanthopus,0
TQ3110,Lasioglossum zonulum,5
TQ3110,Lejogaster metallina,0
TQ3110,Leucozona glaucia,0
TQ3110,Leucozona laternaria,0
TQ3110,Macropis europaea,0
TQ3110,Megachile centuncularis,0
TQ3110,Megachile ligniseca,0
TQ3110,Megachile versicolor,0
TQ3110,Megachile willughbiella,0
TQ3110,Melangyna cincta,0
TQ3110,Melangyna labiatarum,0
TQ3110,Melangyna lasiophthalma,0
TQ3110,Melangyna umbellatarum,0
TQ3110,Melanogaster aerosa,0
TQ3110,Melanogaster hirtella,0
TQ3110,Melanostoma form,0
TQ3110,Melanostoma mellinum,3
TQ3110,Melanostoma scalare,0
TQ3110,Meliscaeva auricollis,0
TQ3110,Meliscaeva cinctella,0
TQ3110,Melitta leporina,1
TQ3110,Merodon equestris,0
TQ3110,Myathropa florea,0
TQ3110,Neoascia geniculata,0
TQ3110,Neoascia meticulosa,0
TQ3110,Neoascia podagrica,1
TQ3110,Neoascia tenur,0
TQ3110,Nomada fabriciana,0
TQ3110,Nomada flava,0
TQ3110,Nomada flavoguttata,0
TQ3110,Nomada flavopicta,0
TQ3110,Nomada fucata,0
TQ3110,Nomada goodeniana,0
TQ3110,Nomada lathburiana,1
TQ3110,Nomada marshamella,0
TQ3110,Nomada obtusifrons,0
TQ3110,Nomada panzeri,0
TQ3110,Nomada ruficornis,0
TQ3110,Nomada striata,0
TQ3110,Orthonevra nobilis,0
TQ3110,Osmia bicolor,0
TQ3110,Osmia bicornis,0
TQ3110,Osmia caerulescens,0
TQ3110,Osmia leaiana,0
TQ3110,Osmia spinulosa,0
TQ3110,Panurgus banksianus,0
TQ3110,Panurgus calcaratus,0
TQ3110,Parasyrphus punctulatus,0
TQ3110,Parhelophilus frutetorum,0
TQ3110,Parhelophilus versicolor,0
TQ3110,Pipiza bimaculata,0
TQ3110,Pipizella viduata,1
TQ3110,Platycheirus albimanus,0
TQ3110,Platycheirus clypeatus,0
TQ3110,Platycheirus granditarsus,0
TQ3110,Platycheirus manicatus,2
TQ3110,Platycheirus nielseni,0
TQ3110,Platycheirus peltatus,0
TQ3110,Platycheirus ramsarensis,0
TQ3110,Platycheirus rosarum,0
TQ3110,Platycheirus scutatus,0
TQ3110,Platycheirus tarsalis,0
TQ3110,Rhingia campestris,11
TQ3110,Rhingia rostrata,0
TQ3110,Riponnensia splendens,0
TQ3110,Scaeva pyrastri,1
TQ3110,Scaeva selenitica,0
TQ3110,Sericomyia lappona,0
TQ3110,Sericomyia silentis,0
TQ3110,Sericomyia superbiens,0
TQ3110,Sphaerophoria fatarum,0
TQ3110,Sphaerophoria interrupta,0
TQ3110,Sphaerophoria philanthus,0
TQ3110,Sphaerophoria rueppellii,0
TQ3110,Sphaerophoria scripta,1
TQ3110,Sphaerophoria taeniata,0
TQ3110,Sphecodes crassus,1
TQ3110,Sphecodes ephippius,0
TQ3110,Sphecodes ferruginatus,0
TQ3110,Sphecodes geoffrellus,0
TQ3110,Sphecodes monilicornis,0
TQ3110,Sphecodes niger,0
TQ3110,Sphegina clunipes,0
TQ3110,Syritta pipiens,0
TQ3110,Syrphus rectus,0
TQ3110,Syrphus ribesii,0
TQ3110,Syrphus torvus,0
TQ3110,Syrphus vitripennis,1
TQ3110,Tropidia scita,0
TQ3110,Volucella bombylans,0
TQ3110,Volucella inanis,0
TQ3110,Volucella inflata,0
TQ3110,Volucella pellucens,0
TQ3110,Xanthogramma pedissequum,0
TQ3110,Xanthogramma stackelbergi,0
TQ3110,Xylota abiens,0
TQ3110,Xylota jakutorum,0
TQ3110,Xylota segnis,0
TQ3110,Xylota sylvarum,0
TQ4450,Anasimyia contracta,0
TQ4450,Anasimyia lineata,0
TQ4450,Anasimyia transfuga,0
TQ4450,Andrena alfkenella,0
TQ4450,Andrena angustior,0
TQ4450,Andrena bicolor,0
TQ4450,Andrena bucephala,0
TQ4450,Andrena chrysosceles,0
TQ4450,Andrena cineraria,0
TQ4450,Andrena coitana,0
TQ4450,Andrena denticulata,0
TQ4450,Andrena dorsata,0
TQ4450,Andrena flavipes,0
TQ4450,Andrena fucata,0
TQ4450,Andrena fulva,0
TQ4450,Andrena haemorrhoa,0
TQ4450,Andrena helvola,0
TQ4450,Andrena humilis,0
TQ4450,Andrena lapponica,0
TQ4450,Andrena minutula,0
TQ4450,Andrena nigriceps,0
TQ4450,Andrena nigroaenea,0
TQ4450,Andrena nitida,0
TQ4450,Andrena scotica,0
TQ4450,Andrena semilaevis,0
TQ4450,Andrena subopaca,0
TQ4450,Andrena synadelpha,0
TQ4450,Andrena tarsata,0
TQ4450,Andrena thoracica,0
TQ4450,Andrena trimmerana,0
TQ4450,Andrena wilkella,0
TQ4450,Anthidium manicatum,0
TQ4450,Anthophora furcata,0
TQ4450,Anthophora plumipes,0
TQ4450,Apis mellifera,21
TQ4450,Arctophila superbiens,0
TQ4450,Bombus barbutellus,0
TQ4450,Bombus bohemicus,0
TQ4450,Bombus campestris,0
TQ4450,Bombus hortorum,1
TQ4450,Bombus humilis,0
TQ4450,Bombus hypnorum,0
TQ4450,Bombus jonellus,0
TQ4450,Bombus lapidarius,1
TQ4450,Bombus lucorum,1
TQ4450,Bombus monticola,0
TQ4450,Bombus muscorum,0
TQ4450,Bombus pascuorum,0
TQ4450,Bombus pratorum,1
TQ4450,Bombus ruderarius,0
TQ4450,Bombus ruderatus,0
TQ4450,Bombus rupestris,0
TQ4450,Bombus soroeensis,0
TQ4450,Bombus sylvestris,0
TQ4450,Bombus terrestris,1
TQ4450,Bombus vestalis,0
TQ4450,Chalcosyrphus nemorum,0
TQ4450,Cheilosia albitarsis,0
TQ4450,Cheilosia bergenstammi,0
TQ4450,Cheilosia fraterna,0
TQ4450,Cheilosia illustrata,0
TQ4450,Cheilosia lasiopa,0
TQ4450,Cheilosia latifrons,0
TQ4450,Cheilosia pagana,0
TQ4450,Cheilosia proxima,0
TQ4450,Cheilosia soror,0
TQ4450,Cheilosia vernalis,0
TQ4450,Chelostoma campanularum,0
TQ4450,Chrysogaster cemiteriorum,0
TQ4450,Chrysogaster virescens,0
TQ4450,Chrysotoxum arcuatum,0
TQ4450,Chrysotoxum bicinctum,0
TQ4450,Chrysotoxum festivum,0
TQ4450,Chrysotoxum verralli,0
TQ4450,Coelioxys elongata,0
TQ4450,Coelioxys inermis,0
TQ4450,Colletes similis,0
TQ4450,Colletes succinctus,0
TQ4450,Dasypoda hirtipes,0
TQ4450,Dasysyrphus albostriatus,0
TQ4450,Dasysyrphus neovenustus,0
TQ4450,Dasysyrphus tricinctus,0
TQ4450,Dasysyrphus venustus,0
TQ4450,Epistrophe grossulariae,0
TQ4450,Episyrphus balteatus,0
TQ4450,Eristalinus aeneus,0
TQ4450,Eristalinus sepulchralis,0
TQ4450,Eristalis abusiva,0
TQ4450,Eristalis abusivus,0
TQ4450,Eristalis arbustorum,2
TQ4450,Eristalis horticola,0
TQ4450,Eristalis intricaria,0
TQ4450,Eristalis intricarius,0
TQ4450,Eristalis nemorum,1
TQ4450,Eristalis pertinax,0
TQ4450,Eristalis rupium,0
TQ4450,Eristalis tenax,0
TQ4450,Eucera longicornis,0
TQ4450,Eumerus funeralis,1
TQ4450,Eumerus ornatus,0
TQ4450,Eumerus strigatus,0
TQ4450,Eupeodes corollae,0
TQ4450,Eupeodes latifasciatus,0
TQ4450,Eupeodes luniger,0
TQ4450,Ferdinandea cuprea,4
TQ4450,Halictus confusus,0
TQ4450,Halictus eurygnathus,0
TQ4450,Halictus rubicundus,0
TQ4450,Halictus tumulorum,3
TQ4450,Helophilus hybridus,0
TQ4450,Helophilus pendulus,4
TQ4450,Helophilus trivittatus,0
TQ4450,Hylaeus brevicornis,0
TQ4450,Hylaeus communis,3
TQ4450,Hylaeus confusus,0
TQ4450,Hylaeus dilatatus,0
TQ4450,Hylaeus hyalinatus,0
TQ4450,Hylaeus pectoralis,0
TQ4450,Lasioglossum albipes,0
TQ4450,Lasioglossum calceatum,1
TQ4450,Lasioglossum cupromicans,0
TQ4450,Lasioglossum fratellum,0
TQ4450,Lasioglossum fulvicorne,0
TQ4450,Lasioglossum laevigatum,0
TQ4450,Lasioglossum lativentre,1
TQ4450,Lasioglossum leucopus,0
TQ4450,Lasioglossum leucozonium,1
TQ4450,Lasioglossum malachurum,2
TQ4450,Lasioglossum minutissimum,0
TQ4450,Lasioglossum morio,7
TQ4450,Lasioglossum parvulum,0
TQ4450,Lasioglossum pauperatum,0
TQ4450,Lasioglossum pauxillum,2
TQ4450,Lasioglossum punctatissimum,0
TQ4450,Lasioglossum puncticolle,0
TQ4450,Lasioglossum quadrinotatum,0
TQ4450,Lasioglossum rufitarse,0
TQ4450,Lasioglossum smeathmanellum,0
TQ4450,Lasioglossum villosulum,1
TQ4450,Lasioglossum xanthopus,0
TQ4450,Lasioglossum zonulum,0
TQ4450,Lejogaster metallina,0
TQ4450,Leucozona glaucia,0
TQ4450,Leucozona laternaria,0
TQ4450,Macropis europaea,0
TQ4450,Megachile centuncularis,0
TQ4450,Megachile ligniseca,0
TQ4450,Megachile versicolor,0
TQ4450,Megachile willughbiella,0
TQ4450,Melangyna cincta,0
TQ4450,Melangyna labiatarum,0
TQ4450,Melangyna lasiophthalma,0
TQ4450,Melangyna umbellatarum,0
TQ4450,Melanogaster aerosa,0
TQ4450,Melanogaster hirtella,0
TQ4450,Melanostoma form,0
TQ4450,Melanostoma mellinum,21
TQ4450,Melanostoma scalare,0
TQ4450,Meliscaeva auricollis,0
TQ4450,Meliscaeva cinctella,0
TQ4450,Melitta leporina,0
TQ4450,Merodon equestris,0
TQ4450,Myathropa florea,1
TQ4450,Neoascia geniculata,0
TQ4450,Neoascia meticulosa,0
TQ4450,Neoascia podagrica,4
TQ4450,Neoascia tenur,0
TQ4450,Nomada fabriciana,0
TQ4450,Nomada flava,0
TQ4450,Nomada flavoguttata,0
TQ4450,Nomada flavopicta,0
TQ4450,Nomada fucata,0
TQ4450,Nomada goodeniana,0
TQ4450,Nomada lathburiana,0
TQ4450,Nomada marshamella,0
TQ4450,Nomada obtusifrons,0
TQ4450,Nomada panzeri,0
TQ4450,Nomada ruficornis,0
TQ4450,Nomada striata,0
TQ4450,Orthonevra nobilis,0
TQ4450,Osmia bicolor,0
TQ4450,Osmia bicornis,0
TQ4450,Osmia caerulescens,1
TQ4450,Osmia leaiana,0
TQ4450,Osmia spinulosa,0
TQ4450,Panurgus banksianus,0
TQ4450,Panurgus calcaratus,0
TQ4450,Parasyrphus punctulatus,0
TQ4450,Parhelophilus frutetorum,0
TQ4450,Parhelophilus versicolor,0
TQ4450,Pipiza bimaculata,0
TQ4450,Pipizella viduata,0
TQ4450,Platycheirus albimanus,2
TQ4450,Platycheirus clypeatus,0
TQ4450,Platycheirus granditarsus,0
TQ4450,Platycheirus manicatus,0
TQ4450,Platycheirus nielseni,0
TQ4450,Platycheirus peltatus,0
TQ4450,Platycheirus ramsarensis,0
TQ4450,Platycheirus rosarum,2
TQ4450,Platycheirus scutatus,0
TQ4450,Platycheirus tarsalis,0
TQ4450,Rhingia campestris,0
TQ4450,Rhingia rostrata,0
TQ4450,Riponnensia splendens,0
TQ4450,Scaeva pyrastri,0
TQ4450,Scaeva selenitica,0
TQ4450,Sericomyia lappona,0
TQ4450,Sericomyia silentis,1
TQ4450,Sericomyia superbiens,0
TQ4450,Sphaerophoria fatarum,0
TQ4450,Sphaerophoria interrupta,0
TQ4450,Sphaerophoria philanthus,0
TQ4450,Sphaerophoria rueppellii,0
TQ4450,Sphaerophoria scripta,0
TQ4450,Sphaerophoria taeniata,0
TQ4450,Sphecodes crassus,0
TQ4450,Sphecodes ephippius,0
TQ4450,Sphecodes ferruginatus,0
TQ4450,Sphecodes geoffrellus,0
TQ4450,Sphecodes monilicornis,0
TQ4450,Sphecodes niger,0
TQ4450,Sphegina clunipes,0
TQ4450,Syritta pipiens,1
TQ4450,Syrphus rectus,0
TQ4450,Syrphus ribesii,1
TQ4450,Syrphus torvus,0
TQ4450,Syrphus vitripennis,0
TQ4450,Tropidia scita,0
TQ4450,Volucella bombylans,0
TQ4450,Volucella inanis,0
TQ4450,Volucella inflata,0
TQ4450,Volucella pellucens,0
TQ4450,Xanthogramma pedissequum,0
TQ4450,Xanthogramma stackelbergi,0
TQ4450,Xylota abiens,0
TQ4450,Xylota jakutorum,0
TQ4450,Xylota segnis,0
TQ4450,Xylota sylvarum,0
TQ8038,Anasimyia contracta,0
TQ8038,Anasimyia lineata,0
TQ8038,Anasimyia transfuga,0
TQ8038,Andrena alfkenella,0
TQ8038,Andrena angustior,0
TQ8038,Andrena bicolor,1
TQ8038,Andrena bucephala,0
TQ8038,Andrena chrysosceles,0
TQ8038,Andrena cineraria,0
TQ8038,Andrena coitana,0
TQ8038,Andrena denticulata,0
TQ8038,Andrena dorsata,6
TQ8038,Andrena flavipes,27
TQ8038,Andrena fucata,2
TQ8038,Andrena fulva,0
TQ8038,Andrena haemorrhoa,9
TQ8038,Andrena helvola,1
TQ8038,Andrena humilis,0
TQ8038,Andrena lapponica,0
TQ8038,Andrena minutula,4
TQ8038,Andrena nigriceps,0
TQ8038,Andrena nigroaenea,0
TQ8038,Andrena nitida,0
TQ8038,Andrena scotica,0
TQ8038,Andrena semilaevis,2
TQ8038,Andrena subopaca,0
TQ8038,Andrena synadelpha,0
TQ8038,Andrena tarsata,0
TQ8038,Andrena thoracica,0
TQ8038,Andrena trimmerana,0
TQ8038,Andrena wilkella,0
TQ8038,Anthidium manicatum,0
TQ8038,Anthophora furcata,0
TQ8038,Anthophora plumipes,0
TQ8038,Apis mellifera,33
TQ8038,Arctophila superbiens,0
TQ8038,Bombus barbutellus,0
TQ8038,Bombus bohemicus,0
TQ8038,Bombus campestris,0
TQ8038,Bombus hortorum,5
TQ8038,Bombus humilis,0
TQ8038,Bombus hypnorum,0
TQ8038,Bombus jonellus,0
TQ8038,Bombus lapidarius,1
TQ8038,Bombus lucorum,8
TQ8038,Bombus monticola,0
TQ8038,Bombus muscorum,0
TQ8038,Bombus pascuorum,3
TQ8038,Bombus pratorum,5
TQ8038,Bombus ruderarius,0
TQ8038,Bombus ruderatus,0
TQ8038,Bombus rupestris,0
TQ8038,Bombus soroeensis,0
TQ8038,Bombus sylvestris,0
TQ8038,Bombus terrestris,1
TQ8038,Bombus vestalis,1
TQ8038,Chalcosyrphus nemorum,1
TQ8038,Cheilosia albitarsis,1
TQ8038,Cheilosia bergenstammi,0
TQ8038,Cheilosia fraterna,0
TQ8038,Cheilosia illustrata,0
TQ8038,Cheilosia lasiopa,0
TQ8038,Cheilosia latifrons,1
TQ8038,Cheilosia pagana,0
TQ8038,Cheilosia proxima,0
TQ8038,Cheilosia soror,0
TQ8038,Cheilosia vernalis,0
TQ8038,Chelostoma campanularum,0
TQ8038,Chrysogaster cemiteriorum,0
TQ8038,Chrysogaster virescens,0
TQ8038,Chrysotoxum arcuatum,0
TQ8038,Chrysotoxum bicinctum,0
TQ8038,Chrysotoxum festivum,0
TQ8038,Chrysotoxum verralli,0
TQ8038,Coelioxys elongata,0
TQ8038,Coelioxys inermis,0
TQ8038,Colletes similis,0
TQ8038,Colletes succinctus,0
TQ8038,Dasypoda hirtipes,0
TQ8038,Dasysyrphus albostriatus,0
TQ8038,Dasysyrphus neovenustus,0
TQ8038,Dasysyrphus tricinctus,0
TQ8038,Dasysyrphus venustus,0
TQ8038,Epistrophe grossulariae,0
TQ8038,Episyrphus balteatus,0
TQ8038,Eristalinus aeneus,0
TQ8038,Eristalinus sepulchralis,0
TQ8038,Eristalis abusiva,0
TQ8038,Eristalis abusivus,0
TQ8038,Eristalis arbustorum,4
TQ8038,Eristalis horticola,0
TQ8038,Eristalis intricaria,0
TQ8038,Eristalis intricarius,0
TQ8038,Eristalis nemorum,1
TQ8038,Eristalis pertinax,4
TQ8038,Eristalis rupium,0
TQ8038,Eristalis tenax,0
TQ8038,Eucera longicornis,0
TQ8038,Eumerus funeralis,1
TQ8038,Eumerus ornatus,0
TQ8038,Eumerus strigatus,0
TQ8038,Eupeodes corollae,0
TQ8038,Eupeodes latifasciatus,3
TQ8038,Eupeodes luniger,0
TQ8038,Ferdinandea cuprea,28
TQ8038,Halictus confusus,0
TQ8038,Halictus eurygnathus,0
TQ8038,Halictus rubicundus,1
TQ8038,Halictus tumulorum,13
TQ8038,Helophilus hybridus,0
TQ8038,Helophilus pendulus,2
TQ8038,Helophilus trivittatus,0
TQ8038,Hylaeus brevicornis,1
TQ8038,Hylaeus communis,3
TQ8038,Hylaeus confusus,3
TQ8038,Hylaeus dilatatus,1
TQ8038,Hylaeus hyalinatus,0
TQ8038,Hylaeus pectoralis,0
TQ8038,Lasioglossum albipes,1
TQ8038,Lasioglossum calceatum,12
TQ8038,Lasioglossum cupromicans,0
TQ8038,Lasioglossum fratellum,0
TQ8038,Lasioglossum fulvicorne,0
TQ8038,Lasioglossum laevigatum,3
TQ8038,Lasioglossum lativentre,1
TQ8038,Lasioglossum leucopus,0
TQ8038,Lasioglossum leucozonium,3
TQ8038,Lasioglossum malachurum,59
TQ8038,Lasioglossum minutissimum,4
TQ8038,Lasioglossum morio,17
TQ8038,Lasioglossum parvulum,0
TQ8038,Lasioglossum pauperatum,1
TQ8038,Lasioglossum pauxillum,38
TQ8038,Lasioglossum punctatissimum,2
TQ8038,Lasioglossum puncticolle,0
TQ8038,Lasioglossum quadrinotatum,0
TQ8038,Lasioglossum rufitarse,0
TQ8038,Lasioglossum smeathmanellum,0
TQ8038,Lasioglossum villosulum,0
TQ8038,Lasioglossum xanthopus,0
TQ8038,Lasioglossum zonulum,16
TQ8038,Lejogaster metallina,0
TQ8038,Leucozona glaucia,0
TQ8038,Leucozona laternaria,0
TQ8038,Macropis europaea,0
TQ8038,Megachile centuncularis,0
TQ8038,Megachile ligniseca,0
TQ8038,Megachile versicolor,0
TQ8038,Megachile willughbiella,0
TQ8038,Melangyna cincta,0
TQ8038,Melangyna labiatarum,0
TQ8038,Melangyna lasiophthalma,0
TQ8038,Melangyna umbellatarum,0
TQ8038,Melanogaster aerosa,0
TQ8038,Melanogaster hirtella,1
TQ8038,Melanostoma form,0
TQ8038,Melanostoma mellinum,24
TQ8038,Melanostoma scalare,4
TQ8038,Meliscaeva auricollis,1
TQ8038,Meliscaeva cinctella,0
TQ8038,Melitta leporina,0
TQ8038,Merodon equestris,0
TQ8038,Myathropa florea,6
TQ8038,Neoascia geniculata,0
TQ8038,Neoascia meticulosa,0
TQ8038,Neoascia podagrica,1
TQ8038,Neoascia tenur,0
TQ8038,Nomada fabriciana,0
TQ8038,Nomada flava,2
TQ8038,Nomada flavoguttata,0
TQ8038,Nomada flavopicta,1
TQ8038,Nomada fucata,0
TQ8038,Nomada goodeniana,0
TQ8038,Nomada lathburiana,0
TQ8038,Nomada marshamella,0
TQ8038,Nomada obtusifrons,0
TQ8038,Nomada panzeri,0
TQ8038,Nomada ruficornis,0
TQ8038,Nomada striata,0
TQ8038,Orthonevra nobilis,1
TQ8038,Osmia bicolor,0
TQ8038,Osmia bicornis,0
TQ8038,Osmia caerulescens,0
TQ8038,Osmia leaiana,0
TQ8038,Osmia spinulosa,0
TQ8038,Panurgus banksianus,0
TQ8038,Panurgus calcaratus,0
TQ8038,Parasyrphus punctulatus,0
TQ8038,Parhelophilus frutetorum,0
TQ8038,Parhelophilus versicolor,0
TQ8038,Pipiza bimaculata,0
TQ8038,Pipizella viduata,0
TQ8038,Platycheirus albimanus,0
TQ8038,Platycheirus clypeatus,0
TQ8038,Platycheirus granditarsus,0
TQ8038,Platycheirus manicatus,0
TQ8038,Platycheirus nielseni,0
TQ8038,Platycheirus peltatus,0
TQ8038,Platycheirus ramsarensis,0
TQ8038,Platycheirus rosarum,0
TQ8038,Platycheirus scutatus,1
TQ8038,Platycheirus tarsalis,0
TQ8038,Rhingia campestris,6
TQ8038,Rhingia rostrata,0
TQ8038,Riponnensia splendens,0
TQ8038,Scaeva pyrastri,0
TQ8038,Scaeva selenitica,0
TQ8038,Sericomyia lappona,0
TQ8038,Sericomyia silentis,0
TQ8038,Sericomyia superbiens,0
TQ8038,Sphaerophoria fatarum,0
TQ8038,Sphaerophoria interrupta,1
TQ8038,Sphaerophoria philanthus,0
TQ8038,Sphaerophoria rueppellii,0
TQ8038,Sphaerophoria scripta,3
TQ8038,Sphaerophoria taeniata,0
TQ8038,Sphecodes crassus,0
TQ8038,Sphecodes ephippius,3
TQ8038,Sphecodes ferruginatus,0
TQ8038,Sphecodes geoffrellus,0
TQ8038,Sphecodes monilicornis,1
TQ8038,Sphecodes niger,0
TQ8038,Sphegina clunipes,0
TQ8038,Syritta pipiens,1
TQ8038,Syrphus rectus,3
TQ8038,Syrphus ribesii,5
TQ8038,Syrphus torvus,0
TQ8038,Syrphus vitripennis,9
TQ8038,Tropidia scita,0
TQ8038,Volucella bombylans,0
TQ8038,Volucella inanis,0
TQ8038,Volucella inflata,0
TQ8038,Volucella pellucens,0
TQ8038,Xanthogramma pedissequum,1
TQ8038,Xanthogramma stackelbergi,1
TQ8038,Xylota abiens,0
TQ8038,Xylota jakutorum,0
TQ8038,Xylota segnis,3
TQ8038,Xylota sylvarum,0
TR0534,Anasimyia contracta,1
TR0534,Anasimyia lineata,0
TR0534,Anasimyia transfuga,0
TR0534,Andrena alfkenella,0
TR0534,Andrena angustior,0
TR0534,Andrena bicolor,0
TR0534,Andrena bucephala,0
TR0534,Andrena chrysosceles,1
TR0534,Andrena cineraria,0
TR0534,Andrena coitana,0
TR0534,Andrena denticulata,0
TR0534,Andrena dorsata,0
TR0534,Andrena flavipes,15
TR0534,Andrena fucata,0
TR0534,Andrena fulva,0
TR0534,Andrena haemorrhoa,2
TR0534,Andrena helvola,0
TR0534,Andrena humilis,0
TR0534,Andrena lapponica,0
TR0534,Andrena minutula,0
TR0534,Andrena nigriceps,0
TR0534,Andrena nigroaenea,2
TR0534,Andrena nitida,3
TR0534,Andrena scotica,0
TR0534,Andrena semilaevis,0
TR0534,Andrena subopaca,0
TR0534,Andrena synadelpha,0
TR0534,Andrena tarsata,0
TR0534,Andrena thoracica,0
TR0534,Andrena trimmerana,1
TR0534,Andrena wilkella,0
TR0534,Anthidium manicatum,0
TR0534,Anthophora furcata,0
TR0534,Anthophora plumipes,0
TR0534,Apis mellifera,9
TR0534,Arctophila superbiens,0
TR0534,Bombus barbutellus,0
TR0534,Bombus bohemicus,0
TR0534,Bombus campestris,0
TR0534,Bombus hortorum,1
TR0534,Bombus humilis,0
TR0534,Bombus hypnorum,0
TR0534,Bombus jonellus,0
TR0534,Bombus lapidarius,2
TR0534,Bombus lucorum,6
TR0534,Bombus monticola,0
TR0534,Bombus muscorum,1
TR0534,Bombus pascuorum,1
TR0534,Bombus pratorum,2
TR0534,Bombus ruderarius,0
TR0534,Bombus ruderatus,0
TR0534,Bombus rupestris,0
TR0534,Bombus soroeensis,0
TR0534,Bombus sylvestris,0
TR0534,Bombus terrestris,4
TR0534,Bombus vestalis,1
TR0534,Chalcosyrphus nemorum,0
TR0534,Cheilosia albitarsis,0
TR0534,Cheilosia bergenstammi,0
TR0534,Cheilosia fraterna,0
TR0534,Cheilosia illustrata,0
TR0534,Cheilosia lasiopa,0
TR0534,Cheilosia latifrons,2
TR0534,Cheilosia pagana,0
TR0534,Cheilosia proxima,0
TR0534,Cheilosia soror,0
TR0534,Cheilosia vernalis,0
TR0534,Chelostoma campanularum,0
TR0534,Chrysogaster cemiteriorum,0
TR0534,Chrysogaster virescens,0
TR0534,Chrysotoxum arcuatum,0
TR0534,Chrysotoxum bicinctum,0
TR0534,Chrysotoxum festivum,0
TR0534,Chrysotoxum verralli,0
TR0534,Coelioxys elongata,0
TR0534,Coelioxys inermis,0
TR0534,Colletes similis,0
TR0534,Colletes succinctus,1
TR0534,Dasypoda hirtipes,0
TR0534,Dasysyrphus albostriatus,0
TR0534,Dasysyrphus neovenustus,0
TR0534,Dasysyrphus tricinctus,0
TR0534,Dasysyrphus venustus,0
TR0534,Epistrophe grossulariae,0
TR0534,Episyrphus balteatus,9
TR0534,Eristalinus aeneus,0
TR0534,Eristalinus sepulchralis,16
TR0534,Eristalis abusiva,0
TR0534,Eristalis abusivus,0
TR0534,Eristalis arbustorum,0
TR0534,Eristalis horticola,0
TR0534,Eristalis intricaria,0
TR0534,Eristalis intricarius,0
TR0534,Eristalis nemorum,0
TR0534,Eristalis pertinax,0
TR0534,Eristalis rupium,0
TR0534,Eristalis tenax,0
TR0534,Eucera longicornis,0
TR0534,Eumerus funeralis,0
TR0534,Eumerus ornatus,0
TR0534,Eumerus strigatus,0
TR0534,Eupeodes corollae,7
TR0534,Eupeodes latifasciatus,1
TR0534,Eupeodes luniger,1
TR0534,Ferdinandea cuprea,0
TR0534,Halictus confusus,0
TR0534,Halictus eurygnathus,0
TR0534,Halictus rubicundus,0
TR0534,Halictus tumulorum,7
TR0534,Helophilus hybridus,0
TR0534,Helophilus pendulus,1
TR0534,Helophilus trivittatus,1
TR0534,Hylaeus brevicornis,0
TR0534,Hylaeus communis,0
TR0534,Hylaeus confusus,0
TR0534,Hylaeus dilatatus,1
TR0534,Hylaeus hyalinatus,0
TR0534,Hylaeus pectoralis,0
TR0534,Lasioglossum albipes,0
TR0534,Lasioglossum calceatum,7
TR0534,Lasioglossum cupromicans,0
TR0534,Lasioglossum fratellum,0
TR0534,Lasioglossum fulvicorne,0
TR0534,Lasioglossum laevigatum,0
TR0534,Lasioglossum lativentre,0
TR0534,Lasioglossum leucopus,0
TR0534,Lasioglossum leucozonium,2
TR0534,Lasioglossum malachurum,68
TR0534,Lasioglossum minutissimum,1
TR0534,Lasioglossum morio,14
TR0534,Lasioglossum parvulum,1
TR0534,Lasioglossum pauperatum,6
TR0534,Lasioglossum pauxillum,31
TR0534,Lasioglossum punctatissimum,0
TR0534,Lasioglossum puncticolle,0
TR0534,Lasioglossum quadrinotatum,0
TR0534,Lasioglossum rufitarse,0
TR0534,Lasioglossum smeathmanellum,1
TR0534,Lasioglossum villosulum,3
TR0534,Lasioglossum xanthopus,0
TR0534,Lasioglossum zonulum,1
TR0534,Lejogaster metallina,0
TR0534,Leucozona glaucia,0
TR0534,Leucozona laternaria,0
TR0534,Macropis europaea,0
TR0534,Megachile centuncularis,0
TR0534,Megachile ligniseca,0
TR0534,Megachile versicolor,0
TR0534,Megachile willughbiella,0
TR0534,Melangyna cincta,0
TR0534,Melangyna labiatarum,0
TR0534,Melangyna lasiophthalma,0
TR0534,Melangyna umbellatarum,0
TR0534,Melanogaster aerosa,0
TR0534,Melanogaster hirtella,0
TR0534,Melanostoma form,0
TR0534,Melanostoma mellinum,12
TR0534,Melanostoma scalare,0
TR0534,Meliscaeva auricollis,0
TR0534,Meliscaeva cinctella,0
TR0534,Melitta leporina,0
TR0534,Merodon equestris,0
TR0534,Myathropa florea,0
TR0534,Neoascia geniculata,0
TR0534,Neoascia meticulosa,0
TR0534,Neoascia podagrica,0
TR0534,Neoascia tenur,0
TR0534,Nomada fabriciana,0
TR0534,Nomada flava,0
TR0534,Nomada flavoguttata,0
TR0534,Nomada flavopicta,1
TR0534,Nomada fucata,3
TR0534,Nomada goodeniana,0
TR0534,Nomada lathburiana,0
TR0534,Nomada marshamella,0
TR0534,Nomada obtusifrons,0
TR0534,Nomada panzeri,0
TR0534,Nomada ruficornis,0
TR0534,Nomada striata,0
TR0534,Orthonevra nobilis,0
TR0534,Osmia bicolor,0
TR0534,Osmia bicornis,0
TR0534,Osmia caerulescens,0
TR0534,Osmia leaiana,0
TR0534,Osmia spinulosa,0
TR0534,Panurgus banksianus,0
TR0534,Panurgus calcaratus,1
TR0534,Parasyrphus punctulatus,0
TR0534,Parhelophilus frutetorum,0
TR0534,Parhelophilus versicolor,0
TR0534,Pipiza bimaculata,0
TR0534,Pipizella viduata,0
TR0534,Platycheirus albimanus,0
TR0534,Platycheirus clypeatus,0
TR0534,Platycheirus granditarsus,0
TR0534,Platycheirus manicatus,0
TR0534,Platycheirus nielseni,0
TR0534,Platycheirus peltatus,0
TR0534,Platycheirus ramsarensis,0
TR0534,Platycheirus rosarum,0
TR0534,Platycheirus scutatus,0
TR0534,Platycheirus tarsalis,0
TR0534,Rhingia campestris,0
TR0534,Rhingia rostrata,0
TR0534,Riponnensia splendens,0
TR0534,Scaeva pyrastri,0
TR0534,Scaeva selenitica,0
TR0534,Sericomyia lappona,0
TR0534,Sericomyia silentis,0
TR0534,Sericomyia superbiens,0
TR0534,Sphaerophoria fatarum,0
TR0534,Sphaerophoria interrupta,0
TR0534,Sphaerophoria philanthus,0
TR0534,Sphaerophoria rueppellii,0
TR0534,Sphaerophoria scripta,1
TR0534,Sphaerophoria taeniata,0
TR0534,Sphecodes crassus,0
TR0534,Sphecodes ephippius,0
TR0534,Sphecodes ferruginatus,0
TR0534,Sphecodes geoffrellus,0
TR0534,Sphecodes monilicornis,0
TR0534,Sphecodes niger,0
TR0534,Sphegina clunipes,0
TR0534,Syritta pipiens,0
TR0534,Syrphus rectus,0
TR0534,Syrphus ribesii,1
TR0534,Syrphus torvus,0
TR0534,Syrphus vitripennis,0
TR0534,Tropidia scita,0
TR0534,Volucella bombylans,0
TR0534,Volucella inanis,0
TR0534,Volucella inflata,0
TR0534,Volucella pellucens,0
TR0534,Xanthogramma pedissequum,0
TR0534,Xanthogramma stackelbergi,0
TR0534,Xylota abiens,0
TR0534,Xylota jakutorum,0
TR0534,Xylota segnis,0
TR0534,Xylota sylvarum,0
TR3149,Anasimyia contracta,0
TR3149,Anasimyia lineata,0
TR3149,Anasimyia transfuga,0
TR3149,Andrena alfkenella,0
TR3149,Andrena angustior,0
TR3149,Andrena bicolor,5
TR3149,Andrena bucephala,0
TR3149,Andrena chrysosceles,0
TR3149,Andrena cineraria,0
TR3149,Andrena coitana,0
TR3149,Andrena denticulata,0
TR3149,Andrena dorsata,7
TR3149,Andrena flavipes,18
TR3149,Andrena fucata,0
TR3149,Andrena fulva,0
TR3149,Andrena haemorrhoa,0
TR3149,Andrena helvola,0
TR3149,Andrena humilis,16
TR3149,Andrena lapponica,0
TR3149,Andrena minutula,1
TR3149,Andrena nigriceps,0
TR3149,Andrena nigroaenea,2
TR3149,Andrena nitida,0
TR3149,Andrena scotica,1
TR3149,Andrena semilaevis,0
TR3149,Andrena subopaca,0
TR3149,Andrena synadelpha,0
TR3149,Andrena tarsata,0
TR3149,Andrena thoracica,0
TR3149,Andrena trimmerana,0
TR3149,Andrena wilkella,0
TR3149,Anthidium manicatum,0
TR3149,Anthophora furcata,0
TR3149,Anthophora plumipes,0
TR3149,Apis mellifera,8
TR3149,Arctophila superbiens,0
TR3149,Bombus barbutellus,0
TR3149,Bombus bohemicus,0
TR3149,Bombus campestris,0
TR3149,Bombus hortorum,0
TR3149,Bombus humilis,0
TR3149,Bombus hypnorum,0
TR3149,Bombus jonellus,0
TR3149,Bombus lapidarius,3
TR3149,Bombus lucorum,1
TR3149,Bombus monticola,0
TR3149,Bombus muscorum,0
TR3149,Bombus pascuorum,3
TR3149,Bombus pratorum,0
TR3149,Bombus ruderarius,0
TR3149,Bombus ruderatus,0
TR3149,Bombus rupestris,0
TR3149,Bombus soroeensis,0
TR3149,Bombus sylvestris,0
TR3149,Bombus terrestris,2
TR3149,Bombus vestalis,2
TR3149,Chalcosyrphus nemorum,0
TR3149,Cheilosia albitarsis,1
TR3149,Cheilosia bergenstammi,0
TR3149,Cheilosia fraterna,0
TR3149,Cheilosia illustrata,0
TR3149,Cheilosia lasiopa,0
TR3149,Cheilosia latifrons,0
TR3149,Cheilosia pagana,0
TR3149,Cheilosia proxima,0
TR3149,Cheilosia soror,0
TR3149,Cheilosia vernalis,0
TR3149,Chelostoma campanularum,0
TR3149,Chrysogaster cemiteriorum,0
TR3149,Chrysogaster virescens,0
TR3149,Chrysotoxum arcuatum,0
TR3149,Chrysotoxum bicinctum,0
TR3149,Chrysotoxum festivum,0
TR3149,Chrysotoxum verralli,0
TR3149,Coelioxys elongata,0
TR3149,Coelioxys inermis,0
TR3149,Colletes similis,0
TR3149,Colletes succinctus,0
TR3149,Dasypoda hirtipes,0
TR3149,Dasysyrphus albostriatus,0
TR3149,Dasysyrphus neovenustus,0
TR3149,Dasysyrphus tricinctus,0
TR3149,Dasysyrphus venustus,0
TR3149,Epistrophe grossulariae,0
TR3149,Episyrphus balteatus,5
TR3149,Eristalinus aeneus,0
TR3149,Eristalinus sepulchralis,0
TR3149,Eristalis abusiva,0
TR3149,Eristalis abusivus,0
TR3149,Eristalis arbustorum,0
TR3149,Eristalis horticola,0
TR3149,Eristalis intricaria,0
TR3149,Eristalis intricarius,0
TR3149,Eristalis nemorum,0
TR3149,Eristalis pertinax,0
TR3149,Eristalis rupium,0
TR3149,Eristalis tenax,0
TR3149,Eucera longicornis,0
TR3149,Eumerus funeralis,0
TR3149,Eumerus ornatus,0
TR3149,Eumerus strigatus,0
TR3149,Eupeodes corollae,1
TR3149,Eupeodes latifasciatus,0
TR3149,Eupeodes luniger,0
TR3149,Ferdinandea cuprea,0
TR3149,Halictus confusus,0
TR3149,Halictus eurygnathus,0
TR3149,Halictus rubicundus,0
TR3149,Halictus tumulorum,6
TR3149,Helophilus hybridus,0
TR3149,Helophilus pendulus,0
TR3149,Helophilus trivittatus,0
TR3149,Hylaeus brevicornis,0
TR3149,Hylaeus communis,0
TR3149,Hylaeus confusus,1
TR3149,Hylaeus dilatatus,0
TR3149,Hylaeus hyalinatus,0
TR3149,Hylaeus pectoralis,0
TR3149,Lasioglossum albipes,0
TR3149,Lasioglossum calceatum,5
TR3149,Lasioglossum cupromicans,0
TR3149,Lasioglossum fratellum,0
TR3149,Lasioglossum fulvicorne,0
TR3149,Lasioglossum laevigatum,0
TR3149,Lasioglossum lativentre,2
TR3149,Lasioglossum leucopus,2
TR3149,Lasioglossum leucozonium,0
TR3149,Lasioglossum malachurum,22
TR3149,Lasioglossum minutissimum,1
TR3149,Lasioglossum morio,1
TR3149,Lasioglossum parvulum,0
TR3149,Lasioglossum pauperatum,1
TR3149,Lasioglossum pauxillum,13
TR3149,Lasioglossum punctatissimum,0
TR3149,Lasioglossum puncticolle,0
TR3149,Lasioglossum quadrinotatum,0
TR3149,Lasioglossum rufitarse,0
TR3149,Lasioglossum smeathmanellum,0
TR3149,Lasioglossum villosulum,1
TR3149,Lasioglossum xanthopus,3
TR3149,Lasioglossum zonulum,0
TR3149,Lejogaster metallina,0
TR3149,Leucozona glaucia,0
TR3149,Leucozona laternaria,0
TR3149,Macropis europaea,0
TR3149,Megachile centuncularis,0
TR3149,Megachile ligniseca,0
TR3149,Megachile versicolor,0
TR3149,Megachile willughbiella,0
TR3149,Melangyna cincta,0
TR3149,Melangyna labiatarum,0
TR3149,Melangyna lasiophthalma,0
TR3149,Melangyna umbellatarum,0
TR3149,Melanogaster aerosa,0
TR3149,Melanogaster hirtella,0
TR3149,Melanostoma form,0
TR3149,Melanostoma mellinum,0
TR3149,Melanostoma scalare,0
TR3149,Meliscaeva auricollis,0
TR3149,Meliscaeva cinctella,0
TR3149,Melitta leporina,0
TR3149,Merodon equestris,1
TR3149,Myathropa florea,1
TR3149,Neoascia geniculata,0
TR3149,Neoascia meticulosa,0
TR3149,Neoascia podagrica,0
TR3149,Neoascia tenur,0
TR3149,Nomada fabriciana,0
TR3149,Nomada flava,0
TR3149,Nomada flavoguttata,0
TR3149,Nomada flavopicta,0
TR3149,Nomada fucata,0
TR3149,Nomada goodeniana,0
TR3149,Nomada lathburiana,0
TR3149,Nomada marshamella,0
TR3149,Nomada obtusifrons,0
TR3149,Nomada panzeri,0
TR3149,Nomada ruficornis,1
TR3149,Nomada striata,0
TR3149,Orthonevra nobilis,0
TR3149,Osmia bicolor,0
TR3149,Osmia bicornis,1
TR3149,Osmia caerulescens,0
TR3149,Osmia leaiana,0
TR3149,Osmia spinulosa,0
TR3149,Panurgus banksianus,0
TR3149,Panurgus calcaratus,0
TR3149,Parasyrphus punctulatus,0
TR3149,Parhelophilus frutetorum,0
TR3149,Parhelophilus versicolor,0
TR3149,Pipiza bimaculata,0
TR3149,Pipizella viduata,0
TR3149,Platycheirus albimanus,0
TR3149,Platycheirus clypeatus,0
TR3149,Platycheirus granditarsus,0
TR3149,Platycheirus manicatus,0
TR3149,Platycheirus nielseni,0
TR3149,Platycheirus peltatus,0
TR3149,Platycheirus ramsarensis,0
TR3149,Platycheirus rosarum,0
TR3149,Platycheirus scutatus,0
TR3149,Platycheirus tarsalis,0
TR3149,Rhingia campestris,0
TR3149,Rhingia rostrata,0
TR3149,Riponnensia splendens,0
TR3149,Scaeva pyrastri,0
TR3149,Scaeva selenitica,0
TR3149,Sericomyia lappona,0
TR3149,Sericomyia silentis,0
TR3149,Sericomyia superbiens,0
TR3149,Sphaerophoria fatarum,0
TR3149,Sphaerophoria interrupta,0
TR3149,Sphaerophoria philanthus,0
TR3149,Sphaerophoria rueppellii,0
TR3149,Sphaerophoria scripta,1
TR3149,Sphaerophoria taeniata,0
TR3149,Sphecodes crassus,0
TR3149,Sphecodes ephippius,0
TR3149,Sphecodes ferruginatus,0
TR3149,Sphecodes geoffrellus,0
TR3149,Sphecodes monilicornis,0
TR3149,Sphecodes niger,0
TR3149,Sphegina clunipes,0
TR3149,Syritta pipiens,0
TR3149,Syrphus rectus,1
TR3149,Syrphus ribesii,6
TR3149,Syrphus torvus,0
TR3149,Syrphus vitripennis,1
TR3149,Tropidia scita,0
TR3149,Volucella bombylans,0
TR3149,Volucella inanis,0
TR3149,Volucella inflata,0
TR3149,Volucella pellucens,0
TR3149,Xanthogramma pedissequum,0
TR3149,Xanthogramma stackelbergi,0
TR3149,Xylota abiens,0
TR3149,Xylota jakutorum,0
TR3149,Xylota segnis,0
TR3149,Xylota sylvarum,0
